drug_id,cosmic_id,y_true,y_pred
1559,687819,2.658543,-1.2762603
1632,910900,3.929274,4.1527863
1847,906805,4.281851,5.4814014
2010,905942,5.312525,3.7831066
1549,722046,2.482458,3.753544
1561,753600,1.793373,2.6377678
1441,722046,-0.098512,2.1588778
1048,722045,4.772841,5.122426
1085,910399,2.979906,2.8674378
1813,1240185,3.343172,4.9721384
1031,906791,-5.138041,-2.2085814
1557,908475,4.174198,4.826862
1131,1240190,6.418116,4.6089907
1627,687800,4.358552,3.9607158
1843,924244,-0.121479,0.14404498
2169,753604,1.673498,4.7261877
1582,687800,5.559006,4.8111715
2055,910900,1.941554,2.3923278
1583,908460,4.424411,2.920331
1190,687777,0.144707,2.188533
1054,687816,4.657901,4.3886323
1199,1298350,4.313292,3.779466
1085,687821,3.609852,3.5472388
1511,908463,0.743991,0.057938695
1799,908475,5.075234,4.437484
1626,724834,3.268199,2.6514223
1825,908473,0.948185,-0.24047111
1615,687812,4.509321,5.196998
1239,905942,0.935576,2.2619061
1051,724878,3.447411,2.6093292
2048,687816,0.255178,-2.0905294
1079,724859,3.153303,1.1623535
1814,1240146,7.254421,6.1623745
2159,1298350,3.73235,3.9251046
2172,908463,5.639113,2.9390116
2044,724878,3.327317,4.1087546
2044,1290908,2.889201,4.0295315
1512,908465,5.24645,5.2564764
1011,908463,3.467818,2.4967961
1582,687802,6.306577,4.280409
1563,687812,6.439761,5.717879
1811,1290908,-3.763693,-3.260314
1512,687819,5.807002,5.402334
1910,687821,3.1323,3.0635297
1581,1298537,0.757946,3.2117984
1808,908459,2.892586,1.6133193
1583,1240187,1.732795,2.7983832
1925,724874,7.091199,5.4284973
1917,724866,2.518551,2.2580261
1919,1298537,1.415262,2.4232955
2046,905972,4.796622,3.544001
1200,724866,4.345454,3.9792826
1046,753600,5.900706,2.438639
1054,908474,2.802008,3.7856717
1200,724874,5.310371,4.1442437
1706,687812,2.272575,1.7712721
1032,722066,2.392672,2.102685
2048,724859,-4.315537,-2.5456862
1630,924244,2.050777,3.6821518
1373,753600,5.688328,4.5994415
1083,1240187,1.503841,3.0180044
2177,910931,2.27549,2.090323
2158,687800,6.78907,4.6233215
2044,910900,2.372472,4.165292
1085,1240187,2.857178,2.9368904
2171,724874,2.941934,3.0300267
1559,910399,-3.047383,-1.6997691
2173,724866,6.315961,4.379442
1239,724866,2.839626,2.900743
1005,753608,3.587745,3.8653288
1018,687807,6.815373,5.999916
1378,724834,5.273559,3.3267899
1069,724868,3.825073,3.566184
1024,905942,0.254041,-0.3025852
1910,724834,2.942943,2.330559
1918,687777,6.376676,3.473637
2043,906791,5.494557,4.9418592
1620,687821,8.027264,6.181576
2011,908463,5.792565,4.55258
1594,722045,2.776224,2.9579897
2055,908475,3.675587,2.0815215
1782,687802,6.280341,5.2806444
1237,908459,5.339942,5.530308
1911,1240146,-4.741989,-3.3744879
1022,910399,-0.478547,0.37214467
1060,1298347,2.615692,1.5046521
1003,753600,-0.082433,-1.6956676
1179,908473,2.176048,0.673271
1997,687807,5.03515,4.117655
1057,724859,-1.814019,-1.4985336
1050,1298347,5.06249,3.1585956
1806,908465,6.668063,4.388466
2170,905944,3.521546,3.8307245
1617,906805,4.993608,3.183459
1033,687800,5.90609,5.465244
2159,724859,3.038614,3.9955645
1813,722046,-1.49299,5.020645
1441,687777,0.636743,2.7465374
1815,905972,7.203661,6.0249524
1924,687820,6.001723,4.226445
1634,687777,4.259706,4.9162493
1084,908460,0.269455,-1.6091027
1019,906791,4.457017,3.012158
1043,905970,5.729372,6.2004633
2047,1298350,3.433726,2.807432
1084,1298347,-1.855278,-1.4242724
1915,905942,3.234628,2.466157
1239,910399,1.215756,2.5337467
1553,910399,2.33748,3.190115
1088,724868,1.99499,2.2212427
2154,908460,4.198086,2.920331
2173,908475,4.881831,4.2423606
1909,908473,2.381353,2.6244664
2109,908463,3.886591,2.9807649
1563,905944,5.624459,5.5865135
1054,905970,5.474155,4.596018
2040,722066,1.411775,1.5000724
1581,905970,5.088757,3.323081
1494,724834,-5.183476,-3.0860093
1088,905972,2.679718,2.5151846
1023,1240185,3.500072,3.4976585
1080,910931,-5.497767,-2.9915304
1072,1240190,5.419644,5.0761247
1096,753608,2.299402,3.005141
1020,1298348,5.562668,5.3140235
1799,1290908,6.076874,4.501751
1835,905942,5.106759,3.7996461
2106,724866,4.000966,3.4102745
1803,687800,6.508566,4.534402
1060,722058,-0.082085,1.7755736
1131,687816,5.601495,5.037669
1372,687798,-0.234914,0.395298
1933,687807,5.417374,5.0399556
1068,687798,1.014069,1.0317447
1817,753600,-4.340701,-4.358622
1378,908472,5.530726,3.6533074
2047,905944,0.837093,2.9865122
1632,687812,4.316929,3.7870579
1079,924244,-0.143777,0.9937141
1088,924244,3.674014,2.3059573
1168,905970,1.725803,3.234513
1023,906791,4.234802,3.36042
1062,722058,2.701946,3.7688622
1012,905944,3.763028,1.7713856
1008,1298347,1.486668,0.9412181
1613,906791,5.299555,3.2088325
1812,724878,4.118651,3.6222832
1010,906791,3.264544,2.9724298
1268,724878,5.699873,4.555261
1191,908460,-0.744065,-4.4438214
1034,687800,-2.462609,-2.363473
1799,687798,-1.261576,4.5282845
1089,722058,3.378793,4.85577
1079,1240187,1.704099,1.1368448
2439,1240187,8.701439,9.089148
2048,910931,-4.545752,-2.9994388
1932,1298350,4.714535,2.9299436
1510,905949,3.200428,3.9570384
1032,724868,1.729079,1.7813786
1564,722058,-0.231885,2.6721044
2040,1240145,0.359807,1.015626
1925,724878,6.945162,5.4498177
1845,1298347,2.765113,2.8093061
1928,724868,4.118446,4.5311723
1373,687820,6.762222,4.5464287
1049,687800,5.29713,4.0153074
2170,724868,4.557484,3.7344074
1268,905942,4.776022,4.0903974
1932,908460,5.288391,3.0647368
1626,753608,3.147187,2.9987013
2158,687819,4.359841,4.1726694
1560,724834,4.208353,3.572472
1038,722058,1.840639,3.2539759
1089,1290908,4.032054,5.10098
1925,910931,5.091304,5.03794
1778,910900,4.327984,3.4868848
1625,753604,5.513304,5.6730013
1014,910900,2.796646,2.819369
1578,753592,5.620918,5.1312556
1050,905942,3.725901,2.5429661
1054,687820,5.8573,4.204031
1624,724874,3.621128,3.9129713
1918,687799,1.377403,3.0741377
1932,753592,1.913992,2.7241862
1084,906791,0.203448,-1.8753182
1131,906805,5.620124,5.235467
1852,908473,6.65817,5.111996
1926,910900,1.551739,0.9975921
1512,908459,5.994086,5.9412065
2148,1298350,1.285678,1.4731549
1849,905944,-0.428973,0.028487163
2011,908473,6.379415,4.1530204
1250,724859,1.924504,2.9875345
1043,1240145,5.248416,5.4718065
1248,724868,-3.959071,-3.2930217
2148,1298347,-0.106207,1.5509712
1051,908475,1.686756,2.2918477
1239,1240190,1.389692,2.8062804
2043,687819,5.918368,4.8967123
1910,1290908,2.195536,2.5809608
1778,1240145,1.905432,2.840951
1913,687812,5.946307,5.2831697
1910,753604,2.191965,2.8875892
1812,687821,5.810517,4.0303497
1803,1240146,7.574307,4.3628354
1912,687799,0.052004,3.044362
1593,906791,3.170525,2.3794632
2039,1240145,2.505,3.2127335
1494,908463,0.814859,-2.7049384
1512,687799,5.647668,5.595058
2044,687798,3.429285,4.1941986
1930,687802,0.819645,0.46121106
2011,724834,3.687432,4.184665
2038,910900,4.845565,4.8593388
1199,753608,4.925034,4.0162864
1919,908472,3.1689,2.2525856
1057,687820,-0.302709,-1.5206264
1036,910399,4.320963,4.5786943
1613,722045,2.367861,3.6406345
1378,687800,4.307607,3.8003733
1786,724874,5.708967,3.2345457
1401,753608,3.038866,2.9970775
1084,908475,-0.488688,-1.7599049
1928,905942,4.995761,4.423951
1060,724873,-0.384538,1.5192528
2055,1240190,3.549636,2.1927295
1930,724873,0.153789,0.5561995
2046,687816,4.548821,3.9372232
1372,908460,2.113897,0.20991983
1804,1240185,7.053814,4.3894544
1557,906805,6.026749,5.2949033
1922,910931,2.092679,2.3189385
2055,687800,3.912802,2.526033
2107,722045,4.685927,5.319341
1050,687794,1.29899,2.9291053
1831,724859,4.681047,4.059758
1908,687800,4.27094,3.020341
1919,687777,0.105057,2.3949125
1625,1240185,4.59467,5.151145
1023,908474,3.620161,3.6843445
1782,724834,5.890991,5.514386
1613,724866,4.104556,3.6199112
1996,724866,4.968061,4.2522993
1006,687812,4.261479,2.3341067
1581,753608,3.936962,2.8847919
1005,908474,4.965323,3.285139
1026,1240146,1.482055,0.37068897
1199,687821,4.751748,4.391077
1812,753592,-0.060779,3.0556765
1808,1240185,-1.053763,0.890772
2040,722058,0.961548,1.4720074
1011,687816,4.176281,2.6596375
1819,908463,-0.738183,-2.7240577
1053,724866,3.638011,2.8495438
1088,1240190,2.126055,2.597517
1996,908465,5.196298,3.7653496
2169,905970,3.924221,4.895248
1372,905944,2.28866,0.3806499
1626,722045,2.570611,2.95574
1627,724866,2.267937,3.849078
2359,687812,6.198938,5.5380707
1199,905970,6.839775,4.2873254
1042,924244,5.975478,5.2516003
1630,1298350,3.383891,3.7067862
1057,722066,-0.538253,-1.4775255
1624,1298350,5.382087,3.6871374
1557,722045,5.295945,4.968191
1782,906805,5.436516,6.193723
1799,910399,4.62201,4.399932
2107,753600,5.77143,5.4224787
1507,908463,6.459128,5.362303
1449,908459,4.974018,5.8741074
1373,687800,6.937526,4.5538874
1582,687798,5.07234,4.8095045
2154,1240185,3.741387,2.690319
1375,724873,6.875673,6.817237
1939,724859,2.276102,3.393241
1613,908460,6.87885,3.6006866
2044,687819,4.89891,3.7170954
1559,724874,-0.74337,-1.1707923
1778,687798,4.313471,3.4385848
1047,1240185,3.056294,4.4777164
1014,687799,1.509558,2.2075808
1058,1240187,-0.23115,1.108942
2107,687798,4.8048,5.30619
1855,1290908,3.059435,5.3471127
1786,906805,4.435601,3.5076852
1582,1240187,4.083609,4.553446
1806,724868,3.957538,4.6364226
2039,908472,4.659442,3.5170503
1237,1240145,5.329522,5.0526447
2046,753604,2.796936,3.9334779
2011,908472,5.787385,4.3822393
2154,1298537,3.065562,3.1653752
1582,1290908,4.018778,4.656315
2057,687821,6.022072,5.3603992
1852,687800,6.861417,5.430327
1581,1240187,3.39744,2.7261848
2156,908459,4.463658,3.7362864
1237,722045,5.70569,5.3764043
2111,1298348,4.449402,4.259733
1862,908472,0.152953,-0.821783
1043,906805,6.2822,6.197221
1819,908459,-2.006059,-2.3018236
1631,905972,4.727382,3.7798204
1625,905970,5.967222,5.841571
1802,1298537,3.990774,4.3936415
2359,724868,5.22611,5.4262505
1031,910931,-3.458466,-2.1432002
1401,724866,4.717347,2.9471922
1624,905942,4.812062,3.2325501
1512,1240185,5.865642,5.4868784
2170,1290908,6.022931,3.9927912
1007,910900,-5.236064,-2.681985
1060,1240187,1.531904,1.5262421
1779,724866,1.965957,1.390129
1939,905942,1.909866,2.9860442
2046,687812,3.315941,3.3578238
2111,906791,4.19883,4.0842786
1615,722046,3.923114,5.2103906
2106,687802,4.446645,2.9916005
1067,687819,5.494855,5.0110545
1847,1240146,6.725623,4.8125606
2046,908460,6.367402,3.6067078
1936,1298537,2.262101,3.1570747
1799,1240185,4.474595,4.2887535
1373,906791,4.42524,4.08558
1441,753592,0.78749,2.218024
1048,1240185,4.146234,4.8288007
1051,908465,2.494715,1.8276864
1190,724866,0.64634,1.1193235
1053,1290908,2.311985,2.7663102
1079,905970,2.920186,1.5645527
2439,724834,10.492178,8.991844
1811,687800,-0.320646,-2.6780553
1626,687794,0.639432,2.761767
1630,687821,6.545632,4.2942386
1613,1240145,4.093411,3.0645685
1816,724859,4.220742,3.998996
1786,753608,3.270811,3.1304655
1089,687794,2.854633,4.942559
1007,1240187,-4.943944,-2.9191844
1827,687777,-1.381789,0.92869145
1034,687798,-2.172584,-2.2228913
1819,908473,-2.09637,-3.4393349
1032,724834,2.961433,1.7784477
2109,753608,2.563543,2.875523
2037,1290908,4.291199,3.829655
1631,905970,5.903909,4.487734
1088,908460,4.84769,2.6816971
1068,908473,1.796037,0.36831695
1778,724878,5.419225,3.447801
2011,687820,7.351741,4.5759773
1564,1290908,2.677564,2.6372
1024,687819,1.673647,0.28656524
1576,1298537,2.108085,3.1392741
1936,908463,3.786514,3.0258036
1062,908460,4.92989,3.809619
1190,1240146,2.490013,0.65565574
1621,753604,5.535929,5.1760697
1061,908473,5.972145,3.880427
1060,722066,1.565663,1.7478675
1564,924244,2.398584,2.5381112
1564,753604,0.537072,2.8615491
2047,1240187,3.951711,2.8612003
1626,687802,5.11063,2.3350945
1811,908473,-2.45871,-3.5831208
1706,905944,1.272224,1.4852611
1512,1290908,5.349086,5.732593
1925,908465,6.302751,4.86768
1057,753600,-0.150265,-1.2729975
1913,722058,4.373601,5.2755003
2037,908465,5.752047,3.3512433
1845,906805,4.435601,3.1286216
1918,724859,6.429372,3.2963018
1010,1290908,4.021238,3.2350025
1088,687794,1.673244,2.5691333
1924,722046,1.14446,3.884284
1627,724859,3.876476,3.8539546
1549,1240190,6.232155,3.8453794
1052,724866,4.069894,4.2770076
1806,1240187,5.69281,5.0192585
2169,722058,3.120182,4.3120136
2011,1240185,3.92525,4.171505
1778,687800,4.822753,3.4128509
1808,1240145,1.040205,0.4589327
1936,687802,2.926456,2.7155628
1620,908475,5.72475,5.713484
1073,1240185,3.588734,4.6103597
1054,687802,4.262304,3.4917805
1054,724834,4.368856,3.784339
1017,908475,5.084286,4.822649
1779,1298537,1.053164,1.7148381
1021,687816,3.907898,4.166069
1909,687802,1.617261,2.4139671
2172,908459,1.653657,3.168385
1811,722066,-2.970106,-3.1295924
1073,724859,5.8463,4.9993315
2044,724866,3.098357,4.0326343
1996,1298537,3.318995,4.4598155
1936,687820,3.794921,3.006774
1811,908459,-2.670981,-2.4708564
2173,722045,5.135943,4.4070234
1593,908460,4.160283,2.748551
1006,905949,-1.228995,2.9676352
1594,687799,0.208744,2.672731
1835,908459,2.668091,4.6426506
1023,724866,4.405527,3.6883173
1019,753592,2.685699,2.9317443
1919,724834,3.411423,2.0212367
1024,724866,-0.201729,0.3702335
1239,908465,2.169373,2.2541995
1559,722058,-3.077003,-1.2284921
1911,687816,-3.820529,-2.6834555
1620,905970,7.156068,6.121314
1819,1240185,-3.960153,-3.2761927
1129,722045,3.192454,3.8936641
1250,753604,-0.010855,3.365758
1053,753600,2.679785,3.0420775
2148,724878,1.608973,1.6585778
1017,1298347,3.704982,5.0346794
1239,687798,3.328092,3.1860538
1175,1290908,5.151306,4.286614
1200,753592,2.449883,3.6489677
2106,924244,1.156457,3.1658797
1036,724873,2.661967,4.6588783
1043,910900,5.531322,5.966228
1529,905944,2.488515,1.2891537
1802,910900,3.926243,4.366519
2148,905942,0.970407,1.0430938
1786,1298347,2.218468,3.1195455
1043,753608,5.601539,5.8810897
1563,1298537,4.279853,6.122906
1043,753592,5.406381,5.4526095
1375,687816,7.64027,7.319613
1553,908459,2.389927,3.7094193
1909,1298348,2.747248,2.7236934
1811,1298348,-0.84301,-3.1397958
1917,724874,2.981757,2.3866754
2038,753600,5.20428,4.940782
1069,687800,4.133468,3.8058996
1631,908465,3.015516,3.133088
1561,908475,1.730315,2.3363912
1594,724859,3.514348,2.90021
1072,724859,6.504226,5.1607428
1068,1240190,1.646031,0.6076825
1931,908472,5.885951,6.0603914
2096,687816,3.713064,3.3156724
1020,1240145,4.737685,5.170743
1819,687802,2.742465,-3.5500867
1085,910931,2.253086,2.774763
1372,905970,-0.700379,0.52117175
1023,905944,3.745665,3.6864686
2037,905944,5.615726,3.534556
1830,722066,3.076776,3.0597737
1862,687821,0.271827,-0.7885559
1378,906805,5.672734,4.022711
1561,906805,1.193409,2.8251705
1168,724834,4.345665,2.6443167
2175,910931,2.715629,4.564664
2106,687819,3.082759,3.1165566
1085,905944,3.590051,2.8479862
1080,724868,-4.83372,-3.1085577
1622,908473,5.30184,4.184086
1033,687821,6.788536,5.7765775
1630,908463,2.640324,3.9869
1080,753600,-0.998775,-2.368443
1006,1240145,1.271559,1.7747401
1494,906791,-4.406883,-3.130753
1072,753592,4.976915,4.844092
1067,753608,5.419422,5.4366903
1180,910931,-3.704599,-2.4275007
1085,687794,1.651107,2.874315
1037,910399,1.832039,3.2038016
1050,724878,5.774611,3.207562
1043,722058,4.888149,5.6366153
1034,722066,-2.587145,-2.598804
1023,722045,3.455463,3.7449286
1017,687819,4.269072,4.6626973
1862,687820,-0.864187,-1.1384226
1023,687802,3.229298,3.4766874
1936,1298347,2.41022,2.8921876
1089,753604,2.139766,5.5122657
1259,687798,-0.138125,3.8671558
1908,908463,3.779355,3.0439065
2171,908465,0.919128,1.9607004
1250,1298537,2.520301,3.5664124
1030,1240185,5.552212,4.8733544
1812,908473,3.473203,3.2919288
1632,908460,3.84825,4.0084395
1512,1298348,6.819608,5.4985075
2107,905942,4.756228,4.9320817
1441,1240146,3.10123,2.2257857
1012,1298348,3.597141,1.9632088
1812,1240187,3.83227,3.47827
1052,687812,4.551603,3.97604
2170,905970,2.171005,4.356175
1053,905944,4.570179,2.6573648
1016,687798,0.863785,1.8207368
1908,1240187,2.546208,2.8612003
1084,908465,-1.100344,-1.9972519
1849,724866,0.204161,0.40509957
2158,753592,3.740343,4.063204
1449,1240185,5.801128,5.424389
1912,722066,3.877549,3.2241054
2499,753600,11.196152,10.883616
1011,722046,2.425547,2.1241353
1073,687799,4.12162,4.841321
1268,753592,4.299891,4.1581388
2047,1240185,3.313084,2.7767787
1373,687816,5.53795,4.7324753
1089,687799,3.746632,4.996971
1563,905942,5.30811,5.5638514
1259,1290908,0.547183,3.3910117
1511,722045,0.312117,-0.1258523
1720,687798,-0.61135,4.7565136
1583,908463,3.869734,3.0282688
1175,687799,4.171614,4.1153445
1511,908473,-0.781599,-0.53077465
1008,687820,0.48454,0.8169498
2043,906805,5.810333,5.6033406
1510,753604,1.336496,3.7869458
1925,1298350,5.328195,5.0769773
1079,687802,0.408942,1.0670434
1563,1298348,6.830432,5.679265
1819,1298348,1.743898,-2.9832778
1578,1298348,6.412217,5.224289
1073,724873,4.501158,4.6509247
1036,908459,5.37448,5.082947
1512,910399,5.08581,5.511135
1913,687799,4.916137,5.3806896
2498,905944,7.167318,8.627025
1049,1298537,4.35189,4.1313086
1061,908474,4.742556,4.1183233
1930,1240146,2.288013,0.75085545
1630,722046,2.813788,3.6727781
1449,1240187,5.910768,5.508576
1177,905944,3.600136,4.053252
1810,724878,0.067572,1.3588954
1915,924244,3.137394,2.623486
1997,724859,2.926064,3.9981203
1909,905944,2.901927,2.4962182
1782,1240185,5.615894,5.4910107
1810,687800,1.133839,1.8765587
1007,905942,-3.731635,-3.8002248
1057,905949,-3.734494,-1.3852048
2055,1290908,2.797534,2.2008762
1560,687812,5.518666,3.6028132
1067,687816,5.463286,5.6782494
1635,724878,6.666946,5.805375
1909,687798,1.755712,3.140549
2499,1240146,10.731156,10.595613
2109,753600,2.002366,3.110931
1915,687802,2.063701,2.5746188
1200,724834,4.244112,3.7566462
1813,908463,7.657601,5.4087796
1088,724878,2.971727,2.6816952
2438,908472,11.083404,11.679597
1847,722046,-0.697602,4.75634
1057,724878,0.199693,-1.3785316
1069,908474,2.273382,3.7660756
2045,1290908,3.888477,5.170556
2107,687821,4.980766,5.6602926
1008,1240185,0.432802,0.609133
1582,1298350,3.627844,4.562191
1012,908463,5.385995,2.246639
1175,687812,3.716103,4.079672
1006,908463,5.720757,2.8888988
1372,724873,-1.943845,0.09387
1022,687821,2.13983,1.1754243
1926,753604,-1.5816,0.87282044
1004,1240185,-3.001271,-3.3069835
2048,687799,-4.093568,-2.7672837
1582,687816,6.026016,4.960679
1936,687798,1.476692,3.017292
1941,687819,-5.819026,-3.4776826
1862,687799,-0.524498,-1.1982708
1019,687802,3.638287,2.9105744
2170,1240187,4.096498,3.8633046
1046,1240146,2.798006,2.020504
1080,905944,-3.398682,-3.118256
1812,687816,1.797492,3.8584452
1928,1240187,6.287657,4.7354755
1023,1298347,2.931745,3.5677524
1033,908472,5.301572,5.306539
1042,908474,2.844689,5.291117
2043,1240146,5.167939,5.081442
1563,1298350,5.854943,5.7483006
1022,908459,0.408533,1.1406684
1022,1240146,-0.258069,0.52768505
1578,908459,5.857672,5.663085
1560,906805,2.88659,4.136866
2498,908472,8.233794,8.861744
1581,910900,2.210747,2.9600306
1776,724868,4.012356,4.445183
1089,906791,5.786824,4.684338
1058,724866,1.377105,1.211537
1058,906805,0.036613,1.3881849
1507,905970,4.920973,5.6445847
1168,1298347,3.074526,2.8405867
1032,908459,2.124712,2.251854
1918,722058,2.290375,3.2243438
1011,1298348,4.372576,2.1987095
1631,722046,1.875803,3.5376909
2499,1298350,10.131226,10.621068
1069,908472,2.856336,3.7036233
1180,905949,-3.645704,-1.9597117
1011,724834,2.301889,2.1327407
2157,687807,6.866277,5.1437206
1005,724873,3.519833,3.3096676
1026,908474,-3.000414,0.43979335
1061,906805,5.966564,4.5275197
1809,753608,0.572985,1.7269787
1927,722046,3.757218,5.142293
1079,908475,-1.932836,1.2202169
1996,1298348,3.296279,4.0122423
1634,908460,7.13885,4.5849943
1625,722046,4.047798,5.178677
2107,1240185,6.043545,5.036407
1854,910399,2.62961,4.7910995
2359,905972,6.407343,5.7724066
1072,724866,5.857416,5.133132
1259,908472,4.213532,3.652851
1083,1298347,3.522454,3.2064614
1192,910931,2.445099,2.7399821
1079,908460,3.753639,1.1731726
1853,1240145,5.181102,3.772739
1401,908475,3.088642,2.7184844
1529,905942,-0.917865,1.1207592
1050,908472,4.496721,3.181171
1175,724868,3.307221,4.0115705
1931,908463,7.394464,6.16453
1779,908473,1.648908,0.980265
1017,753604,3.272487,5.290022
1032,687794,2.94428,1.8798103
1939,687807,4.21919,3.4998605
1494,753608,-2.859518,-2.8908212
1131,908459,3.093223,5.1403728
1931,687800,7.0741,6.218118
1622,1240145,3.663134,4.164145
2170,687820,7.122405,4.132453
1011,1240146,3.322854,2.1917331
1598,687807,6.963756,4.5361347
1259,908459,4.873423,3.9468734
1463,908460,6.147522,3.9877367
1583,910900,1.956443,3.119435
1007,1240145,-5.483417,-3.8031526
2359,687799,5.783782,5.644039
1372,1290908,0.79674,0.046018958
1009,722058,4.90613,5.164276
1372,687820,0.231131,0.14664781
2170,687819,3.761603,3.6812165
1581,1298348,3.416228,2.6462212
1080,1240145,-4.28159,-3.4511168
1511,908474,-1.770939,-0.5500646
1843,905944,0.468007,-0.0852804
1576,722066,2.341297,2.9877563
1917,687812,3.524121,2.0332088
1248,722045,-4.345892,-3.057215
2011,687816,6.15402,4.7299786
2171,908463,5.270829,3.0475488
1199,724874,6.911684,4.1376314
1050,906791,0.858493,2.7225237
1025,753608,6.350465,5.6087284
1069,722066,3.581947,3.8414354
1373,1240190,4.449157,4.3310976
1059,724873,1.253174,0.0034614373
1023,687821,4.402695,4.0848293
1549,687816,4.250737,4.3360596
1922,908465,2.246711,2.1486397
1014,908474,3.344596,2.4653525
1809,724866,1.910471,1.7868947
1012,687812,2.952813,1.9069395
1061,687794,4.731026,3.9529614
1910,687812,2.270767,2.363687
1018,1240146,6.239001,5.693986
2172,1290908,2.826529,2.7352784
1039,910931,5.059521,4.679961
1804,1298537,3.758048,4.6416802
1620,1298347,4.929723,5.748575
1047,1298347,4.959895,4.8214006
1849,908475,3.130321,0.14790186
1598,908465,6.169423,3.9748585
2175,906791,6.076816,4.508687
1057,687799,-2.670737,-1.6307267
2011,687799,2.952707,4.2971864
1003,724868,-3.232333,-2.3523374
1564,722066,2.446543,2.7731571
1131,905970,7.218414,5.3191686
1043,1298537,5.519744,6.0640197
1614,687812,5.531097,4.3217793
1026,687807,1.963794,0.6109972
1168,724868,2.419636,2.6275163
1200,687820,5.088153,4.126736
2173,724878,5.01954,4.5037155
1782,908475,5.778548,5.5948224
2171,908459,1.15873,3.332182
1019,687819,2.553826,3.0780501
1085,905972,3.144574,3.0873308
1827,908473,-0.519441,0.44975343
1917,906791,2.873712,1.9096519
2046,910931,1.966932,3.2627597
1614,908459,4.644949,4.820256
1048,924244,5.298795,4.8679867
1129,905970,4.914701,4.2364063
1557,724878,6.960231,5.056449
1093,1290908,4.988829,4.4938865
1924,724868,4.093719,3.806422
1629,1240185,3.968263,4.623822
1190,753592,-0.420679,-0.27077943
1825,905970,1.279476,0.9821258
1913,724866,4.993978,5.4903345
1021,753600,4.356046,4.049207
1091,687800,1.982841,2.639392
2010,910900,5.510528,4.516478
1180,753600,-2.587333,-1.8587652
1849,910931,-0.56126,0.051124938
1802,687800,5.368957,4.280555
1190,687794,-0.712924,1.042595
1593,687777,2.896302,3.3076317
1080,722045,-3.92312,-2.6603432
1023,908460,5.729539,3.6735983
2044,1298350,3.603236,3.9304378
1031,687794,-2.218177,-1.801509
1084,687807,-1.864441,-1.6274316
1564,687777,5.135241,3.0062468
1996,722066,5.534128,4.237639
1634,908465,5.433473,4.1286917
1022,724859,-0.390176,0.7277285
1786,908472,2.172863,3.1315584
2173,906791,6.041884,4.033229
1819,905970,1.64911,-2.1108139
1239,687777,5.297188,3.4609585
2047,908460,5.240984,2.968719
1838,906791,2.692291,3.4498672
1626,724866,3.890751,2.9394953
1057,908474,-2.207585,-1.7153383
1046,687820,5.816927,2.3293073
1558,687777,0.467635,3.807231
1913,908463,5.923507,5.6265144
1925,753604,5.799192,5.48005
1096,910399,1.552134,2.2526474
1799,908473,3.20111,4.220275
1239,1240185,2.781917,2.5756726
1845,687802,4.765236,1.9070009
1494,687798,-5.71614,-2.3408637
1630,905942,3.747903,3.4936619
1873,1298537,0.007086,1.6388198
1924,910399,3.323587,3.9437718
1004,687820,1.617405,-2.8766575
1494,724866,-0.384731,-2.7575607
1835,906805,3.167417,4.7485933
1915,722066,3.281836,2.859796
1017,908460,5.940094,4.9853888
1593,905949,1.983329,3.087314
2154,722066,1.84957,2.9139223
1463,908459,2.293333,4.2881613
1032,687802,0.520163,1.8234737
1939,908465,2.291425,2.9220154
1060,906791,3.80005,1.2927107
1578,1240145,4.618244,5.1406403
1910,724859,1.505137,2.6041646
1020,753608,6.967807,5.6604605
1268,724866,2.135838,4.3357882
1815,724866,6.188487,6.0298877
1036,908460,7.382237,4.786933
1401,1240146,2.575638,2.7155688
2010,908459,3.748912,4.7551003
2498,687816,7.279782,9.182185
1069,908475,3.838037,3.7964065
1624,687802,6.673482,3.2376502
1083,1298350,4.005889,3.0723276
1177,1298537,5.432585,5.1451683
2038,1240187,3.735164,4.6146727
2438,1298347,10.120292,11.710042
1004,687802,-0.973726,-3.6483736
1932,724866,4.912981,3.0946229
1042,724873,5.43317,5.3576946
1816,908465,6.412286,3.5296254
1268,722046,2.159988,4.2196145
1250,1240146,5.045557,2.7242966
1083,687799,2.284294,2.985598
2172,687799,1.464095,2.6476715
1925,687821,5.761073,5.6603155
1594,687820,5.046766,2.9693706
2148,722046,-0.192041,1.1958619
1930,687777,2.380029,1.5778654
1855,910931,3.91632,4.98831
1080,687794,-5.171533,-2.645853
2046,1298347,3.71356,3.6988578
1931,1240190,5.776433,5.9496527
1620,687794,5.467701,5.5757914
1019,924244,3.271836,3.1174116
1852,906791,4.349221,5.059132
1558,687800,3.916812,3.6263423
1079,753600,-0.340381,1.4299384
1006,724873,1.71425,2.0810409
1583,905970,3.939764,3.3073583
1915,687820,4.093702,2.8251877
2045,906791,5.79789,4.8324895
2037,724868,3.799326,3.5254612
1815,910900,4.667939,6.1550355
1507,722058,4.479844,4.9639854
1736,908475,6.095703,3.8660674
2047,908459,4.251222,3.201426
1941,687794,-4.319579,-3.522146
2040,687816,0.106267,1.8166574
1049,687819,5.910508,3.5849867
1936,905970,4.845221,3.2906523
1930,1240187,0.99115,0.9622245
1086,905944,-2.805877,-0.64307624
1089,908475,6.004171,4.8366337
1091,1298537,1.132352,2.8278656
1072,1240187,5.164333,5.000721
1249,1298537,2.774167,3.9378722
1918,910931,1.487769,3.0697956
1086,687799,-0.899969,0.21835771
1079,724868,0.111797,0.9660278
2038,687816,4.884228,5.0600653
1014,1240145,-0.289504,2.0189686
1038,908459,3.887952,3.6275835
2438,687812,10.884877,11.54042
1017,1290908,5.905938,4.9957705
1042,905949,4.851392,5.7644978
1835,722046,4.487503,4.0604134
2172,687777,0.383168,3.3723817
1928,924244,4.403596,4.635545
1043,908473,6.796292,5.5776796
1560,1240146,4.20397,3.6073217
2046,1240185,4.049567,3.299755
1268,1240187,4.676101,4.190984
1034,724868,-4.189414,-2.8130887
1004,687807,-0.601631,-2.8941398
1563,724868,4.895251,5.634404
1058,753604,-0.993878,1.1765019
1559,687821,-0.04741,-0.72358745
1933,908465,6.631514,4.30717
1939,687799,3.015986,3.2525349
2037,924244,5.644592,3.6240644
1927,908463,5.76102,5.3980265
1373,722058,4.117581,4.2393036
2499,908474,9.581054,10.593328
1079,687819,4.892843,1.159114
2154,1298347,2.779637,2.8976774
1913,687798,4.323784,5.638733
1910,908460,3.6202,2.5844648
1810,906791,2.266849,1.016169
1170,722045,2.70477,3.5428193
1997,687794,4.546296,3.7792578
1529,724873,2.079952,1.4343495
2044,908465,3.798743,3.472076
1819,724834,0.334945,-3.2869604
1089,1298348,6.163258,4.9227467
1175,724873,4.574742,4.2779818
1010,687802,2.785947,3.081277
1786,905944,2.395098,2.798669
1939,687798,3.51452,3.5295587
2039,1298348,3.461634,3.3483214
1808,908465,1.565101,0.6431143
2170,724874,6.916331,4.160623
2109,906805,3.150597,3.2529187
1149,1240187,1.630997,2.062549
1175,687819,4.329965,3.9339533
2010,687816,4.748267,4.699526
1003,722046,-2.905689,-2.4878511
1502,910399,4.502165,4.8125114
1511,687819,0.196438,-0.021331454
1180,1298350,-2.456495,-1.9660431
1624,1240145,2.182284,3.2897134
2157,1298350,5.636489,4.8260884
1776,724866,5.624722,4.7832522
1026,1298350,-0.968827,0.61953914
1020,1240185,6.039752,5.3139267
1578,905949,5.444719,5.796034
1089,724868,3.823708,4.6364226
1373,687812,5.35739,4.214181
1268,687802,4.2951,4.0723696
1594,722058,1.562856,2.862029
1629,910900,3.626355,5.011207
1933,910900,5.532563,5.055633
1511,924244,-2.51903,-0.52765673
1549,753608,-3.771568,3.9545674
1494,908475,-2.112549,-3.0501435
1776,1298350,3.639318,4.6815553
1085,1298350,3.367382,2.936108
1022,906791,0.820938,0.42487922
1057,908459,-0.862313,-1.0899324
2010,906805,4.9853,4.8638763
1010,687800,2.803578,3.3289642
1175,908460,5.798685,4.2766647
1919,724873,2.373773,2.241578
2159,905942,4.248782,3.3480363
1091,1240187,2.39986,2.436789
2047,924244,2.505921,2.8145103
1512,687777,5.899615,6.0716352
1179,908465,0.792233,0.5195267
1813,753592,4.47463,4.7127657
1378,1298347,5.627033,3.6562505
1054,687819,5.365616,3.7735267
1046,1298350,4.477188,2.1562593
1622,905949,2.834417,4.8169594
1080,687820,0.604207,-2.6535916
1037,905970,4.87816,4.12104
1191,1298350,-4.764441,-4.329153
1618,905942,3.081493,3.5893354
2011,924244,4.360783,4.2109156
1091,908475,-0.003714,2.5280223
1808,906791,-0.906186,0.8258299
2439,687800,10.596133,9.316191
1581,908465,3.88756,2.2935
1617,924244,2.487597,2.5331025
1909,910900,1.633411,3.0493371
1511,1290908,-2.170868,-0.30145088
1576,910900,1.725979,3.2082467
1634,722066,4.320479,4.5520825
1239,724878,4.031012,2.9297183
2109,753592,1.325828,2.6584785
1249,753608,2.735876,3.675768
2158,724859,6.436912,4.497603
2096,687812,2.979012,2.7484007
1843,722066,-0.378964,0.56347865
1050,1298537,1.760531,3.4963384
1036,687812,5.086943,4.5945005
1924,1298347,3.695303,4.051357
1849,753600,-2.139288,0.58406454
1175,908473,5.130934,3.994395
1067,908460,7.256327,5.366086
1069,724874,5.73198,3.9398208
1200,908463,4.50773,4.093198
1853,924244,4.590236,3.9688115
1925,687798,4.698286,5.3005924
1939,687812,2.812271,3.1829991
2110,724878,6.194037,4.88997
2177,1240146,2.552464,2.1219962
1018,1298347,4.423385,5.848035
1067,905944,4.906284,5.1930027
1054,753608,3.796918,4.1407504
2048,722058,-4.836305,-2.54607
1248,905949,-4.443682,-2.9577699
1926,908475,-0.95251,0.69585633
1910,908459,1.701085,2.9451697
1243,910399,1.988354,2.5201406
1175,910900,2.972234,4.468705
1849,1290908,-0.22176,0.16308886
1373,687802,6.657505,4.011773
1086,908460,5.562181,0.4300327
1706,905942,1.871074,1.3293922
2498,687777,8.814048,9.2467375
1067,724878,6.54076,5.5550847
1072,905942,4.88908,4.819743
1086,1240146,-0.129994,0.035216913
2045,687819,6.031012,4.8665543
1043,1240187,6.019559,5.7095747
2057,1240185,3.629396,4.7453995
2106,1240146,4.190958,3.1794386
2438,905942,10.613203,11.372161
1632,724868,3.362405,3.6526046
1814,724866,6.713373,6.3020043
1050,908475,1.396126,2.9347281
1013,687821,4.295731,3.8465676
1083,905942,2.443789,2.5195127
2170,1240185,2.490705,3.784603
1180,724868,-3.652697,-2.532917
2498,687812,8.925877,8.730377
1845,687816,4.41936,2.928449
1059,687799,-1.778378,0.040486537
1133,687812,4.983343,4.1444745
1634,722058,4.843895,4.3722177
1016,908475,0.648132,1.2764546
2159,724866,4.636494,3.9912267
2173,722046,3.259209,4.1413946
1621,905970,6.217785,5.2986546
1029,687816,6.759876,6.2958775
2010,687802,2.906942,3.777216
1046,1298347,5.067698,2.2725914
1375,905949,6.923371,7.3434677
1033,1240190,4.188394,5.2897124
2359,753600,5.897792,5.930154
1512,724874,7.702343,5.8646684
1012,908465,2.273794,1.613155
1086,910900,-2.733454,0.6496762
1033,724834,5.768444,5.1366715
1835,908465,4.175732,3.7573395
2038,1298537,3.983898,5.1454725
1583,1298347,2.689352,2.8976774
2158,910900,3.986415,4.641758
1931,722066,5.765794,5.929715
1816,687800,6.476399,4.0783625
1018,908474,4.757348,5.7107086
1806,1290908,6.136447,5.10098
1057,905972,-1.441245,-1.628599
1617,724866,2.83001,2.7859683
1814,724868,5.463057,6.0455737
2110,687807,6.128008,4.8894815
1632,722046,2.945352,3.7542896
1248,722058,-4.238689,-2.9358306
1192,910399,2.053457,2.7926073
1072,687820,6.48115,5.304719
1494,905970,1.71971,-2.238988
1259,687802,3.46715,2.694911
1401,1298350,3.103893,2.88299
2154,724873,3.123769,2.8385696
1046,687798,4.336776,2.4527364
1928,724859,6.386763,4.861294
1862,687798,0.370903,-0.82291716
1924,1298348,5.250525,3.8682702
1058,687820,4.069841,1.11269
1617,910931,2.079356,2.4968944
1918,908474,1.703159,3.2561364
1072,1240185,5.335872,4.9299593
1924,722045,3.852648,4.155106
1626,722058,0.103716,2.7042327
1441,908465,3.122173,2.048959
1835,906791,4.301014,3.963113
1916,753608,2.547005,3.254555
1083,753600,3.277154,3.3252902
1050,1298348,3.002958,2.9112663
1808,687816,-0.427875,1.4882094
1057,687812,-0.828192,-1.6501786
2037,908460,7.100179,3.837657
1908,908465,1.947494,2.6076946
1507,924244,5.782312,4.9717774
2111,724878,6.714014,4.537807
2106,687798,1.97153,3.5641217
2106,1298350,0.09964,3.2844665
1854,1298348,6.737759,4.5890646
1932,1298537,1.863346,3.3355327
1720,908459,4.585531,4.8580914
1827,724834,3.488245,0.64751905
1083,687800,4.909036,3.3583941
1033,687794,5.25285,5.154672
1779,1240187,0.827888,1.2839319
1814,1290908,6.667262,6.3447294
1563,1240185,6.376361,5.683494
1024,722046,-1.204792,-0.1611781
1175,905942,3.81129,3.9482114
2157,908474,4.047924,4.843907
1093,1240187,5.588593,4.371525
1843,724878,0.257398,0.60761565
1817,724866,-4.611192,-4.508862
1133,687800,6.827746,4.5978923
1561,910900,3.773213,2.651463
1179,722066,1.762219,1.0050513
1038,908460,6.682464,3.3651686
2157,910900,4.265239,5.1301126
1578,908473,6.124664,5.215745
1997,908465,5.099337,3.5231905
1043,905944,5.334515,5.5118294
1020,753592,5.239126,5.1230536
1922,753600,2.042017,2.801296
1632,687777,5.150369,4.463663
1248,753608,-3.434915,-3.1035676
2038,905972,5.276647,4.6562433
1093,905944,4.709809,4.2133245
1005,1298350,1.372131,3.819834
1614,722046,2.261847,4.3233128
1939,1240185,4.431747,3.1422813
1940,1290908,3.330115,3.7143378
2156,724859,2.395597,3.4278913
1084,905972,-3.014817,-1.7935781
1576,1240145,3.223656,2.5242958
1593,1298347,5.001148,2.8422456
1023,1240190,4.01535,3.5521326
1835,687802,7.351002,3.7995791
1441,687812,1.477939,2.2431152
1050,687820,5.021287,3.2301855
1006,1298537,3.987224,3.3888035
1375,687802,8.492463,6.4758677
1022,724873,0.834701,0.3651568
1706,722066,2.467771,1.9313303
1815,724878,7.63563,6.1088085
1060,722046,-2.674788,1.1555471
1062,908475,3.327165,3.8660674
1067,906791,4.565356,5.060423
1563,908463,7.190979,6.0308027
1916,908463,5.468438,3.332283
1268,687800,3.575804,4.385866
1615,908473,5.55017,5.1349335
1908,724868,0.981772,2.7324147
1996,1298347,3.747014,4.205737
1036,687820,6.22618,4.9118934
2107,753592,5.004697,4.9648037
1175,753592,4.043979,3.9936275
2498,924244,8.086444,8.753585
2096,724874,0.73019,3.0805984
1057,905970,-1.578772,-0.97610277
1813,753608,6.046603,5.3482084
1997,1240185,3.312409,3.7516367
2172,1240190,3.687872,2.6815925
1804,753592,5.704189,4.486147
2043,908472,4.356806,5.150237
1816,724866,4.96062,3.9792826
1088,722058,-0.807701,2.500875
1401,1298348,3.069408,2.7400403
1019,687777,1.733185,3.8309736
1615,1240145,5.337407,5.02905
1006,908473,3.556668,2.1874807
1058,724878,2.530108,1.4168605
1598,724873,5.790903,4.3407955
2107,908475,5.649887,5.175333
1191,722066,-3.821242,-4.432134
1778,906791,4.511264,2.92437
1635,905949,5.767494,5.97729
2359,687816,5.997547,6.0606937
1053,722058,1.477545,2.71198
1849,910900,-0.13044,0.5378465
1079,908474,-2.658959,1.1426512
1006,724878,4.497867,2.608091
1079,687816,1.621722,1.5413183
1561,687800,2.583837,2.5816467
1803,908475,6.134001,4.6029906
1813,908475,-0.456563,5.0495844
2172,908474,2.423362,2.4163313
1910,905972,4.486443,2.5565515
1786,905942,2.774075,2.6299558
1019,687816,3.344587,3.64829
1512,687807,6.846234,5.8435555
1022,910931,-0.623796,0.48185983
1016,908459,0.91912,1.8859941
1069,687816,4.914815,4.144811
1936,753600,2.584708,3.1713905
1059,724868,-2.097823,-0.004985435
1021,1240190,3.800974,3.7515404
1058,687821,5.990917,1.5254551
1912,924244,1.053936,3.011026
2439,687807,11.20057,9.302352
1629,905944,4.038795,4.60249
1049,905944,3.734936,3.6025543
1042,1240190,6.091936,5.3550987
2158,687812,5.432064,4.269469
1855,1298347,5.744539,5.4453473
1005,908475,4.935801,3.4204502
1441,687800,4.356091,2.5365705
1060,1240145,-0.368052,1.0949906
1068,687820,1.588944,0.73276216
1563,722045,5.923308,5.963996
1510,1240146,5.20181,3.4384344
1062,687821,3.356118,4.211957
1924,908465,3.57136,3.629004
2110,908465,5.698919,4.2908106
2046,687799,2.719732,3.483386
1561,905970,2.724135,2.8816247
1014,908475,0.713679,2.523006
1133,910931,3.39986,4.0521355
1047,753592,5.436798,4.2336283
1067,1240187,4.537511,5.2167635
1917,753604,0.847541,2.4902086
1561,1298350,1.647679,2.3341649
1050,724866,5.942076,3.1217308
1020,753604,5.506593,5.8349724
1917,687816,3.496083,2.5507245
1997,908475,4.304228,3.8797207
1560,722046,1.18303,3.6217685
1033,687820,6.743024,5.5141993
2045,1240145,4.302426,4.7665434
1997,905949,5.430007,4.3208404
1003,1240145,-1.850606,-2.6873813
1809,753600,2.617826,1.9738432
1919,687819,2.64891,2.0516257
1922,722045,1.535258,2.6203353
1034,908465,-4.037298,-2.840351
1564,1240190,0.072061,2.5814114
1911,910931,-5.565396,-3.4520159
1803,906791,-0.304532,4.253237
1046,687777,5.715783,2.6865134
2010,753608,2.490632,4.4801483
1529,724874,3.2869,1.9970499
1802,722066,3.699989,4.1659274
1058,905949,0.096077,1.2845522
1838,687800,5.552215,3.8500652
1830,687798,3.417906,3.1776454
1048,724834,5.647555,4.8430266
1003,687802,0.121965,-2.4440084
1006,722046,1.508689,2.0937378
1617,722046,1.32862,2.499142
1997,905970,6.520282,4.3445396
1088,724874,4.450377,2.8585005
1913,905942,5.091643,5.0604124
1624,722045,3.445794,3.7836404
1004,908460,1.505588,-2.9142995
1259,724859,3.895983,3.4630072
1593,753604,0.208892,3.081575
1494,687799,-1.988025,-2.976415
1928,910399,3.683558,4.6419525
1613,924244,4.541362,3.2982736
2111,753592,5.065188,3.9027581
1931,753608,6.452257,6.1023784
1510,724866,2.956683,3.6205907
1168,687816,3.596674,3.2627006
1911,722066,-4.447332,-3.1295927
1922,905942,3.250537,2.182546
1093,908465,5.515189,4.0215063
1799,687800,5.198532,4.55894
1089,910931,3.446597,4.7300506
1170,910931,1.928117,3.2365835
1016,687799,0.541285,1.3209611
1940,906791,3.201756,3.4450014
1030,908459,6.060657,5.3092585
1582,905944,3.198254,4.369441
1449,1290908,6.514915,5.681109
1927,722058,3.751017,5.089361
1862,905942,-0.879736,-1.3759333
1918,905942,3.962795,2.9626973
1580,905972,5.833825,5.149556
1613,1240187,2.748865,3.4993927
1804,687812,1.605612,4.3850346
1131,908473,5.865423,4.3318324
1918,724874,2.041501,3.4326406
1925,906791,6.080159,4.9768944
2499,687777,9.869163,11.055118
1559,908459,-0.148173,-0.7471181
1782,753600,5.763075,5.930154
1021,722058,3.586338,3.580917
1084,687799,-1.19929,-1.7421671
1809,724868,-0.394886,1.1715443
1020,1240187,5.317427,5.418357
1862,905970,-1.165438,-0.74642843
2106,908474,1.591746,3.2294219
1079,1240145,-1.637623,0.6563059
1925,1298347,5.031938,5.218549
2110,724868,4.979803,4.4702234
1931,1240187,6.136909,5.9058237
1054,724873,5.322564,3.8428264
1630,1240190,5.076133,3.785693
1052,905944,3.730374,3.5843673
1024,687798,-0.028322,0.7203956
1936,1240145,2.024282,2.5306191
1626,905970,4.54023,3.4673054
2043,1240145,5.015648,4.974718
2173,1298347,3.96435,4.3797717
1249,687798,3.054827,3.7962568
1862,908459,-0.910443,-0.80837756
1803,905970,7.063927,4.796037
1936,724873,2.695829,2.9163384
2109,1298350,2.291907,2.7191565
2156,1240145,1.797324,2.9272554
2158,687816,6.316501,4.7971096
1854,753592,3.819486,4.6643357
1507,1298347,4.553895,5.237136
1025,687798,4.790778,5.5827
1925,908473,6.39523,5.032548
2170,724878,7.035058,4.2126923
1560,724866,3.479284,3.7948422
1507,905944,4.861855,4.778913
2109,724873,1.982808,2.8418112
1069,910900,2.905672,4.0596113
1268,753600,4.091764,4.498849
1016,908474,-0.603057,1.1556928
1048,687821,9.791119,5.504744
2038,687807,5.738852,4.853556
2173,908465,5.668083,3.8680012
1093,910900,2.711233,4.6480207
1079,722066,3.422625,1.3134488
1625,910399,4.067399,5.1714125
1080,908473,-0.691604,-3.111486
1004,908472,-1.647974,-2.3944778
1133,908474,2.72702,4.116869
1831,687798,3.014822,4.017846
1625,722058,4.092062,5.203224
1736,687821,5.580874,4.211957
1578,1240185,5.444884,5.2305617
1810,1240146,2.184637,1.1859642
1618,724874,6.205571,4.1270337
1582,908465,5.6426,4.2135253
1620,910399,5.458026,5.667618
1012,722058,0.651576,1.9997358
1199,1298348,4.91256,3.7524896
2010,908473,5.88303,4.0779066
1811,1240187,-0.73218,-3.076366
1819,1240145,-3.913393,-3.8031526
1023,908472,4.104091,3.60142
1248,687799,-2.901516,-3.1583257
1067,753604,5.006552,5.5832396
2169,724874,4.015277,4.6308527
1854,722058,4.932998,4.674997
1034,908463,0.237474,-2.5178783
1068,905970,2.564061,1.2054156
1625,905944,3.482329,5.0282736
1620,687777,6.730536,6.079563
1812,1240185,1.127925,3.2997873
1046,687821,5.259955,2.7038348
1200,1298348,3.925262,3.7488477
2177,906791,2.793489,1.9989886
1133,1240185,3.464166,4.0861144
1617,1290908,2.023237,2.734684
2040,906805,0.964732,1.8891257
1576,1298350,2.797948,2.7738056
1917,910931,0.838622,1.968105
1806,753608,6.044442,5.2170897
1932,724859,3.321148,3.076862
1927,687812,5.272895,5.1068377
2157,687777,6.256794,5.3757286
2171,908460,4.945203,2.8254428
1175,905949,5.257695,4.63356
1830,687812,3.341215,2.8299217
1131,910931,4.101953,4.3030877
1911,924244,-6.010544,-3.5418482
1005,910900,1.630162,3.900607
1168,687802,1.797712,2.6310704
2043,908460,8.032728,5.2351155
1593,924244,1.646599,2.4647992
1032,905944,1.63302,2.0603456
1852,1298348,6.332511,5.1328764
1016,905949,-0.931052,1.6662248
1441,905970,2.215525,2.8121724
1618,724834,5.295815,3.738109
2044,1298537,3.474541,4.3267765
1086,724866,-0.977247,0.5530371
1911,905944,-3.621819,-3.6029413
1042,905944,5.633294,5.1342874
1926,687819,1.885257,0.73484284
2107,687799,5.75242,5.123556
1083,924244,3.409715,2.8259807
2498,905970,9.597533,9.259921
1916,905942,3.224973,2.7614028
1175,687798,4.622815,4.3213983
1259,687799,3.002633,3.3174531
1086,722046,-2.523439,-0.4904013
2159,687812,3.766548,3.720308
2172,724878,4.684663,2.7847557
1625,724866,5.269798,5.4079113
1553,1298348,4.72385,3.193125
1736,724834,2.062895,3.5987601
1030,1290908,6.002984,5.127181
2047,1240146,4.862626,2.747128
1069,687819,3.90015,3.4767542
1026,924244,-1.289899,0.35542884
1997,722066,3.903699,3.951119
2148,905972,2.937725,1.4932817
2096,905949,0.748813,3.2382202
1091,724866,2.176851,2.5857944
1038,1240190,3.712172,3.251993
1180,905972,-1.565732,-2.341692
1582,905942,3.692613,4.2767644
2172,910399,1.052923,2.3782518
1050,908474,2.052858,2.8633351
2173,753604,4.177084,4.6121435
2046,724866,5.080964,3.6317444
1629,1240146,5.83964,4.6847496
1052,687820,7.580524,4.428729
2046,687821,4.5005,4.113202
1563,722046,5.218679,5.7913647
1372,905942,0.35518,-0.07219054
1079,724873,-0.025555,1.068381
1936,687799,2.733649,2.72889
1576,687794,2.178774,2.7761278
1007,1298537,-4.443108,-2.1181993
1624,908459,3.307,4.0918045
1809,905970,3.542328,2.4536674
1494,1298348,-2.003478,-2.820293
1047,724868,5.030759,4.39566
1062,924244,2.422873,3.708698
1827,724878,2.116069,1.2280252
1927,1290908,5.061888,5.3063006
1502,722058,4.610571,4.67887
1831,722066,4.340678,4.1397314
1613,1298347,4.374523,3.7027254
1916,687794,2.422865,3.0296445
1817,687816,-5.165029,-4.2980733
2498,753592,7.397078,8.589057
1941,722066,-3.768276,-3.5912056
1073,687802,6.851009,4.2612457
1061,905942,4.522743,3.8768787
1932,724868,1.775621,2.7560892
1618,753592,3.129706,3.636496
1060,906805,0.059933,1.7814494
1180,753604,-3.60002,-1.9080244
1812,924244,1.916484,3.3142817
1583,687812,2.902245,2.7212586
1239,1298347,5.251167,2.9866524
1922,906805,0.461649,2.9468265
1191,1240187,-2.841501,-4.4159155
2438,1298348,12.036622,11.524508
1249,910931,2.2853,3.3309505
1926,753600,0.757528,0.9699945
1817,905972,-4.469101,-4.7214446
2172,722046,1.575395,2.4365149
1057,753608,-2.31187,-1.5525355
1594,724878,5.782054,3.1970072
1578,687800,5.469508,5.5450563
2040,687798,1.18772,1.7801813
1051,722046,-2.561853,2.1944222
1561,753608,1.910505,2.438319
1626,724878,4.263853,2.9730496
1511,687799,0.076537,-0.26408076
2096,1240146,2.98547,2.7175493
1930,1240190,1.064943,0.86604553
1510,908459,4.097443,3.8045793
1804,753608,5.684136,4.5448
2158,1298347,3.856686,4.4937134
1928,905949,4.636199,5.1770163
1047,908459,6.377652,5.095742
1812,722066,3.854063,3.484971
2498,687821,9.885068,9.288529
1177,1240187,5.395119,4.573886
1849,908459,1.104746,0.7997908
1032,1240190,1.910556,1.8626018
1838,687821,5.835203,4.185455
1080,687812,-2.617928,-2.9115107
1088,905942,2.316209,1.9413913
1598,924244,4.295085,4.229019
1038,908465,3.538836,2.9178824
1549,906791,4.833271,3.6513445
1924,687819,3.436945,3.7759407
1061,908472,5.001252,4.092207
1086,687821,3.557453,1.3301492
1020,906791,6.033512,5.209868
1576,905942,1.833807,2.5710294
1441,1290908,1.870552,2.3655267
1093,753604,3.4467,4.751638
1635,687794,5.051865,5.427106
1011,687777,-0.296362,2.830535
1819,722066,1.576195,-2.9844294
1927,908472,4.745738,5.2146864
1912,687777,2.22221,3.5984528
1849,722066,1.389077,0.3061675
2171,908473,4.060645,2.3906827
1835,1240185,4.762591,4.031007
1239,908463,3.889213,3.0504737
1046,1298537,2.977914,2.607095
1017,687798,2.774101,5.172286
1008,908472,2.69489,1.0878093
1053,687802,4.079643,2.469802
2010,724868,2.544987,3.970285
1373,687821,4.086516,4.859731
2172,687816,2.890861,3.069587
1802,905970,4.926915,4.5512767
2171,724834,4.764386,2.4554129
1786,722066,2.48845,3.026353
1033,1298347,5.015773,5.341236
1564,905944,3.98524,2.6709075
1910,905970,4.680573,3.1041446
1373,1240146,6.478078,4.23733
1008,1298348,-1.299042,0.7900919
1093,687799,5.317685,4.3649635
1583,753600,3.172748,3.1047437
1809,687812,1.279698,1.4452478
1598,687794,4.213971,4.2214384
2038,906805,5.617044,5.240871
1909,908459,3.331451,3.242344
1059,753592,-0.568213,0.033933714
1815,1240145,5.698264,5.663994
1583,1298348,3.019085,2.7139292
1912,905970,3.434563,3.6613483
1838,1240190,4.766134,3.6722825
1996,687799,5.602551,4.0831165
1939,687820,4.070048,3.5044556
1034,687794,-2.029482,-2.5280612
1939,1290908,2.282378,3.36663
1036,724874,7.073971,4.9382963
1926,724878,3.502167,0.94118637
1918,924244,1.658812,3.1392894
2158,724866,5.560579,4.491703
1177,905972,5.675796,4.599168
2096,1298350,2.507513,2.7750506
1033,1240185,6.097763,5.1266465
1043,1240146,6.453997,5.662814
1057,687794,-2.115981,-1.4563719
1086,1240190,-3.591096,0.26825947
1022,687794,0.538918,0.72808874
1927,687821,5.50552,5.6901827
2107,687812,6.182064,5.0692644
1024,910931,-0.636987,0.047534905
1922,687816,3.691183,2.9462643
2148,687800,0.918261,1.6798431
1378,687812,5.80663,3.3562355
1563,724866,6.585258,5.902609
1909,1298347,2.764285,2.9714742
1091,722058,2.172698,2.5265236
2046,724834,5.333815,3.323517
1925,1240145,4.627268,5.008168
1916,908474,2.123548,3.0262113
1827,1298350,1.372372,0.79103917
1052,687807,5.292411,4.384221
1919,1240190,2.151088,2.1119716
2111,1240187,3.611105,4.3529243
2044,687816,2.858768,4.3315225
1931,724859,6.356289,6.031804
1003,1298350,-3.760931,-1.7101884
1873,1298348,1.941557,1.210407
1013,687816,4.762215,3.6822295
1007,905944,-4.635011,-3.4680924
1133,722066,4.817779,4.2965207
1576,924244,2.92897,2.7546587
1598,908463,5.749723,4.520257
1177,724834,5.203634,4.3738613
1845,753608,4.440169,2.685154
1919,1298350,-0.34841,2.0803251
1873,1298347,3.307017,1.3201473
1017,753592,4.805344,4.515097
1563,724834,6.418571,5.697783
1449,908463,6.981698,5.765171
1239,724873,2.024614,2.6188488
1849,687802,0.921209,-0.097993866
1052,724873,5.504225,3.9599109
1909,722066,1.717511,2.8392167
1843,905970,3.291182,1.5033832
1613,687798,3.766226,3.8907094
1563,1240187,6.34457,5.772394
1083,1240190,-0.502036,3.0329537
1720,908473,6.876027,4.1198497
1613,753600,5.155976,3.810693
1025,1240185,6.194558,5.327924
1022,722066,1.43688,0.7128901
1019,908472,4.271942,3.401538
1026,910399,-1.224243,0.3711833
2439,1240190,8.626612,9.1321
1494,910900,-4.118137,-2.6714778
2498,908474,7.508013,8.783778
1373,1298537,5.46347,4.6683307
1032,687798,-1.746032,2.0975027
1032,724859,2.265253,2.0044863
1013,908474,-0.002345,3.1439734
2170,722066,4.657597,4.0051894
1919,722066,2.874454,2.3516622
1845,724834,1.906179,2.3122563
1926,687777,0.397023,1.1059724
1553,722058,2.662447,3.2428718
1931,724874,6.555333,6.1817446
1019,908474,1.925604,3.1491635
1940,905942,3.417422,3.4520974
1873,906805,0.632546,1.5914191
1941,724834,-3.936067,-3.722083
2156,724873,3.143401,3.2606454
1557,1298347,4.123351,4.881977
2040,1298348,3.19036,1.4207151
1003,910931,-3.847341,-2.229662
1259,906805,5.198113,4.020748
2111,908474,2.314803,4.198637
2046,1240146,2.230023,3.4015737
1926,687820,2.055186,0.752654
1038,724866,4.052604,3.3952222
1931,753604,4.986018,6.319861
1057,910931,-2.641188,-1.685613
1008,905972,-3.463456,0.71813506
1559,687777,0.578406,-0.62388176
1912,687807,4.692587,3.3411884
1012,1240145,1.607379,1.6122658
1510,753592,3.787474,3.4037695
1594,1298350,5.005162,2.696254
1559,722045,-3.032668,-1.2860718
1578,908460,5.619408,5.449667
1072,724873,5.634943,5.1304092
2111,905942,3.622726,3.9026003
2043,724834,6.515032,5.0315466
1831,753600,2.810006,4.246871
1924,753600,3.034027,4.283289
1941,1240185,-2.954353,-3.700295
2043,908475,5.891365,5.1822677
1939,924244,3.436752,3.179262
1037,753608,2.470236,3.6510854
1014,905949,-0.590905,2.6366458
1042,687812,6.130768,5.238005
1510,924244,3.543418,3.4815114
1927,1298537,4.865899,5.453808
1618,724859,3.533876,3.9781547
2111,908460,6.829881,4.467781
1927,910900,4.138095,5.45856
1084,906805,-3.328989,-1.2360903
1913,924244,4.391667,5.273369
1736,905942,5.639337,3.5899158
1060,1240185,0.689436,1.4473878
2037,1298347,4.192371,3.8334594
1815,687800,7.63412,6.1674995
1019,724866,4.65085,3.3542562
1043,908463,4.807826,5.9333353
1811,687816,-0.88841,-2.683456
1786,687802,4.068397,2.658823
1009,905970,5.454279,5.7118835
1091,687807,2.198381,2.6506531
1084,724859,-0.506633,-1.6106533
2038,924244,4.292955,4.400106
1259,910399,2.270931,2.9531615
1079,905972,-0.472217,1.2188046
1915,1240146,-2.601592,2.5453904
1011,905949,2.24637,2.6635332
1908,906805,3.770448,3.3054671
1047,905949,1.927804,5.1026616
1079,687820,6.221796,1.145348
1046,905949,2.146529,2.5279696
1720,905944,0.746721,3.8511066
2173,722058,2.994197,4.195769
1563,687802,7.562345,5.512259
2173,724873,5.071538,4.2483993
1927,905972,6.402518,5.369585
1046,724834,3.449348,1.9713447
1080,924244,-3.22578,-3.0773606
2109,687812,2.358987,2.6911821
1626,1240185,2.350605,2.62372
1918,687819,3.426696,3.021021
1926,905949,-1.105473,0.8986718
1778,1298350,1.841489,3.1569479
1557,687812,3.908978,4.7253165
1819,687798,-3.203662,-2.32452
1237,753604,5.02723,5.543466
1932,687820,4.28899,3.180597
2172,753608,3.260556,2.8393455
2106,908465,3.893788,2.8911834
1080,724878,0.196102,-2.5952144
1018,910900,4.827778,6.0305405
2039,724859,4.456543,3.5981765
2039,1298350,4.26824,3.3822925
2046,687800,4.457482,3.8523622
1632,906791,4.154211,3.6497805
1013,722066,3.747172,3.293939
1634,1290908,4.846201,4.5989122
1919,910399,1.636913,2.184867
2110,905949,3.681765,5.0924788
1622,687821,6.851922,4.8656273
1007,687800,-1.993333,-2.5081644
1936,687794,2.348387,2.8022766
1032,1240145,1.428939,1.5831757
1632,687816,4.980673,4.3239017
1022,905944,2.481553,0.45681718
1910,722046,2.00118,2.3294826
2439,753592,8.386548,8.826573
1012,687819,2.663518,1.9055985
1072,1290908,6.649412,5.180249
1816,1240146,4.975252,3.811594
1843,687802,3.143465,-0.06537069
1809,908460,1.898583,1.7102214
1799,1298350,0.61953,4.296114
2039,905949,3.164578,3.926124
1916,1298537,2.496152,3.530438
1581,1298350,3.657911,2.7668328
1067,905972,6.373609,5.489831
1811,724866,-0.231532,-2.9886231
1259,910931,1.75852,3.0412118
1831,1240146,3.922208,3.8542523
1072,908475,5.920725,5.063206
2055,722046,1.558025,1.9264156
1378,724866,5.015235,3.5832353
1067,687802,6.200454,5.043566
1084,910399,-4.014261,-1.9541997
1441,1240145,1.636957,2.019078
1018,1240190,5.281334,5.789273
1058,1240145,-0.038926,0.69245815
1614,687816,3.775509,4.8257546
1034,687821,-0.829001,-2.2340412
1051,906805,3.291497,3.231611
1200,1298350,3.030673,3.8092203
2156,908463,5.594876,3.5590029
2439,1298537,9.145341,9.411171
1375,908460,8.873957,7.021612
2057,687820,4.51524,5.116278
1933,908460,8.018045,4.9128065
1910,908465,3.083672,1.9908032
1629,906791,3.599091,4.538426
1019,753604,0.841688,3.6236045
2110,908459,3.997087,4.9409637
1030,687799,4.072521,4.965851
1559,687812,-2.491634,-1.50181
1024,724859,0.483136,0.29437265
2154,1290908,3.876966,2.8930836
1855,924244,2.719581,5.0341988
1133,908475,4.151141,4.1807313
1463,905944,4.700888,3.7255447
1849,924244,-0.222985,-0.026103036
1073,1240190,3.789927,4.8884406
1013,905944,3.665196,2.9714203
1191,753592,-5.139681,-4.748805
1017,908472,4.66316,5.003877
1016,1298537,-0.537928,1.9726789
1932,910399,2.398174,2.8866003
2043,908474,4.739949,5.1726503
2107,722058,4.813932,5.041811
1021,687812,2.87407,3.5672195
2040,908463,3.138656,1.6364123
1594,722046,4.29398,2.6085486
1062,1290908,4.923254,3.7434125
2177,1298350,2.514741,2.2227874
1845,687800,4.438292,2.9584715
2010,724873,4.010579,4.149453
1463,905949,2.167673,4.3065033
1629,687816,6.872133,5.1486177
1613,753592,4.769712,2.965526
1029,1298537,5.662663,6.2550974
1073,722046,0.990617,4.6153383
1054,722058,3.126254,3.8528755
1190,687820,5.136898,1.0478816
2171,724868,0.921807,2.2483077
1179,924244,1.294796,0.711476
1831,724866,3.993153,4.072052
1782,753592,5.384598,5.2906966
1373,905970,5.865378,4.823652
2158,724873,4.490086,4.3696003
1940,908473,3.768722,3.4295819
1583,687816,4.206467,3.24457
1908,687816,2.929613,3.3490982
2044,1298347,3.435647,4.070723
1918,1290908,1.034593,3.2317111
1038,905944,4.901567,3.228632
2109,687799,2.643796,2.677345
1510,687798,2.092476,3.6307595
1924,908473,4.437673,3.7941747
1033,687799,4.435548,5.23193
1072,722046,4.325182,5.0330553
1373,724868,4.241859,4.107099
1021,906805,3.536418,4.349044
1175,724859,5.674242,4.2927933
1614,905949,2.713722,4.85675
1634,687802,6.944918,4.204918
1855,905944,5.426106,4.770498
1940,724866,3.970908,3.7849007
1831,687800,5.663176,4.041557
1507,1298350,5.451501,5.0824957
1924,687799,2.182458,3.9313579
1918,1298350,2.416873,3.081932
1594,905972,5.004942,3.0096622
1786,724859,2.901713,3.085924
1613,687777,5.757641,4.1730385
1249,687816,3.283754,3.9171991
1803,724878,4.707441,4.8740225
1931,687821,8.255859,6.460026
1052,905949,1.995374,4.6463556
2011,687802,4.972896,3.975705
1083,724874,4.013059,3.2930717
1024,910399,0.519705,-0.05617261
1131,724874,7.42385,4.890594
1561,687820,5.091054,2.5132194
1038,753600,2.96153,3.5865521
1873,687807,4.265568,1.3489715
1810,687802,1.736724,0.6615551
1180,722066,-2.885659,-2.1563206
1507,724874,7.951613,5.3873987
1941,724874,-5.804198,-3.6082847
1007,908474,-5.701442,-3.395915
1529,687821,1.35944,2.367251
1626,753604,1.983564,3.242476
1017,687800,5.184707,5.1784177
1034,687802,-3.51294,-2.8159294
1086,908474,-4.177791,-0.38835138
1129,687794,3.686947,3.6698065
2156,1240146,3.596017,3.2074246
1372,687821,-2.278731,0.56083906
1916,687819,3.296424,2.93116
1024,1298348,0.06791,0.26632857
1034,724874,-0.609748,-2.5511289
1940,1240146,4.140545,3.561393
1799,905942,4.779736,4.1817856
1827,1290908,1.47044,0.66119677
1629,905942,2.611147,4.4959664
2177,908459,2.423966,2.6115065
1083,1240145,1.434753,2.5870066
1558,724859,4.387945,3.5895376
1022,687802,0.961131,0.32273078
2498,753608,8.287878,8.988509
1053,724868,3.022058,2.5097787
2011,1290908,4.904562,4.4354296
1632,687798,4.321934,4.19343
1249,1240187,3.715348,3.5014012
1080,905972,-1.277833,-2.8973787
1593,905972,3.125496,2.7018597
1042,905970,5.98931,5.790796
2498,908460,10.725959,8.9111185
1093,753608,4.59374,4.5611424
1560,722058,1.485,3.6647596
1085,724878,4.203679,3.2461095
1620,753608,6.902022,5.852201
1378,687777,3.585143,4.1108265
2039,1298347,2.82652,3.5197601
1243,906791,2.182296,2.3977315
1922,687800,0.912628,2.6854692
1931,687802,6.136847,5.511367
1803,905944,4.930174,4.6205463
1463,724859,3.72411,4.0021143
2110,722066,3.832101,4.704735
1809,724878,1.480294,1.630468
1583,1298350,2.798186,2.7676818
1007,1240146,-3.041062,-3.22791
1133,687802,3.800459,3.8105085
1249,905944,3.460278,3.2737365
1022,924244,-0.151369,0.41698006
1624,924244,4.171659,3.4930677
1020,687777,6.634012,5.94627
1083,908465,2.436218,2.4782543
2154,753600,2.901885,3.1047437
1873,924244,0.024735,1.1057601
1862,724874,-1.610471,-1.0465776
1776,722046,3.67046,4.542173
1831,908465,4.263989,3.729732
1007,753592,-5.798938,-3.659545
1613,906805,5.746516,4.0957875
1835,687798,5.811928,4.540833
1853,687777,2.876044,4.2033687
1819,724868,-5.763806,-3.4389546
1512,724873,5.999877,5.5908833
1873,908472,1.289792,1.4457707
1909,687800,2.624499,3.1114802
2171,687777,3.786729,3.5550241
1180,687812,0.041023,-2.3577065
1046,910900,1.446176,2.4326673
1911,905942,-5.393658,-3.9299428
1873,687812,2.465306,1.1365813
1917,910399,1.00613,2.0191102
1012,724866,3.169719,2.1484609
1779,905944,1.079696,1.2803301
2499,724878,9.55268,10.826318
1594,724874,3.416328,3.0381303
1016,905942,1.609282,0.84916013
1720,687802,7.378795,3.7991512
1997,908473,6.490196,3.7147257
1200,753608,3.746109,4.0458245
1862,687777,-0.852675,-0.8159163
1259,905944,5.063776,2.7099462
1068,687821,2.483403,1.1803242
1091,908459,0.705528,2.823094
1706,906805,0.280356,2.461593
1175,906805,4.973757,4.6528997
1614,905972,5.063722,4.527215
1736,910900,5.871977,4.121934
1553,724868,3.221328,3.06804
1052,687800,5.545815,4.5569983
1093,908459,5.267867,4.7553344
1529,1298348,2.33224,1.7714579
1799,908459,4.23242,4.6929913
1581,1290908,1.619981,2.8020535
1177,906805,5.70824,5.1996746
1401,1240145,2.506165,2.3975048
1191,687819,-2.663426,-4.39309
1175,687821,5.589278,4.6916547
1032,722045,0.9838,2.060762
1825,687812,-0.382087,-0.031276017
1014,1298347,2.967253,2.3983479
1581,687798,3.08223,3.0659702
1614,905944,3.80936,4.157107
1917,724873,2.572053,2.095314
1913,753604,5.169127,5.7754936
1814,908465,6.323725,5.869992
1131,724868,5.561535,4.2054863
1149,724868,1.406288,1.8003949
1086,1298347,0.269282,0.867505
1021,724834,5.896471,3.529842
1034,905970,-2.481551,-2.1232042
1401,687800,4.015249,3.1681504
1011,908460,3.344172,2.3590603
1849,753608,-0.551049,0.28382045
1996,905942,2.808556,3.8394523
1614,724878,6.650703,4.6162853
1012,687802,2.079414,1.6853069
1239,687800,4.866266,3.135313
1940,908475,3.040558,3.770184
1635,753592,5.297757,5.355371
1061,908460,7.275086,4.1619005
1808,905972,-0.233057,0.9910843
1046,908459,4.265282,2.5698175
1808,1240190,-0.702685,1.0430964
1200,1240146,3.709605,3.811594
1088,908475,4.044,2.4048681
1624,1240190,3.977563,3.6747117
1191,908465,-4.139715,-4.7226915
1630,722066,2.406353,3.852428
1809,687821,3.301148,2.2560163
1853,910900,2.798198,4.354081
1778,724868,3.604439,2.9671936
1025,908472,5.623305,5.464677
1621,724859,3.583137,4.9195395
1615,687802,7.193363,4.97875
1047,687807,6.579615,4.8839345
1813,1240146,5.612192,5.082758
1617,724859,-0.672861,2.7744956
1634,905970,5.690435,4.936902
1073,753592,4.961781,4.230616
1779,908465,2.001526,0.9540685
1558,724866,6.124036,3.6048672
1062,908474,3.888713,3.8564935
1061,908465,5.562093,3.7634351
2047,687819,4.080935,2.7598948
1927,1298347,4.839269,5.24627
1583,1290908,1.831454,2.8930836
1802,1298348,4.794086,3.954165
1024,687820,1.586422,0.30293798
1736,753608,4.214499,3.7656612
1083,724866,3.302522,3.1387556
1089,905942,4.183231,4.41341
1025,687819,5.30506,5.2054415
1804,687798,-0.535221,4.5077214
1996,724859,3.809793,4.260658
1011,724859,0.530576,2.374734
1079,908465,1.878491,0.90544134
1582,1298348,4.796068,4.4759893
1933,687816,6.459686,5.2302904
2171,1240190,2.355091,2.7338533
1736,1240145,3.004606,3.4904697
1615,924244,4.798026,5.19673
1933,724859,4.764532,4.9308224
1576,687798,2.171565,2.9969869
1179,687800,1.91715,1.2991055
1786,687777,3.706199,3.5259454
2158,906805,3.786837,4.9066124
1557,687777,6.014961,5.247402
2043,722046,4.186765,5.125193
1170,724874,5.694879,3.6531215
1825,724868,-2.605129,-0.26275614
1926,724834,2.146529,0.54213005
1012,687800,3.907111,2.303215
2173,1240187,4.118351,4.2556047
1030,908460,7.977105,5.098874
1817,905942,-4.506911,-5.0525
1007,687820,0.835716,-2.9158697
1012,724834,2.599465,1.8644918
1561,687807,3.12255,2.5221138
1085,724866,4.583786,3.0787282
1057,1240146,-0.745031,-1.6759402
1463,724878,4.243175,4.1281238
1854,687798,4.190278,4.826351
1813,687777,6.890794,5.71038
1621,724834,6.252104,4.6503963
2170,687800,6.970228,4.080119
1494,905942,-4.697282,-3.463564
2038,1240190,4.058771,4.6482453
1005,1240145,2.12659,3.0186222
2044,1240145,3.423249,3.5929017
1911,687794,-5.270551,-3.0893855
1932,724874,4.217469,3.2312908
2107,905949,4.604724,5.6146207
1620,908459,5.9745,5.9948654
1021,722046,0.854348,3.503405
1614,910900,3.79742,4.6612816
1091,908460,4.156216,2.5402815
1620,905942,4.455121,5.45667
2111,905944,5.599318,3.973045
1036,1290908,5.47234,4.7816067
1810,906805,3.116722,1.9576195
1811,753592,-2.407312,-3.7916403
1838,1298348,4.627419,3.5491896
1248,687812,-4.325588,-3.1821098
1007,1240190,-4.522562,-3.0736136
1494,722045,-1.105854,-2.8524528
1084,905944,-2.46215,-1.8654304
1250,910399,0.643055,2.472839
1624,722066,3.007124,3.6719196
1598,906805,4.193708,4.789975
1776,905942,4.085109,4.3186293
2043,687799,5.370422,5.0977035
2158,687799,3.81735,4.3528166
1017,908463,6.630432,5.141821
2106,905949,2.128941,3.7116733
1030,1240187,5.864352,4.9525156
1582,1298347,3.94291,4.6875296
2148,687812,-0.276167,1.3205554
2010,924244,3.86111,4.0912905
2438,908463,12.526447,11.816247
2010,1240187,2.318549,4.286386
1615,722045,5.081877,5.4493513
1512,908475,4.743167,5.581765
1529,724878,0.078143,1.8658186
1239,906805,3.695483,3.356089
1629,724859,4.009404,4.861205
1018,722045,6.005597,5.912371
1854,722046,2.352454,4.70156
1511,687800,-0.825984,0.31058437
1838,722046,3.472091,3.5658746
1927,1240145,5.621948,4.984337
1049,910399,2.25256,3.6989138
1511,910399,-0.954526,-0.62621087
1804,908463,8.382104,4.6081667
1908,905972,3.00784,3.0830326
1598,722046,3.195025,4.2064433
1873,1240146,1.70391,1.0898807
1845,908465,4.310669,1.8888094
1931,1240146,7.465605,5.848092
2154,687812,2.431102,2.7212586
1776,687816,5.108756,5.0751734
2110,722058,4.325885,4.507202
1012,906791,1.637307,1.7700802
1816,1240190,4.846586,3.900342
1051,1240190,1.221536,2.568747
1177,908460,6.293941,4.6782494
1191,1240145,-4.389116,-4.898285
1049,1240145,3.556331,3.4896064
1199,1240146,4.131467,3.8056989
1190,724874,2.502293,1.2055993
1849,1240190,-0.213518,0.19805612
1843,687798,-1.923449,1.3570834
1025,1298347,4.701617,5.497775
2438,908460,13.189921,11.714857
1032,908472,2.059557,2.0586634
1560,724873,2.637508,3.8342242
1249,1298350,3.675836,3.5168645
2156,908475,3.572279,3.2710397
1494,753592,-3.179034,-3.347804
1017,1240145,3.909294,4.5549593
1025,910931,3.184945,5.2950087
1779,1298350,1.373297,1.324533
1576,905972,3.628931,3.0151446
2172,724866,3.168005,2.783125
1720,724866,6.817507,4.4710426
1038,722066,4.184739,3.3914127
2157,722066,5.477166,4.930876
1088,908459,5.164874,3.1508355
1924,906791,4.769648,3.7615948
2037,687798,5.144792,3.9370756
1804,724834,7.501691,4.3485336
1580,910900,4.833592,5.242709
1919,722046,0.751953,1.9511863
1939,724868,1.745554,3.0870395
2173,724859,5.50666,4.377192
1852,924244,5.819092,5.205527
1928,687799,3.628101,4.729064
1830,1240187,3.69817,2.9285693
1819,905942,-3.31338,-3.8002248
2040,722045,0.646828,1.5477
1932,908475,1.832788,2.9726076
1928,687820,6.973729,4.984906
1079,724878,2.83153,1.4989911
2106,753600,3.131886,3.5954952
1512,724878,7.021873,5.8026114
1635,722066,5.311669,5.6212273
1736,687777,4.944838,3.8923328
1626,1298347,3.598166,3.0228245
2045,1240146,4.790825,4.9962516
1912,687794,2.674366,3.055972
1614,753592,2.780059,4.0965233
1720,1240145,4.384239,3.8998299
2174,722045,3.177085,3.0358243
1005,687819,4.804977,3.4971812
1016,1240146,1.815779,1.2557079
1053,687794,2.003261,2.6400964
1009,687794,4.488768,5.18501
1083,687819,3.687204,2.8360415
1802,908475,4.319366,4.1031823
1812,1240190,3.339668,3.5022945
1941,753600,-3.058414,-3.4897141
1080,722046,-5.269815,-3.2325811
1069,908459,4.569761,3.9634438
1928,1240185,4.747083,4.5959606
1061,722046,3.039632,4.0113406
2047,753600,4.296644,3.196125
1557,910900,4.705648,5.061733
1873,1240190,0.246741,1.1717478
1079,722046,2.526692,0.74738234
1916,724834,6.296423,2.9488306
2439,905972,9.549589,9.198514
1177,910931,3.724048,4.3035135
1025,724859,4.270744,5.5509853
1199,908460,6.693447,3.985381
1931,1298350,5.903119,5.9421406
1080,908474,-4.64152,-3.071909
1806,1240145,5.545636,4.509967
1627,906805,2.584158,4.242673
1029,1240190,6.106131,5.920788
1089,910900,4.518436,5.2478333
1912,1240146,4.135404,3.0133345
1563,908465,6.903129,5.443334
1819,924244,-2.589064,-3.399919
1512,908460,8.029551,5.709384
2010,1240146,4.837479,4.1986628
1563,722066,5.50021,5.8547645
1803,1298537,3.36035,4.6416802
1936,908459,3.304789,3.1928153
1624,724866,5.378746,3.7616146
1089,905972,4.715582,5.0111723
1072,1298537,4.850443,5.333832
1250,905942,1.894861,2.1085215
1854,924244,4.289284,4.7162046
1038,1240185,4.088209,3.1410246
1926,687812,1.279444,0.5930732
2439,910900,8.104989,9.314927
1912,753604,1.150606,3.4289062
1042,905972,5.952065,5.478709
2044,910931,2.401499,3.727437
1564,906791,4.164047,2.3752973
1634,687816,4.890875,4.8957796
1042,687802,7.029246,5.043622
1930,753600,2.426884,1.2410321
2106,687777,3.448443,3.7948003
1004,1298348,1.114897,-2.9801633
1997,1298348,6.020253,3.7586694
2011,722066,4.608046,4.362298
1814,722066,6.021747,6.259302
2040,1298537,1.203599,1.9211944
1051,687821,4.820454,3.2470183
1013,906805,3.390038,3.8289285
1911,908475,-3.289433,-3.3481421
1043,722066,5.54319,5.7772713
1036,908474,3.400313,4.6019545
1054,906805,3.816897,4.5342455
1091,905970,1.924088,2.9423094
1032,908465,-0.548867,1.6737362
1917,908474,1.022609,2.0557919
1010,1240145,3.867033,2.90381
1941,687812,-5.968373,-3.6925635
1023,908465,4.321628,3.326644
1007,687802,-0.824133,-3.5500865
1034,1240145,-4.390549,-3.052566
1449,908465,6.313449,5.187604
1873,687820,2.71796,1.3099929
1067,908459,5.487375,5.5668964
1852,753604,4.842782,5.5702844
1564,1298537,2.392371,2.9883275
1814,905970,6.3131,6.676075
1912,910931,1.909821,2.9548197
1561,724834,4.326526,2.1753173
1084,753600,-3.086768,-1.3705021
1053,1240190,1.677859,2.7023287
1786,687820,5.151219,3.2004476
1401,722046,0.460605,2.618772
1086,1240187,0.605632,0.4714391
1013,753600,4.11329,3.5606391
1936,753604,3.238523,3.0562897
1940,910399,2.272966,3.6882372
1079,906791,4.477032,0.87943906
1617,687777,5.930701,3.2346268
1630,1298347,3.831916,3.8465254
1449,1240190,5.939043,5.584169
2111,687821,4.664003,4.957771
1529,908465,1.554643,1.22248
1060,908460,3.329457,1.5774487
1510,908472,3.935771,3.5387673
1779,724868,0.618402,1.0691062
2438,1298350,10.504158,11.592229
1635,724868,3.907319,5.378695
1631,1290908,2.533793,3.8542533
2039,687820,4.542725,3.714479
1910,908472,1.588925,2.6648595
2439,1298350,9.296339,9.090244
1051,687802,4.219225,1.8352426
1019,687798,3.65127,3.5582294
1838,722066,3.150971,3.7621
1913,687794,3.859569,5.3108935
1084,908459,-2.86576,-1.1416668
1034,1298347,-1.152263,-2.4484744
1817,905944,-4.513661,-4.808222
1911,908465,-4.940013,-3.7452977
1029,905970,7.105818,6.4046297
1996,687816,4.400505,4.581206
2106,1290908,3.460105,3.347658
1918,1240146,2.968115,3.0779657
2044,908473,4.674065,3.7471008
1578,905942,4.634292,5.1119776
2038,908460,4.735976,4.7260733
1036,753600,5.655303,4.9602404
1025,905944,5.306635,5.2970877
1873,722046,0.257383,0.94296324
2439,1240146,10.382911,9.048657
2106,1240187,1.666729,3.2776418
1268,724868,3.535322,4.109756
1620,687798,5.478154,5.8376217
1042,1298347,5.048422,5.4126654
1069,1290908,3.847906,3.772457
1576,724859,3.499243,2.9464583
1005,722046,2.843003,3.3183208
1058,905944,2.410021,1.252286
1618,1290908,2.484854,3.97023
2148,905949,0.948483,1.7581134
1936,908465,4.290264,2.578734
2047,1298348,3.219346,2.7905798
1941,1298348,-4.068151,-3.5488753
1910,1240190,4.327953,2.511248
1927,753592,5.448491,4.9938135
1939,905944,3.336019,3.149274
1401,906805,4.01471,3.4061923
1831,905970,4.458466,4.3052506
1010,687812,3.298336,3.11715
1924,910931,3.1734,3.833403
2055,724873,1.324268,1.9639016
1073,687820,8.418401,5.143942
1862,905949,-1.170503,-1.0488721
1811,905942,-1.680068,-3.9299428
1830,905949,2.636343,3.3404112
1088,687807,5.170818,2.7554111
1026,908465,-2.011521,0.24719225
1053,908475,2.103778,2.7402039
1054,687821,5.8485,4.5593247
1809,924244,0.375642,1.2140142
1026,905972,-0.528923,0.5449924
1908,905944,3.794689,2.9865122
1093,687800,5.475633,4.627602
1583,724834,3.58153,2.6862917
1909,722046,0.757118,2.671795
1037,753604,2.222225,3.9016104
1825,908463,0.30548,0.39705992
1034,687777,-0.753578,-2.149678
2174,687794,2.328103,2.8231063
1911,753604,-6.722054,-2.7858953
1024,724874,0.780832,0.40845844
1003,908460,-0.846608,-1.9491446
1259,906791,4.998399,2.9949193
2055,687799,2.509834,2.1660776
1199,905942,4.317741,3.6636758
1463,924244,3.223749,3.773146
1375,908472,7.109467,7.094445
2044,908474,1.549649,3.7994618
1916,1240190,2.324651,3.1074986
2170,724873,2.702595,3.9796853
1133,908460,6.095327,4.3873267
1023,722046,1.32781,3.4611173
1830,722046,2.692562,2.7631626
1237,753608,5.55612,5.388231
1909,722058,2.254358,2.703703
1930,687812,0.663968,0.74483913
1017,1298348,4.410796,4.773739
1048,1298537,5.295027,5.314407
1915,905972,4.057452,2.8938286
1598,687812,4.413191,4.217725
1854,724868,3.863662,4.612479
2109,687819,2.80316,2.63782
2046,1298348,2.39111,3.4230852
1378,908459,4.543439,3.9252813
1004,1290908,-3.146079,-3.1118999
1706,908475,1.63273,1.7763525
1239,1298537,2.238128,3.3345504
1168,687777,3.134475,3.101355
1553,687777,2.385113,3.7948003
1180,908473,-1.981026,-2.5501223
1910,753592,2.709789,2.0392728
1268,1240185,3.805179,4.137268
2158,724868,4.013956,4.1535296
1631,908459,3.22001,4.313317
1557,908465,5.886443,4.4730487
2498,724866,8.668581,8.902861
1621,908460,6.971529,4.898361
1776,905944,4.489427,4.4212217
1029,1240145,5.659536,5.605907
1175,1298350,3.349611,4.0816307
1564,724878,5.879027,2.9778044
1918,1240185,2.60747,3.0970402
1853,753600,4.623863,4.260849
1779,924244,1.391679,1.1151491
1080,908465,-2.82989,-3.2557883
2156,724868,1.459925,3.0625196
1598,1240190,5.167132,4.3250837
1578,722058,4.996637,5.2287526
1052,753604,1.14795,4.6474724
1058,905972,2.900335,1.1721238
1047,908460,6.965387,4.7568245
1062,724866,3.147275,3.8385684
2359,722066,5.540498,5.678193
1932,687807,3.941273,3.1891408
1069,753608,3.722487,3.8054833
1838,1298347,3.771198,3.72779
1375,724878,7.871105,7.0770864
1511,1298537,-1.315327,0.68212086
1845,1298348,4.144999,2.4928095
2057,687816,5.177404,5.2665195
1779,687816,2.225135,1.6521707
1706,687800,5.948671,2.2952194
1051,910931,0.603265,2.232966
1909,753592,2.353149,2.421977
1816,722046,2.9005,3.8056707
1560,687821,7.267228,4.2068253
1019,687799,2.259236,3.2164183
1626,1240187,2.407527,2.8279483
1558,753604,-0.372644,3.741475
2499,905970,11.548355,11.062579
2498,724859,6.992724,8.926808
1054,753592,3.449682,3.4835968
1043,687800,5.922795,5.953804
1776,753600,4.352279,4.956506
1927,687777,4.950957,5.568945
1016,908473,1.803173,1.1007302
1030,905970,6.999662,5.4439063
1003,724834,-2.692533,-2.2167945
1918,687794,2.815317,3.1098523
1811,724878,-0.455494,-3.0102105
1175,687807,6.290382,4.4307775
2110,1298347,4.399866,4.6900454
1578,905972,6.679168,5.51727
1022,908472,1.807947,1.0026928
1613,722066,4.728241,3.508327
1852,910900,5.463882,5.5342813
1030,753600,4.787435,5.2595625
1013,753608,3.915087,3.4462852
1634,908463,5.015617,4.703547
1053,908459,2.52689,3.1145203
2096,908473,1.612621,2.5637321
1191,687807,-1.181718,-4.455096
1852,724874,4.797803,5.516285
1020,910931,4.570979,5.270709
2109,722066,4.978198,2.9403963
1190,724834,-0.642437,0.5408668
2047,722046,0.762371,2.6732473
1799,724859,6.37573,4.5053205
1583,724878,3.327868,3.0854058
1030,687798,5.115149,5.145031
1067,687820,5.235757,5.522663
1511,906791,-1.645609,-0.4559469
1799,753608,-0.027668,4.5452538
1023,687794,1.740751,3.471285
1069,1298348,4.739433,3.5499423
1401,906791,4.197934,2.539433
1855,687802,6.673831,4.726633
1615,722058,4.835446,5.181799
2171,722066,3.531871,2.6875927
1873,687798,0.571886,1.5008787
1845,908460,5.805783,2.6170897
1259,687800,4.330838,3.8001082
2158,1240187,5.822195,4.3622084
1911,753608,-4.680032,-3.110549
1049,724873,3.680431,3.7876322
1512,1240190,5.925509,5.6435986
1060,753600,3.583298,1.8237928
2438,908473,12.400009,11.502558
1631,910900,2.51306,4.0154433
1021,1240146,4.675432,3.6182745
1930,722045,0.570502,0.9906078
1926,724866,1.302,0.81888354
1809,908475,3.371482,1.345806
1033,910931,4.863823,5.09709
2047,1298537,3.158196,3.1676993
1618,687798,4.017817,4.0453167
1909,1298537,2.758311,3.2882009
2498,687798,5.954592,8.996163
1803,908465,5.561893,4.2294745
1811,687821,0.884562,-2.4357667
1916,905970,3.614145,3.6665933
1622,724874,5.996038,4.618762
1908,1290908,3.601145,2.8841352
1177,687812,5.207505,4.4073544
1803,724866,2.799716,4.569679
1854,753608,6.126745,4.8629265
1778,924244,3.380156,3.0624666
1179,905944,1.241227,0.65907335
1375,753608,6.865927,7.099662
1237,910900,5.178613,5.486408
1634,687794,4.253016,4.377632
1941,910399,-5.625103,-3.8224761
1020,908459,5.941491,5.809291
1939,1240187,5.103217,3.2771497
1512,722058,3.948191,5.48887
1191,1298348,-2.549623,-4.435027
1803,687777,5.230167,4.663389
2107,724866,5.217015,5.25771
2171,1290908,3.361707,2.7820284
1941,905942,-5.978775,-3.9285483
1933,1290908,5.196615,4.913456
1048,724874,6.929169,5.243847
1038,687821,7.792674,3.8442287
2109,906791,1.179311,2.5436406
1873,753608,0.877001,1.2404164
1069,905972,3.89992,3.924628
1020,908473,6.985603,5.294819
1924,1298350,2.132622,3.9135852
1268,908460,7.136903,4.3382826
2171,687802,4.132857,1.991959
1928,905970,6.191982,5.307934
1510,687821,6.636651,4.0150123
2498,908475,7.871086,8.802821
1034,687807,-1.683863,-2.6424146
1855,687821,7.249257,5.8685074
1091,905942,2.552656,2.185039
1873,1290908,0.410645,1.17913
1936,724878,3.312097,3.2337132
1057,687800,1.331452,-1.2490792
1249,724866,4.34853,3.619597
1813,908473,6.083956,4.978739
1018,905970,7.103514,6.221807
1816,908460,5.551043,3.981442
1560,753592,4.030166,3.6339822
1058,1298350,0.999387,1.1221529
1786,908473,3.457945,2.7717361
1248,724834,-1.99911,-3.2224274
1618,1240190,4.362633,3.883468
1051,1240187,2.772083,2.597962
1806,724859,4.916546,5.1418204
1062,724874,0.687519,3.9376566
1926,1240146,0.671127,0.56343424
1131,905942,6.394008,3.966804
2159,905944,4.172644,3.4093304
1593,1240190,1.697261,2.678133
1578,724878,5.437837,5.5934834
1817,724868,-5.313472,-4.8513384
1016,910399,-1.261655,1.0966212
1720,1298348,6.228435,4.2517242
1373,724834,3.743291,4.1825376
1786,906791,5.065075,2.7322
1373,908459,5.918583,4.686634
1806,687802,7.973029,4.4248633
1200,1240145,3.65391,3.637436
1922,905949,2.035706,2.8581977
1036,1240146,3.30249,4.6258016
1910,1240185,1.381429,2.3013372
1621,1240190,4.746647,4.8274
1243,753604,1.742002,2.9940848
1812,1240145,2.739105,3.1110446
1810,687777,1.589826,2.226266
1017,687802,6.579333,4.496624
1613,724859,1.986698,3.6224945
1059,722066,2.008619,0.32179734
1068,924244,1.150432,0.47697154
1494,722046,-4.468845,-3.3283587
1046,722045,2.000734,2.273263
1624,906791,5.408728,3.3957686
1916,1240145,1.404632,2.7667422
1927,753608,5.411301,5.3600016
1564,687820,3.787722,2.7844286
1053,905949,2.499743,3.1428032
2106,724873,2.029321,3.276
1180,1240190,-2.377806,-2.2475896
2045,722066,5.256612,5.110315
1580,905970,5.922504,5.394976
1086,906791,-0.255786,-0.2173375
2438,1298537,10.963339,11.911725
2044,687820,5.878055,4.168401
1598,910399,5.223051,4.2556663
1052,1240190,3.034692,4.178338
1928,722058,2.791619,4.638944
1997,1298350,3.621412,3.8165865
1553,905944,3.885533,3.1400688
1553,687821,6.383923,3.8691418
1059,687777,-1.691783,0.52783316
1043,724868,4.612275,5.535652
1931,687816,7.047003,6.302924
1843,1298347,3.860446,1.0265238
1249,1298347,5.003216,3.6539373
1578,905970,5.055846,5.7980146
1799,724868,5.177341,4.244284
1133,1240187,4.560822,4.265663
1093,905942,4.238204,4.0984516
1091,1240145,0.313501,2.1051493
2111,924244,4.312154,4.194004
1046,724874,5.227073,2.3847675
1079,910399,-3.148041,1.0606532
1782,724878,6.170668,5.8385
1175,1240185,3.891064,4.0591583
1372,1240145,-2.292492,-0.19516268
2048,687802,0.972189,-3.3014627
1853,1240185,2.600979,3.8951943
1835,724866,7.016217,4.3112483
1373,724873,5.80168,4.315083
1268,722045,3.133589,4.3984823
2011,724868,3.586361,4.0971723
1010,908475,4.20082,3.3136663
1553,722045,3.886671,3.4340415
1199,724873,4.189587,3.96379
1061,722045,5.48262,4.226247
1617,908459,-2.897443,3.103213
1061,905949,5.128954,4.511717
1005,1240190,3.813085,3.6723647
1940,753592,2.951975,3.5897293
1024,905972,0.102332,0.1375842
1849,905942,-1.090221,-0.33389124
2010,687819,6.185576,4.085014
1021,753608,3.249625,3.9227474
2045,687816,5.282337,5.469153
2045,908473,6.015105,4.8944793
2110,1298350,3.180657,4.5443897
1624,1298347,4.614241,3.8191476
1067,722066,4.599888,5.350365
1033,687812,5.203455,5.1623926
1578,905944,4.682365,5.193819
1849,905972,0.377727,0.14931336
2177,722046,1.293235,2.03971
1133,908472,4.115803,4.4292927
2172,722045,1.751117,2.7909467
2039,1240146,4.337831,3.4012666
2159,724878,5.819765,4.0265493
1563,724878,7.306289,6.02778
1180,1298348,-3.835343,-2.1555233
2172,687821,6.822533,3.2651706
2110,908460,6.314276,4.7335615
1849,1298348,1.5761,0.30624953
1630,724866,3.533352,3.8764522
2039,1240190,3.752296,3.4860358
1036,910931,2.828501,4.530051
1072,908473,6.561627,4.9151545
1782,905972,5.745396,5.7724066
1816,724834,6.419281,3.7566462
1375,1298347,5.319093,7.0952873
2037,724859,5.105592,3.8539543
1804,1298348,1.229422,4.318816
1026,687819,0.521763,0.5615461
2040,687812,1.061947,1.3400756
1580,908460,7.109302,5.0719757
1062,687798,3.376432,3.768137
1613,1298537,3.875462,4.044289
2057,908472,3.141039,4.8821754
2148,1240146,1.10245,1.3155677
1021,908474,-0.824295,3.4854836
1030,687816,5.835773,5.4125657
1910,687807,2.949271,2.7046216
1507,724859,5.761101,5.232773
2359,1298350,5.466597,5.611041
1507,687798,4.609897,5.3521776
1017,722045,4.657702,5.0323186
2039,687799,2.296556,3.4118297
1007,722046,-6.92488,-3.5640461
1838,908460,5.51679,3.764245
1033,905970,5.024193,5.7263303
1810,908460,4.038643,1.4359819
2170,687794,2.872227,3.796091
1915,724874,2.915411,2.8956
1199,905944,4.939521,3.8307552
1941,910900,-5.532901,-3.4910314
1802,753600,4.056928,4.3534365
1088,753608,2.991931,2.7525492
1036,722045,3.209177,4.8216596
2498,1240190,7.841516,8.8472595
1622,724866,4.142367,4.4610143
1815,753608,6.571087,6.1021686
1072,908463,6.297649,5.25395
2154,687821,5.339434,3.346614
1559,1240185,-2.243163,-1.5527271
1179,687807,3.306783,1.0644408
1373,687819,6.135436,4.122139
1838,1290908,3.727766,3.7547307
1580,1240145,5.249576,4.7574444
1060,905970,1.007133,1.8578724
1617,908463,4.505827,2.9024642
2170,924244,1.327172,3.839508
1581,724878,4.076754,2.8978653
1060,905942,1.085171,1.27638
1378,908475,4.987933,3.3802586
1032,687799,-1.540761,1.7755185
1249,905970,5.629726,4.084689
1025,924244,3.915308,5.3869114
1093,1298537,3.522402,4.731032
1510,908475,3.220047,3.5886154
1401,905970,3.699943,3.4771814
1149,908474,1.372105,1.9264622
2158,905949,4.985414,4.815857
1549,724874,4.273215,4.112621
1838,908463,4.316042,3.8675141
1634,906791,4.923897,4.2717657
1067,1298537,5.254138,5.530306
1005,1290908,4.450993,3.7134438
1825,905942,-1.463716,-0.62632895
1010,908474,3.518444,3.2772908
2171,910931,0.421464,2.3671656
1250,753600,2.717982,3.2182426
1925,905942,4.883366,4.9957933
1813,724859,6.000158,5.2727575
1051,687798,2.914266,3.1355388
1598,753608,4.07846,4.462781
1091,910399,0.532581,2.4302053
1581,724859,2.754268,2.8308005
1032,753604,-1.419728,2.0736794
1007,908459,-3.977612,-2.3018236
2010,724859,6.314604,4.4103394
2107,910931,3.202807,5.0100203
1133,910900,3.068375,4.518927
1617,910900,2.287761,2.9176354
2044,753592,2.780459,3.5446477
1925,924244,5.84759,5.1420074
1441,1240190,0.45759,2.3098242
1175,724866,5.168759,4.274934
2096,906791,3.255682,2.5998163
1617,905944,1.478557,2.4382076
1053,724874,2.879843,2.977493
1010,722066,2.496927,3.3791442
1069,910399,4.940797,3.7225847
1549,687798,-1.364354,3.953478
1549,687802,2.768635,3.7748075
1853,905942,1.073567,3.8392725
2158,753608,4.706966,4.552804
1022,687807,1.525758,0.7363698
1620,722066,5.287895,5.766391
2177,908460,3.054451,2.3293777
1096,687794,1.377276,2.7369187
1819,724878,2.039527,-2.8599682
1020,687819,5.874827,5.1926775
1086,905970,1.780192,1.6273283
1239,1240187,3.33121,2.791061
1026,908463,3.211524,0.6727278
1996,1240190,4.133949,4.152961
1061,724859,5.143774,4.1762137
1014,687807,4.215678,2.5120742
1933,753608,6.250932,4.9985175
1036,924244,4.747988,4.578686
1581,905944,1.674654,2.456371
2156,753600,5.516126,3.6247687
1043,1298347,3.989316,5.83473
1940,687799,3.469084,3.5558233
1811,1240185,-2.420014,-3.420602
1003,687777,-1.629546,-1.2645863
1180,1240185,-3.024388,-2.4074812
1062,1240146,6.641181,3.6022043
1149,724873,0.96253,1.9368271
1594,906805,1.018091,3.231983
1043,724866,6.001107,5.8218503
1802,1240145,4.010359,3.8331366
2159,687800,5.995605,4.215864
2048,687794,-5.077501,-2.5536962
1615,908465,6.615399,4.9048834
1259,724868,2.271758,2.92549
1084,1240146,-0.41408,-1.800179
1557,687816,3.722023,5.2062263
1997,724874,2.45416,4.1442537
1561,724878,2.755659,2.6160486
1052,687816,4.619992,4.6147447
1626,905949,1.100481,3.2512867
1022,687799,-0.2067,0.58610576
1375,1240190,7.350403,6.9501734
1614,908460,5.67621,4.526292
1927,924244,4.203592,5.135665
1051,753600,2.758428,2.9079485
2170,1240145,2.022357,3.6405592
1019,1240185,2.929935,3.089098
1635,1298347,4.305722,5.5893693
1941,1298350,-4.927489,-3.461175
1093,722046,3.89758,4.291593
1926,906805,-0.909025,1.0419754
1042,753600,4.200778,5.5935903
2154,908463,4.810861,3.0282688
1237,687807,6.969518,5.4693165
1021,905942,2.444436,3.1470525
1855,1298350,3.896812,5.288434
1817,908460,-4.865662,-4.579486
1449,724866,6.610214,5.6414313
1799,753604,-0.746076,4.6924677
1802,908459,4.583486,4.416548
1941,724878,-4.307551,-3.5692658
1017,753608,4.303079,5.074852
2158,722046,2.759433,4.2655506
1925,753592,4.455568,5.0298657
1073,687807,6.457957,5.1001883
1199,908475,2.83339,3.941371
1632,753600,3.945708,4.202469
1373,908465,5.176917,3.92801
2107,908465,6.133159,4.814814
1627,908465,4.286788,3.351243
1086,1240185,-1.643399,-0.10000539
1827,1240146,1.928063,0.6160353
1830,908465,3.78672,2.5920382
1048,687800,5.66278,5.208869
1613,724874,7.084242,3.7829096
2106,722046,1.570733,3.1139345
1091,1290908,0.092203,2.4582248
1855,687794,3.184881,5.1527133
1918,908465,3.966679,2.9134417
1378,724859,2.321734,3.5860968
2111,724868,4.054269,4.071622
1011,1240190,5.247869,2.2855046
1936,724859,4.028124,2.9523282
2154,908465,3.371905,2.4716418
1510,905944,4.135141,3.526285
2177,722058,1.936089,2.2790618
1194,905970,5.222138,3.8766935
1025,687794,4.848267,5.3251486
1997,908459,3.960516,4.210836
1372,1240146,2.246463,0.024336258
1243,687794,1.509207,2.5735555
1720,908463,7.396769,4.6407833
1373,908475,3.888041,4.295601
2037,905972,5.028076,3.8537486
1916,905972,3.622725,3.2095044
1014,724868,-0.00175,2.2710176
1843,1290908,-3.275034,0.4930151
1177,908473,5.94977,4.336394
1191,724868,-3.267601,-4.675688
1827,1298347,1.087054,0.78955466
2039,753608,3.164145,3.6253326
1559,687800,-2.592646,-0.94874513
1047,687799,4.868791,4.647068
1580,753600,4.620625,5.226938
1053,724859,3.724197,2.8241274
2038,1298348,3.840255,4.5161495
1779,905972,1.162664,1.3122386
1069,724834,4.193126,3.573792
2439,687816,10.206273,9.45188
1615,1240146,5.517331,5.232623
1020,924244,5.488035,5.3608313
1916,722066,5.52694,3.1648843
1069,908460,5.943341,3.7904997
1051,908460,5.092646,2.6544325
1093,1240185,3.865621,4.247917
1553,1240145,2.538271,2.9366593
1564,724873,1.994912,2.6716084
1060,687820,0.857394,1.5154449
1057,1290908,-2.467916,-1.638534
1018,1298537,4.661761,6.0712595
1084,905942,-0.899385,-2.1761742
1059,908460,3.779594,0.22427818
1922,924244,2.657829,2.373693
2170,687816,6.630318,4.339473
1052,722058,2.449517,3.980568
1512,910900,4.940873,5.8389654
2044,687821,5.694669,4.475852
1578,724859,4.655038,5.4681797
1617,722066,1.930831,2.7133522
1581,906791,3.851232,2.4775171
1007,908460,-1.691504,-2.9360926
1815,1298350,5.376597,5.9249315
1909,905970,3.084384,3.4064932
1089,1298537,4.979765,5.6513886
1632,1298348,4.98344,3.809409
1175,724874,7.203355,4.4409294
1813,905942,5.536039,4.7304726
1079,722045,-1.543296,1.2082998
1239,687821,6.545548,3.371614
1930,724878,2.990436,1.0539513
1449,905972,5.988185,5.7183237
1618,722066,4.983283,3.944097
1564,753592,2.166534,2.5073667
1250,724866,2.257681,2.9972022
1033,1240187,6.028943,5.226653
2048,1240145,-4.383511,-3.540745
1854,908463,6.264519,4.9082694
1626,908473,2.622976,2.6049223
2439,908472,9.669219,9.179288
1582,722066,4.234744,4.6230974
1149,908475,1.915346,2.0008628
1003,924244,-1.465012,-2.341608
1058,1298537,1.073203,1.4548408
1048,753600,5.415573,5.2499304
1862,1240185,0.716903,-1.1709404
1046,908473,4.710111,1.8859907
1034,908460,-0.64137,-2.6007347
1019,1298537,2.373489,3.708952
1511,908460,2.575716,-0.111101806
1043,724859,4.518237,5.830265
1054,1240190,1.838764,3.9830322
1817,924244,-6.030686,-4.84195
1149,908460,6.618548,2.135354
1004,1240190,-5.785483,-3.0694633
1449,687798,5.588072,5.7240067
1057,722045,-2.252425,-1.4942876
1932,910931,1.324874,2.7941713
1815,908459,5.231167,6.28178
1564,724834,0.657145,2.4725032
1926,687800,1.753987,0.9157819
1007,722058,-5.292858,-2.907971
1067,1298350,5.602075,5.1700087
1038,905970,3.566118,3.7476401
1038,724834,4.449989,3.1186419
1088,722046,2.097178,2.2747366
1048,687812,6.699893,4.868685
1259,1240187,1.69957,3.366323
2177,753600,2.620818,2.5429232
1926,724873,0.229081,0.5307313
1927,724868,4.818674,5.034904
1057,1298537,-1.360552,-0.9730628
1786,687799,2.452895,2.9355745
1072,910900,4.550138,5.308652
1034,924244,-4.368655,-2.830305
1635,1240146,5.614234,5.474515
2057,722046,4.565146,4.846104
1622,724868,4.126374,4.2270865
2171,687819,3.629624,2.508473
1847,1240190,4.615088,4.929677
1043,908474,5.245171,5.663562
1378,910900,2.594848,3.6872036
1804,687816,7.677505,4.9155035
1615,753600,4.512924,5.569644
1085,1240145,2.304051,2.5962102
1578,724866,4.588428,5.44409
1180,1240187,-2.598364,-2.1102638
1581,908473,1.986461,2.5274887
2096,910399,2.088222,2.821986
1008,906805,-0.35383,1.1804901
2172,687800,3.441007,3.0391035
1058,1298347,1.629859,1.1416177
1180,905944,-3.533339,-2.509226
1018,724874,7.556567,6.024632
1632,1240185,5.189668,3.739809
1620,724878,6.881773,5.9586926
1020,687799,5.775765,5.4370794
1561,908473,0.498682,2.0890093
1576,1290908,3.195537,2.8830335
1558,1240190,4.452013,3.469789
1931,724878,6.884855,6.067179
1564,687821,1.793089,3.1833735
1910,722066,3.09475,2.5044804
1917,1240145,3.108276,1.7961029
2158,908475,4.915622,4.338599
1706,908459,1.811985,2.4418125
1814,908460,6.386141,6.309776
1131,753608,6.120019,4.783819
2046,1240190,3.933138,3.5273552
1052,910931,2.024009,3.8615155
1375,724866,7.544771,7.029154
1250,1298347,4.992426,3.1392632
1047,908473,3.91889,4.473819
1529,687820,4.228881,1.9195915
1827,910900,-0.455732,1.2413349
1020,724873,6.241615,5.4941225
2156,905949,1.847181,3.7490766
1010,687819,4.047942,3.0392742
1079,724874,1.21527,1.2663751
2498,1290908,7.740068,8.938104
1175,908459,5.489586,4.4881363
1054,687798,4.414882,4.328064
1919,687820,3.553966,2.3029547
1564,753600,5.104459,2.9383137
1808,724878,-0.386382,1.2521027
1463,905972,3.3937,4.003494
1580,908465,6.343699,4.6388073
2048,906791,-3.472322,-3.0786133
1512,687802,5.785125,5.3106256
2038,908474,4.151082,4.3963084
1845,910900,0.006691,2.7391286
1089,1298347,5.593203,5.25857
1622,905972,5.5741,4.5875354
2011,687798,5.156689,4.52466
1622,905942,2.173742,4.1693783
2107,1298347,4.516018,5.2167015
1029,724868,5.22611,5.6733084
1624,753604,1.681784,4.04963
1931,724834,6.535363,5.776225
1635,908459,6.127917,5.834028
1576,724878,4.488825,3.1830268
1237,908475,5.207528,5.256551
1237,908474,4.09567,5.2522697
1614,687794,5.15876,4.3505917
1083,908475,1.462928,2.9121127
1259,908475,3.376825,3.1320066
1706,1298537,-2.065165,2.5302188
2154,1240187,3.050303,2.7983832
1634,753600,4.409671,4.7507954
1512,722066,5.397311,5.6549997
2498,722066,8.035996,8.858539
1917,910900,2.613789,2.4099493
1029,687807,5.828009,6.1200686
1561,1298537,2.559883,2.7674556
1827,687812,2.221075,0.71091354
1810,908463,2.352836,1.6510524
1511,724873,-0.356493,-0.6669907
1129,910931,5.184598,3.5942445
2096,687798,2.844759,2.9983659
1020,724834,4.924222,5.32434
1053,724834,5.379797,2.5610654
1259,1298347,5.067698,3.6276448
1083,906805,3.557925,3.595286
1069,905944,4.538949,3.751133
2043,1240190,5.820175,5.15979
1782,687816,5.997069,6.0606937
1622,687816,5.857169,4.787816
1021,1240145,1.641128,3.2401676
1862,753592,-1.493508,-1.1946543
1909,753608,2.091626,2.9803562
1072,724834,6.039151,4.934031
1617,687794,2.091494,2.616675
1259,724834,3.679746,3.1150699
1248,908474,-3.356736,-3.3048582
1632,687802,5.769357,3.5135465
1912,687812,4.534536,3.0132964
2175,687794,4.770873,4.659294
1561,753604,-1.382492,2.6333485
1529,753604,-0.143055,2.153625
1918,753604,1.007747,3.4094872
1553,724859,4.412114,3.3956614
1843,906805,2.545713,1.2200018
1910,722058,2.58689,2.371055
1810,905972,-0.193226,1.0933603
1093,753592,4.38395,4.13392
2173,724834,5.525017,4.1278515
1816,924244,4.303921,3.8104634
1023,910399,3.586122,3.6376247
2040,905970,2.91852,1.9903778
2037,908474,4.342657,3.663873
1830,724834,4.075978,2.7870438
1825,722066,-0.174167,0.14158657
2096,724873,2.121835,2.890597
1624,687800,5.153051,3.9611094
1449,905942,5.315879,5.2972083
1059,924244,-1.013645,0.005613761
2046,1298537,2.496221,4.045409
1922,1240185,4.368495,2.3440642
1808,724834,-0.151991,0.89320856
2171,1298537,2.071322,3.4324331
1916,908465,3.931139,2.7092347
1168,1298348,0.05517,2.6978426
1239,724874,5.623655,3.0542836
2011,906805,6.179658,4.842133
1372,908473,-2.550487,-0.112885386
1806,908475,6.697668,4.8366337
1007,687798,-3.584264,-2.32452
2111,722058,4.283745,4.2213216
1808,908473,0.77666,0.7588684
1997,905972,4.980107,4.032533
1615,905972,6.030484,5.434361
2171,905944,4.674216,2.010132
1578,1298350,5.172765,5.2815585
1191,753604,-5.371085,-4.332963
1997,753604,4.91644,4.215966
1191,753600,-2.714051,-4.2483683
1915,906791,3.000938,2.4421887
1629,905970,4.124746,5.1853013
1038,1298348,4.479117,3.1559558
1096,910931,-0.248295,2.378255
1922,908460,5.836243,2.5632124
1549,905944,3.614534,3.989534
1068,905944,1.109268,0.67383033
1799,1298537,4.757224,4.66186
1017,722066,5.119205,4.9154024
1191,908472,-3.19231,-4.1787624
1190,687802,2.04209,-0.041963942
1017,906805,5.760083,5.446595
1933,908474,5.44457,4.671825
1706,1298347,3.115649,2.1538548
1067,687800,6.18944,5.437316
1849,1298350,-0.61429,0.47491905
1631,687777,4.10454,4.5085163
1561,724868,1.740366,2.1178117
1825,687777,1.590791,0.9655111
2177,753592,1.136443,2.070456
1006,1240146,2.259293,2.3785253
1779,908459,1.347789,1.6608012
1011,722058,3.286692,2.1911705
1191,924244,-5.920959,-4.6781607
1626,924244,3.492717,2.6297994
1939,687821,4.811035,3.8221784
1926,722058,0.689186,0.8511174
1613,753604,2.244558,3.9374604
1375,687821,8.521234,7.4847946
1852,687802,6.063797,5.020548
1248,687777,-3.532977,-2.5449138
1058,910399,-0.475506,1.0324517
1831,1298537,3.424846,4.1527925
1593,908473,2.841577,2.446402
1022,687812,0.19926,0.5403015
1237,905972,6.502281,5.429324
1007,687812,-3.805236,-3.2190423
1025,910399,5.456351,5.4082584
1375,753604,3.999025,7.325094
1059,724834,1.582117,0.011404151
1003,687820,0.387214,-1.9705185
1778,687821,6.418774,3.7534974
1916,908459,3.3893,3.5155773
1239,687820,6.221657,3.020421
1810,924244,0.147977,0.93672717
1088,687800,5.175394,3.0106237
1830,905942,1.649785,2.636153
1853,753592,4.239788,3.9737482
1928,905944,5.369049,4.5005894
1627,924244,3.397195,3.6240647
1618,905949,2.568234,4.303874
1626,910399,0.793374,2.5929646
1582,1240146,5.616338,4.49669
1043,910931,3.814411,5.568206
1512,908474,5.130902,5.537919
1825,724866,-0.110187,0.31903875
1191,687812,-4.980041,-4.57847
1022,908475,-2.010962,0.5707522
1023,1240146,4.324004,3.4758134
1594,687798,1.29608,2.9190729
1918,724834,4.692339,3.0600364
1919,753592,2.343446,2.126174
1054,687807,6.209129,4.1782064
1553,687816,1.625119,3.7270126
1827,1298348,1.36419,0.7886261
1507,908473,6.37744,4.93828
1372,1298348,0.313144,0.19432545
1003,1298347,-0.931806,-1.6928889
1855,724878,7.657908,5.3901258
1179,753592,-0.012874,0.5032157
1049,687798,4.249009,3.99882
1936,753592,1.883059,2.7621684
1011,687819,1.936106,2.1166356
2499,724834,10.44903,10.538788
1922,722066,2.873935,2.619725
1581,1240145,0.946504,2.3692408
1067,905942,4.739254,5.0842237
1634,908473,5.529379,4.3287444
1815,687816,7.310265,6.301856
1239,1290908,1.793565,2.8654675
1932,905949,2.654936,3.3973818
1580,724866,5.481835,5.0665655
1917,687802,4.005339,1.8188747
1634,724859,4.219108,4.6025915
1931,687820,7.572684,6.160836
1627,908475,2.951196,3.706141
1057,724868,-2.927542,-1.754275
1873,905942,0.973484,0.91858774
1021,722066,3.680002,3.7236075
1190,687812,2.885272,0.6281032
2045,722058,3.927657,4.952303
1199,687819,3.269473,3.6593964
1932,908474,2.701946,2.9257576
1057,724874,0.123153,-1.4156996
1093,687821,5.884034,4.926047
1776,687812,4.989027,4.5616655
1061,1298350,4.819569,3.9599893
1042,722066,5.056701,5.3909607
1032,1240187,1.813578,1.9094865
1916,910931,2.605275,2.9188905
1811,910900,-3.432178,-2.8370345
1033,906791,3.889265,5.04284
1051,722045,2.969732,2.6691537
1786,1298537,1.489408,3.424598
1013,905972,4.708591,3.346109
1032,722058,3.99056,2.0329788
1803,753600,6.743502,4.743695
1928,908473,4.120685,4.5796757
1996,1240146,5.000754,4.0569196
1915,724868,2.893006,2.5430355
1847,724878,6.876731,5.0796022
1401,910900,2.300026,3.0862036
1614,1240190,4.559313,4.4605465
2047,687816,3.86184,3.3490982
2037,687802,4.907076,3.4253244
1997,910399,4.35599,3.816454
1933,905942,5.1325,4.372751
1068,1298348,1.058418,0.68223614
2109,905944,3.022085,2.818839
1617,1298347,1.915242,2.8253026
1632,753604,2.825472,4.306653
2158,905944,3.305165,4.139052
1810,908465,2.739075,0.6709867
1927,687820,6.137086,5.4320936
1936,722066,2.305219,3.026546
1593,905942,3.277881,2.1816337
2157,1240146,6.017634,4.8348413
1179,1298348,0.925355,0.9788322
1011,724866,3.836761,2.3816552
1779,687798,1.236546,1.5700308
1816,687816,6.140562,4.2911196
1615,908459,5.499796,5.651683
1634,910900,3.031653,4.750202
1931,908474,5.355674,5.771905
1046,906791,2.737065,1.8670627
1627,724874,4.227359,4.000115
1010,687798,1.494992,3.321587
1050,908473,6.161924,2.7650044
1621,1240145,4.431772,4.4959173
2148,724834,2.025281,1.2745618
1631,908473,2.987362,3.5205204
2173,1240190,3.924921,4.2828064
1576,910931,2.973056,2.698764
1618,908473,6.276069,3.698443
1925,910900,5.112109,5.4449244
1598,687777,3.230686,4.698944
1843,753600,3.160027,1.0050149
1810,908459,1.88835,2.0328286
1812,908463,5.243709,3.7260308
1580,722066,5.12707,5.0492496
1079,1240146,-1.569253,0.9348333
2171,687816,0.77989,3.1836104
1936,908460,5.082607,2.9487376
1004,722046,-7.124801,-3.6171675
1625,724834,5.644875,5.1693716
1021,724878,4.032657,3.8706927
1924,905944,5.229204,3.8694532
2037,908475,4.273349,3.706141
1910,910399,4.468342,2.2989726
1617,905970,5.537133,3.2481964
2096,1240145,0.737244,2.5129972
1933,724874,2.905863,5.090047
1845,722066,3.046978,2.5002942
1916,1240146,4.217306,3.008782
1200,724878,4.596957,4.1281195
1631,910399,1.86416,3.4769483
2499,905944,10.020647,10.44365
1190,908473,0.244266,0.37804908
1918,906805,2.783544,3.6295323
2044,905944,3.326431,3.6159005
1593,908459,4.139779,3.127489
1830,905972,4.160854,3.0817575
1068,1240187,1.676913,0.71691173
1919,1240187,3.062089,2.1465917
1549,724859,4.953649,3.978057
1168,687794,3.568377,2.726328
2010,724878,6.885146,4.4384966
1564,1240145,0.513483,2.283205
2096,753608,2.184338,2.9120934
1635,905942,5.00207,5.315919
1373,724878,6.571956,4.5545435
1580,687816,5.470482,5.376523
1830,1240145,2.032762,2.6071835
1922,1240190,3.10032,2.4361882
1268,908475,4.841797,4.310148
1032,687812,2.331593,1.8305949
1049,908475,2.492138,3.769018
1073,908475,4.957492,4.6937323
1043,687798,5.880526,5.942729
1089,724859,3.210312,5.1418204
1034,905949,-4.472829,-2.5411382
1003,687798,-4.135944,-1.3911482
1940,724859,5.375886,3.7677236
1831,753608,4.215931,4.0332584
1375,687777,7.317179,7.5363817
1010,1298537,1.803538,3.465314
1199,722045,6.164827,4.0527577
1088,910399,2.999702,2.228224
1088,908472,5.79464,2.8863451
2173,687800,4.778257,4.503562
1049,908460,3.840921,3.8877091
1401,1240190,1.745911,2.8373346
1047,1240145,5.164956,4.312868
2148,905944,0.296773,1.2788521
2148,1290908,1.487185,1.4449459
1449,724859,6.253771,5.669323
1855,1298537,4.841769,5.786392
1059,687821,1.946791,0.6324161
1510,724873,3.262993,3.630334
1059,908475,-0.903714,0.2049496
1511,1240185,-0.10956,-0.3993217
2177,687812,2.300664,2.1367426
1010,908472,2.963668,3.2699504
1016,724834,2.458868,1.2026292
1133,905972,4.773687,4.361335
1061,724868,3.010413,3.9272268
1803,1240187,5.314938,4.4045324
1831,687821,6.57936,4.45353
1088,687819,5.544103,2.4685693
1032,687800,1.798,2.0612345
1053,906805,2.416262,3.2306674
1634,687798,3.485982,4.64525
2045,908474,4.673475,4.974532
1014,905942,1.930582,2.1615856
1855,687777,5.965018,5.9365764
1922,687798,4.779838,2.7172837
1626,722066,2.960704,2.8298137
1014,1240190,0.570877,2.2946312
1072,905972,6.062736,5.2381935
1558,910931,1.678623,3.3407664
1511,905972,-1.079664,-0.40856132
1237,724859,5.820685,5.3334
1629,687821,7.452832,5.2408056
1940,687819,2.992021,3.4797404
1512,1298347,4.868369,5.7059784
1617,687816,3.294974,3.0703976
1029,722045,5.886694,6.036951
1022,687820,2.886222,0.7325054
1017,908474,4.314144,4.779984
1561,905942,4.661952,1.9859847
1997,753608,4.852921,4.050871
1007,724878,-1.496825,-2.8599682
1049,1240190,4.59075,3.8052728
1561,908463,3.100985,2.538718
1004,1298350,-1.667532,-2.703557
1736,1298537,5.461204,3.901904
1779,722066,0.93408,1.3739439
1598,687820,6.217909,4.535264
1928,1240146,7.005153,4.675413
2438,908459,11.468696,11.921124
1042,908472,5.884708,5.3816214
1529,1240145,0.047613,1.1569048
2096,1240185,1.846883,2.7316165
1812,908475,3.271835,3.3802586
1634,905942,3.026474,4.213687
1190,1298537,4.811159,2.137463
1908,1298350,2.79717,2.8074322
1625,687816,6.546132,5.691516
1804,908473,7.373731,4.245673
1560,722045,3.110029,3.854579
1062,687820,2.669511,3.876511
1560,908473,2.668206,3.5016673
1022,908473,1.522328,0.37054375
1062,910931,0.498994,3.6153493
1915,753604,-0.86673,2.8301573
1932,908472,4.679932,3.0773053
1615,724874,6.813431,5.558796
1799,1298347,4.932594,4.434654
1809,1298350,-1.031699,1.9281577
1817,753608,-5.638441,-4.6291037
1873,687777,1.96245,1.603737
1598,687799,3.495959,4.264454
1849,908460,2.436222,0.31890348
1776,687798,4.652773,4.949684
1511,687802,0.394512,-0.6340458
1617,1298537,-5.890687,3.1430044
1239,687819,5.339869,2.609762
2010,687800,6.978395,4.6242805
1030,687820,5.297734,5.2580585
1039,724874,7.194211,5.0949287
1557,724866,5.584673,4.90178
1494,910399,-2.172387,-3.2679253
1559,724866,-0.149113,-1.2004634
1019,908459,3.704087,3.6698947
1494,1240146,-1.810422,-3.0538185
1026,724878,2.358482,0.80203766
1908,1298537,3.300471,3.1676993
1926,724859,0.584141,0.75287074
1072,722045,5.041148,5.197527
1180,908459,-2.624213,-1.6186754
2106,687799,1.490868,3.2261205
1932,908465,3.142907,2.5864568
1030,905942,5.315879,4.7575655
1919,724866,3.228194,2.3031406
1854,908465,5.636904,4.4537153
1084,687816,-1.175179,-1.3252198
1401,724868,1.157908,2.5222282
1549,687807,4.367683,4.113101
2111,724834,5.140426,4.1948833
1812,908459,3.681597,3.9252815
1598,722066,5.428113,4.3920407
1912,908463,5.991026,3.3411894
2010,1240185,4.561602,4.0822387
1997,1240190,5.495263,3.9033902
1919,722045,0.675624,2.3149638
1825,905972,0.905929,-0.10233435
1635,1298348,6.086675,5.4057274
1618,722046,2.076796,3.7796066
2157,687802,7.346208,4.573324
2040,924244,1.554109,1.2682463
1926,687821,1.68817,1.158326
1008,908474,-1.58701,0.6043716
1014,905970,1.853077,2.7561884
1583,1240146,2.091256,2.7318463
1928,687812,5.934985,4.6409297
2173,1240185,4.212616,4.123571
1050,905949,2.009312,3.4283748
1049,722045,4.043497,3.9384315
1010,722046,1.513941,3.031364
2158,1240146,6.220793,4.3017297
1922,724868,1.58982,2.286669
1576,908473,4.642691,2.599462
2046,687819,4.869524,3.3200347
1507,753608,3.816489,5.3044586
1931,722045,4.90916,6.0481234
1494,687812,-1.458337,-3.034586
2173,908460,7.427763,4.3644295
1083,1298537,3.182994,3.5565386
2439,906805,10.81917,9.553798
2172,724859,4.604914,2.776928
1191,687816,-4.084219,-4.198023
1621,687798,5.893807,5.0038013
1817,722066,-5.568886,-4.572132
1079,687794,2.212564,1.1509005
1996,687798,4.644335,4.317944
1033,910399,5.416622,5.200977
2154,724868,1.948006,2.632476
1916,1290908,2.192433,3.1762164
2156,1298537,4.86914,3.7313464
1046,1240187,2.299724,2.136911
1017,910900,3.326698,5.138581
1917,1290908,0.983212,2.2037125
1720,687816,6.406778,4.783593
1268,910399,2.294147,4.2885942
2170,1298348,6.686771,3.7719727
1017,1298537,5.177758,5.309635
1373,908460,7.293837,4.4127936
2439,753608,9.939598,9.265125
1190,724868,-3.16223,0.24058762
1091,687794,0.212954,2.395325
1853,687802,5.0107,3.8874264
1624,687821,4.965102,4.216572
1855,910399,4.270145,5.00177
1007,724866,-3.999984,-2.8322768
1812,724834,4.520115,3.3267899
1441,687802,1.668636,2.1746576
1811,924244,-3.278775,-3.5418482
1922,1298348,2.590532,2.3875804
1018,905944,5.124193,5.5677385
1563,1240145,5.493504,5.616289
1085,753604,2.402073,3.2745185
1917,687820,4.206365,2.3446398
1933,910399,3.156046,4.6461935
2107,687802,6.602542,4.905036
1918,687816,3.071733,3.6634932
1068,753592,-0.381854,0.4554813
2045,722046,4.991598,4.959862
1779,905970,2.485998,1.7635376
1558,687812,3.95059,3.3891191
1594,908459,2.283599,3.107123
1560,753604,1.467805,3.9469202
1621,908473,6.067979,4.6212635
2359,724834,6.55426,5.514386
1008,687812,2.605868,0.6467449
1835,905949,2.600995,4.6209817
1831,906791,3.424094,3.7473874
1006,724859,1.612221,2.6696239
2148,687802,2.20081,1.1457497
2159,724834,4.198634,3.6873863
1928,687800,6.361316,5.022887
2111,687816,6.519674,4.7883396
2499,908460,12.273638,10.73961
1072,1298347,4.619601,5.115547
2044,753608,3.554997,4.1087637
1058,687798,0.00604,1.3186243
1168,724874,4.158938,3.0315325
1917,753592,2.605677,1.8364437
1012,908472,4.677459,2.2124379
1940,908463,5.186695,3.8289988
1776,1240187,4.503317,4.665288
1030,908474,3.476119,4.985875
1931,910900,5.206081,6.1285357
1736,908459,3.10787,3.9631357
1061,687819,5.419942,3.838004
1019,724878,4.805672,3.4454997
2106,905942,5.315879,2.9429994
1031,905970,-0.276164,-1.0859762
2174,753604,2.472893,3.2264376
1598,1290908,4.115947,4.4017363
1012,906805,1.317322,2.5160642
1558,753608,0.498927,3.594232
1806,910900,4.190409,5.2478333
1026,724859,-0.405727,0.58216697
1928,910931,3.518749,4.5725217
1131,724834,6.6058,4.376932
1091,908474,2.033563,2.4845376
1020,722045,6.169803,5.6301084
1091,1298347,3.928726,2.5109408
2043,724859,5.246363,5.2523775
1615,722066,4.759508,5.3505344
2111,687819,5.226506,4.1477423
1814,687812,6.173513,6.122719
1916,908472,4.427292,3.2498362
1776,724878,5.814475,4.879305
1168,722046,0.527964,2.596284
1808,908475,2.525951,0.975414
1059,687798,0.052016,0.47543427
2148,724859,2.665373,1.5089248
1853,908475,5.801212,4.1069756
1510,724834,4.58434,3.4040875
1813,1240145,4.600733,4.810297
1629,724874,6.760778,5.003316
1909,753600,1.7703,3.093133
1494,687800,-0.304776,-2.517537
1598,906791,3.648889,4.0940742
1031,753608,-1.92469,-1.858484
1088,687802,4.407126,2.0316744
2499,905942,10.202358,10.401174
1018,753604,5.53567,6.102509
1060,687798,0.158025,1.6814781
1249,722045,2.258115,3.6487007
1634,1298537,3.887495,4.776012
1827,908460,2.231593,0.8495559
1627,905972,4.202904,3.8537486
2044,753604,3.757139,4.318424
1911,908463,-1.997952,-2.8851693
1033,908460,6.951604,5.360718
1175,687777,5.029639,4.567596
1017,1240187,4.216223,4.8665285
1776,753608,6.220035,4.834434
1593,1290908,0.077332,2.7448597
1806,906805,6.994295,5.6858077
1033,906805,4.932372,5.7589264
2169,687794,2.822582,4.311821
2045,687800,4.665451,5.334881
1036,724878,6.735283,4.880646
2111,908475,2.619857,4.265312
1013,753604,1.922404,3.673098
1936,1298350,2.826251,2.7996511
1613,905972,5.238688,3.5418036
1191,687800,-4.750321,-4.237686
1810,753592,-1.942224,0.4988641
1507,724868,3.945866,4.863294
1806,722046,3.261329,4.7734528
1854,1240146,5.900026,4.6542253
1073,1240145,3.010138,4.3388443
1924,910900,4.654545,4.3065395
1237,924244,4.772896,5.187063
1561,687802,4.777756,2.0745733
1085,905970,3.15949,3.5177052
1632,724859,4.424214,4.026117
1847,910900,3.28538,5.143901
1720,906805,6.692226,4.970776
1086,908463,3.32869,0.747809
1449,905949,5.735999,6.0056024
1084,687812,-0.030399,-1.7783206
2039,905970,4.44611,3.9143405
1917,724834,3.656476,1.998171
2039,908460,4.346434,3.5857615
1557,687821,7.393345,5.3053427
1913,687816,5.460545,5.7764773
1916,722046,1.200855,2.9472747
1239,687802,5.102467,2.2902875
2045,687821,6.864849,5.6088886
1625,724859,5.867953,5.4138155
1006,687807,4.930939,2.7056465
1463,722046,3.955133,3.7575736
1778,722046,1.735514,3.0071015
1441,910900,5.507514,2.6850276
1622,905944,3.374082,4.3454194
1815,905944,5.689507,5.689817
2107,1298348,6.532616,5.023115
1560,910900,4.263092,4.056347
1038,687798,4.381574,3.4480326
1627,905944,2.25651,3.5345557
1593,1240187,3.290085,2.6518645
2172,724873,3.590984,2.4635606
1614,905970,5.90635,4.964123
2044,908459,2.639222,4.3276615
1910,687816,4.417492,2.8945403
1910,687820,1.863952,2.7273228
1814,722046,5.302301,6.1947584
1053,687807,3.309641,2.9355304
1908,905949,0.932858,3.2586899
1561,908474,0.02547,2.2799764
1006,910900,2.104229,2.7874465
1862,687807,-0.009401,-1.1043688
1720,906791,6.025765,4.037959
1072,687799,3.941059,5.020426
1004,753608,-4.817076,-2.931222
1030,724873,5.147066,5.077065
1803,687812,2.311385,4.3850346
1996,724878,4.920606,4.434373
1088,722066,2.527308,2.5722785
1059,908473,1.2399,-0.13235046
1827,687821,0.364085,1.2500936
1706,687798,2.475021,2.3801332
1843,687812,1.283178,0.40966785
1563,908459,5.594384,6.142355
1180,724834,-1.733304,-2.4191341
1911,722045,-3.811659,-3.075639
2359,908475,6.085828,5.594822
1031,722045,1.904505,-1.8260317
1908,724878,3.852999,3.2771215
1060,722045,1.225244,1.611071
1250,722045,1.365043,2.9937067
1003,1240185,-2.517316,-2.2083762
1083,722046,1.207042,2.8166256
1025,910900,5.533759,5.7025013
1507,1240145,3.316276,4.7993445
2038,908472,5.192412,4.8030705
1378,753600,4.471994,3.7512448
1011,1290908,3.174451,2.344646
1494,908472,-0.918078,-2.4427257
2044,687794,3.346243,3.8408275
2011,724873,5.153651,4.3242683
1919,753600,0.882932,2.4811745
1058,722045,1.219866,1.1740354
1549,687799,-0.766964,3.7534113
1815,687798,5.96179,6.147624
1168,753604,0.319285,3.0156941
1624,687816,4.415854,4.050699
1050,687798,2.797929,3.340271
1047,724873,6.0569,4.5940766
1177,687798,3.107218,4.9992847
2498,724878,8.678144,9.015485
1917,908463,3.090537,2.3688912
1873,687800,1.754821,1.429557
2173,687799,3.853156,4.236333
1852,1240185,5.846211,5.144035
1372,722045,-0.528728,0.23025516
1133,908473,5.243791,4.0826635
2037,905949,4.888372,4.164895
1854,724878,6.898833,5.0777493
1179,1240190,0.248697,0.9357649
1627,722066,2.809544,3.7926993
1598,753600,4.147942,4.5872746
1855,1240146,5.932011,5.14501
1250,1240185,2.497817,2.5884314
1019,908460,6.103291,3.3358402
1622,908463,5.99891,4.550871
1630,724859,3.404372,3.8832622
1617,724834,4.076888,2.5286152
1168,687812,4.261567,2.6924684
1010,905972,4.766858,3.423748
2039,724834,3.854403,3.3566153
1011,687798,3.560246,2.5850375
1016,910931,-0.936204,1.1881367
1917,905949,1.834927,2.537176
1007,724873,-5.529811,-3.4840078
1061,687821,4.177595,4.5732417
1932,722046,-0.178503,2.801182
1926,1240187,-0.281771,0.7327444
2048,687812,-0.060483,-2.8910348
1034,910399,-4.423672,-2.8721943
1598,753592,4.294355,4.1070733
1006,905972,0.78147,2.3817108
1830,687777,3.761144,3.3902588
1032,753608,-3.530867,1.9437006
1012,722066,1.870125,2.0807745
1808,1290908,-2.157352,1.0126903
1916,687807,4.691039,3.312165
1168,905972,2.850358,2.977323
1067,924244,5.706013,5.2318993
1802,753608,5.573903,4.2496705
1778,905944,4.477981,3.0593705
1594,1240190,1.566837,2.7615857
1025,908475,4.421537,5.459814
1776,908473,5.770241,4.489374
2154,687799,2.447825,2.7622166
1830,724859,3.337803,3.0408359
1913,906791,3.757379,5.1686506
2170,1298347,3.03962,3.9543881
1786,724868,2.655495,2.7513392
1913,753608,5.231765,5.569921
1629,1298537,4.876985,5.027952
1048,910399,3.750083,4.874631
1593,724874,1.05641,2.926941
1931,905972,6.47232,5.979747
1032,905972,3.657268,2.1004908
1029,908475,6.079556,5.8485518
1919,908465,0.645906,1.9125313
2046,1240187,2.848491,3.5126863
1939,753592,4.649205,3.0467172
1010,753600,2.896238,3.520583
1175,906791,5.220887,3.9489527
1911,908460,-0.114986,-3.0862908
1862,724866,-1.228138,-0.99929494
1036,906791,4.965508,4.487028
1059,1298537,0.199214,0.6234271
1034,722058,-3.858318,-2.4745626
1621,724868,3.651873,4.557397
1813,905972,4.836184,5.2146487
1239,908472,2.683572,2.995768
1925,1240146,6.575748,5.1169024
1927,908460,6.499843,5.292599
1814,724834,7.242548,6.1015387
1594,1240185,2.294863,2.7043395
1778,722066,4.344245,3.271706
1706,722046,-1.463329,1.5914236
1583,905972,3.374652,2.9640589
1802,1240190,4.492897,4.1052165
1511,908465,-1.374218,-0.65210706
1378,687802,4.511046,3.0614524
1179,910931,-0.115947,0.7640767
1908,905942,2.349406,2.6451235
1549,1298537,3.259501,4.092492
1939,687819,2.890055,3.1101556
1849,906805,-0.143485,0.7305875
1806,1298347,5.713793,5.2585697
1005,908472,6.032165,4.007166
1023,908475,2.955273,3.7052746
1855,908465,5.769017,4.68263
1916,687800,3.368926,3.375826
1853,687816,4.579662,4.4309187
2170,687799,5.782239,3.8280392
2038,1240145,3.708366,4.1738324
1079,1298348,2.398918,1.1085051
1930,1240185,2.383183,0.67384815
1598,905972,5.001948,4.4627724
1583,905949,3.529187,3.2312665
1062,722066,3.59754,3.906095
1576,753608,3.698254,2.9404783
1594,1298347,1.52106,2.8032932
1529,722045,1.761676,1.8669592
1915,753592,2.627729,2.6355865
1852,905970,6.418304,5.6835074
1933,724868,5.052895,4.540762
1626,1298537,-0.332911,3.3604941
1175,724834,5.732282,4.0500393
1630,724874,5.21024,4.0283866
1091,1240190,0.977759,2.4072695
1854,1298350,5.66323,4.607419
2045,1298347,4.058281,5.200865
1375,910900,6.17925,7.1504564
1059,908474,-0.443722,0.10409497
1047,722045,5.049142,4.798509
1133,687799,4.370786,4.2726126
1026,724874,1.630166,0.6811913
1036,724868,3.463289,4.492213
1831,724868,3.413507,3.8610008
1580,1240187,5.413334,4.9283085
2170,1298350,1.92284,3.8190038
1025,687821,7.537801,5.926236
2111,687799,5.6408,4.3510294
1553,908465,2.954398,2.8911834
1630,1240145,3.707376,3.5029433
1259,908465,5.011478,2.671443
1931,1298348,7.305736,5.8224545
1012,724868,1.879958,1.7844912
2046,722058,1.980423,3.3927777
1025,724874,8.001152,5.6928368
1020,687820,7.379401,5.7407713
2047,687807,5.437327,3.0840569
1016,753600,0.323506,1.6949798
1614,753604,5.541053,4.8221455
1043,924244,5.978529,5.632811
1013,910900,3.589645,3.512057
1635,910931,5.278047,5.3908176
1375,1298537,7.161933,7.4061613
1816,722066,5.42956,3.9473128
1925,687777,5.168481,5.5491724
1061,1240146,5.617593,3.9834905
1020,908465,6.264071,5.006975
1919,753608,-3.304365,2.2077956
1249,724834,5.496366,3.3676848
1088,1240145,3.248713,2.0181231
1926,1298348,1.88127,0.7044554
1054,753600,4.611054,4.269189
1809,905942,-0.5934,0.7368014
1084,924244,-3.417357,-1.9095141
1908,722045,2.78422,3.028411
1017,724834,4.516774,4.740349
1853,908463,3.667866,4.1304517
1062,910399,2.579899,3.814664
2037,1240146,3.682881,3.6600392
1019,908475,1.442989,3.1982198
1005,687820,6.205062,3.9175577
1373,724859,3.424857,4.427928
1918,724873,3.276281,3.2768881
1913,908474,4.167684,5.2917595
1034,753592,-4.90233,-2.8910031
1634,905972,5.30605,4.634698
1940,908459,4.210086,3.9342675
1916,910900,4.175964,3.3805094
1782,924244,5.248482,5.5429597
1778,1290908,3.396713,3.2306447
1809,908465,1.113791,0.96601933
1441,906791,5.139133,2.1096072
1190,1298350,-3.459063,1.3431612
2048,687800,2.361168,-2.033804
1940,687812,3.794644,3.581389
2038,753592,3.597662,4.0684085
2173,1240146,4.921858,4.1877885
1631,1240190,1.967307,3.7904148
1179,687777,2.305919,1.54846
2110,908463,6.010744,4.8418036
2038,722066,4.763187,4.6243806
1494,687819,-2.452592,-2.7683108
1067,724834,4.964405,5.154994
1862,1298347,0.216448,-0.99231
1014,908460,4.900065,2.4561002
1067,687807,5.417853,5.5267324
1250,722046,0.041845,2.5425313
1622,924244,5.297845,4.3297973
2159,687807,6.518301,4.0955725
1852,722046,4.442596,5.2105465
1049,753600,4.501756,4.066417
1073,1298347,6.083408,5.1216345
2156,1240190,4.827297,3.3172443
1817,753592,-6.493078,-4.940768
1631,1240185,2.931065,3.5273173
2171,905949,1.054832,3.1829462
1168,753608,-2.165675,2.8700213
1808,905942,1.032311,0.47501257
1919,1240185,1.088707,2.0681767
1831,910900,2.896498,4.3516936
1179,724873,-0.052839,0.67124254
1058,905942,2.579571,0.81847703
1563,1240190,6.38796,5.847311
1815,908473,7.208075,5.7859206
1047,905944,5.039609,4.300708
1786,687798,2.257761,3.2768033
1008,724873,1.04637,0.54015326
1180,908465,-2.37427,-2.654756
1561,687798,-0.130575,2.6168852
1625,908460,5.967433,5.4009876
1919,924244,-3.272124,2.100789
1177,1240185,4.451439,4.341437
2171,722046,-1.909134,2.3732076
1059,905944,1.977742,0.2606232
1782,1298537,5.658685,6.008273
2173,753608,5.548176,4.4245853
1016,687819,0.752519,1.3901799
1529,905970,6.293811,2.4765792
2439,753600,9.933906,9.345708
1926,687798,0.112964,0.9939095
1054,908463,6.038848,4.228154
1778,905972,3.852687,3.3117447
1511,722066,-0.85189,-0.17296277
1083,753604,1.255218,3.4306653
1018,908460,6.844575,5.861802
1913,905972,5.486315,5.4878907
1019,908465,2.417015,2.8440795
1936,1298348,2.911571,2.7708046
1940,722045,2.63269,3.8290148
2055,1298537,2.393296,2.727386
1033,724859,5.825464,5.3815246
1560,687807,5.105392,3.941598
1250,906805,2.684427,3.5430112
1190,1240190,-2.678715,0.8736349
1463,1240190,2.381128,3.9069772
1010,724866,4.88491,3.3352313
1034,753608,-4.374217,-2.664486
1916,724866,4.340941,3.2125669
1011,722045,2.75214,2.3998451
1029,905942,5.31531,5.563692
1786,724866,4.35617,3.0905523
1510,1240187,5.294621,3.4725046
1021,687799,4.630671,3.707498
2010,687812,4.010287,4.1478863
1494,908460,-2.482604,-2.8430128
1249,906805,3.804462,4.0493393
1852,905944,5.55019,5.139705
1564,905970,1.835754,3.1135297
2359,724878,7.103857,5.8385
2037,687812,5.02901,3.6345282
1817,1290908,-6.187328,-4.7121224
2043,724874,7.111082,5.3932924
1080,1240185,-0.618837,-2.9645064
1720,908465,6.593094,3.7558305
1510,687812,5.588147,3.436255
1799,1240145,4.174151,4.1828785
1873,687821,2.347655,1.7128474
1018,908463,7.05109,5.980892
1626,905972,3.079355,2.8575974
1073,908465,4.451507,4.2122335
1629,1298347,4.656458,4.8091345
1913,687820,4.64455,5.6296587
1068,908463,3.344129,0.8318202
1057,724873,-1.962287,-1.7996439
1249,905972,3.779629,3.6123273
1811,687812,-2.617683,-3.364637
2158,687820,6.683237,4.6202316
2159,908465,2.94055,3.3048105
1073,908463,7.75055,5.1897564
1849,908463,1.481673,0.46208215
1825,1240187,0.064037,0.2745427
1916,753600,2.85244,3.3885632
1808,905944,0.783832,0.80309576
2154,687777,3.092222,3.2608783
1862,1240187,0.995254,-1.0340546
1932,687802,2.757512,2.6929655
1083,753592,1.604291,2.5281913
1016,687812,3.621487,1.255879
1019,1290908,4.570113,3.328912
1059,722046,-1.032168,-0.18790661
1494,753604,-5.019824,-2.6560855
1061,1240187,4.827757,4.0184855
1133,724859,4.520977,4.4073534
1940,905949,2.975471,4.0727234
1022,724868,-0.414972,0.38836357
1909,1240185,2.182953,2.6430733
1854,905942,4.220927,4.586236
1190,924244,-0.979499,0.30261502
1808,1240187,0.164302,1.1704453
1373,687807,5.044014,4.5393453
1004,687777,2.145181,-1.9225245
1510,1298350,4.137629,3.4103804
1613,687794,1.602282,3.4255269
1815,908465,6.584581,5.5634813
1237,1298347,4.804071,5.2856903
1084,905970,-1.635447,-1.004316
1827,908463,-0.417069,0.8665703
1549,905949,2.732743,4.295345
1085,908475,2.507064,2.9599094
1133,753592,4.301139,3.807764
1811,753600,-2.258205,-2.7573113
1915,687807,4.093339,2.8864775
2011,1298350,4.180594,4.273722
1061,1290908,5.486404,4.16203
1463,908465,4.191056,3.5121574
1802,687816,5.556328,4.5043383
1776,1240145,4.455563,4.355977
1617,908475,0.231017,2.6180627
1190,1298348,1.713275,0.9858324
1909,753604,3.093562,3.2006164
1931,753592,5.144763,5.5058107
1059,905942,2.628411,-0.1912507
1004,908473,-1.314457,-3.4840057
2170,905972,3.596651,4.0988493
1047,1290908,4.825847,4.764861
2159,753592,3.958337,3.3353162
1932,905972,3.301254,3.1058521
1736,1240190,2.711812,3.6736703
1631,1298350,4.372024,3.85053
1838,1240185,4.011901,3.5516715
1873,905949,0.456676,1.4896492
1786,908463,3.453971,3.2113214
1068,908472,2.473321,0.96713644
1012,905972,2.262641,2.0838995
1706,908460,4.432422,2.0031292
1873,722045,1.459673,1.3296725
1618,908463,6.512832,4.087097
1047,1298348,6.63082,4.551479
1005,753592,4.702355,2.8912842
1003,908459,0.626039,-1.4232014
2177,687807,3.533109,2.4325497
1593,722045,2.544579,2.786977
1814,924244,6.551785,6.156192
1441,906805,0.641944,2.7716208
1047,905942,4.730109,4.238606
1018,687819,5.386094,5.5395966
2159,724873,3.36098,3.7263918
1932,1240187,2.93096,2.9534304
1003,905972,-2.561103,-2.211309
1996,687777,5.057506,4.5697594
2175,753604,5.534227,5.096981
1005,724859,2.964544,3.787508
1576,1240146,1.912314,2.730172
1583,908459,2.490535,3.1757941
1618,1298347,4.57979,3.9496005
1179,722058,-0.333549,1.0224617
2106,724878,5.294112,3.5452862
2438,1240187,10.690435,11.602455
1916,905949,2.622539,3.5181127
1631,910931,2.198459,3.4908507
1808,687777,0.165323,1.7048367
1048,908459,6.172228,5.333086
1060,910900,3.65938,1.959231
1250,908459,1.705807,3.471087
1091,687816,0.130753,2.915419
1037,687794,2.507735,3.3899086
2157,1290908,5.524706,5.028015
1239,722045,3.194109,2.918014
1016,910900,0.932437,1.6385132
1093,908473,6.592779,4.219261
1019,753608,-0.704662,3.4074926
1047,687777,6.069399,5.2734084
1736,1298350,5.097809,3.5828497
1786,1240190,2.405665,2.986783
1635,906791,6.338501,5.3318973
1093,1240145,4.771418,4.11839
1815,908475,5.21852,5.883956
1917,1240146,2.49091,2.0499182
1006,906805,3.583214,3.260603
1024,906791,2.075972,-0.00837387
1706,906791,3.833842,1.6316388
2359,687800,6.334805,5.903116
1618,1298537,3.123636,4.177019
1582,910900,4.449381,4.8224316
1576,910399,3.093653,2.8105545
1996,724873,5.863057,4.177395
1778,1240185,2.622172,3.0339549
1131,1298348,7.34101,4.4978447
1622,908459,6.027415,4.657076
2498,1240185,7.753615,8.700099
1779,1240185,1.106773,1.1256447
1463,687798,5.200277,4.1584373
1049,753604,2.859991,4.139412
1032,687816,2.359901,2.3768656
1529,908473,5.254222,1.4735361
2157,1298537,5.139145,5.216715
1924,908472,4.2566,4.0447526
1996,753600,2.011207,4.429968
1375,906805,8.155561,7.473135
1613,687816,4.137304,3.925354
1080,906791,-3.399604,-3.0559497
1819,1298347,3.621262,-2.6740043
1067,724873,5.297264,5.4060106
1559,908474,-3.81223,-1.6355907
2170,908460,8.080716,3.9995127
1928,753608,5.211806,4.922085
1088,1298537,3.479066,3.2392116
1019,906805,2.732105,3.7795515
1083,687807,4.669215,3.2295818
2055,687819,3.671391,2.14674
1199,1240187,5.002315,3.8419306
1634,722045,5.687856,4.6391277
1511,724878,-0.926235,-0.12611698
1779,724878,2.497026,1.5429423
1925,905949,4.950626,5.6250896
2157,687798,5.397033,5.082205
1776,905970,5.2246,5.2170734
2111,1290908,6.179551,4.472707
1062,1240187,4.266375,3.6774895
2159,1298347,3.745854,4.0677333
1512,724868,4.569516,5.4284534
1068,905972,-0.104499,0.6663466
1553,1298347,4.010492,3.4152923
1845,1298350,3.707233,2.6866853
2439,724868,9.066724,8.923345
1831,724878,5.180481,4.3767304
2048,722046,-5.977987,-3.271507
1008,908459,-1.747042,1.2339071
1629,1240190,5.285969,4.7693644
1630,905972,5.589255,3.925084
1022,906805,0.455097,1.087897
2499,687802,11.160278,10.380009
1804,1290908,5.619251,4.527158
1917,1298347,5.032403,2.2908716
1008,724868,-3.124451,0.5336437
1179,1240185,0.584188,0.76823884
2111,1240190,5.856628,4.393923
2055,1240145,1.292814,1.742104
1179,687812,1.75637,0.8341291
1630,687777,3.908374,4.1994767
1618,753604,3.044432,4.2079453
1133,1298537,2.944737,4.7589264
1559,724834,-0.745569,-1.5595554
1512,908472,4.817134,5.670095
1133,1298350,4.176405,4.3009014
1911,908472,-1.81204,-2.6653984
1012,687816,2.337363,2.4290013
1047,908463,6.62576,4.916991
2110,1298348,6.486138,4.496088
1926,1240190,0.508593,0.6399364
1918,908472,3.783069,3.2492647
1013,724873,2.717365,3.2046208
1802,924244,4.341903,4.0238566
1061,1240185,5.583235,3.962223
1853,1298350,3.855071,3.8364744
1048,1240145,4.42234,4.6962194
1941,906805,-3.847267,-3.4779398
2111,905970,5.541771,4.984542
2170,906791,3.777729,3.6701407
2039,724874,3.633062,3.7425358
1010,905944,2.519677,3.2914896
1576,906805,3.588087,3.2971997
1911,687799,-5.376619,-3.27566
1941,1240187,-4.627294,-3.5564198
1621,753592,5.462451,4.431159
1626,910931,0.907561,2.5975027
1050,924244,3.984022,2.838941
1598,687816,4.438224,4.7247477
2158,1240190,4.947727,4.4044538
2106,724868,4.831306,3.06804
2499,1240187,10.733226,10.630989
1373,1290908,6.179551,4.4082723
1011,910931,1.234388,2.0944986
1020,1298350,5.753231,5.3963804
1026,1240185,-1.588714,0.39194784
1927,1240146,6.086457,5.13211
1088,906791,1.949503,2.2880487
1032,1290908,1.13192,1.9002641
1073,724878,6.468117,5.0189753
1635,905972,6.485132,5.7238283
1133,905944,4.340885,3.8733752
1561,687812,2.832226,2.216299
1620,924244,6.011318,5.63478
1089,687800,5.786479,5.434175
1032,924244,-1.13203,1.8477862
2040,687820,4.234566,1.577585
1057,1240187,-2.847222,-1.4713434
2159,908473,4.585781,3.6436925
2039,687802,4.261626,3.2786388
1026,687812,2.025742,0.41480133
1580,724868,4.805201,4.81607
1940,724868,4.183301,3.529692
2038,687802,6.509025,4.084996
1913,1240185,4.351746,5.237943
1018,908475,4.463993,5.751202
1512,687820,7.339602,5.8578076
1624,910399,2.350566,3.4760344
2109,722046,1.989728,2.6056323
1925,1290908,5.264146,5.299029
2106,1298537,2.081015,3.7110252
2037,722066,4.96352,3.7926993
1026,722066,-0.236339,0.64592785
1033,753604,4.092231,5.607942
1558,687819,5.73284,3.2941551
1557,687798,3.858625,4.973713
1086,1240145,-2.473835,-0.8841763
1849,687798,-1.417434,0.7528481
1032,753592,1.903123,1.8723487
1819,910900,-5.506316,-2.681985
1847,908473,4.413054,4.698321
1029,722058,4.932625,5.7694507
1373,905942,5.275803,3.9931462
1812,1298537,3.759514,3.9791675
2040,724834,1.816955,1.2960986
1051,722066,2.693376,2.5026326
1033,687802,5.869718,4.9640884
1069,908463,6.303876,3.864998
1067,687799,5.349976,5.227158
1926,687799,-1.596268,0.5931839
1025,687816,5.889763,5.8324776
1924,1290908,2.063423,4.08303
1557,905972,6.510514,5.000349
1449,908460,7.213746,5.650542
1016,687820,2.102444,1.5044433
1997,1240187,5.895154,3.8476772
1917,1298348,2.289151,2.0706725
2154,1240146,3.955236,2.7318463
1634,1240146,5.255011,4.421512
1050,908465,2.64905,2.5076876
1582,724868,3.844342,4.373741
1512,687794,4.879288,5.518503
1843,1240145,-0.368759,-0.30335838
1038,687807,3.41519,3.4940438
1003,724873,-2.622641,-2.4546206
1006,905944,1.775323,1.7823166
1373,1298348,5.859393,4.214362
1250,924244,2.528556,2.5485952
1168,722058,3.508,2.8351073
1779,905942,0.696746,0.89799184
1179,1298347,2.449049,1.1775731
1925,1298537,4.775855,5.4298735
1019,687812,2.955547,3.1335728
1810,1290908,-2.41325,1.2856933
1050,724859,2.003622,3.114004
1629,753592,5.241482,4.529005
2172,687794,1.482506,2.6087751
2156,905944,2.084185,3.0737252
2157,687812,3.67401,4.7873526
1088,687777,5.659766,3.349554
1736,722066,4.465319,3.906095
1083,687802,4.588866,2.5400372
1021,1298537,3.062161,4.2924795
1048,905970,6.256041,5.47063
1630,908460,4.879576,3.8655741
1018,905942,4.640901,5.466853
1054,908472,4.386351,4.152582
1052,753608,3.365372,4.365549
1199,905972,4.444122,4.0852137
1060,687821,0.306534,1.9810287
1563,905970,7.285288,6.2833447
1043,687816,6.044362,6.10204
1624,910900,4.11901,3.8866372
1627,687777,3.715978,4.20039
1629,724834,6.244101,4.6288548
1917,753608,0.899948,2.280264
1039,753604,4.781568,5.1568966
1580,687800,5.806792,5.1419287
1083,1240146,3.551241,2.9121451
1618,906791,4.226397,3.643939
1180,910900,-3.686332,-1.916698
1917,724859,1.802576,2.2440019
1930,753608,1.384457,0.9789391
1019,687807,2.735903,3.4553437
1613,1290908,1.702808,3.5910535
1835,687821,6.433579,4.7610774
1025,724834,6.473007,5.328179
1250,1290908,0.833483,2.9231
2011,910900,4.43888,4.5725203
1813,1298350,5.717699,5.150402
1786,908459,0.229153,3.3974793
1073,908472,7.161526,5.1316338
2158,924244,5.00435,4.260997
1940,687820,3.490052,3.8538525
1004,1298347,0.185147,-2.6082125
1018,1240145,5.088118,5.4951115
1813,905944,6.123091,4.7581587
1033,1240145,4.818749,5.02465
1831,908459,4.410614,4.2120214
1559,905972,-1.455623,-1.4988037
1593,908465,3.110432,2.127738
2039,687798,3.753414,3.61839
1614,1290908,2.3799,4.533347
1940,905944,4.661342,3.734867
1847,908463,2.459971,5.1707287
1048,724866,4.403288,5.075377
1845,905970,3.57882,3.2638812
2499,722066,8.194967,10.685191
1043,687799,5.689252,5.705655
1190,753608,-1.300925,1.0273215
1053,753592,1.938359,2.512998
1564,753608,2.199557,2.6914415
1996,1290908,6.106413,4.2389936
1593,687802,4.408096,2.1849499
1061,687812,5.454911,3.976358
1931,908465,6.474154,5.467828
1494,687821,-1.724412,-2.39434
1131,753600,4.98159,4.9212823
1047,722046,4.011178,4.5300217
1060,1290908,2.596875,1.3859715
1925,905944,5.690526,5.098345
1809,910900,-1.309953,1.8249439
1050,687819,4.802784,2.8135111
1933,908472,5.065443,4.9424376
1023,905942,2.58045,3.4010537
1908,724874,0.423248,3.103435
1023,687798,2.732289,3.662044
2010,687821,7.598167,4.875019
1032,1298348,0.401117,1.8490129
1845,1240145,1.050361,1.9192613
1810,905944,0.100983,0.6349531
1924,1240185,3.575492,3.8666267
1624,753600,4.55938,3.9362125
1560,908472,5.192412,3.7096379
1372,724834,-1.768785,0.04604487
1010,905942,3.371457,2.9802442
1003,724866,0.686028,-1.8594742
1930,908475,0.207431,0.764787
1615,1240185,6.054898,5.154832
1054,905949,2.010694,4.4014635
1558,687798,0.236623,3.6040983
1088,910900,1.406185,2.8058467
1024,687802,3.854689,-0.08934058
2111,910900,4.533659,4.6025276
1051,908459,2.313108,3.187571
1910,905949,3.138285,2.9154768
1018,906791,6.024545,5.54268
1268,908459,3.903485,4.5220585
1062,910900,4.252119,4.121934
1559,1240190,-3.194497,-1.4058822
1940,1240185,2.70289,3.576592
1259,1240190,4.472704,3.3516936
1926,687816,0.080211,1.0527638
1046,908465,3.292265,1.7008559
2057,908459,7.638259,5.16992
1008,910900,3.015458,1.0605791
1052,722045,2.544292,4.299223
2172,687802,4.451359,2.1138878
1873,722066,1.405215,1.3859538
1014,753608,1.633027,2.3404493
1088,1240187,2.231693,2.6262898
1808,905949,-0.648649,1.3468837
1039,910399,5.329569,4.7790728
1268,687798,2.259293,4.3497696
1023,1240145,3.024999,3.3373868
1061,910399,4.764879,4.0911674
2048,724878,-0.138981,-2.5038834
1025,724866,6.645622,5.527934
1915,753608,-2.405682,2.7192743
1168,905944,2.835668,2.8371086
1559,687798,2.438183,-0.78164464
1563,908474,5.444589,5.779663
2039,908473,4.379986,3.2886364
1051,724859,1.745905,2.6738148
1025,906791,6.069804,5.2404003
1778,905942,4.106179,2.8511057
2171,753592,0.099054,1.9086586
1913,724834,6.042527,5.2588634
1049,687802,5.006132,3.4941916
1786,908465,4.215069,2.5782452
1051,1240146,2.582374,2.4138427
2174,753608,4.167781,3.0349965
1180,1298537,-2.942479,-1.4648391
1085,1298348,5.094408,2.85183
2170,687821,4.099398,4.436388
1029,1298350,6.022581,5.863614
1243,722045,3.627415,2.786531
1036,724834,6.090241,4.5685167
2439,1298348,10.438342,9.013223
2106,905972,4.237926,3.4119458
1629,753604,4.067754,5.07115
1042,908460,7.205921,5.4273214
2046,1290908,5.486404,3.590347
1996,724834,4.737052,4.007984
1191,908475,-5.392035,-4.547989
2156,722066,1.631309,3.3823366
1855,908459,4.728511,5.741143
1375,687798,7.523958,7.260738
1022,1240187,-1.171611,0.72981745
1812,722046,-0.792421,3.323691
1558,722058,3.533867,3.4884024
1030,908472,5.84696,5.018349
2045,905942,5.197563,4.7170153
2110,905944,5.679228,4.4840283
1912,1240187,2.123244,3.1151419
1007,687821,0.334997,-2.278278
1916,724859,6.358415,3.2074723
1621,908465,4.587152,4.348654
1079,908459,0.625938,1.4796788
1017,724859,4.357745,5.0076036
1043,910399,4.255778,5.6414247
1022,687816,0.330705,1.0205233
1559,753604,-3.462747,-1.060516
1614,722058,4.800628,4.311384
1918,687821,4.46222,3.7287216
1017,687799,5.134933,4.8707867
2157,924244,6.019201,4.812453
1199,687816,5.289813,4.3183575
1559,908472,1.868781,-0.91414857
2171,687799,1.78612,2.688335
1632,1298537,4.059983,4.3302946
1249,908460,7.119321,3.6015372
1033,1290908,5.813281,5.3827133
1200,908472,1.619692,3.9194303
1133,906805,6.285808,4.860224
1025,905970,6.097122,5.870051
1401,1240185,1.597052,2.6218698
1014,1298350,3.427886,2.3647003
1564,687812,3.622718,2.5192525
1026,1290908,1.511727,0.4431412
1061,724878,5.782337,4.381254
1012,687798,2.641179,2.339225
1615,724859,6.067236,5.41864
1583,908473,3.984736,2.6125436
1068,722046,-1.030207,0.32358944
1626,724874,2.167199,3.0936122
1817,687800,-1.655737,-4.3540993
1852,905942,5.150564,5.0383806
1023,724834,4.818887,3.456613
1913,1240146,5.691229,5.323636
1079,753604,-0.954039,1.2161316
1029,908473,7.101692,5.72486
1372,724859,-3.396511,0.19696967
1736,687812,6.103107,3.6403642
2046,908463,4.712676,3.7765326
2010,908475,5.248842,4.161315
1177,910399,4.394521,4.305875
2039,753592,3.202386,3.3244646
1057,687821,0.921223,-1.0716168
1054,722046,2.428151,3.7603168
2148,687807,2.883686,1.5864236
1061,722058,4.239851,3.991706
1026,724834,-0.303249,0.35847324
1373,1240145,4.645323,4.016337
1778,1240190,1.967171,3.1642938
1922,908475,0.861311,2.5342536
1933,687812,5.037573,4.680579
1854,905970,5.128402,5.119156
1830,908463,3.529272,3.1446028
1051,905942,1.535644,1.7541934
1180,687816,-1.084653,-1.8010789
1179,906805,1.781931,1.4219352
1199,753600,3.120868,4.163644
2045,1240190,5.909502,5.0939975
1191,910399,-4.871146,-4.7127223
1812,687800,5.028873,3.8003736
2096,1298347,3.560779,2.8793173
1618,687816,3.807671,4.2855577
1200,687807,4.363226,4.1281247
1010,908459,3.288105,3.5119781
1782,1298348,6.619208,5.5296516
1089,905944,4.705,4.455142
1177,1240146,5.383889,4.4634094
1939,687802,1.789509,3.006985
1043,908459,5.98715,6.0726724
2039,687812,4.486071,3.391501
1372,905949,-3.162699,0.29384038
1782,687821,6.99672,6.1957474
2148,908475,2.320856,1.402402
1911,724873,-4.457339,-3.6179447
1034,905942,-2.040929,-3.015154
1843,905942,-0.23421,-0.35847256
1029,753600,5.248258,6.1642733
1873,908475,0.699301,1.2895881
1838,724859,4.364514,3.7780144
1925,724873,5.620459,5.2967515
1576,722058,2.334301,2.8749032
1068,687819,0.79164,0.70870996
1720,905972,6.510514,4.3741636
1005,1298347,4.532957,3.9755483
1635,1240185,5.971366,5.4180794
2173,687777,5.681625,4.7349586
1925,753600,4.986343,5.426778
1004,908474,-6.192575,-3.4615595
1782,908463,7.352652,5.9000463
1624,905972,5.495906,3.7216423
1175,753608,4.241246,4.331786
1043,1298348,6.717675,5.633563
1928,1298347,4.948117,4.884554
1190,1298347,2.45928,1.4365848
1023,905970,4.917368,3.9550524
1559,905949,-4.059148,-1.1166908
1621,753600,3.865929,5.0721097
1372,924244,-0.830559,0.05703605
2177,687777,3.223101,2.651772
1058,906791,3.551755,0.8905702
1854,687802,4.205541,4.579693
1931,687819,6.306062,5.7211385
1237,724878,6.319182,5.4880056
1051,1298350,0.20337,2.7361178
1630,753600,4.641895,4.0500813
1808,724859,-0.08411,1.1617953
1003,908475,-0.746126,-2.177836
1632,908472,3.70626,4.0367546
1200,910399,3.091088,3.8313203
1079,1298350,3.508546,1.1441109
1815,908463,7.610721,6.153379
1830,924244,3.096216,2.8318815
2040,753592,-0.152743,1.1073529
1776,722066,4.316306,4.7210603
1013,1298347,3.249137,3.4287038
1852,1240190,6.066869,5.28295
1200,722046,2.783566,3.8056705
1799,1240146,4.927938,4.320902
1058,753600,0.998055,1.3572463
1706,910900,2.136931,2.1555462
1563,722058,4.312581,5.6563787
2172,724874,2.780292,2.934249
1593,1240185,0.661477,2.4492307
2055,687821,5.098992,2.7046175
2040,687819,1.209307,1.3888298
2096,908463,4.709425,3.0251164
1736,687798,4.288042,3.768137
1032,724874,1.72675,2.1279528
1011,1240185,1.176006,2.1134214
1786,687807,4.614129,3.1890886
1580,908463,5.376535,5.170582
1919,910900,1.780943,2.5772984
2438,1240190,11.182199,11.653338
1845,1298537,3.36144,3.1907024
1024,1298537,-0.043292,0.88516665
1598,1240145,4.107234,4.049676
1239,687816,3.439128,3.189529
1806,1240190,5.557523,5.039756
1085,687819,1.227646,2.781654
1915,1298350,2.637953,2.5523868
1629,753608,4.244396,4.913413
1614,908463,6.748937,4.6735716
1553,908473,3.196539,3.0533218
2109,722045,2.247864,2.948858
1091,910900,3.584833,2.834093
1598,753604,3.982942,4.63239
2159,687821,7.925892,4.4717617
1037,724874,4.753613,3.7461996
1814,910900,5.979658,6.4481893
1835,908473,3.385562,4.0234904
1624,1240185,2.947206,3.4708128
1168,687819,3.677234,2.6503234
1843,722046,-1.460342,-0.01716063
1814,906791,6.569264,6.014221
1030,908463,6.461371,5.21023
1060,905972,0.450212,1.6501728
1631,908460,3.377033,3.8680382
1061,753600,5.085979,4.3385906
1072,687798,5.336595,5.2049284
1799,687812,4.438725,4.3061047
1086,687777,2.423407,1.6592172
1910,753608,2.341506,2.6668634
1259,722045,4.375203,3.4683847
1036,724859,3.063061,4.800204
1025,905949,3.826648,5.884589
1621,1298537,4.458089,5.1412897
1093,724834,5.537044,4.2595434
1559,924244,-2.729284,-1.6447796
1560,908460,6.240711,3.786916
2040,910931,-1.00845,1.2788461
2055,908472,3.718716,2.4588065
1941,905970,-6.918603,-3.3077998
1630,687798,4.705209,3.9388893
1511,724868,-0.744701,-0.53790516
1089,724874,6.235287,5.3199778
1023,724878,2.625496,3.9825394
1043,687819,5.26316,5.553183
1932,687777,4.248146,3.4219499
1029,1298347,5.067698,6.0061183
1030,722058,4.932998,4.865425
1441,908475,2.02841,2.3932467
1912,724859,5.18448,3.2304773
2043,908465,6.353023,4.8331127
1012,722045,2.649243,2.1514077
2499,1240190,10.258007,10.67713
1563,906805,6.042154,6.307013
1199,908459,6.053674,4.1752567
1940,687794,3.196057,3.5700908
1192,722045,3.043819,3.0587034
1009,753604,5.030603,5.592344
1635,724866,5.594288,5.6342897
1029,908465,6.649863,5.4855328
1049,1240187,4.45513,3.7692103
2499,1298537,8.764735,10.937503
1133,724866,5.547115,4.3922806
1583,687800,3.72798,3.0274606
1936,722058,1.652917,2.9300842
1916,753592,3.336933,2.8286138
1578,687777,5.576788,5.7845345
1847,905944,3.015681,4.5084376
2044,722046,2.968302,3.8012295
2171,1298348,4.342954,2.6221652
1621,906805,3.665727,5.320489
1926,908463,-1.157308,0.8350889
1463,905942,5.299654,3.564024
1060,908474,3.454355,1.5971333
1007,924244,-5.090236,-3.3999188
1033,905972,6.432288,5.423779
1016,924244,0.408625,1.1423774
1582,908463,4.588647,4.7828064
1024,908463,3.607876,0.43594185
2156,724866,2.741053,3.439577
1779,910900,0.915105,1.5846204
1511,687807,2.336345,-0.1498508
1248,687794,-2.871068,-2.9853604
1560,1240187,2.603736,3.6384704
1072,687816,5.193463,5.4406886
1029,906805,6.738186,6.4073753
2499,724868,9.230691,10.47583
1808,908463,2.404842,1.305283
1631,722058,1.999303,3.6192894
1011,1240145,3.449047,1.9495156
1720,724834,6.498751,4.1546526
1050,687800,5.770306,3.3071182
1017,687807,6.566895,5.118662
2156,687798,4.082274,3.590166
1058,753608,1.123004,1.0461282
2156,687812,3.650452,3.1871824
1029,906791,6.062619,5.6595774
1007,908465,-4.139482,-3.6048055
1023,687800,3.838217,3.682472
1927,906791,5.078088,4.9939814
2047,724834,1.401367,2.736484
1799,1240187,3.72096,4.3457756
1622,1240146,3.909451,4.2833405
2048,908463,-1.902237,-2.3047879
1016,724868,-0.325142,1.1012255
1059,908463,0.320035,0.28963333
1561,687821,5.870061,2.891316
1928,908459,6.188489,5.1527834
2177,722045,2.833954,2.3800325
1017,910399,4.158122,4.750332
1006,687820,4.40345,2.760096
2171,687820,7.578632,2.9743714
1200,724868,2.839511,3.706437
1593,1298537,2.475493,3.16951
1576,908459,2.553435,3.1786165
1939,1298537,3.2141,3.663607
1940,724873,3.696682,3.7592154
1847,1298537,6.772006,5.36747
1042,1240185,5.998627,5.203889
1083,910399,2.084949,2.8027947
1529,906791,-1.256303,1.4825766
1799,905972,5.285601,4.5986066
1004,1240146,-1.382472,-3.246039
1853,1290908,4.354851,4.0385246
1200,908465,4.209075,3.5296254
1614,753608,3.786594,4.609941
1625,1298348,5.298642,5.216626
1629,906805,4.56571,5.2200174
1259,753600,4.451856,3.6951637
1598,905944,3.374672,4.2018394
2039,910931,3.145968,3.3406086
1853,908473,4.769566,3.7503119
1854,1240190,2.8747,4.732108
1835,687777,5.262317,4.8153834
1808,1298350,-1.849602,1.2944702
2110,906805,6.341203,5.113937
1557,1298348,2.76515,4.678088
1013,687802,5.388859,2.8651977
2110,908473,6.255225,4.475485
1629,1298350,4.614607,4.6682
2055,905949,-0.324708,2.47756
1560,724874,3.324741,3.9392703
1091,908472,2.725758,2.5996547
1017,906791,4.85986,4.632451
1915,1298537,1.493376,2.8975763
1926,908465,1.509672,0.43966645
1594,753592,3.399379,2.7279422
1925,724868,4.370748,5.0351987
1933,1240145,5.659536,4.446374
1620,905949,6.006385,6.13271
2157,687819,6.110594,4.6333203
1915,722046,1.687546,2.478166
2177,924244,1.956451,2.134415
1084,722045,-3.07512,-1.6138753
1084,724878,0.128982,-1.5477937
1928,724874,6.484652,5.0106983
1852,724866,6.839908,5.3599787
1630,1290908,2.989812,3.8681223
2110,910900,4.368165,4.8985505
1069,687798,3.57885,3.7741861
1627,905949,3.454559,4.164895
1372,1240187,0.429118,0.20313717
1632,722058,3.294319,3.7921066
1852,753608,4.68965,5.4240046
1582,908459,5.078425,4.9360576
2158,1298537,4.760613,4.743104
2499,906805,11.667637,11.082283
1168,687800,1.153674,2.960845
1053,905970,4.113672,3.251831
1093,1240146,4.786907,4.31945
1831,1298350,4.303804,3.8198867
1594,722066,3.636018,2.9764812
1026,724868,-2.392724,0.32631865
1928,908474,3.515517,4.668504
1831,924244,4.374748,3.9573126
1786,687794,4.10812,2.9073544
1091,687819,3.11528,2.3366225
1018,687802,6.146773,5.4667892
2157,905944,4.254392,4.6605096
1378,687820,5.702125,3.7036188
1632,1240145,4.050098,3.5406783
1583,687802,4.286932,2.5698113
1939,722066,2.900185,3.3541756
1020,687798,5.184132,5.6567345
1622,724834,6.252365,4.2430267
2111,724866,4.250515,4.4794707
1029,908459,5.048667,6.2662897
1024,724873,1.063962,-0.06375899
1091,906805,0.574766,2.9052026
1072,906791,4.774717,4.844225
1510,687794,2.613372,3.4104118
1043,1240185,5.798692,5.5958605
1007,687799,-5.319793,-3.1257741
1029,905972,6.434013,6.0090294
2046,687807,5.58856,3.7225518
1559,1298348,0.975164,-1.3072945
1939,722046,2.262598,3.154655
1068,1298350,1.551484,0.794424
1003,724878,-2.525462,-1.9331899
1091,687812,2.60517,2.3500595
2010,724866,6.835113,4.4053764
1825,687802,3.057642,-0.36870527
1930,1290908,0.05935,0.85647017
1918,905944,5.280983,3.2486086
1512,687798,5.419818,5.8078647
1052,1240187,3.373217,4.1475267
1029,724859,5.860943,6.010049
1581,1298347,3.303989,2.8901553
1088,1240146,4.129981,2.4685051
1086,724878,-0.567062,0.35775504
1997,687799,0.638416,3.846608
2438,1240146,11.96835,11.574912
1913,1298347,5.015756,5.523217
1042,908459,5.558434,5.6602
2040,908472,1.451585,1.6704117
1622,687777,3.198501,4.714531
1061,910900,4.844816,4.3746834
1249,753604,2.271312,3.8911624
1911,724868,-5.288353,-3.5830133
1845,724878,4.774501,2.6108396
2172,908473,2.790812,2.4308598
1581,905949,2.262186,3.128405
1933,1240190,6.088125,4.836384
1825,753608,-1.113889,0.17396341
1050,1290908,2.295346,3.0758023
1853,722046,3.716731,3.8851845
2148,908459,2.776233,1.8298944
1008,908475,-0.993821,0.7165096
1068,1240145,0.233008,0.19226079
1237,724868,4.787609,5.0786643
1190,908460,2.564545,1.0062242
1051,905949,0.653686,2.9732223
1939,687777,2.398626,3.7796085
1706,724868,0.736668,1.5937115
1029,924244,5.869468,5.7771955
1922,687812,3.294897,2.3645196
1549,687777,-0.319413,4.123439
1779,1298347,0.443311,1.3764672
2111,910399,1.744786,4.1697845
1494,908465,-1.658089,-3.2644339
1835,753592,5.421243,3.793462
1012,753604,1.478658,2.3411152
1849,1240187,-0.033207,0.33695018
1129,906791,2.538969,3.5373995
2173,1290908,3.539705,4.3515434
1831,908473,4.745961,3.7262769
1557,905970,7.289738,5.2618914
2047,1290908,3.144023,2.8841352
1618,906805,3.37548,4.361986
1593,1298350,3.974559,2.7077625
2055,924244,3.257241,1.9894298
1576,1240190,3.393058,2.8216434
1553,908463,4.854437,3.5187135
1062,908472,2.871364,3.7428195
1806,1298348,6.441153,4.9227467
1512,905944,5.419958,5.363765
2011,722046,3.696299,4.236179
1062,908465,1.781228,3.503243
1085,687799,1.292162,2.8728118
2157,1240145,4.598763,4.6710186
1913,905944,5.345553,5.1136723
1917,722046,0.808355,1.9758836
1625,753600,5.152337,5.575581
2046,753600,4.82256,3.8215718
1177,722045,4.736957,4.721332
1248,1298347,-3.340449,-2.8836584
2011,1298348,6.106735,4.1912713
1629,905972,6.350596,4.907653
1634,753592,3.496965,4.239808
1931,906791,5.910819,5.6828823
1576,724874,5.560478,3.0803032
2040,724868,0.52125,1.2130945
1093,724866,4.454191,4.497937
1463,724866,5.720435,4.008288
1016,687800,4.007576,1.7309793
2046,924244,3.999783,3.2998407
1776,753592,4.100999,4.347411
1086,687798,2.886535,1.3820356
1931,724868,4.413704,5.670767
1013,905942,3.485998,2.856876
1378,724873,3.105448,3.3729382
1576,905944,2.471512,2.8434272
2106,687807,2.433951,3.504368
1909,908474,2.442764,2.686532
1786,687816,3.781378,3.3894248
1042,724866,6.839908,5.428082
1926,1298347,2.617344,0.8143908
1862,1298537,-0.50181,-0.71420306
1175,908465,4.446252,3.8285427
1373,908472,4.931875,4.4061947
1617,753592,1.842126,2.3573737
2499,724866,11.64621,10.736743
1620,687816,6.778412,6.0910025
1038,910931,1.952378,3.1072457
1239,924244,2.089461,2.578033
1036,905949,3.429568,5.0913334
1511,1240145,-1.565568,-0.88052356
1928,722066,5.260837,4.7910194
1918,908475,1.440609,3.2923589
1057,687798,-0.492148,-1.1193465
1620,1298348,5.507416,5.554625
1720,724878,5.887709,4.4975467
1463,1240187,3.384905,3.8874688
1086,687807,3.226405,0.41973677
1996,905972,2.956471,4.315347
1046,724866,3.291471,2.2597065
1050,687816,2.68554,3.4282348
1091,924244,0.036913,2.363581
1845,906791,3.692811,2.2048566
1622,687812,4.612598,4.2724266
1916,687802,5.25142,2.8006678
1529,908459,5.793753,2.3226533
1030,724874,6.650383,5.2663484
1553,910900,3.233895,3.5850449
1511,905949,-1.567618,0.003907511
1007,908472,-3.541195,-2.488095
1812,906805,3.67817,4.022711
1621,687800,6.064262,5.028964
1917,905970,4.34935,2.7265446
2043,753600,5.59745,5.389956
1919,906791,2.841505,1.9278044
1034,1240185,-1.765934,-2.73663
1093,687794,3.202744,4.3035135
1529,908472,3.057438,2.1186645
1561,753592,1.92054,2.1110768
1635,905970,7.236341,5.9557858
2111,1298350,5.461667,4.3921156
1624,1240187,3.954594,3.647806
2043,724868,4.043979,5.0021167
1083,687821,6.428392,3.6160107
1804,1240145,6.757964,4.287569
1149,1240145,1.192574,1.5981935
1873,753592,0.905776,1.1271738
1559,724873,-3.913224,-1.7158351
1006,724834,1.163561,2.278543
1022,1240185,0.727859,0.47748476
2177,1298348,2.529055,2.165545
1720,722066,5.548218,4.342037
1838,687802,6.099841,3.4386744
1042,906791,5.42182,5.1235275
1091,724859,3.835405,2.5443683
1799,687821,7.845139,4.8927784
1059,753608,-0.514314,0.13923313
1048,753604,2.749637,5.3462706
1053,1298350,1.843891,2.6748548
1191,724834,-3.51126,-4.6159296
1020,687816,6.667794,5.8815317
1560,908465,3.510995,3.410634
1190,722058,-4.748423,0.95465946
1079,1240185,4.292988,1.0177126
1615,687816,6.793674,5.699905
2048,908465,-1.851081,-3.3469906
1067,910931,4.722634,5.12083
1088,908465,4.231772,2.007387
1613,908463,6.523355,3.7764788
1034,906805,-0.18994,-2.321651
1625,687777,6.182072,5.848001
1862,724878,-0.86135,-0.9145351
1053,724878,3.996323,3.0368767
1558,908460,6.506443,3.5797203
1179,687816,0.954802,1.333143
1018,722046,4.595994,5.6768837
2107,753604,3.742462,5.4805136
1014,906805,0.509133,2.6993225
1924,908459,3.952725,4.3228416
1854,687777,6.044478,5.039314
1507,1298348,4.505786,4.9968367
1004,753600,1.051848,-2.518766
1237,908473,6.67359,5.075554
1827,908465,2.89059,0.659282
1030,905972,5.770147,5.1823006
1908,687807,7.004489,3.0840569
2107,1240145,5.535235,4.9494066
1068,724868,0.713761,0.45141456
1177,687777,5.129409,5.2850847
1806,724878,5.951832,5.143346
1512,906791,5.889223,5.415799
1620,753604,5.441051,6.0025735
1779,1240190,1.490399,1.2099935
1806,905949,2.320587,5.4937143
1557,1240145,4.922296,4.619557
1996,687800,3.591142,4.3349543
1190,753600,4.497488,1.3910595
2037,687800,6.972267,3.9607158
1924,753604,2.667185,4.300065
1086,905949,-2.645186,0.73796386
1932,1240185,4.682688,2.8225095
1932,753604,0.330241,3.2899978
1180,753592,-3.220265,-2.6846251
1033,908463,6.291721,5.479603
1050,687777,6.340948,3.6015394
1093,687802,4.723366,4.097657
1084,724866,-0.376391,-1.5303142
1004,1298537,-2.566073,-1.9221215
1449,753608,6.785323,5.732341
1191,905944,-4.196373,-4.614668
1373,753608,5.298639,4.475468
2170,910931,2.367212,3.748941
1909,906791,2.073135,2.5676684
1928,753592,5.48381,4.4397545
2040,687800,1.473659,1.719114
1564,687816,2.813388,3.0832424
1598,687819,3.46143,4.1073675
2111,687777,6.655034,4.992096
1033,687819,5.516707,5.028006
1631,724868,1.40283,3.397564
1025,687799,5.207807,5.4068575
1249,724878,5.262505,3.7112849
1199,687777,1.970452,4.212637
1912,1240185,2.950046,2.982223
1025,687807,6.859414,5.6854997
1621,687777,6.038851,5.2925115
1720,1290908,5.706549,4.449297
1557,1240185,4.737595,4.699318
2043,724878,6.555412,5.414427
1268,924244,5.23973,4.2173553
1149,1298347,0.955736,2.1960778
1835,1298347,4.355763,4.3752947
1133,724873,3.70764,4.1955447
1782,687800,5.416669,5.9031167
1003,687816,-2.713363,-1.6723496
1912,1298347,3.144827,3.2194712
1512,724834,6.55426,5.502143
1068,753600,1.737961,0.964657
1016,908472,2.044386,1.700322
1855,724834,5.430495,5.054879
1939,1298350,3.291143,3.278633
1629,687777,4.560343,5.1544485
1003,687819,-0.116285,-1.8725544
1237,1298537,5.187257,5.5078964
1559,753608,-3.585334,-1.3279868
1779,722046,-0.650894,0.9709906
1511,905944,0.997735,-0.59373933
1910,687799,0.775223,2.4671645
1093,908474,4.625397,4.3349333
1032,753600,1.501893,2.2355716
1025,908473,6.800009,5.3048944
2011,753592,1.810589,4.002096
1022,722045,0.514851,0.7345374
1014,753592,1.390373,2.4098506
2107,724868,5.225762,4.9938145
1085,687812,4.050778,2.8358974
1441,908463,0.9793,2.5140445
1375,906791,7.095327,6.6488876
1615,753608,5.924935,5.475256
1558,1240146,1.138716,3.3797393
2057,687798,4.861562,5.0101037
1168,687820,4.958129,2.962882
1855,906791,4.759702,4.9426513
1940,905972,3.085528,3.8791149
1511,724834,0.176884,-0.39927462
1926,722045,-0.083602,0.7758351
1862,908473,-0.748812,-1.3149599
2438,905970,12.758646,12.037776
1033,722046,4.764128,5.205285
1919,1240146,-3.590724,2.0285866
1054,1240146,6.121982,3.8592148
1250,910931,0.400552,2.5378652
1029,908460,8.108368,5.993012
1014,722046,-1.409278,2.099548
1013,724868,3.174726,3.0052235
1463,753608,6.073642,4.0480447
2148,910900,2.905089,1.7081157
2096,1298537,3.764445,3.144444
1449,906805,5.717106,6.039988
1073,1290908,3.723908,4.9543533
1021,905972,4.278974,3.746275
2173,905972,3.438641,4.380809
1012,753600,3.181359,2.3157415
1149,906805,1.21074,2.5378337
1200,724873,3.725531,3.921429
2043,722045,4.890748,5.2965255
1813,687812,5.368514,5.0317054
1259,724878,3.233145,3.4423227
1706,1290908,1.073744,1.9219958
1062,905970,3.390659,4.046575
1811,1298347,-2.182657,-2.8438444
1042,1290908,5.38112,5.444539
1088,906805,4.362203,3.1968746
1563,687799,5.782739,5.793559
1133,687821,6.528239,4.8704133
1598,724859,5.739874,4.420313
1030,687802,5.355364,4.724997
1073,905949,2.22749,5.3646717
1029,753592,5.40802,5.574876
1560,753608,3.652701,3.818271
1003,1298537,0.08025,-1.2270375
1511,722046,0.397609,-0.6892549
1941,687777,-2.845512,-3.3467655
2438,905972,9.534476,11.746446
1372,1298347,1.762133,0.21560176
2148,1240185,2.143269,1.2756852
1909,724874,3.074215,3.070155
1059,905949,-2.504726,0.32526395
1817,724834,-5.036946,-4.7809143
1849,687794,0.246203,0.33826724
1776,1298537,4.469421,5.084795
1511,687816,-0.043845,0.18391839
1057,905944,1.617088,-1.605173
1912,1290908,2.151609,3.1762257
2110,1290908,4.20079,4.756605
1375,722058,3.498464,6.800852
1080,1298537,-1.373821,-1.9526612
1806,908459,6.799114,5.577549
1049,908473,4.714218,3.5983744
1191,1240185,-2.211424,-4.5984125
1051,687816,1.463123,2.991415
1918,687800,2.269348,3.3150532
1079,753592,-1.939573,1.0851111
1624,1298537,1.294868,4.1262074
1058,905970,2.564294,1.4853758
1021,687802,5.782755,3.165322
1079,905942,2.327063,0.8090458
1168,908474,3.38427,2.8291001
1068,905949,0.342464,0.90984386
1594,908475,1.407188,2.9092457
1776,1240185,4.751655,4.519823
2438,724866,11.978982,11.709485
1627,908473,4.418309,3.5516028
1022,724878,2.382258,0.8267155
1593,687812,3.175053,2.5158935
1924,724866,5.362406,4.103716
1810,687816,-1.163625,1.7493865
1441,724859,2.364137,2.4237208
2040,905972,3.030549,1.4583632
1627,753608,3.475428,3.903603
1200,687812,4.028202,3.7857862
1560,1240145,2.86766,3.482164
1378,722066,4.560004,3.484971
1083,724868,1.580265,2.7192419
1816,908473,6.47404,3.712893
2177,908465,2.200765,1.9118067
2046,1298350,4.012273,3.5653596
1004,1240145,-5.200915,-3.8906817
1049,924244,3.60049,3.6809664
2038,687820,5.547734,4.8903046
1057,906805,-3.132272,-1.172596
1931,905949,6.537245,6.3356524
1831,722046,3.450636,3.8572917
1088,905970,6.034776,3.3230703
2173,905944,4.657071,4.076293
1049,724834,5.23291,3.6525593
1804,910900,5.849578,4.843587
1813,905949,4.680565,5.5891304
1922,908472,4.8803,2.6325798
2040,687821,2.541721,1.9600486
1940,1298347,3.34957,3.6572309
1930,753592,0.124013,0.40706003
1237,1240146,5.766559,5.162714
1023,908473,4.740049,3.3476763
1845,908475,0.503711,2.321612
1813,906791,6.243487,4.9038
1720,1240185,6.230962,4.1207743
1941,687800,-4.768091,-3.4565976
1912,908473,2.623614,2.8821259
1057,908460,2.249699,-1.4947675
2157,753600,4.498306,5.14865
1815,722066,6.03089,5.9685335
1026,687821,2.144707,1.0152484
1018,1298350,6.003781,5.7049637
1911,687820,-2.738744,-3.0660336
1061,924244,5.30469,4.03176
1401,687777,3.420277,3.4799242
2038,1290908,4.573159,4.7180486
1059,908459,0.579703,0.55583805
1915,687799,0.22636,2.5263221
1854,1240185,4.183114,4.6434336
1810,905942,0.456243,0.46533182
1016,687802,1.055635,1.0213457
2159,924244,2.090701,3.6620195
1812,906791,3.313297,3.233429
1803,1290908,4.540615,4.5271573
1401,753600,1.847136,3.1412363
2109,1298537,2.294468,3.1000495
1085,1240185,2.366761,2.8022163
2158,1240185,5.324427,4.2280526
1093,908475,4.703232,4.369194
1621,722066,5.091739,4.828121
1191,753608,-4.628653,-4.4989614
1804,687821,7.122858,4.9479003
1036,908465,4.112629,4.329091
1559,910931,-4.610939,-1.5637312
1080,687821,1.119509,-2.0892935
1086,722066,0.422298,0.26268408
1932,1290908,1.648131,3.028223
1939,1240145,1.784634,2.987523
1441,905944,3.490269,2.3720858
1594,924244,3.855874,2.7426186
1068,908465,2.01622,0.37313992
2011,687821,7.852733,4.8550587
2055,687820,5.733988,2.3324761
1630,1240187,2.418193,3.737536
1917,905944,5.123288,1.9587157
1598,687802,5.101917,4.0640545
1809,1290908,-1.409715,1.5610552
1006,687802,3.881059,1.7860166
1259,722066,3.267087,3.3174884
1048,687802,6.122202,4.642889
1003,753604,-3.758359,-1.7273852
1048,906791,5.142809,4.7452445
1933,1298347,5.053534,4.9657445
1039,722045,5.445176,4.98849
1036,1298350,4.435152,4.718379
1449,722066,5.518242,5.6021233
1843,724859,-0.719616,0.70124096
2170,753600,4.54084,4.185615
1006,687799,3.926102,2.5179734
2055,1240185,1.0248,2.0289006
1631,687798,5.092617,4.2171063
1925,905970,7.632761,5.5902433
1922,687777,3.004202,2.874185
1620,1240145,5.647178,5.472904
1558,724834,5.525735,3.3463454
1919,722058,1.873261,2.2669969
2037,906805,5.814127,4.242673
1022,1240190,0.278461,0.62117606
1598,910931,4.837192,4.160884
1237,1290908,5.105997,5.3445644
1782,906791,5.248243,5.4158998
2110,908475,4.35542,4.6477027
1919,687794,2.466979,2.1126635
1816,1298348,5.580499,3.7488477
1019,1240187,4.363088,3.239555
2154,905972,3.190568,2.9640589
1494,753600,-1.310998,-2.607382
1908,908475,1.612628,2.9847445
1827,1240185,-0.379019,0.7234594
1069,753604,2.620261,3.9290593
1131,905972,7.609126,4.5730047
1016,906805,-0.707928,1.8698772
2037,908472,5.454428,3.8036292
1854,908459,3.711557,5.004897
1036,1240185,5.901844,4.5549426
1052,1240146,6.541941,4.0363445
1016,905944,1.85419,1.1106352
1941,722046,-1.866987,-3.9151149
2107,724878,6.450414,5.421921
1011,908459,1.471642,2.6870222
1997,687800,5.072977,4.079172
2106,908473,3.460932,3.0533218
1004,724873,-3.588898,-3.5443296
1627,910931,2.264992,3.5663204
1013,905949,3.132755,3.6986926
1625,724878,6.459929,5.490653
1049,687799,4.929725,3.751953
1401,908463,5.173306,3.0903728
1199,687800,3.75258,4.028226
1549,724878,6.197819,4.276869
1808,724868,-0.56302,0.78564864
1133,910399,3.635626,4.0898266
1006,1240185,0.242304,2.2373207
1809,905972,0.682292,1.383075
1553,908475,2.43379,3.2784297
1835,724868,3.350893,3.9472585
1631,687821,7.207353,4.4303365
1778,724866,5.631548,3.3047538
1830,753600,2.807869,3.2480145
1813,687800,7.633547,5.43796
1250,687821,6.809451,3.5649838
1917,722045,2.201098,2.2743382
1011,687802,5.291587,1.9335943
2048,1298537,-2.87439,-1.564953
2044,905942,4.315216,3.535483
1845,905944,3.390814,1.9145404
1023,722066,3.710123,3.7501216
1025,1290908,6.122383,5.5640774
1915,905944,2.762315,2.8120003
1089,908473,3.486388,4.7600164
2046,908473,6.400187,3.2718067
1706,687816,5.145684,2.3199673
1510,687802,4.696283,3.34729
1626,908459,2.043083,3.300415
1736,905972,2.849757,3.9832778
1085,906805,1.472814,3.4760518
1830,724868,2.258152,2.7443082
1847,753600,2.02322,5.2007346
1549,910931,2.179449,3.7549734
1129,724874,5.182519,4.002784
1932,1240190,3.994595,2.9625719
1799,687802,4.992485,4.1760902
1014,1240187,2.75768,2.3926034
1778,908475,3.309254,3.1803064
1191,905942,-4.55464,-4.8617067
1062,906805,2.974676,4.0968647
1862,910900,-1.354727,-0.8581241
1005,687800,6.987342,4.165759
2111,687812,4.909501,4.2283497
1463,906791,5.744171,3.6642098
1627,722045,3.635586,3.8829346
1553,905942,4.0373,2.9429994
2038,908463,6.439013,4.9118147
2438,908475,11.195597,11.600664
1060,908465,-0.520633,1.3532559
1080,687807,0.138866,-2.659907
1085,908465,4.6664,2.5644283
1047,908474,4.078827,4.5182543
1048,687798,3.573776,5.1802406
1928,724878,7.070818,4.953421
2154,724866,3.911083,2.9377573
1014,753600,3.50591,2.6944115
2057,722066,6.262038,4.934388
1706,1298350,5.111537,2.0587966
1911,687800,-4.559018,-2.6780553
1997,687777,1.664568,4.3172827
1020,1298537,5.67212,5.7937756
1038,724874,3.394507,3.525854
1022,905949,0.105827,0.8804577
1250,905949,1.080371,3.3260171
1580,722046,4.917338,4.921185
1057,687777,-1.103089,-1.0220474
1080,724874,-0.750638,-2.526164
1922,722046,2.106812,2.2540555
1053,908474,1.360471,2.6949205
1917,908460,6.204237,2.2315278
1632,908474,3.4994,3.7802258
1932,905970,5.831689,3.486514
1558,1240185,3.879511,3.36974
1913,722045,4.922224,5.522887
1006,722066,3.544884,2.504255
1912,905949,2.400549,3.5411363
1618,687777,4.407548,4.3104625
1249,908473,5.625719,3.3314333
1372,908472,-0.27161,0.41191614
2154,906805,3.947574,3.30173
1494,724878,-3.322577,-2.8142905
2171,724873,0.875909,2.3902946
1024,924244,0.232479,-0.01781731
1026,905949,-3.217094,0.74746394
2148,687799,1.562298,1.3560928
1933,687794,5.207069,4.7221785
2055,724878,3.16285,2.29676
2172,724834,3.377194,2.4745183
1549,724868,4.135324,3.75855
1843,1298537,-0.958942,1.5230178
1620,722045,6.175767,5.839513
1912,906791,3.184918,2.8731327
1057,1240185,-1.10985,-1.6702561
1553,908460,5.121663,3.3816988
1843,687777,-0.415836,1.5139252
1613,910900,2.918404,3.7394896
1375,722045,6.229707,7.052314
2499,1298347,8.507769,10.737407
2148,1240190,0.774392,1.4060167
2039,722066,2.907867,3.6019197
2040,687794,0.724453,1.4443102
1933,722045,5.051871,4.955555
1819,687777,1.601416,-2.1327448
1778,905970,5.806917,3.7189543
1512,753592,5.101154,5.3142734
1778,687777,4.207306,3.6622329
1910,753600,2.027613,2.7794971
1776,908475,4.88153,4.6259823
1020,1240146,6.184186,5.3977194
1049,908459,2.391336,4.150409
2107,722046,4.948018,5.11193
1058,687807,2.583535,1.1753491
1133,722046,4.042018,4.13501
1089,905949,1.901329,5.4937143
1810,905970,3.972574,2.2054286
2159,905949,3.107152,4.319124
1029,722046,5.044347,5.7937827
1085,724859,2.002311,3.0572731
1613,1240190,3.033305,3.52385
1036,905972,5.482401,4.783799
1617,905942,-0.178852,2.3033266
1061,908459,5.461806,4.3669243
1847,1290908,1.252983,5.0083594
1912,1240190,2.054006,3.111414
1180,687798,-2.914475,-1.643638
2172,687812,5.266712,2.5118136
1843,908465,0.094665,-0.059831187
2047,753592,2.804578,2.8099687
2043,722066,4.545946,5.2201753
1373,722066,5.094364,4.3831663
1013,1298537,3.489938,3.7069643
1131,1240146,6.002032,4.4716396
1401,724859,2.857335,2.9410975
1511,724874,1.840012,-0.0067381095
1038,910900,4.050444,3.6171317
1032,905949,0.980552,2.2543058
1930,687820,2.561608,1.0163885
2110,1240187,3.395192,4.5884213
1922,908474,-0.006107,2.4886012
1020,908463,7.396769,5.6945963
1088,753604,1.080301,3.0338006
2499,687807,10.941748,10.850198
1021,905944,3.760358,3.2119899
1129,753604,3.205014,4.0840073
1239,724834,3.222676,2.6093602
1845,905972,0.065666,2.4436088
1250,724868,0.142753,2.4193301
1922,910900,3.794784,2.8517022
1827,908459,3.146169,1.0909685
1802,724834,4.565939,3.9648776
1449,1298348,6.650635,5.418254
1812,1298348,3.605128,3.4007967
1463,1298348,5.503246,3.8073983
1618,724866,4.210911,3.970749
1778,908459,4.184742,3.5802546
1853,724859,4.137007,4.080139
1096,722045,3.444569,2.9229162
1806,905944,5.410658,4.455142
2173,910900,4.436338,4.5398626
1268,1240190,4.604278,4.253882
2172,1298347,4.214929,2.888542
1080,724866,-0.752135,-2.5702543
1057,724834,-0.484556,-1.6930555
1997,687816,4.545548,4.2942643
1799,722046,2.938678,4.337945
2043,724873,6.116954,5.2604284
1449,905970,6.001677,6.010564
1007,753600,-2.829781,-2.5958064
1441,724878,3.334498,2.665278
2177,905949,1.230006,2.6083517
1581,905972,4.132499,2.7904124
2498,1298537,7.088841,9.118919
1862,724868,-0.539749,-1.2217002
1030,687777,6.740019,5.415996
1917,908475,0.487735,2.1058176
1131,908465,7.32553,3.9553156
2174,910399,2.432182,2.8128386
1838,724878,5.660547,3.942471
1008,722066,2.611716,0.8454383
1925,753608,5.258697,5.33825
1067,1240146,5.934674,5.208951
1019,724834,3.70239,3.1025505
1786,905972,3.230098,3.0771248
1622,910900,2.997102,4.6740165
1073,910900,4.664699,5.129657
1564,687819,5.408617,2.4903908
1010,687820,5.799634,3.3778148
1072,905949,4.355388,5.497981
1010,753592,3.800499,3.1332045
1922,905970,3.120813,2.9866467
1927,906805,5.544391,5.662557
1561,1298347,2.580547,2.4420338
1782,724859,5.865333,5.777219
2158,724834,3.529967,4.2404056
1812,724859,1.705042,3.5860968
1494,1240145,-3.374991,-3.4746869
1553,906805,2.19588,3.8232298
2157,753592,4.862522,4.613714
1624,905970,5.186883,4.2547717
2048,1240190,-4.162653,-2.712885
1003,753592,-1.865583,-2.5681767
1909,905949,1.904292,3.233464
2096,753604,-0.248438,3.0599804
1200,908459,3.060836,4.208961
1200,1290908,2.192519,3.9909532
2107,687777,6.614336,5.561037
1808,722066,0.310955,1.1318778
1012,1290908,0.454414,2.053206
1008,1240146,-0.16091,0.6171757
1168,1290908,4.151055,2.8180523
1580,1298348,4.834371,4.8385963
2055,1240187,1.646525,2.241095
1507,908475,4.462637,5.031989
1919,687816,3.072226,2.634921
2156,687816,4.301638,3.7543066
1021,724859,3.393817,3.8534465
1088,687799,0.864237,2.5675855
1845,1290908,0.180288,2.5571039
1618,1298348,3.257213,3.7513173
1029,910931,5.164799,5.7103786
1510,905942,4.162298,3.3241253
1036,908473,6.52513,4.53494
1016,724859,1.18527,1.4720204
2044,687807,4.579502,4.147171
1133,724878,5.893035,4.456661
1911,910399,-5.488022,-3.6140568
1847,905972,3.679384,4.985635
1511,1240146,0.249162,-0.3542067
1012,905942,1.643015,1.6092302
1621,1298348,6.200051,4.659948
2177,905944,2.380357,2.238511
1634,687821,7.26495,4.9933405
2158,687802,5.88436,4.036356
2359,1240190,6.106131,5.691238
1622,722045,5.342491,4.5248713
1629,908463,5.949026,4.9512
2038,687812,5.487608,4.460952
2111,687807,5.474805,4.5968037
2154,687819,2.957076,2.636547
1911,1240190,-4.896192,-3.2233927
1020,724859,5.818845,5.5940046
1558,687816,5.305472,3.9434938
1091,753608,1.121407,2.5133567
1021,687820,4.389838,3.9826212
1025,908474,4.956519,5.4311323
1005,905949,3.007318,4.1446133
1008,1290908,-1.404521,0.6827361
1927,753600,4.091633,5.4535174
1918,1240145,1.865058,2.8922987
1912,687819,3.427039,2.964502
2047,724868,1.448699,2.7324147
1825,724834,1.087762,-0.10290985
1237,687798,5.054189,5.3798847
1561,905944,3.737142,2.2752817
1825,1298348,1.36878,0.24768785
1449,753600,5.788814,5.806281
1778,753608,3.173505,3.2980309
2037,687819,6.185734,3.5285199
1019,908473,2.420219,3.0606172
1061,905972,5.563414,4.28998
1025,753604,5.532825,5.7599473
1558,924244,4.015544,3.4078865
1919,908475,1.890945,2.28182
1014,722045,2.537975,2.4982958
1624,908463,5.799849,3.8996215
1529,908474,-2.841726,1.4622991
1582,908473,4.032717,4.4087334
2037,910900,4.593975,3.9981441
1180,724878,1.249796,-2.0522523
1558,1240145,3.658201,3.180132
2057,1298350,5.789912,4.7743883
2010,753592,2.409297,3.7641163
2043,910399,3.483971,5.154681
1553,687800,3.695639,3.553181
1622,753600,4.146719,4.6295333
2039,722045,2.525444,3.6463852
1847,906791,4.742731,4.6207705
1072,908472,6.124288,5.075485
1620,906805,6.580681,6.1545305
1854,722066,5.539568,4.857958
2499,687816,10.263411,10.992642
1008,753592,1.983191,0.49133602
1085,1298537,2.791505,3.390007
1549,687800,2.225518,3.9734752
1557,1298350,4.132127,4.7366414
1852,687821,6.698904,5.753024
1179,687798,1.492142,1.3960941
1626,906791,4.890903,2.5458665
1194,753608,3.756133,3.578974
2158,687807,6.765279,4.6086984
1614,724868,2.254305,4.208191
1845,908463,4.584794,2.8155465
1625,1240146,6.334406,5.2347636
1941,908475,-5.091122,-3.673841
1010,908460,4.925241,3.3018816
1624,687798,4.41541,3.9859376
1997,687812,5.551595,3.785067
1855,724859,5.214429,5.3659973
1401,687802,4.898006,2.3572242
1052,905972,4.237217,4.161111
1019,722046,2.558295,3.1143665
1549,687820,5.976007,4.0613947
1564,908463,5.403624,2.8039658
1926,1298537,0.500236,1.1275443
1626,687816,5.413835,3.2319317
1043,687812,5.145288,5.6331453
1024,1298347,1.282823,0.46629056
1933,722058,4.05545,4.6756573
1924,1240190,3.577457,4.0008287
1049,910900,5.821319,4.060888
2040,905949,0.407413,1.7490598
2499,687821,10.380508,11.092924
1060,908475,1.458675,1.6635594
1614,905942,4.744129,4.0909777
1168,908473,0.257436,2.5189452
2498,687819,8.355546,8.601653
1020,687821,7.975248,5.9912095
1250,1240145,2.141187,2.2267144
2043,722058,4.751711,5.025779
1069,722045,3.974894,3.860708
1629,908459,5.641243,5.054949
1021,753604,2.20878,4.1859975
2159,687820,5.274816,4.1274285
2048,753600,1.132442,-2.1664157
1997,906791,2.260609,3.6656551
1910,905942,3.062524,2.0454235
1401,753592,1.916306,2.3422892
1059,687820,0.87006,0.17642267
1168,908465,1.983462,2.4898987
2173,1298537,3.13259,4.6111507
1912,687821,6.437746,3.6999846
2043,1298350,5.007159,5.039819
1835,724859,4.478502,4.3164387
1018,908473,6.82706,5.5988784
2173,910399,3.934176,4.16137
1819,908475,-0.063,-3.205892
2110,908474,5.44415,4.6282797
2359,908465,6.649863,5.219743
1047,906805,3.207106,5.220295
1854,905949,4.654424,5.1797767
1026,687820,2.180838,0.58104724
1928,724834,5.46752,4.6127234
2177,753604,2.173718,2.4890423
1011,687821,3.610462,2.8087687
2038,908475,3.988608,4.477153
1372,753600,2.057999,0.4195903
1843,908463,1.727469,0.916392
1813,1290908,3.249855,5.2616863
1827,724866,0.606553,0.935189
1553,687794,2.345245,3.2138894
1268,1298348,6.737681,4.103553
1576,908463,4.320327,3.0306652
1021,724873,3.528411,3.5433307
1463,1298347,5.054046,4.0234337
1908,1240145,1.202704,2.5571861
1933,1240187,6.119715,4.7959437
1080,910900,-2.995784,-2.4416738
1557,722046,4.817673,4.7923417
1009,906791,5.199009,5.073953
1613,905949,2.011737,3.94712
1912,905944,5.062866,3.0258045
1779,905949,2.3725,1.53621
2110,753604,0.585228,4.955369
1931,905944,5.20653,5.5557876
1635,753600,5.10444,5.799365
1926,908472,1.064974,0.9436892
1810,724859,0.358815,1.4511547
1149,687777,1.833647,2.5859172
2048,905944,-4.284544,-3.2460752
1179,1290908,1.649403,0.92471343
1720,722046,1.401802,4.1523395
1025,722058,4.892212,5.3241863
1806,905972,5.432286,5.0111723
1248,687819,1.485482,-2.9654891
1013,724859,3.989197,3.3805647
1549,687819,3.275051,3.6824894
1200,905949,3.386527,4.3331757
1803,908463,8.415676,4.6081667
1054,905972,5.363465,4.0153356
1378,1298350,-0.84622,3.5273123
1804,908459,6.823609,4.703529
1023,1298537,3.089688,3.8030849
1512,1240145,5.64003,5.36605
1085,687807,5.000384,3.1674533
1936,908474,3.143173,2.9035118
1799,905944,4.894755,4.3143353
1581,908475,2.549645,2.6502364
1053,906791,4.846142,2.4596477
1925,687794,5.427836,5.055561
1827,724859,0.271622,0.835005
1048,910931,4.553578,4.8018456
1375,687820,8.558528,7.1581736
1012,905970,3.853366,2.5827763
1873,753600,1.015804,1.5227273
1049,724878,6.036229,4.022534
1618,722058,3.837026,3.7882648
1627,1240187,3.060865,3.7229776
1621,910931,3.017774,4.600074
1825,724878,3.274268,0.21294017
1093,908460,7.950615,4.489151
1553,1240190,2.09799,3.283821
1086,908473,0.96841,-0.26384786
2154,908475,3.007549,2.834645
2055,1298347,3.005214,2.397696
2172,924244,2.436512,2.4339857
1043,724834,5.943783,5.6092567
2157,905949,5.243601,5.3572035
1855,908473,4.859079,5.028449
1008,724866,1.762737,0.89599663
1250,722058,2.28858,2.7243102
2107,724873,3.977291,5.245249
2055,753608,2.339615,2.3000526
2096,753600,4.252427,3.1683483
1083,687816,1.171946,3.4402885
2157,724866,5.619587,4.980945
1131,687798,3.396442,5.0478344
1131,910900,5.016814,4.826247
1922,724878,4.298781,2.829929
1085,905942,2.025239,2.618453
1512,687800,5.650139,5.826085
1019,905972,3.322375,3.3414829
1013,687819,4.031256,3.0695856
1017,905942,3.309964,4.506069
2177,722066,1.951339,2.3667636
2159,724868,2.914357,3.5412083
1560,905970,5.39298,4.088141
1936,687819,3.200614,2.742616
1911,905949,-5.789736,-2.851077
1630,687794,3.332474,3.6697302
1046,905944,3.580966,1.9541415
1012,724878,3.247888,2.2229674
2043,1298537,4.565677,5.391613
1909,1240146,4.111411,2.7299001
1632,722045,3.34189,4.0498776
1502,910931,4.673691,4.649523
1631,687802,5.531875,3.1800969
1057,905942,-0.633248,-1.9560134
1916,1240185,2.248908,2.9433818
1561,1240190,0.383662,2.314573
1799,908463,4.821612,4.590662
2011,908475,4.745746,4.279914
2109,910900,3.469653,3.164464
1051,722058,5.046989,2.437529
1815,687821,7.980539,6.4300613
1922,1298350,2.47883,2.4469962
1816,687777,5.505226,4.319708
1511,724859,0.376143,-0.11129801
1830,908473,4.108887,2.6948397
1598,722058,3.893159,4.2439966
1007,687777,-1.072924,-2.1327448
1054,1240185,3.023799,3.764576
1089,908463,6.345543,5.3237514
1909,687821,2.943774,3.376968
1249,753592,2.786312,3.1954584
1010,722058,3.300381,3.2499294
1510,1298348,5.436151,3.3854246
1012,1298350,3.529294,2.0662694
1494,906805,-0.866075,-2.4801023
1593,753592,2.351233,2.1801066
1529,1240187,-0.310472,1.8295293
1030,1298348,4.51168,4.857978
1786,1240185,2.447475,2.819433
1996,908472,5.548229,4.198894
2045,687799,5.180499,5.0490303
1853,908459,5.972488,4.2318487
1072,908459,5.46247,5.356939
1237,724874,7.53438,5.4752436
1022,910900,-0.000934,0.9229955
1199,908465,5.142474,3.5760407
1931,908459,6.528716,6.340706
2439,908463,10.751991,9.306767
1060,687802,2.32157,1.5314287
2148,908460,1.810331,1.506307
1847,687800,7.068297,5.218788
1059,1240185,-1.19575,0.049186632
2107,722066,5.306841,5.2326055
1054,1240187,3.924981,3.9627242
1553,1290908,2.885271,3.3476577
1558,1240187,3.930724,3.445586
1038,906791,3.682233,3.0136523
1613,724878,6.038572,3.6617393
1378,753592,2.7797,3.0556765
1016,905970,0.433285,2.0182385
1814,1298350,6.656951,6.1528444
1507,906805,5.055913,5.6556983
1617,905949,2.944692,3.0606422
1852,1240187,6.257627,5.222143
1033,687807,6.217327,5.5071735
2047,724878,4.050773,3.2771213
1936,687812,3.011299,2.7655115
1510,1298347,4.536927,3.5438695
1830,906805,2.583793,3.4295278
1835,1240187,5.572845,4.2024364
1925,908472,4.485342,5.1860695
1581,905942,2.661019,2.333806
1622,908465,5.377379,4.062063
1373,753592,5.21264,4.037985
1940,724834,4.953944,3.5415936
2011,908460,6.497957,4.422144
1194,906791,5.030702,3.2604578
2107,1290908,6.179551,5.2815757
1026,906791,3.566285,0.29442734
1558,687821,7.850201,4.0118213
1018,687816,5.835516,6.173154
1057,910900,-1.050548,-1.287184
1927,908465,5.822031,4.8706303
1629,687812,4.818791,4.6557946
1068,687799,0.424672,0.5576463
1786,1240187,3.669477,2.9706476
2154,908474,2.897641,2.7926037
1563,724859,5.902127,5.930501
1014,687794,-0.356608,2.3924627
1919,905970,1.164936,2.5415127
1083,724834,3.451522,2.8378243
1011,905944,3.869182,2.029113
1560,908463,4.842709,3.8688745
1510,722046,1.760704,3.4494653
1192,753608,3.179446,3.0756075
2055,1240146,3.431217,2.0991716
1909,724834,3.54268,2.6632142
1089,753592,4.673342,4.39083
1032,724866,2.82274,2.0553312
1811,1240190,-2.281116,-3.2233927
1239,908459,3.800912,3.2657406
1080,1240146,-0.622188,-2.9206386
1089,908474,4.450056,4.7391005
2040,753608,0.812808,1.5300382
1036,687800,6.919225,4.9609895
1910,910900,3.184518,2.7203562
1578,724868,4.581063,5.1800485
2096,1290908,2.12624,2.8624074
2096,724868,1.133082,2.6788788
2010,1298537,3.603289,4.7855577
1069,687777,3.371947,3.9776268
1024,724878,2.733556,0.38226983
2438,722046,9.853961,11.5700865
1032,1240185,1.546245,1.8225853
1622,1298347,3.98491,4.3889055
1036,687807,5.958135,4.8925185
2499,724859,10.546868,10.753038
1083,724859,3.365211,3.1351166
1026,722058,-2.42318,0.6849129
1910,687777,1.415057,3.1054459
1049,1290908,3.921822,3.8762097
1559,908473,-0.918075,-1.6832541
1061,687807,6.353618,4.3151712
1814,1240145,5.446608,6.0325856
1578,724874,6.691092,5.6087775
1919,905944,1.852038,2.3145766
1919,906805,-1.382719,2.5515084
1916,724873,3.184456,3.0713995
1008,687794,1.657079,0.8246228
1373,906805,4.856988,4.8267193
2045,905970,6.549015,5.6167507
2055,724868,1.229678,1.9444231
1009,724874,7.554289,5.499639
1915,1298348,0.769923,2.5588493
1838,905972,4.309647,3.837193
2148,1240187,1.515017,1.4365026
2040,724874,0.937805,1.6432843
1559,905970,0.069645,-0.58531165
1017,924244,4.575222,4.7506943
1175,722046,2.587552,4.1173058
1025,1240190,6.106131,5.462391
1020,722046,3.612928,5.3919597
1855,905970,6.030968,5.915989
1922,724859,4.749443,2.569613
1809,905944,1.372133,0.911996
1021,1298347,3.772878,3.9423394
1449,722046,4.163188,5.5095587
2106,910900,5.293637,3.5850446
2154,724859,3.942037,2.9313157
1093,687820,6.4661,4.629542
1022,905970,3.571479,1.2622806
1378,908460,7.685882,3.5689125
1862,905972,-1.338994,-1.1488223
2047,906805,0.781727,3.3054671
1026,753600,2.085441,0.8178162
1915,753600,2.698645,2.9757237
1932,687819,3.47765,2.7855449
1463,1290908,1.840681,3.9734154
1042,1298537,5.673394,5.633615
1809,905949,-0.893912,1.8967668
1557,753592,5.092197,4.5974755
1494,687794,-2.592282,-2.7822216
1192,687794,2.756211,2.850829
2170,908473,6.296545,3.700369
1005,906805,4.264559,4.392557
1378,1240190,3.543178,3.502295
2045,724868,4.958653,4.8425384
2044,722066,3.306254,3.9518523
1817,1240146,-5.805424,-4.7627797
1248,908465,-3.347434,-3.3423047
2359,1290908,6.179551,5.783271
1919,753604,-1.083086,2.3328633
2011,905944,4.51777,4.071277
1853,905972,3.560006,4.247564
1378,1240185,1.333396,3.2997875
1191,1290908,-5.313858,-4.5704308
1939,908459,3.731532,3.6688948
1580,1298537,5.060242,5.2358727
1057,722046,-2.937096,-1.8875324
1378,1240187,3.157609,3.47827
1088,1298347,5.13831,2.8515856
1941,687821,-3.255886,-3.3964434
1061,1240190,3.194917,4.0659804
1008,687807,-1.410033,0.82964164
1052,687799,3.772155,4.134135
2048,722045,-2.502982,-2.5514722
1043,906791,5.504071,5.5228786
1168,1240190,4.279557,2.7589798
1843,1240185,-0.274882,0.31083614
1913,753592,4.859087,5.0610075
1131,722066,3.160728,4.578062
1049,687777,4.919429,4.2599673
1033,908473,7.041448,5.107849
2111,908463,5.417866,4.635949
1011,724874,2.068551,2.511569
2106,908472,5.839128,3.4368389
2045,687807,6.714491,5.2913623
1625,1240190,5.532107,5.3314176
1180,687802,0.931636,-2.5982313
1378,724868,1.301235,3.2151551
1052,1298537,4.919355,4.745665
2172,910931,0.762025,2.4120035
1631,1298348,5.16574,3.6758056
1529,687798,-0.94257,2.274032
1069,1240187,3.894855,3.6385052
1558,687799,-0.041076,3.3950796
2156,908460,4.972955,3.41395
1629,724868,4.20288,4.5765886
1175,1240145,4.546278,3.9533157
2109,1240146,2.749142,2.667832
1022,753608,-1.078376,0.70284146
1910,1240145,4.475486,2.113067
2171,724859,1.54738,2.8515353
1053,1298348,4.832024,2.6135511
1852,724878,6.912703,5.518928
2045,908472,4.865652,5.1899657
1621,687812,4.276969,4.6754355
2177,1240187,1.918998,2.2353516
2173,1298348,4.205602,4.1728277
1050,905944,4.506295,2.6790516
1621,722045,4.232647,4.946759
1922,687821,4.726088,3.0478497
1932,687800,4.859489,3.1951847
2177,687802,3.865889,2.0337088
1564,722046,-0.22416,2.4168808
1022,908474,-2.015817,0.43996042
2158,724878,6.515422,4.597869
1594,687802,2.6873,2.6786127
1053,1240185,2.352622,2.5759377
1849,722046,-1.739499,-0.17736143
2040,722046,0.059142,1.1820177
1049,722046,2.883464,3.663417
2110,924244,5.56664,4.5788636
1630,1298348,2.47908,3.6481233
2039,753604,2.001465,3.769333
2169,910931,1.923623,4.221168
1177,724866,4.457168,4.697094
1052,908460,7.42062,4.255656
2038,905944,4.556528,4.1342444
1853,722066,5.319666,4.144661
1086,724834,-0.284161,-0.08090398
1059,687807,2.437676,0.22180712
1089,687821,8.474341,5.691804
2159,687799,3.504716,3.860692
1019,753600,2.810354,3.5258312
2048,1240146,-1.829383,-2.8935251
1200,905970,4.837008,4.3447766
1030,910931,5.221423,4.8449326
1494,1298347,-3.130009,-2.6197495
1919,908463,3.702049,2.3166971
1018,753592,5.093596,5.4943924
1026,1240145,-2.96542,0.054856285
1838,1240145,2.545319,3.4067907
1016,687807,4.099688,1.5003268
1925,908459,6.191296,5.4633265
1940,1240190,4.248895,3.6415253
1622,687794,3.831678,4.2426457
2037,724873,4.991252,3.7228613
1079,1290908,2.663311,1.0028498
1510,910931,3.930035,3.3892694
1037,722045,3.269595,3.6002579
1026,687794,-0.889709,0.5642136
2157,908460,6.584309,4.9899764
1005,905972,4.189473,3.5712528
1557,687802,5.18747,4.5531225
2499,908472,9.459352,10.708161
1825,1298347,1.458419,0.5068398
1003,908473,-1.278057,-2.344195
1085,724874,4.428904,3.2103775
1057,908463,-2.470039,-1.393011
1083,908472,4.14048,3.2224493
2038,687800,6.002252,4.9809914
1032,724878,4.022561,2.3103995
1918,724866,3.612654,3.321161
1847,924244,6.679086,4.7325335
2107,1240146,6.166115,5.0974255
1239,905944,2.562997,2.3439844
1372,722046,-3.945743,-0.14733315
1620,1298350,5.991884,5.6082373
1237,1298350,5.44762,5.1441574
1005,924244,4.30065,3.3274403
1810,687812,1.662152,1.164446
1051,910900,3.597514,2.7678638
1133,753608,2.736976,4.4858317
1511,910931,-1.46869,-0.40993777
1932,722066,2.88087,3.0629592
1632,910399,2.342168,3.747942
1941,687807,-4.166838,-3.6774302
1928,1240190,5.709654,4.772203
1927,908475,5.398031,5.207834
1507,687800,5.772285,5.3718443
2043,1240187,5.834715,5.0900755
1020,724878,6.96933,5.7034597
1248,910931,-3.622822,-3.2172546
1239,724868,1.010425,2.471137
1827,905972,3.10624,0.925553
1068,724866,1.211751,0.80177516
1778,687812,3.0937,3.0644526
1930,722058,0.639083,0.9529071
1069,753600,4.223419,3.9748778
1553,905949,1.769337,3.7116733
1237,905942,5.30989,5.0434628
1804,924244,5.903099,4.4670715
1093,1298347,4.622062,4.4983454
2359,1298348,5.965525,5.5296516
1249,908459,3.848762,3.929041
1817,1240185,-5.278016,-4.764002
1549,753600,3.42165,4.1698513
1179,908472,1.976438,1.2785233
1912,905942,3.120706,2.8014433
1909,724878,4.011675,2.9914713
1020,687802,7.357285,5.0928965
1089,753608,4.954228,5.2170897
2158,908474,3.025299,4.2934713
1199,1290908,2.202148,3.9790776
1617,753608,1.962053,2.8153677
1259,1240145,3.468022,2.7350006
1022,1298348,-0.035175,0.7023209
1239,908475,1.742641,2.6538363
2109,687794,2.948786,2.719581
1017,1240146,4.124853,4.809004
1933,724878,5.995911,4.995614
1003,906805,0.668653,-1.5506006
1061,724866,5.777107,4.168223
1024,753604,-0.985361,0.5165343
2043,687777,6.706517,5.5117908
1023,905972,2.867551,3.8281226
1564,687794,0.18506,2.5578604
1997,724834,4.848335,3.758212
1080,908475,-3.858454,-2.8967018
1050,687799,2.274069,2.9593952
1179,753600,3.06847,1.2616705
1816,687812,4.933525,3.7857862
1033,908465,6.360934,4.8813925
1855,753600,5.302769,5.557062
1529,905972,0.028009,1.6702511
1913,1298348,5.363823,5.2957144
1831,687777,4.013558,4.164217
1013,722058,3.695347,3.1555667
1502,753604,4.237034,5.0974054
1930,924244,1.466831,0.6124619
1778,1298347,3.341824,3.2764587
1816,753600,4.213598,4.144804
1009,910931,5.136398,5.1114655
1617,905972,1.588182,2.74939
1580,1240185,4.024562,4.8577657
1038,908473,4.558374,3.022592
1561,1240185,0.744249,2.1842372
1023,724873,2.608627,3.7147207
1825,1298537,-0.08822,1.0094692
1786,722046,1.27884,2.8272493
1190,910931,-3.452757,0.46985945
1072,753604,4.278948,5.3867817
1560,1290908,2.658492,3.783082
1853,724866,4.652601,4.0852513
2038,908465,4.598504,4.0319023
1627,753600,2.930457,4.0164733
1635,722046,3.839456,5.4913163
2173,687819,4.607506,4.0851383
1168,687807,3.86942,3.0082464
1149,1240190,3.393281,2.038717
1043,1240190,4.732871,5.7487407
1067,910399,4.596384,5.2856216
1593,724868,1.399777,2.3556666
1615,724878,6.525589,5.5200644
1023,687812,4.438277,3.4968448
1915,722058,1.661803,2.7367675
1615,1298537,4.934622,5.622803
1853,908465,6.265396,3.7305136
1862,924244,-2.096747,-1.2376912
1634,1240187,4.493265,4.448386
1835,924244,2.841891,4.047515
1009,753608,5.658337,5.4260235
1083,906791,4.825354,2.734251
2359,722046,4.795482,5.5782943
1873,1240145,0.446874,0.8234474
1010,687821,4.78697,3.7488837
2177,906805,3.431985,2.693565
1018,687820,6.230533,6.00852
1060,1298350,2.182436,1.4961389
1372,908463,2.475268,0.23999701
1050,687821,7.406696,3.5914397
1835,905970,4.481389,4.8048105
1051,687807,3.155905,2.722334
1827,906791,-2.769565,0.5894241
1627,687802,4.832861,3.4253244
1062,722045,2.738222,3.8762975
2159,1240190,3.188231,3.9025576
1804,687800,5.583885,4.5344014
1559,753592,-2.63914,-1.823951
1060,724878,4.683775,1.9419222
1091,753592,1.555454,2.3423958
1200,1298537,2.896907,4.1859746
1268,905949,4.111877,4.684639
1913,908475,3.927082,5.3327055
1559,687820,5.154061,-1.2912227
1021,910931,2.868316,3.4622154
1175,1240190,5.023852,4.186827
1026,1298347,0.822399,0.64519715
1913,1240145,4.989356,5.1137667
1931,908475,5.964879,5.8273983
1835,724878,6.165279,4.3530035
2154,905942,2.198143,2.529917
1778,908465,4.350015,2.801484
1831,687816,4.533651,4.416693
2047,687802,3.783167,2.7562919
1913,687821,4.903998,5.917333
1561,724859,4.493536,2.4283848
1021,905949,2.845138,4.191268
1091,687799,-0.225894,2.3279915
1073,722066,6.025108,4.859228
1564,906805,1.470691,3.0848222
1025,906805,5.92655,5.9055376
1020,722058,4.877498,5.309925
2106,753592,2.213166,3.0190082
1594,910399,1.377397,2.8146272
1054,687812,5.234413,3.8190477
1855,753592,4.044789,4.7141914
1080,910399,-5.424894,-3.1456845
1917,908459,4.375172,2.5763516
1620,1240187,5.370927,5.6445265
1909,1298350,2.751336,2.8434262
2039,908465,3.015431,3.1625357
1580,687821,7.649293,5.460674
2043,908463,6.880258,5.3346343
1080,905949,-4.467824,-2.4701343
1249,910399,2.350557,3.387592
2046,905942,3.095335,2.9721127
2177,724878,2.475368,2.5638034
2111,908459,5.756394,4.8217673
2040,1240190,1.09225,1.4277941
2169,906791,4.914871,4.1669054
1936,906805,4.435601,3.284554
1808,1298347,1.447405,1.3348079
1029,687802,7.378795,5.551441
1706,724859,3.811812,2.019642
2107,687816,6.613752,5.573802
2111,908472,5.702396,4.5235176
1925,722046,2.234024,5.1572866
1996,722046,4.998957,4.028535
1594,724868,1.095803,2.660159
1911,687802,-3.876527,-3.6887743
2158,1298350,5.771277,4.350065
2173,1298350,4.367462,4.2456446
1073,687777,7.3707,5.674371
1179,1298350,1.279805,1.1215454
1529,910900,1.054291,1.9921092
1912,908472,5.471683,3.2662928
2109,908474,2.453627,2.815672
1594,908472,2.397216,2.8629856
1594,687821,3.102383,3.3369684
2154,905949,3.12326,3.2312665
1018,1290908,5.271577,5.872574
1560,1298350,4.259314,3.5697389
1779,1298348,2.093577,1.2417233
2156,687777,3.238568,3.8461456
1620,908460,7.663494,5.782895
1563,908475,6.048893,5.7967625
1632,687799,2.672399,3.8833723
1853,1298347,3.785919,3.9558454
1190,687821,1.619753,1.8174917
1926,1298350,0.498714,0.7815396
2157,905972,5.032538,5.050475
1010,1298348,0.839573,3.0915072
1593,910399,0.680244,2.4371347
2010,687777,5.205185,4.931403
1191,724878,-2.576608,-4.3623095
1083,905972,3.642028,3.0602984
1825,687821,5.644089,0.7753712
1072,753600,5.650977,5.2967787
1580,1298350,5.723772,4.883094
1020,687794,4.878287,5.337598
1191,722058,-4.989545,-4.345377
2158,908459,6.114467,4.754945
1620,722046,5.044962,5.6377735
1372,1298350,0.745938,0.22548361
2047,687800,5.228488,3.020341
1925,687799,5.746068,5.1299686
1449,1298347,5.021885,5.626859
1583,722046,1.885702,2.6781702
1449,1240145,5.500018,5.336212
1093,722058,4.063682,4.300065
2499,687800,11.748985,10.842517
1033,924244,5.388269,5.1835785
1830,687816,2.81278,3.3835788
1510,753608,4.590431,3.6517413
1808,908460,1.530429,1.1505936
2156,1240187,2.34246,3.3082862
1014,908459,5.299388,2.6956148
1022,753592,0.022771,0.26591834
2172,687807,2.929167,2.8586855
1909,687819,2.724761,2.6309805
1855,687800,7.056083,5.6086035
1091,1240185,2.299993,2.3340428
1618,753608,3.455415,4.031431
1014,722058,0.486524,2.5955157
1089,1298350,2.645591,5.100608
1782,1298350,5.997086,5.611041
1932,905944,4.91257,2.8338652
2170,905942,5.315269,3.6423361
1043,687802,6.536891,5.4288864
1941,687799,-2.337106,-3.69567
1022,1298347,2.215974,0.87728
1061,908463,6.530167,4.256479
2044,905949,1.477122,4.3565335
1401,908460,7.262226,2.9201467
1620,1290908,4.858787,5.8050246
1706,753592,0.298196,1.3658048
1936,906791,3.723803,2.62281
1036,910900,3.691609,4.9294558
1033,722045,4.161584,5.414779
1043,753600,5.905901,5.9818373
1926,1240145,-0.029902,0.27895433
1778,1240146,5.420067,3.065929
2156,687819,4.320061,3.129172
2148,753608,2.759077,1.5215917
2170,724859,6.171342,4.0125027
1050,1240187,2.340198,2.9963634
1073,722058,3.180824,4.7149787
1782,1240146,5.523551,5.5886965
1564,908459,3.48015,2.9924006
1804,906791,-1.320624,4.253237
1011,753608,4.961851,2.4207494
1510,1240185,3.97515,3.4196014
1003,687807,0.690985,-1.9812311
1622,906805,5.901376,4.8252487
1017,722058,3.082533,4.753053
2048,908475,-3.298669,-2.8943276
1873,687794,0.736705,1.2415591
1594,910931,2.354328,2.6773396
1054,910399,0.75498,3.747826
1036,905942,4.881716,4.3802276
1776,905972,3.847882,4.7736673
1852,910399,4.156722,5.237406
1378,908473,4.945076,3.2919288
1025,724878,5.259722,5.6952267
1200,724859,4.015168,3.998996
1933,1240146,3.346536,4.7243996
1007,1290908,-3.513913,-3.1152134
1029,687820,7.380402,6.1390905
1802,1240185,4.462813,3.962255
1005,908463,6.618796,4.0071063
2096,687819,4.045745,2.707696
1013,724878,5.433352,3.4540544
1007,910931,-5.716663,-3.3082118
1061,687798,5.240233,4.1905146
1802,905944,4.081539,3.921247
2157,906805,6.255848,5.4040976
1624,753608,4.242682,3.824936
1843,908460,1.543909,0.6892969
1180,1240145,-2.184332,-2.8484101
1507,905972,6.331462,5.196309
1441,687821,4.478082,2.8629744
1629,1298348,6.610178,4.6155863
1629,910931,3.239442,4.5958447
2046,906791,3.494514,3.2040074
1564,687802,3.201936,2.4571433
1838,753592,3.645248,3.4860291
1020,910900,4.530997,5.729293
2044,687800,4.129834,4.2051105
1168,910931,3.109003,2.649808
1080,753592,-5.270194,-3.3007662
1268,908465,5.267191,3.953967
1060,724866,0.6721,1.6549244
1549,753604,-0.273443,4.069283
1507,1240146,3.709995,5.037792
1372,724878,3.5489,0.49048057
2045,687820,6.426916,5.3089867
1782,908473,6.458163,5.498331
2170,724834,6.515321,3.7714167
1615,910931,5.191738,5.1283693
1052,908472,5.041184,4.382466
1180,722058,-4.006055,-2.0708919
1782,1240187,5.563686,5.624954
1620,724866,6.067742,5.7770357
1580,687812,4.587339,4.8881016
1375,687800,7.60763,7.237382
1072,724868,5.354509,4.889092
1053,687798,2.834511,2.9518404
1038,724868,2.368551,3.0783453
1016,1298350,0.818985,1.5381219
1997,1298537,4.955622,4.1859345
2499,724873,10.710303,10.655715
1512,687816,6.74125,5.987005
1054,910900,4.938355,4.2158012
1067,905970,6.980412,5.692456
1060,905944,4.713566,1.8126435
1093,722066,5.513699,4.445989
1815,906805,5.809418,6.422258
1250,687777,3.232649,3.6966894
1013,908475,3.813597,3.1938834
1629,908465,5.574163,4.408969
2040,908465,2.299556,1.0744945
1034,910931,-3.824172,-2.7452545
1933,1298350,4.546518,4.819813
1378,687819,7.037136,3.3083737
1557,724834,6.395826,4.7055435
1635,687802,7.071457,5.3018856
1036,906805,3.287135,5.1917906
1804,722066,6.560433,4.633095
1806,1298350,3.540066,5.1006083
1007,908463,-2.666929,-2.724058
1083,908474,2.523926,2.8406782
1578,908463,6.487217,5.560706
1072,687807,5.966899,5.296725
1594,905942,3.97555,2.5675085
1191,724859,-3.823143,-4.4465013
1259,1240146,5.421492,3.203529
1042,687800,6.007284,5.5364637
1931,687794,5.155049,5.8384824
1617,908473,2.840069,2.4643066
1594,687816,3.740047,3.2749996
1622,908460,6.51944,4.4586325
1025,722045,5.929784,5.5904083
1179,753604,-1.101585,1.2481828
1072,1298350,4.779514,4.9705358
1873,724868,0.403008,1.0649068
1017,1298350,4.296993,4.8856792
1621,687816,6.739838,5.211629
1996,908463,5.561757,4.351697
1776,687802,6.048903,4.3269415
1799,687794,4.506103,4.2773247
2011,687807,6.237428,4.559922
1809,687802,5.056307,0.9486339
1059,1240145,-1.353072,-0.28993824
1911,724834,-4.314564,-3.4327855
1005,687816,2.64333,4.145803
1005,687821,6.581119,4.413151
1614,910931,4.923784,4.2496204
1072,905970,6.405059,5.4920287
1025,1298350,5.264196,5.3563056
1629,924244,4.676397,4.6758003
1026,908475,-2.140419,0.5388364
1553,905972,5.455994,3.4119458
1510,722045,4.031846,3.677843
1925,908460,7.762042,5.271322
1194,722058,3.958307,3.4939117
1190,906791,-1.620566,0.41648105
1179,1240145,0.161862,0.40534237
1053,924244,1.885677,2.605081
1580,753592,5.099002,4.759145
2154,687798,3.165955,3.024654
1908,910900,3.809289,3.2818444
1073,687821,9.412202,5.5688415
1940,910900,4.147714,4.055252
1179,908459,1.380725,1.4410523
1026,1240187,-1.132887,0.5682253
1003,1290908,-4.167635,-2.1191041
2439,687819,9.519873,8.926728
1026,687800,-0.853276,0.75525147
1013,687812,4.040922,3.1433187
1782,722066,5.569275,5.678193
1576,753604,1.23665,3.1023211
1507,908465,5.08386,4.665678
2040,724878,2.391692,1.6290821
1073,724866,5.0047,4.998439
1706,905949,-0.392737,2.2772431
1853,724868,3.948693,3.8682423
1625,910931,3.878852,5.1242476
1014,687802,2.901364,2.3696532
2046,905949,4.543701,3.951823
1594,1298537,4.503604,3.066986
1004,687798,-1.187544,-2.1733632
1563,910931,4.821187,5.6528163
1026,753592,-1.694438,0.35555837
1812,1290908,-1.094026,3.5633264
1561,724873,0.840876,2.3013039
2037,724866,6.764002,3.849078
1072,687821,7.575041,5.538372
1918,753592,3.119423,3.1018562
1924,724859,5.5263,4.109434
1026,687799,-0.30146,0.39051047
2046,687794,4.026014,3.4440968
1249,905949,2.522039,3.933712
1032,722046,0.457411,1.6841509
1819,687816,-0.761105,-2.5304484
1250,1298348,4.543673,2.7827058
2171,908475,1.696359,2.4791172
1038,1290908,3.743145,3.3212981
2359,1240146,6.663429,5.5886955
2096,908459,6.002585,3.177102
2158,1240145,4.851666,4.0733695
1049,906791,5.890931,3.5561845
1073,724868,2.596211,4.4758234
1017,1240185,4.829987,4.7175694
1003,687799,-1.962265,-2.0835333
1030,908473,5.427913,4.8507986
1062,905949,1.396444,4.1087875
1922,906791,2.461621,2.2158797
1463,1240185,4.666137,3.7475522
1626,722046,0.991597,2.6262624
1549,910900,4.092227,4.2597585
1085,687802,3.958386,2.6827497
1581,906805,0.961682,3.2564523
1052,1298347,4.912448,4.3866663
1817,908459,-5.171309,-4.1863337
1048,1240190,5.142729,5.0047693
1930,724868,0.255175,0.5623347
1847,1240187,-0.446677,4.884279
1933,910931,4.697927,4.59874
1093,722045,4.447396,4.5375557
1018,1240187,5.694271,5.7309265
1170,910399,3.089985,3.2988436
1817,908473,-5.622624,-4.8924046
2048,908473,-1.525702,-3.1301959
1024,687794,0.222511,0.29872468
1632,1240190,1.78306,3.9333918
2046,687798,3.220131,3.890686
1080,1298347,-1.8457,-2.4321003
1928,1298350,5.698348,4.739498
1038,905972,5.203604,3.4340081
2177,687794,2.251154,2.190801
1039,687794,3.976799,4.7117653
1032,687820,4.069873,2.0407548
1933,753592,4.483699,4.3726845
1631,724834,4.280262,3.5611055
1852,906805,6.461148,5.7231956
1932,687799,0.779619,2.8995285
1911,687821,-0.793055,-2.4357667
1072,687802,5.537552,4.794723
2111,687800,6.79926,4.690571
1048,908465,5.919079,4.575566
1068,1290908,1.497675,0.5910521
1912,908465,2.809219,2.7520437
1583,905942,2.612441,2.5299168
2107,908463,6.665383,5.3693914
1401,908473,4.626081,2.590696
1079,908472,2.810621,1.3589264
1024,1298350,0.515411,0.42784226
1997,687798,3.099619,4.051964
1511,687820,0.761757,-0.13858505
1248,910900,-2.549039,-2.8891544
1559,1298537,-0.273057,-0.588665
1620,908463,6.742754,5.8892164
1250,687812,0.721369,2.6677315
1048,724859,5.618622,5.094279
2010,1298347,1.904086,4.476549
1013,687798,4.172857,3.569408
1060,687794,-1.30697,1.5436175
1630,908459,4.009524,4.0996227
1625,753608,6.540573,5.4721384
1786,687800,2.919972,3.2561145
1268,1240145,3.788203,4.082693
1997,724866,4.968461,3.983448
2039,908459,3.523712,3.79209
1593,905944,1.915722,2.2625008
2111,910931,2.328411,4.135544
1016,687821,1.586644,1.9413192
