drug_id,cosmic_id,y_true,y_pred,epistemic,aleatoric
1932,949179,3.078723,2.640625,1.8208362,0.58399075
1855,1240172,6.196624,4.96875,1.3581989,0.54171145
1582,688025,1.594639,4.75,0.90959406,0.4662636
1940,1298350,2.86356,4.25,1.0827427,0.5111309
1827,907322,1.780078,-0.08544922,2.3415928,0.56582195
1034,909720,-2.191704,-2.390625,2.4013615,0.52753025
2177,1240182,1.551542,2.234375,1.5919185,0.52054816
1191,906842,-5.776654,-5.625,0.757809,0.3372333
1558,724870,3.976335,2.953125,1.233202,0.50705147
1061,907318,4.326201,4.125,0.864245,0.4786017
1831,909975,3.577405,4.40625,0.92437553,0.47019258
1373,909257,2.96512,4.5,1.0043706,0.50956845
1091,1240160,3.433109,2.734375,1.9923016,0.63285714
1632,724859,4.424214,4.1875,1.2023056,0.53641146
1133,949090,3.117657,3.984375,1.0703197,0.51049036
1615,749716,5.199591,4.90625,0.76544905,0.43381667
1072,905950,6.424787,5.21875,0.91165406,0.4857311
1782,905950,4.576553,5.6875,0.6714783,0.42055556
1927,909755,4.824027,5.40625,0.6540087,0.4223336
1191,908121,-4.215006,-4.46875,1.0264426,0.40732646
1997,906842,2.753476,2.734375,1.561703,0.56060994
1441,724870,3.17916,1.453125,1.6776198,0.57040155
1706,906868,2.328362,1.828125,3.1427193,0.7250404
1372,909757,-2.637443,0.45507812,2.7809138,0.6362827
1553,753575,3.283691,4.34375,1.8752587,0.6599581
1634,753540,4.165215,4.8125,0.88604695,0.476976
1020,949090,4.601619,5.40625,0.8991583,0.5017939
1838,909749,3.503677,3.859375,1.3921204,0.5123297
2038,907299,4.759402,4.5625,1.056971,0.49768376
2047,1240145,1.654889,2.359375,1.3511851,0.5047772
2173,1240127,5.473247,4.03125,1.1572664,0.5176416
1133,753622,3.739777,3.6875,0.9362063,0.5013886
1594,909257,1.340117,3.234375,1.3844376,0.55497885
1192,909726,3.28705,3.0625,1.5710682,0.5898679
2045,687819,6.031012,4.96875,0.9811932,0.5121185
1079,1503365,0.047323,1.59375,2.9325159,0.69082355
1237,1330935,4.049191,4.96875,0.74236286,0.39860028
1626,910780,0.025409,1.28125,2.475399,0.641305
1131,687596,5.215825,4.09375,1.9115653,0.62204754
1046,1303900,2.182498,3.0625,2.3786771,0.6684895
1799,908465,3.188798,4.25,1.6011343,0.5981535
1449,907269,4.319357,5.09375,0.84465444,0.44427457
2046,905982,5.472585,3.890625,1.8817408,0.63356864
1449,1298358,6.3408,5.9375,0.83720905,0.48434004
1706,908465,2.644826,2.03125,3.0282326,0.72246295
1025,687997,5.822058,5.03125,0.9103118,0.46423334
1847,1503367,4.29852,6.03125,3.5119207,1.0585395
1598,910911,4.337687,4.5625,0.9019439,0.4707556
1845,910952,0.066499,1.78125,4.236362,0.7732362
1827,1290797,2.448264,1.125,2.3242714,0.57882696
1922,908121,3.251811,2.796875,1.6367841,0.5817621
1168,907322,0.722241,2.015625,1.1412629,0.46687177
1047,1290797,5.478388,4.8125,1.2428802,0.57626736
1855,1330935,-0.256516,4.28125,1.4678352,0.54019433
1813,906868,5.144564,5.40625,1.5863966,0.58969015
1802,1240223,5.074584,4.3125,0.69787097,0.42171922
1816,907795,6.005409,3.90625,1.3529656,0.5235237
1926,1298350,0.498714,1.296875,2.3875313,0.6678991
1049,687505,3.898355,3.828125,1.2071031,0.51171285
1057,713880,-2.889063,-1.5390625,2.1156857,0.538519
1560,907271,4.391844,4.25,1.3611386,0.5456389
1852,909907,6.81797,5.625,0.8180681,0.4837031
1008,753540,2.665504,1.2265625,4.069005,0.7742449
1026,724831,-0.867902,-0.65625,2.0822866,0.505319
1808,906843,-1.555275,0.4609375,4.4469376,0.78512067
1631,1290797,3.381894,3.765625,1.5713764,0.56408244
1855,687802,6.673831,5.375,1.4595824,0.591062
2498,1330983,5.911693,8.875,1.0695952,0.5412641
1084,910911,-0.323108,-2.140625,2.5901237,0.49636397
1191,1503367,-4.84091,-2.96875,1.6721799,0.51367253
1080,1322212,-2.297622,-4.0,4.0270343,0.6759612
1030,688121,6.394824,5.40625,0.6220053,0.42444354
1799,910780,4.371751,3.171875,1.7608228,0.5674761
1529,1240153,1.148805,0.38671875,4.709507,0.77634835
1852,905986,4.60098,5.28125,0.6355465,0.41513428
1632,906746,3.95913,4.0625,1.1587448,0.518303
1268,1659818,3.725788,4.3125,0.96772414,0.48469284
2107,749710,5.068863,5.5,0.68696564,0.43800458
1463,1240223,6.105987,4.09375,1.2029898,0.5620874
1512,753622,5.312961,5.5,0.47492072,0.3563808
1779,909731,-1.125961,1.46875,2.2047298,0.61960435
1910,753620,-0.549509,1.5703125,2.886823,0.6687767
1012,905986,1.92519,1.5625,0.94994736,0.42273697
2156,906696,1.64339,4.9375,3.121522,0.76404476
1632,910567,3.38017,3.1875,1.3312262,0.5177137
1133,925338,4.903616,4.0625,1.0430745,0.51177996
2499,909975,10.913236,9.875,1.6537187,0.8743223
1631,1322212,1.748181,2.953125,1.7256261,0.5429066
1012,687819,2.663518,1.4375,1.0464817,0.43357176
1025,908127,5.125218,5.4375,0.8863071,0.48704454
1072,907278,3.629544,4.59375,1.0098693,0.4841429
2110,910952,4.77571,5.21875,0.8477273,0.47431025
1088,753575,5.770765,4.21875,3.6928196,0.8736014
1830,907318,1.540589,2.65625,0.97938603,0.43250254
1022,1240153,-0.658784,0.067871094,3.0846987,0.651386
1007,909724,-4.043982,-3.859375,4.5518255,0.7288256
2498,906835,10.078427,9.125,0.792228,0.50383365
1059,910952,-1.466518,0.8515625,2.6149786,0.64005977
1808,753575,2.508265,1.6015625,4.0060263,0.7788231
1192,905982,2.662074,3.328125,1.5902997,0.59410584
1911,907299,-7.775432,-3.609375,3.5297785,0.62728745
1845,724859,2.808498,1.515625,3.9718122,0.75043213
1058,1240192,1.794119,1.53125,1.9072143,0.61763394
1926,905950,-0.36034,1.3984375,2.3586636,0.6659263
1034,1503367,-0.555421,-1.2578125,3.4062653,0.64813966
1629,907169,3.851484,4.9375,0.89783084,0.49337706
1803,687505,3.020092,5.0,1.2091674,0.5932727
1831,907269,3.50149,3.890625,1.0095955,0.46213293
1129,753540,3.903313,4.21875,1.2361531,0.55151266
1019,924239,1.10316,2.953125,1.9930178,0.60643935
1060,909249,1.179243,0.89453125,2.341291,0.5985716
1067,1299062,7.105165,5.4375,0.42488578,0.34495375
1624,1240153,2.981846,2.96875,2.5954735,0.70965993
1179,924100,2.454078,1.25,2.302533,0.6210555
1016,688087,1.079976,0.41015625,3.2322128,0.61502117
1855,909726,4.509505,4.46875,1.2836534,0.519819
1512,687802,5.785125,6.34375,0.57108045,0.40879238
1932,1240172,5.313319,3.453125,1.8334837,0.6143111
1911,907066,-2.113773,-4.03125,3.2563996,0.61096334
1022,909749,0.298919,0.3671875,2.7676306,0.63586545
1855,1298157,5.894518,4.59375,1.2668555,0.5235429
2096,906849,2.683592,3.015625,2.1157916,0.6499444
1084,909747,-2.586288,-2.328125,2.6715894,0.49776465
1845,1240127,2.202822,0.73828125,4.0228066,0.7342573
1051,906842,-3.683241,0.2890625,2.73841,0.6560962
1615,910851,4.85775,5.4375,0.6893047,0.44853553
1180,1331048,-4.002425,-4.3125,1.8723644,0.5050274
1706,907269,-0.708905,1.1640625,4.0975294,0.8203522
1919,924189,1.461264,1.9453125,1.3847688,0.5225331
1073,749716,5.746732,3.390625,2.3345273,0.6937712
1047,1298348,6.63082,4.9375,1.1760364,0.5494936
1046,909257,0.775082,2.609375,1.8042498,0.5871257
1873,909726,2.340796,1.5703125,1.608805,0.57181746
2177,753540,2.484108,2.546875,1.4912721,0.53004277
2046,906835,5.761891,4.1875,1.7755282,0.62795854
1016,907291,1.573578,0.23242188,3.2934818,0.62226874
1043,905964,4.632912,4.5,0.7086055,0.395452
1441,925338,3.21293,2.3125,1.8857006,0.60188574
1615,713880,5.072204,5.375,0.69826627,0.44691408
1830,907278,2.074794,2.984375,1.2438545,0.47172076
1576,907278,2.567044,3.03125,1.392778,0.5229277
1625,910933,2.958535,5.28125,0.9489805,0.50692266
1629,1240186,5.077321,5.0,0.8563486,0.48909032
1093,924248,2.848024,4.4375,1.1016165,0.5029623
1776,906835,5.545006,4.78125,0.92249393,0.4765451
1088,910780,2.187941,0.984375,4.479909,0.82893944
1720,908465,6.593094,4.125,1.8004307,0.6367659
1598,910920,3.433378,3.609375,0.98842216,0.45012492
1803,905950,6.86885,5.21875,1.2885808,0.6036283
1813,910851,3.255501,5.6875,1.8085595,0.6302296
1941,1503365,-3.961222,-3.859375,2.3620276,0.53821754
1020,908150,4.952274,5.5,0.7937839,0.49022254
1564,909724,1.225638,2.765625,2.1900494,0.6269605
2010,907318,2.736121,3.390625,1.191222,0.5075628
2159,925338,3.743179,4.25,1.2849972,0.5447336
2045,905968,4.339229,4.8125,0.860928,0.48667642
2159,1298358,5.077523,4.53125,1.6061269,0.6152598
1776,910920,4.461164,3.421875,0.9299582,0.4300736
1022,905982,0.829219,0.5859375,2.9376006,0.63511884
1916,1240144,4.041392,3.0625,1.7416809,0.5892882
2110,907794,6.18119,5.3125,0.82455176,0.48504218
1021,724870,3.74578,2.640625,1.2375889,0.4936067
1022,906746,-0.157936,0.46484375,2.6989315,0.6278588
1634,1240144,5.737088,4.71875,0.83477336,0.4528592
1249,1298157,5.517818,3.6875,1.232284,0.52505875
1620,909749,5.598312,5.625,0.49487424,0.38590768
1084,946354,-1.806008,-2.140625,2.6804225,0.52876335
1020,1322212,5.019629,4.78125,0.99442095,0.4904273
1067,907274,5.466372,5.65625,0.5478359,0.3797763
1855,910933,6.1973,5.0,1.3869381,0.55317396
1563,1240184,6.202972,6.0,0.67929024,0.42707986
1613,1322212,3.107504,2.421875,2.3486779,0.633502
1625,907791,3.939056,4.5,1.0474293,0.4819187
1007,724870,-3.46854,-4.84375,3.724407,0.6939233
1011,910911,2.705891,1.78125,2.4372797,0.634239
1047,924189,1.192439,4.71875,1.3531026,0.5839436
2439,1503365,10.639148,9.75,0.83583987,0.5102901
1997,907278,4.537985,3.703125,1.6475761,0.6003264
1627,907795,3.152375,3.765625,1.4827948,0.5708793
1618,1240198,3.871463,4.3125,1.4110168,0.55993825
1168,1240160,3.914511,3.015625,1.4134194,0.54416966
2055,909745,2.438975,1.8125,2.0147512,0.5794604
1815,909785,4.837086,4.75,0.7488654,0.42551026
2048,907066,0.788257,-3.359375,3.8342364,0.659788
1802,907274,2.603303,4.34375,0.87672806,0.44710657
1014,910952,1.027443,2.75,2.7063413,0.67691344
1825,907278,-1.754995,-0.609375,2.5397792,0.59579796
1786,687802,4.068397,3.4375,1.7662431,0.6034874
1032,906843,0.324538,1.953125,1.9593439,0.60188574
1507,1330947,1.888243,4.0625,0.6591445,0.37356883
1007,906835,-1.050493,-2.734375,5.2301445,0.7972501
1809,906827,-0.204045,1.765625,4.104159,0.7754376
1268,908121,4.599672,4.46875,0.8963838,0.47269952
1812,1240186,2.617674,2.890625,2.8915133,0.689845
1079,925338,3.619962,1.625,3.1480649,0.7085608
1810,907291,0.349402,0.38085938,3.7001698,0.7299276
1626,1240184,1.713135,2.359375,2.3753767,0.655429
2039,909257,2.769855,3.6875,0.990056,0.48953345
1175,1240182,5.495763,4.21875,1.2411506,0.53562975
1927,909699,7.875133,5.0625,0.7761009,0.45014226
1621,905982,4.290877,4.875,1.0109385,0.5129007
1631,910933,2.463118,4.09375,1.6201715,0.5787194
1576,1503367,0.491941,4.40625,1.5628647,0.62334144
1022,753575,0.087891,1.1875,3.0517418,0.6813129
1083,753620,2.128354,2.453125,1.8470882,0.5867299
1085,908127,2.066828,3.125,1.3621476,0.53782004
1025,724870,5.631414,4.625,0.8281068,0.45272568
2106,1298141,6.20811,3.796875,1.8242981,0.61724126
2011,998189,3.82003,4.78125,1.0591899,0.50909585
2109,1298358,1.850987,3.40625,1.567912,0.56846213
2096,905982,3.223418,3.328125,1.7315999,0.6004442
2148,905950,1.013415,1.75,1.3159413,0.4771076
1919,946359,-0.160953,1.5625,1.3441863,0.5046836
1845,1240144,1.696694,1.3203125,3.847134,0.7268754
2107,687596,3.585365,4.75,0.7317591,0.44163188
1086,909749,-0.380568,-0.95703125,4.0842824,0.7404592
1916,909699,5.491311,2.75,1.986154,0.6159659
1635,910903,4.685494,5.6875,0.36197275,0.3180073
1026,753612,2.22572,-0.8203125,2.5000632,0.54483736
1190,1298365,2.107736,-1.9453125,6.071768,0.8682572
1912,910903,1.724059,3.390625,1.8673956,0.61062765
1627,924100,3.781156,4.03125,1.5490774,0.5845338
1917,1298141,2.588527,2.46875,2.0780768,0.63232124
2110,1331048,2.515004,2.984375,0.90115595,0.42431697
1268,1298157,5.333463,4.6875,0.8441709,0.46150795
1922,925340,3.156897,2.859375,1.5308931,0.563401
1068,907299,-0.009478,0.53515625,2.020389,0.5524191
2011,925346,5.623527,4.4375,0.9422157,0.46348578
1810,1330935,2.091148,0.041992188,4.962671,0.8593986
1862,910781,-0.974579,-1.0546875,0.37848097,0.30232236
1038,909745,2.531382,3.6875,1.0975826,0.50499403
1053,909755,4.123839,3.703125,1.583328,0.5856151
1615,908465,6.615399,5.5,0.6308725,0.43103853
1926,687794,-0.450257,1.734375,2.5396662,0.70076084
2159,1298348,5.209404,4.375,1.2177536,0.5336547
1855,905964,2.95546,3.484375,1.4070706,0.5126936
1910,909750,1.63043,2.421875,2.4861312,0.6527407
2038,905968,5.085837,4.375,1.0673028,0.4986888
2158,949090,3.849215,4.4375,1.2645757,0.54019433
2177,906696,2.57268,3.46875,1.6849617,0.57571524
1168,910399,3.796658,2.484375,1.0799298,0.4744686
1862,687794,-0.646029,-0.7578125,0.46103746,0.31202784
1706,1240160,1.798359,2.453125,3.6161716,0.7943993
1005,749710,5.730019,3.921875,2.7383146,0.69091517
1825,753554,-0.331841,-0.23046875,2.225384,0.56893903
2040,907318,1.158011,0.796875,1.8587615,0.58479285
1401,1299062,3.785289,2.15625,1.5897332,0.5650388
1507,909749,5.472901,5.1875,0.5387563,0.37964597
1560,910567,3.703773,3.140625,1.5623866,0.5471392
1047,924248,0.856957,4.75,1.3845738,0.5869459
1093,910920,4.276193,3.390625,1.0804307,0.45801413
1624,687596,3.900395,2.546875,2.574707,0.6913385
2177,907274,1.848445,2.578125,1.77342,0.5473732
1997,909749,3.846749,4.0625,1.3767483,0.5718583
1997,1240160,5.157508,4.28125,1.7476199,0.6496196
1133,909749,5.582975,4.125,0.97700554,0.502111
1720,910781,3.03482,4.0625,1.5091505,0.5723319
1720,907274,-1.281562,4.34375,2.1748083,0.66490424
1922,687997,3.929558,2.890625,1.5283475,0.55966526
1924,906868,3.527639,3.015625,1.7570512,0.56626064
1007,1330947,-6.245611,-5.3125,3.515766,0.68351024
1199,1330935,3.611875,3.625,1.583903,0.5685792
1831,1298537,3.424846,4.4375,0.8590797,0.45889983
1237,910952,5.309404,5.75,0.6628555,0.415155
1816,910920,4.857832,2.90625,1.2417,0.4709037
1583,907291,2.029131,3.03125,0.7003429,0.38883513
1808,1240184,0.527674,0.23242188,3.890302,0.71984154
1621,1298365,3.224152,4.28125,1.020429,0.4980978
1004,1240186,0.782292,-2.953125,4.437205,0.7314602
1928,687590,5.911114,4.65625,0.99072444,0.49877557
2039,1659818,2.978012,3.390625,1.2284448,0.52879417
1917,687505,0.68884,1.9140625,1.9089631,0.60347664
2038,1298350,5.225323,4.6875,1.0455227,0.4961051
2158,909907,4.637813,4.78125,1.4815991,0.609184
1918,1298141,2.628779,3.859375,1.2927877,0.5494354
1042,1322212,5.12415,4.4375,0.9298678,0.45272568
1799,1240159,5.914759,4.3125,1.5306698,0.58635443
1073,908150,6.383382,4.375,1.6519262,0.652234
1060,905950,0.993481,1.65625,2.4151447,0.617453
1050,910399,1.445226,2.328125,1.604292,0.56739676
1072,907318,5.06198,4.53125,0.8321488,0.4537658
1021,907299,1.509519,3.421875,1.4416491,0.5385728
1059,1298365,-1.282569,-0.040527344,2.1862195,0.5977608
1091,909975,3.410837,2.515625,1.7454253,0.5876722
2040,907063,-1.379247,0.25,2.1246984,0.6026462
2498,908150,8.306076,8.8125,0.74903566,0.4649569
1089,1298350,2.645591,5.0,2.2281373,0.61761904
1023,909749,4.42314,3.828125,1.0409585,0.4888859
1561,1240160,3.944743,2.765625,2.5661414,0.72117335
1375,724831,6.491257,6.78125,0.6300294,0.457822
1084,1298348,-2.330887,-1.71875,2.6271057,0.49636397
1620,1240182,6.98449,5.375,0.5621504,0.3826315
2173,907274,2.815389,4.21875,1.4232563,0.55630225
1925,924239,4.079445,4.96875,0.7680413,0.42097008
1594,1330935,0.307041,2.796875,2.01726,0.64387745
1441,749710,2.230683,2.796875,1.9668952,0.6247868
1576,909747,4.60329,3.046875,1.3687836,0.5296444
1249,924100,2.471871,3.921875,1.4593184,0.55902183
1635,1298157,4.481132,5.625,0.38052475,0.3323003
1620,907318,5.027821,5.09375,0.47217157,0.35830477
1618,907271,3.683924,4.40625,1.1946946,0.5357543
1199,910920,4.040397,2.90625,1.4252965,0.5040906
1511,906848,-2.007224,0.33007812,4.7332463,0.7711092
1013,749710,4.039349,3.984375,1.326459,0.55378073
1931,687780,5.674969,6.15625,0.72264993,0.44800568
1133,1240186,5.80249,4.28125,1.0845568,0.53488034
1626,910781,5.242206,2.453125,1.979158,0.60508806
1049,908121,4.343925,3.8125,1.4114996,0.5544983
2037,1330947,2.494841,2.765625,1.3955959,0.52661866
1085,909755,3.938316,3.359375,1.4069396,0.5444087
1917,907271,2.321974,2.484375,2.0046747,0.62170964
1033,1240153,4.391619,5.0625,0.690523,0.431381
1020,907299,5.891516,5.4375,0.8600495,0.5001151
1939,1674021,3.315745,2.828125,2.004456,0.62164193
2172,753554,-0.400636,2.296875,3.108418,0.7261455
2157,688087,5.261287,5.21875,0.67927456,0.4189685
1021,1240184,3.75639,3.234375,1.3670733,0.52368546
1502,910851,4.206494,4.625,1.0364416,0.50461334
1913,909755,4.770524,5.21875,0.78247774,0.444609
1149,724870,-0.705273,0.47265625,1.817076,0.5425444
1010,909749,4.309923,3.25,1.3911363,0.54926574
1449,907169,5.462191,5.75,0.701083,0.44530037
1011,907322,-0.765372,0.39453125,3.0079887,0.6661322
2158,688025,3.827247,4.40625,1.3557439,0.55461234
1578,1298365,5.519101,4.8125,0.72596014,0.43034396
1627,688013,2.294181,3.578125,1.3219688,0.52726126
1632,687590,3.830283,3.84375,1.2782414,0.5229074
1804,906868,6.644665,4.9375,1.2210026,0.5883825
2096,925340,1.822974,3.125,1.7316377,0.60045725
1012,687596,2.312374,1.03125,0.91215366,0.41220838
1529,1240145,0.047613,0.27148438,3.3917015,0.66907644
1177,687794,4.037508,5.25,1.0336857,0.5465104
1401,907322,2.23242,1.2890625,1.8529538,0.5801785
1012,688087,1.100615,1.578125,1.0347583,0.427626
1441,909757,2.687983,2.234375,2.0407372,0.62391466
1911,749710,-3.692131,-2.625,4.1455474,0.6793438
2110,753554,5.164713,4.90625,0.7576386,0.44625255
1086,910781,-2.784548,-1.2578125,3.7557456,0.6997623
1810,905964,-0.157747,-1.53125,3.9520185,0.7414748
1054,908150,4.24004,3.765625,1.6137619,0.5821829
1563,687997,5.862957,5.65625,0.67929476,0.40268105
1621,1298157,5.346417,4.71875,1.0258561,0.5218117
1133,909726,2.276649,3.96875,1.037717,0.51177996
1814,910911,6.000514,6.59375,0.83897334,0.4658037
1200,753608,3.746109,4.25,1.2098746,0.5208005
1924,907278,4.950976,2.90625,1.8369267,0.56697476
1018,907794,5.381516,5.96875,0.6321793,0.44800568
1060,905972,0.450212,1.234375,2.15357,0.5861637
1996,749710,3.549629,4.625,1.3389618,0.5477471
1802,1240192,4.181879,4.1875,0.6988071,0.41531125
1622,906842,2.161087,3.5,0.78816664,0.4029796
1011,1240223,3.968472,2.046875,2.350079,0.63965005
1033,905950,4.022951,5.40625,0.662043,0.43189248
1617,910567,2.359489,0.76171875,3.5606928,0.6727554
1919,907271,2.926799,2.140625,1.3226535,0.5143798
1852,1299062,6.256161,5.0625,0.6028094,0.40284628
1811,1659818,-3.345848,-4.15625,3.4206638,0.6286163
1248,910952,-2.159237,-2.296875,6.2829237,0.919903
1598,910952,3.48623,4.875,0.9585703,0.49263662
1932,906813,2.183521,3.5625,1.8651657,0.64675903
1250,909720,1.292463,2.140625,2.2472744,0.65238184
1088,687505,1.428058,2.515625,3.570638,0.77198356
1372,910920,1.254046,-0.73046875,2.7079606,0.6221562
1019,905964,1.644936,2.015625,1.9577112,0.5872989
1582,910903,2.727889,4.90625,0.8160585,0.45308125
1558,910567,5.718005,2.90625,1.4250039,0.53771555
2109,724831,2.139764,3.046875,1.0406336,0.49505663
1024,724859,0.483136,-0.024414062,2.595348,0.59382445
1825,1298350,0.142493,-0.125,2.4295704,0.5870809
1079,909785,-4.716065,-0.14453125,3.221468,0.6964919
1816,688121,6.118898,3.875,1.3723307,0.52044415
1003,925338,-1.172609,-2.046875,4.024937,0.68398255
1563,907269,4.701563,5.4375,0.82773226,0.432022
2048,907169,-3.933815,-2.796875,3.9773688,0.6635772
1021,753622,3.252013,3.0,1.2252111,0.5102108
1930,688121,0.788833,0.66796875,1.3185599,0.48044297
1843,905986,-0.817871,-0.3515625,3.6598222,0.6963861
2040,1330947,-5.850523,0.15429688,2.2043464,0.6110245
2047,949090,1.544655,2.765625,1.7625663,0.5735614
1926,907794,0.306747,1.515625,2.1561358,0.6623378
1924,1240182,5.310344,3.09375,1.868715,0.5713223
1909,909257,2.013697,2.5,1.8455335,0.5890651
1199,1240153,3.660812,3.90625,1.4114243,0.5516776
1016,924100,-0.967761,0.85546875,3.771806,0.66161203
1042,906813,2.408013,5.53125,0.9011713,0.52335507
1529,724870,-0.211303,-0.4765625,4.058435,0.7212365
1918,909699,2.41201,3.40625,1.3432206,0.53034705
1131,910911,7.05675,4.75,1.6439044,0.5930571
1046,907291,1.391661,2.453125,2.2986214,0.6489744
1032,907269,0.474626,1.515625,2.0943747,0.60236084
1941,949090,-7.310776,-3.703125,2.9501495,0.599555
1016,909907,1.930275,1.03125,3.7833142,0.6813129
1373,907269,0.455589,3.953125,1.5105106,0.57573134
1259,1240153,3.66835,2.84375,2.7184374,0.71693045
1916,687568,3.321959,2.828125,1.807994,0.60282105
1051,910567,-2.280191,0.9296875,2.88399,0.67939216
1375,906836,2.294443,6.40625,0.9570135,0.52589923
1529,753540,2.581792,1.2890625,4.1216474,0.75229806
1916,910920,3.5355,1.796875,1.9501308,0.57953686
1175,749710,5.06173,4.71875,1.1381795,0.53180534
1593,905968,1.509792,2.625,1.9748628,0.5924443
1939,753575,3.190491,3.640625,1.9801344,0.6602161
1179,1240192,0.441198,0.71875,1.6673917,0.55055124
1927,909257,4.523387,5.1875,0.5665728,0.40328148
2010,1322212,1.622375,3.28125,1.5803437,0.54262835
1825,908127,-1.589008,-0.18164062,2.3238146,0.5787132
1936,906842,0.794069,1.8828125,1.4757087,0.5323787
1168,909726,3.592838,2.765625,1.1807579,0.4954687
2106,1330935,1.0237,3.265625,2.095188,0.6436153
1060,687596,4.352697,0.9921875,2.1902819,0.58547103
1179,687455,0.921862,1.0703125,1.9925851,0.5977608
1036,687455,4.793903,4.78125,1.2402127,0.55759394
2156,688025,2.862721,3.21875,3.4466555,0.73352504
1911,910851,-5.988343,-3.984375,3.0701945,0.5800809
1494,1503367,-2.180707,-1.3671875,4.399009,0.756973
1598,908465,6.169423,4.59375,0.8999039,0.4807071
1819,1298537,-0.124282,-3.09375,5.45189,0.84898365
1068,713880,0.298863,0.26757812,1.9963613,0.54337424
1004,1330947,-6.348979,-5.28125,3.2735298,0.6602938
1507,906842,2.99059,3.96875,0.6255674,0.36051017
1072,687455,5.016114,5.28125,0.9607371,0.50794244
1089,724831,2.827979,4.78125,1.939728,0.579166
1058,1240153,0.372633,1.390625,2.3329475,0.6556379
1032,1298538,-0.949764,2.015625,2.0224352,0.5982056
1915,1298348,0.769923,3.109375,1.5895115,0.57059246
1622,1240186,5.55127,4.8125,0.8058744,0.45555505
2148,906868,0.804263,1.3203125,1.1829091,0.45542267
1635,753554,5.292257,5.625,0.36056748,0.31963933
2171,753612,3.319905,1.4296875,2.7991736,0.6851446
1199,946354,5.03777,4.03125,1.247171,0.5396046
1854,687794,3.345927,5.40625,0.87559587,0.5013697
1580,908465,6.343699,5.21875,0.715671,0.4528312
1510,1240144,3.567168,4.59375,0.9158242,0.47923324
1626,909907,6.480411,2.90625,2.8594637,0.74410146
1007,1330935,-4.453974,-4.0625,5.532932,0.87597644
2170,1240127,3.770375,3.75,1.8014601,0.59772176
1926,949179,-0.257363,0.49609375,2.3201122,0.6490389
1578,905982,6.306336,5.3125,0.7078832,0.43885106
1593,907175,-0.167478,1.515625,2.3946316,0.6041992
1852,924239,4.412862,4.90625,0.725888,0.41351578
1578,909726,6.561428,5.125,0.7249406,0.44315118
2111,687780,3.491163,4.40625,1.860795,0.6484321
1067,1298537,5.254138,5.53125,0.4599401,0.3613324
1510,749710,3.331907,4.875,0.93640214,0.48874053
1372,998189,-1.483133,0.4453125,2.6302,0.627502
2157,724831,5.153065,5.3125,0.5789296,0.4141511
1011,924248,0.674624,1.9609375,2.8182926,0.6781137
1835,907271,4.450142,4.65625,1.2473778,0.507698
1843,687568,-0.142605,-0.75,3.5633554,0.68287134
2096,713880,2.932562,3.0,1.7843653,0.60967934
1564,906835,2.834046,3.3125,1.9437591,0.605705
1133,905986,5.342362,4.125,0.9971218,0.5111309
2359,1298537,5.41194,5.53125,0.6558305,0.41921958
1061,910920,4.645542,3.625,1.0727715,0.4860375
1908,753540,1.645326,3.03125,1.7193985,0.58460647
2037,1240184,5.809704,3.765625,1.3450282,0.55303067
1180,1298348,-3.835343,-2.25,2.1549957,0.5229637
1630,909249,3.028747,3.3125,1.1110382,0.4982391
1862,907278,-0.837755,-0.94921875,0.42241764,0.29449788
1062,1240186,5.124114,4.0625,1.7161717,0.61606014
1025,906849,5.168971,5.125,1.0817984,0.5133181
2438,1303900,9.924661,9.875,2.422355,1.0164666
1179,724831,0.209853,0.56640625,1.4860777,0.5414813
1624,924189,3.705407,3.21875,2.4766812,0.7057386
1804,1298350,3.795781,5.15625,1.2807678,0.59842855
2156,1240192,2.735503,3.125,2.879099,0.68398255
1924,946359,2.770068,2.875,1.9405034,0.5821367
1630,1298365,3.499995,3.640625,0.9153267,0.47651136
1191,907791,-5.404143,-4.875,1.00971,0.35888115
1915,907291,2.2557,2.84375,1.704411,0.5852282
1873,906835,1.818078,2.0,1.5739212,0.58213586
1621,907318,5.084288,4.21875,0.93376404,0.48236704
1925,909709,4.469603,5.6875,0.8988466,0.49393532
1050,909709,4.883679,2.953125,2.0161974,0.6560962
1011,909755,1.146962,2.515625,2.5283153,0.66086274
1191,1331048,-5.550136,-5.8125,0.77192813,0.3524373
1200,909731,2.010815,3.90625,1.3401531,0.52382004
1042,1240184,6.273942,5.0625,0.8396041,0.47218773
2047,753612,1.359662,2.421875,1.7321719,0.56916696
1582,687802,6.306577,5.375,0.90350956,0.5055209
1088,749716,4.474534,1.4765625,4.7599154,0.84589875
1598,909699,8.138584,4.46875,1.065986,0.49679542
1919,907322,2.059919,0.98046875,1.2528262,0.47992077
1825,753612,-1.459505,-0.8828125,2.3116791,0.57820016
1057,910933,-2.445222,-0.90625,2.1619132,0.5478752
1088,910399,2.999702,2.34375,3.7803369,0.77410734
1033,753575,6.741928,5.9375,0.7199597,0.49221745
1036,1240223,7.026321,4.6875,1.0851318,0.53104615
1177,1303900,5.316563,4.96875,1.0034757,0.52105683
1053,1674021,2.303834,3.296875,1.6700269,0.59357756
1776,1298365,2.754211,3.96875,0.86639774,0.44297817
1057,1503367,-1.142213,-0.21484375,2.6407335,0.64915377
1068,910933,-0.063462,0.7890625,2.0441637,0.5538676
2158,687997,6.078675,4.25,1.2784854,0.53104293
1617,687590,3.7509,1.609375,3.3220181,0.65533006
1017,909755,4.768,4.78125,1.1456903,0.5137786
1025,907169,3.845012,5.34375,0.90213615,0.4906647
1024,687997,1.660915,-0.19726562,3.126245,0.6401676
1613,908121,2.691169,3.109375,2.1356792,0.66233814
2057,905972,6.317036,5.0625,0.67461175,0.4345312
1621,1298350,3.996795,4.84375,1.0520244,0.524208
1051,905982,2.132151,2.046875,2.702017,0.6613639
1067,753620,4.897736,5.09375,0.5056315,0.35295656
1085,907066,3.814181,2.859375,1.3559717,0.5326845
1050,924239,1.96085,2.4375,1.8355306,0.6002079
1259,907175,2.495848,2.03125,3.0528574,0.7161593
1016,688121,0.783456,0.33789062,3.5498378,0.6350295
1939,1240223,5.70116,2.921875,1.7831521,0.6033197
2439,1330983,8.614895,9.8125,1.0834212,0.5288459
1268,1240182,5.321273,4.5625,0.9137852,0.468412
1068,1299062,1.268387,0.08300781,1.7261776,0.505812
1003,910399,-1.326509,-2.453125,3.5393596,0.63738066
1072,1331048,3.481503,3.234375,1.0747117,0.46143875
1372,687568,2.229024,0.2421875,2.5833595,0.61632705
1845,906836,-3.02939,0.40820312,5.116582,0.81925285
1931,910899,5.763363,5.53125,0.734501,0.41627693
1250,906813,2.965348,2.484375,2.6844716,0.72407466
1030,906696,5.32498,6.09375,0.6218891,0.4580207
2169,924189,4.198413,3.21875,1.8993158,0.5918558
1190,749710,3.097728,0.044433594,6.373165,0.88350564
1133,910933,3.32441,4.40625,1.1258719,0.5481544
1375,907274,5.849667,6.9375,0.8628648,0.4959875
1847,907278,4.45529,4.0625,2.7455926,0.73722327
2011,909750,3.179583,4.6875,1.0250874,0.4939739
1594,909720,0.83705,3.453125,1.4178272,0.5626409
1059,1290797,-2.330807,0.49804688,2.509431,0.62493825
1079,687596,3.192499,0.8828125,3.3040578,0.7143481
1062,909745,5.504957,3.828125,1.5005424,0.56621945
2109,724870,4.70041,2.515625,1.1150408,0.48367107
1449,909709,5.521637,6.1875,0.9123221,0.5271171
1803,905972,6.720625,5.0625,1.1793637,0.5861479
1023,925346,3.778858,3.4375,0.8851167,0.43877462
1812,1240153,3.692537,2.359375,2.9944682,0.6851446
1557,909249,4.335866,4.21875,1.1315705,0.47001904
2044,1322212,2.308757,3.359375,1.3491142,0.5380881
1559,907791,-1.064626,-2.296875,3.0486212,0.61956733
1190,724859,1.054217,-0.640625,6.1271806,0.8643607
1175,910899,3.103895,4.0625,1.4028066,0.56234246
1847,906842,1.26534,2.890625,3.030136,0.73849684
1815,907795,6.556679,5.9375,0.810615,0.4911054
1237,910399,4.711835,5.125,0.6091807,0.38692763
1916,753540,3.327789,3.171875,1.7954063,0.6164725
1046,998189,2.837312,2.71875,2.1406405,0.6361522
1909,905982,3.601399,2.75,2.2083025,0.6263595
1020,687455,5.547016,5.6875,0.9119003,0.5275502
1006,1240172,4.502811,2.453125,5.1034226,0.80797637
2171,909975,6.206928,2.015625,2.8231566,0.68510973
1083,907271,3.783687,3.515625,1.5501025,0.579089
1926,713880,-0.633434,0.83984375,2.418005,0.6702487
1237,906813,4.971585,5.9375,0.7126225,0.44975397
1086,907794,0.499292,-0.34960938,4.195685,0.74076116
1034,688025,-3.48557,-2.71875,2.6833184,0.5372179
2038,909907,5.261396,5.0,1.2384049,0.5553559
1051,949090,0.93237,1.8125,2.7259433,0.6672203
1018,1298136,6.754809,5.875,0.75212604,0.4734764
1928,1240160,6.190069,5.0,1.1231135,0.54681146
1129,1240144,3.233285,4.125,1.2015958,0.5319918
1630,909747,4.906595,3.921875,1.085257,0.5283802
1996,924239,2.758011,3.765625,1.5712105,0.5584553
2106,907269,0.79493,3.078125,2.1641145,0.6341381
1910,687568,2.401967,2.359375,2.490011,0.6596354
1924,909745,2.183032,3.125,1.5534828,0.53603506
1940,907269,3.907476,3.546875,1.2761678,0.5220591
1917,906813,1.115168,2.625,2.1845243,0.6678747
1510,1674021,4.453565,4.5,1.0216922,0.50778455
1194,905982,5.333257,3.5,1.6584234,0.5923828
1259,1240223,2.414491,3.265625,2.2581623,0.68064016
1940,910911,3.474572,4.03125,1.0118322,0.48508397
1511,907269,-3.671517,-1.203125,4.4137816,0.7319611
1043,724831,5.182046,5.4375,0.58210075,0.41877642
1831,907299,4.093107,4.4375,0.8804158,0.46070468
1084,925338,-0.726481,-1.7265625,2.84484,0.5227969
1926,1298168,0.502509,0.31445312,1.9696889,0.6196922
1079,753575,-1.134586,2.4375,3.1580043,0.75985223
1019,909724,3.054955,3.015625,1.9048818,0.6050881
1373,906868,5.821618,4.40625,1.1639491,0.54664844
1093,909699,6.416191,4.3125,1.1202272,0.49343434
1622,688025,2.134521,4.59375,0.86057156,0.45032057
1564,910899,3.701938,2.625,2.5593302,0.66011846
1083,1240198,4.184424,3.34375,1.7751131,0.5976678
1915,1299062,5.24261,2.71875,1.530723,0.55497885
1803,687568,1.943163,5.0,1.2143453,0.59122956
1053,1298350,1.843891,3.484375,1.6206717,0.5875907
1373,1298537,5.46347,4.5,1.1265879,0.53182894
1624,1240192,4.051724,3.140625,2.1481154,0.666195
1058,1331048,-0.05335,-0.40625,2.0815504,0.62740695
1091,687794,0.212954,3.015625,1.8399754,0.6195065
1776,924100,4.871137,4.65625,1.1052883,0.50076973
1936,1330935,2.138984,2.84375,1.782507,0.6090444
1594,907318,3.858134,2.578125,1.4487199,0.5577604
2177,910899,2.01406,2.015625,1.7871621,0.54122955
1625,907278,3.337284,4.59375,0.9846208,0.48309985
1630,905982,2.480565,4.3125,1.0144776,0.5120514
1192,753540,3.202445,3.390625,1.5493116,0.605573
1006,925346,1.898464,0.89453125,4.18806,0.711703
1170,906813,5.241994,4.125,1.7597033,0.6573919
1561,905972,4.963924,2.453125,2.0242958,0.6461231
1441,910933,1.614748,2.59375,2.0404153,0.6358246
1003,1240159,-0.689378,-2.171875,3.5060613,0.63993907
2148,1298348,0.42828,1.6171875,1.2053999,0.46175313
1463,1240172,5.726886,4.3125,1.3295835,0.5796892
1811,1240184,-2.229306,-3.75,3.3553848,0.6083139
2111,1240182,5.157045,3.890625,1.7683096,0.59829783
1441,910851,2.78478,1.875,2.0046277,0.6128749
1030,1330983,4.571527,5.1875,0.65967375,0.42762038
2172,905972,2.548554,2.140625,3.1202796,0.7198634
1627,906827,2.600553,4.75,1.5525597,0.6255345
1239,688087,0.881936,2.328125,2.6083317,0.6757441
1061,909726,2.137517,4.59375,0.9584603,0.50283754
2154,1298348,4.023493,3.28125,0.6747833,0.38145015
1093,1331048,3.213646,2.625,1.0712211,0.44950494
1200,924189,2.963185,3.890625,1.2959435,0.51950425
1401,753608,3.038866,2.65625,1.6963671,0.59700096
1915,909257,1.958696,2.921875,1.4004667,0.5473946
1809,910780,0.387031,-1.46875,3.3146544,0.6444115
1930,949090,-0.677608,0.7265625,1.2525761,0.47028792
1706,687780,2.615373,2.703125,3.3913608,0.7759549
2110,1240182,5.30685,4.71875,0.9047975,0.4674034
1811,687455,-1.618658,-3.1875,3.8487587,0.662287
2499,910911,9.124263,9.875,1.4818025,0.84848607
1817,909720,-5.290941,-4.5,1.7939309,0.45662075
1200,905986,3.269835,4.03125,1.1676798,0.5039227
1933,909755,6.156485,4.9375,1.3539996,0.5843307
1617,687568,5.693514,1.6171875,3.2406702,0.6536658
1912,906835,3.570187,3.578125,1.7602472,0.6014387
1830,906848,1.846958,3.484375,1.5305419,0.5281192
1052,687802,7.378795,4.4375,1.3469791,0.5948338
1062,1240184,1.090931,3.765625,1.6748794,0.5953023
1057,724831,-1.736587,-1.578125,1.7344525,0.51302475
1806,909757,6.025133,4.96875,2.4326832,0.6444486
1052,907274,2.997933,4.03125,1.489658,0.5735217
1054,905972,5.363465,3.71875,1.57084,0.57522565
1060,1298168,2.580369,0.7890625,1.9176166,0.5515236
1029,905950,6.082625,5.71875,0.5541909,0.3972004
1924,909750,2.400572,3.109375,1.7019132,0.55922437
1816,1240223,6.49329,4.0,1.1844031,0.5177137
1168,749716,2.712136,2.09375,1.1717356,0.47449765
1583,1298136,3.568582,3.203125,0.7373078,0.4114699
1910,910920,0.165227,1.0078125,2.7176242,0.6322074
1583,1330983,1.818521,2.90625,0.7777578,0.40489414
1025,910933,5.537945,5.59375,0.9085982,0.499294
1782,908465,6.717736,5.5625,0.6306229,0.42036682
1908,753575,2.821868,3.484375,1.8666649,0.6223831
1940,910933,5.154082,4.4375,1.1308208,0.53108966
1919,907175,0.918723,1.078125,1.283424,0.48429132
1036,909907,5.373143,4.96875,1.4295912,0.6014138
1049,1674021,3.469702,3.953125,1.3792357,0.5418237
1023,1240144,5.113809,3.953125,1.0510503,0.48607445
1250,907322,3.162121,0.62890625,2.9416947,0.69008195
1133,909720,4.437761,4.25,0.909553,0.49089217
1053,906827,4.513771,4.25,1.7741753,0.6464552
1007,905968,-4.567729,-3.734375,4.3140845,0.7423593
1810,724859,0.358815,0.89453125,3.3763952,0.7129827
1149,909745,2.48715,1.4453125,1.922847,0.55560607
1925,688013,3.960524,4.96875,0.68599385,0.40405348
1593,906813,0.587552,3.265625,2.071337,0.64238364
1720,907278,0.589034,3.578125,2.2016382,0.66360307
1561,687505,2.368388,2.234375,1.929258,0.6247726
1190,949090,-1.02343,-1.0078125,6.4737215,0.8898939
2055,907271,1.739523,2.25,2.109789,0.6011914
1825,909755,1.191566,0.10644531,2.4027975,0.583099
1559,687997,-1.759522,-1.984375,3.0599172,0.62658554
1259,924248,1.252409,3.078125,2.6910043,0.7128811
1014,1240160,3.79198,2.671875,3.109682,0.7294895
1919,907269,1.569019,1.625,1.4275733,0.51246095
1016,924189,3.185445,0.5,3.3936248,0.6367094
1003,753612,-2.354589,-2.953125,3.7826457,0.67222524
1237,1298358,5.440269,5.71875,0.7894539,0.43606034
1043,908121,5.290574,5.25,0.6965714,0.4357153
1932,1240198,2.422424,3.28125,1.9144009,0.6110465
2038,910911,4.889006,4.59375,1.0059999,0.484776
2109,907169,1.713466,3.21875,1.3845516,0.54117393
1034,907795,-2.235158,-2.640625,2.735818,0.5559968
1939,906827,2.693253,3.890625,2.2060616,0.6907401
1919,909709,1.209244,2.078125,1.5187259,0.5506292
1812,909749,4.308831,2.46875,2.7179344,0.673933
1023,1330935,3.206092,3.484375,1.2732592,0.5208692
1131,906849,3.161826,4.40625,2.047094,0.6471438
1060,753575,0.082857,1.96875,2.48921,0.6363884
1908,908461,3.32516,2.953125,1.7204425,0.5764365
1024,925340,2.541997,-0.31640625,2.774145,0.59505683
1706,1299062,1.569744,1.7265625,2.89587,0.6908845
1817,1298538,-3.936426,-4.25,2.1208444,0.49337706
1250,724870,2.216064,1.09375,2.3227777,0.64091563
2046,1298168,5.186835,2.859375,1.8721321,0.59183335
1507,1240144,4.936919,5.21875,0.5608849,0.37984425
1618,724859,3.533876,4.375,1.2253296,0.55373466
1622,907794,5.383248,5.03125,0.7930097,0.4694882
2154,1240160,2.738953,3.234375,0.80135363,0.42041457
1913,998189,5.435908,5.0,0.7854153,0.44857785
2159,907169,3.887532,4.3125,1.3799708,0.5746569
1086,906842,-3.46597,-3.78125,3.649709,0.6753234
1634,687568,4.56179,4.53125,0.86746407,0.4669725
1494,1330983,-4.937694,-3.546875,3.604948,0.6624822
1808,925340,-0.882446,0.28125,4.0101066,0.73193926
1049,724870,4.154245,3.328125,1.143961,0.4837111
1617,1298136,2.867872,2.03125,3.6797705,0.6952539
2047,909755,2.889839,3.1875,1.8390921,0.59270066
1799,910567,3.873982,3.390625,1.9286308,0.6096942
1083,1240160,2.81252,3.359375,1.9857874,0.64620036
1004,1240198,-1.634092,-2.578125,5.408086,0.8035731
1073,749710,5.096717,4.8125,1.6604761,0.6457589
1627,909745,3.85077,3.796875,1.2109519,0.52661866
1057,687590,-1.257377,-1.4296875,2.0968282,0.5360726
1200,909726,3.407895,3.796875,1.2166872,0.5002611
1925,1298168,5.554282,4.59375,0.6531181,0.39467528
1378,688087,6.535569,2.625,2.8691785,0.6816258
1239,905972,3.101231,2.265625,2.269895,0.629194
1510,1240145,2.974809,4.3125,0.79421145,0.44436768
1622,753554,4.887679,4.6875,0.72488916,0.4291586
1179,946359,2.864657,0.44140625,1.9776901,0.57680786
1019,906746,3.971213,3.265625,1.7068323,0.5918558
1919,924100,3.217596,2.1875,1.6336995,0.5473732
1007,924239,-5.158879,-3.90625,5.4216695,0.81374747
1558,906868,3.868198,3.484375,1.382709,0.55148727
1630,1322212,5.243089,3.5,1.0863079,0.49343434
1093,687780,4.102014,4.8125,1.1071918,0.51999235
1029,688025,4.712768,5.4375,0.58911616,0.3972004
1042,910399,3.506958,4.90625,0.8066056,0.45479754
1831,1330935,2.987628,4.0625,0.98462075,0.46840993
1046,1330935,-0.037087,2.203125,2.9837153,0.7366404
1576,910851,1.64919,3.015625,1.3423183,0.52202743
1149,998189,1.364985,1.453125,2.020384,0.57571524
1022,1290797,-0.461742,0.421875,2.927944,0.6484059
1013,907063,-0.606176,2.484375,1.3350235,0.5191905
1033,949179,4.60207,4.96875,0.6467938,0.41873842
1083,909975,4.834953,3.140625,1.7626466,0.5963818
1237,907169,5.204574,5.46875,0.6722334,0.41251105
1816,1240192,4.719962,3.859375,1.1439517,0.50131255
2055,906696,1.12162,3.078125,2.482504,0.6517884
2037,753575,4.649452,4.59375,1.4004941,0.61216915
1030,753612,4.976499,5.03125,0.6168601,0.41880986
1088,907269,0.142554,1.6953125,5.439958,0.9360975
1003,753575,1.801564,-0.89453125,4.1892,0.7208695
1835,910952,2.315962,4.65625,1.3788024,0.52553076
2438,907795,10.620727,9.875,2.805913,1.1362624
1806,1503367,6.657645,6.71875,3.0892057,0.9223782
1778,905964,2.077416,2.171875,1.9845843,0.59536064
2044,905950,5.033634,4.1875,1.2731621,0.5622358
1175,905986,5.01397,4.375,1.0977303,0.52221906
1810,1659818,-3.842847,0.09472656,4.0596037,0.7670194
2048,905986,-2.585639,-2.71875,3.930583,0.6721271
1083,907169,2.54862,3.21875,1.7695316,0.604611
1620,1240145,5.647178,5.46875,0.46899167,0.36821616
1030,688013,4.890057,5.1875,0.53366464,0.38153028
1776,1298538,4.512847,4.625,0.9732784,0.48123777
1806,907291,3.103848,4.5,2.6010404,0.6366482
2037,713880,4.253992,3.6875,1.4421891,0.569423
2156,924239,2.586099,2.984375,3.5030904,0.73401785
2159,1303900,3.986606,4.5,1.3962334,0.57408446
1512,906868,4.835007,5.5,0.47963542,0.35258985
1926,1298136,1.122293,1.25,2.4704087,0.7007029
1022,724831,0.373503,0.001953125,2.3036087,0.5863523
1916,907271,2.667561,3.25,1.7359154,0.60194063
1778,909249,0.947546,2.5,2.0583951,0.60599184
1802,749710,4.57118,4.65625,0.76026696,0.42866993
1559,924239,-3.864064,-2.015625,3.1188731,0.63384455
1194,1240182,2.36168,3.234375,1.8250153,0.61147374
1026,1240159,1.007171,-0.44140625,2.3279893,0.5197324
1378,908121,5.161335,2.265625,3.0208092,0.6969151
1838,910903,3.05807,3.953125,1.3079449,0.48862347
1018,907063,5.39927,4.375,0.65282863,0.39500573
1594,1298348,4.02378,3.421875,1.5901434,0.5793997
1200,1240184,3.802396,3.890625,1.2257484,0.50913763
1593,687780,1.716095,3.109375,2.209712,0.6474993
1048,906849,4.983128,4.9375,0.9662852,0.50045466
1179,907274,0.339211,1.203125,2.2202332,0.6126209
1042,687794,2.130754,5.5625,0.91490084,0.50665385
1463,1240192,3.831973,3.9375,1.1803032,0.55148727
1021,1240182,3.61382,3.328125,1.5331953,0.5449435
1926,907269,-1.294101,0.52734375,2.871734,0.72141963
1511,905964,-2.847188,-2.34375,3.6961415,0.6612018
1243,753622,1.907836,3.09375,0.9139632,0.427042
1080,753608,-4.324686,-2.59375,4.4267287,0.72117335
1620,907269,3.871155,5.0,0.62989694,0.3870261
1004,909720,-3.710001,-2.96875,4.14744,0.7092095
1088,909785,0.177868,0.27734375,4.933633,0.87104815
1069,753608,3.722487,4.1875,1.0608746,0.52320075
1804,1240159,6.755931,5.09375,1.2091613,0.5963326
1933,1322212,1.469112,3.859375,1.6785722,0.5849328
1706,906842,-2.495963,-0.12695312,3.6458848,0.76988995
1625,905986,6.05703,5.03125,0.8637056,0.48077044
1559,909747,-0.243811,-2.3125,2.683773,0.5848731
1507,687997,6.067813,4.8125,0.61001474,0.37528935
1614,924239,1.560683,3.90625,1.2824845,0.51671976
1020,910781,4.776792,5.375,0.7190586,0.45555505
1580,925338,5.42843,5.21875,0.7333414,0.44372144
1061,946359,5.514725,4.375,1.0818344,0.5226627
1038,910780,3.105324,2.828125,1.1036409,0.48862347
1831,1330947,2.338606,3.421875,0.83304816,0.41723925
1560,909750,4.01125,3.796875,1.4111338,0.5405637
1177,1240153,4.911317,4.40625,1.0592513,0.52105683
1034,909755,-1.627519,-2.140625,2.6647522,0.54566675
1622,906746,4.969999,4.78125,0.7377858,0.44016585
1004,1240160,-2.539349,-2.84375,4.944156,0.75763154
1073,1298348,5.262107,4.46875,1.6226028,0.63422006
1996,1240153,4.196288,3.859375,1.5105795,0.57000685
1019,907269,-1.62688,2.671875,2.2074404,0.62901753
1910,908150,2.208719,2.578125,2.4345222,0.6596354
1086,753575,0.779474,0.25976562,4.566854,0.7858554
1463,907269,1.768734,3.53125,1.4878006,0.5670754
1578,907795,5.066468,5.21875,0.8287072,0.47330338
1052,906842,0.726499,2.578125,1.2617942,0.5083835
1375,909731,6.374668,6.71875,0.78663146,0.48394635
1168,753540,2.016658,3.0625,1.2248135,0.5178987
1911,905982,-5.021452,-3.375,3.2742548,0.61005193
1088,907169,3.344821,2.828125,4.070542,0.82725096
1849,724870,-1.245099,-1.171875,1.484024,0.4782697
1080,906868,-3.762244,-3.546875,3.8125567,0.6560574
2096,1298157,3.66477,3.109375,1.6486828,0.59183335
1375,1674021,6.862604,6.625,0.7194838,0.4628448
2046,906842,1.801125,1.953125,2.3838933,0.6459175
1378,905972,3.153253,2.453125,2.627051,0.65708137
1073,906849,4.157724,4.125,2.3072183,0.73642755
1925,907278,4.899254,4.875,0.74984795,0.42388365
2110,906843,4.524978,4.8125,0.8762188,0.46685115
1529,925346,1.180927,0.19140625,3.5186183,0.67429805
1250,909249,-0.001572,1.0234375,2.9114778,0.6887612
1926,687997,3.222793,1.0,2.5558734,0.6862815
1006,909257,-0.262344,1.4765625,4.264613,0.7385141
2043,749710,5.296393,5.71875,0.7240723,0.44262037
1635,1240172,5.656267,5.875,0.39587528,0.33950225
1401,924100,3.426818,2.78125,2.0827103,0.6428368
1073,907299,2.081912,4.28125,1.7920145,0.6628006
1549,907269,2.227636,3.75,1.3237246,0.53333557
1006,1298350,0.690339,2.03125,5.1006355,0.80305314
2043,905968,4.796327,5.25,0.7428297,0.45992813
1007,909975,-0.903021,-3.28125,5.3550963,0.80787414
1014,687780,3.826452,2.75,2.9703355,0.7056574
1010,687568,4.427557,3.21875,1.4448074,0.5618854
1909,907274,1.203266,2.765625,2.5828776,0.6721271
2498,909745,8.892735,8.4375,0.6325574,0.40280077
1009,924248,4.59096,4.9375,0.7782231,0.41357222
1806,906746,5.945886,5.09375,2.1799355,0.62117994
1809,1303900,3.305297,0.73828125,3.7914002,0.70640534
1199,908121,3.063908,4.0625,1.4189595,0.5688176
1559,907291,-3.229206,-2.03125,2.7916596,0.5988138
1378,907322,2.201098,1.1875,3.1480777,0.66998106
1927,910567,4.774127,4.5625,0.7187061,0.42713746
2039,1240182,5.064451,3.640625,1.2378174,0.5207366
1862,906835,-0.811727,-0.91015625,0.3979498,0.29992488
1057,687568,-1.994204,-1.53125,1.9453045,0.51765406
2043,906813,4.640797,5.75,0.8193288,0.5092407
1005,1290797,4.736378,3.265625,2.7308304,0.70435286
2011,909699,5.960037,4.5625,1.3130666,0.5371538
1049,907278,0.121731,3.734375,1.3410368,0.5189079
1630,910899,4.135594,3.90625,1.1970537,0.532702
1085,1240192,2.440816,2.921875,1.2145407,0.5122478
2011,1240153,5.413397,4.4375,1.1816547,0.5191616
2096,906746,2.851143,3.265625,1.5860583,0.5895644
2040,753575,1.267756,2.125,2.2432582,0.66041553
2107,907795,4.727623,5.15625,0.7678908,0.45930204
1052,949090,4.542885,3.84375,1.3061597,0.542538
2045,906868,5.264426,4.84375,0.8427168,0.47760803
1053,949090,1.845953,3.28125,1.601493,0.5692186
1068,907278,0.981801,0.421875,2.131618,0.5646926
2046,905986,3.027976,3.8125,1.8592143,0.6352536
1808,907274,-0.999803,0.875,4.696691,0.7981379
1036,1299062,6.422345,4.4375,1.0477332,0.5035892
1782,1298537,5.658685,5.53125,0.6558305,0.41921958
1580,687997,5.429578,4.9375,0.7614504,0.43266112
2173,907318,4.140832,3.546875,1.0242386,0.4797987
1449,909249,4.592924,4.8125,0.7955474,0.42936257
1736,909757,3.794136,3.890625,1.7284131,0.60528076
1816,909755,4.635434,4.25,1.2574481,0.51702064
1033,924189,5.326681,5.1875,0.69296336,0.43567634
1086,1298538,-3.202926,-0.625,4.1933894,0.73556197
1720,925338,0.334843,4.15625,1.8397726,0.6255345
1507,1298358,4.756294,5.40625,0.7168614,0.4320873
1091,687997,3.111868,2.53125,1.7079273,0.57786787
1048,1330935,3.361588,4.59375,0.9344976,0.48274598
1873,687455,1.59725,1.875,1.73138,0.6063198
1799,753554,4.435306,4.3125,1.46112,0.56537354
1853,1298538,4.297474,4.8125,1.1025931,0.50729936
1180,910933,-2.809541,-1.984375,2.248948,0.54112285
1079,687794,2.212564,2.21875,3.417843,0.76304644
1779,907322,0.043137,0.33007812,2.1810677,0.60181403
1511,905972,-1.079664,-0.73046875,3.3365762,0.63041097
1199,907063,5.777565,2.96875,1.3444172,0.50985825
1025,910399,5.456351,5.0625,0.86542624,0.4694882
1093,1240186,4.912055,4.625,1.0232652,0.50076973
1854,1298358,6.561735,5.21875,0.96585387,0.5132851
1831,1298157,4.333554,4.4375,0.84183383,0.45317525
1133,906813,3.904815,4.46875,1.1445339,0.5762102
1926,909257,-0.369444,0.953125,1.9273821,0.6181629
1557,905972,6.510514,5.1875,0.846805,0.4641411
1200,924239,0.702237,3.734375,1.2731721,0.49763954
1057,906813,-0.538279,-0.921875,2.1130633,0.5498701
2045,925346,4.535718,4.71875,0.7542762,0.4397357
1827,910933,2.08641,1.4765625,2.401523,0.5827898
1843,1240184,-1.466316,-0.66015625,3.632829,0.68638474
1909,906813,2.304731,3.046875,2.3033228,0.67809856
1093,753608,4.59374,4.71875,0.94635504,0.48761353
2096,909731,3.570197,3.125,1.8272477,0.6182392
1827,907299,1.148674,1.125,2.3503587,0.5827898
1043,724870,5.645084,4.875,0.626167,0.39771664
1023,1298157,3.555877,3.796875,1.0695562,0.49083757
1778,909747,6.132892,3.109375,1.9444501,0.62665534
1047,907291,1.304089,4.625,1.361536,0.57865345
1511,1298348,0.281548,-0.32226562,3.5027976,0.64813966
2157,906827,3.922953,6.1875,0.8046233,0.48997682
1930,1298141,2.149461,0.9609375,1.2270266,0.47240803
1003,909757,-2.162355,-1.953125,3.9593644,0.67704874
1578,908461,5.420744,5.40625,0.72746575,0.45562127
2043,910952,5.228333,5.6875,0.7863861,0.4746004
1268,687568,4.595337,4.625,0.83552486,0.46150795
1024,753612,2.361997,-0.79296875,2.7626617,0.6069006
2045,907169,5.328261,5.0625,0.92260635,0.49793714
1020,907318,5.110156,4.9375,0.76499397,0.46465397
1096,1240144,2.555243,2.734375,2.2927873,0.6384577
2044,907299,2.118214,3.984375,1.2559422,0.556053
1776,1240159,5.373343,4.5,0.9045067,0.47453186
1615,906746,5.339777,5.6875,0.6415852,0.43780443
1080,909726,-3.997479,-3.390625,4.030238,0.67649895
1576,687505,2.879518,3.046875,1.1518917,0.48955452
1043,1503367,4.459441,6.8125,0.97114027,0.59822285
1093,906842,2.831062,3.203125,1.0254638,0.45517543
1922,1240186,3.197719,3.109375,1.5789363,0.58399075
1006,1298348,3.787511,1.96875,4.642414,0.760767
1582,909745,5.467494,4.71875,0.7383186,0.42603478
1855,1240153,3.262593,4.4375,1.3894665,0.53494775
1011,907066,1.688757,1.75,2.628312,0.6631601
1529,905982,3.311784,1.09375,4.1516056,0.7329789
1853,687590,4.763683,4.5625,1.1579211,0.5113447
1494,1240223,-2.927774,-3.21875,2.711443,0.5862228
1051,1240153,4.105152,1.5859375,3.0126684,0.69793063
1050,1240172,6.290385,3.046875,1.8036705,0.61325955
1827,910781,0.356883,1.109375,1.9151324,0.5457234
1924,906696,3.913693,4.3125,1.824954,0.6204961
1080,910933,-2.650468,-2.40625,4.77958,0.74428964
1736,909709,2.298852,4.28125,2.0432649,0.66490424
1924,1240160,5.552971,3.453125,2.1040852,0.6252888
1578,905964,4.519347,4.15625,0.839637,0.43486148
1803,907291,2.860397,4.9375,1.3701155,0.6066018
1086,924189,-1.814043,-1.1640625,4.649371,0.77103007
1032,908150,1.857996,1.7734375,1.8609815,0.582692
1030,687819,5.864983,5.4375,0.5984621,0.42758724
1068,905986,0.607047,0.58984375,1.8824993,0.53891593
1916,688013,1.920198,2.6875,1.837366,0.58645815
2169,909907,5.825014,3.609375,2.0710378,0.6331785
2154,1299062,3.803824,3.015625,0.6438323,0.36677122
1631,688013,1.695985,3.390625,1.4966747,0.52412724
1200,907274,2.651661,4.09375,1.413785,0.5229074
1782,909720,5.658002,5.65625,0.5729988,0.3974704
1817,1331048,-4.265406,-6.1875,1.1793885,0.41506115
1068,688087,-0.618855,0.6484375,2.0659773,0.56488395
1249,687997,4.256663,3.609375,1.280569,0.51857
1862,909755,-0.645911,-0.89453125,0.38959235,0.29144192
1939,1303900,3.171602,3.203125,2.0409744,0.6269616
1908,925338,3.886164,2.953125,1.6926831,0.5699143
1816,909757,6.009262,4.0,1.2875307,0.5213892
1047,1298365,3.371667,4.25,1.2635745,0.55373466
1052,753554,5.245564,3.953125,1.1722454,0.52703613
2438,905950,10.415861,9.875,2.2760587,0.94300234
1855,925340,3.427374,4.5625,1.3147324,0.52703613
1175,1298350,3.349611,4.4375,1.17992,0.53871304
1051,906836,-3.660295,1.3671875,3.2554023,0.7267809
1005,753612,3.107998,2.421875,3.3165843,0.7557252
1059,1298350,-0.479452,0.70703125,2.515142,0.623649
1594,1298537,4.503604,3.25,1.6327908,0.5890478
1131,925340,3.836263,4.5625,1.6462203,0.59389263
1033,910399,5.416622,5.125,0.6373542,0.41525838
2438,910920,8.47232,9.4375,3.7132041,1.2749693
2158,687780,5.51949,4.8125,1.3855639,0.5873656
1061,905972,5.563414,4.71875,0.9001907,0.50107944
1928,908127,4.279924,4.96875,0.9688909,0.50439644
1835,906696,3.225435,5.53125,1.385417,0.5581918
1023,1240186,2.570165,4.03125,1.146747,0.5195533
1050,749716,3.95626,1.8046875,1.8368154,0.5834667
1855,909720,6.23894,4.78125,1.1076221,0.4992601
1910,909747,0.745771,2.140625,2.7898328,0.6947684
1068,924239,0.882319,0.6484375,2.1468723,0.57645994
1463,907795,4.485033,3.921875,1.3863087,0.5758293
1057,1331048,-2.62029,-3.171875,1.8761643,0.5106588
1627,907322,1.64269,2.765625,1.5122259,0.5455526
1089,907318,2.1637,3.78125,2.5360892,0.59995645
1799,924248,4.335305,4.1875,1.8078833,0.6146919
1375,910903,5.510609,6.6875,0.6494639,0.43788877
1019,905986,2.733129,3.234375,1.7427309,0.5896434
1936,1331048,2.588992,1.390625,1.4931912,0.5229074
2010,688013,3.360114,3.65625,1.3816566,0.52661866
1621,909757,5.9067,4.78125,1.0917696,0.53705287
1911,910903,-6.37021,-3.453125,3.3742285,0.61587644
1776,909785,3.530057,3.265625,0.89887863,0.42872137
1919,906842,1.058878,0.875,1.0833344,0.45574725
1084,906843,-1.054972,-1.59375,2.993667,0.546415
1085,1503365,5.286193,3.03125,1.2655832,0.52301705
1373,907318,4.985816,3.96875,1.0585494,0.5048766
1030,1298136,5.470538,5.6875,0.6650963,0.46485618
1615,1322212,5.168175,4.84375,0.734966,0.41976455
1996,1330935,2.445236,3.609375,1.6936063,0.5872696
1052,1240159,5.097647,3.9375,1.1793848,0.5329719
1827,687780,2.051213,1.3984375,2.5765684,0.6019021
1580,906868,5.750095,5.0625,0.7180852,0.4474556
1180,1659818,-3.819876,-2.75,2.2230628,0.5348945
2498,907299,8.234708,8.875,0.79956734,0.48070544
2171,907169,2.166343,2.046875,2.7516582,0.6793485
1629,1240198,5.176691,5.03125,0.95660245,0.50057167
2439,907169,8.258116,9.75,0.8870668,0.51121056
1512,749710,5.568806,6.03125,0.5126946,0.36219075
1018,1240153,5.277138,5.21875,0.654429,0.4193904
1084,687794,-2.879916,-1.0234375,3.3132932,0.57377154
1463,946359,6.650945,3.71875,1.3656423,0.56436765
2048,1240153,-4.017761,-3.375,3.8767235,0.6547338
2011,908461,4.143747,4.90625,1.0532748,0.50886476
1512,907278,4.964012,5.28125,0.50882983,0.34176853
1093,910780,2.993648,3.5625,0.98251414,0.45437887
1843,925338,3.38196,-0.4453125,3.9565692,0.71251327
1930,908461,1.79335,0.79296875,1.1485142,0.46040434
1200,909699,5.349269,3.84375,1.3453581,0.5127834
1378,1298157,5.13823,2.453125,2.7076592,0.65708137
1080,905982,-3.96229,-2.78125,4.3766303,0.70887226
1096,909907,6.813873,3.015625,2.7944744,0.7271896
1529,908465,1.554643,0.63671875,4.118405,0.73189396
1024,1290797,0.724296,-0.111816406,2.80498,0.61128765
1778,687802,5.467653,4.0,1.8569958,0.64710814
1853,724870,3.981401,4.03125,1.0592916,0.47870097
1057,753612,-0.373054,-1.8203125,2.0494816,0.54293364
1093,906848,3.419677,4.6875,1.2051687,0.5227658
1086,909750,-0.244638,-1.5,3.9196043,0.69201833
1830,909249,2.080472,2.40625,1.2109873,0.45240197
1617,946359,2.259569,1.3515625,3.6177256,0.67404664
1053,906848,2.959098,3.609375,1.8797071,0.6236839
1449,908150,5.922591,5.65625,0.6324261,0.42640135
1808,909755,2.054101,1.0078125,3.9925075,0.7438752
1632,907271,4.543547,4.28125,1.152328,0.5167553
1847,907322,4.257608,3.015625,3.3746183,0.77212423
1627,1240159,3.794103,3.859375,1.2613583,0.5471392
1018,1240145,5.088118,5.40625,0.51405966,0.37919578
1576,724831,2.630684,3.140625,1.0305487,0.47781885
1375,1290797,5.95587,6.75,0.6975964,0.47242844
2106,1503365,2.523675,3.5625,1.7005037,0.595507
1133,907169,3.095127,4.125,1.1061208,0.5371538
1931,907066,6.447709,5.5625,0.63982767,0.40073234
1549,1322212,3.813625,3.671875,1.2261672,0.506728
1928,910780,3.27103,3.859375,0.9792396,0.46584994
1806,910851,4.059142,4.625,2.4694657,0.6341311
1582,1298350,3.627844,4.875,0.84900135,0.45939344
1624,906848,3.398044,3.609375,2.7916849,0.74287957
1620,908465,5.969081,5.5625,0.5169935,0.39243948
1927,907291,5.107221,5.0625,0.7032355,0.4320873
1250,908465,1.489136,1.8125,2.4552114,0.6682652
2044,1503365,4.524963,4.03125,1.1799692,0.5485054
1922,909724,1.854428,2.796875,1.5229529,0.56047887
1812,724870,0.876225,1.640625,2.5089755,0.6248249
2157,906835,5.369328,5.625,0.63839835,0.4185891
1613,910781,3.033274,3.203125,1.6264607,0.5809659
1736,1298537,5.461204,3.828125,1.6147369,0.5854389
1932,909975,5.052031,3.078125,1.9200002,0.6128336
1268,908150,3.487961,4.71875,0.8255247,0.4630772
1018,687568,6.226917,5.375,0.59137845,0.41437453
2111,909745,5.35705,3.96875,1.4479511,0.55466735
1069,1331048,3.268254,2.34375,1.045408,0.465218
1915,906843,1.97627,3.046875,1.7495329,0.59777784
1912,908121,1.370772,3.046875,2.014378,0.6337521
1529,908461,3.047866,1.1015625,4.162916,0.744703
1813,909757,6.71747,5.9375,1.7252489,0.61625266
2173,687780,5.525462,4.40625,1.396181,0.57698816
1912,905986,4.197347,3.328125,1.7729696,0.60282105
1093,910851,2.668698,4.34375,1.0560465,0.50368273
1512,907318,4.851576,5.25,0.44130006,0.33539832
1558,1240127,4.832665,3.515625,1.3314878,0.54193175
1089,909757,3.148365,4.96875,2.4326832,0.6444486
1581,1240186,1.862546,3.0625,1.7260977,0.59267455
1005,1503365,7.010715,3.296875,2.672816,0.6955312
2173,753575,4.188185,4.78125,1.299977,0.5920062
1023,1331048,2.870303,2.140625,1.0524108,0.44273806
1089,687590,4.91114,4.625,2.2951746,0.6053037
1933,753612,4.772112,4.0625,1.645566,0.60560304
1200,688025,2.879101,3.859375,1.329444,0.51702064
1062,906746,3.617645,4.03125,1.5601345,0.5887062
1008,1240223,-0.858034,0.71875,3.7598205,0.7362881
1177,909720,3.88155,4.90625,0.81258315,0.47494546
1463,907794,4.552084,4.375,1.2608514,0.58310026
1997,724859,2.926064,4.34375,1.4291309,0.604292
1913,909785,3.140188,3.671875,0.8616269,0.41627464
2158,1298136,5.955186,4.625,1.4487733,0.58966833
1034,687596,-1.993414,-3.3125,2.3149276,0.5044908
1091,910899,3.872535,2.34375,1.9802494,0.6083076
1558,713880,4.766396,3.4375,1.476248,0.56267214
1819,724870,-2.795816,-4.84375,3.724407,0.6939233
1054,1303900,4.653302,4.03125,1.7669735,0.60373694
1931,1674021,6.508827,5.75,0.6199546,0.39831033
1847,906696,2.862917,5.6875,2.4584622,0.78849447
1939,753608,3.500252,3.109375,1.8333648,0.6083076
1854,946354,2.480563,4.90625,0.7588736,0.4662729
1042,1240172,6.334876,5.375,0.8509788,0.47981694
1594,909755,3.954457,3.640625,1.682968,0.6041409
1940,1240160,5.765505,4.28125,1.2706492,0.5596917
1911,909720,-4.714932,-3.359375,3.3131714,0.62161475
1845,910903,-1.644614,1.3203125,4.0417714,0.74275726
1005,908461,4.13075,3.421875,2.7671988,0.70435286
1816,688025,3.186027,3.859375,1.329444,0.51702064
2438,910903,7.545647,9.8125,2.1121385,0.8930941
1014,907063,0.817758,1.359375,2.6192024,0.6410936
1918,907274,0.160475,3.78125,1.476248,0.56267214
2156,910903,1.606998,3.453125,2.9441326,0.68776745
1032,907322,1.064541,0.79296875,1.8764844,0.5629315
1622,909726,6.025809,4.59375,0.78302795,0.4381104
1812,906746,4.032059,2.84375,2.6364236,0.66812634
2055,907291,0.599753,1.6796875,2.2412825,0.59641504
1069,687819,3.90015,3.953125,1.2209587,0.5447336
1930,749716,1.166453,-0.03857422,1.127534,0.44744286
1018,909745,4.870172,5.3125,0.54223996,0.386204
1034,910903,-5.686393,-2.484375,2.5223038,0.5285093
1634,906813,5.064643,5.03125,0.9603173,0.51430136
1913,724831,6.064653,4.9375,0.6706599,0.4308876
2110,688025,4.107091,4.78125,0.91741014,0.47269952
2156,949090,4.262462,3.234375,3.1157243,0.6899907
1778,1298537,3.714829,3.328125,1.7495329,0.59777784
1032,910920,1.49982,0.65625,1.8037376,0.5488448
2110,906848,5.031625,5.125,0.9834195,0.491287
1626,1503365,2.087665,2.578125,2.232641,0.6451209
1199,1298537,2.891171,4.25,1.2945642,0.54322404
1563,687568,6.618063,5.8125,0.6453276,0.420988
1004,909731,-5.80301,-3.328125,4.5492845,0.7284187
1511,753540,0.504517,-0.107910156,3.60241,0.67588156
1819,687997,-0.59737,-3.890625,5.165791,0.7958103
1017,909785,2.582199,3.046875,1.2492034,0.4982391
1030,905986,5.708489,5.5,0.532781,0.40643656
1086,907063,-3.521326,-3.515625,3.7012079,0.68017185
1068,909720,1.204072,0.6796875,1.7823117,0.52966464
1598,906696,3.849774,5.40625,1.0101223,0.52450806
1510,907066,4.495394,4.25,1.0148411,0.4979273
1778,909975,5.046333,3.359375,1.9217166,0.6193288
1578,910399,4.313727,5.09375,0.7229892,0.43857887
1564,908461,0.520443,3.109375,2.0613303,0.6213124
1239,907066,4.27388,2.015625,2.5753312,0.66424555
1016,909731,-1.175607,0.33203125,3.3796544,0.61686677
1560,906827,3.836805,4.96875,1.6724752,0.6124434
2171,906843,4.520447,2.09375,2.7368853,0.6875438
1086,724859,-2.115904,-0.73828125,4.041097,0.72291076
1088,910851,2.479324,2.40625,4.2330575,0.8350496
1564,910781,3.116274,2.875,1.677773,0.56214
1631,905964,1.747245,2.421875,1.7009426,0.53771555
1073,1298358,4.098615,4.625,2.1773567,0.7403152
2175,924248,5.59277,5.09375,0.8604161,0.49267775
1057,909699,-0.755179,-1.4375,2.2242332,0.55875844
1069,909747,4.958911,3.734375,1.1532328,0.5292381
1808,909747,1.189319,-0.10595703,4.3596487,0.76970947
2172,908121,0.941157,1.953125,3.5370426,0.7708257
1022,1240198,-1.064598,0.7109375,3.1971347,0.6699096
1549,1298350,1.026747,4.375,1.1509672,0.52955616
1622,906843,4.318599,4.5625,0.84123135,0.44936565
1561,910399,1.345453,2.140625,1.9897931,0.62302417
1847,1298358,2.350344,4.875,2.8897605,0.8010149
1011,908150,1.312273,2.0625,2.4373007,0.6456718
2106,749710,3.698,4.03125,1.788482,0.6051231
1827,753620,-0.040144,0.37695312,2.4036615,0.57103366
1854,688121,5.872532,4.90625,0.90326726,0.48002464
1557,909785,4.23848,3.6875,1.0896794,0.45841652
1720,1240172,6.179191,4.5625,1.825131,0.64231676
1052,1240172,3.706756,4.25,1.3247505,0.5615857
1634,909755,5.09721,4.90625,0.8997403,0.47324884
1025,749710,6.544544,5.6875,0.8535315,0.4726687
1802,909749,4.388603,4.1875,0.6831211,0.40546873
1046,909720,2.288523,2.890625,1.875131,0.5985121
1239,688121,2.929148,2.21875,2.7705553,0.67813975
1933,1330947,0.656612,3.328125,1.6881558,0.58537966
1237,753612,5.893027,4.9375,0.6992427,0.39936173
1170,753540,3.434497,3.84375,1.6176801,0.60736865
1845,753608,4.440169,1.5,3.8519187,0.732938
1004,909745,-2.947981,-3.5,3.7584958,0.6768435
1133,924100,3.057598,4.28125,1.2077861,0.5458066
1057,753554,-2.452936,-1.15625,2.0528429,0.54139394
1237,713880,4.739164,5.25,0.6998161,0.41484594
1813,906835,5.913531,6.3125,1.4498379,0.58119583
1019,908150,3.304666,3.1875,1.767339,0.5979694
1819,687590,1.447926,-3.734375,4.527744,0.74197555
1199,906843,3.816604,4.09375,1.3758345,0.54322404
1912,1240192,2.948814,3.171875,1.7209072,0.5996853
1594,688025,4.173007,3.203125,1.9091976,0.6242966
2044,910399,3.968025,3.703125,1.183509,0.5321002
1706,906843,-1.158934,2.125,3.2996397,0.7612427
1580,1298136,5.003969,5.5,0.89444834,0.5082314
1940,998189,5.103936,4.1875,1.0580502,0.50985825
1815,1298350,5.376597,5.9375,0.7004338,0.46101746
1809,909747,3.696598,-0.39453125,3.697985,0.67957956
2498,907795,7.897742,9.0,1.0021359,0.5549629
1615,1330947,3.594447,4.375,0.7294155,0.41445866
1819,909749,-2.747554,-3.109375,5.198001,0.8370632
1854,1298350,5.66323,5.0625,0.803834,0.46802637
2046,1503367,-0.8144,5.3125,2.3414838,0.8199747
2040,909720,0.7011,1.5859375,1.9309326,0.58754796
1020,909750,5.551976,5.375,0.78565997,0.47537774
1817,1240160,-4.088205,-4.3125,2.0272636,0.45259428
2439,907066,8.989505,9.75,0.8437489,0.47330004
1048,908150,4.720848,5.125,0.75539154,0.46591654
1191,909249,-5.629742,-5.1875,0.8867384,0.34485245
1003,907271,-0.592823,-1.4140625,3.8111615,0.6728723
1835,906836,0.446458,3.765625,1.5622184,0.5158244
2109,1240160,3.090599,3.359375,1.5932281,0.58052367
1852,753622,4.307251,5.0,0.6285364,0.4168567
1079,910903,-1.551683,1.75,3.1432252,0.70747155
1069,687802,4.46952,4.5,1.1586131,0.56119883
1621,753554,5.212747,4.75,0.9617077,0.5019484
1511,1240184,0.822884,-0.71875,3.5566015,0.65359753
1629,906835,7.175235,5.1875,0.7973394,0.46843335
1561,908121,-2.627532,2.34375,2.2804735,0.6745295
1928,687794,4.005885,5.34375,1.0461676,0.533516
1549,910899,4.994404,4.03125,1.3473012,0.5511586
1849,1298348,1.5761,-0.37304688,1.7272885,0.49448273
1511,925338,-0.357197,-0.4453125,3.8196568,0.6788026
1510,924189,2.169648,4.40625,1.0279104,0.50304294
1627,687802,4.832861,4.40625,1.4149255,0.5967626
1855,908150,4.545032,4.65625,1.2391924,0.5226449
1510,905986,5.230055,4.5625,0.9222851,0.48510703
1022,1240159,1.158936,0.26171875,2.6478794,0.61087847
1072,909785,4.708072,3.734375,1.0472268,0.47324884
1032,1298365,0.967134,1.234375,1.6284024,0.54827136
1922,688087,1.593907,2.96875,1.5626727,0.5750966
1091,907791,1.520343,2.234375,1.7582489,0.5749373
1052,909757,2.892988,3.953125,1.3167145,0.55675805
1560,907291,1.333218,3.765625,1.4955796,0.5449435
1017,925338,4.338651,4.46875,1.1133057,0.5005371
1058,687568,1.93359,1.4765625,2.0787184,0.62952536
1051,1240159,2.85328,1.796875,2.482202,0.64592886
1598,753554,4.422923,4.625,0.86120415,0.46479797
1008,688087,3.137615,0.875,4.4282765,0.80282354
1038,924100,4.460015,3.890625,1.4258825,0.56583744
1017,687590,4.581308,4.3125,1.1849669,0.5126912
1720,1298348,6.228435,4.34375,1.6890261,0.603314
1813,1299062,7.814166,5.4375,1.4532866,0.56234246
1050,909249,1.581299,1.765625,1.8473456,0.5896434
1042,1290797,5.653138,5.15625,0.833703,0.4786097
1463,910781,0.503731,3.921875,1.0419748,0.5152047
1720,907318,1.453574,3.40625,1.7422608,0.6041409
1598,910851,2.723227,4.5,0.9907978,0.501389
1025,909755,5.335862,5.53125,0.8516236,0.47282717
2111,753608,3.06356,4.34375,1.55529,0.5957857
1779,908465,2.001526,1.3125,1.9379073,0.5868817
1549,1240145,3.993001,3.984375,0.9249996,0.46929953
1048,1299062,5.77457,4.9375,0.71149313,0.4427822
1576,1240127,3.506026,3.203125,1.2382479,0.50654674
1852,1240127,5.586555,5.09375,0.625245,0.41152906
1621,909745,5.425235,4.6875,0.92295927,0.48796922
1916,906848,3.122863,3.296875,2.1606858,0.6574577
2498,909785,7.227235,7.90625,0.93189764,0.50295174
1004,910952,-4.134078,-2.34375,5.2799697,0.8090909
1625,1240182,6.676907,4.84375,0.9708159,0.48749545
1022,909750,-0.975106,0.1796875,2.8018928,0.61551887
1625,924189,2.919042,4.9375,0.9697933,0.49969018
1779,905986,1.269835,1.5625,1.9652035,0.5951482
1511,909755,0.308,0.06542969,3.751556,0.6755938
1149,924100,0.806663,1.8046875,2.5503826,0.6351367
1512,910903,4.967126,5.71875,0.48629376,0.35007006
1378,906848,4.542215,3.296875,3.3218822,0.7416228
2148,1298157,1.349582,1.40625,1.2055917,0.4595114
1630,909720,3.717626,4.28125,0.88287926,0.48766443
1819,1240186,3.421243,-3.171875,4.9348016,0.7726712
1511,998189,-0.724629,-0.53125,3.552337,0.6573062
1061,753612,5.084904,4.15625,1.0988362,0.5295124
2046,1322212,3.081134,2.828125,2.416471,0.6547445
1030,1330947,4.161328,4.53125,0.5757171,0.38279548
1803,907791,5.393309,4.59375,1.4823525,0.59122956
1849,753540,-0.167946,-0.30664062,1.770252,0.51151377
1635,905964,4.245414,4.75,0.3872187,0.30046758
1449,909755,6.144814,5.875,0.65671414,0.42408067
2498,1298136,9.24798,9.3125,1.2181689,0.6868539
2039,907318,2.515702,3.1875,0.9646875,0.4733197
1083,1298365,3.382137,2.625,1.4919411,0.5490659
1720,1298537,5.216638,4.15625,1.7770457,0.6192479
1053,907791,3.20157,2.78125,1.7855961,0.58387965
1032,910399,1.456443,1.359375,1.7447201,0.55421257
1192,687596,3.30034,2.65625,1.618257,0.5896434
1089,687596,4.397329,3.90625,2.8808782,0.643167
1248,753608,-3.434915,-2.703125,5.0708594,0.8213148
1026,906849,-0.107363,-0.4609375,2.91294,0.5663131
1614,687596,5.248351,3.6875,1.2238302,0.5161658
1622,998189,6.157671,4.75,0.7869838,0.44832015
1816,909709,5.845841,4.4375,1.4583932,0.5671689
1996,908121,5.309837,3.890625,1.4511902,0.56436765
1941,687997,-1.635957,-4.1875,2.7175741,0.56942517
1067,1240223,6.950319,5.625,0.45089233,0.3683156
1047,910780,4.370427,3.796875,1.3242078,0.54171145
1042,1299062,7.395262,4.96875,0.74945927,0.4477035
1268,905986,4.133396,4.75,0.8265412,0.45890126
1401,909975,5.532987,2.421875,1.8557744,0.60978097
1549,909720,5.424327,4.375,0.9848402,0.49837422
1849,1290797,0.667701,-0.48828125,1.8061972,0.512307
2110,949179,4.460583,4.53125,0.84808916,0.45889983
1004,909257,-5.987587,-3.546875,3.7483182,0.6750107
2498,925340,8.297769,8.75,0.7833766,0.46141234
1046,946359,2.904422,2.203125,2.493064,0.66044426
1080,924239,-4.849584,-3.4375,5.040094,0.7642869
1873,1298348,1.941557,1.8359375,1.560355,0.5685457
1259,905964,3.220164,1.578125,3.0597486,0.7177758
1736,905972,2.849757,3.859375,1.5671,0.5854389
1613,907271,3.031917,3.6875,1.8178164,0.63034034
1008,909907,4.140704,1.5,5.043795,0.85183865
1598,910399,5.223051,4.4375,0.90343845,0.46670133
1808,1303900,0.76831,1.03125,4.3203254,0.77801985
1052,688087,3.937361,3.90625,1.3273206,0.55696917
1932,906849,2.516338,2.859375,2.326367,0.65984714
1917,687568,2.491489,2.015625,2.0364587,0.6138157
1911,925346,-2.669019,-4.125,2.9374442,0.6015065
1131,1298157,5.1412,4.625,1.6265249,0.59859556
1778,1298350,1.841489,3.546875,1.8542366,0.6182392
1010,749710,2.834286,3.75,1.4743947,0.5647971
1618,1298358,3.608692,4.375,1.5503557,0.59689045
1086,906848,2.632145,-0.29296875,5.5069075,0.8529219
1830,907795,3.48451,2.953125,1.3467829,0.4931782
1908,724859,1.128074,2.96875,1.6912754,0.580718
1180,1240186,-0.874053,-2.171875,2.184497,0.5393238
1463,907299,0.367354,4.03125,1.2888031,0.5676881
2173,909249,1.494028,3.28125,1.3472458,0.5160901
1080,687802,0.47104,-1.984375,5.3791656,0.80736804
1019,1298350,2.561325,3.3125,1.8692135,0.60826576
1529,907175,1.893206,-0.6875,4.8366747,0.7700578
1553,1240160,3.380928,3.734375,2.1596828,0.66978234
1054,907794,3.420587,4.21875,1.5888833,0.59955436
2011,924239,2.459964,4.3125,1.2478602,0.5104789
1529,1240127,-1.289242,0.53515625,4.1301017,0.72918224
1375,907299,7.258067,6.6875,0.7200415,0.46734646
1089,909747,6.907341,4.3125,2.7462227,0.6496672
1825,909757,1.686051,-0.3359375,2.395266,0.58127135
2010,906836,1.162057,3.546875,1.663374,0.5882925
1093,906849,4.65988,4.3125,1.2799394,0.5302965
1782,1298358,6.247758,5.875,0.8140214,0.46372265
1561,906696,2.827027,3.515625,2.3128796,0.71048737
1511,907274,-2.020632,0.034179688,4.4473915,0.7375347
1030,1298141,7.104801,5.625,0.5540871,0.41656414
1083,906827,2.248875,4.125,1.8537987,0.65240574
2011,909749,4.517428,4.78125,0.98656565,0.49032655
1941,910399,-5.625103,-4.125,2.4563742,0.54397476
1594,687505,1.071371,3.109375,1.5253029,0.57845753
1072,946359,5.95236,4.78125,1.0362886,0.5019484
1830,688013,1.13486,3.03125,1.1614162,0.45625466
1011,1659818,-0.603906,1.6328125,2.7749329,0.6910578
1050,1322212,2.904216,1.984375,1.8412865,0.57929504
1019,1298348,2.086738,3.265625,1.7316241,0.5830254
1618,753622,4.623613,3.734375,1.1657753,0.52412724
1852,924189,4.35062,5.15625,0.7068004,0.43095836
1618,908465,4.615874,4.0625,1.2467097,0.54774356
1925,1298537,4.775855,5.21875,0.6931337,0.43245953
1559,688025,-1.00538,-1.9453125,2.9706764,0.60372674
1627,713880,2.730588,3.6875,1.4421891,0.569423
1449,906827,5.471501,6.5625,0.84040076,0.51438856
1620,687455,5.518,5.75,0.56837815,0.41070145
1621,908127,4.874388,4.875,1.0638168,0.53282166
1593,909907,4.819361,3.078125,2.3013399,0.6649715
2170,1331048,0.997856,1.609375,2.3676012,0.59218735
1043,753608,5.601539,5.71875,0.6664406,0.4403167
1925,753608,5.258697,5.46875,0.6792392,0.43695545
1011,1298141,2.314565,2.390625,2.526939,0.663455
2107,753575,5.99911,5.875,0.7416873,0.49880436
1005,688025,0.120266,3.03125,3.2316978,0.7424853
1190,1503367,-1.408373,1.3671875,8.130622,1.0783418
1091,924239,-0.730222,2.4375,1.7163059,0.57786787
1085,753540,2.453774,3.1875,1.3266186,0.5372179
1024,1240144,4.466073,-0.043945312,2.6876473,0.58571744
1011,1330947,-1.815644,0.45507812,2.7444932,0.6520045
1529,1659818,-0.283524,0.296875,4.7881403,0.81367844
1813,925340,5.655688,5.625,1.6245756,0.58900607
1634,688121,4.979917,4.53125,1.0030495,0.47963792
1854,687780,6.536187,5.28125,0.89275336,0.5059661
1024,1674021,-0.583517,-0.40039062,2.742628,0.58829653
1627,687794,2.963685,4.34375,1.4827093,0.5943729
1529,910911,0.481187,0.609375,4.009349,0.71251327
1927,1298168,4.840058,4.5625,0.6320664,0.3943585
1059,1298136,2.398893,0.5,2.6230285,0.64759153
1815,946359,6.89166,5.65625,0.7812137,0.47208273
1559,906843,-2.38633,-1.75,3.017029,0.6321713
1237,910899,3.939687,5.09375,0.7924879,0.42006955
1005,909755,4.2585,3.640625,2.7602963,0.693425
1026,907175,0.030088,-1.390625,2.4793134,0.5195013
1838,687780,4.645546,4.40625,1.502403,0.53665286
1908,687590,3.619314,2.75,1.7782719,0.5758772
1814,1240145,5.446608,6.375,0.720678,0.42014822
1067,907278,4.665289,5.1875,0.4951177,0.34999353
2010,909249,1.904475,3.0625,1.5953352,0.54777586
1563,907063,-0.826492,4.8125,0.69072676,0.39449796
1622,909975,3.934648,4.65625,0.850753,0.4567987
1011,1298168,2.956998,1.171875,2.2172985,0.59806544
1057,749710,-2.696021,-0.50390625,2.321851,0.570765
1624,910920,3.049894,1.7890625,2.6787872,0.6613576
2111,687997,6.141248,3.734375,1.7584685,0.58630824
1060,1298350,2.182436,1.6171875,2.3814483,0.6169651
1510,910952,3.847452,4.78125,0.97660553,0.5006141
1594,905982,3.72684,3.4375,1.660822,0.5932396
2438,910781,6.992364,9.875,1.8241202,0.908932
2043,910781,4.3287,5.28125,0.62627906,0.40804252
1016,910920,2.054929,-1.171875,3.1266246,0.5785346
1033,1299062,4.52068,5.125,0.58209753,0.404801
1191,687568,-5.034078,-4.65625,0.86693656,0.3546494
1014,1298168,3.219226,1.65625,2.2921634,0.60181403
1004,907274,-4.6967,-2.65625,5.500018,0.80920196
2110,906696,5.516009,5.75,0.8752702,0.49989715
1635,1303900,5.262488,5.84375,0.4157209,0.34818628
1034,909709,-1.809779,-2.03125,3.1918917,0.59470624
2498,687590,8.565265,8.5625,0.7670058,0.44543844
2055,909975,5.735863,1.765625,2.3026586,0.60456955
1084,1240159,-1.587433,-2.046875,2.4466643,0.48265022
1025,1240153,5.39841,5.0625,0.9212755,0.4820858
1817,1330983,-4.98659,-4.9375,1.9047475,0.45250756
1932,1240223,7.050537,3.171875,1.6682305,0.59293914
1635,906813,5.360273,5.96875,0.42030933,0.37148347
1927,906849,3.401994,5.0,0.8209504,0.45579723
1036,907794,2.108086,5.0,1.1359737,0.5488188
1630,687596,4.139266,3.6875,1.0377966,0.5039742
1803,909749,5.340058,5.0625,1.1515675,0.57975125
1598,909747,5.707865,4.375,1.0113479,0.49493757
1778,907291,1.040288,3.234375,1.8428069,0.60552
2154,1503367,2.28557,3.96875,0.7482845,0.48444414
1375,907791,5.706217,6.15625,0.8989329,0.4728241
1915,909731,3.038759,2.96875,1.8053534,0.60194063
2044,1330947,1.537615,2.90625,1.2733109,0.5235429
1067,688121,6.204573,5.53125,0.53044224,0.37214503
1563,907278,4.910627,5.5,0.7067026,0.4083152
1036,753575,7.027766,5.40625,1.2282089,0.59185517
1827,906842,-1.181077,-0.1953125,2.0486484,0.54271287
2177,724859,2.41736,2.421875,1.4324013,0.52192324
1029,1298538,5.249241,5.6875,0.53796387,0.3914104
1925,1330947,3.638094,4.25,0.74363595,0.40759328
1563,910933,4.479692,6.3125,0.68877137,0.43581086
1190,1330935,-2.374678,-1.8671875,7.600021,1.023688
1089,905986,3.348877,4.96875,2.1665199,0.61167794
1168,907291,2.530121,2.71875,1.159264,0.4926877
1598,753620,4.117306,4.0,1.0432025,0.47751614
2109,906849,4.467902,3.015625,1.6792997,0.57378066
1177,749710,5.762027,5.1875,0.9069155,0.4983693
1928,909699,5.278146,4.75,1.0958765,0.51203954
2106,907274,0.982964,3.734375,2.1000276,0.6390005
1511,1330935,-0.847896,-0.81640625,4.666187,0.7832467
1915,924100,3.401229,3.21875,1.9391831,0.6189565
1079,910933,4.34315,2.03125,3.2361689,0.7374016
1819,925338,-1.680827,-3.546875,5.0187945,0.769069
1598,1240182,5.395737,4.5,0.9911886,0.48134044
1580,687780,5.236733,5.5625,0.84809804,0.49697715
1831,1331048,2.393575,2.8125,0.7678669,0.38657904
1529,749710,4.853539,1.7578125,4.097505,0.75818133
1029,909249,4.592924,4.78125,0.6200561,0.38587835
1786,753540,3.424766,3.203125,1.6744399,0.5749373
1190,687596,3.698354,-2.15625,6.2723866,0.85864127
2046,1331048,0.452712,1.2421875,2.5523546,0.6496672
1931,924189,5.79804,5.75,0.67318815,0.41627693
1048,688025,4.918305,5.0,0.8613014,0.47330338
1051,909726,3.20583,1.6640625,2.7285187,0.66498744
2111,1240160,6.080352,4.25,1.9562075,0.658641
1549,906848,4.715916,4.4375,1.3516864,0.5614483
1131,906746,6.684033,4.9375,1.5747457,0.6062806
1583,907269,0.747747,2.5625,0.795007,0.39614016
2177,905950,2.871956,2.609375,1.5421503,0.5295142
1720,1240192,3.40111,4.09375,1.7325128,0.6250236
1782,724831,5.441573,5.5625,0.5605051,0.40857697
1919,687802,1.1113,2.171875,1.4100198,0.5428608
1809,925340,1.386805,0.017578125,3.4953816,0.66041553
1720,1331048,2.61584,1.734375,2.469535,0.6483834
1815,924100,6.874046,6.03125,0.7656111,0.47828975
1593,909747,3.842151,2.453125,2.2317142,0.6243101
1036,687505,3.680359,4.53125,1.0704355,0.50923425
1930,687455,2.604211,0.8359375,1.2485161,0.4782697
1463,907278,2.040561,3.71875,1.3434213,0.55236995
1580,1240184,6.061706,5.21875,0.75446963,0.45767546
2011,688087,4.542952,4.65625,1.1045923,0.50821924
1093,907299,3.046503,4.46875,1.0163609,0.48976877
1401,687997,3.217819,2.453125,1.8361106,0.6033197
1091,907278,1.810141,2.328125,1.7524292,0.57862955
1578,907175,4.647162,4.5,0.8819818,0.45444492
1816,909975,5.240918,3.984375,1.2938799,0.51867706
1843,1298538,1.061153,-0.037597656,3.7604156,0.7055264
1931,1240223,7.617229,5.84375,0.58424246,0.4057809
1624,724831,2.141771,3.046875,1.8886855,0.63902634
1629,905972,6.350596,4.875,0.7957668,0.47112048
1054,1240192,3.913097,3.625,1.5747753,0.57666665
1925,907066,4.316551,5.03125,0.7235862,0.43335673
1463,906849,4.756906,3.859375,1.5814145,0.6027563
1598,910781,3.122877,4.53125,0.7803105,0.4388414
1449,907291,4.851097,5.5625,0.7260731,0.44270957
1635,910952,5.189091,5.9375,0.40773505,0.35520533
2039,910781,3.95708,3.640625,0.95316017,0.47250548
1918,687794,2.815317,4.09375,1.4263053,0.58052367
2047,687568,4.84456,2.734375,1.6804461,0.5713625
1557,908461,5.862867,5.40625,0.89228,0.47540855
1057,907063,-2.139864,-2.53125,1.8856312,0.50860584
1915,1240145,3.622218,2.546875,1.2858591,0.5128591
1620,909745,6.087896,5.40625,0.46123567,0.35503426
2170,907794,1.887927,4.40625,1.6997694,0.619344
1088,907322,2.284137,0.54296875,5.403544,0.90701646
1449,1240192,5.72236,5.59375,0.642937,0.43486148
1915,925340,3.996729,2.953125,1.7108358,0.58743423
1911,1290797,-5.939729,-3.375,3.5878677,0.6548707
1463,1240153,4.5294,3.828125,1.3569624,0.56940746
1036,908461,5.364003,4.78125,1.1443912,0.53333557
2106,909757,0.215136,3.578125,1.8766248,0.6166321
1180,1240172,-0.223987,-1.9375,2.3675075,0.5530643
1806,907795,2.352518,4.6875,2.7027657,0.65871096
1936,687997,3.328785,3.03125,1.6194932,0.5784771
1441,908465,3.122173,2.09375,1.8730175,0.6036341
2111,688087,5.043565,3.96875,1.711353,0.59930646
1561,1298537,2.559883,2.515625,2.0773783,0.650448
1583,907278,2.602812,2.859375,0.7380461,0.38620538
1852,906843,5.198132,5.125,0.7124154,0.42830908
1046,910399,1.17889,2.25,2.040043,0.5977822
1191,753608,-4.628653,-4.1875,1.0380529,0.39565396
2096,907318,3.327267,2.640625,1.4080178,0.5475779
2045,1330983,4.417196,4.6875,1.0895789,0.51834124
1511,687505,-2.822816,-0.96484375,3.18628,0.6194539
1149,909731,0.952803,1.375,2.220493,0.596228
2156,753608,2.782304,3.75,2.8941984,0.69342154
1799,907794,6.187326,4.75,1.5900512,0.62149674
1043,1240182,6.637623,5.3125,0.72370434,0.42790818
1059,907322,-0.625543,-0.82421875,2.5160055,0.60537994
2044,1240186,3.402429,4.1875,1.2762624,0.56940746
1912,1240172,3.184326,3.59375,1.9558842,0.63034034
1933,688025,4.93176,4.53125,1.5307103,0.5983024
1268,1322212,4.516293,4.03125,0.97617614,0.45728412
1580,907271,6.150706,5.5,0.69697875,0.45122844
2109,910920,1.433442,2.078125,1.2658995,0.4800811
1022,909757,-0.019823,0.3984375,3.0143373,0.6465784
2158,907271,5.883506,4.8125,1.1239846,0.53333557
1622,907269,2.734239,4.0625,0.9682278,0.45356074
1463,907274,3.902848,4.125,1.4557279,0.58061045
1917,906868,2.786301,1.9609375,2.0496473,0.6119858
1037,905982,3.12864,2.78125,1.6858792,0.56485605
1091,1298538,2.6856,2.75,1.7015548,0.5813847
1177,924189,2.686645,4.59375,1.0239198,0.5194868
1915,909709,1.707431,3.3125,1.958781,0.64051014
1913,924239,2.746893,4.625,0.85749215,0.43281394
1042,907274,5.379205,5.1875,0.97388744,0.48652506
1560,909755,5.354376,4.25,1.4621261,0.5544983
1613,910903,4.016419,3.453125,1.9635878,0.63589
1622,687596,3.733114,4.25,0.8133256,0.43670264
1168,998189,2.381066,2.875,1.1794814,0.5038442
2045,1298141,5.603475,5.21875,0.8720361,0.4904273
2499,905968,11.233137,9.8125,1.6644467,0.8598256
1062,909749,4.11218,3.8125,1.5231011,0.5718583
1013,907269,1.48247,2.96875,1.61824,0.57232976
1706,724859,3.811812,2.5625,2.8925343,0.73625535
1179,688025,-0.009716,0.89453125,2.1153345,0.5972267
2170,753608,3.423071,4.21875,1.6797338,0.59999484
1817,1298157,-5.228405,-4.71875,1.7325572,0.43524256
1578,908127,4.740663,5.375,0.7536146,0.45950246
1810,1331048,-1.281954,-2.296875,3.6111362,0.7176311
1576,1240223,4.57615,3.328125,1.2206744,0.5122184
1816,906696,4.647215,4.90625,1.3281091,0.55446965
1830,1303900,2.951069,3.40625,1.3584434,0.50243855
1007,1240144,-5.470946,-3.28125,4.6005664,0.73662984
1511,687819,0.196438,-0.54296875,3.9955807,0.6919251
1049,910911,4.442226,3.828125,1.2586135,0.5148779
1627,910933,0.994994,4.1875,1.4282569,0.58131796
1816,1503367,3.70896,5.40625,1.5203205,0.6395827
1720,909757,3.877566,4.25,1.9384613,0.6463214
1008,687997,0.538379,0.7421875,4.78777,0.8291105
1922,908150,1.5788,2.9375,1.4651374,0.56125087
1578,907063,5.240813,4.21875,0.7719979,0.42422926
1029,910780,5.239766,4.78125,0.5217592,0.3589721
2170,906813,3.717749,4.40625,1.8640207,0.6560031
1062,908121,3.981924,3.6875,1.7516344,0.6103928
1003,1240127,1.657261,-2.4375,3.5599043,0.64539224
1918,1298350,2.416873,3.78125,1.3074615,0.548636
1004,907278,-5.677195,-4.15625,4.288864,0.7288333
1180,907274,-3.871863,-1.875,2.8207595,0.59104604
1835,1240198,4.082602,4.53125,1.4745581,0.5241021
2048,1330947,-6.025957,-4.8125,3.0451896,0.6007205
1560,724859,4.873896,4.1875,1.4140025,0.5611231
1025,1674021,4.909706,5.25,0.87545425,0.47984403
1854,753540,4.7078,5.1875,0.78687996,0.48286307
2106,1298168,1.532868,2.78125,1.5307677,0.5387216
1939,1298358,2.931947,3.140625,2.3073707,0.66362035
1919,949090,1.388416,1.8671875,1.3561099,0.506617
1086,908150,-2.087687,-1.2109375,3.938475,0.7045527
1091,910933,2.61971,2.875,1.7484863,0.5974202
1786,1298168,3.20462,2.234375,1.4057698,0.49229288
1736,909755,2.393628,4.1875,1.687465,0.6027563
1912,908150,3.677951,3.28125,1.8188965,0.6124094
1378,1298538,2.568869,2.8125,2.808967,0.6758698
1373,909975,6.578909,4.5625,1.2956157,0.5605648
1010,924239,2.676705,3.203125,1.4858645,0.5523207
1632,1330983,2.338292,3.640625,1.4635023,0.55224264
1915,688013,2.849588,2.828125,1.6470063,0.56551766
1021,724859,3.393817,3.609375,1.3600373,0.54244477
1259,907318,3.803932,2.375,2.237864,0.64965004
1561,753622,0.688215,2.046875,1.8921868,0.6339797
1512,1290797,5.493916,5.6875,0.50069994,0.36612517
1720,687505,4.370601,4.0625,1.7171372,0.61335516
1936,906843,3.41682,3.140625,1.6290542,0.59357756
2171,687794,0.864707,2.640625,2.8641577,0.71327794
1030,724859,6.395928,5.6875,0.56517464,0.44209158
1817,688121,-4.420012,-4.59375,2.2428842,0.48879045
1926,1322212,0.623983,0.33007812,2.6128902,0.673933
1068,924100,0.982223,0.88671875,2.4551105,0.60092944
1581,687505,2.406766,2.578125,1.4797016,0.54456145
1578,906696,5.582339,6.0625,0.8184885,0.49969688
1996,909731,3.427993,4.09375,1.5121921,0.5706154
1931,906836,1.300802,5.53125,0.73981196,0.42036602
1594,907322,3.668808,1.859375,2.08299,0.6219413
1033,910920,4.537994,4.375,0.6931427,0.39486182
1024,907271,-0.462189,0.25195312,2.7422242,0.60241085
1617,1240184,1.906833,1.703125,3.2920704,0.654224
2038,1330935,3.546864,4.03125,1.2035961,0.5089271
1561,1298141,4.120096,2.828125,2.141439,0.6641244
1038,905968,1.492179,3.5,1.1897987,0.5281192
1620,906843,5.578102,5.46875,0.56533355,0.38968825
1809,1240145,-0.115976,-0.50390625,2.7814906,0.6110369
1736,1240153,-2.026508,3.6875,1.7752938,0.6065798
1913,924248,3.770908,4.9375,0.85697114,0.45308125
2177,1240186,1.816141,2.5625,1.5794806,0.53703356
1910,908465,3.083672,2.421875,2.4578736,0.6599674
2046,908127,2.516177,3.921875,1.967604,0.6560382
1830,1298538,3.102339,3.3125,1.2509553,0.48405132
1776,907278,3.759846,4.1875,1.0216024,0.47488904
1908,713880,2.223562,2.640625,1.8071016,0.5823908
1034,749710,-2.082555,-1.8203125,2.919959,0.57181746
1003,1299062,-1.262933,-2.578125,3.1805801,0.6051966
1808,1503365,3.60585,0.45703125,3.6653845,0.70747465
1042,1298136,6.896668,5.3125,0.98411256,0.51896244
2170,907322,4.841375,2.390625,2.5675247,0.6394057
1510,1240160,5.024607,4.65625,1.1348249,0.5426503
1049,1240223,4.490064,4.0625,1.2615688,0.5375366
1930,907063,0.684319,0.0043945312,1.0722752,0.45339954
1915,753575,0.627325,3.640625,1.7143106,0.6309025
2044,909755,5.461138,4.3125,1.2735888,0.5624242
1030,1298358,6.446497,5.625,0.6622329,0.45446965
1033,907063,5.072395,4.3125,0.6605794,0.39663664
1133,1298537,2.944737,4.09375,1.0275621,0.51333934
1624,753620,4.038292,2.359375,2.7725048,0.6964919
1614,906848,1.736624,4.46875,1.4266117,0.5632726
2439,925346,7.983637,9.625,0.7647472,0.50719416
1008,724831,-2.34479,0.40625,3.394938,0.71135616
1932,688025,2.69793,3.015625,2.017287,0.62264377
1372,907063,2.347055,-0.6015625,2.607517,0.6273986
1378,906868,1.090025,2.296875,2.7611985,0.66437614
1598,905982,6.209065,4.75,0.90390575,0.4705657
1004,1298141,-0.031614,-2.75,4.661486,0.7550097
1855,905968,4.464953,4.375,1.2783188,0.53097373
1825,1240192,-1.24633,-0.4921875,2.0726316,0.54906636
1013,1240144,2.585027,3.671875,1.2830848,0.542538
1010,924189,3.462202,3.3125,1.5436184,0.57666665
2439,925340,9.120658,9.6875,0.8124332,0.46520257
1190,906813,-1.167743,-0.23828125,6.6463485,0.9024232
1928,1240192,4.903255,4.75,0.907909,0.49507743
1510,925346,4.804331,4.25,0.81192523,0.44273806
1249,909731,2.309393,3.703125,1.375355,0.5485541
1553,924100,0.580823,3.71875,2.068285,0.6414371
1030,949090,6.006139,5.4375,0.57075536,0.41112927
1811,1299062,-1.925228,-4.03125,2.7248678,0.5579768
1873,906849,2.415097,1.6328125,2.0120614,0.62698907
1237,907063,3.214567,4.25,0.6399399,0.36784697
1940,713880,2.564032,3.984375,1.1258583,0.5180036
1553,909785,-1.376176,2.1875,1.8253652,0.5715402
1088,1298136,5.647091,3.203125,4.474426,0.88919026
1835,749710,4.069601,4.875,1.2764894,0.5039994
1620,946354,5.292207,5.5625,0.51746607,0.39304212
1259,1322212,0.396496,2.3125,2.8923724,0.6959381
1630,1503365,4.561167,4.25,0.9724722,0.51150465
2158,1330983,4.174605,4.1875,1.4941412,0.5752477
1032,910781,2.143889,1.796875,1.5737739,0.5484137
1177,1240127,4.994232,4.59375,0.91031206,0.49383846
1053,906835,6.076723,3.671875,1.4650736,0.56405663
1932,908461,4.230523,3.28125,1.739957,0.59743327
1047,910399,4.748822,4.59375,1.253104,0.55764496
1061,905964,3.475982,3.453125,1.1346629,0.50753117
1557,909726,2.73695,5.0625,0.9098726,0.46520635
1629,1298358,4.546998,5.125,1.02828,0.5257466
1817,907791,-4.857986,-5.1875,1.7496142,0.43383047
1558,909709,1.430399,3.859375,1.6422911,0.60139024
1802,910952,3.878142,4.5,0.76461744,0.4289113
1073,724831,3.663581,4.1875,1.5214404,0.63356864
1873,687802,1.577203,2.125,1.6971688,0.6183965
1845,1298350,3.707233,1.34375,4.2486277,0.76003593
1057,1298365,-1.17014,-1.703125,1.9677365,0.54295033
2172,906827,3.572603,3.703125,3.669176,0.8258516
1020,1240153,5.233148,5.1875,0.9034774,0.5016168
1004,907794,-3.7835,-2.390625,4.6767197,0.757477
1200,910851,2.183215,3.78125,1.3046792,0.52566206
1086,1240144,0.152087,-0.98828125,3.951115,0.7021644
2044,753622,3.879724,3.640625,1.1188169,0.5336212
1561,753612,2.327891,1.9296875,2.2452958,0.6641244
1006,905950,-1.318093,2.21875,5.0487742,0.80382663
2148,688087,1.302181,1.59375,1.2902436,0.47483692
2110,1298136,6.834653,5.125,0.9566738,0.5057941
1580,905964,3.446703,4.125,0.81124973,0.42670423
1625,907274,2.699375,5.09375,1.0751568,0.5114803
1038,909731,2.020956,3.640625,1.3242444,0.5500498
2096,1299062,3.340186,2.921875,1.5523702,0.56846213
1200,749710,3.445447,4.40625,1.2226828,0.51306117
2057,905986,6.587445,5.09375,0.6861618,0.43305397
1047,1503365,7.347881,4.875,1.1956387,0.5658788
2159,907271,3.34035,4.5625,1.19948,0.54624015
1200,753575,4.7915,4.84375,1.3008865,0.56862974
1512,1298538,5.866509,5.78125,0.494538,0.35622805
2010,908465,4.766342,3.96875,1.3220371,0.5435775
1598,906813,5.630708,5.03125,1.0089115,0.5334123
1084,1240182,-1.583597,-1.9140625,2.8107293,0.52008295
1058,687780,0.970187,2.046875,2.3007252,0.6741684
1614,908150,3.733553,4.21875,1.1521487,0.5220007
1060,909750,3.560337,1.2421875,2.1897123,0.582692
1080,906746,-3.583058,-2.921875,4.5074425,0.7136204
1022,688013,-1.424724,0.076660156,2.9922845,0.641848
1593,907795,1.351785,2.640625,2.2013273,0.6186482
1053,749716,3.34685,2.46875,1.7871392,0.5787487
1582,753554,3.821874,4.84375,0.77094084,0.4425794
1919,1240223,3.496907,1.7890625,1.2268019,0.49932334
2106,1290797,1.633573,3.515625,1.79394,0.61295074
1912,906836,1.798647,2.875,2.2314067,0.65385634
1560,924239,1.601971,3.65625,1.5269825,0.5373896
1802,906827,3.31016,5.0625,0.9082982,0.48519117
1576,1503365,4.788063,3.3125,1.2332457,0.5096533
1026,909975,0.957131,-0.38671875,2.6990027,0.5569048
1815,906835,7.732919,6.25,0.68071467,0.4668583
1620,910952,5.549914,5.9375,0.5578171,0.40967885
1799,1298537,4.757224,4.28125,1.5765285,0.58310026
1617,910903,-2.164301,2.0625,3.2169662,0.6587447
1786,905972,3.230098,3.0,1.5981218,0.5541597
2045,687455,5.261299,5.1875,0.9294289,0.50942796
1925,1298350,5.328195,5.3125,0.7147406,0.43524256
1030,687568,5.532858,5.375,0.52413565,0.4053288
1563,1240186,6.126695,6.09375,0.6840662,0.43173134
1919,1290797,2.243642,1.90625,1.3803953,0.51827854
1706,1298537,-2.065165,2.203125,2.9021227,0.70729774
1013,1503367,2.699434,4.53125,1.5681522,0.66476804
2110,905964,3.827844,3.671875,0.9163972,0.44159782
1593,749710,1.590242,3.421875,1.9019097,0.595507
1927,905950,5.261982,5.3125,0.66911286,0.4277099
2154,908121,3.106473,3.078125,0.8001137,0.40489414
1507,1503365,5.932194,5.25,0.5705995,0.39207917
1510,687780,3.701576,4.8125,1.0779557,0.53574777
1089,724859,3.210312,5.375,2.2361612,0.6614226
1004,909755,-1.08113,-2.53125,4.560688,0.73868364
1911,909907,-0.210255,-2.890625,4.4412704,0.6992415
1862,910920,-1.746989,-1.59375,0.41990194,0.28980663
1021,924239,2.875319,3.125,1.5498579,0.54275167
1052,907066,5.104863,3.6875,1.3215878,0.55456364
1560,1298538,1.556879,4.0625,1.4410969,0.54927427
1997,909750,2.404594,4.03125,1.4277209,0.57232976
1248,909731,0.705867,-3.296875,5.168164,0.8182262
1024,909726,1.55277,-0.45703125,2.6964245,0.5829758
1373,909747,1.971686,4.28125,1.3040045,0.5656379
2171,905968,0.818335,1.671875,2.5304322,0.64692724
1052,924100,3.511962,4.125,1.4452465,0.5735217
1928,946359,5.493575,4.5,1.0785848,0.5104789
2038,909709,5.236451,5.0625,1.2710636,0.5685428
1786,687590,1.227924,2.90625,1.7372755,0.56260085
1933,1303900,3.43445,4.9375,1.4823929,0.603352
1032,1659818,1.492399,1.609375,1.9084631,0.59470624
1620,1240144,6.663642,5.625,0.4904339,0.37262547
2046,910781,3.603065,3.609375,1.6311644,0.58846104
2037,1240198,4.310903,4.0625,1.4741888,0.57331187
2157,1299062,6.087256,5.1875,0.6119037,0.40531126
1873,906746,0.571258,1.8046875,1.5183194,0.57870764
2158,1240192,5.367117,4.4375,1.1457974,0.5326208
1911,687568,-4.487746,-3.921875,3.0059924,0.58440363
2154,753554,2.752425,3.234375,0.64565533,0.37980646
1191,906836,-6.659659,-4.875,0.93019116,0.3475018
1007,1322212,-2.546203,-4.4375,4.2434707,0.7122913
1051,687455,1.219247,2.078125,2.8740053,0.70346093
2498,907794,8.61428,9.25,0.968112,0.5850242
1003,909750,-3.57825,-2.328125,3.5890787,0.6420493
2170,925346,5.73116,3.578125,1.5461725,0.5387954
1558,910399,3.418917,3.3125,1.3039078,0.5200577
2359,905964,4.15888,4.46875,0.7051159,0.39148512
1578,907291,5.138632,5.125,0.79370683,0.45447975
1936,906836,1.006436,2.75,1.785062,0.6069325
1013,688013,3.16935,3.265625,1.3567033,0.5329719
2158,905986,4.942259,4.5625,1.166832,0.53410643
1915,908465,2.449901,2.90625,1.6237881,0.5828969
1068,1240160,1.285169,0.671875,2.2276764,0.5771272
1372,1299062,-0.106174,-0.015136719,2.3775816,0.5869938
1190,1240172,0.56864,-0.38671875,6.3782387,0.8767686
1799,905972,5.285601,4.28125,1.5269347,0.5849237
1036,724831,5.046891,4.53125,0.968132,0.50270456
1441,687505,0.360929,1.921875,1.747651,0.58555275
2044,907271,2.810909,4.28125,1.1769118,0.5484916
1051,909257,1.888914,1.75,2.261449,0.62399334
2010,1330935,2.854256,3.5,1.6258569,0.5778782
1059,906835,2.251736,0.83984375,2.370521,0.61686677
1086,753608,-2.904397,-0.765625,3.998882,0.7106532
1632,753540,3.977592,4.1875,1.2167451,0.53185076
1855,1299062,6.204002,4.375,1.1580037,0.4997469
1576,906827,3.549797,4.1875,1.5632405,0.5898782
2156,910920,4.331387,1.53125,3.62609,0.6948936
1059,906746,-0.366493,0.6015625,2.2592916,0.60939217
1620,1240198,6.005303,5.8125,0.60597837,0.41823232
1922,924189,4.052469,2.921875,1.580461,0.5787487
1069,906843,3.509188,3.921875,1.1491001,0.52329725
1936,753575,2.967752,3.765625,1.5932136,0.63223994
1004,753612,-0.688478,-4.3125,4.1927543,0.7169582
1502,909724,3.641614,4.5625,1.0227684,0.49032685
1025,688025,4.930719,5.1875,0.9428286,0.48454648
1441,687780,2.99679,2.53125,2.215177,0.65830284
1007,910920,-3.249793,-4.875,4.062014,0.7266526
1168,924248,3.161526,2.828125,1.2764498,0.51428837
1928,907175,3.289572,3.9375,1.1868994,0.5109106
1855,687596,4.616657,4.125,1.3975103,0.53534496
2039,909731,2.052209,3.671875,1.2596339,0.53534496
1373,687590,5.455057,4.40625,1.2171105,0.5458066
1827,1299062,3.072183,0.6796875,2.0105658,0.5302442
2498,688025,7.015484,8.6875,0.8279453,0.45380393
1037,1240144,2.506479,2.75,1.5828942,0.5515918
1915,1298538,0.683115,3.171875,1.6735605,0.5831864
1190,906868,-1.46454,-1.71875,5.731559,0.812181
1378,1240160,6.585906,2.90625,3.3199549,0.73521847
1248,1240153,-3.345799,-3.8125,4.786233,0.78899646
1932,925346,4.380112,2.734375,1.4364176,0.52600145
1932,910781,3.599058,3.046875,1.4355989,0.5363126
1023,907274,3.709876,3.921875,1.3114256,0.5283802
1812,1298348,3.605128,2.734375,2.6172247,0.65462357
1635,906827,5.454137,6.375,0.4795417,0.39520484
1933,1240127,5.3586,4.5,1.321604,0.5762102
1582,908121,4.454434,4.59375,0.8725088,0.46367863
1932,908150,4.58394,3.15625,1.7192672,0.5932396
1931,906842,3.248985,4.625,0.6369186,0.3563611
1549,907066,4.597879,4.0625,1.1503569,0.5265651
1843,910780,-2.308283,-1.9375,3.5570915,0.68167084
1058,1299062,2.697439,1.265625,1.9140477,0.5993076
1624,908150,2.223355,3.296875,2.2102292,0.67573345
1578,906836,2.916095,4.875,0.9096353,0.48092487
1925,1240172,5.5003,5.5,0.72582847,0.44369394
1580,1503365,6.197878,5.3125,0.70859087,0.4512175
1061,906813,1.230232,5.125,1.0107312,0.5597228
1838,687568,3.768952,3.671875,1.3295935,0.48931852
1175,909755,4.575185,4.59375,1.176113,0.5411256
2109,1240186,4.387334,3.390625,1.3881127,0.54807186
1010,1298537,1.803538,3.296875,1.4667937,0.5618854
1175,907791,4.79252,3.8125,1.2992674,0.5234817
1049,907269,1.999441,3.546875,1.4638923,0.5254985
1808,910920,2.019349,-1.234375,4.120431,0.72747487
2109,1240172,4.710315,3.484375,1.3846333,0.54394406
1248,753540,2.33744,-2.578125,5.497238,0.85604537
1024,1298358,-1.611064,0.20117188,3.3009226,0.65116864
1194,907291,3.31519,3.15625,1.7499458,0.60382533
1190,910903,-3.580022,-0.9296875,6.026642,0.84271216
1494,909757,-4.011816,-3.03125,3.293903,0.63123417
1559,907269,-4.927141,-2.53125,3.0133998,0.6124094
1052,687780,4.665698,4.25,1.4340692,0.5896413
1849,906827,-0.631549,0.47265625,2.294552,0.5814888
1560,1290797,2.104955,3.890625,1.466397,0.5589174
1047,1331048,0.735782,2.734375,1.5560111,0.55032104
1819,687780,-1.065925,-2.65625,5.7704716,0.8531746
1806,907278,4.206966,3.953125,2.916138,0.6457914
1043,1298537,5.519744,5.4375,0.66603047,0.42791328
2158,1331048,2.237546,2.609375,1.3881778,0.5032977
2047,1674021,1.849314,2.765625,1.8226534,0.5817621
1843,1298350,-2.758741,-0.23632812,3.923079,0.7160546
1553,907794,1.030964,3.9375,1.7681906,0.6222777
1625,1299062,6.146683,4.8125,0.80585647,0.46262366
1133,907269,0.691415,3.328125,1.288489,0.53792864
1259,1298350,-1.64331,3.328125,2.4422877,0.6959381
1375,687455,6.75655,6.96875,0.78068477,0.49966472
1626,753575,4.39625,3.375,2.4118185,0.71003973
1940,909785,3.928801,2.828125,1.0787915,0.4739685
1630,908461,3.766473,4.3125,1.0012627,0.51857
1620,687780,6.374717,5.9375,0.60186124,0.42974615
1581,688025,-1.071418,2.859375,1.844175,0.5943388
1401,687780,3.03714,2.78125,1.9772333,0.640309
1059,949090,0.682797,0.5234375,2.544635,0.622842
1854,906843,2.826427,4.9375,0.8522111,0.4707247
1249,1298136,4.252392,3.859375,1.4396224,0.56554615
1598,906746,5.252325,4.75,0.8927173,0.48180586
2044,1298348,5.421874,4.125,1.1876565,0.5380881
1463,753612,5.724903,3.546875,1.3438078,0.55675805
2107,688025,4.927497,5.0625,0.7584633,0.44961163
1620,924248,5.458258,5.5,0.56720346,0.3956877
1052,909745,3.435092,3.921875,1.1299286,0.50801075
1373,1503365,7.578438,4.625,1.1143945,0.53562975
1013,713880,1.619246,3.390625,1.426032,0.56876636
1510,753540,3.723011,4.71875,0.95409584,0.5057321
1936,908465,4.290264,3.078125,1.5184495,0.58460647
1057,924189,1.743761,-1.15625,2.2503688,0.56532407
1927,909785,3.239429,4.03125,0.7072205,0.3987601
2499,1298358,10.951015,9.875,1.843931,0.87946534
1855,905986,4.576597,4.71875,1.2393101,0.5213646
1057,909755,-0.406969,-0.8046875,2.1793082,0.5498701
1553,907175,2.297692,2.6875,2.0565898,0.608308
1941,1322212,-5.071452,-4.5625,2.3439078,0.5232863
1915,1240127,3.519087,2.890625,1.5976135,0.5735009
2172,909745,4.00955,2.125,3.0104277,0.70620584
1629,906848,3.763594,5.09375,1.0281351,0.5109867
1057,910781,-2.644461,-1.1484375,1.9213516,0.5350264
1624,910933,2.514718,3.671875,2.3663592,0.703231
1802,1330983,2.824887,3.953125,0.8652815,0.44013387
1782,906848,4.268463,5.84375,0.820954,0.4522942
1449,1298365,5.560701,5.25,0.6828654,0.42714196
1582,909709,4.002468,5.25,1.0407236,0.5225996
1372,1240153,-5.640825,0.234375,2.9126897,0.650269
1401,998189,2.414748,2.515625,1.7315869,0.60043967
2158,909720,3.466908,4.65625,1.0552244,0.5124375
1629,1290797,4.686351,4.90625,0.85628015,0.48529503
1080,925346,-3.25125,-3.578125,3.6060722,0.6672491
2439,924100,10.409836,9.6875,0.91729444,0.49762636
1808,753620,-2.058944,-0.62890625,4.428365,0.75724757
1918,910899,5.081634,3.4375,1.5025488,0.5641418
2044,910567,3.367724,3.28125,1.2865729,0.54262835
1068,909757,2.196597,0.46875,2.023458,0.54578143
1079,688121,1.734822,1.5234375,3.537485,0.74122465
1815,1330983,4.279035,5.65625,0.8674812,0.4891217
1997,905950,5.177776,4.3125,1.4991277,0.5949036
1811,1240172,-2.077979,-2.984375,3.7650452,0.6478817
1073,907318,2.319233,3.5,1.7488176,0.63721573
1910,909755,1.473466,2.984375,2.491981,0.6721548
1249,753620,2.482744,3.125,1.3613614,0.52412724
1042,925338,5.608024,5.125,0.80023944,0.45470127
1051,907794,3.926142,2.296875,2.5757627,0.67627376
1558,949090,2.276658,3.546875,1.425788,0.54343927
1008,687568,1.352976,0.4921875,3.9673378,0.7495867
1908,907063,3.942747,1.984375,1.5581273,0.5323787
1932,924239,1.751602,2.671875,2.022881,0.61552614
1564,906868,4.840111,2.765625,2.100646,0.6155403
1085,925338,2.637598,3.0625,1.3129972,0.5210408
1191,1298538,-4.564047,-4.15625,1.1131667,0.40560392
1008,1298157,-0.679447,0.66796875,3.9206269,0.74076116
1620,713880,4.936247,5.46875,0.57034045,0.40139723
1084,909699,0.094723,-2.0,2.959058,0.53646195
1813,907791,5.748663,5.0625,2.0133,0.6184603
1131,1303900,4.885292,5.03125,1.6986973,0.61282426
2158,906843,5.058934,4.40625,1.3098966,0.54965776
1029,908150,5.837208,5.59375,0.518383,0.3919086
2037,724859,5.105592,4.09375,1.3108928,0.5715402
1922,909745,1.357301,2.921875,1.3652071,0.5363126
1618,907794,4.72809,4.53125,1.2386689,0.5583294
1058,924189,1.009458,1.6796875,2.270467,0.65911466
1088,907291,2.294332,2.453125,4.276628,0.8374948
1079,908150,-0.831402,1.59375,3.0249908,0.7037108
1175,907169,4.191682,4.375,1.2221956,0.5494936
1375,753622,6.009709,6.53125,0.7365521,0.4708184
2177,687568,2.894686,2.078125,1.428009,0.5100796
1915,949090,2.799968,2.9375,1.6934911,0.57862955
1053,909750,1.998615,3.296875,1.5504613,0.56776315
1853,906868,4.178807,4.53125,1.110042,0.51203954
1996,925338,4.211637,4.125,1.382172,0.5484916
1576,1298537,2.108085,3.3125,1.3104644,0.5148073
1043,1331048,5.090098,3.8125,0.6844731,0.37323916
2040,907271,1.94416,1.765625,2.1084504,0.61208135
1086,909726,-1.082866,-1.6015625,3.9976187,0.69671756
1614,906836,1.811357,3.8125,1.3917366,0.5522872
1908,909907,6.964235,3.125,2.05167,0.6332562
1046,924100,2.789392,2.984375,2.59024,0.68927425
1802,687802,5.74404,4.75,0.8076559,0.46544653
2106,925338,4.334959,3.578125,1.7751131,0.5976678
1083,924100,2.501417,3.390625,1.8904524,0.61517715
1449,1240153,5.286405,5.40625,0.7069318,0.43103853
1179,753540,0.521448,1.125,1.8559333,0.5811114
1720,908150,4.646891,4.21875,1.746292,0.62687254
1549,687794,4.447803,4.625,1.25864,0.5658788
1177,753575,4.403169,5.625,0.986511,0.5729161
1038,908150,3.279299,3.75,1.1942234,0.535543
1804,753620,5.723599,4.5,1.4455713,0.5943706
1630,1330935,2.269143,3.71875,1.1489835,0.527288
1062,1240182,5.285437,3.78125,1.7738588,0.6031233
1061,687568,5.570213,4.625,0.935471,0.506182
1862,908465,-1.099661,-1.2578125,0.36196646,0.28366265
1510,909755,4.230687,4.78125,0.9697789,0.49968275
1632,687780,3.70918,4.3125,1.4075313,0.56423634
1507,688013,4.743342,4.8125,0.5852953,0.36845356
1561,1503367,2.985603,3.828125,2.5306084,0.773683
1922,909709,2.956857,3.140625,1.7460238,0.611448
1910,1298537,2.820584,2.578125,2.4763536,0.66193914
1069,1299062,5.052024,3.765625,0.99497455,0.49450582
2010,946359,6.650945,3.65625,1.5442352,0.56267214
1838,907274,4.163993,4.09375,1.5284181,0.51713187
1933,687590,5.139819,4.46875,1.4277688,0.5840765
1782,905986,5.644514,5.625,0.6321926,0.4129435
1032,909249,1.778025,1.0703125,1.9091036,0.57002217
1441,688121,1.68961,2.171875,2.2287517,0.63804
1020,687997,3.997536,5.15625,0.8786481,0.47666094
1813,910903,2.315445,5.8125,1.5065793,0.5713567
1939,1240172,3.241508,3.25,1.9937986,0.6272775
1149,907795,4.461315,1.25,2.2292602,0.59321594
1268,907175,2.963532,3.890625,1.0163305,0.4700178
2110,753612,5.787853,4.375,0.9188415,0.46858323
1010,906827,3.444292,4.15625,1.7205533,0.6363697
2171,998189,2.449399,2.046875,2.5789309,0.66224045
1018,907318,5.024241,4.96875,0.551816,0.3866534
1817,1659818,-5.291306,-5.125,1.6142031,0.42571193
1373,910911,5.049448,4.46875,1.1443168,0.5251464
1034,908461,-2.207119,-2.453125,2.5091114,0.53399485
1020,1240223,7.252419,5.5625,0.7804823,0.49636373
1564,1240127,3.566191,2.796875,2.0131495,0.6096683
1053,910911,3.761556,3.171875,1.483422,0.5569606
1814,910952,4.888816,7.0,0.8733065,0.48988032
1827,908465,2.89059,0.890625,2.1594636,0.5520859
2044,924100,3.072396,4.15625,1.4170439,0.5796892
1014,906843,3.246311,2.59375,2.7251334,0.67571807
1050,724859,2.003622,2.890625,1.6397705,0.6034702
2039,924189,2.977035,3.671875,1.2287432,0.5316316
1086,907066,4.034552,-1.796875,4.332394,0.7362306
1061,907169,3.497787,4.75,1.0108728,0.5248978
1559,908121,-4.081479,-1.9375,2.7841887,0.61162966
1817,909755,-4.799434,-4.1875,1.9777911,0.46788117
2111,910920,4.450835,2.671875,1.9446038,0.57249165
1916,1331048,3.002402,1.0703125,1.8991537,0.5778782
1598,907066,4.111426,4.375,0.9742358,0.48669907
1936,910781,3.084861,3.078125,1.26847,0.53092074
1061,910911,3.598181,4.6875,0.91865134,0.49580264
1621,724870,5.447014,4.09375,0.9997524,0.49432787
1039,946354,4.843062,4.9375,0.9824573,0.4685843
1006,907291,-1.231115,1.5859375,5.364773,0.8220859
1926,906843,2.42858,1.1953125,2.484796,0.6919251
1932,905982,4.582257,3.265625,1.7579663,0.58900887
1088,687568,1.719138,2.453125,3.871184,0.8049143
2111,1298348,4.449402,4.1875,1.5334442,0.57000685
1843,1240127,3.786782,-0.7578125,3.5751834,0.685138
1779,909975,1.981609,1.4140625,2.1904788,0.61844236
1913,753554,4.47254,4.96875,0.7282387,0.43003747
1817,1240127,-4.401797,-4.9375,1.525431,0.41708663
1007,1240184,-3.670814,-3.578125,4.675453,0.74438936
1018,753620,5.204331,4.90625,0.69494236,0.41566905
1020,1298168,6.033048,4.78125,0.8345063,0.46213293
1873,1240153,0.981569,1.59375,1.7428447,0.5925784
1936,687819,3.200614,3.140625,1.7436814,0.61062765
1549,1659818,3.675469,3.9375,1.2125636,0.53410643
2359,753612,5.543998,5.125,0.74121445,0.4260611
1913,687997,5.133951,4.6875,0.81364155,0.42576298
1200,909745,3.321185,3.828125,1.0784922,0.4774891
1051,724831,1.240645,1.6015625,2.168349,0.6207481
2039,1240192,2.735475,3.640625,1.0796617,0.50967646
1043,907299,5.810458,5.4375,0.68540025,0.432022
1067,908461,5.921957,5.6875,0.4697262,0.36879286
2172,925340,3.906666,2.125,3.3927958,0.73939
2499,687568,10.166559,9.875,1.4533143,0.75463647
1918,753612,4.866075,3.203125,1.2880886,0.52693564
2048,1240184,-1.615928,-3.015625,3.780728,0.6505804
1060,910920,1.835634,0.44921875,2.173645,0.5706967
1855,910851,6.066995,4.46875,1.3892107,0.5485054
1006,910781,3.689046,1.5546875,4.1435733,0.72682375
1624,687568,4.681025,3.109375,2.2901325,0.68057805
1088,909731,-0.282774,2.65625,4.296288,0.8413449
1060,753554,-2.758609,1.5625,2.13262,0.59385693
1803,908465,5.561893,5.03125,1.2277213,0.5977419
1580,1240160,3.909865,5.375,0.86448604,0.49691942
1133,687568,5.359574,3.984375,1.0157107,0.51399606
1177,909907,4.903914,5.125,1.1588885,0.57894605
1014,1240182,5.897514,2.421875,2.8265414,0.6830049
2110,1240127,5.156826,4.78125,0.7906565,0.45448112
1043,1240198,5.45946,5.75,0.78627837,0.46252793
1852,687455,4.983716,5.4375,0.7102839,0.44429258
1011,1240184,2.99559,1.875,2.514117,0.6484568
2045,749716,4.795336,4.3125,1.0715556,0.4930191
1629,753620,4.306605,4.1875,1.005418,0.48077044
1012,910851,1.721582,1.0703125,0.9266014,0.4198126
1085,906849,1.749911,2.890625,1.6858675,0.5760247
1855,946359,5.64656,4.28125,1.4728928,0.54476917
1799,909757,5.952852,4.3125,1.7392728,0.6121007
1049,1240198,4.884138,4.1875,1.4332258,0.5462741
1068,906842,1.016785,-0.58203125,1.7556767,0.514456
1941,687596,-3.331561,-4.5,2.3686876,0.5288185
1061,907795,3.3083,4.65625,1.0721499,0.52876157
1053,909747,5.56484,3.03125,1.7390051,0.60599184
1401,910780,0.967222,1.515625,1.5907164,0.5515918
1373,1298136,5.241635,4.75,1.4100157,0.5946918
1006,910903,0.22409,1.921875,4.8677883,0.7794166
1803,907278,5.623207,4.6875,1.3833735,0.59094167
2148,749710,2.719221,2.046875,1.340768,0.4885349
1021,907271,3.359306,3.78125,1.3408663,0.5321002
2043,909249,4.574762,4.53125,0.8883597,0.44265643
2439,907271,8.354586,9.8125,0.78746194,0.5078661
1782,1298365,5.878323,5.15625,0.6422536,0.3996925
1917,905968,0.945734,1.828125,2.018267,0.60833246
2047,753554,1.601051,2.953125,1.588709,0.5618854
1996,907278,3.892271,3.65625,1.5617265,0.56621945
2170,724859,6.171342,4.25,1.732851,0.62204754
1553,688121,2.201189,3.453125,2.0419862,0.6242966
1079,910781,1.170264,1.53125,2.5840423,0.65485185
1042,687505,5.39085,5.0625,0.76452065,0.45787245
1033,909257,4.517296,5.25,0.5607396,0.40265074
1909,909709,2.670621,2.921875,2.5725417,0.6970319
1131,1298350,3.607481,4.75,1.6198556,0.5991254
1006,907794,1.35212,2.640625,4.9784684,0.8158372
1441,908461,-0.009363,2.359375,1.9293245,0.6158098
1922,905982,1.913598,3.046875,1.5344102,0.5618854
1200,1240153,3.18061,3.703125,1.295498,0.51150465
2175,687794,4.770873,5.5625,0.88538545,0.518162
1079,907066,4.718705,1.3125,3.246098,0.72470367
1618,1298537,3.123636,4.03125,1.2365742,0.5336547
1052,687505,2.381991,3.78125,1.1419761,0.5213892
1250,724831,1.411127,1.734375,2.094283,0.634239
1008,687780,-3.066759,1.328125,4.6367683,0.80811054
1615,1240153,4.28187,5.25,0.6954193,0.43777856
1268,1330935,2.251659,4.1875,1.0399381,0.48715302
1072,753620,5.716415,4.4375,1.0616171,0.4909613
2039,713880,2.340714,3.546875,1.2227731,0.5290485
1598,910567,4.891992,3.921875,1.0075024,0.48176727
2110,1330983,4.553024,4.59375,0.99402535,0.48396215
1079,1330947,-0.279461,0.08886719,3.3072937,0.7038658
2040,909750,0.812087,1.2890625,2.1578043,0.6036341
1631,1240192,5.073788,3.640625,1.4263796,0.5409417
2109,713880,2.092786,3.0,1.3774979,0.5330164
1915,910911,1.886156,2.796875,1.5565579,0.5559968
1925,688087,5.356334,5.15625,0.7260332,0.43370953
1853,1240223,6.922371,4.71875,1.0621243,0.5144625
1191,909747,-3.153946,-4.75,0.9642115,0.36383867
1940,1298348,3.978575,4.25,1.0132854,0.4908063
1088,907274,1.907661,3.03125,4.5196667,0.8539434
1635,1240145,5.285489,5.53125,0.3400792,0.31396022
1061,906843,3.019321,4.59375,1.0354671,0.51728845
1631,906848,1.835675,3.984375,1.7644197,0.5882925
1631,905986,3.742199,3.78125,1.4482267,0.54374623
1814,1240159,7.362854,6.5625,0.78967905,0.46037522
1079,908127,3.596498,1.765625,3.1499743,0.71776104
1025,907274,5.379615,5.40625,1.0487365,0.5066722
1239,905986,3.107353,2.390625,2.297194,0.63676095
1830,1240145,2.032762,2.5625,0.92803967,0.41831338
1032,1298136,2.297002,1.7109375,2.0281422,0.6055648
1852,1298348,6.332511,5.3125,0.625622,0.4076144
1018,924239,3.898612,5.125,0.69378215,0.4123248
1786,909907,4.509609,3.265625,1.974865,0.6243101
1032,909731,1.865021,1.7578125,2.0461435,0.5995698
1835,1290797,4.413532,4.25,1.3851862,0.5123297
1936,908461,2.940268,3.28125,1.5359045,0.5854102
2048,687780,-1.366268,-2.15625,4.539204,0.7268047
1632,688013,3.467629,3.640625,1.2229456,0.5002868
1084,1299062,-1.569908,-2.515625,2.1939824,0.44926628
1615,688013,5.000482,5.15625,0.6456166,0.40642688
1058,908465,0.982185,1.5078125,2.0037868,0.62740576
1862,687780,-1.367891,-0.9453125,0.426868,0.29703867
1259,687997,4.698515,2.859375,2.614859,0.6989622
1911,905964,-7.162697,-5.25,2.5741136,0.57004863
1043,1303900,4.961156,5.6875,0.7377438,0.44695687
1072,907269,3.80743,4.46875,1.1714222,0.50942796
1855,909745,2.866905,4.53125,1.1163176,0.4892025
1006,688013,-0.838918,1.109375,5.318951,0.7983303
1080,1330947,-5.896063,-4.9375,3.3819292,0.64350903
1068,909709,0.761346,0.765625,2.2961025,0.58961326
2173,687568,5.441024,4.03125,1.1854388,0.5248384
1620,907278,4.961793,5.125,0.5489015,0.36868376
1093,1299062,6.479094,4.3125,0.90384376,0.46331596
1053,1330935,2.360142,2.875,1.9107009,0.62176627
1038,907322,1.997583,2.609375,1.3114936,0.52044415
1248,907795,-3.872584,-3.15625,5.5013037,0.8613719
1634,1240153,3.488198,4.40625,0.95155144,0.47536668
1029,1240159,6.646444,5.625,0.5119634,0.39104053
1615,724859,6.067236,5.8125,0.6608108,0.45722833
2172,1298168,4.675485,1.15625,3.0046167,0.67627376
1268,909749,5.218188,4.6875,0.78039414,0.44685686
1854,909755,5.491453,5.21875,0.7971356,0.46591654
1259,749716,3.96181,2.21875,2.91041,0.7002782
2111,724859,4.450616,4.34375,1.5996697,0.61587644
1561,910781,-0.517573,2.453125,1.7069942,0.6007409
2177,906849,1.312534,2.109375,1.8527985,0.5506118
1007,908465,-4.139482,-3.65625,4.3471045,0.729687
1827,910952,1.686034,1.4609375,2.4311488,0.59506434
1177,724831,4.855323,4.6875,0.812851,0.48619428
1559,687590,-2.806001,-2.078125,2.6235666,0.5763442
1911,908121,-3.672824,-3.640625,3.4234352,0.6560574
1131,1240144,3.443103,4.75,1.4784364,0.572074
1029,905964,4.419679,4.5,0.5944374,0.3742087
1190,906842,-4.328037,-3.609375,5.746497,0.841363
1778,905968,-0.197422,3.078125,1.7510517,0.59829676
1635,907063,5.584641,4.8125,0.36942005,0.29877597
1249,749716,1.797051,3.015625,1.3773273,0.5223391
1825,687802,3.057642,0.111328125,2.4424558,0.6004125
1558,1330983,4.25273,3.359375,1.5755539,0.57123274
1529,1322212,-2.141127,-0.24414062,4.7400246,0.7633127
1011,949179,2.764757,1.4609375,2.611323,0.64470154
1919,906835,3.168035,2.109375,1.2963675,0.5092694
1021,909249,1.249259,2.453125,1.5518465,0.52505875
1614,753540,5.657967,4.40625,1.1733508,0.5329719
1005,910780,2.418878,1.84375,2.9493802,0.70664257
1617,1240159,1.69941,1.828125,3.1112783,0.6469112
1613,1298136,2.865117,3.421875,2.2538617,0.6793438
1032,910851,2.927774,1.3515625,1.9016702,0.5759076
2010,906827,1.750654,4.9375,1.5720537,0.6206978
1618,907063,5.442233,2.984375,1.3076224,0.5189079
1932,753620,0.062057,2.296875,2.0828743,0.6018459
2177,688121,3.171339,2.21875,1.665186,0.531501
1054,949179,4.551667,3.25,1.7822642,0.58562654
1629,910851,3.009503,4.75,0.91963375,0.50147086
1378,909709,5.296732,3.3125,3.4084234,0.7548102
1020,753620,5.427501,4.875,0.98315436,0.49880436
1631,724831,2.854279,3.609375,1.2654476,0.5256275
1941,909975,-4.907857,-3.796875,2.844651,0.57378596
1799,753620,5.071509,3.46875,2.0053017,0.6072917
2038,910952,4.77144,4.9375,1.057819,0.5045282
2359,906843,5.929623,5.46875,0.71932477,0.42422926
1622,688013,4.054292,4.375,0.7782456,0.41679218
1441,1298365,1.70821,1.640625,1.7291509,0.5793543
1239,909726,1.952687,2.140625,2.4642947,0.64412874
1003,1298136,0.566583,-1.78125,4.302138,0.71776104
2106,907278,3.798391,3.21875,1.9629151,0.6175611
2154,909720,2.04382,3.328125,0.6120025,0.36841166
1079,907278,0.971162,1.171875,3.5380433,0.74711734
1051,1298348,5.226883,1.9921875,2.5637088,0.6496989
2045,687505,5.069004,4.96875,0.82014066,0.47324884
1096,910399,1.552134,2.265625,2.3477445,0.63325024
1854,1240159,4.609138,5.03125,0.7420746,0.4635861
1032,687568,3.201843,1.6328125,1.8477905,0.5757998
1033,749716,3.978855,4.6875,0.7449187,0.42654347
1011,906696,2.229049,3.171875,2.6419578,0.70620584
1239,753622,0.280308,1.75,2.1914785,0.6273696
2110,724859,5.716178,5.1875,0.82283825,0.48714775
1930,909785,-1.778089,-0.31445312,1.0347232,0.44883168
2148,909745,5.356467,1.4765625,1.1165789,0.44760248
2048,909731,-3.512506,-2.84375,4.1202564,0.68328416
1806,687997,5.881803,4.28125,2.725963,0.6288927
1259,907063,-0.170792,1.671875,2.7759564,0.6913127
2157,753575,6.966425,6.125,0.7292114,0.48731837
1847,910903,2.388768,4.78125,2.0911725,0.68380135
1594,909747,6.130406,2.953125,1.8608533,0.6296095
1873,1240198,0.939149,1.9609375,1.7500428,0.59795207
1017,909757,5.081232,4.53125,1.2017578,0.5239581
2174,907063,2.781833,1.71875,1.9897108,0.56697476
1008,906843,-0.220565,1.03125,4.6299953,0.82281023
1042,907278,4.937495,4.75,0.870444,0.45666152
1635,924248,5.452246,5.625,0.4007376,0.33441374
2111,713880,3.813649,3.84375,1.817573,0.61798644
1564,949090,-0.066895,2.859375,2.123559,0.6079258
2010,724870,4.580706,3.234375,1.2803949,0.5158779
1940,1240159,4.345884,4.15625,0.99589413,0.49880204
2011,908150,5.523004,4.78125,1.0182942,0.5034959
1401,1240172,4.604449,2.828125,1.8622186,0.62090063
1054,924248,4.22594,3.65625,1.8625191,0.6060873
1091,905986,2.849847,2.625,1.5664185,0.56792057
1827,749710,2.504336,1.75,2.393741,0.59098333
1720,1298365,6.335077,3.53125,1.8352828,0.6059868
1054,909757,4.04337,3.765625,1.7559198,0.59410584
1048,1331048,3.354683,3.265625,0.8263388,0.41494623
1845,753554,2.476438,1.1796875,3.9715827,0.7399765
2438,909975,11.85126,9.8125,2.5570033,1.1291873
1825,688121,0.27992,-0.359375,2.647013,0.603155
2498,946359,9.009,8.75,0.90185815,0.5020076
1933,687819,3.956568,4.625,1.5828761,0.62497085
1559,753620,-2.13823,-2.75,2.7085345,0.5764365
1593,946359,1.023331,2.328125,2.2478719,0.614618
1624,1331048,1.303745,0.88671875,2.791269,0.68028075
1811,905986,-2.904159,-3.53125,3.4750423,0.62579817
1510,910899,4.177868,4.21875,1.1907276,0.52181107
1817,908150,-5.13228,-4.6875,1.6564125,0.43103853
2158,1240145,4.851666,4.25,0.9924296,0.4831852
2044,1331048,1.779442,2.25,1.2278571,0.4972242
1021,925346,3.265001,2.890625,1.1038625,0.4655679
2045,924239,4.30855,4.625,0.9799187,0.48079282
1133,1240145,2.864395,3.78125,0.81880045,0.46286204
1511,687794,-1.216439,0.37890625,4.1606812,0.72051597
2048,687819,1.072866,-2.875,4.108143,0.6772153
1913,909757,6.04302,5.03125,0.83164465,0.4570064
2045,687802,6.527166,5.625,0.94071615,0.53452104
1786,1298365,3.887833,2.4375,1.502345,0.5209484
1624,1240172,5.271626,3.640625,2.3321142,0.6930541
2157,1659818,4.108091,5.0,0.7475608,0.4403167
1032,909724,3.283585,1.6640625,1.9126434,0.58198285
1849,907291,-1.121518,-0.6171875,1.7773911,0.5111935
1023,1240127,4.596608,3.765625,1.0372962,0.48716593
1019,753612,1.925775,2.609375,1.9628094,0.608726
1873,688025,0.988741,1.78125,1.8163851,0.60267377
1564,1290797,1.93586,2.96875,2.1076882,0.6263595
2046,909747,6.739388,3.328125,2.2826488,0.6880207
1248,907175,-4.125896,-4.6875,3.9321868,0.7326364
1511,909699,0.505951,-0.71484375,3.9199336,0.6831783
1021,1330983,1.362374,3.109375,1.6708082,0.5708793
2173,910911,4.025143,3.96875,1.1607283,0.50866455
1494,687505,-5.049605,-3.484375,2.6732686,0.5779694
1510,910933,4.3109,4.8125,1.0081905,0.5168048
1939,688087,2.5583,2.90625,2.0033028,0.62128425
1401,946359,3.684448,2.125,1.8699521,0.6026462
1249,1240172,3.827759,4.03125,1.3426951,0.54927427
1129,925338,4.215593,4.0,1.2373995,0.5312905
1373,907278,2.650932,4.15625,1.3160429,0.5522369
1912,906843,2.732379,3.296875,1.9727776,0.62665534
1627,687596,3.046281,3.375,1.3909978,0.54644436
1594,924100,1.103367,3.484375,1.9370492,0.63034034
1084,1298350,-3.877462,-1.6640625,2.7795043,0.51079017
1940,905964,3.573839,3.0,1.1237587,0.48496813
1931,1240182,6.466889,5.625,0.666993,0.4030598
1020,753575,6.11904,6.375,0.9357133,0.5838097
1069,924248,2.519882,3.921875,1.2019665,0.5335202
1089,1330935,2.531208,3.78125,3.4703963,0.716072
1016,925346,2.304905,-0.36523438,2.6065319,0.5547281
1049,924100,3.829356,4.1875,1.5139055,0.55993825
1463,909709,5.614372,4.375,1.5495596,0.62749857
1069,907063,4.863658,2.984375,1.0490161,0.4814113
1048,906813,5.815495,5.53125,0.86824954,0.52535003
1449,687997,6.12203,5.375,0.6952979,0.41322562
1802,906848,3.401632,4.5,0.9180698,0.46100897
1085,1298537,2.791505,2.984375,1.3206618,0.52674
1578,749716,5.700907,4.625,0.8565198,0.45284265
1053,687802,4.079643,3.859375,1.6227872,0.62164193
1778,907278,3.75895,3.03125,1.9923744,0.61789507
1084,907299,-3.379787,-1.8828125,2.7333372,0.5092694
1811,1331048,-1.913954,-5.75,2.3435133,0.5861625
1494,687802,-1.864995,-2.375,3.6036139,0.6667943
1922,905968,0.009254,2.65625,1.472503,0.5528609
1917,906849,2.850367,2.03125,2.592197,0.6745522
1799,1240127,5.964615,4.15625,1.5594232,0.582571
1017,946354,4.708406,4.34375,1.0621065,0.5039742
1854,909726,5.436427,4.90625,0.7809437,0.45821276
1854,906746,5.916691,5.125,0.7529076,0.46795765
1706,905964,-0.731333,0.037109375,3.9580815,0.7983727
1008,687590,1.973843,0.55859375,4.172098,0.77198356
1249,713880,4.708539,3.578125,1.3494025,0.54644436
1941,687802,-6.264874,-3.21875,3.0493395,0.6059868
1091,687455,2.045412,2.71875,1.7605633,0.60154665
2040,687819,1.209307,1.4140625,2.433742,0.641848
1080,1503365,-1.261984,-2.921875,4.2034693,0.6970838
1852,749716,4.44429,4.625,0.7756164,0.427316
1549,909750,4.459457,4.21875,1.0883236,0.5111309
1626,905986,4.630675,2.609375,2.3057058,0.6539869
1911,1298537,-5.260519,-3.265625,3.9430928,0.69616526
1507,905972,6.331462,5.15625,0.5578938,0.3872366
1008,1240186,-0.82123,1.1875,4.274179,0.79087216
1815,907291,5.050799,5.8125,0.7628213,0.4686985
1817,1240223,-3.937556,-4.6875,1.5476674,0.41934153
1008,924189,1.375438,0.96875,4.541646,0.81245387
1191,909709,-4.232643,-3.953125,1.3692766,0.43079397
1625,724870,5.18292,4.34375,0.8338136,0.45233852
1598,687568,4.593728,4.5625,0.90084934,0.47750807
1372,909257,0.755734,0.31640625,2.2968612,0.59242076
1559,687794,-2.514087,-1.09375,3.2552724,0.6469112
1613,688013,2.314455,2.84375,2.130136,0.6300619
1052,909755,4.671754,4.28125,1.2867799,0.5524925
1549,1290797,2.728717,4.28125,1.1364588,0.52963877
2438,925340,11.607496,9.8125,2.2919748,0.95687187
1873,1298136,1.723851,1.78125,1.7123151,0.61163276
2109,905968,0.480568,2.921875,1.2995653,0.52095616
1853,924239,4.131524,4.4375,1.2289046,0.5052845
1032,753608,-3.530867,1.8671875,1.8836414,0.5841736
1802,905986,4.285249,4.3125,0.7172635,0.4197705
1005,687997,4.898828,2.828125,3.167618,0.7277629
1847,905972,3.679384,4.65625,2.1176004,0.70261663
1862,1240192,-0.95995,-1.203125,0.36845493,0.28732467
1021,687780,3.478729,3.703125,1.5989324,0.57683295
1563,687780,6.377826,6.46875,0.7462856,0.45445198
1933,1240159,6.075705,4.65625,1.2959745,0.5752477
1449,910851,5.095689,5.59375,0.7075727,0.4522942
1168,688087,3.518246,2.953125,1.2357858,0.510703
1068,909249,0.932801,-0.13867188,2.0287914,0.5447539
1549,1674021,5.713238,4.25,1.1869454,0.53638864
2047,1240160,0.736622,3.015625,2.051067,0.6300619
1825,905964,-2.044797,-1.5859375,2.2403698,0.5603641
1030,909975,5.812685,5.5,0.60641336,0.42974615
1549,1298136,4.617309,4.34375,1.3120326,0.56621945
2055,906843,2.402514,2.046875,2.3941195,0.62024784
1051,749716,3.944864,0.91015625,2.9519856,0.6726468
1248,688025,-5.902742,-3.421875,5.37064,0.8363311
1017,925346,4.600026,4.125,0.9229082,0.4598714
1997,910952,3.412274,4.375,1.5174168,0.5991254
1786,687794,4.10812,3.4375,1.8888173,0.608726
1018,907791,5.240376,4.9375,0.73107517,0.4154017
1494,687568,-3.711852,-3.453125,2.8236232,0.59164613
1080,1240172,-2.114033,-2.328125,4.867946,0.75395817
2148,1330983,0.797431,1.453125,1.4056467,0.48741767
1133,1240159,5.263399,4.09375,0.97847784,0.51333934
1576,905950,3.693727,3.515625,1.363454,0.5302471
1629,907274,4.797725,4.9375,0.9899921,0.49584594
1057,925346,-1.43294,-1.7421875,1.743952,0.51341975
1025,1303900,5.339911,5.53125,0.9464342,0.49780905
1806,724870,4.587662,3.53125,2.698193,0.6073045
1026,909724,2.339712,-0.4296875,2.5214028,0.52832055
1593,753540,3.366821,3.140625,1.9291639,0.60694253
1917,998189,1.441321,2.1875,2.0558083,0.6225872
1626,687590,3.347032,2.390625,2.5556405,0.67099065
1854,724870,5.295949,4.375,0.74352735,0.438503
1026,907794,-1.295475,0.05419922,2.6046448,0.5586989
1529,687802,2.558718,1.71875,4.4226065,0.796439
1815,1240127,6.70135,5.75,0.6572392,0.45189747
1372,1298537,1.812806,0.56640625,2.7092428,0.64091897
1168,1240192,2.374071,2.765625,1.0839056,0.48607156
1940,946354,2.696809,3.953125,0.9860673,0.49134266
1060,910567,3.639169,0.84765625,2.1831887,0.5862114
1786,909747,7.0401,2.78125,1.8069491,0.57953686
2157,910781,5.228345,5.21875,0.5667065,0.38573265
1268,924189,2.697776,4.625,0.928548,0.48090994
1168,909709,1.966872,3.0625,1.3484058,0.54053485
1940,909731,4.254582,4.09375,1.1491772,0.51932085
1050,906835,4.692694,3.015625,1.6313626,0.5856159
1259,910399,2.270931,2.859375,2.3657517,0.6557645
1058,753575,0.796424,2.5,2.0456898,0.67546046
1816,1298537,5.564904,3.921875,1.2655456,0.5177137
1062,909750,4.146164,3.796875,1.6043226,0.58166313
1582,753608,4.600973,5.0625,0.81296396,0.46431187
1912,908127,0.685814,3.40625,1.8848319,0.6193288
1925,724859,6.255408,5.5,0.7052714,0.45659718
1622,1298537,4.353925,4.71875,0.78497946,0.44488552
1924,905986,4.79053,3.328125,1.6432991,0.56148
1042,910911,5.027854,5.0625,0.80272037,0.46082333
1852,1290797,5.235476,5.25,0.6648319,0.42877698
1036,905982,3.584794,4.6875,1.1172496,0.5180181
1909,1298365,4.011421,1.9609375,2.012951,0.5982056
2057,905964,3.987461,3.953125,0.76976234,0.413312
1930,905986,1.147787,0.78515625,1.1408323,0.4619833
1926,910903,-0.283758,1.2265625,2.297719,0.64871967
1618,909720,3.597986,4.25,1.0985734,0.5132997
1932,687802,2.757512,3.671875,1.8319885,0.64155227
1072,1299062,5.43988,4.90625,0.82833564,0.46465397
1007,906849,-3.027808,-3.609375,5.226186,0.79664665
1849,907791,-0.112085,-0.609375,2.0110536,0.5375626
1179,1330935,-1.103189,0.7265625,2.2745748,0.6304912
1634,906843,3.100228,4.5625,0.9511105,0.4727052
1910,1298350,3.155433,2.71875,2.5558412,0.67104334
1629,688013,3.924275,4.46875,0.8747179,0.45772308
2171,910911,2.984228,1.8203125,2.4852045,0.6381726
1913,907271,6.225752,5.25,0.7315656,0.4409502
1779,1240145,1.037962,0.921875,1.5880582,0.53994995
1593,907274,0.798054,2.9375,2.2826033,0.62128425
1083,909724,2.102127,3.015625,1.7289855,0.59075725
1922,1298348,2.590532,3.015625,1.4355242,0.54715025
1034,907794,-2.762082,-2.140625,2.547377,0.546415
1033,909750,5.781722,5.21875,0.61747134,0.4142156
1086,909724,1.750335,-1.6484375,4.272712,0.71719974
1913,907169,4.152727,5.0625,0.8248738,0.4567987
1511,924189,0.072446,-0.38671875,4.03392,0.71220106
2111,753540,2.668675,4.3125,1.5913409,0.60350186
1237,906848,4.837101,5.75,0.76283824,0.42791328
1613,909726,1.08418,3.140625,2.0358,0.6374294
1932,906868,4.00413,2.921875,1.784726,0.5921694
1494,910780,-4.558458,-4.5625,2.5124092,0.56548864
1561,1298157,0.443988,2.4375,2.0531445,0.6428602
1004,906848,-4.78939,-2.390625,6.2809677,0.88605535
1441,908150,2.52148,2.25,1.8851038,0.6075293
1088,924100,2.222561,3.09375,4.13029,0.83939356
1083,753554,-2.855823,3.234375,1.5183829,0.57008684
1909,724859,4.011616,2.78125,2.0596325,0.6326931
1816,753554,5.738279,3.984375,1.1099831,0.49143136
1927,925338,4.279122,5.15625,0.65633607,0.41900873
1618,907795,3.552378,4.03125,1.4106966,0.5598112
1932,907291,2.567307,2.921875,1.8509719,0.6023297
1083,906849,3.07529,3.0,2.1439013,0.64620036
1786,949090,1.932099,2.921875,1.726121,0.5562924
1817,909709,-6.648403,-3.984375,2.6876678,0.53411275
1549,907063,4.699637,3.328125,1.0893584,0.4823
1578,1240127,4.514287,5.125,0.69793963,0.44048724
1815,906696,5.473019,6.75,0.80420387,0.52663624
1576,905968,2.461625,3.0625,1.2713695,0.5096533
1620,905982,6.225257,5.625,0.5037407,0.37519327
1936,907291,2.167337,2.96875,1.588357,0.5787487
1631,687505,3.523161,3.546875,1.4119098,0.5354542
2040,753620,0.770182,0.671875,2.3752005,0.6208409
2048,1331048,-4.884563,-5.375,2.7875686,0.6173192
1786,910911,2.538878,2.796875,1.6002789,0.5414456
2106,688087,3.210054,3.546875,1.8888803,0.6236839
1936,753622,2.999544,2.75,1.3810868,0.55644715
1614,910781,4.845438,4.09375,0.981438,0.4766054
1179,907278,0.32365,0.5546875,2.0815027,0.5931311
1005,925340,4.859562,3.09375,2.8687196,0.7082494
1049,910952,3.030188,4.3125,1.3573874,0.5441353
1806,753612,2.915812,3.828125,3.160475,0.6726195
1239,688013,1.463631,1.90625,2.5934856,0.6458709
1909,908121,2.004473,2.40625,2.3436077,0.6466631
1401,1503367,3.997943,3.59375,2.070469,0.7109182
1778,907271,3.674598,3.71875,1.680405,0.59726626
1862,1298358,-0.889039,-0.89453125,0.4595866,0.30249462
2057,1659818,2.464983,4.6875,0.7969684,0.45284265
1004,910933,-3.363549,-2.578125,4.5906305,0.739255
1910,749710,1.405736,3.171875,2.3980153,0.6616756
1827,907278,0.998346,0.875,2.504496,0.5924825
1067,1659818,4.352355,5.25,0.5220391,0.37088346
1083,1503367,-1.977586,4.40625,1.8997468,0.699147
2106,906746,2.567916,3.671875,1.680405,0.59726626
1199,1240144,5.448077,4.28125,1.2069885,0.52221906
2359,907291,5.071197,5.46875,0.7009981,0.42036682
1924,906849,3.553283,3.015625,2.2478397,0.6174145
1083,908465,2.436218,3.109375,1.617548,0.58645815
2044,910911,4.765707,3.84375,1.1836393,0.5348945
1926,909755,0.800263,1.5234375,2.3317785,0.661382
1799,910781,3.684892,4.1875,1.3274425,0.5294444
1057,688087,-0.55392,-1.1875,2.2159805,0.5591229
2158,909975,4.00865,4.5,1.3489537,0.5603133
1023,924100,4.714431,4.03125,1.3113992,0.53647166
1909,906827,2.439393,3.625,2.4843783,0.71452934
2158,906868,2.945776,4.375,1.2149954,0.54346365
1034,910567,-2.518948,-3.609375,2.1579688,0.48571178
1776,907169,4.158181,4.5625,1.0155705,0.49191317
1010,998189,3.464614,3.328125,1.4635308,0.56916696
1010,907791,3.231604,2.984375,1.5245008,0.54725534
1925,713880,4.607889,5.125,0.7510598,0.4475113
1005,949179,2.999072,2.59375,2.968234,0.71724343
1019,925346,1.347494,2.671875,1.4715583,0.5335281
1032,909747,4.958148,1.546875,1.9450282,0.5918369
1583,688025,-0.492764,3.109375,0.76603305,0.40188435
1849,906696,0.931902,0.40234375,2.1615984,0.5650086
1529,910920,1.577113,-0.9140625,4.510488,0.7391478
2039,1503367,4.247182,4.75,1.4001184,0.6441897
1053,909975,3.704332,3.28125,1.681326,0.5946417
1918,688087,3.777147,3.65625,1.3228189,0.552261
2171,1322212,-2.31376,1.2578125,2.9260964,0.66401327
1026,905968,-0.735112,-0.73828125,2.4290545,0.52936244
1012,1240159,2.071402,1.40625,0.90206575,0.4193228
2170,753622,1.879158,3.546875,1.7468928,0.5939548
1250,687505,3.015769,1.65625,2.3236632,0.64409804
1618,906849,3.668771,3.921875,1.6519277,0.5989228
1030,910933,5.710908,5.6875,0.57640153,0.4275762
1581,907291,2.179775,2.6875,1.6576431,0.56638104
1014,907794,-0.020827,2.828125,2.587922,0.6734398
1835,905986,4.065061,4.28125,1.251192,0.49152252
2158,1240198,5.707652,4.6875,1.3758332,0.5685792
2045,925338,4.809977,4.96875,0.87018186,0.4757281
1915,910781,3.043808,2.921875,1.354702,0.5348803
1622,910567,4.552041,4.03125,0.830478,0.43569413
2046,909785,0.2968,1.890625,2.460431,0.65473145
1021,1298365,4.050108,2.765625,1.254331,0.49275565
2040,1298365,1.11409,0.86328125,1.9580457,0.59579796
1838,925340,4.464664,3.796875,1.3631765,0.49178135
2438,753575,11.9371,9.8125,2.4661438,1.260908
1925,905968,4.761503,5.0625,0.70105624,0.44020253
1786,907318,2.062567,2.484375,1.4059215,0.5148341
2158,909750,5.38915,4.46875,1.1791012,0.52876157
2044,724831,5.50877,3.890625,1.0403137,0.52780426
2045,906696,5.089982,5.8125,0.93986183,0.52721447
1625,687997,5.034818,4.75,0.9432733,0.47001904
1091,907066,3.029671,2.390625,1.6559829,0.5770611
1576,910399,3.093653,2.953125,1.2053176,0.48562878
1046,925340,0.798036,2.609375,2.2486706,0.64076626
1615,1298365,5.487092,5.09375,0.65491945,0.41386348
1168,688025,2.645512,2.921875,1.2985454,0.5153058
1026,949090,2.289003,-0.24804688,2.7369487,0.56473446
1620,909731,4.686423,5.53125,0.5702032,0.39853248
1401,1298358,2.099092,2.78125,2.101923,0.64876693
1029,1290797,5.210786,5.625,0.5444086,0.40246072
1560,753622,2.102276,3.546875,1.3116015,0.5257811
1996,687780,2.92192,4.53125,1.5623453,0.6015065
1017,905964,3.100375,3.21875,1.2867354,0.50548553
1560,907063,2.52965,2.796875,1.4383464,0.51889974
1916,1298141,3.828549,3.21875,1.8455878,0.6183666
2158,905964,-0.3634,3.296875,1.4286313,0.53104615
1068,1240223,2.059849,0.37695312,1.755174,0.5191539
1133,687505,2.968836,3.921875,0.9455976,0.50252026
1778,724870,4.267008,2.609375,1.614972,0.5655544
1831,909249,3.265545,3.65625,0.9033983,0.43421516
1069,906835,6.374479,4.25,1.0343068,0.5087864
1583,1240223,3.402897,3.203125,0.66756374,0.38719016
1927,1330947,3.888001,4.1875,0.7273262,0.4090434
1024,687780,1.157419,0.13867188,3.0852098,0.6317647
1007,753608,-5.16635,-2.96875,4.8128767,0.76626885
1060,1240192,2.750338,1.2890625,2.053868,0.5772071
2110,910851,3.565325,4.78125,0.88485384,0.48499602
2039,1298157,3.383557,3.671875,1.1425618,0.51500916
1626,749716,3.672895,1.5078125,2.774847,0.6676601
2110,907791,4.397555,4.3125,0.9416383,0.45493028
1069,1240198,4.188613,4.125,1.18849,0.5329719
1019,1298136,3.466268,3.265625,2.0588012,0.6354573
1916,910851,3.899046,2.703125,1.9211907,0.61915934
1598,688025,2.007381,4.53125,1.0260744,0.4919118
1016,946359,0.298704,-0.11669922,3.3540442,0.60807085
1855,906848,2.731861,5.03125,1.6200477,0.57296914
2177,946359,2.204199,1.875,1.5574645,0.51676434
2499,907274,10.677932,9.875,1.7767632,0.82380474
1199,909785,2.087225,2.640625,1.3906293,0.50923425
1853,1240186,4.498454,4.84375,1.1563983,0.52797383
1931,1298537,5.203808,5.8125,0.60700893,0.4136873
1449,909745,6.136554,5.5,0.57646096,0.39436013
1243,907063,1.738918,2.515625,0.94765687,0.40688643
1018,946359,6.394405,5.21875,0.687603,0.42627838
1838,1298537,4.368819,3.828125,1.4498098,0.5153058
1626,910399,0.793374,2.109375,2.3034651,0.6326931
1046,924239,0.5569,2.34375,2.6483703,0.68308425
1925,1240145,4.627268,5.0625,0.5801288,0.3911409
1941,905986,-6.026812,-3.84375,2.5615711,0.5582417
1180,1240127,-3.303563,-2.734375,1.9465786,0.50654674
1058,906835,4.655476,2.0625,1.9899905,0.6290917
1072,906843,4.731708,4.96875,0.99341726,0.49246195
1910,909745,3.898579,2.515625,2.2678587,0.6286295
1852,907795,4.920291,5.21875,0.7501852,0.44299725
1372,909726,-4.08872,0.23046875,2.681678,0.6212517
1237,907278,5.067009,5.0,0.68184805,0.386436
1048,1674021,4.570093,5.0625,0.8154585,0.4760148
1038,688025,3.0172,3.640625,1.3687764,0.55148727
1529,909731,-1.496611,0.7890625,4.607017,0.7733148
2010,907278,4.65954,3.578125,1.5163476,0.555271
1706,909785,-3.27997,-0.1640625,3.7924478,0.7825232
1706,907271,1.826227,2.6875,2.739076,0.70026886
1622,1240145,3.663134,4.5,0.64566034,0.40335453
2011,907169,2.513858,4.8125,1.1408427,0.5248978
1024,907274,-0.749596,0.265625,3.30758,0.6573062
1373,753620,5.300265,3.890625,1.3638283,0.5494936
1802,1240160,4.357866,4.4375,0.8787469,0.4657924
1615,1298348,6.498696,5.625,0.6191073,0.41900873
1720,724831,5.647644,4.09375,1.5162414,0.59866124
1072,908127,5.03985,5.21875,0.9206619,0.49179554
1827,724831,1.299979,0.80859375,1.8221478,0.53144276
1191,949090,-5.483009,-4.3125,1.2440476,0.42298418
1817,753612,-4.831021,-5.28125,1.5477271,0.41746393
1634,1290797,4.00487,4.65625,0.9004677,0.47485313
1559,1674021,-1.957118,-2.078125,2.5350633,0.5659625
1635,724859,5.063609,5.875,0.39877948,0.36013326
1069,688087,4.822421,3.9375,1.1300607,0.5239581
1941,910567,-4.282025,-4.78125,2.1203158,0.50159794
1510,910567,3.4017,3.75,1.077541,0.49323434
1025,1298350,5.264196,5.375,0.87643665,0.48162055
1925,753540,5.475003,5.46875,0.6976711,0.44483033
1930,910851,-0.118409,0.28320312,1.0758388,0.444603
1052,910851,2.034257,3.734375,1.3269689,0.5582417
1079,907791,2.820939,1.109375,3.5500443,0.7381415
1268,688013,4.773281,4.375,0.86673266,0.44429258
1564,910567,4.201014,2.0625,2.2769806,0.628279
1809,753554,1.215358,0.18359375,3.30758,0.6573062
1862,946354,-0.823917,-1.1640625,0.3891987,0.2960756
1180,909975,-0.617119,-2.34375,2.4612868,0.5494916
1373,946359,6.135615,4.25,1.3311952,0.5614483
1855,1674021,4.065735,4.5625,1.355715,0.5379927
1017,687997,5.635696,4.21875,1.1687275,0.49797827
1005,909750,1.683804,3.046875,2.740035,0.69438374
2106,905950,3.426556,3.75,1.8632975,0.6182392
1830,909747,5.530736,2.9375,1.2542803,0.48047778
1779,910933,1.073094,1.84375,2.1517873,0.6217583
1026,1240127,1.174606,-0.46875,2.3730996,0.5213217
1069,909785,2.811481,2.75,1.0705018,0.48252815
2107,910911,4.786483,5.1875,0.671468,0.4336082
1083,909747,3.798925,2.890625,1.8083098,0.6088449
1058,946354,0.641968,1.4296875,1.9020765,0.6341901
1849,946354,-1.002384,-0.7421875,1.6081786,0.4987444
1815,909757,5.601212,6.03125,0.751735,0.48605937
2046,753554,4.316612,3.734375,1.8160143,0.6266225
1854,753612,4.99403,4.53125,0.88025254,0.47385678
1825,687590,0.604667,-0.49609375,2.3327377,0.5709766
2156,1298537,4.86914,3.296875,2.9596946,0.68281573
1378,1503367,4.023962,4.46875,3.5254393,0.82356423
1249,909975,4.826723,3.71875,1.3626326,0.5407378
1507,908121,4.46508,4.9375,0.61183685,0.39762083
2044,925340,3.250293,3.953125,1.2537377,0.55224264
1058,949090,1.853961,1.671875,2.1256037,0.6316836
1581,688121,2.351008,2.78125,1.846747,0.5894524
1088,907175,1.467395,1.15625,5.1666684,0.88349694
1812,724831,3.193213,2.328125,2.3238287,0.6325051
1912,998189,2.060334,3.28125,1.8625239,0.61798257
1034,1298168,-3.573115,-3.265625,2.2536137,0.52866745
2043,906746,5.79653,5.5,0.710361,0.45292133
1177,907299,2.643707,4.6875,0.9686687,0.5095041
1021,1240144,3.601152,3.546875,1.3351986,0.51925856
1924,907066,5.795375,3.015625,1.7858298,0.57276326
1582,1298537,3.643495,4.78125,0.8166582,0.44992745
1624,906849,2.939579,3.015625,3.052919,0.76028633
1373,905986,6.061045,4.625,1.1220411,0.53104615
1054,907791,4.440001,3.09375,1.9719533,0.5943729
1578,907169,5.738967,5.3125,0.7701392,0.46182862
1042,906746,6.002731,5.25,0.782014,0.46894956
1928,909785,1.765269,3.40625,1.0942733,0.48077044
1180,1503365,-0.395575,-2.390625,2.0127888,0.51686156
1615,687596,4.954696,5.09375,0.70430636,0.43219241
1049,998189,4.849082,4.03125,1.3049241,0.53382283
1873,905982,1.967495,1.828125,1.6520379,0.5785346
1003,909699,1.3188,-2.25,4.0706964,0.6874935
2106,924100,1.830707,3.71875,2.068285,0.6414371
1940,907274,4.639652,4.21875,1.2396722,0.52955616
1529,1240198,2.257784,1.265625,4.5715795,0.7866686
1259,910781,4.903431,3.046875,1.9948322,0.6276027
1558,1298538,0.923451,3.78125,1.4166871,0.55373466
2037,910903,5.223689,3.953125,1.3399129,0.55373466
1014,906849,5.051651,2.296875,3.315946,0.7284459
1855,1298538,4.632701,4.8125,1.2620381,0.5189079
1583,909755,3.704642,3.4375,0.74029857,0.40160722
1003,907794,-0.272077,-1.390625,3.8057601,0.68081146
1919,688121,2.528775,1.828125,1.4589612,0.5211356
1017,946359,5.825418,4.125,1.301579,0.52975845
1631,753620,2.619159,2.953125,1.7253885,0.54807186
1634,906746,5.376857,4.75,0.8547253,0.46487835
1549,1240153,5.71,4.0625,1.1977667,0.5302965
1051,905972,1.52542,1.7734375,2.54346,0.6531319
1047,724859,6.322344,5.09375,1.2479292,0.60135806
1199,907791,4.626014,3.53125,1.4944483,0.5311717
1038,909757,2.646274,3.6875,1.2629102,0.5422438
1706,1674021,2.12986,2.046875,3.2951734,0.74167174
1039,905982,4.599196,5.125,0.99823564,0.46164954
1618,1240160,3.468741,4.3125,1.524584,0.5989228
1917,1674021,0.949903,2.0625,2.1761725,0.6288044
1593,924100,1.98898,3.140625,2.3293362,0.6397992
2156,1503367,1.95006,5.5625,3.678357,0.87386084
1816,753620,4.861006,3.296875,1.3188494,0.49765888
1046,908121,3.372259,2.53125,2.3945365,0.6637434
1845,924100,1.455293,1.625,4.6340322,0.80763364
1058,1298358,2.999307,2.03125,2.5151024,0.69082355
1069,909726,5.215304,3.875,1.0847853,0.5120952
1854,687590,6.016499,4.875,0.8119242,0.46252793
1051,1503367,2.696022,3.171875,3.1280441,0.7892495
1583,909745,3.928429,3.171875,0.63480896,0.3634942
1030,946359,6.228304,5.25,0.59869707,0.41765794
2170,1299062,3.865487,3.703125,1.7196711,0.57900095
1629,1240153,4.386558,4.625,0.929505,0.4889046
1059,1503365,0.252671,0.44335938,2.2639847,0.59707814
2159,688025,3.926904,4.15625,1.4333924,0.5688176
1026,907278,1.725629,-0.41015625,2.7271647,0.5584471
1030,998189,6.185335,5.5,0.54484165,0.4144781
1093,949090,3.723014,4.375,1.0245247,0.47870097
1632,1298168,4.489094,3.203125,1.0759814,0.46434948
1029,749716,5.168532,5.0,0.6198126,0.39569196
1372,909709,-0.163582,0.90234375,3.2158294,0.68979865
1825,1240160,-0.449991,-0.10888672,2.666619,0.6101316
1926,724859,0.584141,1.2734375,2.1195743,0.66049176
1635,910920,4.671586,4.875,0.3980107,0.30362588
1852,946354,2.186854,5.1875,0.64141,0.42431697
1933,1298537,5.214675,4.5625,1.3141391,0.5685792
1918,910920,1.475552,2.59375,1.2025467,0.48206437
1618,910567,3.911772,3.34375,1.39562,0.5455002
1912,1298348,4.403723,3.375,1.774778,0.5946417
1020,1298358,5.492661,5.78125,1.0528696,0.56097096
1004,905968,-3.832969,-3.578125,3.8577769,0.699395
2106,724831,2.151859,3.375,1.4708718,0.56914693
2154,949090,2.689484,3.203125,0.75089645,0.39191872
2154,687819,2.957076,3.109375,0.7518849,0.39752206
1049,687455,1.238712,4.1875,1.433999,0.5605013
1811,1240159,-2.323766,-3.703125,3.1482773,0.5948338
1042,910933,5.623516,5.375,0.86706597,0.48763213
1047,1330935,4.113691,4.21875,1.5364228,0.5975147
2011,909747,7.055161,4.4375,1.2254767,0.5356674
1803,909785,4.689977,3.828125,1.3765835,0.5602863
1910,909785,-0.089296,0.64453125,2.7438235,0.6518454
1529,1330935,0.105644,0.2890625,5.2533174,0.8659939
2170,907318,2.841152,3.234375,1.7275085,0.5704011
1622,910952,5.30621,4.9375,0.8238545,0.46095324
1873,924189,2.459641,1.8046875,1.7312815,0.6003338
1058,1298537,1.073203,1.7421875,2.0562613,0.62866086
1057,1240192,-1.638937,-1.4140625,1.882238,0.521739
2010,908461,3.717539,4.1875,1.344282,0.5471392
1507,687794,5.09008,5.59375,0.6533098,0.42241934
1632,753622,2.688054,3.578125,1.1238834,0.5039994
2172,907175,1.249219,0.83984375,4.1217237,0.7733148
1852,1330947,4.161328,4.15625,0.730905,0.40894723
1908,1298358,-0.248986,3.078125,2.0709984,0.62128425
2156,925346,3.40166,2.640625,2.5246303,0.61794555
1835,1674021,2.499866,4.0625,1.3837764,0.49673903
2010,1298348,5.634307,4.125,1.2932534,0.5290485
2010,687568,6.632132,3.890625,1.3419818,0.54343927
1598,909726,5.50896,4.53125,0.9228868,0.47429785
1853,906813,5.47117,5.09375,1.224929,0.56940484
1911,946354,-6.444341,-3.9375,3.4334233,0.6397079
1003,753620,-4.359837,-3.140625,3.817196,0.6610337
1553,1298537,2.740461,3.46875,1.7394706,0.59726626
1909,906843,1.883768,2.578125,2.3129933,0.6500301
1917,909757,1.903984,2.1875,2.1768615,0.6348976
2048,713880,-5.354159,-3.109375,3.9164054,0.66970277
1941,1330947,-4.588891,-5.25,1.9183692,0.49044797
1996,906835,4.524839,4.5,1.291649,0.54476917
1927,687997,4.107696,4.90625,0.6835973,0.40783682
1449,753612,5.7911,5.21875,0.77439183,0.44857475
1614,909249,3.385092,3.359375,1.3112512,0.5099454
1629,907794,5.088121,5.25,0.8401112,0.50057167
1005,713880,2.824911,2.953125,3.0873508,0.739699
1067,907795,5.686668,5.5625,0.52410924,0.38085327
1911,910920,-3.421969,-4.90625,3.0349462,0.6076161
1014,1240184,-1.155753,2.28125,2.589219,0.650448
1802,753554,2.724694,4.25,0.7095487,0.4168567
1083,687590,3.218707,3.0625,1.7427465,0.592545
2057,753608,4.393674,5.28125,0.6917035,0.44497374
1559,687596,-1.284468,-2.59375,2.6009636,0.57137877
1706,908150,2.648003,2.1875,2.9794257,0.72303236
2037,687455,4.663622,4.03125,1.4534808,0.5856151
1931,753620,3.215025,5.1875,0.6976366,0.39844444
1830,905972,4.160854,3.09375,1.1391095,0.47075033
1561,688013,3.310521,2.265625,2.1663256,0.64076626
1614,1240145,3.106351,3.84375,0.94236684,0.46595353
1736,1240192,5.264522,3.796875,1.5490774,0.5845338
1084,1298136,-0.876018,-1.671875,3.0445375,0.54827136
1046,905972,2.712229,2.640625,2.0428014,0.6186482
1561,946354,-1.577593,2.265625,1.9686618,0.6437411
1008,753554,-0.078171,0.921875,3.9686987,0.76055014
1036,688121,5.493335,4.5,1.3436325,0.54965776
1200,1240192,2.719091,3.859375,1.1439517,0.50131255
1634,753622,4.335886,4.3125,0.8189769,0.45236754
2438,1240186,11.000813,9.8125,2.3075423,0.9439773
1057,907169,-2.41828,-1.328125,2.0965202,0.5359939
1635,1298365,6.049053,5.34375,0.38617754,0.32571104
1373,910952,3.493486,4.8125,1.1928339,0.5488188
2096,1240223,5.871792,3.203125,1.6186008,0.59866124
1199,724831,5.282165,4.125,1.0903109,0.5213646
1030,906836,3.089071,5.125,0.6471116,0.43026584
1053,908121,0.782329,3.203125,1.711098,0.59626704
1003,753554,-4.232911,-2.046875,3.769178,0.66546005
1168,908150,3.179668,2.890625,1.1602252,0.49942842
1564,1330983,0.819636,2.65625,2.4405665,0.66730493
1825,910851,0.203995,-0.8515625,2.2123046,0.54618907
1268,909709,3.478542,5.09375,1.0654805,0.52412105
1057,949179,-1.328238,-1.828125,1.986252,0.52149606
1627,909749,2.552273,3.765625,1.2598242,0.5450792
1615,687455,5.013227,5.6875,0.69832754,0.45730266
1023,906843,3.775147,3.796875,1.1660358,0.5083835
1594,687590,1.267251,3.140625,1.770187,0.6078131
1561,906835,4.807494,2.875,2.0048568,0.6461231
1031,946354,-2.795071,-1.3984375,3.0489347,0.6291088
1580,998189,5.95897,5.25,0.73406607,0.45392182
1194,749716,4.667753,2.359375,1.9387761,0.6012726
1080,906836,-5.238661,-3.8125,4.5983763,0.7280172
1558,1240159,4.416578,3.609375,1.2997897,0.539892
1939,753612,5.235279,2.296875,2.0291367,0.608726
1615,1240192,5.571742,5.4375,0.6250342,0.43056864
1011,687819,1.936106,2.015625,2.825661,0.6827921
1919,908121,0.971199,1.8125,1.4608061,0.52700233
2044,688121,2.357554,3.890625,1.4055451,0.572074
1200,1298365,4.239677,3.484375,1.1041601,0.4765102
1560,907066,5.719865,3.671875,1.4842014,0.55446965
1131,906848,4.093557,5.125,1.9012595,0.6496196
1629,687455,4.021264,5.0625,0.9015951,0.50057167
1073,924100,2.319251,4.5,1.9091673,0.68194765
2040,910399,0.292958,1.03125,2.0546052,0.59645015
1372,906836,0.313218,0.14453125,3.0784543,0.67627376
1054,1659818,3.532236,3.25,1.9121981,0.6192479
1558,753608,0.498927,3.8125,1.3518775,0.55303067
1512,724870,5.149024,5.09375,0.46006557,0.33873206
1180,909724,-3.033534,-2.65625,2.1285079,0.5143322
2107,906813,4.289683,5.5625,0.7554474,0.49407986
1058,925340,1.122923,1.59375,2.177883,0.6381726
2045,749710,4.838595,5.375,0.84839743,0.47713304
1720,687455,4.058219,4.4375,1.9589161,0.666044
1062,909747,1.963342,3.671875,1.7817091,0.6117693
1061,910399,4.764879,4.5,0.9314876,0.4924782
1635,1298537,5.647261,5.6875,0.37231705,0.3336334
2154,906835,3.673798,3.4375,0.6730945,0.39442676
1058,687455,1.885093,1.8984375,2.216947,0.66193837
2096,910780,2.996492,2.3125,1.5401124,0.5474021
2096,906843,3.019051,3.1875,1.7741269,0.61216915
1007,908150,-4.198808,-3.484375,4.5036516,0.7380276
1042,906835,7.349029,5.40625,0.7747052,0.46100897
1068,1240186,2.475873,0.74609375,2.0447707,0.5616375
1069,907791,2.409378,3.5,1.1874517,0.5046675
1049,905968,2.503922,3.734375,1.3308324,0.5361994
2173,907322,4.460371,3.03125,1.3456233,0.51546854
1849,687568,-0.065548,-0.71484375,1.6572381,0.4901859
1034,907175,-3.497786,-3.703125,2.214818,0.48655048
1007,906813,-3.553576,-2.65625,5.4572406,0.81908643
1618,910952,2.0608,4.40625,1.2852696,0.54624015
1046,1290797,1.728831,2.734375,2.1946228,0.6430778
1180,687455,-3.114099,-2.125,2.3973005,0.56002414
1008,907175,1.924529,-0.6015625,4.7704363,0.8106699
2048,908461,-1.381544,-2.515625,3.9793618,0.68046826
1919,949179,1.066705,1.4453125,1.2406437,0.48984638
1054,1503367,5.135666,5.15625,1.9922382,0.7259107
1928,1290797,5.69342,4.84375,0.9514702,0.50304294
1913,906849,4.688306,4.8125,0.9905666,0.47488898
1050,907795,1.746415,2.578125,1.8780171,0.61113054
1915,1303900,2.080428,3.28125,1.8004806,0.6091827
1583,1240127,0.560234,3.09375,0.658469,0.3741464
1799,1503365,4.893704,4.375,1.533087,0.58728045
1922,907066,3.237726,2.765625,1.5098808,0.56406283
1049,908461,3.273306,4.15625,1.3136706,0.53468
1561,1303900,4.150565,2.890625,2.28579,0.67928755
1191,749710,-4.185796,-3.890625,1.1803998,0.4093117
1843,687505,-1.498497,-0.875,3.2981606,0.6554343
1827,753575,2.980481,1.8046875,2.3751073,0.6072171
1618,909749,3.929091,4.03125,1.1632656,0.5216601
1936,1240192,3.090981,3.0625,1.4324106,0.568428
2040,908121,1.405304,1.3203125,2.3245192,0.6326931
1177,910567,1.898428,3.84375,1.1295838,0.5210538
2173,905968,4.778236,3.890625,1.1998075,0.52444714
2037,905968,4.396631,3.59375,1.3438047,0.55817455
1561,907169,4.83955,2.546875,2.2504213,0.6687767
1806,1240172,5.504981,5.375,2.1532793,0.6250951
1049,905982,3.003284,4.125,1.3195263,0.5343459
1069,687568,3.840169,3.875,1.0716412,0.51640755
1375,1298136,8.157104,7.25,0.98621505,0.5698106
1786,908127,0.267585,3.125,1.696531,0.56842494
1060,688025,2.623642,1.5078125,2.5212922,0.62789214
1511,908121,1.344776,-0.70703125,3.7785556,0.6896757
1237,724870,5.404101,4.65625,0.5771864,0.3680101
1853,907274,3.834464,4.8125,1.336625,0.5412701
1179,906746,1.610657,0.98828125,1.7511032,0.57260066
1627,910920,3.129759,2.78125,1.3851876,0.5123302
1578,749710,5.147339,5.625,0.7238888,0.4453462
1268,687997,5.460099,4.40625,0.91187644,0.45672107
1237,908127,4.526868,5.5625,0.6457246,0.4096165
1175,924239,2.571184,4.0,1.2546655,0.52648175
1006,908127,0.731756,2.109375,5.0298266,0.8053618
1067,907299,4.24138,5.53125,0.47871333,0.3645114
1010,1298358,4.298852,3.546875,1.7621756,0.6110465
1778,1331048,3.318106,1.5078125,1.8834876,0.5704011
1507,909747,6.207607,4.90625,0.6473552,0.40441334
2046,687794,4.026014,4.375,2.0892181,0.6931994
1927,909720,5.707985,5.3125,0.57644767,0.40340453
1940,688087,5.234223,4.09375,1.0953208,0.51177996
1918,908465,3.966679,3.578125,1.2363532,0.5418055
1997,946354,4.5103,3.9375,1.3821609,0.57703555
1085,906696,2.364803,3.796875,1.5305815,0.58338135
1043,910567,5.292804,4.875,0.71899027,0.4224036
1019,909749,2.775931,3.0625,1.6807979,0.5799656
1911,905972,-5.527462,-3.765625,3.032933,0.5896413
1806,753620,3.288039,3.640625,3.1066613,0.65095234
1835,1240159,6.466835,4.1875,1.2140839,0.48916078
1629,946354,3.776799,4.75,0.824881,0.47537333
1014,1303900,4.416242,2.8125,2.8424006,0.6927424
1558,1240184,5.257082,3.484375,1.3697885,0.5435775
1613,910399,1.170487,2.953125,1.9249032,0.611448
1553,1298157,4.541431,3.46875,1.7521185,0.59866124
1131,907794,4.737903,5.3125,1.5895853,0.62445813
1922,687596,3.342408,2.421875,1.4759775,0.54591006
2046,910399,2.189861,3.46875,1.965352,0.6242966
1180,907269,-4.513306,-2.890625,2.446733,0.5462424
2170,1240184,5.468815,3.828125,1.8497177,0.60192156
1549,687505,1.60914,4.15625,1.0456743,0.5077998
1088,1330935,1.996676,1.921875,5.1836095,0.95259315
1706,1659818,-1.718618,1.578125,3.5834756,0.79357624
1941,925340,-3.360374,-4.0,2.4196498,0.54019594
1020,907271,5.393319,5.8125,0.77575403,0.49022254
1630,749716,4.520021,3.453125,1.099669,0.5007865
1010,1322212,3.78539,2.765625,1.541659,0.54524505
1007,1674021,-4.891429,-3.609375,4.4891987,0.73565906
1050,906843,2.929244,2.71875,1.7712456,0.6051966
1830,909749,3.382154,3.046875,1.1431633,0.47483435
1849,909726,0.109936,-0.71484375,1.6952653,0.48984638
1922,1240159,4.726889,2.859375,1.3987548,0.5494916
1177,687596,4.750141,4.1875,1.0805295,0.5180181
1032,907271,2.282676,2.078125,1.8966918,0.59103817
1853,1330947,3.344757,3.625,1.2239434,0.49313322
1810,910952,-0.262357,1.1796875,3.7986891,0.7385141
1378,906696,2.118602,3.984375,3.0174093,0.7353951
1029,713880,4.854081,5.46875,0.5766557,0.40865782
1507,1298537,4.487363,5.125,0.57812285,0.38732877
1622,1298157,4.805942,4.6875,0.7741106,0.44325888
1593,906868,3.929728,2.6875,1.9839934,0.5923828
1831,907291,3.634864,4.28125,0.88349676,0.4552255
2106,724859,5.432353,3.75,1.7359792,0.617019
1032,907169,2.088668,1.7421875,1.9725705,0.5917566
1131,1290797,6.359852,4.625,1.6196448,0.59904736
1706,688013,2.72129,1.5859375,3.3215237,0.7296712
2011,1299062,5.164824,4.59375,0.9783336,0.48125255
1200,688013,3.055938,3.703125,1.1672169,0.4774891
1809,910920,4.16636,-1.5703125,3.5903363,0.65979695
1916,753620,3.679048,2.265625,2.0421906,0.606895
1011,910903,1.558713,2.234375,2.4965036,0.6496505
1050,1240144,2.374549,2.828125,1.6114289,0.57275003
1803,713880,4.097796,4.9375,1.3823636,0.62469935
1032,907318,0.878215,1.3125,1.5251782,0.5394162
1838,753575,4.062714,5.0,1.3576999,0.55824083
1020,910399,5.438437,5.34375,0.84485626,0.4900207
1845,905950,1.253752,1.53125,4.1529384,0.7580094
1512,687794,4.879288,6.1875,0.5652162,0.3910845
1038,1330947,1.427577,2.609375,1.2000735,0.49974284
1085,906842,0.976718,1.84375,1.1995139,0.48329043
1924,688087,4.121378,3.203125,1.8059684,0.5764365
2096,909726,0.741631,3.046875,1.70338,0.59357756
2174,1240144,3.69265,3.171875,1.8010876,0.57211775
2154,910933,3.401158,3.421875,0.75397253,0.40902525
1928,910567,4.06653,4.0625,1.0761822,0.50283754
1873,907299,-0.399795,1.7421875,1.6632375,0.5882442
1006,724859,1.612221,2.25,4.874521,0.79880303
1632,924100,2.241501,4.15625,1.4045779,0.54624015
2043,906696,4.503353,6.125,0.8294612,0.50445616
1013,910781,2.926768,3.484375,1.1037201,0.5039227
2043,1240186,5.75027,5.5,0.7429415,0.45299476
1259,1298168,4.505114,2.296875,2.226194,0.6227658
1032,753612,4.162967,1.3203125,1.8343962,0.5771272
1553,908121,-0.467457,3.296875,1.9062274,0.62635905
1845,908150,2.087298,1.078125,3.9991195,0.7399765
1199,909724,4.745421,3.96875,1.3677075,0.5455039
1190,1240153,-2.636544,-1.75,6.373863,0.8654258
1924,1503365,2.652631,3.28125,1.647547,0.5629315
1912,1322212,0.899623,2.546875,2.1198206,0.60967934
2040,909785,-0.292767,-0.080566406,2.1415675,0.6074309
1941,907278,0.041066,-4.4375,2.445143,0.5414876
1378,1240159,6.154419,2.53125,2.6102328,0.65287477
1629,909720,5.160809,5.0,0.73025465,0.45041242
1463,907271,3.645463,4.3125,1.2033074,0.5622358
1059,1240145,-1.353072,-0.10107422,1.87961,0.5585796
1549,1298358,5.683075,4.4375,1.3685914,0.57575184
1918,907063,-2.950925,2.765625,1.1585116,0.49111408
2048,909907,1.944143,-2.109375,4.988709,0.7644588
1912,687590,2.501619,3.109375,1.9736414,0.62093574
2170,1298136,5.878993,4.09375,2.095427,0.6498548
1175,905968,2.599895,4.15625,1.1563945,0.53342104
1706,724831,-0.054442,1.9375,2.5980835,0.6976154
2044,753575,4.027476,4.65625,1.3266696,0.6182852
1511,905950,-2.59883,-0.10498047,3.8316362,0.6854404
1925,906746,5.678945,5.375,0.67626476,0.43173134
1622,906813,5.358885,5.0,0.848158,0.4906742
1630,907271,3.386423,4.4375,0.9541697,0.5083835
1932,1298538,2.064728,3.3125,1.775793,0.59498173
1067,909745,4.628874,5.4375,0.42151254,0.33793867
1259,688013,-3.957708,2.71875,2.5466926,0.67465115
1634,724831,3.916607,4.53125,0.7519178,0.44573143
1854,905972,4.693031,5.0,0.7427387,0.4592847
1576,908121,2.086298,3.1875,1.4198513,0.53577125
1830,1240153,2.899492,3.015625,1.2627274,0.48128867
1080,910780,-1.667986,-4.6875,3.4168973,0.6322451
1089,908461,5.40912,5.125,2.1817558,0.6216987
1912,753575,2.82271,4.09375,1.8918366,0.6625108
1177,909745,5.884469,4.625,0.83945346,0.46847436
1933,946359,3.823217,4.28125,1.5960922,0.6053037
1782,687590,5.279434,5.375,0.6664413,0.4136873
2154,908465,3.371905,3.140625,0.67735773,0.38290548
2111,907274,3.407669,4.1875,1.9149961,0.61716294
1578,910933,4.77038,5.53125,0.76804775,0.46710607
1199,906868,4.692071,4.0625,1.2742894,0.54019433
1941,907318,-3.901481,-4.78125,2.1239586,0.51987445
2048,1290797,-2.44509,-2.578125,3.9813921,0.6938895
1564,924100,3.023275,3.203125,2.3840256,0.6518454
2438,1298168,11.328928,9.6875,2.8330238,1.1530752
1915,753622,1.890495,2.609375,1.4568801,0.55808777
1939,906835,4.917423,3.203125,1.8047785,0.5988228
1463,910851,2.458888,3.828125,1.3343005,0.5758293
1030,905972,5.770147,5.46875,0.5136915,0.4043072
1088,1240153,2.437723,2.203125,4.5446696,0.85866743
1067,909785,4.007831,4.53125,0.47639123,0.32837972
1449,924239,4.412936,5.375,0.75157225,0.42595205
1873,688013,0.596936,1.65625,1.6101604,0.56947225
1030,910567,5.996709,4.875,0.58121455,0.40418696
1067,909699,6.395386,5.5625,0.5429071,0.37778524
1854,687455,3.260714,5.15625,0.8482134,0.4913367
1018,909720,4.677195,5.625,0.53289205,0.39505434
2359,906696,5.421143,6.5,0.75315154,0.47170857
1927,1298350,5.56172,5.25,0.6657681,0.42665705
1618,1330935,2.165045,3.671875,1.5081024,0.5748134
1507,906746,5.441546,5.28125,0.56918585,0.3911078
1051,724870,2.022451,0.9296875,2.4681842,0.6394359
2044,753612,5.185867,3.46875,1.3077799,0.55298007
2037,1290797,2.678776,3.859375,1.3669754,0.5649186
1996,907269,2.54885,3.453125,1.8046868,0.5901222
1133,753620,3.668983,3.328125,1.1365024,0.5070532
2438,687780,10.08594,9.8125,2.555763,1.1142949
1014,1503365,1.853072,2.4375,2.4813673,0.65149
1847,1240198,7.124221,4.875,2.7370026,0.76919115
1053,908150,4.473872,3.40625,1.5248148,0.5782724
1614,688013,1.322976,3.890625,1.1736842,0.49501607
2171,905964,2.404984,0.58203125,2.9132807,0.6721078
1927,909724,5.141927,5.03125,0.6881154,0.42932853
2055,949090,1.975076,1.796875,2.2490928,0.6011914
1052,908121,3.735874,3.796875,1.342359,0.55615777
2043,1330983,4.571527,5.0625,0.9280532,0.47572586
2010,925338,4.760687,4.0,1.3409265,0.5375366
1084,909750,-3.391543,-2.1875,2.4631839,0.47543174
1023,907795,3.971251,3.71875,1.2283536,0.5167553
1046,909757,0.924325,2.6875,2.2645423,0.64231133
1553,908127,2.181441,3.671875,1.8205045,0.61295074
1529,753608,1.391269,1.2109375,3.9774435,0.73093575
1079,907322,2.551389,0.08154297,3.6092443,0.72800976
2106,1240192,4.920339,3.453125,1.6671699,0.595507
1814,1240172,6.192869,6.78125,0.8512548,0.4762839
1924,906813,2.962859,3.78125,1.8474183,0.6159659
1512,688121,6.013816,5.625,0.549949,0.36566225
1908,687596,4.447577,2.375,1.6953646,0.5597875
1928,909731,3.167283,4.78125,1.0352888,0.5118988
1067,753612,5.419184,5.1875,0.52306366,0.36650684
1089,687455,2.776521,5.1875,2.4204297,0.6587983
1849,1240172,-0.076713,-0.23046875,1.8636307,0.5142248
1830,906696,2.732107,3.9375,1.4574198,0.5390463
1061,1298350,4.819569,4.78125,0.9787022,0.51345706
1855,905950,4.641276,4.84375,1.3309075,0.5335202
2109,907322,2.657293,2.09375,1.361118,0.50342774
1933,907175,3.409012,3.671875,1.8175166,0.61194474
1831,687455,4.077382,4.59375,0.9316248,0.48499602
1024,1240172,1.658319,0.234375,2.9141257,0.6153667
1039,910851,3.828584,4.875,1.1013948,0.487629
1200,905964,2.12824,2.875,1.2181733,0.47136647
1594,1298538,3.666577,3.46875,1.6560506,0.5915353
1559,753608,-3.585334,-1.6640625,2.5750494,0.5795875
2177,687455,2.20605,2.484375,1.6082244,0.54147756
1997,924248,4.95844,4.03125,1.6346557,0.6076289
1047,949179,3.896678,4.40625,1.308622,0.56474763
2047,905950,0.783812,3.078125,1.7952745,0.5870444
1620,1331048,4.986997,3.703125,0.6206575,0.34548095
1583,905972,3.374652,3.171875,0.6694898,0.38236883
1910,1240172,3.952765,2.9375,2.5659697,0.68281573
1054,907269,0.539664,2.96875,2.1964288,0.63171256
1913,906835,5.607772,5.28125,0.74040776,0.43890837
1046,907322,-0.08336,1.140625,2.7614164,0.6672681
1494,906827,-4.639696,-1.4921875,4.4636235,0.744703
1618,924100,3.57673,4.25,1.4419795,0.5664721
1047,1240145,5.164956,4.5625,1.030562,0.5161658
2158,1659818,2.988666,4.125,1.3782533,0.5638206
1564,1674021,1.643903,2.859375,2.2106473,0.63285714
1049,907794,4.680394,4.375,1.3328893,0.55223435
1062,1298358,-2.123485,4.15625,2.0099971,0.65091926
1014,909726,-1.294159,2.265625,2.6175487,0.66044426
1043,687590,5.238418,5.3125,0.68538135,0.4238168
2177,925338,2.500277,2.390625,1.4556057,0.51481026
1449,1240144,5.513707,5.71875,0.61575,0.41149426
1003,1303900,-0.468555,-1.3671875,4.384311,0.7227408
2055,905968,0.884623,1.4296875,2.0981832,0.5896611
1237,909749,5.843775,5.375,0.6276731,0.41051257
1615,906848,4.771512,5.8125,0.7976595,0.46982503
1853,910920,4.376792,3.609375,1.2401984,0.482313
1512,909724,5.162568,5.53125,0.51294625,0.35851383
1615,910952,5.000282,5.84375,0.68215585,0.45069978
1910,724831,5.053116,2.328125,2.082901,0.62781405
1239,1240223,4.532723,2.34375,2.2442079,0.6336118
2038,909699,7.217714,4.5,1.1819648,0.5087864
1372,1240182,4.439722,0.49609375,2.923461,0.65800744
1924,909724,2.793433,3.09375,1.8026584,0.56987077
1011,753620,0.388446,1.109375,2.8983834,0.6631601
1580,1298538,5.723655,5.34375,0.73721063,0.45122844
2055,1298348,4.567353,1.9765625,2.0885155,0.584251
1022,1240160,2.920162,0.62109375,3.3904603,0.69427145
2039,724870,3.953941,3.046875,1.0170538,0.47888848
1580,753608,5.236457,5.46875,0.72047466,0.45878485
1042,909699,7.348473,5.0,0.95063245,0.48230436
1007,906843,-3.777395,-3.53125,5.47893,0.8223418
1629,910933,4.367541,5.1875,0.8766088,0.4942682
2499,1303900,10.23508,9.9375,1.6001956,0.805611
1583,908465,3.470785,3.140625,0.67735773,0.38290548
1782,1298348,6.619208,5.65625,0.61397725,0.40104538
1624,910781,5.289743,3.125,1.8581252,0.6105534
1054,905968,1.938808,3.453125,1.67412,0.58338135
1558,687780,2.933012,3.890625,1.5744332,0.59113127
1931,907274,5.399458,5.96875,0.7570658,0.43517265
2109,1503365,5.740761,3.21875,1.2464088,0.52301705
1849,1503365,2.252425,-0.5625,1.5983845,0.48635954
1053,909720,3.374251,3.53125,1.3634793,0.54657733
1018,949090,6.264926,5.4375,0.6443314,0.41873842
1017,687455,3.474058,4.65625,1.2326803,0.54019594
1916,687590,3.07399,2.828125,1.9144009,0.6110465
1046,949179,2.984596,2.140625,2.2381184,0.6289877
1617,1330947,-3.675784,0.16992188,3.393704,0.6550362
1029,1331048,4.865118,3.828125,0.5838928,0.35104045
1563,909785,3.971997,4.625,0.7408408,0.39778298
1561,1240192,2.716776,2.390625,1.9492106,0.63738066
1019,910903,2.963262,3.296875,1.8139546,0.5960396
2148,907795,0.590772,1.328125,1.357053,0.47289288
1620,909757,5.992742,5.65625,0.56605417,0.4062122
2148,924239,0.995464,1.6171875,1.3362632,0.47730833
1825,909975,0.996757,-0.390625,2.4555283,0.58582956
1549,753554,4.726584,4.28125,1.036828,0.5061026
2044,1298168,5.261552,3.265625,1.063629,0.4931567
2045,688121,5.600632,4.90625,1.0206492,0.5033625
2047,688013,1.806881,2.734375,1.6878014,0.5545874
2438,906827,8.529809,9.8125,2.629682,1.1762486
1179,1240186,0.968517,1.1484375,1.9562048,0.58962613
1507,753554,5.501248,5.125,0.5519874,0.3792901
1553,1240223,6.485763,3.578125,1.7146833,0.60643935
2170,1298157,4.710772,3.875,1.8056905,0.5991254
1582,909749,3.449887,4.78125,0.7733587,0.44625407
1025,1298168,5.455733,4.5625,0.8354035,0.44625255
1083,1298358,2.744625,3.4375,1.9792707,0.6378772
1559,925340,-1.907201,-2.015625,2.627131,0.5771272
1032,909785,-0.343795,0.5390625,1.6910791,0.54499924
1007,1503365,-3.635221,-3.34375,4.5543814,0.7376622
1052,925338,5.40874,3.921875,1.2577446,0.5372762
1564,1322212,2.897887,2.171875,2.3777924,0.6187589
1091,998189,3.591313,2.5625,1.6376013,0.5791773
2106,909709,2.896642,4.0,2.1979828,0.67841625
2010,1298168,4.335235,3.234375,1.2256742,0.4913354
1016,1240144,2.253172,0.5078125,2.9473438,0.58571744
2055,908121,1.777654,1.6640625,2.3709455,0.62528676
1054,687568,4.428973,3.59375,1.67544,0.5867299
1038,1503365,4.410156,3.734375,1.1580371,0.52872205
1024,1240159,1.167279,-0.3125,2.5441456,0.577338
1401,909709,1.529808,2.8125,2.0622838,0.6582483
1200,753540,2.490167,4.21875,1.2429087,0.52689147
1808,1298350,-1.849602,0.65234375,4.17537,0.756973
2044,906835,7.281077,4.28125,1.1840321,0.54476917
2039,910899,3.015789,3.46875,1.3994684,0.54700446
1033,949090,5.03265,5.21875,0.67720795,0.42685828
1043,906746,5.606225,5.625,0.6555478,0.432022
1838,909757,4.187871,4.0,1.3887756,0.5035144
1021,713880,2.043699,3.203125,1.5057019,0.5459072
1375,925338,7.21208,6.71875,0.70485646,0.4551692
1932,907278,3.014409,2.59375,2.0551775,0.6165381
1037,946354,1.686777,2.40625,1.4953903,0.5558616
1012,909750,1.895117,1.3984375,0.9413778,0.41785198
1811,1330947,-6.285855,-5.25,2.5648742,0.5680026
1922,906842,1.831076,1.84375,1.3384705,0.51015824
1083,925346,3.697433,2.734375,1.3260407,0.52092636
1175,688025,3.473738,4.25,1.2799394,0.5481544
2157,925340,4.36923,5.28125,0.67488474,0.42161146
1561,907299,-0.237227,2.515625,2.1899223,0.6663538
1835,906868,3.278602,3.90625,1.3096179,0.48680693
1634,910952,5.264918,4.875,0.9189016,0.4759139
1060,688087,-0.609483,1.5546875,2.3902965,0.6247868
2498,907291,7.320334,8.9375,0.9261674,0.52896625
1011,909731,2.967945,2.0,2.754008,0.6769993
1622,687590,4.025429,4.59375,0.810895,0.44103938
1617,909724,1.65923,1.65625,3.3688977,0.65973336
1463,909755,5.747544,4.3125,1.3033445,0.5697042
2157,908150,3.68488,5.3125,0.6422845,0.42060262
1512,1322212,4.425168,5.0625,0.5152993,0.34132266
1830,1240172,2.41175,3.421875,1.3169461,0.49944004
2158,906746,3.741844,4.625,1.155549,0.5371538
1093,907066,4.037134,4.21875,1.0381801,0.49135593
1862,1659818,-1.942447,-1.0390625,0.41427383,0.29469135
1843,909731,-3.194171,-0.484375,3.989277,0.72323525
1557,1330935,3.534255,4.59375,1.0998389,0.48445374
1799,1240153,5.37519,3.953125,1.8167633,0.6146919
1613,907175,0.94225,2.109375,2.4970949,0.6527022
1936,687802,2.926456,3.59375,1.6332177,0.62563753
1012,1298537,2.786033,1.5234375,1.0776947,0.44536993
1936,905972,3.569519,3.140625,1.4765974,0.5713625
1051,1240182,3.632737,1.828125,2.9352765,0.6943912
1778,906835,5.998549,3.71875,1.6773617,0.5932396
1191,1674021,-5.025459,-4.5,0.9328017,0.366445
1024,907299,0.870645,-0.1640625,2.8599446,0.60866
1088,1330983,1.15916,2.234375,5.1123343,0.92683977
2106,910903,1.523719,3.640625,1.8013612,0.60650533
1059,688087,0.02342,0.59375,2.5416574,0.63296384
2040,910903,0.60498,1.5859375,2.2072024,0.617453
1175,1240160,4.164725,4.5,1.3532768,0.58551264
1911,909731,-5.675862,-3.609375,3.598109,0.62708974
1629,910399,3.988197,4.65625,0.8408662,0.46326455
1593,910911,4.047689,2.53125,1.903048,0.5763248
1849,688121,-0.41164,-0.51953125,1.9877411,0.5265778
1018,753575,6.282049,6.375,0.6792664,0.48837337
2148,753608,2.759077,1.5625,1.2429758,0.4713875
1024,910933,-0.407912,0.24023438,2.8757317,0.61201984
1996,924100,4.771285,4.3125,1.5790719,0.5811318
1054,907169,2.844523,3.78125,1.7801175,0.602293
1852,906842,3.364134,4.0625,0.7011554,0.39942637
1933,1240192,5.826644,4.5625,1.3203123,0.5800809
1996,1322212,3.364069,3.359375,1.6185011,0.55300707
1013,949179,2.933674,3.171875,1.3402838,0.54275167
1941,910780,-3.0588,-5.0625,1.9749861,0.49614406
1909,1298538,3.419373,2.8125,2.1902666,0.6299402
1032,1298350,-1.821887,1.984375,1.9846689,0.5982056
1847,909755,5.99512,5.0,2.163811,0.70413154
1019,906848,3.230518,3.515625,2.1844044,0.6491579
1613,907274,2.628237,3.453125,2.2941923,0.66600204
1054,1240223,4.490025,3.796875,1.5716392,0.58420455
1060,910952,0.804206,1.703125,2.4598374,0.61794555
1811,688013,-2.594864,-4.1875,3.3093064,0.6040267
1046,724870,1.505312,1.6796875,2.0683882,0.6089338
1010,1298141,4.383298,3.5625,1.4935052,0.57211775
2148,1240145,0.928035,0.88671875,0.9779802,0.4296769
1013,910567,3.570792,2.8125,1.4137787,0.547055
2172,687568,3.248812,2.015625,3.3118813,0.73939
1827,724859,0.271622,1.21875,2.1584136,0.5666976
1463,909747,7.500059,3.796875,1.3535414,0.57232976
1811,907271,-1.984551,-2.984375,3.6507347,0.64454854
1054,1240145,3.771744,3.34375,1.3596379,0.52346367
1017,1503365,6.154246,4.5625,1.0816799,0.50801075
1804,687802,8.273856,5.59375,1.4360347,0.6831593
1632,907269,0.987454,3.359375,1.4806697,0.53951085
1855,905982,5.351073,4.75,1.2570764,0.5142491
1510,909749,4.40505,4.5,0.89953136,0.47803926
1052,907278,3.008737,3.546875,1.4068753,0.55547994
1032,687455,2.256026,1.9375,2.0847154,0.6166272
1919,1240198,0.855711,2.046875,1.4248438,0.5191695
1239,1240160,4.120916,2.5625,2.908417,0.7180502
1817,687590,-4.483436,-4.8125,1.6711808,0.43295512
1009,909724,4.374792,4.84375,0.7341118,0.40030682
1627,905986,3.254895,3.90625,1.2756935,0.5449435
1023,753608,4.245052,4.03125,1.0802169,0.5034276
1024,1330947,-4.991305,-1.671875,2.625013,0.5813206
1058,905982,0.699329,1.8671875,2.100023,0.6299914
1529,910399,-0.947023,0.3984375,4.0628695,0.7173122
1922,907291,1.899506,2.75,1.5004984,0.5577604
1072,1240160,5.900768,5.25,1.0515916,0.5266986
1563,906696,5.579773,7.03125,0.7138544,0.46392003
1924,949090,4.349266,3.140625,1.7782038,0.56214
1927,907066,4.482381,4.9375,0.6815415,0.42685828
1191,687802,-5.51737,-3.890625,1.202775,0.41913152
1916,909724,1.045397,2.8125,1.9022725,0.61010957
1012,908121,1.148375,1.359375,1.119481,0.44876578
1827,1298157,1.883523,1.0078125,2.1790168,0.5570848
2110,907271,4.221935,5.1875,0.7740573,0.46003354
1736,1298157,5.829696,3.828125,1.6276712,0.59012836
1046,1240159,3.254112,2.65625,2.0007522,0.61460584
2173,910903,3.838737,4.25,1.207931,0.525305
1563,687590,4.994921,5.71875,0.6742213,0.4153206
1085,1674021,2.525089,2.96875,1.39858,0.54117393
1825,907271,0.115057,0.044921875,2.2582033,0.57227725
1093,909907,6.229512,4.8125,1.1979939,0.54556334
2156,909745,5.047832,3.078125,2.6926088,0.65342903
1557,908121,4.341236,4.9375,0.9783665,0.491287
1032,907299,1.247425,1.796875,1.9494498,0.5903773
1199,687802,3.569649,4.6875,1.4089998,0.5973006
1529,909699,8.677827,0.62890625,4.5575023,0.76970947
2109,753575,4.838947,3.828125,1.2972554,0.5627103
2039,1240184,4.584045,3.578125,1.1434969,0.5154306
1190,906849,2.902219,-1.4140625,7.0234914,0.92456615
2055,1298157,2.896887,1.71875,2.0912895,0.58234787
2359,687455,4.556865,5.78125,0.71318746,0.44383663
1084,998189,-2.549156,-1.953125,2.5776803,0.4939793
1401,1240184,1.702175,2.3125,1.6950204,0.5848731
1093,909750,5.388316,4.4375,0.96019214,0.47599146
1085,998189,3.498643,3.046875,1.3243911,0.53360415
1927,688087,5.345701,5.09375,0.6764215,0.42257157
1068,907274,0.619594,0.828125,2.3001463,0.58547103
1811,1330983,-2.994985,-3.9375,3.8973587,0.6664458
1806,910781,4.38384,4.75,1.94729,0.56794137
1626,687802,5.11063,3.125,2.4955797,0.7111238
1776,1240198,4.507747,4.65625,1.0842216,0.50270456
1062,949179,4.149961,3.484375,1.6789659,0.58507
2048,998189,-2.7206,-2.796875,3.790282,0.6648529
1817,1290797,-6.000981,-4.4375,2.033966,0.48731837
2043,925338,5.003854,5.34375,0.7282092,0.43780443
2045,905964,4.274542,3.75,1.062179,0.48620248
1814,946359,7.106712,6.125,0.9941329,0.49028516
1067,909907,6.848447,5.875,0.5910292,0.42016137
1200,906813,3.323709,4.4375,1.3514132,0.56276476
1720,906843,4.794262,4.09375,2.0159378,0.6560117
1022,1240192,1.515096,0.1953125,2.6125677,0.6103118
2158,906848,3.158197,4.71875,1.476728,0.58306
1631,925340,2.061661,3.671875,1.5756462,0.5545158
1996,906868,4.164884,3.9375,1.3550273,0.55151266
1814,687997,6.855807,6.03125,0.88894165,0.44868785
1925,687455,5.539992,5.40625,0.75368625,0.4566155
1580,688025,3.916802,5.125,0.80378383,0.45671523
1814,1298538,6.528624,6.5625,0.797405,0.4530908
1940,907791,3.57739,3.609375,1.1823043,0.49738282
1830,1240192,2.75364,3.015625,1.1185483,0.46461004
1034,925346,-3.956269,-3.078125,2.087246,0.5043617
1931,905986,6.298391,5.84375,0.6024071,0.40206766
1084,910399,-4.014261,-2.296875,2.5585861,0.49742213
1815,910903,5.84807,5.9375,0.66810584,0.449888
1598,906842,2.341432,3.421875,0.9544931,0.44827744
1042,924100,6.456464,5.25,0.9318747,0.48763213
1083,1298141,6.51319,3.453125,1.6649358,0.5976678
2154,687505,2.47767,3.09375,0.62371767,0.3749834
1250,946354,-0.075261,1.7265625,2.3893309,0.6653415
2170,909785,3.616605,2.25,2.2569737,0.59790087
1926,910933,0.640597,1.515625,2.348021,0.66907644
2159,724831,3.421482,4.15625,1.0730624,0.530576
2172,906835,5.167362,2.71875,3.014958,0.71625835
1809,1240184,1.871826,-0.052246094,3.419235,0.6599641
1835,905972,6.753988,4.125,1.2169474,0.4829251
1560,687802,6.181413,4.5625,1.53165,0.5867299
1053,688121,2.29617,3.234375,1.7894404,0.59955436
2171,907318,3.042403,1.296875,2.2970266,0.6252101
1180,749716,-4.574589,-3.25,2.2066126,0.5176416
2109,906836,1.046177,2.828125,1.4762573,0.54874957
1813,907291,3.252464,5.65625,1.7726558,0.6086608
1627,1298358,2.358583,4.125,1.6239212,0.6066662
1913,907063,4.039817,3.921875,0.8207043,0.41424546
2037,1298157,5.074172,3.8125,1.3141729,0.5500498
1067,1303900,4.905411,5.75,0.50945646,0.37732738
2156,688087,3.241033,3.25,3.1600842,0.71126616
1072,910933,5.488779,5.375,0.94021523,0.50094855
1817,1240186,-5.144884,-4.46875,1.74741,0.4389738
1917,1303900,3.867411,2.515625,2.223141,0.64839536
1050,688025,2.277632,2.671875,1.9000683,0.612352
1925,909699,7.761068,5.15625,0.813579,0.44707894
1057,924100,-2.790473,-0.75390625,2.6608384,0.6038188
1912,906868,2.043516,3.078125,1.8917553,0.6185931
1617,908127,1.443261,2.109375,3.3328264,0.6722543
1239,1240186,4.977956,2.59375,2.5035944,0.67224395
1941,724831,-4.523241,-4.1875,2.102279,0.5235429
1849,909785,-3.723472,-1.734375,1.565671,0.48325065
1249,908121,4.986499,3.578125,1.3335974,0.5455526
1594,1298350,5.005162,3.4375,1.7010685,0.6046107
2046,1240172,3.800081,4.125,1.9575183,0.6623156
1613,1298538,1.969859,3.515625,1.9340922,0.632437
1632,907175,3.23858,3.046875,1.4366921,0.518303
1621,905972,5.395539,4.78125,0.97380775,0.5148529
1441,910781,1.029223,2.203125,1.5814382,0.56488395
1022,1298168,0.639496,-0.43359375,2.4724247,0.5923687
1008,1298365,-1.682582,0.064453125,3.8070803,0.74014544
1553,906836,1.989121,3.203125,2.1202981,0.6451684
1614,1240182,6.547056,4.09375,1.2699722,0.5261669
1803,907271,6.721216,5.34375,1.1687118,0.5883825
1062,998189,1.963947,3.890625,1.655197,0.6001081
1843,909745,2.956518,-0.55078125,3.3989642,0.6705091
1806,1240160,7.04475,5.1875,2.561789,0.6786503
1812,910920,2.946043,1.046875,2.9408648,0.6358246
1248,924248,-5.047139,-3.390625,5.1031046,0.8124767
1179,1503367,0.039477,2.046875,2.194948,0.68071914
2171,749716,3.568757,1.109375,2.9237583,0.6689659
2172,905982,3.569565,2.4375,3.2565515,0.7329789
1034,909975,-3.363938,-2.578125,2.7063887,0.5458975
2156,905964,1.366081,1.265625,3.9476926,0.74587494
1939,909699,6.139005,2.578125,2.0903583,0.6096683
1019,749716,1.273296,2.34375,2.0540545,0.59629023
1378,1331048,0.970282,0.39453125,2.9123402,0.6449504
1058,1298157,0.867672,1.5859375,2.0340188,0.6248249
1199,905964,2.402282,2.796875,1.4794794,0.5258513
1023,906836,2.468369,3.453125,1.2829617,0.5248384
1046,924248,2.351607,2.609375,2.4852002,0.66730493
1036,1240145,4.842211,4.34375,0.9371093,0.46815178
1922,909750,1.413864,2.828125,1.4702907,0.55203027
2038,1298358,5.058331,4.875,1.2546989,0.53871816
1808,1298537,1.183513,0.59375,3.8675697,0.7411701
1373,906746,5.989781,4.6875,1.1205227,0.5371914
1019,924100,3.906033,3.390625,2.0892012,0.6327
1581,687780,3.854937,3.109375,1.8519863,0.61150205
1583,687802,4.286932,3.53125,0.7119633,0.42367277
1817,687997,-5.029386,-4.96875,1.7728685,0.43959656
2359,687780,4.391548,6.0,0.7507984,0.4566155
1051,908465,2.494715,1.6875,2.5880172,0.6587447
1578,687568,4.957138,5.15625,0.7107915,0.4474556
1259,910920,2.479347,1.78125,2.8359573,0.6708955
2438,906696,11.277633,9.8125,2.3608835,1.1347502
1917,910399,1.00613,1.84375,1.9837986,0.6036341
1810,1298358,2.414853,1.0859375,4.2795677,0.78112227
1583,1240144,3.232507,3.265625,0.67737734,0.38390222
1375,909785,4.495956,5.25,0.9792825,0.4755586
2040,753554,-4.726224,1.5078125,2.0770671,0.6086312
1179,910920,1.627989,-0.453125,1.8238466,0.5420079
1582,687590,3.521745,4.6875,0.848616,0.45214432
1062,1240145,2.093455,3.484375,1.3383987,0.5257811
1629,687596,3.58305,4.375,0.9361727,0.48236704
1845,907274,-4.077401,1.4921875,4.780256,0.7975294
1593,908461,3.234946,3.015625,1.9343328,0.5998946
1908,905950,2.14475,3.078125,1.7952745,0.5870444
1017,753622,5.608716,4.125,1.0348715,0.4986888
2038,1299062,6.648624,4.40625,0.95902526,0.47297087
1736,908127,5.730202,4.03125,1.6839658,0.6015065
1009,753608,5.658337,5.1875,0.72749895,0.42141154
1068,753608,-0.445724,0.53125,1.880188,0.5308373
2010,1659818,1.915209,3.609375,1.5170304,0.569579
1375,753540,6.756864,7.03125,0.7172582,0.49006087
1564,1298348,1.918261,3.078125,1.9615107,0.5968523
2111,909749,6.09881,4.03125,1.5259933,0.5787194
1003,949090,-2.474278,-1.90625,4.0612307,0.6944678
1936,906868,3.048681,3.015625,1.5617367,0.58052367
1911,1298141,-1.830396,-3.15625,3.7583818,0.65502256
1053,1330947,1.073777,2.03125,1.7085519,0.5641418
1812,713880,2.651273,2.296875,3.0039423,0.6816787
1512,910933,4.970257,6.0,0.53992045,0.37831828
1038,713880,2.707275,3.53125,1.2806875,0.5429066
1054,907066,5.137812,3.40625,1.784721,0.60090274
1931,724859,6.356289,6.125,0.65663844,0.44638082
1782,909249,4.018704,4.71875,0.7563323,0.40925035
1057,1503365,-2.308133,-1.2421875,1.9333915,0.52623504
1047,1240153,5.586365,4.5,1.3741937,0.58106244
1626,753540,1.999737,2.796875,2.3214166,0.6676601
2172,749716,3.095587,1.03125,3.8548877,0.7494398
1062,924239,3.463971,3.703125,1.7570372,0.5886976
1058,1240182,4.066717,1.6484375,2.2627275,0.65686786
1627,1674021,2.819132,3.796875,1.433784,0.5718583
1006,909757,2.21274,1.9453125,5.237655,0.80688125
1014,1298537,2.836921,2.421875,2.592324,0.6686284
1924,687794,3.326183,3.828125,1.8885396,0.605705
1022,907795,0.694971,0.25390625,3.1646447,0.65800744
2148,925346,-0.115888,0.88671875,0.99726737,0.42818722
1048,753540,6.567151,5.3125,0.78354996,0.48143473
1200,753554,3.708387,3.984375,1.1099831,0.49143136
1615,1298358,5.645167,5.78125,0.78482234,0.47730795
1855,906827,3.95306,5.75,1.61723,0.61332005
1494,905982,-2.778042,-2.921875,3.0267498,0.61512244
2044,925346,3.988524,3.578125,1.005524,0.493356
2039,687505,2.080575,3.53125,1.0402122,0.49740833
1736,1298348,3.164186,4.0,1.5576248,0.57610846
1810,908127,-0.610734,0.8515625,3.5758095,0.72126573
1912,688013,2.789408,2.96875,1.9093469,0.59498173
1918,1240172,3.405099,3.921875,1.354495,0.562615
1018,907299,5.02546,5.46875,0.62366253,0.42049268
1239,910933,2.62574,2.765625,2.5106506,0.6711069
2045,907066,5.66233,4.71875,0.9020624,0.48684946
1014,907175,4.757662,1.5,2.9837441,0.6661322
2154,688121,3.313921,3.09375,0.78260046,0.40220073
1091,1331048,0.696754,0.9765625,1.5168986,0.525995
1576,924100,4.019536,3.53125,1.5662575,0.5566948
2047,906746,2.692591,2.953125,1.6273159,0.56987715
1372,925338,2.298108,0.57421875,2.7689638,0.6388132
1025,909785,4.719537,4.0,0.95435333,0.45518008
1237,909907,6.365307,5.9375,0.78546745,0.45616007
2156,907271,4.868644,3.90625,2.8048725,0.6924864
2039,749710,4.782642,4.15625,1.1836363,0.5213646
2156,688121,2.80972,3.25,3.482346,0.7296712
1618,1240192,3.192261,4.03125,1.193411,0.5351787
1013,1298538,4.026276,3.75,1.3431116,0.55224264
1615,687780,6.079904,5.875,0.7323217,0.46692327
1620,909709,5.764925,6.0625,0.6801011,0.46233067
1005,687802,6.375972,4.125,3.0632288,0.7595515
1831,1298538,4.439507,4.625,0.8787693,0.4622184
1086,909747,4.789232,-1.921875,4.388724,0.73667294
2047,1298350,3.433726,3.015625,1.7829742,0.58871514
1048,909785,3.540733,3.78125,0.8144659,0.4272937
1913,688025,4.826263,4.875,0.86028504,0.44785714
1049,946359,5.625505,3.6875,1.4187216,0.53534496
1581,1240145,0.946504,2.328125,1.2823324,0.508872
1086,910933,-1.842696,-0.5078125,4.2593336,0.732938
1815,1240172,4.569579,6.15625,0.72252643,0.4755586
1237,909709,4.952477,6.0,0.7834111,0.45672107
1038,1240144,1.748094,3.796875,1.1665167,0.52044415
2040,949179,1.086347,0.90625,2.1653402,0.6057423
2048,908465,-1.851081,-3.046875,3.5231562,0.63873
1810,946359,5.004962,0.011230469,3.8162212,0.7261455
1635,906849,5.053626,5.5,0.444007,0.3450128
1996,907066,4.84161,3.828125,1.4606284,0.5651833
2177,908127,1.850511,2.4375,1.480719,0.52369213
1180,910952,-2.698336,-1.8046875,2.747216,0.5939571
1020,946359,6.457764,5.1875,0.9565261,0.51095337
1582,910851,4.372193,4.71875,0.88206905,0.4748346
1175,907795,3.005772,4.25,1.3056108,0.55630225
1997,688087,3.864715,4.0625,1.5410303,0.59930646
1069,910899,2.873561,3.71875,1.3111418,0.54322404
1593,905982,4.535444,3.09375,1.9524846,0.59410584
1463,925338,3.189522,4.0625,1.2423046,0.5500151
1930,909749,1.178974,0.70703125,1.1977053,0.47289288
1614,907271,5.698814,4.46875,1.1240169,0.519819
1085,688121,2.932152,2.921875,1.5105022,0.5503808
2107,909745,6.243773,5.0625,0.61004156,0.411309
1057,688121,-2.53431,-1.2265625,2.3902333,0.5702518
1819,1298136,0.956282,-2.890625,5.899921,0.86382633
1853,1240127,3.217428,4.5625,1.0702718,0.50265294
2154,924100,3.830293,3.40625,0.86172706,0.42498547
2037,910920,4.035646,2.78125,1.3851876,0.5123302
1928,688025,2.634082,4.6875,1.0581785,0.5099201
2096,1298365,4.447848,2.640625,1.5075775,0.55482036
1911,1298168,-1.326269,-4.40625,3.1865396,0.6379661
1401,1240145,2.506165,1.984375,1.3566647,0.5276067
1813,753575,7.193128,7.03125,1.6874793,0.6833495
1862,1298365,-1.273014,-1.3046875,0.40248773,0.29680213
1838,909755,3.884549,4.21875,1.3516788,0.50496167
1043,946354,3.968963,5.40625,0.6548926,0.427771
1939,909907,6.053443,3.171875,2.233862,0.67331564
1049,907274,3.733866,4.125,1.517032,0.5500151
1913,906696,4.734547,5.75,0.8425753,0.4837031
1053,1659818,-1.259602,2.921875,1.7350423,0.604611
1038,910920,1.552073,2.625,1.1831704,0.49020377
1997,688121,6.510841,3.96875,1.7097769,0.61072606
1939,907066,2.852363,2.671875,1.9716692,0.61147374
1855,907794,4.531044,5.125,1.3271774,0.5583294
1168,749710,2.023396,3.328125,1.2462349,0.51633227
1919,925338,2.998234,1.9921875,1.2868159,0.50044256
1133,1331048,2.95372,2.03125,1.0290515,0.4579392
1038,949090,3.248523,3.609375,1.2403378,0.524463
2154,905950,3.575579,3.359375,0.72434,0.397017
1852,910399,4.156722,5.09375,0.65426445,0.41134578
1625,1240159,4.171348,5.0,0.8417813,0.48077044
1630,910911,3.794853,4.09375,0.96084815,0.49508116
1624,724870,2.506832,2.265625,2.2478275,0.6525425
1512,1240184,6.229102,5.6875,0.51796705,0.37030774
1010,687794,2.271589,3.75,1.6384068,0.6059868
1919,908127,1.401039,1.96875,1.328236,0.5139547
1782,1240145,4.69637,5.4375,0.5289578,0.37579882
2439,1674021,10.167144,9.6875,0.84091085,0.4753609
1038,1503367,3.505874,4.71875,1.430873,0.6600323
1913,925338,5.615818,4.96875,0.77467406,0.43343636
1268,998189,4.732223,4.71875,0.8575289,0.47001904
1080,907271,-3.582685,-2.328125,4.7587066,0.74921924
1007,924189,-3.947937,-3.484375,5.258939,0.79747283
1736,724831,3.460612,3.75,1.380557,0.5619035
1564,1240192,4.321187,2.828125,1.9290833,0.60401535
1854,1303900,5.272144,5.1875,0.8516554,0.48143473
1922,910851,1.337737,2.609375,1.540845,0.5670635
1576,925340,2.723115,3.234375,1.3358326,0.5195051
1089,1240223,7.072828,5.0,2.0415163,0.6066947
1564,908465,1.138846,2.828125,2.0456355,0.6195065
1067,907318,4.661747,5.125,0.4196634,0.33329052
2177,1240172,2.089979,2.65625,1.584166,0.5359939
1069,749710,4.244656,4.375,1.0886378,0.5139138
1200,907278,2.809274,3.609375,1.2457304,0.49185476
1010,1298157,3.956903,3.265625,1.4501737,0.55832016
1915,907791,1.861213,2.65625,1.7883586,0.58195454
1069,909749,3.534776,3.90625,1.0081046,0.49974284
2170,910933,3.8074,4.28125,1.8573626,0.62842846
1032,688087,1.873478,1.8984375,1.9998217,0.60563207
1003,924248,-3.17746,-2.203125,4.0255857,0.67571807
1449,687455,4.940761,5.84375,0.7331469,0.46211773
1036,949179,5.483929,4.25,1.1903228,0.52430975
1494,924239,-2.508288,-3.515625,3.6085243,0.658641
1013,907794,3.76658,3.921875,1.3030571,0.5710371
2039,688025,3.759544,3.671875,1.2913239,0.5336547
2045,1240145,4.302426,4.8125,0.7397111,0.4407493
2043,906835,7.604332,5.625,0.7001249,0.44639486
1401,906746,3.102231,2.59375,1.6334715,0.5892933
1512,1298141,6.19595,5.875,0.50955135,0.36612344
1804,1240160,5.414107,5.21875,1.4621617,0.65402037
1016,909720,-0.558591,0.578125,2.8050613,0.5832412
1036,910851,3.604789,4.5,1.2282577,0.54799
1911,1240145,-5.740976,-4.0625,2.8235593,0.59624213
1927,906827,4.873209,5.90625,0.7855254,0.48947915
1131,909709,3.873159,5.5,2.0726686,0.7047206
1598,906843,4.167876,4.53125,1.0065563,0.49006307
1030,909907,7.636061,5.71875,0.69034386,0.4755586
1908,910911,2.48771,2.609375,1.6116731,0.5453008
1593,906843,2.008569,2.765625,2.1433792,0.6193288
2043,1298157,4.25097,5.3125,0.73080146,0.450174
1084,907795,-1.200407,-1.953125,2.9712849,0.53153235
1053,1298168,3.008663,2.578125,1.3493065,0.51428837
2010,1240223,6.956708,4.09375,1.2822187,0.5449435
1908,688121,4.573276,2.765625,1.9137837,0.590697
1510,1298350,4.137629,4.59375,0.98309755,0.49877557
1941,908127,-5.087733,-3.65625,2.7003553,0.5702254
1086,905986,0.715884,-1.0546875,4.15283,0.72376823
1037,753622,3.033994,2.203125,1.4340314,0.5465812
2159,908121,5.040173,4.0,1.3555741,0.5630632
1050,687997,4.887611,2.59375,1.7887429,0.59350216
1011,1240172,3.272886,2.46875,2.598279,0.6701644
1918,907169,3.833935,3.671875,1.3400861,0.5538063
1626,753554,1.42375,2.59375,2.265194,0.65149
1022,909726,-1.259256,0.118652344,2.8573241,0.62269497
1018,909755,5.403491,5.6875,0.62059283,0.4197486
1378,907269,0.254716,2.171875,3.2870476,0.69955695
1852,1298537,5.656599,5.1875,0.64634,0.41579133
1563,909757,6.679941,6.125,0.7017448,0.43615824
1034,687590,-1.616405,-2.84375,2.4215462,0.5194241
2439,688025,8.065424,9.6875,0.86057353,0.4503216
2154,687590,1.739353,3.0625,0.72239274,0.38390222
1030,910952,4.293553,5.71875,0.57484627,0.42762038
1021,907291,2.401303,3.203125,1.429132,0.5338967
1930,906746,0.132256,0.80078125,1.1215395,0.46585253
1401,908121,2.01317,2.359375,1.8975749,0.6204961
1079,906836,1.557844,1.1015625,3.7019956,0.76973593
1008,906835,-0.925988,1.3515625,3.9498868,0.7515793
1020,1303900,5.266845,5.75,0.9111815,0.51376176
1736,688025,5.22443,3.828125,1.8151333,0.61114234
1557,924100,5.777879,5.34375,1.0273567,0.48874053
1598,910933,3.118248,4.90625,0.9789398,0.49923167
1061,905950,5.346141,4.875,0.96802515,0.5104789
1913,1298365,6.326532,4.5,0.7674948,0.42284152
1618,687455,4.594246,4.3125,1.3618542,0.57000685
1026,909726,0.252273,-0.515625,2.432302,0.52173126
1620,1303900,5.473355,5.78125,0.56800145,0.4027778
1057,924248,-2.097279,-1.3671875,2.2100205,0.54327446
1053,724859,3.724197,3.578125,1.488321,0.58763736
1049,909726,3.16756,3.890625,1.3070533,0.52661866
1052,906843,5.845027,3.859375,1.3569055,0.5607571
1621,1290797,4.95182,4.8125,1.0328474,0.53080976
2038,687505,4.786214,4.5625,0.9660971,0.48139182
1249,908150,4.165651,3.765625,1.2361379,0.5361994
1852,907299,5.415383,5.1875,0.67604923,0.42450032
1626,1331048,0.295036,0.21289062,2.6930914,0.65354615
2439,907278,9.120603,9.5625,0.8137925,0.42039177
1779,1331048,0.491875,-0.296875,1.954618,0.58361185
1911,1240144,-5.261806,-3.4375,3.2883015,0.604292
1936,907169,1.723126,3.1875,1.6550423,0.60005206
1917,1240144,2.570013,2.296875,1.9839565,0.60944635
1131,909745,7.375968,4.375,1.4152873,0.5559862
1629,910920,5.413213,3.71875,0.9884747,0.45713544
1778,909749,4.302243,3.28125,1.6529518,0.58460647
1930,908465,1.323566,0.515625,1.0816882,0.45159182
1199,1322212,4.204557,3.359375,1.4926443,0.525305
1916,909749,2.293252,2.84375,1.7065219,0.58884174
1072,1298350,4.779514,5.15625,0.9142553,0.48461407
2157,1240160,6.143173,5.5,0.7700897,0.45767546
1036,909975,5.858924,4.625,1.288282,0.55032104
1018,909699,8.120563,5.5,0.72219604,0.43418932
1613,905972,5.238688,3.296875,1.8984272,0.6329733
1825,909745,-0.273332,-0.35742188,2.108223,0.5510571
1192,907063,2.728745,2.09375,1.5440146,0.56259173
1057,909745,-3.230928,-1.2890625,1.9393847,0.5231046
2040,909249,-0.028162,0.5234375,2.41416,0.63384455
1018,1290797,5.497118,5.53125,0.6164231,0.42732298
1706,1330983,1.377843,1.734375,3.8460767,0.81216383
1802,1298136,4.612168,4.375,0.84236157,0.45112973
1024,909731,-2.734244,-0.21289062,2.9414127,0.61632705
1068,753554,0.401031,0.6640625,1.8511113,0.53989017
1910,687780,1.554275,2.890625,2.7917547,0.7137367
1059,687780,-1.292903,0.76171875,2.775696,0.6566396
1014,753622,2.355176,2.0,2.339498,0.63102597
1373,713880,4.993072,4.40625,1.2734867,0.5638206
1626,687455,3.421905,2.765625,2.5771785,0.69828826
1072,907169,5.212715,5.15625,0.95922196,0.500651
1039,1322212,4.692282,4.1875,1.31074,0.47759357
1080,910920,-1.69998,-4.46875,3.7964776,0.6791509
1016,905982,-0.672626,0.515625,3.030766,0.58498365
1033,1240127,5.187429,5.15625,0.61335534,0.41643035
1936,1240172,3.751176,3.453125,1.641593,0.6041409
1563,713880,5.38303,5.84375,0.71983653,0.43778533
2157,1298537,5.139145,5.28125,0.6548537,0.41912854
1089,907278,2.950531,3.953125,2.916138,0.6457914
2046,1298348,2.39111,3.890625,1.836607,0.62445813
1059,925340,2.321522,0.37304688,2.447669,0.6095574
1441,1298348,3.000653,2.390625,1.8585297,0.59608006
1179,910933,2.464911,1.2578125,1.9559679,0.59235126
1632,1240172,4.890706,4.28125,1.2892174,0.5396046
1931,909749,5.741477,5.875,0.56512237,0.40860468
1067,907271,4.864303,5.8125,0.4508156,0.36432692
1813,1298537,5.020614,5.6875,1.5424175,0.5791108
2177,906836,1.333078,1.9375,1.6732665,0.53151524
1061,724859,5.143774,4.96875,0.9346006,0.53104615
1831,688121,4.916374,4.34375,0.9677623,0.47117546
1802,910781,3.367882,4.125,0.6343235,0.39224434
1248,1503365,-4.389604,-3.078125,4.6903114,0.7825232
1050,687505,2.915546,2.421875,1.5264473,0.5702518
1598,753575,6.317468,5.3125,0.99424946,0.537987
1862,910899,-1.258756,-1.1015625,0.43241027,0.2960011
1088,910903,1.807562,2.890625,3.6460924,0.78829706
1862,1240172,-1.577823,-0.92578125,0.40445477,0.2966737
1831,910920,4.345737,3.453125,0.8243543,0.41182274
1808,946359,5.663722,-0.16992188,4.3496604,0.75324196
1778,1240192,4.872826,3.28125,1.6565058,0.5946417
1062,687568,4.07305,3.78125,1.6231343,0.5943752
1778,1303900,4.230636,3.703125,1.9187095,0.62740695
2169,906813,2.213817,3.703125,1.844684,0.61505425
2159,753620,4.290602,3.515625,1.5020292,0.5583294
1917,909726,1.486626,2.015625,2.084971,0.6138157
1626,910933,2.597948,2.96875,2.4964554,0.6888378
1918,906836,2.123117,3.375,1.4314605,0.5566948
2047,909720,2.094389,2.984375,1.5282534,0.5568489
1563,924248,4.84917,5.90625,0.7163771,0.43069088
1706,910920,3.102578,0.3984375,3.7548847,0.7517525
1042,909249,3.85623,4.25,0.94354194,0.45584995
1259,1240160,6.444697,3.40625,2.827224,0.7591423
2159,687997,4.612912,3.953125,1.3414503,0.54322404
1786,1240159,3.567937,2.984375,1.5727786,0.55350655
2111,905964,3.00051,2.4375,2.1581411,0.6149695
1936,1298538,3.062695,3.328125,1.5517595,0.579708
1378,907274,4.433425,2.921875,3.23711,0.7054615
1200,687505,2.485342,3.859375,1.1255993,0.49834523
1179,1298157,0.551425,0.76171875,1.782548,0.56081504
1512,909749,5.069124,5.6875,0.45849416,0.35134223
1927,1240184,4.814909,5.125,0.6790797,0.4362972
1624,905950,3.868298,3.515625,2.3303232,0.68927425
1939,946359,6.259538,2.484375,2.1017616,0.6187589
1816,905986,5.324268,4.03125,1.1676798,0.5039227
2055,753554,1.561813,1.96875,2.0646877,0.5856248
2043,924248,5.344321,5.3125,0.795773,0.45801002
1510,906843,4.063268,4.40625,1.0326416,0.50147086
1052,906849,3.585197,3.765625,1.6218919,0.59689045
1199,910903,4.345263,4.3125,1.2507017,0.53563285
1057,909907,1.3141,-0.8671875,2.4524488,0.5951482
2174,905982,3.229525,3.21875,1.8927491,0.58420455
1067,687596,3.751045,5.21875,0.486476,0.35594666
1557,1331048,4.169255,3.046875,1.168333,0.45666152
1034,1298350,-2.380665,-2.453125,2.6285076,0.542359
1191,687596,-3.296432,-4.9375,0.9574558,0.36128944
1012,910781,2.539989,1.53125,0.84683037,0.40285942
1011,910851,2.133422,1.625,2.6870065,0.6605287
1375,909747,7.450541,6.4375,0.80424374,0.48599964
1084,908465,-1.100344,-2.25,2.4055831,0.47454622
1003,688121,-3.40744,-2.0625,4.272786,0.70435625
1593,1240223,3.47934,2.890625,1.8612186,0.59407145
1561,906848,2.331169,2.984375,2.5396867,0.7137387
2055,907299,1.531244,1.859375,2.269868,0.6067447
2171,910952,2.359278,2.390625,2.6718655,0.6771081
1831,906843,3.755972,4.375,0.9257291,0.46846128
2107,753608,4.956047,5.4375,0.6745803,0.4508094
1928,905968,4.521447,4.59375,0.9529987,0.49997225
1614,1503365,5.769843,4.25,1.1405468,0.5207366
1827,909249,0.450262,0.26953125,2.4043994,0.57363147
2011,1240192,5.441044,4.6875,1.0179206,0.5020168
2154,910780,1.274192,2.359375,0.6393392,0.35042733
1593,1240144,2.494662,3.0,1.866149,0.5787487
2156,906827,2.119401,5.0625,3.342403,0.7940488
1017,906848,3.885447,4.75,1.368108,0.5456637
1069,909731,3.329635,3.921875,1.1760045,0.5314443
1058,909720,0.506145,1.859375,1.8144674,0.6049794
1913,905964,3.939827,3.8125,0.8869023,0.42300922
1375,908150,6.904965,6.6875,0.6591873,0.4543823
1782,753554,5.920737,5.53125,0.61174196,0.40366483
1012,906813,1.932743,1.7890625,1.107501,0.4623684
1908,1330935,2.570057,2.765625,1.906765,0.6027818
1926,909757,-0.273233,1.1171875,2.385425,0.6673099
1441,1330983,4.272082,2.0625,2.1759572,0.6406021
1373,946354,4.522665,4.375,1.1387076,0.53342104
2106,907322,3.82377,2.453125,2.0391278,0.6088449
1529,907794,0.271184,1.546875,4.0578356,0.75604695
1706,1290797,2.443795,2.21875,3.0347939,0.7302064
1003,910952,-3.705529,-1.3359375,4.244793,0.71251327
1853,907299,3.732123,4.6875,1.155373,0.5181207
1168,909720,3.922836,3.015625,1.0655464,0.48524708
1559,1240153,-0.366869,-2.25,2.7282896,0.58064085
1050,946354,-0.032651,2.453125,1.5594145,0.58549243
1862,1322212,-0.851373,-1.3125,0.4222911,0.2932989
1916,1298365,2.498992,2.421875,1.6516086,0.5698937
1511,687997,1.485899,-0.60546875,4.208946,0.72426736
1199,909726,4.702456,4.0625,1.2998977,0.53719795
1083,905982,2.783121,3.359375,1.6640145,0.5856151
1563,907169,5.319613,6.0625,0.6853838,0.4281704
1630,1299062,3.776969,4.0,0.9205101,0.48667434
1507,687596,5.167032,4.75,0.63464296,0.389444
1019,1240153,2.054157,2.953125,1.9851909,0.61566716
2158,713880,3.758893,4.375,1.330546,0.5611745
1022,998189,0.379303,0.38476562,2.8465781,0.6355093
1179,1240127,0.353755,0.68359375,1.7735108,0.5579718
1449,749710,6.132839,6.03125,0.6624667,0.42779547
1042,1503365,7.642711,5.21875,0.7893334,0.46791115
1926,946359,1.861416,0.640625,2.556785,0.67429805
1939,1298365,5.518461,2.28125,1.7468647,0.56570625
1620,909249,4.591779,4.71875,0.61214334,0.37563726
1529,909745,1.30562,0.7265625,3.890125,0.71003973
1911,906813,-4.645988,-2.9375,3.7492774,0.6451684
2169,909726,4.64125,3.0625,1.7614186,0.56493396
2048,1240198,-0.630772,-2.1875,4.7241626,0.73565996
1239,906746,1.003128,2.421875,2.239637,0.63232124
1168,909907,4.924159,3.046875,1.3709202,0.5467853
1583,906848,1.272098,3.359375,0.8096603,0.4269667
2107,1240153,3.815473,4.9375,0.74326307,0.44857475
2044,909257,2.462879,3.953125,1.0577506,0.5216601
1561,907175,2.467282,1.484375,2.4444735,0.65934074
1940,910903,2.410017,4.25,1.0393416,0.4995558
1936,1298141,4.686339,3.390625,1.5721486,0.5932396
1025,907791,5.486455,4.78125,1.0268719,0.4785665
2171,1240144,1.324082,2.140625,2.4911766,0.6453926
1259,687794,2.779212,3.796875,2.5596218,0.7293728
2173,924239,3.350216,3.828125,1.3048756,0.5230849
1802,907269,3.17564,3.703125,0.86242354,0.4253289
1630,909975,4.648416,4.15625,1.0896428,0.52508223
1012,1659818,0.453428,1.40625,1.0233397,0.43270773
1630,907278,3.77681,3.796875,1.0832591,0.5126912
1021,908461,6.809345,3.546875,1.3883396,0.5345139
1813,925338,4.011859,5.75,1.5635449,0.58119583
1786,949179,2.79574,2.578125,1.6944163,0.5513845
2173,1503365,5.479298,4.1875,1.1585197,0.5235429
1008,910780,0.261968,-0.734375,4.296177,0.7788746
1080,687568,-0.799423,-3.40625,3.975117,0.67135125
2154,909745,2.798532,3.171875,0.63480896,0.3634942
1023,909907,4.053955,4.0625,1.3273135,0.5598112
2172,1290797,2.412424,2.25,3.268779,0.7417776
1057,910567,-0.099349,-2.140625,1.9871045,0.51939857
1576,906843,2.351189,3.3125,1.371918,0.5308572
1507,906849,4.500215,5.0,0.73211807,0.41813797
2055,687819,3.671391,1.8359375,2.4999342,0.62528676
1817,687455,-3.172312,-4.3125,2.1288626,0.485088
1576,688025,1.709625,3.265625,1.4725381,0.53922844
1594,688121,3.720635,3.171875,1.959022,0.6252888
1558,1322212,3.514648,2.984375,1.492617,0.53315735
1933,687997,4.125381,4.375,1.4829489,0.5767186
1060,908150,1.820412,1.3671875,2.2022486,0.5967007
2043,753612,4.538019,4.90625,0.8498205,0.46102217
1847,1240153,3.007613,4.28125,2.574357,0.7335717
1924,906843,4.446099,3.296875,1.7799991,0.5764365
2499,998189,9.746839,9.875,1.5039883,0.7789397
1088,753554,0.092742,2.703125,3.6537735,0.7899578
2110,753575,3.732041,5.6875,0.8606327,0.5154341
1239,1322212,2.247655,1.484375,2.8149705,0.6548532
1511,906849,0.216775,-0.74609375,4.4023056,0.72141963
1940,688013,2.284189,3.828125,1.0501925,0.48071578
1922,906849,1.950735,2.78125,1.8777587,0.6110465
1862,688013,-1.570429,-0.92578125,0.4141682,0.29369247
1018,907271,5.598973,5.8125,0.5762074,0.41583744
1060,687505,1.161896,1.03125,1.995341,0.55818594
2171,1240198,3.61815,2.3125,2.8158724,0.68627703
1919,906813,2.784674,2.15625,1.3973833,0.53799576
2011,1298141,5.591706,5.0,1.0653144,0.51203954
1237,909785,3.429389,3.96875,0.65714103,0.36297637
2158,753620,4.402094,3.84375,1.4161413,0.5424819
1089,906848,4.128628,5.1875,2.8775904,0.70131874
1618,910903,3.189273,4.1875,1.2581408,0.54019594
1634,924189,5.800197,4.5625,0.9611862,0.48017988
2044,909747,5.886074,3.765625,1.3323858,0.5706154
1018,1330983,4.524077,5.1875,0.7620885,0.44315118
1372,907271,-1.086403,0.80859375,2.6201637,0.6251076
1926,924239,-0.384086,0.953125,2.6100547,0.697678
1048,907169,4.82266,5.1875,0.8295762,0.48115817
2044,906746,4.278907,4.125,1.1677045,0.54700446
1930,907269,-0.578422,0.55859375,1.3775475,0.49696586
1024,1240127,1.543004,-0.43554688,2.629267,0.5869938
2047,906827,1.531907,3.734375,2.1040092,0.6587864
2156,1240153,2.787856,2.90625,3.4325767,0.7305288
1845,687997,2.359912,0.88671875,4.6001363,0.7866203
1084,907291,-1.244735,-2.015625,2.8212445,0.52564806
2096,906813,-0.042088,3.578125,1.823426,0.6513211
2177,910903,1.514585,2.453125,1.4834282,0.5220616
1057,1298358,-0.549348,-0.95703125,2.4661884,0.5785346
1925,1240198,5.9068,5.4375,0.791622,0.45445198
1083,907278,2.704218,2.78125,1.8394969,0.59859556
1576,1298157,3.231026,3.234375,1.266199,0.51015824
1069,906813,4.438769,4.375,1.1780633,0.5691534
1024,924239,-1.671275,-0.25390625,3.1710038,0.6493329
1631,909757,5.03919,3.734375,1.6106952,0.56405663
1809,907291,0.474915,-0.11376953,3.633103,0.68643653
1133,753612,5.028358,3.421875,1.1238519,0.52376336
2055,1290797,2.259666,1.875,2.2163982,0.6060124
1023,907791,3.579792,3.359375,1.2106838,0.49026987
1915,907274,2.707847,3.171875,1.9432354,0.6143111
1020,909257,5.146277,5.4375,0.7180849,0.46904773
1180,687997,-1.043952,-2.421875,2.5363853,0.56625766
1812,753575,4.706075,3.71875,3.0078115,0.73939
1918,1298537,2.559975,3.59375,1.248434,0.5360282
1813,907794,4.689729,6.46875,1.5698346,0.6198216
2043,1322212,5.741651,4.75,0.8663467,0.4384111
1026,906813,-0.073323,0.1015625,2.6722994,0.55993855
1043,687802,6.536891,6.09375,0.7568545,0.48750547
1043,753540,4.350113,5.6875,0.6869388,0.44813362
1053,910920,2.132936,2.109375,1.6654444,0.5445907
1177,1240182,6.620751,4.53125,1.0254846,0.50835854
1036,907299,5.443695,4.59375,1.1883926,0.5356674
1010,906836,2.241583,3.046875,1.6171771,0.58052367
1913,906843,4.30893,4.875,0.8451592,0.4479887
1808,906842,-3.112431,-1.6640625,3.9615214,0.72800976
1259,910952,2.357036,3.546875,2.3854473,0.68927425
2170,909750,1.195599,3.8125,1.8030365,0.59533936
1583,925340,3.463837,3.140625,0.7135954,0.38811886
1811,1298350,-2.844421,-3.421875,3.5692728,0.6301662
1816,1240172,3.726513,4.28125,1.3008071,0.5294444
1088,910952,2.00352,3.359375,3.749573,0.8106699
1632,924248,3.944463,3.90625,1.3772051,0.541026
1378,1240145,-0.244131,1.875,2.1986587,0.5930378
2040,924239,1.053396,1.2890625,2.4498634,0.65191936
1043,724859,4.518237,5.75,0.69582254,0.46089718
1089,1330983,1.363939,4.15625,3.3244996,0.7075276
1049,907291,3.430858,3.859375,1.3318304,0.52320075
1827,713880,-0.161215,0.84765625,2.3627882,0.5733898
1918,907318,4.335927,3.171875,1.0320723,0.48721096
1634,907318,4.950678,4.09375,0.77227247,0.4276691
1814,909731,5.732175,6.4375,0.93670607,0.48638657
1924,1240159,5.058099,3.234375,1.625333,0.5608272
1631,687794,2.521922,4.25,1.6768457,0.5930571
1843,687455,0.999288,-0.12158203,3.9633684,0.72834915
1852,910780,4.455201,4.40625,0.6525278,0.39230427
1720,909749,5.177455,4.15625,1.6605711,0.6050614
2110,906868,1.970596,4.75,0.82725,0.46523988
1012,753575,2.962801,2.03125,1.2015139,0.4915194
1033,907299,4.839408,5.21875,0.66216844,0.43087775
2039,688121,4.286296,3.609375,1.3067193,0.53185076
1915,905972,4.057452,2.953125,1.589722,0.5763696
2109,909750,2.016269,3.109375,1.2932402,0.5184206
1720,724870,5.595712,3.203125,1.8798879,0.61471254
1008,910567,2.961959,-0.39257812,4.481603,0.796439
1598,1298141,5.676994,4.8125,0.93183804,0.48510703
1563,906842,3.47422,4.6875,0.702363,0.38995668
1061,753575,5.957266,5.4375,0.9969712,0.57086974
1931,906843,5.751028,5.75,0.67754215,0.4057809
1924,1674021,2.739708,3.125,1.8384361,0.5756328
1168,1240198,1.668438,2.984375,1.2842934,0.5148341
2499,908127,9.731057,9.9375,1.5286015,0.8144419
2038,909975,5.034258,4.65625,1.140876,0.51424927
1017,688025,2.855201,4.375,1.2704407,0.52502453
1594,909907,3.143907,3.640625,1.9900298,0.67331564
1825,925338,-0.756043,-0.2421875,2.4002612,0.58248353
2043,909975,5.330396,5.375,0.83475006,0.47798127
1022,907278,-0.033386,-0.019042969,3.1816728,0.6666697
1038,907794,4.518414,4.03125,1.2007092,0.5567146
1037,1240182,3.237869,2.578125,1.751225,0.56987077
1034,1503365,-2.094415,-2.578125,2.3327026,0.51658714
1510,688121,4.769622,4.40625,1.110042,0.51203954
1814,907318,5.288964,5.875,0.7809241,0.43581086
1847,907795,2.479972,4.5,2.7294872,0.7565887
1180,1240153,-3.616746,-2.75,2.1635296,0.5161658
1918,909724,2.870821,3.546875,1.2999154,0.5385728
1062,908465,1.781228,3.828125,1.6137459,0.59389263
1831,905964,3.157401,3.390625,0.8432803,0.41588792
1617,910399,2.045317,1.453125,3.1802628,0.6367094
1237,907291,4.937681,5.3125,0.662668,0.3989111
1873,907063,0.945113,0.91015625,1.5015624,0.555373
1625,910780,5.034486,4.15625,0.86592287,0.4450225
1613,910911,3.671814,3.140625,1.8881123,0.611448
1073,910780,5.206538,3.078125,2.0792987,0.65732455
2057,1330983,3.679573,4.75,0.8554286,0.4593092
1931,753622,5.267039,5.53125,0.59630907,0.3985022
1939,1503367,2.730366,4.09375,2.3076346,0.74012
1012,753622,1.592297,1.1953125,0.8454502,0.41695806
1581,1298348,3.416228,2.984375,1.5913163,0.56280756
1812,1330947,-0.128473,1.1875,2.9009824,0.6529479
2046,925340,0.628184,3.671875,2.0124588,0.6485731
1852,908127,5.198874,5.375,0.6793397,0.43259087
1131,946359,2.381763,4.28125,1.9140207,0.62284654
1004,1330935,-2.679476,-3.984375,5.023983,0.82818884
1635,946359,5.93727,5.4375,0.40986323,0.33408433
2110,1298365,6.002208,4.40625,0.79232025,0.44330955
2498,909750,7.398822,8.6875,0.70214236,0.43307307
1939,907274,2.085915,3.0625,2.222061,0.63612455
1052,1240145,3.495623,3.609375,0.99095565,0.4837111
1803,687455,4.110361,5.21875,1.3730825,0.63663626
1058,909747,1.984239,1.328125,2.257655,0.6615477
1494,1503365,0.238965,-3.078125,2.8758957,0.5979694
2158,1298538,5.918665,4.65625,1.2009729,0.5371914
1067,687568,6.626979,5.46875,0.4518571,0.3590516
1997,713880,4.420392,3.921875,1.615755,0.6096942
1916,753612,3.424213,2.421875,1.9238155,0.617019
1720,909785,-0.740899,2.375,2.333512,0.64387745
2111,949179,4.778335,3.578125,1.721772,0.5882925
1177,687997,5.662803,4.3125,1.0310113,0.49810877
1199,687819,3.269473,4.125,1.4920076,0.5744263
2109,687802,2.863301,3.640625,1.3376883,0.55989224
1005,925338,5.337535,3.203125,2.9487035,0.7125241
1449,906868,4.998045,5.5,0.63584083,0.42063275
1085,924239,2.018832,2.84375,1.4338772,0.5329961
1191,949179,-4.904751,-4.84375,0.9286232,0.36114144
1034,1298157,-1.614165,-2.71875,2.3514993,0.51246095
2439,688087,6.94767,9.6875,0.80821836,0.4418527
1053,907274,0.062179,3.484375,1.8167106,0.6027818
2044,909720,4.338991,4.125,1.0881736,0.52572536
2055,908127,0.98578,1.9921875,2.1961932,0.6004879
1038,687505,4.260734,3.53125,1.0900342,0.51325196
1012,907066,2.545427,1.4375,0.9798638,0.4217904
1908,753622,2.97118,2.484375,1.4989811,0.546183
1067,906696,5.31289,6.25,0.53738505,0.40855193
1004,1298350,-1.667532,-3.0625,4.5196323,0.73203397
1200,1240127,3.917696,3.8125,1.1543505,0.49817035
2048,753612,1.18593,-3.84375,3.7878878,0.66016495
2158,905950,4.194273,4.6875,1.2393724,0.547314
1373,910851,2.779458,4.40625,1.25529,0.562928
1069,908461,4.356052,4.125,1.0737972,0.5201165
1915,1298157,3.390357,2.921875,1.6317687,0.5771146
1373,905964,2.248854,3.359375,1.386225,0.54182804
1019,1659818,1.097155,2.84375,1.9853783,0.62164193
1997,687596,3.80573,3.546875,1.595198,0.5929618
1192,1303900,2.528639,3.453125,1.6896784,0.61566716
1776,910781,4.054945,4.375,0.7949085,0.44133863
2172,946354,-0.883625,1.921875,3.1352382,0.72935784
2039,1330935,2.440946,3.390625,1.3303233,0.53871816
1925,1298348,6.093732,5.34375,0.6597048,0.41688746
1626,1298538,3.388311,2.78125,2.3811018,0.65700877
1997,910851,5.067331,3.90625,1.5765843,0.61005193
2499,907291,9.129149,9.875,1.6810709,0.8290685
1598,910899,4.833356,4.375,1.1206013,0.5064072
1930,1240182,1.669577,0.7421875,1.2899698,0.47950333
1854,1240186,5.6458,5.125,0.8060027,0.47413075
1917,910851,0.79143,1.828125,2.201152,0.63307095
1032,1240145,1.428939,1.171875,1.4552716,0.5224039
1046,749710,1.669659,3.296875,2.158928,0.63558877
1812,1330935,1.956441,2.46875,3.1223116,0.70853996
1034,1298365,-2.598403,-3.125,2.349641,0.53319937
1996,1659818,2.729703,3.71875,1.572643,0.58166313
1012,1298358,1.455952,1.65625,1.2072585,0.46014673
1043,1298141,6.022498,5.65625,0.68888456,0.4381103
1559,906842,-4.271701,-3.59375,2.2205298,0.5365684
1014,909257,2.29641,2.328125,2.2202225,0.6239583
1576,687568,3.598061,3.1875,1.279058,0.51533914
1594,1240145,0.123568,2.921875,1.3016965,0.5325025
1133,907795,3.284318,3.953125,1.1450907,0.53641117
1060,687780,1.232858,1.6171875,2.6155694,0.63473344
1558,1298348,2.992809,3.71875,1.3203512,0.53468
1149,909699,3.628653,1.078125,2.1402085,0.5798909
1627,1298537,2.123307,3.796875,1.3261895,0.552261
1191,1298157,-5.406625,-4.5,0.96030354,0.36971903
1003,687455,-2.963191,-1.703125,4.1152835,0.7037108
1909,909757,2.792022,2.578125,2.2945096,0.6418767
1051,909724,3.357802,1.65625,2.8646784,0.68055665
1557,905950,6.129972,5.375,0.91644627,0.4722029
1625,908127,5.201779,5.125,0.9229051,0.49681744
1630,909724,3.415979,4.03125,1.0531424,0.51671976
1011,1240159,6.473038,2.0,2.3599355,0.6365385
1013,907066,3.381493,3.328125,1.3931059,0.56128967
1449,1303900,5.458259,5.90625,0.7317361,0.450174
1494,907299,-3.691206,-3.15625,3.2188034,0.63034034
1924,688013,3.840135,3.015625,1.680014,0.54143316
1931,924100,6.098175,5.9375,0.69222236,0.42477715
1583,998189,3.154635,3.21875,0.70630276,0.3911364
1594,907278,3.328931,2.828125,1.8876213,0.61724126
1635,906842,3.301751,4.6875,0.37388468,0.29635596
1133,1674021,3.718919,4.0625,1.1039257,0.53333557
1997,909747,-0.771523,3.828125,1.627683,0.61419517
1916,749716,2.835808,2.140625,2.0610664,0.60963213
2044,687802,5.070736,4.46875,1.3334173,0.60567904
1047,687997,6.186854,4.5,1.327846,0.5543598
1593,687590,3.354437,2.71875,2.0639732,0.5991697
1622,907318,4.940759,4.1875,0.6827152,0.4062679
1006,749710,3.79686,2.828125,4.8715043,0.80305314
2046,946354,1.988505,3.53125,1.912174,0.6406764
1847,906835,6.669844,5.03125,2.1224816,0.70423615
1084,907271,-2.8902,-1.3984375,2.780798,0.52173126
1996,1240127,3.838013,3.96875,1.3169128,0.54700446
2171,1298136,1.438991,2.1875,2.9133058,0.70698667
1564,909709,1.406726,3.328125,2.479951,0.69375294
1372,1331048,2.235931,-1.265625,2.6292067,0.63532096
1019,907322,1.479593,2.0,2.1005638,0.6041409
1512,1240144,5.646635,5.71875,0.4763564,0.35007006
1085,910851,1.440183,2.734375,1.371404,0.53603506
1029,946354,5.037996,5.53125,0.52992487,0.39703774
1068,1240198,0.84577,0.74609375,2.1577404,0.5665208
1804,906836,4.053169,4.75,1.5794092,0.6461101
2156,724831,3.458403,3.09375,2.574833,0.6611882
1008,905986,-2.323873,0.93359375,3.987421,0.75872123
1813,1659818,3.037817,5.3125,1.9108058,0.6340024
1620,907795,5.728807,5.5625,0.6104726,0.41394937
1911,910952,-5.610569,-2.78125,4.377841,0.7090683
1614,909731,4.654571,4.15625,1.2766534,0.5343459
1023,1240159,3.728929,3.828125,1.0237155,0.48826247
1621,687568,6.080941,4.6875,1.0082144,0.5194868
1179,1503365,2.589316,0.8515625,1.7201103,0.55974567
1441,1240127,2.569577,2.09375,1.8495779,0.59608006
1925,1503365,5.570044,5.34375,0.6727382,0.4327733
1912,753620,1.868978,2.546875,2.086768,0.61147374
1494,713880,-4.829715,-3.390625,3.12798,0.62161475
1926,909749,0.972158,1.0234375,2.149125,0.641688
1621,749710,5.357204,5.125,1.0136884,0.51562244
1061,907063,5.080367,3.5625,1.0308169,0.4916495
2174,924248,2.485746,2.921875,2.0969443,0.60874116
1048,908465,5.919079,5.09375,0.76546603,0.4691224
1018,906696,5.943845,6.375,0.68644303,0.4666419
1068,908461,0.231315,0.57421875,1.9316891,0.54037964
2154,724870,1.847244,2.59375,0.624132,0.35554853
2011,1298348,6.106735,4.875,0.98936814,0.4829362
1511,909720,-0.329437,-0.2421875,3.346391,0.65058154
1512,1674021,5.910962,5.65625,0.50852245,0.36264408
1632,687568,5.025144,3.875,1.2166467,0.52104825
1003,1298537,0.08025,-1.7265625,4.0123043,0.7083848
1581,909249,-0.088085,2.046875,1.7618198,0.5569606
1133,924239,2.668395,3.640625,1.1636832,0.52051187
1779,907795,0.879465,1.359375,2.2391696,0.62352705
1268,908461,2.595714,4.875,0.8448888,0.46788257
2170,724870,4.112119,3.046875,1.8808653,0.5833127
1083,687505,2.791579,3.0,1.5005755,0.563401
1175,924100,4.093791,4.5,1.316311,0.5608615
1802,1240198,3.641604,4.375,0.8326659,0.44136646
1629,687997,4.662331,4.5625,0.9076359,0.47007924
1463,1330983,2.420685,3.78125,1.4718442,0.5811318
1624,907299,1.737116,3.234375,2.3614652,0.6855313
1023,713880,2.226669,3.671875,1.1718574,0.5109217
1854,906849,4.016768,4.8125,0.9976069,0.50094855
2044,909731,2.988153,3.953125,1.333792,0.5683099
1179,909785,-0.923636,-0.73046875,1.7535154,0.54122955
1720,724859,5.927374,4.53125,1.7391073,0.6464552
1621,906849,3.498618,4.5625,1.3212291,0.5672836
1853,1298537,4.415377,4.65625,1.0936905,0.5057941
1072,908150,4.420831,5.09375,0.8694622,0.4839748
1194,910851,1.711509,3.046875,1.7837732,0.6154976
1079,724870,2.569052,0.609375,2.8913815,0.67827916
1913,753608,5.231765,5.21875,0.75850934,0.45079312
1557,688121,6.330555,5.125,1.0759895,0.48749545
1052,910780,2.123638,2.984375,1.2122364,0.5060941
1019,1240186,3.003581,3.390625,1.8877914,0.6203013
2096,909975,3.71887,3.109375,1.7876519,0.6078131
1924,687802,4.813961,3.921875,1.7949193,0.61028403
1803,749710,4.139343,5.4375,1.2559557,0.59442604
2039,1240198,3.761305,3.828125,1.2677275,0.53468
1014,1240145,-0.289504,1.84375,2.0779445,0.58129376
1618,905982,4.667504,4.21875,1.2674755,0.5386777
1813,724831,6.17535,5.75,1.3357315,0.56913626
1812,906842,0.786782,1.0390625,2.7659407,0.6354772
1058,907278,2.835727,1.296875,2.357012,0.66546005
2158,687568,6.164498,4.4375,1.1954507,0.5402322
1909,907791,2.450626,2.0625,2.4813118,0.6428368
1910,910899,-2.235435,2.140625,3.0860162,0.7060911
2046,753540,2.399552,4.03125,1.8756361,0.6536038
1129,753622,3.920494,3.65625,1.1309004,0.51500916
1007,1298538,-4.798948,-2.921875,5.2846313,0.814118
1239,910903,1.014815,2.5,2.413893,0.6481581
1813,1240153,3.561497,5.34375,1.8025339,0.61588717
1069,688025,3.24964,3.90625,1.2057742,0.52975845
1561,907063,0.096403,1.296875,2.1419237,0.6335485
1038,909785,1.495173,2.40625,1.1607194,0.49204993
1259,906696,3.141785,4.25,2.4329422,0.72986466
1838,1240186,4.352226,4.03125,1.4030578,0.5112314
1014,998189,1.184969,2.4375,2.6245553,0.67099065
1617,1674021,1.896157,1.671875,3.3750663,0.6609414
1922,907169,2.012127,2.90625,1.5878278,0.57568276
1057,946354,-1.749548,-1.5,2.010519,0.5522296
1032,1240186,2.555251,2.03125,2.0087385,0.60833246
1563,906827,6.080799,7.0625,0.780549,0.4839001
2109,1298350,2.291907,3.328125,1.3629124,0.5354112
1093,1298358,5.259249,4.71875,1.2043071,0.53182894
1817,1503367,-5.309823,-2.765625,3.414977,0.6407155
1073,925346,3.273396,3.859375,1.5692251,0.5981103
2175,946354,5.077143,5.0625,0.7988266,0.48334444
1786,906848,0.31563,3.3125,1.9953643,0.61295074
1020,687568,5.649355,5.375,0.8119636,0.4906647
1928,924239,2.642802,4.46875,1.0782031,0.4960776
1057,909249,-3.591936,-2.1875,2.1450696,0.53419924
1912,687455,4.875876,3.453125,2.0244994,0.649311
1782,1299062,6.169429,5.40625,0.5818306,0.39552674
1928,909757,6.09866,4.90625,1.0009943,0.5104789
1179,1240145,0.161862,0.25585938,1.3893006,0.51642627
1038,949179,4.974598,3.3125,1.1971519,0.5206173
1632,925340,3.486212,3.9375,1.2675263,0.52382004
1529,688013,-2.413281,0.328125,4.5295267,0.76030755
1852,1331048,4.767864,3.46875,0.7313979,0.39069524
1012,753608,1.429545,1.5703125,0.9935815,0.4387713
1928,906848,1.930474,5.09375,1.1702485,0.5384274
2045,925340,6.30076,4.96875,0.8780585,0.48127145
1046,907063,-1.694914,1.265625,2.3982282,0.63532096
1441,909709,2.525625,2.546875,2.242781,0.676004
1854,909907,6.162396,5.3125,0.96404535,0.5297634
2359,907795,5.647139,5.59375,0.7449809,0.4382347
1168,909745,3.099623,2.90625,1.0856009,0.47818223
2048,906813,-3.681111,-2.109375,4.2592936,0.70213205
1024,910851,-2.665129,-0.73828125,2.6566024,0.5743661
1053,906746,3.749538,3.4375,1.4693617,0.57143456
1199,1240159,5.266983,4.21875,1.2230334,0.53871816
1910,909720,3.814803,2.75,2.1679475,0.62935334
1180,906696,-2.819278,-1.015625,3.1182978,0.6385402
2048,1240186,1.067839,-2.484375,4.019184,0.6830049
1032,906848,1.05903,2.25,2.2884994,0.64314646
1057,908461,-1.906628,-1.1328125,2.089795,0.54381514
1086,1298365,-0.590938,-2.046875,4.0632596,0.7268754
2047,1298348,3.219346,2.96875,1.6589772,0.56406283
1557,907066,6.441354,4.9375,0.9540894,0.47540855
1026,1298538,-1.806235,0.07128906,2.7066238,0.56277364
1782,1240144,6.37725,5.625,0.61189395,0.40172026
1085,907278,1.079099,2.765625,1.447137,0.53792506
1200,908150,2.981209,3.953125,1.1933731,0.5097784
1022,687802,0.961131,0.94140625,3.081887,0.6770279
1812,909709,3.090313,3.3125,3.3809514,0.7548102
1016,753554,1.333313,0.51953125,2.9822865,0.59707326
1939,924239,2.358322,2.625,2.0997484,0.61527735
1799,907274,1.426393,4.375,1.9134034,0.6196382
1259,724870,4.786818,2.1875,2.416798,0.66382235
1559,1298141,1.356374,-1.484375,2.8390822,0.608986
1933,905964,3.190116,3.296875,1.7679983,0.5981925
1179,1298168,2.831749,0.10986328,1.5487983,0.5266014
1624,1503365,4.227035,3.328125,2.1328244,0.6614528
1583,1330947,1.567264,2.109375,0.6967024,0.35621515
1919,910781,2.563877,1.8984375,1.0933444,0.47425985
1005,1298365,2.582242,2.453125,2.7748134,0.6940399
1580,1330935,3.776934,4.71875,0.86783075,0.4600061
1930,924239,0.110997,0.86328125,1.3556321,0.49890122
2439,687780,10.133373,9.875,1.0340209,0.58904946
1931,906746,5.618233,6.0,0.6037175,0.40704513
1004,687590,-1.456244,-3.578125,4.115548,0.70375603
1441,910903,1.159487,2.390625,1.948082,0.6099641
1631,1298348,5.16574,3.859375,1.4430653,0.53641146
1853,1298348,6.474105,4.8125,1.0612485,0.4971358
1441,907066,5.836551,2.046875,1.9603833,0.6138157
1175,907299,3.697961,4.3125,1.1775149,0.53486335
2110,906836,2.409855,4.5,0.99638635,0.4888726
1786,1298136,4.303898,3.0,1.8604877,0.59383816
1559,907318,-3.042799,-2.6875,2.3210223,0.56325424
1559,1503367,-1.336345,-0.38476562,3.5108147,0.7189167
2046,688013,2.020172,3.234375,2.1002514,0.6360465
1042,909720,5.676313,5.25,0.71565604,0.44651166
2111,1240145,4.216684,3.703125,1.3452952,0.5311662
1561,687997,4.157664,2.453125,2.2387424,0.6590861
2148,908121,1.769299,1.2734375,1.3323259,0.4782697
1494,906813,-1.987522,-2.59375,3.319772,0.64076626
1936,906835,3.407856,3.4375,1.4824767,0.576535
1048,1240159,6.052862,5.125,0.7469406,0.46365646
1626,1240145,1.206317,2.0,1.8589687,0.58206177
1026,687802,3.238414,0.15234375,2.8116117,0.5846032
1058,1330983,0.501568,1.4453125,2.4656274,0.689746
1816,906843,5.487921,3.9375,1.261682,0.5109217
1810,909249,-0.12454,-0.7890625,4.0490704,0.74921924
2154,1240184,2.299016,3.078125,0.6774537,0.3849336
1855,910399,4.270145,4.34375,1.2689921,0.5138819
2170,925338,4.277043,3.859375,1.8148863,0.590587
1814,907169,6.129758,6.59375,0.8842103,0.48091498
1593,753608,1.38294,3.078125,1.8998424,0.6034874
1018,909257,4.862504,5.46875,0.5288573,0.39402318
1008,1240172,2.119971,1.359375,4.253095,0.7762904
1180,753622,-2.738126,-2.921875,1.9869254,0.5240095
1259,909709,5.072218,3.640625,2.8735206,0.761232
1933,909750,5.073762,4.53125,1.3149977,0.56749904
1510,906696,3.079903,5.25,1.0143201,0.533516
1510,909731,2.690183,4.46875,1.0492349,0.50821924
2040,1240153,1.107241,1.203125,2.3893805,0.6358246
1593,724831,4.470097,2.671875,1.6660761,0.56926244
1250,907794,2.984418,2.390625,2.429852,0.68287134
1593,749716,1.429343,1.734375,2.2834253,0.5968523
1012,910920,2.121836,0.43359375,0.85036224,0.38725278
1441,905968,0.423735,1.890625,1.9167839,0.6030476
1089,905982,4.077083,5.0625,1.9688078,0.5796174
1239,1298537,2.238128,2.3125,2.325197,0.6386622
1175,907269,1.84177,3.75,1.420505,0.54965776
1021,1298348,3.906945,3.546875,1.3320502,0.5154306
1855,1298358,4.470438,4.96875,1.6562971,0.5886976
1940,906849,3.839052,3.96875,1.3509634,0.5526567
1049,906849,4.321317,3.84375,1.6290854,0.5676881
1806,906843,6.62277,4.625,2.704732,0.656371
2154,909757,3.372994,3.203125,0.71407956,0.39442676
1560,924248,1.816982,3.84375,1.5919802,0.56583744
1034,753554,-1.979701,-2.640625,2.4405193,0.5234939
1930,906835,2.560241,1.0,1.1883862,0.47159106
1812,907278,2.941858,2.296875,2.983022,0.67693126
1190,909907,4.822032,-0.19335938,7.436695,0.97183067
1089,909785,0.79708,2.390625,3.3535976,0.64729506
1180,724859,-1.470228,-2.203125,2.15542,0.5438427
2047,1240127,-0.630226,2.75,1.6593808,0.56697476
1093,910899,2.828208,4.21875,1.2296234,0.51466143
1922,910903,1.988031,3.046875,1.5021588,0.5611781
1632,687819,4.576296,3.9375,1.4057577,0.55224264
1054,907278,2.755825,3.203125,1.925148,0.60567904
1069,907794,5.207783,4.34375,1.0773613,0.53821754
1932,907274,1.94084,3.234375,2.0506806,0.6239851
2043,908127,4.863235,5.5,0.7583272,0.4606046
1512,906835,7.499617,6.0,0.49283278,0.36195225
1808,1298136,2.907377,0.70703125,4.4184165,0.7800851
1038,946359,4.282517,3.359375,1.3287693,0.5435775
1617,1240223,6.332209,1.8515625,3.1302843,0.6508631
1093,1330935,3.36599,3.96875,1.184742,0.5099819
1042,753622,3.590865,4.84375,0.7694563,0.45906064
1012,1674021,1.107525,1.34375,0.9862025,0.42560455
1927,906746,5.906733,5.3125,0.64070725,0.43143833
1032,946354,0.585587,1.515625,1.68154,0.5661624
1913,910899,3.625006,4.71875,0.9549847,0.46256715
1006,909747,5.964405,1.15625,5.573876,0.83236873
1073,1503365,6.834709,4.40625,1.6587076,0.6483322
1814,909755,5.629957,6.6875,0.801133,0.45287475
1024,1298537,-0.043292,0.00390625,2.861245,0.6235494
1815,1330935,4.69426,5.375,0.80571747,0.46373355
1557,910903,3.474322,5.25,0.877287,0.46143875
1248,724831,-3.354946,-3.734375,4.205927,0.7625128
1926,908465,1.509672,0.88671875,2.1791337,0.64759153
1922,1240153,2.339434,2.765625,1.5797544,0.5699143
1020,905982,5.734548,5.53125,0.79605496,0.47798127
1809,907169,1.99445,0.14453125,3.5910494,0.66907644
1085,1659818,1.888936,2.734375,1.4160441,0.54244477
1932,909724,1.101004,2.890625,1.8956499,0.6050614
1996,909755,4.742622,4.46875,1.3740996,0.5592753
1635,1331048,4.170965,4.1875,0.38592955,0.28202564
1083,907791,3.727289,2.671875,1.8491662,0.58739
1624,907169,4.311332,3.296875,2.4488668,0.6978128
1175,713880,3.544349,4.1875,1.2504159,0.5493719
1025,687780,6.008654,5.625,0.9910577,0.5239729
1830,753612,3.246439,2.671875,1.2154673,0.46560964
1239,910851,1.429485,1.9453125,2.525474,0.651386
1853,909785,3.260854,3.421875,1.2071259,0.48389998
1068,1298358,1.751891,0.74609375,2.3324842,0.58340394
2173,910933,4.719564,4.4375,1.3003589,0.55547994
1034,909750,-4.285381,-2.84375,2.3211281,0.5058421
1249,753612,3.721677,3.25,1.3235627,0.530576
2040,910911,1.052159,1.15625,2.0592582,0.5978009
1049,907791,4.396016,3.578125,1.3792588,0.5126936
2043,906843,4.41992,5.3125,0.80432755,0.4523484
1025,910920,3.691637,4.25,0.9791385,0.45632067
1853,753554,4.174534,4.71875,1.0364326,0.49432787
1177,905986,4.364622,4.8125,0.90824354,0.4965364
1372,1330983,-2.639715,0.37890625,3.200345,0.6919251
1706,907795,2.066246,2.046875,3.4790223,0.75818133
1511,1240160,1.825092,-0.16015625,4.2469335,0.7217078
1782,908121,5.474826,5.28125,0.68429536,0.42749044
1529,1240159,0.969739,0.796875,3.996451,0.7245359
1177,1240159,5.073448,4.8125,0.89236593,0.50057167
1917,687819,3.859138,2.171875,2.2990913,0.6461231
1250,924239,0.068378,1.7890625,2.8354332,0.7030678
1401,1240192,2.696492,2.390625,1.5895333,0.5791773
2111,724870,4.524036,3.171875,1.6317875,0.56862974
1613,909747,6.548368,2.921875,2.280705,0.6745979
1175,909249,3.297342,3.46875,1.3261423,0.523604
1564,1240198,2.844877,3.15625,2.2496588,0.63515073
1615,910781,3.805829,5.375,0.5657365,0.39941078
2498,687802,9.010541,9.4375,1.0768057,0.6515407
1855,910781,4.399582,4.53125,1.0501196,0.48068246
1635,905968,4.877723,5.53125,0.36929053,0.33250776
1047,1303900,2.454249,5.0625,1.3427894,0.5869459
1997,1330935,-2.618592,3.640625,1.7616543,0.62305176
1083,905972,3.642028,3.171875,1.5769554,0.577465
1068,909747,1.499082,0.28125,2.0059195,0.5509662
1512,1299062,7.019476,5.53125,0.45130354,0.34470814
1736,907269,4.086964,3.453125,1.9612079,0.61114234
1013,924189,0.828346,3.515625,1.4084604,0.5674761
1024,1298348,0.06791,-0.01171875,2.6819081,0.5844667
1806,905950,4.409191,5.125,2.17453,0.61393946
1815,753608,6.571087,6.1875,0.69355255,0.47686538
1243,753540,2.24631,3.71875,1.0854304,0.46366805
1936,906849,2.881593,3.015625,1.9616061,0.6321844
1011,1298365,4.367464,1.40625,2.3438222,0.62651294
1854,907175,2.929379,4.21875,0.93846744,0.47003937
1068,1290797,0.97419,0.53125,2.0548058,0.556751
1911,909750,-5.068131,-3.828125,3.0863657,0.5872696
1849,906836,-3.910998,-0.80859375,1.9159805,0.52149606
1558,925338,4.026822,3.640625,1.3545657,0.5375366
2096,907274,2.507434,3.3125,1.9417906,0.62579817
2157,1240145,4.598763,5.21875,0.5668494,0.39394888
1510,909709,3.56409,4.8125,1.1847191,0.55640304
1849,909720,-0.262938,-0.30664062,1.6383216,0.49381194
1927,749710,5.026951,5.5,0.65250987,0.42136577
2110,907318,3.373586,4.34375,0.7215481,0.4282772
1922,906813,2.48501,3.25,1.6192003,0.6109942
1054,909720,4.091333,3.875,1.4202131,0.5523207
1268,907274,5.048397,4.8125,0.99830025,0.48604345
1507,1240127,4.805731,5.03125,0.5589636,0.38214868
1831,905986,3.855675,4.5,0.82467294,0.45317525
1809,1674021,0.686386,-0.030761719,3.4904952,0.65488416
1046,909755,3.240915,3.140625,2.2121165,0.64820385
1022,1240145,-0.247835,-0.25,2.2004056,0.5675424
1849,1674021,-1.332992,-0.7109375,1.7121551,0.49243107
1058,753612,2.120214,1.0703125,2.1833577,0.658093
1025,688013,4.000665,4.96875,0.8592703,0.44963962
1042,749710,6.387908,5.46875,0.7985631,0.46198267
1916,909750,1.747469,2.859375,1.8025675,0.59518456
1815,910781,4.601514,5.8125,0.6085178,0.43313757
1013,906835,5.610137,3.828125,1.2689562,0.5448397
1932,906835,5.838576,3.453125,1.6430544,0.58399075
1046,1322212,1.650345,1.8359375,2.6086605,0.64965004
1021,909257,2.932656,3.40625,1.1655046,0.49787366
1048,907794,4.378637,5.5,0.803103,0.49407986
1060,1330947,-1.500049,0.64453125,2.1182532,0.5791773
1916,1303900,4.040425,3.234375,1.9632062,0.6327
1062,907169,2.619907,3.921875,1.7469414,0.6117693
2148,910903,1.763174,1.65625,1.2400593,0.4679279
1067,749710,5.854128,5.875,0.47951433,0.3652346
1014,909749,3.09081,2.3125,2.476651,0.6560962
2110,909257,4.270605,4.875,0.6993653,0.4385808
1853,753622,4.116917,4.375,1.0451899,0.4972242
2170,907278,2.502509,3.328125,2.1649518,0.62556213
1069,925346,3.174791,3.625,0.86786485,0.46240014
1580,907274,4.522445,5.3125,0.8642449,0.4688473
1048,910399,3.750083,4.9375,0.76277137,0.44869992
1378,753612,7.359522,2.046875,2.9615507,0.6748264
1042,946359,6.538669,4.84375,0.91935736,0.4786097
1776,1240172,5.107134,4.75,1.017137,0.49521458
1922,905986,3.946356,2.96875,1.4270482,0.55497885
1168,1298157,3.045408,2.796875,1.1520629,0.4946503
1583,907318,1.303357,2.71875,0.59093666,0.35391274
1560,924189,3.025476,3.875,1.5507126,0.56503224
1250,1330935,-2.940232,1.703125,3.0864441,0.74263406
1843,909709,1.892507,0.18164062,4.728778,0.8035906
2499,905986,9.767087,9.9375,1.4524134,0.76591647
2438,687505,9.675458,9.875,2.2014809,1.0527036
2106,1674021,2.154803,3.453125,1.9143624,0.62295777
1010,753622,2.539213,3.0,1.2854018,0.5393793
1621,1322212,4.829974,4.09375,1.200416,0.5114803
1626,909745,2.588319,2.5,2.2038195,0.6309025
1810,1298537,4.463501,0.7734375,3.5512097,0.7217078
1003,907322,-3.451263,-3.984375,3.4317343,0.6393932
1375,1240184,7.951303,6.8125,0.78319883,0.4892771
1237,1240184,5.73187,5.34375,0.64892274,0.40435886
1192,749716,1.898018,2.390625,1.7342128,0.5896434
1630,1240198,3.562349,4.28125,1.1021717,0.52703613
2045,1298538,5.542575,5.125,0.84811175,0.4769724
2159,925346,3.873379,3.890625,1.0664855,0.5008747
1630,1330947,-0.416449,3.046875,1.0393435,0.48189658
1814,905950,6.504513,6.59375,0.83249193,0.46101746
1915,907322,2.347022,2.015625,1.7755048,0.5722078
1268,1240153,4.566518,4.4375,0.930192,0.4743717
1033,1298157,5.214695,5.25,0.64335304,0.42722479
1083,749716,4.525638,2.359375,1.8408825,0.58195454
2173,925340,4.91834,4.09375,1.2373475,0.5299137
1838,688013,1.933192,3.6875,1.2209065,0.46769327
1016,907318,0.872432,-0.34375,2.786421,0.5838509
1194,909726,5.666282,3.171875,1.70717,0.59489834
1080,907291,-4.706228,-3.296875,4.653336,0.73262954
1131,905968,3.642511,4.3125,1.6804196,0.60322607
1008,906842,1.041386,-1.296875,4.4523225,0.80179036
1557,687780,4.708574,5.625,1.0309428,0.5110643
1191,924239,-4.903587,-4.71875,1.0068448,0.35964128
1614,907291,4.107725,4.03125,1.22214,0.5207366
1911,907063,-5.977668,-5.25,2.4184146,0.55106604
1563,907322,5.024951,4.78125,0.81434566,0.42176273
1072,1298358,4.572101,5.375,1.1056963,0.534191
1926,909747,1.744312,0.73046875,2.4834557,0.6852509
1799,713880,5.051581,4.09375,1.8157842,0.6204145
1625,724859,5.867953,5.25,0.89377826,0.51178104
1813,905950,5.435939,5.96875,1.5943457,0.58969015
1825,1240184,-0.823768,-0.55078125,2.2219615,0.56063205
1177,909749,4.817292,4.78125,0.8531368,0.48351353
1564,753620,1.453427,2.140625,2.3700042,0.6250385
1080,749716,-1.839323,-3.984375,4.135543,0.6984453
1372,925346,0.1305,-0.14648438,2.124618,0.56537014
1180,909745,-1.64752,-2.546875,1.9152383,0.5096533
1068,1330983,1.140753,0.50390625,2.195596,0.57645994
1627,687997,3.38865,3.6875,1.3753852,0.540311
2157,907066,5.709568,5.0625,0.68947625,0.42363328
1043,909709,5.536056,6.0,0.8941977,0.50939655
1809,688121,0.89976,0.10839844,3.942827,0.70533127
1067,1330983,4.571527,5.3125,0.56264716,0.37648323
1058,924100,0.52463,2.046875,2.4233923,0.6748264
1615,1240159,5.673511,5.5625,0.6225759,0.4294166
1449,1240184,6.106747,5.65625,0.6974445,0.44695687
1006,1290797,0.386478,1.75,4.9388504,0.7907949
1626,909726,1.160282,2.359375,2.4717684,0.66071355
1845,910851,0.882426,0.5546875,4.26738,0.74373245
2498,1330935,7.25038,8.5,0.9398084,0.4755861
1625,910851,4.567168,4.875,0.93683475,0.5017252
1598,1240184,5.913543,4.5625,0.94436604,0.48658872
1003,1240172,-1.257174,-1.4453125,4.0332937,0.68969053
2359,910920,5.498866,4.5625,0.69791645,0.38549894
1580,906835,7.132046,5.53125,0.70447326,0.4474537
1917,1299062,4.032228,1.8125,1.9105139,0.58688575
1067,1290797,5.533266,5.5625,0.4727734,0.3711853
2044,749716,4.555553,3.234375,1.3611386,0.5456389
1924,1240144,3.933697,3.34375,1.6199629,0.55350655
2157,924239,3.612654,5.03125,0.73104024,0.41431558
1006,1331048,-4.39548,-1.6796875,5.825253,0.86555886
1441,1503367,5.484442,3.296875,2.2584927,0.7385141
1932,724870,3.38175,2.234375,1.6878636,0.5655209
1941,909720,-6.412472,-3.703125,2.4568727,0.5529885
1179,753612,3.930329,0.27929688,1.8657134,0.5841736
1912,688087,2.118821,3.265625,1.9739764,0.6300619
1802,753608,5.573903,4.46875,0.712889,0.42531234
1529,687590,2.09226,0.5859375,4.428209,0.75251305
1177,906868,5.298198,4.5625,0.94123894,0.5040839
1250,906849,3.47079,1.8125,3.217743,0.7362306
1268,910851,3.215299,4.625,0.8947239,0.4791726
1926,907322,0.149369,-0.359375,2.6300504,0.68745476
1862,1298350,-1.346833,-0.9375,0.40407595,0.2966737
1042,753575,6.644378,5.875,0.88363934,0.5326125
1008,1298136,1.002505,1.046875,4.7387195,0.810318
1268,905964,4.043298,3.546875,0.97920346,0.45518008
1019,688025,2.678449,3.140625,2.035383,0.6222777
1043,1240186,5.830498,5.59375,0.69223845,0.43800458
1849,907318,-1.550291,-0.95703125,1.4918747,0.48079982
1926,924189,2.13219,1.15625,2.5027924,0.68744236
1048,906827,5.17483,5.96875,0.97336626,0.54741466
1073,907063,3.682335,2.8125,2.196796,0.674828
1034,1240223,-2.524285,-2.734375,2.1750731,0.4997249
2498,906827,7.615362,9.5,1.1997988,0.66101396
1919,749716,-2.018225,1.09375,1.2798867,0.48295653
1168,906696,2.677737,3.59375,1.3583399,0.5528609
1175,1240223,6.559272,4.40625,1.0911546,0.5326208
1625,749710,6.103543,5.375,0.895962,0.48480377
1062,905950,3.14837,4.09375,1.7008033,0.6045164
2170,910903,0.887494,4.03125,1.7356209,0.5901222
1838,907318,3.15951,3.46875,1.0585626,0.4498896
1046,910903,1.117681,2.875,2.1655655,0.6345633
1168,687505,1.753261,2.5625,1.0446613,0.47573605
1237,1298157,4.943467,5.34375,0.6332637,0.40325055
1779,910911,1.447108,1.203125,1.9136773,0.57680786
2044,924189,3.419646,3.953125,1.2961615,0.5622358
1085,688087,2.522036,3.0625,1.4052275,0.54374623
1249,909249,1.992671,2.953125,1.3614051,0.51889974
1510,907269,3.457376,3.828125,1.2388539,0.5172066
1561,687819,2.31188,2.53125,2.3867342,0.6864461
2037,687505,4.617837,3.703125,1.2262853,0.5332868
2438,906746,11.285071,9.9375,2.2415988,1.0420011
1852,906746,5.867639,5.375,0.64263994,0.42513064
1199,1240186,4.326128,4.375,1.3275404,0.5556448
1908,909720,3.359041,2.984375,1.5282534,0.5568489
1004,909749,-4.717273,-2.9375,4.5050745,0.7655753
1939,909757,5.64873,2.890625,1.9912846,0.614618
1032,907066,3.6742,1.671875,1.885673,0.5876046
1911,907322,-4.812259,-5.15625,2.6301234,0.5686413
1917,909785,0.092151,0.6796875,2.0387793,0.5918558
1011,909750,0.57061,1.90625,2.4993656,0.6389848
1582,908150,3.016017,4.84375,0.8061678,0.45689392
1268,910903,3.74712,4.75,0.8474398,0.4609158
2037,909975,6.127227,3.828125,1.4397796,0.5656079
1932,749716,5.199591,2.21875,2.0754015,0.596904
2011,688121,6.164238,4.625,1.2798824,0.53027284
1835,1298537,6.25071,4.1875,1.3989247,0.51741105
1618,1331048,3.671043,2.296875,1.3528544,0.51049036
1013,905972,4.708591,3.578125,1.2741158,0.547055
1814,687568,7.321127,6.28125,0.8091113,0.45974237
1808,908127,-0.160085,0.68359375,3.9637334,0.7385141
1378,1240153,4.726022,2.359375,2.9944682,0.6851446
1463,908461,5.290685,4.15625,1.2470063,0.5620874
1558,687455,3.24468,3.78125,1.4956102,0.5787194
1932,1659818,-0.798115,2.65625,1.9875841,0.62532234
1083,907175,1.466178,2.21875,1.9122857,0.5930571
1046,909699,3.303684,2.375,2.37998,0.6448572
1918,1240184,5.294542,3.515625,1.2442261,0.5315015
1091,910903,1.419977,2.6875,1.6785041,0.5763328
1029,909724,5.644434,5.4375,0.56287915,0.3944053
1940,908461,1.826646,4.28125,1.041648,0.50584453
1941,905968,-4.031471,-4.0625,2.263483,0.5492909
1782,713880,4.643486,5.4375,0.7046867,0.4340873
1932,906696,1.719262,4.0,1.8391217,0.6408796
2046,907791,3.497914,3.0,2.3989882,0.66497743
1449,909749,4.005874,5.75,0.62070143,0.42893454
1378,907794,7.790767,3.125,2.7824452,0.68398976
1036,910567,3.911941,3.875,1.3072399,0.5402322
1058,907271,1.393111,2.0625,1.9602,0.6256648
1924,1659818,-0.920908,2.953125,1.8582164,0.58743423
1510,753622,4.583786,4.1875,0.9005897,0.4786017
2173,909755,5.014758,4.40625,1.2531561,0.53943133
1032,1503365,1.088871,1.734375,1.7959185,0.5732287
1580,907794,5.682622,5.625,0.7593136,0.48228616
2010,753575,4.545571,4.8125,1.4161886,0.60650533
1814,1298365,6.512249,6.03125,0.90293545,0.4592869
1005,924239,2.029704,2.8125,3.336025,0.74478024
1191,1299062,-3.298776,-4.75,0.81899786,0.34718803
1019,1322212,3.805093,2.5,2.0483756,0.5946417
1561,1240182,3.809137,2.484375,2.2551365,0.66391253
1441,687455,1.049852,2.421875,2.1200988,0.6481779
1030,907322,3.493986,4.53125,0.60233766,0.39194545
1061,907791,4.421659,4.125,1.1209874,0.5052845
1026,1298537,-0.28814,-0.13867188,2.7396529,0.57852376
1191,909720,-4.12841,-4.34375,0.93924594,0.37651506
1401,1331048,1.891345,0.6640625,1.6285236,0.5456389
1927,687568,4.11782,5.125,0.6372225,0.42315376
1012,1298365,2.944569,0.99609375,0.8286537,0.39931557
2177,1503367,2.179196,3.6875,1.7773826,0.6163196
1720,1240160,6.445915,4.40625,2.1585965,0.6990418
1835,924100,3.36105,4.46875,1.582932,0.52521443
1598,1298136,2.419696,4.8125,1.1059128,0.5288251
1778,1503365,3.856174,3.421875,1.6877226,0.596904
2154,1298358,3.703231,3.3125,0.8148483,0.42202303
1564,907278,2.978917,2.546875,2.3063028,0.6363697
1629,687505,2.896679,4.8125,0.7928783,0.46641034
1913,910903,4.083141,5.0625,0.7543441,0.4336082
1199,1331048,2.509503,2.0625,1.3914634,0.48728284
1624,907175,2.247078,2.078125,2.957282,0.71155614
1014,688013,4.425009,2.234375,2.6637788,0.6520045
1023,909757,3.039879,3.828125,1.1586219,0.5103463
1706,1331048,0.477279,-0.92578125,3.7602024,0.7818386
1918,724870,4.696704,3.015625,1.0804405,0.4907692
2157,909757,5.453686,5.4375,0.7062162,0.43837717
1088,909757,1.398764,2.859375,4.0593305,0.8249725
1933,910903,2.229272,4.71875,1.323935,0.5728175
1614,1240223,5.380336,4.25,1.1280618,0.52572536
1617,909731,0.895374,1.8125,3.6147473,0.68296844
1191,910952,-4.903561,-3.9375,1.3671638,0.4448924
1096,1240182,2.379968,2.53125,2.59192,0.6685242
2156,905968,3.705286,2.828125,3.0848153,0.68869674
1873,946359,2.172872,1.4375,1.7468531,0.59103817
1582,906746,4.501552,4.96875,0.80134463,0.46003354
1073,905972,5.448408,4.3125,1.6305119,0.64704114
2037,688013,4.085214,3.578125,1.3219688,0.52726126
1005,906835,7.039862,3.75,2.6493242,0.6894181
2172,906696,-0.830326,3.609375,3.378034,0.7891295
2156,907291,2.198248,3.125,3.2899597,0.716979
1375,688013,4.722991,6.3125,0.70264757,0.4311745
1042,687819,5.93311,5.09375,0.93161434,0.49254516
1243,753608,3.878992,3.6875,1.0446062,0.45311868
1855,998189,6.438312,4.65625,1.2753085,0.52703613
1559,908461,-4.130222,-1.703125,2.690205,0.59098333
1048,946359,5.811805,4.8125,0.8692846,0.47523758
2172,907278,-0.401972,1.65625,3.9840035,0.7917299
1564,909249,1.971198,1.953125,2.3923316,0.6309269
1008,1240159,-0.895426,0.68359375,3.8247054,0.73822606
1191,924248,-5.235736,-4.5,1.0145743,0.36784396
2039,907169,2.601018,3.734375,1.2326353,0.53468
1054,909975,5.715445,3.703125,1.8545871,0.60643935
1910,909907,3.740726,2.890625,2.898955,0.74114335
1825,724870,-1.740716,-1.21875,2.0142336,0.54329336
1736,905968,1.916147,3.625,1.6397184,0.59154695
2110,907322,4.741992,3.6875,0.9846726,0.45889983
1815,909907,6.972299,6.3125,0.9048806,0.5391639
2039,906835,5.069026,3.96875,1.1118865,0.51289034
1853,687780,5.668665,4.96875,1.2820264,0.55610436
1192,909724,3.531379,3.046875,1.636227,0.5991697
1549,909699,1.352052,4.0625,1.2714391,0.5335202
1843,1330947,-4.486714,-2.265625,3.7179368,0.6975566
1237,906843,4.514453,5.375,0.6790514,0.39996436
1997,687568,3.943886,3.984375,1.4502442,0.58728045
1924,1503367,5.661672,4.875,1.9896545,0.69333583
1026,909731,2.229988,-0.3046875,2.68771,0.5545747
2438,907318,10.212195,9.875,2.2253027,1.0478028
1177,1298537,5.432585,4.71875,0.9067606,0.4919118
2048,909747,0.206491,-3.453125,3.8887718,0.66497743
1931,1240184,5.598277,5.75,0.65238315,0.4164852
1030,909257,4.255077,5.4375,0.480453,0.3898284
1175,687505,3.776059,4.21875,1.0669435,0.51546854
1736,909731,5.376051,3.828125,1.8064224,0.61419517
1931,907791,5.271826,5.3125,0.7112369,0.3898351
2048,910911,-1.868193,-3.0,3.7129707,0.64710814
2174,907175,0.866113,1.796875,2.2466636,0.5898679
1919,1298537,1.415262,1.921875,1.3683238,0.51632774
1237,1240192,5.265505,5.28125,0.6147882,0.4005558
1168,687568,2.3405,2.765625,1.1510264,0.4954687
1059,753575,0.326188,1.1328125,2.5378807,0.6574922
1922,753575,1.613376,3.484375,1.5768365,0.6101495
1827,906836,0.153536,0.76953125,2.5740778,0.5988138
2171,687568,1.293757,1.828125,2.560534,0.64889437
1553,906835,5.479749,3.859375,1.7139654,0.59726626
1583,1298538,3.604792,3.40625,0.75762296,0.4005558
1025,1298141,6.73613,5.5,0.8741539,0.48658636
2499,687590,9.284935,9.8125,1.4948049,0.729653
1079,1240144,-1.377818,1.71875,2.987359,0.69206744
1621,1240144,5.371649,4.84375,0.9758034,0.5040839
1560,909724,1.652742,3.75,1.501962,0.5500032
2156,1290797,4.671754,3.328125,3.004463,0.6960298
1613,906813,2.294838,3.828125,2.0797353,0.693425
1776,910780,3.85849,3.671875,0.8620397,0.42843673
1830,1240159,4.18907,3.078125,1.1440743,0.4704051
1036,713880,5.259706,4.46875,1.257696,0.5511586
1025,907299,5.688672,5.25,0.88471687,0.4836744
1042,909749,5.302094,5.125,0.7764196,0.4644034
2043,905982,5.881593,5.4375,0.6983779,0.43295825
1058,910920,1.289221,0.375,2.2027578,0.6247868
1613,687455,3.431835,3.515625,2.1183784,0.6696787
1018,908465,6.027794,5.5,0.59284127,0.4196004
1051,907322,2.929143,0.4453125,3.173536,0.6971613
1624,909907,6.767435,3.625,2.759739,0.7649742
1720,907271,6.183607,4.59375,1.6284877,0.6114264
2159,907278,4.243134,3.78125,1.4089578,0.55630225
1629,1298348,6.610178,4.96875,0.79671896,0.4609158
1059,924239,-1.774208,0.5390625,2.6340039,0.64749944
1036,753612,5.526629,4.09375,1.3347847,0.5488188
1177,906746,4.536601,4.875,0.909921,0.5064957
2172,687780,3.277992,2.6875,3.6296215,0.7785575
1563,688013,5.172365,5.625,0.64152104,0.39165613
1021,907274,3.192008,3.515625,1.6801797,0.5657044
2045,687794,4.203316,5.46875,0.9702556,0.52230716
1249,909785,1.6245,2.5,1.2186681,0.4935031
1036,924239,2.884577,4.3125,1.3143079,0.53493935
1909,687505,2.466909,2.28125,2.0148137,0.6072916
2156,753612,4.345446,2.5,3.6235354,0.7476703
1635,687596,5.523826,5.3125,0.39293885,0.32720757
1080,1240223,0.344664,-3.109375,3.9457371,0.6747185
1372,687455,-1.015797,0.65234375,2.8683856,0.65359753
1022,910911,0.803749,0.06689453,2.64616,0.6004879
1779,1298358,2.06923,1.7734375,2.4803698,0.65708137
2438,910933,9.999145,9.8125,2.3077564,0.99593306
2044,753620,3.46505,3.359375,1.3472004,0.5455526
1047,906842,-0.387208,3.375,1.4634398,0.5577903
1441,907322,2.213419,0.9765625,2.0868618,0.5974202
1013,910399,2.662528,3.265625,1.2779291,0.5281192
1051,1240160,2.590595,2.09375,3.2246623,0.7378138
1847,906848,4.577542,4.90625,2.8263073,0.772775
1635,907269,4.619999,5.1875,0.4430654,0.3307218
1373,1240182,5.101994,4.4375,1.260473,0.5481544
1853,1298358,5.198511,4.90625,1.391904,0.56940484
1054,1240198,6.197815,3.9375,1.8339691,0.605553
1931,1303900,4.985221,6.0625,0.6814315,0.42570138
1029,749710,6.180618,5.9375,0.5449816,0.39256382
1634,907169,4.933235,4.6875,0.9305942,0.48072955
1010,753575,0.977268,3.953125,1.5330448,0.611448
1580,906836,3.295887,4.875,0.89800936,0.4834156
1559,1240159,-1.334563,-1.984375,2.4081101,0.5578755
2171,949090,4.587351,1.984375,2.6823633,0.66224045
1072,688013,4.824819,4.71875,0.92021596,0.46089798
1825,925340,-1.043022,-0.45703125,2.3313246,0.57063067
1852,908465,6.589551,5.25,0.6418068,0.4240412
2109,909757,1.775976,3.171875,1.3417852,0.5297803
1507,687802,6.154407,5.75,0.6332199,0.43127793
1928,905964,2.915823,3.546875,1.1398484,0.4919118
1779,1290797,1.110303,1.4921875,2.0672083,0.6057423
1817,910780,-5.47618,-5.75,1.2744771,0.3933725
1512,909907,6.133383,6.15625,0.6331927,0.4146489
1614,909975,3.170391,4.15625,1.2757623,0.53669965
1069,1303900,4.209043,4.1875,1.1748985,0.53504574
1632,908127,3.218322,4.125,1.2510058,0.530324
1029,1240160,6.428173,5.75,0.6226481,0.42811373
1131,906843,2.830304,4.5625,1.7443597,0.61389095
1133,905972,4.773687,4.125,0.99115914,0.51466143
1060,907063,4.351652,0.75,2.050077,0.573498
1849,908150,1.128249,-0.56640625,1.6613276,0.49139553
1560,910920,3.086091,2.765625,1.5458907,0.5154306
1779,687455,0.213384,1.65625,2.1682422,0.62651294
1614,1298365,3.676367,3.65625,1.0913272,0.49065572
2170,906696,2.527862,4.875,1.7589995,0.63457894
2010,1298141,7.09477,4.25,1.3743298,0.5537247
1032,906868,1.466237,1.6015625,1.8674295,0.5763896
1614,910903,2.814686,4.28125,1.180565,0.5173575
1133,724859,4.520977,4.3125,1.0294237,0.5386777
1916,924248,2.480764,2.890625,2.0422232,0.63034034
1909,1503365,3.87922,2.609375,2.080737,0.62126863
2048,908127,-2.958814,-2.46875,4.1254826,0.6924864
1617,687780,3.167557,2.359375,3.7011635,0.70425254
1621,909785,1.854925,3.4375,1.1545281,0.4957088
1042,908461,6.05773,5.25,0.81787527,0.47376302
1830,924100,3.314802,3.359375,1.4540226,0.51171285
1131,924248,1.798716,4.59375,1.7918746,0.6152598
1401,907066,6.491973,2.3125,1.755728,0.5998946
1614,906843,1.869533,4.15625,1.2559867,0.5283802
1558,1298350,2.100022,3.734375,1.4230144,0.55902183
1852,907794,5.697704,5.65625,0.6720605,0.4479887
1085,925340,3.221352,2.984375,1.3651849,0.53360415
1917,687455,3.607077,2.359375,2.222135,0.6511396
1050,909907,4.513331,2.96875,2.0037496,0.6584035
2171,1298350,1.364815,2.203125,2.6765063,0.67237574
1133,909907,3.783249,4.3125,1.2601494,0.58879477
1020,906696,5.394009,6.40625,0.9462544,0.5594964
1626,907269,-0.747178,1.796875,3.206007,0.7305288
1013,687997,4.11281,3.375,1.412314,0.54924875
2170,946354,1.318003,3.765625,1.7324697,0.59486246
1930,946359,2.770951,0.390625,1.2133323,0.46713567
2148,905964,0.620818,0.61328125,1.120394,0.4335312
1051,907063,2.100715,0.53515625,2.7888074,0.6653419
1736,907794,-0.308071,4.25,1.6449206,0.61451125
2499,924239,9.247586,9.875,1.6935133,0.77718204
1084,910899,-2.713688,-2.203125,2.865099,0.5058421
1803,1240192,4.366534,5.0,1.2014691,0.59406674
2048,910899,-2.332924,-3.3125,4.1638646,0.6744111
2045,724859,6.115887,5.28125,0.86583626,0.5060713
1060,906843,1.169466,1.6953125,2.4025831,0.6252101
1237,925346,5.798788,4.96875,0.5172422,0.35992613
1449,909757,5.48798,5.75,0.72177917,0.455533
1192,753608,3.179446,3.40625,1.5193136,0.5968523
2110,925340,4.201908,4.84375,0.84364945,0.46479797
1237,907271,6.028949,5.71875,0.6178578,0.4092551
1564,753622,2.072674,2.5,1.8815715,0.6034702
1512,1330947,4.009301,4.75,0.4981969,0.33335772
1013,1240223,5.570455,3.625,1.2667874,0.5537247
1051,713880,1.262764,1.609375,2.8428454,0.6840214
2110,1298141,4.494324,5.125,0.82896274,0.4674034
2110,1322212,4.77797,4.15625,0.9483116,0.45463142
1925,749716,5.191738,4.65625,0.80164874,0.42932585
1931,906813,5.630015,6.25,0.6897705,0.45862985
1847,1674021,5.60554,4.59375,2.372939,0.7289369
1802,905964,2.949167,3.1875,0.73341185,0.39278132
1249,1330935,1.928637,3.453125,1.4175501,0.5485143
1057,908127,-2.520321,-1.078125,2.1543658,0.55078256
1913,1659818,4.335335,4.625,0.88016176,0.45584995
1051,909249,-0.401729,0.85546875,3.1110597,0.6945559
1813,724859,6.000158,6.3125,1.5767068,0.622535
2055,909709,2.26823,2.390625,2.6307712,0.6551564
1830,907299,2.950865,3.140625,1.2497869,0.48604196
1084,1240223,-1.001319,-2.0625,2.3559203,0.4681855
2047,925338,-0.322736,2.953125,1.6926831,0.5699143
1940,910567,2.627742,3.390625,1.1228174,0.50094765
2154,909907,3.356874,3.34375,0.78561634,0.43394062
2111,1330947,0.344709,2.5625,2.014635,0.5987061
1941,687819,-5.819026,-3.90625,2.55472,0.54799
2109,1240159,3.179972,3.15625,1.2039307,0.51428837
1849,1240160,0.956704,-0.34960938,1.98843,0.53151524
1032,907794,1.618992,2.078125,1.9140477,0.5993076
1080,1674021,-3.027952,-3.203125,4.139388,0.6906082
1564,906849,4.182646,2.734375,2.6904771,0.68182474
1912,909257,2.033476,3.171875,1.56613,0.5735009
1089,1240192,4.918758,4.78125,2.2194796,0.61804414
1928,910399,3.683558,4.625,0.93224704,0.47910833
1046,909750,1.389592,2.578125,2.1485183,0.623713
1939,907299,2.701821,2.890625,1.9529036,0.61147374
2111,1298365,5.06298,3.4375,1.5818942,0.5567146
1067,924239,4.3833,5.25,0.5173769,0.35438767
1042,905982,5.237603,5.1875,0.8019303,0.46036974
1091,908461,6.031563,2.671875,1.627486,0.5784573
1441,1240160,6.028388,2.4375,2.3445163,0.6711807
1557,910567,5.502413,4.40625,1.0567032,0.47753128
1809,909975,2.120945,0.14550781,3.7455733,0.6930617
1578,925338,4.428937,5.21875,0.735419,0.44100794
1830,910911,2.334876,2.84375,1.1240946,0.4552053
1930,687568,0.993186,0.55859375,1.1296817,0.45746776
1634,909907,5.380703,4.9375,1.0837578,0.5249411
1558,909747,6.373213,3.375,1.4750086,0.56503224
1019,909249,1.151369,2.296875,2.0779612,0.60323036
1043,753575,5.928561,6.28125,0.76028514,0.50168276
2043,909747,7.54974,5.125,0.806187,0.46281338
2359,910933,5.707409,5.875,0.6948519,0.4368637
1549,924189,1.92511,4.1875,1.1849296,0.53410643
1918,687802,3.771838,4.125,1.3547156,0.5801785
1053,1240160,4.680772,3.53125,1.8657076,0.63435256
1021,924100,4.471958,3.65625,1.6861795,0.57331187
1626,910899,0.945842,2.21875,3.0402975,0.71621406
1561,905964,2.058217,1.203125,2.3071265,0.6483813
1799,1298136,5.317082,4.4375,1.9788306,0.65978134
1059,1240153,-1.171104,0.29101562,2.5463908,0.61794555
1057,1240159,-1.603053,-1.3984375,1.9191453,0.52235746
1441,909747,4.555012,1.96875,2.017104,0.6225872
1046,753622,0.446168,2.140625,1.9673738,0.6160045
1030,1240172,5.282866,5.65625,0.57065797,0.4233156
1080,949090,-1.88237,-2.8125,4.994066,0.7734919
1855,713880,3.258034,4.46875,1.4271853,0.55224264
1060,688013,2.760014,1.453125,2.2761183,0.5976013
2177,908150,2.774448,2.265625,1.4329185,0.5143798
1084,906842,-7.10626,-3.59375,2.1881907,0.4656957
1918,908127,2.439281,3.765625,1.2862945,0.54807186
1463,753575,2.754364,4.6875,1.3380958,0.6204145
1191,906835,-3.357907,-4.09375,1.1021447,0.3995935
1168,910899,3.324692,2.6875,1.3696408,0.5194241
1004,907291,-5.610391,-3.65625,4.5875816,0.7387639
1372,907299,-1.492248,0.47851562,2.797214,0.6426623
1928,753575,6.088917,5.65625,1.0002035,0.55675024
1786,905982,3.112675,3.1875,1.706077,0.5633246
1618,910899,3.526933,3.828125,1.5712228,0.5782432
2499,909699,11.225764,9.8125,1.9551126,0.93489516
1911,753540,-5.123761,-3.078125,3.7309458,0.65871006
1581,910851,3.425077,2.546875,1.7075652,0.5777453
1814,724831,6.766628,6.5,0.70363885,0.44692373
1810,1503367,1.304295,2.453125,4.667767,0.89451766
1373,1240159,5.569589,4.5625,1.1039257,0.53333557
1529,688087,3.887195,0.8203125,4.493042,0.773154
1560,1240198,2.448884,4.15625,1.5938425,0.56649935
1510,907063,4.103337,3.359375,1.0543883,0.4716246
1061,749710,5.480941,5.0625,0.9294684,0.5003506
2040,1298358,0.869099,1.71875,2.6444824,0.6760852
1048,1240223,8.70448,5.1875,0.7452041,0.46971765
1932,1503367,2.646655,4.375,2.0159073,0.7236572
1062,909257,3.749692,3.828125,1.4033556,0.559722
1626,909709,1.98784,2.9375,2.9105256,0.74410146
1017,907278,4.301248,4.03125,1.246054,0.5175719
2172,906842,-0.429928,0.18945312,3.7973351,0.7546339
1012,753620,0.580894,0.86328125,0.9500348,0.40376523
1620,907794,5.989617,6.0,0.54577297,0.41777018
1926,1331048,0.314514,-1.0234375,2.349728,0.67580277
1827,910851,-2.796699,0.66796875,2.2404487,0.5531375
1049,909785,1.314481,2.671875,1.2443742,0.4790869
1930,1674021,0.533298,0.56640625,1.1710079,0.4600227
1083,1298348,4.175511,3.328125,1.5764018,0.5715402
1779,909720,1.133837,1.65625,1.8215253,0.5786098
1012,949090,1.442731,1.453125,1.0465119,0.4302907
2359,1503367,3.419129,7.0625,0.9294485,0.585104
1804,907795,5.41295,5.0,1.4744017,0.6379189
1626,1330947,-1.474109,0.99609375,2.714572,0.66730493
1629,1330983,5.126189,4.5,1.0617762,0.5103389
1941,907794,-3.033701,-3.34375,2.7478518,0.5848041
1804,1298348,1.229422,5.1875,1.1944672,0.57856554
1072,908121,4.361117,4.8125,0.92288834,0.48667642
2107,905972,5.294065,5.1875,0.6478158,0.43512204
1581,1240159,2.193555,2.796875,1.5374005,0.5601818
1909,907278,-1.562794,2.171875,2.4811919,0.65436196
1576,687455,3.214933,3.453125,1.4162127,0.54524505
2040,909745,-0.287742,1.4140625,1.9982145,0.58827466
2045,1503365,7.627596,5.125,0.8308196,0.48064366
2039,907063,3.678254,2.75,1.1110774,0.4831852
2046,909257,4.160712,3.671875,1.6690291,0.6051231
1511,687455,-0.647386,-0.19335938,3.9245768,0.69744825
1093,905950,4.549905,4.65625,1.0026878,0.48817968
2040,906813,0.749849,1.8515625,2.2814696,0.6531319
1926,909731,-0.180839,1.046875,2.5204911,0.6798447
1249,907322,2.537758,2.734375,1.3617861,0.5216601
1802,687568,4.964424,4.1875,0.7215185,0.42171922
1814,909907,7.108577,7.125,1.109928,0.56022936
1802,753620,3.440634,3.640625,0.7784038,0.41366825
2106,909907,2.978849,3.921875,2.1467698,0.6721752
1622,909785,2.294134,3.453125,0.8014694,0.4055802
1933,749710,4.277148,5.125,1.3194653,0.57380897
1053,1298358,2.809119,3.578125,1.8939741,0.63457847
1928,1240198,5.432351,5.0625,1.0797153,0.52568203
2110,1330935,3.258717,4.375,0.96590704,0.47269952
1564,907063,-0.886646,1.6953125,2.135157,0.60005206
1558,906827,3.173729,4.46875,1.6195831,0.6204145
1817,909249,-5.902083,-5.5625,1.4682614,0.4069885
1168,1240159,3.542736,2.796875,1.1038213,0.48995617
1873,713880,0.046793,1.53125,1.6734266,0.5889275
1924,753575,2.889082,4.1875,1.7492365,0.62173104
1912,1240223,4.193768,3.296875,1.7673293,0.6128336
1803,906835,8.446161,5.34375,1.2127618,0.5935063
1010,753608,-1.397038,3.484375,1.4506383,0.567005
1007,907269,-6.026539,-4.34375,4.9735894,0.7874211
1873,906813,1.971838,2.078125,1.7025086,0.6141992
1933,908465,6.631514,4.59375,1.342623,0.58837605
2159,907318,2.942758,3.609375,1.135847,0.5146149
1786,907291,4.582152,2.828125,1.718507,0.5619419
2439,910911,8.659302,9.8125,0.85110587,0.54821473
1088,1240184,2.87505,2.640625,3.9661922,0.8121653
1918,907791,4.050637,3.296875,1.3477176,0.52412724
2110,1298537,3.803749,4.875,0.83648735,0.46802142
1168,907269,1.466595,2.609375,1.2830411,0.4989745
1049,910567,4.453987,3.296875,1.3336487,0.5134578
1060,1674021,0.449665,1.234375,2.3461487,0.6024646
1853,1298365,3.198114,4.1875,1.0973715,0.48709327
1072,905972,6.062736,5.0625,0.84554267,0.47552755
1799,1303900,4.557448,4.53125,1.7180469,0.6076289
1549,905986,4.38494,4.3125,1.0754305,0.5142491
2154,1298365,3.659338,2.8125,0.6293418,0.36036366
1924,907271,3.133643,3.578125,1.6434965,0.5698937
1779,1298348,2.093577,1.6171875,1.9678006,0.58754796
2439,1240184,10.670431,9.875,0.9413777,0.54951876
1025,1240184,5.485683,5.25,0.90009433,0.4895542
1825,910911,0.932401,-0.65234375,2.1365466,0.54382896
1016,1330935,-0.772843,0.328125,3.603848,0.671461
1017,724831,5.59247,4.375,0.9315149,0.4861897
1782,909749,5.605363,5.59375,0.6079547,0.41120058
1512,910780,3.969908,4.9375,0.4624278,0.3264747
1917,908461,2.303536,2.3125,2.058713,0.62346685
1558,949179,4.811645,3.234375,1.3865483,0.53922844
1013,946354,2.318018,3.359375,1.2467794,0.53943515
1093,1240223,6.230824,4.5625,0.9287986,0.48602247
2171,1240223,3.706013,2.03125,2.444154,0.6504001
2172,906868,2.595479,1.953125,3.3820963,0.7489799
1621,909747,7.609061,4.5,1.1511155,0.5420126
1168,906836,0.683345,2.640625,1.2869464,0.510703
1051,910903,0.846815,2.03125,2.6945164,0.66812634
2158,910903,3.335273,4.625,1.1811574,0.53104293
1845,687455,0.124319,1.453125,4.361746,0.78027153
1016,688025,2.10511,0.38867188,3.4444656,0.6244638
1170,907175,1.680943,2.71875,1.9132717,0.5990646
1924,908461,2.130988,3.390625,1.7177438,0.5699447
1449,907795,3.668501,5.625,0.778321,0.46256748
1855,910899,4.501631,4.375,1.5904566,0.55696917
1060,909757,-1.231792,1.3984375,2.3528564,0.60152847
1050,909755,4.327892,3.09375,1.7520595,0.6015888
1847,1299062,6.552142,4.46875,2.0947285,0.6816512
1180,906835,0.034559,-1.9140625,2.3571146,0.5529474
1736,907299,3.227261,3.875,1.692818,0.5987061
1910,949090,2.081245,2.46875,2.544433,0.6562761
1816,687802,7.029494,4.59375,1.3183281,0.5574403
1580,1290797,4.011658,5.25,0.74528354,0.46262783
2438,905964,10.002138,9.5,3.600552,1.242384
1175,687997,5.843658,4.125,1.2032568,0.5219366
1014,910781,3.535254,2.390625,2.1537678,0.61372334
2047,713880,3.274685,2.640625,1.8002369,0.5801785
2040,1298157,1.508614,1.34375,2.1008534,0.6042242
1463,910920,0.522021,2.984375,1.2873602,0.5134578
1050,687455,2.000282,2.890625,1.827057,0.61817473
1559,908150,-1.820448,-1.921875,2.4790561,0.56488395
1873,1290797,0.277666,1.71875,1.6545483,0.5909986
1168,906813,3.195414,3.15625,1.2842816,0.53753877
2048,909757,-4.22015,-2.6875,4.1402717,0.68660337
1560,909257,3.289404,3.859375,1.2133144,0.5169762
1918,1298365,1.733725,3.109375,1.1070333,0.49390548
1494,907318,-3.190523,-4.1875,2.6176465,0.5796892
1802,910903,3.44334,4.375,0.72982675,0.42005435
1922,910920,0.42694,1.890625,1.4541695,0.5194241
1049,724831,4.025553,3.890625,1.0986352,0.5080809
1632,724831,2.805398,3.84375,1.0315008,0.49834523
1072,1240153,5.056195,4.8125,0.9871241,0.49313766
1910,687455,2.558981,2.765625,2.6647089,0.69342154
1736,1299062,2.756676,3.65625,1.5207336,0.56811726
2045,907791,4.229902,4.4375,1.0324076,0.48238426
1941,906827,-5.013457,-2.46875,3.852256,0.6757238
1023,687780,3.834295,4.09375,1.2700622,0.542538
1083,1240184,4.023724,3.046875,1.6413399,0.58338135
1023,753554,3.740727,3.890625,1.0090938,0.48252815
2037,1298348,6.739793,3.96875,1.2748399,0.5390518
2107,908461,4.518324,5.3125,0.6821049,0.44554585
1026,688013,1.356032,-0.3515625,2.638861,0.54868406
1060,1240127,3.197309,1.2734375,2.146351,0.58685994
1014,909747,0.028983,2.1875,2.8091455,0.6817095
1049,907299,-0.815204,4.0,1.3266062,0.5344966
1845,1303900,3.058192,1.7421875,4.427809,0.78174335
1179,724859,0.055324,1.0,1.7399356,0.57171804
1553,906849,3.249233,3.390625,2.3287952,0.66978234
2170,924239,2.514753,3.4375,2.0846312,0.6108476
1375,688121,6.837141,6.65625,0.8628961,0.4940978
1997,1240198,0.426948,4.28125,1.6486325,0.61282426
1803,906843,1.583658,5.0,1.3830006,0.6076231
2048,924100,-3.398199,-2.046875,4.8974366,0.7668207
1997,687819,2.432789,4.09375,1.6839339,0.6259464
2174,910899,1.76196,2.640625,2.3472667,0.62461793
2438,907278,10.249469,9.75,2.5717657,0.94175434
1237,687596,4.022883,4.9375,0.6522324,0.39212665
2156,1240160,3.482749,3.765625,3.598469,0.77187526
1175,909257,3.75427,4.3125,0.9896718,0.502111
1034,909699,-0.213671,-2.71875,2.667273,0.546183
1006,908461,2.186745,2.03125,4.9291983,0.7892495
2011,909249,3.995628,3.671875,1.4183497,0.52722436
2055,1240184,3.462651,1.625,2.1251702,0.58372086
1621,924248,3.156043,4.6875,1.1366614,0.53658444
1019,907274,2.352033,3.34375,2.1210837,0.63034034
1830,1674021,3.454248,3.0625,1.2531543,0.48246723
1786,1298358,3.730832,3.203125,2.049092,0.61471254
1494,949090,-3.760958,-2.953125,3.5129948,0.6637434
1855,687455,3.631288,4.875,1.4363447,0.56141806
2040,907169,1.643467,1.421875,2.2997897,0.6316836
1250,1298538,3.777949,2.21875,2.5370975,0.6781763
1007,906848,-5.575792,-2.53125,7.053041,0.95764285
1059,906836,-1.45568,0.13867188,2.6750495,0.64091563
1020,908127,5.167899,5.625,0.86815494,0.5113472
1559,907299,-4.406202,-1.859375,2.762143,0.5924825
1831,1303900,3.675567,4.65625,0.9419481,0.4791311
1006,1298537,3.987224,1.8203125,4.8942246,0.78364956
1080,909750,-2.627214,-3.3125,3.9910512,0.6699213
1924,907063,2.311265,2.0625,1.7209427,0.54143316
1005,688087,3.243696,3.078125,3.0657885,0.73766404
2359,1240153,5.43399,5.3125,0.7023313,0.4211663
1632,753620,3.160911,3.28125,1.38167,0.5161658
1013,925346,4.139897,3.171875,1.0953622,0.49246982
1192,946359,2.504646,2.828125,1.7408386,0.60963213
1922,909257,1.515126,2.84375,1.2688682,0.52704823
1494,909731,-6.56773,-3.171875,3.3001795,0.632437
1845,907795,3.30043,0.9453125,4.4887247,0.767569
1630,724859,3.404372,4.375,0.9785901,0.528152
1268,1298348,6.737681,4.8125,0.815636,0.45052215
1089,688025,1.604412,4.625,2.519335,0.6301393
1080,946359,-2.106999,-3.609375,4.3433194,0.69942904
2172,1322212,3.817257,1.2265625,3.9446476,0.75594103
1593,1240159,1.775582,2.8125,1.8507661,0.58507895
2157,925338,4.965686,5.3125,0.6627806,0.41457862
1511,1298136,1.019493,-0.28320312,4.014289,0.69962287
2096,946354,1.226142,2.96875,1.5488727,0.57862955
1631,906836,0.885523,3.25,1.8072815,0.5824488
1529,1298157,2.1499,0.76171875,4.106973,0.72986245
1131,753540,5.114556,4.96875,1.5952976,0.60804784
1804,908150,7.014885,5.09375,1.1990134,0.5898073
1268,909745,6.073509,4.59375,0.77463,0.43564674
1054,687997,5.236733,3.4375,1.7876309,0.58739
1053,687455,4.157716,3.546875,1.6688589,0.6050614
1564,724859,-1.035603,3.171875,1.991997,0.629726
1043,908127,4.778372,5.625,0.6991694,0.44182634
1004,1240145,-5.200915,-3.8125,3.451772,0.67106897
1043,1240172,6.330071,5.71875,0.7034791,0.44116062
1012,908127,1.845612,1.578125,1.0050184,0.4337247
1830,1503365,4.366001,3.125,1.1652882,0.47428653
2438,906836,8.454708,9.75,3.159585,1.1803612
1441,753612,5.789933,1.6953125,1.9456654,0.6121341
1782,753612,4.685009,5.125,0.74121445,0.4260611
1849,907274,-2.057647,-0.14453125,2.1465075,0.55119896
1046,1240172,2.112348,3.078125,2.2540953,0.65436196
1778,946359,2.888282,3.015625,1.9937541,0.62128425
1913,909709,4.502794,5.34375,0.9892413,0.5070913
1855,906835,7.971084,5.0,1.2210888,0.5176416
1054,906696,3.344398,4.71875,1.719154,0.6295366
2148,1298365,2.824773,0.953125,1.1038752,0.44475713
1941,1240145,-3.762294,-4.21875,2.1104186,0.54193175
1093,1330983,4.571069,4.15625,1.2115326,0.5162169
1005,688013,-1.309713,2.703125,3.0279598,0.7103186
1020,1240192,5.373412,5.40625,0.8024753,0.49495724
1939,906836,2.506372,2.4375,2.2934883,0.64454854
1375,909257,6.310822,6.65625,0.6025705,0.43404654
1557,1290797,5.526977,5.25,0.9091703,0.4819187
1096,907175,4.081785,1.484375,2.9796789,0.6817607
1919,909731,2.192351,1.8359375,1.3979015,0.51962346
1200,907318,2.874624,3.484375,1.014951,0.46577826
1557,1330983,3.539166,4.875,1.1349049,0.4960776
2169,1298157,5.042061,3.140625,1.6985132,0.5608272
1038,908461,4.604321,3.828125,1.202613,0.53792506
1441,724859,2.364137,2.375,1.8767265,0.62269497
1149,1503365,3.522758,1.4375,1.8870733,0.5607975
1932,909747,5.382178,2.765625,1.9810982,0.6232818
1598,906848,4.529672,4.84375,1.1400187,0.5191616
1941,687780,-5.543392,-3.40625,2.982838,0.59718364
1010,1240182,4.679296,3.28125,1.5371319,0.5685289
1594,909726,3.148913,3.140625,1.6971676,0.5943388
1624,909975,2.725371,3.171875,2.5501192,0.70364505
1084,905972,-3.014817,-2.15625,2.3947442,0.47240803
1916,1298136,4.326674,3.0625,2.0220058,0.64539224
1926,906848,1.467947,1.703125,2.8528047,0.7325682
1909,909724,3.294018,2.375,2.3182368,0.63675046
1511,1331048,-3.819138,-3.109375,3.4344995,0.65351206
1804,910920,4.80412,4.03125,1.4253796,0.5656379
1054,907322,2.830215,2.265625,2.2035341,0.6107993
1941,687590,-2.603741,-4.0625,2.3876646,0.54182804
1239,906696,2.472728,3.375,2.5696397,0.69941056
2107,906696,5.258231,5.875,0.75417894,0.4820858
1558,906848,1.636946,3.859375,1.6253252,0.58635443
1080,1298141,-0.056549,-2.53125,4.8255754,0.75556904
1580,908127,5.287329,5.375,0.7561233,0.46044266
1614,749716,5.195648,3.453125,1.312441,0.51558375
1804,687997,7.054351,4.84375,1.3154744,0.57353777
1827,1659818,-2.736573,0.88671875,2.396652,0.5917021
1941,1240144,-6.514994,-3.796875,2.4595404,0.540311
1776,907794,4.764628,4.875,0.9753117,0.49995092
1085,949090,2.160551,2.9375,1.355889,0.52465487
1799,907791,5.329306,3.609375,1.9556497,0.59790087
1441,906836,-0.967445,1.84375,2.1675224,0.6351367
1819,909975,0.831613,-3.28125,5.3550963,0.80787414
1085,946354,2.568847,2.765625,1.2274334,0.51636815
1069,907269,4.826193,3.453125,1.2813394,0.52684397
1940,687590,4.947576,4.03125,1.0971714,0.5061026
1373,908150,3.867476,4.59375,1.1289814,0.5426408
1168,909755,3.272451,3.203125,1.2646886,0.51736313
2156,910933,2.895696,3.9375,3.1213377,0.72010756
1133,909257,2.891319,4.09375,0.88183194,0.48708597
2109,1240127,2.413156,3.078125,1.2545387,0.5158244
1802,998189,3.913479,4.28125,0.7361016,0.42530128
1190,1240192,1.542944,-1.4140625,5.7553525,0.8230101
1033,906746,4.891167,5.375,0.6382572,0.43087775
1026,1240223,0.773496,-0.421875,2.2858515,0.5144954
1578,1303900,5.642864,5.46875,0.7870385,0.46356925
1926,1298537,0.500236,1.140625,2.272512,0.65970826
1179,1674021,-0.698297,0.703125,1.8963012,0.57157034
1621,687997,6.147766,4.46875,1.1027594,0.5086802
1006,1240186,4.177647,2.1875,5.12223,0.806453
1634,925340,5.183958,4.59375,0.8953389,0.46851364
1079,909749,-2.048034,1.5390625,2.861639,0.6885433
2173,753554,2.37941,4.15625,1.116648,0.51113516
1020,724870,5.461738,4.78125,0.8243647,0.47324884
1053,909709,3.258171,3.609375,1.8734283,0.64326215
1928,1240144,3.560094,4.875,0.8933548,0.48090994
1449,1298538,5.818598,5.78125,0.660877,0.42894542
1924,1303900,2.87722,3.5625,1.8582164,0.58743423
1617,909755,5.151365,2.40625,3.2591307,0.66737884
1560,907278,4.338107,3.53125,1.5334523,0.54774356
2043,724859,5.246363,5.625,0.76404184,0.48776874
1046,1240192,2.152712,2.578125,2.0109506,0.6177386
2156,1298350,4.296535,3.53125,3.0967193,0.70853996
1912,907269,0.601689,2.734375,2.3002732,0.6464552
1200,906696,3.220036,4.90625,1.3281091,0.55446965
1014,1240192,3.624604,2.328125,2.411493,0.6446017
2109,753620,1.925623,2.515625,1.3835326,0.5142822
1048,1659818,3.869961,4.75,0.8858061,0.48302484
1046,687819,4.877196,2.671875,2.536566,0.68418056
1020,1298365,6.181357,5.03125,0.8652226,0.48409897
1375,925340,7.939803,6.625,0.70282954,0.4555953
1401,925338,1.690407,2.578125,1.7230955,0.59164375
1053,753612,3.095663,2.703125,1.6965024,0.59410584
1908,1298168,4.008823,2.109375,1.4228146,0.5132965
1511,905986,-0.55761,-0.40820312,3.5896926,0.66421837
1043,1240160,5.905761,5.65625,0.787503,0.46982732
1919,688013,2.231294,1.828125,1.2847358,0.48967722
1814,906827,6.13938,7.65625,1.0158806,0.5539537
1831,753620,3.819462,3.859375,0.8936775,0.43847892
1168,909749,3.553318,2.84375,1.204961,0.5056248
2037,687997,5.435395,3.6875,1.3753852,0.540311
1561,1331048,1.127088,0.48242188,2.195309,0.6284661
1067,1503365,7.611191,5.65625,0.45904228,0.36498553
1019,1240184,3.074081,3.015625,1.8160509,0.59383816
1583,687997,3.273152,3.046875,0.7258271,0.38972163
1576,753608,3.698254,3.484375,1.2596595,0.5153058
1913,905950,4.560368,5.125,0.78922296,0.44385374
1862,909699,-0.844598,-1.140625,0.43410155,0.29510093
1598,909257,5.242069,4.59375,0.7957687,0.45566037
1931,1298350,5.903119,5.84375,0.6224853,0.4040271
2109,749710,2.781813,3.640625,1.3116742,0.5311662
1016,925338,2.442679,0.5234375,3.1898181,0.61128765
1847,687455,1.042858,4.875,2.4651072,0.7536573
1578,910920,3.691874,4.25,0.8029077,0.4212299
1838,687802,6.099841,4.71875,1.3845516,0.54117393
1578,1298350,5.172765,5.3125,0.74303186,0.45131424
1512,724859,5.814709,6.03125,0.5174131,0.38790482
1835,1240145,5.447926,3.65625,0.9891523,0.43905777
1799,906848,5.033734,4.53125,1.9516526,0.6381792
1912,1298136,3.893413,3.421875,2.1023588,0.6520045
1941,1298365,-2.178171,-4.34375,2.469413,0.56734973
1615,910399,4.801649,5.375,0.65106845,0.42097008
2170,907169,4.730075,3.9375,1.9318388,0.62259096
1020,1298348,5.562668,5.5625,0.7843117,0.47760803
1912,1298358,3.062098,3.578125,2.265941,0.6733887
2048,1298168,-0.993217,-3.796875,3.441345,0.6548146
1916,687505,0.427763,2.765625,1.6600215,0.5842099
1091,1298350,4.461146,2.71875,1.7144305,0.5886685
1199,910399,5.458026,3.84375,1.2863076,0.5235429
1561,687780,0.88857,2.859375,2.4131253,0.70052826
1030,749716,4.900055,4.9375,0.61554956,0.4082436
1632,1298538,2.735671,4.15625,1.2264011,0.51857
1594,753612,3.470752,2.640625,1.8546185,0.6183666
1047,687819,6.764695,4.78125,1.432583,0.6042099
1007,909757,-5.168179,-3.234375,5.147734,0.78882736
1048,687997,5.383138,4.8125,0.82633424,0.45175663
1237,909757,6.309776,5.4375,0.6749675,0.41260296
2439,908150,9.968151,9.6875,0.78091174,0.47432232
1131,910933,4.319203,5.125,1.6570938,0.61905885
1062,753608,3.107796,4.09375,1.6095192,0.5953023
2096,924239,2.311555,3.0,1.7625973,0.5934538
1194,753608,3.756133,3.578125,1.589583,0.59383816
1013,907322,1.79389,2.40625,1.5196115,0.5455002
1811,687780,-2.328365,-2.96875,4.0383596,0.66970277
1026,910920,1.612875,-1.671875,2.3909423,0.51692957
1004,1240192,-5.340034,-3.53125,3.9021118,0.684469
1375,749710,7.77355,7.125,0.6763623,0.45487154
1072,1240192,4.651544,5.0,0.8628041,0.48150572
1190,909709,2.772657,-0.03466797,7.795499,1.0114692
1046,713880,1.906784,2.4375,2.3702402,0.65700877
1024,1240145,-1.213925,-0.765625,2.1854978,0.5514318
1051,688121,1.470567,1.78125,3.0570698,0.7023643
1617,1659818,0.795989,1.515625,3.565124,0.6931061
1089,949090,5.247434,4.78125,2.4608836,0.6319272
1039,906842,2.690133,3.578125,1.1542455,0.44662988
1010,1240145,3.867033,2.921875,1.1558707,0.5039516
1910,724870,5.36858,1.5234375,2.391776,0.6336118
1093,910933,4.030852,4.78125,1.0388668,0.5057941
1614,905986,4.032872,4.25,1.1398036,0.51640755
1939,1330935,2.086835,2.546875,2.2918162,0.6500472
1259,1298538,3.297291,3.390625,2.30649,0.6758576
2010,687780,3.67433,4.34375,1.5485531,0.59023124
1019,688013,0.332664,2.890625,1.8402739,0.5817621
1004,1299062,-2.291543,-3.796875,3.4583583,0.63554335
2043,946359,5.381005,5.09375,0.8323384,0.46331036
1598,949179,2.714552,4.3125,0.938431,0.47488904
1034,1330983,-3.59846,-2.859375,2.7666163,0.5538947
1239,749716,2.258473,1.296875,2.7493727,0.6531637
2106,910920,3.024712,2.40625,1.8754649,0.5706701
2048,687997,-2.529172,-3.234375,4.3233275,0.70432794
1049,907169,3.67012,4.0625,1.384895,0.5440469
1239,1240198,4.134469,2.546875,2.6349883,0.66776264
2111,906843,4.243827,3.953125,1.7579286,0.6065798
1200,906843,3.484193,3.9375,1.2500519,0.5087864
1930,724870,-0.28132,0.15429688,0.96583784,0.43871316
2107,907291,5.225151,5.0625,0.73448074,0.44612035
1618,946354,2.164982,3.9375,1.1982055,0.53185076
1441,906827,1.481536,3.203125,2.2796147,0.70026886
1558,924189,0.962452,3.578125,1.4564372,0.56356156
1512,1240198,5.599894,5.96875,0.56868756,0.38464162
1908,907322,2.81498,1.8984375,1.7540863,0.5545158
1561,1322212,-0.253113,1.796875,2.3535154,0.64644045
1853,906849,3.161038,4.53125,1.4320073,0.5597228
1091,1659818,-1.332073,2.3125,1.7019498,0.5872641
1133,946359,5.364688,3.703125,1.1423128,0.52963877
1553,687802,3.568741,4.125,1.9143329,0.6540865
1997,1298141,5.501163,4.34375,1.4800365,0.59631443
1873,909249,0.560302,1.109375,1.6929266,0.5812849
1022,753622,0.247459,-0.203125,2.5042155,0.61294866
2172,753575,2.244922,3.328125,3.2972043,0.7899778
1922,907791,5.028641,2.609375,1.5758498,0.5545874
1915,905982,2.125023,3.140625,1.6924633,0.58399075
2158,910933,3.905399,4.8125,1.2775266,0.5641631
1529,1240182,4.200989,0.7578125,4.554899,0.77404225
1054,907271,4.554155,4.125,1.5107913,0.57008684
1017,688013,0.239505,4.125,1.1249769,0.4854939
1720,906849,1.527167,3.921875,2.4581184,0.7069768
1933,907278,3.078316,4.1875,1.5797384,0.59610355
1200,1298350,3.030673,4.0625,1.2412155,0.5103463
2148,910911,2.78049,1.1875,1.1784598,0.45143315
1061,925338,4.457778,4.6875,0.9545626,0.49950427
1011,1240182,-1.344819,1.9765625,2.6926363,0.6676601
1778,1330983,2.922736,3.171875,2.1228776,0.64289874
1778,688025,2.501366,3.34375,2.0202367,0.6295366
1720,909975,6.401405,4.1875,2.0396593,0.6573392
2158,1290797,5.715473,4.5625,1.2190665,0.5494936
1096,749716,3.492793,1.6796875,2.8434339,0.6698382
1008,905964,-2.574658,-1.109375,4.9664855,0.84926575
1079,1240184,0.747008,1.3984375,3.0845346,0.6999674
1926,687455,2.134612,1.3125,2.434685,0.68109006
2048,753620,-3.363953,-3.953125,3.6902242,0.64314383
1080,906842,-6.099218,-5.09375,3.2006087,0.63137984
1927,1240198,5.719347,5.3125,0.7635864,0.4578991
2159,1240192,3.694238,4.15625,1.2197815,0.54700446
1873,909709,1.731689,2.078125,1.8651338,0.6372762
1922,1674021,2.63,2.84375,1.5838672,0.57424676
1706,749710,5.165138,2.953125,2.8030913,0.70417565
1927,1674021,5.837185,5.1875,0.676711,0.42982027
1811,907795,-3.76034,-3.53125,3.9199724,0.66614527
2039,924248,2.439302,3.65625,1.2802682,0.5344966
1512,1240153,5.120315,5.4375,0.5191071,0.35759842
1817,1240159,-5.052781,-4.71875,1.6415105,0.42906564
1576,908465,3.999026,3.21875,1.25589,0.5137638
2107,1290797,4.548927,5.1875,0.6885577,0.44918966
2157,749710,4.057424,5.6875,0.66338503,0.41974798
1149,909747,2.148839,1.078125,2.2253695,0.5948501
1932,1240184,4.219687,3.0,1.7758443,0.5921017
1005,907269,0.653286,2.390625,3.6649482,0.7799826
1940,907271,5.560487,4.4375,0.99818796,0.49995092
1013,687455,2.770157,3.734375,1.4245359,0.582754
1635,1240223,6.782238,5.6875,0.3617985,0.3316391
1012,909257,1.348291,1.4765625,0.84705424,0.40818253
1583,946359,3.746703,2.875,0.74156725,0.38904884
1068,688013,0.988237,0.46289062,2.0332172,0.5484137
1720,907322,4.633605,2.609375,2.6529758,0.69036835
1014,906868,2.8073,2.25,2.6103292,0.66735363
1089,924239,3.95363,4.125,3.0996747,0.6701598
1093,1240145,4.771418,4.21875,0.7894108,0.43157062
1932,907318,2.306069,2.40625,1.604187,0.55901176
1559,909757,1.432995,-1.796875,2.831657,0.59795207
1038,687794,2.188521,4.09375,1.3542707,0.57703555
1911,909257,-4.092619,-3.84375,2.9884815,0.59389263
1922,907274,0.818326,3.078125,1.7466682,0.59097564
1912,1331048,1.076224,1.375,1.9686666,0.5795757
1033,1330935,3.271737,4.8125,0.7792719,0.43938568
1908,909975,3.994165,2.796875,1.8159057,0.5852282
1237,910903,4.696838,5.46875,0.62445235,0.39763966
1916,909755,4.700368,3.296875,1.8866944,0.6199408
1808,907169,1.681296,0.43359375,4.1377234,0.7401963
1873,905964,0.569757,0.91015625,1.5544784,0.5635916
1559,1330935,-3.944898,-2.1875,3.26566,0.6636759
1038,910851,1.316309,3.484375,1.2617381,0.5459072
1026,687997,2.495556,-0.03857422,2.772987,0.57217044
1052,909724,3.61538,3.765625,1.3275328,0.5500151
1918,909720,3.552366,3.765625,1.11546,0.5185185
1845,688121,4.092239,0.984375,4.60478,0.77769417
1069,946359,3.393951,3.671875,1.1954371,0.52791196
1808,724859,-0.08411,0.7578125,3.6871681,0.72736275
1561,910903,0.892884,2.671875,2.131206,0.65467966
1057,909975,1.441216,-1.2734375,2.2642958,0.55902505
2439,907322,8.735354,9.4375,1.0223855,0.5068222
1557,909745,6.081612,5.0625,0.8014132,0.4426661
1441,1240144,2.779063,2.359375,1.838752,0.5954631
1091,906835,2.279326,2.84375,1.5858868,0.57212657
1030,687780,4.787321,5.75,0.62338966,0.449888
1563,909747,8.414256,5.71875,0.7037091,0.42688322
1096,1303900,3.898828,2.953125,2.5368948,0.67812204
2174,924189,2.388951,3.015625,2.0762575,0.617019
2173,910399,3.934176,3.828125,1.1606115,0.50601864
1631,909975,4.896844,3.671875,1.6572819,0.56625766
1594,906827,0.286028,4.28125,1.878226,0.6708955
1372,1330947,-3.697956,-0.703125,2.6915507,0.63140154
1815,687505,4.33933,5.9375,0.6707236,0.4600061
1017,907063,4.473172,3.3125,1.1773119,0.4902643
1806,687568,6.056139,4.6875,2.1947997,0.60560304
1940,1659818,2.118634,3.765625,1.1615311,0.52221906
1192,1240182,5.714896,3.109375,1.6594386,0.59866124
1922,905972,2.83555,2.859375,1.4233179,0.5507462
2048,1303900,-1.682598,-2.078125,4.6088233,0.7296712
2011,906868,5.746975,4.59375,1.050695,0.50371516
1814,1331048,5.790192,4.0,1.3600812,0.4906647
2154,910781,2.702488,3.171875,0.5757155,0.35554853
1175,909720,3.938044,4.46875,1.0082878,0.5089271
1239,1674021,1.937469,2.234375,2.5508904,0.66086274
1048,724831,4.991766,5.03125,0.68392134,0.4518662
1720,1240159,5.519017,4.21875,1.7202228,0.6236839
2040,687590,0.957609,1.3046875,2.264373,0.6191298
1917,909975,3.714711,2.140625,2.2520213,0.64470154
1817,906835,-2.94192,-4.1875,2.1525552,0.48847508
1635,909755,5.130181,5.8125,0.37831333,0.32581714
1576,1240160,2.130749,3.453125,1.5965877,0.57313263
1058,906696,0.966085,2.734375,2.2020295,0.68291533
1873,906827,1.184004,2.609375,1.9151279,0.6543581
1629,687590,4.729724,4.75,0.87430495,0.47552755
1149,909709,1.685426,1.7890625,2.4530015,0.64692724
1817,906848,-6.211975,-4.0625,2.824168,0.5412155
1594,906842,0.883318,1.7265625,1.7822287,0.5827785
1003,924189,-3.999017,-2.03125,4.2196817,0.70829827
2171,907791,2.445597,1.578125,2.94577,0.68528146
1549,910952,0.886831,4.5,1.1672589,0.5356749
1026,1330983,-0.919465,-0.31640625,2.8994265,0.5848345
2154,908127,2.843789,3.328125,0.71546215,0.40030682
1614,1240153,2.140844,3.953125,1.2790812,0.5312905
1786,1298350,2.360063,3.15625,1.7411523,0.57211775
1175,688087,3.579724,4.28125,1.2095438,0.5410252
1910,687997,-0.215908,2.328125,2.7515004,0.67930955
2043,909907,5.869485,5.6875,0.9445674,0.52985406
1560,909975,4.85434,3.90625,1.5709674,0.5611438
1908,749716,3.214628,2.0625,1.7847805,0.5561649
1831,753608,4.215931,4.625,0.85154295,0.46914676
1845,909731,-3.426818,1.0078125,4.43961,0.7639595
1249,688013,2.770501,3.5,1.2243885,0.5034276
2156,909731,3.431321,3.296875,3.3634531,0.7271896
1046,906868,2.258221,2.5,2.204155,0.6368899
1005,925346,3.5109,2.6875,2.349699,0.64539224
1557,924248,4.713068,5.125,0.9997282,0.48051584
1614,905982,6.204725,4.3125,1.1931543,0.52020705
1062,908150,4.949815,3.90625,1.6096195,0.59533936
1073,1503367,2.866031,5.71875,2.3930593,0.86762744
1583,1330935,1.955016,2.765625,0.7888942,0.4043921
1017,1240184,4.607221,4.40625,1.1446223,0.5132997
1006,906746,3.230031,2.125,4.8838406,0.795643
1052,753612,4.681432,3.328125,1.3692911,0.5544983
2096,998189,2.127554,3.203125,1.6835841,0.60137016
1080,906843,-1.269746,-3.078125,5.0622644,0.77165955
1630,907175,2.68315,3.328125,1.1098999,0.5002868
1630,1298538,3.98493,4.3125,1.012174,0.50957423
2158,1298365,3.328388,3.984375,1.1775554,0.5120952
2106,924239,0.812955,3.359375,1.9370563,0.60942554
2359,1503365,7.643525,5.6875,0.63369906,0.41974798
1022,907274,-1.03218,0.76171875,3.496226,0.6999674
2156,910780,2.442553,1.6875,3.375619,0.6912324
1908,949090,1.646844,2.765625,1.7625663,0.5735614
1624,924100,2.284395,3.484375,2.6126635,0.7176207
2156,713880,1.956015,3.03125,3.3932006,0.72784495
1047,1330983,0.385094,4.46875,1.5982013,0.6153111
2172,906848,2.470414,2.84375,3.997233,0.8185215
1043,909249,3.328255,4.71875,0.75381863,0.4131745
1131,1659818,2.189486,4.1875,1.9542949,0.6484321
1916,924189,2.970179,2.9375,1.9506677,0.6256312
1578,908121,5.585249,5.03125,0.7509624,0.45671523
1930,910399,1.013319,0.33984375,1.0329967,0.44014525
1852,909757,6.009112,5.3125,0.70215356,0.4358553
2499,753620,9.589892,9.8125,1.7286068,0.8351355
1008,946354,2.685719,0.49609375,3.9777715,0.76228887
1053,909749,3.131145,3.34375,1.4609699,0.5568489
2177,1674021,2.643862,2.125,1.5194678,0.5191695
1827,1240160,-3.869417,1.359375,2.691436,0.6158098
1011,687596,2.518218,1.3125,2.6859946,0.65462357
2438,909757,10.285607,9.875,2.4968815,1.088623
1614,687568,4.213661,4.09375,1.1685798,0.5213646
1199,908150,3.799364,4.25,1.258748,0.54322404
1053,906813,2.675876,3.78125,1.664159,0.6311175
1563,1674021,5.943375,5.90625,0.6774385,0.42320687
1615,1298538,5.507011,5.59375,0.63933235,0.42779547
1806,1331048,2.903414,1.546875,3.6709735,0.6792581
1843,906842,-4.469366,-2.453125,3.528367,0.6810282
1593,906842,0.254702,1.015625,2.1422753,0.57522565
1072,687794,3.72611,5.5625,1.0001774,0.5206839
1615,906696,4.139973,6.375,0.7306951,0.48522514
1054,909724,2.756319,3.515625,1.797076,0.59626704
1931,909699,7.524245,5.6875,0.76213944,0.43083197
1816,907299,4.63207,3.921875,1.2386909,0.5119035
1908,907291,2.18362,2.703125,1.7325337,0.5720603
1378,909745,4.52885,2.46875,2.5068684,0.640903
1918,1240145,1.865058,3.234375,0.9616681,0.4694151
1910,908121,2.672835,2.375,2.6874623,0.68405706
1557,1322212,4.750673,4.40625,1.0883921,0.46256715
1582,1303900,4.650196,5.03125,0.9002707,0.47109434
2171,724859,1.54738,2.265625,2.4698503,0.66618556
2175,906849,5.006378,4.96875,0.97740465,0.5154251
1057,907794,-2.301344,-0.86328125,2.0914268,0.55404544
1259,1240127,5.886863,3.0,2.3558278,0.6807158
1529,724831,-0.412563,0.53515625,3.6173298,0.70325553
1093,909724,3.587947,4.3125,1.0467126,0.49032655
1553,907169,3.25876,3.578125,1.9216288,0.62532234
1925,906836,2.727001,4.9375,0.8397021,0.455533
1016,1240223,2.549721,0.24609375,2.8952978,0.5753745
1549,905964,4.276374,3.265625,1.1708119,0.49254808
1910,907322,0.133447,0.8359375,3.0926437,0.6793909
1180,907169,-1.778999,-2.4375,2.147657,0.5189594
1237,924189,2.84604,5.34375,0.7041139,0.41579133
1622,1503365,6.648919,4.78125,0.74949056,0.44429258
1059,687997,2.047061,0.6171875,2.5909042,0.63690454
2148,1298358,1.935312,1.734375,1.529276,0.50006443
1625,1298538,5.666336,5.09375,0.88713384,0.48250508
1014,907322,4.554219,1.2734375,2.9861484,0.672117
1084,753575,-2.176728,-0.88671875,3.1170704,0.56893903
1079,909907,4.357993,1.9921875,3.6346865,0.7858311
1024,949090,1.085977,-0.10986328,2.907963,0.61406535
1401,906868,3.159035,2.328125,1.7366279,0.59629023
2106,910780,3.500368,2.609375,1.7143916,0.5633246
1720,905968,5.05756,3.890625,1.8460199,0.636976
1806,1330935,3.562582,3.78125,3.4703963,0.716072
1854,909757,3.617757,5.03125,0.8246728,0.47831422
1005,1298157,4.228757,3.140625,2.7695203,0.7018559
1061,909709,5.084128,5.0625,1.1865103,0.57916635
2157,905986,5.098156,5.375,0.6422442,0.41685176
1939,1240159,4.701918,2.859375,1.7684714,0.5896434
1627,687455,1.824694,4.03125,1.4534808,0.5856151
1502,749716,3.717855,4.03125,1.1399969,0.49323434
1782,688025,4.372297,5.4375,0.7156318,0.42097008
1259,925346,4.508693,2.703125,2.020262,0.6089338
1916,907322,2.950443,1.75,2.1152058,0.61118805
1557,907791,5.460818,4.59375,1.0655558,0.4598502
1819,910933,-1.109148,-2.796875,5.221233,0.79589164
1578,909785,4.395755,3.984375,0.8042321,0.4230131
1630,908121,4.488733,4.03125,1.0504345,0.51671976
1068,1240127,1.436546,0.3671875,1.8448225,0.53058743
1062,1303900,4.477823,4.15625,1.7734891,0.6149695
2106,906848,3.61081,3.921875,2.1519995,0.6548146
1084,1240127,-1.76912,-2.234375,2.4277697,0.47543174
1634,910933,3.586813,4.9375,0.93379384,0.48737916
1854,908461,3.902449,5.125,0.7808419,0.47065145
1237,1290797,5.487579,5.4375,0.66142696,0.4132042
1013,909257,3.702103,3.53125,1.1373097,0.51925856
1827,688013,-0.828247,0.94140625,2.3714209,0.57795644
1809,749710,2.671403,1.0234375,3.5198898,0.6843119
1021,908465,3.932365,3.359375,1.360489,0.5317687
1782,910933,5.783872,5.875,0.6948519,0.4368637
1627,1240127,3.539567,3.734375,1.2940096,0.5485541
1057,909747,1.205163,-1.6484375,2.1437585,0.54327446
1375,907795,7.234704,6.8125,0.865314,0.5038226
1046,753575,2.769384,3.546875,2.1980166,0.68167084
1620,907322,4.083452,4.46875,0.6262648,0.3760329
1129,905982,5.196659,4.125,1.2684271,0.54322404
1010,1240184,3.975996,3.1875,1.4560115,0.56056774
1248,925346,-4.28985,-3.78125,3.9929767,0.7597784
1917,925346,1.828585,1.6640625,1.6674265,0.5641646
1941,1659818,-5.67808,-4.375,2.4671679,0.5419866
1560,1298141,5.064013,4.15625,1.4513146,0.55595577
1033,687568,5.733114,5.1875,0.6243297,0.4236133
1073,687455,4.195505,4.53125,1.8680296,0.69786054
2107,909747,5.866825,4.9375,0.75157297,0.45767173
1003,909747,0.800371,-2.65625,3.863547,0.6733511
2498,906868,7.121215,8.5625,0.71650445,0.4396777
1560,688121,4.702636,3.8125,1.6402243,0.56042945
1091,688013,2.800959,2.390625,1.63048,0.55710006
1025,905964,4.703483,4.1875,0.9937367,0.4679094
1372,688025,2.846155,0.47851562,3.08758,0.6675449
1013,1240127,3.192374,3.484375,1.2902142,0.5455526
1911,1240153,-5.062994,-4.0625,3.2442317,0.600296
2173,908465,5.668083,4.09375,1.1881652,0.5301027
1581,713880,2.857959,2.640625,1.7414707,0.58064085
1038,687802,4.363644,4.125,1.2744006,0.5744354
1510,906746,5.581406,4.59375,0.9185564,0.49067083
1630,1240160,4.737139,4.3125,1.2024324,0.5632726
1030,753575,6.988456,6.0625,0.61882883,0.47670987
1180,946354,-3.919311,-2.65625,2.1553166,0.5414456
1578,724831,5.070166,5.1875,0.63298583,0.43439832
2011,906696,2.084465,5.625,1.1190311,0.546228
1915,1240184,3.822469,2.84375,1.6397086,0.5770611
1720,906836,-2.680074,3.609375,2.4612331,0.7144939
1632,907794,4.010806,4.375,1.2116122,0.5405637
1510,1298365,3.313245,4.03125,0.9342059,0.46670133
1936,907175,2.640008,2.28125,1.7049439,0.56846213
1020,906868,5.845768,5.28125,0.807947,0.48636577
1802,906842,1.725601,3.09375,0.6856657,0.38363546
1909,724870,3.237991,1.671875,2.0131629,0.5954631
1019,907066,2.681667,2.953125,1.887389,0.60826576
1910,1330947,-4.164004,0.89453125,2.7904015,0.66011846
1930,724859,0.43292,0.765625,1.0867966,0.45837018
1613,1659818,2.100352,2.796875,2.2957108,0.6758576
2156,907794,3.341645,4.09375,2.9432385,0.71425056
1581,1240127,1.897469,2.75,1.5834557,0.56280756
1011,910899,-2.794927,1.703125,3.1137538,0.7008382
1059,724831,-0.172864,0.1875,1.9386158,0.57341313
1786,910780,2.237321,2.125,1.5592693,0.51736313
2158,907269,3.094796,3.875,1.5471838,0.5665629
1038,688013,2.965695,3.4375,1.2025398,0.5097784
1778,910933,4.506916,3.765625,1.8960612,0.6321844
1563,907794,6.568779,6.5,0.6623622,0.44432953
1091,687802,3.404533,2.984375,1.7320946,0.6156383
1030,753608,6.773321,5.6875,0.5431372,0.42184567
1830,910952,3.768441,3.359375,1.2861598,0.49517438
1618,1659818,2.597051,3.75,1.413832,0.5639005
1799,1240198,5.684979,4.46875,1.8451225,0.6212395
1036,908465,4.112629,4.5625,1.1175797,0.5302965
1931,1240192,4.989199,5.71875,0.6017021,0.4056863
2011,909785,2.560695,3.140625,1.3854777,0.5124375
2044,908127,2.930126,4.125,1.2617295,0.56436765
1131,1298348,7.34101,4.8125,1.494996,0.5726888
1494,1240186,-0.873864,-2.890625,3.1915534,0.63896984
1059,909249,-2.232033,-0.34765625,2.5512443,0.6164822
2110,753608,3.997692,5.15625,0.795433,0.46851364
1441,1240184,2.046873,2.046875,1.9069412,0.6057423
1931,1298365,6.61592,5.3125,0.64628315,0.39709422
1042,687997,5.825122,4.875,0.8332187,0.44623327
1010,924248,3.453987,3.265625,1.5984714,0.57666665
1706,909757,1.825542,2.21875,3.2272162,0.73839813
2045,1674021,5.24412,4.96875,0.90737325,0.49224415
1578,907318,5.002379,4.75,0.6614958,0.41695455
1576,909724,2.986099,3.140625,1.3332957,0.5185185
1624,905986,4.986053,3.3125,2.1932082,0.66735363
1052,688013,1.571825,3.609375,1.2862093,0.5261669
1564,924239,3.815447,2.671875,2.2336426,0.6306288
1614,908465,4.021555,4.15625,1.1605208,0.52444714
1042,907169,5.325446,5.1875,0.870126,0.48309985
1918,906842,0.314451,2.5625,1.1287907,0.47729653
1928,1298141,5.783859,5.0625,0.9497703,0.5021442
1862,1503367,-1.249382,-0.52734375,0.5180709,0.34665596
1017,909749,4.989532,4.4375,1.042578,0.49343738
1854,907269,5.13412,4.4375,0.9849344,0.479536
1910,1659818,-1.141422,2.078125,2.7949562,0.70213205
1561,1330947,0.816954,1.203125,2.2306411,0.64155227
2359,905972,6.407343,5.5625,0.61004156,0.411309
2158,724870,4.73412,3.796875,1.1644108,0.50897497
2011,909975,6.538022,4.75,1.2166412,0.53180534
1922,749710,3.346963,3.359375,1.5370911,0.5713625
1511,1299062,1.059949,-1.1015625,3.1071887,0.6040775
2047,1290797,1.788061,2.859375,1.7797103,0.58763736
1924,909907,4.98169,3.734375,2.0424132,0.6364472
1239,724859,1.879914,2.546875,2.253059,0.6449986
1054,909699,4.515403,3.5,1.9155157,0.596904
2043,910920,3.931041,4.375,0.84755147,0.42341137
1017,687568,4.881154,4.375,1.1168673,0.5086185
1932,907271,4.4315,3.46875,1.6516459,0.5870444
1375,1240159,8.282004,6.8125,0.6807517,0.46248052
2038,687819,4.648703,4.5625,1.1700928,0.51671976
2110,1240145,4.198742,4.71875,0.6714968,0.42488056
1811,688121,-2.034608,-3.515625,4.025369,0.6675485
1634,907299,4.426762,4.59375,0.91170704,0.47218773
1613,687568,5.242149,3.15625,1.9948423,0.6397992
1037,749716,2.308034,1.734375,1.7587712,0.5559968
1079,1240182,4.743931,1.5859375,3.327294,0.73093885
1168,910851,4.354004,2.53125,1.183212,0.49776465
1013,909699,5.90009,3.328125,1.4455539,0.553749
1049,907175,2.489144,3.109375,1.4276223,0.51247853
1179,949179,0.617857,0.28710938,1.8036073,0.55404544
2171,1298365,2.88573,1.4765625,2.4101708,0.63563156
2159,907274,1.673887,4.34375,1.5309799,0.58061045
1060,924239,3.38008,1.671875,2.4314516,0.62436944
1917,1331048,0.57341,0.21679688,1.9955426,0.5847425
1026,724870,-1.937802,-1.171875,2.2036257,0.51263463
1248,1240192,-3.625155,-3.5,4.3548164,0.75413483
2055,688025,0.471272,1.8671875,2.5198839,0.6248249
1373,905982,4.741855,4.65625,1.1419488,0.53493935
1401,909785,0.171567,1.0625,1.6515214,0.5533444
1916,907278,3.822744,2.625,2.0030172,0.6182392
1930,1240153,0.665742,0.59375,1.2544423,0.47573605
1561,1240186,3.381623,2.78125,2.2113135,0.67928755
2438,753608,10.648726,9.8125,2.1887183,1.0279311
2045,906849,5.215871,4.8125,1.1153327,0.52516395
1086,1503365,2.952982,-1.0859375,3.8857632,0.6997623
1620,1330935,4.142429,5.0625,0.5930243,0.38003924
2498,908465,8.928213,8.8125,0.77884924,0.4853191
1918,910933,5.487285,3.953125,1.3724618,0.56862974
1008,906827,2.344964,2.625,5.111877,0.87964195
1093,907318,4.855777,3.890625,0.872799,0.4508735
2148,909750,1.601337,1.3828125,1.1853253,0.4563529
1580,910952,4.609271,5.53125,0.77053434,0.46921825
2040,907322,2.080265,0.1328125,2.375429,0.62090063
1133,1240223,5.920847,4.15625,0.9929144,0.523604
1057,753608,-2.31187,-1.1328125,2.0234063,0.53843725
1624,905982,4.670615,3.4375,2.2493474,0.66845757
1618,906836,1.880492,3.703125,1.5449649,0.582982
1494,909745,-3.510008,-3.296875,2.7815034,0.60137016
1005,910952,3.013066,3.75,2.8597674,0.71218467
1803,924100,0.438791,5.1875,1.4180276,0.6246086
2498,1290797,8.063215,8.875,0.8269554,0.5081042
2046,687568,4.577148,3.578125,1.9606471,0.6473804
1830,925340,2.865407,3.078125,1.2274041,0.47733727
1060,949179,3.376857,0.98046875,2.1598237,0.5799376
1054,753622,4.330228,3.265625,1.5797753,0.57276326
1624,908121,2.54832,3.046875,2.4389856,0.69822514
1083,910780,0.896772,2.171875,1.6054896,0.5567146
1131,909757,6.931823,4.8125,1.7422864,0.6162018
1168,1240172,3.945477,3.140625,1.2940015,0.5240095
1008,724870,-1.799068,-0.44921875,3.9212337,0.75145406
1026,687780,0.585572,-0.044433594,2.8942273,0.57516176
2110,1330947,2.845499,3.703125,0.90774405,0.4442355
1931,909755,6.546641,6.0,0.6041605,0.397147
1018,946354,4.018993,5.46875,0.6014954,0.41750064
1916,906843,3.450292,2.984375,1.8958769,0.6199408
2171,753620,-0.564399,1.21875,2.9383507,0.6723047
1634,906827,4.090089,5.5,1.0548947,0.5310818
1047,753608,5.513498,5.0625,1.2031909,0.5753415
1034,1298358,-0.470975,-2.21875,2.996262,0.57419515
2171,910567,1.509864,1.109375,2.8129716,0.6711069
2040,688025,2.137702,1.421875,2.5133598,0.6511396
1997,949179,3.888963,3.6875,1.5136379,0.582754
1085,1240160,2.800832,3.203125,1.622212,0.58814913
1862,907271,-1.48989,-0.95703125,0.38802004,0.3009963
1014,925340,0.876494,2.359375,2.680278,0.6674854
1088,946354,1.445368,2.46875,3.7894094,0.81928277
1915,909747,3.854749,2.765625,1.7729696,0.60282105
1593,753622,2.947959,2.3125,1.8367919,0.58627486
1036,1240198,4.529213,4.8125,1.3320615,0.5632473
1239,1240172,4.604405,2.71875,2.4961843,0.66424555
1054,753612,4.412999,3.046875,1.9242462,0.608308
1507,906843,3.82267,5.03125,0.6397898,0.39663664
1862,1240145,-1.626707,-1.4140625,0.3542387,0.28417778
2045,907318,4.955827,4.4375,0.7963479,0.4536546
1930,905950,-0.015485,0.96875,1.267466,0.4782697
1008,907169,-1.034239,0.80078125,4.280217,0.770797
1594,910952,-0.059738,3.59375,1.6949884,0.60244966
1030,907795,5.762823,5.4375,0.61331487,0.43082824
1020,1330935,4.566928,4.9375,1.0200387,0.5122127
1507,910911,5.006558,5.1875,0.5789871,0.38108268
1804,906848,5.766005,5.3125,1.5951145,0.6525349
1080,1290797,-4.539781,-2.78125,4.6517243,0.7490932
1835,906842,1.249073,2.609375,1.2426519,0.44167572
2057,713880,3.924808,4.9375,0.7534328,0.45181027
1835,909749,3.981078,4.1875,1.3099653,0.5146112
2171,946359,6.635484,1.609375,2.900698,0.6804646
2148,907269,0.119823,1.28125,1.3759637,0.4747814
1061,1298157,4.917134,4.6875,0.94445467,0.50841796
1853,925338,1.958325,4.6875,1.1112646,0.50218797
1047,1240198,3.737001,5.03125,1.455048,0.6105661
2439,909755,8.985955,9.6875,0.8079712,0.46383768
2173,749710,4.344531,4.53125,1.2166722,0.53046066
1149,1240153,1.73599,1.1796875,2.253229,0.5942415
1930,910780,-0.262609,0.024658203,1.0180496,0.44499904
1019,1299062,4.581207,2.875,1.6739602,0.5691572
2111,906835,5.651556,4.40625,1.5146624,0.5802225
1052,946354,0.976139,3.734375,1.1712279,0.53337425
1615,909731,4.924669,5.46875,0.701938,0.4458434
1079,753608,-1.950474,1.796875,2.9932,0.7021644
1621,907175,3.651449,3.90625,1.2785789,0.5310818
1048,925338,4.45071,5.09375,0.79185843,0.45987165
1013,1298348,5.490808,3.6875,1.2882445,0.5433333
1021,1303900,3.285075,3.671875,1.529336,0.55447596
1939,909749,3.601129,2.84375,1.805062,0.59024495
1034,906836,-4.402809,-3.21875,2.455993,0.5146149
2159,906835,5.683409,4.59375,1.2214297,0.54774356
1375,687505,6.010347,6.8125,0.6987579,0.46284145
2046,908461,4.79116,3.953125,1.9136907,0.64748675
1621,1240198,5.67859,4.90625,1.1830319,0.55134386
1627,906843,1.745017,3.84375,1.4053093,0.5605013
1843,907269,-3.749387,-1.2578125,4.6453657,0.7797518
1831,753612,3.978106,3.953125,0.904797,0.45317525
1831,1503365,5.037528,4.5,0.82787174,0.45728067
1919,1298348,0.469193,1.984375,1.2695963,0.49624187
2171,1330983,-1.313429,1.8125,3.0842295,0.72049487
1067,724831,5.720363,5.53125,0.4148539,0.3550257
1177,909709,3.537678,5.15625,1.2279834,0.5963326
1016,909699,1.292795,0.16015625,3.4620574,0.62765306
1375,753620,6.290052,6.09375,0.87160856,0.47773618
1049,753608,3.861483,4.25,1.2893193,0.535543
2172,1298348,3.698128,2.40625,3.0698156,0.70822114
1011,1322212,-2.310557,1.171875,2.8738964,0.6548532
1180,1298157,-0.518522,-2.53125,2.056156,0.51428837
1020,907066,6.506424,5.1875,0.883162,0.5005303
2439,907291,8.902847,9.8125,0.9445378,0.52172196
1014,910851,1.377225,2.078125,2.7249777,0.6641244
2172,909975,1.655996,2.1875,3.5670469,0.75324196
1825,910952,1.087318,0.06982422,2.51105,0.59907573
1582,910920,3.668595,3.828125,0.8740393,0.4233595
1629,907278,4.493889,4.375,0.96254945,0.48334444
1825,907791,-1.243437,-0.60546875,2.6396768,0.608986
1378,910911,2.598064,2.296875,2.6401317,0.64069414
1553,1240144,3.919392,3.640625,1.7246265,0.5921694
1553,1503367,5.47696,4.875,2.2122283,0.7376008
1005,909257,1.564546,3.078125,2.4362774,0.6661322
1624,910399,2.350566,2.859375,2.2248461,0.6458709
2046,949179,3.44473,3.234375,2.1178381,0.64748675
1463,909745,3.339284,3.984375,1.1429355,0.5312905
1580,1240223,6.344677,5.3125,0.70079935,0.4571757
1913,906827,4.516741,5.8125,0.92079896,0.5099201
1997,1298358,3.140687,4.34375,1.809706,0.64963645
1576,1240192,2.979288,3.203125,1.1926992,0.50303584
1632,910903,2.499413,4.09375,1.2154065,0.5191905
1594,907794,4.32508,3.734375,1.5881672,0.611448
1830,753554,2.563071,3.234375,1.1410313,0.4691539
1084,910903,-3.859075,-1.75,2.6512315,0.49742213
1618,905972,5.273881,4.09375,1.2026573,0.5365684
1034,946354,-3.716254,-2.890625,2.389783,0.5335281
1817,1240145,-5.824308,-4.96875,1.5799335,0.45229837
2159,910920,4.86845,3.03125,1.4614791,0.5351787
2038,910781,4.19369,4.46875,0.86337036,0.45178515
1073,908127,3.511969,4.46875,1.7859714,0.6705547
1559,1330983,-2.570433,-2.078125,3.1299431,0.63609433
1494,924189,-1.649789,-3.171875,3.4229853,0.6513211
1924,907269,1.350099,2.71875,2.0460362,0.58845824
1190,687590,-1.366848,-1.5078125,6.0693927,0.8450146
1930,907322,0.453459,-0.09716797,1.1587613,0.46216664
2172,1298358,4.015253,2.640625,3.9952455,0.81194854
1583,1298348,3.019085,3.28125,0.6747833,0.38145015
1873,907291,0.371266,1.625,1.6425273,0.58962375
1250,753575,2.654306,2.765625,2.6091607,0.72323525
1720,1240145,4.384239,3.828125,1.4707268,0.56056774
2106,909785,-1.488949,2.1875,1.8182213,0.5693034
1819,1240127,2.829895,-3.875,4.232475,0.7148161
1625,906696,3.274607,5.8125,1.0058353,0.54146034
1996,909907,6.198303,4.53125,1.694727,0.6299584
1199,687596,5.527277,3.578125,1.4052541,0.541026
2011,753554,4.556751,4.75,0.96855104,0.48510703
1924,909747,5.282522,2.96875,1.8710849,0.5858555
1559,909975,0.209928,-1.8359375,2.9218128,0.6028788
1576,909749,3.291393,3.265625,1.2398916,0.5020976
1401,1240223,5.592851,2.5,1.6515286,0.592855
1029,909749,6.197743,5.625,0.49980322,0.38782904
1079,1330935,2.953589,1.28125,3.8053143,0.79734415
1030,910903,4.169514,5.5,0.53043526,0.40201816
1630,905972,5.589255,4.1875,0.95799667,0.5077998
1133,1330947,0.390974,2.765625,1.079466,0.49032655
2173,924100,3.563924,4.28125,1.3985124,0.5577903
1782,906835,7.85378,5.90625,0.6267771,0.4130614
2148,907066,2.569941,1.421875,1.2441083,0.46477532
1053,1298365,2.213175,2.765625,1.4427757,0.5444216
1046,910851,-0.051535,2.3125,2.279538,0.6435866
1808,907278,-1.180907,-0.203125,4.600632,0.7916679
1023,1303900,2.771325,4.0625,1.2029127,0.52045566
2172,687819,2.214982,2.203125,3.8003013,0.7841437
1089,909699,7.398601,4.53125,2.8100948,0.653719
1020,1240198,5.778145,5.78125,0.99743974,0.5411047
1024,1659818,-1.728989,-0.515625,2.9249551,0.62740576
2046,909249,1.185171,2.546875,2.5703387,0.6778725
1621,907271,4.654558,5.03125,0.9535209,0.5132985
1634,910851,3.778123,4.5,0.93054223,0.48070273
1559,724859,-1.916616,-1.609375,2.5675724,0.59235126
1060,1298538,0.16717,1.609375,2.4153833,0.614803
1927,910933,5.685095,5.4375,0.6924219,0.44373816
2110,1298350,3.180657,4.96875,0.8394547,0.46367863
1925,949090,6.349754,5.1875,0.72952896,0.43245953
1563,906835,8.266946,6.375,0.6057608,0.41205472
1786,906868,2.89422,2.875,1.6829684,0.561135
1057,753575,-1.167456,-0.625,2.2729957,0.5811114
1576,906842,1.171368,2.125,1.1641129,0.4666574
2096,753554,1.031448,3.21875,1.5700446,0.58361185
1168,909750,3.775286,2.796875,1.145108,0.48916078
1563,1298537,4.279853,5.9375,0.6589012,0.42387196
1022,1298348,-0.035175,0.51953125,2.8066618,0.62154746
1622,924100,4.158324,4.84375,0.9036807,0.4668265
1909,908465,3.133799,2.453125,2.152842,0.62789214
2170,753575,5.105503,4.78125,1.764816,0.6560117
1911,687596,-4.702348,-4.375,3.1784186,0.5963326
1825,908121,-2.222061,-0.4140625,2.4289336,0.586927
1629,908121,3.867001,4.6875,0.90358734,0.49272084
2040,1298136,0.521971,1.453125,2.381244,0.657048
1924,909757,2.220646,3.265625,1.8145554,0.5791773
1808,908465,1.565101,0.19140625,3.7540126,0.71430856
1175,910567,3.216497,3.609375,1.2540866,0.5289268
1054,910920,3.003746,2.390625,1.9714482,0.56700605
1549,906836,3.578039,3.90625,1.3081411,0.55032104
1199,925338,4.504233,4.1875,1.2749366,0.52822375
1059,1674021,0.613907,0.29492188,2.4475963,0.6069006
2045,1298365,4.838879,4.5,0.87461513,0.46479797
1916,946359,3.058953,2.609375,2.0408797,0.62395823
1080,907066,-0.438705,-3.578125,4.307332,0.701722
1375,1331048,4.827496,4.5,1.1299275,0.48638657
1919,909757,3.38928,1.828125,1.3428645,0.5092694
1629,687780,4.946895,5.21875,0.95649964,0.51756066
1926,910399,-0.315347,0.72265625,2.159932,0.63588434
1237,909975,5.801637,5.46875,0.6840101,0.41387266
1618,925338,5.044825,4.09375,1.261758,0.5335202
1578,1298157,5.530888,5.21875,0.7280339,0.4496169
1199,908461,5.038121,4.34375,1.2939159,0.5485143
1625,906849,5.079859,4.8125,1.1287601,0.52335507
1080,909749,-4.215549,-2.71875,4.774153,0.7823555
1613,687802,6.297589,3.921875,2.0323026,0.68426174
1583,1303900,3.096615,3.390625,0.75010026,0.40902525
1004,924239,-6.226444,-3.796875,4.9601955,0.7766473
1016,1330947,-6.100819,-1.171875,3.0228047,0.5876722
1928,724859,6.386763,5.125,0.9341045,0.51728845
1594,749710,2.713652,3.796875,1.6176933,0.5923828
1006,1503365,4.817527,1.8359375,4.7332463,0.7711092
1239,687802,5.102467,2.921875,2.5098882,0.68625903
1250,1330947,-1.22012,0.62890625,2.6824543,0.66513544
1776,905986,4.857072,4.5625,0.92096627,0.47453186
1026,1240198,2.866476,0.025756836,2.8672903,0.5783524
1025,910952,4.747028,5.59375,0.9181302,0.500651
1250,907271,1.77488,2.328125,2.4113066,0.671461
1026,1298157,-0.974389,-0.40625,2.3866243,0.5242928
1621,910903,5.119187,4.84375,1.0049748,0.51250887
1627,907063,2.701164,2.828125,1.3224207,0.51950425
1175,905950,4.584353,4.5,1.1802146,0.5402322
1624,1322212,4.835787,2.390625,2.7599714,0.6843564
1576,907318,1.635047,2.78125,1.0476362,0.46620956
2040,749710,1.293701,2.015625,2.2488682,0.6291088
1618,753620,4.382735,3.421875,1.4397,0.543261
1617,1240192,3.62169,1.6875,3.0713172,0.6435465
1088,1298537,3.479066,2.75,3.6323793,0.79160225
1024,998189,0.051947,-0.1796875,2.696168,0.59707814
1529,907274,0.592136,1.234375,4.8561196,0.80531627
1510,687505,3.962919,4.4375,0.89527243,0.48070273
1927,687802,6.475918,5.6875,0.71647877,0.4782031
1249,906813,3.249372,4.1875,1.3745548,0.58418643
1941,687505,-6.364396,-4.125,2.2464802,0.5314443
1053,1240172,4.702928,3.6875,1.6314875,0.5944642
1918,909249,4.149758,2.921875,1.3133128,0.5133291
1085,1240144,3.569894,3.125,1.2763994,0.5168815
1019,688121,2.930933,3.078125,2.0723317,0.6187589
1625,1240172,6.152623,5.25,0.9310206,0.49989715
1018,1674021,5.767376,5.46875,0.6353151,0.42403162
1802,909747,5.843208,4.03125,0.7709663,0.4236623
1375,910899,5.159734,6.4375,0.8679918,0.48815277
1068,909975,-0.600763,0.40820312,2.0566325,0.5522296
1080,753575,-0.479508,-1.59375,5.56217,0.8348354
1511,687596,-0.47499,-1.3671875,3.6701396,0.6565503
2110,909699,7.985851,4.78125,0.93949664,0.47911677
1776,909747,6.762378,4.28125,1.0230852,0.48921862
1720,905964,-2.330743,2.546875,2.5138984,0.6750107
1845,688025,2.629175,1.0,4.68752,0.7916679
1854,687568,5.43831,4.90625,0.76592433,0.46521908
1560,906868,3.785791,3.71875,1.4488631,0.55223435
2037,753554,3.605426,3.890625,1.2345108,0.5368639
2171,906868,2.215849,1.765625,2.603306,0.6539869
1079,1298365,-2.854127,0.97265625,2.9015574,0.6806663
1854,907291,4.863949,4.875,0.8337085,0.47007924
1200,910933,3.26025,4.28125,1.3132201,0.5344966
1047,909747,9.340026,4.5,1.4158274,0.597143
1034,910780,-3.132982,-3.875,2.0413103,0.4788639
2498,905986,8.046059,8.9375,0.783601,0.48208198
2173,905982,5.92244,4.25,1.2188168,0.5259913
1580,1240127,4.275856,5.125,0.6980037,0.44108972
1030,908121,4.971437,5.3125,0.55086166,0.41349554
1060,906849,4.220611,1.328125,2.7853303,0.65067023
2048,1240159,-0.591609,-2.90625,3.5838118,0.6368899
1843,1303900,0.435675,0.13671875,4.1528788,0.74290735
1911,910899,-4.17436,-3.9375,3.5313964,0.61546284
1023,749716,3.236875,3.078125,1.2021867,0.4868289
2046,1298157,3.689841,3.6875,1.921928,0.6376928
1237,946359,5.712267,5.09375,0.70500857,0.40681374
1021,909747,6.228971,3.15625,1.5177745,0.55303067
1010,1240153,2.631068,3.15625,1.5350616,0.56776315
1782,907271,6.301773,5.875,0.6171936,0.41507906
1930,909731,0.578453,0.68359375,1.2569908,0.47670257
1507,924248,4.655426,5.09375,0.64544666,0.40065503
1558,1503365,3.503814,3.65625,1.3253596,0.5449435
1799,1240192,5.664012,4.1875,1.5343956,0.58778167
1933,906868,5.642246,4.4375,1.3662187,0.5851048
2038,1240145,3.708366,4.375,0.84569335,0.44827184
1014,724831,1.820102,2.171875,2.1517792,0.6160045
1847,908465,7.27099,4.625,2.2794483,0.7275638
1804,687505,2.421345,5.0,1.2091674,0.5932727
1553,910851,3.761499,3.296875,1.8961124,0.617019
1912,753554,2.289166,3.3125,1.7173619,0.595507
1375,713880,6.034565,6.625,0.79519486,0.49487215
1008,907795,-0.861642,0.7109375,4.560724,0.79485714
1559,908127,-3.413366,-1.6328125,2.774856,0.599933
1736,907795,0.509133,3.78125,1.8440375,0.61483866
2045,1240127,5.211546,4.875,0.82570547,0.4740185
2048,753554,-2.47851,-2.890625,3.8598528,0.6600323
2171,1240160,3.575705,2.25,3.0571284,0.72017896
1086,909755,-1.614638,-0.44140625,4.1733003,0.7273358
1401,724859,2.857335,2.640625,1.6689926,0.60210794
1034,908150,-4.463867,-2.671875,2.2960954,0.50848037
1023,906849,3.608876,3.671875,1.4045836,0.5462424
1049,909747,5.55727,3.796875,1.3800458,0.53669965
1613,909785,0.481015,1.4921875,2.3001976,0.6260732
1931,1240159,6.762139,5.8125,0.5867771,0.40192476
2177,1298348,2.529055,2.40625,1.4085389,0.5081464
1873,907274,0.911518,1.9921875,1.8893027,0.614803
1594,946354,3.070909,3.078125,1.555919,0.5900684
1779,907318,0.314897,0.8984375,1.7175896,0.567126
2010,907322,2.703447,2.765625,1.6429013,0.54777586
1019,909757,3.587636,3.171875,1.9058201,0.6083076
1093,907291,3.273103,4.3125,1.0428704,0.48602247
1068,724831,0.578884,0.1953125,1.5761582,0.505516
1168,925338,3.425414,2.984375,1.1618437,0.49630982
1936,753612,3.396341,2.609375,1.6162399,0.577315
1014,908121,2.699399,2.21875,2.7816973,0.6927424
1168,724831,4.183946,2.671875,0.9717716,0.4706982
1268,909757,5.208659,4.78125,0.89353395,0.47485206
1560,946354,0.68293,3.75,1.3385127,0.5311662
1192,906849,3.413132,3.015625,2.008055,0.6502903
1996,753620,2.931181,3.375,1.61641,0.5605013
1053,753622,2.876853,2.921875,1.4180022,0.5627103
1873,753612,2.281056,1.359375,1.6068059,0.58547103
1997,1240184,4.255589,4.0,1.4847684,0.5892053
1635,907169,5.419143,5.6875,0.39990565,0.3408889
1613,1330935,2.076446,2.671875,2.5796425,0.7021331
1057,1240172,0.894477,-0.875,2.2201693,0.55531156
1259,910899,1.222057,2.8125,3.0226617,0.73984706
1033,1290797,4.875518,5.3125,0.64793885,0.43355432
1024,907322,-1.100021,-1.71875,2.784021,0.5878929
1625,1298358,5.38696,5.25,1.1075044,0.5406015
1812,1298365,2.072931,1.859375,2.5412676,0.62740576
1557,906813,3.932165,5.71875,0.9648022,0.523399
1811,1298365,-3.48975,-4.21875,3.3430145,0.6406458
1012,687590,3.05204,1.3671875,0.97898763,0.42033863
1058,1659818,-0.937089,1.3203125,2.2448525,0.6702704
1849,908465,1.613356,-0.7734375,1.5885937,0.4810945
1042,1298537,5.673394,5.09375,0.82606006,0.4705807
1199,909757,4.844986,4.1875,1.3853782,0.5553559
1930,687505,-0.827999,0.34960938,0.9765375,0.43456987
1529,1331048,-1.829006,-2.078125,4.405337,0.7580618
1911,925338,-4.71483,-3.65625,3.6200552,0.63091457
1996,724831,5.193792,4.03125,1.1399633,0.52719367
1237,749716,4.850876,4.59375,0.7200039,0.3905975
1786,1240192,3.481773,2.90625,1.552945,0.54652655
1911,910933,-5.027655,-3.03125,3.6238914,0.6356664
2438,946359,11.949262,9.8125,2.8195457,1.096521
1510,687794,2.613372,4.9375,1.0510572,0.53188306
1941,688087,2.423366,-3.953125,2.562495,0.562928
1046,1674021,1.232542,2.609375,2.2910688,0.64983517
1816,906868,4.708944,3.75,1.2084856,0.5045282
1401,906836,0.218294,2.109375,2.00462,0.6246702
1086,906746,-1.837908,-1.015625,4.1052322,0.72479147
2106,687505,0.741441,3.34375,1.6317687,0.5771146
1023,1298348,2.589266,3.953125,1.0615556,0.48716593
1016,753575,0.08099,1.46875,3.4274766,0.66634566
1192,906813,5.542836,3.609375,1.6723504,0.64710814
1997,1240145,3.860492,3.78125,1.1656505,0.5200577
1736,1503367,3.10707,5.125,2.1295016,0.73841935
1057,906696,-2.351252,-0.14257812,2.598885,0.6148119
1855,907278,3.879954,4.28125,1.3546412,0.52153987
1908,906849,3.282735,2.703125,2.1424153,0.6219413
1931,1322212,5.548958,5.125,0.7050586,0.389444
2010,909785,0.64612,2.546875,1.4671686,0.51889974
1855,753620,3.106115,3.921875,1.4889585,0.5344966
1912,688121,2.28709,3.171875,2.1199381,0.6329733
1583,906827,2.200016,3.828125,0.8011055,0.4528592
1006,910780,1.458319,-0.1953125,5.2197843,0.78746074
1004,1240159,-2.743382,-3.375,3.9672275,0.68267286
1249,909757,3.577023,3.765625,1.3218277,0.5407378
1804,907318,3.247091,4.59375,1.1380309,0.5555023
1529,753575,2.052459,2.046875,4.2965918,0.80612344
2359,924100,6.063018,5.6875,0.7403139,0.43381667
1012,906835,4.47984,1.78125,1.0140972,0.44101048
1582,905968,4.850868,4.625,0.8381103,0.46174625
1617,687455,5.347867,2.15625,3.6079357,0.6963861
1553,909731,1.460068,3.515625,1.9603498,0.6287365
1053,909785,-1.077894,1.8046875,1.6593276,0.5559599
1022,1503367,-1.566936,1.6484375,3.4897258,0.7605139
2106,949179,0.379877,3.109375,1.8077749,0.596904
1020,910567,3.479893,4.78125,0.9613408,0.5056497
1449,687568,6.091643,5.5625,0.6381924,0.42595205
1617,1322212,1.786388,0.86328125,3.5743976,0.65686786
2044,907291,4.37865,3.8125,1.2733049,0.55373466
2043,909757,6.33521,5.40625,0.79872155,0.4734764
1613,998189,5.210768,3.34375,1.9767581,0.64326215
1918,910851,4.552774,3.4375,1.301367,0.54330516
2498,1503365,9.660147,8.9375,0.7981861,0.49673373
2057,907794,4.513318,5.40625,0.7229437,0.46744344
1908,910780,1.975376,2.046875,1.520502,0.52465487
1936,949179,2.25084,2.734375,1.5366533,0.5655209
1250,909757,4.521182,1.984375,2.6430671,0.6817164
1200,909757,4.296694,4.0,1.2875307,0.5213892
2171,1659818,-3.20939,1.671875,2.840611,0.69828826
1613,909745,5.542205,3.25,1.8026298,0.6069325
1811,1240198,-1.140528,-2.921875,4.47914,0.7052038
2038,1240186,4.976673,4.75,1.0476137,0.50094765
2048,905950,-1.744672,-2.34375,4.2271633,0.7010131
1635,946354,4.632913,5.625,0.38315108,0.33904856
1817,907169,-6.906606,-4.59375,1.8406351,0.44099817
1168,687794,3.568377,3.265625,1.3432244,0.53845775
1580,1674021,4.994929,5.1875,0.76429105,0.4583216
1007,687794,-6.55891,-2.21875,6.2704215,0.8966645
1814,1298348,6.994127,6.5625,0.763996,0.44540223
2154,1330947,0.918038,2.109375,0.6967024,0.35621515
1621,1298537,4.458089,4.75,0.99267536,0.5114803
1017,909731,2.850294,4.4375,1.2487746,0.5266864
1050,1240182,4.921199,2.65625,1.781752,0.59407145
1913,1298136,5.477533,5.1875,0.9359939,0.491051
1018,910780,5.03364,4.625,0.6132794,0.38214868
2038,687455,4.187489,4.8125,1.1150982,0.51702064
2048,905972,-2.204631,-2.953125,3.4914029,0.6329733
1017,910851,2.786125,4.3125,1.2201018,0.53059775
1802,753575,5.314428,4.90625,0.792304,0.46487835
1033,1240192,4.147817,5.1875,0.6177954,0.42477715
1529,907791,0.274751,0.15625,4.9257097,0.80719143
1003,909249,-2.500489,-3.453125,3.768262,0.66529834
1617,907274,0.504684,2.203125,3.8089268,0.6999674
1401,907169,2.597332,2.5,1.845627,0.61237615
1799,909745,5.71825,4.1875,1.4215881,0.55007684
1060,909785,2.50712,0.390625,2.077526,0.57063437
2048,1299062,-1.338255,-3.3125,3.1953464,0.5995085
1631,1298537,2.79683,3.703125,1.5286633,0.54874957
1939,909257,2.107197,2.859375,1.5813601,0.56485605
1511,753612,1.62647,-1.25,3.7919683,0.68287134
1020,910952,5.982686,5.84375,0.886159,0.51994705
1620,753540,5.655063,5.8125,0.5358415,0.40662035
1049,910903,4.448751,4.125,1.2991098,0.5314443
1873,753575,1.095616,2.296875,1.6546566,0.6212517
1852,907291,5.596298,5.125,0.7062231,0.42676634
1032,753575,0.204052,2.359375,2.0257463,0.62824464
2039,910903,4.203728,3.84375,1.1742826,0.51857
1463,909907,6.904696,4.3125,1.5038817,0.62149674
1463,1299062,3.574539,3.828125,1.1605183,0.53669965
1561,909724,1.293268,2.375,2.2149935,0.6582483
1005,909785,1.063499,1.234375,3.11158,0.72993475
1005,687780,2.292761,3.71875,3.1180122,0.7438822
1936,907063,3.406493,2.09375,1.5048913,0.5429066
1553,910899,3.523153,3.296875,2.1870825,0.64387745
2048,909249,-5.12228,-4.3125,3.5794094,0.6361075
1782,998189,6.305795,5.5625,0.65369594,0.42320687
1029,909709,5.939298,6.0625,0.7157093,0.4686852
1614,1298348,5.667124,4.3125,1.1352634,0.5077998
1249,910851,2.408372,3.53125,1.3377597,0.54725534
2159,1674021,2.477231,4.21875,1.3632361,0.5676881
1463,1674021,4.315534,3.984375,1.3275717,0.57000685
1021,909745,1.705208,3.4375,1.2685372,0.5033976
1050,905986,3.585932,2.765625,1.6113716,0.5813206
1813,1240172,6.667071,6.1875,1.5965121,0.59942096
1449,1503367,5.972187,7.0,0.9908533,0.6301535
1916,905964,2.992882,1.7421875,1.9829235,0.59486246
1378,906827,3.971453,4.125,3.2842488,0.7640226
1021,906836,0.386942,2.953125,1.6806235,0.56862974
1928,753622,4.866837,4.5,0.90094525,0.48499602
2439,753608,9.939598,9.8125,0.8708757,0.5392087
2174,910399,2.432182,2.515625,1.8122927,0.5593714
1819,1674021,-3.551922,-3.59375,4.4891987,0.73565906
2045,906813,4.457194,5.4375,0.9312962,0.5353229
1811,910780,-3.07731,-5.0625,2.6151874,0.56096035
1018,906827,5.002439,6.40625,0.7537888,0.49299514
1194,906813,4.996128,3.859375,1.7718515,0.65534306
1635,907278,4.939563,5.3125,0.39239815,0.31493515
1845,906843,1.536557,1.1875,4.5954843,0.79078203
1050,753622,2.778894,2.265625,1.4974567,0.57363147
1086,909699,5.271367,-1.40625,4.6293397,0.7541814
1810,905968,-0.807681,0.18164062,3.2753909,0.6863069
1048,910952,3.930688,5.40625,0.8273803,0.48545912
1248,909720,-4.088265,-2.984375,4.8301864,0.7915378
1845,909907,4.283526,1.8671875,5.0005226,0.84453046
1631,1240182,3.60563,3.609375,1.6249529,0.55521154
1802,909755,4.453049,4.5625,0.7501266,0.4240412
1463,907291,1.86391,3.875,1.2934079,0.55675805
1622,1240144,4.726369,4.75,0.7440221,0.42932585
1025,687794,4.848267,5.75,0.9910577,0.5239729
1069,924189,4.110533,3.921875,1.1558071,0.52770394
1054,924100,2.253296,3.921875,1.8740296,0.6127969
1200,925346,3.322941,3.609375,0.978593,0.45723975
1016,749710,1.889226,1.2265625,3.2496028,0.6317647
1918,946359,3.541174,3.34375,1.3616592,0.54309154
1020,687780,4.036449,5.875,0.97085375,0.55164546
1564,906696,-0.363968,3.953125,2.1816027,0.66382235
1629,946359,3.995819,4.5625,0.9726912,0.49476883
1463,1240186,5.018562,4.21875,1.3215175,0.58061045
1093,909249,3.67946,3.578125,1.1645693,0.4849579
1036,905986,4.986116,4.65625,1.1063486,0.5182627
1629,909757,5.442422,4.9375,0.8951643,0.4919118
1831,1240127,3.900104,4.375,0.8198551,0.4505278
2170,907269,1.255388,3.078125,2.4767003,0.6561093
1913,910567,3.787398,4.28125,0.87014145,0.4426059
1007,909747,-0.027382,-4.03125,4.7087674,0.7582791
1003,924100,-2.903667,-1.40625,4.5914774,0.74801314
1626,909975,1.822104,2.46875,2.60775,0.6816258
1926,909724,-0.314967,0.88671875,2.4273365,0.6667169
2039,909907,3.784352,3.9375,1.364726,0.5755903
1378,924239,3.947913,2.625,2.9170337,0.6757754
1084,909720,-3.993367,-1.65625,2.5114079,0.4990851
1042,909726,1.883738,5.0,0.81827885,0.46256715
1912,749716,3.42938,2.40625,2.0968924,0.608726
1058,688087,1.403166,1.7109375,2.2423437,0.6601463
1553,1298136,4.649201,3.71875,2.027956,0.6410936
2159,998189,3.941847,4.28125,1.2857091,0.55912906
1594,909731,0.405406,3.234375,1.8365899,0.6183666
1706,1298538,3.521574,2.484375,2.8956115,0.7087494
1847,1290797,5.099858,4.75,2.2903805,0.7310532
1036,908150,3.355415,4.625,1.1034521,0.5249411
1199,753612,2.716161,3.53125,1.4596542,0.55079055
1054,1330935,2.783026,3.140625,2.064971,0.6373616
1853,909745,4.910498,4.625,0.9994153,0.4791311
2148,906836,0.406417,1.265625,1.3652121,0.47573605
1922,998189,2.69746,2.9375,1.4931415,0.56626064
1191,910780,-4.687975,-5.375,0.78219134,0.33498588
1029,1240186,5.653361,5.6875,0.54870164,0.39922297
1779,909907,2.18142,1.7890625,2.4224296,0.66841215
1997,1298136,6.843061,4.28125,1.7034619,0.63638115
1825,1298136,2.617244,-0.3359375,2.465062,0.5931223
1803,908150,6.963533,5.09375,1.1990134,0.5898073
1003,910851,-1.843373,-2.625,3.5537655,0.63155025
1449,907278,4.098153,5.21875,0.7165022,0.41771382
1779,906696,0.997157,2.359375,2.3265033,0.662945
1845,906835,1.852206,1.765625,3.8766356,0.74290735
1067,1298350,5.602075,5.625,0.47147965,0.3610131
1093,906813,3.994506,4.875,1.0642107,0.5371538
1583,910920,2.050846,2.234375,0.7045763,0.3510799
1830,753608,3.765994,3.265625,1.208719,0.48209205
2157,1298350,5.636489,5.375,0.67517596,0.42341137
1199,1674021,3.337212,4.15625,1.3737459,0.55630225
1582,906842,2.668369,3.703125,0.82626754,0.41812918
1778,905986,4.54073,3.453125,1.6985747,0.59777784
1620,753622,5.312673,5.375,0.5071284,0.38530973
1560,910851,4.272143,3.703125,1.5497153,0.56186473
1529,907066,3.291036,0.40820312,4.520062,0.7681222
2106,1299062,5.568201,3.234375,1.6485553,0.577315
1996,1240223,3.834049,4.21875,1.2748238,0.55298007
1629,908150,4.131121,4.90625,0.8115412,0.47494546
1778,910952,2.50109,3.6875,1.8128124,0.61335516
1996,905964,3.125265,2.734375,1.6619672,0.55684423
1563,1240160,6.356818,6.21875,0.7901788,0.46601614
1576,1299062,3.717583,3.046875,1.1749468,0.48803627
1911,749716,-4.08896,-4.46875,3.3321588,0.6165656
1930,909257,-0.204344,0.6484375,1.0058252,0.4419106
1373,909726,4.624918,4.4375,1.1738791,0.53871304
1018,925338,5.135189,5.46875,0.61549264,0.41028115
1004,907318,-4.771532,-4.625,3.5881042,0.6779345
1020,908121,4.619471,5.21875,0.8766234,0.50324935
1782,907322,4.767879,4.5,0.75241405,0.40923205
1627,1330947,1.642898,2.765625,1.3955959,0.52661866
1131,687997,3.301017,4.25,1.7411208,0.5949036
1034,909724,-1.271149,-2.90625,2.4161503,0.5102108
1936,1240186,2.459827,3.34375,1.6246339,0.6069325
1149,753608,0.612462,1.5859375,1.9465915,0.56773764
1855,687568,4.749999,4.53125,1.250337,0.5220007
1557,1240127,5.966781,5.0625,0.86396223,0.46150795
1053,909731,1.902559,3.296875,1.7099507,0.5958673
1049,688025,4.764684,3.984375,1.4161423,0.5424824
1047,906848,4.888018,5.0625,1.5529616,0.622535
1843,907271,0.219302,0.09033203,3.6136394,0.6974871
1817,925338,-5.221379,-4.75,1.8635814,0.44649583
2109,906696,1.873552,3.96875,1.3930168,0.56697476
1032,907791,3.688778,1.5703125,1.9707026,0.58841443
1912,905972,4.049933,3.203125,1.7796373,0.6050881
1067,907269,5.112465,5.0625,0.557611,0.36422738
1931,909724,5.117329,5.625,0.6359605,0.39831033
1634,749710,5.777448,5.0,0.8845137,0.46523988
1019,1298365,1.214947,2.59375,1.6884168,0.56570625
1559,909731,-2.821486,-1.90625,2.8447843,0.59608006
1072,909724,2.734821,4.90625,0.9637343,0.49021283
1052,909731,2.071191,3.890625,1.3743793,0.5622358
1003,687802,0.121965,-1.21875,4.2699103,0.7167294
1018,905968,3.703796,5.375,0.60723877,0.42388365
1613,907169,4.061067,3.34375,2.1164494,0.6563744
1933,724870,5.507781,3.828125,1.386071,0.5584553
1736,1330935,3.611926,3.625,1.8809222,0.61804414
1086,925338,0.869423,-1.2578125,4.3743324,0.7342573
1067,753554,5.828664,5.53125,0.44604605,0.35182434
2048,906746,-4.122588,-2.71875,3.9135156,0.665048
1190,905968,-1.010788,-1.5859375,5.691907,0.8254226
1808,687568,-0.728569,0.12695312,3.8982728,0.7263176
1088,749710,3.643853,3.578125,3.4763024,0.78244
1089,1240182,6.360284,4.59375,2.573104,0.6380212
1930,905972,0.165895,0.58984375,1.0927502,0.45159182
1030,906827,4.360934,6.09375,0.67411953,0.4789292
1812,1240192,1.588455,2.40625,2.5763295,0.6472099
2038,1303900,4.788603,4.84375,1.0966119,0.50584453
1089,1240184,5.236583,4.75,2.416221,0.63156307
1062,1674021,2.865634,3.828125,1.748635,0.6093476
1614,724870,2.924611,3.484375,1.0805124,0.48704043
1925,909726,5.210807,5.125,0.6909404,0.42507592
1096,1298157,5.241832,2.5625,2.378134,0.6502345
2096,910920,3.054094,2.078125,1.675126,0.553105
1373,949090,6.508655,4.46875,1.2070575,0.5371538
2148,1298350,1.285678,1.6875,1.2935923,0.47370034
1776,687568,5.229838,4.40625,0.9382081,0.47969392
1512,1298136,6.230551,6.0625,0.59206325,0.40172026
2040,909907,3.488451,1.7578125,2.568514,0.6896757
1928,949090,4.644833,4.75,0.98913574,0.49287158
1011,1299062,5.028491,1.6328125,2.3466911,0.6161304
2057,1298350,5.789912,5.09375,0.72526276,0.4422155
2040,910952,0.585365,1.7421875,2.2726123,0.6299472
1621,907269,2.820372,4.125,1.3368193,0.5441017
1046,908127,2.236207,2.84375,2.1832552,0.63974684
1622,1303900,3.615155,4.875,0.8446842,0.45823574
1175,909745,4.553497,4.28125,1.040475,0.501389
1560,925340,3.163629,3.84375,1.4797553,0.5500498
1024,1240153,-1.505246,-0.48828125,2.9100153,0.60974824
1239,1240192,1.638398,2.1875,2.225365,0.62829185
1084,687505,-2.33271,-2.328125,2.3931634,0.48635954
1051,907175,0.993951,0.76953125,3.109457,0.6886028
1831,905968,4.662879,4.3125,0.8494715,0.45846578
1023,1240223,4.240094,3.890625,1.0370673,0.4997469
1912,924100,1.556315,3.46875,2.1711237,0.6513211
2148,906848,-0.319944,2.046875,1.5796976,0.5215958
1191,906843,-6.148827,-4.46875,1.079874,0.38192362
1812,1674021,4.11016,2.40625,2.9346974,0.67704874
2359,909747,8.050829,5.3125,0.7085884,0.4303935
1625,910903,4.437813,5.03125,0.869688,0.4754581
1088,753608,2.991931,3.203125,3.4597783,0.78512067
1624,1298365,3.244314,2.53125,2.207569,0.64385366
2177,1240184,2.760474,2.046875,1.40648,0.5023895
1012,909757,1.053295,1.421875,0.9975236,0.42829725
1618,1240186,4.643989,4.28125,1.3253459,0.5632726
2011,687802,4.972896,5.375,1.1382565,0.55848056
1248,687596,-4.642514,-4.21875,4.5260334,0.7788312
2172,1330935,-1.552943,1.6953125,4.3735576,0.850276
1817,907271,-5.021894,-4.15625,2.0441728,0.47753128
2157,1240127,5.420956,5.1875,0.6336887,0.41287014
1083,909249,0.992684,2.265625,1.8613749,0.5856151
1811,687568,-0.489645,-3.921875,3.0059924,0.58440363
1032,753622,0.981224,1.34375,1.6097329,0.55818594
2111,910780,4.65093,2.875,1.7784647,0.5704011
2048,724831,-3.093262,-3.25,3.2508216,0.6229782
2106,1240160,4.551101,3.734375,2.1596828,0.66978234
1928,907794,4.989059,5.25,0.9391706,0.51875734
1191,907278,-5.409491,-4.84375,0.9268335,0.35326272
1060,1503367,-0.516822,2.359375,2.9125347,0.6919258
1810,687802,1.736724,1.421875,3.854347,0.7716655
2148,1674021,1.423769,1.34375,1.2503412,0.46245545
2096,949090,1.910044,3.109375,1.6936908,0.5872989
1630,946354,2.271508,3.984375,0.9433645,0.5039227
1372,906696,-4.387819,1.5234375,3.0908582,0.684484
2159,1298350,3.73235,4.34375,1.3140111,0.5584553
2109,949090,1.057423,3.109375,1.3303249,0.51736313
1059,998189,-0.422811,0.46875,2.3842614,0.6095574
1996,1240145,3.967426,3.78125,1.0991545,0.49290985
1510,905968,5.076707,4.34375,0.97698885,0.49823672
1845,910933,0.655012,1.75,4.195473,0.76577294
1629,1240184,5.573264,4.8125,0.8647295,0.48134044
1932,753622,3.461393,2.703125,1.6217833,0.57929504
1049,905964,3.522221,2.921875,1.2790914,0.48508397
1598,905950,4.494255,4.8125,0.9437757,0.48628452
1736,907318,4.970182,3.390625,1.4101189,0.5456389
1005,906843,4.793451,3.09375,3.2609847,0.7461245
1007,1503367,-3.756501,-0.70703125,7.677496,1.0689037
1149,1298141,6.252927,1.765625,2.1151538,0.5889932
2039,1330983,3.027837,3.4375,1.3362496,0.541118
1042,907322,4.54931,3.984375,0.96064997,0.4570064
1054,907318,4.176805,2.984375,1.5356774,0.554013
1177,910399,4.394521,4.5625,0.9455711,0.49225634
1720,909709,3.008919,4.71875,2.315772,0.7250915
1853,910899,4.032108,4.4375,1.3667954,0.54514015
1069,906849,3.045724,3.8125,1.3671426,0.5592753
1802,906843,4.300412,4.1875,0.8014126,0.43030608
1580,905950,5.807588,5.375,0.7465808,0.45231074
1091,1298365,1.660115,2.0625,1.4204414,0.5359939
1190,1240182,3.815703,-1.234375,6.4631095,0.89217657
2107,1298136,6.897456,5.40625,0.81607723,0.4893762
1779,1659818,-0.459971,1.2421875,2.15115,0.6273986
1817,909747,-3.818896,-5.03125,1.665546,0.42958805
1786,909757,3.335159,2.984375,1.7578721,0.5720338
1941,910952,-2.843322,-3.25,3.2611048,0.62494886
1853,946354,4.699788,4.53125,1.0865238,0.50766957
1930,909907,3.050474,0.96484375,1.3727895,0.5077446
2096,1322212,2.645298,2.546875,1.7923925,0.57765037
1020,910933,5.559105,5.8125,0.8737383,0.51661944
2040,905964,1.305961,0.15625,2.2494676,0.61505425
1069,910920,4.168746,2.984375,1.0895102,0.481134
1052,909785,2.253046,2.515625,1.2985091,0.5126936
1054,905982,4.511179,3.890625,1.6298288,0.5764285
2038,1298157,2.892541,4.5625,1.0259554,0.49185476
1250,909749,1.418388,1.90625,2.3503504,0.6605287
1085,949179,1.895773,2.609375,1.2997006,0.5183797
1549,908150,4.311575,4.3125,1.0832754,0.52067244
1561,906827,3.834824,3.609375,2.4838326,0.7381415
1084,910781,-2.741157,-1.875,2.4261808,0.5006114
1583,905968,2.010928,3.0625,0.7214694,0.3863855
1849,907271,0.331136,-0.22070312,1.7718868,0.5096105
1626,688025,-2.408945,2.5,2.8087466,0.7025272
1268,906849,4.17452,4.53125,1.072796,0.5012554
1581,909975,1.61808,2.78125,1.7435093,0.5813206
1175,1298538,5.229058,4.5,1.1466726,0.5302965
1911,909249,-5.797988,-4.78125,3.018433,0.5911017
1926,1674021,0.884712,0.9296875,2.3496652,0.6573062
2159,1240186,5.290448,4.4375,1.3052833,0.56474763
2439,1298136,10.958037,9.9375,1.1776569,0.68129504
1529,905968,0.09606,0.41210938,4.133954,0.72986245
1177,998189,3.92996,4.78125,0.94191563,0.50835854
1175,906835,5.872158,4.625,1.0837827,0.523604
1617,909747,4.710293,1.4921875,3.514852,0.6784196
1928,908465,4.687388,4.78125,0.9214042,0.49728835
1049,687590,5.242934,3.875,1.3319727,0.5285709
1054,687455,3.558422,3.9375,1.7888265,0.61724126
1782,749710,5.78206,5.9375,0.66035295,0.41729704
1614,910952,1.826658,4.4375,1.214657,0.5322976
2037,910911,5.634301,3.734375,1.2704959,0.5317687
2037,1330935,4.136714,3.515625,1.5266801,0.5732021
1847,1240145,6.257745,4.375,2.051423,0.6740683
1037,924248,2.494133,2.5625,1.8262087,0.5828969
1259,924100,2.522501,3.421875,2.6610782,0.72102094
1564,909731,3.787681,2.890625,2.2822878,0.6384577
1563,1240182,5.240767,5.71875,0.7240932,0.41997755
1047,909257,4.944279,4.75,1.0685036,0.5379332
2037,687590,5.529955,3.734375,1.399644,0.5582417
1581,925340,2.849005,2.796875,1.6887428,0.57418334
1018,907291,3.631402,5.375,0.6613412,0.42166662
2043,905986,4.353572,5.40625,0.7075187,0.44369394
1814,998189,5.933194,6.4375,0.82761216,0.4666419
1778,907322,3.50157,2.1875,2.0987234,0.6092576
1199,907274,2.896979,4.25,1.5388862,0.5635244
1008,907299,-2.827237,0.83203125,4.26573,0.7839142
1913,907299,4.76398,4.9375,0.8042259,0.44651166
1627,1303900,2.718603,4.125,1.445265,0.57352906
2172,1240160,5.552847,2.546875,3.9152498,0.8140767
1924,925346,4.963292,2.75,1.3518994,0.505044
1598,1303900,3.615437,4.84375,0.9951669,0.49460143
1073,909745,6.279248,4.21875,1.5113112,0.6089152
1049,909699,6.103265,3.765625,1.4196018,0.52505875
1625,946359,5.381822,4.6875,0.9979996,0.49728835
1008,1659818,-2.977543,0.44921875,4.8174925,0.8396077
1025,753612,4.365151,4.8125,0.9963063,0.49516767
1910,688013,-2.531163,2.109375,2.693751,0.65934074
1918,907269,0.166904,3.265625,1.4492629,0.5441353
1827,909709,-1.598429,1.5390625,2.6980357,0.6329229
1375,910399,6.356942,6.6875,0.74921536,0.46745
1925,1503367,5.870386,6.46875,0.9471995,0.57385415
1549,906813,3.967492,4.625,1.215304,0.57815194
1023,724859,3.678488,4.03125,1.080522,0.5140326
1799,1298365,3.589909,3.6875,1.6440536,0.57008684
1786,907175,2.661406,2.078125,1.8447897,0.5482317
1926,998189,0.17908,1.078125,2.2326612,0.654224
1940,908127,2.048588,4.28125,1.0722685,0.5114199
1918,1298348,3.272188,3.734375,1.2192955,0.5302471
1180,910899,-3.760015,-2.703125,2.3675787,0.5285709
1049,1298348,5.614921,4.125,1.2527052,0.5216601
2175,909726,6.111881,5.03125,0.78794336,0.47554028
1086,1503367,-0.330986,1.1328125,5.4226704,0.89391124
1050,687596,3.384924,2.09375,1.7201825,0.5848731
1817,724831,-4.551024,-4.96875,1.4616873,0.42432657
1168,687455,2.034904,3.0,1.2949201,0.52704823
1803,905986,6.699909,5.125,1.2183034,0.59011114
1931,925340,6.51797,5.6875,0.60958475,0.39565396
1061,909907,5.273024,5.0,1.1505423,0.5732981
1582,906696,2.938778,5.59375,0.90848476,0.49923167
2048,688013,-4.971093,-3.5,3.9310365,0.65984744
1020,906746,5.762844,5.65625,0.81499404,0.5001151
1915,1503365,2.530167,3.0,1.593661,0.57779765
1561,687802,4.777756,3.078125,2.2364943,0.70026886
1023,687802,3.229298,4.25,1.1776006,0.54042095
1922,1298141,2.426463,3.15625,1.5293127,0.5713223
2171,749710,3.184356,2.625,2.586422,0.6700679
1510,924239,1.530781,4.125,1.081572,0.49254516
1058,910952,-0.893766,2.046875,2.1227973,0.64592886
2107,910567,3.843949,4.53125,0.74996144,0.440599
2057,753575,7.469139,5.75,0.7700431,0.49980024
1915,687596,1.529422,2.515625,1.6826849,0.5749373
1067,753622,4.350158,5.375,0.44733027,0.35436383
1933,687794,5.207069,5.1875,1.5325644,0.6301393
1034,687505,-1.871621,-2.96875,2.1789074,0.5047772
2040,907066,2.642859,1.21875,2.2792368,0.6317834
1621,909720,4.209851,4.90625,0.9054673,0.49629444
1622,909720,4.912714,4.8125,0.687147,0.4211239
1511,910567,-2.606154,-1.6875,3.6657767,0.6601463
2499,1298537,8.764735,9.875,1.5475903,0.8140074
1053,1240192,4.075365,3.265625,1.469102,0.56846213
1778,724859,4.918549,3.609375,1.7050676,0.61512244
1808,1240198,1.732549,0.91796875,4.372529,0.77198356
1025,907794,6.475381,5.6875,0.88126665,0.50786793
1053,1290797,1.849071,3.40625,1.5958294,0.5872989
1917,910567,0.888553,1.359375,2.13855,0.61506605
1024,907278,-1.958399,-0.59375,3.059563,0.62651294
2039,1240153,3.131168,3.515625,1.2437809,0.52726126
1583,753620,3.169653,2.5625,0.72978026,0.3750549
1032,687590,3.704185,1.6796875,1.9587301,0.5876046
2439,910903,7.426337,9.625,0.76306397,0.4442883
1816,907271,4.401214,4.28125,1.1850353,0.5140326
1019,1330935,1.545569,2.859375,2.1089528,0.6356664
2039,1298348,3.461634,3.828125,1.1116365,0.50235593
1598,909749,4.470858,4.625,0.8420938,0.4603724
1873,909975,3.094495,1.7109375,1.7117914,0.59650874
1441,1298537,2.89024,2.234375,1.960896,0.61397624
1067,907794,5.950852,5.90625,0.49043885,0.39078957
1924,1240198,2.911369,3.5,1.8661519,0.5843109
1237,1240159,6.619173,5.4375,0.5988178,0.3991659
1624,1298358,2.584051,3.546875,2.8284986,0.7526759
1996,949179,3.064892,3.703125,1.4176528,0.5485541
1621,946359,6.268959,4.4375,1.1762837,0.53705287
1529,946359,4.023614,0.234375,4.7180033,0.773154
1003,907278,-3.401681,-2.78125,4.0994043,0.70099545
1022,724859,-0.390176,0.53125,2.7261965,0.6342016
1190,925338,-1.319572,-1.1640625,6.4005632,0.87259257
1093,1298538,5.118968,4.625,0.9754529,0.4786017
2047,907794,-0.076815,3.15625,1.7362014,0.58743423
1933,1298538,5.894787,4.78125,1.3205388,0.5742758
1502,753540,5.220487,4.9375,0.96637195,0.4979273
1580,906848,4.865314,5.46875,0.9047837,0.48706236
1845,1240153,1.685933,0.609375,4.5748253,0.7774285
1926,907791,0.686367,0.68359375,2.6767902,0.6965654
1131,907066,7.409725,4.28125,1.7478878,0.6121007
2157,906848,3.853298,5.5625,0.80979735,0.45659718
2109,909749,2.39176,3.140625,1.2644786,0.51991135
1016,753612,1.960957,-0.23046875,3.2886121,0.62575275
1512,906849,4.771065,5.53125,0.5735266,0.36848116
2010,910933,3.974867,4.34375,1.4337018,0.56894034
1825,1298538,0.291972,-0.0087890625,2.389996,0.58248353
1847,1331048,3.452033,2.140625,3.1735404,0.72016525
1918,753622,3.402126,3.296875,1.1044916,0.5107892
1811,910903,-3.948209,-3.453125,3.3742285,0.61587644
1939,906746,4.288938,3.0,1.7652256,0.5943388
2439,1503367,10.1548,9.8125,1.5340185,0.9793263
1441,910911,3.320032,1.9921875,1.8143371,0.58755654
2040,906746,0.495054,1.515625,2.0447376,0.6134062
1786,909755,3.685119,3.375,1.7312782,0.5744354
1010,688087,3.531773,3.359375,1.5049993,0.5707575
1927,1298141,4.145465,5.34375,0.6680435,0.4324956
1194,753540,5.23196,3.5625,1.6328093,0.60694253
1004,1240172,-1.551155,-2.5,4.688623,0.7464861
2498,1674021,7.302361,8.75,0.807555,0.47019288
1803,1240172,5.173008,5.3125,1.3073313,0.61398786
1006,687455,2.218343,2.234375,5.344356,0.82774556
1511,946359,1.193385,-1.1015625,3.885559,0.6728723
1190,910920,1.641747,-3.015625,6.212905,0.8687575
1624,1240160,4.378973,3.484375,2.7362726,0.7550097
2175,907175,3.886788,4.375,0.9638919,0.4915577
1873,1330947,-0.392013,0.83203125,1.5508575,0.5622788
1560,687794,2.205106,4.46875,1.5866475,0.58101416
1564,687802,3.201936,3.546875,2.1651099,0.66193914
1936,909785,1.930614,1.796875,1.5266856,0.5372851
1033,687455,5.078134,5.4375,0.69277674,0.4502221
2359,1331048,4.086089,3.796875,0.6878244,0.3693167
1036,909724,1.997884,4.4375,1.2348017,0.5411256
1180,906827,-2.161663,-0.90234375,3.2684152,0.6543581
2057,910933,5.096739,5.3125,0.75501347,0.46153453
1030,1240184,4.504119,5.4375,0.5676754,0.42136577
1010,907794,4.475801,3.65625,1.4691954,0.5830254
1021,909750,2.813036,3.375,1.3706583,0.52505875
2159,724870,5.21213,3.453125,1.236807,0.5296823
1563,687505,5.491584,6.0,0.5953151,0.40597412
1838,1240159,5.395491,3.9375,1.2496811,0.4884577
1936,909907,4.435297,3.390625,1.812667,0.6410936
1038,907291,1.991345,3.515625,1.2296952,0.5293324
1029,753575,6.995005,6.375,0.60306346,0.45848456
1778,749710,3.343978,3.90625,1.7586787,0.60090274
1512,905950,5.337187,5.8125,0.5107192,0.36056846
1630,998189,3.906946,4.1875,0.99784184,0.51546854
2010,924100,3.271093,4.1875,1.5818875,0.57352906
1862,753575,-1.628921,-0.84375,0.42810395,0.31323674
1036,906848,3.551198,4.875,1.4411614,0.57771766
1036,907795,5.056716,4.5625,1.3226209,0.5549971
1088,909699,5.704837,2.578125,4.3885612,0.8350496
1933,687802,5.227668,5.34375,1.4872634,0.6418419
1917,906746,1.983822,2.296875,1.9569929,0.6186602
1029,949179,5.926819,5.28125,0.53602695,0.3849053
1613,910899,4.424092,2.9375,2.5320485,0.68606025
1010,925340,4.692637,3.265625,1.5081471,0.56624377
2154,907271,3.801147,3.484375,0.69443953,0.39866176
2499,925340,10.458706,9.875,1.4657018,0.74171215
1006,909709,3.162882,2.921875,6.1601725,0.93413717
1050,949090,3.51893,2.640625,1.7373732,0.58496106
1017,753575,6.106305,5.3125,1.1876938,0.5664721
1510,687819,3.959763,4.46875,1.0960754,0.52412105
1778,1503367,3.978587,4.8125,2.107933,0.7345524
1810,906842,-4.284513,-1.6484375,3.5486019,0.7052038
1006,687997,4.550287,1.4375,5.5382543,0.83550537
1021,687802,5.782755,3.875,1.477078,0.5744354
1084,1503365,-2.146456,-1.90625,2.5137646,0.49227214
1036,906835,3.088597,4.9375,1.0917505,0.51671004
1507,905968,3.569426,5.0,0.5848658,0.39583424
1928,749716,5.197507,4.125,1.131775,0.50107944
1847,909720,3.891121,4.875,1.9313277,0.66970116
1051,909757,-1.7772,1.8671875,2.7792091,0.6773415
1004,1298348,1.114897,-3.015625,4.225154,0.70067984
1925,1659818,3.396843,4.96875,0.77840704,0.44116062
2011,924100,5.01479,4.875,1.2017082,0.525278
1803,1331048,5.894741,3.359375,1.4058881,0.5412701
1080,1298537,-1.373821,-2.65625,5.0037727,0.79219973
1925,906827,5.01537,6.0625,0.83952445,0.4957536
1034,905950,-1.018269,-2.265625,2.6945822,0.5517751
1052,909747,6.894989,3.65625,1.3800058,0.5645375
1806,910780,4.895007,3.140625,2.928958,0.6137173
1815,910851,3.722737,5.875,0.74989134,0.48795968
1924,687997,6.078859,3.140625,1.7535688,0.5597114
1050,1298141,4.190386,2.984375,1.7207072,0.5996156
1494,1240144,-1.155744,-2.984375,3.0336595,0.6073585
1011,1240145,3.449047,1.5,2.045154,0.5937065
1072,910399,3.62857,4.90625,0.9046311,0.4721581
2173,909720,4.734661,4.25,1.0683998,0.50565845
1932,724859,3.321148,3.375,1.6907727,0.60694253
1631,998189,5.279617,3.75,1.5395372,0.55817455
1085,906813,3.388819,3.40625,1.4509487,0.5728816
1925,1298157,5.346543,5.21875,0.6936366,0.4327733
1008,910911,0.775973,0.45117188,3.79423,0.71687984
1051,1298136,1.212643,1.921875,2.9352436,0.70325553
1083,946354,1.139446,2.984375,1.5160211,0.5720603
1553,910911,3.582994,3.375,1.7101786,0.57862955
1919,907066,1.465377,1.796875,1.2882856,0.50354683
1038,1240127,4.313446,3.609375,1.1614515,0.5235237
1598,906835,5.985464,4.9375,0.8810719,0.47429785
1091,1240127,4.565663,2.453125,1.5681701,0.5629315
2439,1659818,8.597636,9.8125,0.9655821,0.51182055
1778,1674021,2.346015,3.3125,1.9081485,0.62093574
1375,998189,7.16266,6.71875,0.70141965,0.4651942
1008,1298538,0.512915,1.203125,4.12847,0.77458054
1634,909249,3.78603,3.796875,0.9852851,0.45566037
1033,1240144,5.086099,5.3125,0.61132056,0.41112927
2040,1299062,1.691705,1.0390625,1.972384,0.57795644
1042,906827,5.726769,5.9375,0.96243066,0.5343481
2110,907063,3.135899,3.765625,0.8614968,0.43820873
1042,949179,5.856843,4.78125,0.8364815,0.45966434
2044,924248,3.988599,3.9375,1.3514551,0.5685428
1928,1299062,6.992893,4.625,0.8782668,0.47645414
1259,907271,5.283976,3.578125,2.1800332,0.6696787
1563,925346,5.942513,5.6875,0.53397167,0.3725048
1630,909731,2.835955,4.125,1.0905066,0.5254985
1441,1240145,1.636957,1.703125,1.5109699,0.55055124
1936,906827,3.604209,3.953125,1.7997285,0.66233814
1809,1240144,1.515169,0.31054688,3.28624,0.6435465
1803,910933,4.945345,5.3125,1.3367636,0.6245921
1062,1298168,4.989425,3.15625,1.4735603,0.53425395
1177,1331048,1.69776,2.4375,1.2501414,0.49110976
1808,1290797,0.540296,0.52734375,3.824613,0.732938
1067,1322212,5.270254,5.03125,0.5004245,0.3436425
1827,907318,0.723649,0.52734375,1.9188931,0.5442719
1931,907299,4.214374,5.78125,0.63384515,0.40879238
1259,1240184,4.020888,3.0625,2.4328547,0.68057805
1237,687780,5.897631,5.8125,0.7286594,0.4336082
1626,909749,2.770514,2.484375,2.2205925,0.6386622
1626,909731,2.382848,2.484375,2.6541178,0.6876059
2173,749716,4.629059,3.359375,1.3477837,0.51889974
2172,924239,-0.092262,1.90625,3.9166245,0.7900105
1080,924248,-3.49026,-3.171875,4.537028,0.71431774
1018,909709,5.361282,6.03125,0.8076167,0.4949548
1918,910567,5.188085,2.984375,1.2699308,0.5221531
1034,924100,-2.508431,-2.0625,3.1795418,0.6007409
1827,909907,-0.612615,1.4921875,2.679987,0.6286889
1831,724831,4.773735,4.375,0.72364634,0.438416
1177,907318,5.030434,4.03125,0.90420717,0.47805497
1511,907063,-1.806,-2.234375,3.4625976,0.64965004
1010,905968,0.730224,3.078125,1.4557807,0.56047887
2096,906848,2.498024,3.484375,1.9938704,0.6425824
1927,749716,4.362784,4.59375,0.7844238,0.43439832
1177,753554,3.800418,4.6875,0.88370126,0.4893762
1736,998189,2.541002,3.890625,1.655197,0.6001081
1463,1659818,4.438303,3.734375,1.3674041,0.57232976
2037,909755,5.884939,4.15625,1.3815845,0.5651833
1917,924100,3.385412,2.453125,2.398475,0.6618025
1578,909709,3.76984,5.6875,0.9655178,0.52649117
1835,909747,5.984505,3.890625,1.391879,0.49717408
1091,909726,3.222455,2.421875,1.6517564,0.5699447
1806,724831,5.102813,4.78125,1.939728,0.579166
1512,925338,4.675444,5.65625,0.49665284,0.35284775
1635,925340,5.941971,5.625,0.37736246,0.32736132
1372,687780,-0.134214,0.70703125,2.9766052,0.6538996
1997,907291,4.351791,3.921875,1.5405216,0.59012836
1046,909785,0.377089,0.91796875,2.4108417,0.6329733
1168,907274,2.901403,3.03125,1.3944393,0.5288287
1626,905972,3.079355,2.484375,2.2859924,0.64839536
1940,949090,1.334031,4.0625,1.0897045,0.49880204
2037,909699,5.597626,3.6875,1.4621722,0.5545158
1239,910952,3.028992,2.65625,2.4166348,0.64889437
2110,687590,5.282286,4.75,0.8540642,0.46213293
1917,906696,2.194913,3.09375,2.265317,0.68279666
1042,925340,5.773567,5.0625,0.8321915,0.46681693
2359,906746,6.002731,5.75,0.63899875,0.4221859
1625,1240145,3.723939,4.75,0.71356714,0.4312043
1830,687455,3.16634,3.25,1.3384949,0.50507194
1813,907299,5.90245,5.75,1.6116856,0.59610355
1580,909249,3.581805,4.375,0.8623499,0.44432953
1814,905968,6.715869,6.25,0.86161625,0.4734764
1838,908465,4.999884,3.796875,1.3158405,0.49404097
1031,907791,-1.02703,-1.71875,3.4790227,0.64820385
1052,1240160,4.972427,4.125,1.5127931,0.6003264
1003,909785,-4.700814,-4.1875,3.1662838,0.6246086
1003,907169,-1.119343,-2.078125,3.8594365,0.6641244
1047,687568,6.348318,4.6875,1.2255365,0.56676835
1378,688025,3.664788,2.609375,3.1024249,0.69828826
1908,1240160,4.046677,3.015625,2.051067,0.6300619
1593,1240182,0.591973,2.734375,2.149579,0.606895
1463,687802,5.804435,4.53125,1.3499511,0.61005193
2040,1298538,1.6976,1.6796875,2.2173567,0.617453
1786,909249,-1.279406,2.1875,1.8097557,0.54807186
1049,910399,2.25256,3.671875,1.2432175,0.50600463
1582,1331048,3.383108,3.171875,0.8411367,0.40325055
2040,909755,1.385829,1.84375,2.264917,0.62781405
1060,906696,-2.897952,2.3125,2.7285187,0.66498744
1852,907791,5.300395,4.6875,0.7662847,0.41785055
1581,905950,3.99747,3.09375,1.70823,0.5836655
1054,724859,2.597553,3.984375,1.6015178,0.59829676
1033,753620,5.363328,4.71875,0.7216928,0.42182112
2096,910899,3.584749,2.9375,2.0029192,0.62713414
1048,1303900,4.799873,5.34375,0.8517746,0.48522943
1036,906842,2.35975,3.375,1.2506077,0.5064371
1190,687505,-3.408072,-1.5546875,5.735213,0.8126988
1632,949090,4.054872,3.875,1.2719858,0.5177137
1809,909709,0.114754,0.79296875,4.177193,0.7624365
1557,907063,3.940652,3.9375,1.0067031,0.45260912
1511,909747,1.964325,-1.0390625,3.8425813,0.6784196
1088,687794,1.673244,3.671875,4.0236664,0.8563259
1086,906868,-3.9016,-1.71875,3.8498394,0.68869674
1915,905968,0.498506,2.703125,1.6235284,0.5742001
1259,713880,1.659688,2.953125,2.6299028,0.709356
1378,909699,6.246322,2.328125,3.0576026,0.6716931
1915,1298350,2.637953,3.15625,1.725407,0.59829676
1817,1330947,-6.337036,-5.875,1.2433815,0.3949617
1635,905982,6.073304,5.6875,0.3590909,0.31471738
1557,724870,5.539161,4.5,0.8877273,0.44462577
2038,688087,5.106331,4.5,1.0599353,0.4939755
2171,1331048,1.138328,-0.115722656,2.7848537,0.6560382
1830,907169,2.646153,3.140625,1.2815362,0.4884577
1939,1240127,5.750148,2.78125,1.8359252,0.59743327
1564,1298350,2.72666,3.109375,2.1229508,0.6279366
1629,749710,5.816952,5.25,0.8239921,0.47182125
1007,910952,-3.985732,-2.484375,6.050781,0.88165826
1017,749710,5.307956,4.90625,1.0963115,0.49797827
2057,1290797,5.417692,5.0625,0.7094257,0.44545785
1559,907274,-2.750538,-1.3671875,3.3518345,0.6516398
1494,724859,-3.807451,-2.796875,3.062488,0.6271119
1625,910920,4.493342,3.96875,0.95260465,0.4496966
1618,1240172,4.491446,4.40625,1.3239441,0.55696917
1549,906842,1.408111,3.171875,1.0934005,0.47549784
1583,908150,0.798662,3.203125,0.6854312,0.3864744
1940,1303900,4.856122,4.34375,1.1345679,0.52067244
1814,1503367,3.863994,8.125,1.2315898,0.683787
2096,907175,2.137281,2.328125,1.8267226,0.58587873
1249,905950,2.736956,3.953125,1.3080226,0.54193175
1512,924248,4.955164,5.625,0.5301358,0.36427513
1779,905972,1.162664,1.390625,1.928782,0.5841182
1026,907299,-0.637146,-0.24804688,2.5599532,0.54911256
2158,1240160,6.176706,4.6875,1.442436,0.59610355
1915,909757,3.989832,3.0,1.7274861,0.59024495
1029,907791,5.486455,5.0625,0.62668496,0.3870261
1559,949179,-0.709655,-2.515625,2.4767249,0.5574568
1067,753540,3.757836,5.75,0.4776491,0.37826335
1068,1240172,0.893558,0.7890625,2.0924168,0.55931133
2154,908150,2.674328,3.203125,0.6854312,0.3864744
1815,1299062,7.384809,5.78125,0.6230993,0.44046238
1621,1659818,3.930373,4.375,1.1856562,0.5399448
1372,905982,1.388142,0.59375,2.7200694,0.62493825
1494,907066,-1.96989,-3.609375,3.092101,0.61905885
1922,905964,1.945817,1.984375,1.4491584,0.52540684
1830,910781,2.063291,3.046875,1.0127777,0.4461053
1854,909785,4.681616,3.75,0.84095573,0.436668
1073,1299062,6.479569,4.125,1.6038893,0.6269056
1621,907791,4.726103,4.1875,1.2297086,0.51600933
2173,905964,3.312794,3.0,1.2737328,0.50037754
1561,905968,-3.112029,2.171875,2.0728734,0.6428602
2158,910911,5.081414,4.4375,1.1799649,0.5224149
1559,1298136,3.018256,-1.6640625,2.9942858,0.62740576
2157,753620,5.358974,4.78125,0.74665743,0.42425564
1817,909749,-3.939126,-4.40625,2.19301,0.5299185
1046,1331048,-0.100911,0.390625,2.4513142,0.6350654
1635,909731,4.843111,5.625,0.40630534,0.3431037
1594,687455,1.893983,3.484375,1.7959249,0.628923
1594,1240159,2.90791,3.28125,1.5604937,0.58884174
2045,906848,3.438667,5.25,1.0720489,0.5219495
1549,753620,4.048861,3.671875,1.2301852,0.5148965
1052,946359,5.543217,3.59375,1.4120903,0.55753905
1814,910933,6.227307,6.84375,0.8547654,0.47701952
1925,753622,5.32603,5.0,0.65318835,0.41912854
1049,909709,3.286627,4.40625,1.596018,0.59624213
1237,1503367,4.862922,6.9375,0.83780384,0.5301091
1812,907318,1.970799,1.953125,2.3936553,0.6256648
1022,906868,-0.002626,0.076171875,2.8016903,0.6204465
1463,1330935,1.76375,3.6875,1.4365692,0.57296914
1928,909749,4.498911,4.78125,0.87088525,0.47856992
1736,910920,4.213437,2.8125,1.7418025,0.55595577
1925,1331048,4.487481,3.609375,0.73427504,0.3862168
1932,906848,1.592847,3.390625,2.0985887,0.6477378
2040,910851,0.065683,1.0234375,2.2329147,0.61894333
1463,1503365,5.04777,4.09375,1.2136053,0.5598112
1030,1322212,4.934781,4.90625,0.5911089,0.39153725
1936,688121,2.227403,3.0625,1.725248,0.5923828
1913,909907,6.404763,5.3125,0.9588519,0.50304294
1782,1331048,4.509664,3.796875,0.6878244,0.3693167
2171,910399,0.856225,1.6640625,2.4912286,0.63690454
1180,908465,-2.37427,-2.6875,1.9383606,0.5112016
1091,1240159,1.901055,2.515625,1.533944,0.5645238
1560,753612,3.290718,3.390625,1.5490029,0.54784244
1200,1240182,4.656951,3.796875,1.2962381,0.50665516
1463,713880,4.322856,3.859375,1.3426261,0.572074
1862,1330947,-1.961173,-1.515625,0.38155758,0.2796161
1046,906813,2.53498,3.234375,2.3026185,0.6940399
1941,724870,-3.811187,-4.875,2.0300295,0.5144531
1720,910780,1.758107,2.9375,2.0784867,0.6205967
2010,909975,6.243618,3.984375,1.4855298,0.563374
1560,1298537,3.037045,3.828125,1.4246924,0.54575765
1939,924100,2.128767,3.15625,2.2279055,0.64675903
1067,1240127,5.931181,5.4375,0.44662943,0.35413557
1194,907175,1.780645,2.21875,2.0220113,0.612352
2173,906696,2.371138,4.875,1.3405585,0.582982
1910,687590,4.757139,2.375,2.6179116,0.6663538
1576,910911,3.635575,3.078125,1.2050371,0.48798317
1062,1290797,2.404445,3.890625,1.6607251,0.5991254
1085,687802,3.958386,3.421875,1.437865,0.57059246
1051,909699,5.269554,1.5859375,2.892336,0.6785031
2156,687997,5.21109,2.984375,3.2860663,0.7104583
1918,724831,3.884269,3.515625,1.0374223,0.507698
1072,949179,6.113511,4.71875,0.94001365,0.48309985
1908,1240144,3.552487,2.96875,1.6714256,0.56551766
2043,906848,3.843157,5.59375,0.9181524,0.48417896
1061,910780,4.52233,3.765625,0.98047185,0.48230436
1378,946359,8.421593,2.140625,3.053255,0.68165076
1926,753575,0.221087,1.9140625,2.285063,0.69530344
1626,909757,3.815606,2.53125,2.516903,0.6758175
1814,1330947,4.688067,4.96875,1.1337148,0.48182935
1915,753554,3.442074,3.046875,1.5466797,0.5720603
1091,909731,2.501925,2.515625,1.7739314,0.5914639
1190,688121,-3.881418,-1.078125,6.8490314,0.9153436
1629,909745,6.192901,4.78125,0.74968547,0.44612035
1626,1240223,2.892778,2.578125,2.2658877,0.66086274
1908,949179,2.645419,2.421875,1.6707517,0.5597875
2040,909257,0.61812,1.3203125,1.8462124,0.57806766
1083,753540,2.613919,3.390625,1.6209562,0.59357756
1808,909745,2.381212,0.29492188,3.6649487,0.71251327
1806,753575,7.646251,6.15625,2.3698723,0.73147064
1873,1298168,1.695359,1.125,1.3242595,0.5335511
1177,1503367,5.703818,6.15625,1.2263287,0.6861407
1250,1503365,4.505875,1.984375,2.393859,0.6605287
1062,1331048,4.425938,2.265625,1.6867616,0.5462424
1799,1240160,4.601955,4.46875,1.903181,0.653478
1911,908465,-4.940013,-3.796875,3.0400727,0.59533936
1847,905986,5.480948,4.75,2.1751788,0.70101434
1912,907271,2.232418,3.59375,1.7548572,0.60552
1057,910911,-0.52472,-1.5078125,1.9646312,0.5227969
2173,909747,5.430561,3.859375,1.3126848,0.5424824
1023,909747,6.073973,3.609375,1.1729181,0.5126936
1059,1303900,0.079832,0.921875,2.680799,0.6505631
1059,910781,-1.309203,0.51953125,2.039048,0.5783524
1997,907795,3.719962,3.984375,1.6818503,0.61587644
1249,907269,1.113472,3.28125,1.4608392,0.540311
1049,687794,3.236108,4.5,1.470338,0.56894034
2045,908461,5.770727,5.15625,0.86519814,0.48909032
1933,910920,3.604809,3.375,1.6610849,0.5592753
1817,905950,-4.299317,-4.34375,2.0564601,0.47443518
1563,908461,6.315339,6.15625,0.64584154,0.42239514
1069,905982,3.87905,4.09375,1.0937406,0.51235646
2047,687505,2.097808,2.578125,1.5519687,0.546183
1373,907291,5.801595,4.40625,1.2579567,0.5456637
1558,1659818,3.454022,3.3125,1.4705524,0.5605013
1810,1298157,1.879745,0.48632812,3.3210237,0.6852509
1047,907063,5.577325,3.546875,1.413199,0.5579768
1042,1330947,3.722457,3.984375,0.8883587,0.44379744
1072,909731,4.81633,5.03125,0.9876411,0.5010807
1625,905964,3.101351,3.9375,0.99208146,0.46473488
1627,908150,2.716816,3.890625,1.3081298,0.55595577
1873,1674021,0.568424,1.59375,1.6797642,0.5882442
2438,749710,10.19135,9.875,2.0503116,0.93370664
1048,753554,4.129479,5.09375,0.7436999,0.45229837
1932,1331048,3.296111,0.890625,1.9854808,0.5605648
1631,924189,2.063506,3.640625,1.5981662,0.559669
1624,1659818,1.551062,2.796875,2.645647,0.72337854
2055,1298136,3.946615,1.9140625,2.3836734,0.6148119
1630,924239,2.670501,3.828125,1.0879965,0.5070532
1799,907271,6.089154,4.625,1.4792964,0.5811318
1778,688121,4.880843,3.296875,2.0430377,0.62461793
1625,907169,4.925853,5.03125,0.94394326,0.5003506
1034,906813,-1.842445,-2.1875,2.555876,0.53554386
1634,906849,4.557815,4.46875,1.1095462,0.5052845
1926,1240182,3.150806,1.078125,2.4899645,0.68081146
1079,1240198,-1.036031,1.875,3.4057357,0.7422101
1806,907318,3.927858,3.78125,2.5360892,0.59995645
1032,906836,0.303575,1.515625,2.0498297,0.6034702
1812,753608,1.885704,2.828125,2.7163897,0.6706411
1624,1240145,2.182284,2.734375,1.8252227,0.5997421
1046,909709,4.096785,3.09375,2.6690443,0.71344614
1624,906813,3.656195,3.796875,2.3978243,0.7365813
1050,908121,3.264442,2.59375,1.8333648,0.6083076
1026,998189,-0.550611,-0.28125,2.4554372,0.535112
1563,924189,3.827489,5.9375,0.72423244,0.43764928
1057,910780,-0.836215,-2.34375,1.8951508,0.5158266
1913,753620,2.782081,4.375,0.90366185,0.43996677
1924,909709,4.966577,3.796875,2.0205038,0.6387378
2055,1330947,-1.2484,0.6015625,2.14064,0.58000785
1179,906696,1.544553,1.9609375,2.1641228,0.6371181
1200,1659818,2.32415,3.6875,1.2784173,0.51247853
1091,906836,0.411974,2.234375,1.8371491,0.60073715
1622,946359,4.441745,4.375,0.8598499,0.45110348
1635,1503365,6.680574,5.75,0.37221238,0.33254308
1996,907291,4.148525,3.9375,1.4666711,0.55902183
1918,909709,2.903561,3.96875,1.5083548,0.5895644
1922,688121,2.872885,2.828125,1.6747185,0.57786787
2159,909757,3.410451,4.3125,1.3677418,0.56811726
1558,724859,4.387945,3.8125,1.3579444,0.562615
1029,688013,5.052701,5.25,0.5376245,0.3705882
1936,908150,3.508839,3.1875,1.5229086,0.58338135
1073,687802,6.851009,5.0,1.9024901,0.732463
1561,906849,3.951957,2.359375,2.7184572,0.7137387
1006,909699,5.170109,1.6953125,5.5421567,0.8234944
1259,1298136,5.021535,3.375,2.7452717,0.7305288
1778,907274,0.379125,3.578125,2.1062965,0.6378772
1058,1240144,0.896074,1.828125,2.004739,0.6187707
1268,905972,4.963714,4.6875,0.8041482,0.45574936
1917,1240145,3.108276,1.6875,1.6472911,0.5684039
2159,687455,3.36319,4.4375,1.4022893,0.5854389
1625,906868,5.266999,4.8125,0.8791287,0.48309985
1632,906835,5.451646,4.28125,1.161032,0.5140326
1375,687596,6.250958,6.3125,0.834299,0.48203725
1736,906746,3.291668,4.03125,1.5601345,0.5887062
1852,1330983,3.753555,4.96875,0.8043719,0.44774315
1634,753620,4.754099,4.0,0.97740763,0.46140537
2045,949179,5.233549,4.65625,0.90047,0.48100954
1812,907274,3.52935,2.921875,3.23711,0.7054615
1813,924239,4.818848,5.4375,1.8467323,0.60680985
1996,1303900,5.470836,4.4375,1.4948951,0.575538
2010,906843,5.929623,3.921875,1.44997,0.5582417
1941,910920,-1.680369,-4.90625,2.3037915,0.53593653
1084,1330947,-4.536417,-3.421875,2.2725637,0.46891454
1047,910952,1.003504,5.125,1.2971948,0.58922565
1029,1240223,7.252419,5.65625,0.5124728,0.3974143
1190,906696,-0.382604,0.91015625,7.166335,0.97302556
1022,687455,1.325612,0.625,3.1082227,0.6667169
1635,909907,4.680471,5.96875,0.4858218,0.3902155
2044,1674021,3.06333,3.953125,1.30876,0.5691534
1050,910567,3.115335,1.8515625,1.7481517,0.5857205
1594,907299,1.850829,3.265625,1.7219001,0.6059868
1179,910399,-0.037221,0.43554688,1.6962593,0.54666865
1580,1240159,6.434496,5.28125,0.69558775,0.44747245
1736,1659818,4.312909,3.625,1.7850543,0.6069299
1017,908150,4.771359,4.5,1.1011292,0.50923425
1560,1503367,5.427486,5.375,1.7632318,0.65871006
2011,1240145,4.2641,4.5,0.90837926,0.46205592
1373,906827,5.209876,5.4375,1.3862088,0.6184603
2046,907299,2.674417,3.703125,2.0159378,0.6560117
1190,909757,3.936462,-0.94921875,6.4536295,0.87625635
1079,907274,0.595421,1.8828125,3.594444,0.75902736
1023,688087,3.209427,3.828125,1.1450825,0.50957423
2172,905986,4.829889,2.3125,3.1666303,0.7245359
2010,910911,5.081321,3.90625,1.3079163,0.5296444
1512,1503365,6.021284,5.78125,0.49491915,0.36496282
1814,1240198,6.715663,6.9375,1.0066946,0.51338583
1529,1298168,2.816706,-0.16601562,3.861458,0.7048074
2040,1330983,-2.407137,1.234375,2.5597334,0.669075
1564,910780,3.262483,1.859375,2.0522482,0.59024495
1583,1298537,2.736485,3.28125,0.74985313,0.40574446
1507,910851,3.208496,5.125,0.62345445,0.4056863
1510,909975,5.450917,4.5,1.0523499,0.50841796
1930,1298538,2.29098,0.96484375,1.2830309,0.47454622
1072,753612,5.801542,4.5625,1.0666168,0.50351834
1507,907274,5.374502,5.21875,0.6895975,0.40565544
1817,909785,-7.013894,-5.96875,1.2332692,0.399383
1940,1240184,4.689654,4.03125,1.0605656,0.5019507
1561,907271,2.716697,2.875,2.0182765,0.650448
1093,687794,3.202744,4.9375,1.0869923,0.5184424
2359,908465,6.649863,5.5625,0.62780875,0.41796085
1778,713880,3.681224,3.203125,1.9256845,0.6236154
1845,1240159,-0.505945,1.046875,3.8790731,0.7227404
1032,749716,-3.584359,0.93359375,1.9228793,0.5634504
1912,1240186,3.082398,3.484375,1.9626697,0.6417817
1088,908461,4.796936,3.015625,3.7107477,0.80227584
1997,753608,4.852921,4.34375,1.4057112,0.5868675
1014,909907,5.193305,2.828125,3.104317,0.72823095
1529,1240144,3.069458,1.03125,3.9807844,0.7216956
1627,753575,4.42182,4.59375,1.4004941,0.61216915
1067,910851,4.457165,5.53125,0.48929286,0.37680617
1817,905972,-4.469101,-4.75,1.6141207,0.42952457
1932,1330935,2.585975,2.53125,2.2174904,0.6497786
2043,907318,4.054428,4.90625,0.6594259,0.41671124
1019,910781,3.605312,3.078125,1.4965069,0.5507462
2040,1298348,3.19036,1.546875,2.1281817,0.6036341
1799,1298358,6.845015,4.53125,2.0199652,0.6637317
1582,1298348,4.796068,4.9375,0.7911399,0.44607735
2044,687819,4.89891,3.984375,1.3812773,0.582571
1814,907322,5.554689,5.0,1.2290411,0.5027804
1502,924248,4.357849,4.6875,1.0666168,0.50351834
1816,1240127,6.027651,3.8125,1.1543505,0.49817035
1936,687596,3.224692,2.625,1.5814464,0.56769735
2172,909731,1.41304,2.171875,3.6372504,0.76212895
1441,906848,1.252617,2.65625,2.3010116,0.6711069
1131,1299062,5.246827,4.375,1.5226287,0.5716809
1085,1240223,5.203575,3.03125,1.2590243,0.5256275
1564,687590,2.833489,2.796875,2.1660814,0.620099
2438,1330947,8.305848,9.5625,3.7304633,1.2808955
1557,909749,5.685851,5.25,0.84856373,0.47112834
1559,906835,-0.22947,-1.3984375,2.7523375,0.59506434
1593,906827,4.144952,3.8125,2.190425,0.6696787
1922,909699,2.02646,2.65625,1.5774724,0.55791134
1626,905964,0.251424,0.9453125,2.8892877,0.68064016
1845,910781,3.084861,0.99609375,3.5215127,0.69982046
2111,909699,7.486165,3.796875,1.8940752,0.6104205
1782,906836,3.349659,5.25,0.7953054,0.44383663
1268,907795,4.564638,4.65625,0.95117974,0.48134044
1179,924239,-0.931163,0.80859375,2.0839863,0.6049794
1073,1240192,5.94803,4.21875,1.6388211,0.64705974
1073,907794,3.651063,4.78125,1.7027352,0.6825746
1013,687819,4.031256,3.53125,1.4835736,0.5798782
1529,906836,-2.02466,0.13964844,5.1290493,0.82595956
1594,749716,1.874778,2.390625,1.9684874,0.6046945
1007,687997,-2.323255,-3.890625,5.148142,0.79309124
2039,687794,2.891094,4.125,1.2983745,0.55747074
1803,1240186,6.577361,5.1875,1.2828343,0.6087105
1873,909755,1.935616,2.046875,1.6978859,0.5945903
1199,907066,3.014323,3.921875,1.3520168,0.54473466
1031,753608,-1.92469,-0.65625,3.070189,0.6286889
1578,909747,6.69883,5.03125,0.81212866,0.46502817
1932,1299062,4.419938,2.859375,1.6364279,0.5618854
1617,687802,2.441453,2.734375,3.544332,0.7095985
1175,906849,3.867691,4.15625,1.4593791,0.5762102
1926,906746,0.011474,1.2265625,2.1579971,0.6566396
1529,909750,2.825478,0.625,4.170116,0.7267809
1553,1240198,3.91292,3.765625,1.9665463,0.6276904
2044,687505,2.69782,3.828125,1.1362952,0.53641146
1268,907291,5.186899,4.5625,0.91510695,0.46788257
1239,907291,0.747711,2.09375,2.5386705,0.65769684
1810,1503365,4.070582,0.6484375,3.1948848,0.6853061
1200,910567,3.272723,3.265625,1.283895,0.50183076
1593,688121,4.378375,2.671875,2.2439296,0.61915934
1815,907271,5.689362,6.21875,0.66025335,0.4673132
1054,909249,1.760744,2.640625,2.100663,0.60416937
1831,1240144,5.084894,4.53125,0.83016074,0.45035684
1806,749710,6.032964,5.59375,2.0411897,0.6123418
1908,909257,2.997925,2.796875,1.4736199,0.5450381
2439,907795,8.468679,9.8125,1.0293785,0.55987084
1563,909731,5.373905,5.9375,0.72554725,0.4345312
1553,908465,2.954398,3.453125,1.7681582,0.61010957
1072,1659818,3.513826,4.6875,1.0540745,0.50794244
1051,910911,2.8301,1.578125,2.4899251,0.6337766
2011,910920,2.486189,3.484375,1.3744406,0.5033061
1060,749710,0.615394,1.953125,2.4408963,0.621297
1014,1299062,1.596215,2.046875,2.374321,0.6289877
1085,907794,1.306186,3.328125,1.328692,0.54354584
2010,1240198,3.29,4.1875,1.5203204,0.56796294
1624,1674021,3.504924,3.1875,2.4448712,0.6966742
1736,909720,6.014885,4.03125,1.4466577,0.5683099
2157,687455,3.313145,5.53125,0.717773,0.44612035
1133,724870,4.536861,3.3125,0.94903934,0.4839833
1916,925346,4.506289,2.5,1.4575372,0.54179096
1835,909731,2.304163,4.125,1.4890325,0.51633227
1843,688025,-3.780863,-0.53515625,4.308176,0.74605805
2044,908150,3.788989,4.0625,1.2050264,0.55300707
1249,907271,3.510619,4.03125,1.2009091,0.52627295
1924,909785,0.042373,1.75,1.7605665,0.5408238
1802,1331048,3.487607,2.640625,0.6757462,0.37614533
1249,908465,3.445195,3.671875,1.2351509,0.53577125
1786,687455,0.478906,3.15625,1.8238447,0.59350216
2170,687568,3.619961,3.765625,1.8247188,0.60249865
1168,906843,1.780045,2.984375,1.2123636,0.5061472
2439,687802,10.582624,9.9375,1.0671264,0.6658008
1199,1298168,3.705779,3.390625,1.1753128,0.48571178
1401,1240186,5.715708,2.734375,1.8277144,0.6214346
1553,907318,1.588811,2.96875,1.5206563,0.5568489
1997,906836,3.344156,3.671875,1.808723,0.63340485
1463,906868,3.480311,3.90625,1.2600973,0.5607571
1912,909745,1.811825,3.1875,1.703854,0.58503693
2499,713880,8.704009,9.9375,1.6772213,0.853135
1025,949090,5.910011,5.1875,0.9100231,0.48112988
1529,906746,1.104831,1.046875,4.0624604,0.74655926
1199,909699,6.680114,3.875,1.5034008,0.556053
1706,907322,1.770047,0.07324219,4.1092515,0.7988914
1080,1240144,-4.200978,-2.875,4.265762,0.69091517
1052,1298358,5.311716,4.15625,1.5430443,0.6031233
1583,1503365,2.555632,3.265625,0.6809409,0.39091256
1916,910781,1.158219,2.890625,1.4868405,0.5526835
1908,1240145,1.202704,2.359375,1.3511851,0.5047772
1613,906842,1.522292,1.5234375,2.2706652,0.6236839
2107,908465,6.133159,5.1875,0.66865736,0.44402835
1635,1330947,4.104077,4.75,0.3904786,0.304546
1563,1240172,6.392917,6.28125,0.6723239,0.42757815
1598,1240186,4.545727,4.78125,0.9473468,0.4919118
1911,688025,-2.767662,-3.734375,3.6244764,0.62766
1631,687997,4.230894,3.515625,1.5287075,0.53534496
1060,907269,1.06231,1.40625,2.5823567,0.63480335
1614,1240198,4.414759,4.375,1.3129973,0.5439929
1553,905986,4.452629,3.609375,1.7114272,0.5963818
1200,907066,3.106373,3.734375,1.2306234,0.5034276
1507,1298350,5.451501,5.1875,0.6001699,0.39402318
1927,1322212,5.012243,4.5625,0.7478427,0.41627693
1022,688087,0.16539,0.43164062,3.1259017,0.6705091
1806,1240192,5.329166,4.78125,2.2194796,0.61804414
1005,1299062,6.747474,2.859375,2.532537,0.6709011
1032,908461,-5.751524,1.875,1.9080508,0.5889275
1268,1240144,3.80001,4.78125,0.8126979,0.4488993
1372,906842,0.751101,-0.80859375,2.5419643,0.6195209
1016,908465,0.825937,0.06201172,2.9581866,0.57930356
1033,906849,5.057046,5.125,0.7910675,0.45530167
1854,910952,4.662379,5.25,0.80894214,0.47892076
1085,1298350,3.367382,3.171875,1.3893095,0.5403023
1093,906746,4.918676,4.59375,0.9384826,0.482313
1016,909749,2.140406,0.33398438,3.1907668,0.6203262
1008,687455,-1.804015,1.1484375,4.4571695,0.80266327
1005,1298350,1.372131,3.328125,2.9318552,0.7176207
1582,1298365,5.11928,4.375,0.79256743,0.43218237
1057,906868,-2.540154,-1.6015625,1.9235542,0.5095739
1093,906836,3.488462,4.0625,1.2074757,0.5184424
1017,908127,3.264388,4.625,1.1506569,0.51865804
1558,998189,3.498284,3.640625,1.388753,0.55670875
1068,907169,-0.802905,0.44140625,1.971002,0.5389156
1614,687794,5.15876,4.65625,1.316174,0.5622358
1007,1240160,-3.590341,-3.015625,5.4899354,0.81169695
1549,905968,-0.119043,4.09375,1.1166426,0.5230849
1036,1303900,5.352778,4.84375,1.2376132,0.54514015
1190,909785,-5.665048,-3.640625,5.835878,0.8503448
1051,907274,3.503478,2.140625,3.201757,0.7206458
1813,910920,4.50763,4.1875,2.1091464,0.5954796
1080,724859,-4.147054,-2.53125,4.577297,0.745703
1042,1331048,4.013902,3.25,0.86755234,0.41484594
1563,908127,5.73173,6.1875,0.659368,0.4252531
2039,925338,2.77988,3.734375,1.1407751,0.5076574
2171,1330935,3.682909,1.671875,3.1052332,0.7284459
1133,1240184,3.263229,3.9375,1.0337913,0.51645124
1634,907271,5.889473,4.90625,0.84529245,0.46690312
1259,1298141,6.102073,3.5,2.365783,0.69323194
1776,688013,3.873094,4.25,0.9375295,0.4529452
1549,1240127,5.548557,4.1875,1.0707699,0.51333934
1199,1240172,3.972224,4.5,1.3614963,0.56265426
1507,909757,5.207545,5.25,0.6230877,0.40236607
2039,910851,3.963762,3.5,1.2048044,0.5293324
1812,906843,3.543802,2.78125,2.8764074,0.6804646
1564,1298157,5.048868,2.859375,2.041304,0.61237615
1804,910781,1.282623,5.0,1.0776715,0.5453511
1373,908461,5.244036,4.6875,1.156909,0.54334205
1916,910780,2.160254,1.9765625,1.7581301,0.57211775
2109,924100,2.929431,3.40625,1.5631324,0.5611231
1073,1298537,6.526274,4.25,1.6279753,0.6331194
1033,1240160,5.911332,5.40625,0.7470655,0.4655139
1019,687568,3.554176,3.046875,1.793443,0.5979694
1190,907271,1.933523,-0.39453125,6.0460944,0.8529219
1060,909975,2.486568,1.34375,2.384949,0.6043973
1057,907291,-1.017468,-1.3984375,2.169643,0.5546883
2172,910952,-0.151464,2.6875,3.3043287,0.74373245
2109,1240184,3.609286,3.03125,1.2659209,0.51786727
1845,1503367,3.693332,3.5,5.1410165,0.92581284
2046,687780,2.430678,4.1875,2.1705995,0.6995385
1843,1240172,0.679282,0.075683594,3.8754973,0.71220106
1179,687568,2.509212,0.65625,1.7842752,0.5560074
1168,907791,4.952908,2.640625,1.2043253,0.48522902
1626,1322212,3.401797,1.6875,2.804537,0.666269
1583,925338,2.464012,3.203125,0.68341315,0.38533658
1021,909785,1.241819,1.9375,1.3694012,0.49157873
1873,910952,0.001048,2.0,1.6685082,0.5930377
1008,753608,-0.801894,1.0546875,3.8852668,0.7445615
1940,907169,3.371814,4.1875,1.1292067,0.52221906
1072,687802,5.537552,5.75,0.9874073,0.5384274
1933,998189,6.092219,4.65625,1.375328,0.58900607
1050,1298365,2.935197,2.140625,1.5192685,0.5591229
2172,906836,-1.743323,1.609375,4.267373,0.8296323
1782,1240186,5.618445,5.6875,0.67506367,0.42713746
1038,925346,2.842407,3.328125,0.94026893,0.46973026
1827,909731,0.891803,1.0859375,2.474276,0.5903024
1930,687802,0.819645,1.0625,1.2459581,0.49194464
1786,924239,2.023294,2.828125,1.7889786,0.56554615
1799,924239,4.412936,3.84375,1.838803,0.5954796
1830,1240127,3.839573,3.046875,1.1420915,0.4672107
1026,909907,0.892776,0.07910156,3.028392,0.6018239
2148,907299,-0.57453,1.515625,1.2849766,0.47526586
1918,925340,3.716651,3.609375,1.2958087,0.54374623
1085,687505,1.504029,2.734375,1.1999558,0.5073879
1940,909975,4.177822,4.09375,1.1526432,0.5195533
1038,724859,4.812856,3.890625,1.17156,0.5474021
2177,908465,2.200765,2.078125,1.4094627,0.50847965
1799,909731,3.750793,4.21875,1.8038486,0.61633635
1919,1240153,2.778469,1.765625,1.3548878,0.50870156
1873,687568,1.090642,1.5703125,1.5906951,0.57386124
1131,753608,6.120019,5.09375,1.5595863,0.6004442
1033,687596,4.478325,4.875,0.68795496,0.42595205
1853,910399,4.900166,4.4375,1.1008686,0.4962159
1372,687596,2.662383,-0.13476562,2.6953971,0.62703663
1558,946359,0.108143,3.28125,1.499632,0.5574383
1180,1298538,-2.035179,-2.046875,2.3882563,0.55791134
1046,687568,2.56925,2.53125,2.1698654,0.63285714
1843,909785,-3.691463,-2.453125,3.568476,0.6887699
1168,1298168,3.99767,2.171875,0.9650509,0.44401667
2047,908127,3.078535,2.96875,1.7619325,0.58460647
1617,749710,1.767357,2.703125,3.2267904,0.6709291
1057,909749,-1.779571,-1.140625,2.22786,0.569572
1813,687455,6.026271,6.09375,1.7308935,0.6275526
1373,1298168,5.147626,3.78125,1.0872072,0.4913162
1084,1298141,-1.768135,-1.53125,2.8138037,0.5206518
1626,924100,3.044444,2.828125,2.772169,0.7025272
1919,1674021,2.503527,1.75,1.3539687,0.51091087
1180,1298350,-2.456495,-2.203125,2.2764986,0.5408238
1613,724870,3.580943,2.328125,1.9557086,0.612352
2172,905968,1.704474,1.8046875,3.2617488,0.7281978
1632,1298350,4.414406,4.09375,1.2648833,0.5307693
1814,687780,5.799077,7.0,0.96876186,0.51350605
1046,753608,1.413475,2.921875,2.0371861,0.6257979
2055,909720,-0.008025,2.046875,1.9344153,0.57757974
1026,907066,0.758507,-0.40039062,2.5505586,0.5428157
1059,1330983,0.421109,0.43554688,2.7460506,0.6607314
1618,906842,2.479624,2.828125,1.3116868,0.5126936
1720,908127,3.561494,4.375,1.8369871,0.64013577
2499,1240172,11.304055,9.875,1.4887447,0.77502793
1507,907291,4.953515,5.03125,0.63342667,0.39419922
1051,907066,6.294936,1.609375,2.8665006,0.6897131
1629,1331048,3.823177,2.734375,1.0411657,0.4551033
2359,925346,5.676503,5.34375,0.5417143,0.3767178
1852,910903,4.047312,5.28125,0.6361973,0.41187817
1919,905972,2.742171,1.78125,1.2361224,0.4955238
1559,1503365,-1.570353,-1.84375,2.4530146,0.5659222
2171,905982,2.805476,2.171875,2.5968761,0.6552283
1908,905986,4.262305,2.921875,1.6434487,0.56987715
1049,1331048,2.462361,2.21875,1.1838487,0.45578444
1811,946359,-0.388559,-4.09375,3.3426344,0.6019537
1175,908127,3.951601,4.46875,1.1757678,0.5409668
1928,1298350,5.698348,4.90625,0.9690045,0.50057167
1810,910933,-0.993267,1.1484375,3.6780856,0.73093575
1799,688025,4.927752,4.15625,1.8127087,0.61332005
1012,1240160,2.985813,1.59375,1.1743413,0.46366805
1910,910952,1.124684,2.890625,2.5396707,0.6758175
1017,1298358,5.368276,4.75,1.4067037,0.56676835
1050,910952,2.929879,2.984375,1.7780519,0.604549
1378,1240198,5.916208,2.96875,3.0450487,0.69671756
2043,910911,4.990162,5.3125,0.7353277,0.45122844
1835,909745,6.824869,4.0625,1.1818632,0.46428716
1862,1299062,-1.347118,-1.375,0.33646014,0.27492473
2010,1298358,5.833417,4.25,1.674087,0.60095286
1561,907274,0.888162,2.765625,2.4698653,0.68776745
1133,949179,1.510987,3.671875,1.0268992,0.5064449
1549,905972,5.636924,4.28125,1.0648388,0.5171064
1613,906868,5.013525,3.109375,2.0377498,0.6441897
1010,910933,3.584672,3.625,1.5758697,0.58871514
1621,910567,2.613014,4.03125,1.1666224,0.52450806
1043,946359,5.966433,5.21875,0.7445701,0.43631077
1802,1240184,4.884098,4.15625,0.7412604,0.4233595
2057,910911,4.513312,5.0625,0.6871384,0.42707986
1033,906827,4.158904,6.03125,0.7933246,0.49813905
2110,687505,4.15017,4.84375,0.75827986,0.4535534
1084,1330983,-1.715277,-1.921875,3.1081464,0.552358
1529,1240186,2.547486,1.203125,4.3429675,0.76676434
1036,753608,4.082531,4.875,1.1026983,0.527288
1060,907318,2.64983,1.078125,1.8546793,0.55902505
1809,907271,0.712312,0.703125,3.3272357,0.66613436
2157,1331048,3.555867,3.609375,0.73375726,0.387938
1179,753554,2.159673,1.0,1.7496618,0.56387913
2111,910781,4.020329,3.953125,1.3261961,0.5316316
2173,906813,4.956699,4.5,1.3201412,0.582982
1915,906696,3.248561,3.8125,1.8143288,0.63223994
1635,1240160,5.716831,5.78125,0.42448062,0.35476664
1494,724831,-3.523057,-3.515625,2.5469282,0.5779694
2043,907169,4.632701,5.375,0.7807189,0.46757358
1825,924100,-0.352574,0.11669922,2.8299112,0.6266961
1011,687590,4.864073,1.8671875,2.6105254,0.6529479
1013,749716,5.347244,2.796875,1.4807397,0.5449435
1629,1298538,5.672063,5.0,0.83541566,0.4722545
1022,908461,0.841112,0.52734375,2.878975,0.6375615
1088,907795,1.80155,2.640625,4.372196,0.8439
1029,1298537,5.662663,5.5625,0.53168166,0.39243948
1061,1240223,5.480663,4.78125,0.9026727,0.5129045
1624,910899,2.518553,2.921875,2.9239206,0.7345297
1940,1298537,3.047832,4.09375,1.0333185,0.49666086
1873,724831,1.270232,1.5,1.2970006,0.55404544
1706,946359,2.845884,1.5703125,3.6701736,0.76902753
1816,910780,3.198411,3.109375,1.1212317,0.46454167
1051,905968,1.308113,1.53125,2.5338283,0.6477955
1029,1503367,5.307351,6.875,0.7662373,0.5557555
1862,1240198,-1.777824,-0.87109375,0.45983207,0.31003308
1925,1298365,5.956863,4.8125,0.6833239,0.41187263
1018,1240223,7.114439,5.59375,0.58729523,0.42570138
1043,1298157,5.537379,5.4375,0.66791105,0.42912152
1067,688025,4.579953,5.4375,0.5048715,0.36367148
1239,910399,1.215756,1.890625,2.2751758,0.61367655
1048,1240144,6.708405,5.15625,0.7458603,0.45014226
1932,1674021,2.815613,3.03125,1.8917753,0.60967934
1853,906835,7.099725,4.96875,1.0606807,0.5032977
1007,907291,-6.167117,-3.734375,5.047,0.78169036
1814,910781,5.749713,6.28125,0.6832165,0.41711172
1621,724859,3.583137,5.0,1.023553,0.5453511
1032,1331048,0.544737,0.22851562,1.6434563,0.53480154
2037,906746,5.999817,3.984375,1.2600263,0.5507694
1852,1240159,6.170977,5.28125,0.63138485,0.4214084
1084,909975,-1.707338,-1.8125,2.9878674,0.5344988
1033,907169,5.207475,5.3125,0.68292993,0.44100985
1019,908121,1.208593,2.984375,1.9166241,0.61471254
1634,907291,3.982476,4.46875,0.9310689,0.46753648
1018,687455,4.248447,5.71875,0.659007,0.4420788
1046,906843,2.566523,2.671875,2.4421086,0.67693
1034,905972,-3.812317,-2.796875,2.2471662,0.5016883
1086,713880,-1.959502,-1.5625,4.3497458,0.73462176
1003,713880,-3.46312,-2.375,3.8500035,0.67099065
1549,753540,1.023987,4.4375,1.1217773,0.53641117
1017,1298168,4.690436,3.6875,1.0243723,0.46530136
1007,910903,-6.031238,-3.265625,4.7623315,0.7539746
1175,905982,3.794167,4.4375,1.1400295,0.52722436
1915,724859,4.541442,3.140625,1.5953684,0.5900684
1632,749710,3.6681,4.40625,1.2126628,0.5220007
1200,724831,3.984639,3.90625,1.0077735,0.49065572
1549,749710,2.116336,4.625,1.1265581,0.52502453
2044,1240192,2.580941,3.921875,1.155659,0.5455526
1510,1303900,5.851969,4.71875,1.0260937,0.5073523
1047,688025,4.794371,4.6875,1.388345,0.5796174
1441,909745,1.874084,2.21875,1.7328323,0.57776064
2037,907278,4.087177,3.53125,1.4363736,0.55300707
1009,1322212,5.336795,4.28125,0.74425745,0.37662834
1029,687794,5.458157,6.0625,0.61594874,0.43240625
1557,753575,5.843292,6.15625,0.9464124,0.53637725
1598,909745,4.684761,4.5625,0.82497585,0.4475441
1621,1298538,5.30661,4.875,1.0106229,0.5140631
1239,909257,0.600435,2.21875,2.0296302,0.6003338
1996,910911,3.739223,4.03125,1.3292034,0.535543
1932,909907,5.14764,3.421875,2.0666635,0.66604215
1168,909249,2.145485,2.234375,1.161378,0.47269505
1803,907299,3.392995,5.0625,1.2867692,0.60123265
1736,687505,4.216837,3.71875,1.5260056,0.57008684
1011,925346,2.312598,1.4453125,2.100458,0.5930266
2111,1659818,3.047144,3.59375,1.9056184,0.62615895
1062,907794,1.263838,4.25,1.6449206,0.61451125
1054,906848,3.504092,4.03125,2.0014474,0.6388303
1054,753575,5.982811,4.59375,1.6899002,0.6408796
1004,924100,-4.380991,-2.453125,5.5243134,0.8334023
2170,906868,2.594941,3.703125,1.8715087,0.60901266
1630,925338,4.872039,4.15625,1.0078771,0.507411
1578,1330947,2.626391,4.1875,0.8227387,0.43498254
1250,909724,1.418228,1.796875,2.7034435,0.6851106
1089,905968,2.289741,4.625,2.28154,0.62099487
1782,907791,4.883732,5.03125,0.7558938,0.40796125
2359,687802,7.378795,6.3125,0.73798984,0.4747498
2010,753620,1.902868,3.296875,1.5643947,0.54784244
1630,1503367,4.078247,5.1875,1.2148672,0.6390005
1029,909726,5.70555,5.46875,0.52815545,0.38427407
1564,905964,2.233839,1.609375,2.2984004,0.6199408
1003,687568,-3.0555,-2.40625,3.5471382,0.6430778
1561,1674021,0.551866,2.421875,2.2384987,0.66523355
1939,906696,2.220487,3.828125,2.069115,0.66362035
1927,909757,6.228602,5.21875,0.69953835,0.44262353
1494,1659818,-5.294142,-3.765625,3.1711175,0.62556213
2158,1303900,5.395319,4.71875,1.3073833,0.55848056
2057,910781,4.527275,4.9375,0.6083984,0.40044084
1911,907175,-6.814028,-4.75,2.9256573,0.5771405
1620,687568,6.605397,5.46875,0.50993025,0.38360542
1931,908127,5.839771,5.9375,0.6478556,0.41729704
2498,910781,7.205368,8.6875,0.64821136,0.44372508
1017,1298365,5.78647,3.921875,1.0707431,0.48636436
1825,687997,-0.569163,-0.2734375,2.6138704,0.60807085
1936,1240153,2.666987,2.953125,1.6801436,0.5912914
1023,907291,3.524377,3.65625,1.1314722,0.49711385
1629,909785,3.677783,3.359375,0.99838716,0.4652914
1046,687596,1.54325,1.9453125,2.3668702,0.641305
1080,909747,0.417185,-3.640625,4.3789787,0.7092526
1373,1240153,-3.203613,4.3125,1.2862815,0.5593779
2043,687780,6.033289,5.625,0.8557646,0.5008267
1598,1674021,5.213325,4.625,0.9699421,0.48957232
1632,909731,3.274627,3.921875,1.3580186,0.5389068
1030,925340,3.528107,5.4375,0.54687196,0.40884322
1560,909747,4.7481,3.640625,1.5478786,0.56119883
1618,924189,4.524077,4.03125,1.3727903,0.5615857
2172,1298136,4.074876,2.421875,3.7319362,0.78196883
1051,909975,3.931807,1.7890625,2.8597436,0.68516654
1510,908121,3.923337,4.3125,1.0457935,0.5104789
1073,905986,6.618559,4.375,1.6873113,0.6496186
1259,724859,3.895983,3.5,2.257886,0.69030356
1814,724859,6.418098,6.9375,0.85696185,0.50088435
1005,924100,3.365607,3.5,3.0852273,0.72986466
1706,687505,2.364009,1.8984375,2.9260294,0.7100744
1916,909726,4.347495,2.8125,1.8524818,0.60282105
2159,1298538,2.930713,4.40625,1.2757277,0.5477471
1029,905982,6.163743,5.625,0.5227316,0.38223532
1046,1298537,2.977914,2.71875,2.1519258,0.63056654
1016,910399,-1.261655,-0.10205078,3.0256658,0.5839993
1199,925340,4.746454,4.15625,1.3248516,0.54473466
1191,688025,-4.420811,-4.53125,1.0404431,0.36797792
1449,753554,5.886929,5.625,0.6169682,0.41729704
1817,906827,-5.841186,-3.140625,3.2097273,0.5858511
1814,753620,5.861741,5.6875,1.0475216,0.48320016
2096,753622,2.455914,2.78125,1.4895233,0.57059246
1812,909757,3.527035,2.609375,2.9037974,0.67834485
1043,924189,4.477423,5.4375,0.7208417,0.43615824
2107,1240182,4.233089,5.0,0.72698146,0.4370663
2106,753620,3.207279,2.890625,1.9809179,0.6027576
1023,946359,4.104177,3.515625,1.1999503,0.5060941
1250,907278,0.42001,1.609375,2.8626304,0.7006767
1089,907322,3.413583,2.65625,3.835881,0.70977175
1852,687780,6.463322,5.59375,0.75760835,0.4625288
1553,1240182,5.857042,3.46875,1.9339443,0.62026757
1200,909785,2.032076,2.71875,1.196557,0.46769327
1022,907791,1.361081,-0.018554688,3.2173486,0.6689659
1847,1240127,6.378406,4.53125,2.1735687,0.6971215
1613,906849,3.461884,3.046875,2.643592,0.70664257
1782,753575,6.817971,6.46875,0.7321202,0.48864275
1915,924248,1.868737,2.96875,1.8469915,0.606895
1622,925340,5.232041,4.65625,0.79242027,0.44222656
1558,687596,3.844919,3.109375,1.4062283,0.5414011
1401,910933,2.308075,2.859375,1.8655009,0.6250385
2498,907322,7.354747,8.0625,0.9598239,0.5048518
1812,907791,2.575558,2.265625,3.0374117,0.6781137
1778,687997,4.884262,3.234375,1.8958431,0.6051231
1086,907175,-3.879294,-2.96875,4.199756,0.70067984
1080,909720,-3.548281,-2.765625,4.2879314,0.70685285
2157,910780,4.199525,4.53125,0.65848815,0.39285657
1191,909907,-1.555503,-3.984375,1.2866505,0.41466042
1006,687590,1.034213,1.328125,5.0744796,0.78174335
1051,688087,-0.612478,1.90625,2.9103713,0.70026886
1564,753612,4.744248,2.328125,2.2405694,0.6384577
1997,1240223,5.580714,4.1875,1.3871899,0.591062
1576,753612,3.06628,2.765625,1.3184285,0.5127367
1133,910911,5.246189,3.9375,0.9873787,0.50094765
1810,1298350,-2.03407,0.84765625,3.695036,0.72891486
1003,909731,-4.621831,-2.109375,4.018071,0.68281573
1706,687455,0.560185,2.46875,3.2616143,0.75875705
1059,1240127,0.39631,0.29882812,2.2841775,0.59439814
2096,687780,2.132549,3.453125,1.8996031,0.6395827
2047,998189,0.619964,2.859375,1.7100564,0.5757637
1830,907269,1.681178,2.8125,1.3586882,0.48053306
2439,1298157,9.454254,9.75,0.85211486,0.50642425
1910,909699,0.849326,2.203125,2.7192943,0.6713582
1835,907299,2.441253,4.15625,1.3659306,0.5052077
1032,1322212,1.21081,1.203125,1.9757279,0.57355213
1803,910781,2.487949,5.0,1.0776715,0.5453511
1819,1240144,-2.43954,-3.28125,4.6005664,0.73662984
1854,713880,4.913203,4.875,0.84567106,0.48051584
1816,910911,6.013687,3.859375,1.1778562,0.4967757
2038,713880,3.615453,4.46875,1.1358417,0.50936204
2045,1290797,3.672011,5.03125,0.86123407,0.48684946
1179,909757,-0.135597,0.86328125,1.9057487,0.5771427
1922,724859,4.749443,3.046875,1.4599239,0.57063437
1190,687794,-0.712924,0.092285156,7.0490375,0.94574535
1248,910851,-4.616285,-3.75,4.463664,0.76328367
1845,909709,3.636713,2.015625,5.1222916,0.8598066
2055,1298350,2.40633,2.0625,2.3433623,0.6152564
1249,1240160,5.065674,3.921875,1.538112,0.5892053
2170,909747,4.93422,3.546875,2.1180143,0.6383977
1576,909726,2.496691,3.171875,1.30653,0.5132617
1512,687780,5.054495,6.0625,0.57093555,0.39206257
1849,687505,-0.240843,-0.92578125,1.4887171,0.47289288
1024,906842,-2.740618,-1.84375,2.4797359,0.5650388
1014,753540,2.914612,2.671875,2.592197,0.6745522
1917,907278,1.533108,1.890625,2.1732235,0.6250385
2109,1674021,2.318585,3.125,1.380618,0.53692216
2011,909755,6.118627,5.03125,1.0318673,0.5023863
1051,907169,3.49578,1.859375,2.8166182,0.68060696
2499,906835,11.775955,9.875,1.3515645,0.7819037
1249,909724,1.410723,3.59375,1.3070194,0.53468
1915,687455,2.680664,3.15625,1.7921876,0.612352
1030,909785,4.305218,4.375,0.5571243,0.37373325
2177,749710,2.943192,2.953125,1.5396158,0.5365106
1463,905986,5.421174,4.09375,1.2015343,0.549991
2156,1240172,2.706473,3.890625,3.0749464,0.71235836
1940,905986,5.16668,4.1875,1.0027281,0.49452418
2111,1290797,3.760295,4.125,1.6480576,0.60350186
1042,907794,6.149563,5.5,0.8359524,0.49618226
1030,1240145,4.160903,5.375,0.47082394,0.3827183
1510,907795,1.593148,4.4375,1.0919198,0.5181207
1036,908121,5.445356,4.375,1.1925639,0.54031146
1047,907271,5.618748,5.125,1.151362,0.5605648
1529,909249,-0.35139,-0.58203125,4.908963,0.79051787
1259,1240172,3.896117,3.578125,2.4059815,0.69845444
1372,1298141,0.069278,0.76171875,2.7657201,0.643396
1620,905950,6.018011,5.6875,0.5354213,0.39004824
1831,909731,3.75963,4.40625,0.92552716,0.46956715
1799,906868,4.763882,4.125,1.6168429,0.59207135
2174,910851,1.489533,2.609375,1.9924183,0.59489834
1133,687802,3.800459,4.5625,1.1113864,0.5682378
2096,1240184,3.191359,3.015625,1.6579587,0.5892882
1845,1298538,3.449791,1.484375,4.012088,0.74752337
1022,687568,1.061352,0.125,2.7796504,0.62056744
1373,1659818,1.866438,4.1875,1.34338,0.5680332
1916,1240198,2.962617,3.140625,1.973752,0.62395823
1626,1240198,2.882403,2.765625,2.6259623,0.68638617
1030,1659818,4.439209,5.125,0.6139192,0.42184567
1268,753575,4.371779,5.4375,0.88722616,0.51459545
1016,753540,0.873144,0.72265625,3.214884,0.62052125
1047,907066,6.627658,4.5,1.3251575,0.5748134
2110,687819,4.955571,4.84375,0.9363358,0.48619428
1809,909720,-0.697561,0.3984375,3.0723312,0.6388132
1629,909747,6.41526,4.59375,0.9519961,0.4994462
1557,687596,4.333135,4.71875,1.004205,0.4716246
1917,909749,2.851053,2.078125,1.9607202,0.60807806
1559,909785,-4.611316,-3.5625,2.2992978,0.54624015
1091,907063,2.836638,1.609375,1.5230763,0.53337294
1529,924248,0.387579,0.70703125,4.656798,0.7722617
1862,1240184,-1.596131,-1.1953125,0.38582918,0.28737107
2107,1503367,5.289966,6.375,0.9031553,0.5839653
1131,910780,3.06008,3.390625,1.8890846,0.5971925
1922,1240198,1.938876,3.0625,1.6279707,0.57862955
1936,749716,2.877612,2.375,1.6714351,0.5655209
1939,1299062,2.833394,2.609375,1.7605288,0.57568276
2040,946354,-0.495355,1.171875,2.0139377,0.6186563
1849,905972,0.377727,-0.69140625,1.6036879,0.4810945
1583,1240172,3.260105,3.453125,0.76073927,0.41163492
2111,688025,4.931554,3.921875,1.8272579,0.6122251
1030,908465,4.788716,5.4375,0.52745,0.41156474
1237,906696,5.640406,6.40625,0.6950413,0.44090065
1268,924248,3.428246,4.625,0.93800795,0.47712687
1594,724859,3.514348,3.53125,1.5653505,0.605705
1032,1240182,2.607629,1.8125,2.0471246,0.60267377
1583,1503367,2.989897,3.96875,0.7482845,0.48444414
2107,907269,3.352311,4.625,0.8479201,0.45177355
1024,909724,-0.647354,-0.41601562,2.8185503,0.59985036
2170,949090,5.463485,3.828125,1.8846344,0.5957857
1786,1298141,4.572501,3.25,1.713907,0.57424676
1043,906827,5.908809,6.375,0.840587,0.50472003
1811,1298537,-1.584271,-3.265625,3.9430928,0.69616526
1268,910781,3.187295,4.5625,0.72821313,0.4239967
1827,1330935,-0.199925,1.046875,2.6994314,0.63325024
1916,1330947,0.009706,1.765625,1.9306036,0.5930571
1086,906835,2.862336,-0.4609375,4.1550508,0.728837
1630,1240184,3.582759,4.0625,1.0127119,0.51247853
1615,909749,4.566931,5.5,0.59698355,0.42014822
1200,949179,3.361766,3.5625,1.230433,0.5008012
1060,909257,1.984045,1.2734375,1.9175671,0.56189376
1779,907278,0.216266,1.2578125,2.2563527,0.6225872
2111,907794,3.798355,4.53125,1.5935713,0.61662495
1043,1240127,6.214097,5.34375,0.63677925,0.4185891
2499,1240223,9.664418,9.875,1.4606655,0.80266666
2148,1298136,2.166723,1.4296875,1.3847848,0.48976272
1057,909720,-1.671292,-1.0078125,1.9620049,0.53160655
1922,1503367,2.444487,3.890625,1.7729508,0.67237574
1594,906835,5.230174,3.640625,1.5528438,0.5830254
1085,910933,2.03253,3.34375,1.4348278,0.552412
1259,907794,4.460192,3.703125,2.2491348,0.6942045
1916,1240182,4.910606,2.890625,1.9630622,0.61760736
1852,687794,4.734555,5.6875,0.739397,0.45721823
1268,909249,3.495236,3.84375,1.0085131,0.46520635
1004,909699,-1.660472,-3.40625,4.815273,0.76235634
1067,906835,7.507687,5.84375,0.46049806,0.36367148
1843,1240144,-1.163717,-0.29296875,3.6029246,0.68073463
1930,1290797,1.452485,0.74609375,1.2099527,0.4681855
1918,1240182,5.075834,3.578125,1.3439997,0.54425645
1083,925340,-2.030693,3.140625,1.7136213,0.5912914
1047,906849,5.15904,4.59375,1.6137723,0.61508954
1179,910781,0.474883,0.8984375,1.5648288,0.53994995
2045,1298537,3.815389,4.96875,0.8300156,0.47283402
1706,1298348,4.305676,2.34375,2.8471448,0.6909311
1003,909907,2.824561,-1.453125,4.6565313,0.74559075
1811,924100,-3.854233,-2.875,4.5061135,0.72564465
1018,909907,6.189043,5.9375,0.7837508,0.48837337
1932,909785,1.338389,1.4609375,1.9544073,0.5726888
1378,1240172,5.164805,3.015625,2.910808,0.6886028
1043,906868,5.707965,5.3125,0.6473632,0.42177954
1862,905982,-1.470872,-1.0625,0.3664081,0.28652376
1997,905972,4.980107,4.09375,1.3855128,0.578435
1069,713880,3.532738,3.828125,1.14483,0.5294444
1086,687596,1.30333,-2.296875,4.251624,0.7180502
1239,925338,2.655365,2.328125,2.4266872,0.6428602
1804,1240184,6.563717,5.03125,1.3126849,0.61176765
1014,687802,2.901364,2.984375,2.7980225,0.7029023
1629,1298350,4.614607,4.9375,0.85684985,0.47941437
1810,906696,1.045772,2.109375,4.1047645,0.7980191
1838,1659818,3.120243,3.6875,1.3570948,0.5044548
1997,909745,5.11717,4.03125,1.3144667,0.5515755
2438,907269,10.194323,9.6875,3.2928176,1.130625
1922,924100,2.11133,3.140625,1.7935883,0.6009441
1053,1298348,4.832024,3.484375,1.4941651,0.5581918
1915,910903,2.34115,3.125,1.6735605,0.5831864
1083,906848,1.345474,3.484375,1.9541022,0.63281816
1909,998189,1.358134,2.59375,2.1969337,0.63480335
1054,1298538,2.131723,3.921875,1.6147839,0.57394254
1133,688087,3.798318,4.03125,1.0891201,0.5234817
1936,907274,2.913446,3.28125,1.7819232,0.6088449
1249,905964,1.939103,2.734375,1.2646587,0.5018585
1912,1298537,1.246431,3.203125,1.8263699,0.6059868
1593,1298365,1.83021,2.140625,1.8575884,0.56792057
1812,907269,2.322236,2.171875,3.2870476,0.69955695
1190,753620,-4.088042,-2.421875,6.452739,0.87613547
1873,910399,0.941744,1.421875,1.5055976,0.5624628
1177,1240145,4.567615,4.625,0.79629445,0.45772186
1401,910952,1.342278,2.765625,1.7982466,0.6084269
1033,1240223,5.921857,5.3125,0.6142246,0.43038267
1190,909749,2.304971,-0.98046875,5.884974,0.8574985
1564,946359,4.624742,2.53125,2.3504348,0.63974684
1133,907274,3.976022,4.125,1.2061504,0.5395073
1580,909747,7.480465,5.0,0.8015618,0.4643132
1576,908150,2.176501,3.328125,1.2546625,0.5132617
1802,713880,3.410492,4.125,0.76326525,0.42595598
1926,687505,0.079767,0.7578125,2.0432308,0.6306514
1034,906696,-4.226266,-1.3359375,3.3504846,0.6199565
1507,909731,3.464524,5.125,0.63793135,0.4010769
1927,1298358,6.064553,5.375,0.81182414,0.4738933
1012,906836,0.156999,1.2734375,1.0963663,0.4372807
1036,687802,7.619907,5.21875,1.249013,0.5791108
1053,924189,3.222039,3.3125,1.6833589,0.59536064
2046,749710,3.387743,4.3125,1.8162664,0.6360465
1931,905972,6.47232,5.75,0.56466883,0.38947567
1032,753540,1.026648,1.9921875,1.9303561,0.60152847
1008,753575,-2.189485,2.046875,4.51068,0.8289287
2055,687455,2.691592,2.046875,2.3957899,0.62622267
1918,1240159,4.105408,3.625,1.1801564,0.52788025
1806,907791,6.033872,3.71875,3.234733,0.6674459
1632,909975,4.935803,3.9375,1.342733,0.535543
2438,906843,9.59442,9.875,2.5278187,0.988038
1811,753575,-0.592611,-2.296875,4.311464,0.71073216
1031,907175,-4.166805,-2.484375,2.9165697,0.5882925
1494,909975,-0.664412,-3.078125,3.4168766,0.6366249
1557,906827,4.396077,6.25,1.0487514,0.5389833
1020,907794,6.012614,5.9375,0.8592597,0.5320166
1086,753554,0.829599,-1.21875,4.089349,0.7173122
1873,753622,0.836668,1.390625,1.3952456,0.5650086
1855,909757,5.489608,4.6875,1.384895,0.5440469
1401,1298348,3.069408,2.625,1.6808324,0.5857205
1614,1298538,3.179908,4.3125,1.1921511,0.52110046
1997,688025,2.712033,4.0,1.6552736,0.6122251
1034,906848,-2.396731,-1.9375,3.4655166,0.61994535
1047,905982,4.758119,4.875,1.1944522,0.5481544
1449,1299062,7.334277,5.5,0.5895561,0.4074116
2048,1674021,-4.6622,-2.96875,3.713138,0.6513211
1006,908121,2.782184,1.265625,5.1037683,0.79912734
2045,1240144,5.712216,5.0625,0.8078313,0.46256748
1622,1330983,3.398997,4.34375,0.9344004,0.46201456
2048,924189,-3.522564,-2.859375,4.255194,0.697312
1010,753612,4.181662,2.875,1.4757092,0.5568489
2044,1298358,5.149052,4.21875,1.5047373,0.6093476
1047,907795,1.406451,4.75,1.4489657,0.6003264
1634,907794,4.619729,5.0,0.88784343,0.48663464
1558,1330935,2.032352,3.3125,1.5691322,0.57174385
1059,1298538,-1.40451,0.76953125,2.5175388,0.62154746
1175,910851,4.374378,4.1875,1.2284069,0.55087245
1621,909755,5.495188,5.0,1.0377795,0.52516395
2046,1240192,4.845979,3.640625,1.8701804,0.6390005
1631,724859,3.667911,3.984375,1.4952488,0.5699143
1014,909720,1.416348,2.578125,2.3043256,0.6387378
1004,687455,-4.023106,-2.796875,4.8628573,0.76988995
1058,907318,1.314141,0.98828125,1.7647914,0.6000404
1622,1674021,5.976708,4.6875,0.8190878,0.45242882
1924,1240192,4.230375,3.09375,1.6211153,0.55662775
1831,687997,4.772754,4.25,0.8872386,0.44667614
1054,910780,2.896431,2.5625,1.7935965,0.56700605
1852,753612,5.732776,4.75,0.7526114,0.4348402
1046,906836,-0.50208,2.109375,2.8480031,0.71545815
1706,910851,2.174623,1.765625,3.405988,0.75427085
2158,907066,4.390441,4.25,1.2828252,0.54799
1776,724859,5.132278,4.71875,0.9554225,0.4961051
1168,909731,2.97638,2.828125,1.2727805,0.51280993
1843,998189,0.449906,-0.44140625,3.6047432,0.69080275
1017,1298537,5.177758,4.4375,1.1063107,0.50252026
1581,906835,5.873981,3.140625,1.5758512,0.5685062
1004,1298136,1.705566,-2.828125,5.2281775,0.80115443
1054,909749,3.034003,3.671875,1.5208676,0.5597114
1635,1298348,6.086675,5.71875,0.3592012,0.31823713
1618,946359,3.896503,3.765625,1.4304885,0.55912906
1808,1240159,1.466157,0.34765625,3.6917405,0.70747465
1067,1240153,4.866857,5.34375,0.4946198,0.36337814
1008,1674021,-4.08573,0.59375,4.1643033,0.765275
1558,907299,2.84986,3.609375,1.4133453,0.5552234
1847,1503365,6.957263,4.78125,2.1529999,0.7108928
1079,687819,4.892843,1.578125,3.487224,0.74801314
2158,910781,5.167965,4.40625,1.0162233,0.49349782
1018,1240182,6.993926,5.28125,0.6492375,0.41394937
1007,713880,-5.602901,-3.6875,4.8039255,0.76919115
1630,724831,3.660372,4.0625,0.8431691,0.48841473
1626,724831,1.090448,2.3125,1.9584782,0.6191298
1149,1240127,2.05404,1.265625,1.9911917,0.56739676
1023,907322,2.159854,2.765625,1.1927471,0.4830063
2498,906746,8.448752,9.0625,0.82808864,0.5212962
1373,687802,6.657505,5.125,1.2634484,0.59185517
1047,1240186,5.178041,4.9375,1.2641814,0.5771841
1594,1331048,4.194708,1.125,1.8847243,0.59296113
1021,909749,3.881544,3.421875,1.3765713,0.52998304
1007,905972,-2.728032,-3.59375,4.294172,0.72080183
1073,909755,4.067336,4.65625,1.6844943,0.6550996
1928,907322,4.213153,3.609375,1.2041923,0.5104789
1803,907794,4.416201,5.4375,1.304246,0.63663626
1911,905968,-6.107753,-3.84375,3.0839388,0.6174248
1091,724859,3.835405,2.6875,1.5731903,0.58478117
2172,1240127,5.796073,1.9921875,3.2683063,0.73562455
1046,906849,0.728503,2.453125,2.957727,0.7208494
1736,906696,0.442227,4.75,1.7957388,0.6446226
1080,687505,-4.035333,-3.375,3.857087,0.67222524
2106,1298365,3.573211,3.015625,1.6247722,0.563401
1802,907271,4.551536,4.53125,0.7170809,0.42399192
1494,1298350,-4.632467,-2.984375,3.303741,0.637672
1401,907795,0.995047,2.375,1.8829647,0.60978097
1047,749710,6.147513,5.25,1.2116085,0.5617681
1810,907278,-0.725326,-0.057128906,4.259701,0.7722617
1463,687780,4.346782,4.3125,1.4248897,0.60249865
2010,907066,5.462171,3.734375,1.4199911,0.55223435
1023,910911,3.59072,3.671875,1.0481939,0.4773449
1615,906827,4.877943,6.4375,0.7833109,0.503264
1259,909745,3.186898,3.078125,2.1715019,0.65143454
1177,688013,-0.183525,4.25,0.9941796,0.48778987
1598,907291,4.434968,4.46875,0.98087925,0.48499602
1813,1303900,4.151322,6.1875,1.6827528,0.61314374
1561,907291,-0.733807,2.359375,2.180841,0.65733445
1803,1290797,4.425916,5.09375,1.2634145,0.6103889
1512,1240127,5.028848,5.53125,0.4700726,0.35022587
1021,688013,1.305263,3.140625,1.4231865,0.51599044
2037,949179,4.648323,3.46875,1.3614346,0.54575765
1029,753608,7.144745,5.84375,0.5317042,0.40185478
1085,1240145,2.304051,2.515625,1.0301203,0.46911412
1553,906842,-1.837832,2.28125,1.7587637,0.56408244
1561,909747,2.61584,2.21875,2.2992973,0.67691344
1073,1240159,7.838637,4.34375,1.6652849,0.650903
2048,906848,-3.829684,-2.0,5.475678,0.8056209
1578,907066,4.198508,5.0,0.7715781,0.45504618
2359,1298136,6.57427,5.96875,0.7981456,0.47131866
1034,1240153,-1.738182,-3.015625,2.4232635,0.51171285
1736,924239,4.642984,3.703125,1.7570372,0.5886976
1557,910780,5.21038,4.21875,0.9446511,0.4391185
1026,949179,-0.256578,-0.90234375,2.4100955,0.5210705
1815,907299,5.60907,5.875,0.716768,0.47116998
1813,908121,4.072471,5.28125,1.657181,0.5978468
1631,906868,4.269943,3.5625,1.548136,0.5529885
2107,907791,4.268889,4.65625,0.796875,0.4345312
2110,910780,3.367602,3.96875,0.8044072,0.42858976
1079,1659818,2.616314,1.21875,3.400596,0.74704176
1191,910911,-4.777941,-4.46875,1.0223503,0.38384816
1627,906746,3.432932,3.984375,1.2600263,0.5507694
1006,1298157,1.993324,1.609375,4.8650093,0.77023065
1838,909907,3.185898,4.5,1.527331,0.553749
1011,1240144,0.693693,2.1875,2.3845522,0.6345398
1922,909726,1.678805,2.796875,1.4983468,0.5569606
1003,907318,-1.119159,-3.15625,3.296994,0.6363697
1564,910399,2.110547,2.578125,1.9990846,0.59408486
1919,1240159,4.367121,1.765625,1.1997141,0.49328235
1004,1331048,-6.281859,-5.78125,2.9446774,0.6850273
1911,907791,-3.392138,-4.25,3.630906,0.6328057
1815,687568,6.629708,5.8125,0.6727402,0.46197203
1020,1659818,2.002463,5.125,0.9717206,0.5204084
1843,909757,-0.29268,-0.38085938,3.8322449,0.70425254
2045,713880,4.604316,4.875,0.945843,0.5026507
1062,1298136,2.749789,4.03125,1.92392,0.6352536
1072,1674021,6.160889,5.03125,0.9378189,0.49200845
1622,1240159,4.248828,4.71875,0.7357682,0.43727773
1720,1298157,3.703984,4.125,1.7927929,0.62473536
1627,1298348,3.480752,3.96875,1.2748399,0.5390518
1046,1298365,2.71958,2.0,1.9994605,0.59700096
1175,949179,4.134779,3.953125,1.1724354,0.5230849
1632,1240153,3.824282,3.734375,1.3379985,0.5336547
1825,724859,-0.657939,-0.22070312,2.1586676,0.5667643
1919,906849,1.288454,1.75,1.5874473,0.53974223
1549,909745,3.41955,4.21875,1.0042535,0.49146566
1042,905968,5.41344,4.9375,0.8353997,0.4759012
1928,909720,5.684069,4.9375,0.83191496,0.47269952
1024,905968,-0.550663,-0.5703125,2.5459373,0.57774454
1553,1298350,1.096969,3.6875,1.8663375,0.6192479
1018,905950,5.162877,5.625,0.62832475,0.42042997
1918,1503367,3.437472,4.71875,1.5551572,0.65091425
2038,925338,3.830038,4.59375,1.01579,0.48448235
1007,910851,-5.710082,-3.859375,4.341686,0.7114856
1634,688025,2.072459,4.53125,0.97357917,0.47645414
1043,906849,4.877721,5.3125,0.8277962,0.4560638
1809,753608,0.572985,0.44726562,3.3176422,0.6593058
1268,1240198,5.93939,4.90625,0.9565272,0.48529503
2045,1240192,4.792271,4.9375,0.81939757,0.47831422
1199,906842,2.510649,2.703125,1.3650352,0.5048766
1005,1298348,5.884345,3.375,2.6508784,0.6807158
1091,906868,1.672934,2.390625,1.6517339,0.57275003
1629,924100,4.858002,5.0,0.9505761,0.4935886
1564,909757,1.099024,2.953125,2.1657677,0.6257979
1084,905986,-0.255247,-1.796875,2.655271,0.5088486
1268,910780,4.607319,3.828125,0.8572192,0.43267614
2048,749716,-3.448347,-3.90625,3.7727902,0.6575337
1239,907169,1.327872,2.34375,2.5644522,0.66437614
1560,687568,4.790906,3.78125,1.4286923,0.5500498
1855,1240160,5.292773,4.875,1.5631362,0.5810439
2148,905986,3.385255,1.578125,1.2250769,0.4669382
1057,1240198,-0.852821,-0.87890625,2.3935163,0.5759076
1091,687596,3.860317,2.0625,1.6317542,0.56582195
1250,905982,0.814742,2.125,2.5540094,0.673566
1630,907795,4.498962,4.09375,1.0998095,0.52726126
1810,753554,0.232125,0.6796875,3.4250822,0.706722
1558,907794,4.73074,3.984375,1.379414,0.5671689
1059,907066,2.55609,0.33984375,2.4288344,0.61551887
1629,907299,3.808954,4.84375,0.866112,0.48211
1003,906848,-3.059389,-1.265625,5.155455,0.7900105
2043,906836,3.485642,5.0,0.9319175,0.4839001
1259,907291,2.854132,2.953125,2.5462859,0.6930541
2037,1240145,3.681472,3.53125,1.05666,0.49118558
1034,753622,-3.22717,-3.171875,2.2035773,0.51692957
1042,906843,5.517973,5.0625,0.86714566,0.46680108
1073,1322212,5.655691,3.46875,2.180631,0.66668445
2039,1674021,2.523934,3.6875,1.2335082,0.53097373
1199,924239,2.065111,3.765625,1.4523107,0.5371566
1817,1299062,-5.040573,-4.96875,1.4395694,0.40643656
2171,925340,1.232198,1.9375,2.6665351,0.6611882
1250,910920,0.243615,0.69921875,2.6812408,0.65067023
1023,724831,4.395949,3.734375,0.90532553,0.4713048
1825,906835,1.979695,0.022338867,2.2912903,0.57560414
1849,1240153,-0.545104,-0.671875,1.8391885,0.5098061
1915,908150,2.855091,3.015625,1.6241461,0.5830254
1838,1240223,4.693837,3.90625,1.2907699,0.49694932
1916,724859,6.358415,3.171875,1.734234,0.6163987
1058,910567,2.632392,0.734375,2.2311897,0.64470154
2172,688087,2.31902,2.21875,3.5652823,0.7708257
1593,906848,-0.403324,3.09375,2.389682,0.6563744
1561,910933,3.739063,2.921875,2.2168655,0.6745522
2110,946359,5.905099,4.5625,0.930815,0.4759139
1014,1298538,1.413638,2.640625,2.6336126,0.667414
2172,907299,0.545027,2.21875,3.4115121,0.7494398
1058,924248,-0.014737,1.59375,2.3524776,0.658093
1043,1290797,5.454388,5.5,0.685213,0.44135973
1720,909249,-3.048923,3.0,2.4470508,0.666044
1827,753612,-2.979248,0.609375,2.30882,0.58000785
1593,906835,5.658952,3.171875,1.8404242,0.58743423
1932,713880,2.455488,2.890625,1.93426,0.61147374
2107,906836,4.352629,4.8125,0.8288373,0.46853575
1018,1240159,6.533482,5.5625,0.5832124,0.41643035
1931,910399,5.457091,5.59375,0.6307603,0.40268105
1012,910399,1.626852,1.0859375,0.86937064,0.4082997
1563,924100,6.330037,6.09375,0.7423811,0.43335673
1913,1290797,4.602747,5.03125,0.79517823,0.4518255
1815,906848,5.707554,6.1875,0.87709856,0.5041693
1831,906696,4.367249,5.09375,0.9750398,0.51021963
1614,905968,2.424106,3.953125,1.1812801,0.5216601
1635,687590,4.880478,5.5,0.3748615,0.3193472
1375,946354,5.681815,6.78125,0.74591744,0.48046067
1129,907791,2.295239,3.515625,1.3796586,0.5311717
2040,908150,0.520985,1.4296875,2.1210437,0.6128749
1626,1299062,2.043591,2.203125,2.1966434,0.62305254
1131,1240127,6.118601,4.40625,1.5661125,0.58507
1043,907274,5.376271,5.625,0.80455947,0.45015746
1057,1290797,-4.329589,-1.1640625,2.2036297,0.5584471
1089,905950,2.675571,5.125,2.17453,0.61393946
1915,946359,4.601351,2.671875,1.8218491,0.5957342
1941,749710,-2.343807,-3.140625,3.0533469,0.6023297
2171,907066,4.609922,1.7734375,2.7159452,0.6734398
1873,909731,0.623626,1.7109375,1.7506336,0.5952267
2359,909745,6.39953,5.375,0.57775253,0.3895387
1830,713880,1.180321,2.921875,1.26905,0.4812759
1594,753575,3.333894,4.125,1.6682107,0.64876693
1564,949179,4.420692,2.4375,2.13303,0.61063707
1268,687455,4.222322,4.875,0.90474457,0.4857886
1936,753554,-5.456722,3.1875,1.4470451,0.56846213
1933,908127,4.690279,4.78125,1.3963526,0.5904321
1131,907299,2.749047,4.625,1.6656325,0.6038916
1598,687780,5.226396,4.9375,1.0558234,0.5233983
1558,909726,2.482605,3.5,1.392128,0.5441353
1017,907794,6.454397,4.90625,1.110718,0.52975845
1557,907175,4.095116,4.28125,1.1766987,0.48628452
2037,1240172,6.314839,4.15625,1.4142112,0.5726888
1168,906842,2.418348,1.8984375,0.9899147,0.4405229
1578,906746,6.15666,5.375,0.71764797,0.4523484
1911,907274,-5.576442,-3.0,4.461761,0.70246756
1627,1298538,3.013405,3.984375,1.3435153,0.5552234
1053,906836,1.701773,2.84375,1.9187095,0.62740695
1005,910781,4.975213,3.046875,2.4565282,0.6625922
1563,687802,7.562345,6.8125,0.7154776,0.4703217
1039,907063,4.407976,3.78125,1.1467054,0.4527565
1008,753612,0.609362,0.071777344,4.6317453,0.81245387
1853,688013,3.463345,4.4375,1.1073222,0.48402098
1736,687590,5.949792,3.765625,1.7140638,0.5973006
1916,1240223,5.766623,2.984375,1.7203286,0.60244966
1598,907063,3.792048,3.59375,0.941888,0.45155185
2173,910781,3.970214,4.0,1.0062487,0.48364982
1007,687780,-3.692392,-2.65625,5.750711,0.850253
1083,1240182,4.049768,3.09375,1.7695068,0.5957802
1036,1298537,5.454516,4.53125,1.116875,0.52051187
1012,687455,2.900528,1.578125,1.0755389,0.44561055
1032,1240153,2.472703,1.640625,1.9893602,0.591195
2498,905972,8.344816,8.75,0.7246266,0.4550027
1033,998189,6.003784,5.28125,0.6455725,0.43087775
1913,949090,5.033268,4.90625,0.8262566,0.44136646
1069,1330935,2.714995,3.609375,1.230407,0.52963877
2046,907278,2.189582,3.09375,2.3357081,0.6780541
1847,909747,4.876568,4.28125,2.7173724,0.76720124
1030,909745,4.739973,5.375,0.4817415,0.3781097
1817,907278,-4.462642,-5.15625,1.5777012,0.41983318
1812,925338,3.88799,2.734375,2.71056,0.663455
1925,906848,4.885778,5.5,0.8513939,0.4583216
1014,907269,2.745954,2.0625,3.1611495,0.7057386
1799,910399,4.62201,4.0,1.6517622,0.5755903
1018,909750,3.726056,5.4375,0.5826814,0.40418696
1925,1240184,5.834451,5.21875,0.71853,0.4381103
1919,1240186,1.769005,2.09375,1.3953134,0.526512
1058,907322,2.039025,0.26757812,2.3589363,0.64792943
1086,1659818,-3.291592,-2.0,4.5918155,0.7660904
2055,905964,1.201619,0.640625,2.245734,0.58962375
1614,1240186,5.235965,4.375,1.2372961,0.5394525
1578,909249,4.637042,4.4375,0.872936,0.44747245
1843,753575,4.50549,0.55859375,3.9960065,0.7497278
1852,905968,6.030545,5.0625,0.65863425,0.42803356
1578,909975,5.581122,5.28125,0.8113578,0.47059143
1401,908150,3.009591,2.515625,1.6997061,0.5952277
1917,905986,3.598398,2.265625,1.9878187,0.6164822
2439,1303900,9.598505,9.8125,0.9152346,0.5173755
1091,908121,3.48865,2.4375,1.7855546,0.5924443
1624,713880,3.928588,3.0,2.5344536,0.7025272
1131,687568,6.969215,4.46875,1.6112168,0.5929618
2111,908461,5.057327,4.21875,1.6134286,0.59674823
1817,906843,-5.913901,-4.75,1.9514459,0.4616488
1922,687802,2.114656,3.296875,1.584719,0.6009905
1926,688121,1.376632,1.0546875,2.6093345,0.68204
1237,910851,4.751781,5.28125,0.6725907,0.41484594
1622,907278,4.067629,4.3125,0.8587518,0.4379392
1030,1298365,5.983503,5.09375,0.5417785,0.39369294
1005,909975,4.359736,3.234375,3.1005893,0.73041725
1034,946359,-2.671598,-3.09375,2.4859087,0.5168815
2011,1298538,3.999357,4.90625,1.0313377,0.4957088
1816,909747,6.338838,3.734375,1.2722586,0.5152047
1249,907175,1.777006,2.9375,1.4020354,0.5290485
1806,1240184,5.148687,4.75,2.416221,0.63156307
1084,1298157,-2.222734,-2.046875,2.5543668,0.4895116
2170,907274,2.423359,4.0,2.0737772,0.6221178
1855,1322212,5.60192,3.90625,1.4956893,0.5263766
1372,905964,0.063508,-0.63671875,2.7974825,0.6453926
1016,905968,-1.015924,-0.1953125,2.965581,0.57654715
1372,687794,-3.163633,1.0390625,3.0571418,0.6715919
1810,907322,-1.771038,-1.4453125,3.980083,0.7314208
1463,1330947,-2.981363,2.984375,1.2916698,0.52572536
1005,906746,3.407827,3.421875,2.8036082,0.7136204
1911,907278,-4.00366,-4.28125,3.2753456,0.6145179
1838,687505,1.754414,3.875,1.2151132,0.47976607
2046,909749,4.771592,3.703125,1.7634141,0.6205967
1014,1674021,1.354148,2.3125,2.7633169,0.67928755
2039,924239,1.739797,3.453125,1.2297362,0.5120952
1598,713880,2.644526,4.5,0.9977993,0.4959097
1372,749710,-0.270475,1.125,2.8312554,0.64513695
1626,724859,4.983362,2.75,2.2466197,0.6645161
1200,906827,3.527806,4.96875,1.4349122,0.57813364
1620,688121,5.304318,5.5,0.6210979,0.4062122
1058,687590,1.024853,1.515625,2.1963568,0.6405835
2154,1298168,3.42636,2.640625,0.6146215,0.346549
1029,1298350,6.022581,5.625,0.5494399,0.3942895
1018,713880,4.250202,5.40625,0.661253,0.43467695
1630,910780,4.401996,3.28125,0.9418379,0.46689278
1854,908127,4.922784,5.125,0.80666274,0.474519
1849,753622,-0.245322,-0.90234375,1.5190936,0.49194464
1017,1240186,4.58059,4.65625,1.1661813,0.52430975
1019,1240198,1.744206,3.359375,2.0130594,0.6243101
1080,910781,-4.211909,-3.140625,4.1126447,0.6945781
1939,1331048,1.901953,0.96484375,1.9816611,0.56730366
2048,1240145,-4.383511,-3.359375,3.0969195,0.6246702
1050,1503365,6.109976,2.734375,1.6052637,0.5820043
1941,907322,-3.30478,-5.15625,1.9818528,0.49355242
1913,1503367,5.608411,6.21875,1.012686,0.5851048
1843,910933,-1.746724,0.05029297,3.8697243,0.71114016
1401,907271,4.953664,2.796875,1.6953896,0.5996156
1008,924100,0.452915,1.359375,4.8468413,0.8340351
1825,1503367,0.0667,0.69140625,2.7775693,0.65986234
1917,1240153,1.572442,1.96875,2.2073357,0.6289877
1594,1240192,3.442688,3.1875,1.5489731,0.58743423
2040,1240184,3.796647,1.2421875,2.137244,0.61184347
1564,909785,3.161049,1.375,2.1979492,0.60371107
2044,909709,5.871006,4.3125,1.519901,0.62176627
1511,724870,-1.363207,-1.7578125,3.2537186,0.6325648
2039,1298141,4.476727,3.9375,1.1901175,0.53097373
1930,687590,-0.084993,0.609375,1.2038472,0.46582302
2172,907269,-1.480681,1.40625,4.497104,0.83212113
2046,1330935,1.278173,3.015625,2.521977,0.7153296
1910,909757,1.574324,2.53125,2.5795634,0.6712646
1930,906849,1.587482,0.58203125,1.4094181,0.49114054
1019,753622,2.563916,2.734375,1.6661185,0.5805931
1928,1240145,4.413768,4.625,0.7784773,0.44347426
1925,924100,6.426421,5.375,0.78237385,0.44799045
1013,908150,3.218713,3.609375,1.3011283,0.55298007
1852,724859,6.350921,5.53125,0.6678829,0.44916895
1191,687505,-4.611966,-4.59375,0.92890775,0.37616384
1200,946354,2.735411,3.890625,1.1169155,0.5008747
2154,908461,2.385506,3.328125,0.69545573,0.39212665
1615,907274,3.190052,5.625,0.76113087,0.45409364
1926,688025,2.619431,1.0625,2.641646,0.68742
1006,1330947,-2.239314,-0.671875,5.641064,0.82995373
1618,905950,2.632748,4.3125,1.304458,0.5515755
1180,907291,-3.797644,-2.546875,2.29904,0.5393238
1908,724831,2.423572,2.671875,1.4324752,0.54053485
1817,907795,-4.321915,-4.59375,2.2021506,0.49163842
1852,924100,5.924913,5.34375,0.7355945,0.43382454
1016,753620,2.052804,-0.59375,3.290269,0.59650874
1799,907278,2.83083,3.734375,1.8515095,0.60837954
1510,905964,2.616322,3.234375,1.1507279,0.48409897
1011,688087,2.75752,2.0625,2.6481848,0.6711069
1248,687505,-5.521244,-3.59375,4.2906985,0.7625128
1560,909731,3.624954,3.859375,1.6002207,0.56876636
1030,909709,4.675902,5.8125,0.72415984,0.48517016
1808,1240153,-0.0692,-0.014160156,4.4061656,0.76792026
1559,907795,-3.737177,-1.90625,2.9741433,0.61367655
1013,909750,3.147609,3.515625,1.320114,0.5455526
1062,687455,2.992492,4.0625,1.7830254,0.62749857
1042,909975,6.59659,5.125,0.9041089,0.48669907
1061,1240127,5.486151,4.5625,0.9172154,0.49886623
1018,924100,6.047578,5.625,0.6816459,0.4340594
1168,907271,4.065302,3.140625,1.1904935,0.50984776
1510,1330947,2.78738,3.296875,1.1049134,0.47805497
2040,687568,1.197564,1.25,2.1358976,0.6086312
1179,909731,-0.612227,0.83203125,1.986974,0.5822317
1618,753540,2.644835,4.3125,1.2552885,0.55151266
1925,924248,4.636652,5.1875,0.75759757,0.43997464
1618,1240184,4.676372,4.03125,1.2846652,0.5418237
1507,724831,5.408421,5.125,0.5068787,0.3787082
1563,905964,3.347675,4.75,0.7448077,0.39888445
1010,909724,3.73411,3.203125,1.4870679,0.561135
1617,909749,3.311816,1.9296875,3.327388,0.6865641
1940,910781,4.76399,4.03125,0.8706821,0.45561123
1072,724859,6.504226,5.375,0.9010694,0.5080601
1925,909785,2.827358,4.09375,0.72722864,0.39860028
1580,713880,4.751407,5.125,0.7957842,0.46751967
1917,753612,5.290118,1.65625,2.1245897,0.62842137
1200,1303900,2.853871,4.21875,1.3286723,0.52726126
1915,924189,2.925202,3.0,1.7602472,0.6014387
2010,909745,5.866213,3.921875,1.211995,0.51247853
1010,687997,3.529051,3.28125,1.4521041,0.5479416
1855,1503365,4.219032,4.6875,1.22214,0.5207366
1620,753554,4.41858,5.5625,0.48592493,0.37172806
1051,924248,0.959115,1.78125,3.002245,0.69551593
1237,905950,5.634429,5.5625,0.65648025,0.4043921
1563,909755,6.383807,6.1875,0.6527051,0.4166907
1022,909747,2.05231,-0.044921875,3.0276017,0.64942366
1854,1330935,2.898185,4.53125,0.9467154,0.48031703
1908,908150,4.140794,2.859375,1.6804461,0.5713625
1916,907791,3.560455,2.53125,2.0072558,0.6078835
1072,910851,4.268598,5.0,0.97511345,0.50763583
1007,688013,-5.955864,-4.15625,4.5659413,0.73108584
1559,1298168,-1.325763,-2.53125,2.4391425,0.58688575
1091,905964,2.266988,1.546875,1.6208917,0.54841983
1249,907274,2.376513,3.890625,1.4828826,0.55675805
2177,1240160,2.514005,2.546875,1.8071024,0.56582195
1003,1322212,-4.185081,-3.046875,3.8463764,0.666087
1825,924239,-1.551058,-0.30273438,2.6404736,0.61425966
2359,908127,2.506006,5.71875,0.6750501,0.42876527
1799,909755,6.149414,4.59375,1.5849494,0.59507966
1617,906868,3.868408,1.5234375,3.2319193,0.65190065
1061,949179,4.967,4.375,0.9824094,0.5035892
1003,1330983,-4.25333,-2.453125,4.4401746,0.7319497
2010,925346,4.323533,3.640625,1.1089325,0.48721096
1052,924189,2.273916,3.890625,1.3465921,0.5607571
1812,908465,4.934712,2.375,2.7310462,0.66275686
1177,906696,4.492218,5.625,0.9937243,0.55172247
1803,688025,5.973399,4.96875,1.3731639,0.6048472
1038,909257,2.370269,3.671875,1.0234797,0.5008747
1593,909726,0.837829,2.671875,2.015971,0.59350216
2170,1298537,3.063848,3.921875,1.7608846,0.5957857
1631,1298538,4.562828,3.921875,1.5460991,0.552261
1067,906843,5.269829,5.46875,0.51361924,0.36766034
1786,909745,1.954125,3.015625,1.5136131,0.5326845
1012,688025,0.828418,1.5625,1.0963663,0.4372807
1917,910781,2.580422,2.140625,1.6748868,0.56947225
2110,909747,7.874899,4.625,0.89983237,0.476969
1032,925340,2.889857,1.703125,1.9378234,0.58408576
1057,1240153,-1.96559,-1.5625,2.1542022,0.5388118
1779,1298157,0.703277,1.3984375,1.9539719,0.5861771
1835,906848,2.520745,4.75,1.5436747,0.53792506
1736,753554,0.740182,3.921875,1.5129848,0.57378596
1635,998189,5.058316,5.65625,0.38023448,0.33344877
1068,910903,-0.467784,0.65234375,1.9602898,0.54337424
1051,688013,1.451902,1.515625,2.8887355,0.6748264
1012,749710,1.643312,2.046875,1.1416942,0.45306212
1627,908127,2.24765,3.984375,1.3546326,0.56267214
1177,687568,4.539875,4.625,0.92636603,0.5012554
1005,905968,1.95841,2.859375,2.708222,0.7016228
1243,910399,1.988354,3.109375,0.97655636,0.4236007
1576,924248,3.287207,3.234375,1.4543884,0.53792506
1624,925338,3.4504,3.25,2.311068,0.6709011
1038,907299,2.452171,3.6875,1.250713,0.5383796
1200,724870,2.12179,3.3125,1.0783046,0.47133708
1776,1240186,4.330072,4.65625,1.0149449,0.49797827
1560,910903,3.31352,4.03125,1.4241571,0.5455526
1026,925346,-0.089097,-1.015625,2.0446315,0.49831223
1175,1298537,3.249946,4.3125,1.1316344,0.52739036
1177,946359,5.094934,4.375,1.1050096,0.52568203
1932,687794,1.308827,3.609375,1.9260168,0.64217216
1043,1240153,5.402224,5.25,0.71051943,0.42936257
1068,905968,0.52662,0.16894531,1.8949363,0.5325418
1034,907278,-3.005189,-3.15625,2.5266721,0.52535725
1131,909724,6.006176,4.4375,1.7525907,0.61072606
1932,905964,1.627833,1.5546875,2.1136398,0.59674823
2148,1330935,0.556986,1.546875,1.3556697,0.48184562
1084,905950,-3.122955,-1.4921875,2.8587193,0.52534753
1024,1298168,1.574829,-0.8984375,2.4127085,0.57318294
1177,1240223,5.002921,4.875,0.89281946,0.5099201
1179,909749,1.309773,0.828125,1.8552688,0.5753745
1042,925346,4.308383,4.8125,0.6897741,0.42544445
1827,753554,1.314414,1.234375,2.1716216,0.57016534
2057,907322,4.50847,4.03125,0.8064879,0.42749044
1827,1240192,-0.62721,0.9453125,2.0692828,0.5506452
1179,909724,1.686153,0.68359375,1.9005979,0.57016534
1049,906848,1.449483,4.34375,1.5348588,0.5676881
2043,924239,4.412936,5.0625,0.8343807,0.43887073
1854,753620,5.188896,4.40625,0.8927859,0.4635809
1930,907271,1.547015,1.0078125,1.2011379,0.4718591
1084,906746,-4.531372,-1.6796875,2.6755998,0.5164312
1268,1674021,4.818427,4.6875,0.8920823,0.47164452
1553,1331048,2.394097,1.7890625,1.809853,0.56128967
1239,1330947,-0.135311,0.76171875,2.6937377,0.65091425
1051,1298350,0.20337,2.046875,2.8373442,0.6885527
2156,910952,2.688609,3.9375,3.043734,0.70807105
1131,910899,3.982449,4.28125,2.040655,0.63589925
1862,687455,-1.351334,-1.0078125,0.41617364,0.30015612
1615,905950,5.773712,5.625,0.65708447,0.4319368
1003,1330935,-2.453396,-2.59375,4.716963,0.7822392
2096,910952,2.025498,3.40625,1.7258267,0.60736865
1811,907278,-2.647736,-4.28125,3.2753456,0.6145179
1827,905972,3.10624,0.97265625,2.1234636,0.5501287
1630,1240159,3.194694,4.1875,0.95337826,0.50665516
1249,1303900,3.805547,4.0,1.3724817,0.55298007
1928,910899,3.658726,4.53125,1.1774347,0.52801424
1029,909755,6.156485,5.78125,0.54275966,0.39145353
1507,907063,5.530189,4.125,0.6106051,0.36522403
1827,724870,1.210145,0.30078125,1.9673767,0.54037964
1032,687819,1.843759,1.78125,2.0853848,0.6053855
1819,924239,-4.60113,-3.90625,5.4407806,0.81661594
1372,908465,-2.204166,0.203125,2.5381837,0.61332613
1634,908461,4.627044,4.78125,0.87361026,0.46907157
1578,1503365,6.180994,5.34375,0.70607734,0.4496169
2154,907299,2.645255,3.171875,0.7084117,0.39230427
1259,907278,3.209395,2.609375,2.8058631,0.71734357
1180,749710,-2.473661,-1.5625,2.5942338,0.5791725
2111,1240144,5.122895,4.1875,1.5165734,0.56940746
1022,907322,-0.619444,-1.1015625,2.9272225,0.6229782
1079,924239,1.759058,1.3671875,3.4759846,0.7456022
1529,925338,-0.863055,0.88671875,4.325513,0.75386393
1029,1322212,4.412074,4.96875,0.59486765,0.37831828
1830,909709,3.432321,3.390625,1.5225897,0.54117393
1511,907291,-1.923169,-0.73046875,3.8255208,0.6798447
1940,1240153,4.809363,3.90625,1.1423086,0.5162169
1053,1298538,1.444121,3.5625,1.5629377,0.5723319
1583,724831,2.658289,3.140625,0.56978184,0.3660752
2170,1330983,3.252525,3.484375,2.2692595,0.64963645
1838,753612,4.574614,3.53125,1.3506386,0.4945901
1034,905986,-3.000532,-2.546875,2.4848938,0.5330123
1250,906843,0.673774,2.046875,2.7415845,0.70400816
1720,687802,7.378795,4.9375,1.895144,0.68369466
1177,1240160,3.969715,4.90625,1.0966105,0.55636644
1007,907278,-3.946681,-4.25,4.6405845,0.75601333
2055,910911,1.537067,1.46875,1.9376389,0.5572822
1449,687802,7.317427,6.3125,0.75586706,0.49813485
1013,1299062,5.345948,3.359375,1.2283939,0.52473843
1085,753554,2.442764,3.078125,1.2480972,0.5184206
1511,907791,1.091618,-0.97265625,4.271575,0.72141963
1060,1240223,-0.711575,1.296875,2.104702,0.58340394
1057,1240184,-0.917173,-1.453125,1.9916251,0.5276067
1003,908121,-0.998459,-2.171875,3.8531518,0.6938895
1615,905972,6.030484,5.46875,0.60852706,0.4221152
1083,1298538,2.516429,3.375,1.6590832,0.58387965
2111,909720,5.51177,4.25,1.389091,0.55684423
1917,687596,2.91266,1.6015625,2.1067698,0.6173348
1933,1298365,5.573176,4.0625,1.3974731,0.55456364
1583,909975,3.978659,3.15625,0.7260356,0.39794636
1843,749710,0.693142,0.4375,3.9495513,0.72580993
1912,906813,2.330893,3.765625,1.9890059,0.66968405
1168,910903,2.786872,3.015625,1.1991684,0.5031941
2110,1298168,5.556371,4.15625,0.7712147,0.42708334
1909,1240144,2.822294,2.6875,2.0868645,0.61150205
1912,909750,1.998851,3.140625,1.8420192,0.6023297
1576,908461,3.826602,3.421875,1.2815659,0.5163496
2037,1240223,6.84758,3.90625,1.281941,0.5589174
1939,687997,3.395689,2.765625,2.0323143,0.60967934
1061,909755,4.824045,4.9375,0.95783967,0.5103389
1625,1298350,5.57084,5.0625,0.9158396,0.48921958
1926,1240172,2.081322,1.484375,2.3739731,0.6702487
1050,924248,1.061001,2.640625,1.8666478,0.6074309
1200,687596,3.22359,3.515625,1.2378267,0.4987269
1012,905964,0.404358,0.67578125,0.8840626,0.39543843
1910,909709,2.338721,2.890625,2.9413157,0.74213517
2171,925346,1.594832,1.5,2.1247885,0.59439814
1004,946359,-2.144026,-3.921875,4.30926,0.7103688
1180,1298365,-2.202442,-2.875,2.131712,0.54022163
1080,1298157,-3.922563,-3.109375,4.1699743,0.68740803
1580,910903,4.702804,5.28125,0.71573323,0.44315118
1046,907318,1.433718,1.890625,1.9702377,0.60236084
1580,905968,5.260903,5.0625,0.74453247,0.46039388
1835,1330983,3.778984,3.9375,1.5562147,0.5163496
1847,724870,2.509043,3.734375,2.487931,0.70894426
1624,687590,3.283209,3.109375,2.421441,0.6868138
1557,910781,5.112092,5.09375,0.7503782,0.4296696
2048,1503367,-4.182537,-0.6171875,5.625005,0.86655396
1932,907066,4.637487,2.796875,1.8731575,0.60367924
1049,687819,5.910508,3.984375,1.4641637,0.555271
1613,907063,0.417332,1.7890625,2.2525184,0.6330346
1918,688025,3.63239,3.640625,1.4009811,0.55595577
1013,1240198,4.226891,3.671875,1.4461672,0.56811726
2046,1240159,5.457341,3.765625,1.8539307,0.6365674
1057,687819,0.855372,-1.328125,2.2052054,0.5467979
1629,1674021,4.848065,4.84375,0.889692,0.4889046
1816,1240198,5.853132,4.1875,1.3425026,0.52473843
1494,910899,-2.751522,-3.546875,3.3342106,0.62556213
1036,905972,5.482401,4.59375,1.0797176,0.51896244
1239,753612,6.13757,1.609375,2.6601007,0.6711807
1927,1240159,6.668642,5.21875,0.6247426,0.42523536
1626,907795,2.017113,2.375,2.6891055,0.6874935
1811,1240145,-2.355293,-4.0625,2.8235593,0.59624213
1819,909755,1.152261,-2.78125,5.158978,0.7947607
1620,1298538,5.091693,5.6875,0.5191623,0.38295975
1847,687802,6.268459,5.3125,2.5691566,0.82003415
1908,1240184,2.371139,2.6875,1.679734,0.5655544
1931,687802,6.136847,6.46875,0.7169267,0.47367284
1239,1298168,3.187767,1.421875,2.085406,0.5833811
1051,753622,1.497571,1.3359375,2.4084976,0.649637
1940,910851,4.562264,3.96875,1.1242697,0.5239581
1033,1298358,5.772652,5.46875,0.7905199,0.47344342
1061,909745,5.603816,4.625,0.8569494,0.47700974
1248,907791,-4.594702,-4.0625,5.1934752,0.8460867
1085,909907,2.0787,3.265625,1.606976,0.58845824
1013,687596,2.637275,3.03125,1.3927667,0.5471392
2043,925340,6.289073,5.3125,0.74137044,0.44800568
1512,687568,6.337575,5.5625,0.48164073,0.35628098
2107,1240127,5.968265,5.0625,0.6557267,0.43159175
1853,1240144,5.924264,4.75,1.0481349,0.49225634
1059,910920,1.559899,-0.78125,2.4327776,0.5954631
1924,924248,2.838796,3.171875,1.9312919,0.590454
1816,910952,5.470897,4.3125,1.2630869,0.5219855
2040,687802,2.834572,1.90625,2.3069122,0.66041553
1019,909726,3.57088,3.03125,1.8326967,0.59350216
1613,907791,5.148379,2.640625,2.3535693,0.6464552
1845,909755,3.8539,1.765625,4.0326242,0.75134975
1621,906848,3.667009,4.9375,1.2780242,0.560067
1809,753612,-4.179123,-0.71875,3.6442559,0.6885438
1026,910911,1.085431,-0.6796875,2.3694386,0.52051747
1632,946354,3.510916,3.78125,1.1528368,0.51171285
1613,906836,0.227627,2.6875,2.5595558,0.6998392
1021,924248,2.753411,3.359375,1.5523001,0.55447596
1932,910899,2.315659,2.765625,2.210176,0.6356664
1021,906827,2.244136,4.34375,1.6577803,0.6070622
1073,910399,2.318082,4.03125,1.8209169,0.6472084
2498,1240127,8.699271,8.625,0.71242607,0.44506413
1928,687568,6.045673,4.71875,0.9327804,0.4957088
1049,1298141,4.204939,4.25,1.3375522,0.5389068
1237,688025,4.107079,5.28125,0.7050087,0.40890843
2148,1240192,0.272861,1.3359375,1.1565735,0.4543523
2043,1659818,4.248099,5.0625,0.8473042,0.46441475
1830,1240223,3.845728,3.125,1.1600251,0.47696355
2048,907794,-2.213834,-2.03125,4.1023736,0.7015032
1068,909750,2.189198,0.3515625,1.8810376,0.5286358
1594,908465,1.906235,3.203125,1.6240313,0.5976778
1803,753620,6.416009,4.5,1.4455713,0.5943706
1168,753608,-2.165675,2.96875,1.179637,0.50519824
1632,1240160,4.582038,4.15625,1.4776475,0.5746569
1917,909709,3.146961,2.546875,2.4492805,0.69793063
1054,1240160,6.391901,3.9375,1.9857874,0.64620036
1808,910903,-1.608039,0.6015625,3.9230592,0.73093575
1932,909757,3.203309,3.140625,1.843522,0.60282105
2047,1240186,4.513634,3.078125,1.8246512,0.59955436
1940,909709,4.051178,4.4375,1.3079878,0.5688176
1799,1299062,6.667111,4.0625,1.4999833,0.5660085
2177,924100,3.780344,2.640625,1.834774,0.55828863
1190,910780,0.290033,-3.09375,5.799063,0.82926077
1086,1240145,-2.473835,-1.859375,3.3767874,0.66613436
1250,1240160,3.988126,2.203125,3.009014,0.7396856
1013,908465,4.668117,3.515625,1.3097141,0.55521154
1085,907322,1.619084,1.9765625,1.3906003,0.5143322
1845,1240186,3.524867,1.453125,4.235754,0.76792026
1373,909699,7.428685,4.375,1.3651797,0.5556448
1068,1240159,0.014878,0.36523438,1.7917092,0.5225651
1819,925340,-2.200797,-3.578125,4.6162224,0.74337614
1043,753612,4.567879,5.0625,0.74947566,0.43136337
1816,909249,3.926582,3.140625,1.3181088,0.49242055
2047,909907,5.418228,3.125,2.05167,0.6332562
1073,905950,3.136095,4.5,1.742604,0.66419375
2111,1503367,1.451605,5.53125,2.0716786,0.7624215
1053,688025,3.808938,3.28125,1.7903019,0.6027818
1021,909709,3.709568,3.640625,1.6837293,0.5867299
1776,908465,5.420104,4.46875,0.9266673,0.47870097
1849,688025,-0.916674,-0.44921875,1.9945776,0.5260277
1010,907066,1.859568,3.171875,1.4593658,0.5618592
1816,687590,6.036557,3.765625,1.2445258,0.5039742
1033,909745,5.451045,5.15625,0.575066,0.39664704
1853,907269,5.04663,4.1875,1.3903772,0.5326125
1581,1298537,0.757946,2.796875,1.6434965,0.5698937
1557,906848,4.16935,5.5,1.0987699,0.500377
1631,909745,4.775691,3.671875,1.3763947,0.5219855
1005,909731,0.847316,3.125,3.1292129,0.7402702
1811,910851,-2.194164,-3.984375,3.0573916,0.577662
1179,753622,-0.235118,0.39453125,1.6018109,0.5581838
1576,753575,2.970047,3.953125,1.3507268,0.5553737
1029,1240145,5.659536,5.4375,0.45283335,0.36126894
1996,946359,5.176095,3.75,1.5755539,0.57123274
1932,688121,4.585499,3.015625,2.0061984,0.61335516
1779,1503365,2.834825,1.46875,1.9038364,0.5848345
1911,905950,-5.889977,-3.203125,3.7611098,0.6513211
2109,1299062,3.85258,2.9375,1.1974232,0.501184
1048,905950,5.628638,5.25,0.80471706,0.4715563
1854,688013,3.828607,4.71875,0.77723056,0.4382347
1014,910399,2.579487,2.046875,2.484896,0.629726
2438,1298358,11.620874,9.8125,2.8064914,1.1193564
1089,907063,3.597892,2.75,3.259368,0.65254676
2170,909726,4.18355,3.75,1.8710889,0.6001081
1557,687455,5.228808,5.4375,0.9900686,0.50102
1578,1240172,5.241076,5.5,0.75384146,0.46022907
1629,1240127,3.51443,4.75,0.8084173,0.4694882
1557,907271,3.252498,5.5625,0.8269412,0.4662636
1088,1298350,0.766431,2.890625,3.9505904,0.8214249
1813,905968,6.082396,5.40625,1.656714,0.6006581
1581,1503365,3.708738,2.859375,1.5642906,0.56714916
1249,724831,2.374336,3.578125,1.035312,0.5014754
1614,907299,2.877702,4.1875,1.2068583,0.5248384
1931,907063,3.688707,4.78125,0.6088991,0.35772553
1020,749716,2.95418,4.8125,1.0327652,0.510651
1237,1240172,6.227638,5.71875,0.6693378,0.41283962
1401,687568,5.132669,2.359375,1.7081153,0.5952277
1013,1240186,4.216213,3.75,1.383486,0.5746569
2106,1240127,1.741805,3.40625,1.7401848,0.60045725
1010,1240160,4.645129,3.46875,1.7503152,0.61295074
1083,1240145,1.434753,2.796875,1.2842004,0.51741105
1005,907795,2.913017,3.09375,3.1796908,0.739699
1177,905950,5.58561,4.90625,0.9508895,0.50794244
2110,724831,3.681498,4.84375,0.69357085,0.44788134
1778,924100,2.125442,3.59375,2.0610163,0.6391829
1779,924100,0.775412,1.796875,2.434781,0.6479059
1632,910899,3.862046,3.671875,1.5350335,0.55378073
1084,688087,-2.704428,-1.8359375,2.7654154,0.51524615
2156,907169,3.026734,3.453125,3.2613256,0.7222347
1804,908127,2.034804,5.1875,1.317225,0.61546284
1613,1240127,3.371837,3.140625,1.9505228,0.63165903
2045,906836,2.78127,4.5625,1.0895294,0.52502763
1025,908121,5.73947,5.09375,0.8899094,0.48526236
1808,909731,-2.606517,0.38671875,4.3038173,0.75985223
2046,749716,-1.492619,2.796875,2.478465,0.6685091
1043,907269,3.80038,5.0,0.8103514,0.4295383
1441,909249,-0.371135,1.359375,2.0503285,0.5979933
1004,688121,-4.047911,-3.234375,4.9887676,0.7726712
2045,924248,4.496599,4.9375,0.95018595,0.49593478
1050,753575,2.872892,3.390625,1.7793496,0.6451209
1576,688121,3.406179,3.203125,1.4782262,0.5332868
1005,909749,6.208892,3.21875,2.4383388,0.6697389
1062,724870,2.610879,3.234375,1.4971718,0.553749
1085,687590,3.275768,2.953125,1.3727164,0.5311662
1022,909257,-0.51902,0.2109375,2.4731333,0.59506434
1813,924100,6.354927,5.9375,1.7579516,0.60958177
2107,1298141,7.131884,5.34375,0.69145197,0.44651306
1564,687596,3.119516,2.3125,2.2118614,0.62447935
1593,907322,1.002449,1.140625,2.4796362,0.6069325
1912,909757,1.264204,3.28125,1.939372,0.6220083
2048,906842,-5.9894,-4.96875,2.8799593,0.58973515
2148,687568,4.064409,1.3515625,1.1952535,0.46017528
1581,1240172,3.849648,3.15625,1.7445086,0.59024495
2154,1674021,2.61239,3.109375,0.72523695,0.3874042
2498,909720,7.825725,8.875,0.6822566,0.45651728
1502,906842,2.736546,3.484375,1.0247797,0.45955685
1782,1240127,4.831482,5.40625,0.62054586,0.40895486
1259,688025,1.609075,3.0625,2.7397325,0.7225465
1020,1503365,7.534454,5.59375,0.8029031,0.4952211
1494,905968,-2.417152,-3.375,2.7869968,0.60736865
1916,909720,4.172785,3.09375,1.5798949,0.5728066
1581,907299,2.137412,2.859375,1.6996033,0.580718
1802,1330935,3.432973,3.828125,0.8443897,0.42840198
1032,1298348,0.401117,1.90625,1.8566403,0.5757998
2037,909720,4.436201,3.984375,1.1708825,0.53185076
1802,687455,3.769903,4.40625,0.79428554,0.4444091
1557,713880,5.044698,5.0625,0.99906063,0.49018475
1023,1503367,3.56544,4.8125,1.399682,0.62929064
1778,753612,4.579965,2.84375,1.9144009,0.6110465
1083,909709,3.436651,3.5,1.9176338,0.6393771
1168,910920,2.294993,1.84375,1.0697818,0.45119393
1036,688025,3.348518,4.5,1.2879708,0.5459941
1023,1240198,4.743388,3.921875,1.2295306,0.51857
1936,908121,1.770557,3.015625,1.6516939,0.5958673
1179,906843,1.70749,1.046875,2.0041504,0.6040775
1613,1240159,3.238302,3.3125,1.8510065,0.6262779
1813,907269,4.834147,4.96875,2.275563,0.660594
1507,906868,4.768225,5.0,0.5757063,0.38815907
1621,905986,3.849518,4.8125,0.99631685,0.51335657
1843,906746,-1.569377,-0.33398438,3.6396236,0.6974871
1463,905950,2.466691,4.21875,1.2920637,0.56621945
1089,909755,2.909465,5.3125,2.0322611,0.601112
1622,910399,4.897684,4.46875,0.7588155,0.428953
1057,946359,0.402486,-1.6796875,2.1756873,0.53714883
2048,1240144,-3.885971,-2.59375,3.7816675,0.65074205
1630,906843,2.744168,4.0625,1.0757703,0.5224149
1059,1240159,-0.569663,0.36523438,2.228591,0.5930378
2043,1298141,6.567414,5.5625,0.7482067,0.4562051
1042,910920,3.33105,4.03125,0.8897052,0.4331717
1925,909749,5.16842,5.25,0.6499872,0.4240277
1131,906813,5.283515,5.375,1.7389625,0.66614527
1799,687590,4.422249,4.125,1.6960531,0.59689045
1593,946354,2.648798,2.5625,1.893447,0.5985716
2498,909975,8.599452,9.0625,0.9694784,0.56592226
1507,907318,4.534322,4.625,0.52489054,0.35817444
1624,946354,1.160802,2.96875,2.1770968,0.6687767
2038,906836,0.867607,4.15625,1.2656931,0.52975845
1912,907791,2.89762,2.8125,2.0886421,0.61489654
1917,1322212,1.497082,1.5078125,2.2327127,0.61325955
1852,909747,7.36788,5.0,0.71662563,0.4375084
1080,909709,-1.082633,-2.109375,6.1076574,0.86940277
1062,910903,3.688204,3.984375,1.6276542,0.5901222
1372,946354,-1.175553,0.1875,2.5140781,0.6260956
1441,908121,0.692876,2.078125,2.1134162,0.63102597
1862,687802,-1.699521,-0.87890625,0.4260261,0.30764723
1809,1240127,2.182075,-0.15234375,3.3038056,0.6423024
1736,1298350,5.097809,4.03125,1.6968838,0.6031233
1046,1298141,2.237147,3.0,2.2073193,0.64983517
1375,910952,6.950588,7.1875,0.7530324,0.49752784
1177,906813,4.28987,5.21875,1.0036429,0.5615463
1928,907269,2.409296,4.1875,1.2282854,0.52335507
1631,753622,2.598567,3.328125,1.3922906,0.53603506
1133,909975,4.696644,4.0,1.1199238,0.53414917
1621,907274,3.70902,4.8125,1.2150687,0.54349643
1190,1240159,3.162498,-1.2265625,5.854202,0.8258516
2047,924100,2.90916,3.078125,2.0445483,0.61625403
1617,1298358,-1.403127,2.265625,3.9174857,0.7102199
1058,910851,0.905719,1.2890625,2.1703188,0.6419474
2046,1240127,2.866103,3.546875,1.9194419,0.63998
1059,753612,2.263889,0.009765625,2.384742,0.62056744
1563,949179,6.347714,5.59375,0.67395055,0.4151538
1594,753540,3.179914,3.515625,1.6209948,0.605573
2047,688087,1.122436,2.90625,1.7881472,0.59042317
1913,713880,2.958882,4.84375,0.8578375,0.46060258
1053,1298141,4.486516,3.609375,1.5743548,0.58814913
1030,1331048,3.361933,3.890625,0.56366163,0.35755974
2010,688025,3.360103,3.921875,1.535736,0.5651833
1853,906746,5.577013,4.8125,1.0753813,0.5129045
2010,1240145,3.282239,3.71875,1.0816089,0.4887863
1049,909745,3.467416,3.953125,1.1703836,0.5050896
1033,1659818,3.694295,4.9375,0.73531884,0.4420788
2109,907175,1.687952,2.296875,1.4001938,0.5127367
2048,1298136,0.044938,-2.46875,4.5973716,0.7361183
1631,1240198,3.235199,3.890625,1.6596601,0.56707025
1621,1503367,5.781056,5.875,1.3500522,0.6849504
1085,908121,2.339912,2.890625,1.4377269,0.54524505
1062,909699,2.752286,3.6875,1.8498199,0.59904736
1079,906848,3.786331,2.09375,3.7453818,0.7909004
1177,907269,1.293443,3.84375,1.2839396,0.5428994
1084,907274,-5.440608,-1.3046875,3.289362,0.5624788
1017,910567,2.141294,3.6875,1.255185,0.5160901
2043,905964,3.590527,4.25,0.85329443,0.42848203
1047,909249,3.798998,3.796875,1.5814292,0.58199936
1617,907175,1.176044,0.48828125,3.652837,0.66224045
2107,907318,4.891681,4.6875,0.6103903,0.40894723
1025,906848,4.491634,5.5625,1.0875708,0.5200543
1190,910933,-3.033082,-0.41210938,6.3745117,0.87625635
1494,1240198,-1.929,-2.578125,3.8609962,0.68167084
1806,1298537,6.322291,5.0,2.187967,0.6234686
1631,749716,4.729447,2.828125,1.7816188,0.5525334
1549,949090,4.532786,4.1875,1.157567,0.51645124
1068,687802,0.798398,0.796875,2.0601184,0.565853
1831,1298350,4.303804,4.53125,0.88890517,0.46634677
1564,907066,4.252876,2.703125,2.1630673,0.6279366
1845,1330983,-2.296071,0.734375,5.0988693,0.8258516
1030,753554,4.44968,5.4375,0.5150179,0.39680138
1004,753620,-3.384949,-4.4375,4.031803,0.69378495
1634,908127,3.52197,4.75,0.89772296,0.47218773
1401,909745,3.402545,2.5,1.5915174,0.57131255
1080,910952,-1.445438,-2.140625,5.478993,0.8181995
1072,1290797,4.471689,5.09375,0.8965888,0.4889046
1010,925338,4.086141,3.375,1.4241029,0.55104995
1034,1331048,-3.820974,-4.625,1.918461,0.4777656
1004,1298358,-1.938575,-2.59375,5.4702764,0.8128139
1010,907322,2.648271,2.40625,1.5165708,0.5444087
1930,906827,-0.848753,1.671875,1.5623848,0.53646195
2359,909907,6.967681,6.03125,0.83727646,0.48500133
1180,1303900,0.013143,-1.8125,2.5927842,0.57418334
1917,907269,0.947053,1.703125,2.36649,0.64411676
1512,909750,5.50236,5.59375,0.47461388,0.3487895
1068,687568,-0.418421,0.32617188,1.8637663,0.5286358
1910,907318,2.980433,1.7421875,2.281177,0.63232124
1084,906868,-3.198221,-2.359375,2.3408487,0.45840988
1024,907175,-0.18377,-1.328125,2.8144279,0.58971936
1782,906746,6.042242,5.75,0.63899875,0.4221859
1629,1299062,6.17815,4.71875,0.77677083,0.45518008
2158,946359,3.928564,4.1875,1.3753909,0.5541522
1042,906842,2.902015,3.875,0.8412794,0.42792493
1910,688087,3.166677,2.53125,2.6336503,0.67928755
1862,1298348,-0.975475,-1.0078125,0.38194755,0.29073983
2438,687568,8.461126,9.8125,2.299486,0.97977847
1200,1240145,3.65391,3.703125,0.9750925,0.46268564
1494,910567,-4.326014,-4.25,2.7358353,0.57771766
2173,753612,1.476156,3.578125,1.2863076,0.5235429
1817,749710,-4.707551,-3.921875,2.369228,0.5042245
1806,910952,3.645359,5.46875,2.325383,0.65351206
1030,909747,6.559318,5.25,0.5889034,0.42023006
1558,908121,2.610331,3.453125,1.522166,0.574379
1862,909749,-1.888681,-1.1953125,0.4314329,0.32942864
1558,908461,-2.639388,3.75,1.3706969,0.552261
1629,724831,4.002649,4.8125,0.7182001,0.45908743
1373,1298358,5.948721,4.8125,1.4522295,0.60474735
1630,907299,2.752021,4.15625,1.026066,0.5139138
1778,687568,5.430399,3.265625,1.7681558,0.6041409
1778,907794,1.800434,3.8125,1.7279865,0.6203013
1635,908121,5.252532,5.5,0.37747183,0.33162382
2055,688087,1.074919,1.9296875,2.3866177,0.6210555
1053,1298136,5.484664,3.390625,1.7543719,0.6174145
1168,687590,2.449452,2.796875,1.1958988,0.49673903
1997,1240159,4.559759,4.125,1.3798916,0.5775565
1013,910911,4.241785,3.40625,1.274791,0.5308572
2498,910911,7.636842,8.9375,0.8475985,0.5418014
1813,1290797,4.561325,5.75,1.5740442,0.59395486
1916,1240184,4.655436,2.828125,1.8042982,0.6015888
1011,687505,2.431959,1.734375,2.3260765,0.62740576
2039,1298538,3.155074,3.890625,1.1899,0.5201165
1375,724859,7.818158,7.125,0.74957097,0.5114917
1494,1298136,-0.457323,-2.84375,3.6369116,0.66382235
1908,1298538,1.886952,3.03125,1.7840723,0.58338135
1029,908465,6.649863,5.5625,0.5197128,0.39315814
1052,1503365,7.154104,4.03125,1.2014159,0.5373896
2046,907063,2.30001,2.15625,2.3375385,0.65091926
1511,687802,0.394512,0.31445312,3.9122796,0.7092761
1940,1330947,2.788611,3.015625,1.0985835,0.48020118
2096,909750,5.136195,3.109375,1.656549,0.58587873
1401,907278,1.413329,2.234375,1.9000348,0.606461
2010,908150,5.701723,4.0625,1.3233938,0.5441353
1030,1299062,6.157317,5.375,0.49442023,0.3919086
1017,1503367,4.794626,5.875,1.4138566,0.65218306
1170,907791,4.858624,3.15625,1.8515271,0.59670824
1372,907795,-5.071476,0.33203125,2.9322662,0.6493631
1916,1503367,4.558019,4.15625,2.0986803,0.73132807
1854,1331048,4.750828,3.21875,0.8631116,0.42022407
1819,908465,-3.211211,-3.65625,4.330591,0.72691506
1847,1298365,3.866194,3.984375,2.4491444,0.69789195
1582,753612,4.394619,4.375,0.91462135,0.46164954
1512,924239,3.836998,5.4375,0.5409519,0.34888178
1622,753540,3.762275,4.90625,0.786027,0.45883453
1068,1240145,0.233008,-0.10205078,1.532638,0.48919374
1813,687505,3.685981,5.78125,1.511917,0.57626736
1553,910399,2.33748,3.234375,1.6950204,0.5735009
2111,749716,3.317785,3.078125,2.0507057,0.60942554
1091,753620,0.865842,1.9375,1.740501,0.56638104
1029,724831,6.116219,5.5625,0.4709319,0.38539165
1059,1298537,0.199214,0.58984375,2.5296235,0.629967
1129,910851,2.585599,3.84375,1.3302001,0.55675805
1449,688013,3.897807,5.34375,0.65174836,0.39994058
1838,724831,4.483745,3.890625,1.0715615,0.47199818
1804,1331048,5.354566,3.359375,1.4058881,0.5412701
1091,910911,1.877062,2.359375,1.5472089,0.55265737
1180,753620,-1.398227,-3.234375,2.1763618,0.5126936
1862,688087,-0.889634,-0.96484375,0.41384873,0.30091876
2439,910933,9.853861,9.8125,0.90024585,0.5188055
1812,1331048,2.111043,0.39648438,2.9123402,0.6449504
1025,1298348,6.096316,5.40625,0.80323464,0.45875514
2040,910933,1.202045,1.796875,2.279413,0.63473344
1025,906813,5.573484,5.75,0.9523765,0.53837156
1030,949179,5.906846,5.21875,0.5419733,0.4011606
1811,906868,-2.085588,-4.0,2.863533,0.5732981
1060,1322212,1.855227,0.97265625,2.3619606,0.5985716
1025,907318,4.793513,4.78125,0.77634346,0.44740146
1016,906827,1.062907,2.03125,3.8339767,0.70941937
1057,1298348,1.407291,-1.09375,2.0495617,0.5286358
2044,1240159,3.278231,4.0,1.1709087,0.5485054
1799,909785,0.790578,2.671875,1.9838376,0.5867891
1553,753608,2.169857,3.734375,1.7324598,0.60371107
1927,908461,5.880091,5.3125,0.6524219,0.4294166
1046,687455,2.622425,2.921875,2.3411324,0.67333055
1564,908127,3.303018,3.109375,2.0847664,0.62541455
1053,906849,2.490816,3.140625,2.043436,0.6367659
1563,1330935,5.274052,5.46875,0.77973044,0.42627835
2096,909755,3.088151,3.5,1.7711647,0.6141635
1873,909257,0.777084,1.609375,1.3692937,0.55169564
1830,905968,3.675359,2.8125,1.1785644,0.47006506
1512,749716,4.211861,5.1875,0.52441067,0.3517881
1561,1659818,-2.047938,2.203125,2.2925265,0.67809457
2159,910911,5.407964,4.1875,1.256034,0.54343927
1806,687455,4.479318,5.1875,2.4204297,0.6587983
2107,905950,3.89735,5.3125,0.69966966,0.44383663
1582,1240127,2.550275,4.71875,0.79220194,0.44667614
1560,1659818,0.227577,3.578125,1.5655118,0.5619772
1855,1298365,6.125061,4.0625,1.2319745,0.50654674
1803,946359,4.35033,4.78125,1.4103508,0.61176765
1033,910933,5.219907,5.5,0.68362015,0.44540223
1564,1240182,5.983126,2.859375,2.209203,0.6266149
2038,909747,4.215869,4.3125,1.1430584,0.5139138
1043,910952,5.846483,5.78125,0.71522593,0.45024714
1831,909907,5.232601,4.65625,1.0450191,0.51671004
1011,909749,2.398996,1.984375,2.3860877,0.63781077
1862,907274,-1.592626,-0.83984375,0.4785325,0.3153646
1617,1240153,1.850109,1.546875,3.5161643,0.67382777
1006,906836,-1.783286,1.125,6.257958,0.89488226
1786,687780,2.187205,3.265625,1.9199265,0.60694253
1853,906827,4.384457,5.53125,1.3515272,0.5907653
1030,909249,3.368779,4.71875,0.60959345,0.39415303
1089,724870,4.145143,3.53125,2.698193,0.6073045
1549,906835,6.877201,4.5,1.0832467,0.51932085
1449,924100,5.004593,5.8125,0.7601768,0.4517841
1494,753622,-3.638873,-3.828125,2.757327,0.60090274
1046,910920,2.605316,1.234375,2.3566995,0.6105534
1557,1240160,4.616369,5.40625,1.0718648,0.512544
1502,1322212,4.019302,4.0625,1.1028396,0.48083043
2047,1298537,3.158196,2.8125,1.7273437,0.5787487
2172,908150,2.787593,2.25,3.201836,0.73562455
2148,909709,0.705941,1.828125,1.531901,0.52085614
1855,906746,5.382741,4.8125,1.2141595,0.5226449
1622,907322,2.771474,3.609375,0.91153955,0.43141878
2159,910781,4.961838,4.125,1.0563862,0.4986888
2171,688121,2.476798,1.984375,2.9404497,0.6897899
1582,907291,3.65011,4.71875,0.8762263,0.4585124
1020,753622,5.22319,5.1875,0.81857544,0.49719912
2158,1298358,5.537367,4.71875,1.4940591,0.5989227
2046,907274,1.96217,3.875,2.257576,0.6804634
2046,1330947,-1.075815,2.09375,2.4781168,0.66241044
2096,749710,4.071066,3.640625,1.7043418,0.6027818
1830,909745,3.351981,3.140625,1.0921018,0.45593938
1802,1659818,2.194833,3.890625,0.8071652,0.428953
1936,949090,4.362798,3.078125,1.5701585,0.57211775
1010,1330935,3.439766,3.171875,1.5600773,0.5741414
1036,909731,3.912402,4.5625,1.2636987,0.5481544
1813,907795,3.534679,5.78125,1.8957283,0.62899977
1932,1298350,4.714535,3.25,1.8166376,0.6027576
2037,1298136,6.983525,4.03125,1.5145515,0.58900887
1200,687455,3.071123,4.15625,1.3254309,0.5340231
1913,907274,4.464308,5.0625,0.92057794,0.4598932
1190,753608,-1.300925,-0.6796875,5.991056,0.8451576
1631,905950,2.586003,3.9375,1.5590819,0.559669
1936,907791,2.006424,2.71875,1.6939322,0.57313263
1133,1299062,6.267063,3.90625,0.9383722,0.48976877
1922,909747,4.904763,2.703125,1.5484903,0.56987715
1849,909745,-0.025553,-0.48828125,1.6549585,0.4895116
2040,905982,0.930502,1.6015625,2.2043085,0.61101395
1079,724859,3.153303,1.8046875,2.9360793,0.71251327
1813,1240159,6.177994,5.84375,1.5069264,0.58900607
1922,687505,1.850467,2.640625,1.3454022,0.53660756
1706,1298350,5.111537,2.359375,3.11586,0.73093885
1023,905964,2.527739,2.75,1.1195364,0.4685843
2039,908461,2.721823,3.84375,1.1521152,0.5219855
1089,910920,4.471016,2.90625,3.0390344,0.61761904
1918,906848,4.959368,3.953125,1.5243708,0.58101416
1073,688121,4.026975,4.1875,2.075716,0.6920849
1052,1290797,4.202054,3.984375,1.2746937,0.55151266
2170,909257,2.809666,3.90625,1.5291643,0.56276476
2498,905964,6.159367,8.0,0.9326528,0.4918256
1033,1322212,5.389602,4.6875,0.715133,0.41159734
1005,907794,5.039483,3.859375,2.7288527,0.7132802
2154,907274,3.07703,3.265625,0.8003951,0.41028756
1179,909709,1.877617,1.2734375,2.2326965,0.64513695
1553,909907,3.914798,3.921875,2.1467698,0.6721752
1632,1322212,3.65735,3.265625,1.3756061,0.5087864
1133,907794,5.363439,4.46875,1.0477635,0.5440533
1043,687505,5.291476,5.4375,0.63260907,0.42276084
1029,910399,5.458026,5.46875,0.528018,0.38393378
2111,908127,4.341966,4.21875,1.6469771,0.6001081
1849,1659818,-1.275608,-0.64453125,1.8272682,0.5231046
1441,909755,4.264136,2.640625,2.0107663,0.62658554
1939,910911,1.767213,2.640625,1.821471,0.5813847
1013,909720,3.87639,3.703125,1.1743227,0.52661866
1917,908150,2.48655,2.171875,2.0192153,0.6173348
1802,905950,4.44956,4.4375,0.75768065,0.42831144
1021,907791,3.446022,2.890625,1.5731895,0.5348945
1248,946354,1.14512,-3.671875,5.005625,0.84539217
1034,753608,-4.374217,-2.40625,2.4424934,0.52807504
1853,924100,4.978843,4.8125,1.2683424,0.53493935
1925,906835,6.529594,5.53125,0.66413534,0.42344815
1802,1240127,4.42452,4.15625,0.69815576,0.41174462
1034,1298136,-3.131041,-2.40625,2.7884138,0.56244254
1007,925340,-3.967043,-3.578125,4.6162224,0.74337614
1179,909257,-0.18963,0.77734375,1.5677024,0.54094154
1191,1240198,-4.983725,-4.0,1.3143009,0.42153138
2498,907169,6.01314,8.9375,0.869049,0.5079491
2157,907318,5.112353,4.875,0.6011009,0.39614016
1782,1298136,6.473114,5.96875,0.7981456,0.47131866
1003,907274,-2.989384,-1.515625,4.6368403,0.7382417
1622,1331048,3.309129,2.953125,0.8181071,0.39019728
2439,908121,9.380823,9.5625,0.8360732,0.4750623
2045,753554,4.459434,5.0,0.79708993,0.46469566
1089,909750,3.344444,4.75,2.0717905,0.5849328
1059,909257,-1.081702,0.35742188,2.0395494,0.57318294
1922,909757,2.244238,2.890625,1.552341,0.56845146
1250,1240127,3.98349,1.796875,2.4849946,0.6702704
1085,909709,2.79678,3.25,1.6187732,0.58399075
2039,998189,2.831798,3.75,1.1637145,0.52320075
1259,907274,4.190235,3.34375,2.7608094,0.7184292
1632,687997,4.477017,3.734375,1.2729101,0.51546854
1051,1322212,3.080212,1.09375,3.0635707,0.68395376
1268,909731,3.64099,4.6875,0.9264376,0.47981694
1598,906868,4.313787,4.5,0.9144405,0.47974345
1852,910899,4.782117,4.96875,0.7973992,0.440449
1020,687802,7.357285,6.1875,0.9376928,0.5666421
1997,949090,4.571611,3.984375,1.5213907,0.5798782
2107,909750,5.240476,5.125,0.6621686,0.4314258
2177,910933,2.60678,2.671875,1.5875156,0.53450507
1631,687780,3.775369,4.0625,1.7447081,0.5990646
1133,910920,4.504865,2.890625,1.0383118,0.4740594
1808,906696,0.036259,1.9609375,4.265868,0.8003591
2109,906827,2.326975,4.03125,1.4946272,0.5901272
1940,909747,3.811413,3.875,1.1467326,0.52221906
1085,910920,1.908121,1.9140625,1.2867341,0.49290985
1583,687505,2.443604,3.09375,0.62371767,0.3749834
1011,1331048,-0.764388,-0.40234375,2.7101862,0.64114213
1079,753622,-0.995358,1.0546875,2.8466163,0.69080275
1084,687997,-0.911391,-1.75,3.0239367,0.54456145
1057,908465,-1.71048,-1.53125,1.9255866,0.521739
1248,688087,-4.650711,-3.34375,5.0976415,0.8256527
1013,909724,2.080341,3.40625,1.393989,0.5559862
1618,1240153,3.962084,3.859375,1.404316,0.5601051
1873,909750,0.74208,1.5859375,1.592924,0.57181746
1372,1240186,2.775637,0.7265625,2.817222,0.64994663
1191,1240184,-4.820752,-4.5,0.9808414,0.37197533
1373,1240145,4.645323,4.25,0.9544191,0.47679925
1782,908461,6.691516,5.75,0.6529753,0.4238168
1910,909731,3.52445,2.46875,2.7180645,0.68281573
1036,1322212,5.239082,3.921875,1.3615649,0.5295124
1248,909724,-2.970464,-3.671875,4.701114,0.7796109
1072,1240145,4.983124,4.875,0.7618016,0.43958524
1940,909724,5.471862,3.984375,1.1047553,0.5082942
1560,907322,4.337193,2.765625,1.6657318,0.5500032
1053,909745,1.556786,3.34375,1.4207735,0.54425645
2107,1298168,5.699804,4.53125,0.6284554,0.39866176
1200,687819,3.757938,3.921875,1.3878165,0.5316316
1809,713880,-2.104512,-0.18359375,3.6081057,0.6722543
2048,910781,-3.115687,-2.921875,3.5602796,0.64983517
1073,1240172,5.027657,4.65625,1.7584398,0.67360634
2171,687819,3.629624,2.03125,2.9013808,0.6921992
1259,1503365,5.493933,3.265625,2.2722862,0.6721078
2046,909720,4.67304,3.921875,1.6752791,0.6104205
1180,909749,-2.031191,-2.3125,2.4115717,0.58273166
2046,713880,2.871309,3.515625,2.1843424,0.6774301
2045,1298350,5.757938,5.0625,0.8693608,0.48143473
1593,907063,0.100218,1.3359375,2.170404,0.5827785
1598,1240153,3.695116,4.40625,0.9959032,0.48737916
2154,907318,2.809768,2.71875,0.59093666,0.35391274
2048,907299,-2.077121,-2.828125,4.02609,0.67580277
1191,753612,-5.083882,-4.96875,0.9003589,0.35370004
2038,1240159,5.752975,4.65625,0.97431415,0.4892521
1819,753620,-3.015262,-4.5,4.370665,0.72919405
1005,907271,3.197508,3.71875,2.565026,0.68564165
1631,946354,1.40581,3.546875,1.4205246,0.54143316
1020,688087,5.636624,5.375,0.86600417,0.4920692
1910,1240192,2.688968,2.421875,2.31062,0.6463835
2038,907274,3.049713,4.6875,1.2094914,0.5114199
1581,910903,2.652972,3.0,1.6662254,0.5749373
1073,1240144,3.202488,4.4375,1.612666,0.6303361
1018,909757,5.328736,5.625,0.64495516,0.4304657
1817,909731,-6.322268,-4.6875,1.871247,0.44643423
1033,924248,3.709768,5.21875,0.69992775,0.4366985
1086,1330935,-0.953595,-1.984375,5.107061,0.83200854
1549,713880,4.194952,4.125,1.2042956,0.5386777
1564,1298136,-0.027123,3.03125,2.3299477,0.66086274
1997,909699,4.623692,3.90625,1.663135,0.59999484
1019,910952,-0.196712,3.4375,1.8630103,0.6091936
1054,724831,2.90124,3.5625,1.3964319,0.5569606
2109,949179,3.765023,2.765625,1.2959813,0.51428837
1924,907274,1.50202,3.40625,2.0377982,0.5943388
2047,908150,0.830963,2.859375,1.6804461,0.5713625
1560,688013,4.539367,3.609375,1.4179481,0.52444714
2038,688121,5.036233,4.5,1.2012607,0.5105364
1776,905972,3.847882,4.5,0.90178424,0.4718864
1039,910399,5.329569,4.78125,1.0292199,0.45801413
1049,749710,4.791686,4.46875,1.2995851,0.5343459
1634,924100,4.193894,4.75,1.0030543,0.48460194
1511,910920,1.730079,-2.125,3.6477354,0.6525425
1069,907291,2.790269,3.828125,1.1140393,0.5152047
1054,905986,4.895213,3.796875,1.5865669,0.57522565
1811,910911,-1.125688,-3.71875,3.3085666,0.6038916
1627,1659818,1.993265,3.546875,1.4498882,0.569579
1042,907291,4.813226,5.0,0.8625192,0.46791115
1811,905968,-3.242317,-3.84375,3.0839388,0.6174248
1237,753554,5.458159,5.4375,0.59278566,0.39066023
1085,909699,5.148189,2.71875,1.4364344,0.53394675
1932,909699,4.169069,2.890625,1.9482127,0.6041992
2158,906836,0.889959,4.0625,1.5155642,0.5834956
1042,906868,5.836041,4.96875,0.8059629,0.4662636
2111,909755,5.675148,4.375,1.6235912,0.5975158
1089,687780,3.167839,5.375,2.5024185,0.678032
1073,687505,3.585648,4.1875,1.6968207,0.6435041
1917,1298348,2.289151,2.328125,1.9785863,0.6077967
1594,687596,3.63456,2.65625,1.8136128,0.6046945
1510,1299062,5.778775,4.375,0.8956528,0.47109887
1996,753575,5.808056,5.03125,1.4436947,0.6182852
1926,905968,-1.883746,0.703125,2.163937,0.64005977
1179,1303900,2.167571,1.3046875,2.0660865,0.60541356
1025,906843,4.625405,5.21875,0.95144194,0.48771513
1553,1240145,2.538271,3.109375,1.4047478,0.5300721
1804,1298537,3.758048,5.0625,1.2168928,0.587913
1835,907169,3.674397,4.25,1.3698144,0.50412065
1020,753612,5.495433,5.0,0.9901496,0.5167932
1191,905950,-5.121053,-4.15625,1.0978041,0.39604524
1085,1298157,2.254745,2.953125,1.2943201,0.52148837
1936,688025,1.955473,3.125,1.748209,0.60322607
1853,1240153,3.160491,4.5,1.2162828,0.5248978
1558,909750,4.192492,3.546875,1.3532364,0.5397322
2177,687819,2.389406,2.25,1.6381586,0.53050274
1248,909747,-0.583548,-3.90625,4.8951297,0.8166948
1507,1322212,5.115288,4.5,0.6598653,0.37687194
1913,1240182,6.153256,4.8125,0.8473882,0.443422
1004,749710,1.341923,-2.09375,5.028823,0.7788751
1449,908461,5.891484,5.8125,0.66600823,0.44003102
1259,687819,3.236853,3.140625,2.7369869,0.7283242
1061,907066,4.075114,4.4375,1.0077288,0.5165681
1778,1240145,1.905432,2.953125,1.3810092,0.5290239
1249,909907,5.71176,4.0625,1.5290173,0.59164613
1559,1298348,0.975164,-1.703125,2.6093845,0.5732287
1720,905986,6.061045,4.25,1.7355967,0.6199488
1778,1240144,4.911989,3.484375,1.7070062,0.58900887
1617,905972,1.588182,1.75,3.1199756,0.64871967
1175,753608,4.241246,4.5625,1.1207359,0.5386777
2044,1298157,3.807518,3.953125,1.2122792,0.5492438
1168,1298348,0.05517,2.984375,1.1447781,0.49152252
1873,910780,0.42687,0.99609375,1.449973,0.55265737
1131,905986,6.79776,4.78125,1.5573874,0.5906253
1618,1503365,6.245723,4.1875,1.2153654,0.5380881
1919,909785,-0.222781,0.75390625,1.1233473,0.46188286
1802,909907,5.110371,4.53125,0.89639455,0.4727052
1047,910903,4.02535,4.875,1.203667,0.55522686
1378,907271,4.818389,3.015625,2.6762643,0.6782229
1558,905964,2.5275,2.546875,1.4291444,0.5207366
1199,906848,3.15537,4.375,1.5802008,0.57865345
1012,749716,1.707899,0.65625,0.9241162,0.40187955
1845,1330947,-4.453078,-1.140625,4.4199953,0.7464861
1706,906835,4.124208,2.6875,2.7826722,0.69904613
1634,906842,2.154184,3.453125,0.8762866,0.42663857
2157,908465,5.658892,5.3125,0.651075,0.42690095
1017,909249,3.987982,3.53125,1.3556795,0.51932085
1916,909907,3.788054,3.28125,2.1375313,0.67573345
1931,1298168,6.069723,5.0625,0.6215398,0.38483062
1909,753620,0.366389,1.75,2.5016084,0.63675046
1627,909724,2.400623,3.71875,1.3977112,0.55747074
1629,713880,3.488978,4.71875,0.92441225,0.49634886
1838,909249,2.901411,3.046875,1.3803385,0.47864187
1010,909747,5.304868,3.125,1.5258265,0.5728816
1022,1322212,-0.059008,-0.40625,3.089024,0.63738066
1853,909757,3.940979,4.71875,1.1942998,0.52876157
1593,906849,-0.624314,2.515625,2.5995681,0.6587864
1133,906848,3.291213,4.25,1.2734038,0.56234246
1922,906868,2.177506,2.78125,1.4814411,0.55901176
1069,1240144,3.405259,4.0625,1.0389636,0.5019507
1061,998189,4.941717,4.71875,0.95574003,0.5131698
1918,909757,4.358852,3.640625,1.3062177,0.54394406
1928,687997,5.476057,4.53125,1.0188355,0.4909613
1558,1240223,6.865666,3.65625,1.3141729,0.5500498
1845,907791,-1.133026,0.36132812,4.857623,0.796034
1073,713880,4.234584,4.125,1.9525814,0.69057775
1033,908465,6.360934,5.25,0.6253355,0.42779547
1024,1303900,1.59959,0.35351562,3.0682354,0.63796157
1029,687505,5.479361,5.59375,0.5016167,0.38587835
1854,1674021,5.448903,4.96875,0.8256984,0.47462368
1019,1330947,-0.175857,1.984375,1.9172394,0.58338135
1025,907795,3.047829,5.25,0.9963348,0.5067954
1617,1240160,6.355423,2.140625,3.911485,0.7188145
1012,1240145,1.607379,0.95703125,0.7406544,0.39057708
1025,1503365,7.627253,5.375,0.8202141,0.4757281
1919,910903,2.297181,2.015625,1.3364369,0.5093831
1799,687505,2.868925,4.1875,1.5574172,0.5847425
1615,905982,5.825603,5.53125,0.62892604,0.42136577
1809,1298157,1.842544,0.04345703,3.3338308,0.64813966
1014,909975,3.76931,2.390625,2.8084445,0.6757441
1634,907175,3.737117,3.796875,1.0222919,0.46554914
1778,905950,4.584492,3.625,1.8422291,0.61724126
1010,687819,4.047942,3.3125,1.6399962,0.58871514
2171,1298141,7.346095,2.359375,2.6249702,0.67704874
1083,1674021,2.32238,3.140625,1.7586787,0.60090274
1620,687997,4.569334,5.28125,0.5312921,0.364149
1029,906848,5.020082,5.84375,0.6774613,0.42865455
1557,910899,5.308653,4.875,1.1469054,0.49495736
1913,907318,4.699605,4.4375,0.6978521,0.409985
1782,1330947,2.900546,4.46875,0.6985442,0.39285657
1190,687568,-1.286668,-1.5703125,5.853089,0.82204217
1908,749710,1.498065,3.328125,1.7761387,0.58645815
1036,906836,1.674651,4.21875,1.4362062,0.57573134
2046,1298358,1.68029,4.0625,2.3583727,0.71761024
1494,907291,-4.973163,-3.4375,3.2614946,0.6250236
1239,906835,3.638419,2.6875,2.2787175,0.6345398
1825,1240198,0.871737,-0.011474609,2.5809333,0.6004087
1059,753554,0.251441,0.62890625,2.2621481,0.6046812
2048,910851,-4.211547,-3.328125,3.581364,0.6282066
1031,906842,-4.811788,-3.21875,2.5633652,0.5676684
2046,1503365,6.010514,3.84375,1.8468556,0.6341381
1086,1330947,-3.980439,-3.578125,3.8816128,0.6943807
1512,1240186,5.469611,5.78125,0.51730967,0.36614072
1825,1331048,-1.856689,-2.234375,2.0983415,0.5509255
1507,1240145,3.316276,5.0625,0.4951324,0.3571034
1018,906849,5.215209,5.3125,0.76077193,0.44752377
1133,1298365,3.839561,3.515625,0.94305784,0.48093292
1259,687505,1.935248,3.015625,2.2606692,0.65934074
1563,910851,4.828726,5.9375,0.69698995,0.43764928
2038,1298365,5.215171,4.09375,1.0044066,0.47050852
2157,909907,6.496956,5.75,0.8244459,0.48684946
1593,753575,5.306087,3.5625,2.0130603,0.64876693
1088,688025,-1.6002,2.515625,4.5096035,0.8580814
2048,753608,-4.385505,-2.390625,3.8245504,0.66655463
1016,906843,3.428449,0.609375,3.3572502,0.6388132
1594,713880,2.794863,3.078125,1.8170778,0.6178181
1819,909785,-6.096011,-5.4375,3.3887727,0.6784545
1053,909726,2.478356,3.21875,1.5944769,0.57522565
1941,906848,-5.711499,-3.25,3.7110262,0.65095073
1088,1330947,-0.854496,0.49023438,4.9785695,0.8789818
1023,909750,3.546071,3.8125,1.0699453,0.48975748
1069,924100,4.233329,4.125,1.2439501,0.5409689
1912,907274,0.198521,3.453125,2.1937785,0.64888644
1933,909709,5.799337,5.1875,1.8222157,0.6807453
2111,749710,2.006569,4.5625,1.5630426,0.58392316
1618,749716,2.861725,3.34375,1.455727,0.541118
1089,906813,5.630838,5.625,2.3933809,0.70131874
1582,724859,4.806004,5.0625,0.8373565,0.4807071
1817,1298537,-4.928655,-4.40625,2.2337244,0.5218117
1736,687455,3.111268,4.0625,1.7830254,0.62749857
1054,687590,3.423586,3.5625,1.7435477,0.58703995
2175,910851,4.762124,5.0625,0.8567157,0.50590533
1059,687505,-1.372548,0.09423828,2.1355953,0.58127135
2154,1303900,2.796011,3.390625,0.75010026,0.40902525
1024,1240160,1.041565,0.055664062,3.186884,0.63803506
1873,907169,0.476117,1.71875,1.7039692,0.5937829
1918,1240198,2.882715,3.796875,1.3815126,0.5538063
1051,924100,3.294236,2.1875,3.1366403,0.7206458
1180,907795,-2.884994,-2.40625,2.4905462,0.56056774
1057,905986,-0.4673,-1.1640625,2.065692,0.5423532
1838,1330983,3.203211,3.796875,1.4611052,0.5167553
1622,905950,3.862358,4.84375,0.80278355,0.45032057
1017,910933,3.087854,4.8125,1.2002096,0.53410643
1199,753620,3.186779,3.390625,1.5116233,0.5372762
1003,688087,-1.894433,-2.078125,4.081418,0.70232254
2439,749710,10.077763,9.8125,0.80583745,0.48883617
1620,1298537,5.092571,5.59375,0.5250047,0.3884795
2107,949179,5.330428,4.875,0.69526684,0.43545467
2046,910851,1.998422,3.53125,2.1839714,0.677315
1576,1240198,3.412537,3.453125,1.430575,0.5317687
1024,910567,-1.063292,-1.15625,2.7055721,0.58962375
1200,753622,3.023445,3.703125,1.0882366,0.49178135
1022,910851,-0.94108,-0.15039062,2.7982838,0.614726
1917,1659818,1.288649,1.8984375,2.1469896,0.63803905
1190,687802,2.04209,0.056152344,6.9124236,0.9310717
1563,1298141,7.320167,6.1875,0.6635773,0.4252531
1936,909755,3.633109,3.484375,1.615915,0.5976678
2170,909249,2.148544,2.796875,2.4035292,0.6282456
2045,753540,5.571278,5.25,0.8563271,0.4954002
1582,910911,4.64386,4.75,0.80423075,0.44766462
1048,908121,4.60018,4.875,0.80684876,0.47523758
2173,905950,4.762432,4.3125,1.2462806,0.53647166
1812,910851,1.040465,2.171875,2.9524622,0.6727554
1862,949179,-1.400555,-1.3203125,0.3822867,0.28473258
1022,1674021,-1.255877,0.19140625,2.9408307,0.63081115
1618,906835,6.050287,4.4375,1.1999701,0.5299137
1019,687819,2.553826,3.15625,2.0746512,0.63428324
1706,1240145,-0.708604,1.6640625,2.5250416,0.6659263
1004,753608,-4.817076,-2.78125,4.2643747,0.7158002
1020,910911,5.714411,5.5,0.8354727,0.49653354
2499,1298168,9.925538,9.8125,1.7124075,0.8687917
1190,905964,-3.633757,-3.421875,6.180879,0.88386005
1912,1290797,2.565722,3.25,1.8826958,0.62164193
1559,907169,-1.157047,-1.921875,2.672493,0.5778017
1838,1298365,5.0303,3.484375,1.1743128,0.4636568
1563,687596,4.085074,5.5625,0.6970952,0.41749126
1029,906835,7.530316,5.875,0.5230647,0.3912884
1815,1330947,4.667684,4.875,0.7715699,0.4384111
1557,1240145,4.922296,5.03125,0.7459811,0.4282506
1249,1330947,1.212042,2.703125,1.2492505,0.5007865
1559,909749,-1.673928,-1.703125,2.7898388,0.622842
1933,907169,2.679411,4.71875,1.4545553,0.601112
1085,1240186,3.774554,3.234375,1.4021994,0.54807186
2096,687590,3.619962,3.078125,1.7518897,0.5985831
1811,1330935,-2.244729,-4.0625,3.8234036,0.68853235
1622,749716,2.5765,4.03125,0.8954411,0.43934426
1580,909785,3.405417,3.96875,0.78810716,0.420988
1617,909745,6.214702,1.78125,2.8938727,0.6256648
1627,910399,3.15288,3.59375,1.2635179,0.5248259
2043,1240172,5.477079,5.59375,0.76234746,0.46245432
1043,910780,4.514282,4.6875,0.64182055,0.38784826
1917,909249,1.135649,1.3125,2.2270195,0.6173093
1580,1240172,6.15348,5.5,0.76291627,0.46220744
1372,907278,0.573749,0.22265625,3.0426676,0.66841215
1237,1303900,5.64153,5.6875,0.69886434,0.41481322
1624,688121,5.695843,3.109375,2.671417,0.7076922
1494,687596,0.701255,-3.9375,2.9423335,0.59348917
1088,909755,3.93969,3.296875,3.5940402,0.79591584
1560,910781,1.853881,3.796875,1.1748451,0.50186366
1913,1298348,5.363823,5.09375,0.7409606,0.43141878
2047,949179,2.572721,2.421875,1.6707517,0.5597875
1563,907175,4.945797,5.125,0.8233463,0.42752427
2111,688121,6.157251,3.890625,1.9116143,0.61905885
1614,1674021,4.243742,4.15625,1.2609576,0.5372762
1024,949179,-1.018021,-0.8203125,2.629191,0.57757974
1779,910780,0.570651,0.53125,1.9032619,0.5763896
1131,687590,5.483356,4.375,1.6695886,0.5934218
1005,724870,2.916043,2.09375,2.7906919,0.6980114
1912,909724,1.155604,3.109375,1.968436,0.6222777
1012,908465,2.273794,1.3125,0.9318527,0.42111048
1576,1298365,3.862805,2.75,1.1407442,0.47746083
1494,1240184,-2.605553,-3.3125,3.0085413,0.6023297
1908,924100,3.153669,3.078125,2.0445483,0.61625403
1449,1240186,5.734115,5.78125,0.6755319,0.43623254
1011,949090,2.645226,1.9921875,2.6009202,0.6533875
1808,1240192,1.522631,0.23632812,3.6687756,0.71325725
1912,910781,1.298886,3.171875,1.5229529,0.56047887
1047,910567,0.307751,4.0,1.4724239,0.5872696
2159,687819,5.160185,4.21875,1.4712191,0.5867891
2039,687997,4.891159,3.578125,1.1998702,0.5099454
1177,907169,5.311974,4.8125,1.001616,0.5214328
1019,906696,2.832699,4.0625,1.9732486,0.6483813
1010,906843,2.487533,3.359375,1.4971035,0.56776315
1816,906827,4.714281,4.96875,1.4349122,0.57813364
1620,906842,3.343572,4.375,0.56523454,0.35401374
1057,906842,-4.247425,-2.75,1.8372906,0.50235593
1855,908127,4.567234,4.8125,1.3232882,0.5358693
1062,907299,2.44437,3.875,1.692818,0.5987061
1996,688025,4.829757,4.03125,1.5458242,0.57174385
1813,905964,5.396968,3.953125,2.3108785,0.6405542
1809,1240192,0.720935,-0.056640625,3.1670356,0.6388132
1013,688025,2.465732,3.515625,1.4940586,0.57232976
2498,907271,8.51767,9.0625,0.7754555,0.49065906
2043,1240153,5.094719,5.15625,0.7861563,0.45131424
1629,998189,5.892074,4.90625,0.84196043,0.48211
1131,1240145,6.723097,4.5,1.4025198,0.5454398
1912,1240127,0.604313,3.125,1.8113496,0.606895
1062,909726,-0.797204,3.765625,1.6563212,0.5887062
1779,1298350,1.373297,1.6953125,2.1393776,0.6153041
1625,907063,4.20684,3.984375,0.908301,0.45493028
1029,1240127,6.188164,5.4375,0.50937337,0.382472
2173,687794,3.562691,4.53125,1.3715721,0.575538
1194,910567,1.848392,2.40625,1.8789926,0.611448
1918,907175,2.498737,2.859375,1.3454545,0.5206173
1051,687997,1.761769,1.7265625,3.0203552,0.6968104
1843,753554,-1.901325,-0.421875,3.6778708,0.69982046
1815,1503367,4.451116,7.21875,1.0655905,0.673379
1634,1303900,3.950085,4.84375,0.96205354,0.48185268
1940,907175,2.899588,3.265625,1.2069154,0.5064449
1776,905964,1.687113,3.453125,0.9565669,0.44237918
1003,908127,-2.929137,-1.7734375,3.9364126,0.6816787
1815,1240153,4.996542,5.65625,0.7341166,0.4621392
1931,724870,5.512029,5.15625,0.59316033,0.37435842
1021,1240160,2.413356,3.59375,1.6822748,0.59204143
2111,907169,4.52147,4.09375,1.7513083,0.61633635
1048,907291,3.498555,4.96875,0.8406146,0.4691224
1034,910933,-2.225032,-2.203125,2.605262,0.5375626
1020,688025,4.75633,5.3125,0.9148976,0.49888828
1048,1298537,5.295027,5.0625,0.76270497,0.46089798
2040,1674021,1.633963,1.3125,2.2580853,0.62306523
2158,1298157,4.718683,4.46875,1.1940758,0.53410643
1079,949090,4.538388,1.5625,3.1681333,0.70729774
1507,905986,5.052144,5.21875,0.5670086,0.38569444
1630,753608,2.503853,4.40625,0.9810595,0.51735246
1019,910851,1.453451,2.890625,1.9165435,0.6087924
1038,906827,3.875764,4.46875,1.4253306,0.6104205
1017,909720,4.378992,4.625,0.9691447,0.47919387
2040,1240144,0.738933,1.546875,2.1062167,0.60017353
2109,1240144,2.719133,3.3125,1.2520651,0.5148073
1630,1330983,2.872712,3.84375,1.187618,0.5394525
1635,907795,4.746434,5.65625,0.42928475,0.35303122
1047,905964,4.630457,3.453125,1.570975,0.57815194
1175,1240186,5.129288,4.5,1.1915939,0.54965776
2154,924239,1.361365,2.875,0.7370771,0.39372897
1529,909747,7.653593,0.31835938,4.7405224,0.7909004
1085,1240172,2.717678,3.3125,1.4385079,0.55104995
1249,906843,2.938772,3.734375,1.329087,0.53821754
1093,687997,5.954295,4.21875,1.0458829,0.47751614
1806,946359,7.052754,4.25,2.7305667,0.6405542
1812,753620,2.261937,1.703125,3.0896668,0.66799605
1037,907175,0.935834,1.65625,1.7601957,0.55644715
1910,906843,1.089157,2.546875,2.6614044,0.6864461
1058,908461,-0.75286,1.8359375,2.039484,0.6325051
1613,1298537,3.875462,3.296875,1.9028232,0.62828773
1925,753554,3.899438,5.25,0.65148014,0.41750064
1375,907271,6.843206,7.0625,0.64072794,0.45606446
1046,1240223,4.016061,2.734375,2.0269873,0.6286295
2106,946359,3.021888,3.203125,1.9926356,0.62093574
1560,910933,4.405256,4.28125,1.5192199,0.5704011
1511,687568,-0.451751,-0.83984375,3.504236,0.6484059
1549,906746,5.561139,4.34375,1.0707815,0.51999235
1622,924189,5.399189,4.625,0.8300553,0.4514605
1852,910851,5.118711,5.1875,0.70963013,0.4444506
1259,1330947,-1.100475,1.609375,2.9322016,0.70552146
1441,753554,3.022635,2.328125,1.7813294,0.59683675
1564,908121,4.034383,2.75,2.2336483,0.6335485
1030,907291,4.974142,5.34375,0.58944815,0.41615126
1630,1240186,4.752212,4.3125,1.0424541,0.5275295
1845,906746,1.456381,1.375,4.0124345,0.7475879
1736,906848,4.141169,4.21875,1.9747095,0.6394917
1919,906868,3.414391,1.71875,1.2734236,0.4977378
1200,949090,3.777684,3.875,1.2687085,0.50601864
2038,907066,5.183382,4.3125,1.0658104,0.49290055
1632,1298358,4.789747,4.21875,1.5009153,0.572074
1910,1298365,4.17061,1.859375,2.3170788,0.62781405
1057,925338,-0.57235,-1.1796875,2.2027965,0.5509662
1720,687997,2.39563,3.828125,2.0258508,0.6373616
1553,905964,2.338369,2.4375,1.9110159,0.58703995
1933,1240172,6.075463,4.96875,1.3885988,0.59468955
1168,910781,2.656565,2.859375,0.9765064,0.46216664
2043,1240184,4.727865,5.3125,0.7640209,0.46051264
1576,910903,2.567729,3.4375,1.3161153,0.51964504
1004,906746,-5.013116,-3.1875,4.364107,0.7151599
1917,687997,4.741065,2.140625,2.1022997,0.6218284
1023,910899,4.260992,3.59375,1.3314922,0.5283802
1048,753612,4.424424,4.625,0.8753769,0.4712321
1007,1330983,-4.392644,-3.875,5.537371,0.8311133
1043,1330983,4.525484,5.25,0.8267949,0.4496872
2438,909907,12.017906,9.8125,2.9763343,1.248927
1051,907269,-1.975394,1.2421875,3.4437401,0.7386858
2173,907271,3.354352,4.40625,1.1528449,0.52770394
1007,924100,-3.695112,-2.640625,6.2325754,0.9038287
1594,1240160,3.628988,3.484375,2.019495,0.6635772
1909,906696,1.998708,3.546875,2.3153667,0.6816443
1054,1240127,4.587757,3.578125,1.6148903,0.57683295
1089,753608,4.954228,5.3125,2.0376554,0.6141764
1549,687596,4.084099,3.8125,1.1730001,0.5180036
1558,910899,2.54934,3.359375,1.6558747,0.5798782
1996,906843,2.566455,4.0625,1.4894081,0.5676881
1061,910851,1.569934,4.59375,1.0233145,0.5341031
1050,907169,2.109273,2.703125,1.7829654,0.60621965
1778,910780,3.570011,2.390625,1.7338984,0.56697476
1930,907169,-0.276636,0.65625,1.1844177,0.46529067
1013,1659818,2.383723,3.203125,1.4424373,0.566652
1010,910781,3.559833,3.265625,1.1976218,0.51684445
1018,907269,4.623341,4.84375,0.780683,0.43567634
1068,909785,0.232816,-0.68359375,1.7976326,0.5194254
1847,910911,4.390038,4.53125,2.4059565,0.7286272
2037,1503367,4.952177,5.09375,1.6076431,0.6745979
1020,909907,6.843033,5.9375,1.0830967,0.587573
1810,907795,0.385878,0.51953125,3.8109033,0.73556197
2158,688121,5.403163,4.40625,1.4032797,0.5596917
1494,1240159,-0.328149,-3.25,2.8257976,0.5921017
1025,1330947,3.504729,4.1875,0.96339196,0.4630509
1843,688013,-4.524626,-0.94140625,4.0876975,0.7216956
1086,753540,-0.891697,-0.59375,4.1939745,0.7404592
1558,1331048,2.580828,1.90625,1.3489603,0.4939755
1060,909720,0.783824,1.5390625,2.042476,0.5820104
2096,1240198,4.015181,3.3125,1.8164519,0.6115863
1268,905950,5.051551,4.84375,0.876641,0.4694882
1854,688025,3.696655,4.90625,0.86099976,0.47192138
1036,1240186,5.429681,4.75,1.1736759,0.5427846
1096,907791,2.701548,2.015625,2.8085167,0.6757615
1720,924100,3.873613,4.375,2.0512192,0.66106474
1237,1331048,4.455105,3.375,0.6608436,0.34491703
1854,906696,3.041687,5.71875,0.8626069,0.5113472
1372,907794,-3.515372,0.80078125,2.5910285,0.6260956
1086,1298350,1.716726,-0.93359375,4.332539,0.73625535
1908,907791,3.911328,2.5625,1.8054634,0.5707575
1033,1298168,5.498171,4.65625,0.607264,0.38916472
2045,908150,5.546774,5.03125,0.8280882,0.479679
1845,909747,5.726734,0.54296875,4.6429687,0.7841437
1511,907066,1.529047,-0.859375,3.83648,0.6863069
1510,910911,4.504908,4.46875,0.9346428,0.4791037
1917,905972,2.011554,2.109375,1.9709204,0.60833246
1023,1298136,3.693673,3.859375,1.2561388,0.53249997
1016,1298141,0.206459,0.72265625,3.1996417,0.61317027
1930,687794,2.035968,1.1640625,1.3772159,0.49932334
1249,905972,3.779629,3.71875,1.1964504,0.52566206
1845,906696,0.338471,2.921875,4.351333,0.816394
1933,925340,6.209558,4.5625,1.394185,0.58205545
1378,1298365,3.47593,1.859375,2.5302925,0.62740576
1804,1298538,4.086029,5.1875,1.2389979,0.59094167
2172,910920,1.198719,0.53515625,3.7525265,0.7295395
1086,949090,2.057211,-1.0390625,4.471096,0.75511646
1034,909747,-2.116345,-3.078125,2.4092245,0.5127367
1058,909724,1.491408,1.484375,2.1974955,0.64091563
2499,1298538,10.948676,9.875,1.4143856,0.75747925
1621,909709,5.777228,5.0625,1.338082,0.6000556
1819,908127,-2.890373,-3.0625,5.2068067,0.7978795
1817,753608,-5.638441,-4.3125,1.9468166,0.46842653
1512,906836,2.959771,5.4375,0.5719993,0.37173122
1909,1290797,3.553196,2.59375,2.22289,0.63932294
1847,687780,7.035914,5.0,2.6680822,0.7966388
1463,1503367,5.400552,5.125,1.5601578,0.68897474
1814,907291,6.242222,6.40625,0.94305754,0.48217335
1583,924100,3.00622,3.40625,0.86172706,0.42498547
1053,910567,1.811921,2.484375,1.7032224,0.58195454
1558,910911,2.442826,3.4375,1.3158628,0.5248259
1088,1240223,3.954897,2.796875,3.5714648,0.7973431
1059,910911,-0.347908,0.19726562,2.2560587,0.5870809
1779,905968,1.396986,1.1640625,1.9242941,0.58000785
1915,909755,2.788376,3.328125,1.7390105,0.60005206
1563,910920,5.165158,4.84375,0.75389516,0.39348388
2177,907278,1.882966,2.078125,1.5703199,0.5159847
1835,910851,5.395572,3.875,1.3761122,0.5014133
1997,1298537,4.955622,4.0625,1.4487647,0.5807656
2158,749710,6.071622,4.90625,1.1853495,0.5356674
1168,949179,3.221103,2.46875,1.1296109,0.48377383
1191,907318,-5.187045,-5.1875,0.8220375,0.35566512
1804,906827,5.133368,5.875,1.5663841,0.70423913
1093,1240153,4.337594,4.25,1.0851163,0.49797827
1022,906849,-0.214701,0.15625,3.5282073,0.6909311
1053,907066,4.622268,3.078125,1.6653994,0.58900887
1626,907318,3.117472,1.734375,2.1754596,0.6256816
1023,907269,2.575107,3.296875,1.3148086,0.5139138
1549,753612,5.367404,3.765625,1.2090524,0.5244505
1237,753622,4.866305,5.125,0.58113706,0.39132506
1048,906746,5.431318,5.25,0.77829957,0.4703217
1025,910903,3.63813,5.34375,0.8164521,0.46153453
1021,910899,2.424563,3.09375,1.7329512,0.569423
1080,910851,-4.711493,-3.5,3.993008,0.6702497
2439,946359,9.808362,9.6875,0.95012945,0.50623083
2037,1659818,3.051356,3.546875,1.4440963,0.56730366
1613,687997,5.053451,3.0,2.1958387,0.6464552
2011,1240172,4.870128,5.0625,1.0765396,0.51345706
1401,749710,3.875556,3.03125,1.7869235,0.6105534
1847,906868,5.999587,4.5,2.2433953,0.7092
1583,908127,2.833014,3.3125,0.71546215,0.40030682
1803,907318,3.390549,4.59375,1.1380309,0.5555023
1062,1240223,1.985745,3.921875,1.5709946,0.5957857
1029,907322,4.668668,4.53125,0.62217253,0.3867014
1835,688121,3.544178,4.03125,1.5259428,0.51126915
1563,910567,4.618338,5.28125,0.7467852,0.4265149
1449,907318,5.112079,5.1875,0.59713644,0.40465045
2171,907269,0.246834,1.4140625,3.1969836,0.7137387
1804,925338,2.241575,5.0625,1.2720828,0.5898073
1825,1303900,-0.393985,0.13867188,2.563776,0.6065062
1919,910899,1.604252,1.703125,1.5166546,0.5285093
1782,910903,5.26197,5.59375,0.63643247,0.4094178
1091,688025,2.674778,2.5625,1.8502302,0.59629023
1810,909745,2.663921,0.4921875,3.223077,0.68060696
1032,907274,1.394245,2.046875,2.2436934,0.6247868
1627,687590,1.869632,3.734375,1.399644,0.5582417
1854,907795,5.068291,4.9375,0.88702315,0.48493522
1016,924248,0.829239,0.27929688,3.3851507,0.61371034
1803,909975,5.856583,5.0625,1.4506842,0.64063054
1088,687997,3.680117,2.265625,4.390301,0.8473945
2170,905982,3.44337,4.0625,1.7627023,0.59348917
2011,907322,4.362042,3.3125,1.5395943,0.54182804
1827,924100,1.840387,1.4765625,2.7870722,0.62222445
1029,687596,5.526739,5.1875,0.568681,0.39174846
1088,1298168,3.839538,1.5546875,3.6645079,0.75038874
1005,687819,4.804977,3.140625,3.2527194,0.7566878
1054,925346,4.738567,3.28125,1.3901572,0.5219436
1529,906848,-3.014657,1.5078125,5.0248866,0.8486452
1068,909257,0.44667,0.40039062,1.6601801,0.50998634
1268,907299,4.452095,4.6875,0.87587684,0.46787244
2107,1298350,3.761384,5.21875,0.69978917,0.4427822
1038,906813,3.126478,4.0625,1.3110232,0.5879213
1250,687455,2.34892,2.1875,2.6964378,0.7048074
1926,1298365,0.34514,0.53125,2.0885103,0.6446271
1021,907175,2.602567,2.359375,1.5839466,0.5281192
2156,1240159,3.363464,3.328125,2.9040573,0.68991184
1847,908127,2.032832,4.8125,2.3168414,0.7254263
2438,906835,13.053734,9.875,1.9978584,0.9827675
1911,910567,-7.234875,-4.71875,2.8520648,0.57100207
1909,753575,3.103309,3.359375,2.189733,0.6758698
1627,908121,2.634261,3.640625,1.4489228,0.57498056
1529,908127,-0.957677,1.140625,4.226899,0.7561489
1838,907794,4.020525,4.5,1.3558931,0.5273066
1053,946354,2.367476,3.109375,1.4653703,0.57276326
1038,998189,2.793328,3.734375,1.214524,0.53771555
1268,1330983,3.22977,4.40625,1.0484177,0.4936564
1191,1240192,-4.01041,-4.5625,0.89166206,0.36291733
1375,907278,6.13081,6.125,0.7731841,0.4536599
1084,906836,-6.196723,-2.296875,2.8561583,0.5143473
1061,907271,4.589598,5.0,0.88642514,0.50237966
2044,1240160,5.119918,4.15625,1.4566299,0.6065798
1873,907318,1.049852,1.3125,1.3183832,0.54483736
1059,1299062,1.803166,0.015380859,2.1253195,0.56302404
2111,909709,5.666683,4.5,2.0910783,0.6804634
1854,910851,3.580197,4.875,0.82968587,0.4855644
1849,687590,-0.401123,-0.62890625,1.7725142,0.5027532
1199,1240127,4.180289,4.09375,1.227546,0.52975845
1624,909249,-0.037135,2.125,2.8935688,0.7082494
1594,907169,4.024195,3.328125,1.7871594,0.61970985
1912,909720,4.417327,3.40625,1.6125956,0.5817621
2039,907322,1.856474,2.65625,1.2652563,0.5097784
1072,924239,4.204298,4.71875,1.0324076,0.48238426
2175,1322212,5.392071,4.5,0.88998216,0.46811622
1051,907318,2.741344,1.1171875,2.384088,0.6372762
1631,910851,3.025356,3.484375,1.6598109,0.5699143
1559,908465,-1.283439,-2.125,2.4055526,0.5596094
1932,909720,3.864233,3.28125,1.517141,0.561135
1919,1240160,3.182183,2.015625,1.5670308,0.55148375
1502,687794,3.721173,5.1875,1.0741036,0.52026486
1072,925340,5.983062,5.0,0.91186005,0.48334444
1237,907794,6.635624,5.875,0.65387046,0.42439783
1817,1240153,-6.073421,-5.0,1.61021,0.41348383
1049,1322212,4.921771,3.328125,1.3777778,0.5045282
1706,907299,-0.178101,2.140625,3.1761553,0.7358049
2039,925346,3.580671,3.296875,0.9161226,0.4588478
1250,687802,4.535375,2.53125,2.6973417,0.72426736
1043,909785,4.52008,4.3125,0.69054604,0.39136556
1620,1240159,5.683432,5.625,0.5024912,0.38835016
1941,906849,-1.114097,-4.0,2.7310636,0.56352013
1614,907063,5.736071,3.15625,1.171668,0.48667434
1940,907278,2.857546,3.75,1.1474149,0.50800383
2043,910567,5.638935,4.75,0.81545305,0.44695687
1239,1503365,3.832124,2.359375,2.2459478,0.62829185
1089,909726,3.378002,4.625,2.2369921,0.6006581
1843,1240223,1.293454,-0.5390625,3.3710005,0.6699096
1928,905986,5.847531,4.875,0.9149849,0.491287
1813,1240145,4.600733,5.5,1.3304154,0.5226449
1816,1240159,5.90931,3.96875,1.1546905,0.50601864
1908,1240223,2.629973,2.84375,1.6497445,0.5720603
1940,909750,3.225125,4.09375,1.0267377,0.49349782
1845,906827,1.638453,3.078125,4.6796107,0.84838927
1529,907269,-1.546971,-0.03564453,5.2603154,0.83750653
1051,687568,2.547027,1.671875,2.6702476,0.66498744
1941,907063,-5.751366,-5.25,1.8183156,0.48169485
1046,908150,2.684527,2.734375,2.115172,0.63155025
1815,909731,3.844369,5.875,0.76034015,0.4798698
1618,724870,4.379289,3.359375,1.1835588,0.51077545
1919,910851,2.724807,1.453125,1.2781302,0.49706468
2037,1674021,5.950039,3.796875,1.433784,0.5718583
1849,924239,-0.808026,-0.37304688,2.0519443,0.54603136
1243,924189,2.558853,3.515625,1.1427088,0.46274313
1034,1298538,-2.081007,-2.234375,2.7103457,0.55500305
1175,1298348,5.583683,4.4375,1.0921309,0.51689005
1549,924239,3.835273,3.984375,1.2049016,0.5160183
1011,924239,2.410174,1.765625,2.8236272,0.68522394
2048,910920,0.900392,-4.375,3.477803,0.6435149
1940,909757,5.407134,4.15625,1.1082481,0.5151661
1911,1330935,-5.062807,-4.0625,3.8234036,0.68853235
1809,1240159,2.503131,0.060302734,3.2074878,0.64216006
1825,909785,-2.821696,-1.828125,2.1347644,0.5506118
1936,1298537,2.262101,3.109375,1.5027757,0.5699143
1564,910920,3.709021,1.625,2.2764096,0.5976778
1782,907795,4.503192,5.59375,0.7449809,0.4382347
1940,907066,5.459562,3.890625,1.0865238,0.50766957
1706,687590,5.115131,1.921875,3.2819068,0.7386858
1250,1240223,5.191517,1.9609375,2.392611,0.6693201
1815,908127,4.955391,6.0625,0.72902113,0.4780092
1510,906868,5.00108,4.375,0.97836596,0.49765533
1814,907278,5.647849,5.8125,0.9400064,0.45766187
1810,753612,-4.919464,-0.2265625,3.874873,0.7533252
2171,1240127,2.227488,1.84375,2.5308454,0.6498926
1096,924248,0.06391,2.515625,2.7257206,0.6817607
1912,909755,4.159414,3.625,1.9341568,0.62635905
1083,910781,2.50152,3.109375,1.3197539,0.5290491
1190,910911,-1.757122,-1.3125,5.9557624,0.82214165
1249,907291,3.385329,3.578125,1.2954578,0.5299503
1131,1503365,8.157412,4.8125,1.56972,0.5953023
1559,687780,-2.278014,-1.484375,3.0329115,0.6210555
1932,909745,4.263395,3.078125,1.5818942,0.5567146
2037,925346,5.414915,3.46875,1.0733008,0.49003422
1057,905964,-2.709488,-2.640625,1.9519063,0.51247853
1033,909747,7.354023,5.0625,0.706047,0.43939292
1593,1240145,2.294233,2.375,1.5956889,0.5425444
1625,909724,5.591373,4.8125,0.9397828,0.48798415
1915,1659818,2.098592,2.75,1.7536063,0.5991697
1736,908150,5.493082,3.90625,1.6096195,0.59533936
2055,905972,2.96876,1.703125,2.0366457,0.580349
1249,1674021,3.138995,3.703125,1.3423252,0.54634273
1268,749710,3.821499,5.0625,0.851591,0.46198267
2498,907269,7.14209,8.625,1.035241,0.51187515
2107,1299062,5.812261,5.0625,0.6260275,0.4226217
1560,1330935,2.740082,3.546875,1.6041229,0.5645375
1802,909745,4.618811,4.21875,0.66452503,0.3974754
1017,688087,4.429107,4.40625,1.1749524,0.5162169
1080,907794,-2.665902,-2.1875,4.8671885,0.76629883
1089,687568,4.704763,4.6875,2.1947997,0.60560304
1054,949090,4.418224,3.640625,1.7151095,0.577465
1614,753554,2.94677,4.1875,1.0990267,0.50565845
1578,753540,5.716456,5.46875,0.7313293,0.46392003
1093,1240159,3.996874,4.5,0.93001425,0.47919387
1512,908127,4.772193,5.84375,0.5141013,0.36985612
1917,687794,1.569125,2.71875,2.3018732,0.6713582
1005,907169,5.120427,3.28125,2.9949474,0.7267991
1043,909726,4.518673,5.34375,0.66439855,0.42199984
1803,910780,6.057721,4.25,1.247148,0.54514015
1594,924189,5.487372,3.234375,1.7916999,0.62128425
1817,1298136,-3.095954,-4.28125,2.3219829,0.5020203
1561,753554,2.129638,2.609375,1.961212,0.641305
1578,908465,6.158871,5.25,0.7078121,0.45014763
1916,910903,1.754137,3.078125,1.8338693,0.60552
1067,1298157,5.601928,5.5625,0.4710921,0.36498553
2037,1298168,5.069152,3.125,1.1571314,0.49178135
1042,688025,4.93176,5.03125,0.88781434,0.47059867
2170,687819,3.761603,3.828125,2.0920174,0.6395926
1175,909907,6.105988,4.625,1.3893784,0.59959877
1062,1322212,2.790864,3.265625,1.8223433,0.58166313
1010,906868,3.577721,3.171875,1.4536675,0.55966526
1776,907791,4.276107,4.03125,1.0598565,0.46923843
1441,1298136,2.715354,2.234375,2.1229012,0.6490346
1624,909747,4.35649,2.890625,2.6191373,0.7193988
1815,910933,6.340037,6.1875,0.75021267,0.49065623
1010,687505,2.126256,3.109375,1.340733,0.54293364
1629,1298157,6.304029,4.84375,0.84060085,0.4776349
1862,905968,-1.326387,-1.4140625,0.37457097,0.29281652
2043,688013,5.054667,5.0625,0.72740036,0.4165124
1563,905986,6.033544,6.03125,0.6259725,0.4135795
1020,1240160,5.350579,5.6875,0.9745173,0.54245234
1024,1503367,-0.733756,1.109375,3.4003432,0.7070149
1004,910911,-2.395376,-3.421875,4.0891385,0.6906082
1006,906835,3.74466,2.5,4.754306,0.788432
1778,907169,4.185092,3.421875,1.906094,0.6232818
1814,1659818,5.123231,6.09375,1.0131828,0.49456075
1778,1240184,4.901803,3.265625,1.7724104,0.5996853
2148,1240159,2.931457,1.390625,1.1691624,0.45929772
1827,907269,1.858035,0.73828125,2.6902218,0.61048675
1624,907291,3.598028,3.015625,2.4404922,0.68902916
1928,909249,2.07712,3.890625,1.161626,0.5025924
1237,910911,5.757384,5.3125,0.6072314,0.39212665
1578,688025,4.329967,5.125,0.8011065,0.45519397
2158,687455,4.164008,4.6875,1.3116999,0.5733564
1936,906848,2.021066,3.4375,1.8543434,0.62740695
1025,924248,5.591636,5.25,0.93247795,0.48794782
1816,909720,4.563516,4.0625,1.052644,0.48431796
1598,907175,3.838555,3.8125,1.0929722,0.48389998
1096,909726,1.532273,2.4375,2.4735763,0.6523534
1931,924239,3.361149,5.5625,0.6876588,0.3917378
1810,906848,0.531068,1.359375,4.6627774,0.82863605
1003,906827,-2.625288,-0.26757812,4.942841,0.7869607
1012,753612,0.597747,1.1171875,0.9401706,0.4216144
1845,907794,1.334788,1.890625,4.03133,0.7616774
1199,910952,2.478612,4.46875,1.3671426,0.5592753
2055,906827,0.168801,3.203125,2.7278056,0.67638063
2106,998189,2.797731,3.546875,1.8056083,0.61391836
1051,1330983,-0.451711,1.609375,3.250363,0.731586
1043,905986,5.495149,5.53125,0.65643305,0.4260611
1549,924248,4.776236,4.21875,1.2327629,0.5402322
1620,906827,5.527352,6.4375,0.63340336,0.45511374
1510,949090,5.291299,4.4375,1.0015297,0.4888726
1549,724859,4.953649,4.46875,1.117287,0.54397476
1917,906843,2.577416,2.265625,2.119292,0.635772
1059,909975,0.975903,0.44335938,2.5832777,0.6295897
1786,908461,3.917983,3.140625,1.66947,0.56485605
2047,905968,0.461329,2.53125,1.6922033,0.56697494
1621,909749,4.664242,4.75,0.93239135,0.50192404
1631,1298136,2.908196,3.828125,1.7392279,0.58845824
1259,907269,-0.827059,2.375,3.1709008,0.75013226
1931,1298157,5.391731,5.75,0.6152588,0.4034168
1806,1298350,3.540066,5.0,2.2281373,0.61761904
2106,907795,1.289766,3.453125,1.9821585,0.6236154
1594,910399,1.377397,2.984375,1.6054771,0.5734706
2170,909757,2.0181,3.96875,1.8943611,0.6134716
2111,910952,2.784849,4.375,1.6590538,0.6015065
1614,906746,5.506922,4.3125,1.1197782,0.5191905
1917,908127,1.902602,2.328125,2.0990882,0.6326931
1050,1240153,3.986859,2.46875,1.8198557,0.60382533
1200,1330947,1.994,2.875,1.2152643,0.47500536
1049,909755,5.645243,4.3125,1.3551143,0.54322404
1038,749710,3.066231,4.125,1.2344636,0.53821754
1936,905968,2.124094,2.90625,1.5104023,0.5728066
1910,1303900,-2.834415,2.890625,2.6379032,0.6864461
1093,906868,4.239376,4.34375,0.98551995,0.4860375
1080,905986,-3.386434,-2.921875,4.447211,0.7161593
1016,907063,-1.392064,-1.0625,2.9249964,0.5812764
1932,909709,4.009763,3.421875,2.115681,0.662441
1778,907299,1.977059,3.375,1.8502749,0.61391836
1626,908121,2.131132,2.359375,2.6009452,0.6828855
1626,906843,0.981975,2.53125,2.6257513,0.6924864
1853,1659818,1.990933,4.375,1.2604856,0.53027284
1816,687780,4.027101,4.34375,1.4020075,0.5507694
1578,687596,5.605614,4.8125,0.78631055,0.4490892
1926,1240186,2.075749,1.3515625,2.3773153,0.67429805
1007,753622,-5.900041,-4.1875,4.3257775,0.7443715
1811,687997,-0.801752,-3.953125,3.6745017,0.6445439
1054,1240172,4.956269,4.09375,1.6968863,0.59718364
1817,909975,-4.551396,-4.5625,2.148093,0.47956988
2107,753622,4.26213,4.9375,0.6564463,0.4364725
1852,946359,6.9799,4.96875,0.74264854,0.43462682
1014,1298365,3.278399,1.8671875,2.3908465,0.622156
1047,909755,6.164361,5.0625,1.2333988,0.5660277
1463,1240198,3.319548,4.1875,1.3897033,0.58166313
1033,909726,5.544348,5.15625,0.63095176,0.41686928
1375,753608,6.865927,7.0625,0.69701505,0.4732301
1814,908150,6.615738,6.4375,0.78776425,0.45925888
1924,687455,5.548982,3.4375,1.8828694,0.5952277
1626,1298358,2.407974,2.84375,2.9115114,0.72823095
1013,924239,1.471081,3.234375,1.4469696,0.55151266
1052,924248,1.642134,3.890625,1.4030106,0.5624242
1011,1240198,-0.621122,2.3125,2.7304997,0.67704874
1038,1240198,4.617361,3.8125,1.3225324,0.5493387
1932,687568,2.065558,2.96875,1.7638363,0.59097564
2109,753622,2.009139,2.8125,1.1142968,0.5009827
1576,1298136,1.008285,3.328125,1.4364898,0.5420497
1598,925346,3.759853,4.3125,0.76996684,0.43191203
1052,907063,2.829688,2.796875,1.2690709,0.5139138
1928,1298348,6.895157,4.9375,0.89862925,0.48250508
1080,906849,-1.459988,-3.25,4.8416905,0.7498917
1199,906813,5.625594,4.59375,1.4256828,0.60591584
1940,753608,3.39214,4.375,1.0305874,0.50957423
1529,687505,-1.974491,0.49023438,3.890315,0.7100744
1083,688013,2.568444,2.859375,1.6853397,0.5702254
1372,1240159,2.095062,0.33203125,2.475019,0.6058023
1580,906843,3.938048,5.125,0.79666847,0.45500496
1022,687997,2.434393,0.3203125,3.2262204,0.676004
1830,909907,3.599306,3.359375,1.5106273,0.53692216
2106,907169,1.545646,3.578125,1.928906,0.6276904
1494,1240153,-1.757164,-3.640625,3.0872245,0.60901266
2010,687997,4.553887,3.765625,1.4450088,0.542538
1915,909720,3.800819,3.125,1.4539375,0.5569606
1036,910780,5.099592,3.703125,1.1798474,0.5001586
2171,909749,3.817687,1.921875,2.4494417,0.64310783
1068,687819,0.79164,0.48828125,2.0801651,0.55354106
1582,924239,2.610924,4.5625,0.90228814,0.44844034
1047,906868,5.151906,4.625,1.2285177,0.56234246
1810,713880,-1.79409,0.28710938,3.6800702,0.72067046
1061,687455,3.821925,4.875,1.018128,0.53414106
1043,1322212,5.258109,4.875,0.74644846,0.41550082
1594,688013,4.26617,2.921875,1.7351264,0.58420455
1617,925338,3.482522,2.03125,3.231807,0.656796
2156,1240186,4.982682,3.640625,3.0937314,0.7137387
1803,724859,4.781983,5.3125,1.2995598,0.6392671
1372,1330935,2.330154,0.4609375,3.3258522,0.7190601
1375,946359,8.303374,6.4375,0.83254105,0.48287782
1239,905968,1.026626,1.9765625,2.3092554,0.63140154
1050,1303900,3.414321,3.0,1.8289806,0.6128023
2171,688087,-0.822322,2.046875,2.7157986,0.67927897
2045,907278,4.963477,4.53125,0.9622794,0.4832088
1924,1298157,3.627373,3.171875,1.692232,0.56148
1911,909709,-3.558403,-2.703125,4.893844,0.74210936
2173,949090,3.608005,4.03125,1.252863,0.52572536
1553,1330983,3.611572,3.34375,2.1223352,0.6427344
2171,910920,1.630938,0.73046875,2.8111796,0.6458709
1008,907322,-2.601704,-1.0703125,4.9701066,0.83939356
1578,687794,4.717305,5.71875,0.8226381,0.4895327
1010,910920,3.641,2.328125,1.4527668,0.5241021
1557,907318,4.282802,4.65625,0.802433,0.43531477
1620,1240223,7.232067,5.625,0.5026176,0.39315814
1908,909731,4.16417,2.8125,1.8559281,0.5923828
1806,907271,5.856036,5.5,1.9540608,0.6089152
1580,1240192,5.22509,5.15625,0.70345414,0.4490892
2037,1240159,4.575829,3.859375,1.2613583,0.5471392
1510,907278,4.747273,4.0625,1.084755,0.4965364
1016,1298168,1.579465,-0.63671875,2.7906837,0.571454
1026,909257,-1.615678,-0.3984375,2.1528494,0.50715464
1023,724870,3.975841,3.1875,0.9700044,0.4579105
1194,906849,1.974176,3.140625,2.2201953,0.66604215
2159,753575,4.699994,5.09375,1.3895757,0.62795854
1855,907795,4.124252,4.5625,1.5133208,0.559722
1131,909975,7.23298,4.84375,1.823068,0.6290564
2037,906835,4.917312,4.1875,1.2675772,0.5456389
1776,909249,2.046284,3.703125,1.0293267,0.45923653
1928,906842,3.335542,3.46875,1.063961,0.47590643
1084,687802,-1.106248,-1.1328125,3.1161022,0.56115896
1091,1290797,1.425193,2.578125,1.6722555,0.58273166
1050,753612,5.679401,2.078125,1.7549117,0.5996156
1179,905968,-0.980901,0.47460938,1.7723902,0.5549532
1029,687780,4.088638,5.9375,0.6186684,0.43240625
1049,924248,3.568491,3.96875,1.4187973,0.54624015
1008,749716,2.890232,-0.42382812,4.4976783,0.7788746
1810,906827,0.268749,2.265625,4.3882337,0.8291105
1854,907299,5.296167,5.0,0.8053618,0.4707247
1200,907299,3.314949,3.921875,1.2386909,0.5119035
1022,907299,0.4334,0.39453125,3.0019648,0.6490346
1549,688087,5.194713,4.21875,1.1564996,0.5280201
1079,687780,0.914144,1.9453125,3.4696963,0.7561489
1583,909749,2.612534,3.28125,0.7148287,0.398925
2498,687780,8.157951,9.1875,1.0380683,0.5823033
1022,905986,0.705196,0.45898438,2.8082569,0.6320775
2011,1240223,7.064664,4.84375,0.9943879,0.50841796
1014,907791,5.033209,2.140625,2.8891413,0.6721078
1614,687997,5.195422,3.984375,1.2282612,0.5101814
1926,1240127,0.867669,0.87109375,2.2107646,0.6447857
1016,1298358,0.66106,0.8125,3.7502053,0.65359753
1932,910399,2.398174,2.8125,1.7091688,0.56987077
1838,724870,1.883449,3.265625,1.1360759,0.45311868
1782,687455,5.123181,5.78125,0.71318746,0.44383663
1170,749716,2.024164,2.828125,1.8259364,0.58562654
2177,688013,1.337738,2.140625,1.460875,0.5016075
1580,908121,5.304243,5.03125,0.7762688,0.4643132
1131,1240198,3.28347,5.09375,1.841858,0.63242215
1529,713880,-1.283271,0.5078125,4.5348864,0.76120716
1629,925340,4.726631,4.8125,0.8635551,0.47821957
1529,906843,3.22625,0.89453125,4.6162424,0.79940665
1843,724831,0.383307,-0.8359375,3.0894318,0.6523855
2158,907794,5.042026,4.875,1.1967344,0.56204605
1582,909720,3.906244,4.9375,0.72935545,0.43569413
1237,924239,3.321875,5.1875,0.68827593,0.3880784
1032,1330935,0.539569,1.8359375,2.0960596,0.6199826
1259,946354,2.184277,2.953125,2.31415,0.67810225
1043,1240223,6.601285,5.53125,0.64403915,0.43615824
1838,909975,4.932254,4.0625,1.3776758,0.5044908
1024,1503365,2.404915,-0.20117188,2.5614789,0.58127135
1079,688087,4.321956,1.6328125,3.3197348,0.74114335
1010,909745,4.415947,3.296875,1.318417,0.5338967
2010,907291,4.158429,3.828125,1.4286923,0.5500498
1004,1503367,-4.114964,-0.66796875,6.6422234,0.9772514
1086,753622,-3.893284,-2.0625,3.9299688,0.7173122
2156,908121,4.061805,2.921875,3.1458483,0.70232254
1053,688087,3.000238,3.328125,1.6728562,0.59164613
2173,906835,7.159095,4.40625,1.1643682,0.5248384
2172,687997,3.968975,2.0,3.7227068,0.77404225
1831,905950,4.110866,4.625,0.8946676,0.4705807
2498,687819,8.355546,8.9375,0.93206275,0.5201569
1931,910920,6.003167,4.6875,0.7110712,0.37304968
1939,925340,4.820704,2.828125,1.944128,0.608726
2173,1240184,5.277811,3.984375,1.2090447,0.52444714
1835,1240144,6.97047,4.3125,1.2118195,0.48089015
2043,907274,5.112873,5.46875,0.8906141,0.47208273
2010,1674021,2.784081,3.96875,1.4406964,0.55747074
1594,1298157,1.860563,3.234375,1.6366888,0.590454
2039,1331048,2.188117,2.046875,1.0987264,0.46815178
2172,688013,2.71033,1.7734375,3.6298826,0.7489799
1911,906836,-7.022184,-4.21875,3.411648,0.6185142
1237,924248,4.840541,5.34375,0.70155734,0.41481322
1053,924248,1.618329,3.28125,1.7586787,0.60090274
1598,687802,5.101917,5.15625,1.0018524,0.53104615
1021,1240153,3.761803,3.203125,1.5166237,0.5471392
2173,1290797,3.890627,4.125,1.2208722,0.5336547
1054,909785,0.054337,2.046875,1.9741609,0.5784771
1030,687794,5.189223,5.8125,0.62153614,0.44939396
1786,909975,3.906328,2.921875,1.8080928,0.5771146
1941,1290797,-3.727959,-3.703125,2.6700346,0.58187914
1239,906843,3.123545,2.3125,2.6270084,0.67458624
1042,1240223,6.119785,5.1875,0.78767484,0.47537822
1011,909975,4.061684,2.0,2.7592146,0.67827916
1042,1298348,5.532636,5.1875,0.7779474,0.45470127
1594,907795,4.79963,3.171875,1.8820682,0.6214346
1624,1240144,2.574868,3.390625,2.1316097,0.6516971
1061,910933,2.299928,5.0,0.9953428,0.52759564
1996,905986,4.845848,4.1875,1.311813,0.5462741
1062,910851,2.565898,3.671875,1.7477647,0.6090444
1259,724831,4.094324,3.03125,2.012281,0.64539224
1008,1240153,2.02812,0.4453125,4.5384507,0.8012775
2438,687997,7.619354,9.8125,2.329308,0.8878161
2172,1674021,3.021025,2.109375,3.4663665,0.7494398
2439,1298350,9.296339,9.75,0.8027649,0.46084887
2159,1330947,1.05799,2.921875,1.4508594,0.54473466
1019,907271,3.816538,3.46875,1.71158,0.59350216
1050,1240223,6.153606,2.71875,1.5971036,0.5877679
1626,906813,3.377118,3.046875,2.5315685,0.7180502
1373,907066,4.213614,4.3125,1.2393553,0.5543598
1594,908121,0.646393,3.078125,1.7930611,0.61566716
1621,909249,3.786086,3.859375,1.2553203,0.52142084
1133,908127,2.780082,4.21875,1.0612901,0.5288251
1049,1298157,4.247282,3.953125,1.2777237,0.52535725
1068,1298365,0.801545,0.03125,1.7451559,0.5210705
2111,909257,2.575393,4.03125,1.3674054,0.55373466
1449,1330935,4.839838,5.15625,0.79884005,0.43785113
1449,905968,4.203827,5.5,0.67282265,0.44116062
1060,908121,3.201283,1.265625,2.4863927,0.6301054
1819,906827,-0.542412,-1.1640625,7.307033,0.98814666
1827,687997,-0.17061,1.171875,2.5031393,0.6022842
1997,907274,5.563275,4.21875,1.7294319,0.6146919
1050,910780,2.166651,1.6796875,1.5852947,0.55791134
2057,1298348,5.062975,5.15625,0.68312603,0.427305
1022,910899,0.536105,0.044921875,3.4009929,0.6758698
1843,906836,-4.836606,-1.1328125,4.396455,0.7565335
1237,753608,5.55612,5.6875,0.62494355,0.41028756
1580,910920,3.863349,4.25,0.806792,0.41785055
1507,998189,5.347988,5.1875,0.5927335,0.39762083
1855,1240184,4.685349,4.5625,1.3232821,0.53315735
1052,713880,3.075425,3.765625,1.3546165,0.5598112
1911,907269,-7.718308,-4.375,3.494483,0.6292991
1022,688025,0.920633,0.3515625,3.2848566,0.6726468
1129,906813,5.576145,4.4375,1.3493742,0.5958914
1706,1240223,1.609654,2.21875,2.9220648,0.72141963
1008,1299062,4.091789,0.1796875,3.5538366,0.70624405
2156,907278,1.633766,2.609375,3.5180788,0.7259107
1038,687568,5.243225,3.609375,1.2001939,0.5327334
1632,1298537,4.059983,3.9375,1.2100466,0.51558375
1057,907322,-2.788199,-2.640625,2.0199687,0.5119035
1191,1298136,-5.073825,-4.125,1.2280983,0.4155203
1553,724870,3.488812,2.796875,1.6128358,0.5648062
1086,924248,-0.870063,-1.359375,4.443031,0.7368116
1067,910899,4.947412,5.375,0.5404725,0.37325698
1917,1240182,2.607813,2.15625,2.1456616,0.6257979
1016,905986,1.6057,0.46289062,3.0469322,0.60106426
1249,907278,2.807944,3.4375,1.3307643,0.5307693
2173,910851,4.475878,3.921875,1.2846652,0.5418237
2096,907269,1.752829,2.734375,1.9384456,0.6127969
2439,905972,9.549589,9.6875,0.74910986,0.46619216
1511,909785,-3.196323,-2.546875,3.435407,0.64454854
1941,753540,-5.601718,-3.484375,2.7355351,0.5821829
1449,910903,5.190596,5.6875,0.63362014,0.4165124
1016,1240172,2.093492,0.8515625,3.2785842,0.6194539
1024,910903,-0.687531,-0.0078125,2.783568,0.59707814
2043,1674021,5.401861,5.3125,0.754321,0.45350304
1494,925340,-0.386585,-3.265625,3.0499883,0.61062765
1819,910911,-1.2049,-3.515625,4.5566373,0.7380276
1618,910781,1.980988,3.984375,1.0468653,0.49292547
1925,909907,6.098536,5.59375,0.8706805,0.49092564
1248,924189,-5.848926,-3.3125,5.369652,0.8407583
1910,687505,3.21818,2.234375,2.3088515,0.6399923
1529,907322,0.620114,-1.2265625,4.864139,0.77443045
1043,925346,5.660165,5.1875,0.57278633,0.3918463
2038,907271,4.498357,4.9375,0.95872426,0.48766443
1129,909724,5.229708,3.859375,1.3117367,0.5462424
1932,907794,0.389262,3.5625,1.6961602,0.61190903
1179,909745,1.342051,0.8515625,1.7184958,0.5511675
1017,906827,3.987315,5.4375,1.3159823,0.57670134
1810,909785,-3.162574,-1.6171875,3.5743399,0.7103186
1036,907169,2.835941,4.6875,1.2233638,0.5458066
1085,908150,3.184437,3.0625,1.3007036,0.52940226
1086,905972,2.815342,-1.3671875,3.7917242,0.68742
1578,905972,6.679168,5.25,0.6862459,0.44315118
2109,687568,2.95917,3.078125,1.2955952,0.52465487
1873,908150,1.642019,1.703125,1.5782976,0.57795644
1996,909257,4.856267,4.09375,1.1593785,0.52258927
1862,1298141,-0.589846,-0.94140625,0.41081047,0.30058342
1916,908465,3.931139,2.859375,1.7850914,0.60694253
1375,910567,3.799521,6.03125,0.8723193,0.4855652
1922,907271,2.0315,3.1875,1.4560115,0.56056774
1014,1290797,0.348999,2.421875,2.6664028,0.6757238
1924,749710,2.996109,3.796875,1.6928405,0.57276326
1190,907175,-3.127761,-2.796875,6.35005,0.865706
1939,753620,2.320861,2.109375,2.138778,0.60106957
1930,687780,0.20145,0.8828125,1.2887704,0.48387733
1248,907066,-3.383561,-3.875,4.762926,0.79463816
1494,753540,1.471194,-2.671875,3.2792585,0.646895
1811,909975,-0.703073,-3.484375,3.8783104,0.65099704
1778,687505,0.52867,3.1875,1.6196754,0.5785422
1843,907794,0.740475,0.10498047,3.6362038,0.70184237
1026,749710,1.031168,0.4921875,2.7393599,0.57399
1928,910781,3.809061,4.6875,0.81076306,0.4559677
1017,909750,3.80333,4.40625,1.1152638,0.50270456
2040,687505,1.819886,1.0859375,1.9537603,0.5916827
1016,905964,1.272266,-1.0859375,3.063567,0.5913148
1009,687596,3.91744,4.53125,0.7136114,0.38912812
1046,687590,2.767266,2.546875,2.3138912,0.64729863
1549,1298157,2.342267,4.21875,1.1147945,0.52221906
1029,724859,5.860943,5.875,0.5535526,0.42241338
1581,1674021,2.256024,2.78125,1.7374555,0.5821367
2043,907269,3.849536,4.78125,0.95413107,0.46453878
1618,907274,2.566972,4.25,1.4862179,0.5664721
1059,687802,0.746955,0.9453125,2.5845382,0.6521153
1133,907175,1.438427,3.0625,1.1650041,0.50923425
1720,1240153,4.115772,3.84375,2.0950868,0.6623156
2048,910933,-2.314156,-2.1875,4.136234,0.69008195
1084,1298537,-3.073273,-1.71875,3.0079381,0.55276954
1835,1240127,3.712783,3.953125,1.2667305,0.48524708
1057,909731,-2.701433,-1.296875,2.2133317,0.55119896
1039,906813,4.214058,5.625,1.1209166,0.5264382
1925,909755,4.307067,5.46875,0.70128226,0.43143833
1085,910781,1.90183,2.953125,1.0894814,0.48483112
1084,906813,-0.303058,-1.3828125,2.79599,0.5138197
1375,1240172,6.789914,7.0,0.7172861,0.47270906
1806,1240186,6.363332,5.15625,2.1846907,0.622535
1372,687505,0.006414,0.041015625,2.3687935,0.59248567
1012,910911,2.551261,1.1875,0.89426714,0.41356772
1776,924239,3.208944,4.25,1.0466917,0.47543943
1918,1503365,3.609599,3.671875,1.2141417,0.53480154
2043,907794,4.96939,5.71875,0.766726,0.4839001
1620,906868,4.442149,5.40625,0.5058265,0.3774516
2046,1240160,5.409878,3.953125,2.2958407,0.7154191
1011,687568,3.228088,1.8515625,2.5071182,0.6466516
1069,909755,3.842201,4.25,1.1152127,0.5224149
1931,906849,5.094523,5.59375,0.7508229,0.42225778
1809,687568,0.973644,-0.14453125,3.3498843,0.6465784
1047,905968,2.725706,4.5625,1.2561597,0.5735217
1029,924239,4.407492,5.25,0.6096314,0.38968825
1854,1240144,4.662019,5.0625,0.7474589,0.45284265
1043,687780,5.585743,5.8125,0.7791221,0.4708188
1036,946354,2.656647,4.5,1.1162093,0.52153987
1014,906842,3.041632,1.125,2.6067939,0.63532096
1917,910933,1.191462,2.546875,2.1648512,0.6463835
1593,1298348,4.133625,2.984375,1.8843235,0.581604
2499,909750,9.667451,9.8125,1.3372527,0.7051875
1614,1330947,0.455668,3.078125,1.2414002,0.49763954
1782,1240184,6.633594,5.5625,0.6782109,0.42749044
1854,1298348,6.737759,5.09375,0.74384844,0.45181027
1813,688121,6.639961,5.65625,1.8959954,0.61997956
1175,925346,4.742392,3.96875,0.95979947,0.4745731
1617,1299062,1.240241,1.359375,2.995519,0.622842
1598,906836,3.359953,4.21875,1.1278025,0.5135984
1918,907299,0.966143,3.640625,1.292384,0.5450792
1237,1330947,3.420512,4.1875,0.66721386,0.36948976
1614,1240192,5.728841,4.125,1.1065586,0.51306117
2439,909785,8.890263,9.375,1.0068884,0.5056092
1011,906836,2.209265,1.4765625,3.0668702,0.71048737
1776,753612,4.585902,4.03125,1.018816,0.4735938
1910,687596,3.565182,1.7734375,2.7003038,0.6666697
2048,905968,-3.638332,-3.109375,3.490221,0.6502903
2173,1659818,2.584178,3.78125,1.3156928,0.5409689
1084,909249,-4.990886,-2.90625,2.5845323,0.49178135
1926,909907,2.119091,1.5546875,2.6862187,0.72783273
1578,910903,4.850844,5.3125,0.70957553,0.44046238
1598,1298157,4.981329,4.59375,0.9155855,0.47910833
1849,1322212,0.365315,-1.078125,1.8435996,0.50408095
2110,906746,2.980081,5.03125,0.7795859,0.46213293
1580,946359,5.952105,4.9375,0.82175034,0.46095994
1910,906836,2.926875,1.90625,3.1221411,0.72329175
1617,906843,-0.0926,2.03125,3.3745303,0.6806663
1804,1290797,3.672188,5.09375,1.2634145,0.6103889
1560,908150,4.352225,3.921875,1.4016124,0.54784244
2498,753612,8.333271,8.75,1.0165875,0.55863637
1621,906696,3.287803,5.46875,1.1168671,0.5695708
1911,753554,-5.972388,-3.6875,3.365017,0.61419517
1529,909755,2.403593,1.4921875,4.186188,0.75386393
1180,925340,-3.426211,-2.546875,2.1089158,0.5184206
1086,1240223,1.03049,-1.2734375,3.740771,0.68744236
1559,1298365,-1.100843,-2.359375,2.528411,0.5931311
1239,687794,0.853938,2.921875,2.6572177,0.6945559
2096,1659818,2.371604,2.890625,1.7800163,0.61118805
1622,688121,5.969263,4.5625,0.8964395,0.45833814
1131,1240172,5.594539,5.0625,1.616494,0.6038916
1007,1298136,-3.882476,-2.890625,5.899921,0.86382633
1853,909726,5.847089,4.5625,1.1202784,0.50886476
2177,1290797,1.07057,2.3125,1.5455319,0.52807504
1598,907269,4.089835,4.03125,1.1435072,0.49728835
1613,687780,2.935963,3.65625,2.2213922,0.68564165
2109,1240145,2.446666,2.78125,0.98256695,0.46265003
1854,1240145,3.823641,4.8125,0.65198183,0.4253289
1936,910911,2.65229,2.984375,1.4689866,0.55710006
1849,906843,-0.296836,-0.23242188,1.965713,0.53992265
1576,910780,2.279029,2.421875,1.1631428,0.4734133
2359,909749,6.199429,5.59375,0.6079547,0.41120058
1553,909975,3.285944,3.515625,1.946476,0.62128425
1776,907318,3.563547,4.0,0.79984313,0.43614978
1011,1298136,2.322615,2.125,2.8351736,0.6999674
1259,1674021,3.0124,3.125,2.5587373,0.70602304
1549,1298538,-0.26563,4.40625,1.1196333,0.5191234
1131,1330983,5.65433,4.375,2.0611715,0.6547338
1557,909724,4.583237,5.03125,0.95553845,0.47003937
2359,1240159,6.644459,5.625,0.6175528,0.4153206
1593,907169,0.712668,2.796875,2.103827,0.6164725
1441,905964,0.776306,1.0,1.9483683,0.5872641
1578,907274,4.230628,5.34375,0.8636681,0.4709531
1931,687505,5.324947,5.75,0.5850596,0.3974704
1054,906843,5.003807,3.640625,1.8001195,0.6060873
1006,906843,3.509672,1.8671875,5.4073024,0.8374948
1012,909726,1.525835,1.34375,0.9538728,0.4180145
2359,908121,4.775056,5.28125,0.68429536,0.42749044
1873,1330935,1.280412,1.7578125,1.799094,0.6177386
1854,910903,3.874933,5.0625,0.7671346,0.45767546
2177,907322,1.842189,1.0390625,1.5033379,0.4892052
1830,909755,2.169984,3.453125,1.2796699,0.49020377
1931,713880,5.033304,5.6875,0.6781053,0.4236234
1020,949179,5.628148,5.125,0.8666953,0.49246195
1549,749716,1.045633,3.59375,1.259318,0.5151661
1020,905968,5.108114,5.28125,0.84396,0.5022209
1827,1503367,-1.126324,2.265625,2.7280498,0.6677359
1016,906848,1.276844,1.203125,3.9238818,0.7019422
1915,1330983,2.18949,2.828125,1.9133489,0.6166321
1845,713880,-0.146343,0.7109375,4.3664465,0.7561489
1845,924239,-1.498168,0.87109375,4.8010554,0.80099964
2046,907169,4.417618,3.796875,2.098855,0.6699213
1268,946354,2.975672,4.5625,0.82205695,0.4575873
1855,907269,1.837111,4.15625,1.5875447,0.5477882
1830,1503367,2.51204,4.125,1.6592809,0.6015888
1819,906696,-2.309252,-1.34375,6.919273,0.959212
1933,753575,4.497972,5.5625,1.452448,0.656371
1441,925340,0.930075,2.171875,1.9916986,0.6118247
2109,910399,0.74523,2.875,1.1888201,0.49505663
1011,907269,-0.442074,1.3125,3.147972,0.70853996
1634,908465,5.433473,4.625,0.85711277,0.46858323
1011,753540,1.982157,2.328125,2.4546976,0.65911466
1175,753575,5.623114,5.0,1.2172586,0.5926479
1019,906835,4.45199,3.46875,1.7322009,0.5918558
2439,688121,9.02648,9.75,0.9977532,0.524802
2047,1322212,3.533054,2.265625,1.7889847,0.557475
1847,1303900,4.080423,4.9375,2.41133,0.7268069
1023,1298350,2.61348,3.96875,1.1378907,0.50897497
1083,724870,3.710497,2.390625,1.5147593,0.55468947
1030,924239,4.412706,5.15625,0.60501003,0.3997296
1862,906836,-2.721762,-1.1015625,0.4185268,0.28940457
1032,924189,2.396067,1.875,2.0042877,0.6069846
1190,1240186,5.383038,-0.74609375,6.2937975,0.86880445
1553,1298358,1.582125,3.84375,2.1928647,0.6672491
1058,905968,-1.720633,1.34375,1.9915326,0.61763394
2438,998189,11.232473,9.8125,2.3597763,1.0054672
2177,909785,1.728886,0.8203125,1.3145531,0.46723157
2173,924248,4.310542,4.0625,1.331598,0.54473466
1069,1298365,5.078873,3.484375,0.9825454,0.48457047
2154,753608,3.88579,3.390625,0.6942749,0.39959237
2170,907299,4.234074,3.875,1.8576916,0.6045164
1058,907274,0.247725,1.9453125,2.460887,0.67593217
1050,909699,5.239153,2.40625,1.8169808,0.59994364
1558,1298365,2.596813,3.09375,1.2610596,0.51066965
2172,753620,3.018563,1.1796875,3.9437695,0.76120716
1776,1240127,5.010124,4.40625,0.91785145,0.4729269
1941,753554,-4.141409,-3.984375,2.4625354,0.5409689
2157,925346,4.312885,5.125,0.57428247,0.3911364
1463,924239,4.412936,3.78125,1.3427356,0.5492909
1564,909720,1.843178,3.125,1.7825906,0.5828969
1079,907271,0.0802,1.96875,2.9223106,0.700157
1997,1303900,3.170564,4.375,1.5719141,0.60519046
1776,910851,3.848176,4.34375,1.0007062,0.4897297
1845,925338,3.165284,1.1953125,4.205373,0.75229806
1922,753540,2.56045,3.09375,1.5008098,0.5720338
1802,909785,3.060058,3.03125,0.69938344,0.3873046
1816,910781,3.685349,3.84375,0.97908187,0.4621957
1060,907066,2.992913,1.390625,2.2788439,0.60914403
2107,910399,5.243541,5.03125,0.67091537,0.427771
1011,910920,0.069265,0.578125,2.7613723,0.6370618
1620,1240160,5.902474,5.75,0.6030364,0.42174602
1375,1240145,6.234133,6.625,0.6478373,0.4340358
1806,1674021,5.358601,4.78125,2.2565916,0.61142504
1917,910952,1.51426,2.484375,2.1306727,0.63617843
1003,907066,2.043758,-2.515625,3.9053702,0.68064016
2038,1240160,5.692758,4.78125,1.206284,0.532702
1816,1303900,3.319926,4.21875,1.321581,0.52444714
1939,910933,2.074443,3.265625,1.9981117,0.63165903
1613,1330983,2.537779,2.90625,2.460847,0.6884087
1557,1240223,6.659333,5.3125,0.84994256,0.47432804
2046,724870,3.063224,2.734375,2.037027,0.6287365
1815,1240184,6.684079,5.9375,0.7379505,0.47775382
1803,905968,6.524401,4.90625,1.2486331,0.60169727
1268,906696,4.122778,5.5,0.93233645,0.5057866
1811,1240223,-1.501223,-3.671875,2.9729974,0.582204
1086,1240127,3.257109,-1.6171875,3.8879588,0.69551593
1614,1240159,3.769677,4.1875,1.1124705,0.51580226
1022,687780,-1.052936,0.72265625,3.2696695,0.6798447
1910,1298141,2.495501,2.859375,2.4967453,0.6734398
1060,910851,-0.130893,0.98828125,2.2161598,0.5792701
1779,753612,1.183678,0.98828125,2.075753,0.61397624
1022,910399,-0.478547,-0.05810547,2.6614437,0.6039561
1133,907063,3.281777,2.859375,1.035634,0.48017666
2111,1330983,3.229149,3.671875,2.0507345,0.6421056
1830,1298157,3.295027,3.046875,1.1851584,0.47269505
1632,909755,4.248641,4.28125,1.2452837,0.53059775
2438,1298350,10.504158,9.875,2.1990356,0.9251109
1931,687590,6.107295,5.59375,0.607844,0.38657087
1996,908461,4.215797,4.3125,1.3577021,0.5582417
1058,687505,1.14849,1.375,1.873914,0.61275905
1007,1290797,-4.642669,-3.171875,5.07809,0.8039657
1017,688121,4.669061,4.375,1.316589,0.53046066
1449,1240160,6.085909,5.84375,0.78029495,0.46851838
1046,907271,2.211939,3.109375,2.0335152,0.6246702
1004,906827,-2.996897,-1.0078125,6.2990894,0.900764
2148,998189,2.210032,1.46875,1.2215874,0.4656082
1843,908150,0.471536,-0.4765625,3.538419,0.68296844
1615,906836,4.295016,5.15625,0.79260296,0.4656507
1061,1330947,2.594503,3.484375,1.1023512,0.5032977
1012,1240127,1.957052,1.390625,0.92304546,0.4160623
1014,1659818,2.088779,2.21875,2.8293114,0.68660337
1026,906835,0.40334,0.091796875,2.5348399,0.5524162
2171,946354,-2.266361,1.796875,2.4414318,0.6585202
1175,688013,0.319897,4.03125,1.1482873,0.5057941
1191,1330935,-5.531052,-4.71875,1.0350962,0.38093728
1046,906696,2.355495,3.765625,2.3491523,0.6915908
1931,753575,7.929913,6.6875,0.718597,0.49221745
1199,1240198,5.656137,4.3125,1.4765033,0.5656048
2107,687997,6.132995,4.875,0.71613914,0.42670423
1615,1240186,5.022178,5.625,0.65674347,0.43777856
2109,910851,1.660795,2.921875,1.3440735,0.53337294
1004,687819,1.576478,-3.328125,4.5293117,0.72522074
1626,687505,4.780876,2.234375,2.1985192,0.6352615
1620,910781,4.618032,5.4375,0.45170888,0.35552305
2177,909720,1.746669,2.46875,1.3066252,0.5081464
1191,907274,-5.491326,-4.0625,1.2455864,0.40729958
1050,907322,1.678977,1.421875,1.858169,0.58460647
2172,1240186,2.759029,2.546875,3.388785,0.7627417
1199,909745,3.704088,4.1875,1.1232289,0.50113124
1927,909726,5.655618,5.09375,0.6497364,0.41797623
1776,1330947,2.957313,3.453125,0.93562204,0.44167957
2047,1330935,2.901161,2.765625,1.8993707,0.6004442
1083,924248,1.274016,3.125,1.8498582,0.6107993
1017,713880,3.674754,4.3125,1.2469094,0.5312905
1804,909975,6.982746,5.0625,1.4506842,0.64063054
1931,1240127,6.126298,5.625,0.57577026,0.38820222
1060,906842,2.077992,0.56640625,1.9915516,0.5622788
2158,1299062,5.501891,4.375,1.1114258,0.51399606
1067,907322,4.692964,4.6875,0.5171035,0.34820628
1089,1298348,6.163258,5.09375,2.005548,0.5849328
1006,924239,2.803499,1.53125,5.789482,0.8645661
1024,924248,0.561732,-0.28515625,2.9906158,0.6123945
1019,1240144,2.069442,3.265625,1.7297394,0.5823908
1248,909785,-7.193491,-5.25,3.457008,0.7357284
1911,1299062,-2.947563,-4.03125,2.7248678,0.5579768
1016,905972,2.562422,0.14746094,2.8755698,0.571454
1799,906849,4.332204,4.0,2.1627865,0.6612288
1512,1298537,5.405418,5.625,0.48675272,0.3548156
1936,749710,2.671761,3.59375,1.5609367,0.58900887
1815,907322,5.244484,4.90625,0.8173453,0.45613652
1925,1322212,5.125292,4.625,0.78303045,0.41935474
2048,688025,-4.802791,-2.96875,4.246526,0.6877995
1047,1240192,4.977569,4.71875,1.1919458,0.564131
1010,1240144,3.992291,3.421875,1.3987926,0.5467403
2156,687590,2.252959,3.015625,3.1808205,0.6987615
1047,1240182,6.993704,4.625,1.3549886,0.5685792
1237,753620,4.06983,4.6875,0.70809096,0.39212665
2107,753620,4.990357,4.625,0.76695174,0.4369085
2173,909257,2.955337,4.0625,1.034261,0.49711385
1020,906827,5.717682,6.4375,1.0400618,0.5879395
1133,907291,3.900969,3.859375,1.0855348,0.5244505
2047,1240192,3.866841,2.734375,1.5845137,0.5576365
1617,905950,5.944798,2.25,3.326256,0.6709291
1021,1240172,3.807564,3.75,1.4916626,0.55447596
1003,1674021,-2.421554,-2.265625,3.6526918,0.65342903
2038,688025,3.308369,4.5,1.131205,0.502111
2046,909755,4.820854,4.125,1.8904246,0.6459175
1511,906842,-4.531555,-2.5,3.3625634,0.63532096
1624,909749,3.671805,3.1875,2.0919197,0.64876693
1996,1503365,7.290418,4.21875,1.3005077,0.5485054
1052,724859,2.680205,4.15625,1.2276417,0.5605013
1624,906842,1.03151,1.5390625,2.6529799,0.67825764
1830,724831,3.625632,2.921875,0.9942965,0.44932926
2111,1322212,3.167685,3.171875,1.9748116,0.5896413
1927,1240145,5.621948,5.03125,0.5661031,0.3971638
1936,909699,6.093679,2.890625,1.6645781,0.58005625
1511,1240144,-0.293891,-0.34570312,3.4961586,0.6469112
1062,910911,4.235591,3.734375,1.5783926,0.569423
1401,1240198,2.305949,2.6875,1.8822888,0.6154976
1190,909975,5.370494,-0.98828125,6.676512,0.8957649
2046,1240184,3.484968,3.640625,2.0130668,0.648769
1831,1298136,5.668926,4.53125,0.98365116,0.49521458
1845,1240198,3.123348,1.609375,4.47779,0.77543044
1928,906813,4.828162,5.28125,1.0123969,0.54921883
1622,1240184,5.280275,4.625,0.78547376,0.44402266
1093,688087,4.939066,4.40625,1.0364175,0.493051
1059,1240160,1.838805,0.70703125,2.838278,0.6575305
1463,1240127,3.877611,3.921875,1.2013375,0.5484916
2110,687794,4.060805,5.375,0.90759575,0.49618226
1825,909747,2.139744,-0.6796875,2.390251,0.57757974
1024,910920,1.017701,-1.5234375,2.7197216,0.583383
2499,946359,11.033712,9.875,1.7604498,0.83534116
1378,907299,-0.931504,2.59375,2.8475165,0.6793485
1917,909731,-0.522846,2.140625,2.2446737,0.63962734
1083,905950,2.577173,3.421875,1.6942818,0.59626704
1996,1240192,3.468272,4.0625,1.2819742,0.5448397
1996,910933,5.666998,4.5,1.4284698,0.575538
2037,906827,4.198425,4.75,1.5525597,0.6255345
1058,753554,0.975195,1.734375,1.9777313,0.6252162
1401,924239,0.299569,2.359375,1.8470997,0.60106957
1031,753540,-2.068666,-0.4765625,3.3405006,0.6589761
1918,908121,1.956018,3.5,1.3506563,0.55817455
1779,910781,-0.765663,1.484375,1.7035153,0.5624788
1814,688025,5.164362,6.25,0.92548436,0.47440907
1010,687596,3.77773,2.859375,1.4573407,0.5526835
1073,1298365,4.583606,3.640625,1.8442959,0.63638115
2171,949179,1.194377,1.4765625,2.6561723,0.6501426
1553,907274,0.909969,3.734375,2.1000276,0.6390005
1594,907291,3.059245,3.09375,1.7510293,0.6041992
2499,925338,10.247313,9.9375,1.4289942,0.7439223
1786,753620,1.397207,2.328125,1.8044642,0.5490659
1020,909757,5.963636,5.59375,0.90365785,0.5187692
1507,905950,5.435214,5.28125,0.60620403,0.39697525
1928,1674021,4.343988,4.78125,0.99708843,0.508487
1085,687596,2.654657,2.484375,1.3208789,0.51889855
1815,908150,6.429874,5.90625,0.66529477,0.4614931
1782,907274,5.241232,5.6875,0.7858494,0.43743286
1239,909750,2.10965,2.203125,2.383233,0.6341887
1085,909249,2.507692,2.234375,1.4131192,0.5200577
1916,949090,3.008104,2.875,1.8677628,0.60194063
2107,946354,4.42704,5.09375,0.66718584,0.4413687
1814,1298157,6.304008,6.4375,0.83700156,0.46710607
1085,906843,3.619441,3.046875,1.4121206,0.5409417
1512,946359,6.545886,5.4375,0.532829,0.36130077
1838,910781,3.951175,3.765625,1.0518374,0.44931796
1918,753608,3.333201,3.8125,1.2366465,0.5405498
1853,908465,6.265396,4.625,1.09873,0.5160183
1053,687997,5.10018,3.125,1.6954919,0.5793132
1129,910567,3.237031,3.296875,1.3324567,0.5314443
1854,909709,5.281938,5.375,1.0032308,0.5386692
1237,1298537,5.187257,5.34375,0.6717628,0.41327763
1560,1240127,3.031224,3.765625,1.3885881,0.54275167
1179,753608,-1.029366,1.015625,1.7990419,0.57422566
1003,905950,-3.734601,-1.625,4.046906,0.69201833
1089,1674021,3.109139,4.78125,2.2565916,0.61142504
1043,1240144,4.947312,5.53125,0.6308536,0.41469383
1855,907271,5.446267,5.0,1.2054781,0.5189079
1049,907271,4.951796,4.3125,1.2596045,0.53669965
1557,687505,5.411237,5.1875,0.8416501,0.46012983
2170,946359,6.572658,3.484375,2.1209733,0.62149674
1549,1240144,2.817291,4.34375,1.0664994,0.5073617
2037,1240127,6.060981,3.734375,1.2940096,0.5485541
1036,925340,5.577686,4.5625,1.1717296,0.5295124
1549,687590,4.166286,4.15625,1.1617985,0.52502453
1706,910933,2.873528,2.71875,3.10164,0.7431225
1249,909747,6.976619,3.5,1.3423252,0.54634273
1812,946359,4.517668,2.140625,3.053255,0.68165076
1926,687780,-0.609934,1.4453125,2.5268967,0.6909095
1019,1290797,2.013434,3.171875,1.825123,0.605573
1067,688087,5.504965,5.46875,0.4761065,0.35838363
1067,1330935,5.053846,5.0625,0.54377055,0.36385235
1802,1298365,4.434974,3.71875,0.67309976,0.39645877
1449,753608,6.785323,5.9375,0.6528865,0.44214988
2439,905964,8.861574,9.4375,0.9491219,0.47293332
1558,910851,2.799136,3.375,1.4482483,0.56039286
1831,907318,3.537986,3.953125,0.7140782,0.40993586
1250,1298365,1.423334,1.3828125,2.3313067,0.6403403
1626,724870,0.21416,1.53125,2.2787175,0.6345398
1852,1240198,5.018606,5.4375,0.7504519,0.44429258
1007,753575,-3.18567,-1.84375,6.1949086,0.90701646
1835,1240192,4.080425,4.0,1.2618376,0.4907285
1831,924100,4.431744,4.625,0.9963768,0.48510703
2040,924100,2.454539,1.765625,2.5836604,0.663455
1624,688025,-0.963523,3.171875,2.6203318,0.70998067
1849,1240144,1.246712,-0.39453125,1.7221369,0.49072868
1916,908121,2.12137,2.75,1.9652934,0.62128425
1854,1240182,5.550725,4.84375,0.85020375,0.4636111
1012,910567,0.026008,0.84375,0.90130275,0.40730476
1819,1240159,0.348725,-3.53125,4.4117317,0.7229643
1069,909724,3.684397,3.828125,1.1221867,0.5176416
1372,909699,0.633516,0.19921875,2.8669603,0.64005977
1941,1503367,-1.663168,-2.3125,3.9918022,0.70939505
1449,905986,5.850754,5.71875,0.64218116,0.42861423
1581,907318,2.534901,2.28125,1.3852835,0.52800095
1594,1240172,2.350811,3.640625,1.7354051,0.61376804
1806,925340,2.485671,4.78125,2.2188935,0.6066947
1939,688025,2.517597,2.859375,2.1446426,0.6313831
1030,910851,4.220859,5.40625,0.57465297,0.42974615
1007,687802,-0.824133,-2.296875,5.9537406,0.87170625
1239,907269,0.148553,1.59375,3.175888,0.7148232
1559,910952,-2.097857,-1.2734375,3.1329696,0.6367094
1996,1290797,2.94274,4.15625,1.3790488,0.56128967
1933,909757,6.389221,4.6875,1.4648702,0.59925413
1778,907269,0.992402,2.859375,2.2178633,0.6378772
1053,753540,3.609368,3.59375,1.5250576,0.58420455
1038,905986,4.25082,3.75,1.1636107,0.52719367
1449,908121,4.866173,5.4375,0.6920038,0.4389738
1930,906696,0.765507,1.59375,1.4794458,0.5232418
1930,1659818,0.222157,0.609375,1.2231938,0.48295653
1050,688013,1.464804,2.421875,1.7137678,0.5742001
1259,906849,2.933414,2.953125,3.144088,0.76626885
1909,908127,2.068436,2.71875,2.2014015,0.63609433
1068,724870,0.049978,-0.13867188,1.6806321,0.5138197
1026,688087,0.92772,-0.12695312,2.6201782,0.5576323
1237,908150,5.591916,5.40625,0.6267161,0.40573996
1936,905964,2.258328,2.015625,1.6127315,0.553749
1560,908465,3.510995,3.828125,1.4145781,0.55012923
1553,907066,5.091298,3.34375,1.8632975,0.6182392
2039,906842,2.445229,2.53125,1.0911807,0.47574723
2498,1240223,8.598288,8.875,0.7756587,0.49204046
1581,724870,2.090448,2.109375,1.4456526,0.5320307
1088,1298157,4.420548,2.65625,3.7487056,0.79160225
1835,907791,2.206378,3.65625,1.4447081,0.48405132
2046,1240223,4.900771,3.828125,1.8522977,0.6486645
1510,1322212,0.61394,3.796875,1.1105047,0.4829362
1997,910781,5.503837,4.0,1.2035793,0.52879417
1819,905964,-6.610737,-5.3125,3.5503912,0.6902418
1049,1240127,5.49641,3.90625,1.243175,0.5216601
1086,1331048,-3.228435,-4.375,3.604489,0.6957209
1908,753554,0.518782,2.953125,1.5948657,0.56406283
1786,1659818,1.596226,2.734375,1.7844684,0.5750966
1819,687802,2.742465,-2.296875,5.9537406,0.87170625
1085,1298358,3.799875,3.25,1.6449375,0.57890135
1804,1240153,5.686095,4.875,1.3560852,0.60502064
2156,909749,3.441378,3.265625,2.7757385,0.6678747
1029,925346,5.525439,5.375,0.45745787,0.35739163
1917,688087,1.952322,2.21875,2.1241322,0.6312463
1050,1298537,1.760531,2.734375,1.6931912,0.5871257
1088,906746,2.457482,2.984375,3.6640368,0.8049143
1175,1303900,4.10854,4.5625,1.228023,0.54648376
1029,924248,5.513799,5.53125,0.5812439,0.4011611
1922,724870,3.335837,2.28125,1.2854105,0.5178987
1025,925346,5.932176,4.96875,0.7457153,0.43810442
1250,910399,0.643055,1.59375,2.4226692,0.6446829
1917,1240127,2.344076,2.03125,1.9671216,0.6042749
2043,1240160,6.384476,5.5,0.8630227,0.4941703
1029,1659818,4.438498,5.25,0.61458904,0.40967885
1922,908465,2.246711,2.8125,1.4508075,0.5585641
2039,753554,4.014385,3.75,1.0696396,0.50235593
1560,907318,3.276568,3.328125,1.2344395,0.5049888
1019,687455,3.939544,3.359375,1.9681374,0.63123417
1061,906842,2.668373,3.375,1.0551007,0.49046066
1239,687596,1.743786,1.578125,2.591972,0.6511396
1626,907291,2.887456,2.296875,2.52647,0.6723047
1036,924100,5.498046,4.71875,1.2849542,0.5475008
2111,1298358,1.930658,4.3125,2.0140657,0.65858793
1852,909726,5.316339,5.125,0.6539167,0.41481322
1845,687568,3.566326,0.75390625,4.050073,0.7342573
1239,908121,1.059523,2.125,2.5610583,0.6664492
1558,905982,4.745567,3.75,1.4000261,0.549991
1057,907274,-2.639943,-0.84765625,2.501788,0.58688575
2011,753620,5.328077,3.96875,1.3578254,0.5227658
1915,687802,2.063701,3.453125,1.7569689,0.62447935
1862,1330983,-0.560088,-0.93359375,0.45960099,0.30288827
1018,1298538,5.831337,5.59375,0.6082108,0.41686928
2148,946359,1.509933,1.2109375,1.300472,0.46452388
1582,908461,4.747109,4.96875,0.8253481,0.46060258
1042,910567,4.617139,4.4375,0.897594,0.46487835
1494,688013,-7.077823,-3.75,3.1632137,0.6149695
1624,1330947,-0.105131,1.71875,2.7474966,0.69323194
1561,907318,0.678484,1.84375,1.8165807,0.61162966
1043,910399,4.255778,5.3125,0.66528624,0.42041457
2109,946359,5.051128,2.859375,1.408536,0.5315015
1014,749710,1.26712,3.015625,2.6243927,0.6709491
1635,1659818,4.433768,5.375,0.4249017,0.34112692
1933,906842,1.801531,3.203125,1.6442401,0.57296914
1845,907278,-1.689706,0.44726562,4.771292,0.796034
1042,687590,5.610076,4.96875,0.84123564,0.4646623
2159,749710,4.344529,4.6875,1.2560765,0.5462424
1932,1298358,3.795149,3.34375,2.124769,0.6527022
1578,753620,4.918221,4.65625,0.83306605,0.44961163
1080,909757,-3.614621,-2.828125,4.738102,0.74187285
1909,907063,2.919395,1.25,2.2839456,0.6132657
1919,946354,0.008085,1.640625,1.160471,0.49194464
1909,1240160,3.282241,2.765625,2.6262112,0.69260764
2111,1299062,4.94101,3.8125,1.5128798,0.5651833
1091,1503367,4.369334,3.546875,1.918099,0.685138
1924,906848,4.548477,3.6875,2.0397882,0.62067074
1072,909975,4.911577,5.125,1.0086536,0.5064957
1922,910780,1.911067,2.125,1.3358061,0.51428837
1239,907063,1.308525,0.86328125,2.5789819,0.6394786
1036,1298358,4.190383,4.875,1.4218038,0.5875771
1553,1659818,-1.587917,3.265625,1.939387,0.6250236
1191,724859,-3.823143,-4.15625,1.0626565,0.40503162
1560,909249,2.622738,3.046875,1.6295772,0.5433333
1037,687794,2.507735,3.140625,1.8882793,0.61150205
1583,687568,3.900322,3.078125,0.67568636,0.3800015
2158,910780,3.850996,3.578125,1.2221246,0.49995092
1033,687997,5.963218,5.0,0.6804129,0.41275126
1996,713880,3.241077,3.953125,1.5031941,0.5758293
1046,905964,0.936181,1.1015625,2.6530218,0.6635772
1021,907278,0.105582,3.078125,1.5594989,0.54343927
1806,909907,7.17993,5.34375,2.8915215,0.7327736
2173,998189,3.724079,4.15625,1.2158482,0.5328196
1259,1298537,4.213732,3.125,2.3086233,0.6733269
2173,1298348,4.205602,4.21875,1.1642753,0.51546854
1996,906696,3.759842,5.09375,1.492807,0.6045164
1259,753575,5.640712,4.15625,2.342453,0.72994417
1372,688013,2.192935,0.29296875,2.8438125,0.6453408
1011,909257,3.423872,1.96875,2.1287694,0.6094174
1931,909907,5.918259,6.21875,0.8099569,0.47706828
1014,908465,0.200906,2.28125,2.541398,0.6584035
2109,907318,2.110288,2.671875,1.0573395,0.47781885
1084,906849,-0.048906,-2.09375,2.9628122,0.51636815
2011,905964,2.628234,3.25,1.4447923,0.5264382
1043,1330947,3.984222,4.46875,0.703676,0.39778298
1005,906696,2.011827,4.625,3.0288012,0.7477715
1812,908121,3.651482,2.265625,2.9981008,0.6945559
1069,909699,5.392049,3.8125,1.1759799,0.5219855
1014,1240198,2.228938,2.703125,2.8623421,0.6828855
1812,906696,2.785125,3.984375,3.0174093,0.7353951
2158,1240153,5.132693,4.28125,1.3365068,0.5537331
1149,906827,0.054821,2.609375,2.5030491,0.669075
1997,1330983,4.426087,3.796875,1.8105253,0.63091457
1030,907274,3.332806,5.53125,0.63898677,0.42864868
1779,687802,2.552062,1.90625,2.1787436,0.6444393
1578,1298358,5.44596,5.5,0.8969332,0.4992662
1033,910903,3.593777,5.3125,0.62744725,0.417191
1917,946359,4.927264,1.8046875,2.2774568,0.6341887
1594,753554,2.907277,3.328125,1.5396218,0.5809659
1149,949090,2.098707,1.390625,2.133055,0.5805799
1617,909249,1.873293,0.64453125,3.6277735,0.6712646
1017,1330935,4.343929,3.96875,1.3266295,0.53180534
1928,909257,3.548089,4.78125,0.8177155,0.47003505
1613,1240160,5.549541,3.5,2.3801725,0.71067435
1806,909749,6.734536,5.09375,1.995819,0.6072917
1061,687997,5.469513,4.40625,1.011624,0.49634886
1936,1330947,0.6097,2.015625,1.556504,0.5450792
2171,909907,6.836522,2.46875,3.0533621,0.7378138
1626,910952,1.009395,2.859375,2.4392207,0.66998106
1931,688025,4.768643,5.65625,0.64896107,0.39569196
1941,753620,-0.230709,-4.625,2.3707843,0.52928656
2047,1240153,0.629153,2.703125,1.8153123,0.58503693
1862,925346,-0.792804,-1.421875,0.36199838,0.28641167
1632,910399,2.342168,3.6875,1.1906409,0.49834523
1053,1322212,0.936866,2.59375,1.7836205,0.5693034
1018,687819,5.386094,5.5,0.6846517,0.44099817
1996,1298537,3.318995,4.09375,1.3522774,0.5448397
1079,687568,0.988884,1.3828125,3.096177,0.70260936
1023,907278,2.597264,3.546875,1.1817085,0.50094765
1372,1240192,1.948377,0.30664062,2.4411545,0.607935
1086,910851,-3.391767,-1.828125,4.041863,0.69551593
1559,906848,0.476267,-1.109375,3.6894326,0.68740696
2039,687596,2.549776,3.203125,1.1725678,0.5112314
1050,905950,3.346316,2.984375,1.7489663,0.6034874
2359,1298358,6.446497,5.875,0.8140214,0.46372265
2359,907322,4.107036,4.5,0.75241405,0.40923205
1916,910567,5.111954,2.171875,1.947578,0.606895
2171,687780,2.358403,2.40625,2.9287121,0.71072537
1598,908461,4.872992,4.78125,0.9146396,0.48232654
1199,906746,4.474398,4.3125,1.2082723,0.53494775
1079,908465,1.878491,1.421875,3.0239167,0.70346093
1091,907271,3.717488,2.84375,1.597524,0.5763248
1007,909750,-5.413454,-3.71875,4.3496037,0.7170194
2171,906835,3.541759,2.40625,2.486853,0.6558549
2498,724859,6.992724,9.1875,0.9456064,0.59073573
1058,1330935,-0.007096,1.3984375,2.4783459,0.6997164
1088,1299062,3.511235,2.265625,3.4795868,0.75229806
1815,1298136,6.788726,6.25,0.88948643,0.5354507
1838,909785,-0.53753,2.59375,1.2720791,0.45664266
1582,924100,4.964826,4.9375,0.94299924,0.47597307
1250,1240182,3.245499,1.953125,2.7314146,0.6921992
1507,907278,3.614127,4.71875,0.63505805,0.38573143
1618,906848,3.446227,4.40625,1.5296327,0.5800995
1862,909750,-1.239709,-1.1875,0.3627381,0.2821684
1852,909724,4.162801,5.0625,0.68898344,0.42387196
1067,907791,4.285092,5.09375,0.5369506,0.35296637
1248,1322212,-3.3099,-4.25,4.3279905,0.7542958
2096,1290797,1.112909,3.203125,1.7199671,0.608308
1939,910781,4.746059,2.84375,1.5530273,0.54926574
1025,688121,6.243678,5.1875,1.007926,0.4983693
1997,907794,5.723967,4.53125,1.43989,0.6072917
1061,1240159,5.369423,4.75,0.90350956,0.5055209
1378,749710,5.26755,3.328125,2.7536626,0.6827921
1613,753575,3.351311,4.15625,1.9585599,0.68927425
1919,1503365,1.863469,1.8203125,1.2384055,0.49896008
1093,1240198,4.779891,4.65625,1.1080408,0.5033061
1557,1298157,5.603643,5.1875,0.89616334,0.46894506
1069,1298537,3.471194,3.921875,1.0712239,0.5109217
1617,724870,1.632975,0.828125,3.0542,0.63504326
2177,906813,2.252435,2.765625,1.6129293,0.553817
1191,687455,-4.252725,-4.15625,1.1287253,0.40317658
1913,1322212,5.751962,4.3125,0.9017428,0.43230578
1013,1298358,4.043112,3.765625,1.5923686,0.6038916
1067,949179,5.177221,5.3125,0.46434093,0.35433632
1194,910399,3.089102,2.953125,1.5936961,0.56926244
1019,1240160,3.893912,3.359375,2.1753397,0.6587864
1020,1240144,6.182603,5.53125,0.76943743,0.4715563
2044,907274,1.356121,4.09375,1.4248621,0.57408446
1927,1240182,5.769782,5.03125,0.70564556,0.42315376
1917,687780,0.592962,2.5,2.356389,0.671461
1558,753612,5.790009,3.09375,1.4445755,0.54784244
1511,907278,-0.341434,-1.0546875,4.123974,0.70964545
2172,925346,4.045117,1.515625,2.689321,0.6554343
1939,949090,1.574844,2.8125,1.9753705,0.60106957
1613,753554,4.224137,3.328125,1.8412654,0.6199408
1918,905986,4.844744,3.703125,1.2089782,0.5311662
1634,1240159,4.838742,4.625,0.83428544,0.46082333
1853,1240198,3.599304,4.875,1.2875284,0.5458066
1627,908465,4.286788,3.796875,1.3200645,0.55817455
1019,724859,4.611581,3.359375,1.7531759,0.6079258
2177,907318,1.655991,1.703125,1.1834743,0.476828
2040,998189,1.921821,1.4453125,2.148562,0.61794555
2157,909755,5.40529,5.53125,0.67236334,0.4221859
1559,946359,-1.782393,-2.359375,2.774345,0.5813206
1916,905972,3.622725,2.90625,1.7415184,0.5979694
2359,906868,5.858338,5.375,0.63707894,0.41507906
1088,910899,0.88679,2.1875,5.036757,0.88349694
1024,687455,1.209396,0.05419922,2.9432201,0.6263828
2045,687590,4.851068,4.875,0.89432967,0.48143473
1918,906868,1.757897,3.53125,1.2526848,0.53922844
1373,924189,5.028125,4.5,1.2635639,0.5608615
2158,907322,3.007316,3.328125,1.5091884,0.54717124
1629,906827,5.364386,5.6875,0.9677209,0.5386692
1630,724870,4.989307,3.484375,0.90451264,0.4733141
2438,906848,10.32127,9.8125,2.6864204,1.0878736
1061,909731,4.404043,4.65625,1.0444925,0.5272012
1912,687505,-0.174825,3.046875,1.6976404,0.5886685
1003,1240182,1.062111,-2.09375,4.1097445,0.7071969
1816,1674021,6.249769,3.875,1.2840549,0.51735246
1932,924248,1.409149,3.015625,1.9915477,0.6205967
1020,907278,3.627942,5.0,0.91865885,0.48820418
1563,687794,5.394207,6.59375,0.7322414,0.45337233
1620,688013,5.051832,5.25,0.5018918,0.35433632
1058,906868,-0.370047,1.4140625,2.1026587,0.62781405
1563,909907,6.154241,6.59375,0.8279465,0.48454648
2109,688087,2.589934,3.1875,1.3729848,0.53665286
1093,908150,4.207787,4.5,0.9534034,0.4849579
2359,1298365,6.335077,5.15625,0.6407184,0.3987371
1177,906827,5.222241,5.65625,1.0748394,0.5771184
1919,909720,3.233075,2.015625,1.1877017,0.49208114
1034,909785,-4.740487,-4.25,1.9668586,0.47324884
2439,949090,9.485022,9.75,0.898834,0.52132803
1249,753575,4.134978,4.46875,1.3316066,0.579089
2177,909749,1.938766,2.25,1.4860251,0.5281778
1005,909720,2.812198,3.40625,2.469329,0.6721078
1912,925340,1.428333,3.1875,1.9238155,0.617019
1941,1240184,-4.164407,-4.0,2.4489875,0.5379927
1594,687780,4.076685,3.625,1.8913308,0.6462272
1067,909747,7.991494,5.375,0.5027748,0.36879286
2046,1298141,3.071666,4.03125,1.9331254,0.65727496
1622,687780,4.196821,4.9375,0.892225,0.48652506
2048,946354,-5.176611,-3.265625,3.8551583,0.68064016
1021,910952,3.040667,3.6875,1.4719182,0.5444087
1927,907274,4.842806,5.25,0.7728959,0.44370174
1629,925338,3.123136,4.84375,0.8466024,0.47003937
1012,925338,1.742381,1.6875,1.0039363,0.42667338
1131,909755,7.174363,5.0,1.5572865,0.590587
1507,724870,5.487019,4.53125,0.5672074,0.36768094
1049,909724,3.2506,3.890625,1.3319727,0.5285709
1080,910903,-4.388196,-2.84375,4.443142,0.71142346
1558,906849,4.213232,3.4375,1.7465196,0.59674823
1913,905972,5.486315,5.0,0.73782986,0.438503
1180,909731,-3.989216,-2.421875,2.314508,0.53842944
1913,1298537,4.660472,4.96875,0.7800832,0.44097543
1024,909720,-0.138071,0.06591797,2.5471652,0.5852133
1594,1240127,1.941049,3.140625,1.6250037,0.5921017
1939,1298136,5.179716,2.90625,2.1449983,0.6374473
1180,1298537,-2.942479,-2.1875,2.5133145,0.5871257
1248,907274,-5.726279,-2.65625,6.2058053,0.9042468
1194,998189,2.304748,3.359375,1.6557912,0.6033197
1930,909249,0.538692,0.12890625,1.2006711,0.46694082
1083,906842,0.708607,1.78125,1.6578634,0.5581907
1558,909257,2.063045,3.578125,1.174437,0.51599044
1933,1240198,5.531333,4.9375,1.5911363,0.61879265
1511,1298168,-0.240488,-1.453125,3.2844496,0.64319587
1549,907791,4.593686,3.796875,1.2314781,0.5102183
1940,724859,5.375886,4.375,1.0364541,0.52045566
1017,1240145,3.909294,4.1875,0.89644545,0.45952356
1190,907322,-4.93848,-3.40625,6.1301055,0.8686564
1510,909726,5.647139,4.40625,0.9727668,0.48847508
1814,907794,6.62311,7.09375,0.85023415,0.496952
1915,1240223,4.524415,3.015625,1.5780568,0.5836655
1632,724870,3.893189,3.234375,1.1301783,0.48773864
1941,998189,-2.597196,-3.890625,2.390624,0.5447336
1576,906813,3.328252,3.671875,1.3997649,0.5611231
1177,910781,4.665441,4.625,0.7987508,0.45736796
1131,908461,5.199533,4.9375,1.5900507,0.59999484
1086,910911,-0.233222,-1.4453125,3.9700506,0.6963861
1180,688013,-3.849261,-2.734375,2.3076186,0.5323787
1088,688013,-1.746599,2.109375,4.275021,0.81925285
1199,910899,4.364878,3.796875,1.633558,0.572063
1131,905972,7.609126,4.625,1.5015408,0.58101416
1023,1240184,4.084873,3.703125,1.0818982,0.49143136
2011,907274,3.580637,4.8125,1.2641745,0.5264362
1806,910920,6.537366,2.90625,3.0390344,0.61761904
1510,909724,3.437321,4.34375,1.0214068,0.4985751
2096,906836,1.593593,2.828125,1.9133976,0.62264377
1843,687802,3.143465,0.28125,4.055287,0.74524105
1817,905968,-4.712529,-4.78125,1.6579344,0.45126048
1831,909757,4.440821,4.46875,0.89685994,0.46810213
1052,907169,2.924681,3.984375,1.3377984,0.55993825
1068,906835,1.545004,0.7734375,1.9364628,0.5467255
1873,1298537,0.007086,1.7578125,1.6214617,0.58206177
1025,1240144,6.663266,5.375,0.79948837,0.4566155
1051,1240186,3.257183,2.140625,2.8314424,0.69904613
1010,908127,3.564074,3.421875,1.4953034,0.5728066
1086,907299,-1.55799,-1.1875,4.3486342,0.7389905
1199,713880,2.316324,3.96875,1.4405535,0.5630632
1916,906813,2.492942,3.40625,1.928347,0.65887475
1089,753540,5.642149,5.34375,2.186139,0.64059186
1825,906836,-3.111634,-0.72265625,2.55809,0.5950945
1626,1298348,4.546828,2.6875,2.279538,0.6435866
1576,1298350,2.797948,3.4375,1.3579824,0.5281192
1706,924100,0.76695,2.546875,3.3681095,0.7580881
1093,907322,3.222885,3.3125,1.1950289,0.49135593
1512,925340,6.23883,5.625,0.4986368,0.3569356
2359,925338,5.716087,5.5625,0.65193474,0.4083152
1373,907169,2.004238,4.59375,1.2421848,0.55848056
1576,688013,2.637591,3.078125,1.2903188,0.4967757
2172,907791,0.616778,1.5859375,3.9996128,0.7832467
1177,906836,0.368578,4.125,1.2361706,0.55863374
1375,1503367,6.789409,8.1875,1.1564964,0.729894
1625,1674021,4.849163,4.9375,0.9280229,0.4919118
1049,749716,5.105918,3.1875,1.413091,0.5123302
1622,1240223,5.945675,4.75,0.74072254,0.44532755
2045,909749,4.978766,5.0,0.7854497,0.46680412
1129,749710,4.412801,4.4375,1.2439035,0.54094857
1010,1240186,4.016968,3.515625,1.5366968,0.5827785
1779,906836,-1.041642,1.140625,2.318275,0.63676095
1816,687505,3.326633,3.859375,1.1255993,0.49834523
1847,687505,5.578881,4.53125,2.258263,0.72080183
1191,909726,-5.355713,-4.625,0.9275133,0.36436749
2106,909720,3.879769,3.65625,1.5756588,0.5827785
1615,908461,6.394704,5.65625,0.6431354,0.43362188
1175,688121,4.300316,4.25,1.3197852,0.55099446
2055,909757,3.222509,1.828125,2.2616086,0.6018239
1043,910903,4.807804,5.5,0.65042734,0.42055556
1911,906842,-7.147435,-5.40625,2.428559,0.5602802
2171,924189,-0.441568,2.046875,2.772826,0.6875438
1050,908127,4.187525,2.859375,1.7076033,0.5979933
1559,1240192,-2.051413,-2.046875,2.3841267,0.5616375
1941,909907,-0.643951,-3.34375,3.1955647,0.60804784
1560,753575,3.687011,4.78125,1.4949827,0.59626704
1862,1240144,-1.771156,-1.015625,0.37231272,0.2883655
1931,907795,4.312196,5.75,0.73121625,0.43290442
1804,908465,5.50986,5.03125,1.2277213,0.5977419
1053,907269,0.731537,2.65625,1.9709029,0.6141635
1558,724831,5.61144,3.484375,1.1491215,0.517966
2177,905964,1.249317,1.1015625,1.4026,0.47923833
1093,687590,4.709193,4.34375,1.0288202,0.48817968
1598,1330935,2.908383,4.15625,1.0984142,0.49765533
1617,1298350,0.6022,2.09375,3.3504465,0.6707813
1190,908127,-2.598598,-0.7421875,6.351491,0.8767686
1016,909757,0.608804,0.40039062,3.2979484,0.61446655
1941,907271,-6.041252,-3.4375,2.7065997,0.5760247
1250,1298136,4.840176,2.078125,2.8369694,0.71268636
1632,906813,3.955496,4.40625,1.33629,0.576688
2107,998189,5.568147,5.1875,0.6845749,0.44545785
1912,905968,-1.561838,2.9375,1.8346258,0.608726
1908,1503365,2.63127,2.84375,1.6410795,0.56626064
1512,910851,4.691287,5.65625,0.5202738,0.3733593
1378,753608,1.352705,2.828125,2.7163897,0.6706411
1010,909755,3.771962,3.625,1.534198,0.5760247
1507,1503367,3.794724,6.375,0.752295,0.51173127
2172,687455,3.221787,2.515625,3.5178633,0.77280295
1093,1298136,4.793141,4.65625,1.1480157,0.52684397
1093,908127,4.197354,4.625,1.0014477,0.49135593
1564,1330935,3.731724,2.578125,2.4202414,0.66476804
1997,749710,1.311259,4.53125,1.4433726,0.58154243
1047,907299,1.591366,4.75,1.2851133,0.5733564
1175,753620,3.483366,3.6875,1.3006117,0.5266864
2111,910933,4.155023,4.4375,1.6937834,0.61716294
1067,753608,5.419422,5.8125,0.46312344,0.3711853
2148,713880,0.803478,1.2421875,1.2984269,0.46610078
1560,1503365,2.554282,3.96875,1.37816,0.5414011
1093,1240172,5.217253,4.75,1.0228136,0.49797827
2170,949179,2.445187,3.453125,1.9501499,0.60192156
2154,906843,3.123901,3.171875,0.72452146,0.3991659
1808,687455,-1.631055,0.76171875,4.1829376,0.76348495
1630,1659818,4.43913,3.796875,1.0929195,0.5239581
1463,1298157,2.610277,3.984375,1.235046,0.555271
1810,724870,-0.971932,-0.68359375,3.2390966,0.68398976
1024,907791,1.630854,-0.53125,3.1251433,0.63511884
1561,908150,2.290976,2.546875,2.0681233,0.65379167
1930,1240223,3.668516,0.625,1.0583327,0.44979188
1918,909745,1.120532,3.609375,1.1447388,0.51599044
1629,907318,5.076341,4.25,0.78022224,0.44848332
1259,753620,0.071051,2.296875,2.8978295,0.703231
1631,687590,3.912964,3.578125,1.6075768,0.5574383
1053,909699,3.940075,3.078125,1.7094957,0.5898679
2055,687802,3.485918,2.453125,2.3328784,0.62924045
2055,909907,5.259983,2.296875,2.6449704,0.65300864
1580,908461,5.814202,5.375,0.731048,0.455533
1089,753612,3.545866,3.828125,3.160475,0.6726195
2175,909724,4.49244,4.96875,0.8386785,0.48706236
1621,910899,2.899659,4.5,1.2753688,0.5532165
1012,909785,-0.24579,0.36914062,0.8154616,0.38396704
2171,1299062,6.47171,1.6171875,2.3981693,0.621297
2148,753575,2.062293,2.046875,1.4029734,0.51375455
1635,910567,5.596338,5.125,0.39661,0.32442072
1799,753575,2.666674,5.09375,1.6977769,0.66360307
1843,925340,-1.660568,-0.58203125,3.7016091,0.6896757
1632,1240127,4.567856,3.859375,1.1833495,0.5146149
1560,909757,2.337606,3.953125,1.5182287,0.5559599
1626,907794,2.074711,2.984375,2.2653897,0.6700679
1615,908121,4.085385,5.25,0.67109597,0.4389121
1053,905950,2.751704,3.59375,1.5942833,0.5867299
1922,1298538,1.823304,3.109375,1.5384039,0.5633478
1024,1240198,0.638359,0.23242188,3.0931058,0.6333816
1373,910567,5.259231,3.796875,1.3184036,0.5518206
1083,910399,2.084949,2.875,1.5630623,0.55832016
1549,910567,5.112182,3.609375,1.179489,0.5142491
1378,909975,5.284154,2.578125,3.0192883,0.69082355
1576,753622,2.478548,2.90625,1.1216116,0.49152252
1373,907175,3.306291,3.6875,1.4464363,0.5596917
1268,906836,2.438596,4.3125,1.0403916,0.49877557
1614,688121,5.376596,4.09375,1.3423023,0.5380881
1855,749710,4.283869,5.125,1.2797387,0.5208692
1941,749716,-5.689006,-4.5625,2.4671679,0.5419866
1927,753608,5.411301,5.40625,0.64496404,0.43623254
2359,910952,5.769995,5.9375,0.68521994,0.43245953
1096,1240172,4.251041,3.015625,2.4695017,0.6721548
1635,1240192,5.830268,5.59375,0.3685419,0.33183366
1853,909720,5.483924,4.8125,0.98500067,0.48828962
1199,905982,5.417706,4.34375,1.2663676,0.53410643
1582,905972,5.599451,4.8125,0.7812248,0.45079312
1578,687997,6.402921,4.96875,0.77002573,0.43305734
1062,907278,2.865047,3.609375,1.7656415,0.5944788
1191,1240153,-4.956877,-4.71875,0.92540395,0.3509512
1003,905972,-2.561103,-2.234375,3.4255412,0.63384455
1038,907274,1.548849,3.796875,1.4282181,0.5582417
1051,909709,2.411432,2.265625,3.176645,0.7389905
2044,907169,3.78465,4.03125,1.3087717,0.5706154
1927,906813,5.427335,5.53125,0.71466845,0.4745825
1511,907271,-0.667695,0.044189453,3.5629628,0.6684805
1061,1503365,6.54479,4.78125,0.9128549,0.5055209
1561,909709,0.360743,2.9375,2.5310688,0.7212365
1849,905982,0.929939,-0.38867188,1.7781292,0.49742213
1624,907063,1.659684,1.8203125,2.5902815,0.6770598
1825,907291,-2.019219,-0.51171875,2.381868,0.58050257
2039,909749,4.556605,3.671875,1.0851917,0.50186366
1560,687590,3.698816,3.75,1.5005507,0.55223435
1507,688025,2.594124,5.0,0.6472645,0.39668158
1024,907291,-1.326068,-0.33984375,2.8661296,0.6099763
1621,907169,5.456144,4.8125,1.0935196,0.5393006
1816,688013,3.644705,3.703125,1.1672169,0.4774891
1583,910952,2.25795,3.484375,0.73348415,0.4061889
1378,905968,1.121207,2.0625,2.7964432,0.6615477
1003,949179,-3.089499,-2.828125,3.5115447,0.6366249
1017,909724,4.889418,4.3125,1.1967056,0.51777005
1046,924189,0.966817,2.71875,2.402589,0.6721114
1614,753620,5.047645,3.546875,1.2982906,0.5152047
1576,910933,1.329014,3.625,1.3904295,0.5407378
1018,907274,4.855173,5.625,0.71814424,0.43563983
1020,909749,5.303652,5.5,0.7782306,0.48431483
1051,687794,1.835673,2.46875,2.9918077,0.7198634
2039,1330947,2.333649,2.65625,1.1573291,0.48936364
2170,1298141,4.53098,4.1875,1.789125,0.6083139
1847,907299,3.690335,4.625,2.3270109,0.71143717
1030,910399,5.361844,5.34375,0.5401255,0.40216786
2111,687455,5.642302,4.25,1.7616946,0.62615895
1133,687780,4.318286,4.375,1.190202,0.5676684
1925,910567,5.513614,4.65625,0.75838894,0.42871186
1915,1240186,2.643627,3.203125,1.7508216,0.61010957
1259,909249,2.951586,2.046875,3.0134356,0.7128811
1019,1298157,3.364165,3.109375,1.7684714,0.5896434
1625,906827,5.522191,5.875,1.0927855,0.5659712
1025,906746,5.912711,5.4375,0.8357721,0.4785665
1913,753612,5.44596,4.46875,0.88969177,0.45138603
1593,910780,0.903444,1.5390625,2.0595188,0.5735009
2172,905964,0.33675,0.33203125,4.219097,0.79715395
2037,909757,6.237356,3.875,1.4057496,0.5663839
1615,1240144,5.459833,5.5625,0.61096466,0.4148072
1563,724859,5.902127,6.375,0.65445286,0.44545785
1008,1240182,3.267601,0.78515625,4.507446,0.81171715
1803,909755,2.909823,5.3125,1.2707726,0.59681803
1067,724859,6.252595,5.8125,0.48509365,0.3919086
1013,1298537,3.489938,3.546875,1.3050427,0.5448397
1047,910933,3.790311,5.15625,1.2998508,0.5904321
1782,907278,4.806633,5.125,0.7004697,0.40732008
1375,909720,5.95901,6.84375,0.5927266,0.43314666
2107,905968,3.697464,5.03125,0.6747769,0.44356698
1054,907063,2.125474,2.34375,1.8976179,0.5801588
1624,925340,3.29873,3.171875,2.3747694,0.6830049
1582,925338,4.338503,4.8125,0.8186289,0.4475441
1598,1240145,4.107234,4.375,0.75884205,0.43451604
2044,909975,4.85534,3.921875,1.3401845,0.569579
1625,909757,5.76132,5.03125,0.94410145,0.5017252
1175,907271,3.470067,4.625,1.0793047,0.52955616
1594,910933,2.748037,3.65625,1.7344552,0.62262344
1060,687997,3.789172,1.671875,2.3980598,0.62126863
1003,1290797,-1.923539,-1.8828125,3.8039367,0.6804852
1038,753575,3.507929,4.3125,1.267102,0.58900887
2046,1299062,4.348024,3.484375,1.8330433,0.6141635
2057,753620,4.647407,4.5,0.7757913,0.4285137
1043,688087,5.73177,5.375,0.68967086,0.42483753
1003,1298157,-1.127505,-2.171875,3.6062486,0.6451209
1618,1330983,2.230468,3.8125,1.5324066,0.5782432
1061,910781,3.037855,4.59375,0.8012023,0.46232077
1046,909724,1.886688,2.453125,2.386912,0.6556135
1849,1298358,1.833671,-0.265625,2.0823476,0.53947663
1621,1240223,6.281509,4.84375,0.97366416,0.524142
1060,1298136,0.463964,1.4140625,2.4931526,0.6128749
1047,908121,5.574305,4.5625,1.2929261,0.57242715
1239,907791,1.367439,1.7421875,2.8663888,0.67809457
1008,910851,0.167161,0.21875,4.167634,0.7505226
1034,906835,0.68869,-2.15625,2.6684062,0.546415
2173,724870,3.821116,3.421875,1.0936852,0.4879502
2044,998189,4.036098,4.03125,1.2287294,0.555271
1810,1240192,2.09901,0.40234375,3.1989667,0.68081146
1038,906835,6.35634,3.96875,1.1619741,0.52780426
1237,1298365,6.678068,4.8125,0.5953496,0.37669948
1033,906835,7.703832,5.53125,0.6269252,0.42403162
2173,906849,4.94004,3.953125,1.5503087,0.579166
1026,910780,1.012966,-1.3671875,2.2834494,0.5139547
1580,909745,5.963447,5.125,0.65401703,0.4201949
1617,724859,-0.672861,2.21875,3.2491877,0.67042845
1915,925346,2.040036,2.53125,1.3154508,0.5141648
1803,1240223,7.180252,5.125,1.1970137,0.602631
1072,909745,5.523724,4.9375,0.8033706,0.45181027
1621,924189,4.585903,4.6875,1.1181294,0.536044
2011,1298365,5.446961,4.1875,1.1109295,0.49185038
1843,753608,-0.602412,-0.20703125,3.5180671,0.67904013
1048,907322,4.523313,4.0,0.8982908,0.4592847
1825,906868,-1.013001,-0.60546875,2.1979544,0.5545747
1620,1240186,5.514399,5.6875,0.5234663,0.38842976
1838,907278,3.758413,3.546875,1.3145114,0.4861897
1838,908461,3.564713,4.09375,1.3210683,0.5010034
2498,908461,8.865087,9.0,0.83519775,0.5066467
1061,909757,4.92066,4.75,0.9982322,0.51967126
1014,910911,2.95245,2.15625,2.4740114,0.629726
1852,688121,6.288973,5.15625,0.76277417,0.43564674
2498,1298168,8.200777,8.375,0.8066589,0.5000869
1043,687455,5.195956,5.65625,0.7303525,0.45393893
2111,907269,2.838605,3.21875,2.2410839,0.6445557
1776,905950,4.972316,4.6875,0.994231,0.48656082
2038,905964,2.206029,3.265625,1.1885138,0.48129198
2499,905972,9.522059,9.875,1.3544832,0.7404955
1048,687596,5.21063,4.65625,0.82876354,0.46250868
1915,753540,0.367848,3.171875,1.646716,0.59407145
1168,909699,0.770173,2.5625,1.2053266,0.49307916
2438,909747,12.618031,9.8125,2.6810262,1.0747416
1913,905982,4.561496,5.0625,0.75991803,0.4340155
1024,909745,-0.526864,-0.22851562,2.5513237,0.57896686
2039,688013,3.966426,3.453125,1.1499783,0.4950176
1831,908150,4.326276,4.5,0.84243566,0.46174625
1199,909975,4.480052,4.09375,1.4339037,0.55764496
1012,1503365,2.022869,1.4609375,0.92069286,0.42469668
2037,909257,3.869964,3.8125,1.1411923,0.52505875
2169,1240172,2.731499,3.578125,1.8178521,0.5858555
1250,687568,1.78515,1.796875,2.5160387,0.67254716
1804,909785,5.344028,3.828125,1.3765835,0.5602863
1916,907291,1.807887,2.8125,1.8734125,0.60963213
1023,905982,4.326026,4.03125,1.104684,0.49666086
2040,909757,0.051468,1.421875,2.279926,0.6290917
2177,909699,2.704195,1.9609375,1.5135974,0.5046634
1625,1330947,2.783619,3.921875,0.9666207,0.4622184
1581,1240198,3.660328,3.015625,1.7872479,0.5872641
1593,687596,3.169272,2.078125,2.1414566,0.59906095
1372,907318,1.387599,-0.104003906,2.3205335,0.6038588
1093,753612,5.947771,3.921875,1.1048716,0.4929411
1036,906827,5.036169,5.5,1.3637176,0.60222554
1025,906827,4.437984,6.1875,1.0700263,0.55992424
1853,1503365,6.371487,4.75,1.0733596,0.5093138
1583,1331048,2.394994,1.3515625,0.68876576,0.33447805
1080,749710,-2.668328,-1.9296875,5.233425,0.78152794
1089,910899,2.401564,4.3125,2.9640214,0.6726195
1926,688087,1.10869,1.140625,2.4519567,0.67965984
1916,724870,4.461502,2.203125,1.6578108,0.5720338
1018,1299062,5.831742,5.375,0.5505057,0.39505434
1928,687455,3.751874,5.0,1.0138643,0.5210538
1927,1298157,5.610882,5.15625,0.65420675,0.42732298
1012,1298141,2.018642,1.7109375,1.0606321,0.44167572
1838,909747,4.90737,3.6875,1.3607948,0.5008012
1047,1298157,6.099856,4.75,1.2394199,0.5658788
1067,1674021,5.842464,5.53125,0.4784757,0.36557576
1058,753620,1.504818,0.859375,2.344565,0.64692724
1621,753540,4.385227,4.96875,1.015902,0.5343481
2038,906746,5.30692,4.78125,0.9704801,0.4923741
1813,910952,-2.733774,6.3125,1.6130165,0.6086608
1910,1299062,5.441393,2.1875,2.3230352,0.62658554
2110,909726,2.398103,4.78125,0.8332844,0.45908743
1563,753554,5.847091,5.96875,0.60462236,0.40662453
2109,910952,1.073716,3.4375,1.3282018,0.5324356
1799,749710,3.831251,4.75,1.534852,0.579166
1073,1330935,3.766665,3.59375,2.341982,0.73329806
1831,908127,3.605465,4.5625,0.88493335,0.46907157
1852,753554,4.908181,5.21875,0.6123532,0.40663904
1017,909745,4.148482,4.375,1.0127139,0.48177454
1997,753554,0.074582,4.125,1.343987,0.5668434
1924,910952,1.66342,3.59375,1.7476065,0.57703716
1814,909720,6.323323,6.625,0.6938853,0.43348145
1786,724859,2.901713,3.15625,1.629506,0.5734706
2046,909757,4.728782,3.8125,2.0710309,0.66104025
1598,753608,4.07846,4.875,0.8946504,0.48284915
1613,1240198,1.300329,3.5,2.1311615,0.65156007
1559,907066,-1.120547,-2.1875,2.700023,0.58841443
1931,906868,5.452098,5.59375,0.568802,0.38205042
1576,1290797,2.847866,3.34375,1.3277838,0.5242521
1175,1330983,2.949907,4.03125,1.3923118,0.5638206
1038,1298168,3.955461,2.984375,0.99993294,0.4672107
1020,907795,5.495238,5.46875,0.9853552,0.53180313
1924,908121,1.729168,2.953125,1.9122994,0.58743423
1862,910911,-1.486176,-1.2578125,0.37726417,0.28415784
1014,909699,1.773716,2.1875,2.8520179,0.66071355
1051,925338,2.449843,1.8984375,2.7437255,0.6715728
1910,909249,1.210362,1.328125,2.9532554,0.67571497
1259,1290797,3.904393,3.203125,2.383401,0.69189924
1806,907794,3.680712,5.59375,2.1815019,0.6575337
1778,925340,2.097846,3.328125,1.843625,0.60874116
1919,909699,1.006485,1.5625,1.3400599,0.50313425
1378,1674021,3.691268,2.40625,2.9346974,0.67704874
2148,905972,2.937725,1.3828125,1.1542367,0.45573008
1170,906842,2.541681,2.3125,1.6106393,0.55303067
1006,1330935,1.498712,1.1171875,6.4224806,0.9358185
1917,907299,1.315559,2.171875,2.1214705,0.62749875
1853,688121,4.657266,4.59375,1.2999924,0.53180534
1580,906827,4.597149,6.0625,0.89210314,0.52680224
1706,1240192,1.555294,2.015625,2.9281058,0.71670294
1083,946359,4.848571,2.828125,1.841907,0.602293
1010,1240192,4.130935,3.25,1.3595278,0.5533444
1060,906813,-3.525075,1.7578125,2.4340835,0.62781405
2038,907322,1.857595,3.296875,1.2811501,0.4982391
1557,907795,5.521506,5.1875,1.0632979,0.49681744
1778,1240159,4.236072,3.375,1.6642809,0.5915353
1621,905964,3.733378,3.578125,1.2268851,0.5122098
2177,925346,1.927242,1.6015625,1.1022067,0.4531906
1620,910911,5.399286,5.625,0.5302054,0.39110565
1581,906746,3.586886,2.953125,1.5466871,0.56638104
1862,906843,-2.063744,-0.78125,0.4456352,0.30409223
1032,910903,1.762045,1.921875,1.9448795,0.5889932
1806,908150,6.615738,4.9375,2.0813353,0.6042099
1911,907794,-4.739176,-2.890625,3.7674057,0.6565953
1799,906746,5.367802,4.4375,1.5140411,0.5858511
1051,910781,-0.102903,1.8125,2.2311072,0.61844236
1059,907299,-1.403232,0.5,2.4905965,0.62024784
2498,910952,8.553686,9.1875,0.9331333,0.5726104
1085,1503367,2.832199,3.984375,1.6790563,0.64644045
2045,687997,4.613588,4.6875,0.9062161,0.46693173
1024,753540,0.380306,0.13867188,2.759715,0.6111509
1778,906843,2.650595,3.421875,1.9009962,0.62161475
1799,906827,4.27477,5.21875,1.8266991,0.6756292
1849,687997,-0.477609,-0.3125,2.0587447,0.54295033
1915,908121,1.924734,2.84375,1.7775925,0.6014387
1072,1330935,4.301351,4.53125,1.0979185,0.5051486
1594,909757,4.993914,3.3125,1.7568321,0.6091936
1085,688025,1.290205,3.015625,1.4988784,0.55161893
1058,907794,1.74039,2.125,1.9547483,0.6423024
1051,907291,1.246096,1.65625,2.800074,0.67950815
1862,1330935,-1.804664,-0.7578125,0.4828112,0.3137696
1033,909907,6.681825,5.5625,0.81712735,0.4937851
1913,1330947,3.261793,3.859375,0.8690605,0.42203268
1005,946359,7.017158,2.6875,3.2353983,0.7402702
2044,909750,2.986225,3.953125,1.2033619,0.541026
1058,909907,2.639197,2.078125,2.4194138,0.7056398
1634,1330947,2.409556,3.5625,0.92219275,0.4398411
1799,910851,3.146243,4.09375,1.8102667,0.62772244
1626,907791,0.686385,1.953125,2.8584144,0.68776745
1080,924100,-2.514524,-2.234375,5.725758,0.8424145
1815,908465,6.584581,5.90625,0.681153,0.46804437
1016,949179,1.501199,-0.34570312,3.0578287,0.57774454
2158,1298141,5.256749,4.71875,1.220695,0.5488188
1786,910952,3.443894,3.25,1.7390143,0.5742001
1191,909724,-4.798861,-4.65625,0.93772733,0.35562474
2040,910899,1.517987,1.1484375,2.6639597,0.65769684
1372,1674021,-0.746566,0.26367188,2.7292027,0.62703663
1510,908465,3.015586,4.5,0.9466813,0.49665794
1806,910933,4.471885,5.40625,2.2225382,0.63922185
1016,998189,1.344078,0.3203125,3.043627,0.59172034
1003,1298538,-0.996337,-1.5625,3.9255054,0.6885724
1259,1240198,4.787889,3.40625,2.6337652,0.7136204
1809,909249,-0.345615,-1.25,3.8233752,0.68396264
1401,909747,6.588104,2.234375,1.8532181,0.6119087
1079,907318,-0.244153,0.8203125,2.741398,0.66812634
1020,907274,4.994548,5.625,1.0149322,0.52294815
1083,687568,4.221885,3.078125,1.6425977,0.5867299
1068,753620,1.219317,-0.107910156,2.022156,0.5405303
1816,1240160,3.302326,4.125,1.4828826,0.55675805
1933,924239,4.412936,4.34375,1.6033161,0.59005415
1853,1290797,4.102243,4.6875,1.1285957,0.5219366
1615,906843,5.669896,5.4375,0.7080016,0.43780443
1012,906843,2.638923,1.734375,1.0702697,0.44005919
2154,907291,2.476408,3.03125,0.70408463,0.39091256
1051,1240223,2.941592,1.8359375,2.4839506,0.6521683
2156,1298157,3.687535,3.21875,2.9978614,0.6887612
1620,905972,6.50793,5.5625,0.49475148,0.38165918
1373,1240223,5.99379,4.625,1.1080846,0.54648376
1779,688121,1.770868,1.4453125,2.3186316,0.62823486
1511,1240172,0.459475,0.026367188,3.8073177,0.68109006
1720,924239,-1.617263,3.75,2.1825352,0.6547445
1088,753620,0.646287,1.5078125,4.840151,0.8545436
2438,906868,10.849913,9.6875,2.341576,0.97014713
1626,1240127,4.386976,2.375,2.3669481,0.6560962
2170,910899,3.126864,3.515625,2.3146863,0.6445557
1908,687455,2.470356,2.984375,1.8704947,0.60282105
1067,949090,5.901389,5.5,0.49520108,0.3663119
1034,949179,-1.869949,-3.234375,2.2350101,0.4989745
1084,909724,-1.59969,-2.125,2.6179204,0.48776516
2046,687505,3.58679,3.625,1.8581663,0.6256312
1810,906835,1.522998,1.125,3.4400768,0.709816
2170,906848,5.033734,4.1875,2.0916874,0.6394917
1083,909745,2.1156,3.15625,1.499632,0.5574383
1067,749716,4.162201,5.09375,0.5216738,0.35733095
2109,687590,3.338924,3.078125,1.3617833,0.52693564
1088,946359,6.495182,2.09375,4.599717,0.85110813
2159,1298537,3.981306,4.1875,1.2575798,0.5455002
1062,687596,5.458941,3.421875,1.7107071,0.58739
1494,909726,-1.421156,-3.453125,2.8565874,0.5939548
1200,908465,4.209075,3.890625,1.19629,0.5123302
1910,905982,4.336118,2.734375,2.4800956,0.65700877
1580,905972,5.833825,5.21875,0.68887955,0.44372144
1073,1240160,6.556511,4.53125,2.040604,0.7325228
2439,1330935,7.686794,9.5625,0.9466782,0.4561898
1133,1240182,5.468004,3.9375,1.1091954,0.5182627
1940,1298168,4.725745,3.421875,0.9151308,0.44785044
2011,907278,3.738531,4.21875,1.2370799,0.516466
1012,1330935,-0.254566,1.609375,1.1925987,0.4455323
1050,1331048,-0.469422,0.7890625,1.627836,0.5507694
1073,753608,4.138602,4.625,1.6713451,0.65990126
1843,1659818,-2.628164,-0.98046875,4.1644125,0.7499425
1014,907274,4.006238,2.71875,3.0578923,0.7054704
1022,905972,0.197731,0.22460938,2.7020197,0.613164
1034,906842,-4.023254,-4.25,1.9065621,0.4646623
1013,909757,4.569527,3.5625,1.3839377,0.56042945
2038,998189,5.388323,4.625,1.0316489,0.49713588
1060,905964,1.291962,0.77734375,2.186594,0.5871257
1062,908127,4.143021,4.03125,1.6839658,0.6015065
1911,1240172,-2.382966,-2.984375,3.7510679,0.6454765
1053,905964,2.125417,1.9765625,1.7718723,0.5710371
2171,753608,3.205802,2.265625,2.5119498,0.65951955
1058,687794,0.384992,2.296875,2.2867727,0.67957956
1037,907063,3.235791,1.5078125,1.5445758,0.53034705
1507,749716,3.635304,4.5625,0.683364,0.3863007
1021,906813,4.979041,3.828125,1.5052483,0.5824488
2096,909785,2.117807,1.90625,1.620062,0.5508315
1776,925340,5.085235,4.4375,0.97516507,0.47969392
1806,1659818,2.97359,4.09375,3.1627872,0.69479996
1091,909745,1.858281,2.546875,1.5005649,0.5494916
1191,924189,-4.487574,-4.46875,1.0195565,0.37335122
1511,1298141,1.486093,-0.09033203,3.7693172,0.6833577
1916,687455,5.212941,3.140625,1.9531777,0.63558877
1052,909720,3.097586,4.09375,1.1078662,0.5176416
1917,907274,2.180856,2.40625,2.3925674,0.65716684
1941,688025,-3.682202,-4.0,2.6559482,0.5522369
1706,1240144,2.605957,2.34375,2.8422387,0.6956855
2057,688121,5.151078,4.96875,0.80761427,0.4507059
1014,1322212,3.27243,1.796875,2.8850899,0.66011846
1913,688087,4.808082,4.90625,0.81187856,0.44385374
1835,908127,3.158685,4.375,1.322884,0.5067578
1915,1240198,2.130449,3.171875,1.802741,0.60106957
1779,688013,0.369534,1.3046875,2.1090426,0.5982056
1014,925346,1.890375,1.828125,2.13162,0.58549243
1463,906696,3.673391,4.8125,1.3775339,0.6114497
1558,910781,4.210956,3.546875,1.1369519,0.5008012
1191,906848,-5.507612,-4.0,1.4687654,0.43240476
1618,905964,2.96748,2.921875,1.4157658,0.5342296
1843,909907,5.868054,0.095703125,4.4787545,0.78057134
1809,906843,0.790001,0.16992188,3.774029,0.70316875
1243,906842,1.051843,2.265625,0.91129434,0.3922741
1825,713880,-2.026029,-0.6015625,2.3518348,0.57318294
1401,687455,1.886858,2.671875,1.8705558,0.6267321
1375,688025,6.081153,6.53125,0.76038,0.46362755
1581,1299062,2.415618,2.5625,1.5089033,0.5470679
1022,1330947,-5.885914,-1.0859375,2.734771,0.610548
1179,906836,-1.519406,0.43164062,2.1130865,0.60213107
1557,905982,5.751194,5.28125,0.87097806,0.45930204
1594,1240144,4.675505,3.40625,1.5725965,0.5787487
1011,753575,3.595973,2.921875,2.5534084,0.7045527
1776,753554,4.794602,4.53125,0.8929808,0.4672797
1024,906843,0.952952,0.0009765625,3.02923,0.6396729
1175,906813,4.836209,4.71875,1.2380118,0.58593345
1799,946359,1.228884,3.875,1.9040986,0.61662495
1706,906849,1.353936,1.859375,4.0079484,0.8084311
1925,753620,5.482028,4.6875,0.7736198,0.4240277
1175,1674021,4.548579,4.3125,1.2149854,0.54485357
1813,906843,4.81485,5.6875,1.7367412,0.6081973
1061,1298538,5.230869,4.8125,0.9438145,0.5041631
1827,906827,0.493314,2.25,2.8126314,0.657048
1927,910851,4.711661,5.09375,0.6982228,0.4474556
1083,687819,3.687204,3.171875,1.8551205,0.61552614
1932,906746,4.442961,3.234375,1.6458039,0.5878752
2057,906835,7.687942,5.3125,0.6907181,0.43648577
1922,907175,1.587026,2.125,1.5772772,0.5469317
1529,753622,1.525439,0.21289062,3.9790084,0.73625535
1817,1240192,-4.727343,-4.8125,1.5910854,0.42722479
1855,1240182,6.619664,4.5,1.3997641,0.5335202
1372,909975,0.932554,0.40429688,2.8399405,0.63920873
1023,925340,4.257292,3.8125,1.1302185,0.50295967
1598,724831,4.114254,4.5625,0.7914172,0.4625742
1050,687780,4.836639,3.0,1.9525709,0.6415869
1083,687780,2.400368,3.5,1.8430691,0.62665534
2057,905968,5.50642,4.90625,0.70010877,0.4429844
2156,906848,3.097975,4.03125,3.6106656,0.78063774
1625,749716,3.933292,4.3125,1.0198473,0.483922
1022,925340,-1.161593,0.265625,2.929501,0.6333678
1582,905950,4.335088,4.96875,0.85290915,0.46150795
2171,907299,0.303774,2.015625,2.6789722,0.6700679
2170,909745,1.850138,3.8125,1.6490502,0.56621945
1089,1240153,4.005196,4.375,2.6174903,0.63792783
1529,924100,1.684909,1.359375,4.768333,0.80531627
1922,910952,0.387641,3.140625,1.5601541,0.57131255
1512,1240223,7.189176,5.75,0.48472035,0.36588994
1936,1240198,2.231776,3.28125,1.660822,0.5932396
1018,905972,6.27316,5.5,0.57746255,0.4123248
1827,946359,0.101273,0.73046875,2.4359634,0.57870764
1016,910780,2.14091,-0.88671875,2.9655597,0.5807474
1563,1240144,6.011997,6.0,0.5976245,0.4003944
2174,687596,2.531545,2.296875,2.03323,0.59024495
1838,688121,4.208192,3.84375,1.4797281,0.5080809
1018,1331048,3.864701,3.5625,0.73417544,0.38815907
2039,910911,3.02548,3.546875,1.0915041,0.49834523
1926,907271,1.077599,1.453125,2.1953902,0.6493631
1073,753620,2.594119,3.484375,2.243212,0.68908644
1615,906842,3.183913,4.28125,0.70261306,0.403354
1036,1330947,2.870757,3.453125,1.3276689,0.52420676
1067,910781,5.345046,5.46875,0.41272762,0.33590472
1782,909747,6.926682,5.3125,0.7085884,0.4303935
1598,687819,3.46143,4.625,1.0451211,0.50753117
1561,687568,2.54105,2.375,2.09734,0.650448
1806,905964,1.857826,2.578125,3.6020179,0.6805634
1268,687590,3.768388,4.5625,0.8859391,0.4635949
1928,1298157,5.187742,4.78125,0.943658,0.49634886
1080,687997,-0.765162,-3.4375,4.8621726,0.74903667
2157,1298538,5.873307,5.40625,0.6597714,0.41959515
1782,907318,5.150836,5.0625,0.5814864,0.38761297
1581,1303900,2.652496,3.140625,1.7929507,0.59489834
2109,906848,2.091719,3.484375,1.5525523,0.5685289
1854,749716,3.63379,4.34375,0.91089886,0.46573105
1908,910567,4.494664,2.171875,1.6967897,0.55754083
1200,909709,3.455563,4.4375,1.4583932,0.5671689
1931,949179,6.303154,5.4375,0.62910354,0.39552674
1069,949179,1.683404,3.609375,1.091037,0.5097784
1779,749710,0.085912,2.0625,2.1368876,0.617453
1817,687505,-6.225668,-4.875,1.6322137,0.4362972
2039,925340,5.007654,3.671875,1.1906495,0.52044415
1819,906746,-4.998618,-3.34375,4.9102907,0.7605166
1037,1322212,5.282503,1.9375,1.758954,0.5507462
1626,1330935,-2.548384,2.078125,3.1287477,0.74329114
1012,687505,0.40081,1.15625,0.846071,0.40981248
1026,905982,0.117426,-0.08544922,2.5074599,0.53364336
2111,907318,2.596343,3.34375,1.5031381,0.55595577
1062,924100,4.022473,4.0625,1.8916595,0.6246016
1050,907299,3.192055,2.703125,1.7207892,0.59085184
1594,910899,2.037892,2.984375,2.1076224,0.6443635
1853,906843,4.074576,4.65625,1.21542,0.5218533
1553,1298538,0.270391,3.6875,1.7985325,0.605553
1564,1298358,-2.631024,3.234375,2.4982865,0.6769124
1133,753540,3.995314,4.3125,1.0387304,0.53108966
2148,907291,0.051721,1.3984375,1.2771369,0.4676745
2154,1290797,3.274752,3.296875,0.75293666,0.40220073
1024,908127,-1.544078,0.009765625,2.808091,0.6071184
1058,907791,2.320719,1.234375,2.3924317,0.6631601
1917,1240160,4.579719,2.375,2.4730716,0.67927897
1378,910780,4.40089,1.4375,2.6893399,0.6308829
1511,909724,-0.367778,-0.8203125,3.7752519,0.66653246
2158,909749,4.336439,4.5,1.1137764,0.5230849
1632,909747,5.738977,3.703125,1.3485386,0.5433333
1052,907795,2.571684,3.828125,1.4177843,0.57123274
2045,906843,5.210585,4.90625,0.94640315,0.49268946
1799,753608,-0.027668,4.5625,1.5597969,0.6005253
2154,946359,3.880962,2.875,0.74156725,0.38904884
1812,907299,-1.921858,2.59375,2.8475165,0.6793485
1578,1240184,4.724874,5.21875,0.7521228,0.45392182
2096,753575,3.717559,3.8125,1.7696757,0.6480372
1191,1659818,-5.81109,-4.8125,0.9273822,0.35525274
1005,753575,7.329048,4.46875,2.96724,0.758601
1559,906849,-1.222806,-2.109375,3.072319,0.6105534
1618,1298136,3.267023,4.3125,1.4590538,0.57900095
2011,907299,3.288174,4.71875,1.0851618,0.5057321
1089,1659818,2.389801,4.09375,3.1627872,0.69479996
2010,909257,5.380933,3.96875,1.1400102,0.5112314
1563,907066,6.397169,5.6875,0.69088805,0.4250437
2107,906849,3.217289,5.0,0.8492933,0.4703217
2498,909747,9.805334,8.75,0.87664247,0.50390714
1936,1503367,-4.46527,4.1875,1.8213384,0.70475835
2011,908121,5.25197,4.53125,1.1309972,0.51770335
1620,753620,5.411656,5.0,0.59814894,0.38234842
1073,687596,4.548298,3.65625,2.0983582,0.686151
1779,724870,1.031697,0.71875,1.7895372,0.5711919
2048,907175,-6.278012,-4.25,3.4536471,0.62194526
1003,1503365,2.420957,-2.0,3.5199745,0.6424785
1079,1674021,1.746708,1.4765625,3.2852185,0.7216956
1618,910851,1.849842,3.9375,1.3656423,0.56436765
1086,1322212,-0.610512,-2.421875,4.3338237,0.7187012
1819,910903,-4.742968,-3.265625,4.7799544,0.75676465
1047,687596,4.703996,4.28125,1.4106847,0.582982
2158,1240172,5.643415,4.78125,1.2487404,0.5528645
1061,908127,4.776372,4.84375,0.96916246,0.51770335
1557,687997,4.600567,4.875,0.9451277,0.45194092
1026,1240145,-2.96542,-1.0078125,1.9984825,0.4976938
1062,724831,3.187328,3.75,1.380557,0.5619035
1062,906843,4.869968,3.890625,1.7323623,0.6007085
2498,909709,7.22719,9.375,1.3104748,0.73889977
1016,906842,-7.198481,-1.296875,2.8967092,0.575655
1004,1240184,-2.242649,-3.484375,4.222186,0.7001877
1620,1330947,4.158413,4.46875,0.58757174,0.3647297
1019,907063,3.65142,2.078125,1.830423,0.5758772
1034,1330947,-6.182643,-4.09375,1.9997451,0.47108734
1831,910952,4.690326,4.6875,0.8948571,0.47068036
1811,908127,-3.426841,-3.296875,3.7092245,0.6464552
1190,687780,1.858513,-0.37109375,6.870259,0.9181806
1006,949090,2.991298,1.7109375,5.137085,0.795643
2111,905972,6.054159,4.0625,1.5423532,0.5849237
1018,907066,5.841975,5.1875,0.63826585,0.42063275
1033,909749,6.140053,5.28125,0.59044474,0.41424128
1032,724870,2.17965,1.09375,1.5845125,0.54139394
1237,687568,5.804319,5.25,0.6362785,0.40517032
2048,687568,-0.048932,-3.171875,3.5498962,0.6308626
1026,749716,-0.596778,-1.328125,2.4965098,0.5231046
2157,909731,3.539384,5.3125,0.72176504,0.43615824
1036,910911,5.817981,4.5625,1.118105,0.51049036
1091,909757,3.308632,2.546875,1.7053199,0.58554024
1624,906843,1.963802,3.203125,2.4859238,0.7018559
1558,753540,1.920161,3.828125,1.3913958,0.5634497
1617,906813,1.803254,2.515625,3.5387983,0.70325553
1919,906827,1.866758,2.703125,1.6477493,0.5798909
1632,1298157,4.74411,3.921875,1.2195351,0.518303
1582,687997,4.162262,4.625,0.84905595,0.43973973
1593,907269,1.212755,1.9296875,2.6469352,0.6478817
2157,910920,4.75004,4.4375,0.72996926,0.4021673
1736,906849,5.349925,3.734375,2.090575,0.64834994
1778,908150,3.976321,3.40625,1.751569,0.60736865
1511,910911,0.000428,-0.796875,3.3427966,0.627173
1936,910920,3.286366,2.046875,1.5481626,0.53419924
1047,909724,4.817748,4.625,1.3431635,0.57670134
1553,1240192,4.885197,3.4375,1.6843297,0.59866124
1825,910920,1.525814,-1.5859375,2.2793498,0.5579091
1068,1303900,1.273266,0.88671875,2.158929,0.5745005
1043,1659818,4.098541,5.1875,0.75301033,0.43674964
1511,1503367,-1.298813,1.34375,4.4229345,0.796498
1831,1299062,6.26207,4.3125,0.7845654,0.43784294
1578,1331048,2.575001,3.515625,0.82659775,0.4129435
1051,910851,-0.885378,1.4453125,2.745875,0.6663554
1086,906813,-1.311718,-0.39453125,4.4156585,0.7550747
1810,908121,3.591268,0.40039062,3.743109,0.73839813
1025,909745,6.095856,5.1875,0.7528464,0.44116062
1079,1240145,-1.637623,1.0390625,2.4904654,0.6367094
1941,713880,-5.990727,-4.0625,2.4843864,0.55017823
1511,949090,-0.589735,-0.4609375,3.868947,0.68756217
1026,906827,2.845303,0.94921875,3.300645,0.641688
1917,925338,0.154686,2.25,2.032513,0.61553234
2038,906696,4.753134,5.5,1.08603,0.5342296
2037,1331048,1.751153,2.125,1.3534437,0.50309765
1576,909757,2.633207,3.28125,1.3573251,0.52257323
1632,688025,3.322322,3.890625,1.3676599,0.5372762
1615,909747,7.195168,5.25,0.70494324,0.4420788
1559,713880,-3.342956,-2.140625,2.7178338,0.5876046
1561,906836,3.159747,2.09375,2.5249383,0.6998896
1908,910399,1.400326,2.484375,1.6037955,0.5453008
1021,1299062,5.776474,3.203125,1.2673585,0.50292987
1563,907795,5.129507,6.0,0.74855185,0.43527967
1259,1331048,-0.429164,0.8203125,2.9596756,0.6885163
1809,753620,-0.608857,-0.96484375,3.766721,0.67382777
1809,906842,-4.653538,-2.015625,3.2760565,0.64155227
1631,1330947,0.325814,2.453125,1.6564045,0.53641146
1053,910399,1.84361,3.015625,1.4908118,0.5541597
2044,1298365,5.459966,3.453125,1.1352197,0.5169762
1620,753612,5.490101,5.125,0.5929302,0.39174846
1909,1298537,2.758311,2.578125,2.1493633,0.6239583
1463,905968,1.30328,3.796875,1.2576616,0.5582417
1463,687590,4.881723,3.90625,1.3006676,0.5584553
1913,687568,6.328797,4.90625,0.7669905,0.4425794
1706,905968,1.328566,1.7734375,3.0539393,0.72246295
1564,905972,2.181991,2.90625,1.9834266,0.6092836
1093,949179,4.766186,4.125,1.0148197,0.48029977
1259,687568,0.600272,3.015625,2.4194067,0.6894181
1812,906848,3.398502,3.296875,3.3218822,0.7416228
1629,906746,5.773491,5.0,0.8053787,0.4743717
1091,1503365,3.247345,2.546875,1.5763748,0.568695
2159,907794,3.051782,4.6875,1.2929801,0.58131796
1093,1659818,4.041842,4.09375,1.117059,0.5061026
1061,905986,5.321752,4.75,0.913035,0.5004424
1010,1503365,2.819616,3.328125,1.416054,0.5591041
1930,1240144,2.779095,0.84375,1.1586378,0.45746776
1615,907318,4.918705,4.96875,0.5946061,0.40268105
1593,687794,-0.137991,3.328125,2.1521971,0.6426053
1913,1331048,3.233368,3.15625,0.88169247,0.40462366
1580,909731,3.800546,5.1875,0.7945497,0.46321476
1559,687455,1.642577,-1.578125,2.9248624,0.61763394
2438,909749,11.497746,9.8125,2.1979613,1.0456278
1939,905968,3.567596,2.625,1.879814,0.59712535
1170,687794,2.327454,4.15625,1.8236108,0.6417817
1559,906813,-2.198378,-1.40625,2.768609,0.5985823
2499,905964,9.759484,9.625,2.0305822,0.9036313
1086,909249,-4.875558,-2.921875,4.355653,0.7266894
2096,1330947,0.124716,2.125,1.6584984,0.5611438
1033,688087,4.680822,5.1875,0.66497374,0.4256057
1073,1298141,7.700188,4.5625,1.7352768,0.6680855
1918,908150,4.609021,3.671875,1.2372562,0.53943515
1919,906746,2.455166,1.9140625,1.2190373,0.5012274
1814,906848,5.63749,6.875,1.0456316,0.5170129
2499,1290797,10.263992,9.9375,1.5576345,0.8235224
1928,925340,4.463585,4.75,0.9657935,0.49634886
1997,909720,3.291286,4.25,1.2636795,0.55378073
1373,753622,4.668394,4.21875,1.1117485,0.5275295
1529,946354,0.225821,0.56640625,4.1090245,0.75511646
1373,1298348,5.859393,4.65625,1.1091417,0.5249411
1089,910399,3.871443,4.5,2.3246906,0.59959877
1931,906696,5.710255,6.75,0.72348565,0.4695819
1776,908127,4.263125,4.625,0.98324484,0.4886761
1093,724831,4.518468,4.375,0.8201516,0.4612478
1581,909785,-0.351831,1.5,1.579665,0.53186184
1067,909249,4.346142,4.84375,0.5236561,0.34862167
1191,1240223,-2.44606,-4.46875,0.854389,0.35851803
1594,909249,0.990236,2.265625,2.0144172,0.61295074
1835,688025,3.236282,4.125,1.4461874,0.5014754
1085,907271,3.648497,3.296875,1.294118,0.52940226
1052,925346,3.581954,3.546875,1.0057606,0.47969887
2110,906849,3.842223,4.6875,1.0534196,0.49728835
1632,910780,3.387115,3.015625,1.1888255,0.48386642
1814,907795,6.783444,6.5,1.0063293,0.49886277
1050,907175,1.312318,1.671875,1.8735718,0.5894524
1802,1298157,3.910506,4.21875,0.7237363,0.4197705
1033,753540,3.851918,5.46875,0.65389,0.44423157
1817,910933,-5.657451,-4.1875,1.9474002,0.4587562
1627,753608,3.475428,4.09375,1.2983036,0.5574403
2045,924100,6.432631,5.125,0.9619892,0.49822968
2109,1659818,1.922358,2.890625,1.3713868,0.5360282
1054,1298141,5.041988,4.0,1.6585088,0.59536064
1073,1298168,7.021279,3.421875,1.7170844,0.604292
1941,1240153,-0.428818,-4.25,2.3895664,0.5249391
1023,1330947,-0.288901,2.765625,1.0919919,0.46528232
1012,1322212,0.609961,0.9140625,0.9677569,0.4050567
1058,905972,2.900335,1.5859375,1.9604446,0.6197514
1912,909747,4.081136,2.984375,2.0358,0.6374294
1873,724870,1.694608,1.140625,1.3753154,0.55132204
1813,753554,5.898817,5.75,1.4324567,0.56844634
2096,1303900,3.36792,3.4375,1.816409,0.6236839
1149,688087,-0.121879,1.5078125,2.2463806,0.6059097
1062,909755,2.072177,4.1875,1.687465,0.6027563
1909,1240145,2.843638,2.078125,1.7293184,0.5627421
1062,907175,4.818809,3.09375,1.8997595,0.5948338
1630,910567,5.037042,3.453125,1.0588003,0.5024054
1911,724859,-4.670805,-3.171875,3.561315,0.645648
1936,1303900,2.095172,3.40625,1.6567779,0.60367924
1635,687794,5.051865,6.0625,0.44142774,0.37118107
2159,906827,2.105451,5.21875,1.5351346,0.64090025
1011,908465,3.745887,1.8828125,2.4614148,0.64625144
2111,906848,5.028098,4.34375,1.9845598,0.6458009
1997,910567,1.113273,3.3125,1.6406496,0.5948338
1930,909755,1.711377,1.0703125,1.282688,0.479188
2011,1330983,2.942547,4.34375,1.3775271,0.54664844
1047,1240223,7.053147,4.875,1.1817604,0.57388586
1808,753612,-2.642931,-0.3984375,4.324916,0.773683
1925,905982,6.108993,5.3125,0.6833672,0.42419383
1060,908127,2.904876,1.5078125,2.3226027,0.6043973
1062,1240160,5.066965,4.0625,1.9598733,0.6534606
1250,910933,2.313748,2.390625,2.659941,0.7015032
1933,925338,5.618498,4.65625,1.3708943,0.5723319
1046,907274,1.79648,2.921875,2.6298728,0.6843564
1372,753620,-0.926262,-0.24804688,2.911132,0.6446829
2170,1240145,2.022357,3.671875,1.4959213,0.5396705
1925,724831,5.938923,5.21875,0.5963214,0.41521537
1931,909745,6.682247,5.625,0.53353125,0.368231
1862,907269,-1.808916,-1.0078125,0.45217112,0.29874906
1811,998189,-3.369191,-3.59375,3.3038297,0.6155623
1085,1330935,2.077947,2.796875,1.5528678,0.5574383
1072,905968,4.916681,4.875,0.8933863,0.48590574
1720,906827,4.105029,5.3125,2.0231938,0.70851135
1248,687794,-2.871068,-1.96875,6.5290647,0.94236726
1814,907269,5.012257,5.78125,1.1817605,0.5048178
1936,909709,3.491435,3.4375,1.842831,0.64217216
1012,909747,2.910549,1.3203125,1.002306,0.4292535
1909,687590,2.780598,2.421875,2.3135288,0.6354573
1049,925340,4.54,3.96875,1.3329263,0.5316316
1558,688013,3.332136,3.359375,1.3621925,0.52444714
1916,905986,4.401331,3.03125,1.7374694,0.59657913
2110,1298538,4.013397,5.03125,0.8351459,0.46367863
1930,1298136,3.359522,0.66015625,1.1851023,0.47028792
2043,687794,5.131117,5.78125,0.8473196,0.496521
1401,906835,5.716948,2.796875,1.6784865,0.5936374
2039,1322212,3.572827,3.078125,1.2533817,0.50499403
1018,1503367,5.7567,6.875,0.85956144,0.58580625
1808,1240145,1.040205,-0.1796875,3.047824,0.6486448
2148,687819,2.329365,1.484375,1.3612508,0.47670257
2439,1298365,10.002899,9.6875,0.9231459,0.5409545
1919,687455,2.784537,2.015625,1.4214026,0.53100914
1817,906836,-6.710326,-5.125,1.5864208,0.412825
1909,687802,1.617261,3.125,2.269752,0.6713582
1917,925340,1.313092,2.109375,2.1421947,0.6247868
1617,908150,5.542154,1.859375,3.2133658,0.65800744
1177,906843,3.588309,4.53125,1.0569319,0.52260023
1200,910903,2.279854,4.03125,1.2040896,0.5039742
1549,909249,4.538667,3.5,1.2510406,0.51177996
1131,1503367,6.833719,6.65625,2.0621345,0.78204614
1051,909750,2.226312,1.7109375,2.6533897,0.6550873
2048,1240172,-1.631723,-2.09375,4.2183824,0.69955695
1808,906746,-0.683414,0.5859375,3.797973,0.72783273
2038,907291,3.685107,4.4375,1.0858264,0.49448258
1005,1298358,5.12555,3.59375,3.4726539,0.7752831
1817,908127,-5.219636,-4.40625,2.041943,0.47502202
1529,906842,-1.52052,-1.375,4.320398,0.74344575
1812,924239,2.254638,2.625,2.9170337,0.6757754
1627,687505,2.961135,3.703125,1.2262853,0.5332868
1032,906746,2.525623,1.84375,1.7546529,0.5765539
1911,909724,-4.328615,-3.953125,3.2754486,0.5978468
1854,924239,4.412936,4.6875,0.87012506,0.45767173
1058,724831,1.643422,1.4296875,1.658854,0.59845036
1580,910781,3.954507,5.125,0.6192281,0.40860468
1553,906813,3.14645,4.03125,1.9396558,0.66600204
1086,998189,-1.03988,-1.1640625,4.0628695,0.7173122
1614,908127,3.869414,4.3125,1.1999965,0.5285709
1029,753540,4.611228,5.8125,0.5484449,0.40950876
2055,1331048,-0.157144,-0.025390625,2.0543745,0.5720684
1706,688121,1.914579,2.046875,3.55159,0.7618196
1200,905950,2.90944,4.15625,1.2400823,0.51247853
1928,907291,4.666373,4.6875,1.0158153,0.49969018
1626,1303900,3.999044,2.90625,2.5726526,0.6876803
1831,910933,3.088599,4.71875,0.9395723,0.48787484
2109,1240198,2.247452,3.328125,1.3930115,0.5363126
2109,1240192,2.272872,3.078125,1.2070063,0.51428837
1908,909726,-0.025368,2.734375,1.7065895,0.56624377
1057,906835,1.887766,-0.85546875,2.136919,0.5511675
2156,749710,5.262859,4.1875,2.880176,0.69894695
1930,753620,-1.58674,0.15234375,1.1787931,0.45843244
2011,906827,4.042082,5.6875,1.2093295,0.5708889
1034,907791,-0.959721,-3.078125,2.696675,0.539892
1073,687780,4.351661,4.6875,2.0119855,0.7258466
1133,1298348,5.191352,4.21875,0.9913497,0.5029623
1072,998189,6.447158,5.09375,0.8982933,0.48731837
1924,1298168,1.825815,2.359375,1.4863433,0.5078516
1613,907299,2.971237,3.28125,2.0307326,0.64197147
1168,924100,3.997916,3.140625,1.46554,0.5420497
1091,1298358,1.060348,2.796875,1.9878772,0.62541455
1593,924239,0.875051,2.359375,2.3051393,0.6189565
1088,909257,0.409475,2.578125,3.2554786,0.7541814
1632,1240145,4.050098,3.640625,0.9731191,0.4617493
1557,687794,4.891411,5.75,1.0076562,0.5099201
1812,1298157,4.001444,2.453125,2.7076592,0.65708137
2048,724870,-1.680929,-4.28125,3.1350534,0.61393946
1042,688013,4.952566,4.8125,0.7950011,0.43462682
1048,907791,5.201145,4.5625,0.90550303,0.45822597
1190,905972,-1.004775,-1.34375,5.6876345,0.8133265
1617,908465,1.603297,1.6640625,3.2191513,0.654224
1620,1503367,4.916776,6.875,0.73964137,0.5553729
1091,907291,1.819369,2.40625,1.660011,0.57562023
1812,1240223,3.091584,2.5625,2.6490214,0.6625766
2048,906835,-1.638143,-2.140625,4.156251,0.69342154
1553,909747,4.166914,3.296875,1.9509078,0.6287365
1576,906835,4.92036,3.578125,1.2420489,0.5081016
1808,907795,0.180617,0.33398438,4.325936,0.7588119
1620,910567,5.64083,4.9375,0.580406,0.38542423
1564,909699,3.871833,2.6875,2.2890077,0.6315976
1997,753622,3.565529,3.734375,1.342936,0.56784546
1557,1240172,5.543694,5.5,0.9242341,0.47991043
1507,906813,5.629436,5.5625,0.631336,0.43573353
1079,687455,1.983942,1.8203125,3.3289063,0.7431909
1008,909757,2.99905,0.87890625,4.27879,0.77054
1804,907274,4.786598,5.1875,1.5218933,0.63537216
1561,998189,0.888037,2.53125,2.0847008,0.6527407
1576,909975,3.452473,3.203125,1.3779446,0.52257323
1089,925340,2.592341,4.78125,2.2188935,0.6066947
1016,1298350,0.818985,0.59375,3.1911988,0.6072171
2439,909757,10.139675,9.8125,0.9435107,0.5500576
1632,906843,4.317384,3.890625,1.302844,0.5329719
1072,713880,5.21077,4.9375,0.98037905,0.5012554
1022,1240223,1.299629,0.2890625,2.6401572,0.61163276
1259,906827,2.476341,4.34375,2.5877173,0.76182437
1932,910780,1.925421,1.9609375,1.8260211,0.56630385
1054,1330947,-1.412694,2.265625,2.0048604,0.59023124
1996,1240159,4.615783,4.15625,1.2921737,0.54777586
2038,1240172,5.636924,4.90625,1.0563225,0.50252026
1007,1298348,-1.864158,-3.21875,4.739705,0.75039244
1564,925346,1.583188,2.4375,1.6703367,0.5515236
1086,946359,2.445252,-1.9140625,4.456497,0.7303002
1259,908127,2.138571,3.359375,2.4031303,0.69438374
1494,907175,-2.626691,-4.3125,2.8461106,0.58725864
1631,1503367,5.640526,5.0625,1.8161947,0.6819022
1510,1298168,6.143508,3.8125,0.8978835,0.44510347
1047,1298350,5.32803,4.875,1.2655219,0.5704333
1199,688087,4.167906,4.125,1.3377128,0.5417106
1916,1298157,3.641373,2.890625,1.7939628,0.60106957
2043,724831,6.059403,5.3125,0.62909406,0.43638188
1779,909747,3.134367,1.2265625,2.1668565,0.617453
1911,1240127,-4.244189,-3.953125,3.0088532,0.58922565
1512,753620,5.477564,5.15625,0.51214945,0.34749803
1803,910851,2.195484,4.9375,1.3530172,0.6273329
1080,713880,-4.432274,-3.296875,4.4209094,0.716044
1873,749716,1.943053,1.046875,1.6728034,0.5772071
1631,906813,3.460614,4.1875,1.632324,0.60373694
1581,906843,0.798945,2.921875,1.7231709,0.5830254
1915,1503367,3.828017,4.09375,1.990538,0.70052826
1940,949179,2.415809,3.765625,1.0605999,0.49555686
1080,910899,-2.189701,-3.484375,4.605494,0.72110957
1199,1299062,6.72605,4.0,1.1835881,0.5173575
1615,924189,3.664492,5.4375,0.6966315,0.44530037
1910,949179,2.441968,1.953125,2.581434,0.65419084
1049,753554,4.682506,4.09375,1.1968752,0.5152047
1812,910952,1.912477,3.046875,2.8930535,0.6931473
2499,909720,10.614844,9.875,1.2241397,0.7256612
2040,906835,3.515213,1.75,2.1175604,0.614726
1855,907175,2.990929,3.71875,1.5682138,0.541118
1854,1298538,4.934294,5.125,0.7852706,0.46252793
1560,905950,4.983088,4.125,1.469404,0.55446965
1613,946359,6.147788,2.859375,2.2799346,0.6587864
1046,724831,1.964789,2.46875,1.7412753,0.58627486
1635,753622,5.321529,5.4375,0.36907253,0.33033046
2047,909747,2.366962,2.640625,1.8120662,0.58399075
1919,909975,2.985145,1.7734375,1.3677613,0.51353496
1083,998189,2.865113,3.203125,1.6408144,0.58900887
2037,909907,6.762487,4.1875,1.6013883,0.6165381
1038,910781,2.106236,3.625,0.98927957,0.48413765
2046,908150,3.267084,3.78125,1.8802557,0.642443
1782,909731,4.052401,5.53125,0.7147788,0.43083197
1060,907274,2.906549,1.75,2.7093425,0.6463835
1578,905968,4.641998,5.09375,0.71871775,0.45014226
1026,907269,-2.00372,-0.6015625,2.8657153,0.57373494
1853,910952,4.964042,4.96875,1.1620393,0.52648175
1582,724831,4.092635,4.75,0.70437884,0.4394756
1047,925338,4.947723,4.78125,1.258511,0.562928
1054,925338,4.093996,3.703125,1.6682498,0.5784771
1615,1240127,5.615394,5.34375,0.61871713,0.42166662
1809,910851,-0.746233,-0.3671875,3.4755716,0.65208423
1017,1659818,2.754378,4.09375,1.2643337,0.5318917
1853,1240159,4.043469,4.6875,1.0678529,0.5093138
1622,753622,4.436176,4.40625,0.715629,0.4302411
1799,907063,1.29147,2.953125,1.8543334,0.58061045
2011,713880,3.350069,4.5625,1.2025344,0.53104615
1927,909745,5.571869,5.09375,0.5818414,0.39378735
1816,925340,5.540363,3.875,1.2511121,0.50921786
1996,906827,3.017965,5.1875,1.6217244,0.6370837
2010,687455,3.559608,4.1875,1.4720799,0.57249165
1073,1298350,6.325279,4.4375,1.7568707,0.66294324
2011,753608,3.468917,5.03125,1.0150499,0.50708866
1089,753620,2.072254,3.640625,3.1066613,0.65095234
1843,907169,3.654621,-0.484375,3.846978,0.7021644
1625,908465,5.602421,4.9375,0.8645094,0.48619428
1199,946359,4.611624,3.78125,1.4738778,0.55615777
1016,724859,1.18527,0.59375,3.0904474,0.60964847
2055,724831,1.3303,1.5390625,1.720052,0.5543365
1933,909731,4.971278,4.59375,1.5260568,0.6086608
2148,1299062,1.729648,1.1328125,1.1042924,0.44492525
1593,688013,0.409424,2.40625,2.1618137,0.59378576
1017,753554,4.300568,4.46875,1.0316992,0.4908063
1023,909785,1.663193,2.578125,1.0658607,0.4564718
1847,1240186,6.550155,4.875,2.241437,0.71543115
1813,905986,6.434552,5.875,1.5080752,0.58061236
2055,1298538,1.385809,2.109375,2.2549882,0.6082314
1912,907318,1.921011,2.640625,1.5972513,0.56771094
1463,907791,6.004113,3.578125,1.3758345,0.54322404
1909,906868,2.520236,2.375,2.2346117,0.6309025
1049,713880,4.078151,3.828125,1.4080534,0.5448397
2173,1298157,4.537142,4.0625,1.193092,0.52418655
1089,907269,1.213046,3.59375,3.633168,0.7114856
1268,687780,5.877963,5.03125,0.95253885,0.50102
1010,724831,3.454344,3.171875,1.1966172,0.53114575
1625,1298136,5.901803,5.25,1.0658613,0.537987
1512,910781,4.641553,5.53125,0.43158084,0.3357201
1054,1298168,4.3069,2.890625,1.5218219,0.5277022
1630,1298157,5.351835,4.125,0.9922496,0.5099454
1025,907175,4.677833,4.5,1.072015,0.49449852
1047,907794,6.978086,5.25,1.2421048,0.5985514
2111,1503365,7.063189,4.125,1.5461259,0.58635443
1047,906746,5.120702,4.96875,1.2032702,0.57242715
1910,688025,-2.541733,2.46875,2.829664,0.69260764
1813,1240160,6.29123,6.09375,1.9019573,0.65951675
1916,1322212,1.192194,2.28125,2.0491724,0.60045725
1916,907794,1.353811,3.34375,1.7570819,0.6214346
1149,724831,0.452943,1.15625,1.6425261,0.5344988
1017,753620,2.681174,3.75,1.3219874,0.51671976
1005,909249,1.769141,1.8828125,3.4224145,0.7518348
1558,909757,5.092289,3.609375,1.4463776,0.559669
2154,909699,3.684013,3.015625,0.73096365,0.3934917
2172,909907,4.139253,2.78125,3.9000645,0.82356423
1831,907795,4.140695,4.375,0.9426206,0.47333714
1180,909907,0.831295,-1.859375,2.747275,0.5892933
1249,687802,4.341736,4.28125,1.3585601,0.57298976
1129,1240172,4.534315,4.3125,1.3166151,0.5624242
1021,906842,0.316317,2.03125,1.3435086,0.48953345
1021,1240198,5.633679,3.515625,1.5492834,0.5479416
2499,688013,10.243619,9.875,1.4117697,0.6962548
1617,907169,5.012934,1.875,3.4336457,0.6675449
1024,910899,-0.023947,-0.5078125,3.1912081,0.62952536
1831,724870,3.010448,3.828125,0.75197333,0.41535768
1507,907322,4.699624,4.09375,0.6924624,0.38445982
2174,753540,2.586669,3.265625,1.8824713,0.5979694
1564,907791,4.608931,2.4375,2.3274672,0.6306288
1627,910952,3.507267,4.15625,1.3596795,0.5619035
1933,909726,3.261022,4.5,1.3812937,0.5796174
1620,724859,6.162267,5.875,0.54492337,0.42049268
2111,1240172,6.068417,4.375,1.6743213,0.61007154
1494,907278,-5.003041,-3.859375,3.1880012,0.6288927
1083,910911,3.594919,3.03125,1.5613377,0.56047887
1091,1240153,3.558589,2.390625,1.7656968,0.5858555
1248,906868,-4.812533,-3.734375,4.307331,0.75069517
1806,1298348,6.441153,5.09375,2.005548,0.5849328
1019,753620,3.78868,2.484375,2.044634,0.60194063
2171,906827,2.823365,3.1875,2.9704998,0.7494988
1463,909975,5.642948,3.984375,1.3475072,0.57123274
1003,909724,-1.596698,-2.4375,3.805949,0.6590861
1054,909745,3.520082,3.640625,1.4797553,0.5500498
1049,909757,4.598864,4.03125,1.3721799,0.5390518
1825,907169,-0.350966,-0.39648438,2.3533502,0.56866306
1908,909749,3.010697,2.765625,1.6554735,0.56842494
1029,688087,5.803419,5.46875,0.55353254,0.39104053
1786,909699,5.720495,2.703125,1.8260307,0.5663068
1635,909785,4.670131,4.625,0.37951732,0.2978989
1248,905982,-3.064871,-2.890625,4.99975,0.8051377
1012,1298538,2.169638,1.71875,1.1178658,0.4458557
1613,713880,4.402788,3.078125,2.169147,0.6600323
2173,1240153,3.337174,3.90625,1.3065214,0.53719795
1615,907175,4.272068,4.71875,0.7884861,0.44003102
1620,749716,5.110576,4.96875,0.6436623,0.39598978
1375,749716,4.936257,6.09375,0.9635156,0.49902022
1560,905968,-0.689528,3.609375,1.4679701,0.5567146
1016,908150,1.653252,0.29492188,2.977568,0.583099
2046,909745,3.559579,3.609375,1.7669543,0.6096942
2177,909747,4.361122,2.015625,1.5150325,0.51765406
1558,906813,2.77268,3.984375,1.4880794,0.599555
1819,1240192,-4.087955,-3.6875,4.33396,0.7230702
1061,907794,4.381134,5.125,0.93804985,0.53027284
1049,1330935,2.325753,3.71875,1.3968911,0.52975845
1175,925340,5.095799,4.3125,1.1772186,0.533359
1013,906843,4.186925,3.5,1.4170483,0.5651833
1706,908461,0.390745,2.40625,2.9922543,0.7261455
1918,907271,2.668483,3.90625,1.2296416,0.5444087
2177,753575,2.188984,3.109375,1.5763607,0.5630703
2177,1298157,1.868423,2.171875,1.4133303,0.50734806
1511,910851,-2.385329,-1.0859375,3.4841077,0.63165075
1054,909747,5.302242,3.375,1.8998624,0.6182392
1786,753612,2.470976,2.5,1.7412806,0.5611781
1511,1240182,2.195617,-0.51953125,4.0283136,0.706606
1375,910780,6.108729,5.78125,0.79464626,0.4423295
1042,907269,5.223349,4.53125,1.0059704,0.47488898
1936,910952,3.825833,3.390625,1.5691985,0.5862228
1582,1298538,5.21548,4.9375,0.8306285,0.45527467
1199,905968,3.8567,4.0,1.3283343,0.55456364
1510,1240172,4.507531,4.78125,0.9923036,0.5073523
1068,909745,1.50697,0.54296875,1.8174587,0.5276067
2037,906868,5.7571,3.703125,1.3508189,0.5582417
1997,1240127,4.293598,3.984375,1.4161503,0.5793236
1005,1298168,4.580838,2.140625,2.6521485,0.6721114
1010,909720,3.533517,3.4375,1.2864097,0.53842944
1549,909757,5.621906,4.28125,1.1853663,0.5356749
1054,1240144,5.596136,3.84375,1.5482688,0.5641418
1632,909785,1.852844,2.578125,1.2550192,0.4831852
1915,1240172,2.662429,3.296875,1.7683264,0.6041992
1812,910903,0.139977,2.734375,2.7661047,0.6712646
2010,907299,1.602244,3.984375,1.3986549,0.55223435
1060,924248,4.732649,1.390625,2.4346912,0.61430675
1563,908465,6.903129,5.9375,0.632271,0.42199984
1830,1330983,2.268711,2.984375,1.396496,0.4988233
1239,946354,-0.014179,2.015625,2.2404995,0.6325648
1924,910780,3.433405,2.25,1.6401443,0.53114575
1706,908121,2.624737,1.890625,3.1691139,0.73723847
1802,1330947,1.558443,3.203125,0.7230681,0.39327103
1630,905968,2.284816,3.984375,0.9847558,0.5060941
2048,907322,-4.058443,-4.75,3.1562812,0.6048608
1831,1330983,2.603861,4.15625,1.0077822,0.476969
1029,905986,5.959249,5.625,0.5248462,0.39018276
1018,909749,6.129871,5.5625,0.5540553,0.4070431
1060,753540,0.528835,1.59375,2.3077915,0.6086312
1052,687819,4.251111,3.921875,1.4306822,0.57642937
1635,688121,5.381211,5.625,0.43334147,0.34486893
1021,687568,4.668676,3.328125,1.371918,0.5308572
1927,687794,3.784177,5.5625,0.74204767,0.46356925
1936,687568,2.969653,3.046875,1.5379467,0.58033377
1179,1330983,-0.591424,0.734375,2.1674914,0.61763394
1378,909749,5.637272,2.46875,2.7297232,0.673933
1080,909755,-0.75127,-2.375,4.73999,0.7421685
1061,924189,4.794883,4.625,1.0188179,0.5195684
1088,1298348,4.463718,2.90625,3.5237107,0.76792026
1237,906746,5.189106,5.625,0.6079092,0.40573996
1779,1240192,1.599326,1.3671875,1.8326573,0.5793543
1079,1503367,3.414855,2.953125,3.670182,0.85380316
1560,1298358,3.32277,4.21875,1.7467101,0.59389263
1200,910911,2.844289,3.875,1.1778562,0.4967757
1237,909720,5.081372,5.5,0.56282634,0.39066023
1932,688087,1.837774,3.0625,1.8590037,0.6078835
1621,909731,3.456157,4.71875,1.1288937,0.5384274
1025,753540,4.666988,5.5,0.8621792,0.49495724
1873,906848,1.159942,2.203125,1.9539025,0.6358246
2159,1240127,4.227384,4.125,1.2263422,0.53879505
2158,907299,3.202495,4.5,1.2462171,0.54334205
2171,909745,2.080458,1.953125,2.3580928,0.62749875
1011,910780,-3.58412,0.75390625,2.5635035,0.6328955
1581,1290797,3.216632,2.828125,1.6765078,0.5784853
2107,909731,4.423906,5.125,0.74454087,0.4533895
2096,908121,4.335438,3.015625,1.8262304,0.61789507
1050,906827,2.108552,3.640625,1.9982884,0.666269
1908,906848,1.086475,3.234375,2.0692413,0.62665534
1627,1298157,2.359329,3.8125,1.3141729,0.5500498
1511,906746,-0.849581,-0.3359375,3.476874,0.65691876
1919,910567,1.149045,1.2265625,1.2344924,0.48741767
1814,924100,6.708159,6.59375,0.93132615,0.4798698
2043,909745,5.272711,5.28125,0.64017594,0.41130218
1020,910899,5.075643,5.1875,1.0290519,0.52209055
1494,749716,-1.527506,-4.0,3.0779777,0.61167794
1928,909745,5.107351,4.6875,0.8558126,0.46787244
2170,1298350,1.92284,4.0,1.8428746,0.6055423
1023,1298537,3.089688,3.828125,1.1105356,0.5018585
1560,1298136,5.466876,4.125,1.6600735,0.58134866
1560,905982,2.698209,4.03125,1.4404403,0.5462741
1917,687802,4.005339,2.703125,2.2074695,0.6716931
1019,713880,2.962581,2.96875,1.9535605,0.614618
1011,909907,5.557596,2.484375,2.954545,0.7326025
1799,1298157,4.550513,4.25,1.5957791,0.58728045
2498,949179,7.040179,8.6875,0.7929521,0.47550878
1020,687596,5.438838,5.03125,0.9231027,0.5033625
1073,687997,6.775367,3.953125,1.9287946,0.65902776
1553,909726,2.571736,3.390625,1.8166376,0.6027576
2172,925338,3.927825,2.265625,3.3830667,0.7431909
2096,1330983,1.49384,2.953125,1.933274,0.6260732
2170,1298348,6.686771,4.03125,1.7012472,0.578435
2096,1298538,1.474692,3.359375,1.711098,0.59626704
2039,924100,3.837528,3.890625,1.3613415,0.5484916
1149,906868,1.114839,1.2109375,2.0376518,0.57002217
1061,687794,4.731026,5.125,1.0471553,0.54514015
2158,908127,3.729884,4.625,1.2450793,0.5526567
1931,909785,3.808013,4.53125,0.65184075,0.3563611
1786,909785,1.327587,1.6875,1.6323515,0.5185185
1916,1298168,1.617598,2.21875,1.5777878,0.5444216
1191,910933,-5.024352,-4.0625,1.0250041,0.38101122
2043,905972,6.249194,5.375,0.6803262,0.44100794
1563,1298168,6.55181,5.1875,0.63164294,0.38513252
1093,909975,5.570343,4.46875,1.079805,0.49937257
1803,905964,5.480059,4.03125,1.4426246,0.57830423
1004,753575,-1.97413,-1.71875,5.280478,0.82229084
1631,907794,3.238206,4.1875,1.5012661,0.5722078
1855,907322,3.631016,3.484375,1.5421382,0.5373896
1043,906696,5.108628,6.3125,0.76628125,0.48115817
2171,1240172,6.290538,2.40625,2.7061384,0.68279666
1050,905964,1.258904,1.4375,1.7460858,0.576535
1563,1298136,7.148606,6.46875,0.7860479,0.46417472
2157,687819,6.110594,5.3125,0.74188876,0.44545785
2111,687568,5.72935,3.921875,1.6273624,0.59296113
1019,753540,2.510006,3.375,1.7850914,0.60694253
2170,907271,3.426747,4.3125,1.6237484,0.5887062
2171,1240192,2.764333,1.90625,2.399988,0.64152634
1802,946359,5.489827,3.953125,0.79125494,0.42925072
2037,907291,5.243061,3.71875,1.384649,0.552261
1854,1240184,6.503784,4.9375,0.80260414,0.47334415
1016,910781,0.448104,0.32421875,2.648184,0.57254606
1091,906827,2.469453,3.421875,1.9449576,0.6548532
2169,1322212,4.498067,2.453125,1.9755505,0.5655544
1927,910781,3.712191,5.09375,0.5606783,0.38916928
1512,909249,4.592836,4.96875,0.53266144,0.34572652
1177,925338,4.74965,4.65625,0.9666758,0.5019484
2177,724870,2.314302,1.453125,1.2180718,0.4713272
1083,909726,2.560289,3.0625,1.6854881,0.5844546
2107,907175,4.80566,4.4375,0.80240613,0.44207546
1073,1290797,3.930694,4.34375,1.7109275,0.65871096
1062,907795,-0.726031,3.78125,1.8440375,0.61483866
1030,908127,4.799973,5.5625,0.56844676,0.42128104
1043,1299062,7.45622,5.28125,0.60449827,0.4098983
1913,907791,3.666543,4.4375,0.8996778,0.4324269
1048,907278,4.434811,4.65625,0.8570021,0.46372265
1922,1240172,4.355187,3.1875,1.6163465,0.5860225
1072,906827,5.497193,6.0,1.0708793,0.5546256
1804,909249,5.524619,4.28125,1.5017852,0.5929535
1909,753612,-6.688903,1.921875,2.35382,0.6435866
1089,910851,3.486006,4.625,2.4694657,0.6341311
1052,909907,4.160705,4.21875,1.5287185,0.61905885
1250,906696,0.79997,2.984375,2.771099,0.7374016
1512,910952,5.85303,6.0,0.5226039,0.3764446
1003,909726,-0.800237,-2.40625,3.5948277,0.6430778
1625,905950,5.326386,5.125,0.9244432,0.49254516
1030,909750,4.942302,5.4375,0.51846683,0.39760697
2048,1240160,-1.223696,-2.4375,4.486587,0.7103186
1782,687802,6.280341,6.3125,0.73798984,0.4747498
1079,1240160,4.837609,1.8203125,3.6852171,0.7781956
1060,688121,3.965906,1.390625,2.558155,0.62346685
2174,946354,2.09459,2.75,1.8125108,0.5813206
1248,1298168,-3.389656,-4.125,4.137253,0.78169036
1053,908461,1.783654,3.515625,1.5320369,0.5781037
1022,910920,-0.227935,-1.0234375,2.8237865,0.605705
2047,907269,2.189299,2.515625,1.9282442,0.5867299
1089,1240145,3.109076,4.4375,1.8371482,0.5283802
1529,1299062,1.604683,0.30078125,3.8686817,0.69206744
1580,1240186,4.503988,5.34375,0.74879867,0.45890763
1812,1298136,4.697804,2.78125,3.1973593,0.70806915
1827,688121,1.31765,1.0703125,2.5945814,0.5985823
1930,925338,0.760811,0.875,1.215386,0.47028792
1032,908127,1.646094,1.890625,1.9376994,0.59241295
2110,910920,5.844219,3.796875,0.9180186,0.44237918
1060,906835,1.375368,1.6640625,2.2397158,0.59868497
1919,687819,2.64891,1.859375,1.4198456,0.5225331
1080,909907,0.514481,-2.21875,5.7417374,0.8326489
1598,1240223,5.290587,4.6875,0.8806979,0.48396215
1012,907318,2.1903,1.1953125,0.8117647,0.39931557
1034,906746,-2.162029,-2.546875,2.4146793,0.5220616
1072,753540,3.351639,5.3125,0.8906565,0.49449852
1239,753608,1.433703,2.5625,2.2630317,0.63307095
1578,909755,5.094266,5.46875,0.7331407,0.447591
1825,1503365,0.01142,-0.37109375,2.1471267,0.5562591
1010,907318,1.852189,2.875,1.2044541,0.5158266
1559,909699,2.637268,-2.0,2.9122267,0.61021155
1058,1240172,1.957756,2.09375,2.1698403,0.6509361
1933,688121,6.096666,4.53125,1.6151271,0.6064101
1854,910933,5.7023,5.25,0.83290935,0.48433322
2171,906849,2.743866,1.84375,3.2819614,0.7268047
1048,1503367,5.533198,6.4375,1.122935,0.6429972
1373,909249,3.273279,3.671875,1.4112086,0.5488188
1073,907066,7.395906,3.984375,1.9008175,0.6789651
1827,906696,2.785979,2.15625,2.6332788,0.6363049
1091,687568,1.183835,2.421875,1.6095672,0.56926244
2177,909249,1.586908,1.390625,1.5115112,0.49425542
1007,907169,-5.017845,-3.390625,4.862531,0.76135546
1908,687505,2.061406,2.578125,1.5519687,0.546183
1046,908461,3.520552,2.859375,2.1306338,0.6331785
1088,905964,1.475704,0.52734375,5.230656,0.9058063
1922,946354,1.416748,2.6875,1.3461204,0.542359
1170,687596,4.490266,3.078125,1.7167842,0.5923828
1778,910903,1.682463,3.515625,1.7888503,0.602293
1811,1303900,-1.597902,-2.921875,4.204719,0.6810282
1936,1298348,2.911571,3.28125,1.503034,0.5728816
1021,907066,5.557206,3.203125,1.454704,0.5407378
1083,906746,2.070498,3.28125,1.5265273,0.5760247
1047,749716,5.002523,4.0,1.5565535,0.58441824
1816,907322,4.633425,2.875,1.3188055,0.48777786
1011,1298358,-0.279454,2.390625,3.011503,0.71242386
1067,910911,5.761892,5.625,0.46614218,0.36159748
1072,910911,6.027418,5.09375,0.89431036,0.47649032
1581,909709,1.383175,3.15625,1.9476168,0.6276759
1016,1298537,-0.537928,0.43945312,3.2904139,0.6260956
1024,906835,1.097649,0.24804688,2.7672021,0.60305476
1561,687455,3.248052,2.703125,2.2878506,0.6863383
1058,905986,2.187625,1.75,2.009171,0.6290917
1939,1298141,3.908455,3.171875,1.918731,0.6183666
1029,1299062,7.335163,5.4375,0.48330316,0.37202066
1706,1240186,3.372547,2.46875,3.0933795,0.74114335
1378,687455,1.098437,2.828125,3.040151,0.70137733
1810,925338,2.330516,0.66015625,3.7306933,0.7252949
1812,1240198,4.307744,2.96875,3.0450487,0.69671756
1855,907291,3.742752,4.5,1.3704606,0.5329719
2110,713880,4.221502,4.75,0.90121555,0.48016942
1631,910911,3.882963,3.578125,1.4743148,0.53452754
1618,688121,5.34466,4.03125,1.4543767,0.55993825
1268,1299062,5.935106,4.5625,0.7780358,0.4409502
2039,907066,4.184352,3.53125,1.1810588,0.51889974
1931,907271,6.117908,6.125,0.57930636,0.40642688
1084,908461,-2.239638,-1.765625,2.7031956,0.51074034
1168,1240186,2.742261,3.078125,1.2733434,0.52355623
1032,1240223,2.649632,1.703125,1.7828808,0.57181746
1069,905950,3.864074,4.15625,1.120386,0.5248384
1779,909757,0.374503,1.46875,2.1081398,0.6063198
1250,908150,0.962085,1.984375,2.4709435,0.67254716
2498,687997,7.819186,8.5625,0.77710116,0.43256328
1021,910781,0.883377,3.359375,1.1478205,0.48287585
1024,724831,-0.419693,-0.51171875,2.2723007,0.56100136
1052,753608,3.365372,4.1875,1.2197815,0.54700446
1510,905982,5.801652,4.625,0.9537341,0.48763213
2154,1298136,3.073249,3.203125,0.7373078,0.4114699
1067,905964,4.296061,4.625,0.49382585,0.33485353
2055,1299062,2.538021,1.3828125,1.9138857,0.56081504
1177,909747,7.139428,4.375,1.0870559,0.53198785
1053,906696,2.170741,4.21875,1.6466333,0.6182392
1817,688025,-6.131413,-4.75,1.8376857,0.43473682
1046,910911,4.068973,2.421875,2.0236723,0.5985716
1237,1298350,5.44762,5.46875,0.65852314,0.40409786
1010,687802,2.785947,3.75,1.5640365,0.6051966
1996,1298157,3.861757,4.09375,1.3408155,0.5485054
2172,724831,0.953266,1.9453125,2.7183764,0.6919258
2171,687455,3.849569,2.25,2.778987,0.69206744
1614,1503367,3.315359,5.4375,1.4796411,0.663537
1615,910911,5.528033,5.5625,0.64246863,0.42447847
1096,906849,2.179657,2.390625,3.1574807,0.7284459
1401,753575,4.488983,3.171875,1.8268876,0.6461231
2047,1298358,-0.667061,3.078125,2.0709984,0.62128425
1511,687590,-1.294607,-0.78125,3.7249503,0.6663554
1089,907291,2.044691,4.5,2.6010404,0.6366482
1053,1240223,6.318814,3.421875,1.4810742,0.57890135
2148,1240127,1.16869,1.375,1.1680939,0.45656803
2499,909709,10.914107,9.75,2.0061655,1.0883319
1779,925338,1.001114,1.5859375,2.0650403,0.6022842
1250,1303900,2.42586,2.359375,2.752879,0.71003973
1133,906843,5.212139,3.953125,1.1330158,0.53486335
1918,749710,2.088731,4.09375,1.2854924,0.5449435
1845,1240172,3.655949,1.75,4.1719117,0.76667315
1237,910933,4.124089,5.75,0.68296415,0.41749126
1168,908465,1.983462,2.75,1.1468726,0.4962092
1617,753622,3.934669,1.4140625,3.0386565,0.6517949
2148,724859,2.665373,1.515625,1.258579,0.47730485
1806,688025,2.486009,4.625,2.519335,0.6301393
2038,753608,4.489609,4.90625,0.9940452,0.49659526
1922,1298365,2.259587,2.421875,1.3143232,0.5189374
2170,905968,0.749712,3.6875,1.856599,0.61005193
1237,909724,5.124714,5.25,0.66017824,0.39996436
1004,687505,-4.986046,-3.65625,3.7808342,0.67635244
1580,724831,5.428435,5.1875,0.6270457,0.43660852
1814,753554,6.256372,6.4375,0.7648897,0.44649583
1873,908127,0.268484,1.8515625,1.6205777,0.58755654
1576,753540,3.25349,3.515625,1.2932011,0.52368546
1200,909975,4.33084,3.984375,1.2938799,0.51867706
1580,905986,6.020661,5.28125,0.70673645,0.44376925
1927,905986,5.074311,5.21875,0.6381587,0.42270193
1561,749716,2.472949,1.578125,2.3428504,0.64941657
1058,909257,0.127964,1.5625,1.758842,0.5950945
1849,909975,1.155348,-0.58203125,1.8427389,0.51079017
1372,1240160,2.139938,0.6796875,3.1436148,0.67965984
1036,906746,6.353546,4.75,1.1102022,0.5295124
2046,907271,1.411709,4.15625,1.7504487,0.63149416
1927,1298537,4.865899,5.1875,0.6568868,0.42744097
2439,949179,7.484768,9.6875,0.8455293,0.48043528
1200,910920,3.420767,2.90625,1.2479453,0.4709037
1268,753620,4.306246,4.09375,0.9707234,0.46418026
1786,753608,3.270811,3.1875,1.6454062,0.5677536
1034,908121,-2.613268,-2.71875,2.543459,0.54990417
1632,907169,3.853246,4.03125,1.315667,0.53821754
1779,910920,0.652283,0.31445312,2.0588698,0.5812849
1598,905968,4.62452,4.4375,0.91864085,0.4807071
1913,687780,4.479613,5.3125,0.8880589,0.4830082
1782,910851,4.97011,5.53125,0.6898755,0.4370663
1634,909724,4.366824,4.46875,0.9176146,0.46795753
1042,687568,6.407728,5.03125,0.8046192,0.46788257
1011,906835,1.736668,2.453125,2.3922358,0.6481779
1068,910780,-0.187048,-0.29296875,1.7769214,0.52068114
1192,909907,2.917767,3.484375,1.8575139,0.6602161
1720,908121,-0.021124,3.890625,1.981022,0.65730006
2109,906868,1.627772,3.046875,1.3158628,0.5248259
2175,749716,4.747102,4.53125,0.94244105,0.48684946
1026,908127,-1.797729,-0.13671875,2.5686984,0.5509884
1909,687819,2.724761,2.546875,2.4928691,0.6663538
1622,724870,5.27134,4.0625,0.7298981,0.41366825
1042,687802,7.029246,5.6875,0.89318603,0.5233983
1200,1240186,3.459011,4.125,1.2782414,0.5229074
1021,1331048,0.617185,1.46875,1.3561379,0.47726437
1033,1240145,4.818749,5.125,0.54965514,0.39050332
2037,1298141,6.554413,4.09375,1.3638468,0.56649935
1561,687794,1.591254,3.078125,2.3466885,0.7006767
2439,998189,9.800466,9.75,0.8443017,0.49285173
1033,1298136,6.829148,5.5,0.7949532,0.4816168
1054,906746,2.884906,3.859375,1.5634756,0.5782724
1441,906842,-0.032016,0.86328125,1.7830278,0.56638104
1191,906868,-5.485977,-4.6875,0.82192725,0.34489647
1620,753608,6.902022,5.84375,0.52067584,0.4011606
1010,749716,3.288063,2.609375,1.5566585,0.55055
1494,724870,-3.088935,-4.34375,2.5266,0.5733564
1557,906835,6.734206,5.59375,0.82563144,0.45721823
2055,1298365,2.403509,1.1953125,1.9013091,0.55974567
1634,905972,5.30605,4.625,0.83166534,0.46174625
1191,909257,-5.303383,-4.625,0.88261783,0.36754578
1782,906842,2.539392,4.40625,0.66539514,0.38198805
1019,908465,2.417015,3.0625,1.7661405,0.59464675
1811,909709,-1.053249,-2.703125,4.893844,0.74210936
1706,906696,1.315956,3.5625,3.0024803,0.76089305
1507,688121,5.01713,5.09375,0.68108696,0.40270957
1593,909731,-0.199178,2.75,2.1554022,0.6141891
1918,924248,2.106659,3.625,1.3813698,0.553749
1940,907291,3.353193,3.953125,1.0975466,0.50368273
1237,925338,5.667269,5.40625,0.6200687,0.39184025
1512,909975,5.755785,5.8125,0.53790075,0.3733593
1631,688025,2.802179,3.640625,1.6931845,0.56730366
1073,1240153,5.151554,4.03125,1.969136,0.6861857
1931,1240160,6.080092,5.96875,0.70622915,0.4367084
1042,924189,3.749716,5.0625,0.8803301,0.4775734
1618,1240144,3.5603,4.1875,1.1971538,0.5246272
1779,907291,0.276391,1.328125,2.1038706,0.6107518
1849,1240192,-0.306882,-0.65234375,1.5582334,0.48325488
1996,905972,2.956471,4.125,1.287312,0.5485054
1190,907169,2.33449,-1.1015625,6.2758927,0.85212374
1083,1240144,2.676268,3.296875,1.574579,0.5708793
1996,908465,5.196298,4.09375,1.3334725,0.55670875
1810,1240223,-0.566772,0.5390625,3.2153635,0.6896987
1017,909907,5.944279,4.84375,1.3781033,0.5753415
1578,925340,4.922157,5.1875,0.7356997,0.44800568
1845,905986,1.286778,1.21875,3.989707,0.73823494
1067,909755,5.632592,5.71875,0.475988,0.3643522
1913,1298168,4.836586,4.28125,0.74103343,0.40408117
1058,905950,0.64742,1.984375,2.1657162,0.6496989
1072,1240186,5.784248,5.1875,0.9141624,0.4933799
1510,905950,3.758748,4.6875,0.9767481,0.498114
1023,1298365,2.971371,3.296875,1.0004405,0.4614826
1016,907169,2.575478,0.3359375,3.2300935,0.6018239
1062,688087,2.085923,3.859375,1.7235852,0.6065798
1008,925346,-1.49174,0.0053710938,3.279254,0.6818375
1852,1240182,5.518627,5.03125,0.70361274,0.42085513
1849,909755,1.152677,-0.13671875,1.875159,0.51505023
2107,724870,5.216548,4.5625,0.65149814,0.41645023
1940,910899,3.252607,3.859375,1.2946436,0.53638864
1925,908121,4.13749,5.0625,0.7307332,0.44270957
1010,1503367,4.009973,4.375,1.7494235,0.67693126
1378,1303900,5.70307,3.0625,2.9856372,0.6945559
1003,909257,-3.767197,-2.265625,3.2835355,0.6247868
1049,909975,4.03708,3.96875,1.4044343,0.54343927
1030,687997,6.113228,5.1875,0.56499475,0.39167133
1058,1298538,0.416849,1.953125,2.0746567,0.6312806
1494,925346,-3.500693,-3.625,2.5566628,0.5801785
1615,909755,6.13836,5.71875,0.64636725,0.42868245
1924,910911,5.449809,3.09375,1.6204466,0.54826915
1941,1240160,2.999507,-3.625,2.7466896,0.5582062
2109,908461,2.085454,3.3125,1.2899623,0.5277022
1940,1330935,4.323384,3.6875,1.2230729,0.52648175
2438,924100,11.946109,9.8125,2.516579,0.99866194
1069,1298348,4.739433,4.09375,1.0383765,0.50295967
1191,749716,-3.786338,-4.9375,1.0599316,0.38238233
1620,1298350,5.991884,5.625,0.52767974,0.38609478
2107,1298538,5.917255,5.28125,0.678654,0.4360237
1032,1240127,2.580751,1.65625,1.8083582,0.5716726
1179,906849,-0.100324,0.66796875,2.2951589,0.6107518
1022,907066,0.204099,0.095703125,2.9654162,0.64625144
1372,910899,2.302303,0.21289062,3.1914718,0.673933
1786,906842,1.745722,1.78125,1.5865617,0.5137935
1017,1240198,4.769012,4.6875,1.2658421,0.5311717
1908,907169,1.941157,2.84375,1.8189921,0.5862228
1031,1240144,-3.930738,-0.83984375,2.9226308,0.6030476
1073,906842,1.477367,2.5625,2.3586094,0.6879058
1026,1298141,0.552175,0.040039062,2.6323304,0.5558608
1091,906849,3.02638,2.421875,2.0822852,0.6246702
1811,906835,-1.602416,-3.0,3.7971551,0.649311
2158,909785,1.044094,3.140625,1.3518872,0.5126912
1553,909720,3.315559,3.65625,1.5835464,0.5827785
1940,1298358,5.684147,4.34375,1.2875291,0.5556448
1050,908461,2.428443,2.84375,1.6740851,0.5920808
1736,907322,4.903939,2.890625,1.8832226,0.59533936
1248,1240144,-3.605741,-3.03125,4.8725414,0.7891938
1814,905986,6.636792,6.53125,0.80193007,0.45801002
2110,910781,5.326278,4.78125,0.69113326,0.42465138
1557,1240198,5.420346,5.5,1.0268072,0.4960776
1131,1240153,3.101875,4.28125,1.8095536,0.6152598
2045,907269,1.353781,4.375,1.1289624,0.51018566
1511,1290797,-1.332864,-0.43945312,3.608957,0.672413
2037,906843,5.418875,3.84375,1.4053093,0.5605013
2011,1240186,3.624622,4.90625,1.0514054,0.5118988
1199,1290797,3.45067,4.28125,1.3347937,0.5601051
1817,688013,-7.071202,-5.125,1.6137443,0.41807494
2154,687802,3.796093,3.53125,0.7119633,0.42367277
1817,908121,-5.365257,-4.65625,1.8656151,0.48332748
1624,946359,3.848771,2.796875,2.6620772,0.7052179
1613,1240145,4.093411,2.890625,1.5626017,0.5637262
1268,910920,2.470773,3.703125,0.9327182,0.43468687
1809,906746,0.934973,0.3125,3.3024855,0.66613436
2010,906696,2.107625,4.875,1.4700534,0.5953023
1179,908127,-0.46398,1.03125,1.8821813,0.58372086
1615,1298537,4.934622,5.46875,0.6351121,0.42551026
1022,1298136,1.17475,0.41992188,3.1290252,0.6659263
1029,906836,3.309494,5.25,0.65663385,0.42241338
1626,907175,1.489451,1.3515625,2.9108436,0.68284476
1613,909907,6.164822,3.671875,2.3341522,0.7136204
1578,687802,5.194863,5.84375,0.805211,0.50238675
2048,905982,-1.912644,-2.5,3.805307,0.6589749
1088,1303900,4.140346,3.265625,4.0150876,0.8348354
1814,1240127,6.842764,6.1875,0.7922644,0.4524896
1168,753620,3.874272,2.296875,1.1838471,0.4794022
1029,910567,6.056087,4.9375,0.5827244,0.39239395
1803,753612,5.963176,4.625,1.4590765,0.6169542
2359,1298157,5.364371,5.5625,0.6484349,0.41873428
1847,909749,6.55714,4.75,2.1694522,0.7093983
1511,1503365,1.408817,-0.5078125,3.3593292,0.63920873
1036,1298538,5.082993,4.71875,1.1317563,0.5233983
1012,906827,1.504018,2.421875,1.4049704,0.509386
1808,905964,-0.108517,-1.4921875,4.4236555,0.77096856
1632,906696,3.996707,4.8125,1.3357916,0.572074
1512,687590,5.022705,5.5,0.4937843,0.35058954
1190,906827,-0.337557,1.078125,7.6067905,1.0166149
1847,908150,5.54433,4.6875,2.1536653,0.70423615
1631,1240160,5.875974,3.890625,1.8271881,0.603314
1133,910899,3.282018,3.734375,1.2571644,0.5425406
1032,1298157,1.656334,1.671875,1.843621,0.5745005
1924,1298350,2.132622,3.375,1.7839742,0.5749373
1463,905972,3.3937,4.03125,1.1988548,0.55300707
1557,1503367,3.868122,6.75,1.1999207,0.63932014
2044,687455,3.753149,4.15625,1.3251445,0.582204
1052,687455,3.875389,4.125,1.3645582,0.57698816
1720,1674021,6.489336,4.125,1.9431583,0.6510577
2110,907795,4.440431,4.84375,0.93673146,0.48389998
1580,1240145,5.249576,5.0625,0.6126565,0.40890843
1062,925346,3.552104,3.453125,1.3603735,0.5290491
1017,724859,4.357745,4.75,1.1035683,0.52770394
1779,1330935,-1.532532,1.375,2.4204419,0.6618025
1373,687794,4.77569,5.0,1.3013768,0.58061236
1083,687997,4.629042,2.984375,1.7445873,0.58739
2109,907299,1.894092,3.171875,1.3545024,0.53480154
2154,1240153,1.871575,2.96875,0.7343542,0.38925496
2045,753620,4.013097,4.34375,1.0263549,0.48826393
1736,1240145,3.004606,3.484375,1.3383987,0.5257811
1720,1303900,1.560234,4.5,1.9260746,0.6484955
1175,909975,5.16469,4.3125,1.2465694,0.5462826
1996,949090,5.355461,4.03125,1.4357752,0.5500032
1019,1240223,4.524831,3.1875,1.7108631,0.5932535
1908,1298537,3.300471,2.8125,1.7189221,0.5787487
1375,1240127,6.938396,6.5,0.6556005,0.44567525
1085,905964,1.624907,2.0,1.3100032,0.49930787
1061,1331048,2.054021,2.765625,1.1028396,0.48083043
1010,907169,3.721057,3.328125,1.5569618,0.5787487
1088,907299,1.514507,2.703125,4.0149117,0.82214165
1005,905950,2.168788,3.46875,2.8677654,0.7110848
1046,687505,1.060869,2.390625,1.9411854,0.59915465
1168,909747,5.07335,2.6875,1.193311,0.5007362
1922,910781,0.855006,2.875,1.2329302,0.51736116
1634,910903,4.450547,4.71875,0.86828434,0.46262366
1463,910911,3.380709,3.890625,1.2023336,0.5405637
2046,907322,1.189331,2.109375,2.7330194,0.69260585
1083,1330935,0.846242,2.75,1.9411883,0.62259096
1838,1298350,3.56035,3.984375,1.3445694,0.49979898
1626,713880,3.756547,2.28125,2.6032698,0.68045473
1910,753554,0.247171,2.609375,2.3251493,0.650448
1557,924189,5.362244,5.125,0.9836097,0.48260376
2045,946359,6.232847,4.6875,0.9964687,0.500377
2057,910903,5.43877,5.09375,0.6990731,0.43173134
1831,908121,3.236302,4.34375,0.9154273,0.4716779
1626,1240192,4.279158,2.40625,2.2110872,0.6418767
1614,907175,4.824529,3.34375,1.3493537,0.51950425
1908,687794,1.168376,3.296875,1.9487857,0.6160657
1617,753554,3.775862,2.046875,3.022857,0.6484059
1913,907175,3.493197,4.15625,0.9595698,0.44950494
1811,909907,0.112137,-2.890625,4.4412704,0.6992415
1916,909757,2.326833,2.96875,1.9007492,0.6155403
1838,906827,4.545919,5.09375,1.4918786,0.56862974
1248,753622,2.782674,-4.0625,4.4694796,0.799544
1862,907063,-2.759168,-1.484375,0.36537752,0.27760923
1190,753554,-1.962287,-1.1796875,5.9672523,0.8380759
1845,753620,-2.041794,-0.20703125,4.540761,0.7485311
2047,1298136,3.312811,2.859375,1.9115072,0.5985121
2439,906746,9.175886,9.875,0.8549291,0.5313675
1941,1240127,-4.74697,-4.1875,2.225855,0.5265651
1175,910399,2.935957,4.09375,1.1147858,0.50897497
2173,753622,3.250417,3.734375,1.0845989,0.50287944
2171,909726,2.288063,1.828125,2.6186855,0.65214664
2438,909750,10.571279,9.75,2.1040382,0.9103393
1635,1298358,5.506803,5.875,0.46228954,0.37142822
1736,906868,5.395998,3.734375,1.6490227,0.5949036
2037,910933,5.283559,4.1875,1.4282569,0.58131796
1036,907322,2.876997,3.5,1.4381588,0.5481544
1050,1674021,3.462771,2.640625,1.77464,0.60043967
1853,687568,2.678138,4.59375,1.1053813,0.51515526
1372,909720,-0.468712,0.66015625,2.4281144,0.6099763
1060,905968,-1.712715,1.03125,2.187677,0.5847747
2040,687794,0.724453,1.96875,2.463101,0.66737884
2170,907795,4.442433,3.8125,2.051362,0.6241925
1624,1290797,3.845021,3.265625,2.2767391,0.6830049
1372,724859,-3.396511,0.5625,2.4970248,0.61648285
1049,910920,1.132236,2.828125,1.2962304,0.48183054
1915,1322212,2.835421,2.421875,1.8017706,0.5750966
2359,749710,6.165825,5.9375,0.66035295,0.41729704
1021,1240127,2.06326,3.34375,1.3402926,0.5238746
1799,1659818,4.017924,3.8125,1.8940065,0.62842846
1034,949090,-2.018506,-2.484375,2.7947779,0.5637262
1007,909907,-1.042408,-2.5625,6.3822494,0.9003432
1613,687590,5.042927,3.140625,2.122841,0.6490162
1845,907269,-1.650886,0.23046875,5.1846833,0.8208416
1249,906696,2.364806,4.59375,1.3948268,0.5764285
1096,907063,2.278951,1.1640625,2.6880214,0.6551175
1048,905982,4.890385,5.1875,0.7665172,0.45613652
2439,909709,9.691364,9.9375,1.2145753,0.7264795
1835,1240186,6.411524,4.40625,1.3917735,0.5096533
2044,1240172,2.714135,4.28125,1.3060069,0.57232976
1632,906842,1.259952,2.65625,1.2185777,0.481134
1913,910920,5.513818,3.921875,0.8867242,0.41859636
1926,1298348,1.88127,1.234375,2.1932871,0.6367094
2171,713880,1.027119,1.8046875,2.7899394,0.67704874
1512,906843,4.668645,5.625,0.5392373,0.36265138
1854,687505,5.155062,4.9375,0.72583467,0.45518008
2047,687802,3.783167,3.28125,1.8655056,0.6159659
1250,908127,1.435404,2.125,2.5905104,0.68625903
1047,906827,4.163796,5.78125,1.4831012,0.66168916
2039,907269,2.372886,3.1875,1.3579321,0.5307693
1069,1240159,4.188611,3.96875,1.0163219,0.5103463
1913,908461,6.582902,5.125,0.7786525,0.4487321
1634,1298358,4.358646,4.875,1.0767246,0.5109106
1911,1298358,-3.202047,-2.984375,4.3531733,0.6891965
1776,1298350,3.639318,4.625,0.997539,0.48817968
1924,688025,3.88039,3.203125,1.9404025,0.58763736
1594,905968,2.346748,3.0,1.646716,0.59407145
1558,1290797,2.765818,3.640625,1.4342856,0.5634497
1838,924100,4.312019,4.125,1.5862494,0.5314749
1831,907169,3.75354,4.5,0.9134489,0.47431025
1033,1240172,4.975036,5.5,0.6752102,0.44048226
1922,1240160,2.949267,3.0625,1.7881824,0.617019
1811,906696,-2.114771,-1.8359375,4.995185,0.7574768
1825,907269,-2.070856,-0.73828125,2.7288258,0.6141992
1613,925338,1.678751,3.28125,1.9939404,0.63034034
1031,753622,-2.511745,-1.71875,2.81746,0.60914403
1931,906848,5.303014,6.125,0.778962,0.4426113
2439,908461,9.677227,9.8125,0.85828567,0.5160073
2106,910911,4.793444,3.375,1.7101786,0.57862955
1563,1298157,5.659315,5.9375,0.6477458,0.41935474
1862,749716,-0.894636,-1.484375,0.41632265,0.28679305
1083,909785,0.976509,1.7265625,1.6981683,0.5634497
1622,909709,4.846835,4.90625,0.9671378,0.49832195
1019,687802,3.638287,3.6875,1.9289533,0.6400237
1910,906842,-2.432838,0.6796875,2.699269,0.6494752
1564,1240159,2.415422,2.921875,1.9454105,0.60621965
1838,925338,4.444848,3.953125,1.2419198,0.48298243
1053,909724,1.497397,3.15625,1.6653994,0.58900887
1079,1240153,4.142721,1.296875,3.4411414,0.7323516
1559,909257,-1.831517,-2.015625,2.3040533,0.556751
2154,1240192,2.131172,3.125,0.65334797,0.3794317
2045,906835,6.546247,5.3125,0.82549673,0.4757281
1940,753554,3.416068,4.15625,0.9753903,0.48602247
1582,687455,3.377806,5.0,0.89972824,0.48185268
1029,909757,6.023498,5.6875,0.57076865,0.4080569
1239,1298358,5.284714,2.640625,2.9421504,0.7139866
1025,909731,5.072926,5.25,0.9504847,0.49865332
1006,688025,3.042666,1.6796875,5.627477,0.8361719
1811,909731,-3.847008,-3.609375,3.5892043,0.6295819
1618,909709,3.248664,4.5,1.5576576,0.5997017
2173,907278,2.983855,3.765625,1.3061442,0.5289268
1059,749716,0.851528,-0.42773438,2.5301566,0.6036341
1054,910911,5.65804,3.59375,1.6225804,0.5626409
1052,908150,5.850245,4.0,1.2284313,0.5424824
1802,907794,4.58964,4.59375,0.74133235,0.43720847
1813,688013,5.687492,5.25,1.6459391,0.56793743
1037,753608,2.470236,2.8125,1.6159364,0.568695
1634,905982,5.902858,4.71875,0.869472,0.46206477
1029,910899,5.712603,5.3125,0.6350021,0.40745905
1067,909724,5.450724,5.40625,0.48417467,0.36073256
1813,1240144,6.04182,5.84375,1.417621,0.5597228
1706,724870,-1.423342,0.87109375,3.1372023,0.7267809
1815,724859,4.754346,6.21875,0.73355377,0.5075606
1006,687505,0.468724,1.390625,4.656248,0.75416124
1191,1298350,-4.764441,-4.34375,1.0091116,0.376985
1190,924100,-2.882548,-0.41015625,6.9873567,0.9374699
1093,907271,6.262544,4.78125,0.9180214,0.479147
1786,753554,1.770404,3.09375,1.5540962,0.5469317
1578,906835,6.416244,5.5625,0.7027196,0.4474788
1034,1303900,-0.350597,-2.078125,2.8828452,0.568695
1022,1659818,-0.539572,0.008300781,3.0105832,0.6613639
1083,687455,2.967785,3.375,1.7645586,0.61489654
1847,753608,2.654716,4.9375,2.206478,0.7321061
1918,1240160,5.511615,3.796875,1.5236441,0.592545
1939,905972,3.904521,2.875,1.79547,0.5957342
1855,909731,2.747881,4.625,1.429184,0.5447336
2040,1659818,0.378625,1.1328125,2.3347495,0.6501426
1079,909720,2.308482,1.765625,2.7307394,0.6771081
2173,1240159,3.645561,4.125,1.1448562,0.5213646
1816,907318,3.452533,3.484375,1.014951,0.46577826
1913,1298157,5.098272,4.96875,0.780705,0.44360167
1378,713880,2.834803,2.296875,3.0039423,0.6816787
2438,1298141,11.544296,9.875,2.2819679,0.97728896
1913,924100,6.239709,5.125,0.8897693,0.46201456
2043,907063,5.776467,4.40625,0.7660593,0.41344762
1441,713880,0.702274,2.0,2.0584576,0.6204465
1843,907791,1.368493,-1.0546875,4.462591,0.76310015
1259,910780,3.617733,1.921875,2.614685,0.6684672
1058,910911,0.530811,1.46875,1.9458575,0.6121946
1617,907291,3.353839,1.71875,3.3959248,0.6699096
1845,946359,5.250059,0.4140625,4.5641193,0.76611406
1006,906868,2.060523,1.1953125,4.9044585,0.76792026
2439,753554,8.925386,9.75,0.7461592,0.45263422
1922,1240182,5.318083,2.90625,1.5958885,0.5728816
1576,1240172,3.725384,3.609375,1.3955375,0.5372851
1557,946354,3.181608,5.15625,0.8653788,0.46584994
1250,998189,3.02817,1.9921875,2.4990087,0.6771081
2159,1240159,4.478078,4.28125,1.2216401,0.5492438
1843,1330935,-1.977517,-0.94921875,4.856206,0.8252452
1529,907291,1.724678,0.625,4.447224,0.7701373
1010,1659818,2.809203,3.09375,1.5009413,0.5692186
2148,909749,1.668621,1.3671875,1.2850614,0.48248473
2158,924239,2.949493,4.15625,1.3557007,0.537987
1778,925338,4.255374,3.421875,1.7611259,0.5958673
1047,687455,2.497196,5.0,1.3584468,0.6045238
1047,909709,5.710401,5.3125,1.6626726,0.68017185
1032,1240172,4.348121,2.09375,2.085199,0.61101395
1014,907299,0.051906,2.46875,2.6920164,0.67333055
1927,1503365,7.301521,5.28125,0.63224375,0.42627838
1025,949179,5.128633,4.9375,0.87703896,0.47334415
1069,1298358,5.41521,4.21875,1.3047976,0.5645375
1809,1330947,-4.129882,-1.8203125,3.4508643,0.6520045
1559,1240160,-1.644634,-1.625,3.0214443,0.60944635
1003,910899,-2.960256,-2.53125,4.2173233,0.69110596
1622,910933,2.470262,4.9375,0.83069414,0.4635861
1624,906868,4.764083,3.0625,2.3097098,0.6831771
1378,925338,5.351646,2.734375,2.722231,0.663455
1996,907169,3.452644,4.1875,1.4584056,0.57292503
1529,998189,1.012901,0.88671875,4.176454,0.7422101
1036,1674021,3.110122,4.5625,1.2066723,0.5411256
1080,1299062,-1.365165,-3.5625,3.551202,0.6310947
1191,909699,-4.154909,-4.375,1.1701704,0.39982212
2156,908465,3.28217,3.15625,3.008789,0.6970319
1922,907063,1.793843,2.046875,1.3712194,0.5174203
1815,1298537,5.72261,5.90625,0.66808474,0.46342838
1080,753622,-5.509801,-3.78125,4.032639,0.70282096
1932,910567,5.635092,2.203125,1.9751503,0.5981605
1932,949090,2.820077,3.046875,1.8196843,0.5892882
1083,1330983,0.486979,2.875,1.9329505,0.6199488
1084,1240198,-1.118995,-1.328125,3.207781,0.5590621
1017,905950,4.329319,4.65625,1.1555524,0.51555246
1007,907274,-3.685952,-2.8125,6.085716,0.8662794
1032,1330983,1.052045,1.6953125,2.0895076,0.6151514
1168,1298141,4.900589,3.109375,1.2345896,0.51280993
2010,905964,1.907111,2.71875,1.5421382,0.5373896
2096,907791,2.973353,2.78125,1.788235,0.5847425
1621,1330983,4.26452,4.40625,1.290216,0.5525555
2047,905964,2.178047,1.9296875,1.6450597,0.53792506
1853,907794,3.431816,5.0625,1.129203,0.5371914
1804,724831,6.562032,5.0,1.1012441,0.58222854
1079,946359,5.601392,1.1171875,3.4620636,0.7254213
2046,906813,0.788131,4.3125,2.0320199,0.7080989
1463,909731,2.129712,3.984375,1.3659887,0.5746569
1039,753608,6.075688,5.375,0.9884504,0.47754642
1079,909750,-0.11558,1.4375,3.0954463,0.69671756
1862,906746,-0.591516,-1.015625,0.3807618,0.2925457
1720,907169,5.004975,4.25,1.9505854,0.65354615
1067,909975,6.117382,5.65625,0.5148653,0.37648323
1816,906842,2.592563,2.796875,1.1507975,0.46131963
1560,909699,4.723511,3.734375,1.6095442,0.54725534
1634,687794,4.253016,5.0625,0.9876386,0.50107944
1259,909907,6.13797,3.609375,2.7932978,0.76028633
1918,1240144,3.042975,3.75,1.2109838,0.5293324
1862,753608,-1.146026,-1.0859375,0.38154534,0.2907944
1131,1331048,2.829941,2.125,2.3009205,0.6291227
1072,724870,4.464826,4.375,0.8983915,0.4652914
1706,998189,1.393687,2.203125,3.0563967,0.72918224
1042,753612,5.750561,4.625,0.91742116,0.4727052
1008,924248,2.689147,0.7265625,4.4994583,0.7892495
1050,907278,1.971373,2.359375,1.8401951,0.5988228
1192,924248,2.249137,3.125,1.7407748,0.61566716
1022,1503365,0.488149,0.38476562,2.6893146,0.61787224
1549,906696,5.026716,4.9375,1.2377727,0.57242715
1843,909747,1.390735,-0.98828125,4.000206,0.72037154
1062,906848,3.941711,4.21875,1.9747095,0.6394917
1922,909731,1.866669,2.875,1.6220762,0.5793997
1259,909720,4.670471,3.359375,2.046412,0.6469281
1559,1331048,-3.130372,-4.0625,2.270162,0.5556602
2156,1240184,3.563389,3.21875,3.1690135,0.7017918
1033,907318,4.87354,4.8125,0.5828184,0.39419922
1511,908150,-0.520682,-0.5703125,3.4883764,0.64994663
2498,907278,7.456421,8.4375,0.8025662,0.43989345
1940,753620,2.438018,3.484375,1.1567456,0.49666086
1843,905950,-2.402394,-0.04736328,3.9135575,0.7191954
1560,1298350,4.259314,4.03125,1.4773573,0.55747074
1802,908127,3.837144,4.375,0.75177276,0.4282615
1014,910899,4.538393,2.234375,3.1343343,0.7054704
1812,909975,4.12011,2.578125,3.0192883,0.69082355
1927,687596,5.060487,4.78125,0.70305324,0.42757815
1057,687505,-2.401562,-1.640625,1.858819,0.5199946
1034,1299062,-0.658554,-3.078125,2.0691319,0.48134702
2106,1298537,2.081015,3.46875,1.7302661,0.59410584
1510,908127,4.070405,4.625,0.9813437,0.50304294
1635,687802,7.071457,6.125,0.4341999,0.3828397
1936,1240159,3.97428,3.125,1.4654814,0.5728066
1003,688013,-5.422095,-2.640625,3.9768026,0.67580277
2498,1331048,7.564796,7.1875,1.0142916,0.51327795
1621,687505,3.228549,4.6875,0.9654025,0.50909585
2047,1299062,1.721177,2.5625,1.5752499,0.54354584
1032,1240184,1.491004,1.5625,1.8135637,0.57057303
1843,1298348,0.528241,-0.27539062,3.6268277,0.6852509
2096,907278,2.473431,2.90625,1.8125167,0.60139024
1085,906746,3.305665,3.078125,1.2535872,0.52202743
1373,925340,3.891069,4.5,1.1918359,0.5441535
1375,907322,6.141705,5.4375,1.0092425,0.49902022
2096,925338,4.259415,3.21875,1.6589557,0.5867299
2171,909709,4.917618,2.5,3.0895875,0.74023485
1873,687590,1.03578,1.609375,1.6539643,0.5792092
1583,907271,2.770131,3.484375,0.69443953,0.39866176
1003,998189,-3.015675,-2.0625,3.6885395,0.66424555
1006,910920,3.202695,-0.3515625,5.39864,0.7942865
1810,749710,0.157373,1.5,3.6780856,0.73093575
1933,906696,3.055478,5.625,1.4819179,0.63790363
2043,1298358,5.790699,5.5625,0.92903686,0.50399655
1873,910911,0.889817,1.5078125,1.5041118,0.56190765
1786,687568,1.052178,2.890625,1.6646594,0.56047887
1854,908121,5.400537,4.8125,0.83531654,0.479536
1191,907269,-6.082071,-4.9375,0.95662993,0.35030812
1053,1240182,3.90395,3.265625,1.6904308,0.58616847
1631,907274,1.522379,3.828125,1.7643487,0.5741414
1133,1330935,4.117868,3.515625,1.2657514,0.54346365
1016,906813,2.321339,0.9921875,3.3413346,0.63131005
1581,907322,2.931397,1.7421875,1.7707623,0.5597875
1564,905968,-0.300301,2.640625,2.0644639,0.61063707
1079,1303900,3.000148,2.015625,3.3395474,0.7455666
1618,906868,5.062763,3.921875,1.2805324,0.54701054
2048,908121,-5.645091,-2.890625,3.9043808,0.6938591
1802,905968,3.99858,4.03125,0.7131739,0.41311362
1809,1503367,1.508381,1.9296875,4.1852603,0.8256207
1507,687505,5.16359,5.1875,0.5509759,0.3838833
1049,910780,4.117787,3.140625,1.1737849,0.4753275
1073,909699,8.027904,4.125,2.1803968,0.69260585
1854,907063,5.387189,3.984375,0.8087366,0.43648085
1017,906835,6.206197,4.8125,1.0599288,0.4977953
1043,909975,6.094858,5.53125,0.74617165,0.44975397
1936,1298350,2.826251,3.296875,1.6110468,0.5958673
1816,1240145,4.587329,3.703125,0.9750925,0.46268564
1091,753575,1.507469,3.171875,1.712197,0.62698907
1621,753575,6.282102,5.4375,1.0980631,0.58505017
2111,925340,2.917518,3.984375,1.684456,0.5987061
2044,687596,5.121208,3.484375,1.2757092,0.54634273
1629,909755,4.502021,5.125,0.844408,0.4785665
2044,905986,2.394868,4.0625,1.1919464,0.54700446
2096,910933,1.710591,3.5,1.8144224,0.6260732
1578,753622,7.287961,4.96875,0.7027452,0.44182634
1939,687819,2.890055,2.875,2.1493146,0.63873
1441,1298157,1.335428,2.171875,1.8917569,0.6038188
2045,909745,4.798291,4.875,0.75797266,0.4464493
1038,687455,3.15849,3.84375,1.3102697,0.5611438
1011,910781,0.583443,1.9921875,2.0580468,0.59744924
2159,753554,4.323899,4.25,1.1824254,0.5343459
1022,909785,-3.091232,-1.3125,2.6295228,0.5991697
1627,907269,1.83965,3.359375,1.5965906,0.5674761
1026,753620,3.453905,-1.1171875,2.551517,0.5305231
1025,909747,9.084796,5.0625,0.9426007,0.49451712
1011,910952,2.107918,2.421875,2.5775664,0.66482204
1093,998189,4.865126,4.5,0.98687464,0.48921862
1855,910920,5.023341,3.359375,1.4649154,0.5181029
1091,1298141,2.283664,2.8125,1.674403,0.5863667
2110,910911,5.445234,4.84375,0.79783976,0.45684627
1908,1240153,0.328159,2.703125,1.8153123,0.58503693
2171,1298537,2.071322,2.015625,2.5773568,0.658924
1932,946359,4.71719,2.703125,2.0188878,0.6143111
1012,687780,0.607003,1.65625,1.1543612,0.46274826
1593,908465,3.110432,2.75,1.9501483,0.59906095
1011,908121,1.728314,1.84375,2.6902995,0.66998106
1736,906835,4.666895,4.1875,1.5608399,0.58310026
1018,1659818,4.012612,5.125,0.7071761,0.43729395
1580,1298350,5.723772,5.3125,0.74849457,0.45231074
1060,909749,1.780283,1.3046875,2.2503538,0.60152847
1010,905986,3.377769,3.375,1.3998044,0.55548877
1192,906842,-0.49589,1.890625,1.5477027,0.561135
1558,1298136,4.227097,3.671875,1.552313,0.5799148
1016,907274,-1.864898,0.80859375,3.6710749,0.64813966
1549,909709,0.629375,4.53125,1.3854883,0.5858382
1843,910851,2.464524,-0.98828125,3.6114225,0.6728723
1621,909975,4.471506,4.75,1.1570897,0.546228
1052,1331048,0.686321,2.03125,1.2982292,0.5023437
1083,724831,2.408799,3.03125,1.338995,0.55055
1622,1290797,3.958681,4.78125,0.8019379,0.45566633
2047,907274,2.930064,3.015625,2.0041158,0.6069325
1012,1240223,3.022198,1.421875,0.92659265,0.42522913
2046,910567,1.08172,2.71875,2.366207,0.6711473
1830,687505,1.696184,2.828125,1.0941844,0.45680887
1933,910567,4.045697,3.828125,1.6345385,0.5985514
1553,909724,1.22462,3.390625,1.8926284,0.61588526
1179,753575,1.933188,1.59375,1.9501051,0.61648285
1919,910399,1.636913,1.484375,1.1872984,0.48079982
1089,1298537,4.979765,5.0,2.187967,0.6234686
1930,907299,-0.237627,0.7421875,1.2270266,0.47240803
2055,1240145,1.292814,1.140625,1.5784166,0.52117276
1054,687780,3.991329,4.125,1.87838,0.632437
1594,687819,2.111533,3.265625,1.9077042,0.6329733
2173,909749,3.690941,4.0625,1.1181834,0.50921786
1259,909699,8.040663,2.96875,2.7339053,0.69894695
1802,910851,3.329597,4.125,0.75464696,0.42989883
2043,688087,4.814046,5.3125,0.76275676,0.44639486
1441,907278,2.791876,1.984375,2.0259128,0.61063707
1068,1298141,2.109767,0.78125,2.0342417,0.5587455
2148,1240160,1.373782,1.6875,1.4870862,0.5031474
1916,1298538,1.053523,3.125,1.8469915,0.606895
2169,910399,3.665135,2.859375,1.6307082,0.5410665
1849,910903,-0.769826,-0.359375,1.7970912,0.505044
1560,925346,3.471599,3.484375,1.1690094,0.48680693
1925,908127,3.406444,5.375,0.7136484,0.43848526
1024,905972,0.102332,-0.37304688,2.5736306,0.5745728
1873,687794,0.736705,2.203125,1.8169838,0.6269571
1632,910911,4.451002,3.84375,1.1785275,0.5008747
1032,905964,1.40063,0.859375,1.7710469,0.5545326
1051,910780,-1.552226,0.703125,2.672711,0.651386
1622,906696,3.428013,5.375,0.84934086,0.485088
2148,753612,2.570513,1.078125,1.239206,0.46294388
1032,1299062,3.456383,1.40625,1.7261704,0.5509662
1564,1503365,1.27557,3.0,1.9618449,0.6084269
1091,905968,0.346471,2.265625,1.592089,0.56308085
1033,908121,4.184133,5.09375,0.6636762,0.4340594
1811,1290797,-2.146801,-3.375,3.5878677,0.6548707
1023,909724,4.034196,3.703125,1.1382855,0.5013886
1622,687455,4.285858,4.84375,0.84150356,0.468412
1373,1240198,5.856597,4.75,1.3285381,0.5689676
1782,906843,3.93495,5.46875,0.71932477,0.42422926
1088,907791,4.979018,1.8203125,4.934989,0.87701154
1373,1298350,5.128731,4.65625,1.196306,0.54900515
1037,907791,3.902473,2.234375,1.7758455,0.5640996
1378,1240184,0.447498,2.421875,2.7719202,0.6585202
1563,906843,5.302025,5.90625,0.7084516,0.42320687
1061,909257,1.197264,4.6875,0.82215965,0.48177752
1799,1330935,3.41621,3.65625,2.0085585,0.6380212
1916,909731,1.492014,2.921875,1.9959399,0.62494886
1847,753575,7.063526,5.5625,2.6110845,0.8538096
1060,1298157,3.194155,1.296875,2.1850994,0.58408576
1060,907322,3.240241,0.68359375,2.2723532,0.59661275
1580,1298157,5.069399,5.21875,0.72969276,0.4512175
1576,907794,3.869185,3.65625,1.2759337,0.52998304
1250,905972,2.035155,1.8828125,2.4204378,0.66482204
1629,909975,4.920232,4.875,0.9370182,0.49412772
1036,925338,5.948192,4.625,1.1675855,0.5249411
1940,908121,4.375529,3.953125,1.1195865,0.51777005
1088,905982,2.848055,2.9375,3.5713382,0.7782997
1910,946359,4.391344,2.046875,2.820849,0.68162936
1034,905964,-3.535742,-4.125,2.0038629,0.47007924
1558,924239,3.145946,3.375,1.4601922,0.5455002
1931,1240172,6.706856,6.0625,0.6368064,0.41437453
1915,907271,3.609026,3.265625,1.5921398,0.5830254
1581,946359,3.011907,2.515625,1.7799596,0.57922137
1373,907063,5.770736,3.453125,1.2561126,0.5257485
1019,925338,4.106649,3.1875,1.8107404,0.5921017
1558,907274,1.927387,3.71875,1.6153249,0.57698816
1032,1298358,4.190399,2.046875,2.28716,0.6339797
1916,909745,1.303697,2.90625,1.6525854,0.5758772
1033,1240198,5.009924,5.4375,0.7492065,0.45739937
2040,1240198,1.561788,1.6484375,2.399758,0.6443627
1089,909724,4.982648,4.5,2.5094228,0.62766
1131,910399,2.990763,4.53125,1.6713761,0.58530676
1580,1330947,4.15067,4.125,0.80599874,0.42833307
1806,906868,6.267396,4.59375,2.1577153,0.59537053
1838,906836,0.846469,3.625,1.4829242,0.5167553
1855,749716,4.555194,3.796875,1.5498579,0.54275167
2045,910780,5.015431,4.09375,0.8997236,0.45413
1091,906696,1.759512,3.359375,1.8266575,0.630295
1449,905972,5.988185,5.625,0.6127726,0.4207921
1932,1240192,4.659827,3.03125,1.6508037,0.5809659
2040,906868,1.316333,1.2109375,2.1617632,0.6075293
1191,910567,-5.722608,-5.15625,0.83035314,0.33625385
1003,909709,-0.210537,-1.296875,4.8274093,0.76003593
1013,1322212,3.626286,2.90625,1.4796253,0.5418237
1010,910567,3.752963,2.671875,1.4714866,0.5497195
1804,1659818,4.618192,4.75,1.4390426,0.6194477
2110,1674021,4.735057,4.875,0.8688211,0.47376302
2157,687590,5.682995,5.15625,0.6809105,0.41997755
1613,749716,4.50597,2.328125,2.34758,0.63896984
1008,907291,2.866017,0.62890625,4.391311,0.7855604
1084,1659818,-3.423994,-2.171875,2.7558234,0.51704556
1941,909745,-4.474996,-4.0625,2.188949,0.5266864
1062,1240159,3.33997,3.890625,1.5630771,0.5868675
2110,907299,6.122421,4.875,0.839579,0.46374723
1593,924189,-0.009559,2.78125,2.1063573,0.61147374
1913,906813,3.935605,5.40625,0.84295636,0.49143535
1810,910780,0.45505,-1.03125,3.4822106,0.6971613
1852,906813,3.702295,5.65625,0.7237425,0.47334415
1819,910780,-4.621569,-5.09375,3.5532522,0.6666586
2010,688121,6.330787,3.890625,1.5900581,0.56796294
1912,1299062,5.824802,2.9375,1.7040846,0.5793997
2106,907318,1.59878,2.96875,1.5187886,0.5561649
1582,946359,4.615318,4.5625,0.9201738,0.46685115
1926,925338,1.365082,1.15625,2.3425682,0.661382
1621,909724,3.86897,4.59375,1.1015581,0.52809954
2169,924248,3.167995,3.15625,1.9663185,0.59267455
1811,906827,-2.949342,-1.6796875,5.283325,0.7773206
2043,1240145,5.015648,5.1875,0.6232062,0.4159497
1025,910781,4.328763,5.1875,0.7346864,0.44000465
1845,1290797,0.119975,1.203125,4.070811,0.75324196
1180,924189,-0.971952,-2.296875,2.3943572,0.55468947
1557,753620,5.332523,4.5,1.0888091,0.47108734
1624,906696,1.473476,4.3125,2.3841295,0.7289
1925,1240153,5.428998,5.03125,0.7465853,0.43581086
2039,906813,2.791164,4.09375,1.2525363,0.56894034
1614,687780,5.339342,4.5,1.3420075,0.5660085
1016,713880,-1.412052,0.018066406,3.2710805,0.60112727
1932,909726,2.111701,2.953125,1.8160807,0.59097564
1627,907791,3.49614,3.40625,1.4742033,0.542538
1581,688013,3.325471,2.640625,1.645672,0.5513845
1441,906835,3.896857,2.578125,1.8570848,0.61021155
2045,905986,3.919481,5.0625,0.8287036,0.474519
1620,1240192,5.889734,5.5,0.50804454,0.38636544
1372,924189,1.831484,0.578125,2.9284012,0.6645363
1855,1298350,3.896812,4.75,1.3148463,0.52975845
1831,909709,3.607919,4.6875,1.0654656,0.5174108
1911,906746,-3.842888,-3.515625,3.4808671,0.6185953
1615,907269,3.217655,4.9375,0.80873895,0.450174
1720,1330947,-2.78214,2.59375,2.393792,0.663537
1190,909249,-1.159716,-2.78125,6.5560966,0.897479
1627,1290797,3.217516,3.859375,1.3669754,0.5649186
1046,1240127,1.998542,2.53125,2.1340988,0.628279
2011,906848,3.175414,5.0,1.3086392,0.5477336
1036,910952,2.426078,4.90625,1.1812289,0.53792864
1060,1240144,3.062597,1.4921875,2.2007704,0.58827466
1029,687997,5.770609,5.28125,0.5672295,0.37906888
1049,910899,3.099349,3.75,1.5525455,0.55456364
1930,724831,0.218691,0.46484375,0.9084954,0.43108505
1908,687568,4.008271,2.734375,1.6804461,0.5713625
1372,1290797,-0.0734,0.46679688,2.7105794,0.63586545
1047,910911,5.69582,4.75,1.2331771,0.5615857
1131,688121,3.458463,4.625,1.8625355,0.61798644
2109,1330935,2.083146,2.921875,1.4831262,0.5485541
1084,907794,-3.735718,-1.3828125,2.8191624,0.5289292
1630,1240182,5.208919,4.0625,1.0518453,0.51079655
1627,749710,3.834361,4.3125,1.3281778,0.5544983
1912,946354,1.786071,3.078125,1.7127773,0.5968523
1852,1298358,6.593302,5.5,0.80992264,0.4673527
1629,1240172,5.134679,5.15625,0.87073094,0.48843557
1023,908150,3.149991,3.90625,1.0646147,0.4987126
1634,753608,5.227052,4.875,0.85461897,0.46963122
1006,908465,3.258283,1.4609375,4.8400416,0.774974
1016,687819,0.752519,0.33007812,3.3654108,0.6101316
1853,910911,4.025435,4.59375,1.0853207,0.49679542
2439,906848,8.848557,9.875,1.0337338,0.5521959
1804,1240145,6.757964,4.84375,1.0670267,0.5441535
1621,909726,3.761434,4.65625,1.0352244,0.51716715
1023,905986,4.248064,3.890625,1.0522606,0.49292547
1873,905950,1.057998,1.9765625,1.6892639,0.59450114
1372,1240172,1.930463,0.80078125,2.8297963,0.64216006
2439,1240159,10.05598,9.8125,0.8089361,0.5079417
2170,1674021,5.126357,3.84375,1.9463357,0.6212395
1011,1240153,2.884735,1.75,2.7558525,0.6687767
1199,909750,3.205959,4.125,1.2498144,0.5311717
2107,909757,6.028741,5.21875,0.7213168,0.45292443
1006,687568,2.875351,1.3828125,4.905693,0.772361
1564,909755,1.217446,3.359375,2.0920603,0.6276027
1622,910903,3.984262,4.78125,0.76651865,0.43778533
1026,1240186,0.799143,0.037109375,2.6237333,0.55404544
1830,908461,3.488775,3.234375,1.2291383,0.48285887
1843,909975,2.195942,-0.44921875,3.9994364,0.72023296
1936,910567,3.338245,2.390625,1.6135473,0.5706701
1622,1240153,3.523213,4.46875,0.8423216,0.4487906
1025,905986,4.636144,5.34375,0.83423626,0.4740185
1632,687596,3.892824,3.421875,1.3004462,0.51867706
1062,687802,3.953758,4.40625,1.7787673,0.6449098
1249,907791,1.930371,3.328125,1.3662243,0.5207366
1093,905964,4.098124,3.296875,1.1084334,0.47228777
1013,907278,2.323315,3.203125,1.4825287,0.5622358
1046,907278,1.043968,2.203125,2.686447,0.6868138
1576,907322,1.557119,2.234375,1.369142,0.5013659
1259,1240192,5.074308,3.0625,2.246965,0.6709011
1909,1240159,3.286504,2.53125,2.0533988,0.6160045
1049,1240192,5.243634,3.921875,1.2214537,0.52044415
1812,907271,4.287645,3.015625,2.6762643,0.6782229
1631,749710,3.288609,4.21875,1.4925075,0.54927427
1372,946359,3.99445,0.041259766,2.8770056,0.6423024
2175,924189,5.133173,5.0625,0.8392426,0.48864275
1776,906843,4.589318,4.46875,1.0356166,0.487629
1088,753540,3.956246,3.171875,3.5795803,0.8056856
1248,753612,-4.285887,-4.25,4.57059,0.8069518
1827,908461,0.772529,1.2109375,2.2606313,0.57038903
1557,1298350,4.132127,5.28125,0.9146006,0.47003937
1051,908150,2.407861,1.875,2.60378,0.66275686
1925,687819,4.91312,5.25,0.7873291,0.45665467
2106,687819,3.082759,3.546875,2.0393336,0.64160347
1918,998189,3.388936,3.671875,1.2631801,0.54374623
2148,908461,1.603618,1.5625,1.2589298,0.4703124
2438,1298365,11.255039,9.8125,2.6769183,1.1493629
1910,946354,1.648539,2.265625,2.3568401,0.6593133
1620,925338,5.64311,5.53125,0.51840127,0.37906888
1564,687819,5.408617,2.921875,2.3482537,0.65091425
1048,946354,3.977973,5.0,0.7755622,0.46627343
1061,1322212,4.553359,4.0,1.1088116,0.50107944
1059,907794,-0.965938,0.82421875,2.3749483,0.6235494
1036,1331048,3.946269,2.828125,1.3065974,0.50304294
1014,905986,3.666469,2.53125,2.5053241,0.6548532
2010,909709,4.883922,4.375,1.6910448,0.62234026
1927,724859,5.588748,5.4375,0.66989785,0.45395735
1038,906848,2.547905,3.90625,1.4679844,0.576688
1736,1298358,-2.344071,4.15625,2.0099971,0.65091926
1625,910911,6.001899,4.9375,0.8602672,0.47273508
1776,687780,4.953343,4.8125,1.110041,0.51999235
1017,687794,5.361237,4.96875,1.2579812,0.5470707
2177,909907,3.904823,2.734375,1.7609011,0.5702518
1631,909755,5.58392,4.0625,1.5543956,0.56356156
1009,749716,3.453367,4.21875,0.7593125,0.38623166
1088,687780,3.259611,3.390625,4.1240845,0.8574985
1026,1674021,-0.202902,-0.484375,2.4644084,0.52448106
2107,906843,5.465755,5.0625,0.7500699,0.4480683
1617,907795,4.827195,1.734375,3.660627,0.68204
1079,907269,-1.697286,0.97265625,3.8604357,0.7728845
1927,1240186,4.751388,5.3125,0.662995,0.4303201
1625,1240184,4.788906,4.9375,0.91566,0.4916495
1038,1322212,5.414531,3.046875,1.3112239,0.5177137
1507,906696,5.075957,5.90625,0.6458793,0.42999125
1010,1240198,2.953159,3.484375,1.5944418,0.5809659
1931,910952,5.602645,6.1875,0.67424726,0.44265643
2499,1298141,9.960949,9.9375,1.4849404,0.76512194
1873,924100,0.65188,2.03125,1.9304898,0.6221562
1635,908465,6.336096,5.625,0.36561742,0.32959405
1046,907066,2.303475,2.40625,2.3948212,0.66382235
1912,1240198,2.348463,3.484375,2.0346007,0.6340127
1919,1330935,2.151096,1.953125,1.4536858,0.52704823
1042,924239,4.034676,4.8125,0.89351285,0.45566633
1720,1298350,4.862089,4.3125,1.8600622,0.63867277
1843,1240145,-0.368759,-1.0546875,2.8683949,0.6251076
1022,906813,-0.68105,0.84375,3.010629,0.6667169
1855,753612,6.330244,4.15625,1.4390773,0.540311
1825,998189,-0.079953,-0.34179688,2.2318997,0.5680998
1799,1240172,5.068433,4.59375,1.6577079,0.61007154
1053,909757,1.830502,3.359375,1.6272376,0.5870444
1085,713880,1.919248,2.828125,1.3969269,0.53782004
1010,909709,2.408658,3.59375,1.7024804,0.6141891
1023,949179,2.970641,3.46875,1.0810165,0.484776
1583,906835,4.90386,3.4375,0.6730945,0.39442676
1583,1240184,2.713112,3.078125,0.6774537,0.3849336
1618,907291,3.700675,3.921875,1.3347536,0.543261
1052,688025,3.46644,3.875,1.4194192,0.5632726
1449,909907,7.00889,6.0625,0.865338,0.50903475
1378,905986,2.698547,2.6875,2.6474636,0.6593133
1817,924239,-5.716784,-4.96875,1.8127147,0.43990067
1630,753575,5.380666,4.8125,1.0681919,0.572074
1912,907291,1.247326,3.109375,1.9229276,0.61376804
1855,907791,3.593193,4.1875,1.4698112,0.5224149
2171,687802,4.132857,2.65625,2.7452388,0.70806915
2045,909726,4.336393,4.875,0.8652761,0.47794124
2039,909249,2.445618,2.921875,1.2536212,0.5076574
1594,687794,2.684727,3.8125,1.8216288,0.63792443
1855,909724,3.230563,4.5,1.3450148,0.5283802
2011,724859,4.720514,5.0625,1.0575444,0.53104615
1804,909747,5.980383,4.84375,1.411554,0.62335044
1268,907063,-0.677574,3.625,0.91118324,0.4459186
1815,1290797,6.393544,5.96875,0.69815177,0.47730795
1026,753575,-0.830386,0.34375,2.82763,0.59248567
1511,905982,-0.723157,-0.30664062,3.6189542,0.65609765
1779,1330983,-0.147521,1.3515625,2.3624494,0.64889437
1021,907269,0.722689,2.796875,1.7291033,0.56267214
2047,909257,2.640813,2.796875,1.4736199,0.5450381
1786,906813,3.473258,3.40625,1.8051661,0.61376804
1024,910952,-1.651837,0.30273438,3.0075176,0.6301783
1047,924239,3.946204,4.4375,1.4362408,0.5728381
1925,906843,4.184239,5.1875,0.7545505,0.4342842
1593,1240127,3.28748,2.71875,1.9259193,0.5860225
1021,909724,4.594914,3.25,1.4579123,0.53922844
1941,906843,-5.098875,-3.921875,2.816309,0.57670134
1175,909750,4.089679,4.28125,1.1244602,0.52136135
1020,909747,6.761815,5.21875,0.930659,0.5180392
1626,687794,0.639432,3.109375,2.625139,0.70807105
2359,906848,4.857357,5.84375,0.820954,0.4522942
1910,905950,3.731437,2.84375,2.5305572,0.6733923
1019,910399,1.431223,2.828125,1.7496191,0.57489985
2359,907794,6.198184,6.03125,0.6746478,0.44857475
1372,906835,0.6501,0.796875,2.6222286,0.6256002
2044,925338,3.917903,4.0,1.2157588,0.541026
2438,949090,10.163882,9.875,2.5634353,1.0784099
1021,753554,3.861997,3.5,1.2897449,0.51964504
1831,749710,4.567069,4.8125,0.887577,0.46685115
1736,1240198,6.249848,4.09375,1.8314171,0.61662495
1149,925338,1.328523,1.515625,2.113735,0.5805799
1020,1503367,5.245188,6.9375,1.2224705,0.7145199
2045,724870,4.035318,4.3125,0.8616016,0.46262366
2158,687802,5.88436,5.03125,1.304729,0.5926479
1052,905950,4.363031,4.15625,1.2998893,0.5538644
1849,910952,0.278268,-0.18164062,1.9692389,0.52876335
2107,907794,6.044787,5.5625,0.6951661,0.465745
1909,905964,0.853445,1.1328125,2.4678473,0.6309269
1511,909907,2.9391,0.12109375,4.3358335,0.74142474
1025,1240186,4.917201,5.4375,0.876813,0.48681253
1507,906848,4.981416,5.34375,0.72103065,0.41873842
1918,753554,1.983506,3.703125,1.172932,0.525995
1720,753575,7.000684,5.1875,1.8431944,0.6955169
1034,687568,-2.029777,-2.921875,2.2518768,0.50274
1003,687794,-1.839524,-1.09375,4.504917,0.73823494
2158,1298537,4.760613,4.5,1.1852732,0.53563285
1069,1298538,5.901837,4.125,1.0975595,0.51546854
2010,687819,6.185576,3.984375,1.5631005,0.57813364
1576,713880,2.783523,3.109375,1.3725439,0.5257811
1910,910399,4.468342,2.109375,2.4087672,0.6352615
1557,1240184,5.696019,5.1875,0.92902225,0.47377515
1060,753622,1.283761,1.0625,1.952001,0.57198375
1843,907291,-0.118001,-0.70703125,3.923079,0.7160546
1806,907299,2.759717,4.8125,2.3285239,0.6252355
1372,753622,0.242735,-0.008544922,2.3801196,0.6138953
1057,906849,-0.185703,-1.4921875,2.4121056,0.56348264
1815,906827,4.882223,6.78125,0.8784445,0.5494794
1918,905982,2.200798,3.765625,1.2934386,0.54275167
1873,925338,1.33577,1.84375,1.607538,0.5799376
1911,907318,-6.365937,-4.6875,2.8381016,0.59011114
1802,906746,3.668768,4.34375,0.7345946,0.4282615
1809,1298538,2.69723,0.5390625,3.4603455,0.6678991
1510,1240153,4.37112,4.25,1.0578977,0.5032697
1014,687997,6.395645,2.453125,2.731129,0.6684895
1179,907066,1.247538,0.6796875,1.9157565,0.5774344
1018,1240144,6.298468,5.5625,0.5732459,0.40015486
1026,1240160,0.451459,-0.037597656,2.901818,0.5766702
2045,1240182,6.650922,4.84375,0.9235509,0.48079282
1996,1240160,5.532075,4.34375,1.6531771,0.6114497
1013,910903,2.981992,3.703125,1.3293,0.5507473
2109,687997,3.759946,3.09375,1.3552074,0.52175796
1625,910399,4.067399,4.78125,0.8646583,0.46907157
1593,1298537,2.475493,2.921875,1.9783143,0.59629023
1069,687997,4.953743,3.78125,1.1174339,0.50368273
1614,1299062,6.322723,3.96875,1.0962167,0.49921432
1620,907791,5.823764,5.03125,0.6034673,0.37699586
2177,687997,3.146102,2.359375,1.5505128,0.5195013
1032,909726,1.569491,1.625,1.9013109,0.5785346
1018,749716,5.199591,4.9375,0.7205215,0.41790596
2175,910399,5.458026,5.0,0.79819286,0.47013918
1629,906843,3.922339,4.75,0.9258987,0.48826393
1018,753622,4.88738,5.25,0.5912418,0.41167846
1927,924248,4.153444,5.125,0.71526575,0.437237
1786,724831,3.633478,2.859375,1.3685261,0.5295448
1847,906843,6.683966,4.5,2.54237,0.73461705
1011,905964,-1.324271,0.37890625,2.8751874,0.66608113
1378,1298168,5.763143,1.5546875,2.423252,0.60347664
2158,907274,2.374761,4.59375,1.4373162,0.56749904
1917,1240172,3.558115,2.515625,2.1710851,0.642174
1170,1322212,2.871112,2.921875,1.8704207,0.58846104
1925,687802,6.37493,5.8125,0.7671827,0.48049647
1621,1240127,5.439135,4.65625,0.9955256,0.5129489
1179,910952,-0.354348,1.234375,1.9952141,0.5957331
1079,909745,-1.863036,1.546875,2.852195,0.6804646
1034,907322,-1.849791,-4.09375,2.0818331,0.4743717
1812,1240145,2.739105,1.875,2.1986587,0.5930378
2038,909750,4.472642,4.53125,1.000596,0.48093292
1061,909975,5.849078,4.71875,1.0472325,0.52722436
1776,909907,5.83101,4.8125,1.1895336,0.5417106
1806,909745,6.115441,4.71875,1.9130318,0.5605648
1021,1298157,4.367212,3.359375,1.3648419,0.5281192
1931,910903,3.054548,5.8125,0.57404274,0.38313627
1810,908465,2.739075,0.3515625,3.291578,0.6896987
1598,1240127,4.125775,4.53125,0.8832187,0.4705807
1811,909749,-0.906915,-3.328125,3.73165,0.6857662
1910,1298168,3.417704,1.640625,2.1906416,0.59896994
1079,753554,3.128494,1.640625,2.9229124,0.6943912
1873,688087,0.34851,1.8203125,1.7019619,0.59896994
2055,1503367,1.400398,3.328125,2.6564112,0.69744825
1053,906868,2.318764,3.203125,1.5876114,0.5784771
1580,1303900,4.920049,5.4375,0.79049915,0.46441475
1553,713880,2.781556,3.359375,1.9215539,0.6222777
1020,1240145,4.737685,5.3125,0.71205604,0.45632067
1940,724870,5.230632,3.453125,0.96655154,0.4717988
1025,688087,5.197549,5.21875,0.8957594,0.48096418
1013,909747,5.502259,3.3125,1.4519808,0.5704011
2011,1330947,1.90672,3.328125,1.3822169,0.51896244
1175,909747,6.369324,4.0625,1.2656635,0.5518206
1047,1299062,7.253618,4.625,1.1432601,0.5424819
1023,906835,4.672195,4.125,1.0615042,0.49343738
1917,1330947,-0.591817,0.94921875,2.05883,0.59489834
1919,905986,3.163986,1.9375,1.2512833,0.50160134
2040,753608,0.812808,1.5859375,2.104217,0.61371034
1061,925340,5.396644,4.65625,0.9775549,0.51021963
2177,906843,2.38837,2.453125,1.5334069,0.526512
2055,908150,1.106897,1.8203125,2.12717,0.59506434
1199,909249,3.369126,3.140625,1.5275731,0.53494775
2169,908121,2.572935,3.015625,1.9227108,0.59629023
1925,909724,5.310074,5.125,0.7281443,0.43219241
1997,909907,5.763054,4.4375,1.7750343,0.65980995
1080,753620,-1.458956,-4.09375,4.0699167,0.6831593
2111,949090,3.668462,3.9375,1.7034497,0.58778167
2011,687505,3.164456,4.6875,1.0209953,0.49837422
1046,1240198,1.288551,2.921875,2.4236696,0.6626849
1004,906835,-1.028454,-2.53125,4.6323395,0.7417172
1372,905972,-0.041027,0.2734375,2.5351083,0.6099763
1083,924189,2.52073,3.140625,1.7651608,0.6060873
1634,1674021,5.376064,4.59375,0.91754425,0.47643673
1782,753620,3.129912,4.96875,0.72324616,0.4098983
1180,1330935,-3.867211,-2.515625,2.720645,0.60249865
1058,749716,2.17096,0.76171875,2.3094866,0.64310783
1177,907795,3.769882,4.6875,1.0804529,0.52875644
2172,1298141,3.567028,2.59375,3.268779,0.7417776
1838,909731,3.905998,3.84375,1.4580314,0.5080809
1593,905972,3.125496,2.859375,1.874179,0.5896434
1268,724859,4.744144,4.96875,0.82890767,0.48077044
1622,1240172,5.325683,4.9375,0.8197289,0.45982605
1025,907063,5.662183,4.25,0.89866525,0.45242882
1170,753622,2.657982,3.21875,1.4653703,0.57276326
1021,906835,6.662512,3.71875,1.3404592,0.5265906
1849,909731,-1.27213,-0.54296875,1.8627161,0.51632774
1021,1330947,-0.216832,2.171875,1.4221836,0.5054866
1057,1240145,-1.68855,-1.71875,1.6909701,0.5145317
1019,907795,3.325262,3.0625,2.0221417,0.61822945
1013,908121,4.356549,3.421875,1.4300117,0.5674761
1809,905964,-1.516623,-1.8515625,3.5311449,0.6625108
2159,688087,4.062866,4.15625,1.3273206,0.55696917
1016,687596,1.901579,-0.31445312,3.1968534,0.5997913
1779,998189,1.545733,1.5,2.0051005,0.59868497
1816,1298157,5.597145,3.90625,1.2010496,0.5065577
1614,906835,6.9059,4.5,1.1324079,0.51702064
1047,909726,5.087692,4.65625,1.244114,0.55648834
1838,907271,3.325325,4.25,1.2959619,0.5039994
1026,1330947,-1.986117,-1.546875,2.3133056,0.5164542
1838,688025,3.708321,3.78125,1.4397935,0.50921786
2177,688025,1.917973,2.328125,1.6570098,0.53660756
1250,687780,3.065252,2.296875,2.8364387,0.7188145
2172,910899,0.280981,1.8515625,4.1941366,0.8037524
2044,907318,2.506855,3.453125,1.0626099,0.5081185
1441,687802,1.668636,2.703125,2.0607622,0.6609414
2038,907318,3.316373,3.984375,0.91785705,0.45735452
2154,909747,5.387848,2.9375,0.727014,0.39136556
1085,925346,3.022837,2.5,1.041014,0.4656423
1192,907175,1.316635,2.28125,1.7763983,0.59518456
1598,910780,3.629353,3.765625,0.9035727,0.44447684
1598,909709,3.940233,4.96875,1.1924055,0.5528645
1168,906835,3.601212,3.09375,1.1435627,0.4985854
1810,1290797,0.965525,0.69140625,3.5337198,0.71815336
2173,905972,3.438641,4.125,1.1551071,0.5220007
1922,924239,2.031603,2.8125,1.551345,0.55966526
1177,905964,3.109753,3.1875,1.2291338,0.51445657
2106,753612,2.54064,3.046875,1.9077268,0.60599184
1808,724870,-0.866996,-0.86328125,3.7060657,0.7102199
1058,909249,1.065314,0.67578125,2.3663847,0.6529479
1582,688121,3.923611,4.75,0.9489362,0.4716246
1177,1298157,5.582092,4.71875,0.9377648,0.50351834
1802,724831,4.351938,4.125,0.62090945,0.39943185
1854,909249,4.572346,4.1875,0.91702956,0.45930204
1494,1240145,-3.374991,-3.5625,2.4540315,0.57568276
1510,907274,4.717485,4.5625,1.1141635,0.5126229
1940,906848,3.799308,4.34375,1.2833924,0.5440533
1249,924239,1.625203,3.53125,1.3200425,0.51857
1912,906827,3.779912,4.3125,2.1480386,0.6922676
2154,1298157,3.011712,3.15625,0.6957097,0.38626274
1802,1290797,3.521299,4.28125,0.74028844,0.42171922
1809,908465,1.113791,-0.092285156,3.2748222,0.6460198
1047,906835,5.334906,5.15625,1.1734776,0.5596917
2110,906842,3.361157,3.59375,0.8626337,0.4331717
1817,724870,-5.940391,-5.625,1.3596807,0.41569525
1940,924189,3.56524,4.0625,1.1301807,0.51999235
1812,905986,3.744141,2.6875,2.6474636,0.6593133
2173,687590,3.032111,4.0,1.2544143,0.529065
1918,949179,2.270428,3.265625,1.2452846,0.52521443
1825,724831,-0.569092,-0.66796875,1.8556585,0.53123206
1089,924248,2.190615,4.75,2.4580762,0.6340024
1625,1298157,5.380421,4.9375,0.8818621,0.48460194
1835,1240223,6.608968,4.21875,1.2596189,0.49985856
1050,1240186,5.037143,2.9375,1.7478093,0.60606486
1912,753612,2.143164,2.734375,1.9969976,0.6193288
2171,909757,-1.195351,2.0625,2.7289064,0.6737313
1549,906849,4.556366,4.125,1.4075516,0.56710994
1058,753608,1.123004,1.8984375,1.9710796,0.62913734
1618,1322212,3.209758,3.40625,1.447319,0.5379927
1626,909747,2.807054,2.15625,2.7292402,0.7008382
1250,687590,2.935948,1.84375,2.645423,0.6793149
1016,753622,0.615823,-0.12158203,2.9353924,0.60568076
1614,909745,3.420028,4.125,1.0826149,0.49555686
1268,910933,2.926127,5.0,0.8973661,0.48431483
1061,924248,4.408388,4.625,1.0483907,0.5210538
1025,906696,4.694342,6.125,0.98059577,0.5347131
1061,724831,4.89443,4.625,0.80769694,0.4924782
1024,749710,1.76104,0.6171875,2.995466,0.62765306
1200,1298358,3.942436,4.25,1.4876384,0.55298007
1237,908121,4.654679,5.125,0.71447664,0.42137006
1083,1299062,3.811092,2.921875,1.528027,0.5567664
1806,909709,6.438265,5.46875,3.132928,0.76354903
1825,687455,0.222133,-0.1328125,2.4681802,0.5964105
1736,724859,1.398487,4.09375,1.61318,0.60567904
1940,1240192,3.261666,4.0625,0.9879615,0.4961051
1618,687505,2.798191,3.984375,1.1687671,0.52412724
1583,1240160,3.081537,3.234375,0.80135363,0.42041457
1190,905986,-2.711507,-1.0078125,6.0866857,0.85110813
1025,1240182,6.54273,5.15625,0.93653536,0.48255387
1086,924100,-1.59868,-0.4375,4.899155,0.7981379
1852,1240145,5.597848,5.09375,0.55262613,0.39113697
1012,1298168,2.648852,0.796875,0.78011954,0.38573033
1006,909907,4.863325,2.8125,6.055363,0.9135169
1549,908465,0.945181,4.25,1.1075003,0.52822375
1631,906746,3.886665,3.828125,1.4229213,0.5450792
1583,688013,2.576938,2.953125,0.68856233,0.37450358
1625,1240192,5.973159,4.90625,0.85083175,0.48344818
1629,924239,3.189344,4.4375,0.97812027,0.47991043
1786,907278,-1.299482,2.75,1.8157477,0.5685289
1827,905968,3.751805,0.71875,2.1484416,0.55169564
1625,924248,5.383783,4.9375,0.9790418,0.50057167
1936,1298358,2.449801,3.375,1.8409629,0.62901753
1811,1674021,-2.516335,-3.734375,3.160407,0.60135806
1375,909750,4.94712,6.5625,0.6458508,0.43545267
1849,1298136,0.845055,-0.55859375,1.8395727,0.51698273
1061,905968,3.885088,4.53125,0.95271164,0.5115438
1563,905972,6.720548,5.9375,0.6022257,0.41094637
1042,909731,5.018892,5.0625,0.90013474,0.48083043
1072,906696,4.062252,5.9375,0.9888926,0.5323398
1179,906842,-0.394782,-0.65234375,1.7021524,0.538098
1048,905972,5.400165,5.09375,0.73725003,0.45822597
1816,907274,5.085835,4.09375,1.413785,0.5229074
1034,1240186,-1.664125,-2.390625,2.5169077,0.53565407
1622,909745,5.375933,4.65625,0.7046459,0.41450763
1037,687596,2.838163,2.046875,1.6556836,0.5574568
1913,1240184,5.302025,4.9375,0.806455,0.4489027
1073,925338,3.488838,4.3125,1.7847661,0.65356314
1593,925340,3.323373,2.765625,2.0292046,0.6002079
1529,910851,-1.445295,0.3203125,4.4217114,0.7422101
1941,1298350,-4.927489,-3.765625,2.5997312,0.55764496
1250,724859,1.924504,2.171875,2.3880455,0.6773415
1806,909249,4.075778,3.15625,3.4146073,0.6686847
2170,1240186,5.227578,4.09375,1.8208072,0.61606014
1046,1298350,4.477188,2.875,2.2963827,0.65436196
2177,909709,2.491992,2.734375,1.7354736,0.5702518
1026,907291,-2.655613,-0.421875,2.5941167,0.5520859
1016,907795,0.227261,0.24609375,3.4696383,0.624825
1561,724859,4.493536,2.703125,2.0217125,0.65789086
1927,687590,3.912501,5.0625,0.6680418,0.41893747
1051,909747,4.266105,1.5078125,2.9323616,0.696636
1806,1240153,4.662157,4.375,2.6174903,0.63792783
2046,910899,2.415969,3.34375,2.52188,0.6990418
1086,907269,-3.670677,-2.328125,4.869579,0.7752965
1047,998189,1.583385,4.8125,1.2421539,0.57004553
1047,713880,4.479524,4.625,1.3892567,0.596492
1200,906868,3.287223,3.75,1.2084856,0.5045282
2038,1290797,3.645559,4.625,1.0560809,0.5024054
1059,909699,0.317891,0.24804688,2.5977576,0.63041097
1613,1298157,2.914053,3.25,1.9307415,0.62828773
1191,753540,-3.184977,-4.125,1.1060703,0.40503162
1494,946359,-0.472996,-3.671875,3.1342964,0.6093476
1012,1503367,1.578677,2.359375,1.4454207,0.56782395
2359,907318,5.112353,5.0625,0.5814864,0.38761297
1057,906827,-3.113769,-0.079589844,2.7176695,0.6295897
2040,905950,0.392124,1.71875,2.2820556,0.6325648
1911,1303900,-3.731129,-2.921875,4.189217,0.67851734
2109,1298365,2.3853,2.640625,1.1321725,0.48487088
1239,753540,1.885228,2.578125,2.3231642,0.6498926
2057,1240186,3.658025,5.125,0.7305646,0.45175663
1008,910933,-1.655857,1.3984375,4.2692766,0.7792439
2011,906843,5.54597,4.625,1.169199,0.52030635
1046,908465,3.292265,2.5625,2.1173728,0.6322074
1635,753540,5.637244,5.84375,0.3896259,0.3485177
2057,949179,2.291439,4.75,0.70517075,0.42667627
1915,687505,2.636485,2.765625,1.5055097,0.55683297
1079,909257,-1.621207,1.4609375,2.6702476,0.66498744
1919,910920,1.938161,0.875,1.1831335,0.46478617
1835,908121,3.072582,3.859375,1.5112152,0.5188923
1049,1240145,3.556331,3.59375,1.0433224,0.47269505
1046,905986,3.045222,2.765625,2.0879164,0.6263595
1083,1298537,3.182994,3.15625,1.626966,0.5782724
1373,908465,5.176917,4.53125,1.1423672,0.54485357
1003,907175,-2.380586,-3.484375,3.6481984,0.6483322
1855,1298136,4.862575,4.9375,1.5968739,0.5906253
1928,1503365,5.528969,4.90625,0.90530926,0.4923905
1494,1299062,-0.986088,-3.578125,2.5134797,0.5611438
1582,925340,4.739955,4.78125,0.8465591,0.45689392
1620,924239,3.857898,5.25,0.57177377,0.3758575
1814,925338,6.396648,6.4375,0.8235076,0.45370105
1084,687596,-1.13537,-2.59375,2.569061,0.48883754
1011,925338,1.874309,2.09375,2.5308454,0.6498926
1909,687455,3.049202,2.78125,2.370113,0.66302633
1013,1330947,0.971198,2.421875,1.4007696,0.5285709
1510,910920,3.952319,3.421875,1.0777717,0.4639356
1581,905972,4.132499,2.796875,1.570009,0.5635916
1011,907299,1.294281,2.03125,2.5969603,0.661021
1072,1330947,3.068682,3.890625,1.065498,0.48150572
1047,908461,5.781073,4.96875,1.2428802,0.57626736
1593,1240172,4.170117,3.21875,2.034274,0.6160657
1375,907291,6.330216,6.6875,0.8160161,0.48310873
1564,687568,5.295905,2.796875,2.0666108,0.6141522
1819,687455,1.537127,-2.953125,5.4014697,0.81908643
1013,687568,5.014096,3.46875,1.3231602,0.5552234
1502,910899,3.716389,4.46875,1.185739,0.515654
2499,925346,9.842143,9.8125,1.3940189,0.81374305
1910,907299,3.196794,2.515625,2.574336,0.66990435
1930,687596,1.452665,0.25,1.1041578,0.45746776
1011,910567,-3.808643,1.0234375,2.7583046,0.66086274
1576,907169,2.23996,3.296875,1.3796443,0.5311662
2107,1240184,5.409094,5.125,0.704929,0.44774315
2439,910780,8.010304,9.5625,0.79659057,0.44569883
1622,687568,5.174855,4.625,0.766379,0.44222656
2175,906842,1.140361,3.953125,0.8711538,0.45821276
1030,906868,5.847676,5.3125,0.52156776,0.4020966
1093,724859,4.890383,4.75,0.96226615,0.50094765
1799,687997,6.042629,3.953125,1.7131593,0.58248514
1047,907278,4.298398,4.3125,1.4097643,0.57379127
2109,910780,4.398965,2.3125,1.1607418,0.47969013
1627,909747,5.498418,3.609375,1.448357,0.5718583
1375,924100,7.826816,6.84375,0.77483577,0.48035818
1936,724831,3.786208,2.984375,1.284518,0.5501152
1559,925338,-2.000688,-1.8359375,2.8187509,0.5952267
1598,1503367,2.545001,5.8125,1.2111366,0.62404335
1510,905972,6.154192,4.53125,0.9168042,0.48847508
1373,1240144,6.555141,4.625,1.097383,0.5233983
1996,753608,4.727014,4.4375,1.3065648,0.55670875
1177,906848,4.935206,4.9375,1.1637329,0.55077827
1830,910903,1.723754,3.265625,1.2118865,0.4784921
1033,909755,5.214366,5.46875,0.65212166,0.42758724
1237,1240182,3.896863,5.15625,0.710441,0.40160722
2154,1240172,3.035351,3.453125,0.76073927,0.41163492
1911,910780,-4.476749,-5.0625,2.6151874,0.56096035
1855,906868,4.489573,4.46875,1.249216,0.52020705
1036,1240153,-0.323477,4.375,1.275154,0.5475008
1029,907271,6.221698,5.875,0.51394826,0.39328754
1084,905982,-2.876589,-1.7578125,2.5944068,0.4901859
1925,687997,5.789874,5.0,0.7245942,0.41384083
1853,907791,1.427289,4.25,1.2837144,0.5068521
1091,713880,2.437614,2.375,1.7138844,0.58273166
2055,907794,1.655304,2.28125,2.1585052,0.6066137
1026,910952,0.11987,0.12060547,2.8482466,0.5832412
1048,910567,2.563856,4.40625,0.8454362,0.45982605
1845,688013,-0.440958,0.62890625,4.4093766,0.75875705
1632,1240223,5.023191,4.03125,1.1809677,0.52689147
1854,910780,4.825574,4.1875,0.769004,0.4291586
1617,910899,2.013391,1.4453125,3.8940222,0.69201833
1180,907322,-2.848671,-3.796875,1.9811487,0.49337706
2438,907291,9.403558,9.875,2.5865922,1.0635202
1199,909257,3.669616,4.21875,1.0763723,0.50681907
1630,909907,5.021202,4.4375,1.2097422,0.57698816
1621,1298136,5.745842,4.90625,1.2440736,0.57830423
1012,909755,0.82728,1.84375,1.0966737,0.44635954
2154,905964,1.684164,1.921875,0.6942235,0.35221502
2039,946359,3.097443,3.390625,1.2605704,0.52627295
1917,909720,4.532356,2.328125,1.8079674,0.591195
1813,1298358,4.612838,6.25,1.9996705,0.6634876
1563,910399,5.367314,5.84375,0.63490176,0.40275103
1927,909747,6.995782,4.96875,0.7180284,0.43780443
1048,688121,5.043901,5.03125,0.88789046,0.47920075
1047,1674021,5.806787,4.75,1.3025801,0.57670134
1854,908150,4.038611,5.03125,0.7572741,0.46469566
1250,910911,3.360917,1.7265625,2.386717,0.64376223
1085,1298348,5.094408,3.125,1.2802622,0.5158244
1034,749716,-1.142016,-3.453125,2.412613,0.5134578
1817,907794,-5.126513,-4.03125,2.1373196,0.491051
1549,909907,1.174176,4.5,1.3583832,0.58922565
1563,909699,8.430044,6.03125,0.7782836,0.43322146
1581,753554,1.678086,2.9375,1.540612,0.56135195
1786,687596,4.591988,2.484375,1.7174766,0.55350655
2038,905950,5.452079,4.78125,1.0372233,0.49343434
1926,907299,-1.538661,1.1015625,2.3875313,0.6678991
1803,687802,8.411936,5.59375,1.4360347,0.6831593
1997,908127,4.978803,4.25,1.4902394,0.5943752
2046,910780,2.310786,2.453125,2.1956697,0.63149416
1051,1240172,4.41266,2.25,2.7963326,0.68740356
1259,749710,3.797879,3.75,2.2614431,0.67841625
1580,910851,5.064689,5.15625,0.7849927,0.4731533
1804,907271,6.497516,5.34375,1.1687118,0.5883825
1059,687568,1.863937,0.26171875,2.3254664,0.5971536
1179,907299,-0.550004,0.88671875,1.9249805,0.58021474
1020,924239,2.801285,5.15625,0.95547694,0.48978344
1627,906848,2.113773,4.15625,1.6027949,0.5957857
2037,908150,4.032226,3.890625,1.3081298,0.55595577
1578,905986,5.299526,5.3125,0.7083236,0.4447658
1250,910903,1.106516,2.125,2.5714905,0.6781763
1782,909785,3.144862,4.3125,0.68411565,0.38573265
1706,907318,2.759449,1.1171875,2.9303539,0.7111238
1060,906836,1.398196,1.34375,2.5160453,0.62658554
1825,753608,-1.113889,-0.24414062,2.1998181,0.56240284
1630,688013,3.177508,3.875,0.99718773,0.48550183
1561,1298350,1.647679,2.71875,2.1822302,0.66401327
1085,687568,2.695085,2.921875,1.2955952,0.52465487
1048,906868,5.028704,4.9375,0.7703264,0.4643132
1862,910399,-0.919907,-1.2734375,0.38924143,0.28955147
1014,946359,4.322661,2.078125,2.8664212,0.67810225
1441,1330947,-0.792414,1.03125,1.8742193,0.5784853
1853,687802,5.0107,5.1875,1.2251209,0.5680332
1042,910780,4.730726,4.28125,0.7910932,0.42367277
1593,753612,0.575754,2.03125,2.2370837,0.620099
1613,907278,1.803476,2.75,2.3742635,0.6672491
1019,1674021,2.665482,3.109375,1.9099699,0.60963213
1918,906849,4.870841,3.53125,1.5849978,0.5833127
1017,909747,7.050856,4.1875,1.2434541,0.5311717
2048,1298141,1.260033,-2.3125,4.1752386,0.7008382
1072,924100,5.058748,5.1875,0.9882177,0.49495724
1031,906813,-0.320478,-0.40234375,3.4027977,0.6615477
1598,905964,3.466794,3.5,1.0225077,0.46326455
1927,925340,5.181402,5.15625,0.6626465,0.42465657
1019,907299,2.80129,3.15625,1.8754842,0.6073585
1250,925338,2.424901,2.03125,2.5902393,0.67704874
1930,1298537,1.618025,0.79296875,1.2806773,0.48325488
1635,687455,5.333716,5.8125,0.4056263,0.35039672
1811,907291,-3.597157,-3.859375,3.6250825,0.63179076
2046,909724,3.947565,3.484375,2.1274564,0.659788
1845,687505,-0.369348,0.6953125,3.7593756,0.70533127
2110,1298358,5.152989,5.125,1.0058832,0.5064072
1618,908121,4.121069,3.875,1.35546,0.5615857
2039,753575,4.952198,4.34375,1.2189758,0.57249165
1806,910911,6.741134,4.78125,2.2047908,0.5946918
1862,1331048,-1.726779,-1.8125,0.38676554,0.28052282
1250,687794,0.29475,2.546875,2.8113167,0.7251124
1042,687455,4.808698,5.28125,0.8897116,0.4939739
1170,906849,2.751112,3.46875,2.1580777,0.65978926
1853,910781,4.308857,4.59375,0.9530576,0.47123957
1917,1298350,3.979648,2.359375,2.1221495,0.6306571
1635,907271,5.257133,5.875,0.36444294,0.33168578
1378,925340,8.134157,2.453125,2.8526495,0.66919315
1627,905982,3.666843,3.953125,1.3554652,0.5544983
1005,1240186,4.617248,3.421875,2.9184513,0.7267991
1912,724831,4.18871,3.09375,1.5026889,0.57275003
1813,946359,7.406678,5.3125,1.9116396,0.6250951
2107,924239,4.412936,4.84375,0.7635709,0.43498254
1811,724831,-2.202512,-3.953125,2.8486457,0.58778167
1016,910952,0.372958,0.9140625,3.4199402,0.6416467
1046,907299,0.861589,2.703125,2.274609,0.6451666
1061,1330983,3.078053,4.375,1.1766936,0.5427846
1563,1503367,4.917433,7.59375,0.87506044,0.5636443
2170,1240160,2.634623,4.09375,2.089303,0.65732455
1093,753620,5.798181,3.8125,1.1398084,0.48814112
1618,909755,4.783418,4.40625,1.299981,0.5524925
1494,906746,-3.522875,-3.09375,3.0699832,0.6100892
1017,909726,5.347714,4.34375,1.1438937,0.5064449
1926,909726,2.058571,0.8515625,2.3018956,0.6469112
1915,687780,3.685854,3.265625,1.8866708,0.6259945
2177,1298141,3.866741,2.578125,1.5185791,0.5265778
1557,907274,4.049815,5.3125,1.0871242,0.4900207
1813,907322,2.492799,4.03125,2.4020927,0.6628006
1494,910952,-4.575388,-2.421875,3.7790499,0.6851222
1779,907274,-0.318591,1.765625,2.419162,0.6466516
1050,906849,3.83189,2.5,2.1428423,0.6428368
1012,909249,0.48836,0.84375,0.94513977,0.4058057
1582,906843,4.824179,4.78125,0.89517903,0.46362764
1047,753540,4.148051,5.03125,1.2379582,0.58440363
1932,909731,2.29097,3.046875,1.9266206,0.6119935
1912,1298141,3.281226,3.53125,1.9059153,0.62930864
1852,687590,6.072557,5.0625,0.66765547,0.41550082
1909,905968,2.757446,2.265625,2.1524584,0.61906624
1816,907291,3.865283,3.828125,1.2484112,0.5081185
1582,907299,4.151946,4.8125,0.8517424,0.46206477
1043,687794,4.239459,5.9375,0.7741524,0.4708188
1615,907795,4.953273,5.5,0.7316932,0.45014763
2159,909749,4.565746,4.21875,1.1797951,0.53315735
1084,1674021,-1.693464,-2.1875,2.5034785,0.47635862
1635,1298136,5.437161,5.90625,0.4731499,0.38484454
1034,1240160,-0.241309,-2.390625,2.722379,0.5450381
1614,687590,3.726715,4.0625,1.2344302,0.52329725
2173,907791,2.533396,3.625,1.3370302,0.5173575
1042,910781,3.629716,5.0,0.68711865,0.4276133
2038,1298538,3.438997,4.71875,1.0226495,0.49026987
1916,906827,3.774204,3.875,2.0941546,0.6881093
1919,1503367,3.157952,2.65625,1.6095005,0.60127896
1581,687802,5.03897,3.265625,1.7490238,0.61553234
1802,1298537,3.990774,4.21875,0.74018425,0.41627464
2172,753540,3.792943,2.546875,3.1634035,0.7389905
1736,910780,5.510924,3.046875,1.5783352,0.5500032
1997,1674021,4.284745,4.0625,1.5622786,0.6045164
1932,925340,3.974075,3.0625,1.8280989,0.59777784
1191,909755,-4.481268,-4.0625,1.0247281,0.3847409
1072,1240127,5.267678,4.9375,0.8726632,0.47831422
1924,907291,1.878521,3.109375,1.7489486,0.56638104
1583,909731,2.042212,3.140625,0.7416466,0.39821568
1047,908150,5.31971,4.8125,1.2005641,0.56529593
1375,1503365,9.16507,6.84375,0.68205297,0.46131822
1582,907318,3.744793,4.34375,0.7177715,0.4179171
2107,1240160,6.14714,5.3125,0.80812067,0.48274598
1634,907322,3.188497,3.5625,0.9983568,0.4593406
1581,753608,3.936962,3.0,1.5937852,0.57212657
2498,753575,9.403414,9.4375,1.1134838,0.692068
1020,946354,4.920851,5.40625,0.8355698,0.5049298
1083,909755,3.133864,3.546875,1.6805662,0.5943729
1012,753554,1.086412,1.6796875,0.9454611,0.42290178
1911,724831,-4.601751,-3.953125,2.8600187,0.59012836
1093,910399,4.063964,4.25,0.9589725,0.4656957
1054,910903,2.607913,3.859375,1.626596,0.58101416
1088,724831,3.029921,2.53125,3.232135,0.7711092
2172,1303900,2.82661,2.703125,3.5184069,0.76676434
1927,906696,4.38554,5.875,0.72708386,0.47071868
1630,1331048,2.077652,2.4375,0.9834853,0.45599765
1862,910567,-2.133691,-1.40625,0.38245276,0.28432417
1084,909907,-1.116879,-1.21875,3.3402927,0.57479113
1032,687802,0.520163,2.15625,2.0328434,0.6244638
1594,687802,2.6873,3.875,1.7300211,0.6430778
2040,724831,1.506494,1.1640625,1.7719326,0.5822317
1909,1240184,3.272866,2.390625,2.192593,0.6247868
1091,1240145,0.313501,2.125,1.2614359,0.51341975
1046,910952,1.155487,3.03125,2.2323692,0.6420493
2037,753608,3.486638,4.09375,1.2983036,0.5574403
1190,688025,-1.810381,-1.2890625,6.654791,0.88938415
1624,753608,4.242682,3.515625,2.157002,0.6721548
1814,906746,6.523616,6.78125,0.8111476,0.47167885
2040,910780,0.314524,0.37890625,2.0607846,0.5954631
1809,906835,3.148131,0.67578125,3.3638093,0.6684805
1814,1298350,6.656951,6.5,0.83451754,0.4621392
1093,1298141,4.57208,4.6875,0.9948689,0.49191317
1804,1330947,3.48134,4.03125,1.3942755,0.570375
1239,906842,-0.439749,0.59375,2.5585232,0.63716406
1449,907794,4.385958,6.09375,0.69979656,0.4688473
1060,909699,1.558392,1.1796875,2.4089775,0.5973248
1168,910911,0.875306,2.578125,1.0897926,0.47635862
1013,753554,4.166407,3.578125,1.2474773,0.541118
1047,688013,4.876165,4.40625,1.2849861,0.54334205
1177,1240198,5.38104,4.9375,1.0747465,0.53553015
1058,688025,3.68303,1.6484375,2.4359217,0.669075
1810,724831,1.98605,0.2578125,2.8978403,0.6630358
1853,907278,4.690969,4.34375,1.2196306,0.5104789
1259,946359,6.508458,2.734375,2.785684,0.71218467
1847,687568,5.688346,4.53125,2.2205827,0.7053709
1512,906813,5.51028,6.15625,0.5704474,0.40885177
1239,1240153,1.477007,2.015625,2.7252383,0.6757441
2045,905982,4.686716,5.09375,0.83435774,0.47044533
1058,1298136,2.067836,1.8125,2.2663243,0.6831003
1017,1240172,5.292571,4.78125,1.1766092,0.523604
1072,909749,6.498637,5.0625,0.81548643,0.46575254
1560,908121,-0.035977,3.640625,1.5494367,0.5702254
1825,1330983,-1.302463,-0.45703125,2.6983864,0.6199565
1626,925338,2.726705,2.546875,2.468804,0.6629023
1072,949090,4.694007,5.0,0.93390435,0.47872525
2171,907795,-1.113207,1.9453125,2.8813074,0.6874102
1779,907269,0.50498,1.078125,2.4266872,0.6428602
1940,906827,4.183593,4.9375,1.2429326,0.5748134
2359,1298348,5.965525,5.65625,0.61397725,0.40104538
1559,724870,-2.424659,-2.890625,2.2912722,0.5608272
1237,749710,5.628404,5.84375,0.6353761,0.4030519
1051,906849,4.189949,1.65625,3.4644244,0.7431225
1852,906827,5.466874,6.0625,0.7836474,0.48334444
1502,910399,4.502165,4.5,0.9614178,0.47537333
1372,1298358,-6.574768,0.78515625,3.2395766,0.6788026
1062,753540,2.462733,4.09375,1.641935,0.6072917
1799,910903,5.226624,4.375,1.5503087,0.579166
1813,1298157,6.265464,5.71875,1.5845561,0.58900607
1928,1298365,4.330788,4.34375,0.9318643,0.47278234
1918,909750,1.564326,3.59375,1.2349694,0.5302471
2047,906848,1.604049,3.234375,2.0770414,0.62901753
1811,1240192,-1.064977,-3.796875,3.0894701,0.59631443
1054,910952,0.965316,4.0625,1.6693982,0.59042317
1191,909731,-5.059903,-4.4375,1.035795,0.37741205
1814,749710,6.773508,6.9375,0.7926041,0.45735928
1559,1240127,0.365684,-2.171875,2.4578478,0.5646926
1564,688025,3.991752,2.90625,2.3174787,0.64238364
1053,925340,2.426364,3.3125,1.621163,0.58195454
1086,946354,-3.068515,-1.640625,4.1446085,0.73655075
1200,907791,3.168291,3.5,1.3052847,0.4950176
1626,907278,2.461652,2.046875,2.8601785,0.7000766
1006,946359,4.951318,1.1171875,5.511783,0.8149271
1042,907066,6.446991,4.875,0.8448888,0.46788257
1047,906813,4.57763,5.3125,1.3576108,0.6392427
1268,905968,2.784044,4.53125,0.8375448,0.46262366
1631,909724,1.847869,3.546875,1.5890846,0.553749
1825,1298157,-1.066985,-0.44921875,2.1970036,0.5567679
1401,1298537,1.66033,2.484375,1.7375671,0.59661275
1819,1240184,-3.494978,-3.578125,4.675453,0.74438936
1847,688121,1.001452,4.4375,2.6990154,0.74133897
1069,910780,3.474589,3.140625,1.0114033,0.47500536
1927,1303900,5.465516,5.375,0.71487594,0.44262037
1507,905982,6.160736,5.21875,0.57576525,0.38331312
1782,905964,3.197272,4.46875,0.7051159,0.39148512
1073,946359,7.654648,3.90625,2.075716,0.6920849
1580,925340,5.592347,5.1875,0.7466267,0.45175993
2040,909724,0.602331,1.265625,2.2764313,0.61960435
1057,688025,0.32085,-1.2890625,2.3215308,0.55621606
1059,909709,1.377118,0.89453125,2.8078198,0.6755938
2159,909731,3.982523,4.1875,1.4147416,0.57000685
1237,946354,3.67111,5.34375,0.59287196,0.39470184
1200,1240160,3.530357,4.125,1.4910145,0.5598112
2154,907269,3.053962,2.5625,0.795007,0.39614016
1918,687997,5.47601,3.578125,1.2882426,0.5296823
1024,713880,0.802588,-0.47265625,2.83113,0.6025276
1060,946354,-0.05187,1.1953125,2.0759914,0.5807474
1016,907322,-3.463551,-1.1875,3.1902602,0.58627486
2040,925338,1.24849,1.4921875,2.2143912,0.6166272
1057,909785,-4.278624,-2.734375,1.885849,0.50866455
1918,910911,2.719026,3.46875,1.1737696,0.5117554
2498,1298365,8.633866,8.6875,0.86614907,0.53082687
1375,1240198,7.177552,7.15625,0.8809948,0.5289823
1578,1290797,5.320679,5.28125,0.7309615,0.4578107
1034,724870,-1.565171,-3.640625,2.0478957,0.49065572
1069,1240127,3.929886,3.859375,1.0364534,0.5072237
1046,909749,2.171818,2.65625,2.0192046,0.61150205
1843,1298157,0.013694,-0.5703125,3.5294857,0.67638063
1613,905950,1.770936,3.5625,2.012544,0.6454765
1239,687455,3.621338,2.546875,2.5670276,0.6769993
1268,1240145,3.788203,4.5,0.6905615,0.410937
1033,909731,5.085193,5.21875,0.6970462,0.43992338
1004,909249,-5.775805,-4.78125,3.8450205,0.68783474
1635,910399,5.096664,5.5625,0.3827212,0.33160967
1581,905986,3.844145,2.921875,1.5856295,0.56638104
1838,1240145,2.545319,3.734375,1.0517085,0.4481181
2107,909709,5.318236,5.5625,0.88283914,0.50942796
1133,753554,4.381205,4.09375,0.9691542,0.5045335
1618,687794,4.155108,4.59375,1.4084333,0.5820516
1088,1240145,3.248713,2.25,2.9588082,0.70291895
1003,687997,-0.639442,-2.328125,4.340314,0.71977746
1047,907318,4.915094,4.1875,1.1528467,0.5372762
1873,1659818,-0.073745,1.5859375,1.6685632,0.59896994
1507,1298365,5.153111,4.75,0.5827247,0.37343872
2170,906849,3.123599,3.609375,2.3993125,0.66506726
1024,907063,-0.132956,-1.59375,2.551264,0.574234
1375,907318,5.563219,6.21875,0.6779816,0.4417285
2046,906746,3.101165,3.890625,1.8332409,0.6388303
2010,1240153,3.185452,3.75,1.4963869,0.55902183
1072,908461,5.665024,5.25,0.8933766,0.48715302
1594,908461,4.689828,3.453125,1.6425968,0.5985121
1847,906827,4.003728,5.71875,2.6787264,0.8307533
1843,905968,-1.225585,-0.80078125,3.3859093,0.6728723
1932,908127,4.335619,3.265625,1.7869675,0.6046107
2045,910920,3.31902,3.921875,1.0277089,0.46681693
1630,908150,3.161847,4.21875,0.98092586,0.5132997
1080,905950,-0.997423,-2.546875,4.8292513,0.7520246
2438,909709,11.083015,9.75,2.92597,1.3671361
1912,909699,5.17813,3.0625,2.0294936,0.614618
1635,907791,5.796518,5.21875,0.43048576,0.32343903
1812,688121,2.931632,2.484375,3.1554997,0.69319904
1917,907063,0.687886,1.0234375,1.9767053,0.58743423
1835,1298358,3.755512,4.53125,1.6265011,0.5396705
1463,908127,3.03501,4.15625,1.2718978,0.5660085
1941,906746,-4.093369,-3.859375,2.5266693,0.5462741
1561,905982,1.86787,2.6875,2.147446,0.65342903
1932,905968,2.377927,2.859375,1.7624549,0.58763736
2171,687997,3.782938,1.890625,2.772571,0.6757238
1005,1240172,3.940329,3.671875,2.8350258,0.70602304
1936,906813,3.185549,3.546875,1.6667961,0.6385004
1916,753575,2.956337,3.671875,1.8480731,0.65686053
1830,907274,3.028023,3.265625,1.4624943,0.509636
1080,1240186,-1.077257,-2.734375,4.574549,0.7283242
1817,910903,-6.368542,-4.5,1.8081356,0.44640505
1811,753554,-1.6012,-3.6875,3.365017,0.61419517
1804,1330935,5.465849,4.65625,1.5292826,0.6192873
1812,1303900,3.75451,3.0625,2.9856372,0.6945559
2109,910781,2.17968,3.125,1.0578547,0.48051003
1014,908150,2.322115,2.4375,2.5469904,0.6627884
1553,905968,-1.093589,3.234375,1.7628549,0.6023297
1779,910952,1.370761,1.765625,2.1502893,0.61844236
1006,909249,0.421671,0.08105469,5.98627,0.85212374
1827,1240127,0.539252,0.93359375,2.1737163,0.55818594
1582,910933,2.963129,5.09375,0.8836564,0.4781452
2037,910780,4.53424,2.984375,1.2780472,0.5123302
1845,908465,4.310669,0.86328125,3.9719577,0.7299276
2110,906827,3.482444,5.8125,0.94676036,0.52026486
1578,907322,4.359843,4.1875,0.88169503,0.44963962
1008,906696,1.823098,2.453125,4.749222,0.8439983
1810,907274,-1.695631,1.046875,4.1835775,0.768817
2154,925338,2.142785,3.203125,0.68341315,0.38533658
2038,1298136,5.880042,4.875,1.211329,0.5418237
1635,905986,5.644039,5.6875,0.37485734,0.33071518
1034,907269,-3.81544,-3.296875,2.5803337,0.5283802
1373,906843,5.607195,4.5,1.2830995,0.5537331
2438,909720,9.597825,9.875,1.8300205,0.9165813
1779,907299,1.089153,1.5078125,2.0946603,0.60807806
1631,908127,4.736172,3.859375,1.555386,0.5611231
1025,909975,6.037394,5.3125,0.968871,0.5017939
1080,910567,-4.135784,-4.3125,3.744108,0.6525349
1617,687505,1.676562,1.5390625,3.0347495,0.63588434
1845,1331048,-1.474821,-2.09375,4.09783,0.7282375
1918,924100,3.750157,3.84375,1.4736589,0.5702254
1799,1331048,3.137242,2.046875,2.0657918,0.5752477
1583,1240192,3.487845,3.125,0.65334797,0.3794317
1549,908121,1.638593,4.125,1.1758484,0.53410643
1004,907271,-2.730696,-2.5,4.51188,0.7350456
1814,1240144,6.85999,6.5,0.7452113,0.43780833
1549,925338,3.385317,4.25,1.1066338,0.51177996
1059,906843,2.934734,0.71875,2.536685,0.64285046
1622,687802,7.104232,5.125,0.8281623,0.48529503
1626,688013,4.782258,2.140625,2.6153598,0.6627884
1084,906848,-1.491723,-0.890625,3.7195535,0.6168335
1926,907063,-0.291519,-0.2734375,2.3412893,0.661021
1812,925340,3.118057,2.453125,2.8406959,0.66919315
2157,724870,5.168976,4.75,0.6434683,0.4035271
1079,906813,2.867003,2.109375,3.2591398,0.75818133
1011,906813,2.389503,2.578125,2.6169446,0.6932618
1239,687505,2.254049,2.015625,2.1779609,0.61208135
1021,1298141,6.373864,3.6875,1.4333297,0.5435775
1190,910399,-1.852138,-1.578125,5.9521923,0.8251466
1779,906842,-1.632763,0.1875,1.9144382,0.57703716
2171,1240184,2.438857,1.890625,2.5953841,0.65485185
1736,1331048,5.454786,2.265625,1.6867616,0.5462424
1177,753612,2.907752,4.0625,1.1484796,0.5338676
1036,909720,4.650993,4.71875,1.0023127,0.5020168
1919,1298538,-0.186079,2.109375,1.4065878,0.51765406
1026,1298350,-0.968827,-0.023925781,2.6206324,0.54911256
1008,905972,-3.463456,0.59375,3.7642663,0.7318219
1806,905968,4.100601,4.625,2.28154,0.62099487
1634,1240186,4.619983,4.78125,0.9211319,0.48077044
1919,1298358,3.873415,2.078125,1.5677738,0.5436364
1058,1240184,4.033404,1.5,2.0562391,0.63165075
1736,910851,3.201662,3.671875,1.7477647,0.6090444
1512,907063,5.777565,4.75,0.47744545,0.32952186
1598,909249,3.133797,3.78125,1.0706201,0.47643763
1048,906843,4.52522,5.0,0.86467284,0.47760803
1133,688013,0.767684,3.703125,1.0603185,0.49797827
1054,908127,2.608969,3.890625,1.6866398,0.59357756
1580,1298537,5.060242,5.21875,0.73157567,0.4512272
1088,905986,2.295999,2.828125,3.6842382,0.7965443
1373,907795,4.403442,4.46875,1.3301066,0.56529593
1268,1298358,5.016193,4.9375,1.0282912,0.5110643
1003,1240184,-1.75807,-2.265625,3.6739144,0.648641
1200,687568,3.548416,3.8125,1.2104368,0.50921786
1053,906843,5.008159,3.28125,1.6833589,0.59536064
1529,753612,-0.271379,-0.0043945312,4.6746917,0.7943993
1810,688025,-1.124607,0.54296875,4.128835,0.75875705
1831,910903,2.75265,4.5625,0.8586101,0.45746917
1632,1298141,4.953525,4.21875,1.2464752,0.53382283
1926,946354,0.522459,0.859375,2.0922425,0.65510213
1052,906813,3.266174,4.34375,1.3637681,0.6007085
1621,910933,3.776602,5.03125,1.0817455,0.54319876
1614,910911,5.282012,4.0625,1.1312814,0.50601864
1079,749710,0.84949,2.234375,3.097788,0.7206458
1830,1298358,3.754203,3.328125,1.5226812,0.52540684
1916,687794,2.422865,3.453125,2.012857,0.6518454
1043,909757,6.025816,5.5625,0.7220717,0.44764718
1093,687802,4.723366,5.03125,1.0407357,0.525305
1936,909750,3.277814,3.09375,1.5411779,0.5728816
1736,925338,6.043944,3.9375,1.6148379,0.582571
2170,905972,3.596651,3.921875,1.7181655,0.5957857
1072,1240144,4.260107,5.125,0.8454348,0.46578157
1507,910903,4.328405,5.1875,0.5801117,0.3871869
2046,906849,2.698561,3.453125,2.6061735,0.7224073
1050,688121,5.749991,2.609375,1.9320664,0.61372334
1925,910781,5.193234,5.15625,0.59391266,0.39589617
1622,909249,3.711375,3.859375,0.89297295,0.43141878
1806,1298365,4.121,3.96875,2.5209923,0.6065798
1930,1240160,2.341749,0.87890625,1.3995748,0.50241023
1463,906746,5.728517,4.15625,1.2011029,0.5583294
1835,687568,5.197939,3.96875,1.3078119,0.49349388
1375,908127,6.508279,6.9375,0.74265796,0.47957993
1922,713880,1.763837,2.734375,1.5658401,0.56771094
2010,749710,4.827531,4.46875,1.3421568,0.5462741
1916,713880,2.598854,2.765625,1.9581485,0.6220083
2010,909731,1.856203,3.953125,1.5028006,0.56423634
1909,753540,2.139528,2.8125,2.1379352,0.63834685
1014,1240159,2.524198,2.375,2.451265,0.6435866
1013,910933,3.562549,3.875,1.4068142,0.578435
1047,908127,2.04099,4.9375,1.2867098,0.58296585
1908,909757,1.565929,2.828125,1.776257,0.5808258
1928,687802,6.068061,5.46875,1.0088528,0.54448503
1088,907063,2.097943,0.6171875,4.7171707,0.8609952
1806,1298358,4.528355,5.25,2.8130462,0.7036027
1617,909975,1.03385,1.875,3.547562,0.6798447
1939,905986,3.662575,2.96875,1.8198278,0.5979694
2057,687568,3.955548,4.96875,0.6882751,0.43660852
2172,724870,-0.377182,1.0390625,3.25954,0.7160546
1635,909726,6.073033,5.53125,0.36700922,0.3208838
1594,908127,3.565881,3.421875,1.6869577,0.605573
1919,1240182,4.380159,1.9140625,1.37911,0.5126383
1580,906746,6.002731,5.375,0.7092153,0.45392182
1932,1240159,2.676009,3.109375,1.6571133,0.5831864
1594,924248,1.621188,3.21875,1.8917091,0.62461793
1847,724859,5.516963,5.0,2.355425,0.7739589
1926,1330947,-1.217714,-0.35742188,2.396819,0.66437614
1845,905968,1.834687,0.5703125,3.9283159,0.7268754
1933,1240182,5.267014,4.5,1.5056331,0.59147805
1003,910920,-1.570045,-3.640625,3.56613,0.650903
1819,1298365,-0.731566,-4.125,4.530008,0.76981235
2170,687794,2.872227,4.4375,1.892573,0.63721573
1843,906835,2.001546,0.05078125,3.6855903,0.6963535
1620,946359,6.701574,5.3125,0.5937021,0.39827058
1776,907795,3.863708,4.40625,1.0587741,0.49343434
1909,687568,3.232005,2.40625,2.2086189,0.62935334
1093,907269,3.659931,3.859375,1.2418098,0.50800383
2048,907318,-4.59712,-4.0625,3.2956383,0.62708974
2439,1240153,8.395452,9.6875,0.8718344,0.4645151
1931,1330935,4.158198,5.375,0.7202754,0.40093195
1931,909257,5.201495,5.71875,0.53411293,0.38065442
1091,925346,2.582012,2.109375,1.2844748,0.512307
1034,906827,-3.30623,-1.25,3.490867,0.6371657
1012,724831,2.752163,1.2890625,0.80501974,0.4063288
1625,907794,6.095511,5.375,0.9034696,0.51203954
1782,1659818,3.259929,5.25,0.74104494,0.432022
1510,907322,3.365462,3.296875,1.206767,0.49618226
2040,905972,3.030549,1.328125,2.0548346,0.5993076
1020,1240184,6.054106,5.46875,0.8776239,0.5090261
1782,908150,4.287263,5.5625,0.6275208,0.41671124
1250,1298358,3.229745,2.3125,3.0563586,0.7353951
1050,1503367,3.577308,3.8125,2.0536544,0.7227408
1012,1298157,1.700576,1.390625,0.9223711,0.41575828
1919,905964,1.232728,1.0234375,1.1784794,0.47003117
1372,906848,-0.410301,1.0703125,3.4150577,0.7100744
1058,909757,0.492756,1.6953125,2.1735387,0.64592886
1553,1322212,1.008371,2.890625,1.992275,0.5976678
1909,1240192,2.330694,2.453125,2.0465803,0.6168665
1580,1298348,4.834371,5.3125,0.6975166,0.4368637
1020,907063,5.67279,4.34375,0.9162083,0.474519
1563,753620,4.960242,5.3125,0.755836,0.41749126
1250,908461,3.608238,2.125,2.5263157,0.67834485
1180,687568,-0.835018,-2.71875,1.9419297,0.5008747
1919,687997,2.283343,2.015625,1.3564334,0.5067378
1007,907175,-6.452072,-4.75,4.0192823,0.70049316
1873,1240145,0.446874,1.265625,1.229733,0.5320598
1072,909747,5.413118,4.8125,1.0121697,0.5056497
1058,1240186,2.12458,1.9296875,2.1800013,0.65708137
1806,1330947,0.513443,2.59375,3.4020097,0.65663934
1449,908465,6.313449,5.625,0.6403314,0.43173134
2110,1503367,4.5406,6.25,1.0241526,0.59860533
1593,1503365,4.668196,2.90625,1.8448337,0.58884174
1563,1298358,5.882926,6.34375,0.8203229,0.46372265
1557,1303900,5.390202,5.46875,0.96876824,0.48272282
1614,907791,5.834651,3.703125,1.3092518,0.5117418
1912,906842,-1.111445,1.8984375,1.8918084,0.5811396
2158,753575,6.229813,5.1875,1.2842088,0.6031283
1011,907169,2.077326,2.0625,2.684131,0.6713582
1810,1240153,0.971261,0.19335938,3.890267,0.74023485
1598,905986,4.800995,4.6875,0.88623494,0.47218773
1088,907278,1.588461,1.90625,4.7098413,0.87752724
2096,909709,2.106359,3.453125,2.0070124,0.65628153
1003,906843,-2.396702,-2.03125,4.3352876,0.72329175
2010,1240160,3.401686,4.1875,1.6399292,0.6005253
1180,909720,-3.708641,-2.203125,2.0804284,0.5295448
1068,1240144,2.313261,0.6171875,1.8862253,0.5325418
1022,924248,0.384929,0.28515625,3.1553721,0.6560794
1068,925340,-0.387432,0.40820312,1.9673985,0.54038566
1032,906827,1.316833,2.734375,2.3575454,0.67491066
2148,925338,3.251123,1.671875,1.2574459,0.469758
1038,907169,4.77921,3.734375,1.296126,0.552261
1250,687997,4.466881,1.875,2.7651963,0.6946559
1802,909757,3.041774,4.28125,0.7738565,0.43521172
1175,905972,5.209927,4.34375,1.0879248,0.52290714
1057,910399,-3.047141,-1.6015625,1.9842315,0.52564806
1924,1240153,5.009649,3.0,1.8861443,0.5793997
1852,688013,3.601765,4.90625,0.64752066,0.39531896
1830,907322,2.021931,2.1875,1.1659787,0.44665205
2040,907291,0.283152,1.25,2.2580724,0.6316836
1375,909975,7.218143,6.90625,0.8393932,0.50335807
1779,1240144,1.394538,1.625,1.9911358,0.5889478
1928,753554,3.550569,4.8125,0.88205636,0.47974345
1617,688013,1.174481,1.5703125,3.3269925,0.65631133
1175,998189,3.594235,4.375,1.1539029,0.53638864
1631,1503365,4.097588,3.78125,1.4612817,0.5459072
1940,907063,4.373053,3.078125,1.0486536,0.47389358
1378,1298350,-0.84622,2.796875,2.83532,0.6793149
1622,910899,4.749902,4.40625,0.9508212,0.46412048
2107,724859,5.154285,5.4375,0.6877029,0.46572837
1845,1240160,4.160754,1.453125,4.8551607,0.81998044
2040,907791,2.139306,1.046875,2.4790971,0.6451209
1180,905950,-2.711225,-2.015625,2.366562,0.55516356
1008,1298348,-1.299042,0.984375,3.8879793,0.73979956
2111,909249,1.567351,2.9375,2.0877767,0.6117693
1580,908150,3.252059,5.25,0.7069571,0.4496039
1510,925340,6.534883,4.46875,0.98717225,0.4957088
2048,1298350,-1.175681,-2.609375,4.0867414,0.68182474
1014,687455,1.850035,2.640625,2.8464208,0.6997164
1909,1240198,2.614418,2.78125,2.403488,0.65716684
1449,724831,6.119824,5.65625,0.5720467,0.4238168
1084,1240160,-0.271277,-1.5625,3.0174124,0.5225331
1511,688087,0.890363,-0.453125,3.9506414,0.70208025
2498,1298141,7.974702,9.0,0.84873956,0.49480692
1804,713880,4.057944,4.9375,1.3823636,0.62469935
1043,905982,4.008058,5.53125,0.6495574,0.41892588
2359,907274,5.379615,5.6875,0.7858494,0.43743286
1804,909731,2.715297,5.03125,1.3747622,0.61808676
1997,753575,4.130637,4.875,1.5326462,0.6497165
1629,1298365,5.122396,4.34375,0.8372926,0.4553968
1560,908127,3.467327,4.0625,1.4562266,0.552261
1034,688121,-1.969581,-2.578125,2.8705416,0.56214
1558,1298141,4.638157,3.84375,1.4109845,0.56276476
2037,688087,5.817397,3.828125,1.3987447,0.56356156
1862,925338,-1.251659,-0.890625,0.40500152,0.29411742
1561,753608,1.910505,2.71875,2.0400124,0.6511396
1854,910911,4.666101,4.96875,0.76115626,0.45878595
1034,907291,-3.514746,-2.8125,2.5670507,0.5337529
2169,909724,2.386956,3.0625,1.807643,0.5742001
1259,907322,1.778172,1.625,3.1807342,0.7277629
1916,687997,5.621489,2.828125,1.9033797,0.604611
1926,687802,0.455116,1.6953125,2.3839738,0.69530344
1631,1240184,2.774485,3.59375,1.5427089,0.55104995
2359,1240186,4.806103,5.6875,0.67506367,0.42713746
1034,909907,0.245292,-2.140625,2.9682777,0.57707137
1249,1240223,4.729741,3.78125,1.2005411,0.53425395
1084,909257,-2.77345,-2.09375,2.3096037,0.4802234
1054,753540,3.889413,3.96875,1.6123419,0.59042317
1620,909975,6.403265,5.65625,0.587614,0.41070145
1372,687802,0.797341,0.94140625,2.855076,0.6586797
1582,907271,4.408577,5.09375,0.78493345,0.45584995
1614,1330983,3.594795,3.921875,1.394314,0.5477471
2439,1298537,9.145341,9.6875,0.85207134,0.50704783
2439,905986,9.581834,9.8125,0.81563884,0.48848718
1635,907175,4.761422,5.0625,0.42545483,0.327898
1786,1240198,3.202474,3.109375,1.8258387,0.57719874
2157,907274,3.771816,5.4375,0.7738517,0.43857887
1008,905968,-0.370471,0.33398438,3.8604572,0.7505226
1494,1330935,-4.713566,-3.703125,3.696662,0.6984453
1014,907795,-1.826439,2.328125,2.9311397,0.6876059
1057,910851,-1.918895,-1.796875,1.959557,0.51219815
1200,907322,2.608591,2.875,1.3188055,0.48777786
1779,1240223,2.445554,1.4453125,1.8789268,0.58550227
1200,905982,3.919486,4.03125,1.2273668,0.5072237
1133,753608,2.736976,4.3125,1.018293,0.52739036
1813,907318,5.30469,4.96875,1.5123887,0.5649998
1199,907169,2.039309,4.1875,1.38521,0.56094474
1372,949179,1.919224,-0.10205078,2.610738,0.61502117
1057,907791,-0.847977,-1.5703125,2.3685222,0.5698937
1939,1298157,2.510276,2.828125,1.8554405,0.5979694
1910,1290797,2.464964,2.609375,2.535212,0.674631
2157,909750,3.163599,5.25,0.6400685,0.4112332
1133,906849,5.004886,3.84375,1.3355534,0.5647238
1582,906848,2.683318,5.09375,1.0051805,0.49318743
1940,906746,4.955206,4.21875,1.0047667,0.49937257
1372,1303900,1.424844,0.91015625,2.939476,0.66161203
1507,910399,2.604016,5.03125,0.58062935,0.3759031
1831,1503367,2.30093,5.40625,1.102088,0.59327507
1168,925340,4.677545,2.8125,1.207152,0.5014133
2040,1240186,2.864304,1.6875,2.270862,0.6352615
1827,1298538,2.226062,1.359375,2.351558,0.57806766
1021,906696,4.623257,4.28125,1.5435517,0.5824488
1831,687802,6.003638,4.84375,0.9405056,0.5102183
1811,908150,-1.794666,-3.640625,3.153838,0.6001081
1594,910781,3.202017,3.171875,1.3476247,0.54022163
2107,1240223,5.925069,5.25,0.65251756,0.44554585
1559,687802,0.247183,-1.2265625,2.989627,0.63131005
1802,910920,4.234781,3.265625,0.70069635,0.3880317
1085,687819,1.227646,3.015625,1.4978244,0.5567664
1808,907794,1.000055,1.0625,3.754837,0.7353121
1054,1240159,4.781487,3.734375,1.5686822,0.5744354
1030,687590,5.973506,5.34375,0.5446977,0.40167046
2177,724831,2.250555,1.984375,1.1664734,0.48575082
1093,907274,5.385292,4.5625,1.1660426,0.5057941
1170,910899,3.333483,3.359375,2.050607,0.6390005
1910,1674021,3.488883,2.4375,2.6502542,0.67458624
1910,1503367,2.527351,3.890625,2.8566315,0.79912734
1003,907795,-3.160381,-2.109375,4.112513,0.6945559
2011,910781,4.721046,4.625,0.8843407,0.45566037
2045,909720,4.431873,5.125,0.74965256,0.45767173
1080,1240182,-0.793747,-3.09375,4.6166544,0.74344575
1031,909724,-0.191085,-1.375,3.0305703,0.60674
1177,909724,2.810612,4.5,1.020028,0.5148529
2359,687568,6.336891,5.4375,0.63333803,0.41632697
1563,1330947,3.16429,4.75,0.7431091,0.40313193
2438,909731,10.20731,9.8125,2.5592792,1.0363873
1936,910899,2.863259,2.921875,1.8571031,0.6102176
1632,908461,3.875484,4.125,1.2240248,0.52689147
1617,910911,3.433516,1.640625,3.1482775,0.6350295
1806,1240159,6.554668,4.9375,2.1008036,0.6042099
1006,909731,-1.459221,1.78125,5.4445972,0.8213762
1043,905950,5.533646,5.625,0.6886602,0.43186748
1054,1298537,4.517387,3.671875,1.6121032,0.57298976
1372,753554,-3.941945,0.5703125,2.5910215,0.6287763
1854,753608,6.126745,5.21875,0.7691707,0.47502202
1559,909249,-3.423645,-2.953125,2.695896,0.5782724
1007,910399,-5.957045,-3.765625,4.5065155,0.73849684
1200,1674021,3.761989,3.875,1.2840549,0.51735246
1855,906696,3.235378,5.6875,1.4738567,0.58487517
1630,1298348,2.47908,4.28125,0.9598773,0.49713588
1804,905950,7.078225,5.21875,1.2885808,0.6036283
1843,753620,-2.995718,-1.46875,3.9905143,0.70916617
1091,1322212,0.147175,1.96875,1.7590225,0.5641655
2039,905968,2.938084,3.5,1.1489385,0.5165575
1043,924239,3.558371,5.25,0.73972195,0.41494623
1830,1240144,4.004253,3.25,1.1602823,0.4698596
2044,907278,4.950969,3.671875,1.321177,0.5515755
1375,724870,6.666053,6.0,0.737921,0.44878381
1854,909747,6.173866,4.78125,0.8634777,0.48064366
1919,1240127,2.753945,1.7734375,1.2331569,0.494335
1830,906842,1.0578,2.0625,1.0140684,0.4190756
1494,909749,-1.410218,-2.84375,3.2545905,0.6664492
1810,909757,3.09289,0.671875,3.624229,0.72023296
1048,906836,3.006478,4.75,0.95432365,0.49937925
1804,687590,6.221001,4.9375,1.2810925,0.59094167
1042,1240192,5.769534,5.03125,0.78568655,0.46634677
1553,687455,3.349224,3.734375,1.939212,0.6371973
1843,724859,-0.719616,-0.19726562,3.496747,0.68979865
2109,906813,2.380342,3.578125,1.3807403,0.5677142
1091,753554,4.324273,2.640625,1.5219982,0.5629315
1940,753622,3.268696,3.78125,0.9607624,0.4861897
1835,1240172,4.146096,4.625,1.3683707,0.5137638
1625,1331048,4.000869,3.3125,0.9396951,0.43569413
1926,906827,-0.311739,2.296875,2.6384766,0.7313614
1634,1240182,6.138281,4.5,0.94927734,0.4705807
1831,905972,4.998738,4.46875,0.8228183,0.45566037
1873,1298538,0.861359,1.921875,1.6518548,0.5813357
1915,910933,2.643414,3.328125,1.7694288,0.610548
1057,1240186,1.474954,-1.015625,2.140485,0.5520873
1922,909975,4.062781,2.828125,1.5816528,0.5705992
2037,906696,2.096225,4.6875,1.4411182,0.59859556
1617,946354,3.747894,1.703125,3.1065984,0.6611534
1080,908127,-3.169644,-2.671875,4.727396,0.74428964
1510,925338,4.409375,4.5,0.95909834,0.48409897
1019,905950,1.138713,3.40625,1.876227,0.610548
1912,1240145,1.919354,2.8125,1.4490596,0.53863966
2057,908121,4.012991,4.84375,0.7419872,0.4512568
1817,753620,-4.574922,-5.34375,1.6309929,0.42631647
1736,687780,4.499712,4.1875,1.8726293,0.6398372
1494,909747,0.14954,-3.703125,3.066288,0.61389095
1084,1290797,-3.603353,-1.8359375,2.814908,0.52085614
1912,1240144,3.493147,3.359375,1.7799716,0.5963818
1720,905972,6.510514,4.1875,1.7099209,0.6199488
1918,687819,3.426696,3.640625,1.4181129,0.5656079
1030,905950,5.397424,5.5625,0.5574515,0.41390592
1052,905964,2.18924,2.703125,1.3817888,0.5319918
2057,908127,4.564713,5.1875,0.73461485,0.44963962
1564,753554,0.214303,3.015625,1.9002973,0.60073715
2173,1503367,4.411084,5.1875,1.5372862,0.673683
1011,1240160,0.389819,2.28125,2.985631,0.7153279
1804,910903,3.422144,5.125,1.2136621,0.5818435
2096,1240159,4.358756,3.140625,1.5894384,0.5878752
1010,724870,3.888793,2.71875,1.2681948,0.5214393
1378,909731,1.633318,2.5625,3.0447147,0.6909311
1632,907063,4.168127,2.84375,1.2316357,0.48875389
1025,909907,7.268306,5.625,1.1045012,0.5546256
1050,909257,2.003544,2.65625,1.4177407,0.5541464
1941,909699,-4.550768,-3.90625,2.8007812,0.5735217
1512,1331048,4.432385,4.1875,0.47557622,0.3126217
1180,724870,-2.9927,-3.390625,1.83418,0.49923143
1804,906842,3.602147,3.921875,1.3373713,0.5555023
1054,907299,0.497658,3.703125,1.7054185,0.58846104
1375,907063,6.876178,5.40625,0.8432606,0.45982504
1054,1298348,5.7823,3.859375,1.5595213,0.562615
1191,1298358,-1.7845,-4.03125,1.2688292,0.40891695
1939,925346,2.444174,2.359375,1.5475037,0.53660756
1191,1290797,-5.448212,-4.3125,1.1171349,0.41112927
1809,687780,1.140479,0.65234375,3.8854415,0.71402854
1089,924189,3.712091,4.75,2.551657,0.6523535
1931,1330947,2.909175,4.71875,0.66065675,0.36585855
1936,907269,1.439727,2.640625,1.8262819,0.59718364
1033,1330983,3.261117,5.0,0.795309,0.45073974
1029,909720,5.74912,5.6875,0.47968686,0.37568477
1021,687794,3.10987,3.859375,1.5938492,0.5807499
1237,907795,5.849029,5.34375,0.7136185,0.41231105
1561,906843,1.465924,2.609375,2.218311,0.6686284
1084,909755,-0.068496,-1.3828125,2.777337,0.51039195
2170,687455,2.710239,4.15625,1.891204,0.62749857
1061,906848,4.200741,4.875,1.1533976,0.54448503
1080,724870,-3.086904,-4.40625,3.534983,0.6540951
1375,949090,6.873998,6.6875,0.7633704,0.47810876
1613,1240182,2.866721,3.171875,2.1452312,0.64660126
1067,998189,5.1774,5.59375,0.47162014,0.36766034
1827,906843,0.585509,1.2890625,2.470612,0.60213107
1615,724870,4.775853,4.84375,0.630909,0.40431765
1005,1331048,0.575817,0.6484375,3.0542767,0.7317747
1510,907791,3.059129,3.921875,1.1231852,0.48970097
1564,910933,0.853533,3.34375,2.155305,0.64051014
1190,749716,4.161505,-2.375,6.46437,0.87771463
2107,1298365,6.283634,4.75,0.666751,0.41973135
1079,946354,-0.849409,1.3125,2.9352436,0.70325553
1559,907794,-3.203262,-1.359375,2.6956942,0.6018239
2011,1290797,2.836561,4.78125,1.0624417,0.5106588
1594,907269,1.023723,2.578125,2.1212637,0.6393771
1838,906848,2.89285,4.375,1.4427806,0.53097373
1909,909750,1.356446,2.453125,2.1841414,0.6195065
1933,687596,5.527277,4.09375,1.5459149,0.58922565
1614,907794,5.260424,4.5625,1.1731427,0.542538
1048,753575,6.496023,5.875,0.88092786,0.53988415
2039,1298537,3.256643,3.6875,1.1495856,0.51289034
1997,910399,4.35599,3.828125,1.4307806,0.5649186
1052,908465,4.689674,3.90625,1.2336097,0.54476917
1510,909907,5.46808,4.8125,1.1516719,0.55640304
2148,909720,0.977482,1.6328125,1.1441525,0.4633278
1776,906827,3.997271,5.34375,1.1846175,0.5535031
1091,910851,0.893523,2.25,1.6971191,0.5798691
1558,906835,7.279263,3.875,1.3163608,0.5412436
2037,905986,3.717483,3.90625,1.2756935,0.5449435
1047,949090,7.096081,4.6875,1.312618,0.5664721
1806,1290797,6.310648,5.0,2.1865044,0.62305176
1502,907175,3.917451,3.90625,1.1760708,0.49728835
1088,924189,-0.047418,2.65625,4.3586764,0.85983026
1629,724859,4.009404,5.125,0.8346187,0.4985751
1838,1503367,3.361403,5.6875,1.4975387,0.6236154
1940,925346,3.96216,3.796875,0.85547704,0.44880942
1250,1659818,3.45892,1.6484375,2.7751532,0.70637757
1067,908127,5.002116,5.6875,0.49154586,0.3756784
1004,1240153,-4.648371,-3.890625,4.2390165,0.7029788
1941,1298141,-2.750775,-3.546875,2.732771,0.5815946
1018,1240160,4.974316,5.6875,0.7078381,0.45419547
2498,909749,8.557099,8.8125,0.7385716,0.48550263
1909,907291,1.976563,2.359375,2.2738392,0.63609433
2110,908461,5.137692,5.0625,0.81637806,0.46746138
2045,753575,6.108007,5.8125,0.93262976,0.54441226
1021,906746,3.347555,3.53125,1.2989045,0.525995
1936,907271,3.912065,3.4375,1.4772649,0.58033377
1631,906835,6.127343,4.0625,1.4298129,0.5422438
1089,906835,7.260872,5.4375,2.014392,0.61004454
1825,906842,-2.697984,-1.75,2.0670614,0.54271287
1563,908121,5.052749,5.625,0.7014859,0.43322146
1634,1240184,4.669045,4.5625,0.9008652,0.47019258
2046,1298537,2.496221,3.703125,1.8709763,0.6330346
1175,1298365,3.966621,3.796875,1.1013937,0.5002868
1051,909720,0.986223,2.046875,2.3612926,0.63690454
1088,998189,2.234423,2.75,3.748883,0.80413914
1084,687590,-3.185362,-2.171875,2.538741,0.48306832
1925,687780,4.334989,5.5625,0.79103756,0.46712124
2438,753622,9.379476,9.875,2.4088461,1.131314
1924,949179,1.843007,2.75,1.7738794,0.55808777
1621,1240182,5.710263,4.625,1.1144454,0.523399
1029,906813,5.630478,6.0,0.5943038,0.4422324
2154,687780,3.661954,3.421875,0.7896529,0.42399192
1033,1298350,5.58148,5.3125,0.6531296,0.42661938
1804,1299062,6.877842,4.9375,1.1328824,0.5644984
1776,907269,3.370646,4.03125,1.1419314,0.48656082
1630,905986,3.811899,4.21875,0.9652362,0.5050896
1932,1240127,4.64427,2.96875,1.7248443,0.58645815
1558,687819,5.73284,3.578125,1.5498668,0.57900095
1931,907175,4.744686,5.0,0.7454007,0.4033353
1557,1298358,5.130607,5.5,1.1179142,0.5183263
1936,687590,2.324788,3.0625,1.6302999,0.58814913
1782,910920,5.452675,4.5625,0.69791645,0.38549894
1578,1503367,2.996135,6.53125,1.0214046,0.61172056
1810,905972,-0.193226,0.43554688,3.2649162,0.68411213
1621,907299,2.315649,4.71875,1.0605606,0.5257466
2106,909257,2.435331,3.453125,1.5237921,0.57211775
1507,907271,6.205613,5.4375,0.55828315,0.3904469
2359,724831,5.761387,5.5625,0.5605051,0.40857697
2109,910933,3.951294,3.515625,1.3918886,0.54956275
1529,687596,1.917176,-0.05029297,4.5274706,0.7599624
1026,1240184,-2.696773,-0.55078125,2.425102,0.5285011
1069,910933,4.877307,4.28125,1.1562217,0.54023546
1053,688013,3.285655,2.984375,1.6305141,0.562615
1819,907291,-5.747015,-3.734375,5.047,0.78169036
2047,925346,1.379639,2.328125,1.3667294,0.5080362
1050,907271,2.868486,3.03125,1.6274631,0.5871257
1830,687780,2.883219,3.34375,1.4241773,0.5163496
1014,910933,-0.691107,2.8125,2.7543716,0.68892694
1034,910920,-4.238072,-3.828125,2.3152735,0.5086185
2110,1240172,5.125924,5.1875,0.857474,0.47485206
1529,1290797,1.526322,0.96875,4.216401,0.75427085
2010,724859,6.314604,4.28125,1.3220332,0.56186473
1827,909720,1.153287,1.2890625,2.0302885,0.5526087
2111,1240153,3.091535,3.734375,1.8313587,0.6135991
1047,909745,6.43392,4.65625,1.1042295,0.5280201
1549,909731,4.790551,4.21875,1.216692,0.5386754
1168,907278,2.256505,2.78125,1.2099633,0.49246982
1913,749716,4.867863,4.3125,0.9314064,0.4442355
1806,907274,3.249545,5.0625,2.7820423,0.678032
2044,949090,3.786855,3.890625,1.2622209,0.5433333
1615,910780,4.994883,4.65625,0.650541,0.39614815
2109,910903,1.715486,3.328125,1.3197539,0.5290491
1249,1240145,3.453982,3.359375,1.0054709,0.4758751
1919,688087,1.670034,1.9921875,1.3686041,0.51903087
1799,1240186,5.496477,4.46875,1.6162425,0.6037977
1026,910903,-3.73665,-0.07080078,2.5147948,0.539426
1175,687794,2.492773,4.75,1.2838863,0.57575184
1941,1298157,-3.272495,-3.984375,2.3771548,0.53504574
1838,1290797,3.416377,3.90625,1.4326469,0.5142822
1048,1330947,2.061275,3.96875,0.8425699,0.44090065
1779,908150,1.196838,1.5,1.9723785,0.59450114
1549,910903,4.234507,4.375,1.1077169,0.5175719
1621,906868,4.8098,4.625,1.0187069,0.5195118
2044,909745,3.987547,3.96875,1.1095512,0.52110046
1049,1240144,5.590169,4.125,1.2508428,0.5235429
1375,1240192,6.469923,6.625,0.6881119,0.4677764
1049,949090,2.329416,3.90625,1.3440858,0.52535725
1578,1240144,5.843715,5.3125,0.6886326,0.4340594
1036,909745,3.769252,4.5,1.0257269,0.49555567
2174,909724,2.099647,2.796875,2.0169342,0.59378576
1916,1240159,4.14543,2.953125,1.70717,0.59489834
2159,1299062,4.298815,4.03125,1.1753387,0.52572536
2177,907175,1.944213,1.2265625,1.5338802,0.49195635
1997,1331048,4.39874,2.140625,1.633046,0.5579768
2096,1298348,3.504431,3.28125,1.6257799,0.58361185
1089,905964,0.942202,2.578125,3.6020179,0.6805634
1072,1240172,4.7604,5.375,0.92445683,0.49382266
1810,908461,1.334141,0.82421875,3.4663718,0.709816
1048,924100,4.836095,5.21875,0.87191767,0.4840946
1086,909720,-1.582939,-0.85546875,3.7817862,0.6997623
1091,687505,2.969673,2.3125,1.4743146,0.55354106
1016,724870,2.626784,-0.69921875,2.8330486,0.57575685
1614,1298350,4.298744,4.3125,1.2248211,0.5312905
1560,1240160,4.501258,4.125,1.731834,0.6005253
2044,753608,3.554997,4.1875,1.2151766,0.5619772
1239,910911,3.338029,2.046875,2.2468235,0.61154574
1250,907169,3.323484,1.984375,2.7114227,0.69319904
1806,909785,1.524856,2.390625,3.3535976,0.64729506
1080,907318,-4.842383,-4.25,3.7684426,0.66970116
1853,724831,4.059197,4.59375,0.9560783,0.49135593
2159,1298365,2.824085,3.6875,1.2454866,0.5293324
1200,1503367,3.37544,5.40625,1.5203205,0.6395827
1816,724831,4.000212,3.90625,1.0077735,0.49065572
1511,924239,-1.292936,-0.60546875,4.3049154,0.73156106
2438,908121,10.699975,9.6875,2.6453247,1.04446
1180,1503367,-2.316448,-0.9296875,3.3464086,0.6852509
1910,688121,5.396935,2.40625,2.8282194,0.6863383
1179,724870,1.08243,-0.014160156,1.6057402,0.54329336
1862,1240223,-0.704748,-1.2109375,0.35037547,0.28056112
1048,909975,5.770657,5.15625,0.87071365,0.48591977
1018,753554,5.541682,5.46875,0.56962353,0.40139723
1819,1503365,0.129113,-3.34375,4.5543814,0.7376622
1025,1330983,4.555624,5.0,1.0901047,0.5132851
2044,906827,2.87867,4.8125,1.4630072,0.6297634
1067,909749,5.751981,5.5625,0.43427542,0.35571954
1917,1298365,3.250063,1.640625,1.86724,0.5931311
1576,946359,3.140943,2.9375,1.4144671,0.5257811
1089,1298157,3.278499,4.8125,2.1708143,0.6017297
2046,688121,4.621869,3.625,2.2821004,0.6750107
1060,1299062,0.281531,0.98828125,2.0096326,0.5596094
1582,1240198,5.284287,5.03125,0.9341803,0.48134044
1799,905986,5.940501,4.34375,1.5476806,0.5840067
1614,906868,4.378168,4.0625,1.1860678,0.52110046
1811,905972,-0.631742,-3.765625,3.032933,0.5896413
1558,1674021,4.765099,3.578125,1.4676077,0.56503224
1050,687819,4.802784,2.671875,1.8873026,0.6141522
1175,724859,5.674242,4.5625,1.13911,0.55317396
1838,906842,1.061573,2.703125,1.201299,0.4465429
1018,687596,5.490048,5.09375,0.66203916,0.41729704
2106,907271,1.895613,3.828125,1.7003505,0.60137016
1812,1298537,3.759514,2.546875,2.8095245,0.676004
1926,1240192,0.426858,0.94140625,2.0935457,0.64005977
2048,687596,-3.903305,-3.78125,3.6767788,0.6408005
1033,724870,4.941902,4.6875,0.62171483,0.40301427
1559,910567,-3.36651,-2.875,2.4966516,0.5619419
1613,753540,1.770612,3.578125,1.9050065,0.64454854
1580,907795,5.167873,5.1875,0.84089404,0.47413075
1018,753608,7.072805,5.8125,0.6040402,0.42779547
1583,910911,3.526037,3.09375,0.6568242,0.37513503
2499,753622,8.564557,9.875,1.5958441,0.88374674
2158,907795,5.605061,4.4375,1.3881643,0.5649998
1199,907318,3.954714,3.59375,1.1506493,0.50295967
1854,907791,3.484859,4.5,0.9010373,0.4571422
1997,909724,4.872342,3.921875,1.5592445,0.5973006
1050,753608,1.83873,2.90625,1.6549548,0.59408486
1812,908461,3.175597,2.734375,2.7766666,0.67382777
1026,1298348,0.967447,-0.118652344,2.4318616,0.52997416
1048,905964,4.271056,3.9375,0.8508899,0.44182634
1808,687802,1.161242,1.265625,4.17557,0.77798307
1803,1240145,6.701696,4.84375,1.0670267,0.5441535
1180,910851,-3.658793,-2.921875,1.9545354,0.4931567
1625,905968,5.333036,4.78125,0.88734704,0.4888726
1928,687505,3.830461,4.75,0.880287,0.48125255
1091,909747,2.814782,2.328125,1.7290641,0.5878929
1931,1298136,7.471073,6.125,0.7897455,0.4699591
1068,946359,1.496283,0.16992188,2.027544,0.54441893
2156,907274,2.511141,3.703125,3.525035,0.738616
1249,906868,4.00191,3.59375,1.2512908,0.53315735
2159,687505,3.522716,4.1875,1.2043557,0.54425645
1089,910567,1.107634,3.484375,3.0960279,0.6589038
1026,910899,0.257677,-0.53515625,2.8189404,0.56020015
1630,753620,5.34948,3.53125,1.082756,0.49817243
1057,1298157,-2.177153,-1.359375,1.9931383,0.52564806
1915,1240192,2.624547,2.90625,1.5330781,0.56987077
1030,753622,4.443817,5.25,0.5267557,0.4036508
1047,909720,5.530317,4.9375,1.0810586,0.5386754
1511,1298537,-1.315327,-0.31835938,3.7455733,0.6930617
2359,1674021,6.135335,5.53125,0.67293364,0.4236234
1576,924189,3.179987,3.28125,1.402575,0.5372851
1814,1674021,7.119333,6.34375,0.859202,0.4673132
1911,906843,-4.363536,-3.640625,3.89792,0.66654176
1817,1298350,-3.952234,-4.53125,1.8753401,0.45122844
1578,910911,6.521293,5.25,0.71949875,0.4432115
1512,1240182,6.213443,5.46875,0.5148237,0.35375363
1827,905986,1.522356,1.1875,2.2157702,0.56898487
1033,1674021,5.864089,5.25,0.666212,0.43295825
1200,907169,2.715959,3.984375,1.3054782,0.525984
1168,724870,4.886177,2.296875,0.9823968,0.45549297
1831,1240223,4.302935,4.5,0.8276175,0.46544653
1598,688087,5.19364,4.5625,0.9615721,0.48409897
1564,909257,2.586141,2.890625,1.7370813,0.5791773
1928,1330947,1.99383,3.578125,1.1114595,0.48957232
1576,907269,2.761864,2.828125,1.5274212,0.5348945
1910,687819,0.677426,2.484375,2.8141158,0.6947684
2048,906827,-3.486149,-0.80078125,5.444151,0.81712174
1179,909747,1.309606,0.53125,1.9451132,0.5835196
1023,998189,4.092389,3.890625,1.0959709,0.50295967
1085,753620,1.959015,2.375,1.4072633,0.5204952
1050,909757,0.325797,2.703125,1.7604715,0.5985716
1622,905982,5.595837,4.8125,0.7752348,0.4382347
1006,688087,2.047865,1.71875,5.2010145,0.80991656
2010,753612,3.933777,3.421875,1.5152335,0.56042945
1036,1503367,3.700092,5.9375,1.5071728,0.6828504
1782,687780,6.515784,6.0,0.7507984,0.4566155
1007,909745,-5.917512,-3.71875,4.173468,0.71366036
1915,687997,3.770021,2.953125,1.7206645,0.58503693
1576,907271,3.843264,3.609375,1.2610579,0.5158779
1553,909249,0.845342,2.71875,2.0125282,0.60090274
1029,909975,6.577697,5.65625,0.595566,0.41156474
1375,909755,6.498999,6.875,0.6782576,0.44983268
1068,907066,2.14582,0.43554688,1.9713826,0.5489582
1009,905982,4.675695,5.0625,0.71824515,0.40393627
1634,1331048,2.934162,2.921875,0.9036913,0.42007846
1813,687997,6.85087,5.3125,1.6801769,0.57975125
1847,906836,0.88578,4.03125,3.2950146,0.8277537
1847,905964,2.577681,2.984375,3.2580104,0.77073956
1941,1298168,-4.609493,-4.5,2.3396816,0.5605648
1373,724859,3.424857,4.78125,1.151362,0.5605648
1838,924239,3.171383,3.78125,1.3069785,0.48826247
1909,907066,2.683108,2.3125,2.3102765,0.64332783
1021,1503367,3.982333,4.53125,1.6998072,0.6478817
1378,753620,2.323606,1.703125,3.0896668,0.66799605
1511,910781,-0.645359,-0.51953125,3.228989,0.641688
1778,909709,4.184301,3.84375,2.1348965,0.66845757
1038,909975,3.534713,3.625,1.2973875,0.5444087
1006,905986,2.57426,1.90625,4.84346,0.78448355
1072,687568,5.73831,4.96875,0.88842654,0.48445374
1016,907066,3.313169,0.13867188,3.1848676,0.6060124
1912,910899,3.44325,2.984375,2.3007843,0.6525909
1618,907175,2.468811,3.234375,1.503994,0.5507473
1088,1322212,0.553563,1.515625,4.835305,0.84271216
1033,925338,4.87359,5.25,0.6480157,0.41686928
1091,688121,3.200013,2.5,1.8487523,0.59581393
1012,905982,2.952108,1.6328125,1.0348318,0.43313098
1372,1240198,0.939633,0.79296875,2.9835913,0.6554343
1052,907291,2.457097,3.734375,1.3155919,0.5492438
1813,909249,3.892761,4.46875,2.243324,0.6392427
1835,910780,2.029206,3.046875,1.2139083,0.4467439
1022,906836,-2.858762,-0.118652344,3.1874232,0.6678747
1006,753612,2.683813,0.8828125,5.701364,0.84715056
2037,724831,4.656296,3.734375,1.1032099,0.5248259
1917,1240223,4.78141,2.171875,1.9635366,0.614803
1563,1298350,5.854943,6.0,0.6690305,0.4211663
1933,905968,3.986669,4.375,1.3726641,0.5863669
1917,908121,0.919613,1.9921875,2.1891277,0.63254774
1007,906746,-5.692317,-3.34375,4.9102907,0.7605166
1131,909731,2.775112,4.625,1.806887,0.6204145
1494,688025,-6.520318,-3.3125,3.415568,0.63638115
1809,1240172,1.279894,0.703125,3.5734367,0.6799488
1021,1659818,2.426791,3.0625,1.5253495,0.55303067
1018,687505,4.360336,5.5625,0.5741116,0.4094178
1029,907063,5.777565,4.5625,0.54960746,0.36636275
1259,1240144,2.990095,3.296875,2.2434456,0.6635772
1931,907291,4.613751,5.6875,0.67437464,0.40804252
1930,1240192,-0.096332,0.5859375,1.039476,0.44403753
1854,1330947,2.455536,3.921875,0.8636071,0.44727603
1016,909249,-2.839071,-0.67578125,3.308904,0.60807806
1036,687568,3.770611,4.5,1.1303638,0.5295124
1016,906746,-0.589293,0.609375,3.0591016,0.6124522
1179,688121,1.333117,0.8359375,2.0979679,0.59506434
1913,906868,5.72321,4.84375,0.77173793,0.44076627
1043,910911,5.948992,5.4375,0.659416,0.42312464
1862,905964,-1.724324,-1.4921875,0.37924713,0.2793151
2046,687802,4.669945,4.5,2.0239458,0.7018171
1940,906843,3.237895,4.0625,1.1320934,0.51555246
2154,1240198,2.982591,3.296875,0.73268217,0.3974754
2172,907318,3.21469,1.2890625,3.1012435,0.71251327
1058,1240145,-0.038926,1.203125,1.5724999,0.5787132
1613,907269,2.692974,2.453125,2.6684256,0.6913127
1819,1298157,-4.895945,-3.546875,4.5657187,0.7352432
1631,1298365,2.177889,3.140625,1.4113281,0.51939857
1809,906836,-3.161817,-0.546875,3.9982731,0.71054506
1808,907291,0.118712,0.16601562,4.2104917,0.7532137
1079,1298537,1.631417,1.640625,3.0204668,0.7085608
1510,910851,2.814055,4.375,1.034655,0.5129045
1593,1240184,1.454674,2.609375,1.9602714,0.59085184
1529,905972,0.028009,0.73046875,4.006026,0.72141963
2044,907791,4.627968,3.515625,1.3544981,0.54023546
1200,1503365,4.699908,4.03125,1.1853007,0.51022243
1510,1503365,6.189465,4.59375,0.93191326,0.4939739
1175,906827,2.727317,5.125,1.3499347,0.61004454
1843,908465,0.094665,-0.69921875,3.4790938,0.67638063
1843,924239,-0.119741,-0.7109375,4.493976,0.7733148
1036,907791,4.668959,4.09375,1.3734668,0.53414106
1179,908461,1.13707,0.99609375,1.831347,0.57341313
1049,906835,5.879119,4.3125,1.2537723,0.52879417
1803,1503365,8.03536,5.15625,1.2019049,0.59122956
1559,688087,-2.823792,-1.8359375,2.8537586,0.6121341
1862,688121,-0.594674,-1.0234375,0.44690388,0.29941514
1375,906842,3.871613,5.3125,0.93348783,0.46754527
1190,724831,-0.043212,-1.578125,5.489358,0.80763364
1862,753620,-1.650545,-1.3828125,0.4049634,0.2857251
1561,909757,-0.129155,2.53125,2.1890106,0.65979695
1933,753620,2.95253,3.90625,1.6688453,0.59610546
1912,907299,0.059146,3.25,1.9205613,0.6189565
1918,1298136,2.997531,3.703125,1.3982141,0.5633478
1050,910920,4.128708,1.4921875,1.7250464,0.56135195
1068,925346,0.972801,-0.08154297,1.5710359,0.4919071
1919,906836,-0.097087,1.625,1.3995482,0.5150633
1618,1290797,2.943504,4.125,1.2759631,0.54924875
1779,906848,0.428368,1.9609375,2.5699644,0.6747514
1810,907318,-0.333836,-0.44335938,3.2821214,0.6930752
1042,905950,4.866396,5.28125,0.8324283,0.4705657
1019,998189,3.374652,3.1875,1.7939628,0.60106957
2173,910780,4.375662,3.21875,1.1360496,0.48159203
1909,753554,1.693172,2.625,2.0435314,0.6159476
1029,909747,8.035333,5.34375,0.586804,0.40499857
1916,687819,3.296424,2.953125,2.0728686,0.6397992
1816,907794,5.802711,4.4375,1.2377836,0.535543
1629,909731,3.935773,4.8125,0.92448634,0.49383846
1706,1330935,-3.567801,1.453125,3.8571463,0.8208867
1736,1298136,1.981855,4.03125,1.92392,0.6352536
1827,907791,-3.246894,0.8671875,2.5524158,0.6038188
1441,910952,-0.001645,2.53125,2.0285325,0.6291088
1091,908465,1.532637,2.453125,1.5977563,0.57355213
1168,908461,4.05465,2.953125,1.1794187,0.5025336
1624,907278,2.057514,2.765625,2.7017298,0.7125241
2170,1240182,4.027821,3.734375,2.0034616,0.6125184
1072,907175,3.445444,4.25,1.1415503,0.50282663
1021,688025,0.819482,3.375,1.5860884,0.5581907
1613,1240144,4.318698,3.421875,1.8734624,0.6185931
1561,910567,3.754957,1.6484375,2.2557876,0.6548532
1018,925346,5.789743,5.34375,0.5208587,0.3782544
1852,908121,4.899738,5.0,0.68347657,0.42752427
1808,907271,1.840215,1.0,3.72052,0.723317
1036,1240159,4.824342,4.625,1.0919257,0.5234817
1622,1240192,4.291093,4.625,0.7480427,0.43890837
1925,910780,3.664568,4.46875,0.67001295,0.393125
1559,753540,-3.347102,-1.4609375,2.7558928,0.60541356
1022,907063,-1.130732,-0.97265625,2.6774442,0.6100892
2159,909975,4.928718,4.25,1.4421991,0.57813364
1927,905964,4.428702,4.125,0.74000335,0.40979913
1559,1240198,-2.254671,-1.3515625,3.184976,0.63765305
1939,909755,3.115643,3.296875,1.9453839,0.62093574
1779,906868,1.074626,1.3046875,1.9982145,0.58827466
1924,909731,2.115668,3.1875,1.916251,0.5858555
1058,909699,1.230692,1.453125,2.248651,0.6558355
1802,687590,4.168593,4.15625,0.74264264,0.41551453
1529,949090,-0.001581,0.86328125,4.355602,0.75427085
1042,687596,3.264811,4.6875,0.87223077,0.4659248
1149,906746,0.95317,1.5625,1.9146315,0.5716726
1779,687780,1.953569,1.734375,2.3224518,0.64376223
1786,688087,3.201666,3.03125,1.7611233,0.5758772
1043,909731,5.10976,5.4375,0.7363523,0.44440398
1593,724859,3.613396,3.0625,1.902397,0.6101495
1830,946359,3.68325,2.796875,1.2828841,0.4816673
1922,910399,2.300287,2.578125,1.387677,0.53157806
1813,907271,6.837298,6.21875,1.4279567,0.58119583
2173,1298168,5.347905,3.34375,1.0564219,0.4701193
2498,688087,8.293119,8.6875,0.77188504,0.44540372
1069,724859,5.047427,4.1875,1.056422,0.53185076
1024,906813,2.00742,0.2734375,2.9010062,0.62226874
2109,908150,4.036819,3.21875,1.2824646,0.5273066
1093,946359,3.773965,4.15625,1.1186136,0.4977953
1529,1298136,1.369456,1.0625,4.7007585,0.80382663
1018,909724,5.546508,5.3125,0.6421844,0.41893747
1190,906835,2.255364,-0.38671875,6.1715264,0.85923415
1782,910952,4.610466,5.9375,0.68521994,0.43245953
2047,1240198,2.818919,3.015625,1.8693007,0.59378576
1855,1330983,4.861551,4.4375,1.6009634,0.56621945
1940,687780,3.361766,4.4375,1.2009403,0.5455039
1799,1240184,5.06734,4.1875,1.6962584,0.60290104
1061,753554,3.298996,4.6875,0.8889022,0.49225634
1011,687780,2.269645,2.421875,2.845355,0.70248103
1918,910781,1.750922,3.546875,1.0376903,0.49492776
1494,906842,-5.220759,-4.96875,2.3489242,0.5533447
1634,687997,4.247903,4.40625,0.9182456,0.4528592
1996,1298350,3.734588,4.25,1.4018689,0.55912906
1131,909249,2.152252,3.453125,2.192959,0.6395926
1631,1330983,2.450624,3.421875,1.7561188,0.57703555
1494,910781,-2.435809,-3.203125,2.9549298,0.61915934
1580,688013,4.822891,4.90625,0.72160196,0.42285165
1615,687997,6.138204,5.1875,0.6768004,0.41797623
1051,687596,3.561323,1.171875,2.8154287,0.6716931
1582,1298136,4.394774,5.03125,0.9771918,0.50091463
1022,1298358,-0.214225,0.73046875,3.4899974,0.69872034
1372,1240144,1.187328,0.57421875,2.6052897,0.61632705
1378,909750,2.021246,2.390625,2.7109947,0.65789086
1013,906836,2.287991,3.109375,1.5765285,0.58310026
1073,910781,5.421312,4.1875,1.4458344,0.5944788
1560,724870,3.565016,3.171875,1.3197786,0.5132617
1068,907291,0.251189,0.39257812,1.9798576,0.54879826
1014,925338,3.698993,2.546875,2.5671337,0.65342903
1924,907175,2.6819,2.21875,1.9982339,0.5641655
1091,949090,2.023247,2.515625,1.6660761,0.56926244
1799,910933,5.709592,4.625,1.6753163,0.6196382
1862,1298537,-0.50181,-1.1171875,0.43304345,0.32253695
1815,906843,6.607725,5.8125,0.76804775,0.46710607
1510,908461,4.637031,4.6875,0.95032793,0.49728835
2177,907063,2.426538,1.1796875,1.3455585,0.47825179
2173,1331048,2.728886,2.359375,1.1977915,0.4729269
1131,907318,6.060471,3.859375,1.6041335,0.5815946
1048,687568,6.006786,5.0,0.7596126,0.46256748
1617,909720,2.946152,2.15625,2.8539975,0.6371657
1776,1298136,5.100414,4.65625,1.120188,0.51671976
1179,910567,-0.519143,-0.03466797,1.8639972,0.56449854
1036,687997,6.438491,4.34375,1.2327843,0.5225996
1510,907291,4.177586,4.34375,1.0178376,0.49555567
1913,1298358,5.382243,5.21875,0.95592624,0.48749545
1091,909749,2.934826,2.5,1.5630429,0.56388545
1930,1331048,0.097451,-0.5078125,1.03868,0.45401675
1061,908121,4.702387,4.5,1.0131958,0.5207102
1067,905950,5.259662,5.65625,0.48193288,0.36605284
1096,909724,2.02611,2.40625,2.6013215,0.6709491
1268,905982,3.489272,4.78125,0.8459144,0.45772308
1838,1330947,1.969542,2.75,1.2859452,0.45933497
1804,687455,4.039232,5.21875,1.3730825,0.63663626
1564,909750,4.030626,2.859375,2.0611885,0.6096683
1911,1240160,-1.734305,-3.203125,3.8099608,0.6356471
2157,1290797,5.17039,5.34375,0.6727786,0.4327993
2157,1240184,5.007215,5.34375,0.6894841,0.4323842
1913,1240144,6.387189,5.0625,0.73453563,0.42877698
1559,910780,-2.571433,-3.125,2.3327992,0.55186456
1042,907318,5.024391,4.59375,0.71814245,0.43119967
1916,687780,1.565043,3.265625,2.060001,0.65436196
1614,1240172,6.230738,4.46875,1.2471335,0.5409689
1085,907063,2.110141,2.0625,1.2330122,0.49178135
1083,713880,1.64514,2.984375,1.7592624,0.5981605
1996,907318,3.600459,3.4375,1.242376,0.51867706
1086,909907,3.780359,-0.40429688,5.150331,0.8199957
1089,1503365,6.658474,5.0625,2.0355089,0.59925413
1190,907299,-1.975112,-1.125,6.3123183,0.8677071
1855,907063,2.141092,3.546875,1.2809786,0.49817243
2359,688013,5.077067,5.21875,0.641726,0.3882879
1190,1298348,1.713275,-0.90234375,5.8751936,0.8251466
1026,1240182,3.828484,-0.234375,2.6734343,0.5601763
2037,925338,4.844923,3.890625,1.3183889,0.5448397
1776,724870,4.376514,3.84375,0.8381911,0.4374808
2154,907795,2.116651,3.109375,0.75775015,0.39959237
1930,1240186,2.234275,0.9453125,1.2671032,0.48295653
1067,906813,5.064722,5.90625,0.5210068,0.4112039
1625,1240186,5.173402,5.125,0.92361414,0.49719912
1168,905968,-0.015639,2.59375,1.1885593,0.4962092
1922,910899,1.825844,2.71875,1.779257,0.5932396
1177,1240192,5.691274,4.6875,0.9055415,0.50147086
1079,906835,2.887667,1.9609375,2.9842148,0.7000566
1507,1240223,5.827736,5.25,0.562727,0.39728606
1018,907169,5.182138,5.59375,0.6479668,0.431381
1069,910911,3.553361,3.859375,1.0296377,0.4987269
1079,906746,2.368511,1.6875,2.9269273,0.70126307
1259,998189,1.86108,3.203125,2.3879917,0.69323194
1625,909726,4.662568,4.875,0.88811725,0.47809052
2047,724870,1.532237,2.21875,1.4711982,0.5281212
1036,906868,5.389953,4.4375,1.1391041,0.5295094
1720,907291,-1.193434,3.96875,1.9882525,0.64387745
1924,924239,2.550965,3.078125,1.7911851,0.56624377
1932,906842,1.812629,1.4765625,1.9284326,0.5704011
1809,905972,0.682292,-0.0014648438,3.2082243,0.6375615
1250,753620,0.910763,1.203125,2.8449955,0.68163306
1928,713880,4.12853,4.6875,1.0309134,0.5150135
1006,910952,0.265993,2.53125,5.124212,0.8158372
1032,1503367,3.005477,2.734375,2.3174741,0.69195384
1919,907299,0.301646,1.890625,1.3337256,0.51091087
1615,1330935,2.618074,4.96875,0.7656987,0.44639486
1011,724831,4.154344,1.8046875,2.0952778,0.6197514
1909,908461,3.166951,2.734375,2.176913,0.631956
1581,687568,4.695843,2.734375,1.6334835,0.572037
1924,998189,3.33467,3.234375,1.725972,0.5698937
1786,1298157,2.396425,2.953125,1.6378564,0.5541597
1038,1240159,3.731059,3.6875,1.1327863,0.5238746
1927,1298348,5.673281,5.25,0.6248303,0.41334888
1026,906746,-0.800579,-0.1484375,2.442195,0.54522926
1239,909975,4.931066,2.234375,2.6065228,0.663455
1088,906827,2.451953,4.5,4.055531,0.90541273
1922,908127,1.24546,3.015625,1.5254272,0.56987077
1930,924189,0.405355,0.83203125,1.2940305,0.48829365
1378,1240127,4.515044,2.375,2.6946363,0.6624043
1243,906813,2.375627,3.890625,1.1861497,0.49520326
1250,907066,4.442148,1.75,2.671571,0.6921276
2438,925346,11.2205,9.8125,2.1329854,1.0411654
1375,1298157,6.832485,6.6875,0.71220255,0.46579677
1038,753608,3.187525,3.890625,1.1784275,0.53665286
1072,925338,3.806596,5.0625,0.911016,0.47671714
1062,906813,-0.421784,4.34375,1.7864265,0.65091926
1052,1298136,6.056991,4.03125,1.4494888,0.5929618
1512,949179,5.880602,5.375,0.49288598,0.3548156
1624,907794,2.75125,3.71875,2.15756,0.68535167
1613,687794,1.602282,3.84375,2.139217,0.67952496
1925,910911,5.414327,5.21875,0.6821067,0.42341137
1835,1303900,2.873157,4.59375,1.453014,0.52159345
1494,1674021,-4.056648,-3.296875,2.9122357,0.60090274
1372,1240184,-2.314578,0.25585938,2.598871,0.6174092
1561,906813,1.744426,3.015625,2.2567778,0.7032464
1582,724870,4.762523,4.21875,0.7723966,0.42663857
1919,908465,0.645906,1.703125,1.251011,0.49896008
1449,1240145,5.500018,5.5,0.56755847,0.40499872
1913,907278,4.643309,4.5625,0.8516566,0.43769062
1922,949179,1.606737,2.515625,1.4596585,0.5453008
1559,724831,-3.011708,-2.171875,2.1484416,0.55169564
1598,1503365,6.814471,4.71875,0.8877192,0.47910833
1511,909745,-0.523513,-0.64453125,3.369023,0.64105326
2011,1240198,5.009608,4.9375,1.2282495,0.53414106
2046,909726,1.124928,3.546875,2.0107768,0.6449098
1835,907274,2.931121,4.375,1.6157364,0.5257811
1093,753554,4.869629,4.46875,0.9218304,0.4713202
1058,907299,-0.234521,1.6640625,2.1746242,0.64625144
1059,1240172,0.577684,0.83984375,2.5669978,0.6283157
1553,1299062,5.450566,3.234375,1.6485553,0.577315
1553,906868,2.744928,3.359375,1.8152692,0.61118805
1008,909726,2.743523,0.484375,4.042747,0.7532357
1175,907318,3.644941,3.765625,1.008901,0.48868266
1558,907269,2.18798,3.109375,1.6073768,0.5628945
1032,924239,1.502708,1.8203125,1.9549308,0.5948501
1073,908121,6.172487,4.09375,1.758299,0.66016495
1814,1303900,6.03691,6.8125,0.8990966,0.48400092
2109,1503367,2.720936,4.21875,1.4360197,0.6213124
1005,687455,2.848175,3.484375,3.0481048,0.739699
1996,910781,4.103814,4.03125,1.1481808,0.5044548
1191,906813,-4.923313,-4.03125,1.0248456,0.38286293
1924,753620,3.241851,2.46875,1.9393189,0.56561655
1032,687997,3.132601,1.90625,1.9664099,0.5927021
1036,1298348,7.429317,4.71875,1.0934486,0.5122197
2154,688087,2.927891,3.140625,0.7110299,0.38972163
1057,724859,-1.814019,-1.1171875,1.999659,0.5442719
1782,1240172,5.947188,5.84375,0.6799938,0.42861423
1073,909257,3.214136,4.25,1.4917786,0.6196382
1593,1240160,4.953321,2.984375,2.331096,0.6551175
2111,908465,4.377183,3.984375,1.617228,0.5981535
1084,909757,-1.758897,-1.828125,2.859483,0.52192324
1091,907318,1.897281,2.0625,1.3347493,0.52700233
1819,753554,-0.461191,-3.578125,4.737425,0.7500315
2037,908127,5.25157,3.984375,1.3546326,0.56267214
1038,1298358,6.37687,3.890625,1.4721211,0.58418643
1507,713880,4.920169,5.0625,0.63101023,0.403354
1053,907318,3.170678,2.6875,1.3744233,0.53993315
1006,753620,-0.516747,0.42382812,5.6960974,0.82214165
2156,1303900,4.192674,3.890625,3.2344744,0.72800976
1512,946354,5.037996,5.65625,0.48967484,0.36369532
1259,906746,1.483562,3.328125,2.2592142,0.6745585
2040,910567,2.150516,0.57421875,2.268263,0.62302417
1613,1331048,1.90133,0.84375,2.3559031,0.61579686
2148,1503365,4.236671,1.4609375,1.1948333,0.46467048
1831,908465,4.263989,4.4375,0.83561665,0.4603724
1810,1298365,-0.499161,-0.092285156,3.2153635,0.6896987
1073,687590,5.044132,4.15625,1.8065671,0.66154647
1047,905972,6.841633,4.78125,1.1716691,0.5588291
1010,907299,3.937564,3.3125,1.4911824,0.56551766
1862,906827,-1.674356,-0.46484375,0.5034965,0.3267969
1512,907169,5.459371,5.78125,0.523593,0.3698899
1062,688013,4.903709,3.65625,1.6248709,0.56621945
1936,1240184,2.529755,2.984375,1.5351443,0.5735009
1838,906746,4.480494,4.15625,1.2392687,0.49930787
1014,909745,3.41788,2.390625,2.3708358,0.6394786
1931,909747,8.297374,5.5625,0.66150874,0.4054113
1776,1240153,4.228754,4.3125,1.0265615,0.48710793
1939,1322212,0.982356,2.140625,2.1435626,0.596904
1239,1290797,3.127709,2.34375,2.402286,0.650901
1916,1330935,1.571986,2.640625,2.1117995,0.6425824
1025,906836,4.043094,4.9375,1.0799654,0.51641756
2048,909749,-1.252772,-2.5,4.003101,0.7067599
1008,908461,2.840284,1.015625,4.0679603,0.7632277
1168,946359,2.852079,2.578125,1.2208474,0.49942842
1933,905972,5.955665,4.625,1.2741306,0.571377
1005,688121,1.922492,3.078125,3.2190359,0.73349756
2439,907299,10.054585,9.8125,0.82831323,0.48538342
1815,907318,5.776239,5.46875,0.63682866,0.4342842
1630,906836,2.229518,3.75,1.1750107,0.53647166
1036,907278,4.452089,4.1875,1.2888714,0.5380883
2043,907299,5.21425,5.34375,0.75443107,0.4518298
1177,908127,4.028044,4.90625,0.96457356,0.51525205
1629,910899,4.214372,4.59375,1.0522268,0.50835854
2043,749716,5.198813,4.71875,0.89853203,0.45822597
1089,687794,2.854633,5.65625,2.485338,0.68891275
1812,1298350,-0.384823,2.796875,2.83532,0.6793149
1576,907175,2.534872,2.40625,1.409814,0.5086064
1019,1240182,4.995917,3.109375,1.9485468,0.61010957
2045,688087,5.540589,4.90625,0.88289005,0.48143473
1825,908465,0.083412,-0.5859375,2.1362245,0.5509884
1007,1240186,-1.854334,-3.171875,4.9348016,0.7726712
1052,910933,4.543624,4.28125,1.3363312,0.56794137
1928,1240159,5.580704,4.84375,0.8912012,0.48847508
2047,908121,2.653806,2.703125,1.8712277,0.59726626
1635,906696,5.321164,6.34375,0.440152,0.37610584
1930,1503365,0.956583,0.6640625,1.086529,0.45476893
1022,909699,1.590253,0.10498047,3.0365748,0.6462508
1924,906836,2.481479,2.859375,2.0321178,0.60106957
1928,753620,4.020133,4.15625,1.1085426,0.49839565
2107,1240172,5.995105,5.40625,0.71639264,0.45444492
1004,724859,-3.536138,-2.75,4.388178,0.7365813
1018,910851,4.985042,5.5,0.6526353,0.43780443
1559,1240144,-2.375451,-1.75,2.5544844,0.5657017
1054,688013,2.392002,3.296875,1.7482904,0.5716809
1615,907278,4.963094,5.03125,0.6999181,0.42512718
1069,910781,3.399475,3.859375,0.8960738,0.4701077
1511,753608,-0.498378,-0.27929688,3.3983285,0.64207834
1917,749710,0.803426,2.734375,2.0873296,0.6351367
1083,1298350,4.005889,3.328125,1.6986629,0.59486246
1016,906868,-1.316937,-0.030273438,2.9466891,0.5687556
2106,688013,3.323118,3.28125,1.8013082,0.58616847
1129,910399,3.787891,3.765625,1.193968,0.5113358
1194,687596,5.236848,2.671875,1.8011789,0.6034874
1048,907063,4.519401,4.03125,0.7932158,0.4336508
1909,910911,1.996571,2.328125,2.0826726,0.6045981
1073,949090,5.858145,4.1875,1.8077983,0.6521837
1057,753540,-2.069074,-0.93359375,2.1450198,0.55818594
1625,1240223,5.127646,5.0625,0.84625334,0.48957232
1510,907318,3.770597,3.9375,0.86966443,0.45625252
1812,687505,2.0762,2.234375,2.5458639,0.6367747
1025,753575,6.597949,6.0625,0.9710943,0.5546256
1085,724870,2.373362,2.3125,1.1460298,0.48955452
1029,906827,5.860359,6.4375,0.66965324,0.46393117
1016,908127,-2.923314,0.58203125,3.1977537,0.61721486
1058,998189,0.950512,1.6875,2.0675986,0.6381726
2045,909750,3.258532,4.9375,0.83201146,0.4691224
1061,688121,5.70061,4.59375,1.1050156,0.5256849
1061,688087,4.120257,4.625,0.9863464,0.50821924
1580,907278,4.681341,4.8125,0.7969703,0.4447658
1913,1298350,5.513412,5.0625,0.79983383,0.4463638
1005,909757,3.464852,3.296875,2.9930792,0.72634566
2170,1298168,2.666788,3.140625,1.7483307,0.5500498
1180,908150,-2.425389,-2.5,1.9907477,0.5112016
2038,1331048,2.276759,2.53125,1.1704111,0.45978832
1084,908150,-0.767126,-2.0,2.4972403,0.48200515
1511,924100,-1.487363,0.060058594,4.3611674,0.73655075
1250,1331048,0.072097,-0.061035156,2.674322,0.66600204
1463,906843,3.968749,4.0,1.3288859,0.56621945
1862,998189,-1.03386,-1.109375,0.3788722,0.28804106
1020,906835,7.557138,5.84375,0.8025332,0.4943608
2037,924100,5.086074,4.03125,1.5490774,0.5845338
1023,687794,1.740751,4.25,1.2588338,0.543261
1626,753620,4.097395,1.6484375,2.8106005,0.6733923
1814,906836,5.03805,6.125,1.1290315,0.5194636
1131,906836,-0.208818,4.15625,2.192301,0.67666245
1494,908150,-3.888361,-3.171875,2.8968658,0.6023297
1557,1503365,6.407277,5.3125,0.8599856,0.46894506
1808,1298365,0.146633,-0.31445312,3.7062123,0.7153551
1007,906827,-5.029135,-1.1640625,7.307033,0.98814666
2096,1240145,0.737244,2.734375,1.3322144,0.52600145
1052,910911,5.356619,3.796875,1.2035476,0.52473843
1239,909749,2.526219,2.234375,2.1751816,0.6169651
1088,753622,2.433153,2.078125,3.807084,0.8102324
1023,946354,3.428558,3.65625,1.0126055,0.48545468
1014,1298141,0.871537,2.734375,2.6664028,0.6757238
1928,906835,6.993466,5.15625,0.8971665,0.48921958
1634,688013,3.214453,4.3125,0.87443656,0.44136646
1180,906849,-3.257206,-2.578125,2.436899,0.5440469
1811,909745,-0.538303,-3.796875,2.9643846,0.59348917
1913,1240192,4.233985,4.90625,0.7573462,0.44379744
2040,908465,2.299556,1.2578125,2.0834284,0.60481745
1557,1240144,1.942574,5.28125,0.8354336,0.45088944
2038,724831,5.281148,4.5625,0.869449,0.4753275
1013,1298141,3.842442,3.796875,1.3518926,0.56583744
1922,910567,1.434238,2.25,1.4826918,0.5456619
1034,924189,-2.853876,-2.578125,2.6660976,0.5501152
2096,687819,4.045745,3.171875,1.8817325,0.62740695
1853,906696,4.428908,5.5,1.2343851,0.5621358
2499,907318,8.619198,9.875,1.4534203,0.81739384
1079,1298538,1.628612,1.8671875,3.0926998,0.71350056
1849,910911,0.68872,-0.828125,1.5842586,0.47526586
1925,909257,4.923798,5.21875,0.59860706,0.40796125
2173,1298538,4.693408,4.28125,1.2141054,0.5239581
1843,906848,-0.272965,0.24804688,4.9524326,0.816394
1813,1240127,6.561898,5.46875,1.5297385,0.58306
1013,924248,2.263367,3.5,1.4672554,0.5706154
1049,687802,5.006132,4.5625,1.425409,0.5801588
1463,687505,4.922533,3.875,1.1540666,0.53922844
2169,1240144,4.593994,3.34375,1.6340176,0.5528609
1915,1330935,2.159473,2.84375,1.8660607,0.6131609
1088,949179,1.635313,1.96875,4.1441984,0.8056856
1806,724859,4.916546,5.375,2.2361612,0.6614226
1510,946359,5.365037,4.1875,1.0845084,0.50283754
1776,753608,6.220035,4.6875,0.9371841,0.48288816
1594,905964,0.386921,1.828125,1.9631928,0.6088449
1779,753608,2.684376,1.6015625,1.9695026,0.59645015
1582,998189,5.226508,4.84375,0.83348966,0.46156996
1378,909720,2.98572,2.78125,2.4201932,0.64692724
1631,905968,2.351254,3.46875,1.5644883,0.55606604
1549,908127,5.060276,4.375,1.1501219,0.5318917
2498,998189,8.246201,8.875,0.8038792,0.48515788
1013,909709,4.255732,3.78125,1.5836934,0.6066662
2157,909745,5.988558,5.1875,0.5896719,0.39108106
2170,1303900,2.89328,4.1875,1.882282,0.6125184
1053,925338,4.390329,3.34375,1.5742431,0.5707575
1618,687780,4.015371,4.4375,1.4393945,0.5858511
2107,909907,6.73636,5.5,0.85572076,0.5059661
1997,924100,5.048871,4.25,1.6853635,0.61716294
2045,1298358,5.596591,5.25,1.0676531,0.53474313
1149,909249,1.300774,0.37109375,2.2669868,0.5821367
1177,906849,3.314474,4.5,1.2273259,0.5532165
1239,906849,2.115368,2.109375,3.1850784,0.72576
1924,906835,4.736973,3.609375,1.6033316,0.564259
1576,907795,3.43242,3.171875,1.4313452,0.52940226
1912,907063,0.411016,2.109375,1.886425,0.58503693
2045,753612,5.013168,4.46875,1.020406,0.5019484
1061,1240172,5.291783,4.96875,0.98300123,0.5210538
1085,907269,1.99109,2.578125,1.5579703,0.5429066
1191,924100,-4.620459,-3.953125,1.4002293,0.4447846
1249,1298365,5.104872,3.234375,1.1439109,0.49492776
1626,1298136,3.065921,2.609375,2.6975927,0.7051093
2038,753554,4.849781,4.59375,0.94555753,0.47726437
2043,687997,4.242711,5.125,0.7686284,0.42674768
1200,907269,2.788211,3.453125,1.4108139,0.51150465
2171,908121,1.560075,1.8125,2.746657,0.6781137
2107,1330947,2.299457,4.125,0.74790204,0.42387196
1011,906868,2.458545,1.796875,2.5272868,0.6461231
1909,687794,1.533827,3.125,2.3893366,0.67458624
2359,1240192,5.830185,5.5,0.6239909,0.4185891
1804,688121,6.21253,4.96875,1.4773936,0.62469935
1622,1659818,2.489617,4.3125,0.86985815,0.45518008
1062,753575,2.572022,4.625,1.764816,0.6560117
1916,907274,1.16058,3.109375,2.1240432,0.6371973
1873,1240223,2.41123,1.6484375,1.5013008,0.56935495
2011,1331048,1.836265,2.484375,1.4585421,0.50080645
2096,905986,5.088804,3.234375,1.6180401,0.5895644
1200,924100,4.370688,4.15625,1.4325638,0.5351787
1058,909731,0.823636,1.625,2.2989283,0.6550873
1032,910780,1.94814,0.9453125,1.6511505,0.5425444
2177,907794,2.740615,2.6875,1.4666184,0.52909917
1997,905968,4.352889,3.859375,1.4772773,0.5892053
1936,909747,5.621413,2.90625,1.6760004,0.59866124
1916,909709,3.828894,3.296875,2.150412,0.67331564
1133,1298168,4.020086,3.328125,0.8766458,0.4528607
2048,687455,-3.450326,-2.375,4.308667,0.71452934
1023,910399,3.586122,3.53125,1.0429039,0.47250548
2096,924248,4.696591,3.109375,1.8532043,0.61789507
1816,924239,3.808598,3.734375,1.2731721,0.49763954
1997,1298157,4.525614,4.0625,1.4414445,0.5807656
1549,753622,2.195483,3.9375,1.0320923,0.5050896
1913,1240159,6.383013,5.0,0.74057394,0.44013387
1243,687596,3.033795,2.953125,1.0311619,0.4337988
2148,909755,1.657772,1.8359375,1.3052591,0.47797257
2111,907271,4.228099,4.4375,1.5079374,0.5834893
1200,909249,2.517117,3.140625,1.3181088,0.49242055
1549,905950,1.667479,4.4375,1.1608571,0.53410643
1933,909907,7.043682,5.0625,1.7362633,0.66846526
1926,1299062,2.187287,0.6171875,2.068544,0.6176279
2109,906843,2.391657,3.203125,1.3660733,0.53665286
1080,1503367,-2.601883,-0.578125,6.912699,0.9885097
2156,1298538,3.401909,3.578125,2.9490962,0.68892694
1996,1298348,3.296279,4.28125,1.3003615,0.5373896
1549,909785,0.817137,3.078125,1.1323669,0.48125648
1200,910899,2.553719,3.65625,1.4767183,0.5301027
1849,906868,0.441657,-0.75,1.6556298,0.48741767
1932,925338,2.589822,3.109375,1.7837133,0.59183335
2438,907299,11.199667,9.875,2.3409646,1.0
1854,946359,3.711558,4.71875,0.8751524,0.47721547
2110,905982,5.238324,5.0,0.8154154,0.45623145
1029,1503365,7.643525,5.6875,0.5213614,0.3944053
1085,909745,3.656044,3.015625,1.2083961,0.5044908
2011,910780,3.037393,3.65625,1.1925253,0.49032655
2048,909257,-5.102372,-3.046875,3.3918076,0.6276027
1996,907794,4.68934,4.59375,1.3411325,0.5758293
1250,1240184,1.747327,1.8046875,2.5186424,0.6672203
1507,1330935,-1.697135,4.59375,0.67987674,0.39534542
1003,909755,-0.932695,-1.4375,3.9947574,0.6874102
1048,687455,4.776385,5.28125,0.8442362,0.49407986
1180,688121,-1.84188,-2.3125,2.5884507,0.5640996
1580,907291,3.974869,5.125,0.7883319,0.4560638
1024,906868,-0.240275,-0.51953125,2.6285295,0.5774344
1813,910933,5.558837,6.25,1.6261904,0.6105639
1005,1240160,4.592146,3.453125,3.3171396,0.77167404
1843,906843,-0.357249,-0.4140625,4.2610297,0.75229806
1802,905972,4.489635,4.25,0.6863031,0.41366825
1248,1298141,0.603831,-2.703125,5.48164,0.8536164
1011,688121,5.17746,1.9765625,2.8764942,0.6804852
1631,910952,1.625341,4.03125,1.5672238,0.56259173
1043,749710,5.552923,5.84375,0.67730856,0.42965186
1061,907322,3.689425,3.5,1.1935724,0.52038926
1017,910911,4.362773,4.40625,1.0835313,0.49343738
2110,905986,4.631718,4.9375,0.7871498,0.4565507
1930,1240172,0.278131,0.9921875,1.274638,0.47857124
2046,687455,4.667005,3.96875,2.083561,0.6813124
2438,907322,7.225343,9.5,3.9758596,1.3386433
1778,1240127,1.221779,3.25,1.7349799,0.59866124
1926,1503367,1.241976,2.453125,2.549535,0.7684638
1925,1240127,4.271697,5.125,0.6644952,0.4225994
1401,1330935,0.946672,2.296875,2.005557,0.6340127
1008,1298358,4.101843,1.375,5.0656686,0.84514713
1622,1298348,3.416444,4.78125,0.7495769,0.43197608
1925,1240182,6.455313,5.09375,0.75273204,0.43323758
1557,909709,4.077624,5.75,1.1563777,0.54169846
1933,924248,2.550607,4.5625,1.5204173,0.603352
1809,909755,4.139471,0.73828125,3.5079536,0.6722543
1239,687780,3.437832,2.671875,2.7025516,0.6909311
1194,924189,3.761015,3.34375,1.8193766,0.62164193
1806,906842,1.554097,2.453125,3.308641,0.6432424
1006,1240192,2.237691,1.484375,4.652133,0.7578947
1030,1303900,5.364643,5.625,0.5909976,0.4259771
2045,1298168,5.362871,4.28125,0.8337205,0.44420794
1939,1290797,2.326583,2.9375,1.9500724,0.6164725
1806,1299062,7.088324,4.59375,1.9614774,0.56676835
1058,724870,2.180306,0.7734375,1.847562,0.6070825
1617,906746,3.867729,2.140625,3.1234593,0.66474175
2171,1298358,2.456847,2.390625,3.1022458,0.72470367
1855,908121,4.405798,4.4375,1.3267624,0.5372762
2177,1298537,0.950248,2.3125,1.5647154,0.5320133
2439,925338,9.41763,9.8125,0.78942674,0.4685668
2038,906848,1.458105,4.875,1.2276803,0.5311717
2040,925346,2.269205,0.87890625,1.7273782,0.5593957
2044,1240184,4.784005,3.875,1.2329564,0.5514975
2039,907291,2.746756,3.546875,1.1787394,0.5165575
1815,724831,6.505511,5.9375,0.6267621,0.46392003
1549,909724,4.748503,4.125,1.1681991,0.5265651
2010,1503365,6.540591,4.09375,1.296487,0.539892
2172,1240192,3.675421,2.0625,3.0989127,0.7209074
1036,724870,6.013684,3.90625,1.1200825,0.5048766
1803,1240198,1.102855,5.25,1.511209,0.65719444
1809,1298358,2.882606,0.62109375,4.1626096,0.7349217
1017,905968,3.855123,4.25,1.1465166,0.51546854
1011,924100,4.798877,2.390625,2.9021397,0.69828826
1093,724870,4.11383,3.765625,0.9327886,0.4588485
1042,1298358,6.446497,5.34375,1.0044984,0.5149121
1594,910920,3.099583,2.015625,1.880458,0.5831864
1249,907169,5.215968,3.765625,1.3460099,0.54784244
1625,909731,4.191764,4.9375,0.97195977,0.50080645
1815,1240145,5.698264,5.8125,0.60023284,0.42670423
2173,905986,4.914646,4.1875,1.1547949,0.5191905
1131,1298365,3.59899,4.125,1.6624557,0.5821829
1024,909257,-0.014739,-0.3125,2.3717096,0.56344295
1912,1659818,-1.502959,2.953125,2.0240555,0.6337521
1706,1298358,1.401289,2.609375,3.6250749,0.7900105
2039,909745,3.711617,3.703125,1.0559114,0.49083757
1025,1298157,5.443027,5.25,0.8500489,0.476834
1578,924189,4.834538,5.1875,0.79095,0.46170825
1004,908465,-3.076829,-3.5,3.8983138,0.68825936
1177,910903,2.157489,4.8125,0.90228087,0.49200845
1036,1503365,6.911215,4.6875,1.1003844,0.5234817
1997,909709,3.257721,4.5,1.835454,0.6687833
2011,946359,6.328123,4.375,1.2705835,0.53180534
1862,905950,-1.35867,-0.89453125,0.41412652,0.29980427
1615,909745,6.029197,5.3125,0.5797551,0.40139723
1511,713880,-2.07729,-0.83984375,3.7943094,0.67429805
1052,909249,2.663629,3.015625,1.4495798,0.5469891
1512,924100,6.1948,5.78125,0.54062164,0.36496547
1806,1240144,6.992345,5.03125,1.9654676,0.57863396
1511,910933,-1.743622,0.029785156,3.7757394,0.6799488
1613,1298358,1.614386,3.578125,2.4020464,0.697312
1373,1240192,5.709144,4.46875,1.107088,0.53486335
1259,906868,3.560965,2.953125,2.4519627,0.6922676
1243,906849,1.756549,3.328125,1.3333553,0.4834212
2498,909699,8.184471,9.0625,1.1294032,0.60797936
1926,909745,-0.873863,1.0078125,2.078791,0.62657523
1036,1298136,4.438136,4.875,1.3778015,0.57815194
1626,946354,-0.471883,2.25,2.262052,0.6536192
1815,906842,4.054405,4.8125,0.7383573,0.42551026
1910,1240186,2.640869,2.828125,2.559098,0.68405706
1926,909699,1.492209,0.8984375,2.472202,0.67904013
2110,909755,5.179171,5.15625,0.8292936,0.46519133
1053,1240198,1.883066,3.5,1.6924899,0.59270066
1922,1240192,3.053906,2.828125,1.3825326,0.54863477
1852,753608,4.68965,5.5,0.6468987,0.4290349
1463,908150,1.160365,4.09375,1.2264982,0.56141806
1086,908127,-3.334155,-0.8203125,4.3128047,0.74213916
2011,1322212,4.276342,3.921875,1.3447433,0.5099819
1005,1298538,2.372768,3.453125,2.6847672,0.6894181
1815,688121,6.880161,5.84375,0.8091824,0.47844926
2040,909699,2.534872,1.15625,2.3460014,0.6385402
1802,907291,3.855156,4.09375,0.7695829,0.42399192
1909,924100,3.609637,2.84375,2.5327182,0.6709491
1941,924100,-3.023716,-3.296875,3.314877,0.6352536
1909,1298348,2.747248,2.703125,2.0983043,0.6119858
1997,687794,4.546296,4.5625,1.6275257,0.6297634
2175,907063,5.215201,4.09375,0.8454549,0.45983624
1617,909709,2.049247,2.515625,3.9011946,0.73193926
1023,906746,4.391241,3.921875,1.0264709,0.49083757
1019,1240172,4.296132,3.484375,1.8902844,0.61512244
1031,906849,-3.253133,-1.328125,3.531427,0.65796775
1925,908461,4.434069,5.375,0.695885,0.43695545
1847,910780,6.31795,3.421875,2.6830223,0.7044351
1054,1322212,3.664339,2.90625,2.0004091,0.58616847
2156,925340,2.370448,3.1875,3.1391995,0.7008382
1853,1240182,6.747538,4.5625,1.2176884,0.51883984
1852,905982,3.531993,5.3125,0.6369012,0.41024107
1812,908127,2.093598,2.765625,2.8069844,0.67827916
1019,910899,3.075688,2.921875,2.2348967,0.6397992
1561,1290797,-0.043865,2.53125,2.1378984,0.66302633
1564,907291,2.165535,2.765625,2.147587,0.6263595
1062,925340,2.475149,3.828125,1.695649,0.59674823
1089,1240144,4.489412,5.03125,1.9654676,0.57863396
1029,906746,5.981812,5.75,0.53014064,0.39831322
1811,909249,-3.417927,-4.8125,3.040445,0.5911017
1936,925338,3.413501,3.1875,1.5513605,0.57666665
1011,906843,2.12153,2.109375,2.6615736,0.68045473
1912,1503365,1.949796,3.296875,1.7617162,0.60194063
1073,907269,1.108885,3.453125,2.5585353,0.739288
1072,687819,5.453758,5.0625,1.0302393,0.51600415
1853,909249,3.716407,3.875,1.3170993,0.5122197
1563,1240153,5.758747,5.6875,0.71959823,0.42876527
1908,1298348,2.972122,2.953125,1.6589772,0.56406283
1613,905964,1.268346,1.609375,2.502198,0.6511323
1259,949090,2.388257,3.078125,2.4378932,0.6757615
1873,909757,0.987016,1.7265625,1.6792682,0.59098333
2170,688013,3.488149,3.46875,1.9439033,0.5886976
1046,687802,4.84373,3.296875,2.2536416,0.67927754
1927,687455,4.972066,5.34375,0.7026513,0.44800568
1563,910899,4.946634,5.6875,0.82163244,0.44230044
1048,909249,4.382794,4.25,0.88636416,0.45552784
1091,1330935,-0.171009,2.40625,1.8428069,0.60552
2047,749710,3.159908,3.328125,1.7761387,0.58645815
1918,1331048,3.28206,2.109375,1.1249563,0.46608484
1005,907278,2.595974,2.546875,3.2981687,0.74844694
1810,907794,1.299837,1.21875,3.4885216,0.7253494
2043,1240198,6.065207,5.5625,0.8713636,0.48879045
1175,1503367,5.139848,5.46875,1.473522,0.68496263
1819,907299,-4.956433,-3.453125,4.8869376,0.7651769
1006,909755,3.877369,2.40625,4.9747577,0.7965443
1030,907063,4.935091,4.5625,0.5392409,0.37334695
1022,906835,2.078354,0.78125,2.8652277,0.6396729
1776,1298358,5.501496,4.75,1.1944433,0.5288251
2110,909731,3.420356,4.84375,0.9078379,0.47750807
1629,687802,7.640464,5.4375,0.89721066,0.5237367
1463,1240159,4.10693,4.03125,1.1928613,0.5544983
1378,1298141,3.855888,2.921875,2.8187466,0.6782229
1939,724831,2.230304,2.71875,1.5563191,0.564259
2498,907318,7.542587,8.625,0.71432054,0.47797218
1933,909975,6.460843,4.65625,1.5457145,0.6102982
1049,907322,2.990166,2.921875,1.3719808,0.5024054
1093,909709,5.861414,4.84375,1.2210495,0.5447741
1511,1298350,-2.436321,-0.26757812,3.8442793,0.6831783
2439,1330947,7.766717,9.4375,0.96641237,0.4827907
1581,1503367,3.946239,3.859375,1.9821712,0.68395555
2109,753608,2.563543,3.375,1.2536693,0.5260637
1911,907291,-5.939024,-3.875,3.6250825,0.63179076
1024,909757,0.085924,-0.15234375,2.8560097,0.60782254
1016,908121,0.402369,0.07324219,3.2640278,0.6123945
1815,909975,5.437297,6.03125,0.79766095,0.49261692
1909,1303900,-3.588015,2.90625,2.371744,0.66044426
1799,753540,1.225216,4.5625,1.572814,0.60249865
1375,1322212,5.322581,5.96875,0.872885,0.46507487
1560,687455,4.42687,4.125,1.5679414,0.57703555
1803,909249,4.704654,4.28125,1.5017852,0.5929535
1494,905986,-4.4402,-3.0625,3.155002,0.6223831
1083,908121,3.103315,3.015625,1.8001195,0.6060873
1020,687794,4.878287,6.0,0.9593689,0.5479288
1199,687997,4.211952,3.921875,1.3571593,0.5251464
1873,687505,1.171598,1.4375,1.4398127,0.56277364
1019,687997,2.962883,3.046875,1.9221545,0.6018459
2106,907299,0.892491,3.53125,1.8371891,0.61255527
1629,753540,3.863919,5.09375,0.8340417,0.48811364
2011,949179,4.855903,4.34375,1.1430341,0.5073617
1624,909785,0.07283,1.4765625,2.7246296,0.68446505
1012,1240172,3.074384,1.7578125,1.120128,0.45359904
1630,908127,3.634824,4.28125,1.0288748,0.5220007
2148,1240186,0.843809,1.703125,1.3265046,0.4857525
1629,753575,6.526829,5.625,0.8848665,0.53198785
1025,687819,5.30506,5.28125,0.9822426,0.5113472
2011,909731,4.459968,4.6875,1.1838686,0.5241433
1631,687568,4.857588,3.59375,1.5094204,0.54725534
1928,909975,5.3555,4.875,1.0557888,0.5180181
1814,906696,5.538425,7.5625,0.91552114,0.52760863
1401,925340,2.150679,2.421875,1.7896233,0.5996156
1050,998189,3.423974,2.734375,1.6662829,0.59224683
1449,1674021,6.117322,5.625,0.681827,0.43362188
1248,906827,-4.902454,-0.91015625,7.5746903,1.028471
1032,905968,-1.124488,1.4453125,1.870078,0.5772071
1175,753622,3.458378,3.984375,1.0656735,0.5148549
2172,1503365,3.632025,2.296875,3.0706053,0.7173122
1129,1303900,3.100266,4.25,1.3450263,0.5601051
1190,1240198,0.430623,-0.37304688,7.0433283,0.93413717
1815,724870,6.115461,5.34375,0.6760247,0.43544132
1927,907322,3.118652,4.1875,0.777879,0.42199436
1927,924100,6.110439,5.3125,0.74103916,0.44154063
1855,946354,3.469454,4.5,1.2274199,0.52566206
1004,1298168,-2.308018,-4.3125,3.8539631,0.7131176
2171,1503367,0.123863,3.453125,3.065973,0.7907949
1706,753620,2.335184,1.0234375,3.795552,0.77136517
1631,907791,4.496018,3.171875,1.6485053,0.5390518
1634,910780,2.89207,3.765625,0.8424764,0.4263316
1814,1298136,7.720303,7.0625,1.0787106,0.5416748
1786,908465,4.215069,2.921875,1.6529901,0.5620272
1250,1240159,3.114477,1.921875,2.393859,0.6605287
1813,998189,4.408142,5.75,1.5781751,0.5925362
1918,925346,2.905445,3.1875,0.9804338,0.47003117
1930,910903,0.040169,0.86328125,1.2236675,0.47111475
2039,909750,3.314039,3.671875,1.1395313,0.5071039
1930,688087,-0.353291,0.83984375,1.2871876,0.48328304
1180,907794,-3.238431,-1.9375,2.2772405,0.55500305
1059,910933,0.431793,0.8515625,2.509431,0.62493825
1085,724831,3.084198,2.796875,1.0843012,0.49505663
2096,724859,-0.059798,3.328125,1.630238,0.6059868
1778,1330935,1.814924,3.078125,2.1478164,0.6473804
2039,1298358,4.80565,3.90625,1.4120947,0.56894034
1249,906827,3.438702,4.65625,1.504329,0.59999484
2177,1240153,2.307659,2.078125,1.5626522,0.5210192
1061,1240160,4.988892,4.84375,1.121237,0.5558255
1928,688087,4.382747,4.71875,0.9936387,0.50282663
1549,688025,4.363881,4.1875,1.2303079,0.5364057
1018,906836,4.352181,5.125,0.75830746,0.4518298
2157,1240159,6.395416,5.375,0.6358422,0.42223713
1043,1298168,6.107883,4.78125,0.6286056,0.39119896
1047,907274,4.711469,4.90625,1.4851978,0.59537053
1243,749716,3.959483,2.625,1.1009308,0.43031624
1057,924239,-2.307783,-1.3125,2.3909361,0.5777453
1191,910899,-4.92393,-4.625,1.0231438,0.36185956
1237,1240223,7.308158,5.46875,0.6190858,0.4105889
1561,925338,3.829321,2.59375,2.095858,0.646895
1930,946354,0.544045,0.5,1.0355626,0.45614156
2172,910567,0.221519,1.078125,3.8180995,0.7701373
1838,907169,3.501836,3.953125,1.4095879,0.50600463
1019,907175,1.28786,2.25,2.1215773,0.6073585
1084,1503367,-2.108625,-0.18359375,3.731652,0.650364
1062,713880,3.940567,3.703125,1.7826742,0.6121007
1808,1330947,-3.014855,-1.5078125,4.1948786,0.75042075
1020,924248,5.116802,5.4375,0.9144824,0.50903475
1778,910911,4.694924,3.203125,1.6829749,0.57786787
1634,1503365,5.868508,4.71875,0.8494672,0.4644034
1939,905964,2.430836,1.609375,2.0993037,0.59270066
1847,753612,1.481483,3.890625,3.0227263,0.79362535
1401,753612,0.461645,1.953125,1.7569504,0.5886685
2055,1298537,2.393296,1.90625,2.2037435,0.60807085
1507,910933,3.148117,5.4375,0.6206495,0.4105831
1815,907169,5.590629,6.0,0.73990184,0.47901714
1131,909720,1.841628,4.8125,1.3788255,0.56119883
1378,753554,5.659836,2.734375,2.5619924,0.65789086
1915,1298358,3.661778,3.265625,2.0138202,0.6366249
1849,713880,-0.132318,-0.7734375,1.7629696,0.5023641
1936,688087,3.029127,3.171875,1.6090635,0.5921694
1494,906835,-1.221632,-2.59375,3.3025723,0.6328955
1038,924239,2.816335,3.421875,1.3008071,0.5294444
1776,909745,5.002016,4.4375,0.8580045,0.45479754
1009,687794,4.488768,5.4375,0.84906775,0.4489027
1631,1240172,6.166239,4.0625,1.5941455,0.569423
1582,906868,4.84332,4.6875,0.81897646,0.45470127
1853,905964,3.429726,3.640625,1.2547667,0.4954226
1557,749710,5.649204,5.65625,0.8723347,0.4635861
1803,724831,6.943081,5.0,1.1012441,0.58222854
1997,909755,3.216654,4.40625,1.4894629,0.5940655
2170,910911,5.83038,3.84375,1.7725931,0.5824488
2498,1298358,8.73225,9.1875,1.1038139,0.58358717
1936,907318,1.421927,2.5625,1.308252,0.5297803
1036,909709,4.982242,5.0625,1.498836,0.61004454
1239,907318,1.040103,1.4921875,2.1523411,0.61048675
1918,1303900,5.374136,3.890625,1.3786904,0.5611438
1922,687568,1.383442,2.796875,1.4668868,0.5591041
1093,1298348,4.668462,4.59375,0.93653,0.47027877
2154,905986,3.539982,3.25,0.6645256,0.3849336
1507,1298136,7.979008,5.4375,0.69683236,0.42979792
1830,906827,2.086422,4.0,1.5902785,0.55966526
1025,1240127,6.19929,5.15625,0.81026775,0.46635246
1441,688025,2.186803,2.265625,2.1530035,0.63384455
1617,909785,0.478429,-0.107910156,3.380784,0.6525425
1626,906842,-0.390368,0.80859375,2.5903897,0.65074205
1057,1240127,-0.834737,-1.5,1.9657873,0.5231046
2047,909745,3.758258,2.84375,1.5836554,0.5545874
1622,906868,5.642605,4.59375,0.7711825,0.440449
1564,687794,0.18506,3.5,2.2869945,0.66391253
1191,905964,-5.685577,-5.5,0.7600783,0.33223736
1020,688121,6.209925,5.40625,0.99263346,0.52076584
1814,906835,8.0977,6.9375,0.77115923,0.4600766
1086,687455,-0.36432,-0.71875,4.515309,0.7625834
1511,909709,0.614639,0.25,4.422543,0.74691635
1915,910952,0.169957,3.25,1.6897897,0.58884174
2010,1298365,4.328124,3.46875,1.2829168,0.5142822
2359,949179,5.926819,5.25,0.6568797,0.41088757
1932,998189,3.6356,3.15625,1.7607352,0.59866124
1133,910952,2.865889,4.34375,1.0750433,0.5288251
1622,713880,3.851455,4.5625,0.8463827,0.4567987
1931,1290797,5.336744,5.84375,0.62145436,0.41688746
2158,909757,6.009336,4.53125,1.2908218,0.5556448
1557,908127,4.97687,5.375,0.9166513,0.47597307
1930,906836,-1.116696,0.515625,1.2884898,0.4862029
1940,924248,4.383283,4.09375,1.1715697,0.52136135
1191,1240186,-3.374701,-4.28125,0.93868715,0.36875704
1614,1298537,4.483222,4.125,1.1838282,0.5201165
1180,687505,-3.9231,-2.765625,1.9111843,0.50629693
1042,908150,5.877064,5.125,0.7960527,0.4694804
1559,1240182,-0.482084,-1.8515625,2.9109776,0.6195209
1510,1298141,6.759149,4.71875,0.9644766,0.50080645
1802,906696,3.611097,5.03125,0.84251046,0.46897247
2047,1503367,0.343396,3.890625,2.2046988,0.69362974
1909,924189,-2.684003,2.5625,2.3657517,0.6557645
1835,909757,4.23916,4.21875,1.3990824,0.5123297
1799,1503367,4.27392,5.625,2.0988972,0.7763053
2154,905968,3.324073,3.0625,0.7214694,0.3863855
1936,909724,3.271038,3.015625,1.6193658,0.58420455
1069,909249,3.541375,3.1875,1.1820574,0.5062349
1816,908465,6.412286,3.890625,1.19629,0.5123302
1013,924100,3.82448,3.75,1.534628,0.5849237
2047,909785,1.636974,1.6484375,1.5758115,0.52540684
1022,724870,0.724382,-0.64453125,2.486133,0.5931311
1557,905986,5.249174,5.25,0.85952365,0.46150795
2109,906746,2.410647,3.265625,1.2035992,0.5194241
1079,924100,4.195243,1.953125,3.5618603,0.7640226
1043,907322,4.516927,4.5,0.7591902,0.4161187
1563,1303900,5.302599,6.25,0.7130613,0.43533233
1237,1240153,5.01186,5.15625,0.69252425,0.40633333
1936,1240182,4.640011,3.109375,1.6489779,0.58900887
1853,724859,4.137007,4.90625,1.1185405,0.53486335
2177,1298358,3.062581,2.609375,1.8066853,0.552358
1873,1299062,2.527594,1.34375,1.4722596,0.55276954
1786,1240153,3.058274,2.828125,1.8241557,0.57666665
2156,908461,3.445431,3.578125,2.9891691,0.69828826
2048,907269,-6.783095,-3.796875,4.2483916,0.6961973
1026,925340,-1.261627,-0.40039062,2.5053442,0.53319305
1068,905950,0.555311,0.79296875,2.0642552,0.55931133
1033,687505,4.855913,5.25,0.60801816,0.41831857
1594,1240184,2.935557,3.15625,1.6753346,0.5954641
2040,909747,2.127199,1.125,2.3287935,0.63965005
1190,909745,4.100109,-1.4296875,5.5375686,0.80687815
1582,1330947,3.378604,3.796875,0.86731124,0.42994803
1088,753612,0.601466,1.796875,4.778694,0.8903558
1615,1290797,4.813556,5.53125,0.6494786,0.43679157
1786,1240127,3.680708,2.921875,1.6132222,0.5512034
2159,906843,4.563092,4.15625,1.391161,0.56621945
2148,924100,2.159223,1.765625,1.5234264,0.4981517
1926,906813,1.347617,1.6015625,2.3835888,0.69195384
2107,909785,4.382682,3.96875,0.72106534,0.41447905
1802,1240153,3.800032,4.0625,0.78546864,0.42831144
1021,905982,4.714834,3.625,1.4316878,0.5375366
1917,909747,3.486906,1.8984375,2.1784775,0.63834685
1553,924239,0.644998,3.359375,1.9370563,0.60942554
1030,687802,5.355364,5.9375,0.61474717,0.46505082
1614,724859,4.942891,4.40625,1.1566188,0.54042095
2438,908150,10.588848,9.8125,2.2056305,0.97651577
1013,753575,5.15888,4.1875,1.3704746,0.59904736
1615,910899,5.83982,5.25,0.7729168,0.45350304
2037,1298358,6.435269,4.125,1.6239212,0.6066662
1009,909726,5.355341,4.84375,0.715863,0.40053108
1057,910899,-2.146349,-1.5859375,2.3280716,0.5507462
1911,688013,-5.650857,-4.1875,3.3093064,0.6040267
1838,1331048,3.387438,2.0625,1.2224247,0.44100356
1024,749716,1.768329,-1.15625,2.8238904,0.5917021
1088,906836,-0.4415,2.0,5.267236,0.94854295
1058,949179,0.53113,1.109375,2.1425006,0.6278048
1375,1298348,6.522696,6.8125,0.6416075,0.44059315
2438,925338,10.702205,9.875,2.166341,0.9445097
1806,908465,6.668063,4.8125,2.1647887,0.60837954
1779,688025,0.325375,1.53125,2.3221717,0.629194
1631,910781,3.928135,3.625,1.2282479,0.49991187
1618,909745,5.959819,4.03125,1.1487844,0.5151661
1401,905968,1.915002,2.1875,1.7056084,0.58852655
1598,909731,4.16597,4.59375,1.0096511,0.49665794
1042,1298350,5.303062,5.1875,0.8326602,0.4694882
1050,909724,1.795048,2.53125,1.7551287,0.59383816
1022,908127,-0.129416,0.56640625,2.9432786,0.6465784
1248,910899,-5.091106,-3.765625,5.0565577,0.8096419
1853,925340,5.0701,4.625,1.1349788,0.5129045
1804,1240223,8.239093,5.125,1.1970137,0.602631
1560,906843,4.045392,3.890625,1.4964921,0.5507407
1131,1674021,3.477572,4.59375,1.6927836,0.6076644
1510,687997,4.233599,4.21875,1.0256872,0.48419678
1830,1298537,2.327339,3.09375,1.2148482,0.48209205
1248,724870,-3.533336,-4.6875,3.8029037,0.74472505
1062,910920,4.267041,2.8125,1.7418025,0.55595577
1924,908465,3.57136,3.125,1.7010059,0.56714916
1057,909724,-1.412214,-1.484375,2.1132536,0.53554386
1782,924100,5.139826,5.6875,0.7403139,0.43381667
1802,1298538,3.888588,4.40625,0.7381241,0.4161848
1004,925338,-4.243682,-3.375,4.54265,0.72735643
2359,1330983,3.160203,5.3125,0.80535567,0.4391557
1553,1298365,3.082384,3.015625,1.6247722,0.563401
1917,1240184,3.709183,2.03125,2.0707517,0.6182872
1512,687596,5.145673,5.34375,0.50357324,0.35329443
1017,907271,5.863735,4.8125,1.0575789,0.5005371
1029,1303900,5.448968,5.8125,0.5845846,0.40729958
1194,909747,3.357879,3.0,1.8777947,0.63223994
1050,909747,4.476648,2.40625,1.7967656,0.6079258
2038,1240184,4.103345,4.5625,1.0613525,0.4997469
1013,1240172,3.762075,3.859375,1.3984288,0.572074
1175,909709,4.169863,4.625,1.4311248,0.602059
1854,905950,4.788915,5.125,0.80095905,0.46635246
1093,753622,4.621037,4.125,0.9077227,0.46891454
2109,909785,1.737379,1.8828125,1.2138679,0.48170304
1079,906868,-0.061394,1.328125,3.133484,0.70527893
1617,1331048,1.807117,-0.70703125,3.3492239,0.6511323
1237,949179,4.162208,5.0,0.6487549,0.3960725
1580,906696,4.456398,6.0,0.8254489,0.50394624
1259,909749,5.906779,3.109375,2.1866522,0.6590861
1083,910952,2.392015,3.453125,1.652362,0.5872989
1049,1503367,5.343875,5.25,1.6899551,0.6672491
1813,1298348,6.214805,5.90625,1.4395874,0.56268555
1025,1298537,4.836775,5.25,0.8468187,0.47502202
1042,907063,2.136542,4.0625,0.83233684,0.43330756
1799,907169,4.852621,4.3125,1.7371207,0.6174248
1581,909731,1.229955,2.8125,1.7809558,0.58804864
1008,907794,-2.216081,1.4609375,4.0873413,0.7722601
2170,908461,1.232297,4.125,1.7558812,0.60290104
1564,713880,3.18024,2.71875,2.2588265,0.6377391
1249,1659818,1.791653,3.453125,1.3454399,0.5448397
1023,1240172,4.473448,4.125,1.1725335,0.52045566
1023,925338,3.536947,3.859375,1.0883988,0.49185476
1008,906848,-0.98767,1.7109375,5.286399,0.8766718
1809,906848,-0.465141,0.828125,4.3575997,0.7693478
1048,924239,4.273623,4.78125,0.88545406,0.46095994
1259,907791,4.977642,2.515625,2.862211,0.70664257
2107,907063,3.350318,4.1875,0.69858307,0.4125253
1803,753554,6.736991,5.0625,1.168896,0.5749922
1931,905982,5.313544,5.84375,0.5680002,0.3819952
1799,909726,4.441581,4.125,1.6467608,0.58821696
2439,906843,8.844925,9.8125,0.90276605,0.48099554
1072,724831,4.803839,5.03125,0.7896149,0.47108734
2154,909975,4.007697,3.15625,0.7260356,0.39794636
1634,687596,4.399646,4.15625,0.9147321,0.46051762
1511,908461,0.277045,-0.33398438,3.5977175,0.6611534
2039,909747,4.571456,3.484375,1.238581,0.53315735
2158,909731,3.203171,4.46875,1.3379948,0.5614483
1372,905968,-3.183082,0.07910156,2.5026824,0.6073386
1373,688025,3.601822,4.46875,1.3037398,0.56120545
1939,687568,2.782544,2.765625,1.8677628,0.60194063
1237,1299062,6.594361,5.15625,0.5807717,0.38811886
1558,910952,1.094606,3.859375,1.4280876,0.5581907
2111,1240159,5.377086,4.09375,1.5383819,0.58635443
1563,908150,6.288506,5.9375,0.63041794,0.42076305
1079,753620,3.969397,0.73828125,3.5005295,0.72228956
1083,910933,2.731752,3.53125,1.735575,0.6107993
1736,908465,2.454583,3.828125,1.6137459,0.59389263
1811,910952,-3.472915,-2.78125,4.377841,0.7090683
1635,753575,6.008674,6.28125,0.4342248,0.3895747
1068,1298350,1.551484,0.71484375,2.0424356,0.5584471
1625,906836,2.572192,4.65625,1.1037626,0.5210538
1613,1240192,4.626465,3.203125,1.8531975,0.62395823
1778,1298136,5.836973,3.5625,2.009241,0.64131796
1025,1240223,5.052074,5.34375,0.80918485,0.479679
2107,924100,5.292182,5.28125,0.76081854,0.4539073
1630,907274,3.431754,4.21875,1.16483,0.53046066
1023,688013,1.642054,3.578125,1.083313,0.47473893
1191,906746,-3.634265,-4.4375,0.94677734,0.3645114
1022,906827,-1.013655,1.6796875,3.569271,0.74213916
1191,906827,-5.339097,-3.28125,1.5598146,0.46573105
1918,687505,4.30594,3.453125,1.1376828,0.51280993
2177,1240159,1.702285,2.171875,1.3457841,0.50275946
1561,910920,2.389065,1.2265625,2.2275891,0.62315613
1583,753612,2.873199,2.671875,0.7110873,0.3857603
2109,909249,1.984335,2.375,1.3586416,0.5075628
1580,687568,5.601172,5.15625,0.71255857,0.44799617
2096,687505,2.984625,2.9375,1.5350195,0.57059246
1089,909749,6.403073,5.09375,1.995819,0.6072917
1915,908461,1.653375,3.125,1.6483008,0.5858555
2170,909724,1.459038,3.671875,1.988929,0.61389095
1054,909726,2.866237,3.578125,1.7038907,0.5821829
2170,688121,5.104771,3.796875,2.0733361,0.61905885
2438,688013,7.278135,9.8125,2.1868985,0.8855908
1093,1298168,6.229586,3.71875,0.901164,0.43875062
1558,909249,2.439675,2.8125,1.500626,0.5360182
1779,924239,-0.195976,1.4296875,2.2524304,0.6301054
1854,998189,5.764542,5.0,0.7890363,0.47013918
1180,905982,-3.719177,-2.265625,2.1053076,0.52202743
1549,687568,4.857339,4.1875,1.102007,0.52290714
1910,910781,3.776617,2.5,2.053066,0.6072658
1913,925340,5.504641,4.9375,0.79584587,0.44299725
1564,998189,1.090196,2.984375,2.0736923,0.6250385
1091,1298136,0.983012,2.59375,1.7876095,0.6048279
1038,1331048,1.466057,2.0,1.1353874,0.4788639
1018,906848,4.078357,5.75,0.76594704,0.45579723
1558,909749,3.16975,3.546875,1.323235,0.5385728
2159,1330935,1.950954,3.71875,1.5206593,0.5795995
1510,724859,4.420287,4.78125,0.94419503,0.5122197
1618,688025,2.913985,4.03125,1.422868,0.56179446
2048,1298348,0.118136,-2.578125,3.8266926,0.65436196
1736,1240186,5.586503,4.0625,1.7161717,0.61606014
1190,925346,-2.798807,-1.875,5.4030466,0.7949348
1089,753575,4.642202,6.15625,2.3698723,0.73147064
1051,906746,3.873134,1.96875,2.5390859,0.6607314
2040,1240145,0.359807,0.8984375,1.6846373,0.56169146
2359,910780,5.239769,4.71875,0.6290378,0.38012373
1631,1659818,1.641204,3.34375,1.6349391,0.5641418
1239,924239,0.792122,2.0,2.7800684,0.68046826
1563,753622,5.318628,5.78125,0.61299026,0.41120955
1563,907291,5.287097,5.9375,0.6958791,0.41997755
1855,908461,2.980079,4.8125,1.3016105,0.5351787
2107,1240144,4.983352,5.21875,0.6530885,0.42876527
1813,909747,7.241335,5.375,1.8291194,0.62497085
1248,749716,-1.683716,-4.25,4.512788,0.79158753
1558,749716,-0.981294,2.84375,1.5091904,0.53641146
2156,1298348,5.091798,3.515625,2.8104482,0.6733558
1627,1240160,3.401903,4.03125,1.619403,0.6110707
1072,907063,4.189727,3.9375,0.99569726,0.47003937
1776,909731,2.706214,4.4375,1.0484487,0.4962159
1915,1674021,3.053289,2.9375,1.7632298,0.59657913
2159,910933,3.437281,4.59375,1.3653072,0.57877845
1373,924100,6.421108,4.6875,1.3171927,0.56844634
1624,907322,2.874115,1.703125,3.0679567,0.72272986
2177,1330983,1.566965,2.15625,1.6858544,0.538098
1051,1240184,1.764887,1.671875,2.6210463,0.65557945
1594,910851,3.702899,3.03125,1.7955676,0.61956733
1615,1303900,4.796124,5.75,0.6974416,0.44695497
2106,909731,2.291168,3.515625,1.9603498,0.6287365
1068,1298348,1.058418,0.62109375,1.8829128,0.53160655
1578,907299,4.851842,5.21875,0.7456881,0.4523484
1706,1303900,2.916193,2.640625,3.176167,0.745086
1180,907063,-3.993802,-3.765625,1.8333966,0.48787484
2498,1240153,7.033959,8.625,0.8236498,0.46560335
1939,909745,1.90713,2.90625,1.7248422,0.5750966
1006,724831,1.599026,1.3828125,4.329542,0.74501926
1631,1298350,4.372024,3.84375,1.5528678,0.5574383
1782,1240198,5.592711,5.84375,0.76175994,0.44695687
1854,1240223,6.866441,5.0625,0.7501238,0.473422
1593,910851,3.173784,2.4375,2.1146398,0.6110245
1009,907063,5.066524,4.03125,0.6318628,0.34632948
1910,924239,1.748528,2.171875,2.8319116,0.6901861
1180,905964,-3.819382,-3.796875,1.9386045,0.4956213
2040,713880,-0.21545,1.1953125,2.2809649,0.62651294
2040,949090,1.321243,1.40625,2.2395308,0.61794555
1634,907791,3.29803,4.125,0.99229306,0.4565507
1816,713880,3.250466,3.78125,1.3099903,0.5198476
1553,688025,2.359439,3.5,2.014048,0.63061875
1084,905968,-3.401855,-2.421875,2.433981,0.4801482
2148,687505,0.949056,1.1328125,1.1252627,0.45108354
1927,908127,4.17298,5.3125,0.67897713,0.43567634
1073,910952,2.578937,4.65625,1.8052603,0.6744111
2039,1240160,3.167877,3.875,1.3934134,0.57292503
2043,687596,4.271677,4.9375,0.7952095,0.4506834
2499,909747,11.428654,9.875,1.6816723,0.8208678
2039,905982,3.807087,3.859375,1.185846,0.51702064
1931,908150,5.498801,5.78125,0.5829938,0.39732057
1936,687794,2.348387,3.578125,1.711492,0.6236154
1576,1322212,2.013866,2.640625,1.4139284,0.5075628
1835,1298348,4.861292,4.3125,1.2321762,0.4840523
1779,909785,-0.184388,0.099609375,1.9630516,0.58064085
2037,909750,4.301436,3.765625,1.3186691,0.54634273
1061,1290797,3.380642,4.75,0.95580935,0.51585704
1084,724831,-2.785742,-2.28125,2.2302296,0.47838652
1061,906696,3.240802,5.5,1.0166748,0.55012125
1034,1330935,-2.849915,-3.0,2.8605266,0.57698816
1855,1240145,3.999346,4.25,1.0279112,0.47537348
2438,907794,11.484771,9.8125,2.4412055,1.1289734
1060,1240145,-0.368052,0.8046875,1.7679727,0.5278831
1852,907063,-0.667067,4.1875,0.68653286,0.400242
2439,910920,8.488142,9.3125,1.0422944,0.5113972
1557,1298537,1.493034,5.1875,0.9071268,0.47590643
1928,906696,5.205202,5.71875,1.025554,0.5408162
1931,909726,5.876926,5.625,0.5970228,0.38947567
1239,909731,0.376488,2.28125,2.6393435,0.66886634
1931,905950,4.443235,5.9375,0.631178,0.4060376
1018,910399,4.924917,5.40625,0.59839123,0.40192476
1003,906696,-3.490158,-0.37695312,4.6789145,0.7578325
1004,909785,-5.819026,-5.4375,3.1493177,0.6598903
1168,688121,3.416715,2.78125,1.3041576,0.5123297
2039,1290797,3.752512,3.75,1.1821821,0.52473843
1561,909257,0.586265,2.421875,1.7941153,0.61906624
1010,909731,3.045551,3.296875,1.5905198,0.57953686
1614,687455,5.518019,4.375,1.2761807,0.5507473
1003,1298141,0.613064,-1.609375,4.002639,0.6931473
1835,908150,3.221261,4.1875,1.2891089,0.49630982
2499,907269,10.406069,9.75,2.036069,0.8675401
1401,1303900,5.483319,2.8125,1.8797947,0.623713
1916,910911,4.974695,2.78125,1.7331853,0.58355105
1632,688087,4.190828,3.921875,1.2762009,0.5314443
2110,1240192,4.320372,4.8125,0.7874106,0.46082333
1873,949090,1.226478,1.7265625,1.6480815,0.58000785
1054,1240153,3.820021,3.421875,1.8745694,0.6070622
1004,905950,-3.019304,-2.796875,4.692811,0.7513998
1086,906696,0.106061,0.8046875,4.928186,0.82220984
1925,905950,5.458616,5.375,0.7120031,0.43524256
1925,1330935,3.635114,4.8125,0.8163749,0.4394702
1563,1298348,6.830432,6.0625,0.60760957,0.40400085
1050,687568,5.364562,2.5625,1.662156,0.58496106
1084,924239,-4.601,-1.7109375,3.10944,0.55995923
1806,1298538,5.879868,5.1875,2.107061,0.61167794
1022,907794,-1.063572,0.81640625,2.8236153,0.643396
2438,1298537,10.963339,9.8125,2.4316685,1.0467317
2011,1240127,4.734534,4.625,1.0201017,0.49665794
1177,1298358,3.153047,5.0,1.1513597,0.5605637
1925,910851,5.060063,5.15625,0.7350223,0.4464493
1706,905950,1.397536,2.515625,3.0419877,0.7257446
1720,1240127,1.642578,4.03125,1.7870017,0.62579817
1598,924248,5.196743,4.59375,1.0087367,0.4923905
2158,753612,1.35225,3.9375,1.3736362,0.54786855
1014,909249,1.84925,1.609375,2.9389932,0.6696864
1827,907169,-0.212725,1.0859375,2.3729115,0.5733898
1915,909975,2.889933,2.9375,1.7747933,0.59464675
1629,688121,4.941157,4.78125,0.98627675,0.4965364
2148,1331048,-0.598196,0.049316406,1.0346103,0.42109898
1190,688087,2.199688,-1.21875,6.419154,0.8861089
1558,687997,5.512075,3.484375,1.4117483,0.5380881
1779,1330947,-0.443869,0.3359375,2.0204988,0.5892933
1024,1298141,0.672228,0.1796875,2.8616602,0.6187003
1024,907318,1.06773,-0.91796875,2.413308,0.57575685
1631,907063,2.498995,2.53125,1.5683761,0.5229277
2156,1240127,4.625115,3.015625,2.9681008,0.6876059
1916,1659818,-1.450879,2.65625,1.9653505,0.63034034
1268,1503365,5.972627,4.78125,0.8246155,0.46256715
1022,910781,0.226213,0.36523438,2.488744,0.6039561
2173,687802,5.797151,4.59375,1.3097557,0.5798782
1048,1298538,4.909204,5.1875,0.77826726,0.46372265
1634,753575,5.598421,5.375,0.9481172,0.51967126
1621,1240186,4.472561,4.875,1.0458465,0.5306113
2499,1240160,9.908208,9.8125,1.7141504,0.8388779
1803,1330935,5.349523,4.65625,1.5292826,0.6192873
1061,753622,4.863851,4.375,0.90153277,0.5005371
1004,687802,-0.973726,-2.171875,5.2033916,0.8016027
1928,1240153,5.190649,4.5625,1.0482014,0.5103389
1581,1298365,3.76113,2.28125,1.4646019,0.531006
1061,909747,5.126987,4.4375,1.0618224,0.53182274
1014,1240127,4.040444,2.296875,2.50466,0.65467966
1177,724870,4.48505,3.890625,0.98364013,0.4888726
1843,713880,-1.219814,-0.74609375,3.8338783,0.7045527
1237,925340,6.097589,5.3125,0.65268195,0.4025665
1072,1303900,5.04586,5.3125,0.9630857,0.49495724
1250,1240186,3.635527,2.234375,2.6367147,0.7016413
2177,909726,0.556463,2.078125,1.4582194,0.5081464
1830,1298350,2.786767,3.296875,1.2646116,0.4868783
1375,1299062,8.206196,6.5,0.61916375,0.42976427
1016,1330983,0.957726,0.29882812,3.6726382,0.661382
1931,724831,5.897817,5.75,0.5398088,0.39583424
1051,910933,1.574852,2.28125,2.801007,0.6885527
1614,1240144,5.530319,4.28125,1.130171,0.50681907
1020,908465,6.264071,5.46875,0.8093728,0.49793714
1581,906827,2.663791,3.734375,1.9514838,0.6474993
1806,907322,5.554689,2.65625,3.835881,0.70977175
2499,1330935,10.003748,9.6875,1.8311172,0.7882194
1618,713880,3.317201,3.9375,1.3723804,0.56141806
1042,1240153,4.456908,4.875,0.8791934,0.47328663
1614,753612,4.996949,3.671875,1.269381,0.52726126
1014,910780,2.852109,1.4609375,2.547007,0.63155025
1630,910851,3.678522,4.03125,1.0595875,0.52661866
2172,906746,2.807006,2.421875,3.1011498,0.7305492
1059,1330935,0.246442,0.45898438,2.8546817,0.68395376
1563,909750,5.368776,5.8125,0.6176563,0.4049888
1014,753608,1.633027,2.59375,2.537954,0.6575113
1250,910952,0.413088,2.296875,2.6195421,0.6908489
1910,1240159,3.512328,2.515625,2.336446,0.6476413
1583,906843,3.366447,3.171875,0.72452146,0.3991659
1190,1298538,-1.268636,-0.63671875,6.15985,0.8651255
1073,753575,6.376076,5.1875,1.8571897,0.7369944
2158,924100,4.902543,4.65625,1.3732195,0.56749904
1133,905950,2.799719,4.28125,1.0721499,0.52876157
1378,908150,4.724397,2.5625,2.7266352,0.6702704
2172,949090,1.774652,2.140625,3.3755174,0.73562455
1811,724870,-2.945297,-4.84375,2.7331843,0.58168256
1401,724870,1.236485,1.71875,1.5076326,0.5520797
1022,906843,0.549589,0.48046875,3.1274974,0.6761752
1033,1298537,5.673394,5.25,0.63166755,0.42373875
1049,906827,0.694711,4.9375,1.5534546,0.601102
1558,1240145,3.658201,3.25,1.1125181,0.4887863
1401,908465,2.179043,2.375,1.6907197,0.5920808
1549,1240184,5.119102,4.15625,1.1387999,0.525305
1069,910903,3.400571,4.09375,1.0784765,0.5117418
1811,1503367,-1.359601,-1.3671875,5.5088987,0.8268398
1059,910903,-1.854668,0.63671875,2.4324837,0.61107385
1049,1298168,3.471084,3.171875,1.1064458,0.4666574
1613,910567,0.500996,2.296875,2.28655,0.65156007
1561,909726,2.382095,2.359375,2.1301234,0.6481581
2057,1674021,5.823999,5.03125,0.7430267,0.45015746
1909,687596,2.912402,1.90625,2.3218112,0.631956
1909,924248,0.588599,2.484375,2.4602363,0.65467966
1084,713880,-3.291724,-2.234375,2.669397,0.4973562
1933,1298348,5.81503,4.75,1.2786309,0.5617681
1563,906813,5.375214,6.5625,0.72466457,0.4739472
1069,906746,3.866026,4.09375,1.0351549,0.51580226
1625,925340,5.717426,4.9375,0.905962,0.48519117
1180,1240144,-2.547897,-2.28125,2.0955389,0.51736116
1014,1298136,2.447352,2.5,2.9582179,0.6910578
1912,907278,4.124878,2.90625,2.0894694,0.6297939
1924,924189,3.173254,3.234375,1.8512381,0.5852282
1086,909257,-4.648563,-1.4140625,3.6286862,0.68081146
1873,909745,0.767192,1.6953125,1.4738263,0.55613834
1838,1330935,1.422167,3.609375,1.3623908,0.5013886
1512,907066,4.598083,5.4375,0.5059679,0.35654095
1922,909720,3.99755,3.046875,1.3236976,0.53603506
1033,1298348,6.500522,5.375,0.6145099,0.41275126
1036,910920,3.808848,3.53125,1.3088644,0.5039157
1558,749710,2.022557,4.03125,1.3916243,0.55224264
1014,1240172,3.774924,2.78125,2.751738,0.68528146
1005,907066,6.085201,2.78125,3.138012,0.74549204
1017,1331048,2.578414,2.53125,1.2552837,0.48817968
1919,906848,1.206569,2.296875,1.5940009,0.550016
1630,906848,3.211824,4.375,1.2196176,0.55398774
1032,909257,0.251119,1.6796875,1.5998648,0.5493312
1373,687997,5.927708,4.3125,1.2422026,0.53335273
1259,1298365,5.677186,2.546875,2.3236554,0.6500301
1033,905986,5.106228,5.3125,0.62690717,0.4210782
2010,905986,3.951481,4.09375,1.2994491,0.5383796
1249,909720,3.482014,3.875,1.1014773,0.5054866
2037,907269,2.391932,3.359375,1.5965906,0.5674761
1632,910952,2.78739,4.25,1.2543752,0.5290485
1811,688025,-2.106917,-3.734375,3.6244764,0.62766
1024,910781,-0.888137,-0.11376953,2.42325,0.5781288
1625,906842,3.025262,3.828125,0.9117173,0.44848332
1862,907169,-1.337675,-1.1015625,0.38541606,0.28421316
2171,907278,0.554205,1.609375,2.9069088,0.6876803
1083,1330947,0.051476,1.921875,1.7573327,0.5718583
1849,907794,-1.446314,-0.27148438,1.7059098,0.5069596
1564,906848,-0.428581,3.328125,2.449065,0.6757615
1625,924100,4.561358,5.09375,1.0159222,0.5062189
1817,910911,-5.574398,-4.71875,1.8412681,0.45068118
1378,687505,1.217988,2.234375,2.5458639,0.6367747
1168,753554,2.914487,2.984375,1.1016921,0.49152252
1560,906835,6.809776,4.25,1.349542,0.535543
1068,1503365,1.039153,0.4375,1.8280902,0.530693
2173,909726,3.24208,4.03125,1.2141595,0.5226449
1615,1240172,5.830868,5.78125,0.669204,0.44046238
1598,1298365,6.293294,4.125,0.8896872,0.45841515
1018,1240172,5.724533,5.75,0.640622,0.431381
1014,906836,2.457546,2.125,3.0881681,0.7065835
1918,909907,3.979235,3.921875,1.5047038,0.59410584
1006,906848,1.475236,2.78125,6.011996,0.91166747
1561,1240153,1.699006,2.296875,2.3194368,0.67333055
1615,753612,5.521029,5.03125,0.74386454,0.44265643
1022,909724,0.857227,0.13867188,2.9458597,0.63690454
1873,905968,-1.075289,1.3984375,1.5432272,0.5679402
1583,687590,1.112284,3.0625,0.72239274,0.38390222
2055,753575,4.154679,2.734375,2.3196762,0.64005977
1862,907795,-1.429095,-1.1171875,0.44052252,0.3013639
2499,688087,8.477893,9.875,1.4835346,0.7148926
1940,925340,5.586688,4.125,1.0796411,0.5070532
1042,1298168,5.759327,4.375,0.75941044,0.42380473
1855,910567,2.824928,3.890625,1.4289343,0.53382283
1507,909785,4.083897,3.921875,0.6452642,0.36664334
1855,924239,3.966131,4.4375,1.3893678,0.51645124
1024,907795,0.026582,-0.27734375,2.9964917,0.62304425
1919,925340,3.988849,1.8046875,1.3281279,0.50621605
1373,909720,4.496679,4.6875,1.0263479,0.51671004
1776,906848,2.562834,4.75,1.192251,0.5198132
1706,906848,0.752058,2.6875,3.5968032,0.79014444
1627,753622,2.550333,3.515625,1.2014583,0.530571
1175,907278,2.984062,3.953125,1.2704402,0.5371914
2043,910851,4.659113,5.25,0.78461,0.47413504
1375,687997,7.072323,6.34375,0.7291359,0.44174185
2110,925338,5.612484,4.875,0.81623584,0.45434707
1268,753540,4.158388,4.90625,0.8443416,0.47485206
1580,688121,5.849331,5.125,0.8540574,0.46811622
1014,924239,3.14425,2.40625,2.8426998,0.6781993
1809,909785,-3.173215,-2.046875,3.3837032,0.6531059
1933,910911,4.827356,4.5625,1.3408688,0.56265426
1911,687997,-2.779925,-3.953125,3.6507084,0.6445439
1259,907066,5.613931,2.828125,2.5873559,0.7074404
1802,910933,2.734785,4.5625,0.779399,0.43607998
1507,1240184,5.110994,5.125,0.60302395,0.39389077
1057,753620,-1.892636,-2.046875,2.1571424,0.5348803
1059,925338,1.16392,0.625,2.4247332,0.61447954
1133,1298358,5.476154,4.25,1.2666961,0.56950074
1510,909720,4.660021,4.65625,0.8358048,0.46523988
1941,907299,-6.423806,-3.921875,2.5548642,0.55236995
1177,753608,4.426837,5.0625,0.90278673,0.5103389
1441,909907,4.562864,2.546875,2.283061,0.6816787
1133,909745,4.638486,4.0625,0.93795145,0.48828962
1819,905986,-0.200289,-3.359375,4.883664,0.76889277
1093,907063,5.060335,3.359375,1.0334524,0.46463543
2038,924239,2.00694,4.21875,1.1155878,0.48390839
1008,1298168,0.533959,-0.19140625,3.6380553,0.72836244
1168,909975,3.322064,2.765625,1.2270274,0.5045126
1239,908127,1.664036,2.484375,2.4094453,0.6498926
1576,753554,3.534471,3.359375,1.1973679,0.50243855
1593,1330983,0.81974,2.375,2.4536874,0.64710814
1373,906813,-2.179188,5.0,1.2691675,0.60222554
1025,909750,4.703397,5.21875,0.80817807,0.46039388
1050,1298157,2.35793,2.640625,1.6436611,0.5813206
1916,906696,3.533028,3.8125,1.9497864,0.65647906
1072,1298365,5.511934,4.625,0.91222745,0.46641034
1561,907269,-0.710153,1.9921875,2.5824664,0.69030356
1941,688013,-5.895238,-4.375,2.4754055,0.5351907
1583,907794,3.810032,3.546875,0.7118179,0.41338813
1060,1659818,1.488774,1.3984375,2.3480308,0.6164822
1913,1240198,5.324139,5.15625,0.8908422,0.46736306
1007,909755,-2.491775,-2.78125,5.1556926,0.79004693
1786,910903,1.82751,3.171875,1.6813085,0.5633246
1635,907794,6.198583,6.0,0.40738758,0.3620122
1854,753554,5.010966,5.0,0.7298358,0.451306
1922,925338,3.230191,2.96875,1.4664221,0.5533444
1617,1240144,-2.424809,2.046875,3.0431907,0.63765305
1069,1240186,4.344974,4.15625,1.135996,0.5335202
1529,909975,2.474612,0.85546875,4.5244794,0.773683
1936,910851,1.591701,2.90625,1.6285692,0.590454
1010,906696,3.893949,4.09375,1.6063206,0.6091827
1510,924100,3.59509,4.625,1.0875742,0.51605874
1618,909785,2.467663,2.734375,1.355838,0.5220007
2107,753554,5.705858,5.15625,0.64456993,0.42749044
1629,907175,4.395273,3.921875,1.0781678,0.49225634
1559,906836,-5.106472,-2.453125,2.8351982,0.59407145
1997,906696,3.536544,4.96875,1.577954,0.63576597
1378,907318,1.940214,1.953125,2.3911562,0.6278048
1927,1240144,4.58989,5.25,0.61928254,0.40967885
1061,905982,5.525588,4.8125,0.93040043,0.49699762
1073,910899,3.651164,3.984375,2.1988804,0.70865285
2044,908461,3.901854,4.125,1.2289829,0.5582417
1578,687505,4.69197,5.21875,0.6876311,0.44010717
1052,910781,2.097603,3.828125,1.0465558,0.49659526
1441,909975,4.115165,2.171875,2.094402,0.6312806
1025,909249,4.590892,4.4375,1.0379686,0.48002464
1925,907274,5.082031,5.34375,0.8255135,0.45014763
1175,1330935,3.877379,3.875,1.3707005,0.5578918
1614,909749,3.103586,4.125,1.1112506,0.50866455
1048,1240127,5.639514,4.96875,0.75061816,0.45767546
1131,998189,5.06372,4.6875,1.5968692,0.599555
1038,753620,3.180112,3.046875,1.2977268,0.5202191
1918,1298157,3.895332,3.578125,1.2308078,0.5311662
1069,753620,3.166888,3.375,1.1620716,0.50665516
1855,906842,0.933235,3.328125,1.3204963,0.5007865
1085,909747,4.895247,2.78125,1.4056383,0.54117393
2158,1503367,5.883487,5.625,1.5564215,0.68908644
1378,909755,3.370944,3.046875,2.8254912,0.67696
1250,1240192,1.802715,1.859375,2.3380837,0.65708137
1048,907269,3.455936,4.53125,0.96417993,0.47920075
1043,1298365,5.371982,5.03125,0.67004794,0.41327763
2010,910780,4.197742,3.015625,1.3633262,0.5144419
1632,908121,3.95424,3.78125,1.3119564,0.53669965
1630,753554,3.327712,4.1875,0.9429328,0.499815
2045,1322212,4.535152,4.3125,1.0088422,0.47502202
1021,753608,3.249625,3.640625,1.3591914,0.53665286
1005,907299,1.659371,3.171875,2.969354,0.7267991
1593,910920,2.796034,1.3515625,2.145707,0.56842494
1268,910399,2.294147,4.5625,0.8246445,0.44278017
2169,753622,3.945781,2.828125,1.50199,0.54456145
1594,925346,2.043033,2.84375,1.3461792,0.53151524
1058,907795,0.294359,1.5703125,2.2976556,0.6577656
1200,1240223,5.030409,4.0,1.1844031,0.5177137
1933,753622,3.347246,4.28125,1.3308946,0.5670754
2010,925340,3.338885,3.96875,1.3907392,0.54634273
1941,907291,-1.605389,-4.0625,2.6353018,0.55648834
2156,909755,3.847486,3.84375,2.969019,0.6964919
1057,906746,-2.38722,-1.1640625,2.0198507,0.5423532
2043,1503367,4.413996,6.53125,1.070673,0.6445209
1046,909731,0.608317,2.640625,2.416798,0.66382235
2172,906849,1.206807,1.984375,4.325288,0.8230101
1928,907063,2.490532,3.640625,1.0488617,0.48134044
1852,753620,4.609432,4.65625,0.752854,0.42340004
1080,905968,-3.551582,-3.328125,3.9880223,0.6995385
2359,907169,4.956991,5.65625,0.6886336,0.42965186
1010,907274,3.770177,3.46875,1.7052046,0.5912914
1023,688121,4.094185,3.71875,1.2608732,0.51580226
2047,909249,0.16052,2.140625,1.7719315,0.557475
2438,1659818,9.662847,9.8125,2.8639657,1.1026332
1922,924248,1.962211,2.859375,1.6363893,0.5787487
2109,1298348,5.075049,3.328125,1.25589,0.5137638
1179,687505,-0.907304,0.4609375,1.6260443,0.54480827
2154,909785,0.644951,1.921875,0.6827016,0.34815857
1079,906842,-4.37968,-0.07861328,3.1617079,0.68902916
1912,687802,3.96488,3.859375,1.9538373,0.65784293
1578,909731,4.277462,5.21875,0.7889543,0.4623195
2045,910851,5.072109,4.90625,0.94114465,0.50794244
1932,1298537,1.863346,3.109375,1.7575035,0.5946417
1853,998189,4.860677,4.6875,1.1245699,0.5174108
1634,910781,3.819496,4.5,0.74700177,0.42663857
1928,908461,5.189404,5.0,0.9312685,0.49746132
1925,1240223,7.05716,5.3125,0.6639678,0.43590772
1854,724831,5.923482,4.96875,0.67441326,0.45356074
1007,907318,-5.979477,-4.6875,3.9911094,0.7139685
1736,1240159,4.364944,3.890625,1.5630771,0.5868675
1908,906696,0.890032,3.671875,1.9618306,0.63532096
1237,907274,4.475243,5.53125,0.7682896,0.41679218
1042,909755,6.141468,5.34375,0.8152693,0.4668265
1019,1240145,2.631727,2.703125,1.4451418,0.53450507
1004,1322212,-3.290564,-4.375,3.9991608,0.68385386
1918,687780,2.718298,3.90625,1.4514427,0.57890135
1259,906835,4.228794,3.578125,2.2258325,0.6708955
1581,1298350,3.657911,3.015625,1.7105043,0.5844426
1026,906868,-2.19745,-0.53515625,2.3371294,0.51341975
1559,1299062,-1.282367,-2.375,2.1965113,0.5285059
1996,687997,6.07945,3.84375,1.4674706,0.5454834
1510,1240127,4.722036,4.40625,0.92877716,0.48351353
1627,907169,3.115526,3.90625,1.4244963,0.5710371
2055,909750,0.55502,1.6640625,2.1174164,0.584251
1168,687997,2.574041,2.96875,1.1966823,0.4920358
1910,1240160,4.04072,2.734375,2.9412,0.7261439
1192,687794,2.756211,3.65625,1.735681,0.63558877
1922,907299,-0.6873,2.921875,1.5289992,0.5655209
1372,1659818,0.737846,0.25195312,2.9062724,0.6677185
1802,906868,4.2489,4.125,0.72068053,0.41746193
1598,907278,3.677539,4.25,1.0188695,0.47974345
2111,909731,2.367313,3.96875,1.8023905,0.61282426
1177,924239,4.044881,4.1875,1.1181489,0.51445657
1843,724870,-0.071489,-1.6875,3.4032686,0.6713582
1191,1298141,-3.782531,-4.15625,1.0906907,0.40139723
1019,946359,4.766872,2.8125,2.0346339,0.6132657
1010,946354,0.993282,3.140625,1.328154,0.54887515
1563,1322212,5.150799,5.1875,0.7684313,0.41153616
1032,753620,1.870803,1.140625,1.9414067,0.5715505
1529,906868,-1.513184,0.4375,4.2582884,0.73275805
2498,753622,6.507918,8.875,0.8160837,0.53170687
1250,905950,2.17905,2.265625,2.635917,0.69206744
1853,749710,5.075258,5.09375,1.1045923,0.50821924
1023,1240182,5.379972,3.75,1.1773944,0.50681907
2010,1298136,7.040946,4.1875,1.5753939,0.5944642
1401,1240144,2.671767,2.625,1.6938162,0.59024495
1927,910780,3.796244,4.40625,0.645301,0.39195296
1013,907274,3.22283,3.65625,1.5391346,0.5778782
1014,907278,2.14825,2.203125,2.8753176,0.68308425
1086,1240159,3.328543,-1.296875,3.8929915,0.6964162
1079,907063,-3.326251,0.17773438,3.1645362,0.6951842
1093,905986,4.826103,4.53125,0.94523245,0.47710028
1378,1330947,-0.060901,1.1875,2.9009824,0.6529479
1016,749716,2.813035,-0.734375,3.285543,0.5916725
1068,906696,-1.566211,1.3515625,2.289746,0.5985044
2172,753622,1.312433,1.625,3.0746255,0.72126573
1776,906836,2.773113,4.1875,1.1368042,0.5033061
1043,909724,5.284344,5.3125,0.69732475,0.42790818
1812,909731,1.754581,2.546875,3.0447147,0.6909311
2010,1299062,3.706116,3.796875,1.2518944,0.51867706
1168,908127,2.341473,2.953125,1.2030178,0.5073879
1625,1240160,6.122813,5.15625,1.0559283,0.5343481
1049,1659818,3.063759,3.75,1.3704606,0.5329719
1494,687590,-3.380089,-3.390625,3.0153067,0.6127969
1582,906835,6.714183,5.125,0.7942788,0.45480725
1933,1240144,5.118463,4.75,1.2665628,0.5578918
1023,908121,2.87048,3.734375,1.1917561,0.51827073
1060,687794,-1.30697,1.8984375,2.6567636,0.64749944
1190,910851,-2.24137,-1.6796875,6.0440063,0.8273778
1849,687794,0.246203,-0.026367188,2.071431,0.54629606
1926,753554,-0.264771,1.15625,2.1726935,0.64567775
1635,724831,5.670502,5.625,0.34282133,0.32694262
1068,907794,0.34007,0.75390625,1.9240105,0.5457234
1933,907299,2.174828,4.625,1.4203647,0.59147805
1736,924100,3.489214,4.0625,1.8916595,0.6246016
1549,909749,4.912829,4.25,1.0377535,0.5052521
1022,753620,-1.678639,-0.5,3.0366855,0.63140154
1250,909785,0.084846,0.40429688,2.6311355,0.6581029
1050,1298168,6.143485,1.9453125,1.4120055,0.52749854
1558,753622,3.299222,3.265625,1.2241511,0.52159345
1615,908150,5.161331,5.5,0.62708753,0.43143833
1033,909709,5.874861,5.65625,0.8582347,0.5016283
1050,1240160,4.903795,2.875,2.0383968,0.6474993
1072,688087,5.834822,4.9375,0.93569994,0.48461407
1237,1240127,6.001028,5.25,0.61225814,0.39537275
1936,1298136,3.562102,3.203125,1.7318189,0.6155403
1133,1298350,4.176405,4.1875,1.0832484,0.52876157
1802,1303900,3.867648,4.46875,0.8171678,0.44216835
1073,905982,4.38502,4.46875,1.6503959,0.6418387
1583,909720,2.88826,3.328125,0.6120025,0.36841166
1617,1240127,2.104384,1.6328125,3.1664767,0.6484059
1933,909720,5.695643,4.78125,1.1782053,0.55050707
1634,998189,5.771935,4.65625,0.88623494,0.47218773
1068,949090,-0.062892,0.5546875,2.0774534,0.55531156
1507,907066,5.45786,4.875,0.612264,0.39336926
1564,753608,2.199557,3.1875,2.0114222,0.6208335
2010,905950,3.873035,4.21875,1.3934827,0.55298007
1008,909749,2.748028,0.81640625,3.8973866,0.7632277
2499,949179,10.767068,9.875,1.5806906,0.7957913
2010,949090,3.513452,3.921875,1.4279319,0.54425645
1580,909975,5.627599,5.28125,0.81003255,0.46861798
1058,946359,1.231268,1.234375,2.3553264,0.65287477
1084,909749,-0.15784,-1.84375,2.9140158,0.5467255
2055,1240198,2.425744,2.171875,2.4116783,0.6165668
1849,1240127,0.599164,-0.67578125,1.6613276,0.49139553
1014,907066,4.296243,2.296875,2.6755166,0.6721271
1131,1322212,4.714016,3.71875,2.0200872,0.6117693
1624,753622,2.551663,2.734375,2.1343927,0.66193914
1010,905982,3.764428,3.4375,1.4984202,0.56259173
1190,1240184,2.46183,-1.296875,6.1746936,0.84526795
2044,907063,4.059887,2.984375,1.2083361,0.5148549
1054,908461,4.008445,3.90625,1.636051,0.5872989
1615,906868,4.810974,5.3125,0.6320907,0.4261752
1179,1659818,-0.515819,0.5859375,1.967349,0.59579796
2172,1240182,5.406706,2.109375,3.6593728,0.76676434
1022,1240144,1.932754,0.51171875,2.7818363,0.6210555
1191,1298365,-4.196257,-4.78125,1.0383643,0.40586114
1093,906827,4.002802,5.34375,1.1459918,0.54799
2148,906827,0.932574,2.46875,1.6381223,0.5408869
1631,909785,0.752668,2.21875,1.6466331,0.5281192
1941,925338,-3.507387,-3.953125,2.6866534,0.55862135
1016,687568,1.371876,0.050048828,2.9717398,0.57774454
1031,907063,-3.552854,-2.953125,2.6573622,0.57000685
1803,1298350,5.846942,5.15625,1.2807678,0.59842855
1843,687590,-0.918244,-0.6875,3.771372,0.6978353
1559,946354,-3.566896,-2.09375,2.55809,0.5950945
1085,907318,2.237552,2.46875,1.1005652,0.48601598
1017,724870,4.818417,3.71875,1.0573603,0.48524055
1038,909709,4.559246,3.9375,1.4384866,0.58846104
1928,907278,4.309568,4.34375,1.0693622,0.50351834
1048,924189,4.505415,5.03125,0.84552705,0.47920075
1915,910567,2.384347,2.296875,1.7143185,0.57719874
1020,910851,4.709125,5.40625,0.8950332,0.52112645
1835,688013,2.005627,3.90625,1.2696639,0.46493798
2172,1330983,0.44308,1.8984375,4.1342916,0.8155661
1911,909726,-5.985198,-3.921875,3.0746944,0.58922565
1799,907795,4.811698,4.15625,1.8996336,0.6241925
1912,749710,3.068822,3.78125,1.853223,0.61489654
1131,906835,8.298555,5.15625,1.4856781,0.58363885
1873,909724,1.549324,1.640625,1.6557084,0.582692
1179,688087,0.197437,0.95703125,1.9748461,0.5868817
1268,906842,2.820638,3.484375,0.91255045,0.43748713
1560,1298168,5.16058,3.125,1.2737991,0.4953803
1061,909699,5.457986,4.5625,1.0876307,0.5227658
1199,905950,3.605298,4.40625,1.3192518,0.5493719
1928,753612,2.489099,4.28125,1.0973834,0.51274365
1060,907795,-3.223866,1.296875,2.4770274,0.61154574
2039,1299062,3.756627,3.515625,1.0684165,0.49410573
1059,1240192,0.04773,0.32226562,2.1711755,0.5856248
1180,906848,-3.803224,-1.5546875,3.228337,0.6322074
1190,1298168,-2.238606,-2.234375,5.895311,0.850895
2048,909755,-2.028497,-2.109375,4.118012,0.6912324
1561,909750,0.992429,2.421875,2.0851393,0.6435866
1036,906696,2.202896,5.4375,1.2631619,0.5767186
1007,906842,-6.139831,-5.46875,3.3138595,0.6734714
2159,905986,3.304336,4.3125,1.2304559,0.54476917
1030,724831,6.114133,5.4375,0.4856473,0.40379214
1401,910851,1.563236,2.140625,1.7974921,0.59640515
1068,905972,-0.104499,0.34570312,1.8114556,0.5234195
1862,1290797,-1.77638,-1.1015625,0.4119127,0.30375227
1814,687505,5.156029,6.53125,0.80041957,0.45950246
1068,906746,1.12978,0.56640625,1.8325098,0.5369699
1632,906827,3.226645,4.875,1.4330206,0.59674823
1083,909907,5.294379,3.484375,1.9166329,0.64531654
1615,907794,6.124469,5.9375,0.66501856,0.45840183
1549,910399,1.877271,4.03125,1.0915755,0.5035214
1084,910567,-0.946824,-2.90625,2.459622,0.47818223
1007,1298537,-4.443108,-3.09375,5.45189,0.84898365
1375,905964,5.009974,5.34375,0.9746094,0.4843842
1779,907794,1.070374,1.796875,1.9798021,0.61107385
1598,924189,4.561105,4.5625,0.9904485,0.49225634
1843,1298537,-0.958942,-0.21289062,3.7474637,0.71815336
2110,1303900,4.108189,5.125,0.88210136,0.47485206
1089,908465,4.932422,4.8125,2.1461108,0.60591584
2159,1240160,5.607432,4.4375,1.5400486,0.61114234
1507,1240159,4.169222,5.21875,0.55954045,0.3888693
2174,749716,2.137018,1.8828125,2.1590197,0.5771146
1511,949179,-1.432599,-1.28125,3.503082,0.64376223
2158,1240127,4.39796,4.40625,1.1694785,0.5325776
1190,753622,1.154812,-1.9453125,5.957452,0.8480215
1067,906848,4.218985,5.75,0.58281165,0.3919563
1059,906848,0.406526,1.125,2.977035,0.6896757
1243,909724,1.966102,3.375,1.074138,0.44503018
1620,1503365,6.5416,5.6875,0.5114884,0.3906777
2037,908121,5.376466,3.640625,1.4489228,0.57498056
