drug_id,cosmic_id,y_true,y_pred,epistemic,aleatoric
1033,1298537,5.673394,4.75,0.6305028,0.24894296
2359,907278,4.542524,4.84375,0.6958382,0.26389042
1913,688087,4.808082,4.71875,0.59414804,0.26170853
1924,724831,5.134187,3.984375,1.4381403,0.40416652
1006,687819,4.37394,1.3046875,4.4331985,0.73962694
2096,910952,2.025498,2.890625,2.039357,0.5056744
1259,1503365,5.493933,3.921875,3.9338522,0.6092836
1512,909731,4.987929,5.3125,0.45576954,0.24661626
1062,910911,4.235591,3.671875,2.6250057,0.5216601
1031,924248,-4.42221,-2.734375,4.088737,0.62326115
1401,1503367,3.997943,2.453125,1.8669161,0.48798317
1776,909749,4.99461,4.0,0.93183285,0.31528056
1908,1659818,2.676898,1.4453125,2.274635,0.4553968
1918,1298350,2.416873,3.359375,1.3683425,0.4284418
1372,688025,2.846155,-0.890625,3.3154287,0.5741414
1502,906849,4.558628,4.3125,0.8758616,0.29779854
1561,925346,2.095205,1.546875,1.7500281,0.45947483
1177,925338,4.74965,3.6875,1.726022,0.3791719
1449,907271,5.849537,5.75,0.476822,0.2527463
2111,909757,4.644122,3.546875,2.3808665,0.4802374
1131,909747,7.584598,3.5625,3.7444155,0.57378596
1054,1503367,5.135666,4.625,1.5089513,0.39266557
1632,905982,4.31079,3.75,1.0751235,0.31950355
1046,753620,0.012966,0.67578125,2.0170865,0.44311288
1038,1674021,2.854755,2.6875,0.9578613,0.33543777
1529,908150,0.543217,0.18847656,3.424993,0.5453008
1043,910920,5.680692,4.84375,0.57584435,0.23797442
1621,907169,5.456144,4.4375,1.250169,0.33720446
1931,687794,5.155049,5.6875,1.034101,0.34478977
1615,910399,4.801649,5.53125,0.5072797,0.22516765
1913,906746,4.784218,4.875,0.5908345,0.25958392
1191,909907,-1.555503,-5.0,0.7010984,0.2541902
1553,910911,3.582994,3.046875,2.105472,0.45884433
1050,910903,1.673146,2.21875,1.3860413,0.41580215
1563,924100,6.330037,5.9375,0.47794378,0.23938219
1916,998189,3.29207,2.296875,1.770578,0.4409374
1011,687794,3.650027,1.453125,2.9681208,0.577041
1026,1240184,-2.696773,-0.1796875,2.3739731,0.5545747
1512,908465,5.24645,5.46875,0.39431626,0.22753379
1931,909699,7.524245,6.125,0.85472333,0.29347864
1635,910933,3.337184,5.53125,0.3348363,0.19621079
2043,1240223,6.082113,5.5625,0.59824884,0.26966035
1615,1290797,4.813556,5.375,0.498464,0.22816722
1926,905982,0.378248,-0.40234375,1.0220242,0.38759354
1529,1503365,3.494418,1.46875,3.9683537,0.61462736
1190,907175,-3.127761,-2.8125,5.8263917,0.81829256
1036,687505,3.680359,4.28125,1.5873189,0.3770966
1843,905968,-1.225585,-3.09375,2.6837454,0.4800945
1062,687802,3.953758,4.6875,3.5143666,0.70887226
1813,906836,5.043298,3.765625,3.0008388,0.5669769
1557,753554,4.737748,5.125,1.0341444,0.3073254
2048,909749,-1.252772,-4.46875,1.9060998,0.412105
2174,909724,2.099647,1.53125,1.4015502,0.37975097
1838,906696,3.922183,4.4375,0.5291574,0.27194908
2043,925346,5.807088,5.125,0.42136016,0.19738375
1845,910911,2.768035,1.921875,3.8374524,0.5437798
1373,910899,4.407889,3.59375,1.6300542,0.3888915
1149,1240160,1.542229,1.3359375,1.9129566,0.45254347
1580,906836,3.295887,4.25,0.6456788,0.24486794
2107,907169,4.609144,5.0,0.66781694,0.2532636
1093,724859,4.890383,4.09375,0.76174545,0.2817418
1378,1298157,5.13823,3.34375,2.3328125,0.5043617
1576,909731,1.629135,2.515625,1.3309513,0.41276792
1133,907795,3.284318,3.65625,1.2039723,0.35948333
1149,1298168,1.93696,0.5859375,0.8224696,0.33989522
1019,688087,3.363027,2.515625,1.5961933,0.44245005
2439,1674021,10.167144,9.6875,0.3904976,0.30618697
1051,1240223,2.941592,1.75,3.6902416,0.6601463
1915,1674021,3.053289,2.328125,1.5347562,0.42542025
1843,749710,0.693142,-0.7109375,4.3565764,0.6975628
1843,688025,-3.780863,-2.1875,4.360812,0.6294143
2171,907794,1.860554,2.5,2.652989,0.53114575
1917,1674021,0.949903,1.5,1.3412867,0.39673224
1941,1659818,-5.67808,-5.21875,1.1746367,0.35072425
1808,1331048,-1.926634,-3.375,1.2705349,0.2836517
1529,907322,0.620114,-1.515625,2.797171,0.46952152
1786,908150,1.190045,2.53125,1.5039521,0.4056566
1809,1298350,-1.031699,0.46875,3.338608,0.5856248
1806,905972,5.432286,5.5625,1.8427356,0.43047437
1919,908465,0.645906,1.234375,1.231169,0.41452575
1133,1240127,5.177517,3.75,0.87891257,0.3093149
1018,1330983,4.524077,4.78125,0.43401974,0.21131164
1036,687590,5.297566,4.25,1.5769858,0.38765982
1931,1240182,6.466889,5.15625,0.85306066,0.30170557
1854,909745,5.829805,4.84375,0.5619507,0.23520562
1736,1330947,1.350276,2.4375,2.6801558,0.52105683
1862,907271,-1.48989,-1.3515625,0.24437302,0.194945
1093,946359,3.773965,3.46875,1.1303346,0.30765712
1838,907274,4.163993,3.8125,0.6130479,0.29541844
1583,907791,3.117103,1.8671875,0.56852996,0.2562646
2157,687568,6.010194,4.96875,0.6763908,0.2514258
1936,908150,3.508839,2.21875,1.1790528,0.3836787
1626,1240145,1.206317,2.265625,2.0878723,0.4623684
1631,909745,4.775691,3.078125,1.7120764,0.39662868
1023,1240172,4.473448,3.53125,0.8132273,0.3146745
1050,753622,2.778894,2.296875,1.5333134,0.4514077
1036,909709,4.982242,5.0625,1.643755,0.41656283
1564,687596,3.119516,3.296875,4.248698,0.7131688
1706,1298136,2.002448,1.65625,3.2912178,0.6048279
1811,910781,-3.145261,-4.8125,1.532395,0.37669834
1069,907291,2.790269,3.328125,0.8515257,0.30116272
1808,908127,-0.160085,-0.1171875,3.278375,0.6066137
1006,753554,2.185961,2.421875,4.2078266,0.72407466
1088,910399,2.999702,2.734375,3.5143547,0.52218866
2109,909724,4.817648,1.78125,1.0886003,0.34746397
2439,910920,8.488142,9.75,0.57483244,0.3623288
2499,907299,10.835349,10.3125,0.79977274,0.5105795
1706,753620,2.335184,-0.033935547,2.9960852,0.51883984
1059,910952,-1.466518,0.5546875,1.5832009,0.5004941
1086,906848,2.632145,-2.78125,3.8596854,0.588346
1563,907299,6.109716,5.4375,0.45437196,0.229933
1583,1240198,2.428363,2.578125,0.5249249,0.2704698
1190,906813,-1.167743,-1.5625,6.8918614,0.88800365
1507,1330983,3.584631,4.15625,0.8367878,0.29016194
2039,910933,3.339604,3.109375,0.8392473,0.33136204
1997,687794,4.546296,3.65625,2.6721928,0.52329725
1862,910399,-0.919907,-1.3984375,0.299761,0.20911673
1067,924189,5.430664,5.0,0.40492707,0.21243712
1054,907169,2.844523,3.328125,1.3209004,0.3452631
2107,908461,4.518324,5.4375,0.6508926,0.29263836
1563,906843,5.302025,4.9375,0.43850702,0.2124002
1778,910780,3.570011,2.046875,1.5338553,0.37543678
1578,1240223,5.122022,5.59375,0.4335097,0.24006905
1799,1298136,5.317082,4.25,2.7229185,0.541118
1003,1240184,-1.75807,-2.84375,2.6180859,0.5053302
2040,909726,1.5586,-0.087402344,1.3705239,0.37816367
1019,1298157,3.364165,2.8125,1.5103058,0.43844047
1043,909755,6.125662,5.5,0.51032,0.2427726
1557,909249,4.335866,3.328125,1.1658124,0.2954419
1939,1240153,4.023811,2.25,1.4655155,0.38998005
1810,1298358,2.414853,0.421875,5.646939,0.8432796
1005,687819,4.804977,2.265625,3.2439744,0.4997469
1093,753622,4.621037,4.6875,0.79585785,0.29731742
1936,907318,1.421927,1.4609375,0.82245934,0.30725524
1175,687794,2.492773,4.4375,1.3259557,0.3592686
1511,753622,-0.207186,-1.2890625,2.4042614,0.49232548
1631,687505,3.523161,3.0,2.365806,0.45016244
1034,1240144,-2.718108,-3.421875,1.0696325,0.32240146
1050,910920,4.128708,1.59375,1.6321806,0.4462743
1018,1322212,5.414531,4.875,0.40369928,0.20587525
1936,753554,-5.456722,2.4375,1.2318368,0.3969951
1042,688087,4.599599,5.125,0.615995,0.2604666
1627,909755,3.56192,3.609375,1.6299062,0.4112482
1080,909731,-5.324999,-3.921875,3.0684974,0.5757092
2157,925340,4.36923,5.15625,0.6918114,0.25587574
1620,907269,3.871155,4.75,0.569509,0.2359554
1849,1503365,2.252425,-0.3984375,1.1444308,0.40077338
1582,1299062,4.292292,4.53125,0.5322766,0.24427077
1838,1298157,4.375141,4.40625,0.4929964,0.25731182
1038,724831,3.521633,3.046875,0.80291545,0.3395038
1073,1330983,1.618641,3.9375,2.54491,0.52112645
1706,753575,2.058778,1.625,3.0986023,0.5470679
2010,753608,2.490632,4.71875,1.9407036,0.44040003
1373,1331048,2.234573,2.15625,1.0905435,0.31658384
1237,907795,5.849029,5.3125,0.40395087,0.22835054
1020,949090,4.601619,5.5625,0.6313171,0.3050059
1079,909709,-0.724159,1.671875,3.1177275,0.6336118
1375,905972,7.552447,7.0625,0.88702404,0.35022587
2172,687794,1.482506,2.078125,3.7729084,0.6256816
1036,908461,5.364003,4.875,1.5440016,0.42216423
1032,925346,1.242482,1.0546875,1.3285706,0.42610803
1017,1298157,4.534884,4.84375,0.87527764,0.30350855
1033,907794,5.799153,5.34375,0.62146676,0.25423175
2096,909724,2.428023,1.703125,1.9714686,0.44373468
1813,1298537,5.020614,4.375,2.055838,0.46272436
1631,910399,1.86416,3.671875,2.0976346,0.43614978
1005,908127,1.758819,3.875,3.2130177,0.5393238
1911,909731,-5.675862,-4.0625,2.585168,0.49541426
1809,1240160,0.652781,0.7265625,3.9659436,0.6077324
1908,688121,4.573276,1.8671875,2.687235,0.51867706
1849,687590,-0.401123,-1.03125,1.1527089,0.36615947
2044,909755,5.461138,3.65625,1.2037277,0.3494411
1032,1240182,2.607629,1.2421875,1.9075779,0.4834212
1549,688121,6.192707,3.203125,2.1655061,0.4645033
1017,998189,4.70702,4.3125,0.99190325,0.3105749
1803,906696,6.184273,5.53125,3.6058016,0.70101434
1629,1240172,5.134679,4.625,0.9835769,0.3064976
1510,924239,1.530781,3.28125,1.3135215,0.35589957
1815,1240172,4.569579,5.90625,0.464011,0.23663251
1915,909785,1.827034,1.4609375,1.2141666,0.33810112
1561,906848,2.331169,1.2578125,3.2402236,0.59955436
1911,906848,-4.988939,-4.625,1.9299589,0.39822242
1862,909699,-0.844598,-1.2421875,0.36372888,0.22897364
2107,1331048,4.230821,2.9375,0.55517846,0.23475102
2011,910952,3.560814,5.46875,1.1440054,0.3497568
1854,910920,4.012155,4.5,0.6904703,0.24299657
2177,924239,1.408667,1.8203125,0.59069896,0.27317786
1022,749716,1.727627,0.06982422,2.2805247,0.5132965
1924,907271,3.133643,4.21875,1.4625747,0.3999003
2148,910933,1.696738,1.5546875,0.980818,0.39318
1634,1298157,4.958753,4.84375,0.79717726,0.30232236
1809,910911,2.262764,0.3671875,3.1462443,0.5346608
1621,909975,4.471506,4.1875,1.3250012,0.34175262
2048,924248,-3.398732,-4.625,1.8926663,0.38756517
1615,1330983,4.248744,4.53125,0.6187097,0.25439274
1816,907299,4.63207,3.0,1.1479541,0.33795786
1917,909726,1.486626,1.140625,1.2161998,0.36313418
1916,1240192,2.7665,3.203125,1.6067271,0.44536993
1855,909726,4.509505,4.25,1.714279,0.37359184
1936,925340,-4.723908,2.453125,1.3311298,0.40503877
1927,1298141,4.145465,5.5,0.6762262,0.29034483
1034,907269,-3.81544,-3.828125,1.2669709,0.32107762
1190,906696,-0.382604,0.2890625,7.8261385,0.9791346
1580,907291,3.974869,4.84375,0.5597775,0.22213827
1463,1240198,3.319548,3.890625,1.3988441,0.40232003
1624,724870,2.506832,2.921875,3.2458634,0.58845824
1996,910781,4.103814,3.234375,1.0145355,0.33336192
1059,1298348,3.010781,-0.12792969,1.0357914,0.38889468
1622,1298348,3.416444,4.625,0.7829695,0.2954482
1012,924189,1.072954,0.6875,0.61978954,0.27300304
1175,924100,4.093791,4.4375,1.2374845,0.34301928
1930,687819,1.82448,-0.1953125,0.98689544,0.3322806
1817,1298365,-4.888203,-5.5,0.45333713,0.22940934
1809,909720,-0.697561,0.44921875,2.343617,0.48729557
1048,1240145,4.42234,4.875,0.5128089,0.23114836
1032,908461,-5.751524,1.4765625,1.6955742,0.4991773
1024,908150,0.134375,-0.515625,1.4483695,0.42242756
1133,687997,5.635599,2.796875,1.0026222,0.32002115
1239,906835,3.638419,1.546875,2.0793657,0.48171684
2359,905986,6.03817,5.3125,0.6270431,0.25781918
1593,910903,1.655571,1.8515625,1.7046014,0.43009484
1005,687590,3.203939,2.796875,3.0916994,0.49787366
1050,909720,2.216839,2.296875,1.0116035,0.3798132
2043,687590,5.050836,5.03125,0.58809984,0.241807
2439,905986,9.581834,9.875,0.42762792,0.3301854
1511,909724,-0.367778,-2.359375,2.0696456,0.41746193
1177,907291,4.430178,3.453125,2.0686738,0.40808454
1062,1240127,5.097532,3.609375,2.5824788,0.541118
1019,1503367,1.617549,3.296875,2.0534687,0.5113874
2043,1240172,5.477079,5.3125,0.60530156,0.25014797
2045,909755,5.031436,5.0,0.92462486,0.2909002
1782,907269,3.713632,4.46875,0.785512,0.27372772
1073,909745,6.279248,4.5625,1.676239,0.41028756
1069,906836,3.051986,2.921875,0.9112222,0.31287813
1613,1298358,1.614386,3.609375,3.118799,0.5976778
1037,1240182,3.237869,1.7421875,1.6856217,0.43094406
1021,910399,3.605751,3.34375,1.5652864,0.3915114
1168,905964,1.964066,1.53125,0.972286,0.322603
2048,949179,-3.148213,-4.6875,2.0517817,0.42014754
1576,909747,4.60329,1.9140625,1.3326734,0.38328877
1043,687568,6.329107,5.4375,0.4851286,0.23802623
1580,1240159,6.434496,5.3125,0.4721738,0.22232707
2177,753554,1.556585,2.015625,0.5083809,0.27936608
1057,925338,-0.57235,-2.609375,1.2949412,0.34770665
1706,687780,2.615373,2.546875,4.1483817,0.6425104
1008,907274,-0.394339,-0.21289062,4.9859033,0.7849895
1052,909747,6.894989,2.671875,1.8570801,0.4112585
1007,1331048,-5.065791,-5.84375,0.8511624,0.311687
1814,1298538,6.528624,6.03125,0.58136266,0.2633963
1013,909249,2.508401,1.8125,1.2667006,0.35272995
2170,688025,3.47093,3.03125,2.576064,0.47019258
1996,724870,4.244189,3.890625,1.3261138,0.39224434
1025,910920,3.691637,4.90625,0.59791964,0.23968776
1830,687780,2.883219,3.25,0.94484365,0.38651985
1862,907063,-2.759168,-1.7265625,0.2636111,0.16915022
1928,907278,4.309568,3.828125,1.0983388,0.31589204
1559,924189,-2.670076,-3.8125,1.7900922,0.3780081
1043,908461,6.56175,5.6875,0.56131274,0.2847826
1564,1240192,4.321187,3.265625,2.8302238,0.56244254
1250,908150,0.962085,1.984375,2.4263163,0.5044908
1510,687505,3.962919,3.859375,1.4201664,0.3476095
1624,1240153,2.981846,1.859375,3.8886592,0.605553
1617,906835,6.686271,1.46875,4.559759,0.60939217
1010,909750,3.41071,2.71875,1.2461362,0.39205223
1908,909750,5.759544,2.109375,2.0677817,0.46541265
1033,908127,4.479251,5.46875,0.7209636,0.30407542
1996,909757,5.649228,3.9375,1.5015149,0.39955968
1917,753612,5.290118,0.828125,1.4265935,0.37455615
2010,907299,1.602244,2.984375,2.3280962,0.48037297
1079,1240145,-1.637623,0.96875,2.2095454,0.53620154
1047,906868,5.151906,4.625,1.7816341,0.40100706
1091,687780,0.553363,2.453125,1.7081455,0.47132236
1782,907291,4.504161,5.0625,0.6937321,0.25277478
1932,905950,3.901726,2.703125,2.3525813,0.47453204
1564,910567,4.201014,1.2265625,3.3256202,0.5795995
1627,905986,3.254895,3.328125,1.5512164,0.40910053
1038,906836,1.952068,2.125,1.032189,0.33916256
1926,1240160,2.9807,0.12695312,1.6711009,0.4806235
1021,908461,6.809345,3.28125,1.552571,0.43035835
1053,905986,3.732668,1.9453125,1.5899742,0.41745222
1594,949090,1.25203,2.4375,2.052724,0.50243855
1133,946354,2.484126,3.65625,0.8371143,0.28743234
1014,925340,0.876494,2.265625,3.3444254,0.61460584
1997,1298136,6.843061,3.71875,2.3434205,0.50665516
1038,925338,3.315548,2.609375,0.8566697,0.32488436
1037,906813,4.658721,1.765625,1.6454087,0.41515973
2107,906835,6.304122,5.15625,0.5590217,0.24063548
1012,1299062,3.538011,1.375,0.55898005,0.28069195
1873,946359,2.172872,-0.041259766,0.9252429,0.34392828
1936,687819,3.200614,1.7890625,1.3255669,0.38842332
1912,909975,3.694663,2.71875,2.2503872,0.46433866
1908,907274,2.841142,2.171875,2.638555,0.5403023
2106,687819,3.082759,2.40625,2.2390819,0.4728198
1131,687568,6.969215,4.65625,2.864091,0.51235646
1190,907791,3.94419,-1.8359375,7.3682833,0.94938976
1736,907271,3.883611,4.1875,2.4350286,0.54807186
2170,907063,2.570706,1.8671875,1.85779,0.38042346
1581,1298537,0.757946,2.046875,1.2368299,0.4024801
1582,905972,5.599451,4.8125,0.58328307,0.26630807
1916,907274,1.16058,2.234375,2.1043057,0.49157873
1003,907066,2.043758,-3.90625,1.7203789,0.36047846
1004,1298538,-3.821312,-4.65625,2.0327976,0.42594093
1512,909755,6.035455,5.4375,0.3957215,0.21578458
1618,908121,4.121069,4.1875,1.3872985,0.37931812
1511,1240182,2.195617,-1.578125,2.1793082,0.46380535
2359,1503367,3.419129,6.375,0.8596245,0.33095738
1845,687505,-0.369348,0.97265625,4.069342,0.55706155
1918,925346,2.905445,3.0,0.95009303,0.3427568
1441,909745,1.874084,1.6171875,1.1345806,0.3838791
1133,910911,5.246189,4.0,0.91371924,0.29589966
1720,688121,6.790162,3.359375,4.5071115,0.63867277
1843,907795,-0.661435,-1.125,4.762493,0.7148106
1825,909749,-0.297851,-1.5078125,1.7164108,0.43881553
1131,907299,2.749047,3.90625,3.3283362,0.5656048
2438,1330983,9.419203,10.1875,1.3230224,0.7307805
1813,753612,1.201662,3.5625,2.758459,0.50692266
1042,687596,3.264811,6.15625,0.9097572,0.3721666
1373,949179,5.300492,4.03125,1.5264887,0.36886042
1494,907299,-3.691206,-4.375,2.0992177,0.45385775
1200,906868,3.287223,3.375,1.1915499,0.32579616
1873,1240192,1.129388,0.76953125,0.7018735,0.383714
1912,687568,2.241539,3.203125,1.7782733,0.4352622
2171,907278,0.554205,1.859375,3.0665727,0.559722
1912,1298348,4.403723,3.40625,1.511085,0.4094295
1613,910920,2.425951,2.28125,3.0698524,0.5455526
2047,1240198,2.818919,2.375,2.033518,0.48721096
1401,905964,1.232622,0.74609375,1.2869915,0.34871122
1050,687568,5.364562,2.046875,1.3409711,0.41587532
1237,910781,5.351177,4.96875,0.26602533,0.186402
1050,946354,-0.032651,1.6875,1.2921822,0.40266374
2438,688013,7.278135,10.125,0.8564507,0.59110254
1847,687505,5.578881,3.46875,6.0333138,0.79422
1020,1240144,6.182603,5.65625,0.47646087,0.24932283
1043,1240172,6.330071,5.53125,0.5487293,0.25442097
1736,909720,6.014885,3.9375,1.9647548,0.48298243
1093,907169,4.862278,4.1875,0.87909615,0.28745937
1557,908121,4.341236,5.25,1.1602892,0.32758677
1632,749716,3.182599,3.734375,1.3086697,0.35139292
1799,1240172,5.068433,4.375,2.5465448,0.49508116
1083,1240144,2.676268,2.6875,1.3201299,0.38502556
1911,909757,-1.445029,-4.25,2.5291746,0.4846838
1061,906868,4.968152,4.40625,1.1380689,0.32131332
1199,907063,5.777565,2.265625,1.2617664,0.3197587
1925,905972,5.956153,5.5,0.49145827,0.24051186
1449,687590,5.952513,5.125,0.5136522,0.23331659
1996,1299062,5.625595,3.671875,1.0808097,0.32731572
1191,906696,-5.402592,-4.90625,0.6414598,0.25326917
1931,907066,6.447709,4.96875,0.7545724,0.27357772
1494,905986,-4.4402,-4.5,1.943904,0.43753046
1179,907299,-0.550004,-0.18164062,1.605872,0.43708998
1017,687794,5.361237,4.5,1.1521715,0.34564295
1593,908121,-0.185975,1.6953125,2.1675596,0.50848037
1933,924100,6.451965,4.875,1.4692605,0.3857585
1557,909755,5.188588,5.0625,1.0591841,0.29766688
1926,910399,-0.315347,0.048339844,1.2311453,0.4354244
1052,907175,1.377714,2.09375,1.5825686,0.3873602
1067,909731,5.088107,5.46875,0.48901302,0.2436679
1918,753612,4.866075,2.328125,1.3071021,0.36231664
2439,905950,9.427116,9.875,0.44438776,0.334924
1618,908465,4.615874,4.1875,1.2430247,0.36423647
1621,1298157,5.346417,5.0,1.0828874,0.33744428
1917,924189,2.173815,1.3828125,1.3847809,0.39827532
1564,687455,1.280034,2.640625,3.8287024,0.66302633
1375,907322,6.141705,4.90625,1.3564721,0.38653126
2498,909975,8.599452,8.0625,0.73394704,0.33082622
1910,1503367,2.527351,2.578125,3.4047494,0.5972267
1168,1503365,2.990704,2.9375,1.242699,0.40833315
2171,909750,2.435961,2.15625,2.707421,0.52257323
1912,724859,5.18448,2.828125,1.6176922,0.42096257
1613,1240145,4.093411,3.328125,2.010254,0.43809348
1564,753554,0.214303,2.5,3.176637,0.5720603
2046,906827,2.095946,2.921875,3.1749737,0.5533444
1005,1298157,4.228757,3.96875,2.7587364,0.46880922
1580,1240145,5.249576,5.375,0.41702646,0.1968659
1706,907066,3.463361,0.51171875,2.9595783,0.5158046
1580,907322,4.286619,3.796875,0.5404012,0.2285026
1054,753612,4.412999,2.265625,1.400422,0.33410677
1631,910851,3.025356,2.984375,2.5166924,0.4689046
1559,1240145,-3.683915,-3.484375,2.064882,0.44643423
1047,1290797,5.478388,4.875,1.7878071,0.40570354
1179,687505,-0.907304,-0.18261719,1.6411413,0.4308863
2498,688087,8.293119,7.90625,0.5994791,0.33975354
1925,1298168,5.554282,4.53125,0.41541514,0.22190481
1048,1240192,4.438164,5.21875,0.7416972,0.3184555
1928,909249,2.07712,2.78125,1.0910453,0.30662096
1048,724859,5.618622,4.46875,0.6206335,0.25844845
1022,906746,-0.157936,-0.40234375,1.8229301,0.45595357
1072,1331048,3.481503,2.703125,0.6967136,0.26027903
1061,909785,2.054519,2.84375,1.0065517,0.28028798
1812,1240172,3.697699,2.953125,2.532936,0.51091087
1625,908121,4.215828,5.0625,0.9416009,0.32974347
1940,1298168,4.725745,3.0,0.6306539,0.28499675
1131,1240192,6.739442,5.625,2.6510375,0.5598112
1024,910780,-1.759018,-1.6953125,1.4840839,0.36482236
1806,925338,6.338194,4.6875,2.047008,0.422374
1020,907271,5.393319,5.9375,0.5108625,0.27429974
2046,909720,4.67304,3.0625,2.1035635,0.4512165
1862,687780,-1.367891,-1.28125,0.3046382,0.21065243
1632,687780,3.70918,4.53125,1.4603939,0.38687682
1930,909745,0.204739,-0.008300781,0.76098895,0.30973178
1786,724859,2.901713,2.265625,1.3648686,0.40370744
1917,908465,3.53897,1.7734375,1.3776886,0.42522913
1630,907318,2.779053,2.28125,0.7620604,0.29636517
1843,1298157,0.013694,-0.921875,4.382955,0.68626535
1835,910851,5.395572,3.828125,1.2949989,0.3211051
2439,910952,8.981709,10.1875,0.573365,0.3693161
1401,1240127,1.538021,1.5703125,1.2725756,0.39845625
1706,724831,-0.054442,1.4609375,2.313164,0.49229288
1583,998189,3.154635,1.953125,0.54322034,0.27989665
1441,909709,2.525625,2.515625,1.7142152,0.46028656
1598,906848,4.529672,3.796875,1.2578971,0.34867746
1802,910920,4.234781,3.0625,0.6093528,0.27396226
2111,924189,2.235488,2.5,2.2439878,0.47019258
1168,1298365,2.030441,1.625,0.8767703,0.35325536
1068,1298358,1.751891,0.36328125,1.2212911,0.45854178
2055,724870,2.433884,1.8671875,1.41113,0.46593693
1549,1240192,4.488231,4.28125,1.7960807,0.46738353
1558,1298538,0.923451,2.875,1.577552,0.41979346
1239,924248,1.810843,0.8671875,2.9497285,0.54207236
1563,687505,5.491584,5.65625,0.44101828,0.20712414
1511,907794,-0.129017,-1.5390625,2.0150094,0.46875647
1131,909757,6.931823,4.8125,3.3730426,0.5732021
1564,905964,2.233839,0.578125,2.811912,0.5063793
1062,687596,5.458941,4.5,3.681074,0.7208671
1494,1298350,-4.632467,-4.09375,2.383187,0.4917403
2048,907299,-2.077121,-4.5,2.1755793,0.4355652
1625,906835,5.674462,4.84375,0.7318833,0.27617118
1168,724870,4.886177,2.46875,1.2189592,0.4289872
1931,949179,6.303154,5.0625,0.9392476,0.29268393
1054,909731,3.707552,3.484375,1.5096354,0.39992154
1507,910933,3.148117,4.96875,0.7252217,0.26957703
1046,1240172,2.112348,1.8125,1.9892731,0.46862036
1854,906836,3.365842,4.25,0.73026806,0.25955915
1563,1298538,6.232,5.71875,0.38104433,0.20885369
1494,687819,-2.452592,-4.5,1.9977936,0.4319295
1133,687819,4.347069,3.125,1.0424647,0.32176092
2154,907318,2.809768,1.359375,0.38944438,0.22762574
1373,906696,0.424042,5.0,1.3174376,0.37890682
1620,909757,5.992742,5.8125,0.5554347,0.24465622
1873,1298358,2.054377,0.8046875,0.90968716,0.4417618
1012,687596,2.312374,1.9375,1.0975204,0.41207123
2055,907274,2.300903,1.5625,1.9381075,0.5021082
1043,1298157,5.537379,5.625,0.49407586,0.24619065
1622,998189,6.157671,4.25,0.97760415,0.3165882
1627,1330947,1.642898,2.03125,1.6823785,0.40137476
1936,909750,3.277814,2.203125,1.1765254,0.38100702
1813,946359,7.406678,3.921875,3.437034,0.5840765
2046,909724,3.947565,1.625,3.190923,0.5109217
1441,1240145,1.636957,2.125,1.131989,0.3848835
1022,1330935,-0.87006,-1.1875,2.1990662,0.44356698
2111,910399,1.744786,3.703125,2.12317,0.438089
1924,688013,3.840135,2.90625,1.5748963,0.3710041
2498,909699,8.184471,8.5625,0.7592325,0.35021836
2096,713880,2.932562,1.7578125,2.0031912,0.46992168
1778,1330947,1.756127,1.71875,1.7911446,0.41322562
1199,907274,2.896979,3.484375,2.0009074,0.45036072
1615,687802,7.193363,6.3125,0.7992645,0.35386452
1782,908121,5.474826,5.71875,0.7263238,0.29412687
1507,1240184,5.110994,5.125,0.79773444,0.29212224
1034,906849,-1.638686,-3.40625,1.3260615,0.33605248
1936,1331048,2.588992,0.7578125,0.8626399,0.27935806
1025,906827,4.437984,5.5,0.6383744,0.2754962
1177,906868,5.298198,3.796875,1.8628631,0.39645877
1817,1298350,-3.952234,-5.21875,0.7702845,0.28632763
1510,907274,4.717485,3.703125,1.6133964,0.41066813
1239,909724,2.551789,0.90625,2.4656818,0.48999807
1029,1240159,6.646444,5.875,0.47181025,0.23814332
1853,1298348,6.474105,4.8125,0.7333361,0.28663605
1511,910781,-0.645359,-2.046875,1.5860403,0.39327103
1463,924100,3.425139,3.8125,1.7186078,0.43362886
1025,906813,5.573484,5.21875,0.59836966,0.2510874
1016,949090,1.216717,0.75,2.3258524,0.53436655
1931,687590,6.107295,5.40625,0.782976,0.28106758
1814,749710,6.773508,6.5,0.72565436,0.3321615
1553,910781,0.580907,2.640625,1.5838132,0.41769722
1997,908465,5.099337,3.859375,2.261453,0.48508397
1915,924189,2.925202,2.3125,1.4889235,0.42037082
1250,924248,1.622026,1.3984375,3.344937,0.5755903
1925,910567,5.513614,4.4375,0.5329647,0.24521525
1827,906746,1.660474,0.953125,2.3843088,0.5410665
1924,907791,4.836991,3.15625,1.8267645,0.3981057
1561,906827,3.834824,1.875,2.5249853,0.54591006
1047,906746,5.120702,4.9375,1.778697,0.41551453
1635,907274,5.379176,5.40625,0.40754613,0.22743955
1849,1240198,-1.209883,-0.43359375,1.0964639,0.39556175
1924,1298538,1.193563,3.578125,1.4945931,0.3837947
1564,907175,4.227087,0.90234375,3.1943505,0.55317396
1625,906696,3.274607,5.1875,0.8894232,0.32407865
1091,1298157,2.172907,2.125,1.1962274,0.4107378
2107,905968,3.697464,4.1875,0.7005926,0.25024912
1004,1240145,-5.200915,-4.375,2.5079255,0.49112865
1631,909749,4.216187,2.984375,2.0251973,0.4378543
1375,1330947,4.081828,4.59375,1.5172839,0.386204
2177,1298141,3.866741,2.359375,0.5246582,0.29204416
1911,905964,-7.162697,-5.375,1.3092015,0.34682405
1614,946354,4.921624,3.59375,1.6610768,0.3946191
1621,910399,3.402924,4.90625,1.1151354,0.32523742
1084,905964,-3.753289,-4.25,1.5062593,0.32056555
2106,1298350,0.09964,3.171875,2.3465106,0.51964504
1862,687505,-1.423033,-1.65625,0.27095217,0.19033265
1634,1240198,3.974241,4.625,0.8186666,0.3120349
1873,1240186,1.7861,0.44140625,0.7520217,0.35500726
1192,906849,3.413132,1.7265625,2.3001502,0.5177137
1177,1240182,6.620751,3.5,1.9718335,0.4331717
2498,1240153,7.033959,7.75,0.6892211,0.33816332
1239,724859,1.879914,1.2109375,1.8328933,0.4665381
1052,1298358,5.311716,4.125,1.7945015,0.47326183
1021,1503367,3.982333,4.0625,1.9684004,0.45601004
1401,907169,2.597332,1.4140625,1.3684803,0.40668285
1831,1503365,5.037528,4.3125,0.4907907,0.25288203
2156,713880,1.956015,2.34375,2.2054305,0.5109217
1634,946359,4.384831,3.671875,1.1255119,0.31776807
1022,910851,-0.94108,-0.80859375,1.8439678,0.43622297
1024,753540,0.380306,0.8828125,1.7625426,0.5337738
1068,909750,2.189198,-0.265625,0.92104614,0.3600055
1913,907318,4.699605,3.859375,0.4129696,0.21223685
1838,1240186,4.352226,3.984375,0.5137401,0.2573111
1810,907794,1.299837,-1.0234375,4.2694745,0.65772915
1561,749716,2.472949,1.90625,2.7791193,0.56056774
2106,949090,4.721466,3.109375,2.2976763,0.5345139
1941,724870,-3.811187,-4.71875,1.3863597,0.4062371
1373,1240160,4.750239,4.65625,1.9638675,0.4474918
1023,906835,4.672195,3.390625,0.67816293,0.28969383
1248,909731,0.705867,-4.34375,3.8055093,0.73984003
1079,1298141,2.155785,1.609375,2.4602077,0.5699447
1831,753575,3.934722,3.953125,0.47800636,0.2456611
1919,906849,1.288454,0.83984375,1.5168018,0.422374
1613,1240192,4.626465,3.765625,2.402329,0.51126915
1072,909907,6.538342,5.0625,1.2010082,0.35524002
1559,1503367,-1.336345,-2.078125,3.0541146,0.55369514
1507,753540,4.804283,5.875,0.8091379,0.34564295
1559,906835,-0.22947,-3.8125,1.575676,0.36655325
1811,687505,-4.621639,-4.59375,1.7319572,0.3946481
1051,1298358,3.114309,2.265625,4.283395,0.75134975
2439,1240172,9.253626,9.875,0.44251537,0.33361652
2010,924100,3.271093,3.5625,2.5399923,0.49740833
1622,1240127,3.086914,4.34375,0.85418844,0.30210444
1200,907269,2.788211,2.578125,1.2231275,0.32842383
1809,1298537,4.005086,-0.375,2.8588955,0.53638387
1625,687802,7.03608,5.8125,1.2253542,0.42699975
1237,1298141,6.050166,5.5625,0.33411354,0.22828038
1036,907271,4.330137,5.03125,1.3134066,0.38486007
1004,905986,-4.115244,-4.84375,1.8356591,0.41827786
1558,1330935,2.032352,2.328125,2.0248487,0.45574936
1806,1240153,4.662157,3.828125,2.8305757,0.4997469
1635,908150,5.005079,5.53125,0.32448494,0.19161393
1614,753608,3.786594,4.84375,1.667929,0.43020272
1004,909257,-5.987587,-4.5625,1.8843125,0.4365298
1012,724831,2.752163,1.5234375,0.57685184,0.3169923
1862,1503367,-1.249382,-1.2578125,0.3863376,0.24413848
1825,687780,-0.405398,-0.26171875,2.6527338,0.55156857
1853,909726,5.847089,4.09375,0.77862805,0.26473853
1079,909750,-0.11558,0.796875,2.5067432,0.5462931
1560,910899,3.623823,2.453125,1.6883327,0.41503143
1441,1240186,3.97825,1.75,1.4603056,0.42590883
2359,909747,8.050829,4.90625,0.79449946,0.2728001
1067,909975,6.117382,5.0625,0.3827738,0.18877588
2044,688013,1.782887,2.71875,1.0161387,0.31214496
1912,753575,2.82271,3.375,1.8005098,0.43881553
1560,753622,2.102276,3.640625,1.4359244,0.4110719
1852,906696,4.846716,5.5625,0.67985266,0.27811646
1843,924100,-1.951895,-0.890625,4.7581015,0.7252949
1032,724859,2.265253,0.85546875,1.3874071,0.44283837
1401,906746,3.102231,1.796875,1.3997618,0.41794232
1050,1240184,4.458961,2.1875,1.5827217,0.46595353
1259,909249,2.951586,0.66796875,3.724017,0.5706601
1069,924248,2.519882,3.0,1.0841217,0.33461854
1239,909747,5.786866,0.8515625,2.6021829,0.5133291
1072,909699,6.226056,5.46875,0.9395002,0.31324798
1561,924189,1.892758,1.4453125,2.4901073,0.5299503
2170,924239,2.514753,3.0,2.174559,0.45214432
1029,906849,5.055484,5.3125,0.6381655,0.2558211
1782,909755,6.1695,5.5625,0.6661919,0.2684122
2499,749710,10.925902,10.375,0.8663219,0.53161204
2010,724831,4.558201,3.9375,1.7626158,0.4277429
2158,998189,5.395855,3.953125,1.378904,0.3588241
1786,925340,3.613795,2.8125,1.6824648,0.42824858
2039,907169,2.601018,2.953125,0.9093518,0.33299538
1051,687590,2.293219,1.03125,3.8626292,0.6523534
1908,906843,4.273833,1.578125,2.1519914,0.4509161
1005,1298350,1.372131,3.359375,3.3398147,0.5409417
1029,687819,6.184483,5.25,0.51661813,0.22181542
1512,1290797,5.493916,5.40625,0.36524796,0.2075363
1915,905968,0.498506,1.5625,1.4049964,0.40221795
2096,910903,2.210913,2.46875,1.8136623,0.45561728
1915,688025,2.808088,2.078125,1.740674,0.4316137
2498,1331048,7.564796,6.0,0.6683273,0.32288653
1816,724870,4.049305,3.671875,1.0610813,0.33705384
1250,908465,1.489136,2.25,2.8501346,0.57061565
2109,687997,3.759946,1.9609375,1.0347446,0.33835554
1849,907318,-1.550291,-1.9140625,0.81553525,0.28418994
1635,1240223,6.782238,5.90625,0.36962298,0.22565919
1810,1298157,1.879745,-0.32421875,4.957524,0.7329789
2170,1240144,4.051548,4.125,1.8198341,0.41984442
2157,1298168,4.42892,4.03125,0.56758004,0.24245565
1613,905968,1.160851,1.625,2.5598137,0.48364982
2011,907299,3.288174,4.03125,1.2716153,0.34144336
1034,908121,-2.613268,-2.890625,1.493348,0.40462366
1512,949090,5.961025,5.375,0.4256349,0.25070086
1928,907169,4.316431,4.28125,1.0869364,0.30267215
1507,907169,4.780317,4.84375,0.7857048,0.26978034
1250,1298365,1.423334,1.0234375,1.7841594,0.45214432
1815,907274,5.077712,5.5625,0.58941275,0.27328405
1915,907271,3.609026,2.984375,1.3681247,0.43250254
1778,908121,0.887004,3.4375,2.1072552,0.4881779
1560,907271,4.391844,3.828125,1.2469919,0.39044568
1043,1240182,6.637623,5.0625,0.53857785,0.24971421
1804,910911,5.4036,5.1875,3.4640305,0.6365857
1911,688025,-2.767662,-4.71875,1.9981496,0.40608135
2106,909249,0.210233,1.8828125,2.0065107,0.43727773
1786,909249,-1.279406,1.6640625,1.4171611,0.36552304
1622,724859,5.894404,4.1875,0.86472344,0.30133057
2171,687455,3.849569,2.59375,3.5187776,0.6510966
1079,1303900,3.000148,0.71484375,2.9105616,0.60055727
1626,909785,-1.773066,-0.11621094,2.2303627,0.40987426
1852,909745,5.155949,4.96875,0.5375778,0.22730878
1926,910903,-0.283758,-0.23925781,1.0451152,0.40237173
1615,907269,3.217655,4.46875,0.6042347,0.2459309
1033,688087,4.680822,5.03125,0.650833,0.26222405
1012,909724,1.601966,0.76171875,0.6692308,0.2808221
1007,1298538,-4.798948,-4.59375,2.5745084,0.5154335
1021,753608,3.249625,4.0,1.4469885,0.3956387
1372,908461,-0.694367,-0.20703125,2.838121,0.60401535
1054,908461,4.008445,3.875,1.1980239,0.37332258
1799,1322212,4.229468,3.265625,2.7019472,0.5291241
1036,905972,5.482401,4.78125,1.2702346,0.35862792
1053,909750,1.998615,2.125,1.5950408,0.40778622
1941,1298365,-2.178171,-5.0625,0.9091511,0.3152544
1061,907794,4.381134,4.78125,1.0239873,0.3160578
1917,907269,0.947053,1.2265625,1.6389486,0.40993586
2439,998189,9.800466,9.75,0.40046546,0.31618857
1239,1240160,4.120916,2.03125,3.4403434,0.6034702
1507,1330947,1.888243,3.40625,0.752404,0.26219055
1200,687505,2.485342,3.296875,1.2864313,0.32744363
1073,688087,6.895786,4.625,2.0404418,0.47269952
1922,909709,2.956857,2.71875,1.6345387,0.4614826
1810,724859,0.358815,-1.90625,3.321275,0.5644049
1922,1298537,1.95372,1.7109375,1.2927351,0.41063896
1133,908465,3.31952,4.0625,0.9848238,0.33981714
1062,687794,-0.12673,3.734375,3.4024434,0.63393575
1013,924239,1.471081,2.515625,1.3772204,0.3817528
1849,905950,-0.521841,-0.765625,1.1623799,0.38194144
1036,1240160,4.452238,4.53125,2.2454557,0.47416574
2040,724870,0.942429,0.75390625,1.3919184,0.4618364
1034,1240198,-1.846374,-2.703125,1.1969993,0.3642253
1030,713880,4.828484,4.6875,0.62907475,0.24837911
1036,753620,5.453758,3.453125,1.6735551,0.39095274
2438,909709,11.083015,10.375,1.2216331,0.6905804
1778,1240145,1.905432,3.625,1.3352644,0.37525487
1563,910911,6.080108,5.84375,0.39434364,0.19801974
1928,1303900,4.799505,3.96875,1.1555485,0.34179372
1058,1240172,1.957756,0.75390625,1.1587011,0.4180145
1020,687794,4.878287,5.59375,0.6723532,0.29464453
1022,906849,-0.214701,-0.765625,2.07373,0.45923653
1927,910567,4.774127,4.09375,0.7628026,0.27933052
1847,906868,5.999587,3.5,5.7342315,0.7817511
2175,946354,5.077143,4.40625,1.1484413,0.32275122
2055,713880,0.78799,1.171875,1.5843787,0.44526455
1510,1240159,4.60311,4.34375,1.0193118,0.31763312
1052,905968,3.090325,2.21875,1.5036175,0.37122354
2177,1299062,3.638193,1.84375,0.46721423,0.26275817
1925,687455,5.539992,5.625,0.71314114,0.31492725
1237,925338,5.667269,5.25,0.30486345,0.18851732
1563,1330983,3.625566,5.0625,0.53107584,0.240613
1039,753540,3.862567,6.375,0.7727696,0.36293104
1809,687780,1.140479,1.3671875,3.9814816,0.61666054
1072,909724,2.734821,4.46875,0.8037685,0.26410687
1810,906843,1.036353,-2.765625,3.9041986,0.5982708
1054,1298348,5.7823,3.84375,0.9559421,0.32028964
1084,905968,-3.401855,-4.21875,1.2599847,0.32212618
1804,1240160,5.414107,5.125,4.626702,0.791163
2499,753554,9.669817,10.375,0.85549426,0.5496406
2010,906843,5.929623,2.296875,2.2319608,0.45020205
1997,907063,2.780212,1.4765625,1.8448672,0.37777725
1613,907795,1.943571,2.765625,3.4219136,0.5963818
1598,910399,5.223051,4.8125,0.8063958,0.28379413
1084,1240160,-0.271277,-2.4375,2.7880278,0.4954687
1268,753612,3.783706,3.546875,0.7650437,0.25508073
1924,924239,2.550965,3.109375,1.7304003,0.4008737
2109,688025,1.816597,1.8359375,1.1967564,0.36242932
2106,1240159,3.560308,3.328125,1.7260274,0.42798194
1062,1240160,5.066965,3.765625,3.7198126,0.65249187
1007,909709,-4.316466,-3.5625,3.695698,0.6165837
1806,909747,7.333293,4.125,2.7151394,0.47936633
2109,998189,2.112266,2.078125,1.0593926,0.36916703
1909,907318,2.490652,-0.08642578,1.5324703,0.38330343
2173,905972,3.438641,4.5,0.7276751,0.27735347
1809,687997,2.031914,-0.7578125,3.1223006,0.50866455
2044,907278,4.950969,3.015625,1.2131474,0.34891203
1507,905986,5.052144,4.84375,0.6947656,0.2661442
1059,909750,-1.692825,-0.484375,1.191517,0.3953435
2171,910920,1.630938,1.75,3.153511,0.5755903
1814,1240172,6.192869,6.28125,0.73377943,0.30170557
1613,687997,5.053451,1.859375,2.9903767,0.53494775
1199,907269,3.424663,2.84375,1.7734928,0.39917463
1916,909750,1.747469,2.421875,1.6014917,0.41306674
1133,687780,4.318286,4.71875,1.2345155,0.36860293
1853,687590,4.763683,4.4375,0.9298427,0.3070221
1819,687568,1.112104,-4.5625,2.3578331,0.48650882
1059,925338,1.16392,-0.6484375,1.2010995,0.390853
1854,906868,4.553443,4.90625,0.6566156,0.25153008
1928,753554,3.550569,4.59375,0.9819833,0.3104324
1845,906746,1.456381,1.765625,3.851474,0.56390667
2106,1659818,-2.06755,2.046875,2.1589165,0.44889182
1911,1659818,-4.836495,-5.1875,1.4338244,0.36336192
1786,924248,3.118586,1.984375,2.1325583,0.45385593
1507,905972,6.331462,5.21875,0.6664359,0.26446384
1133,1298157,3.840387,4.25,0.87570333,0.3112512
2499,687802,11.160278,10.375,1.3218288,0.7079102
1614,1240182,6.547056,3.390625,1.9244797,0.45335674
1847,906842,1.26534,0.64453125,5.5289254,0.7600199
1581,906848,1.859799,1.8828125,1.8411901,0.45260736
1084,753622,-2.370416,-2.796875,2.4997797,0.48953345
1016,688013,-0.208544,-0.3203125,2.2429972,0.42984158
2046,687568,4.577148,2.71875,2.8431277,0.5086064
2037,906843,5.418875,2.65625,1.6242539,0.40100706
1059,687455,-1.013196,-0.0009765625,1.6345056,0.4903396
1926,909724,-0.314967,-0.8203125,1.1734498,0.37635666
1629,925340,4.726631,4.75,0.89452505,0.29250452
2107,909745,6.243773,4.9375,0.55059415,0.23822163
1507,905968,3.569426,4.03125,0.7991797,0.26259902
1177,1298538,4.878371,3.96875,1.5938385,0.37546638
1079,906848,3.786331,0.62109375,3.7247314,0.6491579
2157,1240192,4.63624,5.46875,0.7385095,0.29906148
1617,688013,1.174481,-0.07421875,4.0478315,0.56356156
2040,907274,1.56184,0.7265625,1.9731125,0.5044435
1912,1298141,3.281226,3.765625,1.6302061,0.44170544
1052,724859,2.680205,3.1875,1.2977931,0.3647242
1915,909257,1.958696,2.8125,1.2721531,0.41598678
1940,1240144,2.95597,3.953125,0.77703035,0.30371463
1927,749710,5.026951,5.46875,0.7632695,0.30289066
1020,905950,5.730191,5.65625,0.5486722,0.2630397
1080,905982,-3.96229,-4.3125,2.1447363,0.4459434
2154,908127,2.843789,2.515625,0.5433835,0.29554197
1624,908461,2.395236,3.1875,3.2997968,0.59823614
1084,998189,-2.549156,-3.265625,1.9587815,0.42349496
1813,688025,3.061635,4.28125,2.620905,0.5095377
1549,909975,3.755926,3.15625,2.1102974,0.44911832
1706,909720,0.244415,1.7109375,2.3122694,0.48449993
2170,1240159,3.552781,4.21875,1.7269207,0.4085334
1003,1322212,-4.185081,-3.703125,1.8598185,0.39581084
1927,687997,4.107696,4.3125,0.73467535,0.26372895
1080,1298168,-0.372961,-4.8125,1.4369432,0.41714334
2043,910952,5.228333,5.9375,0.59956145,0.27164155
1080,924248,-3.49026,-4.65625,1.9675411,0.4187366
1047,1298136,7.199574,4.875,2.073004,0.46658808
1017,687819,4.269072,3.828125,1.0177555,0.30531913
1026,910899,0.257677,-1.15625,2.538676,0.5008012
2057,687780,4.940509,5.59375,1.1095972,0.35587746
1006,907274,1.727631,2.078125,4.542292,0.7624503
1005,713880,2.824911,2.359375,3.3621259,0.5152047
1838,749710,4.890038,4.4375,0.51997954,0.2806366
1060,749716,3.689408,1.40625,3.6392004,0.6687767
1057,1290797,-4.329589,-2.359375,1.480175,0.38862413
2045,909720,4.431873,5.09375,0.70951855,0.2704331
1058,907794,1.74039,0.7265625,1.0477622,0.41369048
1909,909731,1.747558,1.5078125,2.6345186,0.56068426
1375,909755,6.498999,6.8125,0.9070217,0.3439799
1845,907318,0.595156,-1.109375,2.3988183,0.39780888
1809,909249,-0.345615,-1.34375,2.3780785,0.41713846
1268,1674021,4.818427,4.4375,0.7698605,0.27363148
1190,687505,-3.408072,-1.4765625,6.992638,0.8948682
1529,907278,0.253072,-0.15722656,3.7095308,0.57146764
1372,908465,-2.204166,-0.45703125,3.067636,0.60073715
1239,713880,0.303416,1.0078125,2.4753795,0.51867706
1032,687568,3.201843,1.265625,1.61654,0.45851287
1853,910920,4.376792,3.984375,0.99296874,0.30648378
1553,908121,-0.467457,3.140625,2.4530437,0.5261803
1008,907063,3.057889,-3.09375,3.2671564,0.523128
1023,687590,2.512713,3.203125,0.7964519,0.31130588
1016,1240160,0.757599,0.75390625,3.0817933,0.530309
1621,688025,3.087243,4.03125,1.33925,0.3408879
1849,946354,-1.002384,-1.1796875,1.1214565,0.3667098
1010,1330935,3.439766,2.546875,1.4669869,0.41038173
1862,906868,-1.787091,-1.6484375,0.24205296,0.17337573
1808,907274,-0.999803,-0.734375,3.4151487,0.5876722
1582,907795,4.702902,4.4375,0.7952519,0.30927333
1018,910780,5.03364,4.4375,0.32406673,0.17133431
1776,906868,4.53874,4.125,0.9936285,0.31562737
2045,1298157,5.604149,5.25,0.8405038,0.28718212
1632,713880,2.800322,2.953125,1.264827,0.34583172
1014,949179,4.519271,1.5390625,3.805893,0.64675903
1020,906696,5.394009,5.84375,0.57450855,0.2804325
1058,908465,0.982185,0.7734375,1.1747328,0.42803678
1029,908127,3.144793,6.0625,0.63001263,0.30831817
1549,1330935,3.810709,3.03125,1.9158047,0.44198534
1621,1331048,2.472361,2.40625,0.87257886,0.28811428
1557,909709,4.077624,5.5625,1.1784002,0.32814148
1192,909726,3.28705,1.4921875,1.6345764,0.4216002
2044,910567,3.367724,2.53125,1.1605283,0.3531278
1564,687590,2.833489,2.0625,3.277679,0.5749373
1449,907278,4.098153,4.75,0.5171189,0.23549461
2157,687997,5.264862,3.90625,0.7632537,0.25951114
1012,1240186,1.854489,0.98046875,0.6336094,0.29002878
1030,688121,6.394824,4.84375,0.6855969,0.25741187
1618,907795,3.552378,3.796875,1.5327787,0.39186835
1933,910399,3.156046,5.0625,1.2134366,0.34101713
2011,753554,4.556751,4.6875,1.1288704,0.32618675
1016,1303900,0.888269,0.10839844,2.3569021,0.50160134
1084,949090,-2.875619,-2.171875,2.6934385,0.5777453
1615,907322,3.90263,4.0,0.51587427,0.22898252
2040,946354,-0.495355,0.10107422,1.3670552,0.4120486
1614,909709,3.112541,4.46875,1.9941719,0.46390894
1931,687455,5.869662,5.9375,1.0850039,0.38184443
1843,1298348,0.528241,-1.34375,3.2699306,0.5698937
2040,1290797,0.393973,0.4765625,1.4813071,0.44229022
1782,1298348,6.619208,5.59375,0.56663036,0.2547544
1549,713880,4.194952,3.015625,1.9913967,0.45376465
1916,1290797,2.804738,2.453125,1.7557116,0.4391408
1830,1331048,1.320936,1.3046875,0.512379,0.25010547
1778,909709,4.184301,3.9375,2.0400133,0.4745731
1175,1330935,3.877379,3.4375,1.2022367,0.3332489
1736,724831,3.460612,3.890625,2.342641,0.54725534
2177,1298350,2.514741,1.9921875,0.58167565,0.3091207
1852,753622,4.307251,5.46875,0.6110713,0.257727
1250,1240223,5.191517,2.46875,2.5059965,0.53753877
1629,906696,4.251165,4.84375,0.9547262,0.3152383
1062,909699,2.752286,4.15625,2.9080086,0.56128967
1084,687596,-1.13537,-1.859375,3.299805,0.5903012
1930,907291,0.029737,-0.15136719,1.0811559,0.34675553
1559,909745,-2.8686,-3.953125,1.295798,0.3213032
1051,910899,2.249912,0.4609375,4.672296,0.71978545
1194,907063,5.296713,1.734375,1.4442048,0.3445523
1855,687455,3.631288,5.1875,2.3476777,0.53494775
1093,687590,4.709193,4.15625,0.8724756,0.29519734
1069,1240159,4.188611,3.921875,0.68808043,0.2872653
1029,687794,5.458157,5.875,0.6864144,0.2909835
1375,909785,4.495956,4.5,1.2762222,0.33657664
2055,907299,1.531244,1.3984375,1.524014,0.44448984
1936,924248,3.261083,1.75,1.6483358,0.42141154
1038,1303900,2.907424,2.46875,0.962804,0.36330754
1627,1240159,3.794103,3.8125,1.343867,0.3811723
1168,1322212,5.36962,1.96875,1.244645,0.3953631
1631,925338,5.267768,2.953125,2.0302494,0.42872137
2011,687780,3.470791,5.46875,1.4735523,0.38345388
1932,910933,2.234235,2.53125,2.0323665,0.43594468
1632,910780,3.387115,2.296875,0.970521,0.2884179
1018,753620,5.204331,4.71875,0.38280746,0.18542092
1058,1331048,-0.05335,-0.68359375,0.8805173,0.28104717
2111,1322212,3.167685,2.265625,2.2894135,0.48344818
2040,998189,1.921821,0.34765625,1.4719552,0.43334383
1249,905986,3.457289,3.015625,1.5639797,0.40880027
1941,1240192,-6.369271,-4.40625,1.5032444,0.40730506
1816,910911,6.013687,3.640625,1.1365248,0.31216946
1583,910780,2.75808,1.2578125,0.46960464,0.23100346
2106,907269,0.79493,2.453125,2.3374987,0.482313
1013,753622,2.657826,3.203125,1.4461306,0.41017824
1924,908461,2.130988,4.0,1.6887932,0.43751797
1007,906696,-4.064389,-4.03125,3.2240682,0.5924878
1053,687997,5.10018,1.328125,1.8811239,0.42340004
1615,907271,5.768766,5.6875,0.51193416,0.25443307
1049,687819,5.910508,3.125,1.1429869,0.3412742
1131,1240186,6.44549,4.1875,3.1238716,0.5409689
1449,909709,5.521637,5.84375,0.5694308,0.2619932
1022,1659818,-0.539572,-1.7578125,1.7265198,0.37327924
2439,753608,9.939598,10.125,0.6021826,0.39887223
1061,1659818,3.746062,3.46875,1.1749657,0.31266353
1930,907274,1.155423,0.25195312,1.2485772,0.3928202
1624,906746,4.206734,2.921875,3.2909877,0.5663068
1029,924100,6.457309,5.9375,0.59192747,0.2613986
1622,910781,3.484789,4.0,0.69199824,0.27600035
1625,687596,4.697268,5.5625,1.2468815,0.4302411
2107,713880,5.019894,4.65625,0.6766455,0.25790352
1561,1240145,0.532876,1.8984375,1.84356,0.47132236
1248,753540,2.33744,-3.25,6.041622,1.0079736
1786,724831,3.633478,2.71875,1.2728885,0.41221336
1029,1240172,6.330071,5.90625,0.57221574,0.25726557
1811,907278,-2.647736,-4.71875,1.8222882,0.38782352
1048,908121,4.60018,4.9375,0.76681745,0.29671642
1194,924248,1.867096,2.515625,2.4455376,0.47544402
1441,1240184,2.046873,2.0625,1.5308614,0.45068583
1191,906827,-5.339097,-5.0,0.66682434,0.25802454
2109,906835,3.575273,2.203125,0.9329491,0.3485321
1017,908461,5.049515,4.8125,0.93694144,0.33137202
1022,688013,-1.424724,-1.421875,1.6943082,0.37220502
1812,1331048,2.111043,0.75390625,1.6152595,0.38865006
1036,909249,4.549157,3.078125,1.5194827,0.37032434
1593,724831,4.470097,1.8828125,1.2274736,0.40926403
2039,713880,2.340714,2.546875,0.9001977,0.33461854
1816,908461,4.328011,3.828125,1.0919064,0.34684548
1782,998189,6.305795,5.3125,0.6904421,0.26582175
1011,687505,2.431959,1.0703125,2.5947132,0.5118556
2111,1298136,6.597943,3.4375,2.3347266,0.5008012
2439,907291,8.902847,9.75,0.42035306,0.31143034
1549,907269,2.227636,3.03125,1.9253868,0.43872344
1803,753554,6.736991,5.3125,3.6945498,0.71826804
1083,908121,3.103315,2.671875,1.9269825,0.4757468
1593,910911,4.047689,1.7734375,1.7857178,0.4333492
1922,687802,2.114656,3.03125,1.7751589,0.5153271
1782,909975,6.264155,5.03125,0.74158156,0.25588548
1917,909749,2.851053,1.4453125,1.2075633,0.3987218
2172,687505,4.707555,1.578125,3.2950604,0.54974204
2057,946359,3.771516,3.84375,1.238652,0.3180719
1012,907175,0.403083,0.17382812,0.6329661,0.26832578
1936,905950,3.752806,2.40625,1.3404359,0.41373092
1067,949090,5.901389,5.53125,0.43963563,0.24283578
2011,998189,3.82003,4.34375,1.2454432,0.32845932
1557,910851,4.20094,4.6875,1.3285589,0.316962
1378,909699,6.246322,3.65625,2.8658924,0.5376966
1083,1240127,2.672429,2.328125,1.4740738,0.4067358
1786,753554,1.770404,2.734375,1.5339543,0.41751528
1919,753540,0.268404,2.09375,1.2711469,0.45180365
1022,1240160,2.920162,0.012207031,2.5295432,0.5179797
1034,905982,-2.672347,-3.390625,1.0655366,0.3122281
1248,1503365,-4.389604,-4.15625,4.526399,0.81513035
1997,1503367,5.611399,4.625,2.3908372,0.49711385
1057,906835,1.887766,-2.421875,1.2886087,0.35719043
2043,906696,4.503353,5.53125,0.60340935,0.2630823
2048,687802,0.972189,-2.5625,4.1669326,0.64888644
1913,908127,3.412037,5.09375,0.6264797,0.29650396
1248,687596,-4.642514,-3.859375,4.9783864,0.8905822
2172,753612,1.556055,0.4609375,3.3350883,0.52508223
2048,909257,-5.102372,-4.1875,2.26429,0.46016878
1614,1298348,5.667124,4.09375,1.43459,0.3922487
1062,907271,3.084506,4.1875,2.4350286,0.54807186
2044,1298350,3.603236,3.59375,1.3643798,0.3960783
1583,1298348,3.019085,2.390625,0.44093266,0.26004463
1620,905968,4.064115,4.625,0.5342139,0.2098624
1617,906836,-3.01031,-0.2734375,4.3033333,0.59154695
1564,924100,3.023275,2.421875,3.6695974,0.62749875
1024,1298538,1.235721,-0.36328125,1.5275882,0.4455323
1013,910851,1.799554,2.734375,1.686166,0.421746
1615,906836,4.295016,4.4375,0.6012266,0.24223736
1022,907791,1.361081,-0.8984375,2.0227702,0.42714196
2172,1240184,2.622622,2.34375,3.3302968,0.5918369
1375,687780,6.834325,7.53125,1.2986729,0.43512204
1043,905950,5.533646,5.53125,0.52517635,0.25177556
1449,687780,6.046802,6.125,0.6521024,0.290937
1802,909747,5.843208,3.171875,0.6567605,0.27488846
1925,1298136,6.950445,5.4375,0.6664383,0.28614226
1061,910903,4.091888,4.8125,1.0425591,0.31723192
1927,909249,4.592879,3.796875,0.69997036,0.25504783
1149,1503365,3.522758,1.7265625,1.1690263,0.39168376
1237,687780,5.897631,6.25,0.43358892,0.24955364
1052,1240182,4.66676,2.953125,1.6306944,0.41874397
1179,910851,-1.144368,-0.114746094,1.7557101,0.44886273
1059,724870,0.823397,-0.10546875,1.2947462,0.453413
1083,909755,3.133864,2.578125,1.5566373,0.4086995
2170,924248,2.977709,2.859375,2.826007,0.5022181
1373,688013,3.772659,3.84375,1.1438994,0.31707838
1047,907169,4.938192,4.625,1.8760386,0.40241215
1018,1240186,4.571016,5.4375,0.38404492,0.19839124
1179,905968,-0.980901,-1.0859375,1.3027763,0.35947034
2010,1298538,3.83096,3.5,1.9386141,0.42587408
1025,1298141,6.73613,5.71875,0.5546414,0.28285146
2359,998189,6.139293,5.3125,0.6904421,0.26582175
1618,925340,5.072336,4.21875,1.177708,0.33871937
1061,749710,5.480941,4.90625,1.1283376,0.35329387
1549,1298141,4.330148,4.15625,1.5596386,0.43430248
1940,906848,3.799308,3.078125,1.2832255,0.3639721
2159,908150,3.209236,3.21875,1.6159538,0.3921517
2107,687596,3.585365,5.90625,0.9449491,0.38072497
1091,908461,6.031563,1.9921875,1.232678,0.43381524
1594,908461,4.689828,2.703125,1.8194253,0.46108148
1004,910920,-2.641535,-4.78125,2.0861142,0.4439716
1050,906813,2.29858,1.6875,1.5075289,0.43157062
1862,749710,-0.791577,-1.4453125,0.2800242,0.21104728
1378,724870,1.240562,3.078125,2.3931134,0.5453008
1618,906849,3.668771,3.40625,1.5494734,0.38089663
2111,909257,2.575393,3.828125,1.7346758,0.42096257
1190,910911,-1.757122,-0.609375,7.387521,0.9131511
1803,1659818,4.63398,4.09375,3.8242245,0.6498742
1810,907318,-0.333836,-3.40625,2.5805876,0.46784717
1799,753575,2.666674,4.4375,2.360845,0.48343506
1051,946359,5.37098,0.37890625,4.7584844,0.70010227
1563,909249,4.4383,4.53125,0.4443746,0.20923758
1057,908121,-2.001338,-1.6640625,1.9833361,0.48545468
2044,906842,1.548619,1.65625,0.9649648,0.28676674
1512,1240160,6.380106,5.46875,0.57057744,0.26797158
1010,909745,4.415947,2.609375,1.0855256,0.37090078
2040,687802,2.834572,1.6484375,2.021232,0.5628394
1816,946359,4.873543,2.46875,1.6394238,0.36014807
1048,907271,4.141723,5.125,0.6368824,0.28269473
2158,1298136,5.955186,4.1875,1.5164331,0.40172234
1862,906843,-2.063744,-1.7265625,0.25516835,0.17291525
1814,908465,6.323725,6.4375,0.7675099,0.32786053
1927,724859,5.588748,4.875,0.65679497,0.25159875
2498,910952,8.553686,8.9375,0.7207986,0.36758694
1061,908461,5.510877,4.875,1.1212444,0.3527595
1928,1322212,3.298873,3.5,1.1330725,0.3304689
1803,907291,2.860397,4.6875,4.06103,0.69011605
1199,907318,3.954714,2.828125,1.0646847,0.31640136
1593,713880,2.51339,0.78515625,1.7142347,0.4325255
1919,687505,0.18924,0.9296875,1.2657447,0.4020654
1012,909709,3.047043,1.84375,0.98030907,0.36991295
1062,753540,2.462733,4.75,2.6166866,0.608726
1029,688087,5.803419,5.59375,0.5533202,0.25654957
2173,907278,2.983855,3.78125,0.8393907,0.2896349
1779,905964,-0.66431,0.12060547,0.870856,0.29901794
1149,1298141,6.252927,1.625,1.0737187,0.3760104
1808,1240153,-0.0692,-1.8046875,2.9805055,0.49132758
1007,924248,-4.907985,-4.875,1.9638529,0.4314185
1909,1240145,2.843638,1.7109375,1.7832707,0.46405008
2109,908150,4.036819,2.1875,0.9825506,0.35446626
1052,925346,3.581954,3.4375,1.0872613,0.32617038
1051,906868,0.142393,1.125,3.891765,0.64539224
1024,909257,-0.014739,-0.13769531,1.2930268,0.42487013
1029,909757,6.023498,5.9375,0.5795179,0.25855327
1401,724870,1.236485,1.7734375,1.3051032,0.42883825
2106,909975,5.510629,2.5625,2.5354567,0.49292547
1621,909755,5.495188,4.71875,1.1622119,0.3358208
1083,905986,3.173122,2.21875,1.4440895,0.40028828
1786,1298136,4.303898,2.609375,1.776999,0.47930476
1814,910781,5.749713,5.65625,0.5154365,0.24520662
2109,924239,2.14046,2.171875,1.0089484,0.3380495
1909,753622,1.776532,1.65625,2.31292,0.51636815
1615,753622,5.265819,5.5,0.51885027,0.24430507
1069,1674021,4.274757,3.59375,0.8584047,0.30510274
2499,909757,8.703099,10.375,0.8566163,0.5026131
1917,905950,0.151612,1.8125,1.361594,0.41234925
1032,906813,3.046381,0.90625,1.7876521,0.47570202
2040,1659818,0.378625,-0.4453125,1.5066075,0.3735751
1529,1298538,-0.678171,0.3671875,3.673544,0.5848731
1629,687997,4.662331,3.609375,0.95503104,0.29477417
1855,1331048,2.556392,2.078125,1.5921783,0.3750753
1086,1503367,-0.330986,-0.12207031,5.21991,0.72990596
1827,909749,3.346568,0.43359375,2.1238272,0.51539993
1131,907169,6.240521,4.3125,3.1457644,0.51857
1441,1299062,2.734389,1.765625,1.135983,0.37326777
1847,906827,4.003728,4.0,5.9583044,0.81564593
2172,1503365,3.632025,2.890625,2.8872237,0.5379412
1054,924189,4.571739,2.828125,1.3223131,0.36319995
1629,753620,4.306605,3.359375,0.99926674,0.2983621
1043,910781,5.052845,5.0,0.3711211,0.2092534
1558,909699,2.283141,3.5,2.130064,0.471712
1016,924189,3.185445,0.20605469,2.2953875,0.47003117
2110,907291,3.607494,4.0625,0.900156,0.29010135
1057,1331048,-2.62029,-3.796875,0.80152047,0.23707761
1057,906868,-2.540154,-2.453125,1.4158323,0.36197
1561,909785,-3.998123,0.33203125,2.1365566,0.43095836
1199,910911,4.115799,4.03125,1.624496,0.37633932
1083,724859,3.365211,2.109375,1.3368101,0.39355713
1835,908121,3.072582,4.5,1.147925,0.34113857
1808,905986,-1.245719,-1.2734375,2.7859147,0.50507194
1853,906827,4.384457,4.6875,0.9814915,0.32407585
1615,1299062,6.072955,5.15625,0.42467842,0.20151177
1512,713880,4.231071,4.9375,0.37516657,0.1998895
1817,910911,-5.574398,-5.125,0.76646024,0.2737768
1250,906836,-3.444707,1.203125,2.988014,0.54171145
1632,1503367,4.386479,4.65625,1.3904128,0.37844583
1909,724859,4.011616,1.03125,1.7087758,0.4506535
1237,946359,5.712267,4.8125,0.41303313,0.2026529
1168,949179,3.221103,1.9140625,1.3829539,0.40523908
2043,688013,5.054667,4.5,0.4706071,0.20996247
1010,1298141,4.383298,3.375,1.2094276,0.4152702
1033,905968,5.308033,4.25,0.65383047,0.23470779
1558,1240198,3.050308,3.078125,1.6829296,0.44783494
1706,907795,2.066246,1.34375,3.9320343,0.6443548
1563,907278,4.910627,5.25,0.46309265,0.22201192
1199,687568,4.205572,4.0,1.534633,0.38384435
2046,1240184,3.484968,3.078125,3.0943387,0.54990417
2096,1240145,0.737244,2.375,1.4830532,0.42260098
1089,906849,3.57844,4.03125,2.7923863,0.50967646
1042,925346,4.308383,5.125,0.43813995,0.20630193
1200,907291,2.378563,3.046875,1.2615256,0.32974342
1778,713880,3.681224,2.59375,1.993145,0.454163
1941,1298358,-0.40743,-4.15625,1.9882704,0.47840077
2171,910952,2.359278,3.171875,2.9937851,0.58627486
2439,1298365,10.002899,9.1875,0.38546517,0.32659364
2043,924239,4.412936,4.5625,0.5694213,0.24077342
1553,688025,2.359439,2.40625,2.506439,0.49083757
1133,908150,5.583349,3.8125,0.8917309,0.30171224
1576,905986,2.531761,2.328125,0.9731115,0.34932122
1933,1240144,5.118463,5.0,1.0821098,0.33559468
1017,1503365,6.154246,5.125,0.8699966,0.30922285
1511,1298136,1.019493,-0.9921875,2.2069147,0.53100914
1006,910933,0.665129,1.96875,3.5379336,0.66378456
1021,1240223,3.696998,3.421875,1.5147673,0.41417092
1919,1298365,1.982675,0.3671875,0.85765797,0.33863115
1083,907169,2.54862,2.1875,1.6149826,0.4110719
2044,1240182,4.761584,3.03125,1.2705364,0.37229803
1088,909749,5.047595,1.515625,3.2130117,0.51740927
1034,907299,-3.792408,-3.4375,1.2080445,0.33639637
1615,905964,3.901306,4.03125,0.45777082,0.21224762
2045,687455,5.261299,5.1875,1.2158387,0.36995775
1809,724831,0.597073,0.09667969,2.348345,0.4997802
1168,749716,2.712136,2.5,1.5484352,0.43919578
1030,1240160,6.365752,5.21875,0.9266803,0.32451838
2037,749710,4.402221,3.890625,1.6763431,0.4460822
1401,908127,1.290936,2.046875,1.426314,0.44446123
1582,1240198,5.284287,4.625,0.64119905,0.28754222
1629,688121,4.941157,4.03125,1.1402572,0.31177157
2111,908150,4.942632,3.28125,1.9669865,0.41861856
1017,910933,3.087854,4.4375,0.89370984,0.29798058
2038,908465,4.598504,4.375,1.4451907,0.38457152
1249,910781,1.971224,2.796875,1.2392417,0.37176335
1168,1240192,2.374071,3.0,1.2640737,0.42560455
1913,905972,5.486315,5.0625,0.5260382,0.24578716
1033,687802,5.869718,6.1875,0.9624832,0.37620184
1855,1240127,4.043122,4.875,1.7057952,0.413954
1908,753540,1.645326,3.328125,2.2181523,0.5359939
1259,753620,0.071051,1.2578125,4.38536,0.6483834
1620,1330947,4.158413,3.984375,0.53703797,0.21747504
2170,687780,2.681273,4.75,2.7008612,0.52508223
1778,907169,4.185092,3.015625,1.8932554,0.43497702
1025,909731,5.072926,5.46875,0.71622527,0.30130833
1057,1240182,1.360084,-2.078125,1.6403816,0.4049888
2177,946354,2.494811,1.65625,0.5265853,0.279844
1175,905982,3.794167,4.4375,0.99190384,0.30039117
1131,1240172,5.594539,4.8125,3.0553732,0.53249997
1013,1659818,2.383723,2.0625,1.4177502,0.37057814
1922,906849,1.950735,1.7890625,1.7851233,0.45437887
1931,1290797,5.336744,5.6875,0.74196684,0.2785763
1083,1298141,6.51319,3.015625,1.3318039,0.40524387
2045,753575,6.108007,5.09375,0.85339177,0.28315407
1073,909724,3.978973,4.09375,2.1567862,0.43180272
2171,1298168,5.014627,1.609375,2.0205789,0.49457052
1010,1240127,4.351035,2.71875,1.2522693,0.40357998
1006,907169,1.689471,1.6640625,4.00667,0.685138
1593,909785,-0.043746,-0.4375,1.2856337,0.3243834
1631,910911,3.882963,3.40625,2.1173904,0.4270924
1036,907291,4.639662,4.0625,1.6326467,0.37980646
1037,753608,2.470236,3.03125,1.4577284,0.4077917
1843,905972,-1.657931,-1.5390625,3.788536,0.6100892
1922,1240182,5.318083,2.015625,1.4775864,0.42894205
1613,905972,5.238688,3.28125,2.3059063,0.47218516
2040,688013,1.109154,-0.016601562,1.4651182,0.37292594
1799,1240186,5.496477,3.96875,2.522873,0.49768376
1021,906813,4.979041,2.671875,1.7129952,0.40523908
1014,909745,3.41788,1.734375,2.5406418,0.5282619
1049,905982,3.003284,3.75,1.0237206,0.3299236
2010,687505,3.962759,3.265625,2.4891741,0.46058404
1855,910911,5.334245,5.0,1.7450881,0.39278132
1786,1330935,2.75114,2.296875,1.7829217,0.42178142
1020,949179,5.628148,5.03125,0.59562016,0.24677359
1816,1298136,6.166891,3.59375,1.3642906,0.37816876
1720,908465,6.593094,4.4375,3.6821785,0.5929618
1083,713880,1.64514,1.8359375,1.7154555,0.4253606
1613,910903,4.016419,3.203125,2.572319,0.49649647
1634,908150,3.360913,4.5,0.7746997,0.2865331
1378,1503365,6.554994,3.75,2.3721154,0.5128591
2159,906746,4.515551,3.375,1.7258949,0.4152702
2174,910899,1.76196,1.0546875,1.7087055,0.42925072
1930,905964,0.202464,-0.734375,0.8518173,0.2679939
1011,753622,2.757694,1.78125,2.5587678,0.5320307
1799,753554,4.435306,4.375,2.4439394,0.50427574
1924,909907,4.98169,3.671875,2.4714296,0.48047778
2158,687997,6.078675,3.125,1.4366021,0.36089453
1996,687455,5.424294,4.0,1.6965275,0.45348853
1926,687596,1.716799,0.58984375,1.7517179,0.54067475
2010,909720,3.744159,3.953125,1.49108,0.3897454
1061,909757,4.92066,4.75,1.1696385,0.33484042
1849,1298350,-0.61429,-0.75390625,1.2047849,0.39205223
1997,907175,4.468655,2.140625,2.3790047,0.46250916
1030,907271,5.132743,5.5625,0.56776655,0.270797
2045,907794,5.294943,5.125,0.8657317,0.28865212
1560,688025,3.76328,2.703125,1.6586789,0.40252
1079,1298168,-0.580273,0.55859375,2.0081024,0.51113516
1084,909747,-2.586288,-3.796875,1.7506264,0.36967424
1634,905968,3.929275,3.5625,0.85275024,0.28294122
1133,909755,4.425081,3.953125,0.9681918,0.31202784
1060,906813,-3.525075,0.75,3.0766518,0.6159659
1634,908465,5.433473,4.75,0.87985814,0.32869834
1190,1331048,-4.75536,-4.1875,3.0535483,0.5689304
1617,907318,1.931764,-0.9921875,3.2688258,0.49313766
1463,910851,2.458888,3.5625,1.7781634,0.4224352
1625,909731,4.191764,4.8125,1.0428632,0.35112455
1005,906835,7.039862,3.296875,2.8472764,0.45851287
1062,908150,4.949815,3.59375,2.5001738,0.5198476
2498,1240160,8.948803,8.3125,0.953667,0.4287643
1237,909724,5.124714,5.125,0.31153458,0.17884484
1855,688025,2.762319,4.125,2.2826757,0.44059092
1559,1240144,-2.375451,-3.796875,1.5992719,0.3735997
1441,724870,3.17916,1.96875,1.3322546,0.43775985
1941,910851,-6.162235,-4.6875,1.262576,0.35482696
1927,906696,4.38554,5.46875,0.762836,0.29075503
2438,1299062,8.526048,10.3125,0.8104255,0.559337
1996,908465,5.196298,3.9375,1.4621619,0.40529782
1778,906835,5.998549,3.25,1.6358544,0.41094947
1812,909755,3.14806,2.890625,2.418912,0.49159238
1007,909747,-0.027382,-4.9375,1.7336634,0.4118634
2109,910399,0.74523,2.484375,1.0496025,0.35512725
1838,907794,4.020525,4.25,0.5183781,0.25963405
1997,907794,5.723967,3.84375,1.9265352,0.43718484
1058,906813,1.961506,0.375,1.1712824,0.40615022
1706,908121,2.624737,1.7109375,3.7565842,0.6383797
1634,908461,4.627044,4.84375,0.87418044,0.33996865
1617,906827,1.314752,1.9296875,4.839906,0.6545116
1021,909726,4.187642,2.296875,1.4221518,0.3572644
2044,906849,3.043549,2.9375,1.5430398,0.39449173
1053,909747,5.56484,1.4765625,2.001154,0.43611032
1013,906843,4.186925,2.140625,1.3024389,0.36435026
1023,1298157,3.555877,3.734375,0.72364116,0.3028815
1068,909720,1.204072,0.06933594,0.7683914,0.3553545
1037,1322212,5.282503,1.375,1.643829,0.41841435
1014,1240145,-0.289504,2.15625,2.599249,0.54887515
1617,1240192,3.62169,2.890625,4.227202,0.60172683
1060,907291,-1.437859,0.859375,3.4277568,0.6299197
1912,909745,1.811825,2.9375,1.5170984,0.40010262
1630,724859,3.404372,2.953125,1.0329055,0.3529216
1017,909699,7.09793,5.03125,1.0593069,0.3133269
1034,688013,-2.697381,-4.0625,1.1010525,0.29037935
1030,909745,4.739973,4.9375,0.5099085,0.23043108
1023,909731,3.318474,3.296875,0.86514884,0.3347653
1043,907271,6.208819,5.78125,0.51013255,0.2676311
1997,924248,4.95844,2.546875,2.9594874,0.5191234
2109,687596,2.896348,2.984375,1.431375,0.44391227
1073,907278,5.28497,4.21875,2.1248953,0.4630772
1237,753554,5.458159,5.5,0.33203065,0.2119703
1086,688087,-1.795266,-2.265625,3.7599669,0.58551264
1014,910851,1.377225,1.65625,3.5213883,0.6299402
1924,909249,1.470568,2.328125,1.6900591,0.3866913
1617,687455,5.347867,2.046875,5.19275,0.7050575
2106,910952,0.61331,3.765625,2.1610923,0.50274
1033,753622,4.899371,5.40625,0.6350044,0.263761
2157,724831,5.153065,5.125,0.6279977,0.2615151
1072,713880,5.21077,4.4375,0.89044476,0.2954482
1853,905982,3.388135,4.6875,0.8157553,0.28708804
1011,909709,3.359305,2.390625,2.78796,0.5581679
1933,907318,2.579268,3.734375,0.90216357,0.2865734
1549,1290797,2.728717,3.609375,1.8108202,0.43756622
1073,1298141,7.700188,5.40625,1.8214629,0.4890838
2044,753620,3.46505,2.421875,1.2264123,0.34947032
1200,1298168,3.709951,2.671875,0.8412488,0.30805674
1073,908461,4.766433,5.28125,2.1229951,0.5174108
1816,925338,5.555372,3.28125,1.0712786,0.31099126
1033,906868,5.651091,5.0625,0.6326235,0.24727091
1378,1330947,-0.060901,1.4921875,2.5046484,0.48343506
1827,906843,0.585509,0.29296875,2.3265495,0.48749208
2498,1240186,7.890018,7.96875,0.590289,0.3319746
1062,753575,2.572022,3.828125,2.6097362,0.54262835
1812,907795,2.038586,2.640625,3.0945282,0.5805931
1046,907299,0.861589,1.359375,2.0296776,0.47613502
1378,905972,3.153253,3.1875,2.2150664,0.4789046
1372,687997,3.061791,-0.7421875,3.5296903,0.59247917
2109,1298168,1.149886,1.796875,0.7411083,0.3231181
1873,924239,-0.598367,0.59765625,0.8420649,0.34622893
1042,1330935,5.000814,4.59375,0.66626847,0.26173916
1014,905964,3.3025,0.7890625,3.0534678,0.5426408
1014,1298136,2.447352,2.109375,3.4080663,0.6723047
1782,910911,5.984355,5.5625,0.60810167,0.23888873
1036,1240198,4.529213,4.625,1.4372299,0.38765982
1831,905964,3.157401,2.625,0.4169104,0.2221307
1023,1298348,2.589266,3.640625,0.6422227,0.2887404
1043,1298358,6.446497,5.875,0.75553894,0.34407052
1084,907169,-1.557152,-3.421875,1.8432515,0.40169874
2173,906746,4.540946,4.3125,0.82353264,0.29416284
1073,687596,4.548298,5.65625,2.6641378,0.62497085
2359,909757,5.658778,5.65625,0.73121756,0.28294122
1058,905964,1.474084,-0.16503906,1.134874,0.3372601
1091,1303900,2.935462,1.5390625,1.2989612,0.4226984
1941,905972,-4.081141,-4.71875,1.269119,0.35831293
2038,998189,5.388323,3.9375,1.4639277,0.36615947
1593,1298365,1.83021,0.171875,1.0155149,0.35213673
1529,925338,-0.863055,-0.23046875,3.3691602,0.53641146
1855,907791,3.593193,4.21875,2.0659413,0.4362583
1563,1298537,4.279853,5.3125,0.4491599,0.21981171
1091,1298538,2.6856,1.765625,1.1132215,0.39177504
1053,909757,1.830502,2.359375,1.9314274,0.4607918
1093,907278,3.739832,3.890625,0.8364245,0.2886114
1917,1240182,2.607813,1.5,1.4653274,0.4214412
1511,906868,-1.935645,-1.921875,1.9568272,0.42307246
1511,1298348,0.281548,-1.359375,1.6767617,0.4230705
1626,998189,3.578491,1.7109375,2.6848764,0.5257811
1006,1298141,5.577494,3.171875,3.553697,0.6908845
2156,688025,2.862721,2.421875,2.4807181,0.51580226
1630,1240223,6.01963,3.640625,1.1741767,0.38581768
1378,909731,1.633318,2.890625,2.950192,0.5819804
1026,1240186,0.799143,-0.58984375,2.2293417,0.5059001
1576,925338,3.047947,2.296875,1.0121396,0.34924254
1510,907299,0.935368,3.578125,1.3608466,0.36872232
2171,1240182,2.722855,2.0,3.0955064,0.58900887
1598,1331048,3.104118,2.34375,0.66462266,0.25205222
1617,753608,1.962053,3.234375,4.6063166,0.61561435
1578,724831,5.070166,5.4375,0.39831915,0.22749385
1068,908121,0.775223,0.08886719,1.3065457,0.43775985
2172,905950,3.317415,2.171875,3.1521394,0.56388545
1997,907169,4.080045,3.296875,2.2421737,0.4455809
1026,907278,1.725629,-0.5546875,2.3877788,0.4926877
1624,907291,3.598028,2.203125,3.749263,0.5870444
1025,907299,5.688672,5.09375,0.5606305,0.25465557
1033,949179,4.60207,4.71875,0.70193905,0.24949016
1093,909785,3.28718,2.765625,0.6730658,0.24281609
1023,924239,2.75184,2.859375,0.7213855,0.28918144
1024,1330947,-4.991305,-1.7109375,1.510204,0.36492535
1814,1240127,6.842764,6.09375,0.63003236,0.27893907
1617,906813,1.803254,0.9453125,4.7022038,0.61448616
1372,749716,1.552342,-0.072265625,3.44395,0.6328955
1813,713880,5.455062,4.3125,2.5047588,0.5129045
1632,724831,2.805398,3.953125,0.9278869,0.3281697
2159,907169,3.887532,3.0,1.8324374,0.4090986
1058,909749,1.163838,0.45703125,1.0264934,0.39520228
1634,909745,4.664613,4.34375,0.69525117,0.27174994
1053,1290797,1.849071,2.15625,1.7485938,0.431705
2170,946354,1.318003,3.6875,1.9616004,0.41422498
1168,1298136,3.839695,2.40625,1.4743437,0.4705871
1582,713880,3.920415,4.0,0.71073705,0.28204402
1594,907274,0.663978,2.203125,2.2311854,0.49410573
1133,906842,1.455503,1.8671875,0.7987476,0.2663183
1631,907169,2.352252,3.03125,2.227846,0.43948418
1199,906696,3.420639,4.28125,1.7071201,0.4160548
2045,1240127,5.211546,4.875,0.8609988,0.2842907
1631,924100,1.882161,3.328125,2.544062,0.50186366
1177,1298365,5.051175,2.578125,1.4372098,0.37734348
1830,1503367,2.51204,3.359375,0.9779709,0.40415794
1786,687802,4.068397,3.390625,2.105112,0.5219789
1005,1290797,4.736378,3.1875,3.050222,0.48563263
1053,687819,2.918787,1.546875,1.854967,0.43152535
1062,1240184,1.090931,3.84375,2.9206963,0.5847425
1782,1299062,6.169429,5.3125,0.53591174,0.22951272
1046,910399,1.17889,2.140625,2.0258944,0.46738353
1048,925338,4.45071,4.53125,0.60857457,0.24769726
1091,1240160,3.433109,2.078125,1.9027126,0.4800811
1512,924100,6.1948,5.5,0.4105043,0.22500095
1594,905968,2.346748,1.4140625,1.7417552,0.4068847
1933,906836,1.64931,3.828125,1.5428337,0.37122354
1618,909785,2.467663,2.34375,1.032626,0.2862344
1192,924189,2.23151,1.796875,1.8857014,0.4696073
1932,687802,2.757512,3.796875,2.8241968,0.5530643
1908,1240144,3.552487,2.421875,1.9422807,0.4575502
1511,906842,-4.531555,-3.96875,1.2482544,0.27203137
1131,910952,2.074702,5.65625,2.793511,0.547055
2359,687568,6.336891,5.5,0.63974375,0.26170853
1802,724870,3.604709,3.765625,0.5651444,0.28746623
2048,909249,-5.12228,-5.25,1.2019075,0.31137982
1563,910780,5.508928,4.71875,0.3782518,0.1909203
1862,910780,-1.0561,-1.7265625,0.26084992,0.17542848
2011,907271,5.192013,5.125,1.0094225,0.32531562
1853,925338,1.958325,4.4375,0.8001073,0.28019318
1932,910952,2.553761,3.484375,2.3290317,0.48801216
1068,1298168,0.756506,-0.30078125,0.8095137,0.3431675
1034,688121,-1.969581,-3.375,1.3336551,0.3439847
1919,910911,0.418369,1.234375,1.2250838,0.39673224
2109,687590,3.338924,2.0625,1.1039749,0.37535855
1855,1503367,5.178109,5.875,2.0748422,0.49084035
2040,909975,3.135947,0.28125,1.8898546,0.4508735
2038,909745,5.287266,3.921875,1.1450233,0.32327676
1845,908127,0.087342,2.40625,3.932884,0.60913366
2498,908121,6.883694,8.4375,0.6113357,0.34469628
1916,949090,3.008104,2.453125,1.9192687,0.49944004
1720,910781,3.03482,3.296875,2.902491,0.4994551
2044,1659818,2.259703,2.5,1.1711925,0.33066514
2044,949179,2.707818,2.90625,1.3610268,0.36545137
1004,1303900,-3.471361,-4.84375,1.9173725,0.4246105
1248,925338,-4.599352,-4.75,2.4003565,0.5678465
1013,907318,2.631083,2.03125,0.91311157,0.31199062
1512,910781,4.641553,4.96875,0.30180815,0.18854447
1168,910920,2.294993,1.984375,1.4076475,0.41441163
1621,925338,5.63337,4.40625,1.0895628,0.31777897
1580,905968,5.260903,4.25,0.60455483,0.22585025
1936,910851,1.591701,2.046875,1.4888687,0.42425814
1089,1298348,6.163258,5.4375,1.619857,0.39992154
1511,925338,-0.357197,-2.125,1.7981633,0.40805364
1091,687455,2.045412,1.984375,1.503572,0.46630272
1576,687596,2.940841,3.40625,1.6351408,0.48364982
1175,905964,2.859008,2.984375,0.95629233,0.28823924
1582,1303900,4.650196,4.15625,0.7222375,0.30383763
1908,907791,3.911328,2.09375,2.3866904,0.47783107
2171,1331048,1.138328,-0.14746094,1.944282,0.41705045
2110,909785,2.685433,2.609375,0.75877744,0.2542294
1067,910399,4.596384,5.59375,0.3712358,0.19376074
1776,924100,4.871137,4.3125,1.1271693,0.3446095
2159,688087,4.062866,3.15625,1.7564387,0.42261943
2038,906836,0.867607,2.953125,1.692952,0.3857603
1038,909749,4.807248,2.640625,0.875415,0.33873773
1917,687596,2.91266,2.484375,1.947754,0.5159847
1830,905950,2.200538,2.671875,0.7301766,0.34204704
1922,688121,2.872885,1.8125,1.6510223,0.43155184
1827,907278,0.998346,0.87109375,2.5489748,0.52195877
1626,1240159,2.08763,2.375,2.206085,0.46950406
1079,906843,0.847025,0.16015625,2.8588316,0.54397476
1060,687780,1.232858,1.8203125,4.0053387,0.71180063
1706,909709,1.311081,2.375,3.4411805,0.58478117
1512,909709,5.938623,5.75,0.44088042,0.23611508
1069,687780,3.355817,4.40625,1.0570015,0.35763064
1091,924100,2.865471,1.8671875,1.5087409,0.45048144
1912,688013,2.789408,2.390625,1.7026223,0.404489
1924,906813,2.962859,3.34375,1.9035156,0.41816366
1843,907794,0.740475,-1.5390625,3.8366308,0.6250385
1919,909745,2.029277,1.0390625,0.97360796,0.36372152
1922,905972,2.83555,2.34375,1.1448603,0.38358694
1019,909699,2.286065,3.0625,1.9544098,0.47428653
1494,724870,-3.088935,-4.34375,1.9334929,0.4672088
1038,687819,5.481495,2.28125,0.9544898,0.3342571
1177,907795,3.769882,3.859375,2.402579,0.47049862
1268,749710,3.821499,4.84375,0.7689942,0.30670983
1191,1298350,-4.764441,-5.0,0.623817,0.25390115
1634,905986,5.091906,4.34375,0.7613057,0.29163375
1013,909975,4.92032,2.53125,1.6410415,0.4034062
1620,687794,5.467701,5.75,0.6387908,0.2687325
1917,1298365,3.250063,0.8046875,1.0143846,0.36595073
1080,1240184,-1.962578,-3.890625,3.235416,0.60281557
1624,1240144,2.574868,3.03125,2.8072066,0.51588106
1053,949090,1.845953,2.203125,1.9132992,0.49568105
1583,1240223,3.402897,2.46875,0.51574177,0.2893048
1936,1298348,2.911571,2.515625,1.0451467,0.37332258
1933,910903,2.229272,5.09375,1.1911148,0.34739733
2156,908127,1.839769,3.78125,1.9749552,0.5351154
1632,1503365,5.283066,4.34375,1.0435915,0.33470762
2154,924239,1.361365,1.8125,0.5657779,0.2623256
1175,906746,4.341518,4.46875,1.0595833,0.32088742
1494,925340,-0.386585,-4.125,2.4254267,0.48558632
1080,910399,-5.424894,-3.78125,3.2124333,0.56349254
1918,753620,3.29676,2.3125,1.2780663,0.37981376
1926,687997,3.222793,-0.45703125,1.3659881,0.39470184
1191,925340,-4.639559,-5.0,0.63743114,0.24915008
1038,910911,3.411512,2.921875,0.9438072,0.3338003
1625,1298538,5.666336,4.8125,0.71272254,0.27717772
1080,753612,-1.291153,-5.25,1.3619534,0.36242175
2170,906848,5.033734,2.890625,2.9732935,0.5318917
1802,910780,3.553264,2.6875,0.45732367,0.22787757
1776,1330983,3.364228,3.609375,1.0726292,0.32949814
2177,906746,2.985104,2.015625,0.5867739,0.29923812
1529,909726,-0.15761,-0.67578125,3.2332299,0.50076973
1023,688087,3.209427,3.328125,0.7627455,0.31202653
1932,1331048,3.296111,0.14355469,1.3893801,0.33861607
1909,1240153,2.295097,0.6328125,2.6068473,0.51424927
1025,1659818,4.426035,4.4375,0.53076196,0.22847083
1061,1330935,4.356497,3.5,1.3201702,0.3466144
1014,906849,5.051651,1.6875,3.874347,0.6625108
1006,908461,2.186745,2.765625,4.195473,0.76577294
1049,907791,4.396016,3.296875,1.1419989,0.33152127
1736,906827,5.775229,3.75,2.978659,0.5833127
1911,713880,-5.510786,-4.6875,1.8440752,0.40187824
1593,1240184,1.454674,1.8359375,1.9112607,0.4801354
1782,909731,4.052401,5.4375,0.8745076,0.32344836
1373,687596,3.861137,5.40625,1.7935572,0.49263662
1849,910952,0.278268,-0.09033203,1.3954446,0.4497224
1052,910933,4.543624,3.46875,1.406193,0.37588096
1549,1322212,3.813625,3.0625,1.8582605,0.45095348
1239,1298141,3.646802,2.359375,2.058467,0.5038442
1802,909720,4.139625,3.921875,0.4514959,0.24683264
1706,998189,1.393687,1.015625,3.1579697,0.5503808
1237,906849,4.429565,5.03125,0.39901188,0.21479572
1022,910920,-0.227935,-0.55859375,2.2141783,0.49033943
1621,908150,4.482122,4.59375,1.0896615,0.3238239
2010,908150,5.701723,3.515625,2.0302577,0.42540875
1831,908461,4.003056,3.96875,0.49607906,0.26773736
1175,1240127,3.751162,4.34375,0.9691476,0.30490768
2038,907795,4.468166,3.9375,1.8342599,0.41968492
1179,907066,1.247538,-0.43359375,1.5692308,0.39942637
1372,1298358,-6.574768,0.35546875,3.2744172,0.6705091
1073,907066,7.395906,4.09375,2.0810792,0.45717078
1010,909749,4.309923,2.515625,1.2243413,0.40230104
1401,1331048,1.891345,0.1015625,1.041177,0.3050902
1627,907299,2.027308,3.09375,1.7046471,0.4319942
1925,749716,5.191738,5.4375,0.6088823,0.25355497
1006,905964,2.16804,0.24121094,4.369493,0.72029805
1239,688121,2.929148,1.2890625,2.8437843,0.5488934
1936,909720,2.200145,2.546875,0.96374613,0.3654921
1825,908150,-0.719088,-1.3828125,1.7437334,0.42680797
1583,1330947,1.567264,0.99609375,0.53990865,0.23479542
1091,909731,2.501925,1.8671875,1.4926934,0.45205182
1191,1299062,-3.298776,-5.09375,0.54631275,0.2333708
1057,688087,-0.55392,-2.046875,1.6092718,0.39053014
1581,1240192,3.286612,3.109375,1.3015659,0.42560455
2047,1240145,1.654889,2.375,1.8551242,0.44827184
1200,1298157,3.418328,3.9375,1.0397098,0.32091063
1012,910851,1.721582,1.09375,0.834142,0.32934633
1026,1330947,-1.986117,-1.59375,1.9583204,0.41677424
1248,924239,-3.75648,-5.0,2.277783,0.56972194
1036,909749,4.571513,4.25,1.3607914,0.3653882
2173,925346,4.127449,4.15625,0.63861907,0.25214753
1910,905986,3.70739,1.03125,2.7170892,0.53208935
1510,924248,2.968525,3.09375,1.8263139,0.401204
1072,1240127,5.267678,4.9375,0.7457454,0.28567308
1023,909975,4.348274,3.0,0.80929387,0.29783723
2037,724859,5.105592,3.171875,1.464362,0.40221652
2109,1240184,3.609286,2.375,1.1374172,0.38863102
1799,749716,-1.84583,4.25,2.818603,0.52153987
1917,1240153,1.572442,1.1015625,1.6002831,0.41275504
1814,1330983,4.185146,5.25,0.95613974,0.33154804
1375,907318,5.563219,5.4375,0.8807554,0.3009352
1024,908127,-1.544078,0.16601562,1.7131841,0.5043617
2175,906813,3.238729,4.375,1.4528772,0.36498302
1068,907795,0.52263,-0.16699219,1.2626245,0.4148804
1736,925338,6.043944,3.40625,2.5264802,0.51735246
1088,688013,-1.746599,0.2578125,2.942434,0.43720847
2172,1240192,3.675421,2.953125,2.7571213,0.54389364
1814,1240160,6.291233,6.21875,1.1216104,0.37763816
1030,753554,4.44968,5.28125,0.57915294,0.2610529
1200,1240184,3.802396,3.703125,1.220046,0.3476562
1080,1299062,-1.365165,-4.5625,2.168537,0.45792302
2109,688121,2.418253,1.9140625,1.1951456,0.36888647
1618,909724,5.062306,3.390625,1.2424365,0.320457
2106,713880,3.720714,2.390625,2.306326,0.49083757
1564,724870,1.536181,2.5,3.1175234,0.59743327
1815,907278,5.292626,5.3125,0.46048844,0.22247408
1782,753575,6.817971,5.65625,0.6343418,0.26082012
1131,925340,3.836263,4.875,3.0472004,0.5379927
1373,1659818,1.866438,3.453125,1.3948927,0.3458745
1175,1503367,5.139848,5.3125,1.2990158,0.36506778
1706,909785,-3.27997,-1.0234375,2.1871328,0.3886819
1268,910933,2.926127,4.53125,0.71833587,0.2751733
1806,1674021,5.358601,4.8125,2.1236696,0.42517257
1061,907318,4.326201,3.484375,0.8046326,0.27091402
2177,1298168,1.756894,1.3203125,0.42775053,0.27099866
1941,925340,-3.360374,-4.59375,1.6055899,0.39984947
1073,753554,6.499622,5.03125,1.9774396,0.47377515
1816,1503367,3.70896,4.5,1.3961929,0.3633231
1199,925338,4.504233,3.65625,1.5179685,0.37154824
1814,909731,5.732175,6.15625,0.96203935,0.36668143
2156,753554,2.709161,3.453125,1.9464397,0.49111408
1812,724859,1.705042,2.328125,2.061145,0.48149613
2171,687794,0.864707,2.34375,3.5941784,0.6345633
1617,1298157,3.043568,2.390625,4.511556,0.62278146
1080,908465,-2.82989,-4.15625,2.8883271,0.5574908
1615,687455,5.013227,5.5625,0.6991888,0.30328703
2109,946354,1.33175,2.046875,0.9667583,0.3470406
1067,1330983,4.571527,4.75,0.43081054,0.21688955
1022,907271,-0.782824,0.032226562,1.4769135,0.4430631
1630,753554,3.327712,3.40625,1.131657,0.3664768
1004,908127,-4.638152,-4.3125,2.6709402,0.5230519
1845,909731,-3.426818,1.7578125,4.5472403,0.66257757
1799,910780,4.371751,2.5625,2.346059,0.44640505
1598,908121,3.892057,4.78125,1.0012573,0.33221564
1052,1298365,6.335077,2.0625,1.0296676,0.34838238
1925,1240127,4.271697,5.3125,0.47058892,0.23328277
1053,1240153,3.060701,1.40625,2.0866,0.45112973
2158,1240127,4.39796,4.0625,1.2077773,0.34257203
2038,905986,5.232399,3.9375,1.3254937,0.3543097
1804,1330935,5.465849,4.4375,3.7783496,0.68499523
1375,925340,7.939803,6.96875,1.0079718,0.3636372
1845,1240192,2.989877,2.875,3.3954377,0.54059523
1007,1240144,-5.470946,-4.5625,2.5723855,0.5227826
2154,909745,2.798532,1.9765625,0.46449602,0.25789133
2046,910851,1.998422,2.25,3.270954,0.52674
2498,1674021,7.302361,8.0625,0.60713995,0.32599443
1054,908150,4.24004,3.53125,1.1524154,0.33299008
1817,1240186,-5.144884,-5.25,0.71109885,0.26432735
1190,749716,4.161505,0.05859375,8.179702,1.0110704
1627,1330935,0.58452,2.796875,1.9171788,0.44047347
1553,910851,3.761499,2.703125,2.4622014,0.50039
1058,909755,2.776507,0.7578125,1.1012006,0.40124384
1808,1330947,-3.014855,-2.921875,1.9350789,0.36053964
1812,907269,2.322236,2.421875,2.8807836,0.52940226
1626,724859,4.983362,1.5390625,2.165639,0.4757468
1782,1330935,3.802007,4.5,0.7805968,0.28160912
1175,910952,4.031835,5.15625,1.0535678,0.3395427
1598,909749,4.470858,4.40625,0.80310255,0.29117283
1617,909975,1.03385,0.8046875,5.26052,0.66655463
1925,687819,4.91312,4.875,0.5156197,0.22480664
2043,905950,4.179905,5.3125,0.585555,0.25077325
1916,909257,2.33009,2.890625,1.4251225,0.41564742
1010,924100,4.304672,2.859375,1.6257839,0.4569008
1043,687590,5.238418,5.25,0.5121413,0.23806748
1010,910952,0.879589,3.453125,1.4855379,0.4563385
1050,906696,1.647827,2.328125,1.5324155,0.4575502
1058,906849,1.796926,0.5390625,1.4449849,0.42941839
1050,909699,5.239153,2.671875,1.8820959,0.47696355
1088,1240153,2.437723,0.54296875,3.753269,0.53185076
1049,907318,4.307284,2.796875,0.69605136,0.28186795
1924,925340,2.66892,3.875,1.7090601,0.40430817
2110,910933,4.695232,4.4375,0.7699622,0.2833624
1941,906746,-4.093369,-4.65625,1.482861,0.39282867
2157,1240127,5.420956,4.875,0.6401875,0.24647364
1919,906835,3.168035,1.078125,1.0530112,0.37800306
1079,1299062,0.071699,0.69921875,2.2432005,0.51325196
1401,909720,2.825626,1.9296875,0.9896295,0.36970684
1373,906842,2.308181,2.609375,1.1707095,0.30329734
1917,1298537,2.960076,1.3125,1.2667878,0.4043386
1131,910911,7.05675,4.75,2.9208796,0.49028668
1199,687794,4.711483,3.9375,2.0803645,0.45337266
1175,688087,3.579724,4.21875,1.0821961,0.32773557
1058,909720,0.506145,0.95703125,0.81193936,0.37261277
1068,949090,-0.062892,0.059570312,1.2264344,0.44245005
1926,1322212,0.623983,-0.31640625,1.3715558,0.4253606
1916,1240198,2.962617,2.65625,1.6433417,0.44526455
1720,907299,4.51685,3.421875,3.8349712,0.5971925
1030,724870,5.645084,5.28125,0.61088455,0.27324677
1933,687455,4.549396,5.09375,1.6562356,0.44673157
1248,687819,1.485482,-4.8125,2.657015,0.5980363
1629,907791,3.028688,3.859375,0.95404744,0.2862072
1025,1240127,6.19929,5.375,0.4946409,0.24206938
1925,1240172,5.5003,5.4375,0.5707993,0.25336227
1024,687802,3.854689,0.73046875,2.0434284,0.54868406
1034,1503367,-0.555421,-2.25,1.7288918,0.43243262
2055,1330947,-1.2484,0.48046875,1.5079256,0.383822
1621,1240223,6.281509,5.0625,1.2226769,0.37380904
1806,910780,4.895007,2.84375,2.3614366,0.43694812
1626,910899,0.945842,0.93359375,3.317838,0.5782432
1720,724831,5.647644,4.625,2.6188283,0.49134266
1560,906836,3.784069,2.5,1.6285955,0.40382293
1629,687568,5.346029,4.53125,0.872135,0.28937304
2156,1298365,3.293904,1.7890625,1.4423652,0.4451918
1557,907169,5.461744,4.78125,1.1355776,0.29419565
1057,1298350,-1.099733,-1.9296875,1.6571395,0.4236623
1463,1298537,3.217574,3.296875,1.4106406,0.3946191
2011,910920,2.486189,3.90625,1.3800932,0.33348542
1917,924239,1.144921,1.3515625,1.4518304,0.39516258
1034,906842,-4.023254,-4.96875,0.7199955,0.2243616
1557,749710,5.649204,5.375,1.0866269,0.33379808
1706,1330947,-2.54832,-0.76171875,2.4634788,0.4436322
1007,1330983,-4.392644,-5.03125,1.8150281,0.42937678
1401,906835,5.716948,1.5859375,1.199611,0.3884831
1067,909726,4.976021,5.0,0.33343366,0.1753807
1996,1240172,3.82169,3.890625,1.4535303,0.38505858
1080,908121,-1.829118,-3.765625,3.050304,0.5722958
2107,907794,6.044787,5.3125,0.6169001,0.2615151
1441,905968,0.423735,0.74609375,1.3298001,0.3933347
1006,687568,2.875351,2.1875,3.8810506,0.6897131
1593,909249,0.526057,-0.095703125,1.3709804,0.35205236
2038,909747,4.215869,3.359375,1.761324,0.38384435
1782,1240198,5.592711,5.53125,0.6542377,0.27174994
2111,906746,5.215389,3.421875,2.1451116,0.44947457
1553,687802,3.568741,4.0625,2.6941767,0.5918558
2439,906836,8.512378,9.5625,0.4053297,0.3200291
2177,907169,1.986845,1.5390625,0.56156605,0.28417814
1941,687794,-4.319579,-4.5,1.6931173,0.4126421
1849,753554,0.190063,-0.86328125,1.1002244,0.3668366
1940,1659818,2.118634,2.890625,0.8840924,0.2962163
1086,1240159,3.328543,-1.859375,3.7810357,0.5856151
1910,753540,2.880197,2.8125,2.8211465,0.5957325
1811,905968,-3.242317,-5.03125,1.2607849,0.33853528
1560,1240159,3.409565,3.640625,1.150352,0.35846728
1060,909785,2.50712,0.18164062,2.9153454,0.5215254
1847,1290797,5.099858,3.8125,6.006968,0.8059344
1085,687780,2.7938,3.03125,1.7347825,0.48529604
1133,910851,2.657204,3.609375,1.1741008,0.33456397
1057,907791,-0.847977,-2.4375,1.761415,0.38694704
1558,687568,2.594451,2.984375,1.6859711,0.43103334
1873,907066,3.694867,0.37890625,0.72969127,0.32555348
1915,906836,2.106087,1.9375,1.6588528,0.42597476
1634,1240192,3.68918,5.125,0.91142887,0.35267314
1941,687596,-3.331561,-4.1875,2.1493163,0.49380723
1511,687596,-0.47499,-0.2734375,3.1743207,0.59975445
2106,1290797,1.633573,2.9375,2.1062155,0.4702206
1620,907794,5.989617,5.75,0.5016401,0.23438732
1068,906835,1.545004,-0.28125,0.89498717,0.36242756
1932,908127,4.335619,3.046875,2.2469385,0.4936067
1804,908121,-2.076518,5.25,3.7137976,0.7016829
1559,1240182,-0.482084,-3.46875,1.8891306,0.40522042
2173,949179,5.146526,3.671875,0.9260006,0.2969931
2011,924100,5.01479,4.65625,1.4196596,0.35508707
1576,724831,2.630684,2.75,0.85797614,0.35728434
1008,908461,2.840284,0.06201172,4.503373,0.75133485
1510,687819,3.959763,3.359375,1.4165039,0.3574038
1018,910899,5.38929,4.71875,0.4302864,0.19695958
1133,1674021,3.718919,3.671875,1.0109761,0.31204185
1030,925346,4.500237,5.0625,0.44512466,0.20532686
2046,753608,2.319984,4.03125,2.5607169,0.4907285
2044,687794,3.346243,3.53125,1.4930824,0.40272474
2359,1503365,7.643525,6.0625,0.6663288,0.28756016
2039,909745,3.711617,3.0,0.7281422,0.30632165
2439,1303900,9.598505,9.75,0.41980287,0.33160967
1021,924248,2.753411,2.046875,2.1262448,0.43872344
1776,907791,4.276107,3.796875,0.96832967,0.3017463
1249,907066,4.622754,2.640625,1.5990707,0.40170887
2157,905972,5.032538,5.15625,0.61689365,0.24480386
1009,924189,5.395857,4.65625,0.5226078,0.24418433
1911,906843,-4.363536,-5.125,1.5262852,0.36881125
1815,946359,6.89166,5.21875,0.5111844,0.2161486
1922,753608,0.280988,2.859375,1.2610766,0.4064184
1939,1240184,3.988483,3.140625,1.387611,0.40851286
1855,753608,3.515424,5.90625,1.5998592,0.43152535
1838,910920,3.836814,3.515625,0.58781976,0.25628534
1819,688025,-5.035141,-4.90625,2.310381,0.4731014
1996,909699,5.682588,4.375,1.5657358,0.3933347
2177,1240182,1.551542,1.6484375,0.5844961,0.29502082
1131,909731,2.775112,4.5,3.650867,0.6204145
1558,910399,3.418917,3.203125,1.7975289,0.438089
1813,1331048,0.592454,1.84375,1.9193006,0.44279182
1918,1240198,2.882715,3.265625,1.1765785,0.39808884
2107,1240159,6.343531,5.28125,0.54909545,0.25005668
1563,1298141,7.320167,6.0,0.43868417,0.25476575
2159,1290797,2.132062,3.21875,1.7348884,0.41041833
1831,749710,4.567069,4.03125,0.5104656,0.26642957
1862,1240198,-1.777824,-1.40625,0.29335395,0.21700084
2438,909699,13.229347,10.4375,1.074361,0.6026616
1191,910911,-4.777941,-4.90625,0.6590007,0.24496159
2359,907274,5.379615,5.125,0.88175166,0.31652546
1626,908150,1.897371,1.859375,2.4415112,0.49246982
1804,687505,2.421345,4.84375,3.9555638,0.68499523
1563,924189,3.827489,5.21875,0.46872574,0.22879715
1817,1240159,-5.052781,-5.21875,0.70374924,0.27507156
1913,910933,5.710908,4.8125,0.56462586,0.24870472
1911,910933,-5.027655,-4.375,1.7994331,0.3921494
1088,1298141,7.594121,2.875,3.0613382,0.5202322
2106,687505,0.741441,2.734375,2.2761185,0.47692508
1050,687819,4.802784,1.46875,1.4748601,0.41640025
1578,906836,2.916095,4.46875,0.45879695,0.21882382
1806,909755,6.729668,5.21875,1.9779443,0.43105227
1011,1298365,4.367464,0.068847656,1.7096705,0.45088944
2039,924100,3.837528,3.140625,1.0369462,0.36493152
1564,905972,2.181991,2.703125,2.8200483,0.5290954
1617,924239,1.432423,0.42578125,4.2217827,0.60371107
1911,1240182,-2.435174,-4.46875,1.980759,0.41827062
1930,909699,1.216987,0.9375,1.4463626,0.41598678
1004,907274,-4.6967,-4.5625,2.118096,0.44381392
1634,909785,3.925918,2.90625,0.671733,0.24598178
1838,1303900,3.184392,3.671875,0.54544556,0.28176814
2010,753620,1.902868,2.203125,2.4838035,0.48288342
1058,909907,2.639197,0.92578125,1.7533407,0.4794022
1059,753554,0.251441,-0.21875,1.2817773,0.41710654
1200,906827,3.527806,3.578125,1.2427969,0.34766576
1583,906696,1.354262,2.5625,0.558857,0.2886963
1084,687802,-1.106248,-1.5859375,2.9126985,0.5964392
1191,1298168,-5.389263,-5.40625,0.4398263,0.23015267
2170,909699,6.033955,4.4375,2.361257,0.465802
1558,688087,5.654797,2.921875,1.7793256,0.44699144
1089,910920,4.471016,4.09375,2.74956,0.4823
2043,1298157,4.25097,5.46875,0.5415314,0.24222529
2159,907291,2.633606,2.765625,1.9825188,0.4219242
1072,749710,4.845149,5.34375,0.8826583,0.3364253
1779,909709,1.206433,1.2734375,1.2771728,0.44947428
1007,688121,-4.505348,-4.6875,2.6289768,0.51110697
1048,906827,5.17483,4.75,0.7547913,0.29059637
1248,907791,-4.594702,-5.0,2.3707259,0.5728617
2499,1298168,9.925538,10.25,0.8561293,0.5253574
1096,749716,3.492793,2.40625,3.1201992,0.58134866
2439,924100,10.409836,9.875,0.4265801,0.31564978
1008,687997,0.538379,-1.515625,4.900557,0.7245562
1553,753612,3.642797,1.9765625,2.2204554,0.44788134
1915,924100,3.401229,2.5625,1.7776915,0.47305146
1180,909709,-3.8058,-2.453125,2.4211013,0.4574416
1248,1240127,-5.974908,-4.8125,2.62312,0.60266405
1017,906835,6.206197,4.5,0.8380576,0.2863463
2173,687997,5.873598,3.421875,0.82984143,0.28493515
1940,949179,2.415809,3.203125,0.98295444,0.3198658
1003,910851,-1.843373,-3.40625,1.9959315,0.40871096
2047,1503365,2.630578,2.796875,2.1910524,0.48916078
1019,907795,3.325262,2.328125,2.0147212,0.49740833
2159,998189,3.941847,3.046875,1.8093083,0.41915393
1079,687568,0.988884,0.9453125,2.5753791,0.56125087
2111,909747,7.295211,2.375,2.6356575,0.47783107
1038,924189,4.45941,2.4375,0.90228724,0.3370774
1019,905964,1.644936,1.34375,1.3669236,0.37036887
1032,909750,1.803155,1.1640625,1.561765,0.44503018
1030,687596,5.524762,5.875,0.8774232,0.36631364
1736,906868,5.395998,3.515625,2.6849103,0.5375366
1939,906836,2.506372,2.0625,1.4083703,0.37816367
1029,907278,3.974409,5.25,0.5477535,0.24313284
1060,1240182,5.985371,1.3203125,3.2720244,0.63155025
1054,687596,4.558004,4.5,1.7009605,0.4567275
1873,753620,0.174947,0.01953125,0.7750177,0.32521227
1507,910899,4.51089,4.0625,0.8374696,0.28197
1024,910399,0.519705,0.12060547,1.7708256,0.46911412
1626,906842,-0.390368,-0.53515625,2.0595253,0.37847945
1168,687780,2.549926,3.0625,1.7802769,0.4758751
2047,687455,2.734694,2.453125,2.6991007,0.5655544
1200,687802,3.374956,4.625,1.4258647,0.40819207
1911,907175,-6.814028,-5.03125,1.4542956,0.3514157
1016,1240159,1.66795,0.76953125,2.058991,0.4523184
1023,910899,4.260992,2.546875,0.844572,0.31082034
2157,1298136,6.011764,4.96875,0.85119545,0.298084
1557,906813,3.932165,4.71875,1.2216042,0.3082279
1931,946354,4.791242,5.4375,0.66216534,0.2498636
1091,906843,3.457599,1.2265625,1.174779,0.3626003
1180,907794,-3.238431,-3.625,1.4440415,0.351938
2177,910952,2.737799,2.859375,0.6460399,0.33287486
1049,1240144,5.590169,3.9375,0.9262387,0.32758677
1067,909699,6.395386,5.8125,0.42160076,0.20579425
1802,909785,3.060058,2.359375,0.47673887,0.22275244
1020,907791,5.475719,4.9375,0.5729916,0.24982035
1032,906848,1.05903,0.92578125,2.4219198,0.51950425
1050,724831,3.719038,2.125,1.0938183,0.416909
1032,906868,1.466237,1.125,1.749428,0.46344566
2439,907278,9.120603,9.5625,0.3848471,0.2997832
1073,910399,2.318082,5.15625,1.9151384,0.44000465
2158,907271,5.883506,4.75,1.1083893,0.3487151
1782,906696,5.403711,5.8125,0.71772355,0.29212224
1778,753608,3.173505,4.25,1.6455417,0.42820966
1025,909724,5.645232,4.9375,0.4963885,0.21258627
2055,1298365,2.403509,0.765625,1.0904087,0.38949
1799,1299062,6.667111,4.15625,1.9718648,0.422967
1814,1503367,3.863994,7.0625,0.9084811,0.3586978
1093,1330935,3.36599,3.515625,0.9049162,0.301717
1582,907278,3.469407,4.15625,0.69302785,0.28064355
1564,1298350,2.72666,2.515625,3.506709,0.62731427
1814,753554,6.256372,6.21875,0.710566,0.30665115
1058,1330983,0.501568,0.5546875,1.4771888,0.41134322
1815,909709,4.849154,6.34375,0.5543827,0.26509455
1502,910399,4.502165,5.0625,0.6693871,0.2629643
2177,688025,1.917973,1.484375,0.61052155,0.27589878
1191,905950,-5.121053,-5.0,0.5877105,0.23799503
1091,910920,0.9199,1.5,1.3873256,0.41228327
1583,1240160,3.081537,2.328125,0.8178447,0.31646118
1005,907278,2.595974,2.21875,2.9066243,0.47077894
1036,1298350,4.435152,4.625,1.6814924,0.42988834
1919,687455,2.784537,1.296875,1.4653207,0.45443985
1916,907318,2.582514,1.421875,1.20443,0.35458437
1810,910933,-0.993267,-1.328125,3.8116555,0.6138122
1635,724831,5.670502,5.71875,0.34659106,0.21514319
1996,998189,4.520325,3.515625,1.431092,0.3842647
1067,687780,6.12527,6.03125,0.5153808,0.25352123
1830,687505,1.696184,2.453125,0.7531504,0.34035373
1845,749710,3.137863,2.328125,3.8230097,0.58582956
1191,724831,-4.444966,-4.96875,0.45898885,0.22636352
1012,909257,1.348291,1.625,0.5792554,0.29923373
1918,909257,1.923686,3.453125,1.0773789,0.38293272
1005,905950,2.168788,3.453125,3.0503898,0.49694932
1931,909724,5.117329,5.0,0.7472613,0.24673605
1835,909785,0.43944,2.34375,0.90785545,0.25396767
1043,1298538,5.578277,5.375,0.42686978,0.22279805
1706,1298358,1.401289,2.34375,3.655889,0.6496989
1016,905986,1.6057,0.106933594,2.1969671,0.4749915
1088,906849,2.623505,1.203125,3.9545093,0.5734706
1085,1298136,2.167,2.34375,1.3708119,0.46608484
1558,724831,5.61144,3.140625,1.4188675,0.42564976
1259,688087,4.471622,2.6875,4.1764064,0.6366249
1854,1240182,5.550725,4.65625,0.7013043,0.2659634
1093,1299062,6.479094,4.3125,0.64151305,0.25201416
1782,1240172,5.947188,5.59375,0.71588975,0.27981687
1021,753575,6.301194,3.21875,1.4813277,0.39242247
1375,907269,2.694926,5.71875,1.5293931,0.42199984
1581,907322,2.931397,1.359375,1.2252126,0.3573422
1022,907274,-1.03218,-0.390625,2.1370537,0.49508116
1069,906696,4.231797,3.984375,0.8611123,0.3282131
1062,1240223,1.985745,4.09375,2.7744827,0.58587873
2439,724870,8.545974,10.0,0.5232367,0.37808293
1042,909745,5.700235,5.03125,0.4923018,0.22534654
2055,749710,5.396934,2.078125,1.5569314,0.4782697
2175,907175,3.886788,3.4375,1.4682909,0.357848
2157,1298157,5.54854,5.21875,0.6434239,0.25404462
1720,687780,6.166033,5.3125,3.7553248,0.6117927
1133,909757,5.012122,4.03125,1.032144,0.3326383
1441,905964,0.776306,0.91796875,1.3056943,0.36358827
1925,925340,5.404707,5.53125,0.5330624,0.24652296
1080,910567,-4.135784,-5.125,1.4450563,0.38110304
1058,688025,3.68303,0.3671875,1.3819122,0.40304482
1910,907794,1.524967,1.6328125,2.5955906,0.52749854
1079,753554,3.128494,1.0859375,2.7431884,0.5838116
1936,753612,3.396341,1.515625,1.2690953,0.3566591
1004,753608,-4.817076,-3.703125,3.122641,0.54422367
1054,1298136,5.135622,3.671875,1.4348465,0.4013906
1017,910851,2.786125,4.25,1.1687868,0.32249907
1023,949179,2.970641,2.796875,0.8058467,0.30408075
1630,924248,3.061973,2.546875,1.5709342,0.39986
1564,906827,3.151921,2.546875,3.432553,0.59823614
1088,906843,2.584668,-0.068359375,2.8839552,0.437327
1069,906835,6.374479,3.703125,0.7397403,0.2935535
1598,724831,4.114254,4.78125,0.7772513,0.30843908
1786,1299062,4.779224,2.578125,1.3051748,0.3736413
1930,924100,0.536238,0.2890625,1.191514,0.3915145
1003,1674021,-2.421554,-3.484375,1.9172566,0.39260054
1048,687802,6.122202,5.65625,0.97237265,0.3819902
1849,909747,1.765745,-1.3984375,1.2584755,0.3602724
1558,906836,1.965983,2.09375,2.0278523,0.45272568
1022,909785,-3.091232,-2.28125,1.388384,0.3049997
1812,907274,3.52935,2.59375,2.8366833,0.5637262
1149,909709,1.685426,1.8671875,1.572126,0.4377798
2096,906835,4.901594,2.1875,1.6665834,0.43756622
1259,1322212,0.396496,1.859375,4.347134,0.66614527
1855,907169,5.278509,4.6875,1.9475796,0.41448835
1034,910780,-3.132982,-4.59375,0.89388573,0.26689732
1449,907322,3.608563,3.859375,0.48981354,0.22594091
1803,909731,3.836252,5.125,4.382032,0.78390056
1996,688013,2.169399,2.796875,1.2561843,0.3466144
1010,753575,0.977268,2.90625,1.3187301,0.41290766
2158,905950,4.194273,4.25,1.364867,0.36483437
1933,909755,6.156485,4.9375,1.2389326,0.34818238
2096,905986,5.088804,2.09375,1.7160804,0.44656554
1830,910851,1.076202,2.40625,0.83839655,0.35997438
1093,1240144,5.64235,4.5625,0.70214397,0.2772292
1061,907063,5.080367,2.890625,0.9489424,0.2729243
1814,909785,5.317211,4.21875,0.73962355,0.25773695
1085,907269,1.99109,1.890625,1.3581657,0.39244157
2110,1240145,4.198742,4.875,0.61269104,0.24811098
1025,749710,6.544544,5.71875,0.6132525,0.29174027
1910,906868,3.920917,1.078125,2.8297775,0.53092074
1013,908465,4.668117,3.109375,1.5084403,0.4239232
1029,907791,5.486455,5.25,0.54842824,0.23667912
1618,905982,4.667504,4.0625,1.1140304,0.3249151
2439,907795,8.468679,9.9375,0.58165073,0.37704355
2170,906827,1.48031,3.953125,2.34105,0.47576857
1928,908150,3.166324,4.46875,0.9503341,0.29193062
1825,1240192,-1.24633,-0.42578125,1.8030399,0.4885349
1529,749710,4.853539,1.2109375,3.9344113,0.629967
1598,1299062,5.927972,4.5,0.669886,0.25790763
1776,753575,5.740997,4.4375,0.9076795,0.31166172
1802,753620,3.440634,2.6875,0.5369261,0.253467
1931,1503365,7.373554,6.25,0.74138176,0.30328697
1010,1503365,2.819616,3.359375,1.3273526,0.41961333
1838,906848,2.89285,3.328125,0.74006706,0.29368314
2044,907791,4.627968,2.859375,1.2154748,0.3431675
1042,688013,4.952566,4.625,0.492445,0.21415442
2011,946359,6.328123,3.40625,1.8269571,0.37129015
1919,1240172,2.545879,1.234375,1.2259132,0.40478075
1620,905986,5.968987,5.5,0.4721906,0.22233497
1706,1240223,1.609654,1.8515625,3.0503843,0.5605698
1815,907269,5.138611,5.09375,0.51642007,0.23397292
1051,753540,2.301349,2.8125,3.616418,0.69304
1561,687802,4.777756,2.78125,2.9701707,0.63710463
1625,910899,5.685786,4.03125,0.94117856,0.30332205
1564,749710,2.409386,2.828125,3.1778004,0.5920808
1012,910567,0.026008,0.33984375,0.6228146,0.267412
2177,1330947,1.160057,1.015625,0.519647,0.23725392
1580,1659818,3.166656,4.21875,0.5604266,0.2235236
1194,910851,1.711509,3.125,2.10632,0.44827184
2169,910399,3.665135,3.703125,1.0002773,0.34685302
1046,909720,2.288523,2.046875,1.3413345,0.40814385
2170,924100,2.531408,3.796875,2.4831522,0.48984814
1930,1298358,0.524487,0.77734375,1.2495303,0.4354244
1449,910851,5.095689,5.15625,0.57845956,0.23905522
2045,688013,5.077067,4.1875,0.8165089,0.25936508
1058,910911,0.530811,0.76171875,1.180874,0.41353562
1013,687568,5.014096,3.015625,1.349246,0.38986424
1401,1330947,-0.404312,0.58203125,1.3962537,0.36172938
1093,907175,3.323208,3.234375,0.8507824,0.28228828
1502,924189,4.351381,4.25,0.71076304,0.277813
2159,1659818,2.923126,2.109375,1.8260331,0.39794636
1149,909745,2.48715,0.859375,0.9381611,0.3452631
1827,905972,3.10624,0.86328125,2.06611,0.50354683
1940,925340,5.586688,3.953125,0.9026236,0.31609383
1507,910399,2.604016,5.21875,0.6803599,0.2554456
1941,687590,-2.603741,-4.65625,1.3245288,0.3540518
1005,909257,1.564546,3.9375,2.5682456,0.46560964
1079,905982,-0.272348,0.8984375,2.5049856,0.54591006
1915,910899,3.337067,1.953125,1.7092935,0.4331717
1050,1240144,2.374549,2.21875,1.2041255,0.399527
1529,925340,-0.20054,0.77734375,4.1779833,0.62391466
1634,909757,4.769188,4.71875,0.89369905,0.3176474
1010,1240184,3.975996,2.921875,1.5104148,0.44886273
1013,1298350,4.274704,3.0625,1.5804095,0.43807495
1927,907175,3.785472,4.125,0.7633072,0.25826082
1615,753554,4.256156,5.40625,0.51558834,0.24214596
2044,906827,2.87867,3.59375,1.3238103,0.37722418
1559,909709,-3.405496,-2.390625,2.9507015,0.5385728
1915,1330983,2.18949,2.296875,1.6358823,0.42759448
1177,905982,4.070887,4.03125,1.6783544,0.374699
1855,687590,5.623414,4.65625,1.9353412,0.42858976
1564,909785,3.161049,0.23730469,2.6781945,0.46676415
2499,925340,10.458706,10.375,0.8155682,0.5017486
1625,1503367,5.637302,5.65625,1.0824252,0.36266798
1594,909975,3.592813,2.015625,2.186467,0.45114955
1917,909709,3.146961,2.3125,1.617585,0.4504384
1008,907318,-3.707817,-2.578125,2.9689417,0.5276194
1042,713880,5.06881,4.8125,0.6142867,0.24500549
1131,1298537,6.669239,3.703125,3.0232432,0.5235429
1912,949090,3.917529,3.234375,2.0855641,0.51713187
1927,1240198,5.719347,5.28125,0.70263654,0.27602613
1463,908127,3.03501,4.15625,1.5333531,0.44100603
1810,925338,2.330516,-1.8984375,3.8843596,0.6081973
1811,907169,-1.78187,-4.5,1.7666259,0.38499975
2096,910911,3.260391,2.296875,1.8788325,0.45400068
1007,1240186,-1.854334,-4.6875,2.3149035,0.48132536
1614,909785,2.58439,2.0,1.5476645,0.35411096
1049,906843,3.233509,2.90625,0.9956822,0.32088742
1199,1240198,5.656137,4.03125,1.5492456,0.3960783
1802,998189,3.913479,3.515625,0.56069356,0.2646869
1061,909249,3.781675,3.046875,1.1249992,0.3118394
1033,1240145,4.818749,5.34375,0.47708,0.2112213
1806,1240192,5.329166,6.125,1.9369017,0.49301204
1736,905968,1.916147,2.578125,2.5015867,0.500834
2048,1240127,-2.413649,-4.5625,2.122523,0.43135762
1053,906813,2.675876,1.9140625,1.8352618,0.42872843
2043,910567,5.638935,4.21875,0.59272206,0.24871755
1811,907791,-2.177366,-4.8125,1.8330641,0.3901169
1375,1240192,6.469923,7.5,1.0610198,0.42749044
1924,1240182,5.310344,3.140625,1.8239506,0.42967477
1177,1331048,1.69776,1.25,1.4036028,0.34208238
1060,1298136,0.463964,1.203125,3.1065068,0.6769993
1594,909257,1.340117,2.828125,1.5136155,0.41011512
1582,724870,4.762523,4.6875,0.6313695,0.29198658
1930,905950,-0.015485,0.2578125,0.9820768,0.35783878
1030,687997,6.113228,4.34375,0.6104559,0.25292027
1243,1240144,2.254829,1.9375,0.7606149,0.34196898
1088,687590,2.441382,1.4921875,3.4620402,0.51962346
1243,906813,2.375627,1.4375,0.95600265,0.36806315
1019,1240145,2.631727,2.6875,1.2491906,0.3987218
1050,907175,1.312318,0.984375,1.3881367,0.39372897
1614,908465,4.021555,4.0625,1.958007,0.46713305
1030,687819,5.864983,4.625,0.59549016,0.23992611
1559,1330935,-3.944898,-4.28125,1.8973932,0.3915029
1853,1298538,4.297474,4.59375,0.7649737,0.28293577
1819,909907,3.938342,-4.15625,3.3677127,0.5795095
1029,924248,5.513799,5.0625,0.7079237,0.2605309
1083,908461,3.983688,2.703125,1.5331144,0.4409374
1250,907066,4.442148,1.6171875,2.5530393,0.51113516
2044,910399,3.968025,3.796875,1.1703033,0.3445375
1249,1240182,4.999597,2.84375,1.7783155,0.4390429
1817,907318,-5.344293,-5.5625,0.522428,0.2530491
1014,906868,2.8073,1.8359375,3.2030425,0.59267455
1778,1303900,4.230636,2.828125,1.931564,0.46874243
1580,910781,3.954507,4.8125,0.42105898,0.20712334
1250,1240186,3.635527,1.96875,2.7285833,0.5422438
2499,910781,9.608746,10.25,0.6862958,0.4700921
1013,909907,2.086747,2.96875,2.0454164,0.46799827
1627,687794,2.963685,3.515625,2.0396042,0.47250548
1049,1298348,5.614921,3.890625,0.9034269,0.32754642
2156,1330983,2.047128,2.53125,2.5219777,0.5409668
1088,688087,2.609596,1.7734375,3.40124,0.53255236
1084,909750,-3.391543,-3.359375,1.8688505,0.4105484
1936,908461,2.940268,2.484375,1.2824149,0.42967477
1936,1240186,2.459827,2.21875,1.3116893,0.4029344
1941,906813,-4.185164,-4.75,1.2089013,0.3397425
2438,907794,11.484771,10.4375,0.9819999,0.62372774
1811,907274,-3.546087,-4.21875,2.2884784,0.4547829
1038,687997,5.412056,2.265625,0.93129885,0.32613575
1190,907322,-4.93848,-3.203125,5.5668974,0.81506735
1020,1240223,7.252419,5.9375,0.552697,0.28477952
1924,688121,4.098601,3.125,2.139247,0.4414063
1634,688025,2.072459,3.96875,0.92876333,0.29502285
1048,908461,3.89002,4.96875,0.7055795,0.30294797
1010,1298157,3.956903,3.078125,1.2998141,0.41288757
1089,905972,4.715582,5.5625,1.8427356,0.43047437
1022,749710,-1.587209,-0.019897461,1.7524753,0.47483435
1005,688121,1.922492,2.609375,3.6694846,0.53468
1814,1330935,5.611648,5.1875,0.8879502,0.32033807
1925,910933,4.070971,5.28125,0.50984985,0.23700231
1060,1503365,-1.099051,1.5546875,2.9985147,0.62829185
1053,749716,3.34685,2.359375,2.0639122,0.46454167
1012,907169,0.722078,1.0234375,0.6753036,0.29821795
2148,910911,2.78049,1.7109375,1.1577866,0.40947926
1927,924100,6.110439,5.3125,0.82398766,0.28713536
1927,1240159,6.668642,5.3125,0.60241926,0.25086358
1593,906849,-0.624314,0.96484375,2.1084807,0.4745731
1816,906696,4.647215,3.890625,1.1507193,0.34196898
1510,1240153,4.37112,3.203125,1.6195132,0.38151467
1940,687505,3.715082,3.59375,0.9676942,0.31643042
1249,688013,2.770501,2.453125,1.49441,0.37541667
1582,909709,4.002468,5.03125,0.7580125,0.3069593
1997,909749,3.846749,3.296875,1.9622915,0.438089
2039,906813,2.791164,2.921875,0.9649651,0.3429775
1008,907278,-0.223832,-0.87109375,4.670554,0.7082494
1259,753540,5.277425,4.59375,3.6390102,0.6424785
1997,906843,2.182813,2.328125,2.1559925,0.44148695
1849,905964,-1.061003,-1.7109375,1.0923487,0.3156338
2109,1298157,3.280443,2.546875,1.0167174,0.36679235
2040,907299,-0.768297,0.33203125,1.5529468,0.43643108
2173,910567,3.872536,3.25,0.8042336,0.2915829
2038,925338,3.830038,3.859375,1.3169628,0.3396793
1511,1298350,-2.436321,-1.296875,2.2569575,0.49580765
1799,908461,-3.483345,4.625,2.5218208,0.53669965
2044,905986,2.394868,3.328125,1.1034675,0.34385732
1088,1240144,2.51709,2.40625,3.0083358,0.47628117
1401,1298157,2.775892,2.0,1.3193221,0.41507757
1268,687596,3.96463,5.125,1.0403641,0.3790769
1149,909720,1.396221,1.3671875,0.8395926,0.3452124
1084,907271,-2.8902,-2.46875,2.365361,0.5034015
1632,906842,1.259952,1.5625,0.994365,0.2743715
1939,924100,2.128767,2.953125,1.5371552,0.42029226
1067,1240186,6.15142,5.3125,0.39842427,0.20902553
1632,753620,3.160911,2.46875,1.1982088,0.3306174
1179,906868,0.372424,-0.111328125,1.5837383,0.42911497
1511,753612,1.62647,-2.984375,1.843851,0.3719176
1049,906868,1.739142,3.578125,1.1052628,0.3427751
1510,924100,3.59509,4.0625,1.5538867,0.3869735
1052,946354,0.976139,3.265625,1.3456632,0.3548902
1191,906842,-5.776654,-5.8125,0.43575227,0.22510241
1799,753608,-0.027668,5.3125,2.1777444,0.4861897
1936,1240198,2.231776,2.46875,1.2334005,0.40924037
2171,1503367,0.123863,3.3125,3.2800834,0.59068924
1449,1298537,4.65225,4.84375,0.5045354,0.23153986
1924,946354,2.573817,3.484375,1.5785328,0.3798132
1922,1298350,2.47883,2.3125,1.5069624,0.4520776
1915,909757,3.989832,2.625,1.644324,0.45371228
2438,1290797,9.024682,10.4375,0.89216095,0.6015227
2111,946354,1.96508,3.015625,2.0243423,0.41769722
1736,910903,3.561894,3.890625,2.559102,0.5321002
1033,1322212,5.389602,4.4375,0.68548757,0.26524618
1620,1240144,6.663642,5.6875,0.47238436,0.23237082
1131,1659818,2.189486,2.71875,3.47015,0.54334205
1621,1503367,5.781056,5.53125,1.4690886,0.39986
1168,907175,2.958869,1.515625,1.2048782,0.3666227
2096,909749,4.266045,2.015625,1.6978613,0.44978496
2045,1240198,6.081902,5.0625,0.9161441,0.30249897
1052,910903,1.632167,3.796875,1.4670516,0.38007107
1080,687596,-3.995556,-3.4375,3.8060303,0.6591002
1825,687590,0.604667,-1.3984375,1.948266,0.44947428
1093,749716,3.628103,4.46875,0.92331177,0.30338705
2043,749710,5.296393,5.5,0.5993761,0.2736556
1925,688121,6.357042,5.0625,0.59961563,0.24281605
1008,906836,-4.635521,-1.796875,4.5123124,0.6772606
2498,713880,6.056963,7.75,0.6256655,0.3117598
1578,753620,4.918221,4.4375,0.41087067,0.2031551
1069,687568,3.840169,3.75,0.7893192,0.30542338
1830,905972,4.160854,2.8125,0.631262,0.31944746
1018,687568,6.226917,5.59375,0.36490175,0.19492178
1617,905982,3.033861,1.546875,4.387832,0.5910209
1378,909249,4.853826,1.734375,2.4176934,0.48046145
1631,1240198,3.235199,3.5625,1.9205196,0.4449177
1583,909731,2.042212,2.21875,0.6505163,0.29700458
1819,908127,-2.890373,-4.21875,3.3325045,0.6296416
1626,907063,0.352582,-0.20898438,2.1917465,0.4027778
1855,907271,5.446267,5.53125,1.552438,0.4264084
1079,909749,-2.048034,0.62890625,2.4125054,0.5497195
1915,749710,1.860551,2.890625,1.5429846,0.45854178
1019,1331048,0.078351,0.67578125,1.1188852,0.32481143
1627,687802,4.832861,4.53125,2.0967782,0.52674
1626,946354,-0.471883,1.53125,2.500636,0.4861559
2096,1298537,3.764445,1.875,1.7672651,0.4578478
1630,925338,4.872039,3.015625,1.0881953,0.34733468
1806,908121,5.684053,5.3125,2.1589916,0.47428653
1133,906848,3.291213,2.859375,1.4363921,0.3771288
2039,906848,3.524727,2.5,1.1881931,0.36849427
1913,910851,5.01215,4.65625,0.7186579,0.2644813
1806,910952,3.645359,6.25,1.9839386,0.4733197
1580,907791,5.400733,4.5625,0.5693022,0.22706361
1561,688025,4.133876,1.234375,2.812767,0.5429066
1085,907271,3.648497,2.765625,1.0944756,0.40887538
2359,687780,4.391548,6.25,0.8913871,0.33467716
1043,905982,4.008058,5.4375,0.47285926,0.22962967
1930,998189,1.101927,-0.025634766,0.9204569,0.3404433
1190,925346,-2.798807,-1.3203125,6.6926513,0.88101465
1510,949179,2.968306,3.40625,1.54638,0.3704975
1093,910780,2.993648,3.1875,0.6555177,0.24859925
1401,906836,0.218294,1.0234375,1.6069053,0.40722433
1849,687505,-0.240843,-1.078125,1.2146504,0.37669948
1062,909720,3.971922,3.9375,1.9647548,0.48298243
2157,687780,5.518148,5.71875,0.88477135,0.3068005
1835,925338,3.781172,4.0,0.94969684,0.28760907
1093,907299,3.046503,3.90625,0.8321765,0.2987293
1939,925340,4.820704,3.203125,1.2861747,0.37865004
1047,1298348,6.63082,5.0625,1.4115448,0.37561828
1003,909975,0.590754,-3.59375,2.3153262,0.43439978
2109,724859,3.146853,1.9765625,0.94076645,0.36037987
2170,909747,4.93422,3.078125,2.563668,0.47765696
2107,1240172,5.995105,5.25,0.68639743,0.27101195
1059,909709,1.377118,0.55859375,1.7266024,0.49890122
1558,906848,1.636946,2.28125,2.509628,0.5100285
1007,925346,-3.981947,-4.6875,2.2970352,0.50868845
1910,910933,1.291928,1.3125,2.4162953,0.50629693
1036,907066,3.995851,3.859375,1.4620147,0.37213597
1259,1331048,-0.429164,-0.45703125,2.466638,0.45329466
1918,906813,2.985385,2.828125,1.3726892,0.39849052
1089,687568,4.704763,5.125,2.0016708,0.43622297
1060,688121,3.965906,1.0390625,3.5754955,0.6438882
1847,906835,6.669844,3.875,5.687661,0.77540225
1849,1330947,-2.53769,-2.0,1.0574589,0.3041346
1815,724859,4.754346,5.5,0.39347258,0.21018364
2148,1298136,2.166723,1.6953125,1.3080543,0.48139164
1067,906835,7.507687,5.40625,0.35585874,0.19305107
1617,908461,1.977603,2.1875,4.8236303,0.6658606
1021,906848,1.64985,2.09375,2.2749686,0.46584994
1026,687455,-2.219183,-0.22949219,2.5032158,0.57038903
1088,906842,-0.92398,-1.7578125,1.6651523,0.27950555
1026,906835,0.40334,-0.73046875,2.0221512,0.4886322
1558,687819,5.73284,2.328125,1.8608334,0.44021282
1133,907299,1.763651,3.296875,0.96018034,0.32487175
1578,1298538,5.847829,5.25,0.36581585,0.20050682
1024,907169,-1.164054,-0.671875,1.5518984,0.42820966
1911,907066,-2.113773,-4.84375,1.6771473,0.3744295
1133,753540,3.995314,4.9375,0.9274507,0.36250883
1939,1503365,2.51571,3.671875,1.224119,0.38328394
1576,1298358,2.906875,3.0625,1.3680582,0.4430332
2111,687997,6.141248,2.0625,2.3705223,0.47108734
1779,1240153,0.756008,0.33203125,1.1476638,0.37527946
2047,908150,0.830963,2.125,2.091869,0.46701768
1915,753620,3.065886,1.75,1.5300866,0.4127058
2047,909720,2.094389,2.5,1.6325259,0.43638065
1179,1240184,0.747895,0.50390625,1.7730956,0.4983004
1808,909709,0.56971,0.46875,3.6535597,0.617044
1180,998189,-2.158199,-3.828125,1.356132,0.33051294
1598,907274,3.807386,4.28125,1.1074798,0.35010538
2172,908465,2.270843,2.21875,3.3799317,0.5890651
1083,1240186,5.677776,2.3125,1.6353693,0.42556256
1931,1240127,6.126298,5.59375,0.68143874,0.273168
1060,925340,-0.556546,1.359375,3.190336,0.62935334
1932,906696,1.719262,3.015625,2.3306026,0.48089015
1029,909975,6.577697,5.40625,0.55287796,0.22617322
2359,749710,6.165825,5.78125,0.70843065,0.30494976
1199,1322212,4.204557,2.953125,1.6541927,0.40663904
2438,688087,7.11987,10.3125,0.88592595,0.59129804
1062,910567,5.967778,3.0,2.8466253,0.569913
1925,1322212,5.125292,4.625,0.56218684,0.25146443
1583,910781,2.276771,2.03125,0.42540324,0.24421422
1917,1331048,0.57341,-0.06689453,1.0053805,0.29877743
1578,910780,4.871046,4.1875,0.3408029,0.18488339
1086,908465,0.672878,-2.09375,4.451803,0.6648053
1933,1298365,5.573176,3.515625,1.0751873,0.33665195
1997,907322,0.598439,1.859375,2.125248,0.44531244
1043,907322,4.516927,4.15625,0.43539593,0.214728
1050,687802,2.69873,2.96875,2.0204673,0.5524405
1831,1240184,4.726622,3.90625,0.539327,0.26325947
2499,909755,9.712503,10.25,0.7545225,0.5093667
1084,924239,-4.601,-3.125,2.2669394,0.43442982
1815,688121,6.880161,5.5625,0.4765013,0.2203654
1617,1240198,2.758821,2.078125,4.0679317,0.6105626
1916,753622,3.475761,2.765625,1.8478417,0.45818678
1083,924248,1.274016,1.7265625,2.114458,0.4535534
1179,1240223,1.84801,0.421875,1.4060439,0.44448984
2171,909709,4.917618,3.015625,3.097474,0.5771146
1825,1298157,-1.066985,-0.67578125,2.0145102,0.4973562
2170,1240145,2.022357,4.25,1.5667162,0.37858096
1020,906746,5.762844,5.5625,0.5448993,0.2619039
1803,906827,5.553689,5.1875,3.9228609,0.7209051
1553,906696,3.399756,3.375,2.200874,0.49944004
1059,907299,-1.403232,-0.51171875,1.3912421,0.41933888
1199,687455,3.645349,4.09375,2.071327,0.47588915
1831,1240145,3.293287,4.09375,0.42488497,0.22463699
1919,906843,0.917877,0.4609375,1.1517146,0.35044596
1091,905972,2.16435,1.9921875,1.0678309,0.3852321
1553,753622,4.012769,3.3125,2.1749482,0.48953345
1005,905964,2.561052,0.46484375,2.5521429,0.41098583
1023,753612,3.800824,2.5,0.73538667,0.27335554
2170,949090,5.463485,3.859375,2.382379,0.5191905
1029,909907,7.059548,5.875,0.778707,0.29680428
1014,753622,2.355176,2.328125,3.4993577,0.6430778
1564,906813,-1.436634,2.015625,3.3280392,0.5655544
1622,910920,5.351721,3.796875,0.9488754,0.29996607
1808,907795,0.180617,-0.6953125,3.504307,0.5918369
1809,1298538,2.69723,0.13085938,2.9482296,0.5344988
1375,688121,6.837141,6.25,1.3100836,0.3785483
1180,1298348,-3.835343,-3.5,1.252562,0.31742615
1004,1240198,-1.634092,-4.25,2.0962982,0.4392465
1852,724870,5.18348,5.375,0.6190878,0.26581186
1782,724859,5.865333,5.21875,0.60560244,0.24900348
1809,1298358,2.882606,1.171875,3.3949797,0.6154923
1011,949090,2.645226,1.4921875,2.7372177,0.60131097
1558,949179,4.811645,2.34375,2.0734115,0.46289697
1835,1503367,4.022753,5.40625,1.2468394,0.3520227
1933,1240127,5.3586,4.78125,1.1696601,0.3443481
1046,909747,4.540148,0.89453125,2.3197129,0.47864315
1931,688087,4.748465,5.40625,0.7829039,0.29542345
1190,907169,2.33449,-1.453125,6.7970405,0.87278897
1855,907291,3.742752,4.4375,2.160035,0.43569413
2111,908121,1.835442,3.515625,2.47769,0.4960498
1779,1290797,1.110303,0.6171875,0.94374377,0.3821717
1928,687802,6.068061,5.625,1.3488437,0.41831687
1011,905986,5.186803,1.0625,2.2833776,0.49761516
1086,1240153,-0.842297,-3.203125,3.3837872,0.5387403
1786,1322212,2.553057,2.078125,1.6082239,0.41849867
1939,724870,4.291661,3.078125,1.2137842,0.39883217
2158,909749,4.336439,3.921875,1.2469183,0.3472213
1023,1240160,3.972029,3.5625,1.1694274,0.36615947
1912,905982,2.421062,3.1875,1.7498536,0.42283428
1026,724870,-1.937802,-0.421875,2.0833404,0.5349784
2107,1659818,3.815132,4.1875,0.66500735,0.24843416
1812,688121,2.931632,2.390625,2.944562,0.54112285
1852,1330935,5.050495,4.28125,0.76669437,0.27250612
1004,687568,-2.176275,-4.625,1.8772503,0.40586767
1373,687568,6.172759,4.65625,1.2057178,0.3435733
2111,687596,4.209444,4.34375,2.8691094,0.5787194
2109,907318,2.110288,1.6328125,0.67660826,0.28609625
1557,1240184,5.696019,5.21875,1.1478992,0.32408872
1817,905950,-4.299317,-5.21875,0.7222504,0.26981908
1813,687997,6.85087,4.03125,2.517659,0.5194868
1618,687802,6.33553,5.03125,1.5711538,0.44978496
1831,925340,4.99786,3.953125,0.4975882,0.24922127
1634,1240159,4.838742,4.75,0.6946497,0.28130037
2039,1298136,3.821009,3.140625,1.0274037,0.3838186
1378,909257,0.79651,3.234375,2.160175,0.49425542
1810,687780,0.142289,0.55859375,6.317247,0.8346942
1058,688087,1.403166,0.91796875,1.1919352,0.40926403
1814,905950,6.504513,6.21875,0.7265598,0.30410314
1259,907318,3.803932,0.7265625,3.2680526,0.520314
1817,905964,-5.74973,-5.65625,0.5687435,0.2518042
1067,925340,6.198821,5.5625,0.39706808,0.21047162
1803,909975,5.856583,4.59375,4.205108,0.6973556
1810,910781,-0.111652,-2.0,3.1876025,0.5416891
1634,906842,2.154184,2.65625,0.6682226,0.2434799
1594,906835,5.230174,2.421875,1.6427296,0.4090986
1068,1290797,0.97419,-0.26953125,0.9963291,0.37975097
1819,906842,-6.40293,-5.8125,0.9952122,0.32542863
1933,909249,4.30932,3.375,1.3106995,0.33956474
1854,909749,5.651161,4.875,0.62834704,0.24934894
1936,1330947,0.6097,1.2578125,1.1687974,0.33772364
1079,905964,1.922007,-0.2734375,2.643419,0.4994462
1940,1240184,4.689654,3.90625,0.98663855,0.3404433
1843,910903,-2.303684,-1.3203125,3.997372,0.62935334
1830,1298136,4.691661,2.609375,0.83961797,0.3943264
1013,688013,3.16935,2.328125,1.232422,0.34956226
1936,910911,2.65229,2.3125,1.2796478,0.38937372
1072,1240145,4.983124,5.15625,0.61747664,0.25132054
2048,1322212,-3.009049,-4.6875,1.7775222,0.39683855
1563,1299062,7.48036,5.59375,0.35654175,0.19292423
1088,724870,2.399791,2.21875,3.3405852,0.5410665
2096,907271,2.773553,2.734375,1.6798446,0.46140322
2175,924248,5.59277,3.734375,1.8113701,0.39792114
1239,905964,0.613043,0.22070312,1.9851145,0.4159497
2110,688087,5.237954,4.3125,0.82609606,0.30250797
1048,905972,5.400165,4.9375,0.61440396,0.26312828
1931,906746,5.618233,5.6875,0.79286265,0.2961985
1930,908461,1.79335,0.33984375,0.95771664,0.3724559
1248,909755,-2.942308,-4.5,2.8878,0.6004446
1799,910911,2.542171,4.28125,2.3802645,0.45942703
1029,688025,4.712768,5.28125,0.5557026,0.22732872
1060,1331048,2.320795,-0.17578125,2.168508,0.45088613
1511,687819,0.196438,-2.046875,2.0723088,0.42759448
1084,688013,-2.757333,-3.859375,1.8141747,0.36052588
2040,910780,0.314524,-0.5859375,1.2859635,0.33763337
1862,687794,-0.646029,-1.625,0.27749243,0.19665019
1618,946354,2.164982,3.796875,1.0833246,0.3144882
1177,909724,2.810612,3.265625,1.9374491,0.382198
1620,687568,6.605397,5.625,0.48666173,0.22738881
1047,910899,4.409378,3.6875,2.184133,0.43727773
1091,909724,1.569549,1.28125,1.2971703,0.38549107
1819,906696,-2.309252,-4.03125,3.2240682,0.5924878
1936,924189,3.504551,2.046875,1.2900875,0.39069396
1617,946354,3.747894,0.87890625,4.53456,0.5925784
1815,924239,4.564487,5.25,0.4657808,0.22561082
1561,907271,2.716697,2.296875,2.0541344,0.51155317
1004,907169,-5.181385,-4.71875,1.6326575,0.37510443
1811,1298136,-0.008016,-4.03125,2.3199308,0.47868812
2039,905986,3.179679,2.921875,0.77444017,0.32004648
1049,924248,3.568491,2.921875,1.5332206,0.38516644
2047,1331048,1.276864,0.46875,1.5165567,0.36028573
1373,946359,6.135615,3.65625,1.8807489,0.39408153
1853,910903,4.384436,4.875,0.83511204,0.29829895
1200,688013,3.055938,2.640625,1.039282,0.30170265
1849,724870,-1.245099,-0.71875,1.0975485,0.39792714
2110,906813,4.950305,4.1875,0.93261874,0.29911572
1615,906746,5.339777,5.375,0.53921723,0.2424296
2010,909249,1.904475,1.828125,2.1958058,0.44963962
1576,688025,1.709625,1.984375,1.32897,0.3717722
1194,909726,5.666282,2.75,1.591968,0.38141996
1029,905986,5.959249,5.65625,0.4928396,0.23445672
1180,907063,-3.993802,-5.09375,0.9070247,0.2514189
1030,907063,4.935091,3.609375,0.49535757,0.21214475
2159,687505,3.522716,3.0,1.9680504,0.4221488
1068,905968,0.52662,-1.0546875,0.9264765,0.32929748
1852,906842,3.364134,3.234375,0.59413356,0.21756564
1615,908465,6.615399,5.46875,0.55149895,0.25570512
1059,909755,2.671488,-0.33203125,1.2761731,0.41327703
1131,910899,3.982449,2.9375,3.9241483,0.61442727
1372,906696,-4.387819,-0.009765625,2.9947407,0.6086173
2047,909975,1.493275,1.796875,2.7360692,0.5097784
1068,688013,0.988237,-0.5,1.0390775,0.33325988
1932,687819,3.47765,1.8359375,2.4002864,0.47004962
1593,1240160,4.953321,1.84375,2.7474926,0.5265217
1043,909726,4.518673,4.9375,0.40395966,0.19617067
1816,753608,5.637109,4.4375,0.9992019,0.31892943
2043,907794,4.96939,5.34375,0.55648834,0.24262504
1786,688121,3.61314,2.234375,1.9534427,0.44329092
1511,908150,-0.520682,-1.875,1.8172525,0.41751528
1510,909747,4.674356,3.34375,1.6375388,0.37778807
1068,687568,-0.418421,-0.15722656,0.9544696,0.3711931
1069,1298136,5.327074,3.71875,1.0139507,0.3657942
1199,687802,3.569649,5.03125,2.2424777,0.51950425
1812,1240223,3.091584,3.359375,2.4606414,0.53199875
1598,910780,3.629353,3.453125,0.6841907,0.25305712
1057,909249,-3.591936,-3.1875,1.2482774,0.30553678
2110,753554,5.164713,4.65625,0.7712715,0.29397023
2177,908127,1.850511,2.171875,0.60045534,0.32407
1248,1240172,1.091169,-4.4375,3.116187,0.6332987
1804,905964,4.679881,3.796875,3.438368,0.61919373
2154,905986,3.539982,1.96875,0.48421466,0.2674593
1042,924189,3.749716,4.75,0.6176958,0.25527003
1622,925340,5.232041,4.625,0.922051,0.31044793
1835,908465,4.175732,4.5625,1.0921544,0.34196448
1463,687568,4.288637,3.84375,1.3960547,0.3869735
1854,1330947,2.455536,3.625,0.6349958,0.23841333
1854,1503365,6.865842,5.53125,0.62423843,0.26261044
1634,687568,4.56179,4.59375,0.7951602,0.29557437
1919,907318,0.772436,0.2578125,0.7988121,0.30294237
1852,1298365,6.161292,3.953125,0.5604268,0.24748771
1852,1240198,5.018606,5.34375,0.61921775,0.26316783
1086,687505,-3.554023,-2.703125,3.4653335,0.5486333
1168,906827,3.828996,2.46875,1.3906797,0.42517257
1776,1298348,5.545327,4.4375,0.80823916,0.30043602
1557,907278,4.470016,4.3125,1.1452342,0.30338705
1061,910911,3.598181,4.65625,1.034516,0.29753605
1593,687505,2.7688,1.3671875,1.8062638,0.4364652
2045,687802,6.527166,5.9375,1.273082,0.41028756
2039,1330947,2.333649,1.875,0.747067,0.2833185
1594,946359,2.606292,1.5390625,2.4367628,0.4669743
1825,1240223,1.530842,-0.9453125,1.8501549,0.47509897
1043,906835,7.087889,5.375,0.44406483,0.22356236
1017,749716,4.261175,4.53125,1.0912575,0.32126638
2110,1330983,4.553024,3.453125,0.9546936,0.3121793
2172,909749,3.360979,1.609375,2.802947,0.53714883
1922,687596,3.342408,2.984375,1.9986212,0.53665286
2107,908465,6.133159,5.34375,0.660419,0.28428277
1089,724870,4.145143,5.375,2.2098532,0.48159203
1808,1298538,0.658023,-0.90234375,2.8186266,0.5179797
1180,907175,-4.315018,-4.34375,1.1464529,0.2905358
1033,1298348,6.500522,5.3125,0.5577831,0.24569064
1816,1503365,5.608757,4.21875,1.0330023,0.32344338
2043,909785,3.768526,3.6875,0.48240325,0.20294191
1593,1298537,2.475493,1.0234375,1.570162,0.43324912
1051,907795,0.252526,1.40625,4.6472297,0.74410146
1919,906836,-0.097087,0.48828125,1.3692706,0.38129193
1096,910399,1.552134,2.578125,2.7064443,0.5338967
1624,946354,1.160802,2.359375,3.1539102,0.52940226
1563,907271,5.577469,6.15625,0.4316155,0.24651057
1778,907278,3.75895,2.859375,1.869279,0.4348548
1706,910851,2.174623,0.9296875,3.315355,0.54652655
1008,907794,-2.216081,-0.23144531,4.0116014,0.6817164
2096,1331048,2.966116,0.703125,1.2598479,0.335251
1827,909757,2.388272,0.9453125,2.5533874,0.55645823
1239,909785,0.430738,-0.087890625,1.8560088,0.38296375
1441,1303900,1.172824,1.546875,1.502976,0.44665205
1811,910952,-3.472915,-3.078125,3.6289365,0.62054574
1060,905972,0.450212,1.1953125,2.7292297,0.5900684
1997,905972,4.980107,3.953125,1.7759287,0.41486785
1812,909785,-0.530193,1.4140625,2.2605271,0.4394756
1812,1240198,4.307744,2.90625,2.1506722,0.50241023
1614,1299062,6.322723,3.796875,1.4159672,0.3668366
1908,909745,3.566688,2.03125,1.8099344,0.44111246
1811,753575,-0.592611,-4.3125,2.2256324,0.4455862
1632,907291,2.252243,3.171875,1.249166,0.33390704
1199,687590,4.407335,3.640625,1.7115333,0.4015027
1200,909757,4.296694,3.671875,1.2194957,0.34114733
1083,925346,3.697433,2.328125,1.1786131,0.36378363
2148,687505,0.949056,1.4609375,1.2104,0.41356772
2107,1240223,5.925069,5.5,0.6539655,0.28879493
1553,1299062,5.450566,2.921875,1.6961358,0.41160986
1507,907795,5.217815,4.90625,0.9334528,0.3097182
1786,910781,0.65975,2.28125,1.1605308,0.37042305
1088,1322212,0.553563,0.80078125,3.2823234,0.5285709
1268,906843,3.04991,3.65625,0.709723,0.2638159
1237,909975,5.801637,5.1875,0.35132685,0.19405782
1854,907274,5.378054,4.75,0.81650966,0.2931053
1939,907322,1.660257,1.6484375,1.1448044,0.34181687
1940,1298141,5.203337,4.1875,0.78622854,0.3232709
1625,907795,5.328376,4.75,1.0592924,0.33974338
1804,908465,5.50986,5.3125,4.032339,0.7565445
1022,1298538,0.10278,-0.55859375,1.5685204,0.42307246
1021,910567,1.456866,1.890625,1.5325145,0.39353248
1014,910952,1.027443,2.828125,3.4173474,0.6456718
1021,907795,2.512948,2.765625,2.0135942,0.4588226
2039,1240186,3.210339,2.984375,0.86529964,0.3331423
1830,1240184,4.21267,2.734375,0.77809894,0.3607693
1069,905964,4.018138,2.5625,0.6629786,0.2671176
1915,1240198,2.130449,2.65625,1.4107568,0.43751797
2111,910952,2.784849,4.3125,2.1482837,0.4757468
2159,909257,1.709215,3.65625,1.4552069,0.39608163
1049,753554,4.682506,3.875,1.035585,0.3452846
1085,910911,2.917462,2.390625,1.2027562,0.39520848
2170,1240182,4.027821,3.3125,2.2693074,0.47549784
1559,1298365,-1.100843,-4.28125,1.0748209,0.3164274
1005,1330935,3.05872,1.4765625,3.1005218,0.4881517
1191,909755,-4.481268,-4.96875,0.5503454,0.22513719
2498,905950,7.950907,8.25,0.64150286,0.35342783
1043,688087,5.73177,5.28125,0.52369714,0.25042135
1912,907794,0.884624,3.359375,1.7612479,0.44245005
1237,687455,4.456088,5.625,0.41743064,0.2574663
1582,909907,5.095139,4.625,0.9219329,0.32126638
1079,1674021,1.746708,0.68359375,2.60718,0.55055
2111,687590,4.238303,2.96875,2.2741494,0.45871183
1925,1299062,5.844259,5.1875,0.42582178,0.2089276
1941,998189,-2.597196,-4.6875,1.2957325,0.35267553
1168,906848,1.766813,1.9296875,1.6946317,0.43708998
2109,687794,2.948786,2.234375,1.2220572,0.3938433
1068,908465,2.01622,-0.09033203,1.0517079,0.39685482
1086,907278,-1.609348,-2.859375,3.4046402,0.53902435
1036,687802,7.619907,5.625,2.0118458,0.5189079
1553,687590,2.366656,2.75,2.1874263,0.48053306
1268,909757,5.208659,4.65625,0.7756168,0.28544337
1131,688025,6.000951,3.453125,3.7463636,0.57408446
1373,687505,4.302398,4.375,1.3751633,0.3454602
1813,687568,6.341776,5.25,1.8480222,0.45625252
1919,1303900,2.588516,0.87109375,1.2747083,0.41280267
1043,909749,5.129908,5.21875,0.45783556,0.22754586
1043,910399,4.255778,5.625,0.49962252,0.2346476
1919,1240145,2.473396,1.359375,0.99088675,0.3853557
2172,1298350,5.681785,2.234375,3.4124956,0.6064448
1061,909907,5.273024,4.53125,1.5859838,0.37998614
1622,1331048,3.309129,2.171875,0.7111454,0.2617165
1022,909747,2.05231,-1.3359375,1.7980075,0.40469235
1553,1240172,4.113567,3.09375,2.185369,0.4800811
1813,909755,6.70634,5.34375,1.8475184,0.454163
1720,909747,8.052663,2.78125,4.196795,0.59204143
1629,907278,4.493889,3.953125,0.95240957,0.298209
1054,910911,5.65804,3.6875,1.2264376,0.33381465
2043,910903,3.809263,5.375,0.546548,0.24074183
1373,905972,5.967113,4.90625,1.0805398,0.33035347
1802,687997,3.838413,2.875,0.54119104,0.2515712
1620,753622,5.312673,5.875,0.5100209,0.24076582
1060,1659818,1.488774,0.49609375,3.21928,0.58363885
1941,1298136,-4.382803,-4.28125,1.5897115,0.41552618
1831,910903,2.75265,4.0,0.5035772,0.24963589
1067,906836,4.147823,4.6875,0.42067763,0.2085405
1845,907299,0.770091,0.87109375,3.87251,0.5842099
1827,906835,2.165682,0.640625,2.0727763,0.5008653
1908,687819,4.784981,1.703125,2.376664,0.48667434
1023,907794,2.421726,3.59375,0.7401058,0.306636
1811,905964,-4.007714,-5.375,1.3008636,0.34461525
1529,905982,3.311784,0.41796875,3.5523722,0.55621606
1926,905968,-1.883746,-1.25,0.97968394,0.34307992
1847,907794,4.214146,4.21875,5.487789,0.77073723
1057,910851,-1.918895,-2.4375,1.543946,0.38617373
1928,910952,2.874115,5.28125,1.0208532,0.33543777
1013,749710,4.039349,3.3125,1.4599307,0.42381662
1029,906835,7.530316,5.75,0.46811953,0.22384526
1259,687780,2.952274,4.0,4.9029784,0.6947684
1779,1240186,1.192335,0.69921875,1.0030218,0.3803871
1930,724831,0.218691,0.13964844,0.7703123,0.34367666
2154,1240153,1.871575,1.5234375,0.61827254,0.27163887
1023,907795,3.971251,3.171875,0.89407307,0.33400878
1806,909709,6.438265,5.96875,2.0280585,0.4564718
1175,910780,2.973048,3.09375,0.93730646,0.2785473
1634,924100,4.193894,4.625,0.96386,0.32611674
1023,1659818,1.95979,2.546875,0.7331652,0.28227025
1050,1298168,6.143485,1.453125,0.95876336,0.37286296
1170,906842,2.541681,1.4296875,1.2130761,0.3087721
1067,1240198,5.510235,5.5625,0.3952155,0.21275206
1928,1331048,3.305323,1.8359375,0.93221396,0.28500584
1814,907794,6.62311,6.375,0.6740323,0.2923749
1625,908465,5.602421,5.03125,0.8664241,0.32367966
1079,909757,3.568533,1.1484375,3.0691748,0.6190739
1133,906849,5.004886,3.171875,1.2848197,0.3594214
1268,1303900,4.410878,4.125,0.80585575,0.30105248
1782,907791,4.883732,4.78125,0.706254,0.2573374
1786,753540,3.424766,3.59375,1.6155187,0.4689837
1194,753540,5.23196,4.71875,1.6363245,0.4684418
1576,1331048,2.00262,0.62890625,0.8219784,0.27140668
2171,753575,2.548546,2.5,2.781831,0.5408238
1806,688121,6.160754,4.375,2.8873942,0.5097784
2048,753554,-2.47851,-4.34375,2.3801186,0.4593989
1131,905982,3.366163,4.625,2.7024908,0.48667434
1011,1330983,-1.523708,0.5,2.911597,0.5424824
2011,724859,4.720514,4.25,1.0346937,0.301776
1030,1240144,6.597537,5.25,0.53744245,0.24918777
1583,1240192,3.487845,2.796875,0.5227738,0.2895017
1084,687794,-2.879916,-2.8125,2.5281086,0.49508116
1803,687997,6.875119,4.4375,3.6746986,0.66620386
2154,1503365,3.571714,2.703125,0.53434926,0.28988105
1593,1240153,2.476753,0.6484375,1.9415597,0.4442355
1830,687997,3.532027,2.234375,0.6837894,0.30900902
1059,906746,-0.366493,-0.13183594,1.3973297,0.43751797
1059,925346,1.376324,-0.44921875,1.0726027,0.39474046
1580,909757,4.995454,5.375,0.5813608,0.24209426
1507,907322,4.699624,3.640625,0.6988071,0.26237172
1373,909907,7.319807,4.59375,1.8482985,0.42464817
1557,1659818,4.303186,3.828125,1.1443831,0.2887439
1243,924189,2.558853,1.4609375,0.87403095,0.33991054
1563,687819,6.185734,5.25,0.43317717,0.20607373
1613,1298157,2.914053,3.421875,2.4570749,0.49560913
1006,925340,0.917482,2.59375,4.341632,0.73325145
2107,1330935,5.042488,4.375,0.72540754,0.2751043
2045,910920,3.31902,4.34375,1.0470195,0.29560712
2109,906843,2.391657,1.7890625,0.93689984,0.32487646
1038,907278,2.331643,2.609375,0.9608885,0.33649787
1804,1298537,3.758048,4.59375,3.4176843,0.63677543
1034,1240159,-3.549218,-3.1875,1.16207,0.33577976
1583,906842,0.735052,0.703125,0.44267592,0.20630604
1061,909257,1.197264,4.90625,0.95792586,0.32410896
1463,1503367,5.400552,4.625,1.8320614,0.4622548
1815,910920,6.374663,5.3125,0.5058024,0.2239378
2177,910903,1.514585,2.015625,0.52403086,0.27705547
1629,946359,3.995819,3.546875,1.3210814,0.32335678
1816,724831,4.000212,3.828125,0.93645716,0.31684512
1936,1298168,4.233418,1.7890625,0.8829213,0.3468498
2038,925346,3.377975,4.0625,1.0321369,0.30103028
1083,907269,0.985107,1.859375,1.7911807,0.4184308
1996,909249,3.425625,2.109375,1.3539599,0.355486
1802,910851,3.329597,3.578125,0.6829837,0.28441274
1736,909757,3.794136,3.828125,2.933661,0.5787194
1927,907278,4.964012,4.625,0.74082834,0.26859468
1510,908461,4.637031,4.40625,1.3196914,0.3831053
1581,907278,1.69219,2.21875,1.3880811,0.39553836
1033,687794,5.25285,5.28125,0.79634106,0.29307032
2148,924100,2.159223,1.6015625,1.3221736,0.4408389
2173,1298168,5.347905,3.390625,0.61207974,0.26960704
1199,1240127,4.180289,3.84375,1.5160041,0.384188
1051,907274,3.503478,1.4921875,4.5156507,0.73565996
1549,910567,5.112182,2.859375,1.808514,0.44076627
1911,753540,-5.123761,-2.953125,3.7439876,0.6787656
1372,687802,0.797341,0.51171875,3.442217,0.68406224
1838,909709,4.434026,4.71875,0.5801548,0.27387398
1237,909745,5.629939,5.15625,0.3051717,0.19186597
1052,907795,2.571684,3.296875,1.9524357,0.45419976
1020,1298168,6.033048,4.625,0.44314876,0.2301059
1928,909745,5.107351,4.25,0.85277355,0.27885205
1855,906868,4.489573,4.71875,1.8547139,0.41407192
2045,924248,4.496599,4.09375,1.313705,0.32858557
1025,1240184,5.485683,5.59375,0.6133651,0.27225605
1932,1240192,4.659827,3.453125,1.9977192,0.4552053
1038,1330947,1.427577,1.640625,0.8595923,0.29806957
1372,907169,-0.16447,-0.9609375,2.5554934,0.52329355
1845,724859,2.808498,1.0390625,3.171677,0.49660832
1248,909975,-4.92876,-4.75,3.2894077,0.68394876
1583,909757,2.288389,2.328125,0.58435893,0.28671315
1873,1674021,0.568424,0.1484375,0.73196036,0.34553692
1048,1330947,2.061275,3.15625,0.6449249,0.24955064
1622,909720,4.912714,4.625,0.70454156,0.286757
1912,753620,1.868978,2.109375,1.982688,0.44992745
1038,1240160,5.665872,3.03125,1.4555538,0.41094947
1053,1298136,5.484664,2.359375,1.8736039,0.47690043
1912,905968,-1.561838,2.0625,1.7977217,0.41995883
1080,925338,-2.05196,-4.625,1.9347082,0.43193096
1239,909745,1.526919,1.390625,1.8000293,0.44827184
1853,908465,6.265396,4.84375,0.91631174,0.32407585
1632,909745,4.268959,3.515625,0.9201724,0.30382907
1190,1298358,-1.212249,0.94140625,8.666621,1.0911075
1873,1290797,0.277666,0.2578125,0.6958432,0.3521285
1827,1240198,0.829555,1.0703125,2.0473912,0.5211356
2498,907322,7.354747,7.40625,0.6784669,0.3433353
1268,907794,5.53236,4.6875,0.7112459,0.27800176
1810,687505,-0.997762,-1.59375,4.4327893,0.6521837
2173,906849,4.94004,3.6875,1.0498977,0.32098526
1058,713880,0.372553,0.3046875,1.2106844,0.39975238
1463,909745,3.339284,3.625,1.1943383,0.3549316
1632,1298538,2.735671,3.640625,0.99387795,0.31876317
1940,687802,2.832906,4.71875,1.2439333,0.4250253
2438,687505,9.675458,10.25,1.0640125,0.65125585
1085,905982,3.190241,2.34375,1.1226246,0.3854655
1249,907063,2.506061,1.6328125,1.3523077,0.33971858
1560,1240192,4.17884,4.0,1.3808507,0.418181
1930,909720,1.157111,0.38671875,0.72099,0.32415378
1811,1298348,-0.84301,-4.25,1.855082,0.40427694
1029,907271,6.221698,6.1875,0.53257614,0.27229944
1051,1240144,3.66326,1.5078125,3.3032055,0.6029131
1576,753622,2.478548,2.84375,1.1090754,0.37709275
2159,909785,1.173864,1.5546875,1.5335554,0.35233563
2040,1298157,1.508614,1.015625,1.4756836,0.4576537
1072,1290797,4.471689,5.03125,0.79134846,0.28978372
1830,724831,3.625632,2.734375,0.61575115,0.3436327
1042,687802,7.029246,6.3125,0.8869753,0.36936033
1852,925340,6.217269,5.4375,0.62258697,0.25211835
1004,905950,-3.019304,-4.5625,2.108767,0.4351172
1913,1674021,5.418134,4.75,0.60232776,0.24515475
1816,909907,6.912354,3.46875,1.6472526,0.3848083
1621,909747,7.609061,4.03125,1.458747,0.36170772
1177,906843,3.588309,2.75,1.8114616,0.3916439
1838,909975,4.932254,3.734375,0.5643045,0.25112167
1030,687802,5.355364,6.125,0.86465174,0.3656083
2438,724870,9.784463,10.4375,1.1641618,0.6963254
1924,1503367,5.661672,4.625,2.0796385,0.46428716
1080,909757,-3.614621,-4.03125,3.139116,0.5729629
1029,908150,5.837208,5.71875,0.48606274,0.2300466
2171,910851,-0.004898,1.9921875,3.2073104,0.56626064
1494,1298348,-2.003478,-4.125,1.8422836,0.4180658
1631,1330947,0.325814,1.203125,2.040973,0.42436844
1706,687568,2.328703,1.3671875,3.039855,0.54022163
2040,753608,0.812808,1.3671875,1.4679108,0.4552431
1079,924239,1.759058,0.7890625,3.141155,0.58934116
1024,1503367,-0.733756,0.7109375,2.104113,0.52173126
2177,907791,2.480611,1.921875,0.63977396,0.27399337
2157,1298365,5.870666,3.5625,0.62195885,0.25443307
1912,753612,2.143164,2.0625,1.9567803,0.41973135
1199,753575,3.943926,4.15625,1.5632555,0.38930672
1786,1240223,3.49103,2.90625,1.5744988,0.43844047
1043,1298168,6.107883,4.5625,0.38998148,0.21819778
2048,1240153,-4.017761,-4.78125,1.8529801,0.38528013
1249,1298350,3.675836,3.328125,1.8781023,0.4656901
1927,909785,3.239429,3.5625,0.62011576,0.22935815
1200,1298350,3.030673,3.625,1.2066057,0.35522488
1042,724870,5.644105,5.4375,0.58947325,0.2691343
2057,753554,4.5959,4.875,0.83747125,0.30212724
1928,910781,3.809061,4.0,0.7737505,0.2736556
1626,907795,2.017113,1.859375,3.2855215,0.5996853
2109,909785,1.737379,1.40625,0.8347391,0.28105065
1080,908150,-1.5107,-4.4375,2.0450969,0.44215664
1239,909720,2.598753,1.9765625,1.6145198,0.4495849
2171,1298537,2.071322,1.7265625,2.7051504,0.5415888
1088,909975,6.348748,1.3046875,4.104943,0.5507462
2011,687590,5.790448,4.25,1.2718375,0.3309628
1706,749710,5.165138,1.9609375,3.2139864,0.58267915
1736,907169,3.113045,3.390625,2.7646394,0.5414011
1494,907318,-3.190523,-5.25,1.105656,0.33643118
1073,905964,1.390813,3.078125,2.0608,0.43517265
1939,1330935,2.086835,2.15625,1.4734286,0.39208582
1810,909745,2.663921,-1.8125,3.3390536,0.5537331
1026,688121,-1.056203,-0.6640625,2.5708365,0.5224678
1811,907322,-2.445476,-5.34375,1.2720779,0.34003147
1629,908127,3.613134,4.8125,0.94689375,0.33655438
1050,1330935,3.049275,1.6015625,1.6716102,0.42925072
1024,925338,-0.366487,-0.75,1.4696765,0.42073435
1845,1240127,2.202822,1.1796875,3.8101046,0.5605698
2010,909745,5.866213,3.328125,1.7535709,0.39957306
1779,909757,0.374503,0.796875,1.0917876,0.40787116
1023,910911,3.59072,3.484375,0.7387871,0.29022765
1815,688013,4.853012,5.125,0.36708644,0.1906104
1997,907791,4.98519,2.859375,2.3060641,0.45827773
1996,906848,2.928667,2.828125,2.0739777,0.45198074
1553,1240144,3.919392,3.203125,1.8069866,0.44229022
1855,908461,2.980079,5.3125,1.8763121,0.47549784
1060,906868,3.447954,1.0234375,3.038463,0.60382533
1910,1290797,2.464964,1.2734375,2.9032793,0.54854405
1812,1298348,3.605128,3.015625,1.9095726,0.45946518
2156,909720,1.963879,3.53125,1.2981548,0.41435045
1852,909907,6.81797,5.3125,0.9128754,0.2970612
1873,1298537,0.007086,0.1484375,0.6835287,0.3405922
1084,910781,-2.741157,-3.328125,1.6727858,0.3974008
1802,908465,5.040425,3.796875,0.5730802,0.2804563
1249,1298136,4.252392,3.28125,1.9065032,0.47894022
1594,910399,1.377397,2.75,1.8464538,0.42775926
1627,906746,3.432932,3.625,1.642078,0.4216672
1620,1240192,5.889734,6.125,0.5947302,0.28881255
1930,724859,0.43292,-0.16796875,0.81660724,0.3257001
1873,908465,1.814338,0.39453125,0.7459703,0.37458915
1615,909709,4.312683,5.8125,0.6202541,0.2718132
1549,687590,4.166286,3.421875,1.9035066,0.44653705
1086,1298350,1.716726,-2.03125,4.336587,0.6610418
1736,909745,5.432445,3.4375,2.162235,0.48272717
1010,1290797,2.79799,2.734375,1.333732,0.41363028
1559,1240172,-1.055352,-3.53125,1.823185,0.39417854
1372,753612,4.040351,-1.5234375,2.8836594,0.51585704
1088,753554,0.092742,2.1875,3.4229226,0.5245211
1813,1330935,2.782263,4.0625,2.6243706,0.54567116
1912,909699,5.17813,3.84375,2.1424804,0.46690953
2109,909709,2.910319,2.765625,1.2788553,0.40042248
2043,946354,4.565618,5.0,0.49595502,0.21513034
1512,909750,5.50236,5.28125,0.3592857,0.20050682
2438,1331048,7.430714,8.375,1.7422073,1.082841
1010,949179,4.091521,2.296875,1.5521446,0.42439073
1564,910780,3.262483,0.671875,2.88592,0.5062189
1026,688013,1.356032,-1.1015625,2.215622,0.45369747
2111,1240182,5.157045,2.734375,2.304822,0.48293942
1557,910399,5.062962,5.3125,1.0204636,0.2867851
1816,753554,5.738279,3.671875,1.0474963,0.32025108
1941,724831,-4.523241,-4.71875,1.0705026,0.3500482
1086,724831,-2.079216,-2.390625,2.9978104,0.54717124
1617,910781,1.887725,0.7890625,3.8735843,0.57845753
1817,724831,-4.551024,-5.125,0.5942789,0.27132842
1012,753612,0.597747,0.41015625,0.65883434,0.2627731
1510,907271,5.285849,4.625,1.1411474,0.35054606
1915,905972,4.057452,2.734375,1.3214923,0.40788394
1913,1298537,4.660472,4.375,0.60191995,0.25712478
1933,1298168,6.54539,3.90625,0.9925139,0.3229766
1372,909755,-2.236223,-0.60546875,2.6849647,0.5456619
1047,910952,1.003504,5.6875,1.7581809,0.44167957
1053,910851,2.600778,1.9921875,1.9623116,0.43809348
2439,908461,9.677227,10.0625,0.5685546,0.39463624
1778,910920,3.333647,2.765625,1.9926368,0.4484991
1631,905968,2.351254,1.9609375,2.0637593,0.41627464
1021,907175,2.602567,1.625,1.5576932,0.3764007
1933,924189,5.133595,4.25,1.3655243,0.3683189
1862,910903,-1.499881,-1.515625,0.23777513,0.17814921
1847,905968,2.979105,2.21875,5.3448615,0.71431774
1190,909731,-0.376568,-0.055664062,8.423093,1.0571088
1630,910920,2.30556,2.75,1.2251588,0.36409083
1559,1298141,1.356374,-3.078125,2.0877962,0.44432953
1779,908127,0.844918,1.0078125,1.0130253,0.41652212
1017,753620,2.681174,3.3125,1.0394831,0.30891198
1010,925340,4.692637,2.984375,1.4038197,0.41915393
1782,925340,6.16863,5.65625,0.66889155,0.27086955
1617,909907,2.32519,1.7265625,5.5836577,0.709816
1561,907063,0.096403,0.24511719,2.0339463,0.41649535
1582,1330935,3.806917,3.859375,0.7450392,0.29268375
1507,909709,5.102961,5.4375,0.83106804,0.301312
1507,909975,5.411205,4.5625,0.8001731,0.26420686
2111,687568,5.72935,3.390625,2.0260522,0.43459025
1564,907063,-0.886646,0.19726562,2.6021428,0.4594164
1927,909726,5.655618,4.65625,0.60997695,0.22673863
1007,1674021,-4.891429,-4.65625,2.0663245,0.4432287
1614,905972,5.063722,4.15625,1.5700567,0.40139878
1632,688025,3.322322,2.953125,1.3837187,0.3476095
1168,1659818,2.416852,1.6875,1.1871423,0.35951778
2096,907274,2.507434,2.296875,2.2096348,0.5140326
1581,1240172,3.849648,2.546875,1.3593273,0.41361874
1630,905986,3.811899,3.078125,1.0706891,0.35698897
1927,906835,7.464131,5.15625,0.63007283,0.24503523
1808,1240184,0.527674,-0.30859375,3.3727205,0.6033451
1016,1298538,-0.138701,0.359375,2.158846,0.47425452
1059,688121,-1.472013,-0.48046875,1.6351447,0.4410428
1239,907169,1.327872,1.3203125,2.286379,0.49432266
1928,749716,5.197507,4.53125,1.1822405,0.3247262
1916,910899,4.645675,1.6015625,2.108347,0.4631609
2169,909724,2.386956,2.75,1.0740203,0.33468112
1831,910781,2.648674,3.4375,0.38911402,0.22830969
1168,907299,2.809516,2.0625,1.2315682,0.39883217
1190,753620,-4.088042,-2.53125,6.4054384,0.87685513
2111,925338,2.80667,2.953125,2.057282,0.4277595
1598,1240144,5.190389,4.75,0.7502536,0.28884932
1050,909257,2.003544,2.3125,1.1553677,0.40460345
2047,1298538,1.056321,2.1875,2.0670927,0.47491625
1549,907291,2.648138,3.1875,1.9870839,0.44004837
1855,1240145,3.999346,5.1875,1.284692,0.34340328
1933,1240145,5.659536,5.03125,0.9041912,0.29140177
1441,907322,2.213419,0.90234375,1.4072762,0.38130242
1632,687802,5.769357,4.78125,1.4597523,0.4277429
2038,1330935,3.546864,3.109375,1.5991689,0.3880784
1862,1322212,-0.851373,-1.8828125,0.27965942,0.18736528
1922,724831,4.479403,2.171875,1.0088136,0.39431083
1079,1331048,-1.596455,-0.93359375,1.8496999,0.39991117
1560,909257,3.289404,3.671875,1.1944779,0.38310093
1019,907299,2.80129,2.09375,1.6085999,0.44588906
1088,1290797,4.233748,1.890625,3.5397902,0.5259681
1578,946354,4.513587,5.09375,0.36259806,0.19121265
1085,1240182,3.959749,2.109375,1.2551624,0.4124284
1079,910952,-3.893999,1.7578125,2.9894876,0.6312806
1909,924189,-2.684003,0.890625,2.3259668,0.4950176
1933,906842,1.801531,2.84375,1.0915091,0.28786245
1855,1674021,4.065735,4.71875,1.8659511,0.40664563
1006,906835,3.74466,2.015625,3.9065475,0.6897131
1149,906868,1.114839,0.8359375,1.1946828,0.37767264
1831,1298537,3.424846,3.34375,0.52728105,0.26206052
1582,1503367,5.058686,5.375,0.8459693,0.3257001
2359,906868,5.858338,5.3125,0.6749668,0.26117525
1086,687997,-0.702843,-3.453125,3.2063565,0.5254357
1012,907318,2.1903,0.34375,0.42405483,0.22651994
1615,910781,3.805829,4.96875,0.4074914,0.20834517
1006,1240223,3.088391,2.859375,4.1253467,0.74290735
1910,687455,2.558981,1.6484375,3.395532,0.62829185
2046,906849,2.698561,1.8984375,3.630018,0.59486246
2177,909745,2.923191,1.6640625,0.45603263,0.2686053
2498,1659818,6.486528,7.75,0.64308417,0.3237577
1373,907063,5.770736,2.890625,1.1096194,0.29660565
1025,1503365,7.627253,5.9375,0.5612865,0.26978034
1580,1240160,3.909865,5.28125,0.8839937,0.3005635
1034,1298136,-3.131041,-2.859375,1.313841,0.38319135
1809,909755,4.139471,0.2109375,2.9815366,0.52639955
1179,909907,4.903579,0.48828125,2.569604,0.5426151
1615,909785,3.007045,3.765625,0.46613327,0.20271198
1011,1240145,3.449047,1.8515625,1.9843538,0.47543174
1050,910780,2.166651,0.96484375,1.1793116,0.35212007
1068,946359,1.496283,-0.73046875,1.2954745,0.37086433
1927,1298136,7.311339,5.25,0.87889546,0.31393826
1034,908150,-4.463867,-3.46875,1.0237545,0.3071188
1578,906868,5.467025,5.1875,0.4156438,0.2103348
1089,925338,5.991472,4.6875,2.047008,0.422374
2040,724831,1.506494,0.484375,1.0562472,0.41915393
1814,907169,6.129758,6.0,0.70524025,0.27565435
1917,909720,4.532356,2.0,0.943369,0.3631992
1149,1240145,1.192574,1.375,0.99387795,0.36576807
1018,905972,6.27316,5.75,0.34814233,0.19478841
1778,687590,4.892724,3.0,1.9021751,0.4462247
1053,1298358,2.809119,2.875,2.0614722,0.5067578
1927,1240186,4.751388,5.0,0.73511565,0.2705381
1635,1298136,5.437161,5.6875,0.3921607,0.22340174
1916,946359,3.058953,1.609375,2.353642,0.47121456
1625,688025,1.971522,4.375,0.89513016,0.28709215
2111,687794,3.483868,3.34375,2.6823223,0.5140326
1030,908150,5.215618,5.125,0.55616057,0.24186304
1561,1240223,5.095913,2.125,2.2196083,0.5295448
1862,687819,-0.537715,-1.640625,0.26302013,0.17666419
1373,1298537,5.46347,4.03125,1.3067358,0.3572905
2156,1298348,5.091798,3.484375,1.4407878,0.42416814
1915,907795,1.44667,2.359375,1.8516089,0.47969887
2359,905950,6.247463,5.5625,0.6983047,0.27851567
1401,1298537,1.66033,1.296875,1.328632,0.4120486
1017,907271,5.863735,5.0,0.82594985,0.30855924
1997,753622,3.565529,3.921875,2.132686,0.46477497
1563,906696,5.579773,6.03125,0.4712668,0.24724096
1933,906835,5.758482,4.8125,1.119662,0.32655764
2498,688013,7.150518,7.75,0.56207615,0.30570877
1005,1674021,3.3532,3.0,2.9929247,0.4765102
1021,909709,3.709568,3.6875,1.8078467,0.4387193
1006,1240159,2.946697,2.796875,3.4331696,0.64412874
1558,1330983,4.25273,2.375,1.9864249,0.45827773
1507,906849,4.500215,4.46875,0.9215167,0.29698542
2010,688121,6.330787,2.984375,2.8284752,0.50936204
1915,687568,4.01855,2.5625,1.4312797,0.42335084
2048,905972,-2.204631,-4.21875,2.3444338,0.44928062
1062,1659818,2.725273,2.75,2.7554836,0.52430975
2173,909731,3.832605,4.125,0.97637105,0.33197242
1047,910781,4.164645,4.375,1.3734461,0.3574038
1564,1240127,3.566191,2.171875,3.147446,0.57061565
1720,910903,4.36659,4.5,3.0619736,0.51713187
1932,1240144,2.812571,2.859375,1.8976159,0.42364997
1005,909745,4.457668,2.859375,2.425553,0.43105227
1018,910933,4.823134,5.53125,0.36333138,0.19209355
1806,1659818,2.97359,3.34375,2.5139127,0.4588485
1191,925338,-5.46093,-5.0625,0.5514401,0.23080641
1810,905972,-0.193226,-1.0625,4.213373,0.645648
1010,908121,3.046576,2.984375,1.6509037,0.46825975
1804,1240153,5.686095,4.40625,4.2519183,0.71370935
1133,905972,4.773687,4.125,0.8152748,0.2970612
1441,906836,-0.967445,1.15625,1.6738902,0.42419976
1051,1240184,1.764887,1.6796875,4.0766563,0.7015032
1624,1298365,3.244314,1.3984375,2.5444558,0.5171064
1007,687802,-0.824133,-3.15625,4.1942425,0.7127537
2499,753620,9.589892,10.0,0.7735121,0.4988693
1021,753540,3.521396,4.21875,1.5455993,0.4550247
1024,909907,2.387352,-0.02734375,2.403504,0.52800095
1529,925346,1.180927,0.21191406,3.0272677,0.52092636
1631,1298537,2.79683,2.671875,2.086037,0.4546088
2172,906868,2.595479,1.75,3.125626,0.5482657
1179,1290797,-0.233354,0.0031738281,1.5669992,0.44446123
1020,1298136,6.985013,5.625,0.64166814,0.28701615
1052,910851,2.034257,3.203125,1.8426288,0.41137388
1032,909724,3.283585,0.71875,1.8583091,0.45485228
1512,907291,4.793469,5.03125,0.36766922,0.195391
1084,909749,-0.15784,-3.515625,1.713689,0.4105831
1811,1330935,-2.244729,-4.96875,1.8324964,0.40256214
1911,1298141,-1.830396,-4.15625,2.348649,0.47373888
1847,687780,7.035914,4.84375,6.236974,0.8537936
1025,925340,5.432268,5.625,0.5500413,0.25372276
2044,910780,3.367667,2.34375,0.94004244,0.29860568
1776,909757,4.785321,4.40625,1.035953,0.33225778
1073,753540,3.491552,6.03125,1.9605554,0.5409689
2043,1674021,5.401861,5.09375,0.56672347,0.23066336
1177,687780,5.950209,4.9375,2.2881248,0.47212538
1582,906843,4.824179,3.71875,0.64317185,0.26783404
2158,910781,5.167965,3.671875,0.9986861,0.31571263
2045,925346,4.535718,4.90625,0.6670383,0.23591428
1854,687780,6.536187,5.6875,0.81365097,0.29944074
2170,924189,3.780338,3.09375,2.2330782,0.46431187
2037,1240159,4.575829,3.8125,1.343867,0.3811723
1558,907169,1.933459,2.703125,1.824419,0.4352622
1817,1240153,-6.073421,-5.375,0.63655263,0.24755523
1593,905950,3.221911,1.6015625,1.8241338,0.45625466
1249,1298537,2.774167,2.71875,1.6141889,0.4219242
1558,687780,2.933012,3.734375,2.407999,0.5206173
1931,906835,7.83162,5.625,0.65409136,0.2582565
1706,906746,2.430971,1.4609375,3.1602173,0.5543334
1059,907269,-2.216499,-0.40625,1.7807244,0.43774348
1051,924189,1.882573,1.0078125,4.1521215,0.68446505
1843,906746,-1.569377,-1.4296875,4.2790756,0.6592083
1131,1298538,6.070617,4.5,2.6369836,0.48459914
1626,906848,2.361533,1.1953125,3.6270049,0.6051231
1849,906696,0.931902,-0.53515625,1.206854,0.40238908
1200,907322,2.608591,1.984375,1.0965227,0.31245783
1069,910911,3.553361,3.78125,0.81796974,0.2980432
1038,687455,3.15849,2.984375,1.1354159,0.40156734
2110,907794,6.18119,4.75,0.7910896,0.29406124
1512,907175,4.63452,4.5,0.3687641,0.1924707
1089,753608,4.954228,6.40625,1.8217081,0.46369106
1803,1503365,8.03536,5.75,3.383352,0.6928159
1373,724870,4.224106,4.78125,1.2417132,0.3725048
1632,687568,5.025144,3.734375,1.0706693,0.32733575
2154,909749,3.116375,2.015625,0.5679638,0.27938733
2159,908461,3.866925,3.5625,1.7821507,0.44770116
2172,909755,4.292365,2.109375,2.945869,0.53050274
1180,749716,-4.574589,-3.015625,2.2491517,0.44368714
1776,909709,4.730465,4.8125,1.1236087,0.34846473
1622,908127,4.582251,4.75,0.9791953,0.3532558
1808,1330983,-1.385501,-1.703125,3.0355284,0.48604032
1020,909724,5.607679,5.03125,0.49528274,0.21593983
1913,1298136,5.477533,4.90625,0.72620517,0.29557437
1268,924248,3.428246,3.796875,1.0118005,0.30210444
1052,906813,3.266174,3.1875,1.6741234,0.39771855
2057,1330983,3.679573,3.796875,1.02481,0.3208783
1250,687596,3.672711,2.984375,3.638866,0.6733171
2096,753554,1.031448,2.421875,1.8050051,0.46146545
1924,1240192,4.230375,4.34375,1.613102,0.4292535
1582,910920,3.668595,3.984375,0.7205622,0.27602613
1067,910899,4.947412,4.6875,0.41759908,0.20489316
1776,910781,4.054945,3.859375,0.7142027,0.2834193
1939,1240159,4.701918,3.296875,1.0357463,0.34533837
2159,1298350,3.73235,3.359375,1.9589735,0.4614826
1776,909975,5.370714,3.890625,1.0917441,0.31693238
1042,1330947,3.722457,3.796875,0.60130125,0.23621725
2438,753554,10.342323,10.5,1.0221511,0.6651211
1813,1298136,7.665005,5.34375,2.139989,0.5171064
1812,946359,4.517668,1.9140625,3.3166525,0.5533444
1017,906813,4.48981,4.25,1.0679417,0.31293285
1849,1240184,1.140943,-0.609375,1.2663306,0.42221972
1008,925346,-1.49174,-0.65234375,3.5286894,0.6312463
1010,687568,4.427557,2.828125,1.2988496,0.40668285
1049,946354,2.043437,3.546875,0.9842412,0.3265697
1080,687819,-0.722021,-4.65625,2.1452706,0.44605452
1003,908150,-1.688794,-3.453125,1.8749418,0.39286476
1073,1240223,8.545843,5.375,2.0421858,0.5020168
1598,949090,4.075543,4.59375,0.9856203,0.35381153
1816,906842,2.592563,1.5703125,1.0036187,0.27566412
1030,906835,7.479644,5.15625,0.52846164,0.23456971
1073,1240159,7.838637,5.15625,1.6092913,0.41877642
1939,1298537,3.2141,2.53125,1.2033892,0.3786034
2159,1298365,2.824085,2.03125,1.3281837,0.39285657
1006,1240184,2.85882,2.6875,4.2560844,0.74655926
2045,909749,4.978766,4.75,0.8873574,0.2845992
1802,1298538,3.888588,3.609375,0.50275767,0.25245988
2109,907278,1.694088,2.21875,1.0814323,0.35362214
1803,910903,6.293753,5.34375,3.4073465,0.6721627
1997,925340,6.403678,3.890625,2.1470537,0.4498815
1847,1503365,6.957263,4.84375,5.3340096,0.7735214
1052,906842,0.726499,1.265625,1.2385668,0.31665048
1559,907269,-4.927141,-4.125,1.8037097,0.3779392
1079,907169,4.204445,0.6015625,2.5808656,0.54926574
1042,1240182,4.719509,4.875,0.6537175,0.26607102
1012,909726,1.525835,0.73046875,0.5617266,0.26246232
1199,909257,3.669616,4.3125,1.4135668,0.39004034
2157,905986,5.098156,4.75,0.6570727,0.24794193
1507,687568,4.518943,5.03125,0.71475035,0.2697062
1047,907299,1.591366,4.375,1.930289,0.43094432
1862,1659818,-1.942447,-1.65625,0.2714523,0.18071815
1910,905950,3.731437,1.4765625,2.9110398,0.5539088
1021,905950,2.816669,3.0625,1.6827589,0.4172532
2159,1240198,4.080224,3.390625,1.6298501,0.42038113
1375,1298365,6.851023,5.15625,1.1005363,0.35639867
1910,908465,3.083672,1.59375,3.095558,0.5848731
1013,908461,4.73953,3.203125,1.4078282,0.42433813
1928,908121,4.084181,4.6875,1.164655,0.34287462
1581,946359,3.011907,1.6796875,1.7118349,0.41900024
1401,910781,1.415877,1.3828125,1.0294241,0.35872388
1908,909731,4.16417,2.296875,2.6740854,0.5475779
1010,910399,3.142846,3.0625,1.3894267,0.41290766
1831,906696,4.367249,4.03125,0.5196726,0.26162675
1051,1503367,2.696022,2.453125,4.2045403,0.6931061
2110,906746,2.980081,4.5625,0.82180524,0.29944074
1560,909907,2.925281,3.359375,2.0781894,0.46775514
1062,909907,6.82773,3.6875,3.7356324,0.6510577
1091,1503367,4.369334,2.546875,1.6586545,0.47483435
1020,749716,2.95418,5.59375,0.610018,0.2592579
1802,906746,3.668768,3.71875,0.57210606,0.27146682
2172,924248,3.165798,1.0546875,3.9720452,0.61190903
1093,907322,3.222885,2.953125,0.74106956,0.27272925
1199,909745,3.704088,3.734375,1.2952741,0.3509554
1031,924189,-0.681018,-2.59375,4.1314626,0.6540951
2173,688087,2.750467,4.09375,0.82881314,0.2990037
1191,907291,-4.832885,-5.21875,0.6091203,0.24666499
2170,713880,4.945126,3.125,2.4375625,0.47389358
1563,925338,6.031055,5.5625,0.38378727,0.19928233
1626,1299062,2.043591,1.8671875,2.194371,0.4597961
2010,1240153,3.185452,2.578125,2.7482483,0.5016203
1190,1298136,0.099097,-0.051757812,7.366794,0.9733704
1086,910851,-3.391767,-2.515625,3.4740906,0.55311775
1625,724870,5.18292,4.96875,0.82824093,0.31887463
2057,910903,5.43877,5.03125,0.8354802,0.29548782
1004,910780,-5.047761,-5.6875,0.9619283,0.30555776
1177,905964,3.109753,2.21875,1.622579,0.36520717
1634,906813,5.064643,4.3125,0.9515106,0.30963358
1915,724870,3.025884,2.609375,1.4576205,0.45205182
1049,687568,4.903156,3.75,1.0282788,0.33787772
1936,924239,1.368173,2.09375,1.2876418,0.3790819
1378,907795,1.513227,2.640625,3.0945282,0.5805931
1578,1330983,4.309554,4.53125,0.4579705,0.2252805
2010,946359,6.650945,2.34375,3.1825087,0.5246272
2048,688025,-4.802791,-4.6875,2.1984432,0.42130342
1089,1240182,6.360284,4.3125,2.3317847,0.481134
1553,925338,4.216905,2.71875,1.9643841,0.44945782
1038,908127,0.389896,3.15625,0.96664816,0.37592936
2171,753554,0.789597,2.453125,2.9034986,0.56041914
1854,1240172,4.828645,5.125,0.69246256,0.2639322
2110,1240160,5.257328,4.625,1.3092691,0.36626098
1463,907795,4.485033,3.65625,1.8579893,0.454774
1046,907269,-0.808576,1.046875,2.429343,0.47923324
2169,905982,2.774712,3.359375,0.9836052,0.3427573
1917,687568,2.491489,1.71875,1.2463583,0.39400876
1401,906843,0.451056,1.015625,1.3473603,0.3717722
1017,909757,5.081232,4.65625,1.0003356,0.31929126
1779,687590,1.447787,0.53125,1.0040724,0.38657016
1613,1240127,3.371837,2.78125,2.6268458,0.5106927
2109,905986,2.567753,2.09375,0.9356187,0.35128418
1200,925338,2.590233,3.28125,1.0712786,0.31099126
1043,687794,4.239459,5.5,0.6430797,0.28181604
1564,1298365,4.706395,0.94140625,2.2552624,0.5034959
1557,924189,5.362244,4.3125,1.1793251,0.3152383
2170,910851,1.476067,3.609375,2.4718997,0.4703498
1249,1298358,3.715895,3.734375,2.0773854,0.51066965
1809,910920,4.16636,-0.041992188,3.3334968,0.5664818
1559,949090,1.626558,-2.96875,2.5312812,0.53871304
1593,906746,3.051439,1.6875,1.7690833,0.44636455
2438,687568,8.461126,10.4375,0.88142645,0.58978754
1038,949090,3.248523,2.84375,1.0434433,0.39571655
2171,1240192,2.764333,3.171875,2.6151092,0.5479552
1632,907269,0.987454,2.671875,1.2807271,0.3377647
1029,908121,5.382884,6.0625,0.5740463,0.2689087
1915,1503365,2.530167,3.078125,1.4478534,0.43230158
2039,906842,2.445229,1.7265625,0.6443783,0.25313976
1583,906843,3.366447,1.4140625,0.52125376,0.25641018
1631,1298348,5.16574,3.65625,1.6611114,0.4013906
1091,749716,3.199681,1.9609375,1.5048914,0.4389126
1918,907175,2.498737,2.203125,1.267635,0.37319195
2046,753612,5.094227,0.7421875,2.8919978,0.46840993
2177,1290797,1.07057,1.796875,0.53154874,0.28985038
1093,910781,4.179778,3.96875,0.60149,0.25825608
1862,724831,-1.605669,-1.546875,0.2378027,0.19711974
1558,1298348,2.992809,3.203125,1.4084707,0.40321255
1089,753540,5.642149,6.53125,1.9205441,0.53480154
1200,906836,1.528448,2.453125,1.3272858,0.34083205
1512,909257,5.144197,5.5,0.3855058,0.22881822
1024,1240192,1.542071,0.3984375,1.4848359,0.46269757
1812,687505,2.0762,2.5,2.706162,0.51492494
1776,1240159,5.373343,4.5,0.7975178,0.2935034
1598,1240182,5.395737,4.15625,0.94028795,0.3165882
1023,910851,2.966102,3.234375,0.9061297,0.3188934
1086,910781,-2.784548,-3.109375,2.5882158,0.47891018
1932,688121,4.585499,2.0625,2.75815,0.5034276
1168,687590,2.449452,2.1875,1.271862,0.40014598
1814,909747,7.8783,5.53125,0.86988324,0.30015644
1016,713880,-1.412052,-0.30859375,2.3892436,0.4783422
1917,1298157,1.215378,2.0625,1.2669004,0.4063288
1825,906696,-1.34476,-0.578125,2.077062,0.50621605
1023,1303900,2.771325,2.984375,0.78640944,0.3249929
1854,909975,6.413385,4.6875,0.68024224,0.24177848
1933,949179,3.297656,4.25,1.540349,0.36905253
1582,908465,5.6426,4.78125,0.66364086,0.2938188
1014,909731,3.06469,2.25,3.9222558,0.6924864
1621,687596,4.06474,5.4375,1.6853782,0.47803804
1025,909709,5.892778,5.9375,0.67015636,0.28921202
1618,946359,3.896503,3.046875,1.6833056,0.369788
1032,906835,3.7291,1.1328125,1.5298111,0.44827184
1560,910781,1.853881,2.921875,1.0459123,0.35387868
1018,907795,5.026188,5.625,0.45501164,0.21757734
1563,687590,4.994921,5.59375,0.44719413,0.22054663
1838,925340,4.464664,4.3125,0.49771824,0.25447702
1005,906827,3.390186,3.484375,3.2581024,0.5158244
2438,909907,12.017906,10.375,1.3267324,0.717893
1618,1322212,3.209758,3.171875,1.2511793,0.35488257
1250,688025,-0.115445,1.515625,3.2121887,0.5634497
1083,910933,2.731752,2.390625,1.4427462,0.40360045
1192,753540,3.202445,3.234375,1.8773987,0.5325025
1507,687505,5.16359,4.8125,0.77454925,0.2620645
1053,687794,2.003261,2.234375,2.1265914,0.48457047
1911,909249,-5.797988,-5.25,1.2861674,0.3346918
1626,687794,0.639432,2.046875,3.26912,0.59267455
1177,724870,4.48505,4.21875,1.7792742,0.42091855
1564,1240182,5.983126,1.984375,3.3068361,0.595507
1925,909757,5.700108,5.5,0.57128406,0.2568467
1634,910781,3.819496,4.09375,0.6077713,0.2643075
1047,907063,5.577325,2.9375,1.5498089,0.33507374
1463,908461,5.290685,4.09375,1.5060815,0.43518177
1048,1330983,4.101344,3.921875,0.74318963,0.28043756
1007,753620,-4.526295,-5.1875,1.6617392,0.40849417
1635,907271,5.257133,5.875,0.35148114,0.21929589
2172,749716,3.095587,2.265625,3.6322827,0.60236084
1873,910567,2.447547,0.36328125,0.8303824,0.33797577
1908,687997,3.655796,1.796875,2.357739,0.4755724
1563,907291,5.287097,5.5,0.43682688,0.20834517
1190,905972,-1.004775,-0.6640625,7.726612,0.9607854
1557,1240223,6.659333,5.5,1.0578204,0.3265005
2110,905964,3.827844,3.0,0.7227835,0.26599962
1494,687455,-4.357094,-3.765625,2.728348,0.530426
1012,924248,0.992726,0.39453125,0.76547545,0.28740278
2106,1330983,3.371643,2.53125,2.3919854,0.4935557
1025,909785,4.719537,3.859375,0.4376151,0.19725476
2171,924189,-0.441568,1.7890625,3.0860207,0.57498056
1630,1330935,2.269143,2.640625,1.3236856,0.37894052
1030,909785,4.305218,3.578125,0.53183687,0.21756564
1803,1330947,3.962647,3.6875,4.0232244,0.67532176
1613,907269,2.692974,1.90625,3.1779578,0.5538644
1909,1240159,3.286504,1.828125,1.8293396,0.45359904
1634,1674021,5.376064,4.40625,0.86153567,0.29292765
1006,1240198,3.756842,2.53125,3.208664,0.6472099
1511,910920,1.730079,-1.5078125,2.6201909,0.5168815
1845,909755,3.8539,1.6953125,3.6775184,0.53843725
2159,905950,2.221882,3.390625,1.8010293,0.4242751
1026,753620,3.453905,-1.328125,2.1344054,0.46146545
2439,1659818,8.597636,9.4375,0.3584281,0.29974455
1615,688013,5.000482,4.625,0.4488072,0.20543732
2107,688025,4.927497,4.65625,0.70665777,0.25116733
1031,906849,-3.253133,-2.3125,4.4046307,0.66792434
2172,1240159,1.629279,2.4375,2.613864,0.4973626
1239,1240198,4.134469,1.9296875,2.0775642,0.5129235
1011,1240127,2.99034,1.15625,2.2611973,0.49673903
1854,687455,3.260714,5.25,0.822806,0.31204185
1940,907274,4.639652,3.484375,1.085081,0.36002824
1133,925346,4.48834,3.84375,0.69342935,0.26697186
1494,998189,-3.630851,-4.34375,1.9328675,0.42804193
1922,1298358,4.941862,2.671875,1.6628534,0.49649647
1913,1503365,6.055714,5.40625,0.56526303,0.26479423
1908,1298537,3.300471,1.7421875,2.1506155,0.49410573
1268,908461,2.595714,4.78125,0.7420493,0.3020231
1786,687596,4.591988,3.328125,2.2957733,0.5408238
1018,687455,4.248447,5.90625,0.48721445,0.25168693
1080,749716,-1.839323,-3.8125,3.2497,0.5775139
2171,906868,2.215849,2.078125,2.966432,0.5488934
1706,1240153,0.55883,0.2890625,3.512297,0.5656048
1058,753608,1.123004,1.3046875,1.1111865,0.4256628
1022,907795,0.694971,-0.38671875,2.1090708,0.4926919
1786,1298141,4.572501,3.03125,1.3880903,0.41057605
1131,687596,5.215825,5.59375,3.7946088,0.69260585
2158,1240198,5.707652,4.28125,1.2380382,0.35940143
1194,909747,3.357879,2.640625,2.1870785,0.45474738
1997,753608,4.852921,4.625,1.7987069,0.43278962
1529,1240172,3.415935,0.625,3.8433585,0.5889478
1200,906696,3.220036,3.890625,1.1507193,0.34196898
1922,1240144,3.006079,2.3125,1.1411701,0.38610867
1564,907271,1.284696,3.078125,2.8235998,0.5529474
1847,907299,3.690335,3.203125,6.099723,0.83500504
1913,687794,3.859569,4.9375,0.70454156,0.286757
1096,907791,2.701548,1.703125,2.9733758,0.55017823
2111,905950,3.377358,3.4375,2.2339592,0.46094894
2173,906835,7.159095,4.25,0.740337,0.2738236
1372,909726,-4.08872,-1.2421875,2.5038295,0.49032655
1931,1240198,5.304318,5.71875,0.7376809,0.28979307
1819,753608,-4.907203,-3.59375,3.9835968,0.6727834
1941,1240186,-1.46441,-4.65625,1.4437467,0.3707379
2043,909745,5.272711,4.96875,0.4725995,0.21744142
1020,1331048,4.308458,2.953125,0.51116335,0.22286367
1061,907291,3.604662,4.125,1.2048253,0.31774718
2039,1298141,4.476727,3.578125,0.75823224,0.32974
1621,910781,3.6652,4.25,0.88471484,0.2993384
1810,1240198,1.009068,-0.22558594,4.163265,0.68630207
1022,907175,-0.462005,-1.6953125,1.5300405,0.36195794
1910,924100,3.988066,1.4765625,3.3436193,0.6061809
1581,906835,5.873981,2.40625,1.153482,0.3808649
1072,724859,6.504226,4.6875,0.7677523,0.28254908
1268,910567,3.230788,3.53125,0.7503713,0.28032452
1033,924189,5.326681,4.65625,0.6550708,0.2586432
1706,1240184,1.011122,1.78125,3.4580154,0.60267377
2359,1298358,6.446497,5.96875,0.92744035,0.36990535
1049,688087,3.904165,3.625,1.0977509,0.35207802
1845,906696,0.338471,2.34375,3.9072921,0.586452
1511,687794,-1.216439,-1.3671875,2.4637768,0.5045126
1819,753554,-0.461191,-4.625,2.5707812,0.5264241
1053,924248,1.618329,1.3828125,2.2526217,0.46127397
1561,909907,1.825085,1.8984375,3.3381078,0.6092836
1814,1298350,6.656951,6.28125,0.80059004,0.34025112
1598,687505,1.990869,4.375,0.9070034,0.2909002
1558,907175,1.776041,1.8203125,1.7852845,0.42412695
1706,687997,5.487382,0.23535156,3.2289546,0.53871304
1013,905972,4.708591,3.25,1.214466,0.37129873
1059,909731,-1.166942,-0.04296875,1.7104057,0.49192795
1003,909745,-1.342535,-3.609375,1.612278,0.35994717
1020,1298538,5.870533,5.5,0.45595327,0.2343274
1199,908465,5.142474,4.125,1.740927,0.42612103
1932,925340,3.974075,2.828125,2.344689,0.46595353
1618,907269,1.266806,3.09375,1.3375695,0.34499428
1243,1240182,3.294156,1.515625,0.9535809,0.3652887
1079,909731,3.610186,1.2265625,3.3503246,0.6560962
1632,907066,4.417693,3.015625,1.0861809,0.324313
1512,1240127,5.028848,5.3125,0.3460061,0.20432255
1819,906836,-6.560811,-5.21875,1.6402903,0.41027147
1179,1330947,-1.983065,-1.515625,1.3868395,0.33511564
1378,908127,2.268256,3.328125,2.5024445,0.54973614
1022,906813,-0.68105,-0.98828125,1.6485914,0.4087811
1085,1298365,3.420588,1.4765625,0.8020529,0.34000474
1250,910567,0.107582,1.328125,2.712207,0.527288
1862,905964,-1.724324,-1.640625,0.28135538,0.17847827
2047,687568,4.84456,2.234375,2.131254,0.47969887
1190,907299,-1.975112,-1.3359375,7.3755937,0.95698637
1032,687596,2.878743,2.0625,2.584894,0.61150205
1039,687596,4.033535,6.28125,1.0045906,0.39865485
1441,688025,2.186803,1.359375,1.7339089,0.42993623
1779,906746,0.786431,0.84375,1.0054433,0.39498177
1018,907791,5.240376,5.03125,0.37872714,0.18920076
1806,1240186,6.363332,4.65625,2.1986866,0.4607004
2055,724859,2.13881,1.40625,1.171858,0.4185834
1011,907271,5.40937,2.109375,2.0449653,0.49414498
1073,1240184,5.762432,5.125,2.10177,0.48288342
1816,753575,6.271771,3.734375,1.0709258,0.31825608
1239,1290797,3.127709,1.5546875,2.374214,0.51741105
1615,908461,6.394704,5.59375,0.56243,0.26963538
1512,724870,5.149024,5.40625,0.38922837,0.22691636
1779,687568,2.01168,0.69140625,0.9239806,0.37798515
1786,687819,3.491331,2.09375,1.7046974,0.4172532
1061,924248,4.408388,3.65625,1.5723666,0.3627525
1855,905972,4.725325,5.25,1.5456157,0.39865485
1915,910933,2.643414,2.453125,1.4002709,0.4240623
1191,1298358,-1.7845,-4.875,0.6914582,0.27301013
2043,688121,5.951014,4.9375,0.657362,0.24435246
2110,1330947,2.845499,2.53125,0.89890426,0.28691602
2499,687505,8.58403,10.125,0.813103,0.5105582
1049,910567,4.453987,2.84375,1.1067756,0.34988275
1634,907274,4.830613,4.1875,1.0454831,0.35373348
1052,907274,2.997933,3.078125,1.9003744,0.4611735
2096,905982,3.223418,2.296875,1.7635691,0.4430332
1924,909257,2.426977,4.0,1.4453969,0.3952035
1093,925338,4.056966,4.15625,0.754503,0.27084658
1043,909907,6.6821,5.53125,0.7392703,0.2889555
1014,749710,1.26712,2.515625,3.290606,0.6351367
1168,909257,2.565789,2.6875,1.0683924,0.38928953
2107,909755,6.144812,5.21875,0.6443936,0.26094902
1018,687505,4.360336,5.4375,0.3621418,0.17906111
1630,909975,4.648416,2.859375,1.3737668,0.37561828
1052,949179,3.977675,2.765625,1.806974,0.4151538
1011,753554,-0.547681,1.484375,2.321194,0.5018497
1511,907271,-0.667695,-0.9765625,2.0217485,0.4885349
2044,1298358,5.149052,4.0,1.547437,0.4389126
1019,907794,4.345483,2.609375,1.5026487,0.44238004
1026,688087,0.92772,-0.3984375,2.1951969,0.4981517
1847,907322,4.257608,1.609375,5.9354753,0.8448932
2055,909709,2.26823,2.421875,1.8723708,0.5027532
1806,946359,7.052754,3.578125,3.376042,0.5344966
1598,1298348,4.466574,4.75,0.7329177,0.2850316
1059,905950,-0.662743,-0.19628906,1.3707384,0.43751797
1008,1240184,-2.848132,0.15917969,4.680913,0.7625834
1927,925338,4.279122,4.9375,0.6471578,0.24297965
1873,687590,1.03578,0.24023438,0.75589794,0.35500726
1088,910899,0.88679,0.24902344,3.7771263,0.5477471
1373,1298157,5.75924,4.96875,1.1495212,0.34322524
1006,749710,3.79686,2.859375,3.780863,0.70444214
1250,907791,1.702523,1.765625,2.8638585,0.5299137
1085,907169,2.341461,2.09375,1.2095314,0.39937168
1494,910399,-2.172387,-3.875,2.5685482,0.4993589
1086,906835,2.862336,-2.5625,3.453301,0.55610436
1046,910780,0.708842,0.26953125,1.7226924,0.38149774
1086,1322212,-0.610512,-2.859375,3.3986664,0.57048595
1831,1240223,4.302935,4.09375,0.50573736,0.26396176
1512,1299062,7.019476,5.1875,0.3243769,0.18621732
1441,906843,2.270338,1.1796875,1.3954226,0.3885743
1191,1298365,-4.196257,-5.40625,0.4151493,0.2206234
1033,1240184,4.750567,5.375,0.69793785,0.2728001
1617,908121,3.627195,1.9609375,4.7395177,0.659862
1620,1330935,4.142429,4.75,0.5679091,0.24383776
2157,909720,5.037164,5.125,0.54019535,0.23794363
1237,909699,7.226704,5.9375,0.39485145,0.21255608
1583,909749,2.612534,2.015625,0.5679638,0.27938733
1804,749710,3.259743,5.5625,3.4929807,0.709874
1811,907794,-4.297402,-4.3125,2.1262703,0.44552672
1036,905986,4.986116,4.375,1.409963,0.3718479
1922,1659818,2.18604,1.328125,1.3983923,0.3806177
1617,1240182,2.243005,1.078125,4.495777,0.64889437
2172,687819,2.214982,1.2734375,3.3777483,0.56697476
1786,925346,2.858887,2.46875,1.2170235,0.37385428
1936,905968,2.124094,1.3828125,1.1737616,0.36751655
2111,1240184,5.185234,3.578125,2.315223,0.48139182
2011,909785,2.560695,2.515625,1.1416235,0.2931561
1060,909249,1.179243,0.64453125,3.1191235,0.5732021
1084,906849,-0.048906,-3.171875,2.2711675,0.4352401
2106,909731,2.291168,3.078125,2.4977562,0.53577125
2096,1330935,2.777185,2.015625,2.1187513,0.46544653
2359,1240159,6.644459,5.625,0.57190675,0.25450474
2439,724859,10.571541,9.625,0.36986426,0.31318533
1049,906813,3.66742,3.4375,1.2410682,0.36196664
2037,1240172,6.314839,3.609375,1.7167935,0.4238539
2047,688121,4.785386,1.8671875,2.687235,0.51867706
1564,1298157,5.048868,2.890625,2.974576,0.55808777
1941,909709,-4.098528,-4.09375,2.018327,0.44696727
1200,749716,2.200092,3.5625,1.3452389,0.34697244
1529,909785,-1.291354,-2.03125,2.2192256,0.37712678
1626,907269,-0.747178,1.0625,3.1857095,0.5516776
1578,1330947,2.626391,3.828125,0.4061941,0.20187986
1621,906849,3.498618,4.0625,1.4959311,0.37579882
2172,907066,4.36324,1.2890625,3.1523879,0.5459072
1813,907271,6.837298,5.96875,1.6036181,0.47210544
1051,910903,0.846815,1.625,3.6746185,0.63232124
1378,1298365,3.47593,1.5859375,1.7542973,0.4626588
2043,687794,5.131117,5.3125,0.70092696,0.2767487
1817,1290797,-6.000981,-5.28125,0.7220793,0.2752206
1375,1240153,6.578539,5.875,1.2788728,0.37125573
1512,753608,6.282572,5.9375,0.4010722,0.2326238
1614,1298358,3.587335,4.46875,2.285721,0.5361994
1250,910952,0.413088,2.921875,2.7903163,0.57137877
1583,907795,1.684031,2.078125,0.65923303,0.2896349
2499,1659818,9.316959,9.75,0.7003293,0.47970465
1922,1240159,4.726889,2.46875,1.1110845,0.37592936
1079,910899,3.23797,0.375,3.3876038,0.61005193
2499,909249,9.873345,9.875,0.85936946,0.52869576
1873,1240172,2.228316,0.34765625,0.74876606,0.3654921
1510,1298141,6.759149,4.5625,1.0737942,0.35112455
1806,753620,3.288039,3.3125,2.7551188,0.49615178
1034,1240160,-0.241309,-2.859375,1.5961181,0.37286296
1916,924189,2.970179,2.0,1.7634627,0.43350014
1243,910567,1.265259,1.2578125,0.8748309,0.3301115
1620,724831,5.403049,5.78125,0.49184164,0.24507736
1939,1298168,3.84423,2.25,0.85676026,0.33487833
1494,946354,-3.10273,-4.625,1.7180834,0.41339067
1582,907322,3.172,3.3125,0.62983733,0.26768118
1449,724831,6.119824,5.5,0.46265754,0.24460736
1941,1240144,-6.514994,-4.71875,1.3119234,0.36199427
1401,1240223,5.592851,1.9453125,1.283398,0.4196638
1634,910899,3.975909,3.59375,0.9513255,0.31259197
2177,1298538,2.636173,1.8359375,0.49318367,0.28095135
1190,1298168,-2.238606,-1.9296875,5.7312407,0.86021155
1810,905964,-0.157747,-3.203125,3.5408921,0.56059575
1191,1674021,-5.025459,-5.0,0.5458996,0.22218782
2107,910933,5.637055,5.09375,0.6187054,0.25568727
2170,906835,6.501922,3.859375,1.9699652,0.42255953
1013,753575,5.15888,3.125,1.3418088,0.38952592
1190,924248,-2.223121,-1.984375,6.9651623,0.90056676
1373,925346,5.942513,4.5625,0.92449355,0.28671315
1068,925340,-0.387432,-0.0043945312,1.0447505,0.38835123
1033,688013,5.077067,4.4375,0.53053087,0.2192481
1200,909750,2.661552,3.453125,1.0617013,0.30965295
1022,724859,-0.390176,-0.9921875,1.3567054,0.38839334
1249,1240186,3.455868,3.03125,1.7226156,0.4252913
1239,1298365,3.53898,0.53125,1.5420556,0.42940626
1598,908461,4.872992,4.84375,0.9032957,0.33409604
2170,1503365,4.8053,4.625,1.9884254,0.44755125
1873,687780,0.52058,0.8515625,0.96615,0.4201592
1782,906868,5.642083,5.3125,0.6749668,0.26117525
1058,906696,0.966085,1.078125,1.2246393,0.439613
2055,910780,0.282441,0.7421875,1.3249781,0.37581474
2106,909257,2.435331,3.359375,1.7837005,0.45401675
1029,1331048,4.865118,3.375,0.46612656,0.21336508
1268,905968,2.784044,3.640625,0.79155576,0.27312925
1005,724859,2.964544,2.859375,2.6439857,0.45786586
1085,906835,4.6687,2.25,1.0460271,0.38114032
2177,1330935,1.969552,1.84375,0.6645328,0.2867851
1051,910851,-0.885378,0.9453125,3.998996,0.65149
1191,924248,-5.235736,-5.15625,0.5891471,0.23497865
1626,1240186,3.915263,1.7890625,2.7914674,0.5387954
1017,906849,4.331943,3.859375,1.2225829,0.33734286
1910,910952,1.124684,2.375,3.1018908,0.59443754
1029,910780,5.239766,4.59375,0.44594297,0.20517685
1086,909257,-4.648563,-2.078125,3.449394,0.57900095
1239,909699,4.668573,2.4375,2.9491637,0.56516933
1529,1240127,-1.289242,0.09082031,3.7852209,0.59267455
1626,909749,2.770514,1.640625,2.4275868,0.5086629
1036,1298136,4.438136,4.59375,1.7157465,0.434807
1061,1298136,5.140518,4.625,1.2909024,0.36784697
1191,1503367,-4.84091,-4.5,0.77046764,0.2606835
1622,1298537,4.353925,3.921875,0.9469753,0.31574035
1918,687568,5.267188,3.203125,1.1725005,0.3815465
1080,909720,-3.548281,-4.34375,2.1169846,0.46135324
2039,687794,2.891094,3.078125,1.030377,0.36987802
1029,749710,6.180618,6.09375,0.5855788,0.28879502
1441,753575,2.480389,1.9921875,1.327343,0.40968972
1561,906868,0.856349,1.6015625,2.3574717,0.51788855
1549,687802,2.768635,4.59375,2.443247,0.5707575
1014,1240192,3.624604,2.765625,2.9497776,0.604032
1853,907318,3.394007,3.625,0.6333713,0.25134274
1005,1298365,2.582242,1.4921875,2.473815,0.4609158
1779,724859,1.709292,0.37890625,0.8297218,0.3692353
2499,906835,11.775955,10.3125,0.72892714,0.47431812
1022,724831,0.373503,-0.6171875,1.2043895,0.40156734
1373,906827,5.209876,4.6875,1.4178979,0.38072193
1180,907169,-1.778999,-3.84375,1.2797853,0.31460097
1803,1240153,5.856533,4.40625,4.2519183,0.71370935
1067,908465,5.961656,5.5625,0.411935,0.22520472
2158,909720,3.466908,4.4375,0.92949104,0.3144882
1803,1330935,5.349523,4.4375,3.7783496,0.68499523
1918,1659818,0.885357,2.390625,1.287575,0.36860293
1630,907291,3.163806,2.84375,1.267832,0.36633968
1096,909907,6.813873,2.359375,3.8398933,0.64454854
1175,687505,3.776059,4.15625,1.1695735,0.31122863
2055,687819,3.671391,1.2421875,1.5874038,0.43800652
1910,753612,-5.310295,-0.20214844,2.768121,0.4855558
1622,909907,6.460248,4.40625,1.3136852,0.3641414
2045,1298365,4.838879,3.703125,0.7853018,0.2833065
1626,909757,3.815606,2.171875,2.966917,0.56056774
1239,753620,1.202474,0.6015625,2.3121161,0.4807458
1809,925338,-0.42219,-0.43359375,2.81159,0.5029646
1250,909747,3.909575,1.3671875,3.0051706,0.552261
1250,909731,0.047124,2.21875,3.1338246,0.60055727
1017,906836,2.009013,3.40625,1.1431619,0.32275122
1019,687596,3.910356,3.34375,2.3216965,0.57568276
1011,910911,2.705891,1.59375,2.4757693,0.5031474
1997,909699,4.623692,4.25,2.3201203,0.4645033
2045,909747,7.780903,4.3125,1.145374,0.30893835
1939,688025,2.517597,2.359375,1.4600375,0.38163134
1049,1240159,6.462374,3.984375,0.9192753,0.32351974
1038,908465,3.538836,2.953125,0.9743337,0.36399263
1632,907063,4.168127,1.8828125,0.95080006,0.2799157
1813,1299062,7.814166,5.125,1.5920821,0.4052429
1089,909699,7.398601,5.78125,2.110143,0.43875062
1052,909745,3.435092,3.265625,1.2355376,0.35044596
1932,909785,1.338389,0.65234375,1.7884735,0.36622936
1557,946354,3.181608,4.8125,0.94672316,0.26977193
2438,907278,10.249469,10.1875,0.88406044,0.5826174
2177,1240153,2.307659,1.34375,0.59667045,0.2766491
1624,1240182,6.413692,2.40625,3.4239779,0.59293914
1786,1290797,2.859435,2.578125,1.6152833,0.4259968
1845,1240198,3.123348,2.03125,3.412028,0.5624628
1038,909257,2.370269,3.171875,0.7978385,0.3313972
1786,753575,2.844685,2.71875,1.550558,0.41634274
2172,1674021,3.021025,1.7109375,3.0274832,0.5310505
1816,1298537,5.564904,2.921875,1.1895947,0.34533837
1019,906849,3.581398,2.046875,2.0281456,0.48386642
1618,907791,3.511465,3.421875,1.2333864,0.3296891
2156,1240172,2.706473,3.390625,2.052709,0.49390548
1060,687596,4.352697,2.140625,4.4523225,0.80179036
1091,998189,3.591313,1.625,1.2179837,0.40412515
1008,687590,1.973843,-0.7109375,4.1163073,0.6745522
1058,910903,0.240199,0.8515625,1.0791029,0.4011206
2047,1322212,3.533054,1.7578125,2.3003824,0.49343434
1620,1240127,6.132332,5.5625,0.45530456,0.22224595
1008,906843,-0.220565,-1.9296875,4.2483187,0.651003
1802,946359,5.489827,2.890625,0.67184037,0.2679605
1578,1298537,4.693996,4.90625,0.41641426,0.21181317
1559,749716,-2.191684,-2.921875,2.6963587,0.50237966
1175,1298537,3.249946,3.796875,1.1021343,0.3290764
1042,753554,5.301174,5.375,0.5709308,0.25537556
1627,909907,2.798761,3.515625,2.35438,0.48953345
2177,713880,0.840303,1.265625,0.5588084,0.28351203
1926,1298365,0.34514,-0.67578125,0.96204346,0.36853045
2045,910851,5.072109,4.6875,1.1171659,0.30685216
1553,909755,5.325859,3.078125,2.0902553,0.4666574
1593,1240223,3.47934,1.9765625,1.6328568,0.44849703
1930,749710,1.340521,0.5078125,1.0519103,0.38328394
1918,905982,2.200798,3.171875,1.1817291,0.37357762
1811,1303900,-1.597902,-4.59375,2.0864408,0.43718106
1199,1298350,4.313292,4.03125,1.8111213,0.43577665
1510,724859,4.420287,3.796875,1.1940228,0.3355612
1096,924248,0.06391,1.40625,3.489769,0.59674823
1237,1240223,7.308158,5.75,0.34923926,0.22957367
1249,998189,3.376225,3.03125,1.7297055,0.42520183
1936,1298136,3.562102,2.28125,1.4306558,0.45664266
1625,909755,5.789171,4.9375,0.83372325,0.2978029
2044,1298538,2.601076,3.453125,1.0713805,0.33869335
1814,909745,6.551425,5.78125,0.5557525,0.24986377
1036,1240153,-0.323477,3.734375,1.8456522,0.40545225
2011,1240184,6.393488,4.8125,1.2248454,0.34264392
2177,908150,2.774448,1.7265625,0.5032633,0.27442652
1091,1240145,0.313501,1.96875,1.0154961,0.38319057
1032,907063,0.293008,0.24707031,1.4620293,0.3656846
2043,1240127,5.630475,5.1875,0.5008742,0.2298597
1168,907274,2.901403,2.296875,1.4949367,0.44426295
1010,909724,3.73411,2.203125,1.398193,0.39113697
1022,908121,-0.447371,-0.059570312,2.0999293,0.51399285
2040,1240223,2.834181,0.828125,1.3763998,0.4522653
1038,688121,3.835078,2.421875,1.0709475,0.35189807
2170,687455,2.710239,4.0625,2.7044191,0.5455002
1378,1659818,2.27395,2.015625,2.526945,0.48773864
1845,909747,5.726734,0.15722656,3.8985665,0.5381635
1924,906849,3.553283,3.015625,2.1574113,0.45205182
1559,908150,-1.820448,-3.828125,1.4842402,0.3496479
1080,949090,-1.88237,-3.859375,3.0168474,0.61311
1996,687997,6.07945,2.703125,1.4978527,0.38293925
2046,1240159,5.457341,3.15625,2.3612247,0.46240014
1083,910781,2.50152,2.078125,1.1683886,0.36936033
1815,687455,4.828865,6.0625,0.6063778,0.29905263
2169,906813,2.213817,3.0,1.164366,0.36986232
1802,909249,2.53451,2.4375,0.5016565,0.23803818
1084,906696,-0.616342,-2.21875,2.556324,0.52346367
1191,909757,-4.836389,-5.0,0.6879146,0.2635198
1007,1298358,-3.480379,-3.765625,3.7959483,0.6745893
1932,909750,2.794069,2.453125,2.0913122,0.43483523
2043,906868,5.273434,5.0625,0.56105846,0.2354309
1939,909785,2.771676,1.4453125,1.0258082,0.3019981
1614,907063,5.736071,1.984375,1.4612998,0.34569612
1069,909907,3.998486,3.71875,1.1635842,0.35914496
2159,1298348,5.209404,3.53125,1.3882312,0.377852
1808,998189,0.252051,-1.1875,2.8200977,0.51126915
1199,909720,5.411277,4.21875,1.1416322,0.34903127
1831,924100,4.431744,3.78125,0.5714459,0.26631838
1048,909757,5.820012,4.84375,0.70512474,0.27981687
1021,1240172,3.807564,3.125,1.6710175,0.40725598
1088,909257,0.409475,2.609375,2.8499844,0.47838652
1249,908465,3.445195,3.390625,1.7878631,0.44913623
1786,910567,4.353604,1.984375,1.5687441,0.4064167
1933,724870,5.507781,4.96875,1.2654196,0.37961656
1928,1240160,6.190069,4.5625,1.601884,0.39040697
1036,753608,4.082531,5.34375,1.3423415,0.3860694
1830,910952,3.768441,3.125,0.771093,0.3640103
1560,924189,3.025476,2.890625,1.4269536,0.39553836
1062,1298141,1.960861,4.3125,2.3075242,0.5390518
1051,910780,-1.552226,-0.453125,3.549991,0.5716749
1582,905950,4.335088,4.6875,0.68034387,0.28767577
1910,910780,-2.732603,-0.4609375,2.5237517,0.47021988
1058,1303900,3.436285,0.5234375,1.2247397,0.42260098
1635,910952,5.189091,6.1875,0.3649861,0.22425754
1926,905972,0.636294,-0.33203125,0.9539997,0.39026546
1862,907318,-1.225674,-1.6796875,0.23389703,0.17502557
2046,1298350,4.012273,2.859375,3.2862432,0.5878752
1549,909249,4.538667,2.484375,1.6428726,0.40039656
1922,909755,2.582536,2.234375,1.3633068,0.40705752
1613,1240160,5.549541,3.078125,3.7201664,0.60606486
1621,907791,4.726103,4.09375,1.1813538,0.32896397
1016,909907,1.930275,0.703125,3.197508,0.5433724
1736,907291,2.280864,3.265625,2.9929774,0.55764496
1372,1331048,2.235931,-2.171875,1.8717365,0.38620895
1819,906746,-4.998618,-4.5,2.5873678,0.5258274
1057,909731,-2.701433,-1.6953125,1.9622834,0.47416574
1180,907322,-2.848671,-4.71875,1.0298095,0.27280957
1843,946359,3.974713,-2.453125,4.1660476,0.6070341
1576,907791,3.291862,2.15625,1.1953825,0.35192078
2111,905968,2.187031,1.8828125,2.1004462,0.42052308
1776,1503367,4.514662,5.1875,1.2583913,0.37573177
1093,1298358,5.259249,4.875,1.0541731,0.3709942
1200,687780,2.984823,4.375,1.424614,0.36907673
1706,907274,-1.123294,1.296875,3.80491,0.6426053
1042,906835,7.349029,5.25,0.5107196,0.22902945
1033,907299,4.839408,4.84375,0.65116566,0.25840414
2040,1331048,-0.285362,-1.1015625,0.9255891,0.27249357
1199,907291,4.153573,3.453125,1.8559068,0.40125313
2359,724870,5.645084,5.59375,0.67953557,0.28660265
2055,753554,1.561813,1.84375,1.4220183,0.44101048
1441,905950,1.44106,1.9375,1.4546869,0.43230158
1854,1503367,3.663159,5.8125,0.8199971,0.29582325
1932,753612,2.183909,1.265625,2.237219,0.42269897
1068,1331048,0.078356,-1.3515625,0.7663587,0.25802746
1559,687802,0.247183,-2.171875,2.8961143,0.57131255
2359,910780,5.239769,4.15625,0.5758317,0.22621168
1913,905986,5.949597,4.6875,0.5252364,0.24352838
1050,688121,5.749991,1.6328125,1.7198684,0.44755125
1854,909785,4.681616,3.6875,0.5332051,0.21159346
1032,688087,1.873478,1.421875,1.7952085,0.47133708
1854,713880,4.913203,4.5625,0.6808325,0.25056076
1507,909745,6.352683,4.78125,0.6403447,0.25028887
1057,1303900,0.146347,-2.359375,1.6087936,0.4041514
1237,1298136,5.747079,5.46875,0.42521843,0.2397557
1624,907322,2.874115,1.0859375,3.178587,0.5368266
1621,909907,6.434643,4.65625,1.7043669,0.4083496
2106,909749,4.542349,2.703125,1.9396185,0.4607918
1057,909750,-3.233549,-2.421875,1.3020445,0.35278985
1873,687819,2.749058,0.17480469,0.7715667,0.34160167
1191,910399,-4.871146,-4.9375,0.7003938,0.25775972
1030,907269,3.147568,4.34375,0.66429466,0.26495093
1941,1331048,-5.283335,-5.625,0.7537164,0.28016898
1838,909720,3.525406,4.28125,0.40109402,0.23868172
1559,907175,-3.97524,-4.34375,1.3621024,0.3263464
1168,753540,2.016658,3.328125,1.3532611,0.4578685
1620,724859,6.162267,5.375,0.46240366,0.21384573
1825,906868,-1.013001,-1.40625,1.9195331,0.43919578
1625,1298358,5.38696,5.3125,1.1427779,0.3962661
1239,910567,0.952985,0.85546875,2.4183,0.502824
1617,688121,4.626245,1.0234375,5.232382,0.68625903
1925,909709,4.469603,5.84375,0.6466881,0.2805138
1799,687997,6.042629,3.125,2.6944919,0.50909585
2055,910911,1.537067,1.7734375,1.4932145,0.43960258
1085,908127,2.066828,2.640625,1.2552438,0.4439474
1048,1303900,4.799873,4.28125,0.72091305,0.28899208
1778,1298136,5.836973,3.375,2.048642,0.4971543
2110,907795,4.440431,4.375,1.0723629,0.33576763
2038,909907,5.261396,4.125,2.0099375,0.4277595
1622,1659818,2.489617,3.46875,0.92743737,0.2931889
1845,910781,3.084861,0.5625,2.9177306,0.48975813
2177,687455,2.20605,1.9609375,0.6630943,0.33728936
1925,910780,3.664568,4.3125,0.4143453,0.20173271
1615,910952,5.000282,6.0,0.57685494,0.2709198
1996,1298365,6.133754,2.34375,1.0241894,0.34148505
1912,1240184,4.370688,3.390625,2.0312972,0.47852018
1024,909757,0.085924,-0.13183594,1.8125907,0.49112266
1093,1298157,4.955886,4.6875,0.75818473,0.2875348
1018,910567,5.88036,4.59375,0.39263624,0.20282938
1853,1290797,4.102243,4.65625,0.84373397,0.295471
1799,1298157,4.550513,4.65625,2.2239711,0.47704405
1845,905968,1.834687,-0.4609375,2.925935,0.45317525
1449,687802,7.317427,6.40625,0.74167854,0.34565413
1631,1240145,2.675595,3.65625,1.6389707,0.3877273
1827,1330947,0.143697,-0.01953125,2.253947,0.46154532
1004,909975,-0.719151,-4.875,1.993327,0.41767052
1025,687780,6.008654,6.15625,0.7580269,0.31486073
1047,906836,3.732752,3.6875,2.188126,0.4348402
2096,724859,-0.059798,1.9140625,1.5682236,0.43469712
1917,687802,4.005339,2.578125,1.7375562,0.49742213
1629,1298157,6.304029,4.84375,0.8262869,0.2907944
2157,907269,4.469103,3.828125,0.8162375,0.2695111
1852,753620,4.609432,4.1875,0.7103774,0.2512422
2109,1298358,1.850987,2.65625,1.2598076,0.42416814
1635,1240127,3.843761,5.5625,0.30767807,0.19147673
1013,906848,2.284565,2.296875,1.9857529,0.45434707
1372,1659818,0.737846,-1.5703125,2.8994043,0.5118988
1916,688025,3.719356,1.8671875,2.1141558,0.45348853
1622,753608,4.342924,5.1875,0.87079054,0.31887463
1003,907169,-1.119343,-3.515625,1.8480567,0.3872314
1091,924239,-0.730222,1.640625,1.2855608,0.38565877
1559,1298538,0.734255,-3.640625,1.8052052,0.39340732
1038,909724,3.127084,2.28125,0.9567437,0.32212874
2173,906836,1.797175,3.328125,0.9524386,0.3025433
1811,687455,-1.618658,-4.03125,2.6239254,0.49927709
2040,909699,2.534872,1.4765625,2.1315336,0.5150633
1372,909907,5.661711,-0.15722656,3.9781911,0.66776264
1091,909745,1.858281,1.6640625,1.0031136,0.36916703
1831,688013,3.262515,3.140625,0.42166123,0.22350757
2043,905972,6.249194,5.375,0.51000667,0.23465236
2154,907299,2.645255,1.8515625,0.5458336,0.2740905
1941,907299,-6.423806,-4.71875,1.4710021,0.38279024
1510,1330935,3.925791,2.984375,1.5067745,0.3801804
1014,753540,2.914612,3.25,3.1214905,0.6490346
2148,906843,1.181033,0.9296875,1.0956312,0.3653052
1559,907066,-1.120547,-4.125,1.5516685,0.34641588
1083,906849,3.07529,2.015625,2.0173411,0.46348578
1021,905986,3.293525,2.734375,1.4250219,0.38436702
1372,753622,0.242735,-0.3515625,3.1217124,0.59823614
1441,910933,1.614748,1.7109375,1.2710079,0.41160432
2173,687505,4.24766,4.0625,0.88582903,0.289661
1057,753620,-1.892636,-2.921875,1.3683404,0.34225103
1634,905964,3.001047,3.109375,0.6773361,0.26209202
1908,749716,3.214628,2.28125,2.715452,0.5317687
2048,907278,-2.840861,-4.6875,1.8442253,0.38053235
1401,908150,3.009591,1.59375,1.2354192,0.39055058
1050,1240160,4.903795,2.28125,2.2599382,0.5086629
1059,1298350,-0.479452,-0.10253906,1.451409,0.45663396
2106,909757,0.215136,3.15625,2.2955441,0.49630418
1050,1503367,3.577308,2.890625,1.9594477,0.505393
2177,724859,2.41736,1.46875,0.51773345,0.29267102
2171,907269,0.246834,1.4765625,3.3753593,0.59207135
1029,907794,6.186711,5.9375,0.52609634,0.24771695
1786,909699,5.720495,3.140625,1.9861585,0.45443985
1049,1298358,4.491291,4.1875,1.4522239,0.43565643
1091,949090,2.023247,1.9140625,1.3967686,0.46344566
1909,713880,1.356966,0.78125,2.349279,0.5039227
2046,1330947,-1.075815,0.18066406,2.6521323,0.46824214
1911,906836,-7.022184,-5.03125,1.565389,0.3703203
1617,905986,2.332147,1.171875,4.735115,0.6403403
1091,1240223,3.251872,2.09375,1.1869646,0.41979885
1918,908461,1.953042,3.453125,1.2400435,0.42162272
1012,906813,1.932743,0.9921875,0.7020218,0.30373874
1507,907291,4.953515,4.59375,0.766847,0.26330534
2177,910851,1.918457,1.53125,0.70416975,0.3093779
1054,909709,4.737924,4.1875,1.3824434,0.37799066
1813,1240184,5.566762,5.53125,2.0142746,0.4994551
1191,1298537,-3.848105,-5.25,0.5515928,0.24172387
1052,910952,3.622662,4.375,1.52419,0.4167473
1021,909257,2.932656,3.40625,1.2551676,0.38011876
1817,753554,-6.035272,-5.28125,0.69471896,0.27568752
1175,753622,3.458378,4.6875,1.0450624,0.32256272
1016,905972,2.562422,0.3828125,2.1226246,0.4589184
1635,908461,5.394279,5.8125,0.3652992,0.22588874
1563,946354,4.104082,5.625,0.3823946,0.19753872
1939,753554,1.65095,3.125,1.2060215,0.37581474
1916,949179,1.498006,1.8828125,2.050795,0.4578478
2439,925346,7.983637,9.5625,0.37019122,0.27839726
2039,749710,4.782642,3.421875,0.8995893,0.35879713
1632,1240159,5.060269,3.96875,0.900725,0.30625227
1038,907299,2.452171,2.4375,0.9144921,0.34335208
1862,910952,-1.296202,-1.03125,0.34265107,0.24666548
1089,1298141,5.03247,5.75,1.8664858,0.47094056
1629,753575,6.526829,4.6875,0.83802295,0.28633446
1494,1240192,-1.870291,-3.71875,2.42293,0.51164246
1032,687780,2.127257,1.921875,2.3815153,0.549427
1053,907274,0.062179,1.953125,2.141113,0.4919225
2040,910903,0.60498,0.75390625,1.4530132,0.43589324
2039,753622,3.324075,3.375,0.86866593,0.3429775
1009,910899,4.932351,4.40625,0.5635229,0.24072252
1239,906827,2.552756,1.859375,2.5766513,0.5441033
1843,1330947,-4.486714,-3.484375,2.8665977,0.4841352
1614,924189,5.039548,3.25,1.8537836,0.43670264
1620,753554,4.41858,5.6875,0.50500834,0.24273047
1802,724859,4.385326,3.46875,0.5329899,0.26150915
1007,907794,-1.999095,-4.40625,2.6391804,0.5363572
1627,946354,2.10776,3.296875,1.5098476,0.3911583
1047,753612,5.910526,3.5,1.9781479,0.38457742
1019,907066,2.681667,2.078125,1.5225718,0.41630486
1564,687505,1.982956,2.0,3.4113703,0.56914693
1042,910399,3.506958,5.53125,0.5565368,0.24017845
1179,753622,-0.235118,0.45703125,1.7005488,0.46076486
1997,906835,3.641951,3.578125,1.9210329,0.42201185
1564,907318,2.341366,0.75,2.3209274,0.46466485
1581,753608,3.936962,3.265625,1.2644194,0.40553308
1803,687568,1.943163,5.1875,3.5086157,0.67238116
1072,687802,5.537552,6.0625,1.2108854,0.43252388
1917,687780,0.592962,2.4375,1.7966542,0.4613606
1034,924239,-4.001894,-3.75,1.2526618,0.32452884
1831,1298348,4.357376,4.0,0.44860741,0.24274085
1512,905972,6.231106,5.5,0.36252415,0.209996
1580,1330947,4.15067,3.546875,0.58235127,0.22993116
2154,910903,2.038102,2.3125,0.52767396,0.2782639
2171,1240198,3.61815,2.546875,2.5852075,0.54591006
1598,909709,3.940233,5.03125,0.975546,0.32845932
1046,1240192,2.152712,2.546875,1.7050908,0.46620956
1910,1240192,2.688968,2.3125,2.5310771,0.53447956
1200,1330983,2.268942,2.671875,1.2238544,0.33615628
1062,687819,5.793764,3.078125,2.8183012,0.54397476
1003,1240159,-0.689378,-3.09375,2.105709,0.42157674
1014,688025,4.827196,1.5,3.7947798,0.62930864
1593,906696,1.818646,1.859375,1.8711741,0.47006506
1634,906848,3.337761,3.734375,1.233457,0.35475326
1928,906813,4.828162,4.25,1.142708,0.31244168
1563,749710,6.257002,6.0625,0.47250783,0.25965306
1190,907794,0.372975,-0.6796875,7.478767,0.94456977
1629,1240145,5.102853,4.8125,0.65288424,0.24636145
1563,907175,4.945797,4.90625,0.4397903,0.20338784
2037,687802,4.907076,4.53125,2.0967782,0.52674
1997,909757,6.032804,3.8125,2.333478,0.47783107
1013,909724,2.080341,2.359375,1.476999,0.3776078
1024,1299062,0.976394,-0.5625,1.3653922,0.40960762
1200,905964,2.12824,2.21875,0.99570465,0.29590195
1250,1331048,0.072097,0.005859375,1.6633738,0.37438923
1810,688121,-0.523807,-1.2734375,5.3072834,0.74212337
1170,907063,3.192511,1.6796875,1.2118754,0.31676564
1200,1298538,2.810393,3.515625,1.0262007,0.31523588
1131,907063,3.005505,1.7578125,2.9270158,0.48250994
1815,909755,5.441566,5.84375,0.43519792,0.22656035
1909,924100,3.609637,1.5234375,2.6376703,0.5526825
1617,910911,3.433516,1.796875,4.6465793,0.6072171
1910,1303900,-2.834415,0.8671875,2.971588,0.5735614
1560,1322212,2.049717,2.65625,1.4866571,0.40834036
2171,909724,2.195888,1.5,3.098111,0.54343927
1089,1240192,4.918758,6.125,1.9469864,0.49557897
1843,907169,3.654621,-2.03125,3.5346062,0.57249165
1372,907795,-5.071476,-0.34375,3.3954628,0.628279
2110,1659818,3.914971,3.328125,0.8776296,0.28421235
1931,906843,5.751028,4.5625,0.7970248,0.2736672
1021,906827,2.244136,3.0625,1.7512035,0.42679873
1799,1298358,6.845015,4.84375,2.878563,0.5939548
1594,906827,0.286028,2.578125,2.0095682,0.4597961
1378,907322,2.201098,1.7109375,2.3584247,0.48293942
1782,907169,5.323652,5.34375,0.6850417,0.2572034
1910,1298348,3.341616,1.7109375,2.1410577,0.47799924
1052,905982,3.443318,3.5625,1.4516747,0.3711334
2046,687505,3.58679,2.21875,3.2103221,0.5169762
1259,946354,2.184277,2.328125,4.142564,0.5923828
1083,909257,2.385719,2.796875,1.2524264,0.39027518
1931,1240172,6.706856,5.78125,0.80496836,0.29477122
1558,724859,4.387945,2.609375,1.4892366,0.41280267
1581,1240159,2.193555,2.78125,1.0978396,0.36963472
1449,1303900,5.458259,4.90625,0.54530627,0.2554456
1816,924100,4.771049,3.546875,1.3438901,0.36084998
1617,909249,1.873293,-0.8203125,3.4858747,0.51795685
1036,753612,5.526629,3.359375,1.606197,0.35858956
1259,906848,4.193932,1.6875,5.1722035,0.7139781
1908,687596,4.447577,3.03125,3.2062767,0.62334144
1019,906836,1.338576,1.71875,1.8255569,0.44301713
1441,1330947,-0.792414,0.7734375,1.4489181,0.37872493
1624,998189,5.186331,2.53125,3.311303,0.5627103
1916,1298141,3.828549,2.984375,1.5011554,0.42775926
1803,908150,6.963533,5.09375,3.4556353,0.6575337
1073,998189,4.394066,4.65625,2.1301816,0.46795753
1375,1503367,6.789409,7.6875,1.165601,0.41841987
1004,1240184,-2.242649,-4.25,2.7353644,0.5204815
1133,753575,3.850293,4.0625,0.87962943,0.3080414
1594,924100,1.103367,2.46875,2.2156663,0.48285887
1919,909785,-0.222781,-0.021972656,1.0316156,0.3037078
1598,1503365,6.814471,5.125,0.81452334,0.30581814
2048,749710,-0.693283,-3.703125,2.9622765,0.5229991
1583,687590,1.112284,1.90625,0.57003516,0.28112924
1180,1240192,-2.91708,-3.078125,1.672028,0.39059597
1620,910903,4.279242,5.78125,0.497966,0.23568025
1005,906868,3.919753,2.921875,2.9938931,0.48212337
1581,909755,3.975096,2.5625,1.2877321,0.3974637
2048,687794,-5.077501,-4.0625,2.8590717,0.50477797
1936,998189,3.642004,2.125,1.2910793,0.40232003
1926,908150,1.134745,-0.484375,0.9915924,0.3817653
1034,687997,-0.644734,-3.984375,1.2220595,0.31243026
1021,909907,4.784977,3.015625,2.384315,0.48093292
1248,907795,-3.872584,-4.46875,3.3939712,0.6794953
1042,907322,4.54931,4.03125,0.56352985,0.2388905
1052,688121,5.149317,2.9375,1.9177052,0.42468414
1632,908121,3.95424,3.875,1.3358637,0.3754233
1558,946354,0.446789,2.671875,1.6163123,0.41322443
1061,753620,3.621518,3.4375,1.2562941,0.331321
1047,1240144,5.856849,5.0625,1.514181,0.3871137
1557,906868,5.615263,4.78125,1.1048256,0.29665843
1816,906868,4.708944,3.375,1.1915499,0.32579616
2043,925340,6.289073,5.40625,0.56062514,0.24194282
1043,907169,5.425983,5.28125,0.509228,0.23130699
1008,1503367,-1.948168,1.09375,4.7823186,0.7614036
1564,1298136,-0.027123,2.515625,3.2664561,0.6128501
1018,1240145,5.088118,5.71875,0.28447852,0.16331257
1047,905964,4.630457,3.171875,1.6554567,0.36660808
1913,713880,2.958882,4.3125,0.6118874,0.24904563
1062,1330935,4.994029,3.21875,2.8373742,0.5556448
1080,1240160,-1.06683,-3.640625,3.1063643,0.52788377
1931,1298141,7.17378,6.0,0.7325044,0.31611887
1852,1240192,6.041388,5.75,0.6968132,0.30380574
1909,906868,2.520236,1.1875,2.1966476,0.48645717
1133,1240186,5.80249,3.578125,1.0019695,0.32605353
1933,1240153,5.205444,4.0625,1.5818561,0.37579882
1854,924189,4.264702,4.53125,0.6691683,0.25893155
1996,753612,5.08865,2.421875,1.5071081,0.35354728
2055,1240159,4.390705,2.09375,1.264366,0.4114407
1005,946359,7.017158,1.78125,3.8104508,0.5328196
1067,907169,5.346977,5.34375,0.40006274,0.2008916
1618,753620,4.382735,2.875,1.2740757,0.3405655
1799,910399,4.62201,4.5625,2.362195,0.4729269
1463,1298358,5.658644,4.28125,1.8688467,0.49508116
1778,688013,3.87222,2.5,1.6304419,0.39397964
1852,909785,4.718916,3.546875,0.586099,0.21786281
1449,909249,4.592924,3.875,0.49150285,0.22097743
1808,907791,1.4868,-1.53125,3.2144842,0.5060941
1635,905968,4.877723,4.84375,0.3273027,0.17847624
2045,1674021,5.24412,4.78125,0.9582778,0.28477952
1624,925338,3.4504,2.375,3.113182,0.53571033
1239,1659818,1.712215,0.43359375,2.2840445,0.45728067
1816,906843,5.487921,2.453125,1.0849408,0.31495738
1191,906849,-4.01042,-5.0625,0.6286367,0.23840486
1177,1240160,3.969715,4.0625,2.6239357,0.4888859
1804,908461,1.234792,5.5,3.8985868,0.769069
1043,906849,4.877721,5.0,0.6012745,0.25102487
1079,687794,2.212564,1.0859375,3.3449566,0.6456272
1563,753575,6.246727,5.875,0.4142203,0.21843515
1827,906827,0.493314,0.96484375,2.523705,0.55440664
1372,907063,2.347055,-2.015625,2.429413,0.43459705
1617,753575,6.640405,1.9609375,4.7252445,0.6266961
1068,753612,1.371066,-0.7890625,1.0876862,0.3405655
1441,908150,2.52148,1.703125,1.292885,0.4028827
1190,907066,5.325385,-2.140625,6.658418,0.8830876
1029,907299,5.901349,5.4375,0.5457896,0.24918978
1372,910567,2.708786,-0.83203125,3.3913014,0.58728045
1512,1240159,6.669707,5.375,0.3485683,0.20478234
1932,907291,2.567307,1.984375,2.5916114,0.4795385
1050,1330947,-0.865842,0.82421875,1.3346165,0.36994338
1014,1674021,1.354148,1.7421875,3.144388,0.5858555
1814,724831,6.766628,6.46875,0.6589443,0.30867866
1013,910911,4.241785,3.03125,1.4075673,0.38486007
1012,688013,-0.651148,0.55859375,0.57427144,0.24910165
2048,906842,-5.9894,-5.75,0.8552744,0.2652462
1927,687780,5.627202,5.90625,0.96342504,0.33080253
2043,1299062,6.929984,5.0625,0.4481898,0.2072723
1084,1240182,-1.583597,-2.875,2.220183,0.45463142
1918,1240145,1.865058,3.390625,0.9666843,0.34358856
1560,753608,3.652701,4.21875,1.3137819,0.39227036
1061,925346,4.379969,4.53125,0.8011095,0.26580688
1594,753620,2.296333,1.421875,1.889571,0.42530128
1175,906696,3.813764,4.75,1.0897754,0.3347653
1806,907791,6.033872,4.03125,2.500856,0.47925693
1598,909975,4.724876,4.15625,0.940518,0.2930798
1068,909745,1.50697,-0.3359375,0.843139,0.34316784
1200,907278,2.809274,2.984375,1.1725452,0.32952526
1630,1674021,4.0982,3.078125,1.2226684,0.36164677
1940,905950,4.517138,3.875,0.9346916,0.32894516
1853,753575,5.496497,4.78125,0.8180816,0.29660362
1932,1303900,1.912753,2.046875,2.3651443,0.49557897
1061,925340,5.396644,4.78125,1.0898823,0.32086152
1054,907299,0.497658,2.984375,1.2887295,0.36384967
1811,946359,-0.388559,-4.78125,1.7805823,0.3789476
1049,1503367,5.343875,4.65625,1.5302781,0.42612666
1849,909726,0.109936,-1.375,1.0323503,0.32479215
1061,910920,4.645542,3.921875,1.249892,0.3281627
1845,998189,3.372387,1.109375,3.8286834,0.5605698
1629,906835,7.175235,4.53125,0.8023764,0.27415478
2044,687997,3.058794,2.59375,1.222627,0.34678406
1085,910899,1.238076,1.6953125,1.3571088,0.40141222
1085,1240159,3.784768,2.640625,0.99678737,0.3686752
2171,909720,2.26153,2.640625,2.0896492,0.48209205
1553,910899,3.523153,2.203125,2.5050402,0.50152546
2048,910780,-3.438512,-5.53125,1.1478643,0.31817737
1091,909749,2.934826,1.5703125,1.1272122,0.39866588
1177,1290797,5.041731,4.0,1.8334974,0.39957306
1918,909757,4.358852,3.3125,1.3258381,0.40534854
2107,687568,6.418875,5.1875,0.6122933,0.2562766
1088,906746,2.457482,2.15625,3.4791315,0.52218866
1003,1240172,-1.257174,-3.140625,2.2091565,0.43262056
1581,906827,2.663791,2.5,1.4565617,0.42680797
1057,905986,-0.4673,-2.484375,1.3568101,0.36596844
2173,1299062,5.229194,4.1875,0.6558452,0.2550581
1510,909749,4.40505,3.84375,1.2530528,0.34733468
1084,1298350,-3.877462,-2.671875,2.435993,0.4988233
1051,1330935,3.198198,0.65625,4.830504,0.73250437
1067,749710,5.854128,5.6875,0.43459255,0.2400502
1855,909749,6.026443,4.625,1.6726999,0.39738038
1007,906835,-1.050493,-4.59375,2.4310567,0.5016176
1626,1298365,3.057344,0.6171875,1.8474091,0.44832015
1016,1299062,2.932233,-0.036621094,2.0660412,0.44316795
1029,905972,6.434013,5.96875,0.49147418,0.24300954
1441,907794,0.211872,1.953125,1.3234335,0.422419
1843,905986,-0.817871,-1.9296875,3.849316,0.60942554
2157,909731,3.539384,4.875,0.8840337,0.30503914
1494,1298537,-1.63944,-4.59375,1.7771529,0.42943087
1016,724870,2.626784,0.53125,2.2058084,0.50889057
1835,1298538,6.228909,4.25,0.9095846,0.29456067
2109,905972,3.137622,2.453125,0.9167665,0.34767553
2037,753608,3.486638,4.40625,1.4882588,0.4087803
2047,906746,2.692591,2.359375,2.2525442,0.49089563
1631,753620,2.619159,1.9453125,2.2431703,0.45933852
1804,924239,5.478795,4.71875,3.5667262,0.66918653
1632,1240186,4.018984,3.46875,1.1620623,0.34051248
1019,1298348,2.086738,2.71875,1.2647008,0.40758643
1463,909249,0.954771,2.671875,1.3020915,0.3576457
1932,905968,2.377927,1.2734375,2.0692313,0.42372072
1804,1298136,4.591122,5.09375,4.0650563,0.7470364
1932,688013,1.724243,1.625,2.0599158,0.42503735
1032,1240192,1.831039,1.8515625,1.5836335,0.47732818
1630,907794,4.16601,3.4375,1.1310974,0.36986232
2055,1331048,-0.157144,0.04736328,1.0698774,0.3194451
1908,909749,3.010697,1.890625,2.0948436,0.48329043
1779,1330935,-1.532532,0.6953125,1.1760731,0.3612748
1378,753575,3.453751,3.046875,2.438088,0.5069384
1940,907291,3.353193,3.375,0.9414016,0.31083867
1617,910952,4.052929,3.109375,4.4935765,0.6396442
1250,924189,1.372235,1.734375,2.7206535,0.53669965
1563,906842,3.47422,4.09375,0.38036966,0.18471491
1918,1240159,4.105408,3.453125,1.041468,0.35759947
1918,924189,3.7097,2.875,1.2511076,0.38986424
2010,910920,2.898614,2.8125,2.5376098,0.48285303
1926,910911,0.643074,-0.29296875,1.1456492,0.41743955
1511,906843,-0.331823,-2.796875,1.8681005,0.37965167
2498,906868,7.121215,8.0,0.58283764,0.32862794
1030,905968,4.614282,4.15625,0.6401361,0.2403433
1038,687794,2.188521,2.8125,1.1158965,0.3812779
1042,724831,6.114112,5.40625,0.5540796,0.26223803
2148,906836,0.406417,0.9453125,1.2790691,0.39291388
1815,1330947,4.667684,4.4375,0.4290481,0.20410943
2055,910952,0.327239,2.5,1.6668367,0.49534798
2499,1303900,10.23508,10.25,0.73181385,0.484737
1580,1331048,3.625627,2.859375,0.5016287,0.21926664
1806,753608,6.044442,6.40625,1.8217081,0.46369106
1812,910851,1.040465,2.40625,2.874357,0.53554386
1494,1298157,-2.660308,-3.953125,2.55893,0.520048
1073,753622,3.563165,5.125,2.0446723,0.4837031
1933,907299,2.174828,4.40625,1.3696393,0.37110466
1930,905972,0.165895,0.25390625,0.8247413,0.32894436
1372,910851,-0.643622,-0.9609375,2.809775,0.5502401
1779,907299,1.089153,0.48828125,0.9986328,0.3730703
1010,753612,4.181662,1.984375,1.3675848,0.3790819
2359,1330935,4.172784,4.5,0.77672434,0.28160912
1033,1298168,5.498171,4.40625,0.49775308,0.22784182
1778,753575,4.301642,3.484375,1.7283858,0.42856672
1180,1240127,-3.303563,-3.984375,1.3698324,0.33385196
1038,753554,2.119669,2.984375,0.88672787,0.3396793
1168,1240127,4.209073,2.3125,1.1429757,0.38861907
1852,910920,5.058132,4.6875,0.7260472,0.24929628
1549,910399,1.877271,3.828125,1.7675433,0.4252913
2359,909750,5.785783,5.375,0.6106654,0.24729069
1036,1503365,6.911215,5.15625,1.3509623,0.38141996
1259,909749,5.906779,2.390625,3.9650953,0.6012726
1053,687596,4.20219,3.140625,2.4663434,0.5418055
1917,910567,0.888553,1.0625,1.4288806,0.3960725
2499,924239,9.247586,10.125,0.84281063,0.5211658
1560,906843,4.045392,2.5,1.3369826,0.36722922
1812,925338,3.88799,2.53125,2.1978211,0.4751761
1624,1674021,3.504924,2.484375,3.2595189,0.54381233
1021,905982,4.714834,3.03125,1.4969548,0.3793605
2499,946359,11.033712,10.0625,0.8507214,0.5030102
1194,924189,3.761015,2.859375,1.8047911,0.43057945
1629,688013,3.924275,3.734375,0.80416405,0.26552463
1811,925340,-2.726136,-4.28125,2.3802588,0.46275297
1936,688013,2.242734,1.8125,1.1352942,0.34709355
1786,1298350,2.360063,2.71875,1.7694538,0.46045455
1237,909785,3.429389,4.1875,0.28547406,0.17317395
1010,946359,3.340828,2.09375,1.7849865,0.4331717
1811,908127,-3.426841,-4.125,2.6017377,0.5132413
1069,910567,3.64558,2.859375,0.78718626,0.30459803
2158,1298538,5.918665,4.125,1.1579483,0.33303627
1047,906843,6.336642,3.75,1.8271668,0.39503944
1930,907066,1.533299,-0.099609375,0.9377666,0.30963844
1557,909745,6.081612,4.71875,0.8845787,0.2691613
1626,906843,0.981975,0.72265625,2.7289495,0.4980978
1786,910933,2.492814,2.53125,1.4853606,0.41361874
1248,998189,-4.60552,-4.6875,2.5733817,0.5839724
1932,1240172,5.313319,2.71875,2.3341432,0.4604533
1578,925340,4.922157,5.46875,0.40677533,0.21395724
1048,998189,3.920149,4.5625,0.6939293,0.2712333
1553,909785,-1.376176,1.578125,1.8204563,0.3935886
1817,687505,-6.225668,-5.21875,0.6207969,0.25720468
1029,906813,5.630478,5.625,0.5650236,0.24198034
1804,1240144,6.802685,5.34375,3.1612558,0.65228486
1936,1659818,1.185536,1.546875,1.2571003,0.36323878
1372,909709,-0.163582,0.3359375,3.4460824,0.6465515
1932,925338,2.589822,2.203125,2.1104553,0.43881553
1852,1240145,5.597848,5.4375,0.46133828,0.209554
1043,1298141,6.022498,5.71875,0.52454305,0.2780415
1931,925346,6.157728,5.46875,0.5406494,0.22229697
1180,907291,-3.797644,-4.125,1.5530511,0.35388213
1917,909249,1.135649,0.66015625,1.3124927,0.35562077
2172,1298365,3.776929,0.578125,2.353726,0.5048766
2159,753612,3.057302,2.078125,1.8579607,0.39233965
1912,1298538,0.250904,3.078125,1.6658224,0.42401245
1819,909785,-6.096011,-5.75,1.1197041,0.34395897
1779,687780,1.953569,1.234375,1.361667,0.45179904
1913,1240172,4.556698,5.0,0.6301141,0.26373556
1010,907269,3.169673,2.515625,1.5183665,0.415155
1634,925338,3.380193,4.3125,0.7662613,0.2792022
1845,687455,0.124319,2.046875,4.5293036,0.6599641
1529,909907,6.99129,0.83984375,5.01166,0.69775116
1630,753622,1.95905,3.546875,1.2065365,0.38141996
1046,687455,2.622425,2.046875,2.389997,0.5445907
1911,1674021,-5.748115,-4.5,1.8079343,0.38476872
1620,906868,4.442149,5.4375,0.5028856,0.22609505
2170,907066,6.02862,3.078125,2.100533,0.44013387
1563,753554,5.847091,5.84375,0.4337981,0.2329212
1026,1240159,1.007171,-0.24121094,1.9655224,0.4810945
1049,924189,3.718507,3.234375,1.0801607,0.3431144
1030,1330935,3.415231,4.3125,0.6678176,0.2718099
1720,909757,3.877566,4.40625,3.7363892,0.59154695
1614,905964,2.451024,2.1875,1.5842909,0.37958056
1034,910920,-4.238072,-3.234375,1.5011783,0.38210455
1940,905964,3.573839,2.578125,0.70945954,0.26770973
1996,687505,3.052066,3.5,1.5297124,0.37442276
1023,925346,3.778858,3.3125,0.5841442,0.2680737
1629,1674021,4.848065,4.34375,0.9618276,0.29128277
1632,925338,4.606189,3.421875,1.048969,0.3161732
2055,906835,3.73183,1.6328125,1.27306,0.42034802
1086,688121,-1.35894,-2.5,4.2313747,0.6287288
1042,924239,4.034676,4.71875,0.61166716,0.24895598
1997,1330935,-2.618592,2.453125,2.5094917,0.49143535
2047,1298358,-0.667061,2.71875,2.6347215,0.57418334
1237,1298168,5.662565,4.375,0.2799624,0.19827594
1012,1298538,2.169638,1.1953125,0.5917593,0.29109263
1259,1298136,5.021535,3.03125,4.2950916,0.6616756
2499,949179,10.767068,10.1875,0.82777137,0.4919565
1620,909731,4.686423,5.6875,0.6513128,0.27822414
1449,906848,3.558933,4.53125,0.7284041,0.27076
1510,907794,3.727111,4.28125,1.2271442,0.3480653
1239,753575,3.137292,1.8671875,2.2747352,0.50784326
1024,713880,0.802588,-0.8125,1.6809517,0.44133863
1578,907063,5.240813,3.96875,0.32772383,0.17733091
1847,909757,7.113086,4.09375,6.20947,0.843105
2159,946359,5.851765,2.234375,2.4454985,0.4588226
1625,909757,5.76132,5.0,0.8713591,0.30970713
1149,1299062,4.223612,1.0625,0.9546176,0.3443891
2156,724870,1.527464,3.515625,2.0071084,0.5293324
2096,910851,1.343624,1.9921875,2.1304722,0.48545468
1618,1298136,3.267023,4.03125,1.4184706,0.39680955
1030,1330947,4.161328,3.59375,0.6247719,0.24668022
1168,908127,2.341473,2.71875,1.3200672,0.44229022
1838,906868,2.837122,3.96875,0.525269,0.25117296
1049,687997,5.709385,3.046875,1.0818958,0.33076805
1004,909699,-1.660472,-3.46875,3.51611,0.5475385
1034,1240172,-1.641793,-3.234375,1.1887989,0.33718908
2499,1298358,10.951015,10.3125,1.1212724,0.6403975
1058,910781,-0.715569,0.5390625,0.8691219,0.3573539
1618,1240192,3.192261,4.625,1.1641878,0.3715903
1627,907269,1.83965,2.78125,1.8875486,0.43187758
2169,909907,5.825014,3.484375,1.5809753,0.42260098
2170,753575,5.105503,4.09375,2.0577369,0.44138664
1019,906696,2.832699,2.84375,1.6799557,0.46780643
1024,910567,-1.063292,-0.89453125,1.8248179,0.43720847
2148,687780,2.679299,2.390625,1.593739,0.47810996
1799,1240145,4.174151,4.5625,1.8256752,0.40758893
1928,1298538,4.125618,4.4375,0.8995911,0.28991926
1083,906868,2.352462,2.296875,1.6226277,0.41301784
1494,1298538,-1.672105,-4.28125,2.1212692,0.45145336
1069,906849,3.045724,3.21875,1.0216718,0.33734286
1799,910920,4.51156,3.46875,2.8232327,0.50841796
1049,724831,4.025553,3.921875,0.95739645,0.3576652
1918,910933,5.487285,3.0625,1.1580195,0.38050866
1375,946359,8.303374,5.6875,1.6105098,0.39419922
1191,907791,-5.404143,-5.34375,0.60890543,0.24533121
1249,908121,4.986499,3.359375,1.9710535,0.46825975
1817,687780,-5.425536,-4.9375,0.9757045,0.3114294
2038,909755,4.73784,4.28125,1.3583381,0.3503511
2109,907271,2.626965,2.65625,0.95228934,0.36663353
1936,949090,4.362798,2.375,1.4309216,0.4567275
1630,907791,5.770675,2.84375,1.1907812,0.35221502
1997,687596,3.80573,4.5,2.829899,0.59296113
1179,946359,2.864657,-0.75,2.0795727,0.4425794
1093,1240192,4.529572,4.9375,0.85008353,0.32893583
1180,906848,-3.803224,-3.890625,1.6231958,0.34545225
1582,907291,3.65011,4.25,0.6793209,0.26957703
1091,1330935,-0.171009,1.5703125,1.4608545,0.40125313
1046,688087,-0.215254,1.7734375,2.0288377,0.4779408
1033,910952,4.38168,5.875,0.6898101,0.28798744
1168,905982,4.805224,2.390625,1.164782,0.37903485
1029,907322,4.668668,4.4375,0.5167547,0.23114276
1053,1330935,2.360142,1.34375,2.0632312,0.44607735
1855,906813,5.079678,4.625,2.0704045,0.43382093
2498,905972,8.344816,8.4375,0.6513023,0.3634727
1018,907175,4.490768,4.6875,0.3745214,0.17908855
1441,1503367,5.484442,2.75,1.8409795,0.47483692
2010,1240172,6.330071,3.734375,2.2789197,0.45625466
1618,910920,3.894828,3.3125,1.3273618,0.346952
1629,1298350,4.614607,4.625,1.0095805,0.33012703
1401,1240153,1.877949,1.140625,1.6628879,0.42141154
1529,910903,-0.080713,0.7734375,3.7577615,0.5820104
1007,687455,-4.2407,-4.15625,3.2992632,0.6063064
1441,753554,3.022635,2.015625,1.3477446,0.41598678
1029,1330947,2.22127,4.1875,0.5477099,0.22808112
2158,907274,2.374761,3.796875,1.6907403,0.42105496
1494,906868,-3.300885,-4.375,1.8989775,0.41384307
1239,908150,4.311802,1.5390625,2.0829124,0.47855088
2159,753575,4.699994,3.453125,1.6644549,0.4056566
1133,905950,2.799719,3.921875,1.0247198,0.33024564
1043,688013,5.073957,4.71875,0.40007618,0.1998661
1838,1240184,4.534618,4.3125,0.54781735,0.27367318
1091,909720,3.750659,2.078125,0.90768915,0.36944056
1706,906835,4.124208,1.1953125,2.9292321,0.5240095
1615,1330947,3.594447,3.75,0.5515095,0.22849797
1941,909731,-4.899182,-4.375,1.8488132,0.4429575
1843,713880,-1.219814,-2.125,3.8718693,0.6062416
2177,1330983,1.566965,1.6875,0.651006,0.27951628
1190,1330983,-3.306794,-1.9921875,6.992469,0.91710526
2172,1290797,2.412424,1.8828125,3.1689296,0.5558616
1038,905964,3.118308,1.75,0.76375633,0.28675732
1005,688013,-1.309713,1.71875,2.7638726,0.43757764
1815,1503367,4.451116,6.625,0.620653,0.289251
1091,1298358,1.060348,2.28125,1.5312662,0.48640865
1997,910780,-1.672986,1.984375,1.9489998,0.40215123
1058,906746,0.344961,0.88671875,1.2044892,0.4259968
2148,1240184,1.012476,1.7890625,1.2520022,0.44499904
1083,909709,3.436651,3.09375,1.8047554,0.4514077
1191,909785,-6.201113,-5.75,0.46598417,0.22804524
1083,907322,2.130874,1.2734375,1.483107,0.3742087
2438,753620,7.417311,10.125,0.9999016,0.6581238
1131,907278,3.092775,3.578125,3.1679103,0.5417106
1057,909726,-1.926498,-2.8125,1.279583,0.32570046
1917,906696,2.194913,2.0625,1.4003143,0.42811817
1614,905968,2.424106,2.609375,1.7794925,0.39727843
2171,753622,2.16714,2.578125,3.0687878,0.5757637
1034,1240182,-0.04334,-3.28125,1.2462581,0.34075457
1042,906696,4.672676,5.5625,0.6445967,0.2753552
1627,907274,2.333926,3.234375,2.0300221,0.4802374
1025,687819,5.30506,4.9375,0.5253105,0.22786385
1803,910780,6.057721,4.0,3.379846,0.5967223
1050,906848,0.133455,1.4609375,2.012681,0.47613502
1048,1299062,5.77457,4.65625,0.52871346,0.23288615
1802,910781,3.367882,3.28125,0.4374394,0.24038224
2039,753608,3.164145,3.859375,0.8473938,0.33627397
1449,907791,5.946598,4.71875,0.5121286,0.22673863
1594,1298350,5.005162,2.546875,2.0244823,0.47491625
1036,688087,3.969185,4.34375,1.5264735,0.39371762
1854,688025,3.696655,4.5625,0.6957389,0.24364395
1786,1503365,4.79779,3.1875,1.5465747,0.42095035
1043,906868,5.707965,5.3125,0.49225757,0.2323803
1816,1298157,5.597145,3.9375,1.0397098,0.32091063
1043,908121,5.290574,5.71875,0.5553336,0.2676068
1815,909249,3.888634,4.625,0.41402683,0.20418923
1908,1298358,-0.248986,2.71875,2.6347215,0.57418334
1582,909749,3.449887,4.375,0.6386591,0.27774
1941,688025,-3.682202,-4.84375,1.5407869,0.37876123
1918,906868,1.757897,3.046875,1.2692832,0.38621995
1926,910933,0.640597,-0.40625,0.9977768,0.3959509
1614,1290797,3.862788,3.828125,1.8228436,0.42761457
1080,1240144,-4.200978,-4.375,2.3926735,0.48995262
2499,688013,10.243619,10.0,0.66764945,0.45703116
1847,1240127,6.378406,3.671875,5.9935904,0.8204763
1168,909699,0.770173,2.921875,1.637399,0.44770116
2157,905950,4.936557,5.03125,0.7385204,0.26642957
1996,906843,2.566455,2.578125,1.3728694,0.36532655
1940,907066,5.459562,3.265625,0.83355224,0.30372098
1816,906746,5.562502,3.578125,1.0939502,0.3250984
2044,909724,2.754227,2.953125,1.2006226,0.32977518
1248,910899,-5.091106,-5.0,2.5093665,0.5961458
2159,1240153,4.676486,2.4375,2.1437168,0.44573143
1191,688025,-4.420811,-5.1875,0.6542689,0.24688393
1091,946359,4.445238,1.140625,1.5945938,0.41311362
1561,909731,1.564894,1.859375,2.8454728,0.59164375
1062,749710,3.518959,4.0625,2.7462094,0.5844546
1911,910899,-4.17436,-4.90625,1.7886635,0.3898024
1911,1240186,-1.097258,-4.46875,2.0174258,0.41627008
1927,909731,3.405409,5.1875,0.92758685,0.32006732
1779,907322,0.043137,0.1015625,0.9289874,0.30974284
1025,907791,5.486455,4.9375,0.5604923,0.23881781
1939,910952,3.982398,3.6875,1.3807935,0.41816366
1626,909747,2.807054,1.0859375,3.049398,0.5348945
1073,688025,2.19929,4.0625,2.412132,0.46894956
1023,909699,5.359438,3.953125,0.87545586,0.31116322
2048,1240144,-3.885971,-4.25,2.3931143,0.45535862
2037,905972,5.028076,3.796875,1.4120635,0.38962555
1854,687997,5.736178,4.34375,0.6509104,0.24809457
1928,925346,5.656413,4.40625,0.74789894,0.2530475
1093,1298136,4.793141,4.4375,0.98201877,0.33718693
2048,906813,-3.681111,-4.4375,1.9016474,0.39539924
1779,688013,0.369534,0.40234375,0.93277484,0.32504448
1615,1322212,5.168175,4.5625,0.57878953,0.24978183
1559,1303900,-1.236427,-3.765625,1.8719552,0.41123044
1179,1240186,0.968517,0.0078125,1.6655055,0.44720745
1089,906696,4.686993,5.625,2.1028872,0.4733141
1373,909755,6.476991,4.71875,1.2513837,0.34846473
1847,1240198,7.124221,4.1875,5.036382,0.7373929
1049,1298538,2.477918,3.6875,0.9332901,0.325224
1632,1240184,2.982746,3.859375,1.20376,0.35438713
1625,909975,4.526683,4.46875,0.88992244,0.2881933
1129,906849,3.217897,2.890625,1.7866491,0.42988834
1259,925338,4.811066,2.3125,4.1249695,0.606895
1831,908121,3.236302,3.953125,0.6051257,0.27557272
1936,907278,2.443498,2.1875,1.3482971,0.39140952
1827,907269,1.858035,0.84375,2.8002026,0.5366229
1809,749710,2.671403,0.890625,3.1155539,0.57254606
2173,687568,5.441024,4.3125,0.79287916,0.28746623
1617,907795,4.827195,1.46875,5.3619466,0.71114016
2170,910911,5.83038,3.96875,2.0867293,0.42730382
1375,908150,6.904965,6.6875,0.8729212,0.32939088
1032,906827,1.316833,1.421875,1.915715,0.49851528
2174,907175,0.866113,0.7421875,1.2597456,0.36741406
1838,1298365,5.0303,2.96875,0.43801078,0.24824172
1932,724859,3.321148,2.1875,1.9055456,0.42542025
2170,1240127,3.770375,3.734375,2.064037,0.44273806
2158,688087,5.312652,4.0,1.3452562,0.36782283
1079,910399,-3.148041,1.2890625,2.8568456,0.5805931
1817,909757,-4.595311,-5.25,0.8267483,0.29531148
1847,925340,4.291489,4.15625,5.884696,0.80556947
1847,907169,6.549329,3.515625,5.900974,0.7826298
1085,1240127,3.223292,2.21875,1.0972714,0.39389136
1786,949179,2.79574,2.09375,1.8494301,0.4338514
1073,907274,4.107097,4.53125,2.5259929,0.54182804
1594,687505,1.071371,2.21875,1.9967008,0.43863454
1020,924100,6.19979,5.625,0.6007656,0.2721871
2048,925340,-2.163151,-4.0625,2.857925,0.49808812
1799,905968,0.261034,2.78125,2.5239377,0.46067828
2172,909907,4.139253,2.171875,4.3459797,0.6556379
1854,1240223,6.866441,5.375,0.66800046,0.27746654
2157,906746,5.545075,4.90625,0.7076124,0.26303136
1578,906696,5.582339,5.59375,0.438391,0.23237543
1910,910920,0.165227,0.88671875,3.2769625,0.5901272
1022,908461,0.841112,-0.28125,1.6192236,0.46140322
1910,688013,-2.531163,0.25,2.7656002,0.501389
1047,906827,4.163796,4.9375,1.9836044,0.44284722
1073,753575,6.376076,5.09375,1.8788866,0.4463638
1133,1298358,5.476154,4.40625,1.1893182,0.39079297
1093,909757,5.647853,4.5625,0.8542857,0.300648
1003,1298157,-1.127505,-2.828125,2.522338,0.48337367
2173,907794,4.760949,4.4375,0.8063761,0.2938188
1005,909709,4.213467,4.21875,3.100248,0.50507194
1814,906827,6.13938,6.21875,0.81155795,0.3236862
1625,907175,4.494789,3.890625,0.8379916,0.28077018
1618,908150,3.450715,3.984375,1.0984081,0.32489246
1580,1674021,4.994929,5.0625,0.5623086,0.22541238
2037,1240160,4.799764,3.609375,2.4598486,0.49991187
1564,909731,3.787681,2.4375,3.750578,0.64539224
1373,924248,4.529243,3.703125,1.8394871,0.40409786
2048,753608,-4.385505,-3.203125,3.6483655,0.5744052
1814,688025,5.164362,5.5,0.80050117,0.278951
1843,753575,4.50549,-1.296875,4.096517,0.63447756
1029,909257,5.154083,6.0625,0.5288659,0.26901278
1632,905972,4.841537,3.984375,0.9768283,0.31481117
1200,906843,3.484193,2.453125,1.0849408,0.31495738
1620,909749,5.598312,5.4375,0.47482374,0.21734612
1909,1330935,2.081167,0.6171875,2.7536619,0.52770394
1067,1330947,2.633665,4.0625,0.3722346,0.19080979
2040,909755,1.385829,0.625,1.4753314,0.43638065
2045,906836,2.78127,3.953125,1.124977,0.3104108
1046,924239,0.5569,1.1796875,2.1860487,0.46523988
1096,946354,-1.577401,1.8828125,2.4703991,0.4945901
2045,1298136,6.221475,5.0,1.0846965,0.33639693
1933,1240160,5.662244,4.875,1.9353416,0.4446464
1939,925346,2.444174,2.875,0.94386476,0.33217347
1268,910781,3.187295,4.1875,0.56085783,0.25022805
1618,907175,2.468811,2.78125,1.2827549,0.33679092
1576,909975,3.452473,2.15625,1.3060615,0.3721666
1819,1240198,1.694568,-4.1875,2.590708,0.52256393
1613,1674021,1.446274,2.6875,2.7127523,0.50195384
1372,1298365,1.505465,-1.203125,2.1995795,0.49507743
1033,749716,3.978855,5.25,0.72421277,0.26126796
1926,688025,2.619431,-0.578125,1.3323089,0.39593348
2177,925346,1.927242,1.7734375,0.46148452,0.27673796
1720,908150,4.646891,4.0,3.143949,0.50921786
2106,1298157,4.034041,3.359375,1.9682506,0.46366805
1917,910399,1.00613,1.9921875,1.3856581,0.40603152
2170,1299062,3.865487,3.859375,1.6873409,0.3860694
1051,1299062,3.633192,1.0859375,3.2481508,0.5734711
1006,909907,4.863325,2.5625,5.533053,0.82214165
2159,724831,3.421482,3.53125,1.4411068,0.40314192
1239,906696,2.472728,2.140625,2.4414728,0.54067475
1908,753622,2.97118,2.453125,2.37519,0.5054934
1449,753620,3.825996,4.3125,0.51915616,0.22634847
1838,687802,6.099841,5.1875,0.69357735,0.33768272
1073,749716,5.746732,4.90625,2.2367747,0.4760355
1032,906849,1.309435,1.03125,2.1910043,0.5075796
1810,908150,2.130678,-1.4765625,3.9587646,0.61314213
1560,1330935,2.740082,2.734375,1.5981288,0.40500018
1401,753608,3.038866,2.453125,1.3286006,0.41401228
2172,713880,1.188806,1.2421875,3.3799508,0.5779694
1852,687590,6.072557,5.0,0.66706884,0.25171387
1191,946359,-2.512043,-5.1875,0.60362566,0.23474993
1561,946359,0.876955,0.96875,3.0580945,0.55817455
1827,1503367,-1.126324,1.5234375,2.776923,0.5909911
1057,1298348,1.407291,-1.984375,1.2045313,0.3546142
1855,907318,4.594545,3.703125,1.4081428,0.35220647
1378,687997,7.67888,2.359375,2.5552182,0.50039
1085,909755,3.938316,2.40625,1.1934717,0.39792714
1786,905972,3.230098,2.84375,1.4060066,0.3969607
1831,910920,4.345737,3.234375,0.49157953,0.2344595
1913,908121,5.253086,5.15625,0.65456915,0.27961516
1809,910952,0.278337,1.4609375,3.3310635,0.59986997
1507,753622,5.32603,5.21875,0.73729163,0.28243464
1931,687505,5.324947,5.4375,0.79364216,0.26984343
2096,1240223,5.871792,2.578125,1.82397,0.47888848
2359,908465,6.649863,5.6875,0.7114179,0.2940018
1621,924100,5.762461,4.6875,1.3703619,0.36962372
1909,907269,-0.634115,0.6640625,2.6625574,0.5139138
1912,907169,1.536957,2.890625,1.9371607,0.4414063
1250,906696,0.79997,2.515625,2.7134166,0.5556318
1004,906827,-2.996897,-4.40625,2.4770691,0.4781118
1830,1240223,3.845728,2.890625,0.70416105,0.3517778
1373,998189,5.714511,4.4375,1.3374789,0.35751343
1621,753612,2.937848,3.578125,1.2066176,0.31399104
1916,687505,0.427763,2.25,1.9349978,0.44827184
1043,687596,4.419633,6.21875,0.8433922,0.37724668
1168,908461,4.05465,2.59375,1.277901,0.43663138
1933,910781,5.14738,4.375,0.96795166,0.31044793
1626,909709,1.98784,2.75,2.9658315,0.55644715
1622,1674021,5.976708,4.28125,0.9631221,0.30446988
1557,687997,4.600567,3.984375,1.1758963,0.30329454
1019,724870,3.433048,2.546875,1.5506401,0.46738353
1080,924239,-4.849584,-4.84375,1.8542064,0.4207714
1627,906813,1.862785,3.203125,1.8495859,0.43388796
1249,1330983,2.620522,2.515625,1.887517,0.4354592
1925,910851,5.060063,5.15625,0.6268052,0.24999839
1927,910899,5.603946,4.25,0.84637976,0.27946368
1916,1674021,2.063312,2.328125,1.7626832,0.42775926
2055,1298538,1.385809,1.6875,1.3004482,0.42939124
1375,909257,6.310822,7.25,0.94959396,0.38454074
1249,907271,3.510619,3.765625,1.4850465,0.41543376
1928,906849,4.02432,3.8125,1.3845046,0.35086322
2498,907794,8.61428,8.375,0.6695071,0.35671473
1047,924189,1.192439,4.1875,1.8663269,0.42006955
1401,1330935,0.946672,1.3671875,1.7479941,0.42238495
1168,906836,0.683345,1.8203125,1.3442594,0.38842332
1632,908465,4.42972,3.890625,1.1621652,0.3536259
1838,1330935,1.422167,3.484375,0.5836377,0.27270007
1614,753554,2.94677,4.0,1.7687789,0.434807
1085,1331048,1.987247,0.7578125,0.7666352,0.2738393
1549,910781,2.638512,3.28125,1.351051,0.3885743
1564,1240159,2.415422,2.796875,2.6644976,0.51428837
1819,906868,-3.884764,-4.71875,2.0727215,0.44812915
1073,908121,6.172487,5.0,2.1565864,0.49343434
1618,909755,4.783418,4.125,1.1800061,0.33624673
1928,907274,1.846997,4.0625,1.3336284,0.36798322
1199,753620,3.186779,2.703125,1.6999117,0.3938105
1810,1298350,-2.03407,-0.7890625,5.126969,0.7543163
1632,924239,2.803499,2.921875,1.1387326,0.32750964
1804,908150,7.014885,5.09375,3.4556353,0.6575337
1529,907063,0.414716,-2.25,2.2212882,0.3751499
1825,905986,-0.445812,-1.40625,1.8412801,0.4430332
2438,905950,10.415861,10.4375,0.9214177,0.601099
1557,1240160,4.616369,5.03125,1.6837991,0.37898654
1843,1240186,4.626525,-1.6328125,4.0765376,0.6313831
1778,910781,0.906106,2.859375,1.3259544,0.38492346
1814,909975,7.219176,5.71875,0.83696574,0.28879815
1806,907169,5.282411,4.84375,2.189889,0.4319965
1068,908461,0.231315,0.021972656,0.98177785,0.40162903
1835,907322,3.420625,2.640625,1.0246971,0.2893048
1941,1503365,-3.961222,-4.5,1.6939229,0.4274005
1032,909755,2.257309,1.28125,1.6927139,0.46493798
1825,1240184,-0.823768,-0.7109375,2.1706734,0.5245211
1372,906868,1.968958,-0.78515625,2.7834213,0.5450792
1529,909757,3.400473,0.8125,4.3411818,0.65830284
1939,909747,3.359891,2.359375,1.4754856,0.38912812
1908,946354,2.299443,1.8984375,2.133345,0.4649186
1621,1659818,3.930373,3.671875,1.1730762,0.32220903
1191,1322212,-4.008936,-5.28125,0.5378139,0.23750174
1922,713880,1.763837,1.6015625,1.4700192,0.416954
1030,907066,6.459891,4.5625,0.5755419,0.24648498
1024,905972,0.102332,-0.25390625,1.3914214,0.4274271
1910,1659818,-1.141422,-0.140625,2.7810044,0.49422058
1922,907169,2.012127,1.8515625,1.3851427,0.40778622
1913,910952,3.952756,5.5625,0.59644973,0.2801225
1627,1290797,3.217516,3.484375,1.6335664,0.41580215
1047,687780,4.921708,5.65625,2.251326,0.49457052
2159,949090,3.500083,3.265625,1.9521521,0.4861559
1849,907175,-0.410131,-1.6875,1.0740838,0.32837972
1080,909257,-5.108935,-4.28125,2.2549052,0.49535677
1249,906835,6.609778,3.1875,1.5137461,0.39743835
1812,906835,3.570454,2.8125,2.243121,0.48115167
1019,906842,-0.791271,0.91015625,1.323161,0.34127796
1932,1298537,1.863346,1.9609375,2.1650653,0.4680942
1909,908150,2.094245,1.2890625,1.9231373,0.46076486
2038,906746,5.30692,4.21875,1.3410556,0.3600889
1200,909755,2.888362,3.65625,1.1409444,0.32064435
1561,906843,1.465924,0.953125,2.4067178,0.49659547
1561,925338,3.829321,1.421875,2.1292605,0.49740833
2055,925346,2.70908,1.6015625,1.1096109,0.40230045
2359,687802,7.378795,6.5625,0.9912931,0.39537275
1239,909975,4.931066,1.2265625,2.8952422,0.53943515
2045,753620,4.013097,3.9375,1.053181,0.29872265
1557,724870,5.539161,5.1875,1.0336901,0.3160301
1924,1322212,1.609162,2.84375,1.8348751,0.42863807
1996,910933,5.666998,3.71875,1.2634243,0.36337212
1026,924239,-1.764062,-0.5234375,2.4088173,0.49702868
2096,1299062,3.340186,2.1875,1.5091563,0.40706033
1022,753608,-1.078376,0.27734375,1.6556487,0.45269102
2040,1298537,1.203599,0.17285156,1.3817662,0.43057945
1067,906842,2.841147,3.828125,0.31198037,0.16924734
1018,1659818,4.012612,4.59375,0.37988037,0.18542944
1073,907169,6.142581,4.625,2.1598506,0.45966434
2039,906843,4.081089,2.375,0.7474439,0.29661053
1050,1298157,2.35793,2.390625,1.3736548,0.4321714
1617,1331048,1.807117,-1.9921875,2.225253,0.41750035
1093,925346,4.843143,4.28125,0.61085564,0.24611695
1249,1240144,2.77254,3.453125,1.4189094,0.3915145
1017,924239,4.503652,3.703125,0.9660968,0.30249462
2499,688025,9.55224,10.125,0.6851406,0.43739775
1093,909699,6.416191,4.96875,0.91440225,0.29900426
1073,1298365,4.583606,3.578125,1.8093809,0.44478792
1003,1240127,1.657261,-3.625,1.9388678,0.40625945
1831,909249,3.265545,2.5625,0.44603693,0.22688103
1927,908465,5.822031,5.375,0.75941426,0.29385176
1806,1240144,6.992345,5.4375,1.8024001,0.4318374
1072,687794,3.72611,5.0625,1.0385838,0.3446005
1598,909757,3.884298,4.71875,0.9212347,0.31322572
1908,910567,4.494664,1.625,2.2991898,0.47805807
1401,688025,0.575463,1.234375,1.6870487,0.41831687
1449,908150,5.922591,5.28125,0.45415398,0.22111443
1931,1298157,5.391731,5.9375,0.7160925,0.2841693
1239,909757,1.600451,1.875,2.639492,0.5530643
1706,1298365,0.852152,-0.026855469,2.1133852,0.47182125
1073,946359,7.654648,3.796875,2.912624,0.5176111
1083,909907,5.294379,2.546875,2.288484,0.48704043
1622,946359,4.441745,3.5625,1.2426038,0.3291815
1250,1240198,3.923441,2.328125,2.3328843,0.5250815
2096,908461,3.083928,2.515625,1.8770474,0.49725366
1129,906842,1.219162,1.765625,1.1546597,0.31570956
1512,925338,4.675444,5.1875,0.34857878,0.19303599
1067,1298136,6.726835,5.53125,0.4639002,0.23596734
1372,688013,2.192935,-1.03125,3.003967,0.5303597
1598,1330983,3.115095,3.765625,0.97327524,0.31518632
1936,907791,2.006424,2.125,1.3426812,0.3790819
1025,909757,6.40755,5.59375,0.59973407,0.26484603
2439,906843,8.844925,9.5,0.37030184,0.30704468
1177,908121,4.651182,4.1875,2.0789647,0.44245005
1175,907169,4.191682,4.15625,1.143311,0.31403342
1803,909720,5.674058,5.375,2.6782398,0.6028135
1799,909757,5.952852,4.40625,2.7271261,0.5263766
1008,946359,0.55412,-1.4140625,4.8187947,0.6955169
1576,910781,1.9045,2.203125,0.79771525,0.32303703
1825,753575,2.133378,-0.9609375,1.9072078,0.4608573
1927,1331048,5.097045,2.8125,0.6078057,0.2436508
1926,1298141,-0.45663,0.3125,1.086509,0.4333492
1084,687590,-3.185362,-3.296875,1.9941864,0.41785055
1932,713880,2.455488,1.8046875,2.468926,0.48349133
1808,687780,-0.639157,0.4375,4.1200953,0.6347167
1049,907169,3.67012,3.484375,1.1644261,0.34767553
1816,909745,5.144665,3.359375,0.96202797,0.30122063
2148,687802,2.20081,2.625,1.6492636,0.534099
1936,724859,4.028124,1.9609375,1.0793917,0.37986937
1080,724831,-2.371742,-4.3125,1.9483873,0.47080788
1581,907318,2.534901,1.5078125,0.8628183,0.31753537
2011,908150,5.523004,4.5,1.0742477,0.30329454
2039,1240184,4.584045,3.234375,0.94650394,0.35715684
1849,924239,-0.808026,-1.2109375,1.2829521,0.35889894
2045,1240172,5.608614,5.0625,0.9809824,0.30134544
1849,908150,1.128249,-0.953125,1.0383992,0.35133666
1025,1330947,3.504729,3.90625,0.5269357,0.22566858
2037,910780,4.53424,2.40625,1.427284,0.3665105
1494,909975,-0.664412,-4.5,2.2016904,0.45429078
1847,910933,0.832721,3.8125,5.2605796,0.74210936
1022,909699,1.590253,0.54296875,2.4264638,0.5246094
1086,753554,0.829599,-2.3125,3.9586914,0.6164586
1441,1240198,2.180224,2.078125,1.3048346,0.42667338
1817,909755,-4.799434,-5.15625,0.6768134,0.25539094
1593,907291,2.474753,0.9921875,1.9318874,0.44755125
1621,905964,3.733378,3.390625,0.9500794,0.29890853
1179,1298358,1.858473,0.94921875,1.9042777,0.5401264
1043,1330947,3.984222,3.921875,0.47401303,0.21697502
1845,687568,3.566326,1.53125,3.6821933,0.54441893
2170,1240172,5.616697,4.0,2.224309,0.45547628
1086,1674021,-2.624415,-2.609375,3.3329709,0.533666
1594,687997,4.230534,1.65625,1.966711,0.4286042
1025,1298358,6.434271,5.9375,0.80791616,0.35314775
1249,1674021,3.138995,3.046875,1.7139108,0.4123867
1053,1240172,4.702928,2.375,1.819256,0.43403038
1918,906842,0.314451,1.7890625,1.026372,0.31082958
1913,910903,4.083141,5.09375,0.5710933,0.25349277
1941,905986,-6.026812,-4.78125,1.3604499,0.37197715
1917,713880,1.110233,1.125,1.4390776,0.40817773
1133,907791,2.969277,3.078125,0.95957434,0.3077611
1026,1240198,2.866476,-0.08300781,1.9323273,0.5096105
1630,905982,2.480565,3.3125,1.1271212,0.34955406
1029,910899,5.712603,4.90625,0.6079099,0.24617483
1037,907791,3.902473,1.5703125,1.7601922,0.40777543
1926,1298538,-0.338801,-0.296875,1.0351566,0.396538
1816,905964,3.0865,2.21875,0.99570465,0.29590195
2055,724831,1.3303,1.828125,1.1314524,0.43781024
2159,687819,5.160185,2.546875,1.9044374,0.421746
1561,907794,2.108761,1.8828125,2.126072,0.509386
1627,1503365,3.072346,4.15625,1.4950519,0.4087803
1062,1298348,3.998744,3.890625,2.1888034,0.50287944
1927,949179,3.459525,4.6875,0.8159143,0.26940438
2170,907274,2.423359,3.453125,2.598352,0.52020705
1080,910911,-2.541896,-3.96875,2.8074234,0.5159208
1020,946359,6.457764,4.75,0.70913357,0.25582796
1924,909975,5.022836,3.1875,2.118672,0.4273509
1004,907271,-2.730696,-4.125,2.66192,0.5065067
1549,1674021,5.713238,3.453125,1.8611135,0.4311554
2158,909907,4.637813,4.125,1.901108,0.4176348
1817,906746,-5.212793,-5.25,0.6927949,0.2721599
1909,906836,1.358289,0.34765625,2.4879243,0.4907895
2106,908121,0.72424,3.140625,2.4530437,0.5261803
1803,1503367,3.365302,5.875,3.9376092,0.75459224
2057,1240159,5.4774,4.96875,0.7086182,0.27697465
1463,907291,1.86391,3.421875,1.5640372,0.39119896
1933,1290797,4.547966,4.84375,1.2357078,0.34727606
1375,749710,7.77355,7.125,1.0076,0.3998491
1441,907271,1.616773,2.328125,1.2364812,0.41631433
1843,908127,-0.740976,-0.70703125,4.516615,0.7273358
1720,909975,6.401405,3.234375,4.401665,0.61282426
1089,909785,0.79708,2.125,2.3446724,0.42223713
1024,687794,0.222511,-0.24511719,1.9311064,0.49588642
1017,910399,4.158122,4.75,0.8964958,0.2917311
1786,687505,2.561679,2.328125,1.7817996,0.43055364
1052,909749,5.127488,3.1875,1.4193903,0.38458475
1809,1298365,1.921073,-1.015625,1.9896995,0.44420794
2047,1240192,3.866841,2.875,2.0672908,0.49112266
1736,1240144,4.485508,3.890625,2.3085184,0.5112314
1091,907318,1.897281,1.0078125,0.8391843,0.31825316
1847,1303900,4.080423,3.171875,6.0223618,0.83487415
1853,1240145,5.181102,4.8125,0.643274,0.25527245
1919,1674021,2.503527,1.0078125,1.2081863,0.39315912
2010,687780,3.67433,4.53125,2.7302327,0.5195051
1873,909907,2.738937,0.59375,1.0485636,0.40778622
1706,909749,3.291146,0.9296875,2.8890936,0.5420497
1941,909785,-4.530159,-5.5625,0.92790025,0.30489478
2109,1240223,5.706868,2.53125,1.0118973,0.3761392
1908,910911,2.48771,2.234375,2.3184578,0.48206437
2110,907271,4.221935,5.0625,0.7090719,0.29829895
1010,907791,3.231604,2.6875,1.3938981,0.3953631
1026,906842,-0.406456,-2.296875,1.7136254,0.3509026
1061,1240153,-0.295065,3.765625,1.3757806,0.3426187
1916,907291,1.807887,2.03125,1.9648919,0.44588906
1931,907175,4.744686,4.46875,0.8594907,0.2730183
1915,909724,2.365403,1.9765625,1.5719517,0.41088402
1072,749716,3.679956,5.03125,0.9594597,0.3137378
1873,724859,1.327509,0.005126953,0.6343358,0.34059685
1910,688025,-2.541733,0.58203125,3.4144335,0.57313263
1072,687455,5.016114,5.25,1.0905881,0.3781689
1931,907791,5.271826,5.0,0.85500044,0.28231013
1802,1240145,4.010359,3.9375,0.48048362,0.24377386
1917,909724,3.4187,1.109375,1.4272898,0.3884831
1831,687455,4.077382,3.875,0.56944525,0.28447783
1149,908465,1.528252,1.1953125,1.2278559,0.40150183
1039,910399,5.329569,5.625,0.63736373,0.2594148
1083,688087,2.785277,2.46875,1.610038,0.42651948
1378,753612,7.359522,1.9140625,2.6201355,0.4881779
1779,909720,1.133837,0.8828125,0.7285879,0.35472834
1511,909249,-1.528899,-2.9375,1.7068398,0.35218462
1558,906813,2.77268,2.671875,1.9132918,0.44883248
1259,910952,2.357036,4.09375,4.044385,0.640309
1047,688013,4.876165,3.953125,1.5978361,0.3625938
1029,906843,5.685127,4.875,0.5167721,0.22996925
1617,1298538,4.827577,1.5390625,4.401182,0.6101316
1838,1240223,4.693837,4.5,0.51497364,0.27367318
1558,1290797,2.765818,2.890625,1.7647425,0.43948418
1038,1240153,3.680767,2.234375,1.0687354,0.34947032
1054,1240160,6.391901,3.703125,1.9806634,0.4282259
1917,905982,3.00206,1.71875,1.2443762,0.38591835
1026,910399,-1.224243,-0.048339844,2.4331005,0.5302442
1038,724870,2.707436,2.9375,0.92104614,0.3600055
1930,687568,0.993186,0.14941406,0.88224983,0.33626965
1088,1240172,4.134794,2.28125,3.4867563,0.51299655
1018,909907,6.189043,5.6875,0.50760263,0.22588874
1909,687505,2.466909,1.109375,2.3109026,0.49962473
2047,1298136,3.312811,2.1875,2.4299629,0.5469317
2039,908121,2.625092,3.28125,1.07626,0.37690032
1621,909726,3.761434,4.09375,1.0222911,0.29815868
1930,753575,2.22913,0.32421875,0.9681079,0.35451123
1916,1298350,2.322178,2.578125,1.9233129,0.47690043
1179,910911,1.655242,0.30078125,1.6198626,0.43890285
2154,1240223,4.557484,2.46875,0.51574177,0.2893048
1131,924189,2.978531,3.578125,3.328295,0.56913626
2170,687505,2.377033,3.65625,2.3133183,0.44973886
1924,688025,3.88039,2.96875,2.0783186,0.422374
1802,1330935,3.432973,2.890625,0.5947332,0.2646628
1250,1330935,-2.940232,1.5390625,3.075901,0.55764496
1030,1240192,4.983494,5.65625,0.66432285,0.30486903
1613,905964,1.268346,1.15625,2.5549653,0.4760355
2096,910933,1.710591,2.203125,1.704242,0.44945782
1817,924239,-5.716784,-5.46875,0.67021555,0.26596373
1080,909785,-4.595014,-5.625,1.0803591,0.32105944
1259,949090,2.388257,2.96875,4.4939537,0.70364505
1007,924100,-3.695112,-4.125,3.2882884,0.58824104
1083,906843,3.324402,1.578125,1.5117463,0.38479447
1561,905950,1.811739,1.8828125,2.38404,0.53224593
1615,753575,6.610704,5.4375,0.49899164,0.23017459
2439,909720,9.102007,9.625,0.37561098,0.31163684
1057,753540,-2.069074,-0.765625,1.873951,0.54147756
1855,906746,5.382741,5.03125,1.8467377,0.43321982
1854,909720,5.741615,5.15625,0.51429236,0.240299
1909,687794,1.533827,1.4609375,2.6761968,0.55644715
1030,910899,5.870024,4.28125,0.68621486,0.26286867
1268,909731,3.64099,4.4375,0.8992357,0.31803653
1006,909709,3.162882,3.578125,3.952239,0.6932618
1816,907794,5.802711,3.765625,1.0852078,0.32555434
2171,909731,0.130242,2.390625,3.482227,0.63558877
2171,906843,4.520447,1.1484375,2.9345944,0.53563285
1050,909745,1.983981,1.8125,1.1143032,0.37887022
1013,910933,3.562549,2.921875,1.3324564,0.38862064
1849,909907,2.021195,-0.640625,1.6663998,0.43751797
2047,1298168,4.521941,1.6328125,1.5053406,0.4230521
1578,753608,5.554206,5.875,0.4194739,0.23409611
1614,910952,1.826658,4.6875,1.8478864,0.4621957
1830,909249,2.080472,1.84375,0.62177175,0.2905179
1033,910851,4.124821,5.0,0.7554779,0.26326174
2011,1298141,5.591706,5.03125,0.99189395,0.33396357
1940,909709,4.051178,4.25,1.078549,0.3543958
2040,906848,0.552684,0.16308594,2.175797,0.4818397
1250,1330947,-1.22012,0.61328125,2.4542303,0.4703217
1629,1240160,3.608293,4.5625,1.4638091,0.37259275
1593,1298538,2.651633,1.5078125,1.5661118,0.42820966
1736,1240198,6.249848,3.8125,2.483573,0.5412436
1831,1299062,6.26207,3.796875,0.4241869,0.2283479
1061,909724,2.646338,4.0,1.1323673,0.29863793
1030,1240198,6.552795,5.3125,0.58490485,0.2616261
1012,1240127,1.957052,1.0625,0.5715857,0.28334942
1918,906827,4.284178,3.234375,1.3895367,0.4148893
1803,998189,3.681665,4.96875,3.8516104,0.69827706
1931,910911,5.825566,5.71875,0.6844895,0.25316763
1061,907791,4.421659,3.859375,1.1750358,0.316939
2055,924100,2.503751,1.7578125,1.7833785,0.49208114
1023,910780,2.878157,2.40625,0.5808217,0.25194296
1614,1240198,4.414759,4.0,1.6759237,0.43035835
1061,907271,4.589598,5.09375,0.96965307,0.32488352
1067,909724,5.450724,5.0,0.34813172,0.17708059
1817,909720,-5.290941,-5.1875,0.6701095,0.26999062
2055,907278,2.027062,1.515625,1.6735041,0.43938324
1819,1298136,0.956282,-4.15625,2.8055208,0.56168365
1080,906836,-5.238661,-5.03125,1.609122,0.3904938
1558,924189,0.962452,2.515625,1.7723008,0.44136646
1373,906835,1.811461,4.625,1.1233194,0.3245828
1011,906835,1.736668,1.2890625,2.1554248,0.47732818
2158,907278,3.134201,3.546875,1.3847371,0.35874578
1919,909750,1.758546,1.078125,1.0933465,0.37912545
1449,907274,5.241137,5.03125,0.64057183,0.27644455
1061,687780,5.229759,5.34375,1.3674117,0.37558717
1720,1240172,6.179191,4.3125,3.3906822,0.5429066
1372,1240127,2.673135,-0.7109375,2.7564597,0.5559972
1831,925338,4.386088,3.59375,0.47790793,0.24184327
1049,906696,4.083156,4.03125,1.1878726,0.37193486
2159,910952,3.674476,4.03125,1.7596496,0.43821585
1862,724859,-0.982248,-1.671875,0.2626528,0.19350392
2011,909747,7.055161,3.734375,1.4966041,0.34815857
1060,687455,1.61357,1.546875,3.654784,0.7003924
1583,907271,2.770131,2.609375,0.48948368,0.28793857
2109,749710,2.781813,2.59375,1.0822382,0.38657156
2498,949090,8.113605,8.5625,0.7306159,0.38330343
1249,906842,1.744494,1.375,1.4157851,0.3406542
1049,724870,4.154245,3.828125,1.0665784,0.37350988
1069,907794,5.207783,3.875,0.8100086,0.31342903
1511,724870,-1.363207,-1.453125,2.0614595,0.49390548
2048,907063,-5.514195,-5.625,1.0648556,0.29652345
1917,907175,0.180459,0.66796875,1.3595476,0.37513503
1852,910781,5.316913,4.84375,0.48179165,0.223385
1909,907278,-1.562794,1.0234375,2.4410114,0.49608362
1046,687794,1.932046,1.7734375,2.4441006,0.52842253
1086,909699,5.271367,-0.44140625,5.408187,0.7313614
1013,688121,4.481187,2.53125,1.6889892,0.41879803
1131,910567,1.976923,2.921875,3.5984554,0.58969015
1024,910903,-0.687531,-0.1796875,1.5420976,0.44352102
1016,1330983,0.957726,0.28125,2.544932,0.47416615
1022,906696,1.485113,0.028564453,1.8004642,0.47483435
1004,1240172,-1.551155,-4.4375,2.138553,0.43461534
1803,1298538,5.726691,5.09375,3.09055,0.6141764
1062,1298358,-2.123485,4.1875,3.3384504,0.6733887
1259,908150,4.866788,2.71875,3.9981296,0.59407145
1237,1331048,4.455105,3.21875,0.30401328,0.18992205
1786,688087,3.201666,2.609375,1.6212572,0.42377174
1855,924100,2.837072,4.9375,2.0567503,0.45547628
2048,1298168,-0.993217,-4.8125,1.38895,0.38324788
1449,910903,5.190596,5.53125,0.48019525,0.23499991
1012,1503367,1.578677,2.15625,1.1288981,0.39729214
1862,906836,-2.721762,-1.703125,0.26804405,0.17664757
1810,908121,3.591268,-0.31640625,5.526547,0.80915946
1779,906848,0.428368,0.43359375,1.3827956,0.40709525
1583,687780,2.938245,2.90625,0.6978762,0.30897608
2055,998189,0.640868,1.5078125,1.4408871,0.44262233
1072,1298157,4.826021,5.28125,0.7770428,0.29616997
1030,907791,5.476149,4.59375,0.6051442,0.24881507
1072,753554,4.762914,5.09375,0.8016547,0.30249897
1553,688121,2.201189,2.59375,2.5196717,0.5044548
1268,909785,3.063853,3.046875,0.6467999,0.23567414
1618,687780,4.015371,4.78125,1.507478,0.39579263
1720,906868,5.858221,3.71875,3.5415335,0.5514975
2170,688013,3.488149,2.921875,1.9702716,0.41283962
1043,910780,4.514282,4.34375,0.38293862,0.1968031
1808,910920,2.019349,-1.078125,3.3727899,0.5627103
1786,906843,2.530347,1.96875,1.4693826,0.38236883
1131,906813,5.283515,4.25,3.3302236,0.542538
1020,909975,5.39502,5.125,0.57058287,0.23700231
1720,906836,-2.680074,2.03125,4.2909307,0.6135991
1511,909257,-1.793261,-1.4453125,1.8107338,0.45093766
1927,910952,4.151038,5.90625,0.75070465,0.29941514
2154,907794,2.462043,2.328125,0.5388694,0.2878511
1249,724831,2.374336,3.46875,1.3629514,0.40887538
2047,1240153,0.629153,1.6171875,2.6562352,0.5126936
1786,910899,3.664446,1.9453125,1.9155811,0.43648914
1913,1240144,6.387189,5.0,0.52171904,0.24819542
1052,1298350,5.110135,3.625,1.6801227,0.43720847
2170,1298168,2.666788,3.0,1.5051644,0.3987371
1808,1298358,0.90733,0.28515625,3.616826,0.6557118
2173,907066,5.141377,3.671875,0.7858424,0.28350154
1802,907299,3.268518,3.15625,0.53799814,0.26464695
1831,910780,3.549969,2.8125,0.40684232,0.21788587
1853,909249,3.716407,3.296875,0.87713534,0.28543094
1004,688087,-3.668628,-4.6875,1.8349881,0.3936068
2044,749710,3.25651,3.859375,1.2650484,0.3849314
1838,1298358,5.494639,4.59375,0.64282256,0.32529765
1199,1240223,4.804679,4.375,1.6577321,0.42010495
2177,753612,2.795368,1.296875,0.5922129,0.26286718
1048,924248,3.461794,3.953125,0.896579,0.29034895
1808,909745,2.381212,-1.3515625,2.301912,0.4507849
1940,1298365,5.042508,2.640625,0.6297827,0.28387424
1560,687802,6.181413,4.375,1.9030217,0.5132965
1615,1240172,5.830868,5.4375,0.5569653,0.24345475
1720,1659818,1.821641,1.75,3.8411126,0.5518206
1909,909724,3.294018,0.7421875,2.3607774,0.4834212
2106,907322,3.82377,1.8671875,1.9559265,0.436668
1069,753540,3.790074,4.5625,0.85317886,0.3607571
1911,907169,-6.276638,-4.5,1.7672548,0.38513684
1091,1240159,1.901055,2.140625,1.0519298,0.3757455
1706,909755,2.753506,1.4921875,3.076612,0.53620154
1013,905964,2.645776,1.796875,1.1662214,0.33541566
2172,907795,1.468207,1.90625,3.8126411,0.63609433
1812,906848,3.398502,2.171875,3.345189,0.57929504
1940,924189,3.56524,3.296875,0.8697429,0.3137696
1079,907066,4.718705,0.61328125,2.782651,0.5529885
2111,1298141,5.837956,3.984375,1.7785528,0.44100603
1038,1298157,3.28681,3.15625,0.91708046,0.34605408
1022,909257,-0.51902,-0.359375,1.3031307,0.40221652
1033,753620,5.363328,4.25,0.66534495,0.244861
1631,749716,4.729447,3.40625,2.4887838,0.48037297
1808,925340,-0.882446,-0.58203125,3.2929332,0.55613834
2156,906835,5.383184,3.140625,1.7747854,0.4597961
1919,909747,3.369022,0.61328125,1.390221,0.40357998
1016,925340,4.006593,0.65234375,2.4686203,0.49058205
1089,688013,-0.701417,3.609375,2.211919,0.4331616
1581,909749,2.287551,2.234375,1.176867,0.39431083
1502,910899,3.716389,4.0,0.7825889,0.27815554
1909,907066,2.683108,0.80078125,2.179498,0.47121456
1778,907322,3.50157,1.921875,1.6995387,0.41067618
1131,946359,2.381763,3.09375,4.393354,0.6282456
1131,924100,3.353132,4.53125,3.273944,0.563374
1072,906813,4.022653,4.78125,0.9288571,0.3037309
2171,924100,2.276989,2.375,3.4054155,0.61325955
1802,1240223,5.074584,4.03125,0.5703972,0.2849534
2173,924100,3.563924,4.25,0.9537972,0.31493157
1021,749716,2.113821,3.109375,1.8613245,0.4312043
1079,1503365,0.047323,1.5078125,2.6414752,0.58971936
2106,1298348,5.553238,3.234375,1.7051816,0.43594468
1631,1298365,2.177889,1.8671875,1.5591725,0.41119877
1814,1303900,6.03691,5.6875,0.79171544,0.31577212
1803,1298348,2.487685,5.34375,3.0507774,0.6392427
1067,724870,5.355924,5.5,0.40029612,0.22053808
1925,906827,5.01537,5.4375,0.6097003,0.26718825
1776,910903,3.359139,4.5,0.9429969,0.31288493
2109,906746,2.410647,2.421875,1.0507307,0.36978272
1494,687780,-3.589872,-3.375,3.1837778,0.5548788
1401,753620,3.268164,0.89453125,1.4176743,0.38762358
1843,906848,-0.272965,-1.9921875,4.6243877,0.6674573
1624,906868,4.764083,2.53125,3.3053384,0.55482036
1268,1298537,3.78224,4.0625,0.75224227,0.28671724
2159,909709,5.293301,3.875,1.9360328,0.44665205
1034,906843,-2.355015,-4.15625,1.0537118,0.29074684
2154,909750,1.988992,2.03125,0.494704,0.2649405
1854,1298157,4.791255,5.28125,0.60645336,0.25126195
1559,1298350,-2.155727,-3.34375,2.0807858,0.43939292
2043,910899,5.865755,4.34375,0.65115947,0.24694642
1786,1298365,3.887833,1.65625,1.0986558,0.36631364
1576,909720,2.450092,2.875,0.79379517,0.33055764
1179,1240153,0.182115,-0.59765625,1.8796911,0.4354592
1029,907175,4.947293,4.84375,0.53326446,0.22037779
2040,946359,4.051026,-0.17285156,2.0027652,0.43996677
1557,1240144,1.942574,5.15625,0.9108122,0.28932065
1200,1674021,3.761989,3.34375,1.2184222,0.32277545
1091,1298537,1.132352,1.46875,1.169604,0.40159634
1047,909257,4.944279,5.25,1.5873936,0.41492033
1062,925346,3.552104,3.515625,2.0119832,0.4622548
1855,905986,4.576597,4.78125,1.7817413,0.41973135
1372,1298350,0.745938,-0.10839844,3.1223793,0.6159476
1617,909755,5.151365,1.7109375,4.5106983,0.60518503
1620,908150,5.160418,5.53125,0.46605653,0.21888335
1020,910781,4.776792,5.125,0.40727246,0.22208327
1249,753575,4.134978,3.390625,1.591708,0.4105433
2011,905950,5.105346,4.65625,1.2375888,0.3368498
2106,753608,2.133269,3.859375,1.9555132,0.4665381
1057,688121,-2.53431,-2.265625,1.7746395,0.4094178
1463,906843,3.968749,3.0625,1.3284074,0.36487386
1913,909755,4.770524,4.96875,0.5942237,0.25383714
1853,687780,5.668665,5.40625,1.1064029,0.35657036
1042,924100,6.456464,5.4375,0.66275656,0.2670281
1084,910899,-2.713688,-3.765625,2.0149262,0.3861347
1022,1240145,-0.247835,-0.20507812,1.5952116,0.4503793
1032,905986,1.856072,1.1015625,1.5914847,0.45140627
1022,949179,1.29965,-1.125,1.8784729,0.42803356
1997,910952,3.412274,4.5,2.1018825,0.47894022
1919,1240186,1.769005,1.0703125,1.2448056,0.39924237
1079,909975,-0.908666,0.578125,3.332367,0.6041409
1845,908150,2.087298,1.328125,3.5625508,0.5241479
1912,687794,2.674366,3.203125,2.3366184,0.50921786
2096,1503367,-0.73844,2.9375,2.3713024,0.52940226
1830,909785,2.431275,1.703125,0.5674569,0.266506
1909,749710,3.910819,1.828125,2.1971745,0.5219789
1706,909747,1.068533,0.24609375,3.2498884,0.5263766
1034,905950,-1.018269,-3.203125,1.1956698,0.3422926
1632,907271,4.543547,4.25,0.97979957,0.33313814
1014,1240144,3.175415,2.1875,2.7182798,0.55662775
1129,910399,3.787891,3.6875,1.3516062,0.3729438
1004,909249,-5.775805,-5.46875,0.99334437,0.2965938
1061,1240144,6.31852,4.75,0.9435261,0.30852762
1022,1298348,-0.035175,-0.28515625,1.2859682,0.39315912
1629,1330947,3.451205,2.703125,0.9428157,0.28552517
1021,909731,1.109596,2.953125,1.9155607,0.45700642
1047,909745,6.43392,4.5625,1.4363776,0.3592686
1375,907795,7.234704,6.625,1.4682437,0.4342842
1812,905964,2.238112,1.859375,2.220798,0.4582333
2045,907175,3.309149,3.859375,1.0592673,0.29361913
2043,687455,5.454091,5.5,0.7416643,0.30650148
1016,906696,2.145118,1.015625,2.3530293,0.49688172
1838,910780,2.465452,2.984375,0.44262254,0.2263073
1631,909907,5.764964,3.28125,3.0533974,0.54262835
1463,909747,7.500059,3.21875,1.7863351,0.42081353
2045,907271,3.963107,5.40625,0.8364976,0.301776
1017,687997,5.635696,3.484375,1.0067961,0.3049012
1582,925340,4.739955,4.8125,0.63438606,0.273775
1072,1298136,6.153517,5.03125,1.041496,0.35238448
1615,906835,7.373174,5.3125,0.46425512,0.21580772
2047,910911,3.102052,2.234375,2.3184578,0.48206437
1916,907066,4.758515,1.9765625,1.6771737,0.41586828
2159,724870,5.21213,3.390625,1.7254732,0.43919578
1812,908465,4.934712,3.125,2.6627622,0.549427
2037,910952,3.723114,4.21875,1.6489149,0.44076148
1849,907291,-1.121518,-1.21875,1.2715014,0.37964618
1373,910399,4.600889,4.875,1.189838,0.33438513
1931,910903,3.054548,5.875,0.71110684,0.28219077
1168,910933,2.482993,2.328125,1.1540977,0.39240062
1830,909747,5.530736,2.140625,0.8022728,0.34358606
1918,1290797,2.801389,3.15625,1.2339382,0.38821456
1622,1330935,2.092837,3.453125,1.024534,0.3207919
1003,909731,-4.621831,-2.796875,2.7100868,0.5084645
1782,910780,4.799455,4.15625,0.5758317,0.22621168
1804,907269,4.845295,4.46875,4.145592,0.72250676
1626,906827,2.334952,2.15625,2.8772316,0.5513845
1131,910933,4.319203,4.5625,2.724603,0.49395642
1239,906836,-0.974434,0.64453125,2.5737877,0.50037754
1908,909249,2.686625,1.25,2.0883687,0.4342232
1825,1298538,0.291972,-1.1328125,1.8738216,0.4547298
1061,905972,5.563414,4.84375,0.94481397,0.30302703
1849,925338,-0.976923,-1.1484375,1.0400339,0.34846473
2170,687590,6.043092,3.53125,2.253688,0.45801413
1168,946359,2.852079,1.7109375,1.5872538,0.40758893
1940,909757,5.407134,3.890625,0.958065,0.33221564
1808,906696,0.036259,-0.07910156,3.2777302,0.5863523
1048,749710,5.469438,5.0,0.7174421,0.30105248
1917,1298538,1.389452,1.6796875,1.2025049,0.39131036
1088,907175,1.467395,-0.24707031,2.8345146,0.436668
2173,753575,4.188185,4.40625,0.767328,0.28380656
1624,909731,2.327784,2.890625,3.8069854,0.63515073
1375,1298157,6.832485,7.09375,0.9214316,0.35475326
1799,909731,3.750793,4.1875,2.987029,0.56436765
1190,1330947,-4.664509,-3.390625,4.8644185,0.7415011
2499,1503367,9.441573,10.3125,1.0340472,0.60438865
1133,1240223,5.920847,4.25,0.92846,0.3316425
1048,688025,4.918305,4.1875,0.7212296,0.25890228
1089,753612,3.545866,3.1875,2.5599291,0.44330955
1911,910952,-5.610569,-3.078125,3.6289365,0.62054574
1926,687505,0.079767,-0.60546875,1.1666219,0.40653324
1149,910952,-0.38657,1.8515625,1.42487,0.43979186
1852,688121,6.288973,4.90625,0.7611226,0.25878656
1706,907169,2.903614,0.90234375,3.0617442,0.52355623
1831,906746,4.683565,3.828125,0.49601328,0.2510054
2106,1331048,1.536961,1.09375,1.4730327,0.36683798
2157,909745,5.988558,4.6875,0.60608244,0.2333431
1799,687568,5.744274,4.25,2.34105,0.47576857
2154,909755,3.065559,2.203125,0.5512972,0.2782639
1930,1298136,3.359522,0.4140625,1.1383312,0.41271326
2359,687819,6.175657,4.84375,0.6814634,0.24954496
1011,1240184,2.99559,1.7890625,2.6267776,0.5546883
1996,1674021,3.736042,3.546875,1.4264351,0.36954853
1378,1303900,5.70307,2.4375,2.4736745,0.5306057
1939,907291,4.74585,2.515625,1.3519961,0.3764816
1048,907063,4.519401,3.265625,0.50808597,0.21593677
1199,1330947,2.091233,2.078125,1.5621132,0.3726824
1624,1330935,-0.870635,1.796875,3.7420504,0.5957802
1011,1240144,0.693693,1.6328125,2.0043962,0.46823922
1072,907318,5.06198,4.0,0.5826708,0.2426398
1017,688025,2.855201,3.8125,1.1213751,0.31083483
1191,1240159,-1.248545,-5.03125,0.5672619,0.23742862
1003,905950,-3.734601,-3.140625,2.239719,0.44182634
1560,909757,2.337606,3.453125,1.5169522,0.41288757
1373,1298168,5.147626,3.765625,0.96327347,0.32117447
1720,906843,4.794262,2.078125,3.8779123,0.5733564
1073,724870,5.37256,5.0625,2.0347052,0.48749545
1441,1331048,1.752239,0.19726562,1.0497212,0.31342688
1079,910567,1.955041,0.45703125,3.1503267,0.591062
1057,998189,-2.112277,-2.421875,1.3864874,0.36895034
1022,907291,-1.079388,-1.0078125,1.9451556,0.44322804
1549,749716,1.045633,3.640625,2.0741825,0.4630691
1089,749716,4.446229,5.15625,2.4611964,0.4716567
1919,724831,3.817239,1.2265625,0.90388495,0.38908467
1598,687819,3.46143,4.0,0.8813963,0.28961423
2045,909699,7.8547,5.375,0.9894023,0.29541677
1013,1298358,4.043112,3.453125,1.7627841,0.4797987
2498,906835,10.078427,8.25,0.5893433,0.32552785
1073,909709,4.341458,5.5,2.061868,0.4919118
1024,687997,1.660915,-0.9609375,1.9557298,0.44563752
1048,1503367,5.533198,5.5,0.8769673,0.32435814
1372,1240153,-5.640825,-0.9921875,3.2319763,0.5706154
1629,910781,3.464982,4.03125,0.67502946,0.26384598
1630,1503365,4.561167,3.890625,1.1249263,0.36963472
1239,687455,3.621338,1.9765625,2.8708735,0.60154665
1010,909747,5.304868,2.21875,1.6096736,0.43221593
2156,1298141,2.895782,3.984375,1.6397198,0.48047778
1564,687780,2.288637,3.328125,4.0217276,0.6476413
1911,925346,-2.669019,-4.59375,1.8600022,0.42733708
1004,1298537,-2.566073,-4.9375,1.5813121,0.39209867
1627,906848,2.113773,2.75,2.3964777,0.49448258
1013,1240159,2.796488,3.296875,1.1503185,0.3601763
1007,906842,-6.139831,-5.8125,0.99105847,0.32564768
1614,1240160,4.471518,3.984375,2.770724,0.53097373
1910,1298537,2.820584,0.79296875,2.6176827,0.5360282
1627,998189,3.847241,3.3125,1.7082229,0.42540875
1131,724859,6.278942,4.25,2.7441125,0.48766443
1845,753620,-2.041794,-0.46484375,3.5535548,0.533359
1594,907066,5.530734,1.875,1.8069015,0.41859636
1932,909731,2.29097,2.609375,2.691661,0.52329355
1933,905986,4.182138,4.6875,1.2001436,0.3435733
1916,906836,1.466413,1.609375,1.9886504,0.4403953
2048,1298537,-2.87439,-4.59375,1.9017816,0.41778272
1259,909709,5.072218,3.78125,4.0530295,0.6178181
1827,910851,-2.796699,0.4453125,2.5412517,0.549427
1048,1674021,4.570093,4.59375,0.6889211,0.2612672
1507,1240192,5.71887,5.5,0.8056441,0.3197063
1627,753622,2.550333,3.796875,1.6631953,0.4308863
2158,909747,5.962667,3.359375,1.6412321,0.37397528
1049,998189,4.849082,3.546875,1.115716,0.35102016
1558,925340,3.843156,3.140625,1.8347008,0.44523612
1512,688013,4.373412,4.65625,0.3230032,0.18400486
1060,910781,2.75999,0.96875,2.3527136,0.5338967
2038,1298136,5.880042,4.21875,1.5805345,0.40766135
1553,907794,1.030964,3.15625,1.9778905,0.46790472
1997,1240145,3.860492,3.984375,1.5130817,0.3751804
2044,753554,3.189826,3.65625,1.1583747,0.35414994
1375,907175,3.469542,5.375,1.2724842,0.3543405
1919,687794,2.466979,1.125,1.439052,0.431705
1025,908465,6.034631,5.59375,0.5912649,0.27697465
1930,1240127,1.225318,-0.00012207031,0.8674106,0.32895774
2037,905968,4.396631,2.421875,1.6726806,0.40766135
1058,909731,0.823636,0.8671875,1.4476221,0.4665381
1924,946359,2.770068,2.671875,2.4195209,0.45079985
1862,906842,-1.963724,-1.890625,0.26929706,0.16931106
1913,910911,5.323588,4.96875,0.5435482,0.23041995
1930,1240144,2.779095,0.26171875,0.8325137,0.33542415
1067,753620,4.897736,4.65625,0.38873088,0.19469917
1200,1240153,3.18061,2.65625,1.4037433,0.34958243
1618,910780,3.492662,2.765625,0.99786407,0.29239842
2040,753540,0.60025,1.75,1.5695579,0.5157343
1050,749710,3.208151,2.34375,1.4743489,0.45723975
1032,724870,2.17965,1.328125,1.6207228,0.4931567
2154,946359,3.880962,1.34375,0.6499674,0.26589087
2499,1330947,9.387243,9.625,0.9486122,0.563774
1373,925340,3.891069,4.84375,1.2524018,0.35035264
1199,724870,4.105768,4.09375,1.5807539,0.41503143
1911,749716,-4.08896,-4.09375,2.673838,0.4981836
1133,1298538,3.168157,3.8125,0.8618801,0.3033207
1200,946359,3.122189,2.46875,1.6394238,0.36014807
1441,1674021,2.826785,1.5703125,1.4255108,0.4119009
1378,1298136,8.765463,2.84375,2.7081008,0.5763442
1375,905950,6.968021,6.8125,1.000006,0.36802334
1401,907278,1.413329,1.5703125,1.5341218,0.4064083
2172,905986,4.829889,1.71875,3.007812,0.5453008
1372,924100,1.324863,-0.09765625,3.4159763,0.640903
2057,687802,7.189174,5.875,1.1929588,0.41163492
1030,905964,4.70379,3.796875,0.5255663,0.23031826
1133,906868,3.67339,3.640625,1.0076942,0.317035
1129,753608,4.079729,4.28125,1.2810918,0.3825097
1020,687780,4.036449,6.25,0.697602,0.31363866
2109,1240186,4.387334,2.171875,1.0554044,0.36596876
1594,905972,5.004942,2.75,1.57393,0.40238908
2011,905968,3.559959,3.28125,1.3122816,0.31982583
2011,909249,3.995628,2.765625,1.2607753,0.32518706
1814,908127,5.701327,6.4375,0.81098825,0.3627525
1810,907271,1.428492,-0.265625,4.6123147,0.71054506
1928,946354,4.697063,4.28125,0.9132904,0.2792203
2039,1298358,4.80565,3.53125,1.105053,0.40668285
1598,907175,3.838555,3.515625,0.9058394,0.29052687
2110,909745,2.889145,4.25,0.67889464,0.26535675
1010,910567,3.752963,2.265625,1.338522,0.40536207
1928,949090,4.644833,4.46875,1.1739756,0.36582875
1085,1503365,5.286193,2.890625,1.1890638,0.41435358
1617,905950,5.944798,1.8203125,4.7231855,0.64130133
1911,687997,-2.779925,-5.0,1.7062501,0.38719597
2011,906835,5.34918,4.5625,1.0342135,0.29744905
1026,906696,-0.305144,-0.03564453,2.3031752,0.5380358
1080,906848,-5.199684,-4.625,2.0954237,0.43236393
1909,753540,2.139528,2.625,2.132566,0.5428157
1043,908127,4.778372,5.65625,0.5972,0.29834324
1199,909709,4.51977,4.5,1.8370001,0.42380473
1058,909750,0.472113,0.62109375,1.0206275,0.38512686
1621,909249,3.786086,3.296875,1.0959274,0.31963524
1046,687590,2.767266,1.421875,2.0352376,0.47544402
1012,688087,1.100615,1.1015625,0.64798146,0.29058376
1911,906849,-3.186206,-4.53125,1.989992,0.40442353
1007,724870,-3.46854,-4.59375,2.4982686,0.55325246
2047,909755,2.889839,2.28125,2.2363071,0.47969013
2159,909907,4.093342,3.265625,2.515908,0.4926919
2111,687505,5.158042,3.015625,2.3761876,0.4521378
1036,910399,4.320963,4.78125,1.4100099,0.36367857
1847,1240144,4.698822,4.25,5.1696606,0.74615884
1004,1674021,-4.595016,-4.71875,1.6913437,0.3745554
1054,687455,3.558422,3.765625,1.5287039,0.41608623
1042,907274,5.379205,5.0,0.80083746,0.30219057
2039,909699,3.696369,3.65625,1.0507805,0.3503511
1802,906836,2.51965,2.859375,0.6012167,0.26414534
1913,909724,5.305329,4.375,0.5596648,0.22549188
1048,907291,3.498555,4.34375,0.6677557,0.2557975
1847,1331048,3.452033,0.3125,4.3729033,0.69232017
1084,906836,-6.196723,-3.890625,1.8510207,0.37058645
1199,909749,3.336425,3.671875,1.5351068,0.38396284
1085,949179,1.895773,1.8125,1.3211913,0.40585327
2110,910899,2.937218,3.328125,1.036931,0.31853214
1024,924100,0.782474,-0.099609375,2.0164416,0.51552105
1926,906848,1.467947,-0.46484375,1.5831971,0.43288118
1912,1298168,1.985122,2.46875,1.28244,0.3958302
1558,907278,4.845726,2.640625,1.8179997,0.43557492
1037,906849,3.022375,1.609375,2.0066078,0.4572307
1008,909975,1.322474,-0.84375,5.078843,0.73305076
1557,906836,3.668059,3.875,1.3309169,0.31887463
1149,906827,0.054821,1.15625,1.3070279,0.40534854
1083,687590,3.218707,2.203125,1.6531951,0.42640245
1025,1240198,6.273526,5.53125,0.55572724,0.26099715
1048,909907,8.49946,4.71875,0.9481961,0.3161474
2040,907794,0.400198,0.640625,1.3691374,0.4433827
1803,1298157,3.071475,5.4375,3.3156192,0.6589038
1831,1240159,4.774549,4.0,0.4325321,0.23464589
1816,906827,4.714281,3.578125,1.2427969,0.34766576
1375,1330935,4.81434,5.625,1.3608813,0.40633333
2499,909975,10.913236,10.125,0.81655157,0.4791054
1022,910899,0.536105,-1.359375,2.036809,0.43010646
2148,724831,1.86617,1.7734375,0.9205483,0.4149367
1559,925338,-2.000688,-3.984375,1.4923967,0.35156938
2096,906848,2.498024,1.8046875,2.5456913,0.5173575
1917,753620,0.474431,0.79296875,1.3890561,0.38327718
1930,906696,0.765507,0.5078125,1.0732276,0.38145727
1175,925340,5.095799,4.625,1.040274,0.3120745
1054,907791,4.440001,2.765625,1.3652315,0.34597898
1855,907269,1.837111,3.859375,2.2693012,0.46468943
2037,753575,4.649452,3.65625,1.5621833,0.41015562
1930,909709,1.748545,0.99609375,1.4128811,0.4238539
2173,1331048,2.728886,2.09375,0.6590932,0.25121346
1494,906813,-1.987522,-4.4375,1.7646191,0.40542272
1060,909699,1.558392,1.7109375,3.6349525,0.66799605
1814,906842,3.743326,3.90625,0.73756105,0.2570182
1926,1298168,0.502509,-0.32421875,0.9224478,0.3792797
1917,909975,3.714711,1.296875,1.5867128,0.4110719
1268,910952,4.115072,5.125,0.74026686,0.29977316
1561,753612,2.327891,0.7890625,2.5146532,0.4960623
1512,924189,4.808422,4.84375,0.38727328,0.21557064
1179,1330935,-1.103189,-0.5234375,2.2061617,0.46952036
1378,1240153,4.726022,2.140625,2.9383185,0.5363126
1617,907291,3.353839,0.7421875,5.059444,0.65646493
1083,907278,2.704218,2.171875,1.6676764,0.41531125
1622,924239,3.701086,3.703125,0.9016417,0.3035763
1191,1330935,-5.531052,-5.40625,0.6339015,0.2606391
1494,1299062,-0.986088,-4.5625,1.7951707,0.41415444
1557,1299062,3.689303,4.90625,0.8310286,0.25772688
1629,749716,2.598588,4.5625,1.046559,0.30810714
1614,753612,4.996949,2.578125,1.9157044,0.39832205
1067,688013,3.911382,4.78125,0.32428136,0.18004322
1050,1330983,-0.61877,1.6171875,1.6400114,0.43058962
1831,909709,3.607919,4.25,0.57393014,0.26271114
1830,998189,3.883644,2.421875,0.7037577,0.33479598
1033,1303900,4.162619,4.8125,0.6913542,0.27296907
1786,1240172,3.774705,2.703125,1.7239367,0.43497342
1578,925338,4.428937,5.125,0.37277013,0.19406098
1083,687455,2.967785,2.6875,1.9179097,0.4881779
1559,724859,-1.916616,-4.0625,1.3185679,0.34312317
1200,909745,3.321185,3.359375,0.96202797,0.30122063
1838,1290797,3.416377,4.09375,0.49516034,0.25447702
1843,753608,-0.602412,-0.46484375,4.5702558,0.69304
2110,907169,4.346743,4.28125,0.8712428,0.28627795
1068,910952,0.492519,0.45703125,1.2155819,0.4451337
1812,906836,0.679789,2.09375,2.8107107,0.52368546
2111,908127,4.341966,3.84375,2.1483722,0.48953345
1932,724870,3.38175,2.671875,2.16373,0.4753275
1926,910952,-1.048311,0.3671875,1.3329635,0.4881176
2038,906835,6.012301,4.15625,1.237562,0.33380398
1576,1240192,2.979288,3.234375,1.0499023,0.38446355
2173,687819,4.607506,3.640625,0.84292907,0.28520042
1909,687596,2.912402,2.3125,3.1583445,0.63232124
2156,906696,1.64339,3.765625,1.9353489,0.4991773
1014,909757,0.367284,2.234375,3.5540364,0.6400237
1817,687802,-2.981679,-4.96875,0.88503206,0.32247865
1038,909907,4.992081,2.890625,1.3473477,0.3948056
1023,1330935,3.206092,2.71875,0.8272739,0.30597836
1057,909749,-1.779571,-2.46875,1.279848,0.36639085
1043,1240186,5.830498,5.28125,0.4998314,0.23900925
1047,907795,1.406451,4.6875,2.4522784,0.49096218
1033,907269,5.330183,4.3125,0.7201139,0.25978923
1007,907795,-4.631581,-4.4375,2.8199391,0.5482325
1997,909750,2.404594,3.484375,1.9789261,0.42448166
2048,910781,-3.115687,-4.78125,1.5283396,0.36773613
1941,1322212,-5.071452,-4.78125,1.3462815,0.36643407
1927,910399,4.958244,5.4375,0.67684895,0.25412738
1021,909720,2.810251,3.328125,1.1115594,0.35479215
1720,687802,7.378795,5.75,3.5942645,0.6560382
1627,908461,3.755258,3.796875,1.6637157,0.4507849
1908,907271,3.426433,2.71875,2.0090432,0.48134702
1024,905950,-1.639078,-0.1953125,1.655509,0.46525455
1629,724859,4.009404,4.1875,0.8405038,0.28718212
2039,688013,3.966426,2.546875,0.70703936,0.28343052
1529,1298358,5.015481,1.5625,4.3914876,0.69526243
2047,949090,1.544655,2.359375,2.4920015,0.55186456
2499,724859,10.546868,10.125,0.7373009,0.5208628
1736,687802,4.715162,4.6875,3.5143666,0.70887226
2038,906868,5.136955,3.96875,1.4286624,0.3557882
1799,1659818,4.017924,2.828125,2.648771,0.4802085
1912,1330947,1.050668,1.6328125,1.8385029,0.41892588
1061,910851,1.569934,4.3125,1.3451167,0.34238118
1048,1240144,6.708405,4.84375,0.5998401,0.26286718
1634,906868,5.314643,4.4375,0.8429928,0.2966737
1083,1503365,4.015744,3.140625,1.4591596,0.40819207
1553,910933,4.508649,2.921875,1.9410151,0.4591812
1042,1240172,6.334876,5.375,0.6297952,0.25895074
1073,907271,4.859883,5.46875,1.7868638,0.46705875
2439,910903,7.426337,9.875,0.4485312,0.34259063
1635,908121,5.252532,5.84375,0.36769232,0.21880513
1626,753554,1.42375,2.109375,2.6486294,0.5263548
1003,1659818,-3.797156,-4.4375,1.4734217,0.33573756
1046,907169,1.570784,1.359375,1.9436208,0.45404172
1200,753612,3.010521,2.390625,1.2161405,0.3068493
2111,1290797,3.760295,3.265625,2.2101498,0.44916588
1931,1322212,5.548958,4.71875,0.9303099,0.31170154
1615,946359,6.637872,4.59375,0.6742935,0.23730351
1024,910851,-2.665129,-0.578125,1.7497572,0.44931796
2096,906696,0.22959,2.625,1.9482768,0.48730543
1093,908465,5.515189,4.59375,0.8294124,0.3083065
1558,908150,4.601001,2.890625,1.6212093,0.41815245
1072,1322212,5.392506,4.1875,0.8916534,0.31071487
2048,906827,-3.486149,-3.90625,2.9637558,0.5132413
1009,687794,4.488768,5.25,0.6449253,0.27903524
1054,1322212,3.664339,2.5625,1.3335036,0.3679488
1843,907278,-0.883965,-2.015625,4.207712,0.6221178
1237,1503367,4.862922,6.3125,0.467806,0.2518289
1058,910920,1.289221,0.58203125,1.4531525,0.43593505
1029,907795,5.762823,5.78125,0.69995314,0.28344798
1068,1240198,0.84577,0.20800781,0.98821735,0.40221652
1620,907175,4.883006,4.6875,0.50954294,0.20739019
1624,688025,-0.963523,1.9765625,3.871366,0.5932396
1996,687780,2.92192,4.65625,1.7544111,0.43881553
1779,907169,0.632996,0.4453125,0.9808074,0.38336414
2498,688025,7.015484,7.875,0.636616,0.31074876
1849,1240144,1.246712,-0.7578125,1.0137736,0.3603255
1873,910933,0.88842,0.26171875,0.6835126,0.35218284
1046,1240159,3.254112,2.109375,1.5961946,0.42096257
1799,1298537,4.757224,3.5,2.420496,0.48459914
1030,910851,4.220859,4.9375,0.7248016,0.26674232
1005,924239,2.029704,1.8359375,2.8269386,0.45787245
1051,909755,2.772845,1.4609375,3.6818614,0.6256816
1558,1659818,3.454022,1.9765625,1.7848784,0.41349438
1051,1240127,0.59302,1.1328125,3.803598,0.6545158
1997,905950,5.177776,3.703125,2.2121515,0.46713305
1910,907271,5.518487,2.109375,2.4936576,0.5265778
2157,749710,4.057424,5.25,0.7294196,0.28799853
1936,909249,1.728262,1.4140625,1.1377769,0.33971858
2107,907271,4.947932,5.5625,0.5927061,0.27481103
1268,688025,2.699643,4.0,0.8307956,0.27298754
1847,1330983,1.911927,2.4375,6.6422386,0.9018652
1917,905972,2.011554,1.921875,1.133761,0.37986812
1378,753620,2.323606,1.8203125,2.511181,0.5065228
1926,1330935,-0.919962,-0.24902344,1.544397,0.42419976
1012,905986,1.92519,0.984375,0.58208835,0.28559908
1088,1298157,4.420548,2.921875,3.1710637,0.50774187
1036,687794,4.517708,4.5625,1.8814837,0.44322804
1199,909249,3.369126,2.375,1.4714559,0.36171812
1057,910903,-3.441215,-2.078125,1.4322381,0.38112482
1060,907271,0.267334,1.53125,2.750653,0.60914403
1819,910780,-4.621569,-5.625,1.3257667,0.38486895
1005,925338,5.337535,2.765625,2.9285085,0.4689046
1073,905968,3.371913,3.609375,2.1326282,0.43670264
1029,907269,3.108378,4.9375,0.61273175,0.25450963
1250,907794,2.984418,2.234375,2.3881795,0.51633227
1053,910781,1.057732,1.75,1.2589635,0.37767974
1736,1298365,6.401771,2.75,2.0426853,0.4957088
2011,910780,3.037393,3.03125,1.1057178,0.29556277
2157,907271,5.707704,5.40625,0.6371418,0.26667702
1510,910567,3.4017,2.953125,1.3315841,0.3607936
1086,925340,1.150161,-1.96875,4.400865,0.64748675
2173,1330947,1.851109,2.703125,0.81232613,0.2761961
1200,910567,3.272723,2.40625,1.1322455,0.327162
1084,1331048,-5.013831,-4.75,0.8748346,0.2504449
1179,1298141,2.309552,0.796875,1.4280479,0.44500157
1079,1330983,1.632538,0.74609375,3.4275913,0.6131609
1853,687997,4.70663,3.84375,0.91907483,0.2961985
1177,753612,2.907752,2.609375,1.9340161,0.37599766
1925,753575,5.182372,5.46875,0.50886035,0.240218
2107,1503365,7.643525,5.6875,0.61229724,0.27317786
1778,1240153,3.511232,2.5,2.2190192,0.46858323
2039,1240160,3.167877,3.296875,1.3565607,0.39937168
1003,909749,0.1658,-3.53125,1.7943966,0.4038796
1072,910851,4.268598,4.78125,1.0251983,0.31643155
1845,688121,4.092239,0.96484375,4.5551877,0.6288044
1561,1298348,3.141357,1.9921875,1.7957404,0.47358856
1013,713880,1.619246,2.359375,1.5346113,0.40653798
1059,906868,-1.570766,-0.53125,1.3311095,0.40890005
1050,1298358,2.841945,2.546875,1.7904887,0.51736116
1557,688013,4.755986,4.0625,0.98800737,0.2701431
1810,908461,1.334141,-0.6328125,4.920399,0.7461362
1194,687794,4.973859,3.484375,2.1415372,0.47810632
1915,1299062,5.24261,2.453125,1.2099875,0.38067934
1268,1240223,5.861785,4.875,0.73261935,0.29818502
2107,687802,6.602542,6.15625,0.9149415,0.37619334
1930,1503367,2.060143,1.125,1.4994713,0.44561055
1560,753612,3.290718,2.34375,1.4719015,0.36976224
1855,907794,4.531044,5.1875,1.6801423,0.41301805
1175,1240160,4.164725,4.4375,1.6271788,0.39151797
1908,909257,2.997925,2.53125,1.8686056,0.46333534
2055,907318,0.904852,0.73828125,0.9966292,0.345588
1932,1298136,2.916815,2.6875,2.4454777,0.50459313
1372,1298168,1.075128,-0.7734375,2.1869335,0.5173575
1581,1298350,3.657911,2.53125,1.4625226,0.44082376
1635,1330935,4.606568,4.875,0.36253598,0.20652544
1625,908150,3.861502,4.8125,0.76453173,0.28277233
1093,753608,4.59374,5.1875,0.76402694,0.29712996
1813,1240127,6.561898,5.15625,1.8875042,0.46802142
2043,1503367,4.413996,6.0625,0.7737006,0.29937983
1928,1298365,4.330788,3.046875,0.8573624,0.30024362
1079,687590,4.516399,0.71875,2.698706,0.56987715
1799,688025,4.927752,3.359375,3.0269353,0.5208692
2096,1674021,3.493539,2.09375,1.8856015,0.45369747
1373,907269,0.455589,3.671875,1.5353191,0.38234952
2010,687568,6.632132,3.625,2.0766742,0.43852472
1168,909750,3.775286,2.3125,1.1269159,0.37757465
1630,1298157,5.351835,3.609375,1.1069243,0.3654921
1635,1503365,6.680574,6.0,0.35569403,0.21384573
2096,906813,-0.042088,1.9765625,1.9769968,0.46769327
1564,688013,4.361746,1.3359375,3.0933008,0.5356749
1080,905986,-3.386434,-4.5625,2.2254622,0.47736385
1019,910851,1.453451,2.234375,1.8912885,0.47305146
1845,907791,-1.133026,0.1953125,3.8525376,0.556053
1020,687596,5.438838,6.25,0.8151191,0.37599766
2156,907066,3.69817,2.5,1.9493753,0.4750966
2044,909750,2.986225,3.453125,1.1154283,0.33462027
1072,905986,5.530493,4.84375,0.7636386,0.28671315
1559,1674021,-1.957118,-3.859375,1.5387655,0.349189
1190,753554,-1.962287,-0.7734375,8.161629,1.0118345
1617,906696,2.959429,2.359375,4.5890017,0.6334721
2499,688121,9.260123,10.25,0.81998277,0.4805019
1089,907794,2.736817,5.53125,1.930764,0.43457294
1014,1298538,1.413638,1.953125,2.88572,0.5734711
1020,1299062,5.142279,5.40625,0.424157,0.2168661
2171,749710,3.184356,2.765625,2.8786912,0.5763328
1016,687505,-1.364988,-0.30078125,2.474602,0.4810945
1559,908461,-4.130222,-3.328125,1.9995408,0.44640505
1631,910781,3.928135,2.8125,1.5901029,0.39771855
1581,906746,3.586886,2.609375,1.3276544,0.40978584
1507,1503365,5.932194,5.5,0.71464163,0.2850316
1996,1503367,5.704362,4.78125,1.7046471,0.4319942
1622,910933,2.470262,4.375,0.90248936,0.30685216
1054,1330935,2.783026,2.453125,1.5445341,0.37805057
1449,1240223,7.138001,5.71875,0.5144932,0.26305386
1779,909907,2.18142,0.86328125,1.4814776,0.44653705
1594,1298157,1.860563,2.875,1.7310098,0.4310835
1085,906836,1.405985,1.65625,1.3134453,0.39216986
2173,925338,3.468065,4.03125,0.76758265,0.27417773
1912,1240198,2.348463,3.34375,1.7823389,0.45367014
1024,1240198,0.638359,0.16308594,1.4813257,0.4616037
1038,946359,4.282517,2.0625,1.1711029,0.34966913
1511,1674021,-1.7652,-1.9453125,1.919834,0.4183883
1825,1331048,-1.856689,-2.765625,1.1449394,0.2888843
1512,949179,5.880602,4.9375,0.38644257,0.20117873
2039,1240198,3.761305,3.234375,0.8510055,0.34287462
1803,1303900,1.032357,4.75,3.8154852,0.7108928
1786,1240159,3.567937,2.90625,1.3381897,0.38666952
2171,724859,1.54738,1.890625,2.374862,0.49761516
1007,687780,-3.692392,-3.390625,4.206139,0.665918
1073,910567,1.315779,3.734375,2.3580272,0.49793714
1806,907299,2.759717,4.375,2.4182498,0.48777786
1511,909749,-0.326983,-1.9609375,1.8155043,0.43497702
2157,910952,4.916818,5.65625,0.70146227,0.2826228
1091,909785,1.646602,0.7734375,1.068042,0.31739908
1010,906848,2.286646,2.296875,1.9109461,0.46773604
1627,909249,2.273099,2.25,1.6070058,0.39503944
1243,753622,1.907836,2.0625,0.9338588,0.37816876
1922,1331048,1.606291,0.5234375,0.9295439,0.29104954
2439,908127,9.628403,10.125,0.6095917,0.4244554
1808,687590,-1.317204,-1.2578125,2.8568423,0.507698
1560,910780,2.576229,2.21875,1.1629093,0.332914
1016,687596,1.901579,1.6640625,2.9814441,0.56730527
2177,906835,3.611073,1.7890625,0.48533705,0.27435756
1561,910781,-0.517573,1.375,1.7868886,0.46293172
1046,924248,2.351607,0.953125,2.6448207,0.51049036
1020,925338,5.240011,5.34375,0.46929005,0.22614373
1580,909785,3.405417,3.625,0.48273048,0.20153418
2106,907169,1.545646,2.71875,2.178317,0.47095928
1047,909750,6.218541,4.71875,1.6467812,0.3830946
1237,907066,5.233477,4.9375,0.3305621,0.19899091
2044,724870,2.28579,3.6875,1.1356779,0.37316754
1073,906848,4.773321,3.890625,2.9249754,0.544975
2498,1298157,7.064278,8.4375,0.66284466,0.35135028
1622,909757,4.508095,4.59375,0.98611104,0.32560116
1581,909720,2.698431,2.75,0.9608903,0.36258543
1576,909749,3.291393,2.296875,1.0202208,0.36441913
1559,909726,-1.989095,-4.1875,1.4277092,0.3280174
1061,998189,4.941717,4.375,1.1582719,0.32701728
1931,1298358,6.053897,6.125,1.087008,0.3960725
1372,1298348,0.313144,-0.41796875,2.2064705,0.5132965
1553,910952,1.044873,3.765625,2.1610923,0.50274
1853,910781,4.308857,4.21875,0.67309123,0.27119198
1059,1240127,0.39631,-0.4453125,1.2403579,0.40558988
1047,907271,5.618748,5.4375,1.5756109,0.41927695
1634,688121,4.979917,4.125,0.9825757,0.3121164
1593,906827,4.144952,1.703125,1.918431,0.46755496
1062,906836,3.375837,2.921875,3.09165,0.572063
1177,1503365,7.003917,4.8125,1.6547531,0.40156734
1627,907271,3.916546,4.03125,1.437334,0.41147542
1817,906842,-6.312436,-5.8125,0.45316955,0.22814609
1019,753622,2.563916,2.75,1.6669476,0.4620625
1085,909720,3.435325,2.578125,0.88061816,0.36485222
1917,724859,1.802576,1.3515625,1.1157479,0.38880518
1250,713880,0.381633,1.484375,2.8457577,0.54927427
1812,908150,4.2281,2.703125,2.2534153,0.47957698
1378,907271,4.818389,3.515625,2.1668336,0.5019801
1014,724831,1.820102,2.046875,2.5022752,0.57489985
1924,1240145,2.393229,3.96875,1.298579,0.35506028
1179,905950,-1.985317,0.28125,1.6303599,0.45818678
1564,1331048,3.075749,-0.26953125,2.005007,0.42011788
1810,909785,-3.162574,-3.640625,3.0069833,0.4927638
1042,687794,2.130754,5.375,0.7387289,0.2887439
1778,909745,2.51944,3.0625,1.4601963,0.39207956
1512,910911,5.726808,5.40625,0.34909263,0.18938051
2106,753612,2.54064,1.9765625,2.2204554,0.44788134
2157,909709,4.881901,5.40625,0.7748311,0.2823248
1053,907175,1.386772,0.94921875,1.6697531,0.39668036
1017,1322212,3.753889,3.546875,1.0078291,0.3170774
2177,1298348,2.529055,2.015625,0.45360392,0.27062187
2438,906848,10.32127,10.125,1.1773221,0.6802275
1511,907299,-3.917007,-1.7734375,2.0744221,0.4520776
2040,688087,0.245018,0.7265625,1.5997252,0.4414063
1131,910780,3.06008,2.453125,3.2129998,0.51445657
1580,1298537,5.060242,4.71875,0.57198596,0.23637989
2010,687455,3.559608,3.828125,2.7334538,0.54725534
1003,907274,-2.989384,-3.03125,2.5008602,0.47586042
1051,724831,1.240645,1.296875,2.8408823,0.59068924
2157,907274,3.771816,4.53125,0.9138269,0.30767894
1853,907274,3.834464,4.3125,1.1327628,0.3546794
1931,909720,4.773974,5.71875,0.5554836,0.25887924
1843,1240184,-1.466316,-0.8984375,4.6423187,0.7268754
1259,1240223,2.414491,3.484375,4.134148,0.6335077
1093,905986,4.826103,4.1875,0.7423661,0.27872622
1618,1240186,4.643989,3.8125,1.2193713,0.34746397
1819,1240153,-3.549614,-5.0,1.9305725,0.43100765
1854,946359,3.711558,4.34375,0.83568597,0.26041254
1594,1240127,1.941049,2.3125,1.7456857,0.4272858
1803,688121,6.464023,4.6875,4.3392687,0.72395587
1558,753612,5.790009,1.9296875,1.8139466,0.40827987
1033,906849,5.057046,4.71875,0.7845395,0.27070826
1559,906827,-3.674051,-3.265625,2.1851308,0.4474537
1080,1298350,-2.579461,-4.1875,2.6536095,0.52734447
1919,910780,1.344543,0.20410156,1.0265796,0.3229766
1021,906835,6.662512,2.96875,1.4005665,0.37606826
1060,909757,-1.231792,1.3046875,3.3580687,0.6481581
1931,688013,5.253785,4.71875,0.68359995,0.25032735
1018,908127,5.033237,5.84375,0.42705175,0.2407894
1083,687596,3.078297,3.359375,2.1855638,0.5281192
1372,924239,1.719585,-0.390625,3.4866652,0.5999786
1529,1240160,3.447488,1.015625,4.8894377,0.68073463
1036,910920,3.808848,3.9375,1.6735551,0.39095274
2048,910933,-2.314156,-4.25,2.003397,0.40714777
2039,909749,4.556605,2.9375,0.8162729,0.33055204
1620,1674021,6.350279,5.46875,0.5004615,0.21819778
1557,688025,4.923272,4.25,1.3148979,0.30461618
1025,907063,5.662183,3.984375,0.40079713,0.19116072
1049,907291,3.430858,3.375,1.1784564,0.34370545
1909,907175,2.303842,0.12890625,2.1479678,0.45713544
1627,713880,2.730588,2.828125,1.8627839,0.44067425
1133,1240172,5.40619,3.984375,1.039423,0.32701728
1706,907271,1.826227,2.1875,2.8541064,0.54695284
1918,1322212,2.904007,2.65625,1.3038657,0.40053108
1558,1240145,3.658201,3.171875,1.3579837,0.3887593
1441,1298538,1.52025,1.8046875,1.2722821,0.40805483
1873,910780,0.42687,-0.11035156,0.67010933,0.28698495
1582,1298350,3.627844,4.6875,0.71587324,0.30973178
1624,1240127,4.705022,2.625,3.1911573,0.5561649
2159,909975,4.928718,2.765625,2.1556454,0.438089
1808,906835,0.925923,-1.09375,2.6894963,0.49424937
1925,1290797,4.195184,5.40625,0.5040861,0.23735324
1249,910399,2.350557,3.46875,1.6527872,0.40982148
2010,688013,3.360114,2.53125,2.0726824,0.42767158
1017,1240153,4.868653,3.6875,1.1639132,0.32262602
1563,907066,6.397169,5.21875,0.4269107,0.21327181
1129,910567,3.237031,2.5625,1.372196,0.38036007
1025,909749,5.632836,5.25,0.5105364,0.23793192
1941,907066,-6.258265,-4.90625,1.2774549,0.34612727
1375,906813,5.981626,6.5625,1.0357832,0.35045153
1563,687997,5.862957,5.03125,0.45907292,0.21895543
1239,925340,4.129382,1.921875,2.4909286,0.52600145
1089,905950,2.675571,5.21875,2.1656852,0.46454167
1058,909709,0.098574,1.4140625,1.4929664,0.48115167
1578,907271,6.258005,5.625,0.40125826,0.23035315
1786,909731,1.304428,2.609375,1.9470587,0.47453204
1782,1240192,6.222833,6.0625,0.7455583,0.32505828
2111,753540,2.668675,4.71875,2.0207162,0.49673903
1853,909745,4.910498,4.4375,0.74150735,0.2756307
2171,906813,3.769764,1.9375,3.0000384,0.5475779
2177,909747,4.361122,1.234375,0.6422249,0.2924676
1020,910851,4.709125,5.375,0.6152128,0.2542439
1023,724831,4.395949,3.640625,0.64674896,0.30141285
1803,724870,2.92125,5.25,3.869026,0.7467806
1635,724859,5.063609,5.34375,0.31555855,0.1868212
1564,1674021,1.643903,2.15625,3.147951,0.54863477
1931,753620,3.215025,4.5,0.90341496,0.2869709
1083,687780,2.400368,3.296875,2.0558157,0.47428653
1922,1322212,1.912048,1.7265625,1.408832,0.41089618
1558,906827,3.173729,3.015625,1.9638577,0.47052103
1237,907274,4.475243,5.0625,0.42581642,0.24257433
1912,910567,3.030359,2.296875,1.9383094,0.45470127
2172,910780,0.03182,0.140625,3.0062075,0.49263662
1614,910399,5.400293,4.15625,1.7630763,0.41708663
1917,907274,2.180856,1.5703125,1.6751248,0.45593938
1625,907271,4.533177,5.25,0.77489674,0.31220996
1862,909785,-2.440283,-1.84375,0.27818334,0.17223914
2043,753575,6.094154,5.34375,0.5337403,0.23570278
1559,1240198,-2.254671,-2.8125,1.869249,0.436668
1835,924239,1.748787,3.59375,1.1028607,0.31426382
1930,749716,1.166453,0.5078125,1.3120803,0.39924237
1919,949179,1.066705,0.6640625,1.3548197,0.3969951
1051,687596,3.561323,2.515625,5.268819,0.834162
1073,1299062,6.479569,4.78125,1.5866382,0.3866913
1915,910781,3.043808,2.265625,1.1262279,0.38292468
1936,905972,3.569519,2.484375,1.1005291,0.37602717
1936,907169,1.723126,2.0625,1.3017979,0.39611357
1582,910911,4.64386,4.6875,0.6245511,0.25941905
1564,910952,2.816687,3.25,3.2687237,0.6048279
1786,905950,3.517244,2.671875,1.6981851,0.43800652
1062,909745,5.504957,3.4375,2.162235,0.48272717
1849,1240160,0.956704,-0.453125,1.6396381,0.42667338
2158,909975,4.00865,3.640625,1.567838,0.36170772
1086,753620,-2.91995,-3.546875,2.792151,0.4866248
1581,906843,0.798945,1.6875,1.2248939,0.3657301
1827,724870,1.210145,0.8671875,2.1895912,0.5476633
1049,910781,1.400198,3.328125,0.790862,0.31068492
1922,687590,1.843427,1.921875,1.4262124,0.4179149
1005,909785,1.063499,0.45703125,2.6067088,0.40814787
1624,907169,4.311332,2.421875,3.3008316,0.5473946
1908,949179,2.645419,1.703125,2.6199229,0.51306117
1019,909749,2.775931,2.21875,1.4191784,0.42775926
1862,688121,-0.594674,-1.6875,0.27826634,0.18291935
1089,1659818,2.389801,3.34375,2.5139127,0.4588485
1927,906868,5.078075,5.0,0.729772,0.2632735
1549,907271,5.186981,4.125,1.6570092,0.4409374
1073,687780,4.351661,5.6875,2.453517,0.54334205
1511,905964,-2.847188,-3.109375,1.7025506,0.34863478
2154,1290797,3.274752,2.125,0.5489449,0.2813926
1091,687802,3.404533,2.625,1.6581243,0.5069384
1909,687819,2.724761,0.79296875,2.3775115,0.49817035
2171,908465,0.919128,2.46875,3.1486187,0.59489834
1441,713880,0.702274,1.28125,1.5337462,0.4270924
1069,687794,3.269235,3.6875,0.9694644,0.34287462
1020,909709,5.193905,6.0,0.6101051,0.2836057
1852,925338,5.705591,5.0,0.5767381,0.2300294
1799,908121,4.861019,4.40625,2.6663504,0.5221531
1011,908465,3.745887,1.625,2.5770707,0.5441919
1632,907278,3.354574,3.140625,1.1774501,0.33551833
1927,909750,4.86484,5.0625,0.6534634,0.24657999
1630,1290797,3.416763,3.234375,1.1733956,0.36916703
1618,687794,4.155108,4.0,1.4880534,0.3889543
1808,1240145,1.040205,-0.49609375,2.878666,0.54389364
1802,910903,3.44334,3.921875,0.5463551,0.2605848
1021,924100,4.471958,2.984375,1.9758341,0.4520776
1873,906842,0.063941,-0.30859375,0.6632173,0.26054054
1924,910933,5.710908,3.578125,1.5524346,0.39170104
1091,724859,3.835405,1.5,1.0496404,0.38822362
1259,1240127,5.886863,2.625,4.342977,0.63896984
1847,688013,-0.126493,2.515625,5.7001424,0.78685546
1997,910933,3.521004,3.546875,1.9246452,0.42968437
1067,907795,5.686668,5.4375,0.4782588,0.22869365
1925,907791,5.187821,4.875,0.53077394,0.23023374
1054,910899,3.224108,2.375,1.6513816,0.39397964
1627,1303900,2.718603,3.09375,1.7838962,0.4520776
1825,1240198,0.871737,-0.53515625,1.8178645,0.4881176
1133,907794,5.363439,4.0625,0.9001582,0.3152305
1180,1330935,-3.867211,-4.3125,1.5311482,0.33636212
1084,925340,0.076851,-2.875,2.4366894,0.48068246
1011,713880,2.342281,0.65234375,2.5895936,0.5223391
1594,687802,2.6873,3.5,2.384751,0.5367555
1049,906836,1.839452,2.890625,1.2528316,0.3553512
1020,687455,5.547016,5.75,0.7111231,0.32550994
1810,1298348,3.499444,-0.9140625,3.5754688,0.59293914
1401,906868,3.159035,1.5390625,1.4009179,0.40858796
2148,910952,1.127362,2.28125,1.2998652,0.45972884
2438,1330947,8.305848,9.625,1.4060527,0.80511147
2159,925346,3.873379,3.171875,1.3262564,0.36098358
1510,1240192,3.928719,4.75,1.2481223,0.37798515
2438,910903,7.545647,10.375,0.92091304,0.6185548
2055,908150,1.106897,1.6171875,1.2984557,0.42049304
1441,909975,4.115165,1.484375,1.7271482,0.4319965
1825,1503367,0.0667,-0.057617188,2.4728498,0.56115896
1494,749716,-1.527506,-3.796875,2.721779,0.521594
1581,687505,2.406766,2.28125,1.3878809,0.40668285
1149,909749,3.597204,0.78125,1.0914603,0.37661248
1511,687802,0.394512,-0.10253906,2.7722726,0.59000134
1799,909907,2.752301,4.15625,3.5230637,0.58778167
1200,907063,3.232803,1.9609375,0.9636625,0.2797504
2171,1240144,1.324082,2.546875,2.4921148,0.5103154
1928,724859,6.386763,4.21875,0.92487115,0.29097766
1024,910952,-1.651837,0.53125,1.881355,0.52149427
1085,907291,1.94803,1.9453125,1.2808125,0.39912078
1069,688013,3.088411,3.078125,0.67672247,0.2685459
1054,1298365,2.700413,2.109375,0.95155454,0.3267267
1613,946354,2.558177,2.671875,2.4874368,0.48011288
1930,905986,1.147787,-0.041015625,0.8739871,0.3297931
1919,908121,0.971199,1.3203125,1.5272796,0.4538746
1812,909749,4.308831,2.359375,2.2699335,0.49076703
1808,1298537,1.183513,-1.3828125,2.682916,0.52159345
1553,1303900,4.817567,2.640625,2.2272816,0.50131255
1048,753622,3.445526,4.9375,0.6582749,0.27905464
1029,1240127,6.188164,5.75,0.47503695,0.23427813
1239,906868,1.519864,1.4609375,2.3429427,0.5025636
1915,946354,0.979841,2.25,1.3780197,0.40759733
1020,749710,5.041295,5.8125,0.5737208,0.29182866
2038,1240145,3.708366,4.5,1.0000647,0.30001205
1047,909724,4.817748,4.09375,1.8829614,0.37980646
2158,906746,3.741844,4.21875,1.2968923,0.3562176
1051,687997,1.761769,0.5234375,4.516565,0.6957944
1036,1298141,3.342912,4.96875,1.3088318,0.3926399
1706,713880,1.381443,0.54296875,3.3590438,0.56730366
2177,753540,2.484108,3.21875,0.6561202,0.3587007
1594,910899,2.037892,1.546875,2.2168748,0.46451145
2171,753620,-0.564399,1.140625,3.0524242,0.56094474
1011,910933,-0.0814,1.296875,2.0297675,0.47416615
1004,910903,-5.605892,-4.46875,2.1382737,0.4345586
1168,1298157,3.045408,2.703125,1.2157302,0.40534854
1927,906836,2.243552,4.1875,0.8510185,0.28099534
1779,910952,1.370761,1.2265625,1.15539,0.4337988
2171,910567,1.509864,1.3203125,3.1245568,0.57815194
1237,749716,4.850876,5.5,0.3780575,0.21152622
1018,688121,5.451293,5.375,0.41297263,0.19147673
1089,687802,6.936563,6.625,2.5522335,0.58881253
1507,688025,2.594124,4.40625,0.82424444,0.26692405
1511,907175,-2.941461,-2.765625,1.7096651,0.3696352
2048,1298538,-3.151839,-4.28125,2.406633,0.4515307
1017,949179,4.953124,3.875,1.1071558,0.31403196
1529,910851,-1.445295,-0.015625,3.5929408,0.55350655
1190,1298350,-3.459063,-0.47265625,8.296607,1.0348049
1401,909785,0.171567,0.51953125,1.2739942,0.33300254
1615,1303900,4.796124,4.96875,0.58231586,0.25649676
1627,909785,1.954098,2.03125,1.4570006,0.35816464
1996,949179,3.064892,3.015625,1.661017,0.3979634
1512,1240172,5.991013,5.4375,0.4131523,0.22183573
1079,1503367,3.414855,1.765625,3.1746068,0.6403403
1243,910899,2.101808,1.140625,1.0215262,0.3507522
2055,688013,-0.56319,1.171875,1.4734833,0.39743835
1564,753622,2.072674,2.609375,3.4006422,0.59267455
1034,907274,-6.234888,-3.03125,1.4870845,0.38186657
1593,1674021,1.814735,1.375,1.7062523,0.42307857
1941,906696,-4.303585,-4.34375,1.6603372,0.41348353
2047,907169,3.094706,1.921875,2.2783103,0.48487523
1803,687780,5.151562,5.8125,4.307154,0.7915268
1200,908461,2.99704,3.828125,1.0919064,0.34684548
1061,1298537,4.684982,4.0,1.1473322,0.33152127
2107,1240153,3.815473,4.53125,0.7451785,0.26617506
1511,906696,-1.229733,-0.875,2.294729,0.512307
1180,925338,-3.723464,-3.984375,1.2410178,0.311761
1853,1330935,2.30941,3.8125,1.020945,0.31662562
1843,1298136,2.267793,-0.91796875,4.1550803,0.7149982
1060,909726,-2.359714,0.625,2.7753718,0.5515419
1054,687590,3.423586,3.296875,1.3462816,0.36149213
1620,687455,5.518,5.90625,0.6744081,0.29935136
1812,907278,2.941858,2.609375,2.4860256,0.49404097
1908,906813,0.403056,1.8828125,2.4175146,0.4988233
2046,909726,1.124928,1.5625,2.8282397,0.47765696
1634,687802,6.944918,5.625,1.2247759,0.4331717
2498,909720,7.825725,8.0625,0.51535636,0.3227744
1401,910780,0.967222,0.76171875,1.2379688,0.34631512
1012,1298350,3.529294,1.1171875,0.66943586,0.31118542
1620,908127,5.449663,5.875,0.58703613,0.2858109
1019,1330947,-0.175857,1.21875,1.5375621,0.39136553
1559,688087,-2.823792,-3.46875,1.8680989,0.3914309
1089,907322,3.413583,2.609375,2.4871354,0.47324884
1549,910933,5.743289,3.59375,1.7264029,0.42993623
1003,1503365,2.420957,-2.671875,2.6837404,0.5035214
1191,1298157,-5.406625,-4.96875,0.64330375,0.25788087
1003,906813,-2.112239,-3.578125,1.8522614,0.38811243
1025,910899,5.874144,4.625,0.60302997,0.24668957
1598,688013,3.606458,3.859375,0.7153866,0.25937054
2107,906836,4.352629,4.25,0.7653829,0.273392
1003,687596,0.528845,-2.1875,3.4337153,0.5799148
2037,1240198,4.310903,3.578125,1.5533288,0.42471448
1593,909757,1.678143,1.7734375,1.9920274,0.47930476
1005,906848,4.060461,1.9609375,3.691468,0.5485054
1809,909907,4.65395,0.60546875,4.100191,0.62175876
1019,909747,3.76593,1.875,1.8736389,0.46058404
1936,907299,1.433963,1.984375,1.2838781,0.40007606
1030,946354,5.037996,4.9375,0.5388871,0.228444
1852,909731,4.104408,5.28125,0.8160496,0.3033393
1930,753620,-1.58674,-0.48046875,0.922144,0.30746108
1004,925346,-2.6093,-4.75,1.77463,0.41456443
1916,909757,2.326833,2.625,1.9256573,0.46333534
2148,909709,0.705941,2.28125,1.5079416,0.47670257
1008,909750,2.569872,-0.6015625,3.9563107,0.6560962
1931,907322,4.613715,4.0,0.8401977,0.2828885
1175,998189,3.594235,4.1875,1.1194315,0.32046732
1635,909975,5.665578,5.28125,0.32283884,0.17832227
1927,1330935,4.461601,4.25,0.8259925,0.2864186
1578,906827,4.096329,5.375,0.45840937,0.23078406
1529,688121,-1.632521,0.14453125,4.390921,0.6460237
1012,907794,0.892593,1.4921875,0.669935,0.3195264
1873,1299062,2.527594,0.19140625,0.6013123,0.32286537
1941,753622,-2.881086,-4.71875,1.5160023,0.40706408
1838,1330983,3.203211,3.46875,0.59620804,0.27290866
1005,906696,2.011827,3.9375,3.0581112,0.50412065
1843,724859,-0.719616,-2.3125,3.0281863,0.54171145
2170,1240160,2.634623,3.90625,3.024869,0.541118
1072,1298537,4.850443,4.46875,0.8337698,0.29488286
1852,1298157,4.316776,5.53125,0.58876395,0.25214753
1059,753612,2.263889,-1.0859375,1.436662,0.37888923
2439,688087,6.94767,9.6875,0.40051162,0.3164199
1011,1298358,-0.279454,2.203125,2.768609,0.5985823
1052,688013,1.571825,2.546875,1.3439115,0.35284775
2048,905968,-3.638332,-4.96875,1.2318386,0.3205541
1936,688025,1.955473,1.8203125,1.5025125,0.39982516
1031,905982,-0.307462,-1.8984375,4.107368,0.61964077
1054,1303900,4.653302,3.015625,1.359969,0.38396284
1561,724859,4.493536,1.375,1.8803737,0.48285887
1632,910933,4.091538,3.671875,1.0528756,0.3249743
1855,906836,0.092461,3.75,2.381378,0.46634677
1053,753554,2.172929,2.328125,1.6912092,0.43047437
1014,909975,3.76931,1.59375,3.9332166,0.64454854
2158,1298348,6.703058,4.375,1.0275269,0.3232746
1852,753575,5.897523,5.375,0.58536357,0.24562982
1008,908127,-4.005819,0.3671875,4.6551204,0.77198356
1915,1659818,2.098592,1.8203125,1.4790767,0.3953631
1706,1240172,3.406566,1.515625,3.2527378,0.55621606
1635,1303900,5.262488,5.3125,0.3588972,0.21247914
1069,687455,2.732329,3.84375,0.9935175,0.36563545
2109,910911,3.182637,2.3125,1.0621868,0.35763064
1005,687455,2.848175,3.609375,3.7582927,0.58845824
1073,1298350,6.325279,5.0,2.28658,0.52534366
1080,906746,-3.583058,-4.3125,2.4334033,0.4945374
2010,907278,4.65954,2.953125,2.2198725,0.4545678
1720,1674021,6.489336,3.75,3.4483826,0.52842253
1016,753575,0.08099,0.5390625,2.3031578,0.47888312
1560,1298350,4.259314,3.453125,1.5596855,0.43431556
1559,753620,-2.13823,-4.28125,1.4345589,0.3365282
1812,910952,1.912477,3.984375,2.4357898,0.5394162
1168,906849,5.205943,2.03125,1.5212537,0.42556256
1259,909726,3.303769,1.765625,4.10488,0.58971375
1067,753575,5.895465,5.53125,0.37454233,0.20162329
1057,687596,0.482059,-1.0625,2.5301058,0.5513845
1940,1299062,4.598068,3.734375,0.7100666,0.27754077
1625,946354,3.044334,4.65625,0.72471476,0.26804549
2106,687997,3.950591,2.375,2.1975722,0.4640544
1916,908127,1.880972,2.84375,1.7506326,0.47006506
1080,907291,-4.706228,-4.6875,2.3247442,0.47968128
1034,907271,-3.929432,-2.953125,1.2171476,0.3651353
1852,724831,5.652271,5.40625,0.5745023,0.2602881
1614,907175,4.824529,2.546875,1.966347,0.42513064
1625,1330947,2.783619,3.390625,0.80231076,0.27684033
1776,907271,4.922421,4.75,0.87847906,0.32329887
1549,1330947,2.548399,2.296875,1.7121898,0.40504855
1091,753612,2.701422,1.09375,1.2974454,0.37142858
1613,687590,5.042927,2.59375,2.839498,0.5290491
1618,1330935,2.165045,3.125,1.3757766,0.3580103
1582,924239,2.610924,4.0,0.6679203,0.27672854
1931,908150,5.498801,5.5625,0.6762103,0.2643075
2110,906696,5.516009,4.875,0.8438584,0.3136763
1373,909257,2.96512,4.96875,1.1034715,0.35391274
1924,906848,4.548477,2.828125,2.4597301,0.47820324
1008,1298350,-1.18777,-0.0703125,4.722471,0.7561489
1931,753612,6.015819,4.4375,0.8152337,0.2540393
1502,905982,4.995961,4.84375,0.6654215,0.26140645
2106,907318,1.59878,1.9921875,1.4689624,0.3822595
1813,1240153,3.561497,4.15625,2.7654583,0.53377527
1017,910920,4.188574,3.765625,1.0895168,0.31046146
1014,687780,3.826452,2.84375,4.1440024,0.695595
2157,910911,5.872391,5.0,0.6471124,0.23229618
1170,906849,2.751112,2.671875,1.9917543,0.45198485
2109,1240160,3.090599,2.4375,1.5650904,0.4240623
1925,1240153,5.428998,4.8125,0.57953227,0.2394985
2055,1298157,2.896887,2.15625,1.4234704,0.44999883
1372,687568,2.229024,-0.578125,2.6569695,0.5482317
1024,907791,1.630854,-0.5234375,2.0537517,0.4622548
1908,753608,2.457426,3.015625,2.1911833,0.48524708
1630,1331048,2.077652,1.390625,0.81707555,0.28332657
1248,906868,-4.812533,-4.6875,2.4847603,0.5638617
1013,906842,1.946214,1.375,1.125534,0.31056452
1918,1298358,4.649104,3.671875,1.5479898,0.47552297
1582,907299,4.151946,4.125,0.67261374,0.2865912
1168,907269,1.466595,2.078125,1.3718475,0.39091256
1017,724859,4.357745,4.21875,0.88052434,0.29502082
2111,925346,3.648885,3.25,1.633813,0.38650715
1512,1298538,5.866509,5.3125,0.3428413,0.20038678
1042,1298141,6.725531,5.5625,0.5727431,0.27885205
2044,924189,3.419646,2.875,1.2073971,0.35712975
1803,1298136,3.00164,5.09375,4.0650563,0.7470364
1072,905964,4.964089,3.6875,0.70481366,0.2606848
1021,1503365,6.994644,3.75,1.483511,0.3983398
2148,909757,1.919544,1.734375,1.2312627,0.42905864
1249,687997,4.256663,2.421875,1.7416527,0.41028756
1922,1290797,2.30997,2.03125,1.3377687,0.41290766
1008,688013,-3.748146,-1.671875,4.3322268,0.65356314
1250,687780,3.065252,2.90625,3.446141,0.6084269
1940,909785,3.928801,2.421875,0.6940216,0.25288028
1594,1330935,0.307041,1.6796875,2.119957,0.44766462
1018,946354,4.018993,5.375,0.32076296,0.17311804
1924,687780,2.188768,4.53125,2.1207523,0.46588615
1175,687568,5.095585,4.4375,1.011541,0.3092585
2172,1240153,2.385115,1.09375,3.7458289,0.5963818
1372,687596,2.662383,0.5625,4.1765227,0.7278974
1022,906835,2.078354,-0.73046875,1.47002,0.40377066
1936,1330935,2.138984,1.9765625,1.47065,0.3984736
1073,1240186,2.994215,4.59375,2.081172,0.46842653
1089,908465,4.932422,5.5,2.3541226,0.50496167
1026,1240144,-0.090053,-0.5859375,1.9813985,0.4891814
1022,687505,-0.73405,-0.87890625,1.7733637,0.42488056
1510,753608,4.590431,4.96875,1.1630634,0.34891045
1915,924248,1.868737,1.96875,1.938664,0.458625
1853,909731,2.38996,4.5625,1.0996554,0.3543958
1049,1240160,3.56378,3.828125,1.7884078,0.43031156
2047,907299,1.635416,1.9140625,2.2505872,0.49046922
2011,1240153,5.413397,3.625,1.5274585,0.35385913
1809,909785,-3.173215,-1.9296875,2.0257263,0.35764828
2498,1298168,8.200777,7.3125,0.5396362,0.3058377
1632,925340,3.486212,3.90625,1.1231202,0.3322019
1843,909709,1.892507,0.020996094,5.0013156,0.7506559
1449,753575,5.848739,5.5,0.45855597,0.22731774
1835,909747,5.984505,3.390625,1.2873747,0.31783602
1919,687568,3.952566,1.1875,1.1288375,0.38950962
1804,753608,5.684136,5.96875,3.397877,0.70650214
1620,910851,4.895099,5.4375,0.58990717,0.23647581
1088,924239,3.88874,0.6796875,3.1520052,0.4830063
1927,910920,5.489558,4.59375,0.8058555,0.2660831
2172,1322212,3.817257,1.2734375,3.4637845,0.60367924
1494,907063,-2.046099,-5.5,1.1531043,0.32555827
2159,909731,3.982523,3.203125,2.1260173,0.47852018
1909,687590,2.780598,1.1015625,2.2148533,0.49851528
1631,909720,2.799839,3.6875,1.5098476,0.3911583
1997,906746,4.791947,3.734375,2.09983,0.4539901
1620,1322212,3.94524,4.875,0.5578587,0.24074894
1847,687568,5.688346,3.9375,5.529277,0.76981664
1131,1298350,3.607481,4.6875,3.3358438,0.59674823
1068,749710,1.997846,0.1640625,1.0700722,0.4119802
1025,924189,5.247458,4.9375,0.56415164,0.25364
1916,925346,4.506289,2.421875,1.3478166,0.39127
1560,907794,5.230909,3.515625,1.3334748,0.39257517
1917,949179,2.461656,1.140625,1.547797,0.41187552
1632,910851,2.544384,3.4375,1.3952506,0.35358647
1036,909745,3.769252,4.25,1.2176993,0.34064484
1922,908150,1.5788,2.046875,1.2406275,0.39219707
1635,687455,5.333716,5.84375,0.42726555,0.2481344
1018,1298350,6.003781,5.75,0.41850442,0.22645214
1553,910399,2.33748,3.296875,2.0838726,0.4614826
1930,946354,0.544045,-0.19628906,0.9166277,0.32904506
1043,1331048,5.090098,3.1875,0.38999006,0.199397
1024,1330983,-1.888343,-0.72265625,2.026248,0.45236754
1618,907274,2.566972,3.671875,1.4819771,0.39613837
1016,687802,1.055635,1.6875,2.5816185,0.5451522
1854,687596,3.653167,5.71875,0.90316874,0.347722
1936,687568,2.969653,2.328125,1.2270942,0.39356184
2109,910933,3.951294,2.203125,1.0075904,0.36713517
1913,924248,3.770908,4.09375,0.7829553,0.27149513
2107,908121,5.309328,5.40625,0.6976857,0.28541166
1815,753612,5.984305,5.0,0.3938897,0.18932168
1511,909709,0.614639,-0.265625,2.7820504,0.56115896
1553,908465,2.954398,3.1875,2.2619495,0.5049888
1032,907169,2.088668,0.95703125,1.7047621,0.46400613
1862,909907,0.90302,-1.6171875,0.30238748,0.19651572
1558,753620,3.051372,1.953125,1.7936584,0.43157488
1598,905964,3.466794,3.28125,0.70534194,0.26218742
1634,908127,3.52197,4.84375,0.9141207,0.3537147
1013,949179,2.933674,2.375,1.6042875,0.4083496
1010,909257,2.111387,3.09375,1.162087,0.40296167
1580,908465,6.343699,5.375,0.57174474,0.25313294
1560,905982,2.698209,3.328125,1.32947,0.37535197
1806,688013,1.054379,3.609375,2.195795,0.4331616
1259,688025,1.609075,1.796875,4.9464464,0.67713034
1615,688025,4.503819,4.84375,0.5601369,0.22340806
1941,946354,-3.182716,-4.90625,1.2239425,0.36032888
1088,908121,3.795685,2.5625,3.585485,0.5645051
1073,924100,2.319251,4.875,2.23748,0.48761272
1129,925338,4.215593,3.203125,1.306003,0.36703143
1996,909720,4.823122,4.03125,0.9744764,0.33624673
1553,907269,0.746713,2.453125,2.3374987,0.482313
2106,1330935,1.0237,2.421875,2.3606076,0.48708126
1091,1240192,3.201344,2.421875,1.1870035,0.4198126
1093,909709,5.861414,4.90625,0.9344406,0.32085046
1010,909709,2.408658,3.359375,1.672819,0.4701193
1529,753612,-0.271379,-1.3359375,2.9265413,0.45822597
1029,1330935,4.689586,4.9375,0.59640616,0.25870302
1806,687780,5.285664,6.25,2.5432951,0.5370596
1852,1240186,5.695139,5.03125,0.6582077,0.2559769
1449,924100,5.004593,5.46875,0.5609302,0.25219166
1919,687596,2.041674,1.9140625,1.8125414,0.509386
1373,1298538,5.805716,4.5625,1.1109657,0.3286068
2040,910781,-0.575561,0.25390625,1.0851343,0.37259275
2159,906848,1.830879,2.4375,2.4640226,0.48607445
1014,910933,-0.691107,1.890625,2.8288524,0.574904
1006,910952,0.265993,3.6875,3.7976549,0.71251327
1004,907066,0.150555,-5.125,1.356443,0.34075743
1080,1298348,0.317522,-4.1875,2.1026616,0.45102304
1033,724870,4.941902,5.3125,0.6439222,0.27158228
1557,907063,3.940652,3.203125,0.9493777,0.25377244
1073,687568,5.946648,4.90625,1.9084791,0.4477035
1922,905986,3.946356,1.9296875,1.2261508,0.39516258
1052,906848,1.499857,2.515625,2.2303777,0.46734074
1811,749710,-1.02609,-3.953125,2.5226421,0.49401066
1632,907794,4.010806,3.890625,1.0662732,0.33386087
1736,910911,3.251596,3.671875,2.6250057,0.5216601
1507,713880,4.920169,4.4375,0.80283505,0.27296907
2096,1240184,3.191359,2.390625,2.0399334,0.49930787
1720,907795,6.135776,3.953125,4.44036,0.65978134
1010,1240159,4.008524,3.09375,1.1432203,0.3811723
1085,687455,2.043243,2.484375,1.5054346,0.47820324
1084,907299,-3.379787,-3.140625,2.1589923,0.4454805
1582,906848,2.683318,3.828125,0.9768733,0.32570893
2171,909726,2.288063,1.5234375,2.7307448,0.5087864
1561,905964,2.058217,0.54296875,2.2170944,0.45746917
1052,687780,4.665698,4.46875,1.935882,0.4522339
1626,909907,6.480411,2.078125,3.8169262,0.6218284
1069,910903,3.400571,3.953125,0.8048644,0.30523768
1618,1240198,3.871463,4.0625,1.1379797,0.3529216
1033,910780,4.621062,4.0,0.52560943,0.21611303
1925,1240144,6.433222,5.40625,0.4861766,0.23977198
2046,688121,4.621869,2.046875,3.6934104,0.5847425
2039,907299,2.043714,2.703125,0.8335192,0.33076805
1083,906696,2.07916,2.859375,1.6257684,0.4385138
2172,1240182,5.406706,1.671875,3.3507068,0.5954641
1924,905972,5.389656,3.953125,1.4713305,0.37949476
1549,687819,3.275051,3.015625,1.8875027,0.4354559
1038,906813,3.126478,2.59375,1.0258782,0.34880516
1847,906746,4.74241,4.0,5.6955695,0.7829272
1819,1503365,0.129113,-3.9375,3.7972434,0.66179544
2111,905972,6.054159,3.734375,1.8117533,0.40778622
1091,687794,0.212954,1.8046875,1.4832299,0.44495803
1131,1503365,8.157412,5.5625,2.6631384,0.5292381
1849,687802,0.921209,-0.060546875,1.454452,0.46423802
1494,908121,-4.030705,-3.765625,2.724487,0.53353804
2107,749710,5.068863,5.4375,0.6844346,0.2968871
1922,907175,1.587026,1.1796875,1.3559037,0.38105524
2498,908150,8.306076,8.1875,0.5772636,0.32969522
1449,1299062,7.334277,5.1875,0.39413023,0.20255478
1084,907318,-2.437697,-4.375,1.2736888,0.32136956
1559,906849,-1.222806,-3.640625,1.9904963,0.40149698
1096,909724,2.02611,1.4765625,2.8913486,0.52418655
1511,753540,0.504517,0.12890625,2.4557142,0.5883651
2154,910920,3.509923,1.8515625,0.6271835,0.25919092
1917,907169,2.943044,1.4375,1.3367757,0.39913586
1008,908150,3.101725,-0.578125,3.898675,0.650448
1862,1298141,-0.589846,-1.421875,0.2725765,0.2028292
2156,1240198,4.263934,3.421875,1.6396042,0.4672107
1593,910920,2.796034,0.96484375,1.9671438,0.46146545
1375,946354,5.681815,6.625,0.8913105,0.31523356
1559,909720,-3.700669,-3.578125,1.4313235,0.3549078
2039,910399,3.3577,3.359375,0.8503208,0.32409987
1908,1330935,2.570057,1.9453125,2.557114,0.49713588
1072,909749,6.498637,4.75,0.76833165,0.28417778
1835,688121,3.544178,3.734375,1.3854792,0.34058303
1004,907322,-5.576175,-5.59375,0.9917596,0.30177456
1067,905968,5.877867,4.6875,0.38549504,0.18962905
1007,1290797,-4.642669,-4.5625,2.6046686,0.5293435
1018,909726,5.526807,5.0625,0.32285616,0.16464753
1401,910933,2.308075,1.6015625,1.2357432,0.40212646
2439,909747,9.532971,9.625,0.40691593,0.32761616
1782,1503365,7.046211,6.0625,0.6663288,0.28756016
1908,909724,2.917775,1.6015625,2.4205017,0.4774891
1776,1331048,3.893072,2.171875,0.71602726,0.26351318
1553,753554,3.208356,3.171875,2.0516007,0.4733141
1620,1331048,4.986997,3.15625,0.4737502,0.20761096
1096,687794,1.377276,2.328125,3.3480792,0.61527735
2044,687819,4.89891,2.859375,1.255161,0.35112455
1259,909750,1.357918,2.65625,4.0795183,0.6002079
1916,908465,3.931139,2.640625,1.8611822,0.46755496
2174,753622,2.003811,2.6875,1.360786,0.4006156
1808,908461,0.674677,-0.4609375,3.109495,0.5793543
1237,909747,7.155283,5.0,0.39322197,0.21059144
1051,906813,3.306284,0.8515625,3.8082967,0.63155025
1830,907269,1.681178,2.28125,0.7742803,0.32407662
1827,925338,-2.860028,0.48046875,2.129811,0.5038442
1005,1503367,4.089205,4.71875,3.280255,0.53129506
1911,688121,-5.453291,-4.5,2.2008765,0.43099907
1060,753608,0.810538,1.6796875,3.0151782,0.6317834
2046,1298348,2.39111,3.046875,2.2608755,0.45947483
1133,909257,2.891319,4.1875,0.783041,0.30606398
1917,687794,1.569125,1.6640625,1.611231,0.44661835
1631,1298350,4.372024,3.484375,2.3765974,0.5018585
1089,907175,0.821196,3.21875,2.722729,0.47759357
1564,924239,3.815447,1.5859375,3.2950678,0.5706154
1012,909975,2.522792,0.8984375,0.782947,0.30602726
1060,688025,2.623642,0.88671875,3.5893614,0.6296095
1085,910781,1.90183,2.046875,0.8588992,0.34958243
1583,1240145,3.06194,2.546875,0.4748296,0.25825608
1931,924239,3.361149,4.875,0.838078,0.28918195
2048,907271,-2.522787,-3.625,3.0951054,0.5325998
1050,907299,3.192055,1.6171875,1.407369,0.42419976
1852,753540,3.759143,6.1875,0.71074086,0.3337993
1576,1298537,2.108085,2.09375,1.0687939,0.37244308
1908,907269,2.658193,1.8671875,2.5564544,0.49343434
1268,687780,5.877963,5.1875,0.9277021,0.32327676
1582,1240192,3.898675,5.03125,0.6909516,0.3138514
1129,1240144,3.233285,3.6875,1.1729827,0.3603255
1916,906827,3.774204,2.578125,1.9026685,0.4617302
1627,909731,2.190855,3.484375,2.0074973,0.47894022
1005,724831,2.967637,3.828125,2.533651,0.46560964
2046,998189,3.953394,2.328125,3.065607,0.52752376
1179,1240192,0.441198,0.92578125,1.3940583,0.45364428
1779,1298157,0.703277,0.95703125,0.96223193,0.39866588
1617,687590,3.7509,1.1015625,4.6080217,0.6256648
2106,905972,4.237926,3.265625,1.848421,0.44665205
1939,1322212,0.982356,2.203125,1.2651485,0.38133258
1928,949179,4.080902,3.828125,1.2453085,0.32119775
1037,909724,3.803525,1.4453125,1.6797756,0.39738038
1050,1303900,3.414321,1.65625,1.4568157,0.44328272
1939,905964,2.430836,1.65625,1.051296,0.32141277
1025,906836,4.043094,4.5625,0.61657834,0.25223196
1849,1298136,0.845055,-0.52734375,1.2679706,0.43751797
1017,1303900,4.5989,4.0,1.02592,0.33223483
1624,753575,5.487872,2.984375,3.1552346,0.54990417
1180,1298358,-2.425196,-2.765625,2.2431538,0.4700178
1912,753554,2.289166,3.328125,1.8166121,0.44656554
1441,910952,-0.001645,2.640625,1.5370891,0.46111542
1507,1298365,5.153111,3.796875,0.615435,0.26089403
1179,909745,1.342051,-0.16308594,1.2066565,0.37963137
1072,909975,4.911577,4.59375,0.9222284,0.2915422
1177,907274,2.767211,3.625,2.2574973,0.47302324
1018,909757,5.328736,5.78125,0.38956517,0.20280434
1598,907299,3.61029,4.1875,0.8840254,0.30805674
1855,906849,3.904227,4.1875,2.411079,0.479147
2438,724831,11.139908,10.375,1.1972067,0.76041865
1133,905964,3.914805,2.40625,0.8146804,0.2852966
1083,1330983,0.486979,1.8984375,1.7812345,0.42676634
1813,909757,6.71747,5.46875,2.1557033,0.507827
1809,1298157,1.842544,0.8046875,3.0967515,0.5576742
2109,753620,1.925623,1.59375,0.99106276,0.3336837
1024,1240127,1.543004,-0.53125,1.5175649,0.4364652
1239,906842,-0.439749,-0.4140625,1.7168655,0.35697854
1017,909755,4.768,4.59375,0.9390004,0.30262008
1779,1331048,0.491875,-0.43359375,0.7188739,0.25550932
1179,713880,-0.141453,-0.41796875,1.64092,0.4289113
1582,906746,4.501552,4.625,0.6739645,0.284253
1375,910933,5.604108,6.59375,0.853199,0.33014134
1915,910903,2.34115,2.734375,1.4586694,0.4234505
1831,753620,3.819462,2.796875,0.4794245,0.23950616
1939,908121,3.982193,3.125,1.5652797,0.42798215
1621,910567,2.613014,3.671875,1.2008624,0.34860933
2498,1303900,7.615746,7.90625,0.6646426,0.35963717
1091,1298141,2.283664,2.375,1.1116087,0.40102547
1613,907278,1.803476,2.3125,2.8767903,0.52508223
1017,908465,5.327528,4.71875,0.96499425,0.3265005
1047,1298365,3.371667,3.4375,1.5798863,0.39516315
1093,907063,5.060335,2.828125,0.6407058,0.24055721
1580,905972,5.833825,5.375,0.49799728,0.2267867
1008,687455,-1.804015,0.22558594,5.038192,0.7932219
1014,1330947,-0.788906,0.76171875,3.3090904,0.5767186
1560,907791,4.005432,2.96875,1.4736826,0.37842515
1625,909745,5.842146,4.65625,0.6862742,0.2682411
1622,910399,4.897684,4.6875,0.85585415,0.2938669
1561,749710,1.73702,2.1875,2.3802698,0.5491396
1449,1298350,5.803346,5.46875,0.5502009,0.26718825
1811,1298537,-1.584271,-4.75,1.7676644,0.41293722
1179,688087,0.197437,0.234375,1.6976013,0.45173913
2011,907318,3.589856,3.25,0.8888651,0.27698398
1593,1240145,2.294233,2.078125,1.4066671,0.41026476
1131,905950,3.723995,4.71875,3.044381,0.541026
2107,687997,6.132995,4.375,0.65610564,0.25644928
1463,906827,1.934564,3.890625,1.6290696,0.4239232
1629,925338,3.123136,4.25,0.84768665,0.27718866
1620,687997,4.569334,4.78125,0.5220848,0.2258867
1510,1298157,3.791221,4.4375,1.1873838,0.34469652
2046,910903,1.420536,3.0625,2.7942245,0.5031941
1580,753608,5.236457,5.875,0.5430202,0.25177392
1927,906848,3.993611,4.34375,1.0894767,0.31924316
1576,1659818,1.429217,1.640625,1.14169,0.3424986
2038,909699,7.217714,4.75,1.5026673,0.36780298
1054,1298358,4.424837,4.15625,1.4731027,0.42171517
1190,909750,-3.833097,-1.2890625,7.22252,0.91815436
1441,909731,0.403497,1.90625,1.7480437,0.4801354
1250,908461,3.608238,2.390625,2.60237,0.5626409
1854,909726,5.436427,4.59375,0.55853826,0.22052903
1249,909745,6.042989,3.03125,1.3605739,0.37887022
2159,687455,3.36319,3.46875,2.182984,0.4953803
1849,907278,-1.568887,-1.0,1.3267133,0.3660752
1129,909907,3.210851,3.4375,1.9999994,0.45385593
1928,907269,2.409296,3.34375,1.2120379,0.3254462
1005,1298348,5.884345,3.671875,2.426336,0.4398822
2044,906835,7.281077,3.53125,1.0789382,0.33461106
1814,1330947,4.688067,4.28125,0.8802822,0.29350355
1084,749716,-1.928971,-2.328125,2.8972898,0.5324356
1084,749710,-2.20423,-2.21875,2.5248573,0.5249799
1827,1298538,2.226062,0.75,2.1699913,0.51552105
1088,907318,3.098458,-0.6796875,1.9688145,0.34313118
1047,687568,6.348318,4.875,1.6721064,0.39723942
1808,906843,-1.555275,-2.328125,2.4596143,0.4232457
1630,1299062,3.776969,3.234375,0.9323756,0.3217197
2038,907322,1.857595,2.4375,1.3933337,0.35779244
1378,1298348,3.243391,3.015625,1.9095726,0.45946518
1012,910781,2.539989,0.9296875,0.49292365,0.26128122
1529,949179,0.594643,-0.359375,4.1423626,0.6185953
1854,946354,2.480563,4.875,0.5672727,0.22855717
1168,910399,3.796658,2.640625,1.3185327,0.40311506
1072,907066,4.952368,4.40625,0.78893036,0.28461558
2111,688121,6.157251,2.71875,2.746979,0.5013886
1614,687780,5.339342,4.75,2.3864853,0.5119035
1720,1240186,5.798728,3.671875,3.6317508,0.57498056
2156,910952,2.688609,4.375,1.8540503,0.5069384
2037,753612,5.773489,2.46875,1.7982718,0.401471
1845,905964,-2.805485,-1.0625,2.8509061,0.44155458
1799,909785,0.790578,2.015625,2.2690043,0.4287045
1005,907322,1.322952,0.875,2.7600522,0.45229837
1912,924100,1.556315,3.171875,2.2448902,0.4931567
2173,1330935,3.328975,3.40625,0.9127926,0.30139235
1026,949179,-0.256578,-1.0,2.4703488,0.5097249
1051,907299,-0.831917,1.03125,3.9906397,0.6781542
2173,905964,3.312794,2.953125,0.6853087,0.2585966
1133,906843,5.212139,2.703125,0.9100691,0.30641374
1248,909749,-4.210682,-4.8125,2.3879251,0.5649056
1922,909907,5.806623,2.25,2.0262794,0.4834212
2148,753608,2.759077,2.484375,1.181206,0.42613345
1043,1290797,5.454388,5.46875,0.4747369,0.23594588
1053,909785,-1.077894,0.5390625,1.3843428,0.3274906
1010,1298136,5.371513,2.765625,1.5977151,0.4861559
1067,1240144,4.674587,5.46875,0.37514317,0.20989561
2154,687568,4.199543,2.171875,0.5130548,0.27547687
1618,1298358,3.608692,4.5,1.4811274,0.42401245
1014,1322212,3.27243,1.6875,3.5890074,0.6463214
1845,1298350,3.707233,1.6875,4.261865,0.62399334
1021,1303900,3.285075,2.484375,1.6629101,0.42890817
1925,909755,4.307067,5.40625,0.53678596,0.24382465
1817,909975,-4.551396,-5.34375,0.73960704,0.2763032
1626,1298348,4.546828,2.296875,2.004156,0.4623684
2171,909249,-0.847274,0.79296875,2.7716389,0.5164057
1782,908465,6.717736,5.6875,0.7105397,0.29438633
1933,905950,5.200986,4.9375,1.3108735,0.3667098
1010,1331048,3.48503,1.1953125,0.9030386,0.29962683
1007,910911,-4.08227,-4.25,2.9146686,0.53562933
1019,906848,3.230518,1.90625,2.2732794,0.5034276
1441,1240153,0.320405,1.2734375,1.7260903,0.43742836
1449,1240159,6.388378,5.4375,0.4239469,0.2229892
1007,1298365,-3.248851,-5.25,1.2271528,0.3823996
1813,905986,6.434552,5.0625,2.023543,0.48072955
1058,1240153,0.372633,0.2890625,1.3693911,0.40314898
1927,687590,3.912501,4.96875,0.75722057,0.27047643
1175,1240186,5.129288,4.1875,1.0982195,0.321805
1576,907318,1.635047,1.5234375,0.7083329,0.28539106
1168,906746,3.993777,2.546875,1.2726728,0.41015562
1854,909747,6.173866,4.53125,0.7644245,0.26247352
1030,998189,6.185335,5.03125,0.61340797,0.25414333
2045,688121,5.600632,4.53125,1.1469865,0.30937332
1085,905964,1.624907,1.3671875,0.9378921,0.31733063
1053,1298157,3.41253,2.671875,1.6454481,0.43009484
1576,907066,2.992292,2.09375,1.0523337,0.34578183
1175,1240182,5.495763,3.921875,1.1503395,0.3370774
1401,909755,4.277411,1.7421875,1.3420345,0.40450704
2044,949090,3.786855,3.453125,1.3369575,0.41463056
1058,907169,3.082667,0.4453125,1.1148456,0.39821878
1057,906836,-3.932398,-3.046875,1.4950336,0.3477932
1933,905982,6.043444,4.875,1.157743,0.331435
1626,687590,3.347032,1.65625,2.7349164,0.52788025
1089,909731,2.134589,5.0,2.7184746,0.54425645
1941,1503367,-1.663168,-3.8125,2.1463642,0.46405095
1557,946359,4.866383,3.953125,1.6444494,0.33419934
1852,909720,5.702145,5.3125,0.49189603,0.23642807
2159,687568,6.278508,3.328125,1.6682478,0.40311506
2106,687590,4.243806,2.75,2.1874263,0.48053306
1630,905964,2.199902,2.125,0.9450309,0.31509206
1054,949179,4.551667,2.828125,1.5200206,0.3688711
1043,753608,5.601539,6.09375,0.5489628,0.27353996
1069,1298538,5.901837,3.671875,0.723293,0.29438907
1873,907063,0.945113,-0.23339844,0.6320606,0.25988218
1068,908150,0.496201,-0.28515625,0.9254584,0.36173007
1043,724831,5.182046,5.53125,0.4994805,0.2633963
2040,1298136,0.521971,0.86328125,1.6456507,0.51280993
1913,906813,3.935605,4.65625,0.65191984,0.2561024
1811,1330983,-2.994985,-4.8125,1.6820682,0.3785969
1007,907291,-6.167117,-4.875,2.3920522,0.5012171
1613,905986,4.128156,2.703125,2.6269844,0.5070477
1843,687455,0.999288,-0.69140625,4.878613,0.7475879
1720,905964,-2.330743,1.1015625,3.4811692,0.5278894
1059,1298538,-1.40451,-0.296875,1.241066,0.413796
1026,1298157,-0.974389,-0.110839844,2.2264304,0.5289292
1819,687997,-0.59737,-5.21875,1.8490716,0.4355926
1618,724831,4.550634,4.25,1.0209591,0.3420737
1042,910903,5.114998,5.4375,0.5705223,0.2500193
1017,1240127,4.794096,4.4375,0.853136,0.29437774
1911,909720,-4.714932,-4.40625,1.8906103,0.41532862
1806,1503365,6.580591,6.0625,1.9173843,0.46530136
1192,749716,1.898018,2.28125,2.226543,0.517966
1873,1240127,1.138986,0.3046875,0.6677944,0.34143484
1022,905968,-1.118688,-1.75,1.3455945,0.34860507
1053,905950,2.751704,2.296875,1.8350849,0.44724208
1191,1503365,-3.74235,-4.9375,0.6667745,0.26193798
1621,924239,3.832131,4.03125,1.1553758,0.33540463
1259,1674021,3.0124,2.515625,4.2477956,0.6074309
1853,1298537,4.415377,4.125,0.9018424,0.3066322
1924,1298141,3.740088,4.0625,1.4703416,0.40385896
2043,908127,4.863235,5.5,0.64017653,0.2900429
1013,924100,3.82448,2.953125,1.7249789,0.44100603
1817,907291,-5.564654,-5.40625,0.69728535,0.2698113
2037,906696,2.096225,3.859375,1.701163,0.43877462
1912,687596,2.215931,4.15625,2.6081598,0.58703995
1025,907795,3.047829,5.40625,0.7130482,0.28729087
1557,910952,6.008653,5.90625,1.0610836,0.33223593
1939,749710,2.535129,3.328125,1.3072412,0.40541467
1072,946354,2.673847,4.8125,0.73841494,0.26905587
1079,906868,-0.061394,0.78125,2.7442634,0.56624377
2010,753554,3.91276,3.765625,2.1187868,0.4544819
1375,687590,7.255024,6.40625,0.9750687,0.34485665
1814,687997,6.855807,5.1875,0.80557966,0.29352862
1494,907794,-1.755288,-4.21875,2.0301702,0.4532432
1072,1298365,5.511934,3.75,0.6927973,0.28341186
1814,906836,5.03805,5.0625,0.930669,0.31334957
1917,906827,0.408865,1.7890625,1.4648439,0.42723247
1004,907794,-3.7835,-4.46875,2.072222,0.44101503
1915,905950,0.787548,2.640625,1.5650638,0.44391227
1736,910952,4.728247,4.375,2.6923392,0.57298976
1177,753622,3.303238,4.34375,1.8265812,0.4111237
1632,687997,4.477017,2.6875,1.1988695,0.33231556
1046,688013,-0.202294,0.86328125,1.9457111,0.4240277
1809,1503367,1.508381,1.546875,3.57893,0.5935131
1621,906868,4.8098,4.5,1.1888548,0.33565181
2156,1298168,3.105714,2.28125,1.287105,0.42498547
1932,906842,1.812629,0.28125,1.6674708,0.34670818
1578,907269,3.676193,4.46875,0.44902304,0.21693486
1072,1240198,4.943057,5.03125,0.8205299,0.30807334
1179,907318,-0.325045,-1.4296875,1.0113299,0.3019639
2177,908121,1.629932,2.109375,0.66954815,0.3259836
1630,906848,3.211824,2.578125,1.6812674,0.42235786
1910,1298365,4.17061,-0.053222656,1.8706536,0.4598502
1594,688121,3.720635,2.0,2.2300925,0.46369106
1626,687997,6.123897,1.0,3.0553489,0.53943133
1578,998189,5.581708,5.1875,0.41678226,0.21200034
1133,688025,3.669,3.109375,1.165106,0.3304689
1036,907318,4.057583,3.453125,1.0510527,0.31235018
1060,908465,-0.520633,1.28125,3.289895,0.65379167
1004,909720,-3.710001,-4.625,1.7838092,0.40646324
1618,910952,2.0608,4.71875,1.1971387,0.36950168
1494,905950,-2.655397,-4.125,2.2559526,0.46548706
1401,688013,1.313154,1.1953125,1.3398498,0.36634463
1996,1298136,5.15253,3.828125,1.6255502,0.43451604
1510,910920,3.952319,3.40625,1.3831193,0.34898043
1372,909699,0.633516,0.26171875,3.5301192,0.6399923
1831,924239,2.926296,3.140625,0.47464943,0.24081388
1085,753575,4.466054,2.453125,1.1487008,0.40028828
1190,753612,3.222509,-3.078125,5.7228165,0.8037459
1021,1240127,2.06326,2.84375,1.4651068,0.38987133
2148,907169,0.543806,1.375,1.0855473,0.39751634
1928,910903,4.170905,4.78125,0.961982,0.30120623
1507,907269,2.389548,4.09375,0.81823325,0.28233445
1632,1298358,4.789747,4.21875,1.3823406,0.40887538
2044,909720,4.338991,3.8125,0.88989526,0.3210398
1924,907269,1.350099,2.890625,1.9662564,0.4184632
1378,906836,1.198105,2.09375,2.8107107,0.52368546
2037,949090,5.138281,3.515625,1.8194376,0.4776985
1928,713880,4.12853,3.796875,1.1857387,0.31982583
1778,907291,1.040288,2.828125,2.0273323,0.44536364
2106,1240153,2.094933,2.328125,2.5394988,0.5046675
1086,905968,-2.448171,-3.625,2.162768,0.4144667
1926,688121,1.376632,-0.35546875,1.3513488,0.41909373
1034,1240127,-1.718674,-3.53125,1.0950514,0.3223833
1549,910899,4.994404,2.828125,2.048294,0.45360366
2046,909975,4.802163,1.9453125,3.6138563,0.559722
1200,924189,2.963185,2.875,1.134635,0.33247563
1581,905972,4.132499,2.71875,1.1280705,0.3798132
1026,753612,2.22572,-1.3984375,2.224477,0.4520776
1813,753608,6.046603,6.4375,1.6637698,0.4807458
1177,1240144,6.060256,4.28125,1.5036355,0.37283814
1014,905950,2.01702,2.1875,3.2877135,0.61683846
1939,687455,5.511187,3.140625,1.5688877,0.44913623
1576,909757,2.633207,2.6875,1.1962794,0.3836787
1191,910780,-4.687975,-5.6875,0.49761048,0.24289656
1736,909747,2.955398,3.015625,3.232104,0.5859637
2044,906836,2.060689,2.546875,1.3465061,0.35992643
1873,1298365,1.212325,0.14941406,0.6225282,0.319935
1624,910851,3.481426,2.359375,3.6174836,0.57922137
1997,749716,4.236769,3.71875,2.4503162,0.48337063
1873,910920,1.143519,0.42578125,0.9413729,0.3851
1913,924239,2.746893,4.1875,0.5773257,0.24788083
1817,907322,-5.152071,-5.6875,0.54424053,0.24343711
1621,753554,5.212747,4.78125,1.160557,0.34815857
2154,724870,1.847244,2.375,0.5415038,0.28629342
1564,1503365,1.27557,3.203125,3.0396569,0.56244254
1441,1240192,1.676946,2.515625,1.3116401,0.42682433
1022,906827,-1.013655,-0.22363281,1.8874489,0.47415355
2148,1331048,-0.598196,0.067871094,0.90836114,0.3103675
2011,908461,4.143747,4.9375,1.174528,0.35401833
1042,905968,5.41344,4.28125,0.64533824,0.23868701
2046,946359,5.616432,1.234375,3.8034775,0.5708703
2106,907271,1.895613,3.53125,1.8652476,0.4665381
1067,687505,5.479361,5.28125,0.38540158,0.19203988
2043,909709,5.6064,5.71875,0.6589558,0.2723212
2043,906843,4.41992,4.3125,0.54362667,0.2304532
1909,687802,1.617261,2.5,2.7698607,0.6036341
1026,910567,0.156023,-0.9375,2.26538,0.48212337
1563,906849,5.109518,5.3125,0.5308547,0.2344285
2011,905972,5.896801,4.875,0.9903493,0.30134544
1626,924239,1.020787,1.234375,2.926906,0.5342296
1133,907066,5.126687,3.109375,0.91337264,0.307526
2045,1240153,4.548621,4.1875,1.1460937,0.30913252
1052,909724,3.61538,2.796875,1.6047816,0.3717722
1259,910399,2.270931,3.328125,4.2094803,0.6193288
2158,724831,4.285239,4.40625,1.0751406,0.34316784
1855,910567,2.824928,3.71875,2.1587012,0.4630436
1912,909747,4.081136,2.453125,2.2761223,0.47326183
1916,1240159,4.14543,2.828125,1.4401363,0.40102547
1932,909724,1.101004,1.8046875,2.410381,0.4522339
1779,907291,0.276391,0.43359375,1.0808825,0.37851912
1564,910781,3.116274,1.8046875,2.4625635,0.5081185
1635,906746,5.993983,5.65625,0.34889796,0.2062946
1020,1240198,5.778145,5.59375,0.5251001,0.26030535
1494,688087,-2.088516,-4.25,2.1299682,0.43949178
1627,687455,1.824694,3.71875,2.0367439,0.49426693
1054,905986,4.895213,3.3125,1.1509831,0.3404433
2439,1240186,9.757443,9.6875,0.3923049,0.3105813
1047,910567,0.307751,3.65625,2.0417562,0.4345312
1200,688087,2.753574,3.375,1.1366508,0.3346302
1463,907299,0.367354,3.4375,1.4821143,0.4052429
1047,924239,3.946204,4.09375,1.8228173,0.40695086
1175,688121,4.300316,3.9375,1.3308904,0.33580232
2040,687780,0.61031,1.4609375,2.1758113,0.52801514
1786,713880,1.75782,2.015625,1.7367814,0.43064848
1086,1299062,1.622784,-2.71875,3.3087199,0.53282166
1786,753620,1.397207,1.765625,1.6004509,0.40030682
1190,909745,4.100109,-1.703125,6.113283,0.82343125
1012,906868,1.525486,1.0546875,0.6410175,0.2889383
1830,910780,1.779269,1.8984375,0.5548499,0.2779013
1034,1240184,-3.412117,-3.015625,1.408037,0.39389077
1594,687596,3.63456,3.265625,2.62666,0.55901176
1799,749710,3.831251,4.65625,2.3748844,0.5134578
1019,907791,3.861171,2.203125,1.6929296,0.4216002
1613,753622,1.319671,3.25,2.7701163,0.5308572
1827,1298537,3.172685,0.41015625,2.2079642,0.5245422
1054,724831,2.90124,3.875,0.99370414,0.33786577
1086,905964,-2.873555,-4.15625,2.2321503,0.41588932
1089,1240186,5.766926,4.65625,2.1986866,0.4607004
2109,906849,4.467902,1.9375,1.2849169,0.38912812
1922,909750,1.413864,2.046875,1.2442154,0.39144787
1250,910920,0.243615,1.6484375,2.8916283,0.54634273
1022,1240192,1.515096,0.25195312,1.5127308,0.44744286
1931,907271,6.117908,6.125,0.7119223,0.304892
1053,1298168,3.008663,1.5546875,1.1209784,0.3701326
1776,687505,4.045725,4.09375,1.0547898,0.31642914
1635,1240186,4.654844,5.4375,0.3382046,0.1986937
1922,906827,1.159242,2.234375,1.5035614,0.43852472
1576,753575,2.970047,2.734375,1.0304103,0.35906756
1576,1298538,3.566514,2.53125,0.98597974,0.35394058
1268,1298136,5.136892,4.53125,0.88068265,0.322497
1582,905964,1.893883,3.40625,0.57176846,0.25056538
1069,910851,3.158908,3.515625,1.0282521,0.33299008
1054,925338,4.093996,3.265625,1.1827182,0.33546436
1022,907169,1.009669,-0.890625,1.5864106,0.40737242
1079,724831,-0.375836,0.8125,1.9439386,0.53638387
1026,907299,-0.637146,-0.7265625,2.1895769,0.5009827
1089,946359,6.131818,3.578125,3.376042,0.5344966
1190,1299062,0.057973,-1.46875,7.072942,0.89913946
1930,906746,0.132256,0.3203125,1.0824696,0.37167782
1017,724831,5.59247,4.78125,0.8342388,0.30855444
1940,908127,2.048588,4.03125,0.94232297,0.3555792
2173,1240198,4.025588,4.3125,0.8012537,0.2993332
1930,909747,2.619302,-0.38671875,1.0702608,0.3367193
2040,909709,1.640685,1.515625,1.965866,0.51845556
2158,688013,3.943735,3.25,1.2116123,0.32386878
1069,1298168,4.54249,2.953125,0.6048268,0.28625596
1594,713880,2.794863,1.8046875,2.020964,0.44755125
2106,906696,3.653933,3.375,2.200874,0.49944004
2043,909750,5.58766,5.125,0.5117641,0.2231256
2106,1298136,6.654299,3.0625,2.3621068,0.5360282
1036,688025,3.348518,3.84375,1.7625217,0.38719016
1068,905950,0.555311,-0.047851562,1.0394423,0.39026546
1810,908127,-0.610734,-0.15820312,5.2253275,0.78829706
1806,998189,2.85224,4.8125,2.2638915,0.45664266
1549,909747,4.589452,3.015625,2.1949441,0.46713305
2046,1674021,2.445427,2.34375,2.9903862,0.50195384
1008,924100,0.452915,0.06689453,4.9032955,0.77198356
1034,1298168,-3.573115,-3.40625,0.8954679,0.31670392
1809,1240198,1.298538,0.7421875,2.750892,0.54667705
1621,907322,2.263322,3.3125,1.0895964,0.32533282
1038,1240198,4.617361,3.0,0.9161791,0.35451123
1049,1330947,2.469186,2.296875,1.0525229,0.32026374
1593,1298348,4.133625,1.9140625,1.3277683,0.39644644
1463,1298538,4.248472,3.75,1.2876562,0.37206787
1091,1331048,0.696754,0.40625,0.89939,0.29125926
1250,910781,0.304444,1.6953125,1.9213395,0.4642721
1042,909699,7.348473,5.8125,0.67934865,0.26155075
2156,1240160,3.482749,3.578125,2.9191983,0.5844426
1259,907278,3.209395,2.046875,4.1995425,0.62713414
1558,906849,4.213232,2.453125,2.2447736,0.48920217
1578,905964,4.519347,4.0625,0.34755915,0.19099112
1819,1240160,-2.003386,-3.953125,3.10821,0.5382568
1578,907794,6.15904,5.40625,0.41021433,0.2168806
2055,906868,0.445172,1.5546875,1.4579046,0.4373606
1853,924248,2.708788,3.859375,1.227671,0.3326383
1248,949090,-0.947753,-4.375,3.6174328,0.76388186
1073,924239,3.417319,4.09375,2.2123358,0.47831422
1014,753620,1.382023,1.1953125,3.4631302,0.6114264
1632,906827,3.226645,3.734375,1.2503539,0.35794738
1776,906696,3.801849,4.59375,1.0262282,0.3388473
2044,906848,2.266821,2.71875,1.7168722,0.41134578
1621,908461,5.422652,5.0,1.2537382,0.38513252
1529,1240144,3.069458,0.546875,3.4229481,0.55440664
1831,905950,4.110866,3.859375,0.52365613,0.25825608
1373,1298350,5.128731,4.75,1.4309725,0.40030682
1020,907795,5.495238,5.46875,0.6980666,0.2884842
1378,908121,5.161335,3.09375,2.6334279,0.54337424
2038,907278,3.46428,3.53125,1.4361402,0.36394876
1817,906835,-2.94192,-5.21875,0.67886627,0.26534566
1020,908121,4.619471,5.75,0.59238106,0.28036556
1004,1322212,-3.290564,-5.03125,1.4486727,0.37036592
1010,1503367,4.009973,3.5625,1.8307753,0.4960498
1557,1330983,3.539166,4.0,1.3247443,0.32565296
1553,687505,-0.297769,2.734375,2.2857358,0.47894022
1131,1503367,6.833719,5.875,3.081211,0.57408446
1918,907791,4.050637,2.984375,1.3027899,0.37469402
1924,905968,-0.701728,2.46875,1.7730877,0.39908347
1808,907322,0.166987,-2.640625,2.1984298,0.39590117
1919,910899,1.604252,0.50390625,1.4380051,0.3967835
1926,909699,1.492209,0.359375,1.5121541,0.48498815
1862,687455,-1.351334,-1.6171875,0.28444162,0.20760155
2111,908461,5.057327,3.734375,2.151776,0.48431796
1564,910899,3.701938,1.28125,3.8146527,0.6288343
1997,910903,2.46545,3.890625,2.0102334,0.438089
1786,924239,2.023294,2.375,1.564451,0.39820975
1830,924100,3.314802,2.59375,0.81923884,0.35993367
2439,687568,10.329658,9.75,0.40993103,0.31838664
2154,909249,1.020058,1.2109375,0.50571615,0.2326783
1919,910903,2.297181,1.3515625,1.1491749,0.39072686
1030,1298358,6.446497,5.625,0.8045787,0.34194633
1635,906835,7.174322,5.5625,0.30611086,0.18380044
1017,907063,4.473172,2.8125,0.82741016,0.2640962
1779,906835,3.070457,0.58203125,0.859736,0.3653882
1200,1240198,4.426111,3.640625,1.0791863,0.33629096
1511,998189,-0.724629,-1.8515625,1.953174,0.4360535
1008,753612,0.609362,-2.109375,4.087223,0.626317
1375,907063,6.876178,4.625,1.0818845,0.3082866
1179,925346,-0.871566,-0.024414062,1.1626261,0.39144787
1561,1298358,2.618548,2.328125,2.7679322,0.61297065
1557,724831,4.588642,5.3125,0.93037343,0.30422676
1631,749710,3.288609,3.78125,2.1010776,0.4729068
1560,910911,3.673046,3.359375,1.4081881,0.38328394
1012,905950,1.631467,1.2265625,0.66211385,0.30307642
1940,1240172,4.111518,3.859375,0.9698052,0.32974
1782,905950,4.576553,5.5625,0.6983047,0.27851567
2171,1240127,2.227488,2.140625,2.8472524,0.54956275
1852,905986,4.60098,5.09375,0.58261937,0.2413872
1912,1240145,1.919354,3.5,1.3918849,0.38581768
1908,1298136,1.998609,2.1875,2.4299629,0.5469317
2158,1240159,6.01508,4.4375,1.0319705,0.32004496
1582,749710,4.800202,4.875,0.69033724,0.3087857
2158,687568,6.164498,4.1875,1.2295368,0.34238118
1510,687596,3.566044,4.875,1.7850633,0.46658808
1624,713880,3.928588,2.015625,3.5925055,0.58871514
1915,1298157,3.390357,2.828125,1.4322534,0.42966545
1630,1240186,4.752212,3.109375,1.1999774,0.37037784
1825,909731,-2.511875,-0.69921875,2.406314,0.5416088
1060,1298157,3.194155,1.390625,2.958681,0.61994535
1060,907318,2.64983,0.30859375,2.2750604,0.49580264
1997,1298141,5.501163,4.1875,1.7483906,0.44699144
1936,909724,3.271038,1.734375,1.3233626,0.3770966
1940,906849,3.839052,3.25,1.1361619,0.34901458
1018,688087,5.578256,5.40625,0.39668342,0.20811224
1917,925346,1.828585,1.578125,1.0455333,0.37346065
1849,910933,0.53499,-0.8515625,1.0499144,0.36227685
2172,907299,0.545027,1.5703125,3.243261,0.5763696
1463,1240192,3.831973,4.4375,1.4548241,0.42830044
1046,1240184,2.72183,1.9921875,2.1791017,0.5111879
1908,908465,1.947494,2.359375,2.4482436,0.5210408
2109,687568,2.95917,2.265625,1.0012969,0.36122915
1918,910911,2.719026,3.21875,1.233344,0.3752843
1583,687997,3.273152,1.5859375,0.5890788,0.26620865
1782,1330947,2.900546,3.6875,0.7221338,0.25040486
1037,753622,3.033994,2.375,1.620032,0.42916697
1494,925346,-3.500693,-4.4375,1.7395498,0.42578393
1634,909747,5.867739,3.953125,1.0243833,0.31618
1831,1240127,3.900104,3.703125,0.45775995,0.24389541
1830,908461,3.488775,2.78125,0.7382319,0.36408028
2157,906843,5.708866,3.796875,0.7238525,0.25100082
1091,905968,0.346471,0.95703125,1.1560942,0.37439057
1463,753575,2.754364,3.96875,1.3801838,0.38787878
1918,688121,3.594657,2.796875,1.4853438,0.4079796
1557,905972,6.510514,5.28125,0.9242449,0.28663605
1010,906842,1.72025,1.4609375,1.0466126,0.31546295
1089,910567,1.107634,3.375,2.7479389,0.5084645
1089,908150,4.548462,5.0625,1.9427471,0.4200283
1838,909757,4.187871,4.25,0.5303912,0.26428607
1268,907274,5.048397,4.21875,0.90926284,0.31685123
1199,907322,2.364499,2.359375,1.4793398,0.3732582
1005,688025,0.120266,2.140625,3.4856575,0.5103463
1813,910920,4.50763,4.5625,2.4693298,0.5056497
1038,924239,2.816335,2.4375,0.90787363,0.32590255
1627,1659818,1.993265,2.5625,1.7419884,0.4052429
1018,688025,4.815668,5.09375,0.3933731,0.18380044
1809,753620,-0.608857,-1.0390625,2.7738488,0.48343506
1529,910899,-0.830936,-0.84765625,3.9419754,0.59468955
1502,906842,2.736546,3.140625,0.575467,0.22721303
2173,907291,3.026514,3.84375,0.8648978,0.28557807
1058,1240223,3.572154,0.9296875,1.0411432,0.41948205
1613,1330947,-1.762352,0.99609375,2.7577932,0.5033625
1615,1240160,6.384559,5.4375,0.8271411,0.30289066
1010,908150,4.298507,2.71875,1.2546808,0.39474046
1996,1240184,4.120188,3.953125,1.5045259,0.4058114
1631,753612,5.603834,1.8359375,2.169656,0.41877642
2043,687568,4.846353,5.25,0.53704625,0.23595197
1802,1298537,3.990774,3.234375,0.5538215,0.26687813
1853,1298365,3.198114,3.375,0.7334162,0.2895765
1032,905982,3.516477,1.21875,1.615041,0.45179904
2109,688087,2.589934,2.328125,1.0502145,0.36596876
1910,907322,0.133447,-0.40625,2.5717409,0.4893475
1378,1298537,1.712095,2.1875,2.3099291,0.5034015
1825,1303900,-0.393985,-1.2890625,2.089711,0.48011288
1032,949179,1.59974,0.8359375,2.022536,0.48252815
1618,1331048,3.671043,1.6640625,0.9418558,0.2865897
1024,724859,0.483136,-0.75390625,1.3264998,0.4094295
2159,924239,1.516226,2.625,1.7264053,0.40669563
1553,1298537,2.740461,2.484375,2.0433748,0.4773449
1580,724870,5.464196,5.3125,0.5494466,0.2495755
1038,753620,3.180112,1.953125,0.9008832,0.3217922
1047,908150,5.31971,4.78125,1.6410111,0.38657904
1933,753575,4.497972,5.0,1.195022,0.3469139
1809,905972,0.682292,0.27734375,2.814729,0.51375455
2107,946359,6.620996,4.375,0.8625184,0.2700632
2039,1240153,3.131168,2.515625,0.9728562,0.3373446
1032,905972,3.657268,1.3828125,1.478144,0.4455323
1179,1503367,0.039477,1.2734375,2.1010702,0.5232418
1629,909747,6.41526,3.8125,1.1530666,0.316713
1250,753622,0.258127,2.328125,2.7341866,0.5474021
1021,1298365,4.050108,1.671875,1.0017471,0.33728108
2111,1240192,3.986163,4.21875,1.9410151,0.4591812
1054,907318,4.176805,2.234375,0.89376426,0.29510945
1854,753540,4.7078,5.875,0.7219191,0.3212619
1033,907791,3.992043,4.625,0.6518308,0.24596393
2044,924100,3.072396,3.5,1.4407862,0.38861907
1180,906827,-2.161663,-3.390625,1.8262428,0.39483967
1034,910399,-4.423672,-2.953125,1.4103184,0.37194166
1913,1240192,4.233985,5.34375,0.639418,0.2979963
1018,753540,5.658251,6.46875,0.46171373,0.2751074
1259,907063,-0.170792,-0.006591797,3.271706,0.49612612
2171,909975,6.206928,1.765625,3.5031772,0.59164613
1845,1303900,3.058192,0.81640625,4.010089,0.6080955
1012,687568,2.016973,1.25,0.61395675,0.2928275
2044,906696,4.41701,3.859375,1.2869227,0.37887022
1239,907299,1.218066,1.2578125,2.3722184,0.5169762
1847,908127,2.032832,4.46875,5.787424,0.83927417
1058,909257,0.127964,0.875,0.90987873,0.38967
1025,753622,5.100377,5.65625,0.56522083,0.26613906
1622,687596,3.733114,5.15625,1.3074323,0.42340004
1052,910399,2.899238,3.875,1.4550333,0.37529132
1049,1240145,3.556331,4.03125,0.8269042,0.3058416
1615,1240182,6.824888,4.9375,0.575325,0.24955864
1033,909975,6.59498,4.78125,0.6742998,0.23966633
1051,687505,2.056768,0.875,3.8819797,0.6361522
1838,1299062,6.198792,4.0,0.42064077,0.2281949
2498,909785,7.227235,7.25,0.675862,0.31016454
2359,908150,5.814904,5.40625,0.61746854,0.25259617
1922,908127,1.24546,2.515625,1.3860595,0.44886273
1615,1240127,5.615394,5.28125,0.4725705,0.22481418
1564,1322212,2.897887,1.5546875,3.3546257,0.6001081
1564,906849,4.182646,1.796875,3.8482745,0.6306288
1849,906835,0.763409,-0.96875,1.0277156,0.3563674
1557,1674021,4.015353,4.78125,1.1212063,0.29306608
1558,688013,3.332136,2.25,1.5717376,0.393125
1059,910781,-1.309203,-0.50390625,1.038502,0.36911473
1997,907795,3.719962,3.4375,2.7456415,0.5261669
1018,1240159,6.533482,5.625,0.3270416,0.18871404
1831,688121,4.916374,3.328125,0.5447076,0.24997556
1560,687794,2.205106,3.28125,1.7570848,0.44724208
1804,907271,6.497516,5.6875,3.3231235,0.69630855
2046,1240145,4.236592,3.125,2.3082767,0.4455323
2040,753622,1.161739,0.92578125,1.6102151,0.46527115
1036,924189,5.486005,3.953125,1.5789483,0.39492851
1924,905964,3.221557,2.359375,1.535886,0.36798322
1079,906849,3.578703,0.74609375,3.3613422,0.6262779
1811,906843,-2.203531,-5.125,1.5228759,0.36798742
1012,925338,1.742381,0.9921875,0.59287786,0.28423244
1559,687455,1.642577,-3.0,2.4368575,0.48787484
1802,1298157,3.910506,3.96875,0.55125594,0.26632625
1510,909699,8.131287,4.625,1.4350183,0.3589286
1072,907322,3.868738,3.65625,0.79036224,0.2809184
1936,1240223,2.886787,2.578125,1.2372681,0.4145483
1073,1240160,6.556511,4.875,2.8522234,0.56265426
1054,753608,3.796918,4.5625,1.0973698,0.34195718
1931,909757,6.308325,5.8125,0.83759505,0.30367842
1511,1330935,-0.847896,-2.28125,2.517549,0.45641863
1080,909749,-4.215549,-4.5625,1.8611835,0.43844584
2175,907791,3.553302,3.96875,1.3568916,0.3484345
1778,1240127,1.221779,3.171875,1.6991577,0.42872137
1005,1240127,5.02878,3.03125,2.972149,0.48139182
1922,1674021,2.63,1.9453125,1.3920989,0.40412515
1558,910911,2.442826,2.984375,1.7840002,0.42925102
1494,906849,-0.132387,-4.3125,2.1891274,0.44489357
1563,907269,4.701563,5.0,0.5115591,0.23177062
1736,1298157,5.829696,4.0,2.480642,0.5321002
1594,906842,0.883318,0.671875,1.5366715,0.3458713
1019,905982,2.309512,2.515625,1.4933578,0.42162272
1910,687596,3.565182,2.40625,4.0688334,0.700157
1179,1298168,2.831749,-0.15234375,1.1102455,0.38880187
1582,909975,5.324651,4.21875,0.7237852,0.27174994
1561,905968,-3.112029,0.6953125,2.1021821,0.47704405
1013,1240127,3.192374,2.859375,1.3205161,0.38876015
1259,1299062,5.39252,2.703125,3.6395533,0.5490659
2039,946359,3.097443,2.375,1.0770985,0.33887056
1806,1298365,4.121,3.140625,2.0611196,0.4352401
2044,905972,4.876926,3.84375,1.0432762,0.33299723
1096,907175,4.081785,0.9140625,2.7408502,0.5215254
1810,906827,0.268749,-0.57421875,5.1315475,0.744161
1088,909720,1.473317,2.484375,2.4093752,0.44581845
1085,907274,2.060008,2.203125,1.4570972,0.44973886
1909,906835,2.360051,1.296875,1.928019,0.46588615
1032,1240172,4.348121,1.3046875,1.7568451,0.47818223
1806,687802,7.973029,6.65625,2.5522335,0.58881253
1813,724859,6.000158,4.8125,1.8610816,0.444009
1813,1298157,6.265464,5.6875,1.6928221,0.45659998
1008,1659818,-2.977543,-2.15625,4.0895414,0.63000983
1918,907291,3.255103,2.8125,1.3423805,0.38608062
2057,1298537,5.082872,4.21875,0.87930465,0.2989692
2040,749716,4.394545,1.03125,1.9993426,0.5000781
2148,907271,2.655723,2.09375,1.0285732,0.41232362
1033,906835,7.703832,5.1875,0.5592982,0.23172493
1815,749710,5.655987,6.09375,0.5030964,0.27012983
1598,753554,4.422923,4.6875,0.83759505,0.30367842
1804,724859,4.754731,4.8125,3.4520793,0.652234
1849,910781,-3.041701,-1.15625,0.9210315,0.3289891
1006,1298157,1.993324,2.828125,3.9130397,0.70467436
2158,905986,4.942259,3.96875,1.2366003,0.3443481
1057,906813,-0.538279,-2.59375,1.366847,0.35411096
1803,905964,5.480059,3.796875,3.4689136,0.6205531
1917,1240192,2.498298,2.375,1.2309755,0.41446057
2110,1503365,7.066791,5.25,0.75049925,0.2993332
1918,1240186,3.045021,3.078125,1.2548159,0.39101982
2040,906868,1.316333,0.35546875,1.5398017,0.43075123
1051,687568,2.547027,1.375,3.6404989,0.63447756
2106,688025,4.893322,2.40625,2.506439,0.49083757
1557,907291,2.957805,4.59375,1.1778002,0.29459286
1052,907271,4.493214,4.15625,1.2915874,0.38203195
2096,753575,3.717559,2.375,1.8005393,0.4562953
2172,724870,-0.377182,2.140625,3.084583,0.5827995
1936,753540,3.263641,3.265625,1.3270159,0.45119393
1561,908121,-2.627532,1.96875,2.8117807,0.5891647
1057,1659818,-2.965561,-3.28125,1.3690559,0.32662356
1529,909975,2.474612,-0.100097656,4.150538,0.5990646
1581,909907,4.510998,2.53125,1.9256581,0.47133708
1003,908461,-1.100636,-3.015625,2.321648,0.47540855
1019,1240184,3.074081,2.640625,1.7576357,0.4762326
1632,909975,4.935803,3.171875,1.3634251,0.3440113
1083,1298168,3.276397,1.8515625,1.0705296,0.36577696
1720,687568,6.282472,4.15625,3.2308187,0.5294444
2055,907291,0.599753,1.3671875,1.6517783,0.4495849
1814,1240186,6.491938,5.84375,0.7124034,0.28995687
1060,1298348,1.153382,1.28125,2.3890116,0.55808777
1059,907795,-0.137949,-0.24316406,1.7006469,0.4757468
1917,1322212,1.497082,1.171875,1.457043,0.41327342
1559,1240160,-1.644634,-2.953125,2.6564999,0.4690133
1720,906842,-3.006873,0.20605469,3.0646272,0.45997503
1061,753575,5.957266,4.75,1.0196571,0.3132258
1375,1298358,7.386442,7.28125,1.3617009,0.48639458
1849,1659818,-1.275608,-1.6640625,1.204984,0.3370878
1507,908465,5.08386,5.15625,0.77547395,0.2970612
1614,906836,1.811357,2.75,2.1574066,0.44857785
1012,1330947,-0.925841,-0.11035156,0.5722276,0.23290361
1928,753575,6.088917,4.71875,0.9463019,0.29915252
1401,909757,2.351676,1.796875,1.5259874,0.43483523
1804,905950,7.078225,5.25,3.675814,0.69942904
1069,910899,2.873561,2.90625,0.9183736,0.31533363
1576,910933,1.329014,2.53125,1.0203378,0.3608672
1054,1659818,3.532236,2.375,1.3845015,0.34479052
1816,1240144,5.995944,3.78125,0.95990753,0.30786797
1940,925346,3.96216,3.640625,0.67951936,0.2751733
1051,908127,0.036219,1.9609375,3.9145277,0.70026886
1918,1298365,1.733725,2.203125,0.9234161,0.35373348
1190,906746,-0.608887,-0.703125,7.5102253,0.94854295
1847,1298537,6.772006,3.015625,5.3767343,0.7518348
2157,1298358,6.380241,5.40625,0.91584545,0.33873773
1928,1298136,6.041435,4.5625,1.2046462,0.3563161
1036,924248,3.217187,3.625,2.093378,0.43194184
1941,1299062,-5.840379,-4.84375,1.2277809,0.3498603
1062,910851,2.565898,3.34375,3.1246765,0.5821829
1200,687455,3.071123,3.671875,1.3703917,0.38512686
1014,749716,4.42983,2.25,3.7689276,0.65686053
1008,687780,-3.066759,0.9375,5.4286423,0.7910065
1635,946354,4.632913,5.40625,0.2934179,0.17617913
1873,907269,-0.318836,0.6171875,0.9551981,0.3586354
1549,925340,6.730462,3.828125,1.8527025,0.44200996
1073,906813,5.034749,4.59375,2.2688618,0.47910833
1932,906848,1.592847,1.7109375,3.030509,0.53504574
1023,687505,3.268884,3.25,0.79221433,0.29595628
1835,713880,1.84627,3.484375,1.2344282,0.32555434
1200,753608,3.746109,4.4375,0.9992019,0.31892943
1016,687780,3.863448,1.5078125,2.946558,0.52710897
1635,1290797,4.964456,5.625,0.3225663,0.1939291
1627,906842,0.876479,1.78125,1.4621224,0.35482067
1179,910781,0.474883,-0.3125,1.1325661,0.36677122
1910,1240153,3.910988,0.3984375,3.2769394,0.5674761
1034,946354,-3.716254,-3.78125,1.0720469,0.31858924
2047,753554,1.601051,2.375,2.1906695,0.48907527
2046,905982,5.472585,2.71875,2.7844753,0.49160776
1010,925338,4.086141,2.546875,1.2509049,0.3898011
1131,906696,3.486887,5.125,2.9157763,0.543261
2106,1674021,2.154803,2.78125,2.1526623,0.46541265
1052,909975,6.606377,3.015625,1.8130671,0.4047741
1079,910780,3.417606,-0.30859375,2.601662,0.4985751
2039,910952,3.750235,3.703125,0.91711074,0.35846728
1918,949179,2.270428,2.65625,1.4289948,0.40159634
1175,924248,3.798528,3.4375,1.5115291,0.35458437
1175,1331048,2.347555,1.984375,0.91138214,0.28130174
1913,688013,4.154147,4.125,0.48812702,0.22002299
1007,924189,-3.947937,-4.9375,2.0491192,0.44656333
1581,1290797,3.216632,2.40625,1.2841026,0.4020654
1003,1240198,0.22148,-2.625,2.093942,0.44563752
1997,688087,3.864715,3.453125,2.16291,0.46762818
1011,687568,3.228088,1.40625,2.2231905,0.48838973
2170,907169,4.730075,3.578125,2.2290287,0.4429687
1804,753620,5.723599,4.1875,4.167008,0.70812553
1007,907066,-2.101009,-5.0625,1.7617866,0.41156414
1927,1240144,4.58989,5.25,0.6411881,0.26097137
1913,1659818,4.335335,3.921875,0.58805543,0.23934573
1005,1298141,6.623146,4.09375,2.805843,0.4953803
1939,687819,2.890055,2.3125,1.3009892,0.37244308
1806,906868,6.267396,4.78125,2.1368454,0.43756622
1011,908127,5.22334,1.96875,2.4528687,0.5520873
1020,924189,5.431263,4.9375,0.57233757,0.26198217
1776,908150,4.598747,4.21875,0.9114902,0.30539596
1830,1330947,0.374286,1.78125,0.63690186,0.29078868
1083,749710,2.819097,2.875,1.5883236,0.44229022
1806,909731,3.171174,5.0,2.7184746,0.54425645
2154,1503367,2.28557,3.21875,0.74358535,0.29359162
1635,906868,5.657297,5.5,0.3375284,0.19476528
1023,906842,1.724974,1.8671875,0.5827139,0.23717168
1007,909249,-4.079564,-5.4375,1.3629696,0.3726661
2177,687568,2.894686,1.8359375,0.5081714,0.28069195
1594,724859,3.514348,2.1875,1.5616739,0.40819755
1085,907175,1.293594,1.40625,1.1238809,0.36395857
1583,907269,0.747747,1.625,0.6181426,0.25741118
1926,910899,0.694049,-0.640625,1.4114616,0.40220073
1561,910903,0.892884,1.984375,2.2104084,0.50784326
1061,687997,5.469513,3.578125,1.1977614,0.32453427
1559,1240127,0.365684,-3.921875,1.6246861,0.37173375
1720,753575,7.000684,4.5,3.1913466,0.5292381
1049,753540,4.425014,4.75,1.1651554,0.41005212
2158,909785,1.044094,2.265625,1.200721,0.30428848
1622,906746,4.969999,4.5,0.91737735,0.31499156
1594,907291,3.059245,2.0,2.0530488,0.44038105
1089,909749,6.403073,4.6875,2.0524886,0.42029226
1068,1298365,0.801545,-0.65625,0.80420804,0.32898816
1933,1503365,7.616465,5.46875,1.1533498,0.35940143
1053,1674021,2.303834,2.03125,1.7583429,0.41772646
1720,1240159,5.519017,4.625,2.6356575,0.47783107
1615,753612,5.521029,4.3125,0.51893735,0.20908259
1016,907318,0.872432,-1.0546875,1.5749547,0.36946318
1073,924189,3.173364,4.1875,2.2018566,0.4837031
1016,909726,1.207726,-0.5546875,2.1206574,0.42143238
1449,687997,6.12203,4.4375,0.5162877,0.23212057
1038,724859,4.812856,2.578125,0.84569246,0.33055228
1168,924239,2.376159,2.21875,1.1985645,0.37349105
1249,906696,2.364806,3.5625,1.7612479,0.44245005
2157,724859,5.513981,4.625,0.6567372,0.24412021
1004,687590,-1.456244,-4.75,1.7267696,0.38865826
1060,909749,1.780283,0.76953125,2.7349083,0.5866406
1085,910952,3.545307,2.921875,1.3452883,0.44636455
1511,907169,-1.527244,-1.9921875,1.8803831,0.41980267
1093,909749,4.183083,4.125,0.78570414,0.28771684
1581,1240145,0.946504,2.71875,1.0271447,0.36689234
1804,1240184,6.563717,5.28125,3.8726134,0.7215368
2057,907322,4.50847,3.203125,0.8604345,0.2882897
1561,1240198,-0.056193,1.9453125,2.1059015,0.5199196
1502,909726,4.946956,4.3125,0.5954941,0.23393594
1908,909709,2.870719,2.71875,2.6463783,0.53782004
1091,908127,2.380167,2.140625,1.2873436,0.44202355
1802,1240127,4.42452,3.578125,0.5070408,0.2539557
1778,1298538,0.566966,3.203125,1.6040666,0.41373092
1058,905950,0.64742,0.84375,1.1583446,0.41581503
1632,909785,1.852844,1.859375,0.99588686,0.27859402
2159,1330983,1.609053,2.5,1.967914,0.43934426
1936,925346,2.589942,2.140625,0.9569636,0.35218284
1614,1330947,0.455668,2.015625,1.784553,0.40166402
1016,1240198,1.120219,0.86328125,1.9584943,0.47937426
1131,905964,2.97205,2.171875,3.0997667,0.520314
1131,905986,6.79776,4.375,3.1858256,0.5447741
1847,909709,6.652883,4.6875,5.2229943,0.7468834
1852,749710,5.671265,5.5625,0.6748577,0.28828192
2040,1298365,1.11409,-0.15527344,1.0329384,0.36172938
1259,906868,3.560965,2.515625,4.3142395,0.62563753
1779,688121,1.770868,0.51171875,1.193377,0.39212665
1835,909975,4.628093,3.71875,1.2830538,0.3195264
1005,910911,2.457651,3.546875,2.9751115,0.4607918
1237,906842,3.44098,4.0,0.2813668,0.17332207
1268,753554,4.432672,4.65625,0.7017398,0.27988574
1005,910920,5.12893,2.46875,3.5612602,0.5239581
1809,906848,-0.465141,-0.4140625,3.5674868,0.5648062
1177,907066,5.882617,3.21875,1.7725611,0.39254135
1997,1290797,5.140615,3.5625,2.1285284,0.44947457
1549,907278,3.984356,3.328125,1.7744427,0.42695135
1778,905986,4.54073,3.078125,1.7025307,0.42583913
2439,687505,8.276666,9.6875,0.4215587,0.31761956
2043,1298168,6.002992,4.4375,0.4392317,0.21999292
1199,924100,3.734115,3.90625,1.934035,0.42830044
1034,753622,-3.22717,-3.234375,1.3068783,0.35896045
2156,1240186,4.982682,2.984375,1.9748119,0.48545468
1068,907318,0.155496,-0.9921875,0.7239092,0.2858228
1720,907291,-1.193434,3.25,4.228026,0.5991254
1372,753620,-0.926262,-1.1484375,2.8784888,0.5326208
1080,925340,-3.551304,-4.09375,2.8843167,0.53739953
1911,687590,-4.33297,-4.5,1.8845313,0.40107024
2045,924100,6.432631,5.0,1.0973916,0.3200623
1006,909745,2.988934,1.625,3.2069569,0.62347376
2055,753575,4.154679,1.875,1.4058379,0.44018197
1093,910920,4.276193,3.75,0.8869244,0.29001915
2111,925340,2.917518,3.640625,2.1869926,0.44783494
1594,925338,1.931683,2.15625,1.7134116,0.4140284
1239,1240153,1.477007,0.88671875,2.762744,0.5294444
2148,907269,0.119823,1.140625,1.4535006,0.41998854
1239,907318,1.040103,0.22949219,1.4963152,0.3808667
1014,909257,2.29641,2.3125,2.7167976,0.56926244
1925,1240192,4.916277,5.8125,0.63340944,0.30210546
1080,1240127,-2.218768,-4.5625,2.1635945,0.46777618
1621,1298537,4.458089,4.125,1.1974432,0.3428003
1131,687505,2.882406,4.28125,3.3647068,0.532702
1239,1299062,5.767293,1.5625,1.9129623,0.45254484
1706,688121,1.914579,0.91796875,3.8018475,0.60874116
1936,905964,2.258328,1.3515625,1.0486095,0.3236575
2157,1240145,4.598763,5.125,0.5056385,0.21217564
1401,998189,2.414748,1.484375,1.3579553,0.40930578
1237,688013,5.0886,4.84375,0.29200515,0.17918682
1706,1503365,1.649326,2.359375,3.1042526,0.55902505
1046,906696,2.355495,2.203125,2.0311515,0.49290985
1008,909720,0.657528,-0.1015625,3.2974806,0.62302417
1079,910911,-0.582053,0.953125,2.717518,0.5650388
2045,905950,4.133995,5.03125,0.97748995,0.30606192
1088,1240127,5.466557,1.6953125,3.36595,0.5130841
1052,905986,4.231296,3.28125,1.3857298,0.37888923
1553,946354,2.075469,2.71875,1.9549692,0.44363728
1913,909699,6.515478,5.40625,0.6559789,0.25900173
1913,1240184,5.302025,5.03125,0.6286717,0.2720029
1847,1240186,6.550155,3.484375,5.8620243,0.80920196
1053,1240186,3.971141,1.9609375,1.8134964,0.44198057
1023,1298141,5.505702,3.828125,0.6540805,0.30404755
1008,1331048,2.142826,-3.28125,2.359355,0.46542677
1810,924239,1.003205,-2.046875,4.4899597,0.66715115
2359,1298141,6.407664,5.78125,0.6438808,0.29548782
1067,687802,6.200454,6.3125,0.60596704,0.30823103
1812,910780,1.255315,1.7734375,2.2547667,0.4582333
1815,905968,6.743471,4.96875,0.41196015,0.1949749
1057,1298538,-2.350427,-2.171875,1.4510849,0.38269296
2172,1303900,2.82661,1.5234375,3.3296509,0.5996156
1613,910952,3.250016,3.859375,2.7400947,0.54053485
1129,924189,3.86656,2.96875,1.3698387,0.38145015
1200,687997,3.825259,2.5625,1.1797758,0.32702297
1594,907063,1.753504,0.91796875,1.5212411,0.34950644
1449,1240184,6.106747,5.53125,0.53201455,0.2511484
1007,907322,-4.799035,-5.53125,1.3169943,0.37355024
1179,687819,2.480341,-0.40234375,1.6895089,0.42628682
1012,910952,-0.019097,1.8046875,0.82715553,0.35514793
1778,910933,4.506916,3.21875,1.652,0.42049414
1594,909757,4.993914,2.609375,2.0164564,0.45947483
1032,753575,0.204052,1.3671875,1.6631997,0.46527115
1529,753575,2.052459,0.734375,3.746279,0.5833811
1131,909975,7.23298,3.828125,3.9032025,0.5858382
1047,925338,4.947723,4.5625,1.6708539,0.38072497
1778,905972,3.852687,3.59375,1.5565925,0.40686935
1560,1674021,3.265699,3.125,1.431081,0.38600132
1014,1303900,4.416242,1.75,3.3468664,0.6279366
1941,906835,-4.2601,-4.71875,1.2917951,0.35807368
1594,910920,3.099583,1.90625,2.035966,0.4508735
1911,753608,-4.680032,-3.78125,2.8432412,0.5260988
1249,1240153,2.91569,2.46875,2.0523393,0.44726515
1598,909785,2.787424,3.03125,0.699959,0.24633595
1862,925340,-1.284861,-1.5,0.24903823,0.18542944
1024,688121,0.905067,-0.54296875,1.9551802,0.47651136
2171,1240159,3.989208,2.703125,2.395398,0.49806213
1583,1290797,3.110765,2.125,0.5489449,0.2813926
2010,924239,1.839423,2.765625,2.217667,0.4575873
1810,1330947,-5.016271,-3.25,3.1218758,0.5208482
1912,909726,2.316988,2.515625,1.7102269,0.40288442
1084,907322,-3.627354,-4.28125,1.4381858,0.3184925
1036,907169,2.835941,4.28125,1.5678082,0.37723273
2498,909257,7.522654,8.5,0.7209236,0.40336254
1634,1240184,4.669045,4.71875,0.92579114,0.3274285
1080,905972,-1.277833,-4.28125,2.353336,0.4855809
1033,1298538,5.663467,5.15625,0.5496841,0.233616
1463,907274,3.902848,3.59375,1.7763339,0.45214167
1782,910933,5.783872,5.40625,0.6311081,0.25817588
1941,909257,-6.264852,-4.71875,1.1967891,0.36243924
1617,1298348,-4.025646,2.03125,3.9196308,0.56310064
2173,753540,5.627516,5.15625,0.86310184,0.34774828
1778,909907,5.553365,3.359375,2.6141574,0.51950425
1926,949179,-0.257363,-0.609375,1.2953354,0.40172234
1033,909749,6.140053,5.03125,0.5898893,0.24009214
1373,907271,6.197476,5.125,1.0991342,0.35422778
1941,687505,-6.364396,-4.75,1.2689129,0.35991248
2172,905982,3.569565,1.9921875,2.873878,0.5210192
1911,924100,-5.81785,-4.03125,2.6770523,0.49196252
1549,946354,0.771508,3.375,1.6820719,0.40995017
1093,1240184,6.376709,4.5625,0.87075245,0.30796272
1034,753612,-1.295559,-4.28125,0.9918809,0.28395253
1924,1240223,5.893817,4.09375,1.6434371,0.4201592
1594,688013,4.26617,1.703125,1.7005088,0.39394888
1593,910781,3.105376,0.96484375,1.1664096,0.36873475
1249,1331048,1.939346,1.109375,1.203622,0.32760465
1630,910567,5.037042,2.484375,1.140797,0.36063787
1916,946354,2.546118,2.265625,1.6164165,0.41507757
1042,910952,5.127561,6.03125,0.63280004,0.28596658
1855,909709,5.619806,5.46875,1.9460503,0.4603724
1941,910952,-2.843322,-3.71875,2.531324,0.5387221
2037,687505,4.617837,3.25,1.8166044,0.42260098
2156,909699,4.987647,4.1875,2.218962,0.49944004
1933,749716,5.110353,4.84375,1.4958555,0.3790819
2107,1298168,5.699804,4.3125,0.4992958,0.24246776
1008,1298538,0.512915,-0.39453125,4.03724,0.673566
1827,909745,1.464016,0.51171875,1.8826667,0.4771082
1913,946354,4.785075,4.6875,0.52747804,0.22997677
2045,907066,5.66233,4.3125,0.9224676,0.28608483
1061,909755,4.824045,4.65625,1.0922132,0.32004496
1997,1298365,4.306173,2.15625,1.624208,0.41892588
1910,1298141,2.495501,1.9921875,2.5689855,0.53415525
1936,713880,0.132214,1.7578125,1.3668604,0.39865485
1199,1659818,2.846914,2.796875,1.6144983,0.3694027
2499,998189,9.746839,10.25,0.7255671,0.4812092
1510,909750,4.951778,3.984375,1.2273037,0.33405042
1079,910920,-1.799428,0.71875,3.1549764,0.6046107
1034,1330935,-2.849915,-3.9375,1.3365626,0.32997987
2096,906868,4.489358,2.15625,1.898329,0.45871183
1936,688121,2.227403,1.9375,1.5104715,0.4111237
1529,1240186,2.547486,0.18652344,3.8944905,0.606461
1096,753608,2.299402,3.265625,2.4886992,0.52553076
1046,1290797,1.728831,1.578125,1.960581,0.46973598
1079,910781,1.170264,0.59765625,2.1211703,0.5039227
1375,906848,5.322155,5.6875,1.6643568,0.43503729
2110,906842,3.361157,2.28125,0.76076305,0.2536535
1559,910952,-2.097857,-1.9921875,3.0800436,0.5988001
1625,925338,5.314449,4.65625,0.74924785,0.27300304
1068,925338,-0.087531,-0.40625,0.93156224,0.36046365
1029,687568,6.471948,5.78125,0.50769424,0.2402845
1624,749716,4.008721,2.921875,3.7358594,0.6050881
1778,909731,0.598164,3.3125,2.1705635,0.4986888
1853,906746,5.577013,4.71875,0.88748884,0.30774283
1911,905972,-5.527462,-4.40625,1.991687,0.42721888
1088,749716,4.474534,2.484375,3.9556189,0.57363147
1786,909907,4.509609,2.671875,2.3803234,0.49492776
1024,998189,0.051947,-0.5703125,1.5593761,0.44026184
1557,909731,4.567111,4.96875,1.4129775,0.36606202
2107,907278,4.192788,4.65625,0.6765888,0.26312527
1939,1240160,5.814961,3.15625,1.9766039,0.4579105
1803,907795,5.765172,4.96875,4.650082,0.79021734
1909,909975,3.280548,1.0,2.691661,0.52329355
1133,909726,2.276649,3.21875,0.8812619,0.28957006
1168,1290797,3.068887,2.359375,1.227755,0.399527
1177,688025,1.253209,3.171875,2.2029376,0.41917205
1026,907322,0.579578,-1.5234375,1.9954871,0.42468414
1053,907278,3.515696,1.78125,1.8570561,0.43021542
1088,909731,-0.282774,2.328125,4.055063,0.6086312
1177,687596,4.750141,4.96875,2.4478729,0.5292381
1634,687997,4.247903,3.6875,0.8270263,0.29394993
1922,753620,1.565298,1.328125,1.3704214,0.38691387
1560,909726,3.566761,2.734375,1.2531674,0.35218284
1925,1659818,3.396843,4.5,0.50241506,0.22243808
2156,946359,4.332925,2.109375,2.9063008,0.55300707
2439,1240160,8.132406,10.0,0.6334663,0.40440857
1918,907269,0.166904,2.765625,1.4280766,0.39584967
1620,753575,6.816695,5.75,0.4831067,0.22572775
1372,910920,1.254046,-0.48046875,3.329996,0.60371107
1199,906848,3.15537,2.953125,2.3389695,0.46140537
2038,687568,5.576713,4.1875,1.3082498,0.3497004
1512,907274,5.282613,5.09375,0.45533264,0.24448383
1997,1330947,3.136143,1.546875,2.1757987,0.4388738
1779,1240127,1.427106,0.59765625,0.90104586,0.36860293
1019,687568,3.554176,2.515625,1.500693,0.42961362
2057,907169,4.858264,4.59375,0.91999817,0.29083717
1941,688013,-5.895238,-5.09375,1.3068326,0.35248813
1046,949090,1.373874,1.8828125,2.2187085,0.5407378
1088,749710,3.643853,2.875,3.333383,0.5399
1085,753554,2.442764,2.46875,1.1491756,0.402435
1926,1303900,3.18442,-0.3828125,1.2200408,0.42097962
2039,687505,2.080575,2.96875,0.9300208,0.33220005
2039,1298365,4.332905,2.140625,0.59111553,0.29077592
1372,910780,0.583593,-1.859375,2.6178377,0.4746004
1819,907269,-6.280064,-5.125,1.7738417,0.42680675
1786,688013,1.181081,2.109375,1.4388014,0.37110466
1911,688087,-2.791708,-4.375,2.0360162,0.41067868
2040,906696,0.379732,1.0234375,1.6370609,0.47746083
1049,909745,3.467416,3.546875,0.88366157,0.31564072
1613,687794,1.602282,2.984375,3.3386176,0.58562654
2111,753608,3.06356,4.53125,1.890616,0.4308005
1849,998189,1.538378,-1.046875,1.1039698,0.3645166
1925,905968,4.761503,4.46875,0.5316504,0.22027005
1048,1298358,4.939322,5.125,0.9025079,0.3527595
2010,907291,4.158429,2.953125,2.586455,0.47531348
1838,1240159,5.395491,4.3125,0.43810916,0.24199262
1576,687505,2.879518,2.359375,1.1841577,0.3672428
1190,909257,-3.73483,-0.5078125,7.395162,0.9401013
2169,687794,2.822582,3.328125,1.271114,0.40377098
1038,1298538,1.934525,2.78125,0.8434972,0.3313623
1845,1298538,3.449791,1.4921875,3.5612922,0.5428608
1933,910933,3.309136,4.75,1.1875097,0.34153837
1007,1298537,-4.443108,-4.90625,1.981906,0.46688488
1939,949090,1.574844,2.921875,1.4330605,0.44231987
1804,687802,8.273856,6.125,4.5782304,0.8836677
1191,909257,-5.303383,-5.0625,0.4975949,0.2342968
1180,905972,-1.565732,-3.765625,1.3268523,0.33332384
1068,1240145,0.233008,-0.022216797,0.9085285,0.3881001
1915,1240182,3.972237,2.375,1.5927384,0.44556
1561,907318,0.678484,0.62109375,1.6940559,0.42005435
1813,1298348,6.214805,5.5,1.4676013,0.42014027
1249,753554,3.558683,3.359375,1.6104144,0.41721228
1799,687590,4.422249,3.90625,2.610594,0.5002868
1779,724831,1.467563,0.62890625,0.7491237,0.38203195
1830,1240153,2.899492,2.15625,0.7678256,0.33136204
1549,909907,1.174176,3.625,2.5592668,0.5201165
1512,906843,4.668645,4.5,0.367445,0.20088205
1036,1330983,4.571249,3.6875,1.7934825,0.4189685
1085,924239,2.018832,2.046875,1.1850991,0.37826487
1020,909755,5.520648,5.625,0.52472526,0.2515593
1593,906843,2.008569,0.21484375,1.489889,0.37428093
1582,908461,4.747109,4.84375,0.654192,0.30409935
1827,1298157,1.883523,1.0859375,2.261419,0.5349784
1593,905986,1.785913,1.234375,1.5493354,0.41979346
1510,688025,3.824965,3.328125,1.568925,0.3665105
1021,946359,3.682641,1.9296875,2.1498392,0.43041188
1804,906836,4.053169,4.25,4.356357,0.7268069
1559,905982,-2.105118,-3.703125,1.5760297,0.3576453
1024,909720,-0.138071,-0.07080078,1.1930274,0.41369048
1062,687997,6.538474,3.125,2.7385607,0.5402322
1005,906746,3.407827,3.40625,3.0287628,0.48773864
1814,905986,6.636792,6.03125,0.6737628,0.28416795
1817,905972,-4.469101,-5.1875,0.6651332,0.26934758
1629,905964,3.110006,3.078125,0.80747914,0.26922956
1928,909731,3.167283,4.4375,1.2818623,0.3619108
1580,909749,5.918853,5.0,0.52840877,0.22687788
1852,687596,3.941557,6.0625,0.9201148,0.36513203
1004,924239,-6.226444,-5.125,1.4194716,0.3565911
1372,688087,-1.245947,-0.18359375,3.0189457,0.5785422
2156,753608,2.782304,4.5625,1.8403316,0.49192795
1631,1240160,5.875974,3.4375,3.075033,0.5429066
1259,910780,3.617733,0.5546875,3.7208433,0.5501334
1048,1298136,5.395345,4.75,0.8178183,0.31328207
1038,688013,2.965695,2.28125,0.79760253,0.3009699
1083,1331048,0.930191,0.54296875,1.1184599,0.31288314
2040,909757,0.051468,0.8203125,1.7305415,0.47969013
1819,908150,0.943053,-4.625,2.1654296,0.46448684
2170,1240153,3.537444,2.9375,2.6060624,0.4855558
1093,909726,4.058935,3.859375,0.7135353,0.2548722
1046,1240144,2.437743,1.8984375,1.6232005,0.43388796
1557,1298538,3.749789,4.96875,0.9177749,0.28059137
2044,1331048,1.779442,1.3203125,0.85607713,0.28266564
1180,687596,-3.184179,-2.625,2.7734432,0.5062189
1720,946359,0.830049,2.375,4.899089,0.65222853
1843,1303900,0.435675,-1.8515625,4.1056833,0.653675
1632,1298348,4.98344,3.953125,0.8922364,0.3093891
2154,907066,3.467668,1.7890625,0.52871376,0.25807887
1909,909785,-0.812497,-0.3984375,1.9327639,0.39577603
1553,687780,4.456085,3.796875,2.7043726,0.54143316
2170,1298141,4.53098,4.40625,1.8976645,0.45659998
2438,908121,10.699975,10.25,0.8560645,0.57938015
2110,749710,5.769533,4.84375,0.8136665,0.3212619
1919,925346,1.574116,1.046875,0.92483807,0.36700642
1017,905968,3.855123,3.390625,1.0654229,0.3050059
1177,907299,2.643707,3.5,1.9340584,0.42148823
1025,906842,2.760859,3.625,0.42436367,0.1942485
1494,906842,-5.220759,-5.59375,0.9191745,0.2864288
1809,906827,-0.204045,0.5390625,3.3317385,0.5769658
1088,688121,1.446548,1.4765625,4.123848,0.5791773
1449,905972,5.988185,5.53125,0.4454649,0.22952773
1259,1298141,6.102073,3.671875,3.6428506,0.61147374
1779,924239,-0.195976,0.70703125,1.0431587,0.35122398
1918,713880,2.217209,2.546875,1.3596742,0.40028828
1250,998189,3.02817,1.875,2.6667292,0.5338967
1927,1322212,5.012243,4.375,0.78804374,0.2857131
1180,924239,-3.961196,-4.125,1.4827061,0.33372486
1010,687596,3.77773,3.671875,2.0322258,0.5581918
1932,753575,2.76218,2.796875,2.1817822,0.45018294
2011,909757,3.759662,4.78125,1.28884,0.34451208
1463,1290797,2.761884,3.8125,1.4393102,0.3917548
1849,724831,-0.845385,-0.828125,0.9270414,0.37350988
1576,753620,3.101746,1.5546875,1.1052142,0.34440163
1020,1298365,6.181357,4.1875,0.4770319,0.23769788
1249,924239,1.625203,2.625,1.6759467,0.4084573
1593,909745,5.049385,1.3203125,1.3242201,0.3862185
1553,753540,4.191368,4.125,2.0271547,0.5159847
1576,906843,2.351189,1.6953125,1.0330571,0.33132896
1847,908465,7.27099,4.09375,6.3096285,0.8637395
1922,907066,3.237726,1.8125,1.3214966,0.38904884
1511,908461,0.277045,-1.2109375,2.1195881,0.50354683
1549,906849,4.556366,3.109375,2.2635362,0.4855308
1529,907318,0.233863,-1.7578125,2.2243793,0.40600178
1615,749716,5.199591,5.375,0.5976214,0.24447699
1922,1298157,3.828372,2.46875,1.281695,0.4110738
1008,1298365,-1.682582,-1.7734375,3.0976627,0.60222554
1580,1303900,4.920049,4.78125,0.6099108,0.25398323
1593,907322,1.002449,-0.08496094,1.4338969,0.36820862
1029,906746,5.981812,5.84375,0.55658454,0.2580631
1996,1298141,6.156646,4.25,1.1580695,0.38052508
2498,1298141,7.974702,8.4375,0.69781524,0.38842976
1924,713880,3.107014,2.90625,1.9297472,0.4273509
1069,687596,2.831097,4.46875,1.1573998,0.4113745
1032,910567,1.624161,0.8828125,1.8685807,0.4593406
1813,1240172,6.667071,5.40625,2.0263376,0.48343506
1926,924248,-0.083293,-0.65625,1.4279253,0.40501451
1996,909747,6.284138,2.984375,1.735122,0.40030095
2156,910920,4.331387,2.671875,2.325562,0.5191905
1819,1240223,-0.166485,-4.3125,2.7746975,0.5596759
2038,687819,4.648703,3.34375,1.5677308,0.37244308
1449,688121,5.950023,5.03125,0.56760573,0.23456971
1913,910780,3.699799,3.734375,0.47030947,0.214728
2439,1240153,8.395452,9.5625,0.38641486,0.3016792
1086,753608,-2.904397,-0.83203125,4.8648334,0.6862815
2107,688121,6.35461,4.84375,0.7374422,0.26341167
1827,910780,-0.355405,-0.13964844,2.0914326,0.44510347
1831,910933,3.088599,3.796875,0.5127475,0.25287616
1911,925340,-5.57275,-4.28125,2.3802588,0.46275297
1249,909975,4.826723,2.765625,2.0216622,0.43708998
1006,1240160,4.296721,2.71875,5.1824365,0.7899778
2096,907278,2.473431,2.203125,1.9317039,0.45315173
1909,907794,3.297437,1.6171875,1.9481877,0.48306832
1239,687780,3.437832,2.609375,3.2335322,0.6024646
1372,907318,1.387599,-1.8359375,2.0892925,0.43777856
1030,905982,5.707438,5.1875,0.5602221,0.24238731
1854,907318,3.252003,4.21875,0.46542653,0.21359216
2109,908121,2.479255,2.390625,1.3198895,0.41525608
1802,906842,1.725601,2.1875,0.4782387,0.21947187
1909,1298168,2.722818,0.84375,1.548911,0.4454806
1199,1240186,4.326128,3.6875,1.6325611,0.39449173
1042,1298538,5.865753,5.25,0.50204384,0.23277505
1808,907169,1.681296,-1.3359375,2.7168467,0.48601598
1576,1674021,3.982052,2.40625,1.13086,0.3609526
1021,1659818,2.426791,1.765625,1.5656202,0.37194166
1925,906836,2.727001,4.5625,0.5826067,0.24447294
1720,910851,-2.065844,3.578125,3.8038573,0.5596507
1625,724859,5.867953,4.5625,0.7553245,0.28359154
1019,909755,3.415131,2.59375,1.5633608,0.4333492
1007,907169,-5.017845,-4.65625,2.0280938,0.44198135
1091,906848,2.19801,1.375,1.7319,0.44473246
1853,910567,3.79086,3.625,0.9432799,0.3099483
1091,905986,2.849847,1.6171875,1.1220775,0.39101085
1618,753575,5.600811,4.15625,1.1209823,0.33628643
1024,907175,-0.18377,-1.40625,1.5421271,0.39425838
2170,908461,1.232297,4.21875,2.2341142,0.49078944
1809,910851,-0.746233,-0.28125,3.0994592,0.5300055
1047,1298157,6.099856,5.1875,1.6305119,0.40429813
1615,910567,5.216765,4.28125,0.56382436,0.24771698
1830,688121,4.012611,2.265625,0.80675054,0.34112543
2154,910911,2.760052,2.328125,0.5278991,0.2596791
1932,907794,0.389262,2.796875,2.0985508,0.44661835
1016,1298348,2.786091,0.546875,1.7818736,0.43802595
1026,907063,0.066884,-1.8046875,1.9432713,0.39492851
2010,906868,2.703201,3.34375,2.253516,0.44783494
1016,753608,0.477733,1.4609375,2.3580945,0.48656273
1928,687596,3.618016,5.3125,1.431131,0.42530128
1043,909709,5.536056,5.9375,0.63105077,0.2829913
2040,687794,0.724453,0.70703125,1.8874713,0.493356
1004,906836,-6.208446,-5.25,1.2340925,0.33136806
1510,909257,5.143483,4.46875,1.0986913,0.3440113
2057,1240186,3.658025,4.5625,0.9049542,0.30172968
1843,924239,-0.119741,-2.1875,4.1958365,0.6265808
2047,753575,3.74011,2.328125,2.1890068,0.48088026
1249,688025,2.212625,2.578125,2.0186627,0.43644148
1581,908465,3.88756,2.546875,1.3784816,0.42750847
2037,907169,2.092315,3.234375,1.7411757,0.41894695
1919,1298348,0.469193,1.421875,0.9541085,0.3691878
1838,753554,2.930733,4.25,0.5007764,0.26137245
2148,909699,0.585468,2.3125,1.5370891,0.46111542
1940,905968,2.286631,2.828125,0.9013179,0.30645385
2039,908127,2.405343,3.40625,0.8876776,0.36313418
1042,907269,5.223349,4.5625,0.68184125,0.25858223
2154,905972,3.190568,2.328125,0.47318128,0.27269116
1025,905950,5.981429,5.5625,0.5788145,0.26359066
1933,907794,2.42738,5.0,1.1940353,0.34988135
1131,907271,3.453,5.4375,2.5102465,0.5179573
2048,1330983,-4.959887,-4.8125,1.6537087,0.36919674
2157,1240198,4.639813,5.0625,0.6826581,0.2654856
1813,906848,5.718466,4.0,3.2938073,0.6053037
1020,687819,5.874827,4.96875,0.5371488,0.23599704
2109,910952,1.073716,2.828125,1.125274,0.3901965
1243,910851,1.829392,1.5234375,1.0800092,0.38962555
2109,910899,3.365215,1.7578125,1.1656595,0.3597855
1052,687590,5.892673,3.203125,1.626474,0.39982516
1932,946359,4.71719,1.4765625,2.9455245,0.50368273
1736,907269,4.086964,3.203125,2.9804177,0.56710994
1149,909750,0.20983,0.9140625,1.0542876,0.3602274
1815,910911,6.671071,5.8125,0.4011769,0.20301387
1931,1298350,5.903119,5.75,0.88634294,0.33445552
1618,1503365,6.245723,4.625,1.094713,0.34276563
1043,724859,4.518237,5.125,0.45825174,0.2277527
1191,753554,-5.777996,-5.125,0.564715,0.24184819
1025,1240160,5.514588,5.5625,0.8983146,0.3273184
1085,687590,3.275768,2.109375,1.2319512,0.40875953
1449,1330935,4.839838,4.375,0.5716895,0.24925266
2439,949179,7.484768,9.6875,0.4308882,0.3125252
1845,909745,0.699135,1.0,3.0335274,0.48026955
1046,946354,0.943242,1.265625,1.7984174,0.43643108
1625,925340,5.717426,5.03125,0.8161158,0.29736766
1996,908150,3.79165,3.703125,1.2659824,0.3574274
1819,1240144,-2.43954,-4.5625,2.5832057,0.5249816
1043,906696,5.108628,5.71875,0.57628876,0.27345154
1853,905950,4.210012,4.75,0.91130674,0.31290716
1827,910920,1.893325,0.5703125,2.6213257,0.5450381
1855,909975,4.634814,4.375,2.2975643,0.44667614
2047,910933,1.016128,2.140625,2.0329785,0.47491625
1811,906836,-5.4644,-5.0,1.565389,0.3703203
1510,1299062,5.778775,4.03125,1.0057192,0.30313712
1634,907794,4.619729,4.71875,0.8288681,0.306568
1827,1303900,-0.881432,0.65234375,2.4239912,0.5455876
1378,905986,2.698547,2.671875,2.330332,0.49985856
1559,907063,-3.029277,-5.1875,1.0857725,0.28634953
1441,909720,2.704143,2.109375,0.9878134,0.3765052
2106,1299062,5.568201,2.921875,1.6961358,0.41160986
1511,906827,-1.477999,-1.1796875,2.362627,0.50281966
1259,909699,8.040663,3.6875,4.380389,0.63223994
1025,907175,4.677833,4.5,0.5260705,0.2230108
2096,687802,4.077152,3.09375,2.4540315,0.57568276
1634,910911,5.525061,4.625,0.800965,0.28049356
1812,910933,2.211806,2.671875,2.1723626,0.48498815
1089,908127,2.150525,5.59375,2.1801355,0.5223391
1941,906848,-5.711499,-4.75,1.5373834,0.37792462
1046,749710,1.669659,2.234375,1.9706836,0.49290985
1016,909699,1.292795,1.4921875,2.8583376,0.51473975
1058,1330947,-0.266002,-0.23730469,1.209331,0.34620348
1928,924248,2.891674,3.46875,1.50725,0.35210285
1624,749710,5.440917,3.3125,3.1946712,0.5791773
1494,687505,-5.049605,-4.4375,1.7686348,0.41316393
1080,909750,-2.627214,-4.46875,2.068806,0.44376096
1012,1303900,1.611211,0.7265625,0.650815,0.30020759
1032,1330983,1.052045,1.2109375,2.0728126,0.4762304
1786,906848,0.31563,2.078125,2.233382,0.47531348
1007,907274,-3.685952,-4.46875,2.6645632,0.53346294
2170,949179,2.445187,3.171875,2.5706549,0.48230436
1917,1298350,3.979648,1.8203125,1.4499954,0.4370479
1553,908461,0.692327,3.328125,2.1211236,0.5060487
1018,749710,5.860684,5.875,0.4093065,0.23019123
1060,924248,4.732649,0.86328125,3.7542477,0.6460237
1913,753575,5.288637,5.0,0.5418565,0.24739407
1925,909747,5.62268,4.875,0.59950453,0.24400567
1933,1298350,4.546518,5.0,1.4286531,0.40335453
2159,906836,0.93494,2.234375,2.0168583,0.42923242
2157,909257,4.949024,5.1875,0.6349431,0.26373556
1510,907318,3.770597,2.921875,0.93002456,0.2968491
1915,925340,3.996729,2.71875,1.5444045,0.43403038
1025,1298348,6.096316,5.5,0.49306488,0.24695572
1050,910911,2.430743,2.09375,1.4816184,0.42612666
1249,910911,4.824814,3.265625,1.6604475,0.4046799
1835,687505,1.059215,3.9375,1.1734648,0.30401114
1583,1240172,3.260105,2.234375,0.57688254,0.2881933
1091,907269,1.128784,1.53125,1.4545883,0.39771664
1706,907791,-0.112466,0.7734375,3.3213098,0.55079055
1060,910851,-0.130893,0.765625,3.2986758,0.641305
1049,1240184,4.145532,3.90625,1.2277266,0.3771421
1831,724859,4.681047,3.625,0.49969158,0.25027475
1917,924100,3.385412,1.765625,1.6043174,0.4467439
1804,906835,7.709619,5.15625,3.4387617,0.6497178
1996,910780,2.750444,2.28125,1.1958147,0.32696223
1804,910781,1.282623,4.84375,2.9025965,0.5943706
1622,909724,5.543618,3.921875,0.916502,0.28423473
1580,687568,5.601172,5.21875,0.5299788,0.22930215
1835,1659818,2.099566,3.140625,1.0520478,0.29161796
1553,1322212,1.008371,2.484375,2.181738,0.48708126
2045,906843,5.210585,3.984375,0.937983,0.2840616
2111,1298365,5.06298,1.6953125,1.5892516,0.41913152
1061,687794,4.731026,4.625,1.3810409,0.36915773
1578,909785,4.395755,3.828125,0.34945795,0.18145676
1006,907291,-1.231115,1.5078125,5.013062,0.78492486
2045,906696,5.089982,5.28125,0.9739399,0.31693238
1016,724831,1.542206,0.12207031,1.7841738,0.4622284
1778,909749,4.302243,2.984375,1.6631614,0.42520183
1924,910399,3.323587,3.921875,1.6731802,0.39582014
1052,1240223,5.649048,3.984375,1.4519073,0.40430325
1630,907322,2.486616,2.140625,1.0425063,0.33435962
1813,906746,6.502807,5.375,1.9067659,0.47485313
1003,1240160,0.527408,-2.609375,2.9787104,0.4939755
1855,753575,7.070127,5.15625,1.7109897,0.41521454
1011,1298168,2.956998,0.765625,1.6409988,0.45906064
1564,906835,2.834046,2.296875,2.9617937,0.53695786
1634,1240127,3.114474,4.5,0.7508952,0.2905554
1615,1240144,5.459833,5.40625,0.4793012,0.23156305
1375,1298537,7.161933,6.03125,0.94132876,0.32321554
1835,906696,3.225435,4.65625,1.096017,0.33508536
1855,905950,4.641276,5.03125,1.861926,0.43678275
1838,908150,4.179802,4.0625,0.4915208,0.24618235
1032,910851,2.927774,0.93359375,1.9420277,0.49649647
1072,753540,3.351639,5.9375,0.91483015,0.37999192
2045,906827,5.733169,5.0,1.0339,0.31609434
1811,687568,-0.489645,-4.40625,1.9701998,0.41282454
2106,905964,2.095504,1.8359375,1.8192536,0.41283962
1931,1330983,2.811629,4.71875,1.0117397,0.31983924
1621,1299062,6.635593,4.5625,0.91213393,0.2925457
2037,925346,5.414915,3.40625,1.2329984,0.3629949
1819,910920,1.996428,-4.625,2.7327347,0.5471114
1507,910911,5.006558,5.0625,0.6843086,0.24810289
2109,687780,1.90285,2.84375,1.386055,0.40805483
1034,906813,-1.842445,-3.578125,1.0630611,0.3071712
1093,687568,5.143582,4.4375,0.7748981,0.28375977
1006,1298136,5.109366,2.515625,3.9642541,0.7285119
1819,1299062,-0.935575,-4.75,2.316125,0.49292302
1250,687997,4.466881,1.4453125,2.8470745,0.53046066
1058,906848,1.07633,0.41796875,1.6633896,0.44263524
1046,924189,0.966817,1.3515625,2.1005247,0.47278234
1073,910781,5.421312,4.4375,1.6077545,0.40923205
1180,1240145,-2.184332,-3.515625,1.6952739,0.3943756
1511,907791,1.091618,-1.90625,2.4535382,0.4539901
1052,909785,2.253046,1.5859375,1.2605524,0.3236957
1086,1240192,-1.377066,-0.9921875,4.1555843,0.65066457
2156,688121,2.80972,2.6875,2.4794788,0.53185076
2109,1298141,7.031111,2.765625,0.91617537,0.35095975
1378,949179,5.061017,2.21875,2.937532,0.54354584
2173,924189,4.546241,3.671875,0.82594025,0.29502285
1042,946354,4.924045,5.09375,0.5126875,0.22295748
1996,1298350,3.734588,3.875,1.5200304,0.41941643
1804,1240172,5.020634,5.21875,3.7839475,0.70016223
2498,1240198,7.578345,8.125,0.6234126,0.33559492
1928,905982,5.988227,4.5625,0.9564774,0.2924239
1021,1240182,3.61382,2.515625,1.6576277,0.42007846
1054,905968,1.938808,2.390625,1.330903,0.3447989
1627,907318,2.533065,2.5,1.1597868,0.3479275
2044,905968,3.277978,2.578125,1.1446276,0.33228442
2044,687596,5.121208,4.375,1.700054,0.4734031
1175,905972,5.209927,4.65625,0.90807295,0.29693463
1022,906868,-0.002626,-0.79296875,1.6526855,0.4151777
1815,906835,7.732919,5.75,0.38094506,0.207193
1012,907322,0.549467,0.04296875,0.56179285,0.23634025
1057,905964,-2.709488,-3.359375,1.2394023,0.2994889
1624,906813,3.656195,2.359375,3.4643319,0.56771094
1561,924239,0.422609,1.421875,2.6228569,0.5290485
1248,909745,-1.584117,-4.8125,2.0611184,0.5110704
1924,1298168,1.825815,2.71875,1.2466066,0.3775261
1912,925338,3.108023,2.859375,1.7675433,0.4252913
2037,906868,5.7571,3.34375,1.6926234,0.41608623
1073,1240198,6.584731,5.0625,1.8918742,0.4610826
1036,909975,5.858924,4.0625,1.7180308,0.3866913
1852,1674021,5.745434,5.0625,0.64226276,0.2399372
1023,1240186,2.570165,3.21875,0.76268417,0.30885112
1004,688121,-4.047911,-4.78125,2.041701,0.42127895
1627,909747,5.498418,2.828125,2.076001,0.4524217
1630,688013,3.177508,2.625,1.0080452,0.32487175
1635,1240192,5.830268,6.03125,0.41690823,0.25032735
1557,687455,5.228808,5.25,1.4266303,0.38306668
1909,909757,2.792022,1.6171875,2.446661,0.53319937
1626,906868,3.396667,1.734375,2.7551808,0.5242521
1614,1674021,4.243742,3.625,1.8709525,0.41769722
1510,910851,2.814055,3.8125,1.589084,0.37277773
1372,909720,-0.468712,-0.45703125,2.150201,0.51736313
2038,724831,5.281148,4.5,1.1462435,0.35044107
1059,713880,-1.098055,-0.71484375,1.4152496,0.41276792
1582,908121,4.454434,4.8125,0.7283595,0.3048564
1373,1503365,7.578438,5.28125,1.1313872,0.35087708
2159,687802,5.560478,4.40625,2.291532,0.52866745
1057,907269,-3.341419,-2.59375,1.798018,0.38873735
1073,909747,6.338619,4.09375,2.5554855,0.5004424
1927,724831,6.118222,5.34375,0.6676257,0.27872574
1835,910952,2.315962,5.25,1.0594344,0.348115
1449,905986,5.850754,5.1875,0.45341116,0.22476733
1180,1322212,-0.336821,-3.890625,1.4402227,0.34215122
1939,908127,3.376663,3.34375,1.310967,0.4184399
1933,925338,5.618498,4.59375,1.1731182,0.32667065
2173,907795,4.401931,4.0625,1.0186373,0.32828537
1835,1240127,3.712783,4.21875,0.9551748,0.3034125
1916,909709,3.828894,3.0625,2.0161831,0.47696355
1047,688087,6.321728,4.65625,1.734764,0.41387266
1060,1503367,-0.516822,1.8515625,3.606552,0.70116013
1549,907322,4.021288,2.5,1.6130155,0.40169874
1086,907322,-2.333457,-4.03125,2.293941,0.433416
1813,905972,4.836184,5.625,1.6770326,0.44827744
1250,909709,1.338552,2.75,2.9063222,0.56914693
1029,687505,5.479361,5.625,0.52468956,0.22528099
1626,753612,2.058278,0.51953125,2.739813,0.4775032
1021,910952,3.040667,3.84375,1.6944525,0.4409374
1494,906836,-6.45375,-4.90625,1.6237012,0.38902286
1511,905950,-2.59883,-1.390625,2.1310651,0.47193366
2158,910933,3.905399,4.09375,1.2175277,0.34059685
2107,909257,5.144784,5.375,0.5976096,0.27495816
1782,907322,4.767879,3.953125,0.66756356,0.25190058
1558,909747,6.373213,2.296875,2.113708,0.46433866
1048,1240159,6.052862,4.875,0.56625026,0.25393185
1930,910399,1.013319,0.5859375,1.1032896,0.36785862
1034,753608,-4.374217,-2.8125,1.3764267,0.385048
1812,925340,3.118057,3.140625,2.5339134,0.511108
1873,909699,1.895115,0.9765625,0.9755578,0.41779813
1053,1240223,6.318814,2.640625,1.6454225,0.43589324
1053,1240144,2.29936,2.5,1.4737712,0.40296167
2045,687819,6.031012,4.3125,0.99090147,0.28765786
1563,724870,5.212298,5.90625,0.46091163,0.2443128
2359,906848,4.857357,4.65625,1.0061599,0.31055528
1838,910933,3.29294,4.0625,0.5091958,0.25047877
1932,910920,1.930869,1.9765625,2.444415,0.4684408
1021,1298350,3.48784,3.078125,1.7520574,0.444009
1917,925340,1.313092,1.890625,1.3594635,0.40591
1593,1298136,2.715943,1.8046875,1.8425487,0.49474558
2046,1240144,3.97564,2.984375,2.5130625,0.47818223
1019,909724,3.054955,1.8671875,1.6934327,0.42356354
2154,1240198,2.982591,2.578125,0.5249249,0.2704698
1003,905972,-2.561103,-3.3125,1.9933249,0.41446126
1620,907322,4.083452,4.25,0.49953613,0.21947187
1782,1298136,6.473114,5.5625,0.7959805,0.3064543
1375,909731,6.374668,6.75,1.4190066,0.45292443
1133,907271,5.042438,4.40625,0.8449231,0.31723192
1617,909757,4.206771,1.9453125,5.143938,0.6822263
1913,908150,5.025687,4.84375,0.5421424,0.24064222
1507,906835,6.696697,5.0,0.66617435,0.25391245
1009,753622,4.893693,5.53125,0.5197078,0.25696963
1626,713880,3.756547,1.2421875,2.8884654,0.54193175
1853,907291,4.215241,4.25,0.9290303,0.29369247
1043,753622,3.544815,5.65625,0.53073233,0.26242074
1026,1240192,-0.025724,0.05908203,2.0252857,0.5200706
1375,907271,6.843206,7.3125,0.9101135,0.37707254
1441,687455,1.049852,2.0625,1.727397,0.48995617
1557,1240198,5.420346,5.0625,1.0441374,0.3102951
1093,1659818,4.041842,3.359375,0.8281555,0.27612346
1008,1298348,-1.299042,-0.08642578,3.4581213,0.6269395
2010,1240223,6.956708,4.09375,2.1169584,0.4650527
1250,909724,1.418228,1.40625,2.819253,0.5216601
1815,1303900,4.942378,5.46875,0.47596908,0.24335697
1928,907791,4.31929,3.71875,1.1154202,0.30918416
1129,905982,5.196659,3.5,1.316266,0.36821833
1191,1330947,-5.986802,-5.6875,0.41388848,0.21657988
1913,749716,4.867863,4.9375,0.65417373,0.26091424
1627,1298358,2.358583,4.0,2.028109,0.50507194
2010,753575,4.545571,3.8125,2.0994427,0.44333264
1042,905986,5.082327,5.15625,0.532241,0.23868059
1825,1240186,2.57246,-1.1953125,2.0393806,0.46469837
2048,1298157,-3.372542,-3.75,3.2152648,0.539701
1059,908150,-0.391914,-0.5,1.1830424,0.3944498
1191,1240172,-5.737488,-4.9375,0.5969847,0.23931296
1564,909724,1.225638,1.5703125,3.44219,0.56408244
2498,907278,7.456421,7.75,0.6288497,0.33161792
1053,925346,2.833564,2.140625,1.2802314,0.37690032
1511,907269,-3.671517,-2.1875,2.3802032,0.44347426
1017,925346,4.600026,4.4375,0.7249479,0.26023707
1634,910903,4.450547,4.8125,0.80767465,0.2987293
1563,906868,5.744247,5.625,0.4348116,0.21721888
1062,907175,4.818809,2.65625,2.8389761,0.5440533
1168,909731,2.97638,2.390625,1.5205275,0.45400068
1084,925338,-0.726481,-3.5,1.8309927,0.39902717
1048,1240198,5.122452,4.78125,0.66009235,0.27628303
1038,909750,3.900298,2.765625,0.8566271,0.32650355
1494,688013,-7.077823,-4.9375,1.6467382,0.3830846
1005,1240186,4.617248,2.859375,3.0174239,0.49157873
1003,906868,-2.393874,-3.515625,1.9236988,0.39391974
1016,1240172,2.093492,0.35546875,2.3951871,0.4867708
1086,1240186,2.684989,-2.484375,3.6908092,0.5843307
1042,907278,4.937495,4.8125,0.6196537,0.24966173
1911,1503367,-4.91208,-3.296875,3.045675,0.53080976
1059,909757,-1.32018,-0.08300781,1.5113212,0.46205628
1930,925340,0.062244,0.3125,1.0117751,0.35783878
1038,749716,3.103224,2.9375,1.1007679,0.36345935
2106,724859,5.432353,2.65625,1.8181537,0.44694448
1720,1240223,7.103285,4.84375,3.164377,0.5514975
1779,1240172,1.589807,0.73046875,1.0083244,0.39611357
1033,909249,4.124845,3.84375,0.61138874,0.237769
2156,1659818,3.25558,1.8984375,2.2720132,0.49513853
1149,753612,3.666487,0.13085938,1.2046,0.34009713
1911,906868,-5.191417,-4.53125,1.8305128,0.38957393
1620,925340,6.19126,5.8125,0.5077518,0.2348177
2172,909720,2.481508,2.375,2.152484,0.47667694
2044,1240184,4.784005,3.71875,1.2835613,0.37788066
2010,1240198,3.29,3.765625,1.9563553,0.44947428
1199,946359,4.611624,2.859375,2.307323,0.43594438
1825,909785,-2.821696,-2.578125,1.5341545,0.32396254
2048,907318,-4.59712,-5.34375,1.0735627,0.31458
1813,1298358,4.612838,5.90625,2.2211661,0.591062
1036,906843,4.404608,3.546875,1.4859327,0.3668574
2172,924100,2.444409,2.125,3.546132,0.61021155
1996,906868,4.164884,3.578125,1.4167371,0.3753116
1018,1298365,5.839801,4.40625,0.33106795,0.18957084
1250,910933,2.313748,2.015625,2.3501105,0.5081016
2170,910399,1.900392,4.15625,2.1136298,0.4394756
1050,998189,3.423974,1.78125,1.4098699,0.42495352
1086,907066,4.034552,-3.1875,3.0207925,0.50095415
2044,906868,2.437107,3.375,1.2358905,0.35054606
1912,1331048,1.076224,0.99609375,1.3182515,0.34922153
1911,998189,-5.533009,-4.5,1.9023403,0.4080539
1529,753554,-1.43508,0.5078125,3.9071147,0.6084269
1079,905972,-0.472217,1.0390625,2.3429718,0.54053485
1047,910780,4.370427,3.390625,1.67566,0.35943076
2498,908461,8.865087,8.625,0.7574078,0.40458912
1561,910933,3.739063,1.671875,2.0406442,0.5016378
1810,906746,0.09748,-0.9609375,4.8105297,0.7077595
1911,907291,-5.939024,-4.75,1.9936645,0.42429626
1029,724870,5.645084,5.90625,0.5520911,0.26536065
1862,907795,-1.429095,-1.7265625,0.28239876,0.19392379
1131,687590,5.483356,4.1875,3.1492918,0.5351787
2156,909747,5.168978,2.296875,2.4800234,0.52780426
1853,1240144,5.924264,4.8125,0.7533215,0.28857526
1059,909720,-0.784991,-0.09472656,0.9576161,0.3838791
2045,910903,3.639242,5.125,0.8891391,0.28933713
1018,907169,5.182138,5.46875,0.37545565,0.18660277
1079,907269,-1.697286,0.7265625,3.5148425,0.6165381
1017,909975,5.552967,4.03125,1.1018008,0.30964366
2040,925346,2.269205,0.4140625,1.1384127,0.39866588
1621,907795,3.487137,4.53125,1.5422354,0.39778298
1512,1240153,5.120315,4.8125,0.409921,0.20743878
2057,1298365,6.304809,3.46875,0.7055651,0.28141144
2110,907063,3.135899,2.78125,0.700439,0.25019425
1873,1331048,-0.261147,-0.34765625,0.58715796,0.24513139
1932,1240127,4.64427,2.421875,2.1887167,0.4586113
1013,925346,4.139897,2.890625,1.0464767,0.34385732
1922,1503365,3.308123,2.703125,1.2847549,0.41205516
1037,910567,2.072217,1.203125,1.6337802,0.403359
1564,907795,0.022566,2.21875,3.9675963,0.65796775
1375,1303900,6.264083,6.1875,1.1330767,0.3890543
2172,1330947,-2.182382,-0.13183594,3.076624,0.5132985
1932,924189,1.780876,1.9765625,2.2595158,0.46980888
1086,1330935,-0.953595,-3.28125,3.5353985,0.56287867
1096,753622,2.319535,2.515625,2.8332782,0.558917
1626,906835,5.634659,1.8671875,2.3910124,0.4896125
1048,1298348,6.372481,4.875,0.58860826,0.2612672
1249,907291,3.385329,2.734375,1.862885,0.42448166
1249,1303900,3.805547,2.78125,1.797293,0.4515051
1057,910780,-0.836215,-3.578125,1.1477891,0.2934424
1243,907791,1.525019,1.6171875,0.9518468,0.33498257
1618,1290797,2.943504,4.0,1.1721265,0.3386856
1043,906746,5.606225,5.4375,0.5310075,0.2526142
1062,909749,4.11218,3.359375,2.4498806,0.5213892
1007,946354,-7.098229,-4.84375,2.0498998,0.4709662
1029,1240198,6.128913,5.90625,0.53999615,0.25557253
1091,908465,1.532637,1.8828125,1.295456,0.4277429
1080,907794,-2.665902,-4.1875,2.4962893,0.50731766
1812,909747,5.380689,2.078125,2.926935,0.5378835
1909,1330947,-5.781803,-0.26953125,2.114486,0.4362972
1559,687794,-2.514087,-3.359375,2.2134752,0.44315225
2038,1290797,3.645559,4.15625,1.3779752,0.35699394
1084,1298365,-1.186967,-3.65625,1.3545531,0.36371315
1005,687568,1.371134,3.34375,2.8399208,0.47095928
1614,924100,4.299698,3.859375,2.166414,0.47212538
1549,1298157,2.342267,3.9375,1.6982081,0.4322558
1372,753554,-3.941945,-0.42578125,2.9129238,0.5831864
1093,907795,4.405086,4.21875,1.030808,0.32901758
1030,906696,5.32498,5.5,0.62924415,0.2757529
1581,724859,2.754268,2.1875,1.1003634,0.3853412
1925,925338,4.343805,5.15625,0.4722272,0.2195135
1810,687802,1.736724,1.1171875,6.0978436,0.8801273
1011,906843,2.12153,-0.02709961,2.392443,0.46851364
1237,907299,4.983353,5.03125,0.3379924,0.20900315
1401,1240184,1.702175,1.8203125,1.5318277,0.44886273
1022,909750,-0.975106,-0.734375,1.4862196,0.4008737
1810,909757,3.09289,-0.5546875,5.5152936,0.77804184
1085,925346,3.022837,2.21875,0.88075274,0.3548599
1578,687596,5.605614,6.0,0.616855,0.3178372
1910,1240159,3.512328,1.8671875,2.4339588,0.4946503
1917,905986,3.598398,1.4765625,1.2195859,0.39115372
1786,753612,2.470976,1.8125,1.6012152,0.38363546
2055,905964,1.201619,0.8203125,1.3913841,0.3821717
1911,1298136,-4.339421,-4.03125,2.3199308,0.47868812
1706,907299,-0.178101,0.84375,3.2462337,0.57313263
1578,1240145,4.618244,5.375,0.32201156,0.18063204
2156,905968,3.705286,1.6171875,1.8936937,0.4498815
1046,1330947,-0.728229,0.075683594,1.8111901,0.39158523
1022,1503365,0.488149,0.17578125,1.6691096,0.46478617
1720,909745,5.702181,3.671875,2.8124719,0.4779408
1510,946354,2.836751,3.875,1.1855214,0.3241478
1192,1303900,2.528639,1.765625,1.9104851,0.4971543
1019,906827,3.759484,2.546875,1.7636405,0.4672107
1862,1298358,-0.889039,-1.4765625,0.28860345,0.21677044
2439,1331048,8.678851,8.0,0.35122582,0.31511027
1050,949090,3.51893,2.046875,1.6094905,0.4967757
1024,1240153,-1.505246,-0.9453125,1.8873495,0.44648567
2439,907318,8.746403,9.3125,0.33032683,0.29600593
1029,905950,6.082625,5.90625,0.5528335,0.25698313
1168,724859,3.90273,2.078125,1.0713171,0.3845744
1510,906746,5.581406,4.125,1.2678685,0.3546794
1043,909731,5.10976,5.40625,0.6718426,0.29442075
1813,909749,6.892576,4.8125,1.887011,0.4426674
1997,906836,3.344156,2.3125,2.5506513,0.4819187
1560,907274,3.178805,3.046875,1.7501369,0.45140627
1401,909975,5.532987,1.3203125,1.6855832,0.4216002
1085,909907,2.0787,2.40625,1.8055376,0.48046145
1918,910920,1.475552,2.6875,1.3964148,0.39791304
1009,749716,3.453367,5.25,0.5985212,0.25307798
1560,906848,3.28081,2.609375,2.0605824,0.46003282
1042,906746,6.002731,5.34375,0.6088384,0.25809762
1017,907795,3.812752,4.3125,1.2108347,0.34824687
1816,908127,4.964597,3.796875,1.1097318,0.35420883
1630,906746,4.636903,3.375,1.1640563,0.36976394
1919,910920,1.938161,0.8203125,1.4190403,0.4158133
1060,910903,0.444469,1.265625,2.9416168,0.60236084
1720,753554,5.630564,4.3125,3.3853946,0.56141806
1061,688025,4.167222,3.890625,1.3318622,0.33024564
1736,909755,2.393628,3.734375,2.6151564,0.5314749
1091,687568,1.183835,1.828125,1.1684737,0.39924237
1632,688121,4.476972,3.15625,1.401503,0.35517094
1634,906696,3.746618,4.875,0.9008764,0.32825184
1067,909257,4.502017,5.625,0.39763445,0.22651994
1529,949090,-0.001581,0.80078125,4.172692,0.6919798
1549,1298358,5.683075,4.125,2.2995143,0.53943515
1576,1240127,3.506026,2.4375,0.98974645,0.35353383
1626,910780,0.025409,0.296875,2.410557,0.4491297
1507,1299062,6.075798,4.84375,0.6002304,0.2381913
2171,906696,1.4666,2.734375,3.0009117,0.57922137
1853,907063,5.600249,3.15625,0.7205791,0.24741872
1620,910920,4.994143,5.15625,0.5724657,0.21929473
1012,909745,2.765761,1.1484375,0.5375277,0.27483112
1180,1298538,-2.035179,-3.734375,1.4972075,0.34829894
1191,687794,-4.649177,-5.0,0.6527766,0.25386474
1922,687455,1.720954,2.375,1.6833193,0.48413765
1060,724859,-1.438707,0.59375,2.4403782,0.56771094
1085,907063,2.110141,1.171875,0.8624054,0.29322338
1179,688013,-0.984064,-0.75,1.5941998,0.3835828
1632,907169,3.853246,3.484375,1.2009476,0.3313731
1018,909724,5.546508,5.125,0.33816087,0.16634487
1199,909724,4.745421,3.25,1.7228166,0.37545243
1776,1240153,4.228754,3.609375,1.1429747,0.33180457
1558,688121,6.941812,2.515625,2.134426,0.46889
1811,909749,-0.906915,-4.65625,1.7140844,0.40042064
1853,909907,4.730861,4.625,1.2620462,0.3563161
1811,908150,-1.794666,-4.46875,1.851291,0.40025514
1802,909709,4.329861,4.125,0.701348,0.3073509
1618,713880,3.317201,3.328125,1.3350059,0.3520796
1179,910952,-0.354348,1.09375,1.8784215,0.52068114
1803,907271,6.721216,5.6875,3.3231235,0.69630855
1062,1240159,3.33997,3.984375,2.1993134,0.4950176
1631,1240144,3.162281,3.609375,1.7911675,0.41495135
1617,1659818,0.795989,-0.55078125,3.9737558,0.5462424
1080,713880,-4.432274,-4.625,2.0372252,0.44397137
1627,910911,2.720271,3.546875,1.6091175,0.40072796
1553,924189,4.066509,2.609375,2.1390884,0.47371045
1510,1659818,-0.870074,2.890625,1.3708097,0.3458745
1804,1240145,6.757964,5.3125,2.7286568,0.5630235
1624,907269,0.662131,1.8515625,3.6893523,0.58739
1925,1298538,5.919795,5.3125,0.45872363,0.22565097
1812,1298358,5.056463,3.515625,2.862179,0.6043973
1925,906746,5.678945,5.375,0.55452335,0.25382787
1560,909785,1.127968,1.875,1.185586,0.32269555
1009,924248,4.59096,4.5,0.6788987,0.2574663
1581,910851,3.425077,2.265625,1.5311717,0.43031156
1931,753540,4.999628,6.6875,0.8958912,0.38367966
1924,909745,2.183032,3.40625,1.3819416,0.3677407
1062,724831,3.187328,3.890625,2.342641,0.54725534
1852,910851,5.118711,5.0,0.75322723,0.2573616
1089,910780,3.967449,2.84375,2.3614366,0.43694812
1622,687505,3.197901,4.25,0.9839243,0.3036922
1168,687505,1.753261,2.1875,1.3611207,0.40832615
1054,907274,1.746174,3.140625,1.5744069,0.40969867
2159,1503367,5.871306,4.1875,2.1067011,0.4665381
1827,909907,-0.612615,1.0390625,3.2594395,0.6072916
1624,906842,1.03151,0.234375,2.733638,0.4453462
1560,907291,1.333218,2.890625,1.5361538,0.39446706
1510,910781,4.187115,3.625,0.9805727,0.31449583
1268,1240198,5.93939,4.625,0.7212713,0.28767577
1060,909975,2.486568,0.82421875,3.7192576,0.64820385
1776,909249,2.046284,3.03125,0.8790255,0.29165933
1928,910933,3.488345,4.46875,0.9634915,0.2988076
1507,909724,4.690369,4.4375,0.72584856,0.24558689
1259,1330947,-1.100475,0.28515625,3.5746589,0.55365103
1016,905964,1.272266,-0.58203125,1.93648,0.39060155
1809,905986,0.294255,-0.17675781,2.990789,0.5350215
2043,924189,3.980134,4.65625,0.58342934,0.24732625
1507,1503367,3.794724,5.8125,0.94514513,0.32773557
1179,749716,2.993254,0.62109375,2.085109,0.5081772
1634,909975,4.147307,4.125,0.9267611,0.29580748
1941,909907,-0.643951,-4.4375,1.9800383,0.43848807
1401,910911,2.630146,1.7265625,1.4053295,0.40796596
1034,946359,-2.671598,-3.84375,1.2135106,0.31024468
2159,907271,3.34035,3.875,1.5128689,0.40439585
1941,1290797,-3.727959,-4.75,1.4321228,0.3828121
1059,906848,0.406526,-0.6171875,1.8540595,0.4518665
2040,908127,0.371731,1.0703125,1.5798339,0.48995385
1598,1298537,5.248078,4.125,0.8672695,0.30371305
1373,1298136,5.241635,4.65625,1.5308927,0.41106236
1086,908121,1.241429,-1.4609375,4.900509,0.7281536
2499,908150,10.622224,10.25,0.71412474,0.48946294
1804,909720,5.368338,5.375,2.6782398,0.6028135
1441,906746,1.925685,2.03125,1.4254091,0.4216144
1930,688013,-0.520388,-0.33203125,0.9118888,0.29388255
1910,753622,4.005872,1.6796875,3.0687401,0.56782395
1249,1503365,5.057099,3.890625,1.5582527,0.41652715
1084,1659818,-3.423994,-4.1875,1.6650026,0.34887525
1091,910911,1.877062,1.8515625,1.2591997,0.40385896
1912,1659818,-1.502959,2.09375,1.9390756,0.42597544
1017,687590,4.581308,4.25,1.0138628,0.31293285
1033,907271,4.437987,5.625,0.61172014,0.2715259
1025,905982,6.183526,5.4375,0.5174768,0.2399306
1617,907794,2.947386,1.921875,4.5267315,0.61462736
1918,687802,3.771838,4.15625,1.6425897,0.49744684
2359,909699,8.677827,5.9375,0.75245255,0.27691844
1008,925338,0.116751,-0.9609375,3.8736231,0.64238364
2439,909257,7.969243,10.0,0.5517249,0.3999182
1026,907291,-2.655613,-0.83203125,2.457262,0.51092523
1032,924248,2.917365,0.80859375,2.272465,0.49921432
2173,749710,4.344531,4.5625,0.8482418,0.31688708
1835,909907,4.39056,4.25,1.5947577,0.37726793
1168,713880,2.404297,1.859375,1.3113732,0.3990272
1815,910903,5.84807,5.9375,0.43045196,0.22993712
1809,1240159,2.503131,0.578125,2.7150917,0.5058699
1925,907299,5.21024,5.03125,0.5401696,0.24916911
1561,1298157,0.443988,2.109375,2.1878502,0.51539993
2047,1240127,-0.630226,2.140625,2.1349602,0.48053306
1060,1330983,-2.047782,1.3828125,3.7624896,0.65156007
1909,753620,0.366389,0.3359375,2.2491314,0.47494194
1042,907169,5.325446,5.09375,0.6059093,0.24044488
1200,749710,3.445447,3.890625,1.1131852,0.3452321
1192,906842,-0.49589,0.4296875,1.5240581,0.36670595
1088,724831,3.029921,2.25,2.6625266,0.46403348
1149,907271,2.657076,1.5625,1.0473106,0.381608
1626,1298538,3.388311,1.90625,2.4454777,0.50459313
1915,998189,2.367869,2.359375,1.5171174,0.43431556
1786,907322,0.853184,1.6640625,1.4257451,0.37101328
1072,909249,4.110706,3.65625,0.80376583,0.27871135
1494,907795,-4.529141,-4.0625,2.3860853,0.48129004
1913,753620,2.782081,3.859375,0.58524215,0.24247387
1060,1330935,2.904326,1.390625,3.7243536,0.6408796
1021,924189,1.281353,2.3125,1.6007524,0.40566504
2048,1290797,-2.44509,-4.34375,2.4289565,0.46547836
1051,1298365,2.41075,0.111328125,2.7368972,0.5647238
2043,1298537,4.565677,4.78125,0.572634,0.23846018
1013,907278,2.323315,2.65625,1.4457453,0.38995668
1847,909745,6.270789,3.546875,4.853373,0.6972436
1190,907274,-1.361403,-0.625,7.9529653,1.017764
1931,905964,4.443461,4.0625,0.73222494,0.25769126
1778,906848,3.818785,2.5,2.6180096,0.51645124
1779,906868,1.074626,0.578125,0.992995,0.3803871
1017,909709,4.901928,5.0,1.0582767,0.32977518
1809,907169,1.99445,-0.34375,2.9039588,0.5093831
2173,924248,4.310542,3.4375,1.1137412,0.3203219
1925,907278,4.899254,4.90625,0.53484094,0.23740134
1373,909747,1.971686,3.90625,1.6482592,0.38184443
1928,687590,5.911114,4.25,1.1011261,0.3152269
1168,907066,1.577313,2.109375,1.1437387,0.36860293
1378,907794,7.790767,3.046875,2.3970275,0.5141648
1079,905968,-3.345955,-0.22167969,2.2430968,0.48496485
1922,749710,3.346963,2.53125,1.4006556,0.44066626
1779,713880,0.509722,0.30859375,1.0428573,0.3725048
1930,909257,-0.204344,0.34375,0.82172644,0.33786643
1030,906827,4.360934,5.25,0.6654685,0.27501264
1014,924189,5.172554,1.8203125,3.3681471,0.61062765
1049,1240153,4.078486,3.046875,1.3007386,0.36220828
1706,946359,2.845884,0.078125,3.7258265,0.56794137
2159,909755,4.24062,3.390625,1.7049305,0.40163678
2045,910933,4.887237,4.875,0.8937076,0.28663588
1006,909757,2.21274,2.515625,4.5695124,0.7670194
1936,1240192,3.090981,2.890625,1.2371132,0.41652715
1529,1299062,1.604683,0.111328125,3.2311404,0.51736116
2096,907795,-0.153943,2.171875,2.3096309,0.5198476
2154,1298136,3.073249,2.453125,0.6800629,0.30186138
1073,1240192,5.94803,5.65625,1.9846473,0.5164531
1011,909726,3.260281,0.5078125,2.2265372,0.4524963
1048,909249,4.382794,3.375,0.61343145,0.24715476
1046,909975,4.379886,1.25,2.4590042,0.48867106
2111,724831,4.158712,3.703125,1.7130517,0.4247645
1025,1298157,5.443027,5.65625,0.53919554,0.25453833
1933,687568,5.075576,4.875,1.1938157,0.34335208
1051,907318,2.741344,-0.4765625,2.8080995,0.5160451
2044,946354,3.602039,3.390625,1.040111,0.3241145
1049,1330983,2.625046,3.09375,1.2410386,0.3602724
1200,925346,3.322941,3.484375,0.8825336,0.28718764
1873,909975,3.094495,0.17382812,0.83493,0.35035264
1021,907066,5.557206,2.296875,1.4791619,0.38151467
1925,906868,5.019102,5.21875,0.5278781,0.23611823
1026,687505,1.786522,-1.0234375,2.2603207,0.50055784
1005,908461,4.13075,3.796875,3.1640246,0.52788025
1051,907791,3.92023,0.9921875,4.5265203,0.693634
2171,1674021,2.328793,2.0625,2.869301,0.53092074
1131,908461,5.199533,5.125,3.1738906,0.58728045
1561,1240144,1.915051,1.9453125,1.958514,0.48562878
1786,687455,0.478906,2.71875,1.9809241,0.49118558
1559,907322,-2.773654,-4.75,1.2345071,0.31012544
1786,687997,3.240662,2.15625,1.6280816,0.4019521
1831,1303900,3.675567,3.34375,0.5213935,0.26934326
1061,906843,3.019321,3.515625,1.119485,0.31316993
1463,1298157,2.610277,4.125,1.3521966,0.3889038
1580,1290797,4.011658,5.21875,0.5287597,0.228191
1194,910567,1.848392,2.515625,1.7894845,0.42333397
1915,910952,0.169957,3.125,1.5644338,0.46056956
2157,1303900,4.618549,4.40625,0.8049829,0.2847017
2156,925340,2.370448,3.5625,2.0206594,0.49246982
1909,1298348,2.747248,1.6953125,1.6300964,0.44167572
1510,907795,1.593148,3.90625,1.6834227,0.4050509
1576,908465,3.999026,2.671875,1.1372082,0.3866581
2170,749710,4.469186,4.21875,2.182899,0.4795385
1810,905950,-1.065218,-0.84375,4.7814183,0.7104583
1199,907169,2.039309,3.6875,1.7483498,0.39351547
1813,907278,2.245919,4.4375,2.1936285,0.4857886
2438,1240127,11.243697,10.4375,0.8595149,0.5865152
1199,924189,4.684887,3.25,1.6202031,0.39657184
2438,907169,7.829744,10.3125,0.919371,0.6218324
1034,1298348,-0.931904,-3.125,1.0089978,0.31292048
1009,906849,4.707901,4.71875,0.624977,0.25696963
2170,909257,2.809666,4.28125,1.8174907,0.43545297
2498,907169,6.01314,8.1875,0.6268805,0.33746177
1031,907175,-4.166805,-3.421875,3.288163,0.5694197
1149,905950,0.735725,1.0859375,1.21022,0.39191872
2045,1331048,3.439134,2.546875,0.8159044,0.26809454
1559,998189,-1.299927,-3.78125,1.5862141,0.3659472
1372,907291,-0.804513,-0.953125,3.1739078,0.5793132
1177,924100,3.560067,4.0,2.1664934,0.44363728
1917,924248,2.614174,1.0390625,1.7803471,0.43020272
1084,1240159,-1.587433,-2.84375,2.1689782,0.45098394
1803,1330983,4.751885,4.5625,4.2313766,0.7422253
1736,906843,2.940977,2.96875,2.624896,0.5216383
1048,688121,5.043901,4.3125,0.7754984,0.2742738
2172,905968,1.704474,0.54296875,2.7579217,0.4966565
1862,1674021,-1.468119,-1.6640625,0.2522589,0.17564651
1017,910911,4.362773,4.59375,0.9054467,0.28486645
1007,1659818,-5.460504,-5.375,1.4969096,0.39833418
1827,724831,1.299979,0.65234375,1.7360388,0.50870156
1060,1674021,0.449665,0.86328125,2.9480727,0.59464675
1010,905950,0.740375,2.921875,1.4199173,0.42798194
1024,753575,0.411476,-0.17089844,1.5631813,0.4495849
1557,1240182,6.377038,4.40625,1.2270099,0.32651266
1036,910952,2.426078,5.25,1.4857305,0.40808585
1378,1298141,3.855888,3.453125,2.181816,0.5012741
1831,1298538,4.439507,3.765625,0.465987,0.24447101
1630,749710,4.086223,3.625,1.2226713,0.3959509
2010,998189,3.48253,3.328125,2.2950704,0.46293172
2169,1240172,2.731499,3.4375,1.1104144,0.3684338
1913,753554,4.47254,4.96875,0.5638011,0.25940296
1237,906835,6.977933,5.40625,0.30460975,0.19372283
1029,1240184,6.509811,5.96875,0.58920604,0.26626617
1559,906696,-3.536157,-3.0,2.2152941,0.46418026
1564,687802,3.201936,3.578125,3.9124193,0.68627703
1912,907291,1.247326,2.71875,2.1277044,0.45639476
1838,909249,2.901411,2.921875,0.49427554,0.24126868
1615,908121,4.085385,5.59375,0.58458453,0.26081377
2046,906696,4.626107,3.265625,2.9692616,0.5456619
1804,909731,2.715297,5.125,4.382032,0.78390056
1912,908127,0.685814,3.59375,1.910405,0.48413765
1804,909907,0.868722,5.0625,4.8483057,0.79922897
1018,687794,5.486038,5.71875,0.45336094,0.22416444
1810,1331048,-1.281954,-3.765625,2.0566022,0.4117452
1624,905964,1.2346,0.9375,3.0218678,0.5041631
1073,1298348,5.262107,5.09375,1.6490692,0.43104136
1706,907794,-0.226272,1.5703125,2.9060752,0.53405017
1494,910780,-4.558458,-5.40625,1.1930315,0.33995834
1014,907063,0.817758,0.421875,2.7764056,0.48700902
1023,910952,4.245588,4.0,0.7788946,0.32517913
1564,905968,-0.300301,1.015625,2.786012,0.5050896
1026,909907,0.892776,-0.21582031,3.0784671,0.57757974
1925,687780,4.334989,6.0625,0.7237442,0.3044715
1913,724870,5.151662,4.96875,0.57071537,0.2694179
1576,905972,3.628931,2.84375,0.931671,0.34287462
1827,907271,2.078361,1.2109375,2.1039197,0.52623504
1808,1240159,1.466157,-0.5234375,2.802873,0.5081464
1239,1240144,1.545525,1.875,1.9880271,0.4783422
1930,925346,0.563783,0.006713867,0.78614473,0.32488352
2110,687780,4.544713,5.5,1.033777,0.3480653
1042,1240144,3.845338,5.34375,0.5215701,0.24307412
2055,909747,3.716082,1.1171875,1.7176937,0.4570858
1032,907066,3.6742,1.078125,1.6997435,0.44035488
1512,906696,4.859307,5.625,0.4077385,0.23108497
1250,1298136,4.840176,2.1875,2.7180545,0.5830254
2170,1331048,0.997856,1.296875,1.6257802,0.3750753
1561,910780,1.282928,0.63671875,2.1795495,0.45669052
1563,946359,5.484973,5.125,0.5538551,0.21978809
1030,907278,4.381181,4.65625,0.615116,0.25615084
1006,909257,-0.262344,2.6875,3.4638073,0.6685672
1529,1298168,2.816706,-0.13769531,2.5491827,0.5259913
1594,753554,2.907277,2.578125,1.782821,0.4308005
1048,1240172,5.570104,4.84375,0.7235074,0.2799578
1007,724859,-5.139113,-4.78125,1.793811,0.4371829
1583,1240144,3.232507,2.265625,0.46880046,0.27436027
1067,910567,4.391505,4.5625,0.39817953,0.2099762
1032,905968,-1.124488,0.2734375,1.5087801,0.42014027
2048,910920,0.900392,-4.375,2.6042457,0.48860663
1023,906848,2.639564,2.703125,1.0351424,0.340133
1093,910903,4.805713,4.625,0.7902652,0.2865185
1817,1298157,-5.228405,-5.1875,0.8097653,0.29801074
1779,925340,1.673355,0.8359375,1.0054281,0.39101085
1578,1330935,4.360227,4.53125,0.4498001,0.22297724
1268,907063,-0.677574,3.09375,0.6123631,0.23223326
1179,1330983,-0.591424,-0.484375,1.9930459,0.4413687
1080,687997,-0.765162,-5.03125,1.8096592,0.4157707
1051,909750,2.226312,1.1796875,3.5542438,0.6154976
2040,910899,1.517987,-0.024902344,1.8980953,0.4415584
2043,1240182,5.788611,4.84375,0.6004195,0.25130686
1582,909720,3.906244,4.75,0.5141589,0.26153195
2109,910781,2.17968,2.0625,0.78615737,0.32488877
1084,1503365,-2.146456,-2.484375,2.6427476,0.5290954
1177,753540,5.271654,5.21875,1.7363958,0.4620625
2170,905972,3.596651,4.1875,1.8507351,0.41656014
1996,909755,4.742622,3.890625,1.3510447,0.37109163
1819,724831,-2.295348,-4.46875,2.1130085,0.50198376
2038,910781,4.19369,3.640625,1.0475509,0.3233308
1510,1298348,5.436151,4.3125,1.0490179,0.3253319
1926,910920,1.370104,-0.23828125,1.5010011,0.4524217
1003,907291,-3.133328,-3.796875,2.1104512,0.42252612
1020,1303900,5.266845,5.09375,0.5906231,0.27525577
1248,924189,-5.848926,-4.875,2.4429493,0.5706879
1093,906696,4.368567,4.71875,0.860112,0.3102951
1250,907271,1.77488,2.65625,2.3310683,0.52041984
1019,908465,2.417015,2.578125,1.6847948,0.4691539
2157,1298537,5.139145,4.34375,0.7480469,0.26325947
1736,1240153,-2.026508,3.03125,3.1991649,0.58392316
1054,1240127,4.587757,3.453125,1.1454879,0.34041432
2177,907274,1.848445,1.7421875,0.7005469,0.32901168
1614,687794,5.15876,3.90625,2.3612201,0.50252026
1239,1503365,3.832124,2.453125,2.2890813,0.5215958
1073,1298358,4.098615,5.4375,2.503681,0.58487517
1549,909749,4.912829,3.359375,1.690142,0.43020272
1046,687780,0.854209,2.609375,2.6655576,0.5417178
1061,1330983,3.078053,3.578125,1.3003893,0.34603927
1014,907169,2.744234,1.6640625,3.1477835,0.5864881
1036,724831,5.046891,4.8125,1.2922267,0.3858344
2177,1240223,3.363467,2.109375,0.5273808,0.29812458
1816,906836,2.84681,2.453125,1.3272858,0.34083205
1925,1240160,6.426569,5.46875,0.8471558,0.31333196
1050,909975,4.811636,1.6171875,1.7211325,0.44002268
1561,907278,3.294384,1.5625,2.561204,0.524463
2106,946359,3.021888,2.171875,2.8134077,0.51702064
1512,1674021,5.910962,5.28125,0.3875257,0.20330782
1494,910899,-2.751522,-4.75,1.908398,0.4158961
1814,925340,6.816144,6.375,0.7078048,0.29776594
1019,1330935,1.545569,2.015625,1.819209,0.44337285
1629,909975,4.920232,4.0625,1.0491403,0.2962059
1179,1298537,1.463537,-0.25390625,1.470246,0.43284065
1024,1503365,2.404915,0.22460938,1.6179708,0.47857124
1630,1240198,3.562349,3.40625,1.1097162,0.37546638
1549,949090,4.532786,3.6875,1.9826925,0.5002611
1996,907066,4.84161,3.015625,1.3415883,0.36849427
1806,905968,4.100601,3.328125,2.2768557,0.4100244
1622,910780,4.939372,3.296875,0.7358217,0.26283282
1635,1298538,4.780452,5.53125,0.30390412,0.18720505
1179,905982,1.67009,0.1015625,1.4403471,0.41618785
1621,906813,3.620027,4.40625,1.3269068,0.35151443
1624,1322212,4.835787,2.046875,3.475808,0.5981103
1072,909709,5.275706,5.5,0.9716358,0.3369214
1005,753620,1.22238,1.59375,3.1807096,0.49530905
1175,909975,5.16469,3.921875,1.2688744,0.32156003
1549,1298538,-0.26563,3.5625,1.5997325,0.41444492
1830,1298537,2.327339,2.265625,0.67182094,0.33303854
1816,910780,3.198411,2.25,0.9941772,0.28995907
1561,949090,3.449475,1.8828125,2.6071868,0.59164375
1003,910933,-4.460758,-3.3125,1.8514355,0.39402676
1582,1659818,3.191661,3.6875,0.69192266,0.27044892
1563,909731,5.373905,5.78125,0.57929504,0.27629554
1926,946359,1.861416,-0.8359375,1.4146453,0.39212665
1827,907318,0.723649,-0.14453125,1.6475719,0.41753012
1615,909726,5.66619,4.8125,0.4495643,0.19751666
1997,907291,4.351791,3.03125,2.49413,0.47123957
1059,907318,-0.103684,-1.34375,0.95361125,0.31487015
1237,1674021,5.735882,5.3125,0.34990203,0.1977971
1909,688025,-0.947697,0.76953125,2.687418,0.51500916
1085,1240144,3.569894,2.515625,1.0168325,0.37986937
2045,925338,4.809977,4.6875,0.8606101,0.2707602
1016,1240145,0.380093,0.7109375,2.2022698,0.4799394
1248,909750,-3.098309,-4.6875,2.573079,0.57914406
1873,949090,1.226478,0.58984375,0.87959087,0.42495352
1630,909757,4.715207,3.40625,1.2697453,0.3863606
2158,1674021,4.424894,3.953125,1.3541387,0.34316784
1706,905968,1.328566,-0.34765625,2.3896005,0.43913746
1512,906842,2.956065,3.71875,0.32745755,0.17673115
1915,1240153,2.99306,2.0,1.7479678,0.44103682
1133,1240145,2.864395,4.25,0.6922481,0.26786217
1190,1240184,2.46183,-0.0126953125,8.230929,1.032992
1038,1240172,3.81459,2.953125,0.9974939,0.35104713
1873,924100,0.65188,0.5390625,0.8803717,0.39177504
1627,687596,3.046281,4.34375,2.256928,0.5407378
2096,1298136,2.499771,2.265625,2.0415351,0.51964504
1620,946359,6.701574,4.875,0.65742815,0.23136808
1862,1298157,-1.38035,-1.4296875,0.2608526,0.19751666
1736,909785,3.339374,2.296875,2.2949238,0.4560638
1052,687819,4.251111,2.75,1.6404886,0.39640734
1910,908127,2.630719,1.921875,2.9349918,0.5876046
1022,908465,-0.202911,-0.421875,1.8100027,0.46274313
1052,907169,2.924681,3.234375,1.6111395,0.38601324
1168,1298168,3.99767,1.90625,0.88562274,0.3586354
1831,688025,2.737172,3.234375,0.5373155,0.2465832
1997,906848,2.821507,2.609375,3.090081,0.54556334
1831,687997,4.772754,2.984375,0.49189788,0.24321905
1799,907169,4.852621,3.921875,2.6163776,0.48412108
1006,1331048,-4.39548,-0.79296875,2.8529441,0.5627965
1069,998189,4.185829,3.5625,0.8390681,0.31345996
2499,687997,9.93116,10.0,0.7072226,0.47083023
1614,1298365,3.676367,2.53125,1.3078755,0.38684973
1802,908127,3.837144,3.875,0.586591,0.2968419
1249,1298157,5.517818,3.59375,1.5454395,0.4112482
1068,1330983,1.140753,-0.23828125,1.2778195,0.3709499
1054,909745,3.520082,3.390625,1.0199695,0.31936267
1014,1240127,4.040444,1.9296875,3.108657,0.5957342
1084,688087,-2.704428,-2.828125,2.2163844,0.44373468
1449,907318,5.112079,4.25,0.36446068,0.19720915
1507,1240172,6.018261,5.09375,0.79692024,0.284657
1997,1298348,6.020253,3.890625,1.6249743,0.40644062
1854,1298537,5.632234,4.59375,0.67559284,0.25879967
1036,908127,4.351867,4.90625,1.5829781,0.43479687
1175,909731,2.679446,4.34375,1.3095504,0.36633968
1922,906813,2.48501,1.8125,1.4522581,0.4176824
1803,910911,5.703987,5.1875,3.4640305,0.6365857
1617,910780,5.034077,-1.1484375,3.6057286,0.5156159
2499,906696,9.672429,10.4375,0.8995519,0.5224146
1941,949090,-7.310776,-4.3125,1.8131794,0.46766657
1852,910567,3.552434,4.15625,0.69044054,0.26184338
1911,907299,-7.775432,-4.5625,2.0205173,0.42666623
2439,909709,9.691364,10.125,0.6119233,0.38916516
1375,907291,6.330216,6.3125,1.1363022,0.3490577
1249,907322,2.537758,1.8984375,1.5612874,0.38713336
1615,910920,5.084227,4.71875,0.59107864,0.23337701
1085,909709,2.79678,2.859375,1.4944935,0.45474738
1736,1290797,3.963597,3.640625,2.698253,0.54425645
1782,1303900,5.497064,5.03125,0.7451612,0.28979307
1003,909720,-3.766387,-3.203125,1.7877654,0.39590842
1003,924100,-2.903667,-2.78125,2.8033164,0.5151661
1014,906842,3.041632,0.22167969,2.8330371,0.48750356
1249,713880,4.708539,2.578125,1.8492882,0.43381813
1494,906835,-1.221632,-4.375,1.914022,0.42731264
1564,753620,1.453427,1.125,3.293976,0.57408446
2171,749716,3.568757,2.453125,3.3192835,0.59378576
1239,909755,3.011054,1.8046875,2.260638,0.49661618
1177,688121,4.462284,3.46875,2.3182175,0.44110736
1034,753540,-3.506986,-1.9921875,1.7111663,0.5014133
1248,1331048,-6.564633,-5.71875,1.0524404,0.4072369
1815,907169,5.590629,5.6875,0.42096704,0.2113887
1909,687455,3.049202,1.6640625,2.6315768,0.573498
1004,909749,-4.717273,-4.8125,1.5859739,0.3865294
1810,1298538,1.230731,-1.21875,4.3447556,0.662287
1507,905950,5.435214,5.09375,0.77393126,0.28482306
1053,910933,4.211413,2.203125,1.576167,0.4138271
2048,1240198,-0.630772,-3.703125,2.5161738,0.47540456
1815,1240144,6.466839,5.84375,0.4076193,0.22689596
1909,1659818,0.780591,0.21972656,2.2801807,0.45992836
1620,906827,5.527352,5.71875,0.58131576,0.2547493
1799,998189,5.588181,3.984375,2.6058044,0.50295967
2439,1330983,8.614895,9.75,0.54966545,0.3677968
1058,908461,-0.75286,0.8984375,1.106687,0.43475464
1941,909249,-3.471276,-5.21875,1.1014917,0.32733956
1061,907175,4.254146,3.359375,1.264846,0.3276854
1170,1322212,2.871112,2.515625,1.5755348,0.4099922
1910,687568,2.401967,1.3984375,2.653657,0.5234834
2048,905950,-1.744672,-4.125,2.5572822,0.46995237
1058,1298141,1.465317,1.3125,1.0488676,0.41412693
1008,1240159,-0.895426,0.11621094,3.95621,0.6560794
1012,910399,1.626852,1.5703125,0.78182316,0.32309756
1072,1240144,4.260107,5.09375,0.72981405,0.28815427
1912,909731,0.883461,3.203125,2.2718136,0.5113358
1815,1240145,5.698264,5.875,0.34775808,0.19457343
1997,688121,6.510841,3.0625,2.7060668,0.49729455
1046,910781,1.506638,1.296875,1.4195979,0.40265256
1778,1240160,5.236668,3.4375,2.6952078,0.52780426
2111,724859,4.450616,2.953125,1.853719,0.4172318
1559,907169,-1.157047,-3.875,1.488576,0.3477405
1003,908121,-0.998459,-2.71875,2.7757416,0.52444714
1049,1503365,4.10856,4.34375,1.0275495,0.34766573
1919,908150,2.279124,1.09375,1.0823551,0.37903485
1180,909907,0.831295,-3.265625,2.3354707,0.43513975
1020,1240192,5.373412,6.0625,0.60560745,0.31204185
1928,925338,3.479222,4.21875,0.9683222,0.28912264
1046,724859,1.61429,1.265625,1.5710591,0.42761457
1626,749710,5.983561,2.46875,2.6470401,0.546183
1243,909726,1.60257,1.25,0.7843923,0.31764188
1598,906813,5.630708,4.34375,0.95765716,0.305669
1593,753554,0.765968,1.640625,1.6620039,0.43442228
2038,1240198,5.033575,4.25,1.274628,0.36320955
1237,1240172,6.227638,5.5625,0.3626842,0.21499658
2045,910781,4.396375,4.5625,0.71206045,0.25945306
2046,906868,4.369016,2.328125,3.0512276,0.52175796
1200,1331048,2.060672,1.2265625,0.9154088,0.28120202
1632,1240144,5.058251,3.921875,0.94916826,0.31647152
1855,906842,0.933235,2.515625,1.8271993,0.37133938
1502,753608,5.695444,5.53125,0.68713874,0.29129055
1179,907169,2.047081,-0.22363281,1.5018603,0.41630182
1630,907063,0.797206,1.8671875,0.8943491,0.292447
2499,910952,10.538655,10.4375,0.94176966,0.5310086
1560,1240145,2.86766,3.578125,1.0788703,0.3460225
1997,949090,4.571611,3.609375,2.3868165,0.5285709
1022,1240144,1.932754,-0.484375,1.449036,0.41290766
2109,908461,2.085454,2.4375,1.01805,0.38415423
1873,910399,0.941744,0.68359375,0.7817503,0.3757455
1849,908121,0.131326,-0.546875,1.4034418,0.427042
1018,1330947,3.15722,4.0,0.39113754,0.189944
2173,687780,5.525462,5.0,1.0386869,0.3396446
1072,910952,3.732705,5.71875,0.8628927,0.33221564
1073,909785,1.507962,2.890625,2.0327384,0.41311082
1862,688087,-0.889634,-1.5234375,0.26306373,0.18654218
1817,687997,-5.029386,-5.53125,0.6593703,0.26165998
1030,906849,5.219069,4.6875,0.7298278,0.27264985
2057,907269,5.177116,3.703125,0.98974854,0.3069507
1909,1503367,2.700989,2.40625,2.6691904,0.5549903
1250,946359,1.147237,1.234375,3.3981605,0.5704011
1621,687590,4.436839,4.40625,1.2493968,0.34632125
1073,905986,6.618559,4.71875,1.9985894,0.45728412
1578,1503367,2.996135,6.0625,0.5467796,0.26416358
1827,909720,1.153287,0.9609375,1.6949763,0.47416052
1021,907271,3.359306,3.609375,1.3883008,0.39743835
1558,906746,5.537944,3.0625,1.763321,0.44491065
1916,910952,1.347137,3.171875,1.8459512,0.47193366
1003,1298358,-2.450427,-2.203125,2.9870021,0.56041914
2157,687802,7.346208,6.0,0.96913755,0.35844854
1941,688087,2.423366,-4.5625,1.4683053,0.36725438
1441,906696,1.749942,2.21875,1.502502,0.4465112
1026,753608,-2.585855,0.15234375,2.3316374,0.5401594
1175,1240172,4.333205,4.5,1.1159949,0.3224664
1576,1240182,3.757126,2.21875,1.1910471,0.38016337
1237,724831,5.438868,5.53125,0.3347733,0.21950628
1817,1240184,-6.240825,-5.21875,0.8345962,0.3056206
1582,1298365,5.11928,3.3125,0.5516848,0.27137953
1558,910952,1.094606,3.640625,1.9047194,0.4784921
1576,687802,4.649489,3.515625,1.4634217,0.46935838
1012,687780,0.607003,1.8984375,0.9906435,0.35916767
1854,905968,3.517058,4.125,0.7073975,0.24772674
1003,946359,3.498183,-3.90625,2.0053618,0.3927113
1576,687590,2.722356,2.328125,1.1566055,0.37455615
1927,907269,4.783359,4.21875,0.8266744,0.27970076
2107,1240186,4.987484,5.0,0.65132123,0.26242074
1084,724870,-0.928388,-2.90625,2.295637,0.5002868
1179,1674021,-0.698297,-0.13085938,1.52761,0.4176824
1557,687590,4.555929,4.71875,1.1430665,0.30554622
1050,909750,5.927102,1.90625,1.2841026,0.40014598
1912,946354,1.786071,2.921875,1.7041672,0.41533518
1936,924100,3.610146,2.359375,1.5901519,0.44688696
1831,907791,3.284913,3.203125,0.47097912,0.2322769
1248,925346,-4.28985,-4.75,2.5058491,0.5903121
1507,1674021,4.74336,4.84375,0.7661248,0.26697186
1086,908127,-3.334155,-1.390625,4.6769295,0.7166824
1736,1503365,1.421235,4.3125,2.5280714,0.54657733
1050,713880,3.825931,1.421875,1.4905195,0.42670125
1237,1330947,3.420512,4.03125,0.33504394,0.19382876
1582,909755,4.867295,4.6875,0.6751983,0.2804563
1529,908121,0.921763,0.984375,4.501003,0.6897237
1029,905982,6.163743,5.78125,0.49065524,0.23162389
2096,1240172,4.05221,2.359375,1.9243048,0.4689865
1168,753554,2.914487,2.5625,1.1874458,0.3939927
1030,687794,5.189223,5.25,0.7252649,0.2907366
1582,753612,4.394619,3.625,0.6922823,0.25862357
1913,687802,5.669869,5.90625,0.82344514,0.3571857
1175,1330947,1.062321,2.640625,1.1246731,0.30751052
1912,753622,3.262534,3.515625,1.8999888,0.4610799
1862,1298365,-1.273014,-1.859375,0.2776118,0.19550201
1016,909257,-0.393143,0.49609375,1.9009556,0.45545033
1835,908127,3.158685,4.59375,1.0870087,0.36243027
1072,1674021,6.160889,4.84375,0.84289944,0.2865912
2159,907274,1.673887,2.953125,2.1510828,0.4802374
1627,687780,3.20732,4.3125,2.0792816,0.47771665
1916,907063,0.211328,0.953125,1.4572105,0.35212007
1632,910781,3.729482,3.21875,0.80761003,0.29573855
1048,907278,4.434811,4.25,0.68066376,0.26604822
1620,1303900,5.473355,5.28125,0.5562139,0.24943112
1996,925346,3.437259,3.609375,1.0320195,0.32006016
1060,908127,2.904876,1.6015625,3.154714,0.661021
1927,688025,4.413818,4.625,0.7953961,0.25883195
1510,909720,4.660021,4.34375,0.9433117,0.3160578
1060,905986,3.387917,1.0234375,2.8871868,0.5957342
1913,909975,5.309193,4.5,0.62467337,0.24293537
1011,907795,2.150364,1.3359375,3.0379314,0.5863667
1091,1659818,-1.332073,1.125,1.2681471,0.37159792
1825,1298365,-0.359866,-1.8125,1.4030277,0.39069206
1093,1303900,5.299356,3.921875,0.8748722,0.31405592
1799,925338,5.657076,3.890625,2.3694265,0.4674136
1928,1298537,5.406443,3.890625,1.0756128,0.31964892
2174,906813,2.629607,1.828125,1.3629025,0.38657156
1917,1240198,0.845447,1.921875,1.2527549,0.41769338
1624,1240159,2.558902,3.140625,2.7328598,0.5056744
1014,909709,1.432299,2.71875,3.7069864,0.66756755
1621,749710,5.357204,5.0,1.2158965,0.37529132
1931,906868,5.452098,5.46875,0.7398828,0.2736556
1549,925346,2.750629,3.5,1.3647735,0.376577
1079,724859,3.153303,0.43359375,2.0983546,0.5158244
1924,1240186,3.865669,3.421875,1.7218446,0.40905562
1029,909749,6.197743,5.625,0.4827333,0.22847083
1010,724870,3.888793,2.875,1.3369837,0.44360912
1199,1331048,2.509503,1.4375,1.1217879,0.3181822
2157,906835,5.369328,4.9375,0.6227256,0.23616312
1375,688013,4.722991,5.71875,1.0072541,0.32619005
1043,753554,5.428646,5.5,0.5015675,0.25121433
1620,1290797,5.610274,5.71875,0.48729014,0.22651549
1855,946354,3.469454,4.71875,1.6803259,0.3860563
1133,1659818,1.678455,2.6875,0.9918591,0.30760524
1026,907269,-2.00372,-0.58984375,2.5869057,0.5103154
1177,907169,5.311974,3.75,1.928025,0.3948056
1563,724831,5.480905,5.9375,0.42375976,0.237097
1803,909749,5.340058,4.875,3.3939767,0.63677543
1924,909750,2.400572,3.515625,1.5722744,0.38319057
2498,753612,8.333271,7.6875,0.64232135,0.30872944
1088,905982,2.848055,2.078125,3.2507231,0.48790652
1564,1298168,4.120497,1.5859375,2.1441643,0.49880204
1378,753608,1.352705,4.09375,2.3622797,0.51481026
1996,1240153,4.196288,2.84375,1.7419815,0.40864542
1373,905968,3.167607,3.4375,1.3991152,0.34245688
1025,910567,5.909811,4.46875,0.5699112,0.252968
1816,909747,6.338838,2.796875,1.446367,0.34801257
2040,909747,2.127199,-0.1796875,1.7011833,0.42923242
1512,688121,6.013816,5.09375,0.39809927,0.20459458
1624,1240223,3.260239,3.28125,3.1766822,0.5720684
1913,998189,5.435908,4.71875,0.5972352,0.25447345
1615,909724,4.751643,4.8125,0.4905578,0.20324484
1720,1298136,6.803476,4.28125,3.4436615,0.5815946
2044,907318,2.506855,2.4375,0.7717591,0.28687578
1928,753622,4.866837,4.78125,0.99814916,0.31403196
1806,907291,3.103848,4.40625,2.6065,0.47254497
1033,749710,6.1645,5.5,0.68692464,0.28971907
1047,687997,6.186854,3.84375,1.8866687,0.40469235
1510,910399,2.88715,4.34375,1.2133176,0.33326215
1549,906843,0.671192,2.859375,1.6862172,0.4109604
1010,998189,3.464614,2.640625,1.3719338,0.4174547
1003,908127,-2.929137,-2.734375,2.6147664,0.5120514
2173,908461,5.595143,4.5,0.83128875,0.3184422
1635,1659818,4.433768,4.8125,0.32056272,0.18402769
1259,753554,2.712259,3.03125,4.278799,0.63896984
1618,924189,4.524077,3.421875,1.2297263,0.34879768
2047,906827,1.531907,2.328125,2.4544053,0.5142822
1005,908150,2.857886,3.21875,2.748248,0.45851287
2057,906696,4.787196,5.125,0.91200954,0.31938076
1931,749716,5.076682,5.65625,0.91271985,0.30136833
1131,1299062,5.246827,4.53125,2.4967186,0.4588226
1830,907271,3.433499,2.984375,0.6687302,0.33840808
1191,909709,-4.232643,-4.8125,0.69017977,0.25023153
1378,724859,2.321734,2.328125,2.061145,0.48149613
1815,687802,8.04781,6.84375,0.72184837,0.3505436
1811,1240153,-1.540461,-4.8125,1.7568744,0.37984198
1626,908465,3.144971,2.171875,2.9189472,0.563401
1133,713880,3.264326,3.140625,1.0587199,0.32834077
1853,909720,5.483924,4.8125,0.66447806,0.27882776
1190,1240159,3.162498,-0.359375,7.236348,0.9081708
1908,907066,3.647836,1.8984375,2.132455,0.46104378
2148,749710,2.719221,1.890625,1.1925502,0.43888366
2045,946354,4.058329,4.75,0.7972101,0.25942224
1939,907169,1.854838,2.765625,1.2743337,0.36821833
1047,909747,9.340026,4.0625,2.2559245,0.4385808
1622,908150,3.817197,4.40625,0.87039274,0.2973945
1237,907269,4.706369,4.78125,0.37506995,0.2087778
1046,1298136,2.098395,1.890625,2.1090722,0.52752376
2055,908465,3.972988,1.890625,1.5773416,0.47543174
1919,1330947,-0.414849,0.055664062,1.1339389,0.3291815
1046,905972,2.712229,1.9296875,1.6237354,0.4282259
2111,688025,4.931554,2.421875,2.6756444,0.4818397
1624,687568,4.681025,2.796875,3.0871055,0.5450381
1016,1298358,0.66106,1.234375,2.4681158,0.53787506
1815,907322,5.244484,4.625,0.40711573,0.20496051
1013,908150,3.218713,2.921875,1.302054,0.37798515
1072,1303900,5.04586,4.5625,0.9050491,0.32009253
1085,910851,1.440183,2.109375,1.422358,0.43075123
1806,910851,4.059142,4.75,2.4145997,0.4530254
1168,910899,3.324692,1.796875,1.3649017,0.3925579
1631,910903,1.952121,3.609375,2.0662742,0.4363286
1909,724870,3.237991,1.5390625,2.0553484,0.51633227
2171,910899,3.874679,1.2734375,3.5308688,0.6114497
1021,907278,0.105582,2.46875,1.650138,0.4021673
1068,909757,2.196597,-0.016601562,1.1303605,0.40576944
1049,1303900,4.134032,3.296875,1.1564388,0.37090078
1817,688121,-4.420012,-5.34375,0.73422,0.26356554
1029,909731,5.109971,5.84375,0.70218295,0.30148962
1013,1298365,4.164568,1.984375,0.9808102,0.34860933
2046,908150,3.267084,2.546875,2.7465823,0.4913354
1051,1240182,3.632737,1.2421875,4.094169,0.69145787
1013,909745,4.387581,2.8125,1.1564376,0.36036366
1017,1674021,4.666384,4.3125,0.983042,0.29912195
1835,1503365,7.488188,5.03125,0.99747765,0.3277569
1020,907278,3.627942,4.96875,0.56768894,0.25588548
1067,1298168,5.757667,4.8125,0.31730005,0.18737113
1043,905972,5.316953,5.5625,0.4707349,0.24006152
2044,753540,5.657621,4.5625,1.2461886,0.41147542
1908,753612,5.788886,1.390625,2.3129435,0.4529452
1011,688013,-1.171365,0.3359375,2.4173653,0.46658808
2038,1240186,4.976673,3.890625,1.4452868,0.3711334
1378,907318,1.940214,1.828125,1.71394,0.4213263
1776,906843,4.589318,3.453125,0.9034907,0.29977682
1375,1322212,5.322581,5.78125,1.3817745,0.4164852
2439,909975,9.703467,9.6875,0.43827924,0.30826053
2111,909907,7.074833,3.328125,3.1215312,0.5405637
1553,1330935,1.211764,2.421875,2.3606076,0.48708126
1558,907794,4.73074,3.09375,1.6634095,0.43673286
1854,1298350,5.66323,5.15625,0.7176304,0.28477952
1908,908461,3.32516,2.484375,2.2421317,0.5194241
1802,1674021,4.742368,3.578125,0.5761653,0.2583782
2055,908121,1.777654,1.8828125,1.8026713,0.50428766
1507,910781,3.890354,4.625,0.5687428,0.24110036
2157,753612,4.766813,3.671875,0.76401097,0.2369427
1249,687794,1.388882,3.21875,2.091935,0.47864187
1778,1240172,4.943385,3.390625,1.8806566,0.4430332
1911,1240192,-4.817505,-3.921875,2.452996,0.4947864
1847,910952,1.607282,5.03125,5.146739,0.75722504
1463,1298350,5.895883,3.96875,1.6375055,0.44167957
1549,909745,3.41955,3.453125,1.4823773,0.39446706
1250,687568,1.78515,2.109375,2.4884999,0.5174203
2158,907318,4.83234,2.890625,0.967812,0.29729962
1622,910952,5.30621,5.125,0.92804164,0.3331423
2169,907791,4.59634,2.984375,1.0902513,0.3381196
1594,909749,1.798793,2.203125,1.7028093,0.42590883
1047,906849,5.15904,4.125,2.248222,0.4501088
1049,949090,2.329416,3.703125,1.2822388,0.4112482
1053,907063,-0.021471,0.4375,1.3569826,0.32511973
2170,687794,2.872227,3.90625,2.6657803,0.5145359
1079,909699,0.391699,1.609375,3.2624679,0.6252101
1014,906813,-1.34665,1.6171875,3.3101532,0.6083076
2037,910781,5.372507,3.09375,1.2413669,0.3759393
1237,949090,5.11227,5.53125,0.38105446,0.24795489
1502,946354,4.595558,4.625,0.63142663,0.250571
1191,753608,-4.628653,-4.78125,0.674839,0.26377153
1804,1290797,3.672188,5.15625,3.6839066,0.6816512
1940,1331048,3.515758,1.8046875,0.6348456,0.24689138
2106,687802,4.446645,4.0625,2.6941767,0.5918558
1911,1298157,-4.403952,-4.125,2.609987,0.50376695
1079,907795,2.263929,1.0078125,3.3985052,0.6466631
1088,909699,5.704837,3.34375,3.71678,0.5364585
1068,1298350,1.551484,0.018554688,1.0901661,0.40321255
1618,909757,4.483368,4.125,1.2832922,0.35899413
2499,907794,10.500092,10.3125,0.8072128,0.51730186
1564,1290797,1.93586,2.265625,3.240206,0.5720684
1093,1240172,5.217253,4.5,0.8771433,0.29970106
1180,924100,-2.711437,-3.265625,2.1337025,0.43038267
1507,909720,5.173767,5.15625,0.58794916,0.25568727
1852,910899,4.782117,4.25,0.8018721,0.26736006
1932,1240184,4.219687,2.796875,2.4493003,0.49404097
1030,1298157,6.173454,5.40625,0.56337106,0.25328904
1928,724831,3.938107,4.8125,0.86238533,0.30651754
1529,687794,0.113738,0.63671875,4.610365,0.68165076
1922,905982,1.913598,2.171875,1.2963299,0.3944498
1927,906842,3.1108,3.296875,0.6149875,0.22860116
1782,687505,4.774907,5.3125,0.6864118,0.25135702
1736,925340,1.970115,3.890625,2.776911,0.55595577
2159,925338,3.743179,2.96875,1.6528536,0.39266557
1940,1298136,3.563592,3.765625,1.0963844,0.37277773
1622,1240223,5.945675,4.78125,0.9465358,0.33642718
2046,1322212,3.081134,1.65625,3.123076,0.5661975
1919,909699,1.006485,1.75,1.56937,0.4451337
1855,1298365,6.125061,3.515625,1.6055696,0.40867594
1013,1240172,3.762075,3.078125,1.4902189,0.40561128
1030,905986,5.708489,5.03125,0.5518465,0.24494962
1853,749710,5.075258,4.96875,0.9183816,0.3346302
1553,905950,3.712317,3.109375,2.1756537,0.48572293
1047,909709,5.710401,5.40625,1.9077201,0.44379744
1059,906827,-1.359596,-0.09033203,1.486409,0.45443985
1057,905968,-3.091953,-3.203125,1.0901403,0.30356434
1580,905964,3.446703,3.90625,0.47504193,0.21139887
1928,924100,5.634519,4.5625,1.2111559,0.33881435
1560,1298136,5.466876,3.34375,1.6605401,0.45818678
1932,687794,1.308827,2.5625,2.8116715,0.52752376
1018,1240223,7.114439,5.96875,0.3948743,0.22150432
1007,908127,-4.827743,-4.21875,3.3325045,0.6296416
1022,909249,-1.229133,-1.8046875,1.5274634,0.34379876
1827,908465,2.89059,0.90234375,2.4631732,0.55440664
2110,910920,5.844219,3.828125,0.96140593,0.2981608
1910,905972,4.486443,1.6875,2.4512887,0.49817225
1011,724870,2.63909,1.578125,2.2887566,0.5414456
1200,688121,3.929456,3.015625,1.4042169,0.3497004
1510,909975,5.450917,3.578125,1.5113037,0.3590378
1046,905950,-0.425689,1.859375,2.0227158,0.48053306
1927,1240223,6.752228,5.53125,0.7521809,0.2969854
1576,906868,2.901194,2.421875,1.1320453,0.36483437
2158,909755,4.323658,4.25,1.2748342,0.34385732
1059,753620,0.711537,-1.0390625,1.3907351,0.38549894
1042,909749,5.302094,5.0625,0.55244786,0.23902367
2173,1298141,5.64189,4.625,0.7110701,0.29535633
2038,1298141,6.649384,4.625,1.1635709,0.36432573
1782,907795,4.503192,5.375,0.89726675,0.30808637
2438,924239,9.569866,10.3125,1.0597323,0.6586597
1023,908465,4.321628,3.5625,0.7686105,0.32088566
1083,907795,1.277507,2.328125,1.9436944,0.4656901
1736,1240223,2.622009,4.09375,2.7744827,0.58587873
1175,906827,2.727317,4.46875,1.1900955,0.34069678
1854,909731,4.414857,5.03125,0.7925244,0.2916657
2173,906813,4.956699,4.03125,0.9331543,0.30073595
1817,909747,-3.818896,-5.3125,0.6085452,0.24768533
1632,1240145,4.050098,3.984375,0.84917486,0.2901448
1191,749710,-4.185796,-4.9375,0.6424985,0.26018158
1912,909757,1.264204,3.34375,2.0516007,0.4733141
1050,687794,1.29899,2.015625,1.7639383,0.48011288
1051,910933,1.574852,1.234375,3.3259702,0.6070682
2156,909757,1.964113,3.484375,2.1747167,0.5210408
1083,909249,0.992684,1.2890625,1.4742944,0.37198517
1149,908150,2.38407,0.9375,1.0415589,0.35763064
1620,909785,4.622459,3.96875,0.44944814,0.1900441
2439,1298168,10.286437,9.375,0.36000243,0.2949719
1915,753540,0.367848,3.515625,1.5191065,0.4779326
1047,924248,0.856957,3.84375,2.4535253,0.45713544
1549,1240184,5.119102,3.78125,1.9754303,0.46929953
2109,906842,3.044052,1.2734375,0.81942326,0.27454883
1786,1240186,1.934485,2.484375,1.6575872,0.42564976
1803,905968,6.524401,3.984375,3.606073,0.6128023
1372,925346,0.1305,-0.9375,2.2275314,0.5117772
1838,687455,4.193437,4.28125,0.60953856,0.30686936
2359,908127,2.506006,5.71875,0.75696105,0.32335433
1061,908150,5.22647,4.53125,1.0191351,0.30573303
1630,906827,2.63448,3.328125,1.3008038,0.39207956
1873,749710,0.572102,0.6328125,0.7771782,0.39328775
1030,1298538,5.780241,5.125,0.51874775,0.23623641
1004,1330935,-2.679476,-5.28125,1.418836,0.35643142
2148,1240153,-0.024506,1.09375,1.2649231,0.39796284
1014,1298348,2.302117,2.234375,2.5139077,0.5435151
1190,1240144,-1.904904,-0.83203125,7.561586,0.94898856
2038,910933,4.996235,4.09375,1.2862415,0.34537068
1578,1290797,5.320679,5.34375,0.3911339,0.20893435
1924,906842,-0.57229,1.8515625,1.5242697,0.34307992
1814,1240144,6.85999,6.25,0.63020545,0.28921202
1926,910780,0.746334,-1.15625,1.0844417,0.32997605
1250,907795,2.629876,1.9921875,3.2381446,0.5991697
1057,1298141,-3.107834,-1.546875,1.5027266,0.41087875
1179,909750,0.075538,-0.027832031,1.4121898,0.41187552
1564,687997,5.145482,1.3125,3.4761336,0.5834893
1023,1298537,3.089688,2.96875,0.75696945,0.3128265
1038,753622,2.100945,3.125,0.9665741,0.35044107
1582,1290797,3.464397,4.625,0.6341084,0.2743552
1625,1240160,6.122813,4.9375,1.312637,0.3775261
1022,1330947,-5.885914,-2.09375,1.4551966,0.33158475
1057,1240186,1.474954,-2.265625,1.550125,0.3877192
1563,909720,5.447518,5.78125,0.35753468,0.21440245
1549,753554,4.726584,3.8125,1.7826867,0.44395292
1919,1240223,3.496907,1.421875,1.1185269,0.40553308
1048,724870,4.458518,4.78125,0.66764516,0.2881283
2109,906696,1.873552,2.546875,1.0998245,0.38137174
1803,1674021,7.068642,4.90625,3.648326,0.6614226
2038,1299062,6.648624,4.09375,1.1009167,0.31082404
1237,1240127,6.001028,5.40625,0.29872382,0.19837043
2044,998189,4.036098,3.328125,1.2486113,0.36078587
1005,1659818,1.735258,1.234375,2.8821661,0.4440089
1375,1298538,6.550487,6.59375,0.79581434,0.3142133
1088,687505,1.428058,1.3125,3.5523582,0.49891397
1779,1503365,2.834825,1.0859375,0.9518908,0.4014719
1559,909755,0.840999,-3.609375,1.6554776,0.36959165
1802,907318,3.499339,2.78125,0.3975785,0.22244836
1441,924100,-0.548512,1.9375,1.72487,0.47161764
1050,688013,1.464804,1.4453125,1.2812697,0.3719515
1620,907271,5.872189,6.0,0.5020115,0.2540408
1030,910781,3.935403,4.78125,0.44961226,0.22288412
1620,905972,6.50793,5.8125,0.4717902,0.23029302
1054,949090,4.418224,3.484375,1.3728439,0.4079796
1582,909731,3.125976,4.5,0.7883479,0.3192437
1025,1503367,5.872273,6.25,0.7664026,0.31511912
1021,907169,4.058789,2.71875,1.6378902,0.39242247
2106,687568,4.182488,3.03125,1.9935504,0.4618364
2438,909750,10.571279,10.375,0.8508453,0.5828036
1916,924100,2.656632,2.5,2.0655339,0.48051003
1177,906835,7.005634,4.0,1.6449085,0.374813
1634,908121,3.877334,4.8125,0.9699109,0.3379853
1200,724831,3.984639,3.828125,0.93645716,0.31684512
2040,909745,-0.287742,0.26171875,1.1769629,0.38486007
1810,1330935,2.091148,-2.1875,5.273962,0.747338
1779,1298537,1.053164,0.4140625,0.91660714,0.3730703
2177,905982,3.061403,1.8046875,0.5172143,0.27345157
1802,687455,3.769903,3.78125,0.66359246,0.31326243
1560,1240153,4.709939,2.625,1.6951529,0.41491705
1576,1299062,3.717583,2.59375,0.86755514,0.32248476
1910,1330947,-4.164004,-0.7734375,2.447589,0.465724
1635,1298350,5.382288,5.6875,0.37697768,0.22577244
1086,687819,3.656461,-2.9375,3.470678,0.5494794
1634,753575,5.598421,4.71875,0.7933327,0.29786196
1053,1503365,2.40021,2.96875,1.6561222,0.42905387
1268,907791,4.409957,4.03125,0.7446983,0.26468807
1067,753540,3.757836,6.15625,0.49107417,0.28336638
1088,909907,7.244809,2.328125,4.593689,0.6163196
1511,1298141,1.486093,-0.890625,2.0341322,0.479188
1021,687997,3.393702,2.015625,1.6602659,0.39778343
1815,1298537,5.72261,5.375,0.4145132,0.21303016
1170,910567,2.358984,2.359375,1.5107169,0.393125
1086,1330947,-3.980439,-4.15625,1.9880748,0.3950846
1034,1298157,-1.614165,-3.03125,1.3066027,0.37405008
1068,687819,0.79164,-0.453125,1.0734593,0.36498302
1831,908150,4.326276,3.78125,0.48804528,0.24570411
1016,908127,-2.923314,0.96875,2.2299404,0.50191104
1200,687819,3.757938,2.8125,1.2611393,0.33559468
1259,907291,2.854132,2.0625,4.88962,0.67213935
1190,753622,1.154812,-0.4921875,8.136746,0.994251
1017,1298136,6.3223,4.5625,1.141337,0.35060433
2096,687794,1.025805,2.3125,2.2788365,0.51713187
1908,905972,3.00784,2.4375,1.9778966,0.46012276
1017,1240198,4.769012,4.59375,0.9015263,0.311075
1825,753620,-1.839435,-1.921875,1.8899357,0.41187263
1629,909720,5.160809,4.71875,0.67357516,0.27138698
1809,1240184,1.871826,0.69140625,3.3372347,0.5930699
1626,1331048,0.295036,-0.55859375,1.7045258,0.3714663
2156,909785,0.736222,1.3046875,1.9637341,0.4384111
1054,1503365,5.322458,4.3125,1.1237137,0.34683877
2499,1298157,9.100781,10.4375,0.829153,0.50491416
1939,1240192,1.9526,3.703125,1.2480282,0.40027595
2174,1240182,3.618596,1.6484375,1.4454138,0.41187552
1632,1298141,4.953525,4.125,0.9414262,0.33461106
1635,1330983,4.571527,4.90625,0.36999696,0.20861958
1025,906843,4.625405,4.5625,0.51034844,0.2312221
1089,905964,0.942202,2.84375,2.243491,0.43934426
1919,1240159,4.367121,1.5078125,1.0092288,0.36590597
1549,906813,3.967492,3.375,2.036908,0.45474738
1054,1298538,2.131723,3.515625,1.1103729,0.33786643
1034,749716,-1.142016,-2.84375,1.560657,0.39724407
2438,998189,11.232473,10.375,0.8669584,0.58527046
2057,1298157,5.028414,5.125,0.79405653,0.29369247
1916,1298136,4.326674,2.546875,1.9542637,0.49962473
1014,909749,3.09081,1.640625,2.8574595,0.5763696
1190,909907,4.822032,-0.103515625,8.769268,1.046255
1083,910899,3.103265,1.640625,1.942309,0.4425794
1812,687590,4.043779,2.53125,2.452572,0.50605696
1096,924189,0.371664,1.703125,2.8371344,0.5515755
1025,907322,4.860113,4.125,0.49721935,0.22876894
1259,910933,1.294447,2.765625,3.837491,0.58804864
1494,909745,-3.510008,-4.5,1.6037278,0.3842375
1029,925340,6.300083,5.96875,0.5338384,0.24879166
1237,1298348,6.383464,5.40625,0.30318218,0.20107591
1782,906746,6.042242,5.53125,0.6792602,0.27506834
2438,1240160,11.740454,10.3125,1.2694806,0.71947557
1014,1503365,1.853072,2.671875,3.0889027,0.6005225
1635,1240198,5.076092,5.71875,0.3362096,0.20369022
1594,905950,1.737537,2.5625,1.9176893,0.44798398
2106,910903,1.523719,3.21875,2.0292945,0.46240014
1580,910952,4.609271,5.875,0.58763784,0.2641993
2096,998189,2.127554,2.109375,1.8781023,0.4656901
1799,910567,3.873982,2.953125,2.6886857,0.51525205
1815,753575,6.299768,5.875,0.4208357,0.2242221
1046,906848,1.321015,1.078125,2.842928,0.54094857
2043,1240145,5.015648,5.375,0.42881912,0.20191315
1624,688121,5.695843,2.296875,3.899373,0.610548
1736,924100,3.489214,3.671875,3.0223854,0.5875907
1629,687802,7.640464,5.5625,1.2160978,0.39959237
1558,1240153,4.896329,2.25,2.1305606,0.46431187
2169,924189,4.198413,2.875,1.0228475,0.3546794
1133,1298365,3.839561,2.53125,0.6596126,0.28248957
1091,753620,0.865842,1.0859375,1.2456839,0.37724668
2110,905986,4.631718,4.3125,0.74654245,0.28454474
1021,688121,3.886212,2.4375,1.9524398,0.4289113
1613,909975,4.075656,2.40625,3.3390028,0.5537247
1007,1240192,-4.967776,-3.96875,3.2204275,0.61277866
1030,687590,5.973506,4.96875,0.626204,0.25616968
1029,909755,6.156485,5.84375,0.52941734,0.2460982
1940,688025,4.14983,3.234375,1.0141593,0.3145212
2154,1298358,3.703231,2.734375,0.66383916,0.3257098
1849,1503367,-0.393976,0.022949219,1.5935664,0.46477532
1919,907791,3.021917,0.921875,1.386456,0.3808181
1512,910851,4.691287,5.21875,0.44946423,0.21826857
1561,908127,0.782134,2.1875,2.3890116,0.55808777
1529,906849,-0.45385,-0.045898438,4.2382402,0.63612455
1030,1303900,5.364643,4.78125,0.6485978,0.27565435
1593,909747,3.842151,0.6953125,1.8790253,0.43350014
1046,910952,1.155487,2.609375,2.1427922,0.51339203
1051,905986,1.226218,1.0390625,3.7181876,0.6438882
1059,1298168,1.039187,-0.3984375,1.045096,0.39042813
1034,909745,-4.648659,-3.5625,0.94722074,0.29097426
1854,687505,5.155062,4.875,0.65870035,0.24120934
1629,749710,5.816952,4.84375,0.9323857,0.32331115
1847,1240184,6.828119,4.15625,5.9390473,0.81983423
1853,908461,4.566636,4.9375,0.8981518,0.33385807
1776,1674021,5.374306,4.09375,1.0162156,0.31365904
1089,724831,2.827979,5.6875,1.7616498,0.4368148
1026,688025,-0.131513,-0.96875,2.5695372,0.5031941
1908,905964,1.902528,1.1875,1.9882491,0.41985226
1736,1298136,1.981855,3.65625,3.0108511,0.6165381
1058,910399,-0.475506,1.0625,1.240019,0.4216144
1025,1240159,5.534626,5.5,0.48516145,0.23988822
1016,909750,-0.300057,0.063964844,2.1485722,0.46087092
1558,925338,4.026822,2.671875,1.6464791,0.4172532
1191,906836,-6.659659,-5.375,0.5509476,0.23655514
1023,909755,3.385905,3.546875,0.7674222,0.3030032
1067,906848,4.218985,4.875,0.51078576,0.22905912
1049,909747,5.55727,3.09375,1.3609809,0.3738208
1072,906836,3.638315,4.125,0.96159166,0.30692485
1463,909907,6.904696,3.828125,2.1028497,0.46946916
2177,1674021,2.643862,1.5859375,0.5683635,0.28320706
1620,1659818,4.438931,4.59375,0.5128988,0.2163215
1549,753620,4.048861,2.703125,1.8912494,0.43632028
2107,1240198,6.11686,5.21875,0.62923855,0.27155358
1019,905968,0.168833,1.515625,1.4621496,0.40715536
1843,910920,2.070694,-1.5078125,4.68043,0.69894695
1930,909755,1.711377,0.20410156,0.9223246,0.34113413
1627,1240192,3.225316,4.15625,1.5720545,0.43775985
1021,1298538,3.429369,2.921875,1.4073899,0.38306668
1239,1298157,1.588016,2.140625,2.2438266,0.51552105
1873,687802,1.577203,1.0,0.95440614,0.4552053
1024,724870,0.909783,-0.18457031,1.5463059,0.4750057
1008,1240186,-0.82123,-0.484375,4.376024,0.7006767
1831,909757,4.440821,3.890625,0.5183036,0.2556163
1062,907795,-0.726031,3.5625,3.3953485,0.6326139
2037,1298538,4.619457,3.453125,1.464579,0.39863256
1069,1330935,2.714995,3.046875,0.8724565,0.31009716
1831,907318,3.537986,2.90625,0.35844967,0.21577857
1919,1503365,1.863469,1.6875,1.1670066,0.40666732
1017,1240159,6.330705,4.71875,0.76980704,0.28330526
2043,907791,5.465551,4.65625,0.567218,0.2320395
2173,1303900,4.565243,3.796875,0.8802659,0.3144278
2045,906868,5.264426,4.78125,0.9614682,0.29117396
1005,907795,2.913017,3.125,3.7833245,0.56784546
1576,907169,2.23996,2.34375,1.1305393,0.36259413
1133,1240159,5.263399,4.125,0.75223154,0.28671315
1627,908465,4.286788,3.703125,1.7341968,0.44532222
1011,905950,3.746292,1.5078125,2.4601464,0.5195013
2046,906746,3.101165,2.796875,2.8807642,0.51533914
1003,924248,-3.17746,-3.78125,1.9949007,0.3906627
1004,909785,-5.819026,-5.78125,0.8034113,0.269184
1576,688013,2.637591,1.8828125,1.009175,0.3252358
1617,724831,0.9078,1.8515625,4.2225366,0.5930378
1009,910399,5.104629,5.40625,0.4845839,0.23052928
2177,910567,1.105962,1.421875,0.55847067,0.26704934
1373,688121,5.616634,4.15625,1.6069698,0.3785598
1073,907175,3.146866,3.546875,2.45759,0.48127145
1008,905972,-3.463456,-0.20214844,4.0489616,0.671461
1131,1240184,6.314609,4.875,3.209024,0.5628945
1179,908461,1.13707,0.3984375,1.5055549,0.4691539
1086,1298537,1.862773,-2.8125,3.1937761,0.5566213
1624,906835,6.895612,2.703125,2.9990537,0.5260637
2159,1240223,4.350475,3.703125,1.7103565,0.42966545
1199,910903,4.345263,4.1875,1.5527922,0.38336414
1936,909745,3.411242,2.140625,1.0454996,0.36432573
1563,906848,5.033101,5.125,0.6268844,0.252575
1635,909785,4.670131,4.1875,0.2712911,0.16268486
1564,906842,2.227035,-0.18261719,2.4751072,0.43698785
1561,907175,2.467282,0.67578125,2.3616996,0.4987126
1085,906827,2.540337,2.375,1.3323767,0.429397
1190,908461,1.034651,-0.17480469,8.416998,1.0563438
1085,998189,3.498643,2.140625,1.1820002,0.4038641
2499,905986,9.767087,10.375,0.7862405,0.5057895
1249,909749,4.168264,2.953125,1.5309924,0.40924037
1072,1503367,3.514696,5.875,1.0924582,0.36782283
1557,907271,3.252498,5.5625,0.94474137,0.31194144
1034,907322,-1.849791,-4.4375,0.9067415,0.2620027
1776,753554,4.794602,4.40625,0.93682367,0.32009253
2043,905986,4.353572,5.09375,0.51940167,0.23232675
2045,1503367,4.242009,5.78125,1.1103567,0.34435487
1177,1240159,5.073448,4.34375,1.3919121,0.3574274
1594,687794,2.684727,2.453125,2.2539225,0.48730543
1026,924189,-0.341764,-0.61328125,2.2643251,0.48955452
1268,909745,6.073509,4.375,0.6397433,0.25906587
1630,724870,4.989307,3.40625,1.1359484,0.39004034
1180,910851,-3.658793,-3.734375,1.413081,0.3357032
1089,1240184,5.236583,5.4375,2.2121406,0.4745064
1808,687997,3.101718,-2.015625,2.9351416,0.47539777
1918,910781,1.750922,2.828125,0.9287761,0.3487151
2107,724859,5.154285,4.84375,0.59655654,0.24968998
1778,753554,2.552897,3.453125,1.7423358,0.43579525
1811,924239,-2.581417,-4.8125,1.7521793,0.39118066
1463,925338,3.189522,3.59375,1.3475039,0.37011912
1997,907299,5.322881,3.09375,2.2441669,0.47389358
1131,749716,6.13651,4.625,3.4387846,0.5635244
1810,907795,0.385878,-0.6640625,5.5835643,0.7912097
1046,909785,0.377089,-0.036621094,1.6376221,0.3512716
1372,998189,-1.483133,-0.75390625,2.7108645,0.5509255
1617,724859,-0.672861,0.90625,4.1411495,0.5765539
1941,907318,-3.901481,-5.3125,0.93603563,0.3245768
1072,1298358,4.572101,5.46875,1.135233,0.4015027
1819,998189,-0.782493,-4.65625,2.2070334,0.47341087
1786,906868,2.89422,2.453125,1.676738,0.42122
1168,1298538,0.495385,2.359375,1.1040701,0.3809635
1014,687794,-0.356608,2.15625,3.9639418,0.6864461
1034,724870,-1.565171,-3.296875,1.1659429,0.36159384
1614,1240153,2.140844,2.984375,2.2368596,0.4580463
2438,1298537,10.963339,10.25,0.81326216,0.5469404
1067,1503367,5.164865,6.125,0.5160516,0.25385118
1006,908465,3.258283,2.46875,4.5715795,0.7866686
1910,909720,3.814803,1.734375,1.9990547,0.47291145
2046,907274,1.96217,2.390625,3.558965,0.62026757
2172,687780,3.277992,3.0625,3.8638937,0.62222445
1529,905968,0.09606,-1.25,2.6347198,0.44497374
1047,724870,5.786988,5.0,1.8557737,0.4446252
1057,910399,-3.047141,-1.6640625,1.7455118,0.43094406
1059,905972,1.689174,-0.29296875,1.1200205,0.39808884
1854,687568,5.43831,5.0625,0.6228228,0.2509386
2498,909750,7.398822,8.0625,0.5806039,0.32401803
1054,946354,3.03256,3.359375,1.1622108,0.32812932
1931,910933,5.597285,5.5625,0.69021213,0.26978034
1918,908121,1.956018,3.390625,1.4767474,0.43475464
1830,1299062,5.092002,2.609375,0.5759611,0.29753196
1019,1298365,1.214947,1.5234375,1.1439389,0.39278394
1180,687997,-1.043952,-4.375,1.3962871,0.32079813
1024,1322212,0.116744,-0.6796875,1.8298653,0.4617007
1847,687802,6.268459,5.25,6.3256416,0.91300637
1011,910780,-3.58412,-0.40625,2.2238274,0.43869147
1559,906813,-2.198378,-3.9375,1.4958824,0.3494473
1007,910780,-5.062199,-5.625,1.3257667,0.38486895
1268,1240186,5.097924,4.375,0.75198936,0.280929
1630,909709,2.674311,3.828125,1.372992,0.40232003
1806,1240160,7.04475,5.1875,2.921192,0.54807186
1494,946359,-0.472996,-4.625,1.9268546,0.4100776
1632,1298537,4.059983,3.109375,1.140821,0.34548968
1632,910911,4.451002,3.78125,1.1054416,0.31793484
1779,910780,0.570651,-0.0073242188,0.85024595,0.30220288
1009,910851,4.39298,5.0625,0.6253254,0.2519469
1582,910851,4.372193,4.34375,0.83908075,0.29971656
1200,1322212,2.04827,2.59375,1.1603972,0.34002456
1940,906836,3.95393,2.953125,1.0009357,0.3210268
1911,910851,-5.988343,-4.46875,1.7225486,0.3877082
1622,1240186,5.55127,4.21875,0.9472593,0.3142992
2109,1659818,1.922358,1.6875,1.0299326,0.3319256
1621,1240159,4.765003,4.875,0.95673126,0.31284562
1838,907322,3.256742,2.875,0.48248306,0.2410341
1003,749716,1.057382,-2.671875,2.8164577,0.50719786
1563,907795,5.129507,5.71875,0.56554425,0.25491878
1086,1298168,2.104466,-2.828125,2.5964196,0.527667
2096,909709,2.106359,2.765625,2.2248936,0.5154306
1018,687997,6.019279,4.75,0.3893385,0.19450188
1930,906868,0.353223,-0.00390625,0.9346244,0.33550537
1580,907795,5.167873,5.125,0.7024394,0.26506075
1622,1298365,4.733102,3.171875,0.69574624,0.2860676
1012,1240153,1.421025,0.546875,0.69802475,0.27981687
1034,753575,-2.774569,-3.171875,1.2045239,0.3416493
1831,907269,3.50149,2.921875,0.51491827,0.23997408
2011,688121,6.164238,4.03125,1.5619788,0.3559164
1564,909975,3.451678,1.8125,3.9079676,0.61527735
1614,724870,2.924611,4.0,1.7819971,0.45558327
1634,687780,5.141771,5.375,1.1135969,0.36948976
1029,1298538,5.249241,5.71875,0.45452985,0.22416444
1018,910903,5.109703,5.75,0.3726253,0.20059133
2158,713880,3.758893,3.421875,1.5378175,0.37159792
1614,1240159,3.769677,4.1875,1.4417928,0.387138
1618,907063,5.442233,2.359375,0.9839629,0.2816858
1924,749716,3.635881,3.6875,2.0300922,0.4389126
2046,909249,1.185171,0.546875,2.6556516,0.4750688
1019,753612,1.925775,1.546875,1.6700844,0.4087811
1033,687819,5.516707,4.65625,0.63033104,0.23666196
1053,906696,2.170741,2.578125,1.8137105,0.45562938
1032,1298365,0.967134,0.61328125,1.2515666,0.4092551
2044,1674021,3.06333,3.390625,1.2347419,0.34700465
2177,906813,2.252435,1.4765625,0.59965175,0.29120255
1827,998189,1.391586,0.59765625,2.3150566,0.5275146
1932,1240198,2.422424,2.796875,1.9898535,0.453413
1200,1240192,2.719091,4.15625,1.0516245,0.33891642
1010,1298348,0.839573,3.0,1.1186701,0.38600132
1598,753540,3.873879,5.5,0.93766385,0.37022007
1036,1240184,4.286033,4.71875,1.5938919,0.40570354
1073,946354,2.977346,4.65625,1.8389848,0.420766
1237,687568,5.804319,5.40625,0.32773843,0.20370059
1190,909749,2.304971,-1.4921875,6.8434153,0.9008611
1996,1240159,4.615783,4.03125,1.1033275,0.34381372
1026,909750,-1.8087,-0.796875,2.0040393,0.4801482
1594,1503365,2.306323,3.15625,1.727299,0.42829725
2154,909709,3.512088,2.90625,0.65866566,0.2792203
1073,909757,4.462151,5.03125,2.1733017,0.48128712
1080,907791,-4.157373,-4.78125,1.9972545,0.42841312
1013,1330947,0.971198,1.6171875,1.3130902,0.3557827
1812,1298538,2.364684,2.796875,2.1365826,0.47700018
1908,905982,4.753088,2.21875,2.1404831,0.4702206
1811,906848,-3.032797,-4.625,1.92164,0.39650592
1925,687802,6.37493,6.34375,0.8419607,0.37086433
1635,907795,4.746434,5.625,0.39181882,0.21475929
2438,906836,8.454708,10.0625,1.0303262,0.65525717
1029,909709,5.939298,6.3125,0.63227785,0.2842692
1042,1298136,6.896668,5.34375,0.73646355,0.29373515
1463,688013,3.765783,3.203125,1.223767,0.34392035
2499,905968,11.233137,9.625,0.7236861,0.4925819
1086,910933,-1.842696,-2.390625,3.219834,0.5371914
1916,908150,3.115063,2.453125,1.6013731,0.41671592
1088,908461,4.796936,2.65625,3.4217496,0.55421257
2107,1298538,5.917255,5.125,0.5532897,0.24371141
1053,909257,2.222195,2.65625,1.3811154,0.40281245
1200,907299,3.314949,3.0,1.1479541,0.33795786
1928,907794,4.989059,4.71875,0.9524252,0.303999
1032,1674021,2.061139,1.015625,1.7160968,0.4607918
1510,1674021,4.453565,3.890625,1.355767,0.34661376
2498,906848,7.503329,7.625,0.90325505,0.39180478
1084,910567,-0.946824,-3.671875,1.8201693,0.381388
1917,909907,5.241693,1.7890625,1.9648114,0.46875647
1079,998189,4.751926,0.7421875,2.6777136,0.56987715
2038,753608,4.489609,5.1875,1.1982526,0.35442495
2045,905986,3.919481,4.8125,0.87047726,0.28464106
1093,906842,2.831062,2.515625,0.6821156,0.2424443
1553,1240182,5.857042,2.71875,2.212733,0.49400103
1933,1240172,6.075463,4.9375,1.3204563,0.361042
2154,905950,3.575579,2.265625,0.56554526,0.2861918
1008,909724,2.860561,-1.3125,4.377308,0.6672491
1089,1290797,3.972139,5.15625,2.1974351,0.4569008
1910,1240127,2.698411,1.109375,2.7248247,0.53360415
1620,724870,5.400073,5.75,0.52481765,0.24775097
1852,905982,3.531993,5.25,0.59154993,0.23833857
1736,1298358,-2.344071,4.1875,3.3384504,0.6733887
1916,925338,3.650891,2.21875,1.6367122,0.4184399
1250,908121,0.6599,2.28125,3.128911,0.5996156
1918,1240182,5.075834,2.921875,1.3294182,0.4083805
1004,1298157,-4.725273,-4.25,2.7159343,0.5095616
1010,909720,3.533517,3.046875,0.9911961,0.3702921
1512,910399,5.08581,5.5,0.35278898,0.1978966
1931,1240192,4.989199,6.25,0.85104346,0.34814775
1016,909755,3.118327,0.22949219,2.2864854,0.4717871
1048,1298537,5.295027,4.25,0.6766124,0.2712333
1913,724859,6.429413,4.59375,0.55799305,0.24452862
1025,724870,5.631414,5.5,0.5708504,0.27296907
1068,688121,0.262454,-0.328125,1.2198318,0.38748112
1930,713880,1.076646,-0.2578125,0.98092586,0.33516133
1825,909745,-0.273332,-1.515625,1.5690159,0.39937168
1093,906746,4.918676,4.4375,0.821111,0.29475707
1582,753620,4.447017,3.59375,0.6856761,0.27486667
1017,907791,3.730889,3.796875,0.9881573,0.29504502
1930,907063,0.684319,-0.890625,0.7942789,0.24989149
1843,925340,-1.660568,-1.234375,4.4635177,0.66655463
1073,907794,3.651063,5.125,1.8747294,0.45300922
2048,1298358,-0.341821,-3.25,3.7075984,0.6111867
1026,1298350,-0.968827,-0.30859375,2.310289,0.537448
1598,1240186,4.545727,4.40625,0.88647145,0.30288827
1237,998189,5.505822,5.3125,0.34522063,0.20516963
1008,749710,1.733373,0.30859375,4.4256673,0.73393214
1911,687505,-6.252845,-4.5625,1.7319572,0.3946481
1560,687505,4.94333,3.09375,1.5363756,0.39803097
1026,909249,-0.422021,-1.3203125,2.034662,0.4263316
1720,1330935,1.862826,2.28125,4.319916,0.6483834
1873,910781,0.380567,0.3046875,0.5826133,0.3176956
1062,1331048,4.425938,1.734375,1.8165132,0.41907832
2047,1659818,1.502142,1.4453125,2.274635,0.4553968
1053,909724,1.497397,1.546875,1.8349977,0.41301805
1627,907278,2.619203,3.125,1.7180927,0.41872904
1059,1240198,0.520622,0.18457031,1.260926,0.44375655
1032,1240159,3.570907,1.578125,1.4689983,0.43450743
1852,1331048,4.767864,2.734375,0.60906917,0.2368669
1034,925338,-2.619761,-3.625,1.0240191,0.30431637
1060,910920,1.835634,1.0,3.5095475,0.6449504
1046,1298365,2.71958,0.62890625,1.3081629,0.38512337
1511,909726,-1.533467,-2.4375,1.7416005,0.3735751
1019,907063,3.65142,1.109375,1.2620393,0.3388721
1025,687802,4.764916,6.4375,0.88350433,0.3822595
1853,924239,4.131524,4.03125,0.9077668,0.29973292
1375,925346,6.168423,6.625,0.7306777,0.27433774
1032,687590,3.704185,1.0625,1.7474592,0.47133708
1025,910399,5.456351,5.65625,0.5283482,0.2412266
1511,925346,-0.065775,-1.7890625,1.7866322,0.43919578
1030,724859,6.395928,4.875,0.56350875,0.24133158
1811,908465,-1.868591,-4.375,2.352802,0.47457656
1908,1290797,2.588494,2.171875,2.275802,0.4920358
1933,687596,5.527277,5.625,1.8249183,0.50125057
1007,949179,-3.392547,-4.90625,2.207429,0.47725335
2498,687505,7.961423,8.125,0.67791975,0.3360619
1170,910399,3.089985,3.484375,1.5310272,0.3948921
1088,907278,1.588461,1.015625,3.3437145,0.50186366
1017,909257,3.649323,4.84375,0.82094496,0.30515897
1941,753575,-2.999438,-4.59375,1.4879138,0.38377205
2359,906746,6.002731,5.53125,0.6792602,0.27506834
1624,906843,1.963802,1.578125,3.3243349,0.54476917
1017,1330935,4.343929,3.453125,1.108203,0.32321554
1441,910911,3.320032,1.9296875,1.4388976,0.41383982
1047,687455,2.497196,5.09375,2.3063283,0.5148965
1016,687455,-0.538521,0.7265625,2.5383744,0.5318766
1093,906813,3.994506,4.125,0.9218628,0.29709697
1873,1330947,-0.392013,0.018798828,0.76046973,0.29724166
1804,909747,5.980383,4.46875,4.465587,0.74055225
1862,924239,-1.867361,-1.59375,0.28780952,0.18991438
2057,713880,3.924808,4.1875,0.9518128,0.29659942
2096,908121,4.335438,2.4375,2.2976205,0.52788025
2110,909724,3.300169,3.90625,0.8506956,0.27284077
2109,909699,4.507096,2.75,1.3252877,0.3901649
1529,907269,-1.546971,-0.5390625,3.7203128,0.5762102
1625,909785,3.282972,3.40625,0.6483599,0.24100623
1620,1240186,5.514399,5.4375,0.5097454,0.23094888
1372,909757,-2.637443,-0.3125,3.14747,0.6119087
1080,909745,-3.97403,-4.59375,1.6816558,0.39615384
1930,1659818,0.222157,-0.5625,0.9721396,0.30148962
1046,924100,2.789392,1.859375,2.4415922,0.52788025
1925,907063,5.723801,4.09375,0.38601065,0.1884218
1034,908127,-2.522706,-2.90625,1.3823066,0.39572236
2171,1298141,7.346095,2.96875,2.5213113,0.5408238
1926,1240184,1.306048,-0.07080078,1.2414278,0.45915875
1854,998189,5.764542,4.9375,0.67090255,0.2557146
1061,1240159,5.369423,4.78125,0.8859626,0.29684293
1815,907794,4.98511,5.9375,0.43835634,0.23175931
1819,1240127,2.829895,-4.75,2.2896233,0.49112648
1629,910567,4.716186,3.375,0.93938905,0.29983813
2096,1240160,3.254165,2.515625,2.7234128,0.54524505
2096,907794,0.325395,2.359375,1.7485172,0.46113443
1180,1298350,-2.456495,-3.515625,1.7262634,0.38228855
1931,907299,4.214374,5.1875,0.83471924,0.29815868
2177,907269,2.381203,1.7109375,0.6897404,0.2835982
1050,910781,2.75101,1.6640625,1.0157797,0.37011912
1033,1674021,5.864089,5.0625,0.6355886,0.2410413
1819,910903,-4.742968,-4.40625,2.6252716,0.5141086
2109,907063,1.715671,1.4140625,0.78797275,0.27594376
1003,688121,-3.40744,-3.421875,2.3578975,0.442387
1557,753575,5.843292,5.21875,0.9997248,0.29431915
1853,1240159,4.043469,4.8125,0.7244732,0.28174752
1622,724870,5.27134,4.5625,0.8965378,0.32667097
1915,1298537,1.493376,2.109375,1.4304459,0.4311554
2046,687596,4.60647,3.890625,3.779978,0.6587864
1060,1303900,3.681053,1.1015625,3.1267436,0.6259945
1926,906868,0.443134,-0.44921875,1.1051973,0.3928202
1180,946359,-0.563964,-4.125,1.4896111,0.32723728
1564,906746,3.346446,2.484375,3.181609,0.5691572
1815,713880,5.467027,5.375,0.42855978,0.21135657
1578,753612,3.345046,4.34375,0.39978963,0.1901904
1069,1298348,4.739433,3.90625,0.7102867,0.297292
1919,687819,2.64891,0.70703125,1.2538486,0.38516644
1854,687802,4.205541,5.96875,0.9017089,0.34891203
1559,907299,-4.406202,-3.71875,1.8217624,0.39701563
1852,924239,4.412862,4.5,0.6813209,0.25709182
1926,909731,-0.180839,0.01953125,1.4608327,0.47537348
1030,688025,4.549347,4.625,0.6452255,0.24469602
1635,909755,5.130181,5.65625,0.34955305,0.2032636
1804,688121,6.21253,4.6875,4.3392687,0.72395587
1463,753620,2.687238,2.90625,1.4877222,0.3871412
1378,907278,4.734422,2.609375,2.4860256,0.49404097
1032,909709,-0.498673,1.875,2.1246946,0.5337529
1625,687568,6.588497,4.875,0.78842115,0.29160815
1558,907318,2.495772,1.875,1.1475946,0.347541
1825,1298350,0.142493,-0.875,2.1147194,0.49817225
1268,1331048,3.079182,2.390625,0.63555115,0.24468865
1048,910781,3.584367,4.3125,0.50208294,0.238854
1915,908461,1.653375,2.75,1.5279841,0.46493798
1811,1298538,-1.718379,-4.4375,2.1444235,0.43580842
1778,1331048,3.318106,1.09375,1.2773924,0.3445473
1038,910920,1.552073,2.359375,0.9867984,0.33882803
1913,907274,4.464308,4.53125,0.72037345,0.29320076
1736,1659818,4.312909,2.75,2.7554836,0.52430975
1581,910780,0.828956,1.4609375,1.0675124,0.3326532
1067,1298141,5.999489,5.65625,0.39722708,0.23366864
1058,753575,0.796424,0.8046875,1.0890273,0.40684
1043,687505,5.291476,5.28125,0.52044815,0.23101275
1084,909907,-1.116879,-2.609375,2.9896226,0.5210408
1855,910851,6.066995,4.59375,2.212917,0.44636077
1838,907299,2.942179,3.671875,0.5141786,0.26630136
1175,1298348,5.583683,4.59375,0.86130506,0.29573855
1069,724831,4.452361,3.921875,0.74233806,0.31710777
1170,924189,3.441245,2.703125,1.5878823,0.4095565
1020,687997,3.997536,4.65625,0.5710833,0.2521937
2045,907278,4.963477,4.375,0.9887261,0.29661053
1617,1330983,3.140928,0.296875,4.4309845,0.61958957
1024,907063,-0.132956,-2.0625,1.3734782,0.32492036
1809,1330947,-4.129882,-1.703125,2.2578564,0.40390733
1510,713880,3.411547,3.375,1.4984906,0.36995775
1808,906842,-3.112431,-3.484375,1.5533798,0.2894223
1621,925340,3.001391,4.875,1.1753529,0.3428003
1046,905982,2.673918,1.703125,1.8111402,0.4414063
1175,1503365,5.889595,5.03125,0.9632576,0.3165127
1179,910933,2.464911,0.07519531,1.3533809,0.41772646
2154,905964,1.684164,1.2734375,0.48108047,0.23063546
1632,1330935,3.444408,2.6875,1.3149378,0.3514881
1939,1298136,5.179716,3.046875,1.4499245,0.4308863
2171,688025,0.18907,1.5859375,3.4623005,0.5847425
2157,909699,6.740524,5.4375,0.75686526,0.259878
2046,908121,0.160727,2.953125,3.3482933,0.58355105
1018,998189,5.948417,5.5,0.37623486,0.19335783
1511,724831,-0.643996,-1.734375,1.6317929,0.44013873
1819,1330983,-3.28928,-5.03125,1.8150281,0.42937678
1940,907322,3.199017,2.578125,0.7802688,0.28572646
1529,906842,-1.52052,-2.421875,1.9436518,0.34093574
1814,905968,6.715869,4.90625,0.7594405,0.25695252
1919,907278,2.617283,1.0234375,1.3407437,0.38560984
1268,1298348,6.737681,4.75,0.6330078,0.26834348
1030,906868,5.847676,5.03125,0.59973246,0.24847738
1782,909907,7.016615,5.53125,0.9867484,0.3211004
2359,907271,6.225752,5.9375,0.6415382,0.289173
2057,906836,4.743656,3.671875,1.056554,0.31398508
1199,1674021,3.337212,3.734375,1.6741381,0.38623166
1072,1240192,4.651544,5.5625,0.9092076,0.3518136
1910,1240145,4.475486,1.7890625,2.392413,0.50519824
1007,688087,-2.367136,-4.625,2.284337,0.46424288
1373,909720,4.496679,4.8125,0.9237553,0.31562737
1003,1299062,-1.262933,-3.640625,1.8452139,0.38964796
1553,908150,3.244915,2.921875,1.9401884,0.44947428
1046,909757,0.924325,1.90625,2.1934235,0.49979898
1033,909724,5.59673,4.65625,0.59930223,0.22055587
1598,924248,5.196743,3.796875,1.1790314,0.32681665
1168,910903,2.786872,2.578125,1.2082168,0.39127
1072,688025,4.447299,4.4375,0.91655815,0.28698358
1635,905964,4.245414,4.53125,0.27904195,0.1761104
1915,713880,2.73798,1.96875,1.6144208,0.43742836
1013,905950,3.860585,3.0625,1.4805843,0.4104043
1239,909731,0.376488,1.8203125,2.8641026,0.5864881
1776,1240198,4.507747,4.3125,0.93692017,0.32488352
1940,1240182,6.185145,3.375,0.94254464,0.33007395
1854,906848,4.565138,4.34375,0.9023956,0.2880304
1630,946354,2.271508,3.03125,1.0748895,0.34474576
1621,906836,1.92497,3.71875,1.3667018,0.35564882
2057,910911,4.513312,4.90625,0.801799,0.26995996
1933,1240186,4.057317,4.625,1.311202,0.36014807
1023,909745,4.630902,3.28125,0.64196837,0.28277233
1059,1331048,-0.904339,-1.765625,0.9285998,0.28255615
1553,687997,4.917789,2.375,2.1804783,0.4640544
1042,906827,5.726769,5.375,0.6736985,0.2728161
2110,1298365,6.002208,2.953125,0.6658295,0.27939484
1008,1330947,-4.426487,-2.59375,3.6710937,0.5945982
1911,910781,-4.562855,-4.8125,1.532395,0.37669834
1804,687997,7.054351,4.4375,3.6746986,0.66620386
1617,1298537,-5.890687,0.7265625,4.3145432,0.6256816
1918,905972,3.625934,3.421875,1.0811272,0.36759016
1511,753608,-0.498378,-0.7421875,2.3675363,0.51186913
2439,909750,8.239008,9.6875,0.3836939,0.30575693
1038,946354,1.303817,2.640625,0.861065,0.32007226
1025,906849,5.168971,5.0,0.66187257,0.26265296
1849,907274,-2.057647,-0.82421875,1.4026753,0.40910053
1782,910952,4.610466,6.25,0.70152295,0.30120623
1855,909785,2.820764,2.90625,1.8496246,0.37875143
1996,1240186,4.248023,3.5,1.4249392,0.3878433
1862,1330935,-1.804664,-1.546875,0.2880488,0.18601082
1804,907318,3.247091,4.28125,3.0289953,0.5888757
1581,910911,4.215846,2.515625,1.3161637,0.39670923
1129,687794,3.686947,3.4375,1.703283,0.43354753
1080,1298141,-0.056549,-4.0625,2.7875667,0.5419389
1625,687780,5.798885,5.5625,1.0910372,0.36200446
2044,1298365,5.459966,2.296875,0.8509806,0.32598558
1593,908461,3.234946,1.7890625,1.6835569,0.46880922
1549,1298365,1.549157,2.625,1.3138063,0.39599866
1057,1674021,-1.33373,-2.453125,1.3695866,0.35482067
2159,1240127,4.227384,3.15625,1.6391305,0.4046799
1013,905982,3.008069,3.015625,1.3472974,0.38038525
1085,925340,3.221352,2.5,1.2426386,0.41230556
1802,907791,3.31561,3.125,0.546681,0.2508812
1021,1240144,3.601152,3.265625,1.3147397,0.3711931
1133,908127,2.780082,4.1875,0.95705104,0.34872016
1016,909747,1.833005,-0.74609375,2.4407272,0.46114972
1853,753620,3.646556,3.609375,0.96488065,0.30211383
1023,753540,3.295149,4.3125,0.7867435,0.3501095
1808,688013,-3.761615,-2.0625,2.6356547,0.43708473
1068,907278,0.981801,-0.068359375,1.1991271,0.37366632
1933,1240223,4.743027,5.28125,1.2644773,0.38293815
1079,906835,2.887667,0.76171875,2.4215496,0.5450381
1909,1240172,4.076855,1.546875,2.1917195,0.4973626
1373,907066,4.213614,3.953125,1.2886235,0.35074055
1014,909249,1.84925,0.96875,3.2664585,0.57296914
1617,688025,1.753231,0.46484375,5.0015564,0.65360564
1083,1322212,1.877468,1.8671875,1.629523,0.4240412
1620,1299062,7.184112,5.40625,0.41019621,0.19971265
1026,909724,2.339712,-1.1328125,2.3439693,0.48364815
1563,906813,5.375214,5.625,0.46682045,0.22150837
1563,909257,5.421644,6.0,0.42486152,0.2407894
1084,1298538,-3.497914,-3.015625,2.178411,0.4529452
1133,905982,4.165861,3.890625,0.925156,0.3025207
1618,1240159,2.444942,4.25,0.9607903,0.3141729
1561,1240186,3.381623,1.640625,2.4125268,0.52998304
1036,907274,5.694693,4.1875,1.9009225,0.4496966
1862,910933,-1.342081,-1.546875,0.24574429,0.18297684
1564,906868,4.840111,2.140625,3.2740455,0.56697494
1782,907299,4.284491,5.0625,0.7054017,0.27433065
1089,1298168,4.877631,3.828125,1.751701,0.4024548
1634,910567,5.332375,3.484375,0.8276915,0.30309218
1072,924248,4.073273,4.21875,1.1292238,0.32327062
1941,1330947,-4.588891,-5.375,0.912782,0.30433962
1816,905972,6.510514,3.84375,0.96392876,0.30326575
1086,724859,-2.115904,-2.890625,2.7506845,0.4920692
1004,688025,-4.760824,-5.0,1.8116814,0.39169145
1061,909975,5.849078,4.125,1.2672861,0.32399282
1372,907269,0.804529,-0.38671875,3.8900495,0.6300619
1997,906827,4.565552,3.734375,2.316309,0.4779408
1908,1298538,1.886952,2.1875,2.0670927,0.47491625
1179,908127,-0.46398,0.67578125,1.6594112,0.4954687
1016,906746,-0.589293,0.6171875,2.3739805,0.48612484
1049,687455,1.238712,3.859375,1.4121609,0.4196638
1614,1298157,3.707567,4.25,1.6722184,0.4219242
1799,907291,4.106321,3.640625,2.9289005,0.5171064
1004,909745,-2.947981,-4.84375,1.4404987,0.35564032
1047,1298358,0.857759,5.40625,2.2494605,0.5299137
1011,906827,2.557081,1.625,2.6376958,0.5401264
1853,1240127,3.217428,4.59375,0.7954633,0.29129055
1250,906843,0.673774,1.2109375,2.558384,0.49738282
1023,1330947,-0.288901,2.046875,0.67792016,0.26631647
1024,906848,-0.326054,-0.7421875,2.2131758,0.4861897
2156,905950,2.652951,3.390625,1.9843531,0.4920358
1512,909726,5.209144,4.9375,0.324602,0.17837569
2158,1240153,5.132693,3.265625,1.6595464,0.38128215
1849,1674021,-1.332992,-1.0078125,1.1140252,0.3555792
1085,906868,3.241198,2.203125,1.2097136,0.39943185
1085,909975,4.376892,1.9453125,1.3726201,0.40409958
1778,909249,0.947546,1.9296875,1.7417465,0.41030967
1511,1240192,-0.541491,-0.7265625,2.0614798,0.5002698
2499,907271,11.371065,10.375,0.86455065,0.5477306
2158,1503365,6.097528,4.875,1.1540452,0.34620506
1021,1299062,5.776474,3.0,1.2177638,0.34381372
1617,907791,2.440157,0.671875,4.445807,0.61370534
1250,906835,3.108302,2.015625,2.3651443,0.49944004
1813,1330947,1.410068,2.90625,2.728303,0.52284425
1814,909749,6.559593,5.875,0.63337225,0.2637532
1549,924248,4.776236,2.90625,2.3682282,0.48129198
1009,907063,5.066524,4.15625,0.35998014,0.19130477
1062,753608,3.107796,4.53125,2.5380006,0.553105
1249,909907,5.71176,3.21875,2.4430146,0.5002611
1042,908121,4.106018,5.5625,0.6449275,0.27270037
1091,910851,0.893523,1.6015625,1.4614639,0.43431556
2011,1298348,6.106735,4.78125,0.90923023,0.29587504
2359,1240172,6.330071,5.59375,0.71588975,0.27981687
1919,687997,2.283343,0.671875,1.3252592,0.37244308
1908,909699,4.293874,2.71875,2.7674541,0.53034705
1622,907299,3.63839,3.984375,0.9423107,0.31882566
1047,909907,5.802718,4.78125,2.584126,0.49521458
1372,1240159,2.095062,-0.3046875,2.528526,0.5381267
1026,713880,-1.446085,-1.015625,2.2147315,0.49046192
1054,925346,4.738567,3.484375,0.9318823,0.30472016
2171,753608,3.205802,3.34375,2.7360768,0.53974223
1062,905986,4.904346,3.53125,2.6293752,0.542538
2011,1298358,5.795743,5.15625,1.4773239,0.41327342
1050,909747,4.476648,1.359375,1.656128,0.43676877
1634,687596,4.399646,5.40625,1.2652192,0.43872344
1854,753622,3.025322,5.25,0.6279221,0.2581806
1635,910911,5.773624,5.625,0.30493748,0.17595923
2439,1240159,10.05598,9.875,0.46520203,0.3451957
1022,910903,-0.897847,-0.3359375,1.5790361,0.42590883
1022,753622,0.247459,-0.24023438,1.8769712,0.46140322
1559,1298168,-1.325763,-3.8125,1.2475475,0.36047846
1583,907299,2.462762,1.8515625,0.5458336,0.2740905
1594,906849,4.361743,1.9453125,2.3459363,0.48777786
1019,909249,1.151369,1.3984375,1.4910895,0.38974786
2499,907795,8.989408,10.3125,1.0480057,0.5759013
1026,1659818,-0.380623,-1.40625,2.2077117,0.4520776
1199,1298168,3.705779,3.046875,1.1095339,0.3474062
1093,1240182,5.027026,3.921875,0.8664443,0.30492696
1086,907791,-2.214994,-2.984375,3.5684552,0.5556899
1048,1659818,3.869961,3.796875,0.64774555,0.24938348
1806,924100,3.568121,5.0625,2.3459232,0.48405132
1086,906696,0.106061,-1.3046875,4.4947925,0.674631
1939,905972,3.904521,3.3125,1.0762049,0.3519128
2096,909750,5.136195,2.203125,1.7062573,0.43814772
1940,909755,4.220157,3.890625,0.9082931,0.31807926
1401,906848,0.768798,1.2109375,1.9679495,0.4578088
1941,910903,-5.491816,-4.59375,1.3808906,0.36418068
1168,905968,-0.015639,1.5234375,1.1238968,0.36220828
1018,910952,5.700086,6.3125,0.4028388,0.225972
1932,924248,1.409149,1.6171875,2.8706324,0.50681907
1057,687997,0.980553,-2.828125,1.664053,0.36851177
1019,1240182,4.995917,2.234375,1.7006445,0.45664266
2040,910567,2.150516,0.115234375,1.6102511,0.41349438
1073,949179,5.12721,4.21875,2.5038311,0.49032685
1625,924248,5.383783,4.125,1.1089427,0.32192513
1054,907278,2.755825,2.9375,1.3593911,0.35851064
1776,908127,4.263125,4.59375,1.0285035,0.3601763
1558,909726,2.482605,2.359375,1.5913397,0.39630064
1191,908121,-4.215006,-4.9375,0.6287714,0.25078264
1093,753540,3.571878,5.34375,0.86162406,0.35427102
1625,924189,2.919042,4.375,0.838022,0.2993384
1250,906842,-0.594043,0.14941406,2.0568657,0.39700618
1630,946359,5.21164,2.4375,1.5679455,0.3887843
2044,1298537,3.474541,3.03125,1.1554879,0.35664597
1778,905968,-0.197422,2.171875,1.7469574,0.41327342
1563,924239,3.813087,5.1875,0.46325862,0.22496739
2037,1240184,5.809704,3.671875,1.7703762,0.44474322
2044,907291,4.37865,3.09375,1.2654395,0.3491681
1018,688013,2.356179,4.8125,0.3205891,0.17169262
1052,724831,3.032279,3.796875,1.1805102,0.37140536
1927,1674021,5.837185,5.0,0.73343885,0.25811848
1804,909785,5.344028,3.546875,3.3502016,0.57649624
1507,924189,3.165556,4.4375,0.7635919,0.28101796
1018,1503367,5.7567,6.40625,0.4831195,0.2394945
1083,924239,1.586731,2.015625,1.6058176,0.40517032
1627,907063,2.701164,2.078125,1.3764395,0.34881932
1581,907291,2.179775,2.078125,1.4080309,0.39937168
1593,724859,3.613396,1.3046875,1.3292948,0.39877865
1378,688025,3.664788,2.25,2.9006615,0.51889855
1060,753554,-2.758609,1.3828125,3.0597467,0.6218284
1617,1240145,0.401301,2.109375,4.2385035,0.58508885
1583,910911,3.526037,2.328125,0.5278991,0.2596791
1003,910781,0.163763,-3.828125,1.4750214,0.35190436
1046,907791,1.826332,1.3203125,2.267701,0.46791115
1910,946359,4.391344,0.24511719,3.4998357,0.57352906
1049,1298365,3.168438,2.546875,0.80929404,0.3260688
1061,908127,4.776372,4.875,1.1652012,0.3683527
2171,909699,7.469959,2.984375,3.2400103,0.5720338
1919,908127,1.401039,1.4765625,1.2431867,0.4310835
1853,907322,4.577415,3.265625,0.8619558,0.28739315
1817,1303900,-4.68361,-5.34375,0.7747673,0.28513074
2107,688013,4.451094,4.4375,0.5489027,0.22857782
1927,924189,3.827889,4.5625,0.7571843,0.27727318
1032,687794,2.94428,1.3046875,2.1372423,0.5231259
1449,1298157,4.635985,5.59375,0.4717298,0.23626986
1007,1240198,-2.957514,-4.1875,2.590708,0.52256393
1019,949179,4.317381,1.921875,1.8593575,0.45510888
1736,909749,3.418137,3.359375,2.4498806,0.5213892
1910,688121,5.396935,0.91796875,3.4239779,0.59293914
1852,687455,4.983716,5.53125,0.83033407,0.32129386
1622,688025,2.134521,3.84375,1.0521932,0.30831817
1911,909745,-3.912443,-4.625,1.5990818,0.3689158
1088,906848,1.862475,0.78125,4.089296,0.57432467
1089,924248,2.190615,3.625,3.1426835,0.5275178
1909,909726,2.591443,0.6796875,2.0209105,0.44395292
1912,688025,2.958446,2.484375,2.2697191,0.46477497
1401,910903,0.699763,1.8671875,1.3107247,0.40072796
1843,1330935,-1.977517,-2.390625,4.6385536,0.6695019
1922,907278,1.604751,2.046875,1.4595792,0.40643957
1632,1299062,5.684296,3.640625,0.8905652,0.292627
1029,906848,5.020082,5.09375,0.76721185,0.28235018
1512,687455,5.293101,5.5625,0.47424644,0.26330483
1250,924100,3.972126,2.203125,3.1313934,0.59164375
2159,1240172,5.517319,3.390625,1.817715,0.41762158
1372,1240192,1.948377,0.08154297,2.5856917,0.58198285
2171,687505,5.050388,1.96875,3.1007864,0.55104995
1932,1322212,0.638389,1.7578125,2.2712321,0.4759012
1930,687505,-0.827999,-0.068847656,1.011326,0.34385732
1803,908127,2.676384,5.53125,3.7698123,0.76039743
1917,946359,4.927264,0.89453125,1.787566,0.41933888
1239,949090,2.802748,1.796875,2.6071868,0.59164375
2039,909757,2.292482,3.21875,0.92654455,0.34787726
1706,905986,2.480637,0.97265625,3.075862,0.5502401
1553,905964,2.338369,1.8359375,1.8192536,0.41283962
1593,909975,4.991531,1.1171875,2.0807343,0.457095
1618,1240223,4.754153,4.40625,1.1709574,0.36142072
1083,910399,2.084949,2.78125,1.5712177,0.40705752
1511,907278,-0.341434,-1.9296875,2.2729979,0.43872297
1072,1298141,6.429622,5.3125,0.77455163,0.32009253
1593,909731,-0.199178,1.484375,2.0899107,0.49649647
2439,1298358,9.93471,10.125,0.72387266,0.4580207
1083,1298157,3.136208,2.84375,1.461824,0.40893742
1012,1240198,2.510437,1.40625,0.7014175,0.32689074
1825,909975,0.996757,-1.3984375,2.3049207,0.4649186
1050,924248,1.061001,1.359375,1.867919,0.45136356
1706,1240127,4.015346,1.0703125,3.1007864,0.55104995
1917,907322,1.539165,0.62890625,1.3112255,0.35851812
2177,907271,3.02541,2.328125,0.51528883,0.2942993
1561,905986,2.786764,1.5234375,2.1934903,0.5060487
1557,907175,4.095116,3.71875,1.2767127,0.3033064
1810,753554,0.232125,-1.125,4.6982236,0.6980966
2177,910781,1.165335,1.5625,0.41143787,0.2596688
1831,907794,4.236704,3.984375,0.51760346,0.2572507
1032,1290797,1.149482,1.171875,1.7008387,0.4714568
1812,753612,-0.032197,1.9140625,2.6201355,0.4881779
1003,910903,-4.044458,-3.125,2.170137,0.4281
1079,908150,-0.831402,0.76953125,2.425863,0.5372179
1925,687590,5.814602,5.1875,0.5441376,0.24091022
1930,949179,-0.740485,-0.26953125,1.0568739,0.33896768
1062,946359,4.660769,2.84375,3.5568364,0.6007085
1910,753575,2.226484,1.671875,2.7780287,0.53620154
1067,905972,6.373609,5.5625,0.37530932,0.20837428
1507,1240186,5.359419,4.8125,0.75390697,0.27607304
1594,906813,3.161265,2.1875,1.9623116,0.43809348
1578,1298136,5.116927,5.375,0.50319606,0.24752742
1625,1240198,6.120699,4.9375,0.8156539,0.30624261
1511,749716,0.139337,-0.84765625,2.7422156,0.5409532
1809,687505,-0.801595,-0.3515625,3.0659692,0.5210192
1463,906842,2.064334,2.28125,1.1275238,0.3111135
1814,910933,6.227307,6.0,0.637133,0.2749605
1016,749710,1.889226,1.046875,2.2164896,0.4948397
1068,924239,0.882319,-0.18261719,1.1897763,0.36722922
1062,1330983,0.876979,3.3125,3.057515,0.58593345
2499,1330983,9.294361,10.125,0.9926223,0.56256664
1779,906827,0.945662,0.80859375,1.0904524,0.40737242
2040,906835,3.515213,0.41015625,1.3212023,0.4156691
1191,906868,-5.485977,-5.03125,0.54818285,0.22654298
1817,909785,-7.013894,-5.78125,0.480952,0.23236057
2046,1240153,1.471464,1.4375,3.506974,0.56474763
1564,687819,5.408617,1.6328125,3.4278991,0.58616847
1617,908465,1.603297,1.8828125,5.1256075,0.6747304
1928,1240223,5.52425,4.9375,0.9962071,0.3273394
2055,906696,1.12162,2.0625,1.5968393,0.47454622
1054,946359,5.622013,2.453125,1.8591367,0.38955298
1804,925338,2.241575,4.90625,3.4758768,0.64315844
1627,753554,1.9846,3.671875,1.5758255,0.41559064
1817,1298537,-4.928655,-5.40625,0.6563954,0.26988786
2148,924239,0.995464,1.3203125,1.2413815,0.3943264
1621,724831,4.2419,4.9375,1.0648142,0.34988275
1910,1298136,2.630473,1.6640625,2.8615937,0.5904534
1618,753622,4.623613,4.25,1.1744839,0.34903127
1190,1290797,-2.543222,-1.140625,7.8294463,0.97653776
1940,1330935,4.323384,3.109375,0.9841773,0.32026374
1631,1331048,1.322043,0.58203125,1.4453126,0.35529146
1062,925338,4.855354,3.40625,2.5264802,0.51735246
2157,907299,3.236393,4.4375,0.7516977,0.26983956
1928,1240186,4.633954,4.25,1.0800425,0.3164787
1375,910911,7.331746,6.84375,0.900815,0.31082958
1259,909720,4.670471,3.28125,3.155133,0.54292923
1017,909249,3.987982,2.9375,0.9542174,0.29312354
2039,1503367,4.247182,3.921875,1.1628073,0.38581768
1812,1240153,3.692537,2.140625,2.9383185,0.5363126
1853,688121,4.657266,4.21875,1.0566895,0.31402534
2154,910952,2.950582,3.0,0.5946916,0.29404542
1034,909731,-3.139858,-2.921875,1.4917427,0.39695928
1814,687455,6.200763,6.4375,0.9612886,0.3834056
1627,688025,1.540189,2.875,2.0111756,0.43482274
2110,753540,3.128004,5.65625,0.82998085,0.36372152
1068,910780,-0.187048,-0.953125,0.9359173,0.30603957
1614,688013,1.322976,2.96875,1.6070006,0.38339144
1507,1298358,4.756294,5.46875,0.9854542,0.36266798
1024,1298358,-1.611064,0.41796875,1.9389348,0.53992265
1180,910933,-2.809541,-3.6875,1.2623459,0.31573954
2172,687997,3.968975,0.95703125,3.6102438,0.5847425
2159,688013,2.940145,2.453125,1.5782188,0.3765248
1625,910903,4.437813,5.0625,0.8010458,0.29627752
1017,753540,5.718445,5.46875,0.95842856,0.3653052
1827,906842,-1.181077,-0.48046875,1.9522841,0.39977318
1086,909907,3.780359,-1.5625,5.335489,0.7244383
1910,688087,3.166677,1.265625,2.8933876,0.55055
1019,1330983,0.582537,2.046875,1.8207023,0.44950762
2438,905964,10.002138,9.75,1.116602,0.72843003
2156,907291,2.198248,2.671875,2.3684998,0.5161658
2174,924189,2.388951,1.4921875,1.3766384,0.39593348
1057,753612,-0.373054,-3.28125,1.3075496,0.32142612
1026,753622,-1.202571,-0.23925781,2.3340645,0.52966464
1073,910903,3.675399,5.125,1.8619759,0.44992745
1068,906868,0.56681,-0.30859375,1.0352875,0.37164077
1852,1240160,6.391466,5.3125,1.013975,0.32209045
1200,925340,4.144362,3.765625,1.1229783,0.3229786
1808,925338,0.938487,-1.53125,2.619567,0.47491392
2047,687802,3.783167,3.078125,2.897016,0.60236084
1050,906849,3.83189,1.609375,1.7843932,0.46024185
1778,906843,2.650595,2.328125,1.7479732,0.41351375
1912,713880,1.91711,2.484375,2.0565715,0.46288946
2096,909757,1.4886,2.375,2.0692105,0.49157873
2499,753608,10.31856,10.4375,0.9931914,0.58800244
1634,907795,4.477274,4.40625,1.0727035,0.34738526
1372,724870,0.057448,-0.45703125,2.7957225,0.5996853
1808,687455,-1.631055,-0.25,3.5737367,0.622842
2055,906827,0.168801,1.859375,1.6584533,0.47040114
1250,908127,1.435404,2.546875,2.6878474,0.5720338
2044,907794,3.710145,3.765625,1.1371486,0.3543529
2046,1298358,1.68029,3.65625,3.2448292,0.6087924
1249,1240198,5.639898,3.328125,1.5834426,0.42517257
1088,909745,3.961601,1.5,2.723343,0.44628277
1043,905986,5.495149,5.28125,0.46087858,0.23202716
2040,910952,0.585365,1.4609375,1.774908,0.5128591
1507,905964,4.193152,3.609375,0.6342733,0.24542908
1268,925338,4.524285,4.375,0.6846649,0.25965306
1838,909747,4.90737,3.484375,0.6278594,0.26616096
2439,687780,10.133373,10.125,0.65790546,0.40891057
1615,910911,5.528033,5.375,0.48269013,0.21044955
1038,753612,2.621394,2.015625,0.9426647,0.30974615
1578,905986,5.299526,5.15625,0.37643,0.2047373
1564,688121,4.909166,1.8828125,3.872858,0.6272775
1085,925338,2.637598,2.078125,1.0695547,0.37827393
1016,909749,2.140406,-0.32421875,2.1243083,0.47425985
1799,1240223,7.209097,4.75,2.4397995,0.5152047
1916,909249,0.827847,1.2578125,1.6499797,0.39531896
1558,687505,2.498133,2.703125,1.9233822,0.4455809
1149,907066,1.630957,0.59765625,1.1476697,0.35087708
1061,753608,6.780007,5.40625,0.97307795,0.32286575
1050,1503365,6.109976,2.640625,1.4219971,0.43681955
1005,907169,5.120427,2.90625,3.1124582,0.48206437
2173,1503367,4.411084,5.09375,1.057154,0.3440113
1378,1299062,8.913842,2.765625,2.0032015,0.4472223
1018,949179,5.118586,5.21875,0.39050186,0.18625037
2169,753622,3.945781,3.71875,1.0177629,0.36900005
1825,908461,-0.383881,-0.83984375,1.9504952,0.5008653
1940,905986,5.16668,3.5625,0.81329423,0.30689105
1199,688025,3.836021,3.1875,1.9493257,0.40531275
1811,1298358,-1.06365,-3.734375,2.8659315,0.5414876
1814,910952,4.888816,7.0,0.7302754,0.3258141
2055,949090,1.975076,1.78125,1.7516357,0.5181073
1779,907271,1.571877,0.9921875,0.8781194,0.39177504
2158,907795,5.605061,3.984375,1.72068,0.41051257
1626,924100,3.044444,2.09375,3.184769,0.5892933
1621,1303900,4.540859,4.25,1.2860298,0.37159792
1250,1303900,2.42586,1.7421875,2.775604,0.56408244
1375,910399,6.356942,7.03125,1.0049129,0.34504783
1634,910952,5.264918,5.28125,0.877924,0.33630678
1849,924100,-0.998911,-0.62890625,1.3801831,0.41797882
1032,946354,0.585587,0.8671875,1.5627395,0.44945782
1634,1330983,3.115292,3.6875,0.9298568,0.3177121
1615,909757,6.037017,5.46875,0.55778784,0.24569272
2037,1299062,4.076814,3.484375,1.3055825,0.36355713
1558,1298157,2.080514,3.296875,1.6718867,0.4370055
1933,909757,6.389221,5.0,1.3776919,0.3749834
1510,1298537,4.115665,3.5,1.3511215,0.3644341
1008,906696,1.823098,0.3515625,4.511119,0.7349217
2172,1298538,1.475811,1.9453125,2.8034995,0.52599055
1925,1503365,5.570044,5.8125,0.5363595,0.2604666
1802,1240184,4.884098,3.765625,0.6160118,0.28708804
1845,925338,3.165284,0.77734375,3.616713,0.52448446
1854,1240192,5.384517,5.46875,0.7161252,0.29670048
1083,1240192,2.805227,3.15625,1.4333892,0.42397475
1910,908121,2.672835,1.609375,3.343774,0.61448616
1924,909726,3.799331,3.0,1.5814812,0.3709942
1776,1290797,4.5115,4.28125,0.9491653,0.31493157
1563,909745,6.599177,5.5,0.37605977,0.2019195
1529,910567,-1.413134,-0.73828125,3.3640401,0.5480472
1629,908150,4.131121,4.46875,0.85804963,0.2833169
1032,909757,1.990648,1.3984375,1.9398655,0.5025636
1910,907291,1.76537,0.76171875,3.3254523,0.5758772
1930,906849,1.587482,-0.020019531,1.1535867,0.35776183
1060,1240144,3.062597,1.1875,2.5878944,0.57775724
1576,907794,3.869185,2.734375,1.0335546,0.36735627
1553,909720,3.315559,3.265625,1.5415916,0.4215053
1083,909749,2.659452,2.171875,1.4704663,0.41515973
1089,907291,2.044691,4.40625,2.6200712,0.47500536
1059,1503365,0.252671,0.19433594,1.2845047,0.44541082
1133,753608,2.736976,4.75,0.85438615,0.31443214
1131,1290797,6.359852,4.59375,3.1089685,0.5316316
1830,1240192,2.75364,3.140625,0.75006175,0.3623746
1776,1298358,5.501496,4.75,1.2820687,0.40529782
2171,907791,2.445597,1.7734375,3.2156775,0.57146764
1778,909975,5.046333,2.828125,2.1626606,0.45315173
2172,910781,5.154101,1.4609375,2.4191794,0.4953803
1615,753540,5.490471,6.1875,0.6381105,0.32125375
1177,924189,2.686645,3.28125,1.9121222,0.42005435
1463,910781,0.503731,3.453125,1.0792061,0.34949106
2159,908121,5.040173,3.421875,2.0221179,0.46076486
1191,907318,-5.187045,-5.5,0.47001272,0.24093147
1618,1240144,3.5603,4.21875,1.0032474,0.32176822
1803,1240184,6.884221,5.28125,3.8726134,0.7215368
1635,906848,4.546537,5.0625,0.42443293,0.21589194
1073,925346,3.273396,4.84375,1.4662052,0.36833125
1631,906843,2.574271,1.9765625,2.0224826,0.43382454
1706,910780,-0.909245,-0.66796875,2.4896452,0.4367084
2044,907175,2.874104,2.3125,1.2309616,0.34435487
1926,908127,-0.553839,0.1015625,1.2059336,0.46428716
1559,910780,-2.571433,-5.0625,1.1614531,0.30906776
1549,724831,5.19611,3.890625,1.5854934,0.43948418
1563,687780,6.377826,6.5,0.5796361,0.2793178
1580,907318,5.049273,4.1875,0.4028201,0.19917451
1996,908461,4.215797,4.0625,1.362441,0.40488806
1060,1298168,2.580369,0.8203125,2.2178526,0.53821754
1199,910851,2.673812,3.640625,2.0251482,0.42433813
1020,909747,6.761815,5.03125,0.61260855,0.25316763
1175,753554,3.900623,4.5,0.9972214,0.31524962
2177,909755,1.883754,1.859375,0.54843307,0.2818554
1026,1330935,-1.536278,-0.59375,2.654945,0.5199196
1564,946359,4.624742,1.265625,4.0915103,0.6236839
1626,909720,1.3555,2.328125,1.8907909,0.4588478
1091,910567,3.94574,1.3671875,1.2791258,0.38737434
2010,687997,4.553887,2.484375,2.3626375,0.46952036
1007,687997,-2.323255,-5.21875,1.8490716,0.4355926
1817,906827,-5.841186,-5.21875,0.80675405,0.28816962
1563,1674021,5.943375,5.625,0.43303153,0.21028854
1061,687505,4.786214,4.375,1.1680171,0.31362608
1463,908465,4.191056,4.0,1.5538592,0.42679873
1615,907791,5.154275,4.78125,0.5431473,0.22849631
1802,1240153,3.800032,3.015625,0.6114569,0.26523158
2010,687819,6.185576,2.734375,2.428365,0.47210544
1008,907322,-2.601704,-2.34375,3.9275868,0.62887424
1873,1303900,2.531125,0.3203125,0.778811,0.3667098
1085,1659818,1.888936,1.5546875,1.1481746,0.36123213
1849,1299062,0.950507,-0.98046875,0.99139744,0.3437739
1042,1674021,5.369338,5.125,0.59712565,0.23936947
1494,905968,-2.417152,-4.9375,1.2619331,0.3450405
1239,924189,2.045659,1.2109375,2.4430528,0.5119035
1019,909750,2.126036,2.390625,1.4581674,0.41743955
1058,907066,4.982293,0.53125,1.157829,0.3786034
1911,1240159,-4.062202,-4.375,2.129575,0.43941066
1563,906827,6.080799,5.8125,0.50238097,0.24712647
1613,1298365,1.260981,1.5390625,2.0411372,0.4748346
1061,906848,4.200741,3.671875,1.6620876,0.385048
1180,905986,-2.782188,-3.96875,1.3937746,0.3396871
1635,907791,5.796518,5.125,0.3298284,0.1893469
1720,910780,1.758107,1.40625,3.5920637,0.523399
2498,909749,8.557099,8.0,0.561871,0.31195456
1050,905950,3.346316,2.109375,1.4747292,0.43620253
1175,1240184,4.479007,4.59375,1.1345905,0.33559468
1529,910933,0.028249,0.30078125,3.3006551,0.5441033
1190,910952,-3.77551,1.3125,8.001788,1.0205894
1014,753608,1.633027,2.84375,3.0959148,0.60188574
1007,906848,-5.575792,-4.84375,2.103047,0.4475752
2057,907299,5.888095,4.34375,0.90713704,0.30692485
2043,724859,5.246363,4.9375,0.5258128,0.22749968
1199,687780,3.020761,4.78125,2.1436787,0.46347037
1855,909745,2.866905,4.65625,1.4619524,0.3688711
1091,906836,0.411974,1.2421875,1.4076368,0.39559397
1175,924239,2.571184,3.703125,1.0649743,0.31500325
2106,1240223,6.091104,3.40625,2.062709,0.49003422
1916,724859,6.358415,2.234375,1.4776001,0.41525608
1512,906868,4.835007,5.25,0.38501891,0.2083332
1017,1503367,4.794626,5.4375,1.1687098,0.35060433
1561,1303900,4.150565,1.4375,2.4823153,0.5497195
1051,907794,3.926142,1.40625,3.4975827,0.6256816
1779,753608,2.684376,1.203125,0.94935304,0.3993827
1006,1240192,2.237691,3.453125,3.5937178,0.698665
1249,906849,2.208465,2.671875,2.1616035,0.471077
1131,907318,6.060471,2.75,2.7340117,0.47649214
1560,925340,3.163629,3.53125,1.4107298,0.39104128
2037,1659818,3.051356,2.5625,1.7419884,0.4052429
1630,1240172,5.628291,3.390625,1.262305,0.37690032
1853,908127,3.501049,4.90625,0.9457752,0.3480653
1060,949179,3.376857,0.8515625,3.5731204,0.64346045
2055,906848,1.702323,1.2265625,2.2083235,0.5031941
1564,906843,2.735786,1.1015625,3.1545556,0.5462826
1046,905968,1.715173,0.4453125,1.7474315,0.41513428
1908,1240182,4.596205,2.046875,2.3444154,0.50287944
1022,1303900,3.509855,-0.83984375,1.805237,0.4515282
1997,1240127,4.293598,3.484375,2.019917,0.44373468
1927,1240145,5.621948,5.34375,0.51897293,0.21888335
1913,907322,3.285268,3.5,0.5341269,0.23708434
1194,906849,1.974176,2.8125,2.262861,0.47414717
1007,910851,-5.710082,-4.5625,1.9653738,0.44236287
1622,1240192,4.291093,5.0,0.9719344,0.35238448
1017,906868,4.267752,4.3125,0.9706225,0.30391166
1853,910851,2.510835,4.40625,1.0796914,0.32086104
1024,724831,-0.419693,-0.39453125,1.1913754,0.4234505
1581,1298348,3.416228,2.703125,1.0614946,0.3754233
1624,924248,3.923007,1.8359375,4.0752897,0.61798257
2046,1331048,0.452712,-0.5078125,1.8657837,0.38498065
1079,909745,-1.863036,0.64453125,2.1235616,0.5044908
2110,909757,4.796441,4.75,0.8734142,0.30737987
1010,687590,3.433403,2.59375,1.4012556,0.4183883
1782,908150,4.287263,5.40625,0.61746854,0.25259617
1085,907278,1.079099,2.171875,1.228407,0.3864744
1080,1330947,-5.896063,-5.4375,1.0783451,0.32812095
1131,910903,2.461679,4.9375,2.7109034,0.5050896
1032,753612,4.162967,0.55859375,1.8140824,0.43648914
2048,1303900,-1.682598,-4.46875,2.2805848,0.4532143
1843,909249,-2.412061,-3.140625,3.2522423,0.51779675
2039,1298348,3.461634,3.359375,0.7366418,0.3146745
1630,905972,5.589255,3.53125,1.0231285,0.34448004
1030,687780,4.787321,5.875,0.7664598,0.30725038
1786,907066,3.077307,2.25,1.5083109,0.39778513
1018,906842,2.62521,3.734375,0.33169806,0.16872144
1613,1240186,4.652884,2.640625,2.852518,0.5314749
1463,906868,3.480311,3.671875,1.495703,0.39095378
1873,1298136,1.723851,0.5,0.8434446,0.42353588
2438,753608,10.648726,10.5,1.155488,0.68848574
2046,1298136,6.214343,2.9375,3.1393447,0.56914693
1812,905986,3.744141,2.671875,2.330332,0.49985856
1005,910952,3.013066,4.5625,3.0005476,0.5067578
2043,753612,4.538019,4.21875,0.55944663,0.2143075
1259,753575,5.640712,3.140625,4.1488895,0.6164725
1080,906843,-1.269746,-5.125,1.5604866,0.38526374
1799,910933,5.709592,4.15625,2.221272,0.46185708
1831,1659818,3.19585,2.9375,0.5080685,0.24170151
1613,753612,0.439551,1.515625,2.9305053,0.50427574
1054,910920,3.003746,2.84375,1.4371365,0.36102876
2011,1240198,5.009608,4.75,1.0934,0.3295653
1373,687802,6.657505,5.71875,1.6797246,0.47864315
1239,753554,2.103971,1.7734375,2.289452,0.5153058
1576,687455,3.214933,2.703125,1.3465399,0.4297942
1180,753608,-3.639907,-3.09375,1.9570901,0.4165124
1918,907271,2.668483,3.65625,1.1091982,0.39035913
1630,1659818,4.43913,2.34375,1.1924833,0.3477965
1073,907791,6.133914,4.1875,2.2409794,0.4695622
1931,909257,5.201495,6.0,0.71723026,0.30250087
1915,907066,2.017762,2.25,1.4122807,0.40430325
1129,749716,2.232586,3.484375,1.5906364,0.40666017
1191,687505,-4.611966,-5.0,0.5337166,0.2297427
1072,998189,6.447158,4.84375,0.84843427,0.29711705
1635,909731,4.843111,5.65625,0.40667665,0.23048316
1021,687505,2.068551,2.75,1.6759588,0.39481178
2498,924239,6.906142,7.8125,0.69859207,0.35718128
1630,909724,3.415979,2.671875,1.2121695,0.34863076
1025,910780,5.223879,4.25,0.43294662,0.20596406
1018,909747,7.700466,5.09375,0.42008197,0.19577628
1620,906848,4.820066,4.90625,0.7262356,0.26461807
1083,924100,2.501417,2.546875,1.9147482,0.4666574
2096,909747,3.086204,1.703125,2.1751266,0.47783107
1259,910781,4.903431,2.125,3.4699388,0.56862974
1576,687568,3.598061,2.609375,1.0259261,0.35750493
1024,906843,0.952952,-1.2734375,1.6584158,0.40245616
2045,906835,6.546247,4.96875,0.82236534,0.2689087
1843,909720,-1.658726,-1.4296875,3.210753,0.57059246
1080,907318,-4.842383,-5.3125,1.1629726,0.35219815
1025,909747,9.084796,4.90625,0.6316496,0.25449494
2158,688025,3.827247,3.421875,1.6156611,0.3681486
1549,753612,5.367404,2.640625,1.8370094,0.40681374
2106,907066,5.132869,2.515625,2.0098236,0.45236754
1375,687455,6.75655,7.03125,1.3829378,0.4679094
1849,910903,-0.769826,-0.6796875,1.0974445,0.36950168
2037,1503365,5.783796,4.15625,1.4950519,0.4087803
1249,1240145,3.453982,3.515625,1.2441685,0.36287084
1776,1503365,5.832391,4.875,0.91406083,0.3216846
1239,907271,3.170473,2.3125,2.0738723,0.5098061
1042,908127,5.458947,5.5625,0.66813767,0.30116272
1557,907791,5.460818,4.28125,1.175362,0.29786196
1847,908121,6.507671,3.953125,5.620384,0.78590465
1068,910903,-0.467784,-0.0546875,0.96904534,0.37496755
1237,906746,5.189106,5.46875,0.35229206,0.21343367
2055,908127,0.98578,2.125,1.5659044,0.48795974
1917,906746,1.983822,1.84375,1.3531878,0.41175064
1175,909907,6.105988,4.34375,1.5544553,0.37561828
1560,910903,3.31352,3.5625,1.3471648,0.3838791
1736,906835,4.666895,3.625,2.4578743,0.51500916
1053,1299062,6.055323,2.21875,1.3837565,0.37834966
2172,910911,4.791924,2.09375,3.0547712,0.52900267
2172,907794,1.980577,2.1875,2.83287,0.531501
1033,1240127,5.187429,5.15625,0.5733997,0.24245565
1049,925346,4.37818,3.640625,0.82753015,0.3045486
1940,907175,2.899588,2.71875,0.8854313,0.30105233
1025,1674021,4.909706,5.3125,0.5494655,0.23956314
1631,688121,4.999772,2.765625,2.6926768,0.4982391
1086,946354,-3.068515,-2.984375,3.2308724,0.5325998
1507,687455,5.257821,5.25,0.94594336,0.34125978
1996,1298537,3.318995,3.125,1.3970795,0.38549107
2148,998189,2.210032,1.4140625,1.0569069,0.39682263
1936,1240145,2.024282,2.4375,1.0011997,0.3629949
1060,908150,1.820412,0.96875,2.7640018,0.5836655
1259,908121,5.205063,3.109375,4.4948287,0.6678747
1017,1240223,5.066442,4.9375,0.9163345,0.32248476
1507,1322212,5.115288,4.21875,0.7815472,0.28619462
1917,688121,1.454814,1.3359375,1.6044002,0.41936556
1580,688121,5.849331,4.875,0.64150995,0.2360892
2038,1298365,5.215171,2.671875,1.1484762,0.3511237
1494,753612,-2.459114,-5.125,1.3161426,0.35181013
1259,925346,4.508693,2.703125,3.4222074,0.5418055
1080,946354,-6.28171,-4.65625,1.9509934,0.44455823
1558,905972,4.492879,3.234375,1.5125318,0.40982148
1910,906849,-0.54491,0.84375,3.375979,0.5960396
2170,688121,5.104771,3.296875,2.664293,0.49298713
1005,687997,4.898828,1.59375,2.9729593,0.47068036
1199,687997,4.211952,2.953125,1.6285988,0.38527364
1853,906836,3.786358,3.734375,1.056211,0.3153646
1581,909757,3.682573,2.5625,1.4351394,0.42449245
1191,687997,-4.884608,-5.40625,0.6048633,0.25124133
1845,1240159,-0.505945,2.125,3.345354,0.51263463
1819,925340,-2.200797,-4.34375,3.0322359,0.5649595
1912,906849,2.501185,2.59375,2.4243917,0.5040906
1073,724859,5.8463,4.5625,1.8258709,0.43194184
1032,909699,-0.00411,1.84375,2.2234726,0.52600145
2106,749710,3.698,3.421875,2.15335,0.50303584
1933,908465,6.631514,5.03125,1.3522353,0.3871137
1050,925340,3.723527,2.21875,1.4952264,0.43406296
1194,1240182,2.36168,2.984375,1.890308,0.44718555
2043,910933,4.272435,5.125,0.5372547,0.23423932
1083,687794,2.20107,2.46875,1.9322543,0.46690953
1911,1240145,-5.740976,-4.3125,2.4456356,0.49702337
1511,907322,-3.58821,-3.125,1.6423669,0.3468134
1617,1298365,4.104512,-0.40234375,3.2797139,0.5573421
2109,946359,5.051128,1.609375,1.3035415,0.36633968
2177,907063,2.426538,1.203125,0.44948474,0.22512823
1012,905972,2.262641,1.53125,0.5763226,0.28791353
1561,909975,2.659087,1.34375,2.8059397,0.5415888
1779,905972,1.162664,0.765625,0.8269668,0.36519334
1997,909726,3.515341,2.859375,2.0302393,0.41260296
1620,908461,5.547838,5.9375,0.5501932,0.26856354
1827,753554,1.314414,0.94921875,2.2981458,0.52800095
1557,906843,3.764005,3.921875,1.103883,0.2924326
1012,908465,2.273794,1.28125,0.6761362,0.3175472
1131,687794,4.550055,4.59375,3.8435085,0.62615895
1088,687568,1.719138,2.046875,3.2758248,0.5019801
1558,1298168,2.785912,2.265625,1.1788998,0.3836289
1593,909749,3.079934,1.3125,1.526551,0.42704445
1008,906813,2.360273,-0.8828125,4.054654,0.65672255
1776,1299062,4.064273,4.21875,0.75745386,0.27599305
1375,1240172,6.789914,6.875,0.9908927,0.36105105
1033,687505,4.855913,5.03125,0.6444328,0.2383521
1845,753608,4.440169,3.3125,3.6321971,0.53702694
1179,1298136,0.253113,0.5,1.671813,0.50629693
1778,687997,4.884262,2.46875,1.8943614,0.43343636
1250,910399,0.643055,2.40625,2.6490433,0.52257323
1933,753612,4.772112,3.640625,1.3366035,0.3229766
1917,905968,0.945734,0.67578125,1.250632,0.3751804
1131,687455,5.876677,4.90625,3.6787388,0.64114213
1812,1240159,3.38273,3.25,2.0981421,0.4646427
2499,908127,9.731057,10.4375,1.009068,0.6160479
1010,909755,3.771962,2.875,1.3659863,0.40978584
1021,687596,3.376517,3.953125,2.234176,0.5307693
1830,909755,2.169984,2.640625,0.70999026,0.33259088
1598,905982,6.209065,4.625,0.8192854,0.28690925
1511,924100,-1.487363,-1.0859375,2.5296223,0.53004277
1373,724859,3.424857,4.28125,1.16979,0.3348838
1060,753620,0.373179,0.65234375,3.2352345,0.6027818
2499,906746,10.673583,10.4375,0.9049677,0.54756707
1873,713880,0.046793,0.09716797,0.7742537,0.34632125
1375,906827,6.461198,6.8125,1.1140157,0.3901222
1582,907318,3.744793,3.625,0.48157758,0.23934573
1549,687997,4.446259,2.984375,1.7839429,0.42202303
2111,910851,2.66372,2.984375,2.5253007,0.47050852
1835,1298348,4.861292,4.46875,0.83338773,0.2861528
1259,687568,0.600272,2.875,4.1157293,0.614618
1617,1322212,1.786388,0.42578125,4.458788,0.6528255
1049,910933,4.547128,3.640625,1.0305744,0.34194303
1237,910780,5.297784,4.53125,0.28189313,0.17859162
1085,906842,0.976718,0.97265625,0.89982486,0.29140007
1576,910952,2.252661,3.234375,1.1964881,0.4008849
1043,949179,5.925488,5.0,0.5324721,0.23156139
1625,1330935,2.605948,4.125,0.91397625,0.3077292
1634,907791,3.29803,3.96875,0.8317583,0.2884179
1026,1299062,2.441026,-0.90625,1.9180465,0.46347633
1091,753622,2.170574,2.0625,1.3127713,0.42307857
1831,1240198,4.097692,3.921875,0.49337202,0.25355795
1614,907291,4.107725,3.359375,2.0670345,0.43648914
1072,906849,3.390258,4.46875,1.0404145,0.32266366
2055,753612,3.927954,0.8359375,1.5958458,0.413438
1061,907274,4.686467,4.15625,1.4297467,0.38217697
2038,949090,3.959843,4.125,1.5465823,0.42286986
1913,687819,4.398087,4.3125,0.585163,0.24182548
1191,906848,-5.507612,-5.1875,0.59234005,0.23269689
2010,1298365,4.328124,2.09375,1.7083302,0.43674964
2110,910903,3.45237,4.78125,0.76850396,0.28566578
1200,909257,2.688424,3.890625,0.9231155,0.31080633
2037,909907,6.762487,3.515625,2.35438,0.48953345
1997,909731,4.408679,3.640625,2.571708,0.5226449
2158,1298358,5.537367,4.75,1.5841867,0.43711886
1630,909907,5.021202,3.328125,1.7282513,0.43416086
1615,749710,6.061927,5.625,0.57774425,0.27203584
1810,906848,0.531068,-1.65625,5.272074,0.740441
1060,909724,1.037017,0.57421875,3.2402236,0.59955436
1168,909747,5.07335,1.859375,1.4652685,0.41369224
1919,909975,2.985145,0.82421875,1.4034631,0.39992154
1613,1240223,6.131829,3.421875,2.585376,0.52148837
1062,724859,1.509597,3.28125,2.367695,0.51599044
1032,907291,0.510551,0.9453125,1.9388131,0.4766054
1919,907794,3.102881,1.2734375,1.1018349,0.3994812
1034,949179,-1.869949,-3.71875,1.1988385,0.32630268
1079,910851,2.41302,0.640625,2.8785784,0.5894524
1052,1298168,5.855149,2.546875,0.97402185,0.34278664
1020,909731,4.547866,5.5,0.700164,0.30526668
1052,907269,1.553044,2.421875,1.6701454,0.39845625
2438,909731,10.20731,10.375,1.3165363,0.74614424
1036,713880,5.259706,3.890625,1.67037,0.3918463
1048,1298365,6.331603,3.46875,0.5238063,0.2517656
1034,909975,-3.363938,-3.609375,1.3152623,0.33331573
1051,908461,3.524935,1.71875,3.8631248,0.6956855
2173,908121,3.125587,4.40625,0.96264154,0.3241145
1941,1240198,-4.361743,-4.28125,1.4369593,0.3806687
1494,687590,-3.380089,-4.375,1.9463906,0.4241758
2046,910952,1.682598,3.875,2.9176342,0.55516356
1033,905950,4.022951,5.3125,0.65736324,0.26218635
1817,925340,-3.652846,-5.21875,0.77272844,0.28155863
1814,907291,6.242222,5.78125,0.7633493,0.28233498
1634,1503367,3.373518,5.5,1.1326318,0.3721666
1191,924189,-4.487574,-5.25,0.6007665,0.24082898
1006,907271,4.274488,3.109375,3.689747,0.70208025
1940,749716,3.06733,3.828125,1.036829,0.33576763
1091,909975,3.410837,1.4609375,1.4477972,0.40875953
1912,906813,2.330893,2.859375,2.0607672,0.45636585
1630,908465,3.310087,3.453125,1.2480747,0.3964525
1042,1298348,5.532636,5.3125,0.5082893,0.24180652
1259,749716,3.96181,3.03125,4.7217016,0.672117
1613,724831,4.156609,3.28125,2.1155772,0.48405132
1250,1298537,2.520301,1.578125,2.4677384,0.5293324
1018,907063,5.39927,4.0625,0.31503674,0.16485268
1926,924100,-0.165594,-0.023925781,1.3819889,0.45854178
1378,906827,3.971453,2.984375,2.7029455,0.53714883
1915,1322212,2.835421,2.140625,1.534332,0.43119967
1830,907278,2.074794,2.515625,0.726628,0.32335743
1072,687819,5.453758,4.40625,0.8432099,0.2825186
1085,905986,2.841343,2.140625,1.0667105,0.3867465
1922,909785,0.516542,0.90234375,1.1253805,0.31773093
1012,910780,0.645382,0.265625,0.5363044,0.23866133
1582,1240160,4.977536,4.6875,1.02142,0.3439048
1200,910781,2.34018,3.125,0.85477173,0.29639798
1621,924189,4.585903,4.09375,1.2000643,0.34837765
1581,907791,1.12002,2.125,1.4127188,0.3880317
1073,906835,9.43428,4.875,1.8365738,0.4290349
1372,906813,-4.844319,-1.0625,2.6513302,0.52689147
1922,1503367,2.444487,2.90625,1.7275264,0.472344
1053,910780,2.959841,0.8984375,1.4372134,0.35330048
2170,1298136,5.878993,4.0,2.3973222,0.5062349
1624,687802,6.673482,4.0625,3.8842542,0.67696
1808,713880,-1.303692,-1.5234375,2.821646,0.49817035
2156,1298358,3.114803,4.09375,2.2940269,0.5864881
1024,753620,-1.095403,-1.2109375,1.63752,0.41316926
1059,1330983,0.421109,-0.421875,1.7016472,0.42747754
1925,908461,4.434069,5.625,0.5750936,0.28289458
1706,906848,0.752058,0.4921875,3.911478,0.6124434
1614,749710,5.401738,4.25,1.8529826,0.46347037
1812,909720,1.360254,3.09375,1.663934,0.44079718
1031,909726,-2.795955,-2.8125,3.7303705,0.5840863
1084,906843,-1.054972,-3.921875,1.7835755,0.36801806
1510,1298358,3.316441,4.625,1.619382,0.43482274
1006,753612,2.683813,0.48828125,4.88557,0.7566878
1372,1240144,1.187328,-0.63671875,2.4485183,0.53360415
1910,906746,3.866544,1.5,2.9206386,0.5518239
1862,946354,-0.823917,-1.625,0.25083068,0.18682227
1614,906746,5.506922,3.984375,1.8129479,0.4325255
2158,907269,3.094796,3.109375,1.5288135,0.3710049
1057,1298537,-1.360552,-2.515625,1.3422208,0.37375957
1036,906842,2.35975,2.578125,1.3071063,0.32131714
1080,1298538,-3.424875,-4.34375,2.4530663,0.49111995
1855,1240198,6.280726,5.0,1.7148008,0.42890817
2048,909755,-2.028497,-4.125,2.3189056,0.43507138
1079,949179,4.202792,0.4765625,3.2626164,0.6078835
2107,925346,5.511116,5.0625,0.47060505,0.21486294
1630,908461,3.766473,3.53125,1.1877936,0.39992154
1778,724831,4.703872,3.546875,1.4937524,0.42564976
1930,906843,0.672196,-0.46484375,0.9167272,0.2954419
1006,925338,3.814448,1.5859375,3.882592,0.6945559
1561,909755,3.61426,1.859375,2.230751,0.50830454
1375,905986,7.64035,6.59375,0.9829354,0.35284775
1022,687794,0.538918,-0.41015625,2.0362177,0.48170304
1553,907795,1.288819,2.890625,2.6195543,0.53641146
2171,1240145,0.356744,2.546875,2.2676287,0.48640865
2171,908127,-0.320485,2.796875,2.922019,0.59383816
1852,909975,6.421023,4.8125,0.69013274,0.24049087
1239,687794,0.853938,1.75,2.8823292,0.5770611
1627,753608,3.475428,4.40625,1.4882588,0.4087803
1050,925338,3.510733,1.7109375,1.2833823,0.39992154
1529,724870,-0.211303,0.57421875,3.7502291,0.6256816
2169,925338,5.466728,3.0625,0.9365865,0.33788416
1912,907318,1.921011,2.046875,1.272307,0.3608752
1815,1240160,4.804631,5.9375,0.69016534,0.29182866
1007,905964,-6.052989,-5.5625,1.3750243,0.38465568
1192,1322212,3.764161,1.6328125,1.9537365,0.48655048
1927,908127,4.17298,5.46875,0.8094025,0.32119775
1626,1240223,2.892778,2.40625,2.532272,0.5265217
1043,907274,5.376271,5.15625,0.66446877,0.28529665
1004,1330947,-6.348979,-5.625,0.7965768,0.2748618
1624,907318,3.955779,1.203125,2.549212,0.4652914
1915,925346,2.040036,2.359375,1.1501477,0.38348204
1578,1240144,5.843715,5.34375,0.38191184,0.21258627
1922,906843,1.976828,1.453125,1.2747875,0.37180114
1073,905972,5.448408,5.1875,1.7632741,0.4391185
1190,1659818,-3.170332,-3.109375,5.6313953,0.7979875
1008,909726,2.743523,-1.3671875,3.8056347,0.6093476
1720,907274,-1.281562,3.625,4.2297816,0.66228205
1736,924239,4.642984,3.421875,2.6281052,0.53410643
1061,688087,4.120257,4.375,1.1515155,0.33742204
1557,925338,5.052003,4.75,0.9781787,0.27617118
1061,1322212,4.553359,3.671875,1.2137035,0.34266737
1558,924248,2.874225,2.21875,2.3477492,0.48442808
1510,1298350,4.137629,4.1875,1.4506536,0.39305553
1069,925340,3.906997,3.890625,0.8170468,0.3067656
1008,1240127,-2.402681,-0.6484375,4.2453303,0.6876059
1083,1240160,2.81252,2.6875,2.373875,0.49740833
1853,998189,4.860677,4.5,0.9070601,0.30391166
2047,749710,3.159908,2.640625,2.282077,0.51786727
1237,910899,3.939687,4.6875,0.38112098,0.20622402
1558,906843,2.29886,2.078125,1.6647409,0.40923205
1089,909907,6.402088,5.0625,3.0585277,0.5471392
2010,909709,4.883922,4.21875,2.2378411,0.4689046
1997,1674021,4.284745,3.359375,2.2076478,0.44198555
1249,749716,1.797051,3.28125,1.9550585,0.44917634
2172,906849,1.206807,1.4375,3.780774,0.61956733
1922,905964,1.945817,1.1953125,1.1526241,0.34092873
1916,910567,5.111954,1.6484375,1.8034906,0.43394062
1624,1290797,3.845021,2.671875,3.2878568,0.55872595
1930,724870,-0.28132,0.28125,0.93729913,0.3626835
1020,908127,5.167899,5.75,0.61186874,0.30963358
1038,910399,1.501762,3.109375,0.93440115,0.33542523
1237,910933,4.124089,5.3125,0.33555484,0.20329353
1507,1240153,4.685911,4.3125,0.8646629,0.2800132
2498,1503365,9.660147,8.625,0.7248362,0.38420978
1012,925340,2.498693,1.359375,0.66755444,0.30167234
2039,1298538,3.155074,3.09375,0.78052014,0.32092378
1776,753620,4.183829,3.28125,0.98573124,0.3131188
1054,907795,1.205295,3.34375,1.600377,0.40028828
1838,910903,3.05807,4.3125,0.5072719,0.25211588
1250,753540,1.374361,3.296875,2.5253193,0.5778017
1852,909755,5.820473,5.3125,0.6304022,0.25143307
1008,910567,2.961959,-1.5234375,4.700394,0.720278
1012,910920,2.121836,0.76171875,0.90658355,0.34381372
1080,910780,-1.667986,-5.5,1.2696899,0.36013284
1909,910780,-0.694378,-0.05517578,2.0282972,0.42830908
1079,753612,3.90589,-0.06640625,2.8754866,0.5357543
2109,1330947,1.374546,1.4453125,0.93349296,0.30377042
1378,905950,-1.364644,2.984375,2.4940295,0.5146112
1925,1240223,7.05716,5.6875,0.5700658,0.27612346
1058,1240192,1.794119,1.296875,1.0643419,0.43100828
1003,1290797,-1.923539,-3.453125,2.157062,0.43509448
1827,910933,2.08641,0.63671875,2.0710602,0.51353556
1243,924248,0.337252,1.109375,1.1378813,0.3649489
1930,910780,-0.262609,-0.7109375,0.8208264,0.2671073
2111,1240127,4.865826,3.1875,2.0438197,0.43840137
2177,1240172,2.089979,1.8828125,0.5877544,0.29362455
1819,713880,-5.79751,-4.875,2.1178107,0.4652399
1047,1330935,4.113691,3.78125,2.0334928,0.42940626
1051,925346,3.31559,1.03125,2.9587426,0.567005
1918,1503365,3.609599,3.78125,1.168481,0.3877002
1614,687455,5.518019,4.125,2.34546,0.52791196
2156,687997,5.21109,2.359375,2.2931452,0.507827
1510,946359,5.365037,3.03125,1.8513926,0.39095274
1912,906827,3.779912,3.25,2.0688825,0.4753275
1061,910399,4.764879,4.84375,1.0383132,0.30567956
1932,906836,1.56793,1.4140625,2.5020452,0.47273508
1003,1240182,1.062111,-3.328125,2.0906892,0.42170662
1168,924189,3.620446,2.140625,1.2031105,0.3840138
1629,909249,4.230013,2.984375,0.90344137,0.28287658
1373,907274,1.704074,4.28125,1.6675421,0.4263218
1083,1298350,4.005889,2.59375,1.7290866,0.45601004
1086,907299,-1.55799,-2.640625,3.6299675,0.58455396
1862,910851,-1.08097,-1.703125,0.28202173,0.19390947
1026,909755,-1.152275,-0.703125,2.1293197,0.49742213
1810,687997,1.747352,-2.34375,4.709193,0.68291247
1852,906868,4.537687,5.0625,0.6462315,0.2475522
1806,1298358,4.528355,5.875,2.4577127,0.56700605
1026,905968,-0.735112,-1.8984375,1.734764,0.41387266
1560,905964,3.533606,2.109375,1.1870086,0.33981305
1510,949090,5.291299,4.0625,1.4478736,0.4087811
1026,749716,-0.596778,-0.08886719,2.6776583,0.556751
1593,908465,3.110432,1.765625,1.8270034,0.4691539
2498,998189,8.246201,8.0625,0.6164868,0.33616662
1463,946359,6.650945,3.015625,1.9595555,0.4236623
1012,908461,1.85147,1.3203125,0.64686114,0.3223213
1250,909745,1.367782,1.8515625,2.097538,0.47211012
2040,1298348,3.19036,0.7890625,1.1523885,0.4035601
1069,908465,4.394574,3.859375,0.8314888,0.32500055
1013,909726,1.817953,2.421875,1.2671744,0.35611925
1494,910952,-4.575388,-2.859375,3.4429977,0.62842846
1563,753612,5.486572,4.90625,0.42955795,0.19362302
1558,910920,2.251386,2.40625,1.9143857,0.44908914
1563,687568,6.618063,5.75,0.42015168,0.21985732
1925,1240145,4.627268,5.46875,0.4129386,0.20682378
1915,949090,2.799968,2.609375,1.6186241,0.48329043
1378,925340,8.134157,3.140625,2.5339134,0.511108
1838,1298136,5.793432,4.21875,0.635375,0.29158437
2110,1298168,5.556371,3.515625,0.6148906,0.2715392
1779,908121,0.765836,0.87109375,1.2548646,0.43728325
2177,924100,3.780344,1.984375,0.6529154,0.3195264
2498,1290797,8.063215,8.375,0.623593,0.34267756
1997,907269,1.778853,2.515625,2.4424891,0.47831422
1199,909785,2.087225,2.1875,1.3447633,0.32915333
1401,907322,2.23242,0.77734375,1.3627051,0.36590204
1598,910952,3.48623,5.25,0.8805758,0.32569277
1017,906848,3.885447,3.5625,1.4211426,0.36014807
2173,910933,4.719564,4.21875,0.80744106,0.2898499
1913,905964,3.939827,3.59375,0.48097825,0.22186537
1626,1298136,3.065921,2.140625,2.74426,0.5705992
1025,906746,5.912711,5.5,0.5757698,0.26086232
1621,1240186,4.472561,4.46875,1.196529,0.34413242
1825,753554,-0.331841,-1.1171875,1.9258016,0.46140322
2111,909975,5.847567,2.703125,2.6901264,0.4844477
2037,1240145,3.681472,3.78125,1.2210537,0.36287084
1192,910899,1.998304,1.3828125,2.217828,0.49513853
1248,910952,-2.159237,-3.234375,5.9973426,0.93392307
1032,907269,0.474626,1.171875,2.1691737,0.48037297
1190,1298537,4.811159,-1.71875,6.7255373,0.90589905
1073,1240153,5.151554,3.984375,2.526514,0.49476883
1629,1299062,6.17815,4.46875,0.71391517,0.2562766
2106,998189,2.797731,2.796875,2.1608074,0.47852018
1011,1240160,0.389819,1.7578125,3.5345006,0.6043973
1627,910920,3.129759,2.890625,1.8451214,0.43284065
1191,1240160,-3.837052,-4.8125,0.69870967,0.24589628
1049,909257,3.330294,4.0,0.95890164,0.34765935
1997,909755,3.216654,3.71875,2.074611,0.438089
1809,713880,-2.104512,-0.484375,3.1577902,0.5366229
2109,905950,1.937777,2.328125,1.0889478,0.3757455
1621,1298538,5.30661,4.625,1.0167463,0.3168337
1561,910899,3.4333,1.046875,2.9089909,0.55747074
1813,688013,5.687492,4.09375,2.1099544,0.45982113
1549,908465,0.945181,3.765625,1.9622065,0.47414717
1939,906746,4.288938,3.109375,1.2660419,0.38341194
1631,687802,5.531875,4.59375,2.723602,0.56630385
1062,906696,0.187248,4.0625,2.781575,0.57394254
1049,909749,4.169865,3.453125,0.99618435,0.33870906
1563,909975,6.871594,5.4375,0.46067995,0.20818435
1559,687819,2.658543,-3.875,1.789244,0.377829
1806,909785,1.524856,2.125,2.3446724,0.42223713
1853,909785,3.260854,3.0625,0.78007096,0.2550787
1578,906835,6.416244,5.28125,0.367493,0.19782852
1613,688025,2.711649,2.109375,3.3390028,0.5537247
1598,753612,3.249146,3.53125,0.8624497,0.27004167
1940,910903,2.410017,4.0,0.8783653,0.31374887
1190,1298157,2.697398,0.045654297,7.998681,0.99461657
1563,1298157,5.659315,6.0,0.4261253,0.22821292
1020,724831,5.465306,5.75,0.49474934,0.26360342
1933,1331048,3.384508,2.359375,1.0148593,0.29737845
1598,1240153,3.695116,3.90625,1.0109743,0.30908522
1373,1330935,4.211777,3.625,1.548265,0.387254
1778,907274,0.379125,3.03125,2.228277,0.50565845
1088,1240159,4.715367,2.59375,2.9584599,0.47370034
1830,908121,2.240534,2.71875,0.839602,0.36982536
2154,906835,3.673798,2.09375,0.47392824,0.26790825
1862,908461,-1.662602,-1.4765625,0.26657692,0.20834517
1564,905986,3.324547,2.078125,3.1152906,0.5647861
1778,910851,3.791488,3.015625,2.1503773,0.4649186
1012,909747,2.910549,0.640625,0.7502804,0.29773614
1997,910399,4.35599,3.96875,2.0491562,0.4361061
2159,1298141,4.312641,3.796875,1.4939389,0.41034043
1046,1240182,2.357163,1.53125,2.14537,0.49290055
1199,946354,5.03777,3.75,1.5087857,0.3677173
1810,905968,-0.807681,-2.765625,2.9333997,0.5047738
1563,1240186,6.126695,5.59375,0.44269997,0.22287524
1093,910911,4.767142,4.46875,0.77890456,0.27009052
1804,909757,6.842048,5.25,3.9069877,0.7131176
1913,909747,5.745424,4.28125,0.7011996,0.26064762
2154,1674021,2.61239,1.9140625,0.5644303,0.27269116
1626,909724,1.790609,1.15625,2.9269114,0.5167553
2107,753620,4.990357,4.21875,0.6735939,0.25545448
1813,906835,5.913531,5.28125,1.831031,0.44625407
1849,905982,0.929939,-0.83203125,1.0655171,0.3552645
1091,906849,3.02638,1.5078125,1.5508838,0.4338514
1131,946354,4.611931,4.3125,2.9626286,0.49729455
2045,906813,4.457194,4.71875,1.0332512,0.2985576
1025,925346,5.932176,5.28125,0.40187645,0.20076546
2173,688121,3.980983,3.796875,0.9636766,0.30173683
1625,905950,5.326386,4.96875,0.86056626,0.30892047
1720,909755,5.520358,4.25,3.1301162,0.51599044
2011,909699,5.960037,5.15625,1.2550211,0.32804322
1085,907794,1.306186,2.453125,1.1334366,0.40890005
1720,909709,3.008919,5.0625,3.1056926,0.54476917
2010,908465,4.766342,3.765625,2.35438,0.48953345
1463,906696,3.673391,4.125,1.5371244,0.42028385
1239,906813,2.464193,1.265625,2.3991752,0.50662625
1815,1674021,6.382699,5.65625,0.4204841,0.21169077
1190,909785,-5.665048,-3.875,4.4552674,0.6900416
1910,907169,1.815993,1.0078125,2.7141495,0.51280993
2173,1298358,5.105132,4.6875,1.0612915,0.3680101
1016,998189,1.344078,0.023071289,2.2817736,0.47810996
1930,1503365,0.956583,0.6328125,1.0142,0.3769951
1776,1298350,3.639318,4.40625,1.0814323,0.35362214
1004,946359,-2.144026,-5.0,1.559127,0.3611956
1561,1298350,1.647679,1.9140625,2.5908508,0.5691572
1632,907322,3.07785,2.09375,1.0887302,0.31605744
1012,687997,0.914195,0.46875,0.6223183,0.2545801
1494,910851,-2.274711,-4.3125,1.8172833,0.41580063
1168,905986,2.776192,2.21875,1.1221424,0.38341194
1564,907322,3.835269,0.69140625,2.9700332,0.5348543
1997,753575,4.130637,3.859375,2.0000587,0.43937224
1626,907175,1.489451,0.54296875,2.6163294,0.49432787
1131,713880,3.042664,3.578125,3.6845336,0.5800995
1046,909745,2.212121,1.4375,1.5425029,0.4160548
1621,907271,4.654558,5.125,1.0764308,0.35198668
2157,1503365,5.805159,5.5,0.65044856,0.26340097
1039,687794,3.976799,5.5,0.83642936,0.3140429
1614,1303900,2.315719,3.359375,1.9624195,0.4622944
1852,906836,3.453392,4.21875,0.77422816,0.26324254
1617,906843,-0.0926,-0.30078125,4.073271,0.572074
1048,753540,6.567151,5.5625,0.7607187,0.3437739
1036,906868,5.389953,4.34375,1.5093447,0.37588096
1023,949090,3.189653,3.328125,0.79881704,0.34385732
1940,910567,2.627742,2.921875,0.8396039,0.30440673
1996,910952,4.503504,4.5625,1.3928668,0.40814385
1817,908127,-5.219636,-5.25,0.80060446,0.30362213
1011,910851,2.133422,1.0703125,2.6679573,0.5224678
1581,753554,1.678086,2.609375,1.2662953,0.40031138
1089,1298537,4.979765,4.15625,2.1596978,0.4389126
1191,907271,-4.457322,-4.90625,0.6345344,0.2569565
1576,724870,2.20825,2.65625,1.0233252,0.3803871
1042,910911,5.027854,5.375,0.53993565,0.22656736
2011,687455,2.963339,4.84375,1.5404757,0.4062679
1939,910911,1.767213,3.046875,1.2595476,0.36735627
1008,910920,1.46324,-0.609375,4.842615,0.75003487
1786,1298157,2.396425,2.953125,1.529287,0.42197058
1014,688121,4.447598,1.7578125,3.801566,0.6460237
2046,907063,2.30001,-0.20019531,2.2554958,0.39821476
1511,687780,-1.449351,-0.4609375,2.9675412,0.5567679
1614,1331048,2.842662,1.328125,1.2922512,0.3392842
1911,907318,-6.365937,-5.3125,1.1677612,0.3421824
1025,909720,5.325812,5.46875,0.44519985,0.23842837
1005,1240159,5.727456,3.78125,2.5322354,0.4385138
1054,909249,1.760744,1.8828125,1.2756668,0.3334397
1847,1298358,2.350344,4.65625,6.12997,0.88064164
1553,1240223,6.485763,3.40625,2.0711346,0.4920358
1625,924239,3.889814,4.3125,0.82645285,0.29229507
1003,925346,-1.890336,-3.5,1.7770388,0.4032599
1919,909249,1.158681,0.22167969,1.1099603,0.32985628
1043,906813,3.899521,5.25,0.54446787,0.24167445
1034,687590,-1.616405,-3.46875,1.1369365,0.3209936
1052,1240145,3.495623,3.90625,1.0755508,0.32572308
1036,1298537,5.454516,3.96875,1.4770554,0.3809714
2039,1240192,2.735475,3.703125,0.8837407,0.35606378
1598,924239,3.291466,3.953125,0.8602335,0.29392332
2157,753554,4.949299,5.0,0.67623883,0.26035348
1373,1330947,1.8261,2.859375,1.3970896,0.3525053
1843,1659818,-2.628164,-3.265625,3.3648794,0.5327293
1564,713880,3.18024,1.6171875,3.4679759,0.5967626
1576,907063,3.196618,1.125,0.90311104,0.28549868
1615,906848,4.771512,4.625,0.74801993,0.26985666
2040,753620,0.770182,-0.20996094,1.5040096,0.393125
1093,1298141,4.57208,4.78125,0.7198701,0.30130312
1133,1303900,4.845473,3.328125,1.0410105,0.34709355
1072,909750,5.66291,4.875,0.75230837,0.27686536
1194,907291,3.31519,2.96875,1.9646534,0.4247645
1512,925340,6.23883,5.5,0.37394547,0.2113887
1862,688013,-1.570429,-1.6171875,0.27067965,0.17546271
1632,909757,4.103669,3.828125,1.2180272,0.3519486
1129,924248,3.012323,2.671875,1.8583832,0.42171922
1179,910920,1.627989,0.01977539,2.0186546,0.48364982
1067,909750,5.602206,5.375,0.37098333,0.19664502
1922,906848,1.459399,1.640625,1.9742819,0.46508884
1013,909699,5.90009,3.46875,1.700101,0.4233861
1190,907063,-3.074698,-4.03125,4.352473,0.6852611
1034,1298350,-2.380665,-3.125,1.2947192,0.36219075
1057,910933,-2.445222,-2.265625,1.2979888,0.3597905
2043,909975,5.330396,4.84375,0.6030298,0.22869365
1168,687819,3.677234,1.90625,1.2698702,0.38639858
1941,905964,-5.244109,-5.34375,1.1381279,0.3446741
1924,687505,1.182178,3.390625,1.8963666,0.41000068
1812,753575,4.706075,3.046875,2.438088,0.5069384
2172,1240198,1.852674,2.296875,2.7487218,0.5503121
1061,724859,5.143774,4.3125,1.0018082,0.30774283
1909,687997,-0.104134,0.53515625,2.5042508,0.49401018
1578,1240127,4.514287,5.25,0.36996904,0.20488147
1802,908150,4.313153,3.671875,0.52411956,0.25321597
1613,910851,1.746741,2.609375,3.0309036,0.5351154
1804,909975,6.982746,4.59375,4.205108,0.6973556
1786,907278,-1.299482,2.4375,1.6489149,0.41063896
1808,908121,1.970634,-0.30859375,3.5548134,0.6235494
2439,909757,10.139675,9.9375,0.49384305,0.33869514
1634,753620,4.754099,3.453125,0.84695345,0.29513827
1809,1659818,-2.037189,-1.3203125,2.6706097,0.44827744
1093,687802,4.723366,5.4375,1.1296079,0.39754188
1048,687568,6.006786,4.75,0.64668447,0.26589504
1854,749716,3.63379,5.09375,0.706127,0.25474328
1918,908127,2.439281,3.53125,1.2907813,0.42619935
2158,909731,3.203171,4.125,1.6280435,0.4125812
1922,1240186,3.197719,2.078125,1.4130113,0.41794732
1919,906827,1.866758,1.2578125,1.3262581,0.41926727
1802,724831,4.351938,3.953125,0.5227329,0.27708203
1558,1240172,4.756155,3.0625,1.8415034,0.44688696
1931,906849,5.094523,5.0,1.0020047,0.30927277
1088,907322,2.284137,-0.62109375,2.5296016,0.41453376
1054,907271,4.554155,4.15625,1.0532295,0.34439996
1632,1674021,3.934779,3.515625,1.1813806,0.32897145
1916,910920,3.5355,1.921875,1.9998394,0.4594648
1553,906842,-1.837832,1.3515625,1.7818742,0.38524702
1933,1240192,5.826644,5.4375,1.2847873,0.40035933
1862,907291,-1.313343,-1.6640625,0.26798794,0.18402784
2499,1240127,10.974226,10.3125,0.7232792,0.48642436
1025,906868,5.607666,5.3125,0.54800427,0.2451206
1803,908465,5.561893,5.3125,4.032339,0.7565445
1017,925338,4.338651,4.25,0.8783925,0.2872293
1079,1240184,0.747008,1.1953125,2.9505227,0.62305254
1239,910920,2.747162,1.2421875,2.663691,0.5372851
2046,909757,4.728782,2.984375,3.294444,0.5633478
1593,1240172,4.170117,1.7421875,1.8157742,0.44635954
1008,688121,-0.726118,-0.5703125,4.941132,0.7416228
1013,1240145,4.019991,3.21875,1.0849053,0.35133666
1131,907794,4.737903,5.0,2.7527895,0.50936204
1557,1503367,3.868122,5.96875,1.3080693,0.35603335
1003,724859,-1.928528,-3.640625,1.6094224,0.37597093
1050,909731,0.618979,2.03125,1.7481478,0.48457047
1927,908121,5.137919,5.40625,0.80614656,0.29373515
1179,949179,0.617857,-0.44921875,1.8425946,0.44524416
1034,909750,-4.285381,-3.5,1.0289507,0.3086776
1916,909749,2.293252,2.28125,1.5795574,0.42798215
1129,687596,3.160167,4.21875,1.9443306,0.50821817
1058,908150,1.493299,0.578125,1.0127277,0.38600132
1401,1659818,0.401765,0.90625,1.4508405,0.3809223
1011,907318,2.373153,-0.44140625,1.6325636,0.38458905
1061,906696,3.240802,4.90625,1.1441122,0.34322524
1936,753620,3.001223,1.5390625,1.2584826,0.3704975
2110,753608,3.997692,5.5,0.74193764,0.30197766
1940,1240192,3.261666,4.3125,0.9261537,0.35123554
1013,946359,3.005058,2.125,1.8751382,0.42205274
1007,905950,-3.609252,-4.4375,2.674602,0.523769
2037,1503367,4.952177,4.34375,2.005987,0.4725577
1073,906868,6.595962,4.625,2.0589695,0.4559677
1803,687802,8.411936,6.125,4.5782304,0.8836677
1375,753608,6.865927,7.6875,0.9738626,0.38646096
1936,724831,3.786208,2.375,1.0007482,0.3911583
1803,907299,3.392995,4.78125,3.8610866,0.70473963
1830,688013,1.13486,2.21875,0.60957056,0.28924388
1817,1240192,-4.727343,-5.09375,0.7796103,0.30472302
1093,1298538,5.118968,4.34375,0.7067383,0.27209586
1581,909731,1.229955,2.40625,1.604585,0.45723188
1634,1240145,5.044589,4.75,0.62842757,0.2570793
1086,905950,0.518561,-1.9921875,4.1066284,0.62929064
1037,924189,1.688825,1.5703125,1.6274407,0.4124284
1614,910911,5.282012,3.9375,1.7649987,0.40550992
2038,910952,4.77144,5.0,1.3299648,0.3825097
1168,1298537,0.902932,2.03125,1.1473545,0.39010787
1559,908121,-4.081479,-3.0625,2.4790695,0.5000456
1249,1330935,1.928637,2.4375,1.9094492,0.43330756
1924,1298358,3.875047,4.1875,2.0173252,0.48955452
1168,905972,2.850358,2.609375,1.0825052,0.37722108
1910,907274,0.656069,1.1328125,3.3641436,0.61822945
1510,907169,4.716711,3.84375,1.3899231,0.3491681
1013,909785,1.240523,1.5859375,1.1421396,0.31659055
1237,907322,3.413833,4.25,0.3204705,0.19715782
1024,749716,1.768329,0.119628906,2.0666726,0.5080362
1051,907291,1.246096,0.76953125,4.4653087,0.6953504
1083,909699,3.456416,3.09375,1.870609,0.44066626
1011,909747,-1.133547,0.41015625,2.6479208,0.5002967
2048,1674021,-4.6622,-4.375,2.0191987,0.3983246
1941,909745,-4.474996,-4.8125,1.0967773,0.3198831
1549,749710,2.116336,4.0,1.8550886,0.4701193
1810,905986,0.410561,-1.59375,4.343873,0.65871096
1129,946359,3.579198,2.5625,1.9111123,0.4164876
1622,924248,3.882062,3.59375,1.2503004,0.3403097
1048,1240186,7.50474,4.53125,0.6822208,0.27072784
1180,1240223,0.122504,-3.5625,1.481081,0.36408418
1996,724831,5.193792,4.03125,1.1491896,0.36857575
1061,1330947,2.594503,2.765625,1.182859,0.3161829
2177,1240186,1.816141,1.7734375,0.5364172,0.28433558
1835,1240186,6.411524,4.03125,1.0972838,0.31854057
1615,724859,6.067236,5.0625,0.48856056,0.22135073
1933,688121,6.096666,4.40625,1.6260531,0.38145015
2171,1298365,2.88573,1.0625,2.1415536,0.50237966
1618,910911,5.202278,4.0625,1.1585562,0.32409987
1622,1240198,4.329794,4.53125,0.89047104,0.3165001
2172,907318,3.21469,0.19824219,2.3908944,0.44857785
1843,724870,-0.071489,-1.484375,4.1580043,0.6854348
1048,909720,4.103163,4.875,0.5282445,0.25194693
2037,909785,2.062026,2.03125,1.4570006,0.35816464
1449,713880,4.872833,4.8125,0.5095887,0.22388847
1177,1330983,3.708419,2.921875,2.107478,0.4348512
2106,1330947,1.097402,1.6953125,2.048533,0.43941242
1019,907322,1.479593,1.40625,1.4767736,0.39121604
1051,1298538,1.685812,1.2734375,3.534042,0.6280451
1618,907318,3.100217,2.890625,0.8225236,0.2796633
1806,908461,4.771343,5.6875,2.2367551,0.5117772
2498,906843,8.349914,7.6875,0.655026,0.3383756
1918,687596,2.578872,4.09375,1.7802811,0.5096533
1635,905982,6.073304,5.59375,0.3276287,0.19248042
2171,910780,-0.601891,0.71875,2.6664004,0.49337706
2046,753622,1.528991,3.015625,3.1223333,0.5372851
1926,1299062,2.187287,-0.57421875,0.92216915,0.36780298
2044,687455,3.753149,3.6875,1.5329634,0.42883825
1014,1240159,2.524198,2.375,2.7168672,0.54801106
1019,910567,4.417063,1.796875,1.6353308,0.43321982
1062,910899,4.687641,2.9375,3.080145,0.57388586
2011,909720,4.322998,4.8125,0.8222246,0.28793857
2498,1330983,5.911693,7.875,0.8905783,0.40245834
2438,910952,11.26347,10.5,1.0693686,0.61864835
1925,924100,6.426421,5.53125,0.59377587,0.25954503
1085,1290797,2.159055,2.265625,1.1734059,0.40488806
1618,1298365,3.433374,2.6875,0.9103667,0.31723592
2107,1322212,2.756023,4.375,0.68937534,0.27495423
1067,1240184,6.085759,5.5625,0.4250609,0.22071373
2438,908150,10.588848,10.375,0.8634371,0.5936728
2010,1240160,3.401686,3.671875,3.100141,0.5403023
1825,724859,-0.657939,-1.6328125,1.5925692,0.41627312
1084,687819,-3.384253,-3.421875,2.0655105,0.40449026
1941,924248,-3.161919,-4.78125,1.43324,0.36642045
1922,925340,3.156897,2.328125,1.4049312,0.41751528
1036,908465,4.112629,4.71875,1.5641758,0.4106788
1175,749710,5.06173,4.75,1.0722674,0.3439048
1847,907274,3.756907,3.375,6.352106,0.87317634
1835,753575,5.970674,4.53125,0.99097925,0.30733237
1918,909750,1.564326,3.078125,1.1355598,0.3677407
2111,1503367,1.451605,4.5,2.4632397,0.4931567
2499,910780,10.180556,9.6875,0.80937725,0.5306976
1634,924189,5.800197,3.953125,0.8277579,0.3046324
2096,1240192,4.003676,2.890625,1.762424,0.47537348
1854,906746,5.916691,5.125,0.64375836,0.2567601
1373,753612,3.375953,3.390625,1.4237779,0.33540463
1268,1240172,4.471655,4.65625,0.783987,0.28708804
1830,909731,2.707524,2.5,0.8616478,0.38050866
1925,909257,4.923798,5.5625,0.5234739,0.26218635
1463,906848,0.734755,3.125,2.0735917,0.4592059
1259,924100,2.522501,2.984375,4.686014,0.6827983
2499,909731,8.422318,10.25,1.0761169,0.60520095
1936,907271,3.912065,2.71875,1.167823,0.40296167
2359,753620,4.264305,4.375,0.7273175,0.25723347
2106,1303900,5.32275,2.640625,2.2272816,0.50131255
1614,907271,5.698814,4.4375,1.611971,0.4308863
2057,907318,4.776858,3.640625,0.6250943,0.24805814
1786,910911,2.538878,2.65625,1.641523,0.4141793
1268,908465,5.267191,4.6875,0.75202125,0.29393947
1016,1298168,1.579465,-0.049560547,1.5448115,0.43614978
1177,753620,3.187358,2.703125,2.0305605,0.415802
1941,1240159,-4.158385,-4.65625,1.4154924,0.38007605
1622,753612,2.602475,3.359375,0.94569623,0.2837019
1997,946359,5.365464,2.453125,3.0675004,0.5148979
1594,910903,-0.014592,2.703125,1.7664508,0.42143238
1810,687590,0.208171,-1.59375,4.2225857,0.64705974
1634,946354,4.036101,4.375,0.7496698,0.27452144
2045,907318,4.955827,3.921875,0.679377,0.24509294
1046,1298537,2.977914,1.1953125,1.8693519,0.4696073
1835,909749,3.981078,3.78125,1.0908455,0.3094057
2438,713880,10.408432,10.3125,0.8848285,0.5684873
1631,1240184,2.774485,3.5625,2.29953,0.48183054
1050,1240182,4.921199,1.7890625,1.5138564,0.43742836
1852,906848,4.99199,4.375,0.9793669,0.29659444
1776,1303900,4.274339,3.859375,1.040082,0.34342164
2044,688121,2.357554,3.03125,1.4399481,0.37304935
1815,925340,6.409712,5.96875,0.4357922,0.22862992
2010,687802,2.906942,4.84375,2.702461,0.5706701
1553,906868,2.744928,2.828125,2.1699996,0.4729068
1199,1240159,5.266983,4.25,1.2997006,0.35698897
2173,910920,4.628203,3.59375,0.86783725,0.29077
1996,1331048,2.182874,1.2265625,1.0658057,0.3037049
1803,1240198,1.102855,5.25,3.2626562,0.6483786
1043,924189,4.477423,4.9375,0.5076792,0.2390451
1086,910920,1.711013,-2.359375,4.2447267,0.64703923
1512,749716,4.211861,5.40625,0.40542036,0.21105841
1632,1240160,4.582038,3.8125,1.7875081,0.4123867
1930,687794,2.035968,0.20800781,1.1834227,0.3869724
1873,753608,0.877001,0.734375,0.6986061,0.376073
1022,909724,0.857227,-1.2265625,1.803967,0.40603366
1563,1298348,6.830432,5.8125,0.3813095,0.21610638
1083,905964,2.27382,1.2578125,1.3705562,0.3566518
1043,907318,3.824965,4.4375,0.34040454,0.19592102
1062,1298538,3.212922,3.609375,2.35992,0.51022243
1441,998189,1.806111,1.6171875,1.4048092,0.42143238
1802,753575,5.314428,3.8125,0.54076576,0.26396176
1179,687590,2.815539,-0.15332031,1.5859317,0.43362886
1449,907795,3.668501,5.3125,0.63157266,0.26502
1084,910952,-3.075962,-1.234375,3.0263422,0.61503965
1023,1240184,4.084873,3.53125,0.80662745,0.3217197
1621,1240198,5.67859,4.78125,1.1401412,0.34528384
1012,1298348,3.597141,1.5390625,0.56710434,0.29070127
1033,906746,4.891167,5.25,0.6504558,0.26207206
2106,1240160,4.551101,3.15625,3.0040681,0.5597114
1578,909975,5.581122,4.90625,0.4201127,0.19883339
1060,906849,4.220611,1.0859375,3.640606,0.6556135
1058,907291,0.520772,0.39453125,1.2814692,0.40706033
1930,906813,0.572492,-0.13769531,0.965225,0.3380165
1008,724859,1.762074,-0.97265625,3.3677375,0.6105534
1079,907291,2.314126,0.53515625,3.1685348,0.59866124
1177,910920,3.726437,3.3125,2.0444784,0.40931794
1561,907791,3.794666,1.4921875,2.7323778,0.53120947
1248,910399,-5.002775,-4.25,4.1217704,0.7373424
1625,1240159,4.171348,5.0,0.6934046,0.27937636
1845,1240144,1.696694,1.875,3.4484656,0.5202383
2159,1303900,3.986606,2.765625,1.867829,0.44751352
1083,753554,-2.855823,2.59375,1.4942595,0.41230556
1845,1298537,3.36144,0.73046875,3.5548716,0.5691961
1926,713880,-0.633434,-0.62109375,1.1767949,0.39428663
1042,907291,4.813226,5.0,0.58662635,0.23397325
1375,906696,6.98605,7.125,1.0417987,0.387254
1030,907274,3.332806,4.90625,0.74104786,0.2985721
2173,910399,3.934176,4.46875,0.77010727,0.27644807
1778,1240223,5.786278,3.71875,1.7832186,0.4579105
1022,1240153,-0.658784,-1.2890625,1.9040395,0.41494623
1067,910920,4.132196,4.9375,0.3984672,0.19053894
1043,906843,4.845042,4.5625,0.45475462,0.22027005
1175,905950,4.584353,4.5,1.1026554,0.32614875
1927,1298157,5.610882,5.4375,0.67494786,0.2678417
1085,909724,2.270629,1.7734375,1.2117145,0.375789
1008,906827,2.344964,0.049560547,4.6801147,0.74095803
1061,906813,1.230232,4.34375,1.2357304,0.33031562
1022,910780,-0.064591,-2.046875,1.4846016,0.33828503
1809,910933,-0.408331,-0.014892578,2.6975405,0.50967187
1852,908465,6.589551,5.4375,0.64721787,0.27227765
1782,1240153,4.618926,4.75,0.7858515,0.26850858
1915,1240192,2.624547,3.171875,1.4566619,0.44746816
1005,906836,-0.015657,1.484375,3.1744668,0.4838956
1582,906827,4.970894,4.625,0.7310289,0.29753765
1598,1503367,2.545001,5.375,1.1046209,0.35599607
1088,907794,4.078155,2.359375,3.1436098,0.4922137
1057,909785,-4.278624,-3.75,1.0598682,0.2650956
1021,713880,2.043699,2.25,1.6947461,0.40777543
2159,910780,3.603004,1.921875,1.5205789,0.3643158
1827,908127,0.09092,1.1953125,2.3342087,0.5616375
2011,925340,4.626273,4.8125,1.1660539,0.32174498
1816,687455,5.264782,3.671875,1.3703917,0.38512686
1058,1240127,1.434967,0.625,1.0331954,0.38986927
1030,907169,5.462684,5.03125,0.62278533,0.24714185
2498,908127,7.603089,8.5,0.806524,0.4319368
2148,1503367,3.049866,2.546875,1.6527692,0.50770986
1061,687819,5.419942,3.921875,1.2103491,0.32353112
1802,925338,3.898991,3.46875,0.51539177,0.24899933
2047,906836,1.798926,1.5703125,2.5108795,0.48814738
1560,1330983,2.563964,2.796875,1.6171714,0.40982598
1845,909249,-0.648206,-1.078125,2.8476217,0.44586903
1855,910899,4.501631,3.75,2.3989122,0.4732302
1625,924100,4.561358,4.9375,0.94368684,0.31929126
1052,1240186,5.830498,3.234375,1.5815953,0.4008102
1804,1240198,-0.575759,5.25,3.2626562,0.6483786
1621,907291,5.20699,4.25,1.2572242,0.33606103
1782,906843,3.93495,4.4375,0.6638155,0.25301337
1580,907274,4.522445,4.84375,0.72009265,0.2772373
1190,908121,2.685112,-0.02734375,8.17544,1.0325596
2170,905986,2.38262,3.65625,2.0837772,0.44347426
2048,907794,-2.213834,-4.09375,2.4687202,0.46643865
1190,998189,-2.064599,-1.2734375,7.3037887,0.934687
1093,907271,6.262544,4.84375,0.7360091,0.29654196
1838,910781,3.951175,3.765625,0.4025493,0.23588994
1175,906842,1.972547,2.40625,0.9840473,0.27276883
2148,907066,2.569941,1.2890625,1.0770102,0.37346065
1058,908127,0.354245,1.0703125,1.1893693,0.45332828
1083,908127,1.598665,2.859375,1.5669992,0.44446123
1817,909907,-2.472098,-5.25,0.8275822,0.28138325
1032,949090,1.929208,1.4375,1.9536994,0.5366229
1815,1298350,5.376597,5.9375,0.5073354,0.26616365
1614,909724,5.103635,3.109375,1.9385312,0.4061889
1512,749710,5.568806,5.59375,0.41972154,0.24344052
1089,753575,4.642202,5.46875,2.0605059,0.44198057
1018,905982,6.085926,5.59375,0.35541135,0.18887676
1811,925338,-1.204809,-4.625,1.7653702,0.39094892
1168,1331048,2.964467,0.890625,0.81785846,0.28499952
1576,724859,3.499243,2.28125,0.9359083,0.35139292
1924,753620,3.241851,2.546875,1.8349977,0.41301805
1131,906849,3.161826,3.578125,3.784257,0.5991254
1819,1674021,-3.551922,-4.65625,2.0663245,0.4432287
1845,909709,3.636713,2.953125,3.959577,0.5797344
1621,946359,6.268959,3.78125,1.621368,0.369449
1463,907794,4.552084,3.96875,1.3965986,0.3943045
2157,907291,5.060039,4.46875,0.760932,0.25003138
1941,907791,-4.823162,-4.90625,1.4544654,0.36698204
1177,909709,3.537678,4.625,1.8896139,0.4184632
1091,909755,3.39664,1.8828125,1.2213525,0.40131897
1845,1240160,4.160754,1.921875,4.8775654,0.6493631
1046,1240127,1.998542,1.53125,1.8438752,0.45522872
1046,907278,1.043968,1.40625,2.2090108,0.47383508
1005,1298538,2.372768,3.203125,2.683003,0.45593938
1449,909975,6.414566,4.96875,0.5188607,0.21995443
1512,724859,5.814709,5.09375,0.3702708,0.20242691
1511,910851,-2.385329,-1.9453125,2.1088643,0.44532222
1052,1240192,3.89883,4.25,1.3934182,0.40830538
1830,1298538,3.102339,2.5625,0.63401365,0.3208399
1179,907274,0.339211,0.22753906,2.0990303,0.51599044
1806,1298350,3.540066,5.28125,2.3892217,0.5165575
1576,1240198,3.412537,2.734375,1.055756,0.37711218
1062,908465,1.781228,3.828125,2.9815044,0.60139024
1808,687568,-0.728569,-0.92578125,2.8266716,0.51246095
1627,905950,3.700146,3.609375,1.7064289,0.42867878
2106,905950,3.426556,3.109375,2.1756537,0.48572293
1012,749716,1.707899,1.390625,0.9322305,0.35177085
1933,924248,2.550607,3.96875,1.8061429,0.39677286
1617,909720,2.946152,2.0625,3.7518437,0.5602776
1614,924239,1.560683,3.15625,1.8205695,0.42176273
1560,907066,5.719865,2.84375,1.3556054,0.3809714
1072,1330983,3.991934,4.25,0.97015744,0.31723592
1622,687794,3.831678,4.46875,1.141458,0.35400036
1580,1240186,4.503988,5.0,0.5647833,0.23579022
1635,687802,7.071457,6.5,0.50986874,0.29270393
1557,924248,4.713068,3.984375,1.5969024,0.33985645
1510,1290797,3.703411,4.0625,1.3032329,0.3515172
1043,1503367,4.459441,6.25,0.72120345,0.31044793
1046,1503365,3.174725,2.4375,1.823272,0.46205628
1559,924248,-3.874253,-3.96875,1.7791643,0.36993203
2171,905972,3.889517,2.59375,2.544763,0.5132965
1915,1330947,1.573621,1.5546875,1.3880968,0.37781543
1808,1303900,0.76831,-1.21875,2.9915082,0.5387216
1014,909726,-1.294159,1.359375,2.973519,0.54644436
1624,906836,0.182274,1.546875,3.7254295,0.5833127
1058,907795,0.294359,0.703125,1.4368417,0.4498896
1933,946354,3.942266,4.59375,1.1236956,0.3172553
2438,1298358,11.620874,10.4375,1.3338169,0.7657136
1817,908465,-5.130353,-5.25,0.76658654,0.29072112
1620,908121,5.007897,5.875,0.5452111,0.25343987
1997,687590,4.11323,3.296875,2.2806118,0.46348578
1050,907063,4.060748,0.68359375,1.102208,0.32146704
1631,906835,6.127343,3.296875,1.9623114,0.42425814
2096,925338,4.259415,2.03125,1.7097744,0.43711886
1873,1503367,1.04357,1.0078125,0.99104196,0.44328997
1037,687596,2.838163,2.984375,2.3572206,0.5460862
2359,907318,5.112353,4.375,0.4918926,0.21945906
1037,910851,1.121834,1.84375,1.8128911,0.43620253
1129,907063,3.377549,1.984375,1.0979567,0.3114227
1917,909731,-0.522846,1.6875,1.6163185,0.4563385
1582,687802,6.306577,5.5,0.86256635,0.37129873
2043,907274,5.112873,4.9375,0.7214847,0.28343052
1016,910899,0.331515,-0.4609375,2.621535,0.4784921
1810,910903,-1.95119,-0.81640625,4.4861283,0.67333055
1924,906696,3.913693,4.0,1.7638267,0.42803678
1928,1299062,6.992893,4.4375,0.80049574,0.26431337
1048,906746,5.431318,4.75,0.67778146,0.27586532
1776,910920,4.461164,3.671875,1.0635298,0.3220826
1084,909785,-6.147832,-4.75,1.1823109,0.2739004
1529,909750,2.825478,0.15917969,3.551944,0.55922437
1720,906848,1.767588,2.625,4.8595643,0.6825056
1593,910567,-0.753521,0.375,1.6212964,0.41087136
2156,949090,4.262462,3.359375,2.0552733,0.55186456
1023,909907,4.053955,3.40625,1.0469877,0.34570184
1199,905982,5.417706,3.984375,1.4947811,0.37064266
1997,925338,4.615588,3.265625,2.0547736,0.43054566
1909,909749,2.803454,1.140625,1.9310076,0.48089015
1023,924189,3.630553,2.875,0.73190653,0.3009355
1912,724870,3.539182,3.34375,1.8192129,0.4734031
2158,924239,2.949493,3.359375,1.3601006,0.3586978
2096,906746,2.851143,2.40625,1.8667326,0.46690953
1614,910567,5.027148,2.78125,1.8626312,0.43512204
1635,753612,5.730374,4.75,0.30287063,0.16945855
1736,906849,5.349925,3.15625,3.2785432,0.60249865
1618,909726,5.71048,3.421875,1.0763723,0.30530056
1057,688013,-3.51923,-2.953125,1.4177165,0.32980675
1852,1659818,3.137623,4.15625,0.6668698,0.23820347
1010,910851,2.536545,2.515625,1.6493295,0.44688696
1852,1298537,5.656599,4.75,0.64627886,0.25133774
1008,906868,2.910509,-0.6640625,4.220182,0.6757238
2156,907278,1.633766,2.734375,2.116533,0.4923741
1199,724859,5.438992,3.625,1.4749042,0.37873882
1933,1659818,2.887917,3.703125,1.3268408,0.33478054
1627,925340,3.617037,3.71875,1.6575013,0.41638747
1932,909709,4.009763,3.3125,2.4636962,0.48246723
1375,1298141,8.517453,7.1875,1.0042685,0.40668136
1776,910911,4.763897,4.375,0.92940193,0.298084
1200,1330947,1.994,1.796875,1.1506147,0.3117598
1927,905964,4.428702,3.890625,0.6000301,0.23811185
2177,753608,3.159318,2.828125,0.5768239,0.2941639
2039,909750,3.314039,3.078125,0.8026411,0.31690872
1039,749716,3.741077,5.4375,0.7798107,0.28272817
1084,909755,-0.068496,-3.125,1.9953332,0.42465138
1925,906835,6.529594,5.34375,0.4720048,0.22454505
1030,925338,6.493019,4.9375,0.5464289,0.23342042
2040,713880,-0.21545,0.10205078,1.5998088,0.42956713
1778,909720,4.43162,3.5625,1.3042451,0.38759354
1088,1240192,4.250448,3.34375,2.9131699,0.5044812
1915,907291,2.2557,2.171875,1.6034133,0.4247645
1088,753575,5.770765,2.453125,3.3283205,0.50734806
2171,907175,1.775064,0.9375,2.9395094,0.54019433
1507,908127,4.890296,5.25,0.8066909,0.32174498
1810,910780,0.45505,-3.4375,3.4566336,0.5534665
2158,908121,5.164363,4.375,1.5077244,0.3923463
1054,905972,5.363465,3.90625,1.055629,0.3258241
1036,906848,3.551198,3.65625,2.217667,0.4575873
1845,924100,1.455293,1.765625,4.262796,0.627173
1932,909907,5.14764,2.59375,3.2212212,0.5474021
1909,910399,3.013916,1.7890625,2.3079243,0.5029646
1806,909745,6.115441,4.6875,1.6898725,0.38505858
1190,906843,-0.747505,-2.828125,6.2400203,0.861381
1372,946359,3.99445,-1.140625,3.3220556,0.5645375
1549,909726,4.94848,3.0625,1.6118621,0.38949
2109,687505,2.498234,2.03125,1.1288936,0.36735627
1062,909257,3.749692,4.03125,2.3828604,0.5407378
1512,909724,5.162568,4.9375,0.35020283,0.18231262
1016,946359,0.298704,-0.6875,2.7675378,0.4762326
1909,1240127,3.102771,1.1953125,2.0566704,0.48246723
1023,687794,1.740751,3.359375,0.8849112,0.33559468
1048,909749,6.602951,4.53125,0.6372243,0.26200533
1736,1298348,3.164186,3.890625,2.1888034,0.50287944
1043,1240127,6.214097,5.375,0.4443339,0.2307213
1720,724859,5.927374,3.578125,2.9752984,0.49046922
1441,687505,0.360929,1.53125,1.5365504,0.42397475
1032,1303900,1.232083,1.046875,1.8161148,0.48545468
1593,909724,0.715553,0.85546875,1.7665619,0.41441163
1853,910399,4.900166,4.875,0.8191477,0.28828192
1624,1298157,4.800041,3.234375,3.0382686,0.5435151
1564,949179,4.420692,1.625,3.8156152,0.62161475
1511,910780,-0.181362,-3.421875,1.6087247,0.3397093
1048,1240182,5.489926,4.28125,0.72440916,0.28172264
1817,1240172,-4.63508,-5.125,0.73044807,0.27151978
1909,1298157,3.425505,1.90625,2.063802,0.49657452
1855,753620,3.106115,3.703125,2.2421355,0.45566633
1510,925340,6.534883,4.28125,1.294985,0.35087708
1932,909720,3.864233,2.953125,1.5709875,0.40163678
1918,949090,3.91613,3.265625,1.3901362,0.45018294
1809,906842,-4.653538,-2.3125,1.787013,0.3218118
1004,687819,1.576478,-4.9375,1.7291789,0.38604575
1463,908121,3.565516,3.9375,1.7201121,0.44170544
1624,907063,1.659684,0.5859375,2.7929397,0.45768777
1930,1298365,0.826499,-0.48046875,0.7146673,0.28940654
1005,1298537,4.053037,2.328125,2.8812501,0.4926919
1625,906848,4.838659,4.15625,1.186138,0.34273422
1529,688025,-1.974876,-0.390625,4.0823174,0.5948338
1913,687455,4.282611,5.09375,0.72304106,0.3120349
1441,910851,2.78478,1.515625,1.6595583,0.44561055
1838,1240198,3.320874,4.21875,0.48276678,0.26324987
1614,753620,5.047645,2.671875,1.9784573,0.43462682
1809,905964,-1.516623,-1.40625,2.340509,0.4105484
1239,907322,0.566626,0.34765625,2.1022391,0.44392318
1239,749710,2.921926,2.140625,2.375246,0.54122955
1621,1290797,4.95182,4.6875,1.1624019,0.33744428
1086,909726,-1.082866,-3.328125,2.856113,0.47650886
1936,1503367,-4.46527,2.984375,1.6441509,0.4620625
1020,688087,5.636624,5.34375,0.55871576,0.26716655
1940,1503365,5.994541,4.34375,0.863433,0.32256225
1911,909749,-4.548864,-4.65625,1.7140844,0.40042064
1032,908127,1.646094,1.625,1.786633,0.5067578
1909,949090,2.812028,1.5,2.4457054,0.5713318
1625,1298350,5.57084,5.0,0.9398724,0.3390696
2038,1240127,5.390976,4.0625,1.2944522,0.35073268
1014,905982,3.54369,1.9609375,2.9738166,0.5698937
1627,1298350,2.981544,3.640625,1.8320036,0.46022487
2109,907291,1.583191,1.9453125,1.0938342,0.3559475
1627,1240182,4.691341,3.109375,1.7799954,0.44328272
1817,909745,-5.242256,-5.21875,0.60812384,0.24751383
2110,909975,6.28189,4.0625,0.96191394,0.29548782
1179,1298350,1.279805,0.3359375,1.7363085,0.48128867
1062,909726,-0.797204,3.09375,2.399212,0.4839378
1463,1503365,5.04777,4.40625,1.3701721,0.3977598
2154,724859,3.942037,1.9140625,0.5148717,0.2673482
1926,910851,1.407577,-0.57421875,1.2518876,0.42564976
1049,905986,4.198197,3.546875,0.9986486,0.33623782
1191,910952,-4.903561,-4.40625,1.0355928,0.33054483
1819,946359,-1.991156,-4.9375,2.0171762,0.4361201
1786,909749,2.713287,2.3125,1.479911,0.4178263
1062,907791,5.029301,3.453125,2.6692789,0.5265651
1021,687794,3.10987,2.984375,1.9683565,0.45599988
1005,925346,3.5109,3.359375,2.3589926,0.40851286
1810,749710,0.157373,-0.34765625,4.8522696,0.7358049
1855,687596,4.616657,5.75,2.4970615,0.588242
1378,907299,-0.931504,2.421875,2.4906492,0.51786727
1510,909757,3.668875,4.25,1.4106793,0.37037784
1052,907791,4.03263,2.75,1.5671362,0.3835828
1199,1298365,4.881,2.546875,1.1600473,0.35635185
1936,907322,0.978374,1.4453125,1.1442397,0.34164825
1615,907795,4.953273,5.28125,0.66800684,0.26914346
1629,909724,4.516456,3.9375,0.9358284,0.27422047
1510,910933,4.3109,4.03125,1.231948,0.34148464
1635,907175,4.761422,4.84375,0.31305364,0.17651257
1067,687794,3.469998,5.5,0.47611222,0.23662943
2439,753554,8.925386,9.9375,0.48699632,0.36555603
1617,1240127,2.104384,1.296875,4.721803,0.6385402
1816,909249,3.926582,2.046875,1.0917823,0.30967146
1930,909907,3.050474,0.43359375,1.5370411,0.41271326
1580,1298350,5.723772,5.3125,0.61554044,0.26564202
1593,1330983,0.81974,0.53515625,1.8460753,0.42767158
2154,906868,1.651149,1.9609375,0.55448294,0.2762906
1634,909709,4.236503,5.0625,0.9887577,0.34117454
1814,753608,7.561768,7.0,0.7228709,0.32583368
1043,905968,5.130809,4.53125,0.48895475,0.21647869
1720,909749,5.177455,3.625,3.1953056,0.5175359
2111,907066,4.458238,2.421875,2.1160903,0.44339365
2107,910780,4.861785,4.03125,0.5370855,0.22537138
1023,907299,3.625832,2.953125,0.73028445,0.3056621
1631,907269,-0.0454,2.140625,2.3036628,0.46466485
1006,910781,3.689046,1.3515625,3.1082737,0.6269605
1016,910903,-0.456432,0.44140625,2.2639015,0.4707208
1909,1240160,3.282241,1.7421875,3.1668916,0.5819804
1593,753612,0.575754,0.16699219,1.5688986,0.37272048
1249,909709,5.314777,3.78125,1.889766,0.45664266
1941,907278,0.041066,-4.8125,1.4307597,0.36418045
1553,925340,0.980205,3.21875,2.1726935,0.47729653
1736,998189,2.541002,3.5,2.7620902,0.5529885
1782,910781,5.29799,5.03125,0.49779004,0.22844432
1941,908465,-6.089073,-4.625,1.6115358,0.4156574
1060,905982,3.25146,1.0546875,2.8065512,0.58355105
1441,1298358,1.74588,2.375,1.698623,0.4977378
1494,1240172,-2.611118,-4.125,2.1716723,0.45503995
1564,907791,4.608931,1.7109375,3.4756916,0.5798782
1927,909975,5.753491,4.75,0.78346765,0.25869092
1003,687455,-2.963191,-2.75,2.7600641,0.5142491
1191,949179,-4.904751,-5.21875,0.5672851,0.23804371
1249,908150,4.165651,3.171875,1.5553852,0.39940545
1036,1331048,3.946269,2.140625,1.1820844,0.3261682
1023,1674021,2.116324,3.28125,0.78069574,0.29906148
1817,946359,-4.799244,-5.375,0.65991336,0.25026625
1060,910399,0.895906,1.484375,3.1865504,0.6195065
1782,906842,2.539392,3.421875,0.59042597,0.21837698
1083,1298537,3.182994,1.9609375,1.5283773,0.42365205
1249,905968,2.10073,2.203125,1.6127797,0.39645877
1200,1303900,2.853871,2.96875,1.2365029,0.36063513
2174,906842,0.365787,-0.078125,1.0430825,0.2944956
1021,1330935,2.661132,1.984375,1.8443773,0.42199984
1179,907795,-0.595333,0.21777344,2.0542758,0.5049888
2498,910911,7.636842,8.375,0.6182519,0.31125605
1912,946359,2.055956,2.25,2.5850146,0.49187317
1180,687794,-4.014742,-3.484375,1.907337,0.39965263
1843,906835,2.001546,-1.8359375,3.6522925,0.58814913
1813,906842,2.469677,2.375,2.4441888,0.46839744
1855,1298350,3.896812,5.0625,2.0432668,0.48337063
1624,1240172,5.271626,2.890625,3.292095,0.5559968
2107,1298350,3.761384,5.28125,0.7097978,0.29708734
1054,1240223,4.490025,4.03125,1.1754975,0.35938492
1020,909750,5.551976,5.46875,0.4789085,0.23376766
1582,910952,5.330396,5.25,0.64264184,0.29643747
1578,1240198,5.635036,5.375,0.4136408,0.22095701
1916,909731,1.492014,2.453125,2.0856972,0.4913354
1011,749716,4.097983,1.765625,2.9992676,0.5706967
1048,905986,6.326886,4.53125,0.61672354,0.26011088
1912,907269,0.601689,2.40625,2.1691804,0.4652914
2046,1503367,-0.8144,4.03125,3.104849,0.54112285
1168,949090,2.168804,2.46875,1.41729,0.46344566
1799,1303900,4.557448,3.65625,2.6708436,0.5307693
2177,909785,1.728886,1.0625,0.48358488,0.22537138
1010,906696,3.893949,3.15625,1.4676291,0.44446123
1919,905972,2.742171,1.359375,1.0172466,0.37436825
2107,753622,4.26213,5.375,0.6364434,0.27396226
1816,688025,3.186027,2.8125,1.3983682,0.34227404
2039,909975,5.136361,2.765625,0.9468387,0.32832283
1017,908127,3.264388,4.8125,0.98135537,0.3470801
2172,909745,4.00955,1.703125,2.433498,0.48720223
1042,909720,5.676313,5.3125,0.45668527,0.23530906
1010,1298365,3.439181,1.9609375,0.9538252,0.36722484
2438,908465,10.615574,10.5,1.0511912,0.6516843
1133,907175,1.438427,2.546875,1.0105742,0.31491038
1088,1240198,6.169371,2.421875,2.936889,0.52192324
1613,910780,3.634265,1.3359375,2.52007,0.46630085
1849,1240182,1.773695,-0.9140625,1.2363364,0.37798515
1924,1330935,1.694885,2.90625,1.9352412,0.421746
1083,1298136,3.590607,2.53125,1.7322651,0.46935838
1179,906813,2.434557,-0.30859375,1.5546901,0.41745222
2039,910781,3.95708,2.796875,0.64088684,0.29715025
1008,907795,-0.861642,-0.16699219,5.1070557,0.7825939
2047,925338,-0.322736,1.9453125,2.0807784,0.46454167
1463,907322,4.861155,2.6875,1.2939368,0.36197188
1806,1240198,6.263784,5.25,1.8664938,0.4378543
1630,909755,5.571097,3.375,1.1849723,0.3605657
1378,1240192,3.060571,3.65625,2.3696291,0.52902865
1191,906813,-4.923313,-5.0,0.5373525,0.22779344
1025,924239,4.412625,4.875,0.55912787,0.24818163
1831,713880,3.191214,3.21875,0.5194612,0.25032043
2171,906835,3.541759,2.203125,2.6602383,0.52095616
1918,906848,4.959368,2.578125,1.8061899,0.4459247
1512,1322212,4.425168,4.625,0.38774914,0.21694875
1047,946359,6.485015,3.796875,2.5964797,0.45841652
1622,1503367,2.752767,5.28125,1.1701854,0.3629096
2359,1298365,6.335077,4.0625,0.586481,0.25181177
1069,909709,4.460683,4.1875,0.97416615,0.3445375
1030,908461,5.219266,5.4375,0.62534964,0.28698358
1089,1240172,4.604886,5.34375,2.1636958,0.4569008
1510,906836,2.595783,2.953125,1.5423131,0.37428093
1931,910399,5.457091,5.875,0.7330304,0.2738463
1510,907175,3.025479,2.78125,1.4309258,0.35635185
1786,909750,1.694623,2.515625,1.4911982,0.40221652
1061,906836,2.204445,3.5,1.3486776,0.3432876
1629,909755,4.502021,4.59375,0.91439235,0.29327005
1996,1330935,2.445236,2.734375,1.6353828,0.40726897
1168,753622,2.973823,2.65625,1.353825,0.42798194
1268,906868,4.909303,4.46875,0.75171244,0.27526945
2057,905986,6.587445,4.625,0.8144735,0.28805828
1239,1240186,4.977956,1.5,2.4193797,0.5189594
1815,1299062,7.384809,5.59375,0.35137606,0.19458506
1133,687455,4.796447,4.03125,1.199207,0.38276786
2110,688025,4.107091,3.8125,0.98587793,0.29856625
1578,687505,4.69197,5.15625,0.41138992,0.20029384
1563,1240127,6.580156,5.75,0.3918578,0.21533418
1847,1240159,2.022505,4.375,4.8185825,0.70894426
2037,909709,4.577017,4.0,1.8297209,0.44978794
1581,906868,3.098035,2.34375,1.3123575,0.39743835
2171,925338,3.82782,1.9140625,2.7386434,0.5248259
1006,909699,5.170109,3.421875,4.233807,0.69793063
2039,906827,3.088681,3.140625,0.9569494,0.35394058
2172,909747,1.896049,1.0703125,3.5184247,0.56987077
1853,909709,3.724299,5.125,1.0091681,0.33484042
2498,1330935,7.25038,7.875,0.695303,0.35918206
1582,909745,5.467494,4.375,0.5806147,0.2610417
1941,1298141,-2.750775,-4.5,1.5858995,0.40904513
2438,1298365,11.255039,10.0625,1.3239102,0.82495934
1830,925338,3.399225,2.421875,0.64231414,0.31677568
1237,1240153,5.01186,4.90625,0.3703975,0.2035413
1012,907066,2.545427,0.75390625,0.5898101,0.26046354
1059,688025,1.038631,-0.70703125,1.615243,0.4184632
1239,908461,4.629814,1.9453125,2.325397,0.5524405
1168,908121,2.314119,2.53125,1.5473564,0.453413
1845,909720,-0.749341,1.984375,2.8083348,0.4802234
1940,1298348,3.978575,3.96875,0.75068927,0.30245668
1043,906827,5.908809,5.46875,0.58439565,0.26545045
2359,907322,4.107036,3.953125,0.66756356,0.25190058
1079,906842,-4.37968,-0.9140625,2.3195024,0.42918882
1624,905986,4.986053,2.53125,3.1911573,0.5561649
1578,907291,5.138632,4.96875,0.40526617,0.19986865
1845,1331048,-1.474821,-2.140625,1.7862,0.3576089
1835,907318,4.782788,3.046875,0.7471281,0.2590718
2040,906842,-0.479671,-1.1171875,1.1220765,0.27822763
1007,909750,-5.413454,-4.6875,2.1614273,0.46362832
1614,925338,4.27619,3.5625,1.7083191,0.402435
1932,1298168,4.821315,1.8125,1.4678249,0.40133587
1825,907299,-1.001683,-1.296875,2.0031476,0.46022487
1581,905986,3.844145,2.25,1.2032279,0.38965437
1038,907318,2.978695,1.984375,0.6104671,0.27306002
1089,1240198,4.604937,5.25,1.8664938,0.4378543
1594,1240145,0.123568,2.734375,1.4486008,0.39072686
2499,905950,11.443991,10.3125,0.7789671,0.5017486
1170,753608,1.809977,4.0625,1.4318637,0.3987218
1053,1298365,2.213175,1.015625,1.1385497,0.35992742
1786,749716,4.114449,2.65625,1.9312904,0.45496118
1058,946354,0.641968,0.30859375,1.057575,0.3911583
2106,1240172,4.08978,3.09375,2.185369,0.4800811
1021,687568,4.668676,3.03125,1.4992019,0.39186835
2438,949090,10.163882,10.375,1.1308819,0.6592931
1583,1330983,1.818521,1.6875,0.6038615,0.26395357
2111,687819,5.226506,2.4375,2.3808749,0.46624824
1080,909249,-4.281278,-5.25,1.3206336,0.3514264
1024,1330935,-3.31263,-0.80078125,2.2263484,0.48134378
2498,909747,9.805334,7.96875,0.7136036,0.35557806
1062,753612,5.676196,2.6875,2.8335729,0.52430975
1634,1240153,3.488198,3.828125,0.9736244,0.31076548
1776,924239,3.208944,3.734375,0.94957405,0.3090034
1175,909755,4.575185,4.46875,1.0550728,0.3120745
2498,924100,7.9347,8.375,0.63617545,0.33548114
1810,688013,-2.45277,-2.5,4.107119,0.607245
1598,687802,5.101917,5.53125,1.2294927,0.4159921
1802,687568,4.964424,3.71875,0.53730613,0.2609263
1816,907791,2.864788,2.921875,1.1241485,0.3144745
1378,1240160,6.585906,3.09375,3.4279358,0.5861747
1190,688025,-1.810381,-1.8828125,7.447,0.9436011
2045,1322212,4.535152,4.125,1.0508437,0.31673825
1237,1240159,6.619173,5.53125,0.30779314,0.19952078
1237,724859,5.820685,5.125,0.33366454,0.2008585
1855,1240144,5.685128,5.15625,1.522641,0.39799497
1908,907278,2.067623,2.109375,2.3362567,0.48205677
1806,907269,2.871418,3.59375,2.7454863,0.50801075
1804,906746,5.081768,5.28125,3.5476344,0.67985857
1613,909747,6.548368,2.09375,3.2043493,0.5479416
1632,1331048,1.902701,1.2578125,0.8897773,0.27463332
1029,909699,8.63935,6.21875,0.59496343,0.25221577
1239,909749,2.526219,1.3515625,2.0579827,0.49517438
1373,905986,6.061045,4.46875,1.1895187,0.3421162
1581,1674021,2.256024,2.296875,1.311353,0.3971341
1614,908127,3.869414,4.28125,1.8759166,0.4774891
1022,946354,-0.528316,-1.03125,1.5883706,0.40429813
1179,749710,0.732066,0.59765625,1.6140484,0.4751761
1067,1298157,5.601928,5.625,0.38564774,0.21029143
1620,1240160,5.902474,5.71875,0.78620285,0.2981604
2438,1240186,11.000813,10.375,0.83994,0.5684672
1802,907274,2.603303,3.265625,0.6431338,0.2974272
1854,909249,4.572346,3.859375,0.60827214,0.23655696
1133,1322212,2.386383,2.875,0.94959366,0.32605338
1058,907269,-0.812863,0.52734375,1.5529519,0.41511023
1912,1299062,5.824802,3.125,1.4858122,0.3849314
1909,1240186,1.496212,1.203125,2.2780805,0.5044908
1004,1290797,-2.152137,-4.6875,2.0416994,0.4379466
2045,949090,5.384838,5.0,1.0618601,0.34891203
1928,1290797,5.69342,4.5,1.0076474,0.30515897
1168,925346,2.739245,2.265625,0.96421623,0.36202133
1021,906868,1.766627,2.765625,1.6377261,0.39914232
1618,906836,1.880492,3.0,1.4132496,0.35502803
1815,908121,5.644991,6.0625,0.4771557,0.25033045
1073,687997,6.775367,3.828125,2.256286,0.47276938
1580,687780,5.236733,5.90625,0.7144983,0.2849744
1034,910933,-2.225032,-3.328125,1.0396111,0.31040817
1928,687997,5.476057,3.390625,1.1371781,0.31666264
1617,907269,0.92609,0.13769531,4.299529,0.6092576
1026,749710,1.031168,-0.04736328,2.2055635,0.5352353
2010,1330983,2.317644,2.609375,2.5361605,0.49665794
1835,907299,2.441253,3.75,1.1327175,0.33191377
1043,1240144,4.947312,5.46875,0.46146634,0.23961733
1049,908121,4.343925,3.921875,1.2580723,0.3809984
1062,924248,4.148224,2.96875,3.468588,0.6045164
1057,910952,-2.853638,-0.984375,2.0108297,0.5209484
1838,1240160,3.185335,4.25,0.7842796,0.30965903
1776,1240192,4.974439,4.84375,1.0133222,0.3548599
1862,1298538,-1.249338,-1.4921875,0.2512156,0.18780959
1131,1298136,7.331343,4.75,3.2354727,0.57123274
1916,909975,3.687891,2.0625,2.125911,0.45601004
1021,905972,4.278974,3.328125,1.339506,0.37129873
1578,907169,5.738967,5.1875,0.42109656,0.20607795
1059,907169,0.604022,-0.65234375,1.2823144,0.4034344
1033,1503365,7.402775,5.71875,0.62941164,0.2681834
1593,724870,2.099905,1.7421875,1.5482339,0.45367014
1191,909749,-5.525861,-5.15625,0.51118654,0.22806707
1576,1298136,1.008285,2.625,1.2752483,0.42312542
1626,907794,2.074711,2.140625,2.4232066,0.5038442
1022,909726,-1.259256,-1.34375,1.4889883,0.3628923
1019,687780,3.216408,3.21875,2.1681902,0.5129235
1939,1240198,2.496036,3.109375,1.2022624,0.38746387
1018,907271,5.598973,5.96875,0.37590897,0.21719088
1778,905950,4.584492,3.390625,1.8801098,0.45045587
2043,687802,6.697724,6.25,0.8655025,0.35858956
1010,906843,2.487533,2.203125,1.2227232,0.37560514
1512,905964,4.648699,4.125,0.33003417,0.18849394
1149,925340,-0.101877,1.234375,1.2252804,0.38734543
1051,907322,2.929143,-0.15820312,3.7723927,0.6181938
1782,906836,3.349659,4.4375,0.7978194,0.27529055
1803,1240127,5.904994,5.09375,3.5522614,0.6807453
1088,1298168,3.839538,0.8828125,2.196153,0.471077
1033,1330935,3.271737,4.3125,0.7135047,0.26522163
1003,925340,-2.25211,-3.140625,2.4166322,0.45659718
1996,910920,5.078168,3.046875,1.5134574,0.38020164
1049,906842,2.811086,2.09375,0.9024135,0.28391215
1613,906868,5.013525,2.671875,2.793939,0.5169762
1559,910903,-4.34646,-3.546875,1.742211,0.38272834
1941,1298537,-3.162079,-4.875,1.261114,0.36610034
1803,1298365,6.590094,4.09375,3.1696696,0.6252765
2175,909726,6.111881,4.0,1.1641229,0.3097782
1088,905972,2.679718,2.515625,3.066792,0.4749915
1529,907169,-1.262237,-0.044433594,3.515069,0.5444216
1057,910781,-2.644461,-2.546875,1.1085258,0.32482496
1928,906868,5.320503,4.3125,1.0642486,0.30608737
1004,910952,-4.134078,-2.9375,3.9775896,0.6405335
1024,908465,0.988145,-0.2578125,1.7067739,0.47746083
1779,906836,-1.041642,0.26953125,1.10674,0.3601472
1016,1298537,-0.537928,-0.2734375,2.173957,0.48534417
1030,910780,5.215438,3.96875,0.5216615,0.22227259
1621,907299,2.315649,4.25,1.225052,0.35563153
1786,909757,3.335159,2.6875,1.7890286,0.4455323
1581,1659818,0.825147,1.6171875,1.3017917,0.3709499
2172,687568,3.248812,2.03125,2.9037046,0.5336145
1199,1330935,3.611875,2.921875,1.7815049,0.4076144
1046,910920,2.605316,1.3828125,2.2148921,0.4750966
2171,909907,6.836522,2.390625,4.009876,0.65326244
1939,905986,3.662575,2.75,1.1309906,0.36626098
1814,1290797,6.389956,6.21875,0.6699746,0.2847395
1022,713880,0.030642,-1.0625,1.7477509,0.41874397
1924,907794,1.888357,3.875,1.6067544,0.40363914
1583,1331048,2.394994,0.515625,0.4348157,0.20738591
1576,908127,3.086712,2.890625,1.1195655,0.39792714
1025,909750,4.703397,5.34375,0.49803415,0.23270248
1778,906842,-2.122634,1.3984375,1.515776,0.35858342
1073,949090,5.858145,4.96875,2.2607684,0.5325776
1048,1290797,5.815363,4.75,0.6417704,0.26387456
1375,907278,6.13081,5.90625,1.101934,0.36032608
1067,1240182,6.530048,5.15625,0.4119361,0.21500364
2177,1240144,3.507936,2.0625,0.48644173,0.2771107
1594,909731,0.405406,2.453125,2.21187,0.49380836
1557,910780,5.21038,3.625,0.96859705,0.263635
1250,905986,2.356264,1.8671875,2.4625578,0.51599044
1933,909709,5.799337,5.375,1.426075,0.3934917
1782,909709,6.011045,6.0,0.74274963,0.29624233
1048,909755,5.161368,4.8125,0.6855111,0.27066204
1084,907063,-3.546736,-4.75,1.293814,0.28884885
1062,687568,4.07305,3.71875,2.5715091,0.53468
2148,1303900,1.455279,1.2421875,1.1516404,0.41753867
1813,1240186,6.112505,4.90625,2.042896,0.48125255
1058,907271,1.393111,1.1015625,1.0007404,0.41356772
1168,1240198,1.668438,2.546875,1.2263035,0.41288757
2107,724870,5.216548,5.25,0.63399583,0.28069386
1827,908121,-0.451494,1.0625,2.8567262,0.5985823
1909,1298141,6.231758,1.984375,1.9139843,0.4829251
1180,749710,-2.473661,-3.21875,1.8237944,0.4038872
1635,909745,6.218938,5.375,0.3034626,0.18432184
1622,909745,5.375933,4.25,0.7842129,0.28432417
1629,906843,3.922339,3.484375,0.89179313,0.28464624
2359,907066,6.392237,4.78125,0.6408966,0.25304675
1022,909709,1.983822,0.57421875,2.248632,0.5231046
1617,910851,2.174548,1.0,4.7562737,0.6171285
1180,753620,-1.398227,-4.28125,1.2058603,0.30030245
1036,1240223,7.026321,4.96875,1.4856713,0.40993586
1632,946354,3.510916,3.453125,1.0395375,0.31038618
1557,724859,5.704229,4.6875,0.97353995,0.28394005
1625,753608,6.540573,5.53125,0.80667514,0.31530178
1918,909699,2.41201,3.765625,1.4859061,0.41000068
1067,688087,5.504965,5.3125,0.41204193,0.21840873
1010,907063,4.168127,1.6328125,0.9856013,0.31157616
1563,907322,5.024951,4.5,0.43948013,0.21507457
1054,1330983,1.379092,2.515625,1.4870793,0.3735751
1058,905972,2.900335,0.80078125,0.966032,0.38725278
1053,1240198,1.883066,2.46875,1.572214,0.43381524
1133,1503367,4.438989,4.875,1.1830375,0.35827467
1561,906813,1.744426,1.4296875,2.3929234,0.52148837
1180,909749,-2.031191,-3.96875,1.2465864,0.3272948
1908,906849,3.282735,1.84375,2.7402163,0.5327334
1029,724831,6.116219,6.0,0.516168,0.26323113
1631,909747,7.206683,2.421875,2.5539021,0.47256094
1011,688087,2.75752,1.3125,2.4427443,0.5158266
1073,1331048,2.264862,2.15625,1.7531242,0.40445417
1928,908127,4.279924,4.8125,1.06481,0.34988135
1816,1298348,5.580499,3.796875,0.9092035,0.30167234
1013,910399,2.662528,3.21875,1.3922242,0.3859117
1581,688013,3.325471,1.8359375,1.1801971,0.35238448
1802,910911,3.711826,3.78125,0.5720274,0.258503
1047,1659818,1.57501,3.578125,1.912585,0.3916439
1046,906813,2.53498,1.296875,2.04412,0.46386814
1613,749710,-0.012102,3.375,2.7446487,0.54143316
1239,687596,1.743786,2.703125,3.446176,0.66998106
1563,1240160,6.356818,5.90625,0.68049604,0.28482306
1018,1240153,5.277138,5.0,0.41483554,0.19333123
1052,687596,3.309044,4.40625,2.0637481,0.5184424
1089,1240153,4.005196,3.828125,2.8305757,0.4997469
1578,924189,4.834538,4.78125,0.41823646,0.21661139
1634,909907,5.380703,4.59375,1.2377349,0.3643894
1936,908465,4.290264,2.375,1.3557813,0.42450878
2177,909757,2.067386,1.9765625,0.59941196,0.3041123
1005,910933,2.14748,3.203125,2.724885,0.46595353
1026,905950,-0.214446,-0.4296875,2.2344809,0.5176516
2499,907318,8.619198,9.9375,0.7404272,0.5110258
1034,998189,-2.225183,-3.46875,1.0792352,0.31772703
1803,906836,5.413141,4.25,4.356357,0.7268069
1635,1240144,6.020465,5.625,0.33093032,0.2017786
1057,924100,-2.790473,-1.7265625,1.9649341,0.47077894
1593,1240182,0.591973,1.0703125,1.759446,0.44393292
1084,1503367,-2.108625,-1.59375,3.0977023,0.57318294
1852,905964,3.730539,3.875,0.57261145,0.22954248
1058,1240182,4.066717,0.734375,1.2929256,0.42073438
1191,906843,-6.148827,-5.4375,0.5438807,0.23956694
2157,949090,4.674561,4.9375,0.8008984,0.3068005
1854,753620,5.188896,4.1875,0.6670263,0.24547976
2158,905964,-0.3634,2.546875,1.2203557,0.32620594
1933,749710,4.277148,5.1875,1.3124355,0.39186835
1032,713880,1.779089,0.8046875,1.8575724,0.4728198
1915,909249,1.456914,1.6953125,1.3305448,0.3722128
1778,1330935,1.814924,2.484375,2.0919409,0.45955685
2055,909731,0.382094,1.7578125,1.9088173,0.5102345
1915,908127,2.735636,2.875,1.5279841,0.46493798
1816,1331048,4.604394,1.2265625,0.9154088,0.28120202
1720,1298537,5.216638,3.09375,3.4308534,0.5493387
1068,906696,-1.566211,0.14355469,1.0922602,0.41215697
1786,909709,3.581379,3.125,1.8743745,0.46076486
1073,910933,5.556104,4.78125,1.8889185,0.44685686
1058,687590,1.024853,0.546875,1.1561602,0.40688643
1042,998189,6.156403,5.15625,0.5997815,0.24849771
1441,1298537,2.89024,1.4296875,1.3560292,0.42867878
1835,724870,2.315122,4.4375,1.0185788,0.33145842
1549,687455,3.856017,3.859375,2.2716954,0.52627295
2171,1330983,-1.313429,1.5546875,3.3859468,0.60172665
1061,909745,5.603816,4.375,0.92940307,0.29522607
1812,998189,2.646713,2.609375,2.4713187,0.50605696
1843,908465,0.094665,-1.3515625,4.558336,0.6912324
1248,724870,-3.533336,-4.65625,2.9036791,0.681164
1401,1503365,5.047361,2.25,1.3222121,0.41598678
1079,688087,4.321956,1.125,2.8433952,0.5822478
2172,910851,3.339274,1.6015625,3.392283,0.5659625
1613,909720,4.812739,3.265625,1.9189216,0.44827184
1073,905982,4.38502,4.875,1.8540784,0.43494186
1618,910781,1.980988,3.5625,0.88484526,0.30531913
1854,906813,4.604003,4.84375,0.7201645,0.25851995
1054,1240192,3.913097,4.28125,1.138431,0.36689234
1926,907278,2.254608,-0.15429688,1.3334029,0.40766135
1013,753620,3.610077,2.03125,1.4261557,0.38293925
1583,905950,2.922875,2.265625,0.56554526,0.2861918
1873,1240184,1.893891,0.5390625,0.8056216,0.3983398
1931,724859,6.356289,5.3125,0.6627582,0.25904953
1085,924248,2.009279,1.7421875,1.5366299,0.4239967
1853,1298157,5.120131,4.9375,0.80396664,0.29735786
1816,910952,5.470897,4.28125,1.1243187,0.3470255
2107,905972,5.294065,5.34375,0.5675382,0.25191474
1615,906813,5.584019,5.15625,0.5638952,0.2330363
1593,910399,0.680244,2.0,1.8753926,0.44742325
1617,909749,3.311816,0.984375,4.392436,0.6141992
2359,910911,6.06044,5.5625,0.6050307,0.23768233
2039,910920,3.853052,2.59375,0.87673455,0.324272
1259,749710,3.797879,3.515625,3.9932127,0.6322074
1010,907794,4.475801,2.875,1.3055658,0.41671592
1802,1298365,4.434974,2.59375,0.44300148,0.25236413
1583,925340,3.463837,2.328125,0.54043716,0.281347
1843,909907,5.868054,-0.8671875,5.5707774,0.76577294
1812,910920,2.946043,2.25,2.9698954,0.5533444
1561,687794,1.591254,1.796875,2.8359241,0.580718
1025,687596,5.519131,6.1875,0.87970215,0.37964335
2148,1290797,2.088561,1.578125,1.0882139,0.40249053
1924,724870,4.956991,3.828125,1.6402476,0.4249412
1915,907063,3.32545,1.4921875,1.1308413,0.32981813
1635,905972,6.485132,5.71875,0.3292871,0.20000753
1133,909747,5.73123,3.078125,1.1953372,0.33593056
1168,907278,2.256505,2.3125,1.2520056,0.3827757
1810,907791,3.396995,-1.8203125,4.908176,0.6955049
1062,906746,3.617645,3.828125,2.6895308,0.5507407
1843,906696,-0.952136,-0.64453125,4.412979,0.698665
1838,688121,4.208192,3.703125,0.59081304,0.2615752
1918,753575,2.796077,3.28125,1.1889343,0.38502556
1069,909747,4.958911,3.171875,0.9973597,0.32613087
1624,753622,2.551663,3.0625,3.4271142,0.5823908
2170,909750,1.195599,3.71875,1.9978489,0.42187944
1502,910851,4.206494,4.625,0.8691553,0.29263836
1054,1298141,5.041988,4.0,1.0304283,0.34863976
1052,749716,3.565869,3.609375,1.7531282,0.4164876
1613,1503367,0.721115,4.0,3.0514433,0.5569606
1581,753620,3.456148,1.5546875,1.332182,0.3849336
2043,907175,4.423407,4.28125,0.57538414,0.22718032
1855,909755,6.161919,5.03125,1.7378701,0.4111237
1932,1240153,2.09314,1.6640625,2.6992486,0.4994551
2156,910781,3.00653,2.578125,1.3957673,0.4226984
1168,925338,3.425414,2.171875,1.1254725,0.37525487
1927,753612,5.275016,4.0625,0.72940147,0.24201429
1191,908127,-5.567376,-5.0625,0.62914646,0.26266107
1032,925340,2.889857,1.4453125,1.8078601,0.47892505
1582,753608,4.600973,5.3125,0.6096558,0.28266984
2039,906696,3.31289,3.40625,0.9189723,0.35203117
1179,1322212,0.723764,-0.35546875,1.7461178,0.4444506
1375,1240144,6.793903,6.9375,0.8504735,0.34440163
1930,688087,-0.353291,0.27734375,1.0033503,0.34791857
1449,1331048,5.095885,2.796875,0.4664939,0.21463227
1593,687997,1.496537,0.49609375,1.7752521,0.41645023
2148,909747,3.001185,1.0625,1.2600472,0.40805483
1011,1240192,2.267142,2.328125,2.0838902,0.50355077
1563,908461,6.315339,6.0625,0.47641107,0.261798
1852,910933,5.451238,5.15625,0.59738255,0.24314198
2110,909699,7.985851,5.21875,0.9198229,0.30077678
1931,908465,6.474154,5.8125,0.82734734,0.31693238
1930,1240223,3.668516,0.38671875,0.9237723,0.36107102
1997,909257,4.579496,4.03125,1.7032626,0.42788336
1558,909785,1.625763,1.46875,1.4424958,0.35459903
2158,1331048,2.237546,1.578125,1.0887043,0.30737612
1191,905982,-4.729849,-4.96875,0.5484204,0.22549215
1068,688087,-0.618855,0.049804688,1.0844185,0.3816384
1849,1290797,0.667701,-0.94921875,1.1333,0.37602717
1997,753540,4.043295,4.84375,1.8941741,0.49290985
1621,688013,2.949828,3.890625,0.9795337,0.29664496
1806,753554,6.260486,5.28125,2.2046654,0.48046145
2156,1240184,3.563389,3.578125,2.0961938,0.52202743
1054,910399,0.75498,3.890625,1.1993454,0.337057
1463,1299062,3.574539,3.765625,1.134565,0.3387596
1926,909257,-0.369444,-0.26953125,0.90908664,0.3953435
2011,910933,4.598713,4.5,1.0779675,0.31003308
1011,998189,2.673617,1.0625,2.3622527,0.50274
2040,907175,0.691635,-0.41015625,1.4479791,0.37847948
1034,907791,-0.959721,-3.65625,1.3419952,0.33132112
1043,687455,5.195956,5.6875,0.70291865,0.31846932
1593,998189,2.893662,1.234375,1.692679,0.43852472
1375,908465,7.768685,7.03125,1.1062931,0.39910772
1917,908121,0.919613,1.8828125,1.655725,0.46105903
2048,1240186,1.067839,-4.40625,2.219194,0.4314399
1845,907795,3.30043,1.4921875,4.664262,0.6609414
1084,1240172,-1.420241,-2.96875,2.1995833,0.45385593
1627,910899,3.223268,2.609375,2.0499103,0.45396152
2107,949179,5.330428,4.71875,0.6977203,0.2567758
2171,907299,0.303774,1.8515625,3.0024953,0.5753897
1085,688087,2.522036,2.375,1.2080617,0.40476263
1016,687997,3.015014,-0.037841797,2.4394147,0.4674825
1177,910899,3.533508,2.734375,2.2508526,0.44402266
1615,687568,6.017042,5.34375,0.50134,0.22948368
1062,688013,4.903709,3.09375,2.3845522,0.48828962
1025,687455,5.153026,5.6875,0.7536289,0.32690153
1058,910567,2.632392,0.359375,1.3288971,0.3967835
1830,906746,3.191725,2.75,0.7262669,0.34196898
2107,1303900,5.047966,4.78125,0.6981755,0.28272817
1038,908121,2.343994,3.0,1.1639981,0.3881001
1549,906848,4.715916,2.953125,2.5026903,0.5086185
1799,753622,3.097885,4.5625,2.5435445,0.50923425
1463,687590,4.881723,3.59375,1.5379857,0.40200582
1069,1240172,3.75195,3.8125,0.87711185,0.31959277
1779,909249,-0.642271,0.103027344,0.92231154,0.30902168
1816,909785,3.311228,1.828125,1.0154024,0.2814602
2110,924239,4.399817,3.671875,0.836107,0.29425037
1053,753608,2.558789,3.21875,1.635314,0.4217904
1052,909907,4.160705,3.5,2.2566535,0.47284645
1809,909731,-2.645943,0.5859375,3.553316,0.6114478
1083,924189,2.52073,2.046875,1.6113006,0.41559672
1008,907169,-1.034239,-0.7734375,3.9475353,0.646895
1038,909747,5.913084,2.28125,1.1136132,0.35544768
1037,906842,0.487142,0.09765625,1.2679859,0.303797
1008,909709,3.168903,0.88671875,4.8038645,0.76055014
2057,753608,4.393674,5.59375,0.8072655,0.3092396
1079,687997,4.611441,0.4921875,3.2370892,0.5868675
1808,1240223,0.014417,-0.484375,2.9951787,0.55421257
1129,907175,2.764345,2.328125,1.4492335,0.37712553
1072,907169,5.212715,4.84375,0.8687277,0.29106832
1054,1240186,4.574441,3.296875,1.3078464,0.35922638
1563,907791,6.087414,5.25,0.45740414,0.21481974
1626,687802,5.11063,3.1875,3.2343764,0.6288044
1089,906813,5.630838,4.8125,2.3303246,0.44978794
1816,688121,6.118898,3.015625,1.4042169,0.3497004
1627,909749,2.552273,3.21875,1.5357673,0.4105167
2158,925346,5.670571,4.0625,0.96582586,0.29388338
1922,1330947,1.348834,1.0234375,1.2766775,0.35226896
1630,724831,3.660372,3.484375,0.98412716,0.36399263
1038,909975,3.534713,2.453125,1.0501242,0.3417237
1621,1322212,4.829974,3.890625,1.2395397,0.35816464
2111,906827,1.589213,3.4375,2.3665266,0.4773449
1069,753612,4.211309,2.8125,0.8345783,0.2851575
2096,909731,3.570197,2.375,2.222795,0.51925856
2046,753554,4.316612,2.796875,2.93937,0.5293324
1061,906849,4.522037,3.953125,1.4534788,0.36040142
1047,1322212,4.725949,3.984375,2.0009475,0.43956748
1239,1240192,1.638398,2.515625,2.1239932,0.51765406
1933,1298537,5.214675,4.25,1.2865239,0.35336974
1180,906842,-4.547569,-5.21875,0.7649214,0.22731815
1043,907175,3.608853,4.53125,0.474806,0.21401858
1022,907794,-1.063572,-0.44140625,1.5671016,0.43638065
1091,909249,-0.638518,1.0078125,1.1529627,0.3458803
1372,925338,2.298108,-0.94921875,2.5030427,0.52044415
1910,1240186,2.640869,1.078125,2.9151425,0.55468947
1635,907269,4.619999,4.875,0.36016396,0.20099697
1835,687780,3.213528,5.28125,1.3635727,0.37624565
1627,910952,3.507267,4.21875,1.6489149,0.44076148
1012,910903,1.269855,1.3984375,0.63274604,0.29337573
1048,687780,5.720759,5.4375,0.8697782,0.32331115
1620,906813,5.592491,5.4375,0.54273283,0.23007427
1022,910781,0.226213,-0.984375,1.2730119,0.36612958
1003,688013,-5.422095,-4.21875,1.6742675,0.35081658
1578,724870,5.302637,5.34375,0.41419107,0.22937076
1250,905950,2.17905,2.21875,2.7318373,0.5469317
1080,687794,-5.171533,-4.09375,2.8668382,0.5416589
1626,1298157,5.541343,2.453125,2.4904213,0.51386666
1835,907291,1.953384,3.828125,1.1539886,0.30985925
1581,908461,3.231816,2.65625,1.3331234,0.43381524
1997,907318,3.817164,2.140625,1.5415972,0.37251127
1927,906746,5.906733,5.21875,0.7354436,0.27612713
1030,909749,5.901874,5.0,0.56189495,0.2443568
1089,1503367,5.10127,6.40625,2.1530254,0.48459914
1131,907274,3.224532,4.03125,3.7025623,0.62149674
1080,1298537,-1.373821,-4.6875,1.895725,0.4465829
1916,1503365,2.334091,3.1875,1.659641,0.43574345
2011,1298157,4.479287,4.96875,1.0435376,0.3160281
1913,907291,4.455601,4.5,0.59284073,0.24129342
1069,753554,4.380546,3.828125,0.77398103,0.30714133
2110,753612,5.787853,3.234375,0.89836264,0.27335554
1910,905964,-0.565073,-0.48828125,2.4956272,0.46822777
1782,909747,6.926682,4.90625,0.79449946,0.2728001
1190,909724,2.686924,-2.171875,6.8685274,0.8880722
1463,1240160,5.096204,3.921875,2.223652,0.48459914
1051,1290797,1.98971,1.1953125,3.906703,0.65979695
1930,1298141,2.149461,0.7734375,0.95620114,0.3644562
1830,688025,2.361804,2.203125,0.7589021,0.32335743
1996,906835,4.524839,3.71875,1.2335923,0.35479215
1011,907794,1.850946,1.640625,2.153183,0.49469563
1011,1298141,2.314565,2.046875,2.107589,0.50281966
1060,907274,2.906549,1.484375,3.6710784,0.67927754
2043,906813,4.640797,5.0,0.6205968,0.24257012
1507,688013,4.743342,4.21875,0.6267496,0.24008928
2043,1322212,5.741651,4.4375,0.6020022,0.25132868
2010,688025,3.360103,2.703125,2.7435303,0.49078944
1803,906868,6.844005,4.96875,3.5573661,0.6628006
2107,753608,4.956047,5.84375,0.6187665,0.27819458
1855,909720,6.23894,5.15625,1.2645986,0.37229803
1931,907278,4.592764,5.03125,0.80964327,0.28353262
1853,753540,5.200738,5.5625,0.9249757,0.36892238
1845,909757,3.728645,2.0,4.3008747,0.61502117
1626,909249,-1.356495,0.34765625,2.526245,0.46744344
1179,924239,-0.931163,-0.4375,1.8390602,0.43141878
2039,907175,1.222076,2.140625,0.82094985,0.30823103
1133,724870,4.536861,4.03125,0.87482333,0.3251865
1036,907795,5.056716,4.40625,1.9204137,0.44121668
1560,688013,4.539367,2.640625,1.2550694,0.34949106
2011,907278,3.738531,3.859375,1.2546757,0.3308942
1583,906848,1.272098,1.53125,0.72719014,0.28711823
1019,906835,4.45199,2.40625,1.4270613,0.41816366
1996,1240198,4.492936,3.890625,1.29448,0.38650715
2177,687780,2.18625,2.796875,0.7828135,0.3318488
1093,1330947,3.901163,2.703125,0.79869455,0.27289677
1630,687997,5.08823,2.609375,1.1885148,0.3565457
1854,908121,5.400537,5.28125,0.7132611,0.27599305
1911,1331048,-7.063868,-5.6875,0.8538122,0.28747246
1059,753575,0.326188,-0.13769531,1.2904526,0.42197058
1200,907794,4.059926,3.765625,1.0852078,0.32555434
1191,687596,-3.296432,-4.84375,0.7076342,0.2808127
1024,906827,2.375395,-0.12597656,1.7917941,0.48329535
1918,1240153,3.023609,2.578125,1.4880264,0.40501451
1928,910567,4.06653,3.21875,1.1283126,0.32451278
1835,1240153,2.530197,3.375,1.2883612,0.32365432
1615,753620,5.375969,4.375,0.5548158,0.2304532
1614,925340,3.716849,4.09375,1.8476129,0.4316137
2055,907322,2.094979,0.7109375,1.475511,0.3926399
1909,908127,2.068436,1.8828125,2.2122948,0.53457844
2040,909785,-0.292767,-0.80078125,1.2113465,0.30430716
1073,753620,2.594119,3.671875,2.436433,0.48778987
1827,1659818,-2.736573,0.03491211,2.3516867,0.48524055
1372,907322,2.541306,-1.34375,2.9057462,0.51638883
1069,909724,3.684397,3.203125,0.82747495,0.28835055
2045,907322,4.045291,3.515625,0.9467198,0.2908204
1180,688013,-3.849261,-4.40625,1.2522202,0.29748774
1021,1290797,3.979353,2.9375,1.5958831,0.40266374
1133,1331048,2.95372,1.4765625,0.7275836,0.2664337
1634,1503365,5.868508,5.15625,0.81060296,0.31365904
1561,753575,1.516787,1.8828125,2.2060297,0.50474715
1510,906843,4.063268,2.96875,1.2826326,0.34440163
1622,1240144,4.726369,4.625,0.8136483,0.30093876
1037,907063,3.235791,0.41796875,1.2858472,0.3174589
1559,753575,-2.561946,-3.46875,1.9309033,0.4077427
2154,925340,2.769417,2.328125,0.54043716,0.281347
1578,724859,4.655038,5.03125,0.39329177,0.20369214
1038,1298348,4.479117,3.109375,0.77484983,0.32021576
1632,949090,4.054872,3.625,1.2330508,0.38608062
1021,1298141,6.373864,3.5625,1.3339868,0.39830315
1816,687997,5.919438,2.5625,1.1797758,0.32702297
1079,949090,4.538388,1.234375,3.037235,0.65149
1023,910920,2.839789,2.796875,0.7536781,0.2931053
1017,907278,4.301248,3.875,0.9980152,0.3080414
1512,753612,5.782441,4.46875,0.3706515,0.18660277
1014,907322,4.554219,0.984375,3.1969206,0.5718963
1918,925338,4.760299,2.921875,1.1416293,0.3679231
1200,1298141,4.09532,3.9375,0.9266654,0.31974936
1086,687596,1.30333,-0.5859375,6.1079683,0.8293235
1561,713880,1.428253,1.1640625,2.503812,0.52872205
1598,910567,4.891992,3.5625,0.86297154,0.3022079
1014,925338,3.698993,1.6640625,2.9638104,0.5720603
2055,1674021,0.93155,1.5234375,1.4438895,0.43315616
1020,753575,6.11904,5.6875,0.4948096,0.24528958
1924,1240172,4.906957,3.78125,1.7625848,0.41175064
1007,905986,-4.107521,-4.75,2.3967803,0.51008826
1736,1331048,5.454786,1.734375,1.8165132,0.41907832
1248,909724,-2.970464,-4.96875,2.5358953,0.59488696
1378,909720,2.98572,3.09375,1.663934,0.44079718
1925,909975,5.721283,5.0,0.55205894,0.22814482
1549,908150,4.311575,3.578125,1.7079734,0.42167634
2039,724831,4.697752,3.3125,0.74990404,0.33542976
1375,1298136,8.157104,6.8125,1.1054981,0.39098617
2156,908461,3.445431,3.6875,1.982915,0.5324356
1494,909257,-3.586151,-4.28125,1.9152898,0.45119184
2107,909757,6.028741,5.34375,0.66786975,0.27183113
2039,909747,4.571456,2.609375,1.0250871,0.3468326
1093,1240159,3.996874,4.59375,0.6713823,0.26913673
1190,753575,5.78816,-0.46484375,7.7960477,0.96651167
1849,906836,-3.910998,-1.5703125,1.2651368,0.34749535
2038,910903,3.766146,4.4375,1.2985497,0.34867558
1061,1240223,5.480663,5.0,1.0936265,0.34407052
1373,907299,3.442429,4.1875,1.3658938,0.3717722
1559,946359,-1.782393,-4.125,1.7641711,0.3640142
2156,1298350,4.296535,3.4375,2.1584804,0.537539
1559,749710,-2.051594,-3.03125,2.198466,0.46788257
2040,905968,-0.536497,-0.640625,1.2499403,0.36455426
2359,1331048,4.086089,2.890625,0.5957927,0.23405324
1529,907175,1.893206,-1.2578125,2.9603837,0.48228616
1018,1240127,4.559426,5.5625,0.33513725,0.18799487
1024,1240184,-0.063835,-0.022460938,1.7851508,0.5016883
1581,909745,2.807388,2.3125,1.0487849,0.36727872
2170,907794,1.887927,4.125,2.0000734,0.43937543
1190,1298538,-1.268636,-1.03125,7.2883625,0.9265246
1190,909720,-3.259186,-0.6875,6.802414,0.8921784
1510,1240198,4.256876,4.1875,1.2264361,0.35603335
1913,753612,5.44596,3.859375,0.5835769,0.226953
1918,906849,4.870841,2.71875,1.5702308,0.4254551
1091,1299062,3.524284,1.75,1.0008576,0.36287084
1927,905972,6.402518,5.375,0.6399171,0.25652325
1631,905964,1.747245,1.453125,1.7945653,0.3974143
1038,687780,3.972954,3.578125,1.2609084,0.39480308
1910,949179,2.441968,0.6171875,3.2893784,0.5807499
2173,909724,4.087213,3.703125,0.83175015,0.27066204
1827,687505,-1.942671,0.421875,2.4229643,0.5280352
1630,749716,4.520021,3.375,1.3529766,0.38912812
1922,1240160,2.949267,2.40625,2.1670156,0.49787366
1088,907299,1.514507,1.390625,3.480716,0.5420269
1912,925340,1.428333,3.390625,1.9239984,0.44945782
1073,907269,1.108885,3.859375,2.453157,0.49855193
1449,753554,5.886929,5.4375,0.4846505,0.2421169
1626,906849,1.11027,1.484375,3.3184278,0.58587873
1018,906849,5.215209,5.15625,0.45240054,0.2054942
1916,1240184,4.655436,2.65625,1.9053463,0.4704051
1629,909907,4.449225,4.5,1.3483115,0.35086322
1799,910781,3.684892,3.703125,1.8529855,0.43286878
1529,753608,1.391269,1.703125,3.9181502,0.6004087
1067,910851,4.457165,5.3125,0.44442636,0.21142527
1061,907169,3.497787,4.375,1.1797311,0.31964892
2439,905968,10.111241,9.0625,0.31977808,0.27308205
1918,687505,4.30594,2.890625,1.3579329,0.38874474
2096,905950,2.62374,2.40625,1.9300792,0.47651136
1908,1298365,4.130381,1.265625,1.5779244,0.4236909
1062,1290797,2.404445,3.640625,2.698253,0.54425645
1776,724859,5.132278,3.96875,0.9054957,0.3109119
1060,1240127,3.197309,1.1015625,2.915561,0.6015888
1559,907318,-3.042799,-4.875,0.98535705,0.2914537
1932,946354,0.792518,2.203125,2.13489,0.43062222
1927,905950,5.261982,5.25,0.7551017,0.27928448
2438,908127,10.767837,10.5,1.2017745,0.74694365
1927,1240192,4.706787,5.6875,0.8073191,0.32037097
1058,924100,0.52463,0.88671875,1.4124575,0.4552053
1811,1240144,-0.61101,-4.46875,2.035293,0.42978638
2177,998189,3.13692,1.6015625,0.5276341,0.28550208
2170,907291,2.842776,3.328125,2.4475539,0.4624395
1003,909709,-0.210537,-2.0,3.083321,0.53394675
1237,909726,5.59395,4.96875,0.29693308,0.17828977
1916,687997,5.621489,1.7421875,1.853427,0.42759448
1564,925340,0.083386,2.65625,3.340513,0.5784853
1635,687590,4.880478,5.46875,0.342916,0.1963551
1720,713880,2.618303,3.015625,4.1678157,0.6072917
2172,949090,1.774652,2.15625,3.4413028,0.63676095
1614,910933,2.682771,3.78125,1.6714611,0.41088402
1941,908121,-1.451471,-4.34375,1.8189744,0.43580842
2438,1240223,12.057965,10.5,1.1515286,0.72121733
1913,687596,3.81035,5.6875,0.8438471,0.3586354
1026,910851,-1.435566,-1.015625,2.309971,0.51155317
2055,1298358,1.56679,2.265625,1.8413981,0.5320714
1372,687505,0.006414,-1.0390625,2.722478,0.5370596
1932,1503365,5.724209,3.390625,2.121276,0.4514548
1598,687596,5.108296,5.28125,1.253947,0.41809082
2040,908461,2.123018,0.8359375,1.4406607,0.46880922
1042,905964,4.702755,4.1875,0.48265734,0.21755755
1918,687590,2.598022,2.9375,1.2951148,0.39595547
1059,1240184,1.08104,0.022705078,1.4936852,0.47676066
1827,1298348,1.36419,0.9453125,1.8243108,0.48328304
2043,908150,4.908614,5.15625,0.51974297,0.22834976
1811,1240145,-2.355293,-4.3125,2.448821,0.49767074
1557,907794,6.148585,5.21875,1.0013326,0.3003924
1910,1240160,4.04072,1.734375,3.9569285,0.6299914
1091,687505,2.969673,1.5859375,1.3330929,0.41146445
1024,1240159,1.167279,0.04663086,1.435631,0.43067873
1401,908465,2.179043,1.78125,1.4577223,0.43320367
2044,753622,3.879724,3.828125,1.191964,0.36790448
1855,753554,5.632239,5.09375,1.7652545,0.43394062
1034,687596,-1.993414,-2.546875,1.777311,0.4331616
2171,907271,4.79461,2.953125,2.575913,0.53974223
1622,907794,5.383248,4.625,0.8965636,0.3124259
1243,749716,3.959483,1.9140625,1.1065127,0.39328775
2109,907794,2.445686,2.375,1.020763,0.37193486
1057,1240192,-1.638937,-1.484375,1.4657772,0.42353588
2110,1303900,4.108189,3.96875,0.9051356,0.32331115
1073,910780,5.206538,3.390625,1.9915447,0.41729704
1375,910920,6.383555,6.0625,1.4102108,0.3786579
1845,1240184,4.002981,2.234375,4.1021223,0.6065062
1239,907794,4.084046,1.828125,2.1656666,0.5080362
1909,907299,2.021629,1.0,2.2502115,0.5023682
1625,1290797,4.971338,4.875,0.7920499,0.29149112
2174,687596,2.531545,3.578125,2.0736363,0.52092636
1091,688087,0.326552,1.9140625,1.2581991,0.4074563
2044,1240127,3.85757,3.421875,1.1060147,0.3446511
1046,1322212,1.650345,1.171875,2.0956993,0.47753128
1613,909724,3.012844,2.140625,2.9495168,0.51077545
1617,1503367,2.354488,3.234375,4.764493,0.63190156
1560,909750,4.01125,3.21875,1.2908632,0.37299454
1736,1298537,5.461204,3.15625,2.5248158,0.53315735
1581,1240160,3.560815,2.640625,2.0220373,0.48446032
2037,909975,6.127227,3.0625,1.9779531,0.43451604
1019,909757,3.587636,2.59375,1.762361,0.46687177
1239,905986,3.107353,1.3671875,2.193919,0.49991187
1025,1303900,5.339911,5.0625,0.59510297,0.26893103
1576,905964,1.308785,1.3046875,0.9732796,0.30768093
1782,749710,5.78206,5.78125,0.70843065,0.30494976
1031,753608,-1.92469,-0.28515625,5.736968,0.76970947
1016,688025,2.10511,-0.23925781,2.729053,0.48498815
1563,910899,4.946634,4.96875,0.51625335,0.22565919
1626,688121,3.152519,1.5234375,3.2411451,0.5685289
2499,909907,9.997005,10.25,1.071526,0.5798012
1931,1240184,5.598277,5.8125,0.8444773,0.309239
1047,1298141,7.473411,5.34375,1.5530862,0.42464817
1580,925338,5.42843,4.96875,0.5007043,0.21334302
1629,1659818,2.965629,3.421875,0.95913565,0.28637972
2158,687505,3.799975,3.875,1.4253742,0.3459028
1549,907063,4.699637,2.203125,1.3608521,0.34486917
1038,1298365,2.518202,1.9140625,0.6735363,0.3035961
1030,1240184,4.504119,5.3125,0.6459852,0.2717591
1814,1240159,7.362854,6.3125,0.60798687,0.28117293
1512,1298157,5.604463,5.53125,0.37338758,0.21270725
2177,687794,2.251154,1.78125,0.64094305,0.31286094
1019,909731,1.944619,2.484375,1.9442587,0.5014754
1582,910903,2.727889,4.8125,0.6389972,0.27717772
1849,907169,-0.433345,-1.0859375,1.1111249,0.3563674
1786,908461,3.917983,2.796875,1.5961826,0.4506535
1825,1674021,-1.361619,-1.46875,1.8536156,0.42941839
2045,908150,5.546774,4.875,0.866021,0.27910033
2046,925338,0.988851,2.09375,2.855034,0.5008012
1511,946354,-1.160225,-2.21875,1.9713182,0.42960823
1593,905968,1.509792,0.33203125,1.3943453,0.3710414
1849,1240172,-0.076713,-0.75,1.1672493,0.37800306
1133,907269,0.691415,2.734375,1.0549852,0.3240781
1625,909907,6.32738,4.875,1.1821542,0.35131076
1022,910399,-0.478547,0.026123047,1.9428933,0.4674825
1853,907794,3.431816,4.8125,0.83965224,0.30141285
1806,724870,4.587662,5.375,2.2098532,0.48159203
1051,909720,0.986223,1.6328125,2.783313,0.5699447
2109,905982,3.681675,2.25,1.0190451,0.356864
1629,1298136,3.944081,4.53125,1.09445,0.34598628
1631,1298157,4.921593,3.796875,1.9585358,0.44082376
1033,924239,4.081354,4.5625,0.6484494,0.25345674
1023,907322,2.159854,2.203125,0.65707123,0.27154237
1084,905986,-0.255247,-3.3125,2.0596368,0.44179416
1237,687505,4.778318,5.34375,0.3472723,0.19430164
1091,905964,2.266988,0.95703125,1.0836192,0.33287412
1580,910851,5.064689,4.96875,0.66425276,0.2456828
1030,909907,7.636061,5.1875,0.8411437,0.2989677
1375,910899,5.159734,5.4375,1.402497,0.38698587
1736,1298350,5.097809,3.859375,3.0262737,0.6104205
1021,749710,3.457817,3.359375,1.5997314,0.42761457
1918,909755,3.712256,3.234375,1.2406535,0.38293272
2156,687455,2.648009,3.609375,2.3651843,0.5764365
2047,1298348,3.219346,2.4375,1.7755017,0.44798398
1631,909726,2.289512,2.515625,1.9988074,0.4124284
1494,909709,-2.007576,-3.265625,3.059223,0.55462134
1613,907274,2.628237,2.609375,3.3039193,0.59498173
1131,1674021,3.477572,4.3125,3.0252135,0.5077998
1511,1240145,-1.565568,-1.2578125,2.1406283,0.5000639
1378,909755,3.370944,2.890625,2.418912,0.49159238
1593,910933,1.403898,1.5234375,1.5180571,0.42079142
2044,906843,4.947338,2.515625,1.1081674,0.33087775
1068,1503365,1.039153,0.25,0.98613983,0.40137094
1007,1240145,-5.483417,-4.25,3.214281,0.6073045
1810,909755,3.961803,-1.0078125,4.3216634,0.65534306
1862,909731,-1.367433,-1.6796875,0.28288934,0.20237163
1853,1330947,3.344757,3.03125,0.9269507,0.2874752
1042,909907,5.467907,5.40625,0.85523206,0.29365328
2111,909726,2.215068,2.5,2.0267327,0.41189027
1069,910952,3.403358,4.3125,0.83343834,0.3324131
1862,1240192,-0.95995,-1.359375,0.27717158,0.21059144
2096,907066,5.695906,1.984375,1.7711288,0.4335134
1854,909755,5.491453,5.09375,0.6562494,0.2552153
1062,906842,3.360561,2.0625,2.268133,0.45073974
1720,1290797,5.706929,4.0625,3.5474403,0.5494354
1635,907278,4.939563,5.15625,0.34536082,0.1982637
1632,908461,3.875484,3.984375,1.1049833,0.35783878
1054,1298168,4.3069,2.640625,0.8791129,0.3203219
1200,905986,3.269835,3.328125,1.037215,0.31710777
2111,753554,5.732963,3.484375,2.0788932,0.4459247
1627,1240160,3.401903,3.609375,2.4598486,0.49991187
1799,906813,3.667962,3.875,2.7525496,0.5024054
1873,924189,2.459641,0.46875,0.7861466,0.34451208
1190,687802,2.04209,1.7265625,8.760888,1.0960819
1003,949090,-2.474278,-2.765625,2.6172075,0.5318917
1079,925338,3.619962,0.5625,2.501934,0.54524505
1559,946354,-3.566896,-4.21875,1.5398973,0.36738223
1922,1240223,5.430109,2.4375,1.2787286,0.42221972
1060,1240192,2.750338,1.75,2.8055308,0.621297
1191,905964,-5.685577,-5.625,0.53090507,0.24552527
1560,906827,3.836805,3.359375,1.566548,0.4187445
2047,1330947,0.263771,1.0234375,2.154151,0.43778533
1511,1331048,-3.819138,-3.78125,1.0159814,0.2655619
2498,906696,7.926546,8.5,0.7031041,0.37077528
1017,909749,4.989532,4.25,0.9122721,0.3012205
1854,1330935,2.898185,4.28125,0.7190355,0.26462027
1021,753620,1.847909,1.765625,1.5609308,0.3837131
1927,1290797,5.683699,5.21875,0.690672,0.25931734
2359,907795,5.647139,5.375,0.89726675,0.30808637
1073,906746,6.107925,5.0,1.9870209,0.46418026
1830,687455,3.16634,2.6875,0.8686384,0.39053583
1940,925338,3.565018,3.546875,0.83019555,0.29950246
1916,687590,3.07399,2.25,1.8092259,0.44283837
1925,1503367,5.870386,6.15625,0.74372774,0.3073542
1873,688087,0.34851,0.63671875,0.76664793,0.35821015
1808,907278,-1.180907,-1.3984375,3.0337756,0.4971543
1054,909757,4.04337,3.734375,1.3492775,0.36892238
1635,910780,5.131043,4.5625,0.27382368,0.16910715
1808,924239,1.108363,-1.6875,2.956365,0.49026987
2498,908465,8.928213,8.5,0.7362677,0.38329476
1510,753620,1.947267,2.875,1.4312975,0.36272153
1177,906696,4.492218,4.4375,1.8706262,0.42624557
2055,909699,3.185606,2.421875,1.9329317,0.48984638
1912,910781,1.298886,2.734375,1.3894676,0.39593348
1925,749710,5.495836,5.625,0.58508635,0.28267065
1927,687505,4.281237,4.96875,0.7441032,0.25549597
1930,906842,-0.423065,-1.1484375,0.7523951,0.22894025
1939,1298350,3.291143,3.0625,1.3975952,0.41533518
1060,1240153,-4.473937,0.83203125,3.5795057,0.63612455
1096,1240172,4.251041,2.421875,2.7325418,0.5351154
1922,753612,3.928509,1.28125,1.3921827,0.37213597
2359,1330983,3.160203,4.5625,0.809204,0.28619462
1051,753620,-0.051886,0.265625,3.987678,0.65347326
1062,910780,4.257676,2.640625,2.3448744,0.47654584
2038,1298168,5.437632,3.15625,1.041439,0.33563387
1835,907278,3.055438,3.640625,1.1268702,0.31523588
1831,1331048,2.393575,1.875,0.394882,0.2050433
1736,907066,6.061547,3.265625,2.572062,0.5266864
1779,909749,0.810486,0.42578125,0.8762534,0.37051395
1053,905972,5.572864,2.546875,1.4879323,0.399527
1852,924248,4.476996,4.375,0.91700745,0.27639824
1862,949090,-1.817174,-1.5546875,0.33622324,0.24173503
1010,749716,3.288063,2.90625,1.6206701,0.44718555
1239,1298538,3.226339,1.609375,2.1061292,0.48995385
1852,998189,5.911693,5.09375,0.6471274,0.24914551
1720,907791,-1.975845,2.90625,4.094427,0.6024014
1598,1240160,3.54065,4.65625,1.3669211,0.37545243
1580,1240172,6.15348,5.28125,0.59379154,0.24414724
2039,909731,2.052209,3.03125,1.012806,0.3708793
1168,753608,-2.165675,3.109375,1.2651308,0.41369048
2038,909249,1.900115,2.4375,1.4187555,0.35486096
2046,753620,0.061278,1.0859375,3.0882664,0.5314229
1810,907291,0.349402,-1.7890625,5.136602,0.7278736
1036,1298348,7.429317,4.6875,1.2091479,0.3543097
2159,908465,2.94055,3.4375,1.8550155,0.44256178
1401,908461,4.078528,1.8828125,1.3419335,0.43457294
2055,909257,1.479646,2.015625,1.1896083,0.42492375
1259,724870,4.786818,3.015625,4.31545,0.66481185
1259,1298538,3.297291,2.765625,3.935447,0.5998946
1013,998189,3.476862,2.78125,1.4409999,0.39943185
2043,1298348,6.410061,5.3125,0.48629308,0.2325355
1131,1298157,5.1412,5.125,2.6640782,0.5105364
1029,907169,4.706974,5.65625,0.53307694,0.23360965
1511,907291,-1.923169,-2.078125,2.3088894,0.4622548
1849,753540,-0.167946,0.12597656,1.2825587,0.46269757
1594,1240198,2.698133,2.625,1.7350148,0.4455323
1594,910851,3.702899,2.21875,2.1620047,0.46012276
1052,907794,5.896472,3.75,1.3949856,0.38141996
2055,1240192,2.273161,2.375,1.4183562,0.4637943
1549,946359,0.880982,2.796875,2.4359932,0.4770421
1927,1240184,4.814909,5.375,0.7829843,0.28959727
2439,908121,9.380823,9.875,0.41628802,0.32969522
1618,925338,5.044825,3.765625,1.1070038,0.32286575
1179,907791,0.483563,-0.2578125,1.992423,0.44481602
1060,1298141,-0.703479,1.8515625,2.7924035,0.60372674
1582,907274,3.078743,4.25,0.8096053,0.32127824
1175,909720,3.938044,4.625,0.7747676,0.28655818
1029,1240144,5.586283,5.84375,0.49589777,0.24646291
2109,753540,2.749806,3.15625,1.0724761,0.40266824
2106,925346,4.62357,2.890625,1.5979949,0.41034716
1089,907791,5.629011,4.03125,2.500856,0.47925693
1190,687596,3.698354,1.0625,9.361145,1.1406777
1510,687590,6.020522,3.8125,1.4090335,0.36342674
1919,905982,1.547716,1.1875,1.1214945,0.38319057
1913,906835,5.607772,4.875,0.5130782,0.23485674
2173,905950,4.762432,4.34375,0.85998696,0.30116272
2148,724870,2.178227,1.7265625,1.1313739,0.4377798
1048,906849,4.983128,4.1875,0.83526796,0.2896349
1005,907271,3.197508,4.25,2.6473768,0.47358856
1007,910899,-2.909354,-5.125,1.9555141,0.44014364
1059,1299062,1.803166,-0.51171875,1.1095132,0.3809635
1581,910920,1.804802,1.96875,1.4702909,0.41511023
2047,753612,1.359662,1.390625,2.3129435,0.4529452
2171,1298358,2.456847,3.015625,3.3887818,0.64941657
1191,1298538,-4.564047,-5.0625,0.6164115,0.24461253
2110,906836,2.409855,3.296875,1.0098022,0.31316993
1799,909747,7.42989,3.34375,3.096383,0.5328196
1786,1331048,2.793239,0.94140625,1.057075,0.30974868
1629,910933,4.367541,4.4375,0.8747701,0.2916657
1816,687802,7.029494,4.625,1.4258647,0.40819207
1926,749710,0.013361,0.09326172,1.197823,0.4519904
1373,907791,3.733275,3.984375,1.373751,0.35589957
1908,1298168,4.008823,1.6328125,1.5053406,0.4230521
1029,998189,6.188121,5.65625,0.53385,0.24001653
1853,687794,4.37823,4.65625,1.0860405,0.34498212
2048,908461,-1.381544,-3.96875,2.8322694,0.5277022
1852,907794,5.697704,5.375,0.60222536,0.25014564
2438,906868,10.849913,10.25,0.8212652,0.57436883
1812,1298136,4.697804,2.84375,2.7081008,0.5763442
2498,1240127,8.699271,8.1875,0.58581704,0.3345804
2359,909257,5.163004,5.8125,0.63338304,0.28549707
1038,906868,3.32664,2.734375,0.94384223,0.33881435
1913,1303900,3.843099,4.4375,0.6194211,0.27284077
1088,925346,3.345715,1.875,2.6914961,0.44904444
1026,687802,3.238414,0.42578125,2.6559207,0.61020005
1248,906843,-3.852151,-5.21875,1.9322128,0.52830976
1631,907299,3.289842,2.78125,2.2053423,0.46934602
1581,687455,2.923974,2.59375,1.6328734,0.4718183
1622,908465,5.377379,4.65625,0.9667559,0.33522928
1776,1240145,4.455563,4.53125,0.7222808,0.27254775
1043,1674021,4.41854,5.3125,0.49792603,0.227921
2011,1290797,2.836561,4.59375,1.161695,0.31763312
1177,1298350,2.142199,4.125,2.0437953,0.45260736
1131,753620,3.21867,2.90625,3.7725365,0.59395486
1018,908121,5.218918,5.90625,0.4091613,0.2191278
1617,905964,-2.8636,-1.0234375,3.3204327,0.4983693
1632,909257,3.04572,4.03125,0.9327335,0.32503006
2439,906746,9.175886,10.0,0.5204621,0.36560303
1179,906843,1.70749,-1.046875,1.5581374,0.376508
1919,910567,1.149045,0.5703125,1.260735,0.3729063
1046,1330935,-0.037087,1.0078125,2.5184815,0.49681744
2498,687590,8.565265,7.96875,0.5976034,0.33179343
1008,910952,3.805002,1.0625,4.6794176,0.7623397
1047,925346,4.997584,4.75,1.3535296,0.3370774
1179,1240182,1.993751,0.041992188,1.7416047,0.45522872
1912,907322,2.263971,1.8203125,1.7668521,0.41974798
1037,1240144,2.506479,2.328125,1.3104553,0.38579828
1032,749716,-3.584359,1.46875,2.1438057,0.5158244
1936,906835,3.407856,2.21875,1.1393124,0.37986937
1549,910920,3.308441,3.0625,1.9100753,0.4388414
1915,924239,2.141872,2.390625,1.4712027,0.4059436
1939,906827,2.693253,3.03125,1.3929071,0.4024801
1004,925340,-3.35971,-4.46875,2.4040563,0.46737954
1180,1298537,-2.942479,-4.03125,1.2932826,0.33505252
2110,909747,7.874899,3.71875,1.0330231,0.30844113
1622,905986,4.170391,4.25,0.85505044,0.30091712
1086,753622,-3.893284,-2.03125,4.400865,0.64748675
1237,1298350,5.44762,5.5625,0.36542252,0.23358518
1849,907322,-0.883564,-1.8046875,1.0891383,0.31470618
1927,909757,6.228602,5.34375,0.7755971,0.28120044
1061,925338,4.457778,4.3125,1.0385923,0.30291307
1632,1240153,3.824282,2.8125,1.4087197,0.3569998
1529,1330947,-3.048084,-1.8046875,2.537227,0.43937814
1057,907794,-2.301344,-2.171875,1.4000409,0.3880784
1029,1298168,6.144732,5.0625,0.4191058,0.21539044
1997,1240172,5.121181,3.75,2.1853678,0.4543917
2057,905964,3.987461,3.21875,0.78483707,0.2694824
2148,908461,1.603618,1.828125,1.1627885,0.44319698
2010,905986,3.951481,3.34375,2.164268,0.45348853
1809,908465,1.113791,0.41796875,3.3628175,0.58234787
2174,753540,2.586669,3.75,1.3694384,0.4456326
1922,1299062,5.115485,2.0625,1.0831984,0.36470515
1580,908150,3.252059,5.125,0.51447266,0.2220253
1237,909720,5.081372,5.375,0.28388298,0.19941601
1053,909745,1.556786,2.03125,1.3997853,0.38800755
1060,910567,3.639169,0.99609375,3.5184524,0.6378772
1375,753622,6.009709,7.0625,1.0739756,0.38362014
1054,908465,3.088868,3.796875,1.2919985,0.37332258
1915,753575,0.627325,2.625,1.4336851,0.4240623
2439,909785,8.890263,8.875,0.36485332,0.29766935
1615,1240145,5.337407,5.40625,0.4028962,0.19869983
2111,1298537,5.1073,2.625,2.0805218,0.44981566
1629,724831,4.002649,4.71875,0.7903706,0.299741
1581,910952,1.187858,3.078125,1.4469764,0.4402888
1932,749710,1.515028,3.03125,2.22425,0.48089015
1931,1298136,7.471073,5.6875,0.91755253,0.32612565
1598,910920,3.433378,3.96875,0.92073035,0.29388255
1004,905972,-2.974955,-4.5625,1.9888263,0.42999074
1845,687590,1.920752,0.96875,3.87411,0.5618113
2172,910567,0.221519,0.921875,3.5401075,0.5906253
1598,909699,8.138584,5.03125,0.96350247,0.30605778
2175,906849,5.006378,4.0,1.693891,0.39736402
1799,687802,4.992485,5.46875,3.0095997,0.6209925
1802,909731,3.017601,3.484375,0.6426143,0.29718694
1051,905972,1.52542,1.5703125,3.3992758,0.6080955
1558,907322,2.429167,1.71875,1.6038207,0.40290216
1810,1240145,1.293154,-0.68359375,4.463537,0.68398255
2154,753554,2.752425,2.28125,0.5160863,0.2778191
1259,925340,3.878491,3.203125,4.402644,0.6384577
1581,905964,0.419888,1.296875,1.1262249,0.33626938
1022,724870,0.724382,-0.37109375,1.6289355,0.46417063
1819,687780,-1.065925,-3.390625,4.206139,0.665918
1997,1298350,3.621412,3.765625,2.3527513,0.5046675
1249,907299,1.845865,2.78125,1.7003076,0.42901146
1006,1298168,1.316013,1.15625,2.7957234,0.6141635
1557,1290797,5.526977,5.0625,1.035114,0.29495925
2106,907278,3.798391,2.703125,2.1797676,0.46756235
1511,909699,0.505951,-0.29296875,2.9934974,0.5655898
1510,749710,3.331907,4.4375,1.3050463,0.37709275
1922,908121,3.251811,2.328125,1.735529,0.47453204
1013,1240223,5.570455,3.328125,1.3936776,0.41417092
2048,1240160,-1.223696,-3.546875,3.2165182,0.5092407
2047,905968,0.461329,1.140625,2.0785947,0.45298696
1079,909907,4.357993,1.234375,3.9043632,0.6804646
1023,907066,4.318791,2.890625,0.70166266,0.2899703
1634,753554,4.04304,4.65625,0.81032896,0.308857
1558,1322212,3.514648,2.3125,1.7993829,0.4500639
2159,924100,1.781468,3.28125,2.0474334,0.453413
1615,908150,5.161331,5.28125,0.48697478,0.22176707
1736,1240186,5.586503,3.578125,2.680572,0.54476917
2045,1330947,2.643126,3.25,0.9962664,0.2892153
2173,906868,4.213125,4.125,0.8498079,0.2903611
1924,1240144,3.933697,3.890625,1.4322842,0.3811371
1061,724870,4.555795,4.71875,1.0586761,0.33467716
1630,924239,2.670501,2.796875,1.1468894,0.35399202
1862,907299,-1.465405,-1.7109375,0.25444043,0.18293549
1926,906849,2.4304,-0.3515625,1.3862447,0.42381662
1720,907278,0.589034,3.0,3.7825592,0.5858511
2045,724831,5.050746,5.1875,0.81290704,0.2961985
1776,909731,2.706214,4.21875,1.2061496,0.37051395
1401,907066,6.491973,1.359375,1.3519107,0.38345388
1816,1240172,3.726513,3.671875,1.205018,0.33249626
1815,1240198,6.404237,5.84375,0.45670947,0.2377591
1010,907299,3.937564,2.484375,1.3588562,0.41941643
1032,909726,1.569491,0.7578125,1.5736467,0.420642
2039,905964,2.315933,2.09375,0.66090804,0.2717433
1853,1322212,5.076077,3.859375,0.9626175,0.31630236
1912,909907,3.316931,3.234375,2.7158709,0.53185076
1009,1240182,6.599553,4.78125,0.5610898,0.25356025
1512,1303900,4.280504,4.96875,0.41224858,0.22770835
1928,906836,1.673271,3.265625,1.2891394,0.3325029
1997,910567,1.113273,2.390625,2.2413008,0.4696295
1625,1240184,4.788906,5.0,0.8993127,0.31964266
1079,1240172,4.500248,1.0234375,2.7214131,0.5791773
1817,1503365,-5.148173,-5.125,0.8672116,0.30976483
1085,688121,2.932152,1.9609375,1.4106175,0.41723925
1804,1240223,8.239093,5.59375,3.8311582,0.76135546
2359,753554,6.016629,5.5625,0.6630396,0.2775166
2171,1330947,0.071168,0.5078125,2.8041525,0.518866
2037,906835,4.917312,3.484375,1.4918209,0.39520228
1131,909720,1.841628,4.96875,2.1034558,0.454774
1853,907299,3.732123,4.21875,0.925771,0.31322953
1494,753622,-3.638873,-4.28125,2.1969082,0.471239
1086,924189,-1.814043,-2.859375,3.477418,0.5599881
1069,946359,3.393951,2.921875,1.0665677,0.32300258
1168,907271,4.065302,2.8125,1.1451465,0.40301037
1049,1298537,4.35189,3.25,1.0478326,0.35107768
2043,907066,4.057316,4.625,0.5337867,0.23094971
1911,909975,-2.489143,-4.6875,2.1400151,0.431656
1736,1240184,2.220971,3.84375,2.9206963,0.5847425
1030,909750,4.942302,5.09375,0.54881364,0.23745127
1996,906696,3.759842,4.125,1.4301978,0.40193442
1008,1290797,-3.176901,-0.5078125,4.3734765,0.70026886
1806,906827,5.496595,5.25,2.3664827,0.49204993
2039,905972,3.741755,3.375,0.7691351,0.31624267
1838,906827,4.545919,4.15625,0.5716037,0.2761568
1190,1330935,-2.374678,-2.21875,7.378653,0.97493726
1918,1298348,3.272188,3.34375,1.0048693,0.36251798
1089,949179,3.012074,4.125,2.9323335,0.5077998
2096,724870,2.423339,2.359375,1.7961733,0.48667434
1916,1298348,3.465673,2.78125,1.3831873,0.4034167
1507,924239,3.059333,4.34375,0.7376441,0.27282757
1010,907271,4.298596,3.25,1.2469677,0.41779813
1557,713880,5.044698,4.3125,1.2552587,0.3112512
1175,688025,3.473738,3.71875,1.2868338,0.32327062
1014,946354,1.754353,1.5703125,3.031694,0.5728066
1622,906849,4.700015,3.859375,1.1779354,0.34036404
1034,909724,-1.271149,-3.859375,1.1153914,0.30776587
1632,909731,3.274627,3.578125,1.3714415,0.38189644
1922,906842,1.831076,0.671875,1.0879343,0.30574667
1910,1298358,0.384947,2.171875,3.2491858,0.6316836
1926,906813,1.347617,-0.6875,1.1257973,0.39424804
1776,910952,4.907353,5.03125,0.9765009,0.34196526
1862,905972,-1.338994,-1.5546875,0.22103271,0.17416774
1862,724870,-1.017582,-1.4375,0.2671393,0.2098828
1016,908465,0.825937,0.578125,2.4343684,0.5061651
2148,909750,1.601337,1.5390625,0.97214943,0.37806877
1007,753622,-5.900041,-4.4375,2.7910223,0.5546521
2096,907318,3.327267,1.4453125,1.2467391,0.3602449
1061,907269,2.394136,3.5,1.2872472,0.33497277
1038,906842,0.731515,1.46875,0.74014807,0.26569352
1622,909731,3.721348,4.375,1.1277616,0.356517
1085,910780,1.949587,1.4140625,0.9293501,0.32067573
1853,687455,3.140537,4.84375,1.1289893,0.37277773
1594,909745,-0.284157,2.28125,1.4850202,0.3916427
1549,907299,4.251028,3.265625,1.8602393,0.45337266
1084,910911,-0.323108,-2.78125,2.4202151,0.47052103
1936,1298350,2.826251,2.4375,1.4324566,0.4400326
1594,909720,0.83705,2.765625,1.324797,0.38638678
1025,1331048,5.094153,3.109375,0.4310005,0.20556626
1560,1298537,3.037045,2.796875,1.3594089,0.3983398
1786,906827,-0.055806,2.703125,1.7910672,0.44798398
1615,910851,4.85775,5.125,0.6070311,0.24089006
1835,753612,2.88039,3.015625,1.0627469,0.28153512
1873,908461,1.039859,0.48828125,0.7238945,0.3856924
1813,910933,5.558837,5.125,1.7950774,0.44510347
1072,1240184,6.1629,5.15625,0.9129062,0.32127824
1093,1298365,5.870944,3.078125,0.6181064,0.27156588
1079,906827,0.651936,1.15625,2.9796524,0.6101495
1814,905972,7.075129,6.40625,0.634843,0.2868898
1049,907794,4.680394,3.890625,1.0601325,0.35175034
1812,1299062,4.970818,2.765625,2.0032015,0.4472223
2111,907322,3.470593,1.359375,2.1667778,0.45401442
1243,1322212,2.192917,1.2578125,0.9136893,0.3482528
1179,687780,-0.681571,1.0859375,2.2655966,0.52705115
2111,908465,4.377183,3.5625,2.301654,0.48227564
1855,1298358,4.470438,5.46875,2.2452345,0.542538
1996,909709,4.558005,4.34375,1.565277,0.4146617
1177,909975,5.655854,3.4375,2.1993988,0.41849867
1835,907169,3.674397,3.96875,1.1127752,0.3015072
1059,688087,0.02342,-0.11425781,1.4142851,0.4242751
1916,688013,1.920198,1.7734375,1.6143427,0.39513743
1004,749710,1.341923,-4.21875,2.4717216,0.4875932
2040,906813,0.749849,0.1328125,1.5432267,0.43170938
2110,905982,5.238324,4.5625,0.7587182,0.27508086
1852,713880,3.989282,4.71875,0.6841404,0.24804188
2047,910780,-1.045923,1.265625,1.9878622,0.41977057
1080,687802,0.47104,-2.875,3.941545,0.6782535
2154,1659818,1.960368,1.3984375,0.58004004,0.25878623
1849,910851,-1.392277,-1.0,1.2890487,0.38670507
1915,908150,2.855091,2.453125,1.3905792,0.41325015
1088,753612,0.601466,-0.38671875,2.7168975,0.39587867
2170,753540,3.451709,5.0625,2.0847135,0.5080809
1576,1503365,4.788063,3.21875,1.0404234,0.36615524
1250,909726,3.31948,1.4375,2.4614944,0.48557574
1873,906868,1.028087,0.25,0.7340696,0.34564295
1779,687505,0.853544,0.453125,1.0514026,0.39278406
1449,905968,4.203827,4.34375,0.52527696,0.21597631
1069,907795,3.172181,3.515625,0.9915123,0.34381372
1060,906848,0.791136,0.98046875,4.0585065,0.6854348
1401,749710,3.875556,2.03125,1.4213845,0.43663138
2359,909720,5.74912,5.5625,0.5203414,0.2494576
1912,906868,2.043516,2.984375,1.9364918,0.44491065
2154,906746,3.276127,2.3125,0.52020735,0.26942375
1941,753612,-1.280325,-5.25,1.0747374,0.3349046
1168,924100,3.997916,2.40625,1.4900858,0.43663138
1617,906868,3.868408,1.1484375,4.605808,0.61794555
1928,906848,1.930474,3.5,1.5854992,0.37507766
1802,1240186,3.911867,3.453125,0.5510836,0.26419577
1940,909731,4.254582,3.6875,1.0732479,0.35959312
1054,1331048,1.24484,1.03125,1.0245972,0.29331848
1004,908121,-5.912251,-4.25,2.510897,0.48815075
1939,908461,2.610995,3.234375,1.2710205,0.40962318
1079,906813,2.867003,0.55078125,2.702352,0.5618854
1810,906842,-4.284513,-3.96875,2.537436,0.4394144
1003,909757,-2.162355,-3.015625,2.5600955,0.4837031
1013,925338,5.233585,2.71875,1.3217193,0.37662834
1925,909724,5.310074,4.90625,0.48153257,0.20727964
1510,1298365,3.313245,2.765625,0.9997784,0.3285129
2107,907299,6.364477,4.78125,0.6633689,0.2699992
1529,909747,7.653593,-0.671875,3.518302,0.5335202
1814,909755,5.629957,6.1875,0.6795414,0.28733647
1806,724831,5.102813,5.6875,1.7616498,0.4368148
1931,749710,6.634596,6.0,0.8167957,0.3274285
1576,909709,2.005161,3.15625,1.3717461,0.41346252
1617,687568,5.693514,1.6015625,4.5689707,0.61787224
1583,1330935,1.955016,1.65625,0.6455607,0.27296808
1919,906813,2.784674,0.890625,1.2545626,0.40237173
1093,724831,4.518468,4.59375,0.7288686,0.29665843
1576,907322,1.557119,1.34375,1.0461439,0.32599443
1057,907066,1.513608,-2.640625,1.4273779,0.34491134
1036,1240144,3.985124,4.6875,1.2639834,0.3601763
1170,907791,4.858624,2.75,1.5963906,0.3874042
1026,1503367,-0.956175,0.41015625,2.7045245,0.58939546
1013,1331048,0.961844,1.109375,0.98869675,0.30084258
1940,909249,3.760262,2.5625,0.7783617,0.2794112
1806,907274,3.249545,4.5,2.7070851,0.5340231
1838,998189,4.64641,3.953125,0.5309532,0.259172
1626,908127,2.746697,2.484375,2.6859918,0.56280756
1194,906813,4.996128,3.109375,1.9338623,0.4317421
1624,687997,5.6799,1.78125,3.521699,0.5704011
1026,1330983,-0.919465,-0.57421875,2.5137618,0.49588642
1012,910911,2.551261,1.390625,0.7516855,0.31622607
1853,753622,4.116917,4.875,0.888018,0.3156282
1557,907066,6.441354,4.28125,1.070509,0.29403687
2043,910781,4.3287,4.875,0.42029133,0.21050647
1248,907271,-3.047408,-4.28125,3.8920796,0.7405797
1259,910911,3.858302,2.96875,4.100593,0.5918558
1915,907794,4.302284,2.625,1.4377242,0.4333492
1048,907795,4.09025,4.5625,0.8461623,0.30526263
1630,907299,2.752021,2.84375,1.167815,0.37454942
1852,910952,5.85723,6.0,0.65357316,0.2849534
1375,909749,7.279205,6.4375,0.87904114,0.31712404
2148,1298358,1.935312,2.078125,1.4765147,0.5020245
1620,909724,5.569049,5.125,0.46338856,0.19593868
2045,724870,4.035318,5.0625,0.89946204,0.30732688
1016,907794,3.479729,0.3984375,2.2632947,0.48933175
2010,1298348,5.634307,3.90625,1.6692011,0.40162903
1022,905950,-2.380809,-0.359375,1.7181064,0.4510937
1052,907318,3.419829,2.140625,0.9877701,0.31376642
2044,1298157,3.807518,3.921875,1.1077467,0.35018972
1928,909785,1.765269,2.546875,0.98736656,0.2762105
1819,688121,0.887536,-4.6875,2.6298783,0.51128227
1068,724831,0.578884,-0.25390625,0.7905851,0.37999192
1799,906868,4.763882,4.0,2.5157392,0.48557574
1598,1330947,0.44739,2.96875,0.8366419,0.28031796
1018,910911,6.014433,5.65625,0.33241433,0.17171973
1825,688121,0.27992,-1.2265625,2.3085048,0.4837111
1941,749716,-5.689006,-4.375,1.8872463,0.43720943
1620,1298136,5.505838,5.75,0.6157041,0.26435903
2172,907291,2.020657,1.4375,3.6244504,0.5836655
2039,906746,2.695973,3.21875,0.84980214,0.33383915
1179,753620,-0.894951,-0.875,1.576935,0.39614815
1133,1240182,5.468004,3.3125,1.0257202,0.33540463
2359,1674021,6.135335,5.3125,0.6699851,0.2540859
1268,1240182,5.321273,4.125,0.79074264,0.2924668
1131,753612,3.239342,2.65625,3.5277374,0.53219724
1449,1240160,6.085909,5.4375,0.79364777,0.30249897
1845,753612,-2.365292,-0.8671875,3.2458973,0.45995447
1553,907291,1.141681,2.578125,2.349608,0.481134
1817,909249,-5.902083,-5.625,0.52639073,0.23305303
1463,910903,2.464256,4.03125,1.4175682,0.38936368
1613,910933,2.324995,2.859375,2.4176476,0.4913354
1736,687568,7.005398,3.71875,2.5715091,0.53468
1131,1240127,6.118601,4.46875,3.0213068,0.53342104
1249,909720,3.482014,3.5,1.2200873,0.3747954
1825,1659818,-1.233936,-2.15625,1.878833,0.38767323
1559,753554,-2.536069,-3.734375,1.7305737,0.38951442
2173,909757,5.92344,4.375,0.86011124,0.30120623
1069,907169,3.996268,3.53125,0.88430315,0.311212
2148,1240192,0.272861,2.296875,1.1605949,0.44014525
1060,1299062,0.281531,0.8359375,2.553293,0.55203027
1939,906868,5.080153,2.859375,1.2553,0.37129873
1190,909757,3.936462,-0.26171875,8.533124,1.0456344
1843,687505,-1.498497,-2.078125,3.810757,0.5934218
1634,906746,5.376857,4.59375,0.8584494,0.3112394
1067,1299062,7.105165,5.25,0.3304933,0.1830206
1441,909757,2.687983,1.9921875,1.5492731,0.44352102
1072,688013,4.824819,4.28125,0.6939151,0.25537544
1373,1240182,5.101994,4.125,1.433528,0.3831877
1912,1303900,4.110921,2.71875,2.0119252,0.47999665
1511,905986,-0.55761,-1.9140625,1.9538885,0.43977776
1817,1299062,-5.040573,-5.25,0.66838765,0.26658338
1629,1240182,6.77218,4.0,1.0099216,0.3162166
1624,924189,3.705407,2.25,3.35083,0.57298976
1816,907322,4.633425,1.984375,1.0965227,0.31245783
1563,1290797,5.226852,5.875,0.4132559,0.21848868
1006,687802,3.881059,4.15625,4.4962,0.82066286
1268,1298157,5.333463,4.78125,0.6918298,0.27593318
1192,908121,3.093074,2.296875,2.2316382,0.53695786
1632,688013,3.467629,2.75,1.0091484,0.3013126
2057,1659818,2.464983,3.609375,0.9184323,0.28483337
2038,713880,3.615453,3.359375,1.6414546,0.38345388
1249,910567,0.711714,2.296875,1.7042862,0.420766
1194,910399,3.089102,3.796875,1.652303,0.40269494
1997,1303900,3.170564,3.078125,2.3210702,0.4939755
1191,909747,-3.153946,-5.15625,0.5348149,0.2261405
2040,910399,0.292958,1.078125,1.6748638,0.45794484
1627,1240153,3.100006,2.765625,2.0455196,0.44935903
1806,1298348,6.441153,5.4375,1.619857,0.39992154
1378,909709,5.296732,3.609375,2.8459647,0.55329216
2055,753620,-0.822246,0.8828125,1.5510527,0.42025876
2037,908121,5.376466,3.640625,1.8986906,0.46076486
1091,906746,3.077897,1.9609375,1.2527148,0.41363028
2157,907322,3.530084,3.3125,0.7297803,0.25430688
1016,753612,1.960957,-0.77734375,2.2573476,0.42058402
1060,1298538,0.16717,1.1015625,2.7706954,0.58507895
1627,908121,2.634261,3.640625,1.8986906,0.46076486
1931,907318,5.373535,4.46875,0.56477493,0.23104008
1014,905986,3.666469,1.84375,3.089702,0.5921017
1625,906813,5.047672,4.65625,0.921136,0.30267215
2110,1240172,5.125924,4.65625,0.86781037,0.30091923
1006,924239,2.803499,1.546875,4.6478033,0.7484618
1926,924189,2.13219,-0.21582031,1.2524925,0.40365198
1177,909745,5.884469,3.765625,1.4628915,0.35500726
1034,906746,-2.162029,-3.296875,1.2646518,0.35377952
1024,907318,1.06773,-1.65625,1.1580007,0.33616662
1083,1240172,5.858879,2.578125,1.6369785,0.42221972
1080,749710,-2.668328,-3.84375,2.9195712,0.5594983
1060,925346,-0.218995,0.78125,2.3757808,0.5526835
1549,1659818,3.675469,2.6875,1.7971668,0.4129006
1720,688025,3.166629,2.828125,4.3798785,0.6124434
1079,1298365,-2.854127,0.12207031,2.0593498,0.5040604
1062,924239,3.463971,3.421875,2.6281052,0.53410643
1089,1303900,4.712883,4.34375,2.462381,0.5080809
1625,906842,3.025262,3.171875,0.6463597,0.23906481
1175,1298168,4.874385,3.53125,0.81057644,0.29388255
2177,910911,1.766225,2.046875,0.5863959,0.28771257
1924,909749,3.536401,3.296875,1.601171,0.40048692
1175,1240198,3.727624,4.53125,1.0177295,0.32328305
1069,1331048,3.268254,1.796875,0.6328568,0.25369298
1786,1240153,3.058274,2.015625,1.9103297,0.43708998
1060,724831,1.032372,0.92578125,2.3250847,0.59442836
1494,905964,-4.224858,-5.28125,1.2980807,0.34854963
1003,906746,-2.789711,-3.296875,2.2137363,0.4399297
1014,906835,2.900087,1.9140625,2.8992069,0.5677536
1736,713880,3.768741,3.0625,2.974407,0.57000685
2010,1503367,4.066575,4.65625,2.419842,0.49178135
2156,925346,3.40166,2.984375,1.4559346,0.41680038
1576,907274,2.67316,2.328125,1.3728669,0.41380033
1011,724831,4.154344,1.53125,1.7009119,0.46506697
1578,909749,5.584811,5.15625,0.39457327,0.20594136
1005,1240160,4.592146,3.265625,3.9217782,0.5742001
1819,1290797,-0.683598,-4.5625,2.6260972,0.5297021
1175,688013,0.319897,3.609375,0.94211537,0.28531307
1133,909720,4.437761,4.125,0.70824134,0.28680435
1778,925338,4.255374,2.96875,1.7071201,0.4160548
1378,1330935,1.696188,2.53125,2.7132325,0.5199562
1449,946359,6.62152,4.53125,0.6459401,0.2377196
1022,1240223,1.299629,-0.27734375,1.5133455,0.4372807
1014,1331048,3.779789,0.07910156,2.2294106,0.4496877
1915,687596,1.529422,3.3125,2.0750146,0.54480094
1086,910567,-2.643643,-3.421875,2.90981,0.50389934
1581,687997,3.839594,1.8203125,1.3823483,0.3849336
1835,910911,4.625179,4.40625,1.0098119,0.29178485
2037,909755,5.884939,3.609375,1.6299062,0.4112482
1918,946359,3.541174,2.390625,1.691645,0.41228327
1086,1240184,-3.081393,-1.5390625,4.7207146,0.70853996
1911,906842,-7.147435,-5.6875,0.95594555,0.29505643
1922,909749,1.554191,1.84375,1.2402098,0.40357998
1919,906848,1.206569,0.69140625,1.6758145,0.42843673
1059,1240223,1.818076,-0.11621094,1.2055265,0.42848024
1925,908121,4.13749,5.625,0.5866327,0.26921573
1853,1674021,5.970623,4.5,0.89833206,0.29374942
1847,924100,2.838054,3.8125,5.9260564,0.80790275
2055,910920,2.099655,1.3359375,1.8820959,0.47696355
1825,1330935,-0.93628,-1.4609375,2.4504342,0.47297087
1511,906849,0.216775,-1.8125,2.3366556,0.46094894
1149,1298358,2.723941,1.640625,1.462134,0.46000823
1855,908121,4.405798,5.09375,1.9436208,0.45404172
1558,1240182,5.525584,2.625,1.8740222,0.46067828
2037,910911,5.634301,3.546875,1.6091175,0.40072796
1933,949090,2.300808,4.875,1.5010862,0.42380473
1926,907274,-0.656092,0.014160156,1.516478,0.4725577
1627,724870,3.33051,3.65625,1.5881702,0.43622297
1706,688013,2.72129,0.15722656,2.84378,0.48628452
1133,905986,5.342362,3.640625,0.8657943,0.3077292
1177,909726,3.584624,3.28125,1.7005305,0.3619108
1936,906842,0.794069,0.96484375,0.9949282,0.292907
1378,907269,0.254716,2.421875,2.8807836,0.52940226
2177,753622,1.027952,2.296875,0.5727872,0.29742095
2111,687455,5.642302,3.578125,2.662573,0.5370596
1026,908121,-3.11997,-0.21679688,2.5104365,0.5650446
2045,687780,4.740867,5.6875,1.1550511,0.34814775
1617,907274,0.504684,1.3046875,4.934821,0.6930752
1003,907791,0.631205,-3.890625,1.9791551,0.3875792
1911,909907,-0.210255,-4.125,2.7047608,0.48385394
1059,1240192,0.04773,0.32421875,1.2075527,0.43781024
1583,1240184,2.713112,2.421875,0.5977376,0.29102114
2057,907278,3.602925,4.15625,0.9014098,0.2990864
1023,1240145,3.024999,3.671875,0.5950643,0.26891354
1908,1240160,4.046677,2.421875,3.2026763,0.5691572
2048,925346,-1.461629,-4.4375,2.1219606,0.43783948
1060,946359,5.476287,0.65234375,3.825736,0.64217216
1259,905964,3.220164,0.48828125,3.5320196,0.5441214
1854,924100,6.18974,5.15625,0.7327612,0.26967162
1199,924248,4.499081,2.921875,2.2213805,0.43820873
1997,688025,2.712033,2.78125,2.6901066,0.48444414
1936,687997,3.328785,1.8671875,1.3166244,0.37691906
2055,1298348,4.567353,1.90625,1.11349,0.40774867
1069,906746,3.866026,3.78125,0.82548887,0.3146352
1034,910851,-5.676058,-3.453125,1.1613268,0.32637247
1917,909747,3.486906,1.0625,1.5551308,0.4138271
1032,909720,2.295237,1.46875,1.2226167,0.41979885
1936,1322212,3.291223,1.890625,1.3134081,0.39587867
1249,909785,1.6245,1.625,1.4260614,0.34755594
2156,724831,3.458403,3.53125,1.6277269,0.47696355
1048,753620,3.769369,3.6875,0.6928526,0.2627582
1806,724859,4.916546,4.75,1.8821952,0.4005731
1598,909726,5.50896,4.0625,0.740513,0.25932363
1018,909975,6.057766,5.25,0.37646404,0.17955503
1580,910933,4.639968,5.125,0.5374805,0.22959787
1033,909257,4.517296,5.46875,0.6042241,0.2681986
1720,907322,4.633605,1.375,3.7937093,0.587578
1778,909785,-0.442164,1.671875,1.5467999,0.36592266
1931,1240159,6.762139,5.78125,0.64040744,0.2694126
1909,910781,2.333891,0.9140625,1.6489788,0.4348833
2177,910933,2.60678,1.71875,0.5210494,0.2870655
1563,910933,4.479692,5.6875,0.41754472,0.21625313
1706,1240192,1.555294,2.4375,2.7874014,0.5419068
2044,910781,2.834478,3.078125,0.8661558,0.31403342
1005,1298168,4.580838,2.203125,2.3509815,0.45377496
1052,1674021,3.967008,3.296875,1.5853739,0.38145924
1072,906827,5.497193,5.0625,0.93941253,0.3241478
1843,908121,3.53058,-0.8203125,4.815255,0.7457973
2048,1330935,-1.801206,-5.03125,1.7720017,0.3861713
1006,946359,4.951318,0.94921875,5.371168,0.7902447
1239,1674021,1.937469,1.4296875,2.2972183,0.49275565
2107,925338,5.706498,4.96875,0.5850805,0.23934676
1012,909699,2.79714,1.9296875,1.0460796,0.36814585
2040,1240144,0.738933,0.6640625,1.2648305,0.41763073
1634,909720,4.294759,4.75,0.6324459,0.27644807
1806,687590,6.599339,4.6875,2.2339396,0.45400068
1631,1303900,1.917667,2.75,2.2978938,0.49290055
1237,1240160,6.409236,5.625,0.5167788,0.2561803
2045,1330935,3.589958,3.96875,1.1081213,0.31576288
1061,910952,4.279013,5.28125,1.0952613,0.3462428
1782,909749,5.605363,5.25,0.62131757,0.2516043
1007,907063,-5.708591,-5.71875,1.2531238,0.36378077
1919,753575,-0.729894,1.2890625,1.1357023,0.38995582
1048,906835,7.562073,4.71875,0.5974571,0.25134385
1088,907791,4.979018,0.8828125,3.3972833,0.4950176
1507,906746,5.441546,5.0,0.7512253,0.28064355
1190,687590,-1.366848,-1.3984375,7.1119237,0.9163583
1023,910567,4.232331,2.53125,0.6872095,0.28617248
1010,909907,5.263526,2.890625,2.0208967,0.49252766
1179,1298538,-0.023292,0.109375,1.4369968,0.42704445
1838,906843,2.944208,3.21875,0.5034497,0.25150838
1030,1240223,6.896816,5.53125,0.62490344,0.28239805
2038,688013,2.339069,3.1875,1.2801341,0.3316461
1803,909249,4.704654,3.90625,3.7896085,0.6604648
1926,1240223,3.648432,-0.16015625,1.0271319,0.42018262
1029,910851,3.561173,5.59375,0.6126579,0.25062817
1940,907299,2.203129,3.3125,0.8829254,0.3201134
1008,907175,1.924529,-1.9453125,3.819397,0.6186185
1936,909257,3.170745,2.578125,1.0610365,0.38468933
1023,1330983,1.289751,2.734375,0.78212845,0.29961032
1625,907794,6.095511,5.0,0.808507,0.30053562
1560,687590,3.698816,3.078125,1.4684103,0.39967534
2046,1298141,3.071666,3.421875,2.490067,0.5137935
1634,906843,3.100228,3.546875,0.77029544,0.283485
1194,907175,1.780645,2.125,1.8818954,0.42014027
1268,687568,4.595337,4.59375,0.70622367,0.27326992
1626,1330947,-1.474109,-0.010009766,2.5138566,0.46197203
1047,909975,6.787843,4.28125,2.2003224,0.427771
1179,909257,-0.18963,0.359375,1.1773363,0.40624428
1996,1240160,5.532075,3.90625,2.121657,0.46608484
1200,753554,3.708387,3.671875,1.0474963,0.32025108
1778,688025,2.501366,2.609375,2.1813362,0.4535534
1073,906836,-0.291851,3.671875,2.5921948,0.5039561
1494,907322,-2.149665,-5.21875,1.3103453,0.3486886
1011,946354,3.347356,0.95703125,2.2194293,0.472344
1177,1240186,5.319249,3.75,1.8876474,0.41137388
1080,1240223,0.344664,-4.09375,2.5943046,0.5272372
1080,906835,0.889184,-4.375,2.2776425,0.4735779
1085,907299,2.136665,1.9609375,1.1794103,0.40100706
1849,909757,2.192355,-0.69921875,1.2667878,0.4043386
2039,906836,2.159131,2.40625,0.922477,0.3246465
1038,906696,2.225297,3.15625,0.98616904,0.36293104
1030,946359,6.228304,4.375,0.79023194,0.263479
1014,1240172,3.774924,2.09375,3.2286053,0.60154665
2110,1240186,4.476673,4.25,0.8369428,0.2974745
1594,1290797,0.312732,2.390625,1.8483574,0.4354244
1093,905964,4.098124,3.015625,0.6758831,0.25761294
1072,910920,4.59879,4.375,0.95648074,0.30382735
1036,906813,-0.181688,4.25,1.6580648,0.39224434
1022,906842,-2.185982,-2.640625,1.2549912,0.27569604
2110,946354,2.420803,4.3125,0.7478933,0.26714474
1248,687505,-5.521244,-4.6875,2.4943821,0.5730864
1049,1330935,2.325753,3.109375,1.1947745,0.34846473
2044,688025,4.798004,2.875,1.3986235,0.3591508
1808,1330935,-0.347671,-1.828125,3.2838845,0.51702064
1133,998189,3.465775,3.609375,1.0027485,0.32316476
1007,910952,-3.985732,-2.734375,4.81498,0.76230997
1808,1298136,2.907377,-0.36328125,3.0631077,0.59985036
1838,1240127,3.772134,4.0625,0.45967555,0.2487298
2499,1298537,8.764735,10.0625,0.6716431,0.44941553
1067,1503365,7.611191,5.8125,0.40800568,0.22420777
2174,907063,2.781833,0.40625,1.0825027,0.3142496
1378,907291,3.301847,2.484375,2.7904544,0.51991135
1933,1330935,4.803517,3.953125,1.5010842,0.380407
1019,908121,1.208593,2.65625,1.9132385,0.4978708
1811,906827,-2.949342,-4.1875,2.489694,0.47711793
1048,907794,4.378637,4.875,0.65972763,0.27264017
1930,906835,2.560241,0.035888672,0.8394763,0.32812262
1441,687802,1.668636,2.828125,1.8257606,0.51547074
1072,910903,4.684596,5.1875,0.7913934,0.29564962
2157,909757,5.453686,5.125,0.7441705,0.26713744
1620,688013,5.051832,4.84375,0.43259475,0.20006014
1259,909731,-0.653573,2.984375,4.841069,0.7087965
1052,1322212,2.836619,2.515625,1.5365181,0.4070431
1034,905968,-3.532434,-4.09375,0.8666657,0.27397728
1085,687505,1.504029,2.109375,1.2772717,0.405727
2011,688013,3.44706,3.59375,1.088718,0.29632986
1091,907291,1.819369,1.453125,1.3431478,0.4029344
1036,907322,2.876997,3.078125,1.4899613,0.37267098
1804,909755,1.988344,5.1875,3.5102427,0.66792434
1057,908461,-1.906628,-1.921875,1.5099068,0.42433533
1928,1240144,3.560094,4.71875,0.8700153,0.29292792
1786,907063,3.629621,1.4609375,1.2293125,0.32566044
1080,1303900,-1.424437,-4.53125,2.3102689,0.4840807
1005,753608,3.587745,4.78125,2.7213564,0.47428653
1036,1298365,3.085648,3.328125,1.2067297,0.36200997
1873,908121,0.173949,0.58203125,0.9099614,0.40598142
1068,998189,0.221857,-0.33984375,0.99421805,0.3732857
1180,687802,0.931636,-2.421875,2.5523615,0.5072237
1036,905950,2.445936,4.625,1.5310826,0.3931648
1199,1303900,3.381802,3.390625,1.7373486,0.423422
2106,909747,4.553439,2.328125,2.5278668,0.50235593
1854,687794,3.345927,5.125,0.78666276,0.28663588
1022,924239,-2.185536,-1.0703125,1.8856456,0.4175844
1924,907299,0.293367,3.171875,1.748285,0.41887197
2438,905972,9.534476,10.4375,1.0016781,0.65512043
1007,1298168,-3.550029,-5.125,1.530003,0.44004253
1052,753612,4.681432,2.15625,1.559581,0.36130077
1199,905986,5.173407,3.734375,1.5411227,0.38546756
2498,925338,8.009686,7.96875,0.547505,0.30870596
2109,906868,1.627772,2.125,1.0862389,0.36752298
1190,908150,0.133724,-1.2265625,7.073016,0.90212893
1259,924248,1.252409,1.5703125,4.992288,0.68340576
1021,909757,0.860924,3.140625,1.7575743,0.42651948
1080,753554,-3.344095,-4.40625,2.3829525,0.49169183
1853,1240192,3.610249,5.1875,0.9156156,0.3437739
1029,687802,7.378795,6.84375,0.84725374,0.38092136
1632,1240192,3.865678,4.34375,1.0701076,0.35679507
1200,908150,2.981209,3.515625,1.0648351,0.31202254
1175,1298157,4.28608,4.75,0.9660131,0.30982617
1494,753540,1.471194,-2.734375,3.5599523,0.68221915
1634,906827,4.090089,4.59375,0.9502076,0.3278727
1059,907278,1.536291,-0.2890625,1.5502797,0.41815245
1615,1298538,5.507011,5.28125,0.463779,0.21950002
1529,905986,1.53057,0.010986328,3.6925511,0.58460647
1912,908465,2.809219,3.359375,2.0025249,0.48183054
1630,906813,2.939784,3.0,1.3041238,0.37682617
1014,910399,2.579487,2.375,3.306352,0.6034874
1873,687794,0.736705,0.41015625,0.8637677,0.3863606
1838,1298537,4.368819,3.609375,0.53424937,0.26348042
1827,1331048,0.402383,-0.61328125,1.5148699,0.36605284
1049,1240223,4.490064,4.09375,1.0965904,0.37102535
1268,906813,3.06505,4.34375,0.8261405,0.28366444
1005,949179,2.999072,2.328125,3.5717301,0.5254985
1613,1240172,5.60484,3.078125,2.7411275,0.51428837
1016,687819,0.752519,-0.16699219,2.4209647,0.47066674
1997,908461,3.162987,3.984375,2.0918074,0.48459914
1549,907066,4.597879,3.171875,1.6990304,0.41946843
1006,724870,2.487314,2.515625,4.2330694,0.7674336
1013,907169,3.445883,2.734375,1.4682723,0.39424804
2045,906842,3.146616,3.03125,0.8327343,0.2509972
1083,687802,4.588866,3.5,1.9734683,0.51126915
1051,688087,-0.612478,1.453125,3.9383128,0.66513544
1010,949090,2.858723,2.921875,1.5287269,0.48095933
1529,907271,1.770887,1.3125,3.639414,0.59640217
2109,906848,2.091719,1.8125,1.3978558,0.39284518
1852,910911,5.62274,5.3125,0.5722779,0.22595389
1838,908127,4.004845,4.3125,0.5314761,0.2950791
1582,1240145,4.55452,4.8125,0.5021816,0.23828736
1936,687802,2.926456,3.09375,1.6922356,0.50053763
1057,925346,-1.43294,-2.390625,1.1729077,0.35689464
1250,724831,1.411127,2.21875,1.9330665,0.4920358
2439,910911,8.659302,9.875,0.4332927,0.3026509
1933,907269,2.280112,3.96875,1.5171447,0.3745632
1088,1298538,3.420069,1.9921875,3.1577942,0.50275946
2038,687997,4.534795,3.078125,1.5042245,0.3697734
1812,906827,2.874075,2.984375,2.7029455,0.53714883
1375,907066,7.678143,5.875,1.0537714,0.34794176
1919,1240127,2.753945,1.046875,1.1014088,0.38380843
1853,906868,4.178807,4.53125,0.8895801,0.29660362
1925,688087,5.356334,5.21875,0.54748696,0.2525445
1133,1298136,5.811024,3.953125,1.1156291,0.3612863
1632,1240198,4.519475,3.8125,1.0382376,0.33949772
1582,688121,3.923611,4.1875,0.7551745,0.28353524
2047,924100,2.90916,2.296875,2.6685205,0.54231995
1916,909747,4.63689,1.859375,2.0709069,0.4586113
2439,910933,9.853861,9.6875,0.3803087,0.31075376
1025,1298365,5.559914,4.21875,0.44978687,0.23056358
1917,907291,1.198207,1.296875,1.4720879,0.4043386
1175,946354,4.189787,4.1875,0.9617394,0.28988105
1024,925340,2.541997,-0.16210938,1.7225819,0.47099206
1803,1331048,5.894741,2.78125,2.6226883,0.5173742
1838,907795,2.589311,3.921875,0.6256036,0.2848983
1580,908127,5.287329,5.4375,0.6190994,0.28049356
1927,907271,5.075582,5.59375,0.67833006,0.28247485
1019,910911,2.960744,2.515625,1.6155685,0.4337988
2175,910899,5.663109,3.59375,1.6015393,0.3837131
1811,724831,-2.202512,-4.40625,1.7158914,0.41999313
1096,1240182,2.379968,1.9453125,2.8473072,0.56583744
1931,687780,5.674969,6.4375,1.0294981,0.36231035
1560,908121,-0.035977,3.453125,1.6493635,0.43890285
1507,753612,4.527271,3.9375,0.7607766,0.24876958
1997,909720,3.291286,3.9375,1.466793,0.39207956
1926,909749,0.972158,-0.6015625,0.9846507,0.3868135
1617,908127,1.443261,2.3125,4.618961,0.6574922
2172,906813,4.105157,1.546875,3.1992397,0.5470679
1133,946359,5.364688,2.796875,1.3446459,0.3468195
1199,1298537,2.891171,3.328125,1.614961,0.39871275
2055,688025,0.471272,1.2578125,1.8028555,0.4509325
1200,1240186,3.459011,3.296875,1.1603225,0.33217347
1029,687780,4.088638,6.5,0.7258829,0.3124622
1007,1298141,-1.57233,-4.3125,3.016713,0.5822712
1634,907278,4.410871,4.03125,0.8453194,0.2989677
1022,910567,-1.474704,-1.265625,1.8201464,0.4096753
1050,687997,4.887611,1.484375,1.4978863,0.40585327
1581,1240153,2.0262,1.84375,1.5331578,0.4135342
1023,910781,1.817858,3.03125,0.5573628,0.27276444
1817,906836,-6.710326,-5.46875,0.61603445,0.25329277
2106,906843,2.723081,2.203125,2.0459108,0.44586417
1635,908127,5.416979,5.8125,0.39114672,0.24063876
1168,909749,3.553318,2.15625,1.1203403,0.3865776
1936,1240144,4.444708,2.453125,1.089157,0.37767264
1827,1299062,3.072183,0.55859375,1.9444833,0.47799924
1564,924189,0.957623,1.7578125,3.3119922,0.5847425
1593,905972,3.125496,1.9453125,1.4761095,0.40729752
1085,749716,0.872658,2.4375,1.4562973,0.43482274
1845,910920,0.634454,0.85546875,4.4844623,0.63834685
1626,909726,1.160282,1.1796875,2.502805,0.4762304
1051,724870,2.022451,1.484375,3.7488492,0.68892694
1911,1240153,-5.062994,-4.8125,1.7568744,0.37984198
1259,906813,2.422547,2.34375,4.4082956,0.6246702
1088,906696,2.635602,2.875,3.4292045,0.5399
1042,1240192,5.769534,5.75,0.6776154,0.30387294
1813,724870,6.092012,5.5,2.0344267,0.5178357
1259,687455,3.986101,3.265625,4.925411,0.72823095
1089,998189,1.70706,4.8125,2.2638915,0.45664266
1855,906696,3.235378,5.3125,1.8631568,0.45214167
1029,1659818,4.438498,4.78125,0.5275525,0.22593275
1817,907269,-6.93371,-5.53125,0.59593487,0.24942978
1927,908150,4.446361,5.125,0.6635584,0.25291538
1441,910780,3.079377,0.86328125,1.284958,0.3611171
1996,1330947,2.796406,1.859375,1.4168633,0.35438767
1249,687802,4.341736,4.25,2.2125146,0.53692216
1268,907175,2.963532,3.515625,0.7874048,0.2677227
1736,687997,6.300335,3.125,2.7385607,0.5402322
1808,905972,-0.233057,-0.76953125,2.8014698,0.5113345
1852,906746,5.867639,5.28125,0.64276993,0.2589754
1083,946354,1.139446,2.15625,1.424911,0.38608062
1922,907322,1.695713,1.203125,1.2449936,0.35641286
1913,688121,5.265508,4.5,0.662602,0.2551033
1038,905986,4.25082,2.640625,0.8373017,0.33059385
1940,1298350,2.86356,3.859375,0.98719054,0.35087708
2043,906835,7.604332,5.21875,0.4954131,0.22102971
2110,1290797,4.052789,4.59375,0.8063299,0.29089263
1806,687505,4.549639,4.8125,2.3016686,0.4318374
1598,687997,5.537756,3.765625,0.8713696,0.2919535
2177,910899,2.01406,1.3515625,0.6331524,0.28032047
1003,910911,-2.890062,-3.046875,2.2767546,0.43631077
2173,910851,4.475878,4.03125,1.0308738,0.3136763
2177,908461,1.740183,2.0625,0.55428797,0.31495005
1018,1298141,6.933326,5.84375,0.37503234,0.22460736
1909,910933,3.401822,1.3515625,1.8703184,0.46780643
1549,688025,4.363881,3.046875,2.0686834,0.44373468
1239,687590,4.139541,1.3515625,2.3621428,0.510703
1618,1659818,2.597051,2.953125,1.242026,0.3246465
2111,906843,4.243827,1.8671875,2.196362,0.4463638
1617,907278,0.205954,0.7421875,4.305886,0.6074309
1922,724870,3.335837,2.203125,1.2564496,0.4272009
1618,688121,5.34466,3.515625,1.4616574,0.36242932
1072,924189,4.910257,4.4375,0.847797,0.30133244
1932,909755,3.64419,2.703125,2.2101605,0.4458048
1625,1298157,5.380421,5.09375,0.7737427,0.29639798
1940,713880,2.564032,3.140625,0.94627464,0.32016683
1924,910952,1.66342,4.5,1.6823503,0.43392232
1558,713880,4.766396,2.296875,1.9288071,0.4543762
1024,946354,-1.195304,-0.8203125,1.5102181,0.41861856
1630,924100,5.329897,3.296875,1.4057593,0.40430894
1073,1503365,6.834709,5.5625,1.8099755,0.46070468
1939,1503367,2.730366,3.953125,1.6843446,0.44026184
2045,908127,5.095984,5.25,0.9995356,0.34151986
1062,1240198,3.292597,3.8125,2.483573,0.5412436
1018,1298168,5.762647,4.90625,0.30185866,0.17962906
1627,687590,1.869632,3.265625,1.7533712,0.42916697
1626,907169,4.768988,1.625,2.6436746,0.50662625
2438,1240198,10.18395,10.5,1.011089,0.6094326
1910,910911,2.165949,1.5625,2.8644023,0.5300143
1268,1240160,5.400483,4.59375,1.1413275,0.3440113
2044,753608,3.554997,4.40625,1.1287448,0.35682786
1086,1331048,-3.228435,-4.5625,1.3681608,0.32641003
1463,1330983,2.420685,3.265625,1.5828161,0.40824983
1049,749716,5.105918,3.796875,1.3481289,0.37887022
2046,688025,4.424888,1.609375,3.5794916,0.56356156
1018,924248,5.512559,4.875,0.4876948,0.2056914
1632,910903,2.499413,3.953125,1.0967325,0.32901168
1830,909709,3.432321,3.109375,0.8899543,0.3811371
2172,1298168,4.675485,1.265625,2.1980073,0.50499403
1922,1298168,0.899576,1.6484375,0.92206144,0.35858956
1003,905982,-1.924682,-3.296875,1.9726363,0.40089634
2154,1298157,3.011712,2.5625,0.53341895,0.28347558
2438,925338,10.702205,10.3125,0.79103994,0.54802704
1626,1659818,1.022434,0.59765625,2.7931154,0.49313322
1557,905968,5.425212,3.71875,1.2464285,0.29736766
1058,753622,1.28361,0.9765625,1.1979815,0.4257985
1059,1298141,-1.381516,0.296875,1.2304685,0.42667338
1561,687505,2.368388,1.4765625,2.4695563,0.52148837
1624,1298136,4.090006,2.890625,3.4356685,0.61460584
2045,753622,4.797479,5.15625,0.8919052,0.2973789
1564,909755,1.217446,2.515625,3.0817294,0.5476633
1062,1303900,4.477823,3.328125,2.8376305,0.576688
1825,910952,1.087318,-0.08203125,2.2828903,0.55638003
1093,688025,3.082011,3.796875,0.931819,0.28760967
1926,907291,0.590688,-0.58203125,1.2496754,0.40666017
1401,753554,2.748072,1.8046875,1.3117862,0.40488806
1578,1240160,4.121831,5.40625,0.635076,0.27477384
1578,1503365,6.180994,5.71875,0.41259497,0.2267297
1512,687505,4.29371,5.25,0.38382173,0.19827594
1557,1298157,5.603643,5.375,0.96860164,0.3003924
1997,909747,-0.771523,2.734375,2.6302986,0.48337063
1072,910780,4.023662,3.859375,0.68802917,0.25320926
1559,907794,-3.203262,-3.640625,1.730726,0.39763573
1373,1240192,5.709144,5.25,1.2743428,0.39521188
1926,907318,0.491193,-1.15625,0.84615314,0.30985266
1019,724831,3.640401,2.609375,1.2745323,0.4333492
1023,753575,3.391488,3.5625,0.70561194,0.2976007
1838,1298538,3.0541,4.125,0.45029834,0.2436558
1507,906842,2.99059,3.171875,0.62641895,0.22938824
1032,753622,0.981224,1.5078125,1.8249866,0.49448135
1549,909750,4.459457,3.546875,1.6997437,0.41604075
1016,946354,2.159176,-0.33984375,2.2452986,0.45977435
1621,753540,4.385227,5.65625,1.2400784,0.41346675
2045,946359,6.232847,4.0625,1.3101797,0.31659156
2173,909747,5.430561,3.640625,1.0277251,0.3112394
1042,1322212,5.12415,4.53125,0.65928495,0.26562935
2045,909757,6.086547,5.09375,0.9881671,0.30646023
1615,1240153,4.28187,4.75,0.5897035,0.23520057
1624,909907,6.767435,2.828125,4.3773828,0.65700877
1008,724870,-1.799068,-0.2578125,4.377082,0.7484782
1529,1322212,-2.141127,-0.28515625,3.6845434,0.6037977
2156,1240159,3.363464,3.671875,1.5965863,0.44054025
1032,1240186,2.555251,1.265625,1.7901344,0.47211012
1559,907271,-2.01139,-3.171875,1.9710299,0.43299514
1010,688025,2.605204,2.328125,1.5634354,0.41232303
1018,909709,5.361282,6.0625,0.41841543,0.2195135
1922,753554,2.440954,2.296875,1.2836933,0.4058114
2158,909745,3.635583,3.921875,1.0843925,0.31924534
1083,906842,0.708607,0.75390625,1.3065228,0.32396254
1919,688087,1.670034,1.2265625,1.2502204,0.3971341
1816,907318,3.452533,2.40625,0.79879355,0.2756267
1375,998189,7.16266,6.5,1.0011914,0.35061172
1625,1298365,4.275595,3.71875,0.641652,0.27550003
1928,1240145,4.413768,4.78125,0.7357989,0.2564042
1179,906827,0.129199,0.3828125,1.7558428,0.4757468
1615,1240192,5.571742,5.8125,0.610572,0.28971907
1004,907269,-5.302479,-5.21875,1.2767377,0.33671257
1706,909249,-3.167193,-0.46875,2.5624464,0.45240784
1529,908127,-0.957677,1.1875,3.9436045,0.6462508
1073,1330947,-0.00069,2.96875,2.3393924,0.46836168
1812,906843,3.543802,2.109375,2.4023488,0.48457047
1913,909757,6.04302,5.03125,0.60825145,0.26316783
1910,753620,-0.549509,0.060058594,2.7831736,0.5258513
1908,1298350,2.79717,2.421875,2.4638133,0.5326845
2107,907291,5.225151,4.8125,0.65284836,0.24883325
1922,946359,3.301875,1.390625,1.8305645,0.4312328
1560,1240160,4.501258,3.453125,2.185369,0.4800811
1615,925340,6.082683,5.5,0.52248013,0.23611228
1033,907795,4.614374,5.15625,0.8195073,0.28840846
1067,1298537,5.254138,5.125,0.3885089,0.20593469
2499,907278,10.170674,10.125,0.7044937,0.4654584
2048,906696,-2.447965,-3.625,3.0720303,0.52862906
1507,909757,5.207545,5.15625,0.7816875,0.28482306
1924,687596,3.720112,4.625,2.2761571,0.5273066
1049,910399,2.25256,4.0,1.1052334,0.34440762
1237,906813,4.971585,5.25,0.37402427,0.20766081
1019,908127,2.020517,2.828125,1.6306459,0.47781885
1736,1298538,2.800619,3.609375,2.35992,0.51022243
1854,1298358,6.561735,5.46875,0.86771417,0.33072937
2173,909785,1.788688,2.75,0.6909432,0.24680239
1401,906696,2.812885,1.9921875,1.4529229,0.43381524
2011,1503365,6.073026,5.28125,1.0604634,0.325761
1014,1240198,2.228938,2.296875,2.8981357,0.5979933
1048,724831,4.991766,4.90625,0.6314927,0.28318945
1061,905964,3.475982,3.109375,1.0015184,0.29484716
1026,925338,0.66784,-0.95703125,1.9969262,0.47641826
1089,905982,4.077083,5.09375,1.9183224,0.4147476
1024,905968,-0.550663,-1.40625,1.3756772,0.37614065
1862,1298350,-1.346833,-1.5390625,0.25910607,0.19534251
2177,909699,2.704195,2.8125,0.8149185,0.32667598
1191,907794,-4.056579,-4.96875,0.56860733,0.23920704
1814,1299062,8.15919,5.96875,0.55960923,0.24839528
1010,749710,2.834286,3.171875,1.4438946,0.45209792
1026,1298537,-0.28814,-0.9765625,2.0201225,0.49233896
1019,688121,2.930933,2.09375,1.9373524,0.46417063
1831,753612,3.978106,2.90625,0.5100592,0.23109102
1918,910567,5.188085,2.546875,1.2447414,0.38236883
1051,906849,4.189949,0.99609375,4.5831985,0.7176187
1378,908150,4.724397,2.703125,2.2534153,0.47957698
1080,907322,-2.432936,-5.375,1.2961888,0.3544067
2037,907318,3.34079,2.5,1.1597868,0.3479275
2156,1674021,2.646022,2.90625,1.9777879,0.4698596
2043,905982,5.881593,5.21875,0.5234173,0.22762367
1922,906868,2.177506,2.015625,1.4106679,0.40951568
2171,1240153,3.600874,1.4609375,3.4430833,0.59247917
1808,1240127,4.707845,-1.2421875,2.8245928,0.5086629
2177,687819,2.389406,1.40625,0.55224067,0.2751733
1051,924248,0.959115,0.57421875,4.703945,0.70602304
1809,909749,1.71978,-0.265625,2.8169065,0.5285059
1620,909709,5.764925,6.125,0.58126014,0.26066297
1053,688087,3.000238,2.15625,1.7849903,0.4406908
1093,924189,1.132608,3.796875,0.8227889,0.29389718
2498,910920,7.876426,7.875,0.8728673,0.36072263
1091,906813,2.880474,1.5234375,1.3236398,0.41444492
2157,909249,3.897028,3.296875,0.74570227,0.2523043
1005,906843,4.793451,1.4375,2.8289402,0.44787917
1069,1303900,4.209043,3.28125,0.8543981,0.32894516
1615,924248,5.533504,4.625,0.69593626,0.25106686
1558,924100,3.515525,2.953125,2.132737,0.48999807
1917,910780,2.871355,0.6328125,1.1954002,0.3438078
1635,909757,3.879692,5.75,0.3495262,0.20324798
2499,909699,11.225764,10.375,0.9020049,0.4982286
1926,687794,-0.450257,-0.18847656,1.3594193,0.44886273
1179,906848,0.277626,-0.36328125,2.311192,0.49187317
1005,753575,7.329048,3.71875,2.998509,0.48011288
1507,910920,3.898408,4.375,0.78210765,0.26592162
1036,910781,3.797926,4.09375,1.1225138,0.33516133
1012,1240182,1.381856,0.76953125,0.66514426,0.29074082
1816,1298538,5.585358,3.515625,1.0262007,0.31523588
1557,687596,4.333135,5.90625,1.531042,0.42439073
1036,906849,5.089115,3.890625,1.9434657,0.42693987
1614,908150,3.733553,3.796875,1.6820103,0.40644062
1069,1503365,5.681952,4.25,0.77694565,0.30988124
1913,907269,4.388641,4.0,0.6326761,0.25106686
1033,1298136,6.829148,5.28125,0.77793044,0.2950232
1578,688025,4.329967,4.875,0.4275896,0.20030189
1512,753620,5.477564,4.5,0.37525028,0.1994198
1053,1659818,-1.259602,1.078125,1.7135047,0.39044344
1449,1330947,3.824214,3.59375,0.5198426,0.22319989
1051,1240198,3.424513,1.734375,3.280832,0.63325024
1033,1290797,4.875518,5.25,0.60564333,0.2465042
2359,753608,6.596194,6.25,0.67871726,0.2966737
1941,1240172,-5.632914,-4.5625,1.4353267,0.37350664
1594,908465,1.906235,2.609375,1.9599816,0.46366805
1630,909720,3.717626,3.515625,0.8716523,0.33056635
1786,907291,4.582152,2.25,1.7839785,0.42381662
2171,905968,0.818335,1.0078125,2.5610347,0.49078944
1578,907066,4.198508,4.75,0.39201844,0.20513572
2038,687802,6.509025,5.34375,1.7492753,0.4697006
1179,910780,-0.371891,-1.4140625,1.387952,0.33972448
1007,753554,-3.765858,-4.625,2.5707812,0.5264241
1083,1298365,3.382137,1.4296875,1.1301117,0.36775264
1808,905950,-1.01569,-0.63671875,3.126171,0.5555611
1936,910399,3.155441,2.515625,1.3014873,0.39414638
1786,1240182,6.251745,2.34375,1.6961516,0.4355527
1924,924100,3.594841,3.65625,1.9494289,0.44238004
2171,909757,-1.195351,2.484375,3.2206295,0.5918558
1622,907791,2.903651,3.78125,0.9056226,0.29470107
2177,908465,2.200765,1.9765625,0.5720482,0.30636245
2044,1298141,2.260513,4.0,1.045674,0.35728434
1931,1298538,5.959945,5.5625,0.6295435,0.25753582
1005,1240192,3.926386,4.4375,2.816507,0.5038442
1908,1240223,2.629973,2.546875,2.1726897,0.4991773
1941,909755,-3.57194,-4.625,1.3140103,0.34966385
1940,1240160,5.765505,3.90625,1.4260286,0.39168748
1915,687802,2.063701,3.375,1.9726979,0.5393793
1373,1299062,5.938391,4.53125,0.97163045,0.29564962
1580,753612,5.092949,4.15625,0.5592113,0.21314347
1916,910781,1.158219,2.125,1.307075,0.3902678
1019,1674021,2.665482,2.296875,1.6031111,0.4324025
1060,1240184,-0.652987,1.3515625,3.3238673,0.66546005
1939,924239,2.358322,2.34375,1.2718779,0.36922508
1199,1240182,6.46039,3.375,1.7072241,0.40903416
1022,687802,0.961131,0.6796875,2.1766963,0.5468165
2499,1299062,11.327203,10.1875,0.68642366,0.4657446
1047,1240192,4.977569,5.5625,1.768001,0.45803845
1625,753620,4.975704,3.953125,0.84905666,0.28727368
1630,907169,4.701455,3.046875,1.2311357,0.36415127
1598,907322,3.680095,3.234375,0.7934981,0.28063983
1634,1240223,6.575425,4.96875,0.87424415,0.33321825
1720,910933,5.400801,4.0,3.0052857,0.5044548
1578,907299,4.851842,4.96875,0.41078088,0.2160641
1191,753575,-5.0243,-4.96875,0.59944767,0.23908699
1030,949179,5.906846,4.71875,0.6533461,0.25027764
1441,753620,3.056813,0.984375,1.4886642,0.40335453
1014,907794,-0.020827,2.09375,2.9503994,0.59068924
1025,1240172,6.516601,5.5,0.5997109,0.26348376
1919,688025,2.177516,0.71875,1.4420989,0.39791304
1817,907299,-4.942173,-5.375,0.6825551,0.2641115
1873,909249,0.560302,0.09765625,0.74098414,0.3000636
1372,1330935,2.330154,-0.484375,3.9395142,0.6380736
1067,906696,5.31289,5.71875,0.4295356,0.22826873
1030,1322212,4.934781,4.40625,0.63544387,0.2680064
1776,906746,4.787473,4.375,0.980359,0.32370192
2111,949179,4.778335,2.5,2.654446,0.49457052
1804,905986,6.45607,5.03125,3.725234,0.69407743
1816,1240160,3.302326,3.578125,1.7365249,0.39568892
1553,908127,2.181441,3.421875,2.1539354,0.5117067
1594,1240159,2.90791,2.796875,1.5032331,0.39467812
1067,753608,5.419422,5.96875,0.4202233,0.23092163
1549,1298348,0.541586,3.859375,1.4982097,0.40778622
1012,1240159,2.071402,1.6640625,0.61018103,0.29252777
1058,925338,2.585057,0.44921875,1.0297345,0.38468933
2106,753554,2.92123,3.171875,2.0516007,0.4733141
1373,907322,4.210533,3.140625,1.3060297,0.35068405
1625,749710,6.103543,5.1875,0.88685226,0.33633083
2110,910911,5.445234,4.6875,0.7710859,0.27003005
1175,1659818,2.486356,3.265625,1.1349123,0.30750522
1008,1330983,-1.441092,-1.203125,5.1243634,0.74311924
1854,905972,4.693031,5.21875,0.5852693,0.24684466
1624,753554,2.702953,2.96875,3.207578,0.5626409
1200,909699,5.349269,4.125,1.3186104,0.33711436
1915,1298348,0.769923,2.734375,1.2220517,0.39960387
1259,1298358,3.743777,3.765625,4.5292153,0.70916617
2046,906813,0.788131,2.171875,3.1294334,0.5158779
2170,906843,2.389355,2.671875,2.144654,0.4358553
1190,907318,1.004983,-3.5625,4.7635374,0.7458554
2159,1298537,3.981306,2.6875,1.6828704,0.41909507
1583,688025,-0.492764,1.6171875,0.6081059,0.26785666
2110,906827,3.482444,4.59375,0.924027,0.31883898
1720,907271,6.183607,5.09375,2.6925256,0.5123302
1620,1298365,5.992044,4.40625,0.4529303,0.21658209
1014,910920,1.765538,1.6953125,3.6635811,0.6385004
2359,1240153,5.43399,4.75,0.7858515,0.26850858
1862,906827,-1.674356,-1.5390625,0.27394247,0.19462284
1053,749710,3.572518,2.625,1.7735453,0.45947483
1030,908127,4.799973,5.40625,0.6651075,0.30288827
1933,909750,5.073762,4.75,1.1600862,0.32904506
1614,1240145,3.106351,4.15625,1.3081484,0.3609526
2046,1240192,4.845979,3.765625,2.5186186,0.5118556
2055,687568,1.194982,1.7265625,1.3636217,0.43315616
1014,905968,-0.843626,0.7734375,2.7900643,0.53468
1930,925338,0.760811,-0.10107422,0.8524424,0.3249085
1093,1298350,3.823565,4.5,0.8938388,0.32246247
1720,1298157,3.703984,4.75,2.91149,0.5140326
1845,1290797,0.119975,1.453125,3.9552026,0.57357115
1086,907795,-0.930004,-1.9375,4.658515,0.6887699
1936,906849,2.881593,1.953125,1.6131954,0.4331616
1020,753620,5.427501,4.5,0.5811095,0.2438447
1014,909720,1.416348,2.28125,2.2822313,0.5265217
1025,688087,5.197549,5.28125,0.57091177,0.2613295
1024,688087,0.551875,-0.18652344,1.7337494,0.45723975
1375,1503365,9.16507,7.4375,0.9562588,0.377562
2037,924100,5.086074,3.515625,1.9191933,0.45593938
1012,907291,1.52979,0.84765625,0.7082982,0.29570597
1180,1659818,-3.819876,-4.65625,1.1169008,0.2868076
1053,906849,2.490816,1.7109375,2.1869226,0.4728198
1049,908465,4.017174,3.90625,1.1517833,0.37299454
1007,1298348,-1.864158,-4.40625,2.2583692,0.47689268
1375,909724,5.716492,6.0625,0.9953971,0.30577344
1549,1240198,2.171327,3.734375,1.7314907,0.44267085
1560,924248,1.816982,2.546875,1.9361947,0.43579525
1621,905986,3.849518,4.5,1.1137166,0.33410677
1191,910781,-4.440688,-5.21875,0.4971168,0.22872177
1179,906849,-0.100324,-0.12988281,2.0481203,0.48046145
2148,1298348,0.42828,1.828125,0.8847844,0.3779572
1073,907291,3.919401,4.34375,2.311589,0.4662636
1594,907794,4.32508,2.671875,1.6941913,0.42560455
1019,1322212,3.805093,1.9296875,1.6749951,0.44773284
1910,687802,3.16925,2.65625,3.5911908,0.659954
1854,753554,5.010966,5.125,0.6272763,0.25791505
1093,906868,4.239376,4.25,0.8386778,0.28655818
1779,687802,2.552062,1.3515625,1.3184813,0.48522902
1003,753540,-0.76926,-1.3359375,3.3186054,0.640541
1564,910851,0.569141,2.03125,3.4972374,0.5799656
1004,906868,-4.550409,-4.75,1.6678859,0.38004866
1047,1240223,7.053147,5.34375,1.8239342,0.45030555
1621,1240160,5.101734,4.6875,1.8005681,0.42595598
1838,1659818,3.120243,3.21875,0.5469725,0.25037155
1622,1240182,5.409037,3.953125,0.98366094,0.32479215
1817,1503367,-5.309823,-4.75,0.92376435,0.29627588
1375,1290797,5.95587,6.84375,0.96406263,0.3477965
1922,1298365,2.259587,1.3046875,0.9312375,0.35139614
1441,906868,1.578873,1.640625,1.4465452,0.41797882
1827,687455,-0.528773,1.09375,2.7497323,0.59450114
1190,907795,-3.242431,-0.46875,8.442661,1.0466752
1634,687590,3.570096,4.34375,0.8870039,0.30606398
1927,906843,4.192206,4.21875,0.70028955,0.25772133
1019,1240172,4.296132,2.578125,1.6687603,0.45010984
1069,949179,1.683404,3.171875,0.8998492,0.31202888
1927,910933,5.685095,5.09375,0.6851641,0.2611504
2154,909785,0.644951,0.9453125,0.45825624,0.21301915
1190,906848,1.406454,-1.6171875,7.4788632,0.95389277
1249,910920,2.615947,2.640625,1.831167,0.42956713
1030,909726,5.554049,4.65625,0.51711774,0.2164407
1919,1298538,-0.186079,1.140625,1.0914035,0.38600132
2148,906835,4.196729,1.5625,0.9701621,0.38305146
2048,924189,-3.522564,-4.6875,1.9248681,0.397172
1026,1298365,1.431836,-1.1953125,1.545062,0.43421516
1635,906842,3.301751,3.984375,0.27013078,0.16323839
1019,688025,2.678449,1.953125,1.8875667,0.44653705
1401,909747,6.588104,1.0859375,1.6228948,0.42419976
1563,1240153,5.758747,5.21875,0.4904816,0.21939088
1072,905950,6.424787,5.09375,0.86147654,0.30924723
1580,909747,7.480465,4.625,0.6585084,0.24234502
1008,1298141,4.708741,0.43359375,4.2288055,0.7055264
1803,910851,2.195484,4.78125,4.2612886,0.72414726
2096,910781,2.6652,2.03125,1.3967273,0.40546873
1802,908461,4.788696,3.859375,0.57231796,0.2903661
1581,1299062,2.415618,2.4375,1.0319234,0.35432222
1039,753622,3.859711,5.71875,0.6611826,0.28316197
1806,907271,5.856036,5.9375,1.8226153,0.4598714
1908,687780,2.77341,2.921875,2.996174,0.56214
1580,1299062,5.087598,5.03125,0.44082555,0.20230234
1017,946359,5.825418,3.515625,1.3614125,0.3317999
1915,1298350,2.637953,2.703125,1.6521751,0.46862036
2110,908465,5.698919,4.78125,0.8270703,0.31365904
1069,906813,4.438769,3.515625,0.930069,0.32092378
1917,749716,2.15972,1.859375,1.6419269,0.44287217
1179,724831,0.209853,0.084472656,1.0503856,0.40237173
1779,909755,1.538993,0.703125,0.95973766,0.38278702
1511,753575,1.58869,-1.34375,2.130976,0.46813208
1058,910899,2.323602,0.21386719,1.4521378,0.409985
1029,905968,5.927388,4.84375,0.5278453,0.21483949
1062,1240182,5.285437,3.4375,2.7891898,0.5668434
1036,1303900,5.352778,4.0625,1.6482838,0.41407192
1179,687794,0.531625,0.24902344,1.9713858,0.49740833
1191,1240192,-4.01041,-4.9375,0.601411,0.25494903
1512,946354,5.037996,5.15625,0.34079197,0.18921001
2045,753554,4.459434,5.0625,0.90419805,0.29855454
1009,910567,5.459794,4.25,0.53219587,0.24994567
1061,909699,5.457986,5.0625,1.1946238,0.32663658
1932,687780,1.690497,3.546875,2.9312794,0.52092636
1706,1298157,3.219161,1.9765625,3.0486913,0.55645823
1046,906746,2.665931,1.8671875,2.0075285,0.47692508
2109,1674021,2.318585,2.078125,1.0989741,0.36641973
1581,998189,3.829799,2.28125,1.3048719,0.4046799
1086,949090,2.057211,-1.578125,4.594897,0.73156375
2158,908461,3.553849,4.5,1.2965938,0.3817174
1924,910920,4.045843,2.9375,2.083815,0.4400326
1811,724870,-2.945297,-4.53125,1.9820751,0.45538342
1268,687455,4.222322,4.71875,0.91645014,0.33559468
1804,907274,4.786598,4.9375,4.120561,0.7470364
2106,687455,5.684057,3.265625,2.55875,0.5532101
1582,1298358,4.318584,5.0,0.83477783,0.35207802
1626,1290797,4.471479,1.859375,2.7270925,0.53018194
1009,687596,3.91744,6.09375,0.8348513,0.3686752
2048,724859,-4.315537,-4.53125,1.6890233,0.3832867
1563,1240159,5.707805,5.875,0.38977852,0.21640769
1928,688013,5.077067,3.546875,0.9498341,0.28227025
1776,1240172,5.107134,4.375,1.0429265,0.32811955
2499,908121,9.728491,10.125,0.72902507,0.48966834
1091,907169,2.483903,1.5625,1.2434963,0.40269494
1563,906836,3.32117,4.96875,0.51102036,0.22857782
1054,688121,3.28056,3.0,1.5849358,0.37812728
1910,1240184,3.404624,1.71875,3.103098,0.5904534
1625,906868,5.266999,4.75,0.83146024,0.29117283
2111,713880,3.813649,2.453125,2.4473033,0.47925693
1511,909720,-0.329437,-1.40625,1.6007152,0.42215478
1372,910899,2.302303,-0.921875,3.4176636,0.58441824
1061,1290797,3.380642,4.59375,1.0789791,0.31765163
2106,906835,5.0453,2.953125,1.9132395,0.44694448
1250,907269,-0.610164,1.5546875,3.013006,0.5462424
1237,949179,4.162208,5.0625,0.34845954,0.19748874
1933,907791,4.512991,4.25,1.3748329,0.3514881
1593,688025,0.353534,0.8125,2.0648158,0.4499841
1018,1674021,5.767376,5.46875,0.37347475,0.1860969
1093,909747,5.667896,3.75,1.0129584,0.30531913
1564,1240198,2.844877,2.59375,2.8074229,0.55791134
1014,724859,-0.237772,1.53125,2.6077101,0.55497885
1594,905982,3.72684,2.5,1.7225777,0.41271272
1017,924248,3.288099,3.546875,1.3302774,0.34009713
1827,1240145,1.183506,0.82421875,1.9609381,0.50354683
1021,687819,4.247162,2.265625,1.6502041,0.39537275
1908,907794,0.060888,2.328125,2.1294816,0.48522902
2107,910781,5.386896,4.75,0.48425144,0.23155922
1259,1240192,5.074308,3.96875,3.5673475,0.5988001
1910,910781,3.776617,0.7421875,2.1094403,0.47094056
1023,906868,4.009555,3.296875,0.7705604,0.30270958
1621,908465,4.587152,4.875,1.2555435,0.37488148
1598,908465,6.169423,4.75,0.89744526,0.32376352
2039,1240145,2.505,3.359375,0.69193894,0.30091032
1852,908150,4.705193,5.15625,0.5838004,0.23761389
1033,905982,5.249882,5.21875,0.58913124,0.23978361
1786,905968,2.053127,1.59375,1.5129304,0.393701
2044,753575,4.027476,3.71875,1.1298304,0.35039425
1023,905982,4.326026,3.484375,0.7294304,0.29389134
2037,907299,4.68078,3.09375,1.7046471,0.4319942
1085,907791,1.356614,2.109375,1.2365502,0.37805057
1259,909724,2.050338,1.7421875,4.537473,0.62635905
1799,907278,2.83083,3.59375,2.481044,0.493051
1199,910952,2.478612,4.75,1.6528668,0.41887197
1635,1330947,4.104077,4.25,0.31654626,0.18289258
1940,908465,5.352293,3.921875,0.93223864,0.3396793
1011,909749,2.398996,1.015625,2.0858967,0.48524708
2109,907269,2.36348,2.0625,1.1218194,0.34297392
1494,1298365,-2.023993,-4.9375,1.1160996,0.34122518
1776,907169,4.158181,4.0625,1.0465214,0.3184376
1933,753540,5.004414,5.84375,1.2890682,0.43402
1927,753554,5.297243,5.25,0.7020095,0.27439153
1250,909720,1.292463,2.375,1.8945798,0.4718183
2046,907322,1.189331,0.5078125,2.701421,0.4864817
2037,687819,6.185734,2.859375,1.804785,0.42515984
1068,905986,0.607047,-0.3359375,0.9288596,0.36123338
1054,909755,4.903865,3.71875,1.2338638,0.34358606
1047,753608,5.513498,5.78125,1.6530217,0.4282506
1629,1240153,4.386558,3.71875,1.1341959,0.3158322
1563,1240144,6.011997,5.84375,0.4053198,0.22330579
1003,749710,0.636184,-2.703125,2.4945097,0.48496485
1463,687780,4.346782,4.5625,1.9124094,0.4680942
1614,688025,2.996107,3.109375,2.2088277,0.44222176
1593,687568,3.798774,1.6015625,1.6181891,0.42867878
1622,909726,6.025809,3.9375,0.81919736,0.27447313
1191,1303900,-5.939043,-5.15625,0.65127784,0.2610774
1912,1240160,4.723448,3.328125,2.8015308,0.5407378
1803,909747,7.817528,4.46875,4.465587,0.74055225
1862,905968,-1.326387,-2.109375,0.26640597,0.17556804
1814,1240192,6.138281,6.78125,0.7785625,0.3563797
1706,906827,1.220867,1.6328125,3.4578698,0.5950236
1632,1298136,5.403077,3.734375,1.314084,0.38505858
1249,924100,2.471871,3.21875,1.9988075,0.46113443
1802,687505,3.824195,3.578125,0.6088501,0.26681563
1613,713880,4.402788,2.171875,3.0788205,0.5507694
1168,1240182,6.910979,2.21875,1.3033304,0.40808585
2046,906843,4.266521,0.9375,2.8442729,0.4957088
2046,753575,4.719848,2.984375,2.8375206,0.50760335
1008,1298358,4.101843,0.75,4.959166,0.8175039
2055,946359,5.614689,0.9609375,2.0249193,0.46140322
1843,1298358,1.317583,-0.17871094,4.892714,0.7834077
1023,1331048,2.870303,1.515625,0.5442229,0.23247805
1441,1503365,1.668669,2.46875,1.3225126,0.41608134
1862,1330983,-0.560088,-1.6953125,0.29268026,0.1847179
2043,1240186,5.75027,5.0625,0.5648291,0.24128051
1449,907291,4.851097,5.0,0.49482456,0.21963914
1046,910933,2.005542,1.625,1.7173557,0.4449177
2037,946359,6.648235,2.578125,2.3322713,0.46348578
1782,1503367,3.377225,6.375,0.8596245,0.33095738
2096,910920,3.054094,1.890625,2.004826,0.46638745
1080,688025,-4.348477,-4.6875,2.2657812,0.45362422
1629,907291,3.949354,4.0625,0.99415666,0.29267988
1802,907269,3.17564,2.828125,0.60085684,0.2633128
1928,1298350,5.698348,4.59375,1.1316744,0.3443481
1259,910899,1.222057,1.34375,4.8964486,0.7001877
1133,1298348,5.191352,4.0625,0.7750802,0.29394227
1631,909724,1.847869,2.484375,2.2980683,0.4403953
1814,1298348,6.994127,6.1875,0.577902,0.27421704
1926,909750,-0.91881,-0.4296875,0.9962616,0.3816384
1779,909975,1.981609,0.45703125,1.177718,0.3869813
1046,925346,1.929856,1.546875,1.4294516,0.40357998
1011,1298136,2.322615,1.6875,2.5129194,0.5702518
1023,909785,1.663193,2.046875,0.59183687,0.24211067
1598,1298365,6.293294,3.359375,0.66235065,0.28006753
1928,910851,5.024819,4.25,1.251651,0.3257098
1706,1298350,5.111537,1.5625,3.5315957,0.6154976
1177,906746,4.536601,4.125,1.7511754,0.3990272
1819,724859,-4.177523,-4.78125,1.793811,0.4371829
1053,1298350,1.843891,2.328125,1.9386065,0.4745064
1908,724831,2.423572,2.328125,1.7662603,0.46790472
1553,998189,3.233487,2.796875,2.1608074,0.47852018
1004,909755,-1.08113,-4.53125,1.9641851,0.41156426
1799,1298348,1.503385,4.5,1.8577163,0.43579525
1613,908127,2.919624,3.4375,2.7188935,0.54841983
1613,906843,2.89517,1.6953125,2.7899635,0.50923425
1706,1674021,2.12986,0.9921875,3.0559955,0.52257323
1922,910780,1.911067,1.1328125,1.1269791,0.3364946
2045,1298168,5.362871,4.125,0.72624373,0.27131093
1042,1659818,4.431445,4.4375,0.58503205,0.23098963
1175,1240144,5.888177,4.5625,0.8989165,0.29971656
1786,1298537,1.489408,2.15625,1.5157127,0.42401245
1083,753622,2.187066,2.734375,1.5934067,0.42401245
1802,749710,4.57118,3.921875,0.5883181,0.29014596
1817,687590,-4.483436,-5.21875,0.68792456,0.26088926
1037,749716,2.308034,2.265625,1.935503,0.45595357
1030,688013,4.890057,4.4375,0.50301063,0.22384526
1557,1303900,5.390202,4.46875,1.2264715,0.3338239
2173,946354,3.411509,4.0625,0.74598074,0.26912096
1736,905972,2.849757,3.953125,2.3924682,0.5213892
1835,1240192,4.080425,4.9375,1.0407892,0.3436552
1016,907791,2.981684,0.51953125,2.5352743,0.46911412
1080,924189,-2.355736,-4.6875,1.9934908,0.42760578
2159,925340,3.082122,3.5,1.766322,0.41090366
1069,1240127,3.929886,3.640625,0.7388157,0.29918554
1779,1303900,0.800216,0.52734375,1.0293634,0.38842332
1025,1290797,4.716658,5.46875,0.524331,0.24498948
2107,907175,4.80566,4.1875,0.6715376,0.24837719
1830,907322,2.021931,1.859375,0.61607,0.28933713
2172,1240172,4.322297,2.140625,3.1041496,0.54804724
1133,905968,3.104633,2.71875,1.0062245,0.30617598
2173,946359,4.461224,3.375,1.1123401,0.30974615
1047,1298168,4.04867,3.90625,1.4016514,0.3696559
1011,909257,3.423872,1.7578125,1.8325715,0.4623835
2048,1240192,-3.20563,-3.484375,3.0097487,0.5313805
1401,907271,4.953664,2.125,1.2119021,0.40803874
1927,924248,4.153444,4.34375,1.0009838,0.2946898
1862,906848,-2.231862,-1.765625,0.27567297,0.17531988
1736,909907,6.695934,3.6875,3.7356324,0.6510577
1933,713880,2.999262,4.1875,1.4697789,0.36602765
2170,1503367,5.587398,4.9375,2.4826803,0.5083835
1580,1240184,6.061706,5.375,0.600508,0.25134385
1996,907274,3.166317,3.40625,1.6988031,0.44011125
1378,687780,4.504114,3.96875,3.1535559,0.58756363
1004,910911,-2.395376,-4.34375,2.3161042,0.44070524
1372,907278,0.573749,-0.40625,3.348152,0.5872989
1177,910781,4.665441,3.53125,1.3788968,0.35565373
1248,1240144,-3.605741,-4.625,3.0002189,0.64865714
1915,753554,3.442074,2.71875,1.4437672,0.42704445
1811,910851,-2.194164,-4.46875,1.7225486,0.3877082
1008,907269,-3.404563,-1.3046875,5.2153325,0.7599252
1017,1331048,2.578414,2.015625,0.8378813,0.2766576
2107,1298358,6.375921,5.625,0.85963356,0.34988135
1011,753612,-2.658507,-0.12402344,2.4824543,0.4593406
1054,687802,4.262304,4.78125,1.5474021,0.4409374
1912,905964,3.012443,1.7421875,1.6453061,0.39419922
2010,906827,1.750654,3.65625,2.4124207,0.48298243
2107,906696,5.258231,5.46875,0.6792625,0.2850316
1008,906746,3.143792,-0.19042969,4.5039544,0.71306825
1835,910780,2.029206,2.796875,0.90656996,0.26564702
1557,910903,3.474322,5.21875,1.0169141,0.29798058
1038,1298168,3.955461,2.25,0.668687,0.30530074
1862,1298168,-1.647493,-1.703125,0.26574132,0.19535188
1933,908461,5.263496,5.1875,1.3118296,0.39727843
1918,909747,3.873704,2.53125,1.5228134,0.410744
1372,1299062,-0.106174,-1.0546875,2.3567095,0.49765888
1580,1240127,4.275856,5.125,0.49410036,0.22386062
1378,906835,4.9526,2.8125,2.243121,0.48115167
2055,909975,5.735863,1.4296875,1.8217685,0.4576537
1043,1240160,5.905761,5.5625,0.83539534,0.31523076
1776,1240223,5.894561,4.6875,0.98680824,0.34218252
1042,907063,2.136542,4.0,0.45015067,0.19980963
1817,907795,-4.321915,-5.3125,0.70542514,0.26485652
1012,909750,1.895117,1.1484375,0.58620393,0.28321055
1048,1298538,4.909204,4.6875,0.5853769,0.25133774
1007,1240172,-3.1941,-4.34375,2.6571739,0.52035606
1908,906836,1.52189,1.5703125,2.5108795,0.48814738
1720,924239,-1.617263,2.703125,3.8767557,0.5940655
1806,1331048,2.903414,1.2578125,1.8820424,0.39742494
1006,909755,3.877369,2.3125,3.8553917,0.67627376
1912,910399,2.18308,3.5,1.842396,0.43402
1910,909699,0.849326,2.265625,3.456757,0.5911032
1809,907322,-2.655888,-1.4140625,2.4160452,0.42936257
1069,687505,1.966738,3.546875,0.90052104,0.31072813
1088,924100,2.222561,2.375,3.813948,0.5783524
1936,687794,2.348387,2.296875,1.5639951,0.44360912
1635,1298157,4.481132,5.8125,0.3365985,0.2013312
1996,1290797,2.94274,3.71875,1.3883364,0.37788066
1026,905982,0.117426,-0.7890625,2.0668082,0.4848454
1736,688025,5.22443,3.09375,3.063275,0.5553559
2171,688013,1.234498,1.3515625,2.8259926,0.52290714
1373,753620,5.300265,3.53125,1.4540054,0.36526644
1845,905972,0.065666,1.9609375,3.4555745,0.5160345
1401,907269,0.248691,1.3203125,1.7405567,0.41879803
1919,1298350,-0.34841,1.2578125,1.3094963,0.42612666
1006,1240145,1.271559,2.5625,3.4176192,0.6412112
1093,924239,3.050781,3.703125,0.8095545,0.28350154
1036,753554,5.744471,4.65625,1.4404505,0.3867776
1032,905950,-0.086884,1.3984375,1.776249,0.4812759
1803,1298358,4.483687,5.625,4.359393,0.8414289
1268,909975,4.616032,4.125,0.8152582,0.27182326
1021,907318,3.735371,1.6875,0.9796062,0.30672455
1564,910399,2.110547,2.703125,3.257406,0.56771094
1058,724870,2.180306,0.78125,1.0736231,0.42820966
1023,907274,3.709876,3.078125,0.8880027,0.3401676
1564,905982,4.179279,2.40625,2.9806035,0.53319937
1012,1290797,1.050833,1.1484375,0.6409082,0.29869083
1047,1240160,6.281526,4.875,2.5473902,0.50252026
1922,949179,1.606737,1.6328125,1.5621989,0.41946843
1180,908461,-3.059907,-3.5,1.6741071,0.3943756
1199,908127,2.940588,4.3125,1.6735024,0.43548572
1936,1240159,3.97428,2.578125,1.0626115,0.36665803
1625,905986,6.05703,4.71875,0.7565353,0.28690925
1621,909749,4.664242,4.4375,1.1097656,0.32825184
1931,909975,6.586582,5.15625,0.8925042,0.28079456
1799,1330947,0.174456,2.0625,2.6094635,0.48618948
2109,925338,3.934525,2.0625,0.95933974,0.34955406
1036,925346,5.701891,4.4375,1.0689414,0.3132258
2046,949090,1.963731,2.765625,3.274243,0.6143111
1036,909724,1.997884,3.875,1.5340502,0.35391274
1038,1659818,2.329801,2.015625,0.92844576,0.31723
2043,908465,6.353023,5.375,0.59560555,0.26235056
1038,909757,2.646274,2.9375,1.0118673,0.35964796
1086,749716,2.562245,-1.3359375,4.9835844,0.70939505
1576,910899,3.591705,1.7265625,1.3601415,0.3822462
1449,1240144,5.513707,5.40625,0.44917694,0.23323606
2159,907794,3.051782,3.5,1.6360841,0.4074436
1062,910933,1.063256,3.578125,2.4994657,0.52780426
1598,906835,5.985464,4.5625,0.77076024,0.2794468
2177,687505,1.349357,1.5859375,0.6142708,0.29072565
1042,688025,4.93176,4.84375,0.6261288,0.23508418
1372,906843,1.183664,-1.1796875,3.0140336,0.53563285
1239,910911,3.338029,1.7578125,2.359284,0.5021082
1629,1240192,4.006989,5.0625,0.9213498,0.3323874
1924,907278,4.950976,3.1875,1.7776649,0.4067358
1512,910903,4.967126,5.53125,0.38226637,0.21609244
1815,753620,4.79781,5.0,0.43027744,0.2089511
1825,908127,-1.589008,-0.546875,2.0714023,0.52264386
1200,905982,3.919486,3.59375,1.087778,0.31140563
1511,906848,-2.007224,-2.03125,2.469076,0.46003282
1017,1298537,5.177758,3.921875,0.9938497,0.31569764
1916,1298157,3.641373,2.890625,1.6484909,0.43475464
1845,907269,-1.650886,-0.20898438,3.7312872,0.5516776
1924,749710,2.996109,4.03125,1.7091328,0.43313098
2172,753540,3.792943,3.578125,2.9014657,0.5896611
1941,924189,-3.12617,-4.8125,1.430812,0.36579973
2045,753612,5.013168,3.8125,0.9731987,0.26853117
1778,724859,4.918549,2.953125,1.5687737,0.41373092
1932,949090,2.820077,2.609375,2.4565651,0.52693564
2046,908461,4.79116,3.140625,2.9873204,0.56047887
1720,1330947,-2.78214,0.93359375,3.6238232,0.54669285
1149,906746,0.95317,1.2109375,1.2389734,0.39356145
1091,1290797,1.425193,1.734375,1.2176284,0.40598142
1190,753608,-1.300925,0.87109375,8.427255,1.0158373
1908,925346,3.411615,2.03125,1.747148,0.43510252
1809,907291,0.474915,-0.359375,3.374954,0.5530643
2359,1240184,6.216636,5.65625,0.72830933,0.28756016
1079,906746,2.368511,1.109375,2.784021,0.5878929
1627,905968,2.047426,2.421875,1.6726806,0.40766135
1919,753622,1.078941,1.3984375,1.2321498,0.40684
1799,1240160,4.601955,4.28125,3.414514,0.58387965
2037,907271,4.723565,4.03125,1.437334,0.41147542
2170,907322,4.841375,2.25,2.095385,0.43905517
1626,1240153,1.938823,1.078125,3.255199,0.5637112
1080,1240182,-0.793747,-4.4375,2.1137588,0.45340338
1915,1240186,2.643627,2.484375,1.517863,0.43252018
1034,924248,-2.316832,-3.703125,1.2322611,0.31503838
1624,905982,4.670615,2.765625,3.0434854,0.52704823
1018,687802,6.146773,6.625,0.56006175,0.29306957
2039,687802,4.261626,4.0,1.1889131,0.43105227
1038,905982,2.391924,2.890625,0.89381915,0.32894436
1011,949179,2.764757,0.65625,2.900091,0.5479416
1862,1240184,-1.596131,-1.4921875,0.2896733,0.21234705
1915,687819,2.188308,2.03125,1.549498,0.421746
1250,1298350,2.455966,2.296875,2.9169414,0.58399075
1581,688121,2.351008,2.0625,1.5459229,0.4169773
2173,909750,4.194108,4.1875,0.7711239,0.276813
1047,907291,1.304089,4.34375,2.0347211,0.41351375
2174,924248,2.485746,1.140625,1.8252264,0.42460674
1558,753540,1.920161,4.0,1.7680553,0.49233896
1072,925346,4.582374,4.875,0.6176967,0.24512254
1804,910780,5.529921,4.0,3.379846,0.5967223
1553,906746,3.082978,3.140625,2.1068633,0.47810632
1936,910903,1.73314,2.5,1.2575357,0.3956387
1192,909724,3.531379,1.4609375,1.9265987,0.45385593
1042,910781,3.629716,4.90625,0.4406737,0.22185512
1617,925338,3.482522,0.92578125,4.455036,0.6024646
1802,905964,2.949167,2.5,0.46437687,0.23020332
1560,909755,5.354376,3.40625,1.4044101,0.38928953
1917,909755,3.033761,1.7890625,1.296205,0.3944118
1249,1240127,4.178688,3.109375,1.5808469,0.4113745
1084,1330983,-1.715277,-3.140625,2.2451313,0.4212299
1549,949179,3.390189,3.0625,2.1395338,0.4625742
1560,753554,4.637932,3.5,1.3371761,0.38999718
1003,906848,-3.059389,-3.65625,2.1880114,0.4134017
1918,907322,3.056564,2.203125,1.1443027,0.35488257
1831,910911,3.305583,3.921875,0.49748474,0.23666652
2109,909745,2.43815,2.125,0.89032453,0.34450692
1026,908127,-1.797729,-0.07714844,2.2162793,0.54717046
1088,905986,2.295999,1.59375,3.3719118,0.51399285
1091,688025,2.674778,1.3828125,1.4493573,0.40359318
2043,724870,5.207531,5.34375,0.57363695,0.25923038
1079,1240144,-1.377818,1.03125,2.2945466,0.54053485
1007,907299,-4.69347,-4.78125,2.3210068,0.49396196
2055,910933,2.346487,1.65625,1.2743852,0.43118125
1131,753622,3.541185,5.0,3.1992183,0.5611745
1831,907278,3.461721,3.359375,0.5100637,0.24961707
1083,910851,1.269066,2.171875,1.8294615,0.4364652
1804,909745,4.433843,4.90625,3.0039666,0.6014138
1582,1240223,6.092643,4.9375,0.650296,0.29766688
1919,909257,0.903394,1.4375,0.95685834,0.37589547
1873,1298538,0.861359,0.35546875,0.67369324,0.34712335
1011,924100,4.798877,1.515625,2.87992,0.5723185
1060,906843,1.169466,0.8203125,3.1138132,0.5801588
1779,909745,1.334474,0.5390625,0.79499114,0.348388
2111,949090,3.668462,3.265625,2.414878,0.52627295
2046,1298365,3.027175,0.98828125,2.2278247,0.47413075
1830,1240159,4.18907,2.890625,0.62815666,0.31461757
1919,1298157,2.831681,1.5,1.1554967,0.40464863
1559,909724,-2.299879,-4.25,1.6472434,0.36478922
1776,687568,5.229838,4.3125,0.9268324,0.3120578
1006,909249,0.421671,0.46875,4.4636354,0.7229643
1449,753608,6.785323,6.0625,0.49951828,0.25737894
1080,1331048,-3.397252,-5.6875,0.82066363,0.29168844
1909,909750,1.356446,1.2578125,1.9818503,0.46687177
1180,687780,-1.023806,-2.75,2.5456212,0.46150795
2498,907291,7.320334,8.125,0.6737221,0.33398098
1933,905968,3.986669,3.640625,1.3457086,0.33367893
1706,925340,0.478935,1.671875,3.412459,0.5763248
1911,924248,-6.346806,-4.6875,1.7880564,0.38053825
1563,909785,3.971997,4.3125,0.38693234,0.18597765
1042,1298537,5.673394,4.8125,0.59118766,0.24807368
1511,909757,1.972611,-1.2421875,2.4508417,0.51353556
1926,907269,-1.294101,-0.23730469,1.6002455,0.42968437
1813,908150,5.162044,5.15625,1.8435731,0.4454806
1997,906849,4.140953,2.921875,2.7561479,0.5171064
1917,905964,0.316007,0.54296875,1.237792,0.3431045
1912,907271,2.232418,3.734375,1.65499,0.44040003
1053,687455,4.157716,2.421875,2.1370516,0.50555706
1873,1240160,1.960112,0.6875,1.1048536,0.416909
1815,1298136,6.788726,5.90625,0.5527716,0.26500502
1911,909747,-1.591201,-4.75,1.6292567,0.37124652
1594,1674021,3.943493,2.28125,1.8633857,0.42634904
1564,1303900,2.851972,1.8828125,3.3501146,0.6073585
1378,749710,5.26755,3.34375,2.445711,0.53299236
2174,910399,2.432182,2.75,1.3772092,0.3906295
2439,925338,9.41763,9.625,0.34854028,0.28592965
1016,949179,1.501199,-0.2734375,2.6384335,0.49502093
1086,1330983,-3.91953,-3.109375,3.3235662,0.53521246
1091,924189,1.161036,1.6015625,1.2563077,0.39336255
1068,907794,0.34007,-0.12109375,0.96256346,0.39177504
1034,688087,-2.357692,-3.234375,1.2512631,0.33296663
1093,749710,5.41619,4.6875,0.84634537,0.31936267
1086,1298365,-0.590938,-3.546875,2.0817869,0.4465454
1013,1240184,3.357859,3.109375,1.5413219,0.4252913
1023,688013,1.642054,2.734375,0.6276442,0.26539233
1917,1659818,1.288649,0.80859375,1.3963312,0.37662834
1594,907271,2.281375,3.015625,1.6038121,0.42487013
1023,908127,2.765196,3.6875,0.7601002,0.33055228
1810,906836,-3.221064,-2.59375,4.2300897,0.6349013
1083,907274,1.723536,2.328125,1.9234136,0.4728198
1813,1298365,5.669784,3.515625,1.9527513,0.4800317
1168,1240159,3.542736,2.703125,1.0579611,0.37049216
1843,905964,-2.675942,-3.34375,3.2690663,0.5175602
1778,909755,4.948208,3.390625,1.7815372,0.42683885
1012,909749,1.886526,1.0078125,0.59729934,0.28857103
1915,906835,3.995534,2.453125,1.3543928,0.4101684
1032,910933,2.609685,1.1484375,1.5270206,0.45593938
1441,907274,0.211258,1.7734375,1.805599,0.48047778
1862,1299062,-1.347118,-1.5546875,0.2235083,0.1707169
1441,907791,2.312285,1.7734375,1.6119357,0.413927
1054,909747,5.302242,2.796875,1.5894083,0.37442276
2148,724859,2.665373,1.359375,0.9323996,0.38827622
2158,906836,0.889959,2.96875,1.6061654,0.3752101
1237,753575,7.68516,5.53125,0.3200919,0.20201804
1250,946354,-0.075261,1.71875,2.4246554,0.5002967
1069,1659818,2.366428,2.859375,0.81718946,0.29045358
1051,906842,-3.683241,-1.1953125,2.9119835,0.4771959
1031,906842,-4.811788,-4.8125,2.2068782,0.45536116
1011,924239,2.410174,0.55859375,2.6514115,0.51546854
1017,949090,5.110148,4.4375,1.0587285,0.35472834
2157,907795,3.638446,4.8125,0.91465175,0.2933532
1194,1240144,3.64565,3.75,1.4306874,0.38764572
1736,905964,2.290753,2.53125,2.368917,0.485088
1736,907274,3.292177,3.59375,3.1204038,0.6110707
2048,909750,-2.840057,-4.40625,2.0725818,0.41494444
1613,908461,2.269796,3.296875,2.7041194,0.5454398
1049,753620,3.345535,2.703125,1.1337379,0.3417237
1175,907269,1.84177,3.4375,1.1863184,0.3228949
2148,925346,-0.115888,1.5390625,0.90521926,0.3808161
1630,909745,4.911222,3.078125,0.96755385,0.33385807
1553,1240198,3.91292,3.171875,1.9818279,0.47888848
1046,1503367,0.83907,2.78125,2.4524999,0.5260637
1560,910920,3.086091,2.6875,1.5909184,0.40852994
2109,925340,2.299148,2.40625,1.068988,0.36525023
1594,909755,3.954457,2.578125,1.7975289,0.4234505
1560,908150,4.352225,3.265625,1.2965525,0.37463847
1057,907063,-2.139864,-3.8125,1.0646861,0.2639972
1621,946354,4.170842,4.46875,1.0545101,0.31044793
1831,687590,4.788829,3.59375,0.5384242,0.2581267
2043,909699,7.618495,5.71875,0.63406783,0.24783546
1038,924100,4.460015,2.859375,1.122042,0.37963673
1005,909731,0.847316,3.234375,3.6033456,0.5611231
1073,909750,4.954144,4.75,1.8970901,0.4340607
1013,907791,5.204784,2.5625,1.4167756,0.37870973
1019,910899,3.075688,1.7265625,1.9104388,0.45578444
2438,906835,13.053734,10.4375,0.8592476,0.5713155
1563,925346,5.942513,5.59375,0.33089218,0.18043356
1631,1240192,5.073788,4.1875,1.9409295,0.45723188
1033,910399,5.416622,5.4375,0.604184,0.24097605
1910,906842,-2.432838,-1.3359375,2.064504,0.38734072
1560,749710,2.829319,3.671875,1.4611415,0.42416814
2106,909709,2.896642,3.609375,2.3978078,0.5143322
2040,1240186,2.864304,0.51171875,1.596561,0.444584
1177,910933,2.190581,3.984375,1.655053,0.38024983
1908,1674021,2.060554,1.984375,2.296944,0.48128867
1093,1240186,4.912055,4.1875,0.828643,0.2930697
1004,905968,-3.832969,-5.1875,1.0478587,0.3084898
2359,905968,5.575059,4.4375,0.71111965,0.2453745
1067,909747,7.991494,5.03125,0.4285098,0.20755783
1622,1298358,4.976583,4.90625,1.2112522,0.3960725
2106,909720,3.879769,3.265625,1.5415916,0.4215053
1373,753608,5.298639,5.46875,1.1102526,0.35267314
2037,1330935,4.136714,2.796875,1.9171788,0.44047347
1852,753612,5.732776,4.09375,0.668778,0.22738881
1023,749716,3.236875,3.453125,0.8416937,0.31444088
1627,1331048,2.331088,1.4453125,1.2610115,0.3463622
1512,907063,5.777565,4.03125,0.30815965,0.17375313
1014,924248,5.515501,1.4296875,4.058609,0.6612018
1008,749716,2.890232,0.23632812,4.995471,0.7654949
1910,753554,0.247171,1.4375,2.8128843,0.54292923
1706,909745,2.321154,0.88671875,2.4760668,0.4745064
1582,925338,4.338503,4.375,0.61549026,0.26292166
1051,724859,1.745905,0.703125,3.029081,0.5763696
1924,687455,5.548982,3.84375,2.0673146,0.47892505
1051,753622,1.497571,1.6015625,4.153283,0.6887612
1835,1298537,6.25071,3.515625,1.1221932,0.3227528
1250,910851,1.024819,1.7578125,2.9060411,0.5490659
1583,946359,3.746703,1.34375,0.6499674,0.26589087
1054,910903,2.607913,3.859375,1.1944602,0.3419463
1449,909731,3.54627,5.34375,0.62971765,0.27808696
1810,907269,-3.290871,-2.015625,4.844416,0.6992149
1013,907291,3.165952,2.515625,1.5337483,0.39559397
2499,910920,9.832819,10.125,1.126674,0.5972097
1926,910567,2.202991,-0.44140625,1.3709146,0.40359744
1529,909249,-0.35139,-1.4375,2.651621,0.4450901
1917,1240223,4.78141,2.015625,1.2456666,0.4133103
1630,907269,0.987779,2.65625,1.2924051,0.36827517
1079,753575,-1.134586,1.0546875,2.6568348,0.5698937
1618,910851,1.849842,3.765625,1.461978,0.36250883
1019,925340,4.665141,2.671875,1.6423712,0.44500157
1008,906835,-0.925988,-0.56640625,3.9747648,0.6552283
1615,946354,4.681186,5.125,0.4536839,0.2071373
2170,909785,3.616605,1.9296875,1.9608928,0.39258358
2106,949179,0.379877,2.453125,2.4512894,0.49817243
1022,906848,1.218698,-1.0078125,2.2401114,0.4622184
1051,906835,3.754115,1.1640625,3.4987957,0.61372334
1736,687505,4.216837,3.390625,2.9297595,0.55747074
1627,1298537,2.123307,2.953125,1.636604,0.4277831
1635,1240153,5.173668,5.125,0.3489588,0.19176026
1191,687802,-5.51737,-4.71875,0.67807186,0.27319872
1047,1330983,0.385094,3.9375,2.1428242,0.44554585
1249,753540,2.591522,4.28125,1.6383368,0.46684957
1925,724831,5.938923,5.46875,0.51971626,0.2603043
1067,1659818,4.352355,4.59375,0.37468714,0.19305916
2157,1240153,3.565398,4.09375,0.884942,0.26927188
1007,1330935,-4.453974,-5.21875,1.9499934,0.45174578
1259,1303900,5.377461,2.21875,4.4791856,0.67573345
1022,946359,4.637587,-1.421875,2.0343652,0.4165811
1507,1290797,5.204191,5.03125,0.72495836,0.27083072
2107,910399,5.243541,5.40625,0.5942192,0.2493458
1873,909720,1.473709,0.50390625,0.5581362,0.33298624
2038,1298538,3.438997,4.09375,1.2192378,0.33951327
1561,753554,2.129638,1.90625,2.2909756,0.52202743
2438,1298348,12.036622,10.375,0.9180855,0.61665565
1632,909249,2.983486,2.125,1.0928901,0.3114227
1004,753612,-0.688478,-5.46875,1.0155649,0.3032284
1085,909747,4.895247,1.765625,1.4073563,0.41627464
1042,753612,5.750561,4.375,0.5795677,0.2209023
1060,907175,3.283268,0.45703125,3.0273817,0.5801588
1058,724831,1.643422,0.61328125,0.85268235,0.40252623
1578,1659818,4.533891,4.40625,0.40967616,0.2025645
1618,907169,5.361641,3.8125,1.2554067,0.33709118
1200,909749,2.802945,3.25,1.1259258,0.3299236
1200,924248,3.111546,2.546875,1.5916702,0.36873475
1933,909745,6.39953,4.59375,1.0431757,0.31442702
1622,1322212,5.414531,3.578125,0.93442976,0.3177121
1017,910781,4.353039,4.03125,0.7210337,0.27482206
1812,1240127,4.054478,2.75,2.269773,0.4946503
1854,1240198,4.714976,5.15625,0.6280015,0.25690502
1924,1674021,2.739708,3.40625,1.7765416,0.39986083
1626,1240184,1.713135,2.234375,2.8773978,0.56348264
1936,909785,1.930614,1.15625,1.0210061,0.3019981
1248,753622,2.782674,-4.5625,3.3290033,0.69754064
1559,724831,-3.011708,-3.796875,1.3529552,0.37161642
1614,905950,2.900135,3.96875,1.9168643,0.4459247
1831,909975,3.577405,3.4375,0.5263367,0.24341258
1576,909755,3.147554,2.671875,1.1002514,0.36328885
1622,1503365,6.648919,5.03125,0.87504226,0.3172553
1553,753575,3.283691,3.15625,2.0257277,0.46541265
1558,907269,2.18798,2.296875,2.0174906,0.45041242
1912,906842,-1.111445,1.296875,1.5762982,0.36517355
1068,1298157,0.939146,0.14941406,1.01583,0.40311506
1069,1240186,4.344974,3.546875,0.8199721,0.31096712
1843,906868,0.577809,-1.8984375,3.7546024,0.59113127
1060,1330947,-1.500049,0.5,3.2213552,0.57626736
2048,910567,-4.401293,-5.125,1.3196473,0.34037167
1809,1240144,1.515169,0.2578125,2.771776,0.5164312
1131,909709,3.873159,5.375,2.8953354,0.5394525
1131,1330947,2.203626,1.8828125,3.3559196,0.5435502
1598,1240184,5.913543,4.75,0.92861223,0.31884918
1593,910952,3.601639,2.453125,2.0067155,0.49543187
1581,905950,3.99747,2.5625,1.3518466,0.4152702
1624,1303900,4.678221,2.296875,3.4481514,0.59712535
1931,1674021,6.508827,5.5,0.7424795,0.26653045
1559,753608,-3.585334,-3.015625,2.285903,0.4610826
1926,925338,1.365082,-0.58984375,1.0114977,0.37977344
2171,687568,1.293757,2.328125,2.7772498,0.53993315
1053,908461,1.783654,2.484375,1.6999141,0.45851287
1630,1298538,3.98493,3.203125,1.0561115,0.3521285
2171,687997,3.782938,1.390625,3.2272358,0.5735217
1917,907318,1.066285,0.69140625,0.93503964,0.32583368
1635,924239,3.61201,5.0625,0.3383044,0.19875233
1873,753554,0.937165,0.48828125,0.6859539,0.34981716
1815,1240186,6.521677,5.625,0.44048405,0.22579488
1594,907791,5.45653,1.9375,1.9560945,0.42629057
1632,907318,3.502915,2.46875,0.77001935,0.2750481
1558,1503367,4.029165,3.8125,2.236679,0.50342774
1997,906868,4.765082,3.359375,2.216029,0.45036072
2037,1330947,2.494841,2.03125,1.6823785,0.40137476
1582,687455,3.377806,4.78125,0.8016546,0.33468112
1060,909731,2.630922,1.46875,3.7151406,0.6970319
2037,906848,2.191672,2.75,2.3964777,0.49448258
2499,687455,9.142507,10.3125,1.0643381,0.6047638
2040,910920,0.283204,0.49609375,1.8992078,0.47297087
1067,749716,4.162201,5.5,0.41784972,0.20448901
2173,905982,5.92244,4.3125,0.78856003,0.28027785
1997,687505,4.213971,3.296875,2.3436897,0.45236754
2439,906835,11.667488,9.75,0.40014082,0.3079114
2499,909720,10.614844,10.3125,0.6877832,0.48344317
1029,907274,5.335455,5.5625,0.69502205,0.2931343
1813,687802,8.026773,6.625,2.2543678,0.6135991
2038,1240192,5.051285,4.875,1.2772385,0.3831621
1129,1240172,4.534315,3.578125,1.4524869,0.39177504
1494,1240223,-2.927774,-4.125,2.1352348,0.46906763
1917,949090,1.122283,1.7421875,1.4951149,0.46813554
2171,713880,1.027119,1.6015625,3.16944,0.5824488
1449,1240153,5.286405,4.65625,0.5634424,0.23463255
1024,1290797,0.724296,-0.48046875,1.6163185,0.4563385
1069,908121,3.153338,3.890625,0.94783133,0.34194085
1401,907274,0.852761,1.625,1.7582113,0.46369106
1507,1240198,4.723924,5.125,0.7237731,0.28006062
1047,907791,5.3264,4.1875,1.8984132,0.40402466
1072,1240160,5.900768,5.09375,1.2960452,0.3780011
1936,687780,2.925258,2.9375,1.7510179,0.46595353
1910,749716,3.411159,1.6796875,3.4464934,0.604549
1852,907063,-0.667067,3.609375,0.55062705,0.21306255
2499,1240160,9.908208,10.1875,1.0412273,0.5916322
1034,687802,-3.51294,-2.34375,1.5758079,0.44082376
1803,687505,3.020092,4.84375,3.9555638,0.68499523
1032,1298168,2.799797,0.94140625,1.2354944,0.413954
1931,1503367,6.263254,6.5625,0.98488414,0.35354728
1911,687794,-5.270551,-4.25,2.3766348,0.4620484
1012,1298157,1.700576,1.671875,0.69240904,0.32021528
1617,998189,5.535517,1.2109375,4.6519346,0.6290917
1191,909745,-5.760534,-5.0625,0.5007502,0.21832362
1091,907299,-0.180512,1.5078125,1.2442358,0.4029344
1924,907322,4.55152,2.296875,1.6513598,0.3890169
2055,907795,0.646246,1.6015625,1.9092314,0.5012741
1441,907795,1.282775,1.7265625,1.7703612,0.47110087
1463,908150,1.160365,3.765625,1.3562477,0.3759393
1815,909747,7.124836,5.40625,0.47025272,0.22028719
1512,946359,6.545886,4.75,0.442908,0.2053564
2096,906827,1.643857,2.375,2.0451508,0.48999807
1008,925340,-1.980923,-0.013671875,4.644376,0.72323525
2173,907271,3.354352,4.6875,0.74834526,0.295471
1441,946359,3.132471,1.046875,1.927445,0.44100603
2107,910920,5.767788,4.59375,0.70950973,0.25981522
1847,998189,2.589556,3.546875,6.0105023,0.8128139
1918,909249,4.149758,2.1875,1.169532,0.35251245
1059,924239,-1.774208,-0.37109375,1.5635657,0.41794732
2043,905968,4.796327,4.28125,0.6034774,0.22657956
1010,906868,3.577721,2.6875,1.379982,0.40817773
1067,1240159,6.416432,5.46875,0.3537993,0.20000021
2171,908150,1.443999,2.203125,2.6851482,0.52202743
2055,1240145,1.292814,1.984375,1.1882616,0.4181838
1013,907299,3.70965,2.5625,1.4081362,0.40125313
1617,909726,0.855914,0.31640625,4.3301826,0.5809659
1012,687819,2.663518,0.65625,0.647911,0.28032705
1561,907299,-0.237227,1.4140625,2.4206553,0.5317687
1032,907278,1.662314,1.3046875,1.9081291,0.4610799
1559,905986,-0.251537,-3.921875,1.6373783,0.37618905
2177,924189,2.209558,1.6640625,0.5337005,0.27499148
1025,909249,4.590892,4.125,0.50939846,0.2249533
1050,946359,4.180479,1.234375,1.893698,0.4461054
1622,1240172,5.325683,4.5625,0.9986789,0.32341307
1782,909785,3.144862,3.6875,0.6043333,0.22130069
2170,753622,1.879158,4.15625,2.2101073,0.46670133
1627,910903,1.34395,3.75,1.580387,0.4076233
2107,1674021,6.049971,5.03125,0.6588913,0.25240183
1013,907274,3.22283,2.765625,1.694438,0.44687217
2156,905986,3.357821,2.953125,1.8829464,0.48139182
1054,906813,4.489992,3.296875,1.3967787,0.3570988
2043,905964,3.590527,3.96875,0.47099587,0.21175759
1024,1240186,0.218539,-0.4140625,1.7016058,0.4569008
1626,906696,0.298627,2.421875,2.7379405,0.5441033
1032,753620,1.870803,0.60546875,1.807524,0.44625407
1239,905950,2.647508,1.8125,2.4278293,0.5290954
1089,906836,1.199679,3.40625,2.8782628,0.51150465
1192,687794,2.756211,2.140625,2.272797,0.5354112
1179,909747,1.309606,-0.69140625,1.7405567,0.41879803
1854,753575,4.715184,5.1875,0.603201,0.24675953
1802,924239,2.343251,3.046875,0.5346933,0.25436762
1720,1298358,6.921019,5.0625,3.6312292,0.64531654
1909,1303900,-3.588015,1.0078125,2.319874,0.5221531
1030,1290797,5.715473,5.21875,0.57473606,0.24930318
1814,688121,7.087971,5.75,0.8861447,0.3042675
2171,909745,2.080458,2.03125,2.3160691,0.48529604
2044,910933,3.408112,3.515625,1.1402991,0.34697244
2498,907271,8.51767,8.5625,0.66628593,0.3776162
1177,687568,4.539875,4.0625,1.7313659,0.38969275
1507,749710,6.038571,5.3125,0.7792286,0.30766475
1779,1299062,2.218957,0.57421875,0.8046462,0.34903127
2148,687819,2.329365,1.09375,1.138745,0.38908467
1067,924248,4.609941,4.84375,0.4802259,0.21535468
1808,753575,2.508265,-0.59375,2.9991782,0.5295142
1838,907291,3.420161,3.75,0.5294402,0.24929143
2111,753612,5.736153,1.7109375,2.3577085,0.4362583
1941,924100,-3.023716,-4.34375,1.9098535,0.4333993
1933,687505,2.996322,4.59375,1.359888,0.346141
1177,753575,4.403169,4.25,1.7181914,0.3915114
1059,687819,0.2168,-0.66015625,1.4229199,0.40734902
1199,998189,3.765178,3.703125,1.6932647,0.4005715
1560,1240223,6.730868,3.734375,1.3775669,0.41131538
1613,687455,3.431835,3.203125,3.3102515,0.6041992
1507,907318,4.534322,4.0,0.5434456,0.23037644
1089,907278,2.950531,4.03125,2.2897427,0.46185708
1799,924248,4.335305,3.109375,3.4067075,0.5615857
1598,1298168,5.025751,3.734375,0.6288996,0.27140728
1131,906848,4.093557,3.25,4.2350183,0.6422041
1043,907278,4.290403,4.96875,0.50356776,0.2334816
1629,907274,4.797725,4.09375,1.189216,0.35010538
1024,1240144,4.466073,-0.2734375,1.4167141,0.4351967
1268,907066,4.414861,4.0,0.71637565,0.27167907
1831,1330935,2.987628,2.953125,0.54389024,0.25543794
1038,713880,2.707275,2.25,0.99062085,0.34520212
1020,906842,3.269619,3.46875,0.48239088,0.20501634
1200,905950,2.90944,3.640625,1.1773404,0.3354871
1919,907169,1.934872,0.9296875,1.2015927,0.39291388
1736,749710,3.245371,4.0625,2.7462094,0.5844546
2154,1298538,2.718946,2.203125,0.5116173,0.27612346
1249,910780,3.485876,1.9921875,1.4078288,0.3583437
1621,1330935,1.390167,3.78125,1.2970686,0.35626605
1250,688121,2.006529,1.71875,3.1781454,0.5723319
2011,905964,2.628234,2.828125,1.1164794,0.3052702
1855,687568,4.749999,4.96875,1.7061219,0.41051257
1924,687819,3.436945,2.953125,1.8608265,0.41208813
2107,909709,5.318236,5.625,0.74385417,0.29818845
1932,687997,4.001081,1.609375,2.3665752,0.46685115
1050,753554,4.584662,2.15625,1.3588932,0.4214335
1091,909907,5.933955,1.9140625,1.8036698,0.46935838
1625,753554,4.551147,4.96875,0.8038817,0.3033393
1006,1240153,0.450665,1.15625,4.9625225,0.772778
2172,1298537,-1.261537,1.390625,2.92438,0.55644715
1933,1240198,5.531333,4.90625,1.2484587,0.36582875
1816,910920,4.857832,2.796875,1.3272101,0.34081262
2438,909249,9.037939,9.9375,1.1882408,0.7198873
1091,907274,4.123863,1.78125,1.5151618,0.44816184
1259,909257,0.340836,3.421875,3.5941556,0.5821367
1053,906848,2.959098,1.46875,2.4176092,0.49132758
1620,907063,5.671135,4.0625,0.4152216,0.18620388
1372,687590,0.445243,-0.765625,2.7375324,0.54807186
1088,909755,3.93969,2.265625,3.3059907,0.4987444
1913,907791,3.666543,4.28125,0.5851707,0.24060264
1910,1298538,2.579999,1.3046875,2.5926905,0.5229637
2158,907169,3.867886,3.90625,1.3819015,0.34564295
1058,905968,-1.720633,-0.19921875,1.0514555,0.36102876
1582,1330983,3.250868,3.828125,0.7490927,0.29427612
2109,1298136,3.589711,2.296875,1.206758,0.41435358
1855,924239,3.966131,4.125,1.9819361,0.43890837
1808,910903,-1.608039,-0.60546875,3.007917,0.53105706
1084,1298157,-2.222734,-2.5625,2.5636606,0.5132617
1854,907271,6.225752,5.4375,0.61076903,0.2669729
2045,909249,4.592924,3.515625,0.95179033,0.2855301
2057,908121,4.012991,5.0,0.9745939,0.32653892
1808,910851,1.21399,-1.2890625,2.928083,0.5103154
1813,907322,2.492799,3.28125,2.4910245,0.52195525
2173,909709,5.062869,4.71875,0.9353839,0.31803653
1996,924239,2.758011,2.984375,1.417363,0.38057834
1179,687568,2.509212,0.140625,1.4626423,0.42659035
1594,1322212,1.836747,1.7578125,1.9066105,0.44726515
1068,910920,-0.914008,-0.23242188,1.3029792,0.40993586
1598,1240172,3.301317,4.6875,0.92311764,0.30929178
1021,910911,3.905169,3.125,1.586502,0.3866581
1034,1330983,-3.59846,-3.703125,1.2716286,0.31945089
1838,753612,4.574614,3.171875,0.5523183,0.24080694
1239,1240127,2.896182,1.46875,2.2097292,0.5035144
2110,753622,2.294746,4.9375,0.77938384,0.29557437
1069,1240182,4.780167,3.296875,0.850298,0.32085416
1622,907271,5.302342,4.90625,0.8514168,0.31967002
1918,924100,3.750157,3.265625,1.4537934,0.4259968
1250,905964,0.155481,0.73046875,2.3146052,0.4565991
1194,753622,4.798741,3.828125,1.7028636,0.4277831
1058,687568,1.93359,0.734375,1.0609819,0.39835262
1559,724870,-2.424659,-3.625,1.830155,0.43478677
2046,1330983,1.515744,1.3828125,3.2560003,0.5602863
1032,924100,2.315159,1.40625,2.129511,0.5234834
1049,910952,3.030188,4.4375,1.1704322,0.38087347
1563,753622,5.318628,6.03125,0.44440424,0.23556282
1007,1240223,-2.405994,-4.3125,2.7746975,0.5596759
2156,924100,3.194396,3.328125,2.2063837,0.52195877
1598,909745,4.684761,4.40625,0.7238218,0.27312925
1922,906835,4.328397,2.046875,1.1938168,0.3884831
1030,724831,6.114133,5.3125,0.57249427,0.266807
1192,946354,1.666243,1.7421875,1.650476,0.4471976
1631,688025,2.802179,2.4375,2.5838048,0.478094
1048,907322,4.523313,3.375,0.6069145,0.24954297
1058,687997,3.415997,0.40234375,1.3473165,0.38930672
2148,1240223,1.168493,1.9765625,1.0922778,0.42478672
1941,687455,-1.958917,-4.375,1.832089,0.43709207
1372,906849,2.665008,-0.53515625,3.3415992,0.59777784
1924,908465,3.57136,3.890625,1.7732482,0.4321714
1779,1240160,1.787371,1.0,1.5349019,0.45400068
1190,1240172,0.56864,-0.6328125,7.640523,0.95008045
1939,1298348,4.751116,3.25,0.9980047,0.34777513
1622,1298538,4.86165,4.40625,0.81686705,0.29323363
1819,1298358,1.782221,-3.765625,3.7876427,0.6731132
1047,949090,7.096081,4.90625,2.02527,0.47710028
1912,1503367,4.570596,4.1875,2.2919524,0.5075628
1529,749716,2.328321,1.0234375,4.369695,0.6558549
2499,910911,9.124263,10.375,0.8083999,0.4761512
1913,910781,5.387446,4.4375,0.43833145,0.22527105
2148,910920,0.421911,1.15625,1.4828894,0.4512165
1779,907791,0.776035,0.78125,1.1165332,0.3563797
1043,753612,4.567879,4.5,0.4640869,0.20652376
1778,910952,2.50109,4.09375,1.8467206,0.46595353
1051,909699,5.269554,2.203125,4.341997,0.6874271
1617,907271,0.545204,2.671875,4.3734903,0.6115501
2038,1240153,4.008511,3.203125,1.7662169,0.3911364
1179,910899,0.212067,-0.69921875,2.0407329,0.45560133
1021,946354,0.808662,2.734375,1.396214,0.3649489
1913,1298358,5.382243,5.34375,0.7638981,0.33390704
1549,905972,5.636924,3.90625,1.6185039,0.4174547
1919,910933,2.50292,1.140625,1.0896453,0.39115372
1852,906849,4.525922,4.71875,0.8260654,0.27408725
1030,749716,4.900055,5.21875,0.6565415,0.257918
2044,909257,2.462879,3.90625,1.02033,0.34691876
1018,905964,3.980961,4.3125,0.32766792,0.1786754
1019,949090,3.41699,2.53125,1.7577933,0.50555706
1032,908465,-0.548867,1.359375,1.8406901,0.5010034
1093,909750,5.388316,4.3125,0.748891,0.27151787
1067,946359,5.806291,4.84375,0.45622882,0.2014733
1177,909731,1.63018,3.984375,2.2293863,0.46713305
1854,1290797,4.346906,5.09375,0.62143445,0.24785632
1560,946359,1.738404,2.421875,1.9624202,0.4276691
1736,907794,-0.308071,3.828125,2.5678453,0.5422438
1563,909755,6.383807,5.8125,0.43466848,0.2228138
1855,946359,5.64656,3.8125,2.8293226,0.48996115
1051,907271,2.440773,2.03125,3.4046867,0.6343537
1627,1298538,3.013405,3.453125,1.464579,0.39863256
1086,906843,3.372013,-3.765625,2.6664152,0.4677156
1913,1322212,5.751962,4.0,0.6003095,0.25774917
1997,1322212,0.140182,2.703125,2.2699683,0.48309985
1249,924248,1.535896,2.40625,2.2697191,0.46477497
2010,1330935,2.854256,2.515625,2.4749262,0.4882254
1778,906868,2.960453,3.109375,1.8546137,0.43324912
1815,1503365,6.443686,6.28125,0.45213473,0.24591249
1052,906696,3.231864,3.859375,1.5847335,0.41422498
1054,1290797,4.084601,3.53125,1.2547712,0.35263357
1919,688013,2.231294,0.62890625,1.1319368,0.34442794
2048,687590,-1.960678,-4.40625,2.063326,0.41309136
1529,1503367,0.899107,2.0,4.256939,0.6293962
2171,1240172,6.290538,2.453125,2.9571416,0.55096817
1915,1303900,2.080428,2.25,1.5426672,0.44783494
1249,910933,3.899241,3.171875,1.5663869,0.4094295
1812,908121,3.651482,3.09375,2.6334279,0.54337424
1084,909731,-2.187953,-2.421875,2.740936,0.5446986
1033,1659818,3.694295,4.1875,0.63023436,0.23662563
1940,687819,2.992021,3.171875,0.910456,0.3080478
1054,687568,4.428973,3.609375,1.1754347,0.34282413
1627,907175,2.360003,2.34375,1.7930056,0.42238495
1635,924100,6.412428,5.75,0.36290115,0.2083332
1776,908461,5.257958,4.5625,0.9966004,0.35073268
1919,910851,2.724807,0.953125,1.3916385,0.4234505
1250,907291,0.72144,1.6171875,3.0256953,0.552261
1932,907063,1.790613,0.6640625,1.7604481,0.36887434
1017,909720,4.378992,4.71875,0.6949087,0.2785677
1815,910781,4.601514,5.40625,0.33504394,0.19582932
1083,907291,1.274759,2.0,1.7500145,0.41751108
1022,924100,2.044643,-0.16308594,2.0786803,0.50229186
1019,687794,3.749066,2.46875,1.9868336,0.49694932
1625,687505,5.326878,4.6875,0.869254,0.28841713
1581,1330947,-0.225748,1.1875,1.2670615,0.35608754
1494,1240182,-0.339668,-4.25,2.103934,0.44776404
1021,906842,0.316317,0.8046875,1.2381493,0.3083436
1830,753608,3.765994,3.296875,0.7159294,0.3423429
1634,909249,3.78603,3.09375,0.7631981,0.27808607
1873,906835,1.818078,0.22558594,0.6390544,0.33961362
1463,1298365,1.644058,2.765625,1.047662,0.3544707
1827,910911,-0.165185,0.8125,2.3166747,0.5172064
2172,908150,2.787593,1.8671875,2.8212163,0.51845556
1512,687596,5.145673,5.9375,0.5643043,0.31009716
1026,907318,-2.283658,-1.671875,1.556265,0.38925496
1912,909749,2.583358,2.875,1.7266278,0.43565243
1560,910851,4.272143,3.0625,1.7027273,0.42038113
2157,1240159,6.395416,5.09375,0.5782724,0.2395862
1809,905950,-1.167984,0.37890625,3.2046359,0.55851394
1814,1240153,6.067828,5.40625,0.8598542,0.29669592
1912,687455,4.875876,3.421875,2.344633,0.53425395
1268,998189,4.732223,4.40625,0.7601297,0.2797438
2107,906842,3.355906,3.421875,0.5468961,0.21923399
1622,909249,3.711375,3.015625,0.8519117,0.2882397
1778,753612,4.579965,2.15625,1.8901985,0.41192985
1915,1503367,3.828017,3.234375,1.8888429,0.49152252
1133,909745,4.638486,3.640625,0.8058425,0.28927606
1802,1330947,1.558443,2.28125,0.54115033,0.24329871
1053,946359,2.096332,1.2578125,2.274635,0.4553968
1825,910781,-0.103949,-1.484375,1.5500813,0.40336853
1008,1240144,3.061293,-0.27734375,3.9283626,0.663455
1089,949090,5.247434,5.1875,2.338831,0.5137935
1007,910920,-3.249793,-4.625,2.7327347,0.5471114
1180,1298136,-1.572715,-3.015625,1.7698078,0.41343796
1617,1298136,2.867872,1.9453125,4.716782,0.6653959
1494,909720,-4.774782,-4.28125,1.8132968,0.42359725
1131,910781,3.812635,3.953125,2.5075188,0.47376928
2169,1322212,4.498067,2.625,1.0638485,0.3634942
1853,906696,4.428908,4.96875,0.92315054,0.32488352
1003,909755,-0.932695,-3.1875,2.0833604,0.4171024
1835,724859,4.478502,3.828125,0.96685433,0.29559642
1089,1240127,5.649189,5.0,2.1000175,0.45045587
1736,909731,5.376051,3.71875,3.2591043,0.6290564
1149,909755,0.289034,1.1171875,1.1532227,0.37346065
2173,688013,3.786128,3.53125,0.69276774,0.25622946
1559,687780,-2.278014,-2.609375,2.9438372,0.51306117
1809,908127,0.501736,0.890625,3.105426,0.5826378
1825,688013,-1.066481,-1.78125,1.9265648,0.39752206
1926,753620,-0.113411,-0.79296875,1.20817,0.37468976
2148,1503365,4.236671,2.265625,1.1218247,0.4190925
1529,1240182,4.200989,0.22851562,3.8801842,0.62128425
1051,1240160,2.590595,1.8359375,5.0676622,0.74559075
1494,749710,-0.769757,-3.78125,2.5262957,0.51731473
1913,925346,5.4462,4.75,0.44731304,0.21334654
1924,687794,3.326183,3.65625,2.112861,0.46045455
1529,908461,3.047866,0.85546875,4.0071883,0.6490346
1084,946359,-1.576712,-3.765625,1.9533558,0.37975752
1053,907322,3.1775,0.8359375,1.5761318,0.38085616
1237,907278,5.067009,4.96875,0.3600708,0.20459458
1827,1240127,0.539252,0.6875,2.2220879,0.51692957
1239,1240172,4.604405,1.7890625,2.4055119,0.5159847
2048,909745,-2.785899,-4.53125,1.6949093,0.36937058
1617,908150,5.542154,1.375,4.4639897,0.60127896
2011,1298168,3.505657,3.640625,0.8718416,0.29788956
1814,753575,7.536466,6.3125,0.67404586,0.28574023
2040,906746,0.495054,0.734375,1.6016414,0.45851287
2040,688025,2.137702,0.12597656,1.9133341,0.44510347
1827,905968,3.751805,-0.328125,2.01102,0.4658835
1014,946359,4.322661,1.2421875,4.1452723,0.65628153
1799,906848,5.033734,3.15625,3.572886,0.5925108
1032,909907,-1.759182,1.4375,2.583483,0.5541597
1813,687505,3.685981,4.9375,2.3296943,0.48070273
1003,949179,-3.089499,-3.796875,2.0209026,0.41070545
1625,907274,2.699375,4.59375,1.0641915,0.3496781
1849,1240223,-0.05634,-0.66796875,1.0703452,0.38232338
1830,906836,1.676835,2.09375,0.74521935,0.3240809
1047,910920,4.256261,4.125,2.1485033,0.43014443
1625,1240153,4.821284,4.25,0.9452335,0.30170357
1620,1503365,6.5416,6.125,0.52511406,0.2536964
1529,1240159,0.969739,0.87109375,3.26678,0.538519
1618,907291,3.700675,3.546875,1.3064455,0.33996865
2177,909750,2.396706,1.7421875,0.48958486,0.27112237
1168,907794,4.49629,2.515625,1.205986,0.40803874
1449,1240145,5.500018,5.5,0.36898154,0.19258416
2038,1240223,6.544541,4.65625,1.3325195,0.37448347
2046,1290797,2.717604,2.546875,3.0995986,0.53337294
1057,909755,-0.406969,-2.171875,1.4250808,0.37415898
1911,907791,-3.392138,-4.8125,1.8330641,0.3901169
2171,905986,2.781109,2.03125,2.8191128,0.54807186
1776,908121,4.181615,4.46875,1.1162575,0.35119054
1917,1298168,2.23429,1.2265625,0.97302765,0.36901206
1375,909249,5.028085,4.9375,1.3920419,0.3788892
1706,1240144,2.605957,1.578125,2.7636917,0.51492494
1838,907271,3.325325,4.5625,0.4745667,0.26484177
1038,1240184,3.498356,2.96875,1.0357565,0.36813885
1557,753608,4.973033,5.9375,0.9798178,0.3173051
1175,910399,2.935957,4.6875,1.0055748,0.30024558
1012,907274,0.770823,0.765625,0.7902674,0.32493153
1553,907169,3.25876,2.71875,2.178317,0.47095928
1913,1298538,5.22379,4.84375,0.5041633,0.2373896
1919,1240192,2.056006,1.796875,1.1266122,0.4064381
1494,909755,-3.339743,-4.15625,2.0642748,0.43590635
1862,749716,-0.894636,-1.5234375,0.3269645,0.21221791
2110,687455,4.704753,4.75,1.0164585,0.3594952
2047,909699,5.679818,2.71875,2.7674541,0.53034705
1843,1331048,-3.067598,-4.03125,1.9659561,0.39359728
1034,687568,-2.029777,-3.359375,1.086441,0.31835362
1932,906835,5.838576,2.515625,2.0455048,0.43194273
1817,906848,-6.211975,-5.375,0.6664683,0.25022992
1080,910903,-4.388196,-4.15625,2.4789276,0.48901471
1626,749716,3.672895,2.171875,3.135379,0.568428
1996,907299,1.823924,3.21875,1.4136722,0.39006943
1051,924100,3.294236,1.6015625,4.476898,0.7251124
1024,910899,-0.023947,-1.0625,2.0085227,0.45955685
1632,687596,3.892824,4.53125,1.5646503,0.43972015
1133,688087,3.798318,3.65625,0.98604053,0.32876548
1613,907169,4.061067,2.609375,2.7760656,0.51015824
1200,909747,5.179599,2.796875,1.446367,0.34801257
1069,910781,3.399475,3.328125,0.61044407,0.27799466
1626,753540,1.999737,3.359375,2.4979544,0.5622352
1042,1290797,5.653138,5.34375,0.5506812,0.24132437
1862,1240160,-1.266435,-1.515625,0.29196203,0.19046527
1922,1240198,1.938876,2.359375,1.2750448,0.42100337
1580,909755,4.880519,5.25,0.55911213,0.23521253
1853,1303900,3.607152,4.21875,0.96752274,0.327356
1168,910851,4.354004,2.171875,1.509676,0.43218526
1816,907269,2.112823,2.578125,1.2231275,0.32842383
1598,1240145,4.107234,4.78125,0.62556523,0.25077003
1776,687802,6.048903,5.34375,1.3541272,0.43221593
1720,687997,2.39563,2.328125,4.083216,0.60976267
1239,909907,6.490983,1.875,3.4662986,0.6119858
1553,906813,3.14645,2.703125,2.2947283,0.48457047
1635,907299,5.504059,5.3125,0.33573684,0.20030189
1007,909907,-1.042408,-4.15625,3.3677127,0.5795095
1010,1298537,1.803538,2.390625,1.2540565,0.40808585
1581,908150,1.011676,2.40625,1.1848278,0.38369566
1583,909249,1.642318,1.2109375,0.50571615,0.2326783
1813,908121,4.072471,5.5,1.949644,0.4919225
1849,910399,-0.860059,-0.48828125,1.2807667,0.39910647
1847,907791,3.769625,2.765625,6.3866353,0.8636792
1062,687780,5.802655,4.40625,3.3967583,0.6417817
1558,907066,4.308956,2.453125,1.6872737,0.42202303
1862,909749,-1.888681,-1.7578125,0.24880941,0.18250546
2158,909249,0.760322,2.53125,1.3449434,0.34384662
1817,1330947,-6.337036,-5.71875,0.44793513,0.223775
1939,753620,2.320861,1.90625,1.229662,0.36201268
1200,1240145,3.65391,3.890625,0.8778016,0.28564775
1051,906827,2.078736,1.609375,4.0886397,0.68630207
2037,1240127,6.060981,3.421875,1.5435448,0.410744
1939,1240127,5.750148,2.859375,1.1413519,0.36606202
2498,905964,6.159367,7.625,0.6050099,0.31740665
1014,909755,0.715434,2.078125,3.0960238,0.58496106
2107,1503367,5.289966,5.96875,0.8241838,0.31731266
2011,687997,5.807575,3.40625,1.3324189,0.3376636
1449,907794,4.385958,5.5,0.47916022,0.23509787
1803,925340,3.516033,5.34375,3.683521,0.6959625
1563,688025,5.105902,5.34375,0.45714867,0.20818435
1838,1503367,3.361403,5.0625,0.6631021,0.28984818
1736,687780,4.499712,4.40625,3.3967583,0.6417817
1631,907318,3.027983,1.8125,1.4965984,0.3710932
1007,753540,-4.92007,-2.625,4.93517,0.82337505
1852,753608,4.68965,5.96875,0.60881776,0.26885745
1706,905964,-0.731333,-0.6953125,2.3782473,0.42544404
1449,906835,7.206945,5.34375,0.43215054,0.21533418
1996,753608,4.727014,4.71875,1.2298645,0.3724559
1563,998189,5.678279,5.625,0.4391211,0.21937175
1049,908150,1.843769,3.65625,1.0063095,0.33065894
1811,906746,-2.846791,-4.40625,2.1389859,0.44474775
1010,1303900,3.684605,2.5,1.3938814,0.4322844
2159,910903,4.389053,3.546875,1.6539643,0.39796284
2106,905986,3.190494,2.828125,1.9814482,0.46094894
1630,910851,3.678522,3.046875,1.4393102,0.3917548
1817,1240145,-5.824308,-5.1875,0.7747857,0.29530966
1831,907795,4.140695,3.546875,0.56267786,0.26562363
2047,907318,2.962303,1.3125,1.5287801,0.38573265
1927,1503365,7.301521,5.71875,0.6970569,0.27942887
1046,908461,3.520552,2.015625,1.8849305,0.4926919
1079,687819,4.892843,0.4765625,2.919262,0.5716809
1808,909755,2.054101,-0.765625,2.9215977,0.52264386
1927,910781,3.712191,4.78125,0.53355134,0.23322031
1782,688013,4.47855,4.59375,0.5772776,0.23141298
1814,998189,5.933194,5.9375,0.70735425,0.28499675
1057,713880,-2.889063,-2.515625,1.4902501,0.376011
1033,909747,7.354023,4.65625,0.7455257,0.25851616
1911,909257,-4.092619,-4.375,1.9573612,0.44055942
1736,906842,3.166113,2.0625,2.268133,0.45073974
1614,724831,3.196376,4.125,1.5136107,0.4214854
1811,687780,-2.328365,-3.578125,3.15356,0.5325998
1013,906849,4.091951,2.46875,1.8077946,0.44059092
1873,753622,0.836668,0.63671875,0.765821,0.37963673
1507,925340,5.743943,5.15625,0.73483765,0.27452144
1594,925346,2.043033,2.359375,1.4053485,0.38425344
1003,907322,-3.451263,-4.59375,1.3143802,0.31491262
1549,909724,4.748503,2.984375,1.8942653,0.41613156
1853,1240184,6.503963,4.8125,0.95077884,0.3232709
1512,905986,4.839423,5.1875,0.35035416,0.202686
1200,1330935,1.401952,2.625,1.265536,0.34134933
1023,687802,3.229298,4.3125,0.97998667,0.38304332
1047,908121,5.574305,4.96875,1.9200131,0.44295618
2439,724831,9.815858,9.9375,0.523676,0.3933337
2172,753622,1.312433,2.328125,3.307732,0.57280856
1168,907169,2.643218,2.15625,1.2739695,0.3969884
1022,924248,0.384929,-1.2578125,2.0067556,0.42376024
1553,1330983,3.611572,2.53125,2.3867633,0.4924782
1088,946354,1.445368,1.3125,3.193692,0.4653523
1093,1674021,5.088519,4.21875,0.8502216,0.28348073
1922,909257,1.515126,2.421875,1.0748198,0.3877534
1853,1240153,3.160491,3.96875,1.0632589,0.31449583
1804,687590,6.221001,4.875,3.7558606,0.68553334
1175,910781,4.492166,4.0,0.80597925,0.28364757
1036,906835,3.088597,4.5,1.3190638,0.35259098
1847,906696,2.862917,4.375,5.667574,0.799524
1812,907169,2.549717,2.46875,2.4803112,0.49657452
2111,688087,5.043565,3.140625,2.1381018,0.458625
1084,1240144,-0.229204,-3.234375,2.0105472,0.43468687
1799,753612,5.788769,2.734375,2.7358553,0.47377515
1510,909731,2.690183,4.0,1.587484,0.40764806
1038,910780,3.105324,1.9296875,0.7420806,0.2842692
1624,909249,-0.037135,1.140625,3.1840022,0.5280201
1799,1240182,6.146713,3.703125,2.6111567,0.5189079
2438,925340,11.607496,10.5,0.9485121,0.60015833
1179,907271,-0.148076,0.69140625,1.3605798,0.44490176
1811,909731,-3.847008,-4.0625,2.585168,0.49541426
1068,909249,0.932801,-0.78515625,1.0025306,0.3154104
1022,907066,0.204099,-1.1171875,1.6473398,0.38482872
1634,1298365,5.510002,3.234375,0.6281509,0.27881908
1811,909755,-0.839938,-4.3125,1.9831393,0.40919548
1034,906868,-4.1789,-3.515625,1.0725572,0.30704832
1024,910933,-0.407912,-0.40234375,1.4344229,0.43031624
1911,905986,-4.242652,-4.625,1.951693,0.42196244
1922,907794,2.612352,2.21875,1.2460485,0.40943372
2498,724859,6.992724,8.0,0.5834327,0.32811862
1449,925340,5.784048,5.53125,0.48484176,0.23484342
1916,1303900,4.040425,2.078125,1.8240162,0.46022487
2096,753540,0.83877,3.25,1.8832598,0.51492494
1011,906836,2.209265,0.05517578,2.725301,0.50427574
1910,910851,2.833748,1.0859375,3.0093942,0.5455876
2011,1240192,5.441044,5.21875,1.1302882,0.3590375
1085,909749,3.314584,2.0625,1.0666641,0.39060155
1049,687794,3.236108,3.6875,1.3851557,0.396538
2047,687819,4.080935,1.703125,2.376664,0.48667434
1069,907791,2.409378,3.25,0.8000617,0.29007033
1831,906848,2.299871,3.015625,0.66784436,0.27740172
1873,907169,0.476117,0.10205078,0.7239405,0.34885585
1048,907274,4.271855,4.34375,0.8437473,0.31207126
1029,687455,5.508252,6.09375,0.7242325,0.32311803
1930,687997,1.725114,-0.23535156,1.0593518,0.31630236
1007,909726,-4.499634,-5.03125,1.8649466,0.42495143
1259,905968,1.453399,1.046875,3.7688372,0.5544983
1578,907791,4.331022,4.78125,0.4047753,0.20273514
1626,1240182,6.157494,1.671875,2.8766327,0.55523366
1799,905972,5.285601,4.59375,2.1381018,0.458625
1512,1240144,5.646635,5.40625,0.36480358,0.21213172
1593,753608,1.38294,2.78125,1.725847,0.44122797
2046,749710,3.387743,3.265625,2.8676987,0.5456619
1804,688025,5.82899,4.5,3.9589686,0.664536
2039,925340,5.007654,3.3125,0.880177,0.3337993
1931,998189,5.528986,5.5,0.7722727,0.2813926
1583,753575,3.316406,2.359375,0.50546193,0.26861835
2154,1240127,3.896977,2.078125,0.49323753,0.26965278
1814,925338,6.396648,5.84375,0.6222267,0.25845355
2438,906696,11.277633,10.5,1.0633185,0.6287135
1624,906849,2.939579,2.15625,3.8983862,0.62067074
1019,907278,1.85251,2.28125,1.6416653,0.4272009
1925,1674021,5.120005,5.21875,0.5322304,0.2308655
1928,688025,2.634082,3.765625,1.2682285,0.31859672
1625,1298348,5.298642,5.0,0.71447605,0.28641167
1510,907291,4.177586,3.5625,1.4384606,0.3536071
1180,908121,-3.416448,-3.21875,2.077618,0.43533233
1249,753608,2.735876,4.09375,1.5437912,0.41452575
2043,1290797,4.826903,5.28125,0.54273605,0.23422262
1191,1240182,-0.743371,-5.125,0.5768306,0.23717348
1835,905950,2.854251,4.375,1.0942934,0.32367536
1614,907169,2.322537,3.578125,1.9229599,0.4224352
1011,1240182,-1.344819,1.015625,2.5720935,0.53480154
1614,1503365,5.769843,4.5625,1.6864032,0.42925102
1093,910567,5.195379,3.328125,0.8037929,0.28997737
2110,925346,5.101318,4.46875,0.6245886,0.24785747
1559,906842,-4.271701,-5.3125,0.9025426,0.25718254
1614,907322,4.57148,2.28125,1.691393,0.40352544
1086,910780,-3.636902,-4.34375,2.181898,0.41813272
1919,1240182,4.380159,0.9921875,1.3167772,0.40449733
2173,907269,2.122779,3.390625,0.8963868,0.29311332
1200,1503365,4.699908,4.21875,1.0330023,0.32344338
1996,906827,3.017965,3.8125,1.5403168,0.406226
1804,713880,4.057944,4.53125,4.131004,0.70639896
1582,1331048,3.383108,2.421875,0.5753872,0.2464187
2096,909785,2.117807,1.140625,1.5592928,0.36732832
2173,907169,3.763385,4.0625,0.8876467,0.291668
1088,713880,1.375292,0.9609375,3.5374541,0.5282619
1012,1240184,1.357023,1.3515625,0.76904863,0.33961633
1009,906842,3.266047,3.6875,0.39091253,0.1968031
1941,910780,-3.0588,-5.46875,1.0368009,0.3390279
1808,753612,-2.642931,-2.546875,2.3786395,0.4093117
1594,1331048,4.194708,0.4453125,1.3213153,0.33632284
1048,910911,5.001693,4.78125,0.6285631,0.2481771
1248,908465,-3.347434,-4.5,3.5636997,0.72424614
1022,925346,-1.57234,-0.67578125,1.3799905,0.40437075
1177,688013,-0.183525,2.984375,1.631846,0.3643158
1936,1298358,2.449801,2.734375,1.602039,0.48287585
1927,753540,3.733836,6.09375,0.82857263,0.35035264
1631,1240159,2.539902,3.6875,1.66613,0.3991884
2175,1322212,5.392071,3.8125,1.4189981,0.37760162
1927,1240172,4.885858,5.25,0.77528644,0.27830726
1084,906746,-4.531372,-2.9375,2.2913485,0.4656678
1849,753608,-0.551049,-0.23925781,1.1723305,0.40056014
1067,998189,5.1774,5.375,0.39971977,0.20595734
1813,1240198,6.747121,5.34375,1.666459,0.4515282
1618,909747,4.534988,3.34375,1.4875691,0.3625464
1011,907169,2.077326,0.98046875,2.339517,0.48644313
1032,1240198,1.462349,1.515625,1.6308938,0.4801354
1915,687455,2.680664,2.71875,1.8289597,0.5000781
1038,908150,3.279299,2.796875,0.86520857,0.32812262
1084,907066,-1.390796,-3.46875,1.9126251,0.38870034
1778,1240144,4.911989,3.515625,1.5351582,0.40668285
1054,753622,4.330228,3.90625,1.2480378,0.35728434
1811,1299062,-1.925228,-4.6875,1.8373325,0.40362456
1814,687568,7.321127,6.125,0.658369,0.28195697
1199,907175,4.264647,2.609375,1.7520951,0.3943585
2043,907318,4.054428,4.28125,0.40777877,0.20162632
1849,909745,-0.025553,-1.015625,0.9584161,0.33563206
1617,713880,1.92849,0.5625,4.842433,0.6548532
1510,925346,4.804331,4.0,0.96382743,0.2960756
1060,924189,3.786274,1.28125,3.2135694,0.61147374
1024,925346,-0.452089,-0.515625,1.2970946,0.41802627
2110,909749,4.82326,4.28125,0.8157553,0.28708804
1239,909726,1.952687,0.9140625,2.10953,0.4524963
1199,1240144,5.448077,4.1875,1.3688074,0.3708793
1072,906842,2.540202,3.21875,0.70947874,0.24601662
1997,1299062,6.028078,3.578125,1.6681929,0.38486007
1060,1240160,2.152069,1.5859375,4.175952,0.70964545
1085,909249,2.507692,1.375,1.020672,0.33375385
1627,906835,5.068556,3.484375,1.4918209,0.39520228
1046,907318,1.433718,0.30859375,1.2999954,0.34906378
1615,906827,4.877943,5.40625,0.5955558,0.25570813
1449,1240127,6.172213,5.28125,0.43968368,0.22422627
1622,910899,4.749902,3.484375,1.0587304,0.32215253
1018,1299062,5.831742,5.40625,0.3080381,0.17102483
1003,753620,-4.359837,-4.125,1.6177888,0.35539526
1786,946354,2.920456,2.359375,1.476227,0.39998472
2040,924248,-0.210404,-0.0234375,1.9897419,0.4515282
1502,907063,4.969315,3.4375,0.53089404,0.22107853
1017,905950,4.329319,4.59375,0.9759776,0.31453702
1778,1298365,3.707189,2.140625,1.3107756,0.39695928
1849,1240159,-0.136642,-0.515625,1.0483103,0.3653052
1932,924239,1.751602,1.8671875,2.2223241,0.45506984
1131,906868,3.010421,4.28125,3.0245318,0.52045566
1004,724831,-3.395133,-4.5625,1.6790982,0.41997817
1243,687596,3.033795,2.515625,1.3145939,0.46493798
1072,907269,3.80743,4.15625,0.9469192,0.30665115
2037,907322,3.500923,2.25,1.6087592,0.40238488
2011,749710,4.721847,4.9375,1.1736275,0.3520796
1913,1290797,4.602747,4.90625,0.56034,0.24935743
1053,910399,1.84361,2.546875,1.7351805,0.42471448
1179,1240198,-0.002245,0.63671875,1.4565164,0.45824084
1561,1299062,4.745192,1.6640625,1.8827045,0.4588478
2045,1298538,5.542575,4.90625,0.820645,0.27495816
1011,909699,1.29804,2.390625,2.99265,0.5575839
1061,688013,4.096453,3.734375,0.9915127,0.28918195
1042,1240186,5.800348,5.125,0.599892,0.25108606
1924,906746,4.431701,3.75,1.7119582,0.4101684
1507,724831,5.408421,5.25,0.70433456,0.28667274
2171,688087,-0.822322,2.265625,2.9643712,0.56405663
2010,925338,4.760687,3.234375,2.1162255,0.43334383
1088,910903,1.807562,2.53125,3.3113241,0.50213385
1634,907271,5.889473,5.03125,0.7785173,0.31526276
1029,1298350,6.022581,5.9375,0.6059271,0.2867767
1852,909757,6.009112,5.4375,0.6644431,0.26367304
1168,687997,2.574041,2.0,1.2142131,0.36946318
1931,907169,5.746465,5.5,0.756904,0.27036336
1025,687505,5.400763,5.25,0.55802983,0.23655894
1033,906836,3.03165,4.28125,0.726235,0.25940847
1631,1674021,2.28294,3.078125,2.1984618,0.43689418
2045,1330983,4.417196,4.0625,1.1090754,0.31898
1594,946354,3.070909,2.21875,1.6887109,0.40632334
1131,1240223,7.635191,5.34375,2.9505043,0.56141806
2157,946359,4.95449,3.9375,1.0348669,0.2753826
1016,910933,-0.225489,0.09082031,2.0634859,0.4644457
1802,910952,3.878142,4.21875,0.59240216,0.29216012
2157,907794,4.856229,5.09375,0.6688187,0.25492036
1621,909785,1.854925,3.0625,0.9643379,0.2852365
1631,1330983,2.450624,2.25,2.3674307,0.48112988
2043,1503365,6.927958,5.71875,0.56632435,0.25658295
2169,909726,4.64125,2.765625,0.90356493,0.3148657
1507,687997,6.067813,4.125,0.7561777,0.27010393
1006,907269,-1.143076,1.421875,5.158766,0.79051787
2044,910952,2.633517,4.25,1.2480365,0.38338107
1010,910920,3.641,2.375,1.49179,0.423129
1626,910911,5.075572,2.078125,2.6421247,0.50274
1069,909745,4.750799,3.578125,0.6997114,0.28624034
2107,1298348,6.532616,5.25,0.55494785,0.25272185
1007,905972,-2.728032,-4.46875,2.5378752,0.51968586
1576,1290797,2.847866,2.515625,1.0865029,0.36761227
1916,713880,2.598854,1.8359375,1.9052743,0.44883248
1618,749710,5.299886,4.375,1.2074934,0.36916703
1449,909757,5.48798,5.53125,0.5239016,0.24416067
1786,1298358,3.730832,3.046875,1.9423486,0.5009827
1849,906746,0.005612,-0.7734375,1.2188332,0.39280427
1038,1290797,3.189803,2.8125,0.9313078,0.3444567
1855,753622,2.850774,5.21875,1.8388892,0.44625255
1926,909720,1.064359,-0.13574219,0.8286748,0.37931812
1817,909731,-6.322268,-5.3125,0.7701031,0.28626022
1004,908465,-3.076829,-4.53125,2.3444922,0.47646818
1926,1298157,-0.266276,-0.056640625,1.1101997,0.43613464
1855,925340,3.427374,5.1875,1.8041037,0.42499936
1932,688025,2.69793,1.8203125,2.7341416,0.4923741
1072,907299,5.352929,4.59375,0.85239244,0.3044715
1922,909757,2.244238,2.265625,1.4876635,0.43388796
1089,1331048,1.1062,1.2578125,1.8820424,0.39742494
1086,908150,-2.087687,-2.546875,3.307989,0.5389157
1838,946359,3.889047,3.265625,0.6759339,0.2641995
2156,905972,3.426961,3.609375,1.7027856,0.45311868
1997,1240184,4.255589,3.859375,2.243605,0.4774891
1006,688013,-0.838918,1.0546875,4.408364,0.7267058
2055,1298537,2.393296,1.3515625,1.4019122,0.44746816
1250,753575,2.654306,2.265625,2.5124917,0.5184206
2109,753612,3.974602,1.6484375,1.0452015,0.32726312
1512,908127,4.772193,5.5,0.43564063,0.2543004
1093,909731,3.260961,4.3125,0.9940974,0.33470544
1372,906835,0.6501,-0.7890625,2.463333,0.5242521
1582,907269,3.921388,3.796875,0.7305133,0.28266868
1011,910903,1.558713,1.6484375,2.2723327,0.48741767
1720,753612,-1.075742,1.71875,3.8360965,0.5364057
1997,724859,2.926064,3.25,1.8135513,0.41839495
1815,906842,4.054405,4.1875,0.34536156,0.17612465
1259,713880,1.659688,1.890625,4.713369,0.67713034
1919,906842,1.058878,-0.28515625,0.9903779,0.288851
1853,906848,4.692146,3.859375,1.3262717,0.35611925
1916,909755,4.700368,2.640625,1.7187756,0.42803678
1922,687568,1.383442,2.171875,1.2816093,0.40321255
1029,1303900,5.448968,5.4375,0.5836615,0.26443782
2157,1240184,5.007215,5.125,0.74567366,0.2730581
1089,1330935,2.531208,3.53125,2.6835063,0.5179573
1622,910911,5.683803,4.53125,0.8748598,0.28886744
1933,907066,6.494206,4.1875,1.2605973,0.34467524
1052,924248,1.642134,2.484375,2.1203806,0.44429258
1033,687780,5.865266,5.90625,0.83954054,0.31207126
2040,906827,1.737417,0.8125,1.70141,0.47378066
1083,907271,3.783687,3.0,1.3645997,0.4074436
1631,924189,2.063506,2.609375,2.147571,0.46431187
1080,905968,-3.551582,-5.0,1.2440461,0.34642148
1830,906835,4.116021,2.5625,0.6387967,0.3207719
1808,909907,5.49548,-0.36328125,4.2027965,0.6308048
1133,924239,2.668395,3.0,0.9428509,0.31436518
1003,1240145,-1.850606,-3.0625,2.3329175,0.4705657
2171,906849,2.743866,1.7578125,3.5416007,0.61724126
2106,688121,3.671173,2.59375,2.532904,0.5071039
1049,949179,4.607119,3.140625,1.2818555,0.36190888
1576,909249,2.084267,1.3515625,1.0213118,0.31673938
1613,910567,0.500996,1.796875,2.9235938,0.5409668
1069,906868,4.120952,3.625,0.8378183,0.3068005
1052,1299062,3.385838,3.53125,1.1607101,0.33228442
2148,1298350,1.285678,1.6875,1.232825,0.43818292
2046,906836,-0.67974,0.99609375,3.2353358,0.53333557
1847,946359,8.664076,2.40625,7.0317826,0.8881155
1806,909975,6.83381,4.34375,2.777785,0.48412108
1811,1298350,-2.844421,-4.25,2.3078587,0.4620484
1813,998189,4.408142,4.96875,2.1159866,0.48017666
1786,907791,4.354181,2.40625,1.6588662,0.39914232
1018,1298537,4.661761,5.1875,0.37804538,0.19428831
1191,907299,-5.385467,-5.1875,0.57743245,0.24045837
1401,910920,1.520762,1.3203125,1.6499072,0.43318784
1629,753622,3.208148,4.75,0.87064475,0.29894543
1631,909709,1.88724,3.984375,2.2532268,0.46850124
1268,907318,3.265124,3.59375,0.5347278,0.23553531
2110,910399,3.033444,4.90625,0.76070285,0.27856165
1079,688025,3.248877,0.51171875,3.3138084,0.5967626
1580,753620,4.997651,4.21875,0.58272773,0.22892074
1941,909757,-0.661808,-4.53125,1.7393959,0.423921
2044,910903,3.647504,3.796875,1.1674596,0.34694383
2096,909907,4.11817,2.34375,2.663999,0.5414011
1634,1290797,4.00487,4.5625,0.814015,0.298084
1576,907795,3.43242,2.375,1.3634969,0.4071143
1779,905950,1.174276,0.78515625,1.0003657,0.3929871
1011,907066,1.688757,0.609375,2.3719914,0.48205677
1559,687568,-2.374305,-3.65625,1.6482586,0.37098712
1838,1298348,4.627419,4.28125,0.44055185,0.24271643
1909,907322,1.850141,0.013671875,2.123243,0.4448924
1510,910780,1.774937,2.734375,1.115049,0.3105005
1549,906868,4.735917,3.515625,1.8460606,0.4348833
2106,1503365,2.523675,3.640625,1.988634,0.46846983
1558,906696,2.2395,3.296875,1.8813176,0.46851557
1021,925340,4.921175,3.234375,1.6308047,0.40437075
1812,687455,1.646743,3.109375,2.9409785,0.59321594
1561,909747,2.61584,1.1171875,2.6480682,0.5381635
2011,906827,4.042082,4.65625,1.3137041,0.34958243
1803,724831,6.943081,5.4375,3.5515919,0.7328257
1997,1503365,7.236674,4.375,1.8743271,0.4378543
1529,1298157,2.1499,1.1328125,3.7597718,0.6020041
1510,909745,5.622384,3.859375,1.0885433,0.32046732
1072,1503365,6.5423,5.53125,0.79135495,0.30931363
1583,905964,2.401235,1.2734375,0.48108047,0.23063546
1199,753622,5.323689,4.25,1.6723834,0.40758893
1862,909750,-1.239709,-1.59375,0.2292553,0.17375313
1175,949090,4.531909,4.40625,1.185284,0.36759207
1627,907169,3.115526,3.234375,1.7411757,0.41894695
1175,908127,3.951601,4.71875,1.1044686,0.35767207
1062,910781,3.935799,3.359375,2.0258777,0.47925693
1043,1240184,5.201237,5.59375,0.56370574,0.26271114
1047,907066,6.627658,4.09375,1.7426318,0.395452
1051,909975,3.931807,0.859375,4.659799,0.70298094
1852,909749,6.083838,5.03125,0.5966361,0.2416095
2106,910920,3.024712,2.546875,2.315057,0.48508397
1249,1298365,5.104872,2.0625,1.2058212,0.3775547
1012,906696,1.232121,1.3984375,0.7153737,0.3224543
1012,1322212,0.609961,0.40234375,0.6385136,0.27910033
2171,1240223,3.706013,2.75,2.8393645,0.564259
1199,907299,2.01362,3.40625,1.6588811,0.40429813
2057,688121,5.151078,4.375,1.0553124,0.3077896
2359,925346,5.676503,5.375,0.49255887,0.21256821
1052,909726,3.450279,2.828125,1.3904545,0.35237107
1932,1298365,2.819846,1.2421875,1.4948399,0.39778343
1067,687568,6.626979,5.46875,0.3892528,0.20686118
1175,909249,3.297342,2.890625,1.0649005,0.30485636
1804,905972,5.916796,5.4375,3.3657455,0.6738443
1855,924189,4.197143,4.21875,1.996159,0.44565004
1932,910781,3.599058,2.09375,1.6637733,0.4089942
1061,907795,3.3083,4.40625,1.4324417,0.37110466
1847,905972,3.679384,4.34375,5.2854447,0.7523638
1248,1240160,-4.670624,-3.984375,3.9477239,0.6880217
2157,906836,3.848468,3.78125,0.88100654,0.27322653
1620,910952,5.549914,6.34375,0.5456308,0.26428786
1803,687590,5.440757,4.875,3.7558606,0.68553334
2046,909731,0.147123,2.828125,3.501936,0.60643935
1249,688121,3.941437,2.765625,2.0405004,0.44825643
2040,907318,1.158011,-0.6015625,0.94486713,0.30747172
1088,1330947,-0.854496,-1.0234375,2.1577742,0.3644231
2109,687802,2.863301,2.984375,1.3273889,0.436161
1080,753540,-3.464565,-2.28125,4.506006,0.7753848
1051,946354,-2.884002,0.70703125,3.600816,0.61190903
1080,687455,-3.57048,-3.875,3.1340265,0.5799042
2110,909720,5.295562,4.75,0.5919378,0.26681563
1168,1240145,3.8079,2.578125,1.025215,0.3754233
1079,1298537,1.631417,0.55078125,2.5503998,0.5647971
1634,1240160,3.480273,4.6875,1.3503678,0.38657904
1019,909726,3.57088,1.921875,1.4236416,0.3928202
2039,753554,4.014385,3.25,0.82061046,0.32895774
1022,753554,2.62987,-0.5078125,1.6028278,0.42651948
1033,909750,5.781722,5.125,0.5817044,0.23556282
1031,910567,-1.96044,-3.40625,3.5791914,0.61981785
1085,910920,1.908121,1.8984375,1.2838372,0.4000633
1598,1298538,5.077499,4.5625,0.7545338,0.28187954
2175,907063,5.215201,2.890625,1.0885317,0.2949384
1013,905986,4.106287,2.765625,1.2866601,0.38236764
1813,909747,7.241335,4.25,2.806926,0.5379113
1912,688087,2.118821,3.09375,1.8893892,0.4546088
1778,924239,1.098111,2.6875,1.8409562,0.43368083
2157,909975,6.602575,4.4375,0.8039008,0.25291863
1062,907322,4.59051,2.640625,2.5353312,0.51525205
1023,909726,4.090935,2.890625,0.65720415,0.27159733
1933,909720,5.695643,5.0,0.9193995,0.31724223
1996,907278,3.892271,3.1875,1.4556702,0.38390222
1827,687997,-0.17061,0.6328125,2.6141617,0.5195051
1939,724831,2.230304,3.265625,1.030566,0.36994588
1093,906836,3.488462,3.390625,0.9427696,0.30091712
1259,907274,4.190235,2.59375,4.7814183,0.7104583
1249,910899,2.03373,2.296875,2.0481071,0.44992745
1047,909785,2.98774,2.859375,1.7020098,0.3538897
1007,907791,-4.207379,-5.0,2.0437963,0.44540337
1507,907063,5.530189,3.46875,0.5983572,0.22692163
1580,905950,5.807588,5.28125,0.5745435,0.24293928
1033,907291,5.248061,4.8125,0.64384604,0.23932834
1576,1240153,3.031147,1.875,1.3249702,0.3775547
1849,749710,1.240855,-0.5234375,1.1888946,0.40225595
1051,906848,-0.825301,0.74609375,5.0228,0.75007445
1017,713880,3.674754,3.828125,1.0684447,0.31602973
1776,713880,3.878001,3.65625,1.0506004,0.324272
1191,925346,-3.080341,-5.09375,0.5276815,0.2360303
1053,908465,4.171986,2.390625,1.8504937,0.45884433
1578,1240182,5.405632,4.9375,0.42712846,0.2195135
2011,909731,4.459968,4.5625,1.49922,0.38328877
1010,909785,3.124592,1.6484375,1.0681394,0.32195142
1030,924248,5.20611,4.375,0.7997912,0.27597097
1073,687794,2.2076,4.9375,2.5312188,0.5345095
1622,749716,2.5765,4.4375,1.0315404,0.32144377
1635,688013,5.046471,4.96875,0.2818325,0.17206205
1816,910851,3.427773,3.234375,1.4231249,0.34684026
1835,907795,1.965191,3.984375,1.485432,0.37479535
1933,687997,4.125381,4.0,1.3514773,0.35325536
1046,687596,1.54325,2.75,2.9317915,0.6143111
1180,909249,-3.766454,-4.59375,1.0399206,0.26941362
1931,906827,5.666998,5.71875,0.8859723,0.31490108
1925,905982,6.108993,5.34375,0.49626413,0.23009525
1494,909249,-3.280528,-5.125,1.3127605,0.34466898
1049,909757,4.598864,3.859375,1.1976423,0.36615524
1927,1298538,5.85422,5.15625,0.6104897,0.24596952
1049,1298141,4.204939,4.125,0.984905,0.3518045
1913,906849,4.688306,4.375,0.71475035,0.2697062
1922,910933,2.449636,2.078125,1.247231,0.4019563
1494,1240160,-2.437142,-3.640625,2.857249,0.50445616
1131,907066,7.409725,3.484375,3.1609144,0.5371538
1816,909709,5.845841,4.03125,1.2570903,0.34686434
1084,946354,-1.806008,-3.703125,1.8659451,0.40664434
1615,909975,5.76321,4.9375,0.5473696,0.22053808
1838,909731,3.905998,4.0,0.6066301,0.29459137
1401,1330983,1.96911,1.3515625,1.6544806,0.41202503
1047,687505,4.364604,4.5625,1.9702599,0.40653798
1806,1240145,5.545636,5.46875,1.5477656,0.36156753
1811,1503367,-1.359601,-3.296875,3.045675,0.53080976
1021,1240192,1.94745,3.78125,1.4748335,0.42025876
2044,924248,3.988599,2.6875,1.6190122,0.38955298
1924,1298157,3.627373,4.03125,1.5620868,0.39760798
2047,909249,0.16052,1.25,2.0883687,0.4342232
1494,687794,-2.592282,-4.0625,2.4552107,0.49154925
1049,907795,3.513854,3.515625,1.437572,0.40031138
1004,1240127,-0.715093,-4.875,1.7628163,0.40500855
1849,909709,0.039311,-0.08544922,1.5166813,0.4465112
1911,1298350,-5.303946,-4.25,2.3078587,0.4620484
1059,688013,-0.114503,-0.78125,1.3714596,0.37159792
1816,688013,3.644705,2.640625,1.039282,0.30170265
1133,909724,1.669857,3.21875,1.0071737,0.30214465
1013,909755,4.523953,3.078125,1.4144754,0.39207956
2010,687590,4.229621,3.265625,2.329483,0.46293172
1033,907063,5.072395,3.703125,0.50149184,0.20515199
1052,906836,0.739142,2.28125,1.7478788,0.4083152
1932,907318,2.306069,1.1328125,1.5118067,0.36845356
1005,724870,2.916043,3.421875,3.140467,0.5208005
2037,907278,4.087177,3.125,1.7180927,0.41872904
1024,907322,-1.100021,-1.5234375,1.5626842,0.38085327
2148,907291,0.051721,1.3125,1.2026222,0.39902815
1613,687568,5.242149,2.953125,2.5681877,0.50292987
1010,687505,2.126256,2.515625,1.4893605,0.42049414
1083,753540,2.613919,3.578125,1.4908682,0.45364428
1915,909749,3.145577,2.234375,1.3765439,0.4228569
1811,753612,-3.177227,-5.25,1.3218524,0.3486106
1057,909757,-2.338834,-1.921875,1.751593,0.43620947
1563,688013,5.172365,5.09375,0.37702012,0.19276561
1629,910903,5.860121,4.75,0.8769702,0.29097736
1025,908150,4.20552,5.34375,0.51135355,0.23831275
1629,998189,5.892074,4.3125,0.9657,0.3009269
1180,907278,-3.356508,-3.921875,1.5069441,0.32840747
1191,687819,-2.663426,-5.15625,0.62090236,0.24268954
1057,687802,-1.432712,-1.0234375,2.053086,0.5295448
2158,687590,3.054882,3.875,1.4007443,0.3596954
1924,753575,2.889082,3.8125,1.6204839,0.39835262
2173,924239,3.350216,3.625,0.8042797,0.28304943
1624,1298348,4.364794,3.0625,2.56493,0.50229186
1927,925346,5.395342,5.09375,0.519245,0.21513034
1050,905972,4.159739,2.265625,1.2305067,0.40042248
1855,910952,5.580141,5.75,1.7766709,0.45622912
1494,909907,-0.057708,-3.890625,2.9032135,0.5228212
2173,907063,3.430244,2.78125,0.6608795,0.24321762
1915,1240184,3.822469,2.671875,1.6331178,0.46108148
2055,1298168,0.91305,1.2109375,1.0502117,0.40028828
1003,753608,-2.260971,-2.453125,2.7985566,0.5039742
1940,1298538,4.432117,3.71875,0.7906962,0.30289236
2096,905968,0.520121,1.3359375,1.6944023,0.42014027
1042,906843,5.517973,4.46875,0.56207466,0.2334683
1831,998189,4.59553,3.609375,0.51796734,0.25545046
2096,1240153,0.37303,1.7421875,2.2087846,0.47754642
1084,1330935,-4.903816,-3.328125,2.388696,0.43897122
1006,1503365,4.817527,3.359375,4.081271,0.7252949
1580,1330935,3.776934,4.28125,0.6374854,0.25043193
1529,1331048,-1.829006,-2.296875,1.6414353,0.3439371
1005,907794,5.039483,3.703125,2.741585,0.46880922
2111,906849,3.482249,2.546875,2.7369654,0.5099454
1819,907274,0.467434,-4.46875,2.6645632,0.53346294
1909,910911,1.996571,1.53125,2.2019892,0.48764005
2057,907794,4.513318,4.96875,0.82338774,0.29557437
1853,753554,4.174534,4.78125,0.84110165,0.30494976
2438,1240172,11.619968,10.4375,0.931104,0.61051214
1179,1240160,1.652452,0.66015625,2.573266,0.53918767
1931,910567,5.18424,4.40625,0.9391214,0.31008577
1502,753540,5.220487,5.6875,0.7972677,0.35207802
1010,1240198,2.953159,2.9375,1.3137425,0.42750847
1814,908121,5.855222,6.375,0.7267726,0.31364524
1933,753620,2.95253,3.78125,1.4447923,0.35980508
1529,753622,1.525439,0.734375,4.0324097,0.60833246
1062,1322212,2.790864,3.234375,2.8543973,0.57575184
1736,724870,2.449634,3.828125,2.8039744,0.59674823
1050,1299062,3.081275,1.9765625,1.1327223,0.3758355
1016,910399,-1.261655,0.9453125,2.4986935,0.49291396
1007,1303900,-2.280725,-4.78125,2.39573,0.50589865
2047,1290797,1.788061,2.171875,2.275802,0.4920358
1817,907169,-6.906606,-5.1875,0.63308007,0.24996056
1564,1240153,-0.770671,1.4453125,3.783454,0.6127969
1175,724870,4.210597,4.53125,1.0266178,0.33085728
2175,749716,4.747102,4.6875,1.4606694,0.37016502
1463,909975,5.642948,3.390625,1.6768814,0.4000633
1933,907278,3.078316,4.3125,1.3294445,0.3553658
1561,753622,0.688215,2.03125,2.4570074,0.5354542
1581,909785,-0.351831,1.15625,1.0959709,0.3181594
1051,909709,2.411432,2.296875,4.166368,0.6909311
1630,910911,3.794853,3.34375,1.1653615,0.3529216
1915,906813,1.736446,2.234375,1.6354262,0.44311982
2439,687819,9.519873,9.5,0.35010487,0.27457878
1918,910399,2.024735,3.453125,1.218853,0.3798132
1778,908127,2.231106,3.703125,1.8381414,0.47410494
1373,749710,5.728925,5.0,1.3143533,0.3905975
1069,1298350,4.03597,3.796875,0.88867706,0.33871937
1915,907169,2.978182,2.28125,1.5431943,0.42775926
2107,907322,3.988169,3.890625,0.61133635,0.25008756
1449,909785,4.660664,3.625,0.44099614,0.19826984
1069,1290797,3.679645,3.71875,0.7959773,0.30645305
2046,724831,4.131781,2.984375,2.2911034,0.4691539
1939,687997,3.395689,2.140625,1.3086147,0.3677654
2172,907063,-0.431785,-0.39453125,2.7049816,0.4406777
2154,1298350,3.670091,2.296875,0.5786665,0.2981604
1941,1298348,-4.068151,-4.5625,1.1962823,0.33931166
1634,909755,5.09721,4.65625,0.84591776,0.30066448
1862,906813,-1.187296,-1.703125,0.26175627,0.18237431
1815,925338,5.632626,5.5625,0.37790993,0.19980125
1529,906696,-0.051679,1.2109375,4.0335116,0.63504326
2109,908465,3.723466,2.359375,1.0771593,0.3809635
1634,1322212,5.102127,3.671875,0.8524305,0.31059965
1720,688013,3.768353,2.453125,3.7064793,0.5535031
1627,687997,3.38865,2.765625,1.7513376,0.41782674
1629,908121,3.867001,4.78125,1.0377804,0.3265005
2169,753608,4.239551,4.3125,0.9927563,0.35993367
2038,907169,4.769041,3.921875,1.4632633,0.35207802
2010,909907,6.2774,3.53125,3.1428556,0.54425645
1941,1674021,-3.985929,-4.6875,1.234363,0.3359718
1259,907175,2.495848,0.96875,4.260978,0.6269056
1089,907063,3.597892,2.328125,2.1374288,0.40670714
1042,909249,3.85623,4.03125,0.5677774,0.23345108
1873,910851,1.085422,0.16210938,0.8603737,0.38189644
1561,906746,1.398686,1.90625,2.3463893,0.5281212
1931,687997,6.675683,4.6875,0.85199106,0.28685924
1561,1290797,-0.043865,1.671875,2.3333373,0.52092636
1049,907299,-0.815204,3.28125,1.1109958,0.35461226
1922,910567,1.434238,1.5703125,1.3795401,0.3949304
2045,1240160,5.996907,4.96875,1.435926,0.37036303
1634,906836,2.839779,3.578125,0.9551576,0.31082034
1576,1330935,2.554101,1.890625,1.3395616,0.37473515
1378,1240127,4.515044,2.75,2.269773,0.4946503
1023,909709,3.508475,3.921875,0.8631179,0.32569167
1706,1330935,-3.567801,0.4609375,3.4363494,0.5664721
1576,909745,3.924145,2.421875,0.8960432,0.3364253
1862,909745,-1.828069,-1.578125,0.22693433,0.17034465
1180,687590,-2.602771,-3.828125,1.3850013,0.32903233
1007,909720,-5.079831,-4.5625,2.2798615,0.48903254
1068,907169,-0.802905,-0.421875,1.0109959,0.37206787
1854,1298365,3.922788,3.921875,0.5357603,0.24025881
1910,753608,2.341506,2.5625,2.7365122,0.5320133
2045,1659818,4.439209,3.875,0.97316605,0.28119606
1827,905964,0.42751,0.07128906,2.0709684,0.44074824
1862,909747,-0.15859,-1.7890625,0.2695439,0.1805881
2096,687568,4.648059,2.296875,1.766961,0.45173913
1239,905982,2.648142,1.6875,2.1631217,0.4829251
1249,1240223,4.729741,3.625,1.653728,0.43809348
1052,1240160,4.972427,3.625,2.3890855,0.4855308
1067,1240223,6.950319,5.75,0.43181825,0.23790477
1578,687568,4.957138,5.34375,0.39618322,0.21000259
1248,909907,0.894435,-4.21875,4.1049747,0.73433787
1093,1290797,3.356616,4.40625,0.7852516,0.28470078
1025,909726,5.696293,4.90625,0.4462874,0.20533533
1913,1240145,4.989356,5.0625,0.45103928,0.21679044
1563,910903,4.409032,5.9375,0.42333448,0.22497325
1131,924248,1.798716,3.15625,4.1407285,0.6152598
2499,909747,11.428654,9.9375,0.7587758,0.51875496
1629,905982,5.595724,4.5625,0.8653917,0.28160942
1030,688087,5.803419,5.0,0.6102522,0.264709
1507,909747,6.207607,4.40625,0.9022556,0.28660265
1559,907274,-2.750538,-3.109375,2.3609054,0.4726687
1855,687794,3.184881,4.96875,2.3840773,0.50343806
1862,753620,-1.650545,-1.828125,0.2551686,0.17478286
1933,1303900,3.43445,4.40625,1.4215751,0.38692763
1825,909755,1.191566,-1.15625,1.8876619,0.4522653
1560,909745,4.824924,3.140625,1.1342907,0.356864
2175,753622,4.50534,4.875,1.2741443,0.36307168
1069,688121,4.645923,3.28125,0.94341755,0.31764188
1830,924239,1.957296,2.421875,0.7023392,0.3149602
1917,1298136,2.326376,1.7421875,1.4768647,0.4646427
1912,906696,2.688786,3.5625,1.9704901,0.47211012
1093,909907,6.229512,4.40625,1.1818135,0.34148464
1068,1240192,0.618477,0.40234375,0.96893895,0.40452036
1237,906696,5.640406,5.65625,0.35970145,0.22356668
1507,906696,5.075957,5.3125,0.78024155,0.29589966
1629,1240198,5.176691,4.5625,0.8714768,0.30219057
1624,687505,5.310343,2.359375,3.5319183,0.5655209
1915,910920,2.688567,2.078125,1.6073563,0.43354753
2044,924239,2.432689,2.765625,1.1885728,0.34665596
1133,688121,5.726807,3.3125,1.18329,0.3387485
2439,753622,8.769744,9.9375,0.5338033,0.38523525
1849,688013,-1.463572,-1.3984375,1.1658282,0.3306737
1020,946354,4.920851,5.375,0.45889738,0.22113565
1634,688013,3.214453,3.765625,0.6841406,0.26207408
1052,908150,5.850245,3.46875,1.4044211,0.36873475
1908,909720,3.359041,2.5,1.6325259,0.43638065
1190,1240186,5.383038,-1.1796875,7.3940544,0.9462386
1068,1303900,1.273266,-0.2890625,1.0865437,0.39004034
1615,907169,5.41083,5.1875,0.5351162,0.22454505
1441,907169,2.383663,1.5078125,1.4265523,0.4180145
1463,906836,0.852851,3.046875,1.6383573,0.404489
1617,1240172,5.245304,1.8046875,4.7465,0.624825
1017,946354,4.708406,4.3125,0.8655628,0.2816651
1706,924100,0.76695,1.5859375,3.816637,0.63676095
2040,907791,2.139306,0.46875,1.8074943,0.42759448
1180,1503367,-2.316448,-2.171875,2.6055195,0.48545468
1614,907278,3.542419,3.328125,1.8378322,0.4239967
1563,909699,8.430044,6.1875,0.4953403,0.23025757
2111,924239,2.725496,2.28125,2.2636247,0.46003354
1582,1240159,4.378667,4.75,0.5606375,0.26128122
1799,905964,3.032158,2.34375,2.2952895,0.45613652
1249,906848,1.965861,2.46875,2.3890085,0.48920217
2438,1240153,10.118656,10.1875,0.89706564,0.58298546
1806,910903,4.506821,5.4375,1.9525843,0.43948418
1061,924189,4.794883,3.90625,1.1866682,0.33658472
1819,905972,0.57813,-4.46875,2.5378752,0.51968586
1003,907794,-0.272077,-3.203125,2.0930178,0.43186748
1634,909724,4.366824,3.984375,0.8170401,0.27109265
1838,1674021,3.847017,3.9375,0.5427595,0.24780631
2047,907794,-0.076815,2.328125,2.1294816,0.48522902
1510,906868,5.00108,3.890625,1.3590062,0.3520796
1553,907299,0.611605,2.640625,2.1467433,0.4831852
1809,1298348,2.424844,0.4140625,2.458327,0.48853648
1449,908465,6.313449,5.53125,0.51049286,0.25502697
2170,910903,0.887494,4.0625,2.0226078,0.4338514
1069,1240198,4.188613,3.78125,0.80480224,0.32262066
2157,1240172,6.266075,5.03125,0.7571452,0.2651481
1635,687794,5.051865,5.6875,0.3975428,0.22415105
2107,910911,4.786483,5.21875,0.5859217,0.23727064
1441,910781,1.029223,1.5859375,1.0505987,0.37341428
2174,909726,2.835537,1.4765625,1.1471622,0.3540762
1259,998189,1.86108,2.546875,4.3728285,0.63716406
2148,909907,2.645167,1.734375,1.7366401,0.4770032
1237,1298538,5.865855,5.40625,0.29798707,0.19489035
1529,906848,-3.014657,-0.29296875,4.2621474,0.6301662
1168,1240160,3.914511,2.59375,1.9464881,0.4784921
1849,753575,3.448456,-0.7109375,1.1266351,0.37748054
1022,909975,1.34972,-0.86328125,2.1197624,0.4511327
1819,905964,-6.610737,-5.5625,1.3750243,0.38465568
2107,908127,5.46872,5.40625,0.7102482,0.3112512
1175,906849,3.867691,3.765625,1.3931767,0.3546142
1563,905986,6.033544,5.65625,0.40791792,0.2156665
1249,1322212,1.851426,2.515625,1.7264502,0.42994803
1091,909750,2.303375,1.7109375,1.1232855,0.3856924
1008,1330935,-3.164034,-1.359375,5.3839617,0.78076535
2438,907299,11.199667,10.4375,0.9803568,0.63711476
1930,924248,-0.260082,-0.27734375,1.1583456,0.34101713
2107,687794,4.102986,5.25,0.78545105,0.2993748
2110,713880,4.221502,3.765625,0.936216,0.3017227
1631,687780,3.775369,4.25,2.7643404,0.525995
1786,907271,3.748021,3.078125,1.4439151,0.4191673
1936,1240153,2.666987,1.7578125,1.49817,0.40777543
1720,906849,1.527167,3.03125,4.381006,0.6414371
1441,1298157,1.335428,2.234375,1.3437203,0.4187238
1191,907175,-5.469559,-5.3125,0.5389483,0.22672981
2438,1674021,9.652541,10.3125,0.8727414,0.5884294
1006,724859,1.612221,1.40625,3.4233263,0.651386
1248,907066,-3.383561,-5.0,2.118536,0.5253075
1615,1298157,4.009541,5.5625,0.5051142,0.23601058
1845,906842,-2.913721,-2.296875,2.102361,0.34051433
1463,906746,5.728517,3.9375,1.4501144,0.39830315
1093,906835,6.737843,4.375,0.72613704,0.27127105
1928,905968,4.521447,3.3125,1.1450036,0.30606398
1089,910911,4.287315,5.25,1.9913054,0.4046904
1855,908150,4.545032,4.875,1.6622113,0.39656338
1047,687596,4.703996,5.65625,2.4955573,0.5733564
1908,1298141,2.303893,2.8125,1.9442389,0.4718183
1635,687505,5.300439,5.4375,0.32425925,0.18142565
1049,1298136,5.928572,3.75,1.3522975,0.413438
1940,910911,3.474572,3.828125,0.8873676,0.3046874
1557,1298358,5.130607,5.5625,1.399652,0.3988355
2148,753620,-0.724086,0.7265625,1.1711048,0.3848083
1199,949179,2.559282,3.234375,1.9661355,0.41843745
1026,1240153,0.408909,-1.09375,2.4237392,0.48888507
1855,1298537,4.841769,4.28125,1.7984761,0.41491705
1005,909749,6.208892,2.84375,2.7245553,0.4718183
1578,749710,5.147339,5.5625,0.44415492,0.24533203
2107,1240184,5.409094,5.34375,0.6859864,0.28062567
1911,1330935,-5.062807,-4.96875,1.8352225,0.40316102
1996,753575,5.808056,3.9375,1.306349,0.3705308
1593,688121,4.378375,0.984375,2.098514,0.46850124
1922,1298538,1.823304,2.109375,1.2305446,0.39850065
1559,910899,-2.515829,-4.1875,1.7963121,0.3763891
1373,906849,4.433485,3.984375,1.6995976,0.40038046
2039,925338,2.77988,2.921875,0.7994787,0.31566015
1073,909975,6.854423,4.3125,2.4197276,0.47385678
2037,1330983,4.315499,2.859375,1.8896134,0.43958524
1927,688121,5.576188,4.8125,0.8661414,0.27645862
1621,905982,4.290877,4.65625,1.0970513,0.32297206
2170,1298538,5.547369,3.75,1.9087383,0.4226984
1817,910920,-4.061067,-5.34375,0.75535995,0.28077993
1259,1240153,3.66835,1.6015625,4.920424,0.68504876
1036,910903,3.079197,4.75,1.4003854,0.37264866
1919,910781,2.563877,0.91796875,0.9017825,0.3454463
1012,908121,1.148375,1.1953125,0.8043553,0.3349552
1926,906696,-0.331592,0.087890625,1.217691,0.4503793
1835,1303900,2.873157,3.71875,1.1786423,0.3486245
1007,749710,-4.254193,-4.09375,3.1108682,0.59193194
1052,908127,2.439634,3.921875,1.4872775,0.42380473
1831,909731,3.75963,3.609375,0.54949224,0.26822138
2107,1299062,5.812261,5.03125,0.5070291,0.22505642
1925,910952,5.42315,6.0625,0.5873274,0.28084806
1021,909745,1.705208,2.78125,1.2467266,0.35525894
1849,687596,0.046808,-0.07714844,1.7208371,0.47700018
1401,906842,-0.313314,0.2890625,1.2419326,0.32174918
1084,908465,-1.100344,-2.921875,2.4674568,0.49400103
1011,1298538,3.024319,1.3359375,2.166536,0.48764005
1051,1298350,0.20337,1.6484375,4.229924,0.7188173
1813,907795,3.534679,5.0625,2.7082677,0.5718963
2043,687505,4.87656,5.0625,0.58192813,0.22860663
1564,1240186,5.31595,2.140625,3.3157742,0.5854102
1083,909720,2.208675,2.765625,1.1269269,0.3702921
1059,749710,2.80203,0.109375,1.386694,0.4578685
1021,724870,3.74578,3.125,1.4487975,0.41475716
2037,724870,4.534021,3.65625,1.5881702,0.43622297
1089,910903,3.188787,5.4375,1.9525843,0.43948418
1019,753608,-0.704662,3.296875,1.5476736,0.4430631
1614,906849,5.218615,3.203125,2.3450527,0.48020118
1047,1303900,2.454249,4.34375,1.9675258,0.44284722
1630,910952,1.38056,3.984375,1.2191267,0.39480308
1940,687997,3.711152,3.078125,0.8814546,0.3026571
1799,687780,6.502209,5.15625,2.9983115,0.56649935
2169,910567,5.213908,2.546875,1.0263937,0.34898043
1913,906836,3.914636,3.953125,0.6684137,0.259946
1069,909757,3.398421,3.828125,0.8551384,0.31946352
1915,753622,1.890495,2.78125,1.540165,0.44503018
1930,1298168,-0.321437,-0.05078125,0.7455496,0.30810714
1032,1240160,3.497279,1.578125,2.608578,0.55516356
1855,1240160,5.292773,4.9375,2.6991224,0.5285709
1030,907299,4.816579,4.78125,0.6108589,0.26027834
2172,909757,2.714461,2.234375,3.405891,0.589807
1268,906849,4.17452,4.03125,0.9410932,0.30329454
2173,1298136,5.393369,4.28125,1.0020305,0.34069678
2359,1298136,6.57427,5.5625,0.7959805,0.3064543
1782,906835,7.85378,5.46875,0.5956614,0.24616407
2173,907274,2.815389,3.890625,0.99999416,0.3334179
2157,688025,3.120185,4.25,0.84030014,0.25690502
1598,909731,4.16597,4.53125,1.0907148,0.35151443
1939,906696,2.220487,3.3125,1.3429102,0.40286314
1558,1298136,4.227097,2.984375,2.0059502,0.5039227
1005,753554,5.519848,3.390625,2.9572387,0.48749208
1838,1240144,5.099492,4.25,0.45280677,0.2475493
2096,1298538,1.474692,2.234375,1.6970807,0.44557336
1268,753540,4.158388,5.3125,0.77704686,0.33705953
1559,1240153,-0.366869,-4.15625,1.6780738,0.3599485
2148,907318,1.876684,0.7734375,0.79623127,0.32407585
2096,905964,2.909177,1.3203125,1.6029279,0.38899064
1812,907791,2.575558,2.6875,2.683703,0.5035144
2173,906842,2.567075,2.53125,0.69547176,0.24597046
1033,713880,4.841653,4.6875,0.6656965,0.24499038
1816,1674021,6.249769,3.34375,1.2184222,0.32277545
1180,906849,-3.257206,-3.703125,1.6660169,0.35456556
1813,910903,2.315445,5.5625,1.7639886,0.454979
1854,753612,4.99403,4.15625,0.62550825,0.22565919
1634,905972,5.30605,4.8125,0.7466218,0.2903611
1007,688013,-5.955864,-5.25,1.7418765,0.41207147
1008,908121,0.386112,0.17871094,4.8614297,0.7783985
2173,1240186,4.754406,4.0625,0.8313777,0.29403687
2174,1240144,3.69265,2.546875,1.0764761,0.36244175
1873,905972,1.200701,0.3515625,0.6226252,0.34038895
1199,1298136,3.690889,3.984375,1.9385653,0.4528607
1175,687596,4.700882,5.1875,1.4808822,0.42989883
1069,1503367,3.591479,4.53125,1.0959667,0.36720508
1018,906836,4.352181,4.6875,0.43241966,0.2025645
1630,910780,4.401996,2.21875,0.93862504,0.3099219
1593,907063,0.100218,-0.50390625,1.2332804,0.31253976
2047,1240160,0.736622,2.421875,3.2026763,0.5691572
1941,687802,-6.264874,-3.984375,2.0336893,0.487252
1918,905968,0.035174,2.140625,1.2370086,0.36761227
1618,1298350,3.061845,4.125,1.3045775,0.37695727
1852,1298350,5.61869,5.375,0.70756465,0.28798744
1072,907274,5.048996,4.6875,1.0649203,0.35162294
1804,687568,3.922972,5.1875,3.5086157,0.67238116
1177,1298136,5.095069,4.125,2.0581806,0.44853812
1057,687780,-3.163919,-1.3046875,2.182319,0.48721096
1925,687596,4.708969,6.125,0.83784467,0.36905128
2157,909750,3.163599,4.84375,0.65693,0.23936522
1239,924239,0.792122,1.1640625,2.464386,0.500834
2106,910781,0.879059,2.640625,1.5838132,0.41769722
1799,1290797,5.618781,4.21875,2.5252795,0.49094692
1928,910780,3.27103,3.015625,0.9493122,0.27947766
1180,909785,-4.017542,-5.0625,0.8526954,0.24074323
1553,1298348,4.72385,3.234375,1.7135866,0.43809348
1928,1298141,5.783859,4.875,0.8838231,0.31884918
1853,1240223,6.922371,5.0625,0.8761824,0.32569167
1091,687819,3.11528,1.3515625,1.2957937,0.39428663
1911,908461,-3.071565,-4.1875,2.4194186,0.49169534
1627,910781,2.742406,3.09375,1.2413669,0.3759393
1021,910920,2.751914,2.375,1.6689329,0.39986
1031,1240182,1.21503,-2.203125,4.185834,0.6740683
2173,1674021,4.371786,4.125,0.8699765,0.2886569
1558,908461,-2.639388,3.203125,1.812814,0.4802374
1558,753622,3.299222,3.203125,1.8561776,0.4622548
1168,906813,3.195414,2.140625,1.3452944,0.407413
1621,908127,4.874388,5.0,1.265033,0.39420363
1043,925340,5.361102,5.59375,0.5056177,0.24427721
1629,910952,4.021374,5.34375,0.8961117,0.32008785
1853,924189,5.636466,4.0625,0.92182004,0.308857
1630,1298136,5.087743,3.3125,1.3643486,0.42312542
1613,688121,4.033394,2.390625,3.366896,0.56862974
1050,724870,2.065865,2.109375,1.355881,0.4520776
2169,924248,3.167995,2.5625,1.4782265,0.39336255
1060,724870,-1.010941,1.234375,3.016485,0.65217394
1052,907063,2.829688,1.6015625,1.2218376,0.32223386
2156,909731,3.431321,3.359375,2.3727138,0.55894893
1013,1303900,2.380171,2.578125,1.4960575,0.42238495
1924,998189,3.33467,3.421875,1.7635677,0.4119802
1237,909907,6.365307,5.625,0.46178725,0.23610596
1250,907299,0.751734,1.75,2.690793,0.54275167
1463,907271,3.645463,4.28125,1.3099004,0.3966942
1131,908150,5.027414,4.5625,2.7790072,0.49713588
1810,909907,4.588994,-0.28515625,6.5253325,0.85273343
1831,1330983,2.603861,2.984375,0.5107249,0.24801794
2110,946359,5.905099,3.40625,1.2313398,0.32042432
1011,908121,1.728314,1.6484375,2.843872,0.57795644
1039,907175,3.104349,4.40625,0.6666472,0.24656843
2039,998189,2.831798,2.96875,0.87358147,0.33633083
1038,688025,3.0172,2.328125,1.0548441,0.34160167
1806,906842,1.554097,1.6328125,2.218217,0.40215123
1375,724870,6.666053,6.9375,1.0827315,0.3945143
1093,925340,5.569906,4.59375,0.80022043,0.2872579
1806,753612,2.915812,3.1875,2.556975,0.44563758
1372,908121,2.158206,-0.083984375,3.5134783,0.65462357
2111,1240186,5.739174,3.015625,2.2256627,0.45923707
1021,910933,3.218955,2.953125,1.4369838,0.3841115
1553,1240159,3.536964,3.328125,1.7260274,0.42798194
1855,1240172,6.196624,5.0625,1.8903803,0.4325255
1053,1240192,4.075365,3.046875,1.5689594,0.43291724
1779,906843,1.236762,0.24804688,0.92748797,0.32641
1578,909755,5.094266,5.375,0.42072546,0.2156665
2170,910781,2.490209,3.34375,1.6463871,0.40125313
1620,687505,5.231711,5.46875,0.51127857,0.21345267
1061,906842,2.668373,2.5625,1.0076386,0.27803403
1847,1240192,2.861974,5.0,5.2299914,0.7930832
1631,1503365,4.097588,4.125,2.001957,0.44694448
1620,1298537,5.092571,5.1875,0.5082553,0.22502379
1928,909750,3.860806,4.375,0.9502559,0.28777835
1853,724831,4.059197,4.84375,0.7834048,0.30931363
1062,907794,1.263838,3.828125,2.5678453,0.5422438
1936,753622,2.999544,2.5,1.308583,0.4097305
1014,909724,1.609333,1.3125,3.4393306,0.59183335
1378,906746,3.727067,3.0625,2.521597,0.51246095
1259,907271,5.283976,3.78125,3.6523921,0.5950236
2040,1240145,0.359807,0.83984375,1.2684827,0.43129227
1578,909726,6.561428,4.84375,0.35375744,0.18133828
1561,724870,3.501743,1.8671875,2.245796,0.54267365
1581,687590,1.71969,2.234375,1.3455596,0.4094295
1853,924100,4.978843,4.6875,1.0106677,0.3257169
1091,687590,3.254511,1.609375,1.271636,0.40982148
1932,906746,4.442961,2.671875,2.2272096,0.4630916
2037,909257,3.869964,3.875,1.3883256,0.4049153
1059,687780,-1.292903,0.46484375,1.8388193,0.5004941
1915,909726,3.278957,2.03125,1.3386617,0.38501102
1845,1240186,3.524867,1.03125,3.9268436,0.5777453
1200,910952,2.517729,4.28125,1.1243187,0.3470255
2045,910567,3.499995,3.90625,1.0040472,0.3084306
1830,925340,2.865407,2.765625,0.7188728,0.33416605
1372,924248,2.707279,-0.9140625,3.357565,0.5741414
1720,909720,5.74912,4.53125,2.2918756,0.4588485
1463,907278,2.040561,3.484375,1.4515461,0.38626274
1053,909755,4.123839,2.375,1.7294841,0.4215053
2148,687568,4.064409,1.6484375,1.0221268,0.39154658
1632,910899,3.862046,2.5625,1.4062808,0.3611171
1804,753612,6.421169,4.03125,3.8941426,0.641938
2038,908150,5.188769,4.125,1.2844167,0.33873773
1069,910920,4.168746,3.125,0.8934577,0.31443375
1576,909785,2.256929,1.1328125,0.94360155,0.28986248
1809,906868,-0.327063,-0.16699219,3.0538158,0.52549475
1924,1240127,1.908762,3.5625,1.5794947,0.39506522
2109,749716,3.273623,2.328125,1.2383395,0.3840462
1873,1322212,1.11798,0.3984375,0.8494524,0.35918143
1631,906849,2.495675,2.59375,2.695936,0.51297915
2010,1299062,3.706116,3.546875,1.7725143,0.392531
1812,909249,2.57904,1.734375,2.4176934,0.48046145
1557,909975,5.565698,4.5,1.2959876,0.30530056
1630,905968,2.284816,2.265625,1.143515,0.34795097
1873,906827,1.184004,0.484375,0.81315154,0.38189644
1050,1240186,5.037143,1.875,1.4392672,0.42571342
1830,909975,4.179339,2.3125,0.768004,0.33059362
1268,906835,5.652267,4.5625,0.65693206,0.26069242
1168,906843,1.780045,1.8046875,1.0995507,0.35436204
2111,749710,2.006569,3.765625,2.1318622,0.47211012
1031,907063,-3.552854,-4.5,2.7785156,0.5141223
1378,906848,4.542215,2.171875,3.345189,0.57929504
1014,753612,3.860886,0.96484375,3.426015,0.582204
1549,909257,2.844595,4.0,1.5855938,0.43157062
1086,688013,-2.825461,-3.5625,2.863476,0.47773725
1043,688121,6.145905,5.15625,0.56369716,0.23774637
1812,906746,4.032059,3.0625,2.521597,0.51246095
1512,1240182,6.213443,5.0,0.39511722,0.21937175
1815,906843,6.607725,5.0,0.4107801,0.20787354
2047,687505,2.097808,1.875,2.4266095,0.4931567
1016,906868,-1.316937,-0.045898438,2.3295279,0.47342697
1941,908127,-5.087733,-4.5,1.7669764,0.4497598
1058,907274,0.247725,0.828125,1.4896814,0.4597961
2096,907322,3.255256,1.421875,1.7140775,0.41067618
1581,1298538,3.941551,2.390625,1.1640197,0.38621995
1268,924239,4.011553,3.953125,0.74118036,0.2741355
1239,908121,1.059523,1.921875,2.8410351,0.5862114
1809,1240153,-0.343494,-0.6953125,3.2643692,0.52872205
1706,907318,2.759449,-0.62109375,2.0058017,0.40458417
1802,909907,5.110371,3.671875,0.7665457,0.30728483
1563,907274,5.2558,5.46875,0.57997614,0.2689087
1776,906836,2.773113,3.46875,1.1011485,0.32723758
1915,910780,2.2927,1.671875,1.2095828,0.35443714
1016,907066,3.313169,-0.009399414,2.228034,0.4528005
1564,1240172,3.848794,2.546875,3.2503536,0.5664818
2499,910903,8.929944,10.3125,0.7782145,0.5187499
1812,909709,3.090313,3.609375,2.8459647,0.55329216
1720,907269,4.264362,2.390625,4.197079,0.62054574
1168,910567,4.895509,1.875,1.2128735,0.3852708
1799,906827,4.27477,4.3125,2.7008612,0.52508223
1862,1298348,-0.975475,-1.4296875,0.24192539,0.18604815
1023,906849,3.608876,2.890625,0.94297594,0.33186066
1928,909709,4.632293,5.0625,1.1087184,0.33576763
1909,724831,2.97154,1.53125,1.5580829,0.4608573
2010,1298537,3.603289,2.875,2.1385067,0.45871183
1179,1331048,-0.845133,-1.9375,0.9766978,0.27322596
1177,910903,2.157489,4.28125,1.703458,0.3881542
1005,687505,2.283461,2.90625,3.2823362,0.49773806
1845,1298365,-0.337311,-0.515625,2.4787574,0.47502202
1250,910780,-0.255591,0.78515625,2.342769,0.45878595
1494,1298168,-3.26643,-4.71875,1.32857,0.3838899
2057,687997,4.068864,3.765625,0.91613364,0.2952506
1502,910567,4.086845,3.84375,0.7302529,0.28543094
1557,905964,4.50261,3.359375,1.0234807,0.27857333
1005,909720,2.812198,3.6875,2.2372208,0.42569542
1177,908150,5.376969,3.96875,1.6781462,0.3777142
1932,908465,3.142907,2.765625,2.4436927,0.49290985
1580,906827,4.597149,5.28125,0.62704575,0.2552153
2107,1298136,6.897456,5.21875,0.7870847,0.30764455
2046,1503365,6.010514,3.75,2.6620412,0.5029646
1054,688087,2.539296,3.390625,1.2734524,0.36287454
1008,910399,2.993759,0.2734375,4.562216,0.706606
1819,910952,-0.665664,-2.734375,4.81498,0.76230997
1720,753608,7.399613,5.5625,2.6597521,0.5060941
1010,907318,1.852189,1.9375,0.8573996,0.32353392
1561,910399,1.345453,2.046875,2.3718882,0.51280993
1133,753620,3.668983,2.640625,0.9916745,0.31805646
1180,906835,0.034559,-3.859375,1.3338667,0.32931426
1463,687455,1.760505,4.03125,1.8445507,0.47999665
1926,1290797,-1.716647,-0.41796875,1.0911262,0.40558988
1625,1322212,5.389536,4.125,0.8781376,0.30904216
1635,906827,5.454137,5.65625,0.37226626,0.21261415
1849,1240153,-0.545104,-1.3828125,1.2776074,0.3574038
2096,924248,4.696591,1.7578125,2.3785791,0.4907895
1375,907274,5.849667,6.34375,1.3919877,0.4379392
1512,905968,5.933554,4.5625,0.40182543,0.19715388
1622,907318,4.940759,3.4375,0.6320456,0.25594866
1032,910781,2.143889,1.078125,1.2997395,0.41088402
1635,909747,6.407276,5.21875,0.35824832,0.1953507
1847,1298365,3.866194,2.09375,5.4787803,0.8100475
1133,910567,3.457733,2.703125,0.90532017,0.313926
2148,1240172,2.531428,1.671875,1.1380804,0.41262233
1259,907794,4.460192,3.125,3.9396908,0.5974202
1012,1298365,2.944569,0.29296875,0.49690932,0.26407322
1177,905986,4.364622,3.8125,1.7590928,0.39593348
1560,1240186,4.741524,3.171875,1.4278239,0.3975969
2111,1240144,5.122895,3.671875,1.786053,0.41034716
2039,1331048,2.188117,1.3984375,0.58802086,0.24549165
1049,1290797,3.615418,3.734375,1.0558549,0.34358856
2154,925338,2.142785,1.8671875,0.4788566,0.2604463
1782,724831,5.441573,5.75,0.6241356,0.28350154
1085,907066,3.814181,1.9765625,1.1052685,0.37213597
1576,906849,1.885021,2.078125,1.4377425,0.40220073
1855,1503365,4.219032,5.625,1.6274966,0.42730382
1852,907278,4.944634,4.65625,0.68565995,0.2561496
1038,910952,1.39727,3.46875,1.0127838,0.37272584
1190,906835,2.255364,-1.1953125,7.3896675,0.93034196
1003,1303900,-0.468555,-3.515625,2.1354728,0.43398938
1048,910567,2.563856,3.65625,0.6626817,0.26971954
2048,907175,-6.278012,-5.0,1.4668088,0.34554154
2047,1298537,3.158196,1.7421875,2.1506155,0.49410573
1930,907791,1.585567,0.034179688,1.1408818,0.32965744
1838,688013,1.933192,3.390625,0.45153233,0.23205535
1259,687802,3.46715,4.375,4.7751513,0.73173356
2010,1298350,3.512773,3.71875,2.433664,0.50601864
1239,910780,0.918643,0.23339844,1.9835063,0.41885072
1401,687455,1.886858,1.875,1.7133151,0.47929066
1936,908127,1.22553,2.609375,1.323354,0.43483523
1847,1659818,2.257846,1.96875,5.945401,0.7915268
1038,910899,2.650348,2.109375,1.0482161,0.3477965
1583,687568,3.900322,2.171875,0.5130548,0.27547687
2173,687596,4.950543,4.96875,1.1501514,0.39491707
2157,909755,5.40529,5.0,0.71088845,0.2551901
2159,906843,4.563092,2.203125,1.6823437,0.3946552
1200,907318,2.874624,2.40625,0.79879355,0.2756267
1058,1298365,-0.085991,0.11425781,0.91014785,0.3593559
1494,908465,-1.658089,-4.1875,2.3639426,0.4953272
1803,1298537,3.36035,4.59375,3.4176843,0.63677543
1847,1674021,5.60554,3.578125,5.632402,0.7616825
1030,1298348,4.51168,5.28125,0.51632106,0.24436744
2043,1330983,4.571527,4.40625,0.64065915,0.255524
1808,905968,0.660135,-2.34375,2.0579965,0.4059782
1629,713880,3.488978,3.84375,1.0281807,0.30412024
1020,909726,5.699246,5.0,0.4502631,0.209842
1580,909975,5.627599,4.8125,0.58909804,0.22341017
2055,909749,2.080272,1.4453125,1.3288566,0.4387713
1782,907794,4.950212,5.65625,0.65426666,0.27038336
1624,910899,2.518553,1.6328125,3.907331,0.61517715
1819,907271,-2.932167,-4.03125,3.3430905,0.6143605
1093,907066,4.037134,3.78125,0.77406114,0.28064355
1996,910911,3.739223,3.828125,1.3683265,0.3608672
1033,753608,5.22742,5.875,0.63901293,0.27506834
1019,906813,3.885325,2.1875,1.7154057,0.45240197
1014,998189,1.184969,1.8203125,3.1840296,0.6015888
1373,1240159,5.569589,4.875,1.0194321,0.3238239
1006,905968,0.168401,0.19433594,3.5859866,0.62901753
1372,905964,0.063508,-1.515625,2.8062508,0.49224415
2048,906746,-4.122588,-4.1875,2.4915864,0.46746963
1916,906843,3.450292,1.59375,1.6751981,0.40479454
1036,925338,5.948192,4.25,1.3941194,0.3564189
2172,909709,2.654828,2.890625,3.44366,0.5925784
1441,687997,5.493013,1.421875,1.5873811,0.41491705
1048,907318,4.496934,3.734375,0.46112382,0.22278105
1802,1240144,4.66453,3.890625,0.49437097,0.25341767
2359,1290797,5.625088,5.5625,0.638747,0.2613008
1072,924100,5.058748,5.0625,0.9367037,0.32005155
1854,910567,4.340993,4.15625,0.64676666,0.25407803
1025,753612,4.365151,4.4375,0.5170328,0.21475929
1053,909720,3.374251,2.578125,1.2390078,0.38425344
1375,1240182,7.074682,6.15625,1.1533898,0.38269296
1069,946354,3.574536,3.53125,0.7480438,0.28799853
1819,1503367,1.608631,-3.09375,3.9846992,0.65298516
1373,687819,6.135436,3.953125,1.400729,0.35342357
1011,906849,-1.479438,0.859375,3.0026119,0.5633478
1168,1299062,5.358783,2.359375,0.99696976,0.3543529
2177,1298136,3.632582,1.8828125,0.70065576,0.35092938
1803,905986,6.699909,5.03125,3.725234,0.69407743
1129,1303900,3.100266,3.0,1.4586693,0.40993586
2048,909699,1.594092,-2.8125,4.145015,0.5954796
1067,907274,5.466372,5.25,0.4839902,0.23992611
1067,906843,5.269829,4.65625,0.37003958,0.19715782
1073,1298157,5.543439,5.25,1.7939183,0.44481602
1799,909745,5.71825,3.96875,1.9654974,0.4283397
1067,907299,4.24138,5.1875,0.3981746,0.21160251
2011,906696,2.084465,4.9375,1.2117206,0.34528384
2039,1303900,2.44027,2.734375,0.8938029,0.35112455
2171,910399,0.856225,2.640625,2.917305,0.54354584
1629,1503365,6.252526,5.125,0.8300867,0.29650396
1576,1240223,4.57615,2.90625,1.0370811,0.37788066
1908,907063,3.942747,1.015625,1.861853,0.3901222
1594,908127,3.565881,2.84375,1.8553686,0.46813554
1635,910781,4.749738,5.28125,0.2659409,0.17660062
2110,687794,4.060805,4.5625,1.0114536,0.3323492
1558,1240184,5.257082,3.078125,1.9603482,0.47777092
1060,907299,0.498707,1.0625,3.1645193,0.61970985
1021,906696,4.623257,3.34375,1.6698016,0.4250253
1096,905982,4.717295,2.265625,2.4784067,0.49991187
1249,753620,2.482744,2.171875,1.7544274,0.41679627
1019,907269,-1.62688,1.9765625,1.8415703,0.44310302
1373,908461,5.244036,4.96875,1.2856405,0.38934726
1072,906868,4.856691,4.875,0.82764107,0.2898354
1248,925340,-5.105199,-4.4375,3.6693835,0.7082465
2110,910952,4.77571,5.4375,0.80129474,0.31959277
1036,687455,4.793903,4.78125,1.9094446,0.4714169
1020,998189,6.160039,5.40625,0.53631204,0.24930318
1248,905950,-4.186132,-4.5,3.1206024,0.6438965
1617,924189,1.845268,0.765625,4.464163,0.6354573
1936,907063,3.406493,1.1328125,0.96608996,0.29677066
1030,905972,5.770147,5.375,0.5356023,0.2464288
1022,909755,0.426701,-0.4453125,1.6067364,0.42564481
1553,1298538,0.270391,2.921875,1.8907773,0.4510937
1030,1659818,4.439209,4.0625,0.6280106,0.2454679
2110,906835,6.810626,4.53125,0.7174684,0.2720935
1010,687997,3.529051,2.40625,1.3585111,0.39254135
2055,1298136,3.946615,1.8359375,1.6489841,0.50896555
2156,909709,6.004297,4.21875,2.1064708,0.5111879
2173,906827,3.819368,4.28125,0.90988874,0.31088945
1831,909745,4.433885,3.671875,0.4542097,0.23952317
1013,1298157,3.608999,3.3125,1.3265978,0.39055058
1050,906827,2.108552,2.09375,1.5762553,0.45334512
2010,1503365,6.540591,4.40625,1.9746966,0.44446123
1008,1240198,-1.00294,0.24511719,3.792021,0.6874738
1720,910911,6.06044,4.25,3.1951702,0.5002868
1093,687505,3.28189,4.1875,0.8779971,0.28433138
1007,1298136,-3.882476,-4.15625,2.8055208,0.56168365
2037,908150,4.032226,3.453125,1.5296535,0.39982793
1200,1298365,4.239677,2.25,0.8890918,0.31135505
1915,906842,0.502073,1.3046875,1.1836665,0.33112437
1239,1298358,5.284714,2.40625,2.7691798,0.60833246
1811,1240160,-1.10203,-3.859375,2.5931122,0.457822
1051,687794,1.835673,1.5234375,4.6134067,0.7386858
1778,1299062,4.974193,3.25,1.4299239,0.37711218
1615,687590,5.593412,5.15625,0.54638267,0.23340066
1012,949179,0.926831,0.57421875,0.68611556,0.28790724
2109,1240159,3.179972,2.546875,0.8821782,0.33624235
1627,688013,2.294181,2.828125,1.5030946,0.37925184
2170,724859,6.171342,3.59375,1.8489962,0.41958904
1053,753540,3.609368,3.4375,1.6939044,0.47604495
2499,1290797,10.263992,10.3125,0.7648908,0.5028036
1512,910899,5.328689,4.59375,0.41138414,0.20925453
1931,687819,6.306062,5.0,0.79945046,0.2691692
1560,925338,4.299744,3.0625,1.2944256,0.37228835
1583,753554,2.660302,2.28125,0.5160863,0.2778191
1626,907278,2.461652,1.5,2.9445012,0.53382283
1813,909785,-3.00842,2.8125,2.5034537,0.47975478
1021,1331048,0.617185,0.59375,1.0375195,0.29564464
1029,753540,4.611228,6.71875,0.6592992,0.3449986
2046,688087,3.446584,2.484375,3.034007,0.5500498
1560,906835,6.809776,3.28125,1.2635806,0.3719983
1776,687590,4.239415,4.0625,1.0353636,0.32574016
1179,908465,0.792233,0.2578125,1.6503743,0.46595353
1093,1298537,3.522402,3.859375,0.829752,0.29785895
2106,724870,3.514517,3.15625,2.0575955,0.49508116
1598,1298358,4.062686,5.0625,1.1595346,0.39040697
1043,687802,6.536891,6.4375,0.8476228,0.3781689
1047,753540,4.148051,5.96875,1.785837,0.4950176
1598,907795,4.446855,4.4375,1.1089811,0.34392828
1913,1298365,6.326532,3.53125,0.47082898,0.23826101
1835,906827,3.769162,4.375,1.2021478,0.34255606
1578,905972,6.679168,5.4375,0.3800237,0.21044955
1627,753575,4.42182,3.65625,1.5621833,0.41015562
1927,687802,6.475918,6.1875,1.0834218,0.3947658
1020,907299,5.891516,5.125,0.5607167,0.26064762
1033,910920,4.537994,4.625,0.6971792,0.24657431
1051,909249,-0.401729,-0.17089844,3.7008696,0.59942096
2040,687505,1.819886,0.25585938,1.6108598,0.44044474
1583,905972,3.374652,2.328125,0.47318128,0.27269116
1072,1659818,3.513826,4.0625,0.8441911,0.2801013
2173,687794,3.562691,4.25,0.99549115,0.32869834
1200,1659818,2.32415,2.5,1.2077118,0.31850848
1564,1240160,3.184255,2.609375,4.2907906,0.6575113
1191,910567,-5.722608,-5.5625,0.42457834,0.21708152
1191,724859,-3.823143,-5.09375,0.5035511,0.2293159
1441,910920,2.56016,1.5,1.6676807,0.4378543
1852,1298538,5.825643,5.1875,0.5508178,0.23529524
2047,949179,2.572721,1.703125,2.6199229,0.51306117
1010,909249,2.800878,1.90625,1.1988548,0.36135077
1838,724870,1.883449,4.25,0.5190476,0.27371487
1835,908150,3.221261,4.15625,0.9884854,0.29375657
1089,925346,4.554228,4.96875,1.651572,0.35992613
1809,908121,2.721303,0.671875,3.5925772,0.6143284
1922,909726,1.678805,1.6015625,1.2383983,0.36976224
2039,753620,2.979801,2.234375,0.8172213,0.31148398
1809,1503365,3.357104,1.046875,3.2033153,0.5655552
1855,910903,3.511896,5.1875,1.6695974,0.41042587
1835,687455,5.625178,4.5,1.3633082,0.39209962
1084,909726,-1.240337,-3.8125,1.6724699,0.35317013
1032,1298537,2.043837,0.91796875,1.6047466,0.46369106
1613,687596,3.967516,3.90625,3.6118202,0.65042967
2439,1299062,8.717402,9.625,0.37120727,0.2959431
1043,1240159,5.7959,5.5,0.45202726,0.23471609
1088,1298358,1.543775,3.28125,3.6650035,0.59707814
1052,909750,5.327607,3.40625,1.4010203,0.3662052
1825,1298358,0.789432,-0.2890625,2.2662005,0.5570848
1175,907795,3.005772,4.21875,1.3855921,0.3621725
1940,1298157,3.664901,4.0625,0.859207,0.31620634
1010,907169,3.721057,2.53125,1.4028594,0.4110719
1815,753608,6.571087,6.46875,0.46883047,0.2549932
1378,924100,3.978164,2.921875,2.711951,0.54295033
1042,687455,4.808698,5.53125,0.78136617,0.31964394
1062,907318,3.82704,2.765625,1.9447117,0.45052215
1620,1298350,5.991884,5.75,0.5639622,0.26622996
1046,910899,0.149198,0.8125,2.5482528,0.5064072
2159,724859,3.038614,2.9375,1.5191237,0.39356145
1635,925340,5.941971,5.75,0.3405539,0.20058778
1043,753540,4.350113,6.3125,0.649186,0.33709118
1372,949090,-2.752681,-0.043701172,3.3023965,0.6562761
1576,907299,3.084239,2.09375,1.0889043,0.36483878
2156,906827,2.119401,3.375,2.175239,0.5189594
1632,909724,2.579732,3.03125,1.1997567,0.3192605
1441,1290797,0.264995,1.7890625,1.3958946,0.42273697
2040,909257,0.61812,0.7421875,1.1414963,0.41180775
1003,906696,-3.490158,-2.671875,2.520824,0.48655716
1023,907318,1.862796,2.484375,0.49143127,0.24613753
1620,910899,5.523331,4.71875,0.5927367,0.23403168
1012,688121,2.794625,0.7578125,0.7546294,0.3025079
1249,909726,1.784448,2.625,1.5400845,0.38022673
1635,1503367,5.863208,6.3125,0.44228804,0.24304666
2156,1298157,3.687535,3.75,1.8322617,0.47892505
1908,905986,4.262305,2.03125,2.0927954,0.47491392
2148,1298538,3.030731,1.578125,0.97228724,0.38389054
1617,749716,2.535929,1.9375,5.127852,0.6775402
1237,1240182,3.896863,5.0,0.35920238,0.21320574
1812,905950,0.510814,2.984375,2.4940295,0.5146112
1799,907063,1.29147,2.046875,2.1362891,0.41532212
2111,1240145,4.216684,3.75,1.6101671,0.3825246
1036,908121,5.445356,4.65625,1.6828649,0.41909373
1088,907291,2.294332,1.1328125,3.8841634,0.53845775
1776,925340,5.085235,4.46875,0.97139907,0.31764188
1133,749716,3.067015,3.953125,1.0726112,0.32792947
1052,753622,1.774369,3.84375,1.4657894,0.3953631
1177,687590,3.567826,3.703125,1.9435076,0.4104043
1512,753575,6.420209,5.4375,0.35947612,0.20478234
1091,753575,1.507469,1.9140625,1.1834239,0.40237173
1007,724831,-3.817228,-4.46875,2.1130085,0.50198376
1615,1298350,4.999969,5.4375,0.5966937,0.2717328
1852,1240223,5.669468,5.625,0.6417783,0.27767363
2039,907791,2.63943,2.734375,0.8286008,0.30494258
1624,907791,1.70909,2.203125,3.5281565,0.5649186
1922,1240127,2.643726,2.046875,1.2540983,0.40028828
2359,907169,4.956991,5.34375,0.68203276,0.25607368
1088,908465,4.231772,2.453125,3.7185895,0.55531156
1005,909755,4.2585,3.453125,2.812029,0.4691539
1062,908121,3.981924,3.796875,2.9824836,0.59270066
1058,1298136,2.067836,0.84765625,1.2538804,0.47552297
1779,907278,0.216266,0.76953125,1.080952,0.36394876
1873,1240144,2.224274,0.375,0.62229866,0.34284756
1635,1298365,6.049053,4.5625,0.28531072,0.18778825
1614,1240186,5.235965,3.640625,1.8676313,0.4344715
1931,688025,4.768643,5.0,0.8751383,0.275331
1083,687568,4.221885,2.484375,1.4908,0.40576944
1038,753608,3.187525,3.625,0.91942817,0.34520537
1025,907794,6.475381,5.53125,0.5546993,0.2552153
1873,907278,0.712997,0.6171875,0.8367216,0.34932122
1936,907175,2.640008,1.4140625,1.2390497,0.36307168
1614,749716,5.195648,3.9375,2.1017742,0.45803845
1621,906843,4.289406,3.734375,1.1112803,0.32411307
1563,905982,6.115428,5.75,0.40598392,0.2113518
1248,906848,-0.872077,-4.75,2.5967882,0.57507
1564,909709,1.406726,3.109375,3.3342292,0.5886685
1069,907318,2.871937,2.796875,0.5519295,0.25590476
1073,909726,3.643781,4.1875,1.8732312,0.40499872
1831,1240153,3.74769,3.125,0.5566464,0.25545448
1507,908121,4.46508,5.1875,0.83823836,0.30391166
1817,1298538,-3.936426,-5.25,0.74467576,0.27269268
1034,687455,-1.652546,-2.921875,1.4454436,0.3916439
1018,687596,5.490048,6.375,0.5504791,0.28879815
2359,909249,4.538266,3.953125,0.68090934,0.24934205
1024,907278,-1.958399,-0.484375,1.9139205,0.45277148
1910,924248,0.57546,0.36328125,3.4081097,0.5755903
1615,909745,6.029197,5.125,0.45264852,0.21258627
1912,910851,3.13558,2.90625,2.220188,0.47250548
1560,907322,4.337193,2.09375,1.3108051,0.36168566
1635,1240172,5.656267,5.6875,0.36361003,0.2071373
1613,907271,3.031917,3.625,2.3133805,0.49233896
1997,687568,3.943886,3.640625,2.0071194,0.43741035
1625,910920,4.493342,4.28125,0.8864061,0.29267988
1912,1240223,4.193768,3.609375,1.8523881,0.46738353
1613,1298348,1.530395,3.203125,2.094517,0.46012276
1936,909699,6.093679,2.765625,1.5836893,0.43105227
1133,925338,4.903616,3.5625,0.90169424,0.30211383
1576,713880,2.783523,1.921875,1.1747397,0.36782283
1073,907318,2.319233,3.65625,1.674696,0.3945143
1091,925338,3.125681,1.5546875,1.127743,0.38532558
1629,909731,3.935773,4.4375,1.1375928,0.34451208
1029,713880,4.854081,5.3125,0.5383704,0.22822495
1626,724870,0.21416,2.109375,2.5318835,0.54309154
1940,905982,4.122356,3.828125,0.8532339,0.30477202
1629,910911,4.888147,4.625,0.8474924,0.27050614
1168,906696,2.677737,2.703125,1.346592,0.42569542
1008,949179,-1.122454,-1.0546875,4.856365,0.7289
1023,906746,4.391241,3.5,0.7382026,0.30352423
2359,1299062,7.466042,5.3125,0.5360057,0.22955294
1845,907322,-1.358513,-1.1796875,2.9797275,0.47440907
2154,1240160,2.738953,2.328125,0.8178447,0.31646118
1615,687997,6.138204,4.53125,0.5417582,0.23260956
1799,907299,3.804552,3.671875,2.6418622,0.5173575
1932,749716,5.199591,2.71875,2.649387,0.49362797
1510,909755,4.230687,4.1875,1.2904034,0.34648818
1020,724859,5.818845,5.28125,0.47777635,0.23201749
1089,946354,4.001236,4.84375,2.0271983,0.40890005
1069,906842,2.134955,2.203125,0.6682648,0.25343347
1618,1240182,5.408366,3.546875,1.2876697,0.3635504
1023,998189,4.092389,3.234375,0.76679707,0.30894658
2110,909755,5.179171,4.625,0.8079197,0.28715885
1084,906848,-1.491723,-3.390625,2.1817117,0.41221145
1862,1240145,-1.626707,-1.4296875,0.27461126,0.21098846
1806,908127,3.40148,5.59375,2.1805193,0.5202191
1815,910952,5.422602,6.5,0.49749818,0.26302764
1042,908150,5.877064,5.1875,0.54164433,0.23555024
1046,1298157,1.63869,2.15625,1.8548074,0.46595353
1175,1322212,4.532451,3.515625,1.1336619,0.33219048
1862,924189,-1.073461,-1.671875,0.2665985,0.1810039
1011,687596,2.518218,2.53125,3.549868,0.6660237
1825,687505,-1.216786,-1.5078125,1.952307,0.4430332
1564,924248,4.007446,1.421875,3.9937315,0.62532234
1720,925338,0.334843,3.5625,3.441174,0.5358693
1620,998189,5.188827,5.5,0.5099945,0.22811896
1996,1240223,3.834049,4.21875,1.3326974,0.3923463
2039,1240172,3.512652,3.234375,0.9336744,0.3436119
1932,688087,1.837774,2.5,2.24164,0.4697006
2109,687819,2.80316,1.8125,1.0683296,0.35103783
1080,905950,-0.997423,-4.1875,2.5180936,0.5004138
1931,949090,6.067115,5.78125,0.9467292,0.34668258
2055,687802,3.485918,2.75,2.023932,0.56359124
1175,946359,4.193093,3.390625,1.5539126,0.34691688
1873,909749,1.224853,0.09082031,0.6546244,0.33729807
1010,1298538,0.356881,2.734375,1.2008829,0.39459297
2173,1322212,3.071659,3.4375,0.82968277,0.29783413
1032,753554,2.695661,1.4375,1.6713594,0.46541265
1810,1299062,0.523075,-1.625,3.9793034,0.6065798
1057,949090,-0.535309,-1.6328125,1.8873776,0.49553633
1012,909785,-0.24579,-0.021484375,0.5679546,0.23116444
1010,907322,2.648271,1.921875,1.185582,0.36246806
1372,724859,-3.396511,-1.25,2.2273095,0.5013189
1911,906696,-4.930503,-3.890625,2.5833883,0.49507323
1021,907269,0.722689,2.0,1.788923,0.4093117
1133,749710,4.523662,4.15625,0.9675424,0.33882803
1026,1240145,-2.96542,-0.32421875,2.0863323,0.5195716
1179,753608,-1.029366,0.9921875,1.5044504,0.45132405
1913,1298157,5.098272,5.125,0.55624974,0.25527245
1168,909975,3.322064,2.046875,1.446249,0.4045804
1583,724859,3.950994,1.9140625,0.5148717,0.2673482
1248,1240192,-3.625155,-4.21875,3.617909,0.71370006
1058,910933,2.086223,0.65625,1.0136832,0.39821878
1249,1240172,3.827759,3.328125,1.7579453,0.4284418
1812,688025,2.992658,2.25,2.9006615,0.51889855
1043,1240192,5.779027,5.90625,0.62711483,0.30848438
2048,1240182,-1.596197,-4.375,2.1281729,0.42607412
2438,1503365,11.564168,10.5625,1.0304173,0.6437185
1373,1240145,4.645323,4.875,0.8874339,0.28600127
2047,905972,3.197239,2.4375,1.9778966,0.46012276
1618,909749,3.929091,3.765625,1.1289272,0.33707625
1615,907318,4.918705,4.34375,0.3932029,0.19897865
1401,906827,1.901136,1.765625,1.5136125,0.43130895
2040,1330983,-2.407137,0.32421875,1.8292652,0.43457538
1926,924239,-0.384086,-0.20214844,1.3841623,0.41134322
1013,753612,4.118008,1.9921875,1.4336458,0.36331666
1919,907063,-2.109637,-0.0107421875,0.98771536,0.29912272
2096,1240198,4.015181,2.4375,1.740646,0.46738353
1373,1240172,5.274291,4.71875,1.3279394,0.36144164
1617,906848,0.660099,0.42578125,4.9654307,0.666195
1190,724859,1.054217,-1.8046875,6.138009,0.8334023
2044,907274,1.356121,3.125,1.5019953,0.4106788
1060,909709,0.388301,1.8203125,3.6054127,0.6909311
1170,753622,2.657982,3.46875,1.5696188,0.4176824
1378,1240159,6.154419,3.25,2.0981421,0.4646427
1449,906843,4.61921,4.3125,0.48523903,0.22556204
1025,910911,4.798225,5.5,0.50432557,0.22558324
1598,1303900,3.615437,4.1875,0.9373855,0.32344836
1581,687568,4.695843,2.5,1.2386063,0.3953435
1036,910933,2.889993,4.4375,1.3908795,0.37011912
1854,1299062,5.48917,4.90625,0.5178257,0.2217671
1175,909726,4.506791,3.8125,0.98345864,0.28285146
2106,909907,2.978849,3.046875,2.9841335,0.5559972
1510,907063,4.103337,2.265625,1.1027397,0.30288967
1911,905968,-6.107753,-5.03125,1.2607849,0.33853528
1613,924100,4.431452,2.9375,3.1896322,0.57059246
1060,908121,3.201283,1.4296875,3.638346,0.6874271
1375,908127,6.508279,7.09375,1.1416783,0.4373433
1632,1322212,3.65735,2.765625,1.1730202,0.34372345
1580,1298136,5.003969,5.25,0.68881136,0.27612346
1054,924100,2.253296,3.578125,1.4938843,0.38874474
1924,687997,6.078859,2.859375,1.7974523,0.40128806
1375,910780,6.108729,5.125,1.1614127,0.33403265
1913,1240159,6.383013,5.0,0.4978871,0.23930766
1908,724859,1.128074,1.8203125,1.8986875,0.46274313
1918,753540,2.534079,4.21875,1.2564977,0.44219813
1936,909907,4.435297,2.359375,1.8458012,0.46369106
1037,909726,3.989624,1.421875,1.4272518,0.37140536
2038,688025,3.308369,3.34375,1.7428292,0.37981376
1560,749716,3.315268,3.375,1.6529437,0.42073438
1378,753554,5.659836,3.09375,2.4310381,0.509386
1006,687455,2.218343,2.71875,4.6871204,0.8014946
1060,906746,1.567998,1.34375,3.0979266,0.6248734
1239,688087,0.881936,1.6875,2.3762996,0.5137638
1038,907794,4.518414,3.0,0.9238857,0.34687898
1582,1240184,4.600848,4.75,0.70037633,0.29389134
1029,688121,6.365985,5.5,0.6122539,0.2441947
1089,906848,4.128628,3.71875,3.2512157,0.55595577
1810,909249,-0.12454,-2.90625,3.5384262,0.56020534
1909,910920,2.432344,0.9921875,2.5624168,0.52872205
1614,713880,4.822975,3.140625,2.0523393,0.44726515
1010,906849,3.591199,2.421875,1.7009772,0.45061043
1038,907271,3.022073,3.296875,0.8570739,0.34357482
2110,724831,3.681498,4.75,0.715075,0.29551312
1067,687596,3.751045,6.0625,0.58372205,0.3030989
1580,909907,4.437714,5.25,0.78954524,0.2764944
1845,909785,-1.96821,-1.7578125,2.4555867,0.3823909
1259,906746,1.483562,2.96875,4.1309237,0.6168871
2037,753554,3.605426,3.671875,1.5758255,0.41559064
1852,687505,5.217949,5.03125,0.64551914,0.23520744
1059,946359,1.024551,-1.0078125,1.6944497,0.41120067
1849,1331048,-1.76151,-2.3125,0.7776361,0.2555201
1032,910911,-0.546303,1.296875,1.7756989,0.4704051
2499,909257,10.393516,10.375,1.0012547,0.6223138
1014,1240160,3.79198,2.34375,4.4047666,0.70527893
1931,908121,5.533366,5.875,0.8439794,0.31372127
1620,924239,3.857898,4.96875,0.52065974,0.23169932
1050,1298538,2.554653,1.9453125,1.2636043,0.40723306
2174,687794,2.328103,2.15625,1.6587209,0.4433827
1620,753608,6.902022,6.28125,0.53436494,0.2601668
1085,687997,2.661378,1.8515625,1.2128484,0.37614065
1375,1298350,6.884738,6.875,1.1420757,0.41821647
1576,924248,3.287207,1.796875,1.4929309,0.39372897
1615,687794,5.481013,5.40625,0.6484205,0.27139774
1625,907322,3.051914,3.609375,0.74928564,0.27575293
1007,910933,-3.48499,-4.5625,2.1019905,0.45808557
1635,909249,4.321728,4.46875,0.3073802,0.18197934
2111,909745,5.35705,3.0625,1.7081392,0.39571655
1940,1240153,4.809363,3.125,1.0309197,0.32590255
1576,749710,3.421361,2.890625,1.1340677,0.3932458
1133,687568,5.359574,3.890625,0.91996664,0.31126568
1815,1298365,6.509399,4.65625,0.38225356,0.21277648
1062,1240144,3.82351,3.890625,2.3085184,0.5112314
1631,907322,3.533389,1.4765625,1.9597625,0.4270899
1815,907795,6.556679,5.8125,0.5572066,0.25702795
1564,909747,-0.056048,1.5,3.6069226,0.58420455
1564,1330935,3.731724,1.3984375,3.6559193,0.6062806
1080,1298365,-0.141257,-5.0625,1.1539317,0.35958278
1199,753612,2.716161,2.734375,1.6884362,0.3650454
1618,753608,3.455415,4.84375,1.0790823,0.34112808
1582,1240144,4.413825,4.71875,0.5873112,0.27091458
1401,909745,3.402545,1.4921875,1.0942967,0.37206787
1017,925340,5.355787,4.71875,0.9231389,0.30333024
2043,1298358,5.790699,5.75,0.7969243,0.33186066
1635,925338,5.355801,5.40625,0.3046528,0.17967217
1808,688121,-0.209508,-1.0859375,3.375439,0.54990417
1250,753612,0.108697,0.98046875,2.6411145,0.48869827
1048,1240223,8.70448,5.0625,0.6972817,0.29634506
1913,1298348,5.363823,4.96875,0.49955788,0.24259505
1919,907269,1.569019,0.703125,1.4599018,0.3867465
2172,1330983,0.44308,1.15625,3.8752716,0.61353487
2040,1330947,-5.850523,-0.62109375,1.336856,0.34177902
1016,910851,1.658731,-0.3203125,2.5112453,0.4882185
1014,909750,4.297488,1.8828125,2.952467,0.56987077
1782,907271,6.301773,5.9375,0.6423778,0.28955147
1190,1240127,4.542806,-1.375,7.6513724,0.96949685
1553,907175,2.297692,1.9453125,2.2079618,0.46624824
1624,1503365,4.227035,3.59375,3.0460517,0.54854405
2157,909749,5.057679,4.6875,0.6846416,0.2507088
1580,1298348,4.834371,5.28125,0.48801023,0.22860558
1621,1330947,3.055999,3.078125,1.1494259,0.3230279
1080,906696,-1.30161,-3.765625,3.0055532,0.5599881
1375,910952,6.950588,7.6875,1.0236386,0.38433182
2107,946354,4.42704,4.96875,0.56993175,0.23673187
1401,907795,0.995047,1.5625,1.7400035,0.46094894
1799,924189,4.341191,3.515625,2.5697217,0.51067364
1025,949179,5.128633,5.0,0.5882647,0.24187478
1563,1240223,7.387755,6.15625,0.46230903,0.25404862
1080,1298136,-3.617642,-3.828125,2.6876383,0.5421154
1578,924239,4.316019,4.6875,0.41311193,0.21285771
1057,949179,-1.328238,-2.640625,1.5937091,0.3834648
1084,908150,-0.767126,-3.34375,1.850927,0.40661097
2157,906827,3.922953,5.0,0.7937982,0.27936068
1006,906827,1.477348,2.453125,4.359244,0.7407934
1051,688013,1.451902,0.39453125,3.9627268,0.63091457
1003,687794,-1.839524,-3.078125,2.523312,0.473422
1625,909720,4.548268,5.0,0.6364472,0.27536708
2177,1503367,2.179196,2.96875,0.8701158,0.35594997
1067,1298365,5.553135,4.40625,0.32661688,0.19237883
1008,907066,3.379069,-1.1796875,4.2689075,0.66476625
1259,1298157,4.466165,3.484375,3.9019165,0.6043374
1576,1298365,3.862805,1.4921875,0.76471335,0.31602675
1939,1298358,2.931947,3.515625,1.6152201,0.46240014
1911,906813,-4.645988,-4.53125,1.7383139,0.3849572
1021,910780,1.055093,1.546875,1.2879341,0.33515152
1016,909720,-0.558591,0.60546875,1.6360369,0.43147013
1079,1298136,2.02046,1.0859375,2.727884,0.631956
1618,910399,5.413831,4.25,1.1305851,0.32974342
1936,749716,2.877612,2.375,1.5271103,0.4272009
1563,1240182,5.240767,5.375,0.47776115,0.2338087
2154,1240145,1.632042,2.546875,0.4748296,0.25825608
1510,1330947,2.78738,2.25,1.3445245,0.34678817
1048,909745,6.792874,4.53125,0.57319385,0.24610679
1706,1298538,3.521574,1.265625,2.9532545,0.5390387
1042,753575,6.644378,5.40625,0.5442436,0.24406308
2040,910933,1.202045,0.46484375,1.3262087,0.42330483
1629,687505,2.896679,4.28125,0.9851996,0.2900429
1720,1240198,6.061746,4.40625,2.9727578,0.53534496
1083,1299062,3.811092,2.40625,1.261485,0.36281434
1627,724831,3.082245,3.765625,1.3840469,0.41325015
2096,688121,5.307155,1.9609375,2.2176197,0.48716593
1007,753608,-5.16635,-3.59375,3.9835968,0.6727834
2174,905982,3.229525,2.203125,1.210746,0.36493498
1627,1330983,2.267583,2.859375,1.8896134,0.43958524
1806,1240172,5.504981,5.34375,2.1636958,0.4569008
1083,1240184,4.023724,2.671875,1.693919,0.44474322
2109,1240145,2.446666,2.484375,0.8642561,0.3395173
1594,910933,2.748037,2.421875,1.6770562,0.42129993
1068,906746,1.12978,-0.024169922,1.0798728,0.39940545
1932,1240160,5.124516,2.796875,3.250777,0.5456619
1827,907791,-3.246894,0.93359375,2.6902387,0.52301705
1050,909755,4.327892,2.09375,1.4123707,0.41580215
1849,907795,-0.199442,-0.875,1.3593209,0.40778622
1069,1330947,2.89462,2.359375,0.77886117,0.2837932
1917,907063,0.687886,0.31640625,1.1416208,0.31500325
2048,1240223,1.307234,-3.984375,2.5852334,0.48845264
1560,713880,4.255099,2.640625,1.5614007,0.40995017
1908,906827,2.225164,2.328125,2.4544053,0.5142822
1932,907322,1.941698,0.96875,2.00606,0.4236133
1634,1240144,5.737088,4.71875,0.7299315,0.289661
1249,1503367,3.347361,4.09375,2.060285,0.47729653
1819,906835,0.15905,-4.59375,2.4310567,0.5016176
1026,910903,-3.73665,-0.5625,2.140932,0.5001348
1580,1240153,5.427302,4.53125,0.6400163,0.23790477
1843,1298538,1.061153,-1.6015625,3.877934,0.6174145
1022,1503367,-1.566936,0.6875,2.310994,0.52876335
1052,909755,4.671754,3.640625,1.5099097,0.3809714
1050,910933,2.031774,1.9296875,1.2806089,0.41271326
1582,1298136,4.394774,4.5625,0.82178444,0.32776502
1047,905968,2.725706,3.546875,1.9323274,0.38976392
2048,906836,-7.171871,-5.03125,1.5103297,0.3528223
2177,910920,1.368728,1.59375,0.7560547,0.31887558
1080,1240186,-1.077257,-4.4375,2.2356732,0.46130264
2110,1240159,5.329314,4.78125,0.6566593,0.27137217
1463,1674021,4.315534,3.640625,1.5133865,0.38862064
1912,1240144,3.493147,3.40625,1.5938091,0.4147476
1020,1240145,4.737685,5.6875,0.40062246,0.20802402
1036,998189,6.189868,4.3125,1.5537025,0.38692763
1560,949179,2.383351,2.703125,1.6627154,0.41228327
1553,1298365,3.082384,2.03125,1.5486596,0.427316
1080,1298157,-3.922563,-3.890625,3.1707425,0.5787355
1067,687997,6.525099,4.71875,0.3865847,0.20177187
1909,907291,1.976563,0.89453125,2.520533,0.5122447
1047,1298350,5.32803,5.0,1.9757096,0.46347487
1025,907278,4.93182,4.9375,0.560423,0.24748604
1802,1240159,5.060269,3.875,0.4888924,0.25125575
1779,753612,1.183678,0.12451172,1.0175223,0.34092218
1008,905968,-0.370471,-1.9375,3.220079,0.56120545
1239,688025,2.838534,1.046875,2.8443356,0.5299503
1170,907175,1.680943,2.046875,1.5596126,0.385048
1051,910781,-0.102903,0.77734375,2.9885373,0.57683295
1021,910781,0.883377,2.515625,1.1000341,0.34608644
1024,906842,-2.740618,-2.28125,1.2679963,0.29996678
1806,909720,5.695593,5.375,1.4704791,0.39130092
1032,910920,1.49982,1.0078125,2.0335963,0.4935031
2438,688121,7.969902,10.375,0.9833106,0.5942086
1088,905968,2.545896,-0.119140625,2.6786773,0.41941643
1043,1299062,7.45622,5.25,0.40289924,0.20813106
1631,753622,2.598567,3.609375,2.2231848,0.4622548
1917,906842,0.457182,0.10253906,1.1824197,0.31183818
2047,713880,3.274685,1.6484375,2.4379027,0.49921432
1778,906836,2.121555,2.3125,2.12634,0.45610204
1199,1240153,3.660812,3.046875,1.9752798,0.42038357
1048,907169,4.82266,4.59375,0.70600516,0.26375017
1625,1240145,3.723939,5.0,0.59854895,0.24861857
1855,1303900,5.596487,4.40625,2.0397167,0.46477497
1073,909257,3.214136,5.34375,1.7802261,0.4674034
1778,925340,2.097846,3.515625,1.8430674,0.4378543
1084,907175,-2.578068,-3.984375,1.5708677,0.33962673
1084,1298168,-3.034625,-3.125,1.5486038,0.42342257
1004,1298136,1.705566,-4.1875,2.333658,0.4742663
1029,753575,6.995005,5.90625,0.51049274,0.24036987
1058,909699,1.230692,1.3984375,1.5345663,0.46694082
1810,906868,0.61595,-1.5546875,4.2721777,0.6445041
1558,905968,0.347903,1.921875,1.6249701,0.40643957
1578,910952,4.988807,5.90625,0.43776143,0.24055919
1060,909750,3.560337,1.03125,2.7714689,0.580718
1830,753612,3.246439,2.015625,0.6936349,0.30709833
1843,909747,1.390735,-2.53125,3.7034948,0.5767186
1779,910920,0.652283,0.53125,1.186588,0.395632
1558,909257,2.063045,3.296875,1.4761969,0.42260098
1621,1240192,4.239287,5.25,1.2258373,0.383822
2039,909720,3.79064,3.390625,0.66905195,0.30625227
1062,909709,2.763382,4.1875,2.9313104,0.5868675
1594,688087,2.173116,2.390625,1.883221,0.44363728
1910,1674021,3.488883,1.109375,2.7193325,0.51378924
1067,1298538,5.249661,5.375,0.35153618,0.19567804
1012,907791,0.666792,0.73046875,0.68408775,0.2714687
1825,1240159,1.658274,-0.796875,1.7793978,0.45093766
1810,1240159,0.685652,-0.578125,4.299124,0.64856917
1133,1298537,2.944737,3.265625,0.9904172,0.32702297
1008,910933,-1.655857,-0.48046875,3.6649027,0.6428602
1913,1331048,3.233368,2.53125,0.4836651,0.21857151
1237,909757,6.309776,5.5625,0.35076332,0.21469358
1079,946359,5.601392,0.2265625,3.5029552,0.6027818
1615,905986,5.270273,5.1875,0.48550674,0.22568649
1924,1240184,5.764372,3.859375,1.818285,0.4337988
1593,908127,3.136247,2.015625,1.7867615,0.47976607
1239,909257,0.600435,2.015625,1.8847213,0.48184562
1620,907791,5.823764,5.0625,0.51789635,0.22179735
1085,905968,2.797982,1.4375,1.0612047,0.36081642
1022,1240159,1.158936,-0.16699219,1.5076226,0.4159928
1941,910920,-1.680369,-4.625,1.7149508,0.41617578
1624,924100,2.284395,2.84375,3.6186357,0.60372674
1626,1322212,3.401797,1.265625,2.8418205,0.5485143
1003,1240186,0.492616,-3.4375,2.0797088,0.41637135
1061,1240160,4.988892,4.59375,1.6861322,0.4005715
1810,909749,3.550304,-1.546875,3.8893597,0.6373616
1012,946354,1.669658,1.1171875,0.6367071,0.29597157
1069,1298358,5.41521,4.09375,1.0448369,0.3826086
1013,687596,2.637275,3.71875,2.0307946,0.5191905
1855,910920,5.023341,4.1875,2.2794747,0.4529937
1853,907271,6.073516,5.09375,0.7861546,0.30883566
1190,906836,-5.488879,-2.640625,6.4022455,0.87282187
1038,998189,2.793328,2.671875,0.9341146,0.3437739
1827,1240186,2.832431,0.8203125,2.4197874,0.53157806
1036,910567,3.911941,3.515625,1.6147771,0.40039656
1803,753575,6.10402,5.3125,3.511211,0.6728785
1909,908465,3.133799,1.59375,2.3483484,0.52856207
1375,906835,9.354906,6.78125,0.8608619,0.32321626
1940,910851,4.562264,3.5625,1.1140639,0.34222633
1025,946354,5.03361,5.1875,0.480678,0.22229697
2043,1240159,5.309273,5.3125,0.48260632,0.22899881
1036,909726,3.971989,3.921875,1.3305674,0.3342571
1720,910952,6.128418,5.40625,3.009359,0.55303067
1003,907278,-3.401681,-3.734375,1.9702196,0.38582936
1463,1303900,5.410625,3.4375,1.5440016,0.42216423
1613,1240144,4.318698,3.203125,2.276851,0.4734133
1012,1240144,1.900437,1.515625,0.58574575,0.29337573
1618,906746,4.361729,4.0625,1.1819137,0.34632948
1007,687819,-1.029403,-4.875,2.2319,0.47130322
1924,753540,4.375799,4.875,1.6105356,0.46105903
1908,1240159,4.055601,2.53125,1.8719319,0.44283837
1853,749716,1.54255,4.65625,0.9997059,0.31603503
1249,906746,4.341024,3.3125,1.6575149,0.42189792
2172,905964,0.33675,0.041015625,3.0226645,0.50126463
1025,1240145,5.404351,5.53125,0.4157676,0.2087778
1919,907299,0.301646,0.84375,1.2097138,0.3917548
1936,907269,1.439727,1.96875,1.4602196,0.39208582
1916,906746,2.035453,2.625,1.7442229,0.44202355
1631,907175,1.714341,1.796875,2.2259629,0.44565234
1259,687596,3.648069,3.90625,5.233961,0.7700578
1613,906835,6.664354,2.890625,2.4657829,0.48287585
1060,998189,-1.144414,1.0078125,3.0042675,0.6105534
2177,687802,3.865889,2.9375,0.76356846,0.37464154
1626,909731,2.382848,2.109375,3.182644,0.59712535
1057,907322,-2.788199,-3.296875,1.2461959,0.3076695
1561,1503365,-0.324373,2.390625,2.2060502,0.51750964
1578,1322212,5.556481,4.5625,0.4245098,0.21929473
1720,907794,5.847471,4.46875,3.002435,0.51022243
1620,749716,5.110576,5.75,0.58014596,0.23612648
1927,1298365,5.938285,3.921875,0.5973516,0.2571349
1873,909757,0.987016,0.47265625,0.7847848,0.3762348
2045,1240223,7.08364,5.34375,0.93912315,0.31774718
1810,907278,-0.725326,-1.7421875,4.6420383,0.6731739
2170,909907,4.457172,3.84375,3.0073986,0.5379927
1179,909720,1.421754,0.42578125,1.0868411,0.39404508
1576,1240144,4.336166,2.828125,0.92679954,0.34450692
1180,946354,-3.919311,-4.125,1.2789693,0.32554427
1720,906746,5.795893,4.25,3.3727374,0.5462741
2048,910851,-4.211547,-4.3125,2.0010188,0.4066645
1838,907791,3.135631,3.65625,0.54931635,0.2527386
1736,1330983,2.458175,3.3125,3.057515,0.58593345
1088,1659818,1.292497,-0.28515625,2.8440533,0.41843745
1843,687997,0.007342,-2.59375,4.2017655,0.6181938
2111,907278,2.456448,2.578125,2.269988,0.45787245
1779,908461,1.811865,0.83984375,0.95871973,0.4074563
2154,907269,3.053962,1.625,0.6181426,0.25741118
1268,1240184,5.169342,4.65625,0.7840527,0.29437774
1378,925346,3.937335,2.65625,1.9290774,0.45443985
1019,909720,3.421944,2.765625,1.1396459,0.39323908
1025,1240153,5.39841,4.84375,0.6016301,0.24611689
1512,1330947,4.009301,3.921875,0.38412383,0.2015231
1008,910781,0.16832,-1.0390625,3.4021769,0.604611
1003,687590,-2.45087,-3.484375,1.9644934,0.40227333
1598,907318,3.628455,3.59375,0.58781594,0.24665885
1013,1240198,4.226891,3.125,1.3529522,0.4039659
1808,909749,1.946031,-1.2578125,2.6211245,0.5132965
1180,907299,-3.693445,-3.8125,1.5069174,0.35055774
1049,1240192,5.243634,4.28125,1.1398958,0.3837947
1916,907322,2.950443,1.25,1.6476386,0.39813504
1052,924239,2.540475,2.65625,1.4946136,0.3855001
1029,949090,6.204519,5.9375,0.62676144,0.29816687
1909,1240192,2.330694,2.234375,1.9018232,0.49053016
1020,1298157,4.090009,5.78125,0.5111196,0.25534007
1930,907175,0.701775,-0.5859375,0.9089954,0.30755362
1786,1240198,3.202474,2.6875,1.495681,0.42619935
1191,1240153,-4.956877,-5.21875,0.56314176,0.22920556
1093,1322212,4.809476,3.515625,0.8400307,0.2985721
1199,925340,4.746454,4.15625,1.6587327,0.39573345
1557,910911,5.117011,5.125,0.9897673,0.27310288
1560,907795,3.149919,3.125,1.7981765,0.45172706
1032,910899,1.069239,0.80859375,2.1523526,0.4844477
1009,753540,4.344203,6.125,0.631489,0.32454023
1819,908465,-3.211211,-4.40625,3.0336535,0.585541
1088,1298136,5.647091,2.390625,3.4478414,0.5650086
2055,1240160,0.816589,1.9609375,2.3524418,0.5251915
1011,1303900,-1.975246,0.87890625,2.534151,0.5393238
1507,687590,4.073111,4.8125,0.7822586,0.27666473
1614,909731,4.654571,3.859375,2.2788785,0.5046675
1918,909720,3.552366,3.40625,0.9044557,0.35174268
2048,910899,-2.332924,-4.90625,1.8637955,0.3905292
1026,1240223,0.773496,-0.359375,2.09336,0.5213217
1191,910899,-4.92393,-5.28125,0.6401791,0.25022417
1779,906842,-1.632763,-0.35546875,0.8352183,0.2691733
1449,909720,5.74482,5.40625,0.3962007,0.22224835
2171,905982,2.805476,2.3125,2.702332,0.51786727
1017,753622,5.608716,4.78125,0.92330587,0.31087047
1736,1303900,5.603472,3.328125,2.8376305,0.576688
1199,909755,3.635961,4.03125,1.5933262,0.38501102
2498,1298538,6.770483,8.0625,0.50751257,0.2989272
1512,925346,5.583563,5.21875,0.29718947,0.1745975
1072,907795,4.884923,4.90625,1.0707039,0.34340328
1936,688087,3.029127,2.375,1.3177462,0.404795
2039,1299062,3.756627,3.140625,0.69452184,0.29367077
1564,749716,2.439142,2.484375,3.6535263,0.6132657
1941,910781,-5.068235,-4.90625,1.0837896,0.32821816
1025,906835,6.678628,5.40625,0.48586935,0.23054715
2107,905950,3.89735,5.25,0.6600664,0.2700222
1019,749710,2.710687,2.84375,1.6323175,0.47165763
1809,946359,5.170456,-0.91796875,3.3801413,0.5235237
2499,905964,9.759484,9.75,0.77280015,0.5131854
1175,909724,3.449687,3.78125,1.1234512,0.2962865
1598,925346,3.759853,4.46875,0.63101584,0.24914551
1910,907318,2.980433,-0.484375,1.8953054,0.4097712
2106,687780,1.628734,3.796875,2.7043726,0.54143316
1048,1298157,6.39206,5.0,0.6375345,0.26957434
1558,1240127,4.832665,2.828125,1.6683277,0.43221593
1811,910933,-2.510106,-4.375,1.7994331,0.3921494
1706,925338,2.274644,0.76171875,2.9035046,0.51599044
1237,925340,6.097589,5.625,0.33183712,0.20677544
1557,753620,5.332523,3.78125,1.2805481,0.31209183
1853,1240160,1.000695,4.71875,1.3604088,0.37709275
1043,909745,5.778387,5.1875,0.4150261,0.2149487
1054,906835,6.735491,3.5625,1.1043525,0.32818976
1913,1240160,6.294809,5.0,0.91936964,0.31723192
1043,1330983,4.525484,4.6875,0.58245355,0.2545959
1786,910851,1.557622,2.3125,1.9422106,0.45371228
1578,905950,4.904146,5.40625,0.42651835,0.22261462
2045,907269,1.353781,4.0,1.0911703,0.30807236
1625,1303900,5.022699,4.46875,0.89377517,0.31925324
1007,687590,-3.072786,-4.6875,2.145017,0.46010825
1806,906746,5.945886,5.21875,2.0746982,0.4521378
1072,753622,4.259392,5.25,0.8376357,0.31449583
1553,749710,4.313215,3.421875,2.15335,0.50303584
1916,749710,3.528813,2.859375,1.7677255,0.46205628
1080,1330935,-2.710905,-5.0,1.9508919,0.43554398
1843,1503365,2.47868,-0.6484375,4.5294023,0.70533127
1237,1240186,5.078517,5.25,0.34046677,0.20600554
2159,907318,2.942758,2.046875,1.2381864,0.34478977
1620,907299,5.44943,5.3125,0.5228206,0.2356611
2046,910933,3.078292,2.578125,2.6712465,0.49089563
1621,687505,3.228549,4.46875,1.257237,0.333058
1910,998189,5.134222,1.0546875,2.7802114,0.5366229
2107,909699,8.297172,5.625,0.70875776,0.2701431
1007,1298350,-3.863125,-4.4375,2.812464,0.554811
