drug_id,cosmic_id,y_true,y_pred,epistemic,aleatoric
1598,687997,5.537756,4.4375,0.15742068,0.016364386
1598,688015,3.721134,3.109375,0.07219275,0.008180235
1598,688023,4.822996,4.59375,0.22777222,0.024214413
1598,724831,4.114254,5.28125,0.24684848,0.025002081
1598,724855,4.281966,4.3125,0.5007666,0.052119005
1598,724866,4.018593,4.8125,0.46993163,0.047229756
1598,724874,7.81801,6.0,0.6401238,0.06611099
1598,749710,4.388265,5.09375,0.2055855,0.020799125
1598,749715,3.157191,3.484375,0.21989945,0.0227816
1598,749716,2.775457,2.671875,0.25041622,0.02557199
1598,753535,4.544398,4.75,0.57316595,0.05765395
1598,753615,5.175827,4.09375,0.3808096,0.03854072
1598,753618,3.628133,3.578125,0.15120037,0.015818618
1598,753620,4.117306,4.21875,0.21688747,0.02201458
1598,753622,4.778368,4.125,0.21786541,0.022157384
1598,753624,3.913389,3.96875,0.37218156,0.0383293
1598,905934,3.902281,5.6875,0.3041049,0.030500505
1598,905942,1.785579,2.609375,0.4906389,0.053161
1598,905945,3.589321,2.9375,0.25612542,0.025773013
1598,905949,3.801602,4.3125,0.4567317,0.045941997
1598,905955,5.724345,3.96875,0.1440333,0.014640962
1598,905956,4.819074,4.5,0.48185468,0.048624665
1598,905960,4.806578,4.90625,0.16529031,0.016635876
1598,905986,4.800995,4.8125,0.33026704,0.033246968
1598,906696,3.849774,4.125,0.2958643,0.030526608
1598,906801,2.76036,3.203125,0.16110381,0.016591355
1598,906827,5.01197,4.1875,0.38191587,0.038518608
1598,906830,5.569805,4.96875,0.27772823,0.028118767
1598,906831,3.799151,3.5,0.23541309,0.024181321
1598,906833,3.205639,4.78125,0.13486686,0.013595175
1598,906834,4.067823,3.8125,0.30329773,0.03270963
1598,906851,3.764777,4.28125,0.4412425,0.044727854
1598,906856,0.044688,2.359375,0.38880262,0.05236993
1598,907042,3.853764,4.1875,0.1936682,0.019877164
1598,907046,3.647376,4.71875,0.20676862,0.02080641
1598,907047,4.603121,4.03125,0.112785034,0.011337088
1598,907048,2.980517,3.46875,0.22819273,0.024304673
1598,907053,3.81906,3.3125,0.17261241,0.018316979
1598,907056,3.667171,4.25,0.23860204,0.02435002
1598,907063,3.792048,5.21875,0.23061429,0.023210503
1598,907071,2.99284,2.859375,0.8131501,0.08831988
1598,907073,2.625202,2.96875,0.25513667,0.02610708
1598,907173,3.448486,4.03125,0.4898801,0.049258884
1598,907275,2.432062,3.21875,0.16322044,0.0196749
1598,907278,3.677539,3.703125,0.18831809,0.019142503
1598,907299,3.61029,4.0625,0.18546925,0.018825559
1598,907318,3.628455,3.59375,0.16185836,0.016429
1598,907323,2.903918,3.203125,0.16843227,0.017073635
1598,907783,2.626434,2.953125,0.15052845,0.01643282
1598,907788,3.290215,3.46875,0.77906877,0.08461816
1598,907791,1.896499,3.65625,0.4116468,0.043319162
1598,907799,3.028024,3.484375,0.16882885,0.01808949
1598,908133,3.395374,3.734375,0.16125154,0.01653702
1598,908134,4.130865,4.5,0.17673622,0.01809772
1598,908148,2.71225,2.703125,0.25508037,0.031529777
1598,908442,5.266451,4.5,0.23298623,0.027273275
1598,908451,2.967339,3.453125,0.18666328,0.019259492
1598,908480,3.362638,4.34375,0.3760277,0.03816768
1598,909255,4.400182,3.84375,0.38454723,0.038933724
1598,909260,4.140326,3.453125,0.13666382,0.013836614
1598,909715,2.417187,2.328125,0.11895779,0.01670713
1598,909720,3.877457,4.9375,0.16077246,0.016160758
1598,909724,5.547056,4.5625,0.32633474,0.03270415
1598,909742,3.432353,3.765625,0.13036397,0.0132203875
1598,910549,4.87094,5.1875,0.15665577,0.015744448
1598,910697,5.582846,4.8125,0.13027936,0.013330948
1598,910903,5.338308,4.59375,0.27790457,0.0282785
1598,910920,3.433378,4.375,0.32766932,0.032948107
1598,910922,4.17531,4.71875,0.3281283,0.032949794
1598,910924,4.001448,4.1875,0.36260197,0.03734274
1598,910930,3.88498,3.078125,0.19710179,0.020620836
1598,924106,5.078076,4.09375,0.35793412,0.03812335
1598,925340,4.935144,4.96875,0.3375719,0.033962183
1598,925348,7.347985,6.625,0.1860961,0.019583602
1598,946355,4.30658,3.921875,0.3725771,0.03739931
1598,946359,3.356397,3.859375,0.2575364,0.02604574
1598,946382,3.366705,3.046875,0.3049385,0.031181298
1598,949090,4.075543,4.28125,0.40897354,0.04142294
1598,949176,3.652461,3.96875,0.73968774,0.07717969
1598,998189,4.465085,5.1875,0.36283633,0.03640533
1598,1240121,4.096229,3.953125,0.13979203,0.014137756
1598,1240127,4.125775,4.28125,0.56752896,0.05714341
1598,1240129,5.874292,4.5625,0.6084248,0.061701182
1598,1240145,4.107234,4.46875,0.24857081,0.025039148
1598,1240146,4.238353,4.9375,0.5104132,0.051314864
1598,1240147,3.56411,3.296875,0.2707893,0.0282544
1598,1240150,5.402081,4.6875,0.29958797,0.030343806
1598,1240157,4.206661,4.96875,0.44285098,0.044910118
1598,1240212,3.127763,3.21875,0.3382258,0.03639516
1598,1240217,3.461566,3.1875,0.40344402,0.04084694
1598,1295740,3.761484,3.65625,0.05652485,0.0058014365
1598,1297447,3.242138,3.421875,0.15985078,0.016903698
1598,1297449,3.205538,3.734375,0.07853406,0.008450744
1598,1298134,2.530155,2.921875,0.17505565,0.018044755
1598,1298145,5.68843,5.15625,0.6816806,0.06869955
1598,1298169,4.638119,4.625,0.26263314,0.026433082
1598,1298218,4.472313,4.8125,0.35511568,0.036079444
1598,1298219,4.201192,4.5,0.3663203,0.036780234
1598,1298226,5.004804,5.03125,0.41772634,0.041976474
1598,1298350,4.681412,4.4375,0.15742634,0.015857942
1598,1298356,5.279409,5.21875,0.53974307,0.054712657
1598,1298475,6.180627,5.0,0.4857642,0.049605243
1598,1298537,5.248078,4.03125,0.17927878,0.01813767
1598,1299062,5.927972,5.9375,0.3270051,0.034211352
1598,1303900,3.615437,3.609375,0.21251383,0.021516096
1598,1327765,3.212632,3.125,0.14711444,0.01583041
1598,1327768,2.565818,2.484375,0.09688801,0.015602419
1598,1327771,3.262396,3.46875,0.4106337,0.042541686
1598,1330935,2.908383,3.171875,0.33415374,0.034295917
1598,1330942,4.777595,4.15625,0.10924659,0.011170943
1598,1330947,0.44739,2.140625,0.12839745,0.024259346
1598,1330984,3.83243,3.328125,0.23479444,0.024634043
1598,1330985,3.282497,3.078125,0.13234387,0.013885185
1598,1331037,2.65306,2.609375,0.040333454,0.0053903926
1598,1480371,3.022583,3.5625,0.4835488,0.04892073
1598,1503364,3.742071,3.921875,0.29669362,0.029785702
1598,1659817,4.69324,4.09375,0.2657717,0.026908217
1598,1659823,4.48984,4.21875,0.51960444,0.053246822
1598,1660034,3.634371,4.3125,0.36927605,0.03730898
1598,1660036,3.663781,3.953125,0.3615009,0.03741155
1613,687455,3.431835,3.375,1.3547293,0.136222
1613,687561,4.36013,2.515625,0.8859459,0.089264095
1613,687562,2.817426,2.453125,1.3487042,0.13800733
1613,687596,3.967516,3.921875,0.7377564,0.07507125
1613,687821,6.257979,6.96875,0.36120582,0.037014812
1613,687980,2.743055,2.328125,1.224767,0.12541565
1613,688006,3.838677,3.046875,1.0011362,0.10901044
1613,688010,3.697854,1.375,0.6483706,0.07178089
1613,688011,4.512018,4.125,0.44956252,0.04827085
1613,688058,4.963174,4.28125,1.1854832,0.119772635
1613,688086,0.429925,2.734375,0.9642168,0.10162796
1613,688121,4.033394,4.21875,1.3159406,0.13475181
1613,722058,2.264695,3.125,3.2601237,0.34859782
1613,724828,2.3771,4.59375,1.7600633,0.17782405
1613,724859,1.986698,3.71875,1.3189247,0.1354782
1613,724863,3.105358,2.8125,1.0487425,0.105830155
1613,724866,4.104556,5.3125,1.4053351,0.14128667
1613,724869,5.796522,5.5,0.52475655,0.052884795
1613,724870,3.580943,3.15625,0.5555438,0.061691884
1613,724874,7.084242,5.15625,1.3343049,0.13543504
1613,724878,6.038572,6.15625,0.40718368,0.041067027
1613,749709,4.214165,4.0625,0.36414918,0.03703476
1613,753540,1.770612,2.640625,1.3146721,0.13224101
1613,753551,3.963123,3.984375,1.4993572,0.15470026
1613,753554,4.224137,4.28125,0.99341923,0.10187929
1613,753556,-0.112821,3.078125,1.3755562,0.13847302
1613,753562,2.881766,2.671875,0.716325,0.07293037
1613,753569,4.027006,4.15625,0.61831623,0.06517021
1613,753574,3.819897,4.875,0.62247866,0.06309939
1613,753576,4.818194,5.125,0.49917918,0.05013289
1613,753600,5.155976,4.8125,0.69364905,0.06961256
1613,753604,2.244558,1.2421875,1.5073714,0.15838431
1613,753612,0.439551,4.96875,2.0898793,0.21327814
1613,753614,4.81685,3.03125,1.1601654,0.11799135
1613,753621,4.772547,3.703125,0.9018147,0.09117287
1613,753622,1.319671,2.140625,0.967309,0.10322672
1613,905935,4.193972,5.46875,0.19473213,0.019784614
1613,905946,5.323035,4.625,0.7893005,0.082356334
1613,905947,3.088447,2.765625,1.1213704,0.11423323
1613,905950,1.770936,2.59375,1.4170891,0.14347407
1613,905959,6.190203,6.125,1.2969021,0.13182989
1613,905968,1.160851,1.90625,0.7374569,0.08387147
1613,905970,6.431898,6.3125,0.5810731,0.05848292
1613,905972,5.238688,5.15625,0.81039274,0.081139274
1613,905973,3.915426,3.90625,0.8591733,0.08705651
1613,905984,1.093046,2.375,0.9978533,0.10360892
1613,905991,2.647139,2.59375,0.6994472,0.071473084
1613,906696,2.406388,3.359375,1.3467121,0.1358987
1613,906790,1.57243,2.125,0.4888588,0.04914787
1613,906804,1.164753,1.171875,0.77398705,0.07978267
1613,906820,1.340343,2.015625,2.0646582,0.20920333
1613,906824,3.168776,3.171875,0.6973977,0.07131197
1613,906826,6.527634,6.28125,0.7668977,0.07743383
1613,906832,2.447492,2.140625,1.2731565,0.13699941
1613,906842,1.522292,-0.33007812,0.7814606,0.08355985
1613,906843,2.89517,3.828125,0.62509793,0.06274737
1613,906851,4.698003,4.34375,0.88210326,0.08966565
1613,906852,2.093322,4.6875,1.1621461,0.11819278
1613,906864,2.725906,3.359375,1.2452853,0.12546958
1613,906871,3.833059,3.34375,1.8942196,0.19603185
1613,907051,3.906437,4.34375,0.62892294,0.06444931
1613,907064,4.45673,4.84375,0.3770243,0.0382868
1613,907071,5.404103,5.375,0.3538021,0.035639353
1613,907173,5.4003,4.28125,1.6249988,0.16324481
1613,907273,1.205064,1.375,1.5443419,0.15949722
1613,907274,2.628237,2.359375,1.9032024,0.19158953
1613,907276,6.161739,4.9375,0.6382667,0.06430899
1613,907282,5.326121,4.375,1.0794206,0.11137215
1613,907286,5.160809,3.984375,0.5661862,0.06197314
1613,907290,6.041399,4.90625,1.44255,0.14527908
1613,907298,4.908092,2.015625,0.98381114,0.09914816
1613,907314,2.388176,3.203125,2.2888124,0.23738223
1613,907323,0.036735,1.5703125,0.55267686,0.05564798
1613,908126,1.854649,1.625,1.0434341,0.106011994
1613,908130,2.947291,3.96875,0.6239814,0.06414832
1613,908133,1.142061,1.25,0.87150156,0.089241415
1613,908135,0.745638,1.0078125,0.8194826,0.089460894
1613,908138,2.816258,2.796875,1.0496835,0.105737194
1613,908150,4.869113,3.75,1.3493323,0.13683762
1613,908159,0.901568,0.73828125,2.8702826,0.30028963
1613,908443,5.103258,4.09375,1.8059175,0.18234389
1613,908445,1.669298,3.125,1.3855944,0.14244583
1613,909250,3.170609,4.65625,0.8777447,0.08827521
1613,909255,4.202771,1.9296875,1.3468006,0.14460994
1613,909263,2.314041,3.828125,1.2019634,0.121477075
1613,909264,3.368604,3.484375,2.1273406,0.22256288
1613,909696,2.519723,2.140625,0.81215185,0.08310413
1613,909698,3.315463,2.59375,0.5523551,0.056884564
1613,909706,5.151218,5.09375,0.2726836,0.027524784
1613,909724,3.012844,3.1875,1.1231261,0.11447866
1613,909727,3.541549,3.921875,1.9560922,0.19883648
1613,909728,4.245473,3.640625,1.3640784,0.13689487
1613,909746,5.377634,3.5625,0.8854502,0.09054117
1613,909748,2.364182,3.671875,2.262398,0.2370236
1613,909762,-0.688518,1.0546875,0.58620095,0.059901
1613,910567,0.500996,2.6875,0.9466109,0.09917315
1613,910689,7.066274,7.59375,0.70953715,0.08465435
1613,910700,6.228127,4.5625,0.7998342,0.08050044
1613,910702,6.19651,7.59375,0.5283356,0.062422812
1613,910706,-0.670127,1.1328125,0.8893391,0.10077192
1613,910779,5.051188,5.34375,0.25496584,0.025621003
1613,910931,2.086531,2.109375,0.5922412,0.059855178
1613,910952,3.250016,2.578125,2.96663,0.30155748
1613,924100,4.431452,4.40625,1.6616375,0.16804841
1613,924187,4.870666,4.28125,1.8623582,0.1875173
1613,924247,1.976233,1.5546875,0.59644115,0.061661474
1613,925348,6.722022,5.96875,0.41457838,0.04958788
1613,930301,5.419323,3.953125,3.7117848,0.37477976
1613,946353,4.287441,4.5,0.3439376,0.034796234
1613,946354,2.558177,0.69921875,0.8550214,0.09200552
1613,946361,2.03459,2.546875,1.8900609,0.19102
1613,946382,3.492769,4.53125,0.12735738,0.0132551575
1613,1240125,0.697921,2.859375,0.91366696,0.094760194
1613,1240144,4.318698,2.890625,1.0932242,0.110771924
1613,1240145,4.093411,3.90625,0.7398885,0.07458402
1613,1240147,1.985763,2.484375,0.52037436,0.054094587
1613,1240153,4.129714,3.671875,1.3528647,0.15169269
1613,1240169,3.566408,4.78125,0.2971683,0.030429918
1613,1240172,5.60484,4.90625,0.46086693,0.046625998
1613,1240174,2.490112,3.78125,0.5657488,0.05777311
1613,1240178,5.717095,4.40625,0.7128253,0.0716528
1613,1240190,3.033305,3.453125,1.3871574,0.14122908
1613,1240191,1.134276,1.859375,1.9677746,0.20094511
1613,1240196,5.363303,5.0,0.5589026,0.056219224
1613,1240207,5.020173,3.703125,1.1928416,0.120555185
1613,1240223,6.131829,6.34375,0.5387363,0.05479065
1613,1290722,4.874303,4.1875,0.91266364,0.093389094
1613,1290798,3.547478,5.59375,0.25773537,0.026319405
1613,1290807,5.736769,4.9375,0.7765049,0.080042206
1613,1290922,5.070381,3.828125,0.59573245,0.06011623
1613,1295740,0.82992,0.80859375,0.8316486,0.09691954
1613,1298157,2.914053,3.875,1.1776562,0.11964884
1613,1298215,0.107032,1.6484375,0.5843827,0.059601046
1613,1298219,4.789047,4.6875,0.23880164,0.02402518
1613,1298348,1.530395,4.3125,0.4819879,0.048780706
1613,1298353,5.011234,4.96875,0.32169244,0.032522894
1613,1298359,0.877206,3.265625,1.0040965,0.10253628
1613,1298475,6.207086,4.28125,1.16321,0.119483404
1613,1298526,4.777248,5.6875,0.56125814,0.05897318
1613,1298539,5.802367,5.40625,0.20700142,0.02100156
1613,1327775,3.885597,3.234375,1.552097,0.16153984
1613,1330931,1.562482,1.859375,0.78554195,0.080624215
1613,1330984,-0.225573,0.20703125,1.0357773,0.11053334
1613,1330985,-0.629492,1.6796875,1.0819683,0.110793136
1613,1331033,0.819377,1.21875,1.2223784,0.13706163
1613,1480361,1.245882,2.15625,1.0488988,0.10646566
1613,1480371,2.851867,2.796875,1.4333265,0.15060419
1613,1660035,3.638021,4.1875,0.54921824,0.057381444
1614,683667,2.222808,3.640625,0.52011377,0.052228477
1614,687457,5.960198,4.78125,0.90788674,0.09090794
1614,687459,5.3568,5.21875,0.8944093,0.08957406
1614,687568,4.213661,5.03125,1.3250213,0.13284826
1614,687588,5.873911,5.71875,0.91634345,0.09176248
1614,687985,2.709251,4.0625,0.6876433,0.069300465
1614,713880,4.822975,4.15625,0.48219126,0.048337456
1614,724859,4.942891,4.78125,1.2482516,0.12498913
1614,749709,5.367959,5.0625,0.28113264,0.028145855
1614,749710,5.401738,4.78125,0.9199495,0.092391126
1614,749713,5.550418,3.703125,1.2013998,0.12194485
1614,753562,2.273073,3.859375,0.40283445,0.04042727
1614,753566,6.190557,5.28125,0.58195794,0.05832183
1614,753569,3.543155,4.8125,0.4514085,0.045208044
1614,753574,4.924882,4.9375,0.69476074,0.06968173
1614,753576,5.157212,5.4375,0.80067414,0.08014933
1614,753586,2.933665,4.03125,0.9862311,0.0989644
1614,753608,3.786594,4.5625,0.730288,0.07315992
1614,753614,4.086052,4.125,0.7553783,0.07587346
1614,753620,5.047645,4.3125,0.884384,0.089270055
1614,905938,3.664652,3.40625,1.2042259,0.12090978
1614,905940,2.809584,3.859375,1.4098054,0.14128585
1614,905941,4.627776,5.71875,1.234501,0.12435431
1614,905944,3.80936,3.875,0.9470633,0.09496969
1614,905945,5.085952,4.40625,0.80829406,0.08090709
1614,905947,3.982935,3.9375,0.5514157,0.055326514
1614,905949,2.713722,3.4375,0.6008109,0.06033983
1614,905951,5.223916,4.625,1.4848107,0.14874765
1614,906820,3.082618,3.265625,1.1123731,0.11228338
1614,906824,3.572814,4.34375,0.3145834,0.031655435
1614,906825,5.582375,3.4375,1.930786,0.19520117
1614,906827,1.793008,3.6875,1.3213923,0.13296711
1614,906830,3.664471,4.96875,0.8917835,0.08949674
1614,906833,3.408261,3.984375,0.4286546,0.043009233
1614,906844,1.580952,2.875,1.0076156,0.10218366
1614,906849,5.218615,4.3125,0.5188906,0.052306462
1614,906864,5.233633,4.40625,0.66918874,0.0670249
1614,907051,5.509537,5.5,0.4661623,0.046681415
1614,907064,3.56321,4.90625,0.57595026,0.05765395
1614,907067,1.84983,3.5,1.399826,0.14097637
1614,907073,3.261005,2.890625,1.3873864,0.14004332
1614,907175,4.824529,3.03125,0.4522653,0.046278436
1614,907270,1.72815,1.984375,0.5292539,0.054118536
1614,907271,5.698814,4.375,1.240606,0.1242977
1614,907274,3.385435,3.0,1.0792971,0.10856496
1614,907281,4.085672,2.296875,1.4307681,0.14776748
1614,907298,3.354384,2.578125,0.540993,0.05423206
1614,907320,3.039247,4.875,0.37445363,0.037497725
1614,907790,2.858395,3.453125,3.1577783,0.3189388
1614,907799,4.006787,2.578125,1.0035802,0.10229351
1614,908126,1.776214,3.203125,0.7412912,0.0750241
1614,908135,4.59102,3.640625,0.7337728,0.074931376
1614,908152,5.511044,4.71875,1.0625468,0.10642305
1614,908447,4.799773,4.375,1.6023902,0.16077647
1614,908459,4.644949,4.75,0.90690064,0.0907952
1614,908461,2.346179,4.15625,0.8403495,0.08424117
1614,908471,3.361504,3.796875,0.855467,0.08601972
1614,909248,3.787778,4.3125,0.83772045,0.08389674
1614,909251,2.463256,2.609375,0.40004995,0.0402718
1614,909698,4.05285,3.734375,0.7533465,0.075725965
1614,909703,2.613234,3.078125,0.90717834,0.092168525
1614,909719,3.372143,4.25,1.5079695,0.15110375
1614,909724,5.103635,3.46875,1.6164706,0.16243586
1614,909726,5.71048,3.484375,0.47822168,0.048141107
1614,909727,5.713852,4.71875,1.2371881,0.123845376
1614,909728,2.788329,4.34375,1.0708846,0.10728073
1614,909735,3.564698,4.21875,0.6453742,0.06474077
1614,909738,2.604434,5.4375,1.4607333,0.14641008
1614,909748,5.190314,5.125,0.98204935,0.09829361
1614,909749,3.103586,4.59375,0.69828075,0.06995345
1614,909751,5.948846,3.953125,0.9295436,0.09350148
1614,909755,6.038891,5.09375,0.43198484,0.043262783
1614,909759,2.262221,3.203125,1.2782476,0.1283419
1614,909776,4.327154,4.40625,0.7069377,0.07084686
1614,909904,5.160389,5.625,1.424544,0.14266643
1614,910689,7.300344,7.15625,1.0505323,0.110905126
1614,910691,2.314076,4.4375,0.8215759,0.08231461
1614,910851,4.857869,3.578125,0.99219716,0.09957396
1614,910904,4.048871,4.84375,0.44798842,0.044874404
1614,910911,5.282012,5.25,0.42169338,0.042205106
1614,910916,3.345741,4.65625,0.38501558,0.038672626
1614,910919,1.654844,1.8671875,0.46145937,0.046956334
1614,910935,1.415304,1.5390625,0.4833687,0.04892045
1614,910941,2.554889,3.109375,0.6284513,0.06421836
1614,924244,3.538503,4.15625,0.959846,0.09619247
1614,924247,5.185201,3.796875,0.7433452,0.074654646
1614,924250,6.546869,4.90625,1.9459388,0.1949221
1614,925347,5.553039,5.03125,1.0013353,0.10046938
1614,930082,3.833188,4.65625,0.6095598,0.061007675
1614,930083,6.324358,6.6875,0.6704289,0.06743749
1614,1240127,4.568474,4.8125,0.9842429,0.09858024
1614,1240128,4.869725,3.921875,0.9830697,0.09848347
1614,1240142,2.845215,3.625,1.0642358,0.10727966
1614,1240150,5.402081,3.4375,2.06541,0.20787609
1614,1240151,5.285018,4.46875,1.528187,0.15351926
1614,1240160,4.471518,5.0,1.2039081,0.12060696
1614,1240182,6.547056,5.46875,0.5460254,0.055326514
1614,1240192,5.728841,4.84375,0.42104498,0.042138044
1614,1240219,4.7776,5.46875,1.1891052,0.119066715
1614,1240221,3.072657,3.6875,0.5959874,0.059839856
1614,1240223,5.380336,5.25,1.1281021,0.11358645
1614,1240224,7.216424,5.625,0.9705829,0.09728204
1614,1290765,3.389248,4.15625,1.2054176,0.121481605
1614,1290908,2.3799,4.03125,2.493146,0.250233
1614,1298145,5.222893,3.484375,2.0831747,0.21107955
1614,1298157,3.707567,4.71875,0.6365381,0.06374282
1614,1298226,3.611817,4.28125,0.7368527,0.07378831
1614,1298347,4.690165,4.84375,0.1856903,0.018585796
1614,1298358,3.587335,4.75,2.1889575,0.21940038
1614,1298359,3.623364,4.53125,0.81107706,0.081272714
1614,1298475,4.066393,4.5,0.8259693,0.08287396
1614,1299050,4.087731,4.40625,0.7911844,0.0792605
1614,1303896,3.195061,2.46875,0.6803849,0.06916101
1614,1303900,2.315719,4.90625,0.47268564,0.047308657
1614,1322212,4.197636,4.5,1.4123068,0.14194173
1614,1330933,2.622176,2.5,0.4620935,0.047188044
1614,1330935,2.205303,2.46875,1.3815609,0.14065929
1614,1330984,3.779022,2.96875,0.6408246,0.06493213
1614,1330995,4.722854,4.09375,0.75246704,0.075637564
1614,1480362,5.379509,5.34375,0.5462136,0.054793462
1614,1480372,4.610401,4.84375,0.85847986,0.086086705
1614,1503361,2.963684,3.671875,0.70529884,0.07068262
1614,1503366,5.67598,5.28125,0.53642046,0.05374457
1614,1659817,4.855784,2.65625,1.7089419,0.17389537
1614,1660035,4.842203,5.0,0.47507724,0.04757416
1614,1674021,4.243742,3.875,0.84806854,0.08519562
1615,683667,3.991357,4.6875,0.27445182,0.027652582
1615,687448,7.155523,6.6875,0.54090995,0.054215692
1615,687452,5.137715,5.21875,0.08428307,0.008450324
1615,687561,4.788091,4.96875,0.24076594,0.02418028
1615,687562,3.948457,4.5,0.15252624,0.015400608
1615,687563,4.789599,5.125,0.20621243,0.020660656
1615,687794,5.481013,5.1875,0.18323147,0.018386556
1615,687821,6.325023,7.21875,0.523796,0.052697685
1615,687980,3.633238,4.96875,0.22959985,0.02306524
1615,688015,4.338139,3.9375,0.19616513,0.020031981
1615,713880,5.072204,4.90625,0.073356524,0.007362675
1615,724859,6.067236,6.09375,0.17927364,0.017939206
1615,724863,5.649026,5.875,0.4823497,0.04834617
1615,735784,5.984052,5.34375,0.0665399,0.006679279
1615,753541,5.508171,5.15625,0.07582033,0.007625286
1615,753555,5.16489,5.09375,0.13800853,0.013866127
1615,753556,4.674246,5.0625,0.3084852,0.031157319
1615,753562,4.393556,4.78125,0.082551464,0.008298027
1615,753570,4.971715,4.65625,0.12686548,0.012748455
1615,753573,4.979108,5.21875,0.13654615,0.013709858
1615,753592,4.655983,5.0,0.096897945,0.009725488
1615,753600,4.512924,5.4375,0.11711928,0.011734312
1615,753618,4.053355,4.3125,0.25265947,0.025475638
1615,753620,5.375969,5.15625,0.3010321,0.03019806
1615,753621,5.655007,5.84375,0.18552482,0.018648852
1615,905940,5.183793,4.96875,0.10144227,0.010184005
1615,905943,5.044517,5.375,0.105046265,0.010564554
1615,905944,3.859141,5.15625,0.07795076,0.007819638
1615,905947,5.400104,4.96875,0.16416119,0.016482534
1615,905949,5.913573,5.375,0.23784646,0.023824764
1615,905956,6.328948,5.75,0.20724292,0.020732092
1615,905963,6.295833,5.46875,0.5563266,0.055769186
1615,905973,4.180389,5.6875,0.21641253,0.02169436
1615,905974,4.88326,4.5,0.3015881,0.030490356
1615,905977,6.291673,5.8125,0.2976978,0.029830348
1615,905986,5.270273,5.59375,0.09048851,0.009071057
1615,906693,5.023554,5.53125,0.12314275,0.012329472
1615,906793,5.743959,5.28125,0.21280588,0.02131431
1615,906801,3.140376,5.1875,0.105991505,0.010634701
1615,906814,5.318476,5.46875,0.1339383,0.013411424
1615,906820,4.035997,4.9375,0.43801624,0.043978833
1615,906848,4.771512,4.4375,0.34003395,0.034401298
1615,906855,4.930171,3.6875,0.43375045,0.043898724
1615,906856,3.708364,3.3125,1.6958894,0.17569427
1615,906863,4.038899,4.9375,0.09748128,0.009791441
1615,906999,5.789792,5.0625,0.220701,0.022117896
1615,907000,4.176393,4.5625,0.11630898,0.011767003
1615,907046,5.325935,5.625,0.14481866,0.014500891
1615,907062,5.639771,5.15625,0.15466337,0.015501993
1615,907073,3.55986,4.5,0.19147795,0.019327857
1615,907270,2.526812,3.5625,1.2823673,0.1300466
1615,907271,5.768766,5.625,0.11369642,0.011397543
1615,907282,6.145505,6.0,0.25619403,0.0256491
1615,907289,5.244758,5.0,0.19701189,0.019759504
1615,907299,5.845053,4.90625,0.21887021,0.021987356
1615,907311,4.42696,4.21875,0.4898072,0.049251553
1615,907319,5.459233,5.15625,0.09558787,0.009588906
1615,907322,3.90263,4.375,0.35768482,0.035948563
1615,907783,4.284772,4.34375,0.28221336,0.028409552
1615,907789,2.580302,4.28125,0.23026364,0.023394585
1615,907799,4.025552,3.859375,0.2545834,0.025669627
1615,908121,4.085385,5.09375,0.18909842,0.019035958
1615,908122,5.55455,4.71875,0.3322755,0.033353835
1615,908124,5.470989,4.9375,0.20094219,0.020150095
1615,908134,5.272834,6.0625,0.17709365,0.01774116
1615,908445,4.542449,5.1875,0.17832147,0.01788493
1615,908455,5.989643,5.78125,0.10789179,0.010814052
1615,908458,5.961244,5.15625,0.79004025,0.079770535
1615,908468,5.568845,5.71875,0.088952154,0.008912216
1615,908471,4.754025,4.84375,0.13671193,0.013803833
1615,908475,3.739541,5.125,0.4185768,0.04207511
1615,909248,5.443829,5.5625,0.13552244,0.0135661075
1615,909250,6.15643,5.71875,0.14660946,0.014674183
1615,909696,4.514184,4.15625,0.08605868,0.008713066
1615,909704,5.18846,5.375,0.15908876,0.015963929
1615,909709,4.312683,5.34375,0.10220699,0.010242834
1615,909719,5.2443,5.3125,0.08700115,0.008713066
1615,909736,5.462926,5.1875,0.26198775,0.026362918
1615,909737,3.737591,5.3125,0.7036853,0.07060455
1615,909744,3.739942,4.71875,0.182523,0.018341366
1615,909748,5.964443,6.0625,0.1337565,0.01338395
1615,909751,5.840953,5.375,0.40407953,0.040513508
1615,909907,6.088337,6.4375,0.36332783,0.036394067
1615,909975,5.76321,5.625,0.10589976,0.01061764
1615,910548,6.124749,5.40625,0.08460302,0.008493477
1615,910549,4.414594,5.84375,0.107468046,0.010767345
1615,910691,4.722252,5.46875,0.22482876,0.022510622
1615,910702,8.041754,8.125,0.15971763,0.016757172
1615,910703,4.935282,4.96875,0.5640203,0.05652418
1615,910706,3.72703,3.609375,0.2447624,0.025063574
1615,910784,6.040475,5.40625,0.2842134,0.028469276
1615,910852,4.884952,5.40625,0.09834766,0.009869879
1615,910918,3.539051,3.96875,0.16378945,0.016617442
1615,910925,5.983118,5.59375,0.19720143,0.019855836
1615,910927,5.195685,5.4375,0.1296343,0.012973133
1615,910943,6.311202,5.46875,0.23107259,0.023247581
1615,910952,5.000282,5.25,0.26037487,0.026156848
1615,917486,5.582652,5.59375,0.1336051,0.013371155
1615,924105,4.691324,5.09375,0.7035004,0.07066261
1615,924110,5.19491,5.0,0.288478,0.028944556
1615,924244,4.798026,5.59375,0.14139168,0.01416979
1615,924250,6.533069,6.28125,0.19451989,0.019486915
1615,925338,5.196471,5.59375,0.11482476,0.011500671
1615,930301,6.047941,5.65625,0.3039043,0.030438585
1615,946355,6.111563,5.6875,0.20978947,0.021037282
1615,998184,4.431181,4.25,0.24196485,0.024454305
1615,1240121,5.324594,5.09375,0.07682838,0.007699476
1615,1240123,5.3422,4.9375,0.22554046,0.022678755
1615,1240125,4.967325,4.78125,0.46726075,0.046827268
1615,1240147,4.469329,4.375,0.20632185,0.020845266
1615,1240151,6.302842,5.65625,0.32317293,0.03244804
1615,1240153,4.28187,5.15625,0.1775478,0.017779607
1615,1240169,5.993767,5.1875,0.23963337,0.024060287
1615,1240186,5.022178,5.21875,0.1319986,0.013238932
1615,1240196,5.982093,5.84375,0.077805996,0.0077914796
1615,1240209,4.515766,5.09375,0.15174624,0.015275828
1615,1240223,7.14722,6.40625,0.15154545,0.01521214
1615,1290725,5.041523,4.71875,0.24627252,0.024695734
1615,1290730,4.531607,5.1875,0.113247454,0.011367786
1615,1290765,3.730094,5.1875,0.13259338,0.013286314
1615,1290797,4.813556,5.1875,0.14354569,0.014382004
1615,1290905,6.679319,6.40625,0.27987415,0.028037665
1615,1295740,4.562567,4.34375,0.24247672,0.024419812
1615,1297449,3.401098,3.65625,0.392547,0.040011764
1615,1298134,5.024929,4.84375,0.06447901,0.006473987
1615,1298146,5.045248,5.59375,0.1141006,0.011433274
1615,1298347,4.196244,4.8125,0.08995983,0.009012135
1615,1298362,5.031296,5.0625,0.16489975,0.01654885
1615,1298538,5.507011,5.71875,0.12343298,0.01240945
1615,1303896,3.112796,3.890625,0.716824,0.072632834
1615,1327765,4.130359,3.796875,0.46005908,0.046375982
1615,1330947,3.594447,3.0625,0.40957633,0.043169137
1615,1330985,4.553785,4.375,0.21514939,0.021610534
1615,1330995,5.339975,4.8125,0.4701169,0.04715085
1615,1331048,4.329964,4.09375,0.590207,0.059690118
1615,1480359,3.582135,5.09375,0.26538378,0.026772829
1615,1503361,3.979872,5.34375,0.1035699,0.010376786
1615,1503364,4.797457,5.40625,0.13999309,0.014029628
1615,1659817,5.324213,4.65625,0.31617442,0.031776626
1615,1659928,5.228019,5.0625,0.16067696,0.016112376
1617,687457,2.809897,3.59375,1.988545,0.20601341
1617,687588,3.725547,2.953125,61.288464,6.412013
1617,687590,3.7509,3.015625,3.1307585,0.32507238
1617,687777,5.930701,2.875,6.531735,0.6642916
1617,687816,3.294974,3.0,7.0165253,0.7253847
1617,688010,1.784808,1.3515625,1.1250715,0.11425097
1617,688015,1.851422,0.89453125,1.2045103,0.12204809
1617,688023,0.449467,1.7578125,22.362436,2.5074332
1617,688086,4.13736,2.671875,0.77229065,0.08091021
1617,722046,1.32862,2.078125,2.2425818,0.22915846
1617,722058,-5.360387,1.6796875,15.613269,1.9533889
1617,722066,1.930831,2.828125,2.3450775,0.24031344
1617,724831,0.9078,1.8828125,0.47267053,0.0967897
1617,724839,6.878859,6.1875,2.9053159,0.29393137
1617,724855,6.285981,4.28125,5.8597198,0.5976314
1617,724866,2.83001,4.25,1.7848271,0.18906425
1617,724869,3.130331,4.53125,1.0711594,0.11051978
1617,753535,4.670444,3.578125,1.7495548,0.19099458
1617,753573,-2.944519,0.48046875,4.767182,0.50974417
1617,753586,0.300835,3.28125,0.53132415,0.05487433
1617,753615,1.313605,0.9921875,0.7764209,0.080908984
1617,905940,1.642825,2.09375,1.9435213,0.19766033
1617,905942,-0.178852,2.1875,1.1842213,0.17173208
1617,905954,2.579369,1.3671875,0.71341217,0.07643991
1617,905960,3.364327,2.15625,2.0997045,0.22095989
1617,905972,1.588182,4.375,7.028219,0.7078114
1617,905974,0.792691,0.8125,2.7221189,0.29876867
1617,905977,2.374544,4.28125,1.543148,0.15537663
1617,905983,5.538064,2.875,1.0019808,0.11312775
1617,905984,1.388369,0.67578125,2.5699136,0.41867334
1617,905985,5.747672,1.390625,9.635842,1.1774297
1617,905989,1.983102,1.9140625,0.7770554,0.0791581
1617,906696,2.959429,2.484375,1.9327087,0.1962665
1617,906746,3.867729,2.609375,3.7162607,0.43907595
1617,906798,3.651339,1.9140625,3.0028389,0.4676105
1617,906813,1.803254,2.40625,2.759886,0.29510847
1617,906817,1.117302,3.75,1.0314367,0.10367945
1617,906818,2.272359,2.34375,2.7200813,0.28381577
1617,906826,5.194983,3.65625,6.646552,0.6893414
1617,906836,-3.01031,0.107421875,1.7918661,0.18799809
1617,906837,1.159087,1.5390625,1.070166,0.17434435
1617,906839,1.247356,2.625,7.4958,0.7578204
1617,906842,1.195672,-1.015625,1.3339058,0.15914732
1617,906851,-2.272328,1.171875,1.8462656,0.21516204
1617,906852,2.763001,3.359375,2.6999633,0.32133
1617,906856,0.186139,-0.33984375,0.9150541,0.09746187
1617,907046,1.375429,1.9296875,0.46075782,0.049169935
1617,907053,4.459341,1.28125,2.2276402,0.23078369
1617,907055,1.546279,0.67578125,1.7212217,0.20535772
1617,907056,1.860364,1.921875,2.261689,0.22865523
1617,907069,1.429337,2.953125,2.2746181,0.23425266
1617,907175,1.176044,1.953125,0.5345248,0.054951746
1617,907278,0.205954,1.5859375,3.7320585,0.37771165
1617,907287,2.167689,2.890625,2.4402595,0.24935815
1617,907289,4.541664,2.890625,0.7730306,0.08017421
1617,907299,1.602072,0.953125,2.667518,0.27549708
1617,907311,1.872264,1.1640625,3.4094799,0.3473214
1617,907312,1.346572,2.171875,1.1973014,0.12752385
1617,907313,2.509806,1.7265625,12.307213,1.2951348
1617,907321,1.819504,1.65625,1.0650231,0.13087982
1617,907323,0.815477,1.375,3.846734,0.3928206
1617,907788,1.955326,1.421875,0.52271056,0.054039035
1617,908133,-6.143092,1.546875,0.6770325,0.068004064
1617,908150,5.542154,3.53125,1.7656873,0.19547865
1617,908152,3.096751,3.328125,7.8836694,0.8271347
1617,908158,0.537307,0.9453125,2.5202358,0.25526243
1617,908442,4.29766,2.09375,1.6363192,0.17193326
1617,908445,1.354911,1.421875,2.3891027,0.25824925
1617,908463,4.505827,5.46875,2.5482914,0.3071759
1617,908480,3.17245,1.7578125,1.2847471,0.13059434
1617,909263,2.196736,3.46875,3.3997717,0.34395558
1617,909718,4.664351,2.734375,3.8442862,0.41459316
1617,909726,0.855914,1.921875,0.88184613,0.09167074
1617,909749,3.311816,2.390625,27.315336,2.8986003
1617,909757,4.206771,3.1875,6.0541687,0.61396146
1617,909777,0.933696,1.1953125,1.250174,0.12792514
1617,909907,2.32519,4.53125,1.4938473,0.19117196
1617,909975,1.03385,4.34375,0.5707741,0.057990145
1617,910079,2.370499,2.234375,2.9499261,0.32561833
1617,910548,4.384611,2.8125,35.02593,3.710248
1617,910692,5.619418,2.6875,2.0936663,0.21934618
1617,910698,2.791897,2.5625,1.2790742,0.13045247
1617,910706,0.780141,1.0625,1.4740946,0.15255332
1617,910780,5.034077,1.8203125,2.48597,0.25221688
1617,910919,1.359704,-0.19921875,0.41722852,0.047106817
1617,910925,2.941504,1.8671875,11.827664,1.2597575
1617,910926,0.915777,1.90625,4.0306745,0.4167005
1617,910931,2.079356,1.8984375,0.81445247,0.08570793
1617,910935,1.561929,0.703125,0.58396584,0.058945734
1617,910941,1.996353,1.8984375,0.56785613,0.05758706
1617,911905,-0.717164,5.53125,1.7345957,0.18342781
1617,924189,1.845268,2.484375,1.6116263,0.16382156
1617,924248,1.991475,1.3203125,0.5153073,0.053069174
1617,924250,2.458768,3.3125,10.558746,1.0894275
1617,925338,3.482522,2.671875,0.62429875,0.06976919
1617,930301,-1.467056,2.6875,5.450728,0.5603613
1617,946355,2.515453,3.078125,8.593108,0.920725
1617,946359,2.259569,1.9453125,3.3112617,0.376592
1617,998189,5.535517,3.171875,6.995096,0.7106957
1617,1240146,2.975594,3.875,2.7713256,0.2940826
1617,1240151,-0.048075,3.1875,31.885168,3.2997801
1617,1240159,1.69941,2.5,0.6249808,0.069845416
1617,1240174,3.480208,1.9296875,3.8472273,0.4701031
1617,1240184,1.906833,2.890625,6.9944715,0.71906567
1617,1240186,-1.416124,3.53125,4.3390007,0.46690294
1617,1240192,3.62169,1.4609375,1.9825982,0.22813773
1617,1240207,4.351464,2.890625,1.3815774,0.14191382
1617,1240218,5.165972,5.15625,2.6669695,0.26981783
1617,1240224,7.264372,4.59375,4.205485,0.43880415
1617,1290455,0.007438,0.79296875,1.6915605,0.17436624
1617,1290722,4.52477,1.6328125,2.4382727,0.2528834
1617,1290730,1.685447,2.1875,5.6472034,0.6311094
1617,1295740,-2.385185,1.3359375,0.7747653,0.078383155
1617,1297446,-0.831463,1.0,0.52985644,0.05373346
1617,1298145,1.979292,1.9765625,12.019904,1.2732517
1617,1298146,4.989371,3.921875,0.7420816,0.075595334
1617,1298356,6.67702,4.65625,2.4097703,0.332648
1617,1298475,3.491357,3.703125,1.0113819,0.104453936
1617,1299075,1.508582,2.5,1.6563035,0.16913831
1617,1330933,0.264667,0.91796875,0.5113374,0.051901933
1617,1330948,1.285503,0.94921875,1.449457,0.14719231
1617,1330972,1.656503,1.3515625,3.077535,0.32111278
1617,1330975,1.902226,2.890625,0.5036694,0.06866554
1617,1330982,1.389032,0.24316406,1.0248797,0.10440379
1617,1479995,-2.844997,2.140625,1.1638541,0.1242011
1617,1480359,-2.446117,1.8125,2.5244927,0.29292762
1617,1480371,2.772831,1.8671875,7.0708094,0.7407842
1617,1503366,-2.465756,2.84375,1.8264157,0.20771948
1617,1503367,2.354488,2.75,2.0482185,0.23125231
1617,1659929,2.367378,2.828125,1.411281,0.14949504
1617,1660035,3.310382,3.84375,1.0566808,0.12771259
1618,684052,3.378501,3.0625,0.32947928,0.033108704
1618,687448,6.248798,4.3125,1.9975429,0.20181727
1618,687457,3.636588,4.59375,0.64788294,0.06491212
1618,687506,3.29913,3.15625,0.37726137,0.037904568
1618,687561,2.507012,3.046875,0.52263075,0.052461702
1618,687563,3.670844,3.46875,0.78208065,0.07843956
1618,687586,4.785282,4.375,0.33478647,0.033517458
1618,687777,4.407548,5.0,0.8590067,0.086086705
1618,687798,4.017817,3.953125,0.7708578,0.077450365
1618,687985,3.487249,3.359375,0.46213266,0.047223072
1618,687995,3.361157,3.984375,0.54992694,0.055348173
1618,688010,3.819241,3.28125,0.8918688,0.09065833
1618,722046,2.076796,2.75,0.8482486,0.08874396
1618,724834,5.295815,5.0625,0.49504167,0.04955808
1618,724872,3.166374,3.109375,0.3489705,0.03537443
1618,749709,2.086271,3.546875,0.24507031,0.024575178
1618,749715,3.626692,3.71875,0.76688427,0.07728635
1618,753554,3.80651,4.15625,0.6681616,0.06698012
1618,753555,2.958826,3.28125,0.35999373,0.036288958
1618,753566,4.187675,4.75,0.560978,0.05628595
1618,753570,2.36293,3.265625,0.28288448,0.02855447
1618,753576,4.717909,5.15625,0.37553188,0.03761653
1618,753614,2.259388,3.5,0.7269249,0.07307008
1618,753623,3.452006,3.859375,0.43899205,0.044046443
1618,753624,4.168959,4.28125,0.48207995,0.048333924
1618,905933,4.182856,3.890625,0.37863556,0.037940588
1618,905935,4.509172,4.84375,0.3034926,0.030451054
1618,905943,3.1441,2.296875,0.603467,0.06077511
1618,905946,5.139766,4.09375,0.7454798,0.07479802
1618,905949,2.568234,3.046875,0.42470738,0.04269135
1618,905957,3.548578,3.75,0.8780968,0.088610046
1618,905959,4.452875,5.5625,0.53587097,0.05376683
1618,905962,4.121123,4.6875,0.33394927,0.03519808
1618,905969,6.665074,5.0,0.715254,0.071662106
1618,905973,3.785719,4.46875,0.606928,0.061028387
1618,905983,4.340549,4.375,0.4024108,0.04030098
1618,906797,3.597174,3.890625,0.41321537,0.04142294
1618,906814,3.055457,3.5625,0.98229873,0.09877302
1618,906817,5.162112,5.34375,0.6019056,0.06029208
1618,906821,2.777354,4.1875,0.57817787,0.057968825
1618,906827,4.495624,3.703125,0.7764356,0.07819477
1618,906835,6.050287,5.65625,1.1688527,0.11731583
1618,906855,1.828106,3.109375,0.6436469,0.06479396
1618,906870,1.004951,2.234375,2.7307112,0.2762666
1618,907060,4.243171,3.234375,0.3110127,0.031193329
1618,907173,3.499327,4.1875,0.82091016,0.08222947
1618,907176,5.277818,3.703125,0.665906,0.06671787
1618,907275,-0.375131,2.21875,1.4121275,0.14815687
1618,907282,5.379885,4.5,0.6278335,0.06291932
1618,907290,3.813489,4.59375,0.9919337,0.09945249
1618,907291,3.700675,3.640625,0.4395611,0.044382583
1618,907319,5.278677,3.5625,0.3503106,0.035196744
1618,907320,4.118857,3.828125,0.37458223,0.037569102
1618,907783,1.737284,2.65625,0.46157515,0.04689563
1618,907788,3.271026,3.0,0.7709518,0.08004933
1618,907789,2.488738,2.609375,1.2497733,0.12635124
1618,907790,3.281409,2.71875,3.357385,0.3482083
1618,907791,3.511465,3.9375,0.578938,0.05819452
1618,908122,2.598343,3.1875,0.89836454,0.09034895
1618,908124,3.672648,3.734375,0.42913505,0.04320879
1618,908442,3.724277,3.828125,0.869888,0.089428715
1618,908449,8.102578,6.59375,0.848648,0.09093001
1618,908459,3.798419,4.75,1.0240846,0.10264455
1618,908465,4.615874,4.375,0.41428137,0.041585587
1618,908467,3.416164,3.515625,0.4856144,0.048977256
1618,908470,5.340019,5.65625,0.9043389,0.09167099
1618,908475,4.295071,3.78125,0.6214246,0.062519826
1618,908480,3.715457,3.453125,0.85537654,0.08614491
1618,909264,3.974197,4.4375,0.44307503,0.04444711
1618,909696,3.262475,3.28125,0.20832388,0.02101643
1618,909704,3.179743,3.75,0.6463502,0.065206036
1618,909706,5.728698,4.5,0.46314934,0.046403453
1618,909709,3.248664,4.25,0.5652722,0.05675591
1618,909719,3.016546,3.828125,0.6862464,0.06889373
1618,909726,5.71048,3.890625,0.5410834,0.054241125
1618,909748,5.538567,4.46875,0.7065236,0.070848815
1618,909751,5.69358,3.390625,1.0130256,0.1017969
1618,909753,3.949524,4.84375,0.5853297,0.0586052
1618,909757,4.483368,4.25,0.89670086,0.08993551
1618,909761,3.945326,3.984375,0.7006796,0.07035143
1618,909974,5.676292,5.1875,1.1597457,0.1161472
1618,910554,3.297671,3.953125,0.35698694,0.03580436
1618,910781,1.980988,3.96875,0.48722595,0.04893242
1618,910784,1.68527,3.84375,0.64632404,0.06484919
1618,910916,3.461469,3.484375,0.412065,0.04178807
1618,910919,1.504925,2.21875,0.6536714,0.06580309
1618,910921,2.515173,3.859375,0.44301885,0.04438656
1618,910922,3.711677,3.578125,0.7509894,0.07535082
1618,910926,2.66085,2.78125,0.6988621,0.07032406
1618,910927,4.242248,3.328125,0.7901048,0.07924436
1618,910931,2.890811,2.953125,0.6520402,0.0655878
1618,910941,3.127623,2.921875,0.63272744,0.06381453
1618,910951,0.865143,2.34375,0.6864068,0.069395274
1618,924100,3.57673,4.15625,0.7031561,0.07063795
1618,924187,5.627267,4.78125,1.589331,0.15937506
1618,924189,4.524077,3.234375,1.3124533,0.13278116
1618,924240,4.671759,3.8125,0.8237953,0.08259473
1618,924244,3.363021,3.546875,0.8376223,0.08399515
1618,925340,5.072336,4.3125,1.0228126,0.10258402
1618,930301,4.112033,4.4375,1.6323392,0.16352701
1618,946361,4.524996,3.65625,0.6182307,0.06201787
1618,998184,2.927184,2.640625,0.7348825,0.075307585
1618,1240150,5.3498,3.796875,0.80544025,0.08088022
1618,1240168,3.842851,3.859375,0.4723135,0.047492508
1618,1240169,4.913845,4.46875,0.62588567,0.06277383
1618,1240210,2.859492,2.875,0.802916,0.08100093
1618,1240220,4.507393,4.25,0.76990473,0.07735461
1618,1240222,2.899759,3.796875,0.44844761,0.044915818
1618,1290769,3.925912,4.65625,1.0295295,0.103190295
1618,1295741,1.657446,2.5,0.7777573,0.078839675
1618,1298145,2.417716,3.703125,1.1385374,0.114891484
1618,1298146,3.330572,4.59375,0.6961934,0.06977011
1618,1298215,2.21256,2.984375,0.22622864,0.022760244
1618,1298219,3.467695,4.09375,0.56890476,0.057058875
1618,1298365,3.433374,4.125,1.1714842,0.117905684
1618,1298475,3.287915,4.125,0.8921285,0.08956268
1618,1298534,6.018906,5.25,0.3291691,0.032962937
1618,1299062,5.862483,5.28125,0.5008499,0.050837427
1618,1303897,5.132821,4.625,0.36768022,0.037082855
1618,1330935,2.165045,2.875,1.5297865,0.15494463
1618,1480361,3.8166,3.453125,0.6971402,0.07008764
1618,1480362,5.793994,5.09375,0.35107052,0.03521767
1618,1503363,3.431425,4.09375,0.98720163,0.09917272
1620,683667,4.731202,4.59375,0.64594907,0.06629708
1620,687505,5.231711,5.09375,0.060897727,0.0061343773
1620,687563,6.007325,5.59375,0.079507075,0.007997504
1620,687588,5.969229,6.03125,0.11802928,0.011872399
1620,687592,5.831753,5.96875,0.04379253,0.0043948884
1620,687798,5.478154,5.65625,0.07287487,0.00731697
1620,687802,7.221993,6.46875,0.30838263,0.03106414
1620,687812,5.527813,5.5625,0.15087765,0.015281665
1620,687816,6.778412,6.375,0.072587535,0.007295299
1620,687980,4.016307,4.9375,0.1021586,0.010583638
1620,687985,5.07203,5.25,0.057794053,0.0059096958
1620,687995,4.800506,5.21875,0.06805892,0.0069743847
1620,687997,4.569334,6.15625,0.1075591,0.010832269
1620,688013,5.051832,4.4375,0.08875363,0.008958826
1620,713880,4.936247,4.78125,0.054251716,0.005488657
1620,713899,5.357547,5.1875,0.07410563,0.0075088195
1620,724812,5.993672,6.1875,0.055315837,0.0055421563
1620,724839,6.383746,6.90625,0.13077766,0.013124458
1620,724859,6.162267,6.0625,0.09426317,0.009448049
1620,724863,6.309284,5.96875,0.23583908,0.02376213
1620,724866,6.067742,6.4375,0.10291774,0.010333411
1620,749709,5.367696,5.46875,0.057336047,0.0058006993
1620,749714,5.851546,6.09375,0.6376182,0.06414902
1620,753535,6.017666,6.125,0.06641539,0.0066578374
1620,753540,5.655063,5.75,0.07829486,0.007881703
1620,753572,5.092013,4.90625,0.053032435,0.005369302
1620,753573,3.937247,5.40625,0.0937152,0.009582791
1620,753575,6.816695,6.03125,0.21264379,0.021458197
1620,753608,6.902022,6.25,0.14291653,0.014399654
1620,753623,5.331082,5.75,0.051561434,0.005191623
1620,905933,5.553448,5.53125,0.047503043,0.00479098
1620,905937,5.497259,5.375,0.08938466,0.009110852
1620,905944,5.099687,5.28125,0.046307646,0.004669197
1620,905945,5.745388,5.46875,0.13608573,0.013708251
1620,905948,6.081428,5.96875,0.1592918,0.016057316
1620,905949,6.006385,5.8125,0.08438222,0.008479399
1620,905957,4.322342,5.53125,0.139404,0.014075654
1620,905962,7.031463,6.78125,0.055902056,0.0061888974
1620,905963,6.58388,6.375,0.14968932,0.015041977
1620,905968,4.064115,5.78125,0.106252454,0.010677095
1620,905974,4.888506,5.1875,0.07542017,0.0077287336
1620,905982,6.225257,5.875,0.11814463,0.01185169
1620,905983,5.895675,5.6875,0.06527341,0.0065537486
1620,906792,4.412137,4.625,0.051507585,0.0052532456
1620,906794,4.427551,5.125,0.045632593,0.0046183527
1620,906801,4.262367,4.96875,0.052560177,0.005390266
1620,906813,5.592491,5.53125,0.06798146,0.006834579
1620,906817,6.541735,6.5625,0.06571546,0.0066036144
1620,906820,5.485318,5.34375,0.10056147,0.010193711
1620,906836,4.351291,3.96875,0.12828556,0.014041774
1620,906843,5.578102,5.09375,0.08112898,0.008269362
1620,906844,4.419042,4.3125,0.085743,0.008800245
1620,906851,5.708855,5.78125,0.13819914,0.013898753
1620,907048,5.381526,5.34375,0.05168903,0.0052332883
1620,907060,4.725314,5.125,0.048870753,0.00493162
1620,907064,6.010379,6.0,0.052718237,0.0052900673
1620,907269,3.871155,4.46875,0.09581311,0.0104066925
1620,907271,5.872189,5.75,0.087732084,0.008843781
1620,907282,6.386438,6.09375,0.13793738,0.013851315
1620,907314,4.644649,5.875,0.1319054,0.013281303
1620,907792,6.989887,6.5,0.2627035,0.026703771
1620,907794,5.989617,6.21875,0.08216055,0.008248271
1620,908125,5.592618,5.625,0.0683583,0.0068736277
1620,908159,2.863992,4.46875,0.04643881,0.0049862717
1620,908443,5.77003,5.625,0.15003097,0.015053418
1620,908444,5.310771,4.8125,0.22991996,0.023287473
1620,908452,5.927176,5.90625,0.10549796,0.010574116
1620,908455,5.130864,5.6875,0.06221454,0.0062730876
1620,908458,6.10911,5.53125,0.18676308,0.019184057
1620,908459,5.9745,6.21875,0.12973271,0.013032744
1620,908460,7.663494,7.84375,0.3881849,0.040353067
1620,908461,5.547838,5.96875,0.08977759,0.009043517
1620,908463,6.742754,6.84375,0.25108474,0.025623914
1620,908465,5.969081,6.15625,0.06801579,0.006863573
1620,908473,6.251572,6.84375,0.12418435,0.012531625
1620,908481,5.956583,5.96875,0.15003616,0.015038204
1620,909248,5.153931,5.8125,0.06938544,0.006963317
1620,909262,2.606296,4.65625,0.073502064,0.007526582
1620,909703,4.486356,4.46875,0.07704513,0.007839816
1620,909718,5.633923,5.46875,0.09264726,0.009380129
1620,909719,5.383266,5.5625,0.058597613,0.005898841
1620,909724,5.569049,5.8125,0.07194767,0.007207685
1620,909727,6.118543,5.71875,0.112055995,0.011244376
1620,909728,4.919956,5.8125,0.06303731,0.006328449
1620,909732,5.45257,5.46875,0.07005324,0.00703645
1620,909738,6.67367,6.78125,0.2118409,0.021344176
1620,909745,6.087896,5.71875,0.074785694,0.0076369615
1620,909746,5.918964,5.9375,0.08849604,0.008892789
1620,909757,5.992742,5.84375,0.14794159,0.014924856
1620,909759,5.279871,5.5625,0.04716568,0.004736255
1620,909976,4.203399,4.5,0.07125814,0.007390477
1620,910079,4.404574,5.0625,0.07803452,0.007963645
1620,910554,5.605887,5.59375,0.07283528,0.0073169176
1620,910692,5.61631,5.65625,0.05781827,0.0057969308
1620,910697,5.774623,5.96875,0.05316148,0.005347438
1620,910701,5.629278,5.875,0.06999989,0.0070411894
1620,910779,5.269489,6.0,0.16110003,0.016147144
1620,910852,4.019202,5.4375,0.07547806,0.0076282304
1620,910899,5.523331,5.71875,0.08568914,0.0085843
1620,910903,4.279242,5.0,0.072165824,0.0073216646
1620,910904,5.408916,5.40625,0.062110443,0.006269452
1620,910915,6.431181,6.53125,0.13771561,0.013901066
1620,910922,5.464557,5.40625,0.08415313,0.008480925
1620,910935,3.981634,4.15625,0.05638703,0.0057872906
1620,910947,4.271811,4.0625,0.11547417,0.011892164
1620,910952,5.549914,6.0,0.12745374,0.0128358565
1620,924110,5.367695,5.125,0.066248976,0.0067183985
1620,924239,3.857898,4.125,0.062379114,0.0067922575
1620,924244,6.011318,5.78125,0.08020864,0.008076055
1620,925338,5.64311,4.90625,0.0768264,0.0078355055
1620,925347,6.148208,6.0,0.13890201,0.014033655
1620,925348,7.240518,6.84375,0.122230984,0.013212518
1620,930083,7.956373,8.0,0.12440823,0.0125864055
1620,930301,6.171111,6.03125,0.17604199,0.0176849
1620,946359,6.701574,5.71875,0.2172692,0.021901693
1620,1240158,5.956102,5.78125,0.105109416,0.010585561
1620,1240169,5.077366,5.5625,0.13175325,0.013344646
1620,1240172,6.216441,5.96875,0.09824153,0.009858149
1620,1240174,4.60012,5.0,0.12547287,0.012760863
1620,1240184,4.992234,6.0,0.079126574,0.007941805
1620,1240185,6.178579,5.8125,0.14355707,0.014379921
1620,1240187,5.370927,5.78125,0.07823705,0.007877539
1620,1240192,5.889734,5.46875,0.12552793,0.012644736
1620,1240198,6.005303,5.96875,0.08507274,0.008547511
1620,1240209,5.686798,5.21875,0.105459996,0.0108511755
1620,1240210,4.866386,4.8125,0.06816793,0.0070862756
1620,1240220,6.090824,5.9375,0.1339603,0.013446943
1620,1290905,5.877403,6.34375,0.27144283,0.02731435
1620,1290908,4.858787,5.59375,0.19554122,0.01969294
1620,1290922,5.757735,5.46875,0.111811385,0.011293062
1620,1297449,3.932171,4.03125,0.06495374,0.0072589763
1620,1298347,4.929723,4.875,0.059676565,0.006006232
1620,1298350,5.991884,5.84375,0.099660486,0.0100346245
1620,1298353,5.763415,5.71875,0.074698485,0.0074870693
1620,1298356,6.754529,6.71875,0.36534414,0.03673021
1620,1299070,5.213634,4.96875,0.076484665,0.007699476
1620,1322212,3.94524,5.34375,0.065834045,0.00666801
1620,1327765,4.621695,4.34375,0.06214017,0.006304501
1620,1330947,4.158413,3.53125,0.09181988,0.010848512
1620,1330982,4.704414,4.71875,0.05906961,0.005990329
1620,1330991,4.997954,5.125,0.09725325,0.0098086
1620,1330995,5.84827,5.0,0.13167448,0.013336669
1620,1331035,4.389589,4.5,0.06618143,0.006772072
1620,1331037,4.178557,3.765625,0.031963028,0.0036490096
1620,1331048,4.986997,4.53125,0.10077112,0.0103973355
1620,1503367,4.916776,5.375,0.1989617,0.019990273
1620,1503371,5.134192,5.03125,0.052650776,0.0053417436
1620,1659929,5.607855,5.53125,0.051125214,0.005130775
1620,1660035,5.922277,5.78125,0.0711008,0.00713796
1620,1660036,5.721569,5.8125,0.042628925,0.0042785956
1620,1674021,6.350279,5.9375,0.08006926,0.008055549
1621,687448,7.030101,5.84375,1.4113339,0.1415781
1621,687452,5.796939,4.53125,0.59370816,0.059491605
1621,687561,4.853769,3.765625,0.4352274,0.043611284
1621,687568,6.080941,5.90625,0.42874628,0.04300154
1621,687590,4.436839,4.65625,0.5818004,0.058314163
1621,687596,4.06474,4.6875,0.51256436,0.051348463
1621,687812,4.276969,5.15625,0.48056185,0.04818172
1621,687815,4.505961,4.0625,1.1065267,0.11089231
1621,687829,5.211677,5.65625,0.14042649,0.014057015
1621,687983,5.173858,4.84375,0.44422436,0.044553928
1621,687997,6.147766,5.53125,0.43822473,0.044174988
1621,688011,4.083991,4.71875,0.30488417,0.030641915
1621,688015,3.461953,3.046875,0.49865463,0.05066288
1621,688025,3.087243,3.484375,1.1335653,0.11369207
1621,713880,3.523403,4.0625,0.40969065,0.041076086
1621,713899,4.270153,3.765625,0.8834272,0.08862108
1621,722066,5.091739,5.0625,0.38113293,0.03816336
1621,724812,5.080162,5.09375,0.6232185,0.062426962
1621,724828,4.045666,4.84375,0.7956,0.079615936
1621,724863,4.911106,4.09375,1.0521492,0.10541601
1621,724866,5.963988,5.5625,0.6941099,0.06945407
1621,735784,5.792735,5.3125,0.3349554,0.03354238
1621,749714,6.07421,5.78125,0.2671672,0.0267333
1621,749716,4.087254,4.34375,0.39031473,0.039101552
1621,753555,5.445962,4.34375,0.32446888,0.032555718
1621,753562,4.639389,4.28125,0.22473449,0.022522118
1621,753570,3.333134,4.125,0.3647884,0.03658682
1621,753573,2.728191,3.9375,0.60765755,0.060914874
1621,753576,6.185772,5.78125,0.38375133,0.03841439
1621,753620,2.120002,3.765625,0.7705734,0.07730014
1621,905934,6.200435,5.875,0.39400947,0.039441258
1621,905943,3.276046,3.046875,0.64483553,0.06466287
1621,905957,4.786296,4.5625,0.777443,0.077902466
1621,905962,4.668958,5.125,0.39929667,0.040548563
1621,905964,3.733378,3.453125,0.8053342,0.08107052
1621,905965,2.157012,1.546875,0.4933225,0.049754664
1621,905982,4.290877,4.90625,0.3720113,0.037263878
1621,905991,3.739816,3.796875,0.29487768,0.029589811
1621,906746,5.436189,5.15625,0.46269384,0.046363518
1621,906793,3.554131,4.03125,0.34334233,0.034388635
1621,906795,4.64621,5.125,0.8379468,0.084042706
1621,906797,4.548463,4.9375,0.36760712,0.0368355
1621,906820,4.172141,3.59375,0.8686187,0.08703859
1621,906825,4.110027,3.90625,1.2017204,0.120506205
1621,906828,5.673254,4.78125,0.77974474,0.0781235
1621,906843,4.289406,5.0625,0.451319,0.04517807
1621,906849,3.498618,4.25,0.39470628,0.039710317
1621,906852,3.359658,5.40625,0.5765204,0.057762224
1621,906863,4.469929,4.34375,0.3620871,0.036303293
1621,906868,4.8098,5.0,0.31200525,0.031287286
1621,906871,4.102829,4.21875,0.8546202,0.08576715
1621,907051,5.405957,5.90625,0.23671708,0.023709217
1621,907061,5.208726,3.9375,0.62865174,0.06305126
1621,907069,4.689174,5.03125,0.6137496,0.061423864
1621,907169,5.456144,4.53125,0.5057011,0.05063654
1621,907176,3.836525,4.4375,0.6210693,0.06213342
1621,907269,2.820372,2.0625,0.5525523,0.055623744
1621,907275,3.522803,3.0,0.5399172,0.05436323
1621,907285,5.442885,5.96875,0.6881159,0.068886526
1621,907312,3.906599,3.984375,0.5022693,0.050350193
1621,907789,1.514473,2.671875,0.6651114,0.0668789
1621,907792,7.139426,6.46875,0.4460301,0.044654716
1621,908127,4.874388,4.1875,0.37132233,0.037184156
1621,908129,4.04585,5.28125,0.52497005,0.052585553
1621,908133,3.233501,2.390625,0.96836454,0.097324
1621,908158,2.169845,2.03125,0.73901457,0.0746889
1621,908447,3.733952,4.46875,0.80505836,0.08057853
1621,908455,4.728306,4.71875,0.51448923,0.05151241
1621,908475,4.106879,4.65625,0.67188907,0.067271814
1621,909704,5.031869,4.5625,0.65296227,0.06552936
1621,909713,4.618166,4.3125,1.0377129,0.10392576
1621,909719,4.925994,4.5,0.3166237,0.03170396
1621,909726,3.761434,4.28125,0.5560234,0.055696126
1621,909746,5.859765,5.875,0.2290411,0.022921253
1621,909749,4.664242,5.3125,0.41834795,0.041901086
1621,909755,5.495188,5.40625,0.2585754,0.025925087
1621,909771,4.093698,3.5625,0.75386775,0.07577836
1621,909777,2.503248,2.953125,0.5145185,0.05181712
1621,909778,3.26465,4.84375,0.44628605,0.044725258
1621,909785,1.854925,2.40625,0.2612087,0.026417136
1621,909907,6.434643,5.96875,0.58368635,0.058511876
1621,910567,2.613014,3.1875,0.9568814,0.096251346
1621,910692,4.076404,4.3125,0.49367213,0.0494407
1621,910697,5.315474,4.53125,0.60508543,0.060699195
1621,910702,7.638481,7.90625,0.70941794,0.076684296
1621,910704,3.738279,4.25,0.726787,0.07292246
1621,910784,4.828752,4.5625,0.5994258,0.060007863
1621,910851,3.60909,3.609375,0.5172965,0.051926244
1621,910852,3.498141,5.03125,0.3572459,0.035768677
1621,910899,2.899659,4.125,0.63205993,0.063351706
1621,910905,6.633276,5.53125,0.580159,0.058056694
1621,910915,4.895924,5.9375,0.819529,0.0820675
1621,910922,4.27832,4.21875,0.6969706,0.06975999
1621,910927,3.041129,4.40625,0.6675577,0.066828474
1621,910941,2.598009,2.28125,0.8168998,0.082482554
1621,924239,3.832131,3.421875,0.36644796,0.03711573
1621,925341,4.26239,4.78125,0.43988052,0.04406703
1621,925347,6.531351,5.84375,0.46967843,0.04702954
1621,930083,6.745096,7.59375,0.28811222,0.028951813
1621,946360,5.780179,5.46875,0.2820265,0.028267665
1621,946382,4.371521,4.53125,0.20423925,0.020477278
1621,1240123,4.942271,4.53125,0.51531583,0.051753506
1621,1240125,4.905651,4.03125,0.7237151,0.07261425
1621,1240145,4.431772,4.5,0.5813021,0.05821674
1621,1240150,4.853991,3.890625,0.9696992,0.09717992
1621,1240157,5.24747,5.03125,0.5412952,0.05418154
1621,1240189,2.040364,3.140625,1.1407578,0.114937834
1621,1240192,4.239287,4.9375,0.31210473,0.031270124
1621,1240209,5.641359,5.15625,0.4089831,0.041012038
1621,1240212,5.417304,5.1875,0.24846874,0.024968121
1621,1240219,6.089884,5.34375,0.8643816,0.08654483
1621,1240221,3.169365,3.859375,0.45747247,0.04588266
1621,1290797,4.95182,4.3125,0.6899143,0.069140844
1621,1290905,5.264093,6.1875,0.38131854,0.03819617
1621,1290922,4.911244,5.09375,0.30942374,0.030983021
1621,1295741,0.956035,2.515625,1.2482597,0.12596372
1621,1297449,1.559404,2.09375,0.7559017,0.07617953
1621,1298145,3.771602,4.625,1.1240674,0.11257406
1621,1298218,5.80696,5.96875,0.28263208,0.028298086
1621,1298358,4.685731,5.1875,1.0660074,0.106685676
1621,1298534,4.446694,6.09375,0.2879012,0.028821474
1621,1298537,4.458089,4.8125,0.35274568,0.035350963
1621,1298538,5.30661,4.875,0.63204813,0.06341681
1621,1299050,5.350866,5.0625,0.6054367,0.060613852
1621,1299070,3.466535,4.21875,0.5506901,0.05523202
1621,1327775,4.46654,4.1875,0.6987503,0.07013243
1621,1330950,4.807522,2.875,0.84279823,0.08484191
1621,1330982,1.644438,1.9765625,0.6399362,0.0652278
1621,1330984,2.147116,2.109375,0.5035973,0.05081875
1621,1330995,4.609123,4.0625,0.7459924,0.07475101
1621,1331048,2.472361,2.671875,0.34585977,0.034855634
1621,1479995,5.464755,4.4375,0.66931313,0.0670249
1621,1480361,2.222768,4.25,0.70246035,0.070305616
1621,1480362,5.203065,5.625,0.32814994,0.03288606
1621,1503364,4.803626,4.8125,0.37844533,0.037894245
1621,1659823,5.090609,5.5625,0.27738595,0.027766975
1621,1660036,5.399105,4.78125,0.30751115,0.030826578
1621,1674021,4.003355,4.40625,0.50058377,0.05013289
1622,683667,3.865588,3.421875,0.6627196,0.0682505
1622,687448,6.460363,5.71875,0.8498415,0.08541202
1622,687596,3.733114,4.3125,0.67650205,0.06794154
1622,687787,3.052977,4.125,0.48446822,0.048690736
1622,687812,4.612598,5.125,0.35806692,0.035942778
1622,687821,6.851922,6.59375,0.60804486,0.063208215
1622,688013,4.054292,3.453125,0.31306082,0.03166116
1622,688018,6.388001,5.40625,0.7150331,0.07264674
1622,688023,3.838507,4.6875,0.3323043,0.034585714
1622,688086,4.227628,3.828125,0.81885105,0.08533053
1622,713899,5.228862,4.6875,0.14331692,0.014433436
1622,722046,3.070696,3.1875,0.6301614,0.069978006
1622,722058,4.209138,4.5625,0.2145182,0.02180574
1622,724828,5.76861,4.65625,0.41720095,0.041860025
1622,749709,1.908258,3.625,0.2830589,0.028548265
1622,749713,3.445244,4.875,0.7004153,0.0707649
1622,753535,4.964538,5.0625,0.5370403,0.053862993
1622,753551,3.941712,5.21875,0.3512061,0.035394434
1622,753573,3.247276,3.953125,0.49497122,0.049643636
1622,753574,5.672894,5.5,0.4204826,0.04220315
1622,753600,4.146719,4.78125,0.33519724,0.03360198
1622,753608,4.342924,4.625,0.36981723,0.037072476
1622,753612,2.602475,4.28125,0.8489257,0.08680638
1622,905933,3.836449,4.375,0.34940022,0.03504345
1622,905946,3.676895,3.71875,0.6368135,0.064147785
1622,905951,5.744057,5.40625,0.5580229,0.05596747
1622,905962,4.476375,4.65625,0.4500419,0.055305276
1622,905974,3.750997,4.34375,0.4642894,0.04683911
1622,905981,4.887066,4.46875,0.35673195,0.035942778
1622,905989,4.742714,4.28125,0.50764,0.050975885
1622,906793,3.930053,4.65625,0.25933912,0.02601068
1622,906794,4.468607,4.03125,0.29919234,0.03003655
1622,906800,2.59537,2.890625,0.1660185,0.0170532
1622,906804,3.613929,2.859375,0.87421566,0.08886389
1622,906818,5.643942,4.65625,0.58941734,0.059322737
1622,906826,6.561959,5.96875,0.53338116,0.053633038
1622,906827,4.469126,4.09375,0.53978634,0.05442662
1622,906834,3.831564,3.5,0.58229864,0.06067996
1622,906839,6.130674,5.28125,0.4134149,0.041484553
1622,906842,2.161087,2.21875,0.14571643,0.016451985
1622,906846,4.157508,3.96875,0.5394324,0.05489057
1622,907051,4.300155,4.8125,0.35909688,0.036247376
1622,907062,2.753707,3.53125,0.8573551,0.08690834
1622,907063,4.884576,5.09375,0.66719276,0.06715056
1622,907064,4.251584,4.46875,0.34050757,0.03417619
1622,907269,2.734239,3.375,0.5777862,0.05859408
1622,907273,3.997779,3.21875,0.58252484,0.05918401
1622,907274,4.09196,4.125,0.16581902,0.016699621
1622,907285,5.523187,5.625,0.53000367,0.053388566
1622,907320,4.169682,4.625,0.28194907,0.028346013
1622,907795,5.411494,3.734375,0.45805293,0.047216147
1622,908122,3.384914,2.703125,0.6631858,0.06752018
1622,908126,3.900237,3.734375,0.2461856,0.0248892
1622,908131,4.77295,4.75,0.529774,0.053377748
1622,908132,2.617633,2.796875,0.7114028,0.07260068
1622,908147,2.584486,2.8125,0.059331954,0.0063572354
1622,908442,4.458844,4.21875,0.7507541,0.08638934
1622,908455,4.942918,4.9375,0.40067533,0.040210586
1622,908469,4.669207,4.375,0.31322086,0.031945318
1622,908483,3.512821,3.359375,0.30222097,0.031575564
1622,909251,3.74116,3.046875,0.1082928,0.01109738
1622,909260,3.639741,3.3125,0.17846197,0.018169543
1622,909696,4.643249,3.578125,0.1317763,0.013571046
1622,909724,5.543618,4.1875,0.856694,0.086038336
1622,909727,5.470013,4.625,0.73587674,0.073876224
1622,909732,3.582906,4.53125,0.24057053,0.024178172
1622,909736,5.17509,5.15625,0.5665629,0.05707127
1622,909743,3.957063,4.4375,0.32920927,0.033091933
1622,909746,6.028729,5.0625,0.31500286,0.031663913
1622,909748,5.636863,4.34375,0.72471184,0.07415676
1622,909776,3.777436,4.3125,0.35680473,0.035967488
1622,909778,3.771455,3.890625,1.010121,0.10177544
1622,909781,6.023209,6.15625,0.26463413,0.028673254
1622,909785,2.294134,3.015625,0.30830258,0.03260199
1622,909904,6.60905,5.65625,0.5316964,0.053317487
1622,910704,4.08372,3.578125,0.60525376,0.061406698
1622,910784,4.768315,4.28125,0.54950994,0.055103797
1622,910904,5.006632,5.15625,0.23405913,0.023479661
1622,910905,5.090674,5.0625,0.54346675,0.05472063
1622,910919,2.095599,2.5625,0.37754408,0.038554024
1622,910922,4.176436,4.59375,0.43641877,0.04373639
1622,910952,5.30621,4.4375,0.7871882,0.0795068
1622,924189,5.399189,3.890625,0.6445182,0.065206036
1622,924250,5.261221,5.15625,0.6300047,0.06318696
1622,1240128,4.633516,4.59375,0.28620115,0.028690351
1622,1240145,3.663134,4.59375,0.44741276,0.044922285
1622,1240146,3.909451,5.15625,0.4966583,0.049812842
1622,1240153,3.523213,4.40625,0.314535,0.03165682
1622,1240158,3.498248,4.3125,0.97414476,0.09812798
1622,1240174,4.511269,4.03125,0.2748514,0.027692843
1622,1240198,4.329794,4.8125,0.49899796,0.05041514
1622,1240201,3.565145,4.71875,0.33451182,0.03359524
1622,1240221,3.816666,3.546875,0.24690844,0.025061777
1622,1240224,5.030115,5.59375,0.53249973,0.053486574
1622,1247871,4.374063,3.296875,0.41914836,0.042506404
1622,1290765,5.217337,4.9375,0.6580094,0.06636437
1622,1295741,1.278876,2.765625,0.37097898,0.038276765
1622,1297447,3.87065,3.515625,0.30707958,0.03212674
1622,1298145,5.963244,5.375,0.9527492,0.09581844
1622,1298357,6.578081,5.375,2.3925545,0.24964131
1622,1298358,4.976583,4.71875,0.6431207,0.06491685
1622,1298359,4.542728,4.71875,0.7944157,0.08008061
1622,1299050,4.799754,4.5625,0.63493556,0.06367011
1622,1299075,5.042943,4.0625,0.99577314,0.10168631
1622,1303900,3.615155,3.859375,0.22234035,0.022382319
1622,1322212,5.414531,5.125,0.1720969,0.017339742
1622,1323913,2.325688,2.796875,0.20956533,0.022019695
1622,1327775,3.604672,3.5,0.18222459,0.01878373
1622,1330942,5.238122,4.46875,0.21354625,0.021561813
1622,1330975,4.513342,4.96875,0.17400722,0.017574904
1622,1330984,3.233596,3.265625,0.27855805,0.028637122
1622,1331035,2.395296,3.15625,0.24616891,0.0255312
1622,1331040,2.147589,2.578125,0.24114138,0.025733488
1622,1479995,5.575721,5.1875,0.60937643,0.06111802
1622,1480372,6.017298,5.34375,0.3897766,0.039125796
1622,1503364,3.729525,4.71875,0.41501072,0.041609485
1622,1503367,2.752767,4.34375,1.367231,0.13817993
1622,1660034,4.294633,4.28125,0.5611681,0.0564471
1622,1674021,5.976708,5.09375,0.37058443,0.037175212
1624,684072,3.696188,3.015625,0.6369514,0.06414732
1624,687505,5.310343,3.859375,0.88041645,0.08825771
1624,687800,5.153051,5.65625,0.9482185,0.09600297
1624,687985,2.841052,2.59375,0.38403383,0.040177707
1624,687997,5.6799,5.46875,0.27329338,0.028673254
1624,688011,3.671096,4.40625,0.2925367,0.029817855
1624,688031,2.857143,1.8359375,0.7014594,0.07113595
1624,688058,3.901302,4.71875,0.3221594,0.0323113
1624,688121,5.695843,3.546875,0.5695046,0.058119573
1624,713880,3.928588,3.296875,0.51359725,0.051493887
1624,724812,4.712563,4.15625,0.40167883,0.04035786
1624,724834,3.511607,4.09375,0.7730658,0.07768382
1624,724855,5.83675,4.25,0.7834898,0.0792103
1624,724863,3.109048,2.5,0.28484172,0.030226327
1624,749710,5.440917,5.125,0.5597788,0.056593265
1624,749711,5.357921,3.890625,0.47579494,0.047986902
1624,749716,4.008721,3.5,0.4745045,0.047721144
1624,753555,3.335646,4.34375,0.4495126,0.045215834
1624,753570,1.161036,1.6171875,0.20003365,0.020899195
1624,753592,2.851286,2.0,0.19112115,0.019700788
1624,753604,1.681784,2.390625,0.30926815,0.032269318
1624,753612,2.929506,3.421875,1.2997226,0.13897644
1624,753615,4.542598,4.28125,0.34648687,0.035029594
1624,905934,5.883586,5.65625,0.49970546,0.050185747
1624,905936,3.656535,2.578125,0.27322274,0.02749889
1624,905940,3.651609,2.734375,1.1164873,0.112305865
1624,905955,4.689922,4.65625,0.74332196,0.07552086
1624,905964,1.2346,1.21875,0.37526712,0.040293537
1624,905982,4.670615,3.640625,0.29861167,0.029978257
1624,905984,2.511301,2.796875,0.18270935,0.01966064
1624,905985,3.691356,3.90625,0.32540983,0.03259587
1624,906793,2.951888,2.484375,0.0912027,0.009296163
1624,906794,4.233402,3.6875,0.50634724,0.050804555
1624,906804,1.861453,0.94921875,0.20572169,0.021465188
1624,906827,3.387607,3.171875,0.732077,0.07351327
1624,906834,0.817698,0.6796875,0.15634565,0.019051088
1624,906835,6.895612,6.0625,0.38164514,0.03844405
1624,906837,2.176259,1.921875,0.19062893,0.022918673
1624,907042,2.041981,1.8828125,0.22270754,0.022727938
1624,907053,1.440225,0.96484375,0.2046476,0.022870617
1624,907067,2.588373,2.578125,0.501017,0.051421948
1624,907071,4.660686,5.1875,0.5483924,0.055294372
1624,907072,1.797799,2.09375,0.64209324,0.07175784
1624,907269,0.662131,0.5234375,0.113842614,0.01578189
1624,907276,5.144245,3.84375,1.6830901,0.17333385
1624,907278,2.057514,2.625,0.5231761,0.052738454
1624,907287,1.811935,2.671875,0.7703317,0.078881666
1624,907289,3.960381,3.484375,0.8016587,0.0805955
1624,907295,4.592548,4.71875,0.43116447,0.04356174
1624,907318,3.955779,3.515625,0.53380585,0.05357117
1624,907789,1.327999,1.0390625,0.11143659,0.015514821
1624,907794,2.75125,2.484375,0.44713113,0.04856492
1624,908121,2.54832,3.296875,0.8226732,0.086573035
1624,908127,4.324777,3.4375,0.3794009,0.03804559
1624,908150,2.223355,2.8125,0.7327265,0.07356909
1624,908158,0.225744,0.015625,0.26208064,0.04016066
1624,908451,0.668887,0.60546875,0.17031145,0.019519357
1624,908457,2.063953,2.3125,0.30197662,0.03593906
1624,908460,6.076347,3.859375,0.5414936,0.10841057
1624,908481,5.953361,5.3125,0.39993724,0.04016066
1624,909260,1.970587,1.6171875,0.21908824,0.023129236
1624,909707,2.60225,3.125,0.50956684,0.051435873
1624,909715,2.420543,2.734375,1.6533334,0.1745431
1624,909718,5.574217,4.15625,0.70184535,0.07352991
1624,909719,3.848136,3.328125,0.7910373,0.07994661
1624,909722,0.450031,0.28710938,0.06726874,0.009897058
1624,909731,2.327784,2.796875,0.58023155,0.0581949
1624,909744,4.937524,2.96875,0.66706717,0.06713792
1624,909755,6.039411,4.75,0.3658166,0.036677223
1624,909761,4.833587,5.0,0.49049383,0.049122393
1624,910554,3.711319,3.609375,0.53923523,0.054047834
1624,910697,4.284808,3.46875,0.23438774,0.023759408
1624,910702,7.225328,6.625,0.4874912,0.08336067
1624,910704,5.345373,3.890625,0.68139464,0.06844222
1624,910706,0.323304,1.265625,0.52269876,0.058414772
1624,910852,2.099048,2.484375,0.5986097,0.060979955
1624,910921,2.429369,2.578125,0.18636265,0.019097641
1624,910952,1.346109,1.1484375,0.44115052,0.052373704
1624,924102,1.863987,2.609375,0.17799267,0.018525198
1624,924104,3.880458,2.90625,0.17973489,0.018279428
1624,924187,2.848773,5.0625,0.76884955,0.07714283
1624,925347,2.080765,3.265625,1.6029677,0.18163392
1624,946355,3.270807,3.28125,0.7976221,0.081349276
1624,949176,4.554496,4.34375,0.5942172,0.05977146
1624,1240144,2.574868,3.59375,0.19191618,0.019248428
1624,1240147,1.253316,1.375,0.33881754,0.03739931
1624,1240157,4.386696,2.8125,0.6191381,0.06376224
1624,1240159,2.558902,3.0,0.5879098,0.061867986
1624,1240160,4.378973,4.0625,0.9360414,0.09488461
1624,1240166,1.366167,0.6953125,0.13168244,0.01733456
1624,1240184,3.066367,2.75,0.50245255,0.051377982
1624,1240210,1.597329,0.90234375,0.22869231,0.029568972
1624,1240212,4.686493,4.65625,0.244465,0.024604524
1624,1240220,4.8802,4.03125,0.7356189,0.073968634
1624,1247871,2.057007,1.7578125,0.2857623,0.029816698
1624,1290765,3.707798,3.34375,0.62035525,0.06276146
1624,1290798,3.697045,4.25,0.9757717,0.10252745
1624,1290908,2.379154,3.40625,0.77389187,0.07772246
1624,1298136,4.090006,3.46875,0.7481399,0.07660924
1624,1298151,5.734526,4.09375,0.51394457,0.057627067
1624,1298350,5.382087,4.625,0.70424604,0.07063306
1624,1298353,5.490872,4.84375,0.36131397,0.03618518
1624,1299081,2.870218,3.0,0.26922914,0.027067203
1624,1303897,4.853851,5.625,0.43290564,0.044849057
1624,1303900,4.678221,3.921875,0.33043185,0.0333351
1624,1327766,1.268502,1.96875,0.40773734,0.042543687
1624,1330975,4.807126,4.75,0.09829202,0.010881876
1624,1330982,-0.0405,-0.23242188,0.23243901,0.037867427
1624,1503361,3.087194,3.265625,0.31260854,0.03129943
1624,1503367,5.826986,4.34375,1.371947,0.13735375
1624,1659817,-0.224682,-0.6015625,0.17411144,0.033849508
1624,1659818,1.551062,1.1796875,0.8692567,0.22420411
1624,1659819,-1.45593,-0.36132812,0.21486336,0.049984176
1625,684052,4.306138,4.625,0.07509872,0.0075350604
1625,687455,5.096705,4.84375,0.36268783,0.036303643
1625,687506,4.653795,4.84375,0.19302326,0.019327682
1625,687794,3.963921,4.34375,0.257515,0.02590307
1625,687800,6.543627,6.34375,0.76793283,0.0770944
1625,687802,7.03608,6.34375,1.1530882,0.11551586
1625,687812,5.833514,5.28125,0.3135654,0.031424448
1625,687829,5.898668,5.28125,0.28891677,0.028919443
1625,688006,5.375986,5.4375,0.086406276,0.008656141
1625,688010,5.121344,4.84375,0.29125476,0.029211689
1625,688013,4.983149,5.25,0.19967194,0.019991834
1625,688015,3.275297,3.84375,0.15649925,0.015991893
1625,713899,5.329002,5.09375,0.28597978,0.028672684
1625,722058,4.092062,4.125,0.36959872,0.037276346
1625,724863,5.75747,4.5,1.0576481,0.106192686
1625,724878,6.459929,6.125,0.17617558,0.017721253
1625,749709,5.293309,5.375,0.14216618,0.014236498
1625,749717,5.599421,5.8125,0.30737582,0.030869953
1625,753554,4.551147,4.5,0.32422706,0.03253145
1625,753612,4.614303,5.125,0.35312378,0.03541057
1625,753618,4.7084,3.90625,0.4198291,0.042505857
1625,753622,4.402271,4.53125,0.2494294,0.02503774
1625,905942,5.245259,5.03125,0.07026814,0.00703664
1625,905951,3.723571,5.46875,0.41736042,0.041838463
1625,905962,6.172036,6.0625,0.10674505,0.011083532
1625,905964,3.101351,3.4375,0.27525094,0.028039625
1625,905969,4.551448,4.5,0.23532028,0.02377506
1625,905970,5.967222,6.0625,0.40573168,0.04065571
1625,905973,5.597932,5.71875,0.37010455,0.037072882
1625,905977,6.165531,5.0,0.33730486,0.033803534
1625,905981,3.77064,4.3125,0.41649264,0.041807555
1625,905990,5.121153,5.53125,0.20501271,0.020515688
1625,906693,5.724569,4.71875,0.20431758,0.020473326
1625,906696,3.274607,4.28125,0.38672855,0.038930774
1625,906790,3.669305,4.46875,0.15933849,0.015970582
1625,906792,3.611134,4.125,0.18137978,0.018248122
1625,906798,4.681511,4.3125,0.10173293,0.010207415
1625,906805,4.36566,5.25,0.32080498,0.032269318
1625,906814,4.795472,4.96875,0.4109585,0.04115331
1625,906818,5.979775,4.625,0.55510557,0.05583728
1625,906825,5.050597,4.625,0.621385,0.062406097
1625,906828,5.329896,4.78125,0.46177003,0.046277005
1625,906844,3.78726,3.671875,0.25905955,0.026238883
1625,906849,5.079859,4.875,0.12581207,0.012638881
1625,906856,3.681382,3.0,0.47707656,0.050717898
1625,906865,3.692257,4.1875,0.307884,0.03093864
1625,907000,3.518336,4.125,0.18801282,0.019035473
1625,907068,4.812114,4.75,0.12076818,0.012106454
1625,907176,4.393019,5.21875,0.23809338,0.023821589
1625,907269,2.836367,2.984375,0.13362817,0.013814792
1625,907271,4.533177,4.96875,0.2877617,0.028856184
1625,907274,2.699375,4.15625,0.17520888,0.017696274
1625,907276,5.784393,5.6875,1.1800096,0.118396744
1625,907277,3.380823,3.265625,0.09669603,0.00992441
1625,907289,5.660966,4.90625,0.26362765,0.026453992
1625,907321,4.025932,4.84375,0.13892314,0.013918865
1625,907791,3.939056,4.4375,0.44862026,0.044979215
1625,907792,6.175271,6.125,0.43784612,0.04399827
1625,907795,5.328376,4.5,0.3842661,0.038587008
1625,908123,4.473488,4.71875,0.28554815,0.028703142
1625,908127,5.201779,4.90625,0.18898405,0.018941972
1625,908445,3.785151,5.09375,0.19992898,0.02002662
1625,908447,5.454569,4.9375,0.49558568,0.049637094
1625,908451,3.387126,3.9375,0.22910029,0.023021825
1625,908469,5.392955,5.15625,0.07841065,0.007869949
1625,908471,3.908271,4.84375,0.13689895,0.0137419235
1625,909251,2.893791,3.546875,0.1872295,0.01892878
1625,909706,3.836685,5.59375,0.11603767,0.011610531
1625,909715,0.45393,3.578125,0.26497635,0.027313793
1625,909781,6.698968,6.53125,0.123155795,0.012593221
1625,909907,6.32738,6.15625,0.9370281,0.09391882
1625,909975,4.526683,4.59375,0.30873585,0.031049712
1625,910689,7.793524,7.125,0.6813363,0.07905835
1625,910692,5.471813,5.21875,0.16915134,0.01693139
1625,910702,7.445796,7.90625,0.30589357,0.03418547
1625,910784,6.222086,5.15625,0.27398574,0.027434567
1625,910851,4.567168,4.71875,0.1824638,0.018283501
1625,910861,4.943672,3.21875,1.0931319,0.11095542
1625,910900,4.724278,4.6875,0.13369171,0.013419982
1625,910934,2.727013,2.8125,0.13346924,0.014461464
1625,910943,4.189267,5.46875,0.30651802,0.030764712
1625,911905,6.160559,6.0,0.7469774,0.07899042
1625,917486,5.504565,5.46875,0.18842433,0.018852128
1625,924100,4.561358,5.5,0.15281339,0.015329489
1625,924187,6.658769,6.15625,0.50379634,0.05048874
1625,924250,5.672883,5.84375,0.5859209,0.058669057
1625,925341,4.401961,5.0625,0.19448347,0.019485516
1625,930297,4.662149,4.59375,0.36032894,0.036101762
1625,1240122,5.883478,5.0625,0.21214058,0.021237161
1625,1240125,3.339592,4.34375,0.43887746,0.043982796
1625,1240160,6.122813,5.375,0.37528878,0.03760523
1625,1240178,5.565846,6.03125,0.40780804,0.040854022
1625,1240182,6.676907,6.375,0.21364956,0.021498814
1625,1240190,5.532107,5.1875,0.22143872,0.022166526
1625,1240217,4.543665,4.90625,0.86097044,0.086283505
1625,1240221,3.523606,4.65625,0.1014422,0.010174248
1625,1240224,4.678918,6.0625,0.6296411,0.0631392
1625,1290730,5.381151,5.125,0.10856124,0.010888259
1625,1290769,5.40308,5.875,0.6035787,0.060488585
1625,1290807,6.259102,5.125,0.64790034,0.065007344
1625,1290905,6.672575,5.9375,0.37757802,0.03788444
1625,1297449,4.392945,3.421875,0.4188959,0.042894777
1625,1298134,4.177468,4.4375,0.13934612,0.0139843635
1625,1298169,3.89368,5.09375,0.17592172,0.01762376
1625,1298353,5.11954,5.1875,0.16415738,0.016425926
1625,1298357,4.465911,5.0,1.1778218,0.119850606
1625,1298362,4.422829,4.59375,0.30223116,0.030412473
1625,1298475,4.239997,4.84375,0.347302,0.03491633
1625,1298534,5.976809,6.09375,0.15764719,0.015828498
1625,1299062,6.146683,5.0,0.45846638,0.0476034
1625,1299081,4.637736,4.8125,0.19268854,0.019313276
1625,1303896,1.812248,2.921875,0.19809578,0.02036521
1625,1322212,5.389536,5.46875,0.14188693,0.014228148
1625,1330933,3.335501,3.21875,0.20111464,0.020443272
1625,1330950,4.195392,3.84375,0.1548039,0.01563535
1625,1331048,4.000869,3.546875,0.23643672,0.024021765
1625,1480372,4.663548,5.40625,0.23434246,0.023479035
1625,1503363,5.542969,4.84375,0.89288944,0.08958842
1625,1503364,5.047709,4.9375,0.1994931,0.020001423
1625,1503367,5.637302,5.25,0.42165425,0.04220595
1625,1659818,2.943809,3.96875,0.19978487,0.02063347
1625,1659823,5.780388,5.78125,0.15896727,0.015915155
1625,1660035,5.069054,5.125,0.1214951,0.012167593
1626,687592,2.516169,3.015625,0.17426871,0.017550588
1626,687777,2.393562,3.640625,1.3631227,0.13919929
1626,687780,4.253706,3.796875,0.253401,0.025509102
1626,687798,3.936851,4.1875,0.6973416,0.06992807
1626,687800,4.226184,4.875,1.9174625,0.19864926
1626,687815,3.593405,3.25,0.4854912,0.050863232
1626,687980,1.143932,1.875,0.28969914,0.04262261
1626,688025,-2.408945,0.66796875,5.019928,0.64026743
1626,724870,0.21416,1.5859375,0.72116363,0.07374215
1626,724872,2.295746,2.515625,0.7979445,0.08078839
1626,749713,0.849153,1.6640625,0.34845614,0.045870453
1626,749714,4.370883,4.625,0.34565195,0.034945183
1626,749717,4.238907,4.34375,0.6168313,0.06667617
1626,753539,2.500807,3.046875,0.7513699,0.07641595
1626,753566,3.795642,4.90625,0.38419017,0.038780306
1626,753618,2.769449,3.078125,0.4228498,0.043126345
1626,905933,2.772128,4.09375,0.41048884,0.041156117
1626,905934,4.798562,5.375,0.87790513,0.08869718
1626,905935,4.240947,4.625,0.27947706,0.02810224
1626,905936,2.191335,1.7734375,0.23789898,0.023917394
1626,905943,0.341591,1.140625,0.23398888,0.026817415
1626,905947,2.143145,2.25,0.20370005,0.020608373
1626,905951,2.700574,2.265625,0.47055158,0.04903507
1626,905963,0.047934,1.1953125,0.47054607,0.047990877
1626,905968,1.320315,2.359375,0.113624595,0.0116031105
1626,905969,1.141926,0.97265625,0.23329231,0.034664284
1626,905974,-0.746113,0.71484375,0.2961703,0.03332199
1626,905977,5.427032,3.453125,0.47281158,0.05218982
1626,905982,2.935278,2.921875,0.35034215,0.0353342
1626,905984,1.415828,1.859375,0.11660289,0.015583475
1626,906791,4.890903,4.53125,0.40768355,0.042063862
1626,906794,3.66422,3.140625,0.7552053,0.07605667
1626,906826,6.726296,4.96875,0.7849388,0.08546942
1626,906833,1.781073,2.328125,0.21478404,0.021640714
1626,906834,-0.38193,-0.55078125,0.12500401,0.020855447
1626,906844,2.120311,0.076171875,0.4687723,0.06339314
1626,906846,3.354801,3.171875,0.29810882,0.030258736
1626,906864,3.470021,3.0,0.7205485,0.072355606
1626,906865,0.963924,1.1796875,0.6021149,0.063781194
1626,906875,5.396946,2.265625,3.12974,0.3509284
1626,907045,5.016988,4.875,0.41195542,0.0429838
1626,907051,1.629259,3.890625,0.5088652,0.053312045
1626,907063,0.352582,0.44140625,0.15487126,0.028267665
1626,907071,4.051998,5.0625,0.5505215,0.05633259
1626,907175,1.489451,1.6484375,0.48454878,0.049857046
1626,907176,2.317053,3.921875,1.0188158,0.102268785
1626,907276,3.323174,2.953125,3.1282578,0.338148
1626,907282,5.262693,4.125,1.970624,0.20002289
1626,907287,0.906069,1.96875,0.88867843,0.092168525
1626,907298,0.827063,0.77734375,0.1816129,0.019000383
1626,907318,3.117472,2.8125,0.5090815,0.051281027
1626,907322,1.895203,1.7421875,1.3411274,0.14603096
1626,907790,1.516285,1.4921875,0.8854323,0.093177415
1626,907791,0.686385,1.6484375,0.29717612,0.030968022
1626,907794,2.074711,1.71875,0.28419426,0.033907007
1626,907795,2.017113,1.453125,0.20730428,0.021349331
1626,908138,0.783548,1.8359375,0.5671436,0.05737803
1626,908471,2.898692,2.625,0.80285805,0.08085577
1626,908480,2.005042,2.484375,0.36458892,0.04048678
1626,909703,2.959438,1.3046875,0.45248514,0.046731956
1626,909707,1.514317,1.9296875,0.9662376,0.0986073
1626,909718,5.588451,3.84375,0.5286845,0.05835718
1626,909737,2.377843,2.6875,0.19734183,0.02154332
1626,909738,5.71894,4.875,0.9004483,0.09113196
1626,909743,-0.122044,0.045898438,0.09934347,0.013276827
1626,909744,3.918218,2.15625,0.7408437,0.07503646
1626,909751,1.303717,1.390625,0.16630568,0.020617675
1626,909757,3.815606,3.296875,0.946917,0.09711029
1626,909759,-0.217608,0.40820312,0.24581558,0.025412986
1626,909771,-1.508054,0.40625,0.8677155,0.102520525
1626,909774,3.412091,3.140625,0.6303696,0.06395485
1626,909777,1.743249,1.3046875,1.6603178,0.16797468
1626,909778,3.867508,3.390625,1.4941299,0.15152174
1626,910399,0.793374,1.3046875,0.11682355,0.011863426
1626,910546,5.167472,4.09375,0.60876584,0.06099293
1626,910548,4.044735,4.34375,0.35334304,0.03543256
1626,910549,1.797871,2.21875,0.91460615,0.095190786
1626,910692,4.878963,4.25,1.0609847,0.106763214
1626,910701,4.15864,4.59375,0.26369599,0.026687965
1626,910703,0.933206,0.74609375,0.21541718,0.022448115
1626,910780,0.025409,0.66015625,0.6669303,0.08983245
1626,910899,0.945842,2.0,0.9430838,0.105745174
1626,910903,2.013323,2.25,0.090833284,0.009120077
1626,910905,3.180334,3.890625,2.26188,0.22883482
1626,910916,3.086849,2.59375,0.4873427,0.05048874
1626,910925,1.263712,1.6640625,0.09104489,0.009939145
1626,910926,-0.026742,0.16601562,0.80878025,0.083292626
1626,910927,3.746555,3.171875,0.5750528,0.05756411
1626,910933,2.597948,2.59375,0.41128704,0.04150358
1626,910952,1.009395,0.5546875,0.4912915,0.06617471
1626,924187,1.376424,4.25,0.7432864,0.07500612
1626,925338,2.726705,2.96875,0.43077403,0.04344626
1626,946354,-0.471883,0.18945312,0.34611398,0.04070176
1626,946360,2.859133,4.1875,0.58488774,0.0600789
1626,998189,3.578491,2.953125,0.1302513,0.013057094
1626,1240143,3.790461,3.21875,0.7802422,0.07995586
1626,1240146,6.353861,3.765625,0.7458471,0.075605005
1626,1240157,2.381408,1.8046875,0.45540476,0.04850489
1626,1240158,1.953481,3.28125,0.4297203,0.043474887
1626,1240160,4.27727,3.703125,0.9926578,0.10262327
1626,1240172,4.682841,4.375,0.3011921,0.030420706
1626,1240183,3.805853,4.21875,0.6831974,0.068613954
1626,1240187,2.407527,2.78125,0.36456656,0.03659095
1626,1240191,1.161798,2.125,0.25299233,0.02537412
1626,1240209,1.525064,1.8046875,0.8736758,0.09271118
1626,1240210,-0.023581,-0.10546875,0.19301137,0.028969401
1626,1240212,3.75533,3.859375,0.45548627,0.046277005
1626,1240220,5.434434,3.90625,0.6245439,0.06309939
1626,1240223,2.892778,2.65625,0.3957382,0.078066744
1626,1290455,-2.174665,-1.875,0.16987008,0.029605491
1626,1290725,-0.89875,1.84375,0.64464664,0.06664507
1626,1290765,1.877152,2.09375,0.8608592,0.08908989
1626,1290798,4.258194,4.09375,1.0253967,0.11318519
1626,1290908,1.399349,2.03125,0.7878606,0.07943993
1626,1295740,2.553391,2.125,0.3894773,0.04173129
1626,1297449,2.094214,0.96484375,0.55097383,0.055783685
1626,1298144,2.236209,2.609375,0.11321676,0.011649298
1626,1298157,5.541343,4.4375,0.5884031,0.058975957
1626,1298218,6.089047,4.3125,0.68203926,0.0694017
1626,1298351,2.611926,2.359375,0.58068097,0.05826904
1626,1298357,1.249067,2.578125,1.5829347,0.22847162
1626,1298362,2.822483,2.0,0.16750768,0.018384958
1626,1298526,4.194001,4.0,0.30702707,0.03191645
1626,1298539,3.277825,4.21875,0.50111043,0.052355215
1626,1299070,2.197378,2.5,0.42501777,0.042999133
1626,1299081,3.162586,1.7890625,0.28696668,0.028920406
1626,1327771,1.183009,-0.096191406,0.16202684,0.023169689
1626,1330947,-1.474109,-2.140625,0.15877911,0.067999676
1626,1330972,5.303135,3.53125,0.96204084,0.098512605
1626,1330984,1.016558,1.5390625,0.5157443,0.05326527
1626,1330995,1.170827,1.6875,0.5269829,0.057381444
1626,1331048,0.295036,0.6875,0.21367125,0.02223857
1626,1480374,1.792779,2.6875,0.44921377,0.04543088
1626,1503361,1.464209,2.609375,0.24965183,0.025010008
1626,1503367,5.995917,3.828125,1.0764523,0.10786422
1626,1659929,2.986123,2.953125,1.5293827,0.15433225
1626,1674021,2.464354,2.765625,0.15370867,0.01552473
1627,687452,3.038649,3.75,0.83576393,0.08431474
1627,687506,2.051658,3.40625,0.6334512,0.06353263
1627,687561,2.899374,2.59375,0.61258996,0.06160846
1627,687563,2.983612,2.9375,1.3467165,0.13575496
1627,687592,2.615714,3.265625,0.54742557,0.055035938
1627,687780,3.20732,3.046875,1.2790717,0.12922814
1627,687800,4.358552,5.25,1.5895981,0.15937506
1627,687983,2.6404,3.59375,1.5002526,0.1509652
1627,687985,2.831699,2.90625,0.66293985,0.0696572
1627,687995,3.095097,3.890625,0.856117,0.0872628
1627,688010,2.902271,2.671875,0.76483124,0.07862837
1627,688015,1.523916,2.5,0.4636021,0.048136648
1627,688058,3.800269,4.65625,1.1003903,0.110419825
1627,724866,2.267937,4.8125,1.5963308,0.15984277
1627,724878,4.645086,5.71875,1.1936333,0.120323494
1627,735784,3.38227,4.78125,0.6903918,0.06919834
1627,749714,4.073647,4.03125,0.7510244,0.07526509
1627,749717,3.892902,4.125,1.8334479,0.1869929
1627,753534,2.839083,3.234375,1.1592116,0.11688323
1627,753540,2.300278,3.546875,1.2103695,0.121542156
1627,753551,3.268779,3.84375,0.9052934,0.09244671
1627,753555,2.201837,2.984375,0.2673395,0.027135579
1627,753570,1.871528,2.890625,0.8706473,0.09134612
1627,753575,4.42182,4.46875,0.94854015,0.09523776
1627,753615,3.496274,3.375,1.2931409,0.13035432
1627,905934,4.354001,4.65625,1.4607087,0.14626276
1627,905937,2.781036,2.421875,0.40268588,0.040975768
1627,905938,1.958412,3.15625,1.2342163,0.12435431
1627,905941,5.256405,6.125,1.8761829,0.18840142
1627,905963,2.41882,3.984375,1.5196263,0.15300827
1627,905969,3.517003,4.59375,2.5849524,0.25898927
1627,905976,3.036734,3.46875,1.2038246,0.12100777
1627,905982,3.666843,3.6875,0.9794939,0.0983102
1627,905986,3.254895,3.640625,0.6019622,0.060539626
1627,906746,3.432932,4.4375,0.9776799,0.09865911
1627,906790,1.117169,2.875,0.4197466,0.042134188
1627,906801,2.52403,4.09375,1.039836,0.10425524
1627,906826,4.98507,4.625,1.6871985,0.17007706
1627,906831,1.54036,2.265625,0.5353096,0.054138117
1627,906836,1.734814,1.7421875,0.32891086,0.033487026
1627,906848,2.113773,2.15625,0.85574204,0.0897823
1627,906863,2.854673,3.5625,0.7026125,0.07131679
1627,906864,3.162044,3.296875,0.9940994,0.09999505
1627,906870,0.674513,2.484375,2.319582,0.23566753
1627,906871,2.827679,3.125,1.3414658,0.1365024
1627,907055,2.678651,2.921875,0.73292416,0.07475075
1627,907060,2.84424,3.265625,0.8678433,0.08755102
1627,907061,3.106965,2.96875,0.48266917,0.048706856
1627,907073,1.957869,2.078125,1.0005885,0.10211291
1627,907175,2.360003,1.9765625,0.4421024,0.04675088
1627,907270,0.852519,2.109375,0.5013135,0.05095844
1627,907273,2.219698,2.546875,0.92292815,0.09496355
1627,907275,1.78278,1.765625,1.1025558,0.11639727
1627,907281,0.957574,2.1875,0.5543302,0.05736736
1627,907287,2.067226,3.703125,0.99570334,0.10069968
1627,907792,4.882063,5.21875,2.2588453,0.22721405
1627,908133,2.874779,2.71875,0.870405,0.08755281
1627,908150,2.716816,3.6875,0.9734276,0.097881004
1627,908158,1.922868,2.296875,0.80469316,0.082524635
1627,908445,1.934523,3.546875,1.0710993,0.10825122
1627,908449,5.945632,6.40625,1.4775357,0.16742109
1627,908457,2.136069,3.890625,1.0774881,0.10897091
1627,908461,3.755258,3.953125,0.96663743,0.096900955
1627,908463,3.611411,4.75,1.4903814,0.14958712
1627,908471,1.686508,3.375,1.2283807,0.12506372
1627,908483,2.576075,2.703125,1.0605289,0.10963995
1627,909251,0.996661,2.09375,0.23881337,0.024092315
1627,909698,2.838439,3.296875,1.2818997,0.13178553
1627,909707,2.344099,3.71875,0.915836,0.09203051
1627,909718,3.236744,3.421875,3.2375183,0.33870992
1627,909720,1.467433,3.890625,1.208202,0.1214677
1627,909726,3.770725,2.875,1.0788722,0.10978188
1627,909727,3.147467,3.953125,1.6766905,0.16826768
1627,909728,3.661985,3.515625,1.3778653,0.13834397
1627,909735,2.875358,3.515625,1.3897284,0.14012623
1627,909738,4.307259,4.5625,1.5505118,0.15543167
1627,909751,3.56875,3.140625,2.1345437,0.21770158
1627,909759,2.893072,2.953125,0.99497074,0.10049305
1627,909774,3.093976,3.875,1.3116186,0.13172671
1627,909777,2.370847,2.328125,0.54473406,0.056315877
1627,909976,1.861753,2.640625,0.8898659,0.090549335
1627,910079,2.340682,3.453125,1.608398,0.16272193
1627,910548,3.478934,4.65625,1.0454303,0.10483374
1627,910698,2.6591,2.828125,1.1128042,0.11266655
1627,910700,4.667584,4.0625,1.5548538,0.15631868
1627,910703,1.920225,2.453125,0.4336664,0.04389022
1627,910779,3.238754,4.53125,1.4632925,0.14653388
1627,910851,1.655275,2.953125,1.2060468,0.121850245
1627,910899,3.223268,3.0625,0.734319,0.07503646
1627,910900,1.916788,3.703125,0.94803107,0.09614112
1627,910922,2.686098,3.171875,1.2637444,0.12674852
1627,910924,2.576205,3.0625,1.1502584,0.116042025
1627,910933,0.994994,3.328125,1.5876454,0.16074213
1627,910935,0.845907,1.7578125,0.2261894,0.022806661
1627,910947,0.521372,2.4375,0.44865835,0.046124257
1627,924104,3.361223,3.0,0.63869303,0.06439938
1627,924105,2.893806,2.953125,0.94753677,0.096524924
1627,924110,2.957163,3.046875,1.4997157,0.15335251
1627,924239,1.283558,2.46875,0.641595,0.06741443
1627,924240,2.911541,3.78125,1.0709271,0.10752597
1627,930082,2.013145,3.703125,1.805334,0.18126377
1627,1240121,3.024542,3.734375,0.72653174,0.073358074
1627,1240122,3.27478,4.46875,0.90868115,0.090967074
1627,1240127,3.539567,4.46875,1.0880264,0.10906964
1627,1240144,3.3194,3.421875,1.4530588,0.14633745
1627,1240153,3.100006,3.65625,1.0154854,0.10250349
1627,1240155,2.695901,3.5,1.3825629,0.1391225
1627,1240159,3.794103,4.46875,1.0108408,0.101289734
1627,1240160,3.401903,4.9375,1.308058,0.13128765
1627,1240168,1.959403,2.9375,1.0101241,0.10212287
1627,1240172,3.820622,4.375,0.922463,0.092696436
1627,1240178,4.274145,3.953125,1.992004,0.20044845
1627,1240189,1.792794,2.3125,0.7508022,0.0769979
1627,1240196,3.566082,4.1875,0.87512505,0.087714255
1627,1240201,2.524537,3.796875,1.266399,0.12738529
1627,1240209,2.889136,3.609375,1.3163007,0.13268891
1627,1240218,4.506173,5.1875,1.0607551,0.1062334
1627,1247871,2.085588,2.671875,1.1382958,0.115386724
1627,1290722,2.264993,3.828125,1.1142068,0.11201781
1627,1290769,4.035472,4.09375,1.8189428,0.1826776
1627,1290905,4.007605,5.59375,1.8687768,0.1872824
1627,1295741,0.566461,2.3125,0.94007194,0.09633452
1627,1298146,3.720509,4.84375,1.3920978,0.1395514
1627,1298151,3.176331,3.90625,0.67116743,0.06748785
1627,1298157,2.359329,3.59375,1.2086514,0.121245965
1627,1298351,2.918741,2.765625,1.1004943,0.11269018
1627,1299050,3.524633,4.34375,0.87476856,0.08761547
1627,1299081,2.431781,2.9375,0.89126825,0.08953541
1627,1322212,3.000339,3.296875,1.3108718,0.13248396
1627,1330931,2.149252,2.53125,1.0618237,0.10898043
1627,1330933,0.824976,2.234375,0.6644672,0.06732774
1627,1330972,2.978105,3.015625,1.0051762,0.10251767
1627,1330975,2.76423,4.3125,1.0200506,0.10385325
1627,1659818,1.993265,2.5625,0.34840146,0.03733014
1627,1659823,3.421964,4.375,1.2395536,0.12437111
1627,1660035,3.114073,4.78125,0.9803825,0.098278835
1629,687452,5.43485,4.65625,0.2995847,0.030129375
1629,687568,5.346029,5.34375,0.47809362,0.048463378
1629,687777,4.560343,4.90625,0.63531476,0.0642299
1629,687780,4.946895,4.78125,0.5970553,0.06044923
1629,687983,4.595563,4.53125,0.19847049,0.02011855
1629,688031,3.891971,3.109375,0.28794244,0.029226823
1629,688058,4.723298,5.125,0.24557771,0.0247069
1629,724868,4.20288,4.1875,0.25599644,0.025918517
1629,735784,4.339106,5.09375,0.26651168,0.02674934
1629,749711,3.884616,3.65625,0.9100892,0.09181292
1629,753539,3.094492,3.765625,0.47380713,0.049860522
1629,753541,3.902569,4.09375,0.25671288,0.026595473
1629,753556,4.403074,4.90625,0.32929167,0.033269245
1629,753562,3.936008,3.890625,0.13660528,0.013777497
1629,753570,4.03082,4.21875,0.2944571,0.030174693
1629,753586,4.086327,4.90625,0.27590355,0.027709171
1629,753608,4.244396,4.8125,0.35802388,0.035942778
1629,753614,5.58692,4.6875,0.39563683,0.03976919
1629,905934,5.191889,5.96875,0.23229031,0.02328971
1629,905944,4.038795,4.59375,0.41629395,0.041845635
1629,905946,4.429633,3.890625,0.39154866,0.039572075
1629,905948,6.185918,5.0,0.38205028,0.03834576
1629,905951,5.068067,5.46875,0.44887617,0.045029055
1629,905954,5.221813,5.0,0.39992848,0.040069282
1629,905955,6.132963,4.5625,0.2651703,0.026699493
1629,905959,7.322049,6.71875,0.21638261,0.021817844
1629,905963,4.115267,5.28125,0.59454936,0.05982744
1629,905964,3.110006,3.5,0.24346419,0.025543649
1629,905970,4.124746,5.375,0.4388132,0.04421293
1629,905973,4.335366,4.8125,0.29623213,0.029814702
1629,905981,4.612795,4.65625,0.33699977,0.033954646
1629,905984,4.110432,4.75,0.286992,0.029945008
1629,905985,4.421007,5.34375,0.41855583,0.04205983
1629,905990,4.915891,4.125,0.3278866,0.033007335
1629,906792,4.634028,4.53125,0.22309572,0.02266633
1629,906793,4.516266,4.9375,0.20898722,0.020983271
1629,906794,4.363076,4.15625,0.20817904,0.020907557
1629,906795,5.195729,5.59375,0.3644116,0.036669474
1629,906797,4.198399,4.9375,0.20313773,0.020416046
1629,906798,4.254017,4.5625,0.24561131,0.024654478
1629,906813,4.378252,4.6875,0.60864973,0.06143734
1629,906818,5.614957,5.0,0.3917782,0.03949297
1629,906834,5.156978,3.875,0.41952837,0.04428978
1629,906843,3.922339,3.765625,0.4543229,0.04603468
1629,906865,3.009559,4.28125,0.4583559,0.046323985
1629,906870,2.90286,3.765625,0.39616427,0.040230468
1629,906871,5.846387,4.21875,0.47693706,0.048021883
1629,906999,5.643247,4.90625,0.19954655,0.020003624
1629,907055,4.042092,3.984375,0.2393656,0.024319334
1629,907062,2.991813,3.59375,0.51440835,0.052372873
1629,907073,2.541096,3.234375,0.22274114,0.022918673
1629,907270,2.823816,3.671875,0.27385634,0.027837453
1629,907273,4.054394,3.5,0.42717695,0.04335945
1629,907276,4.409619,4.90625,0.7638271,0.07680505
1629,907298,3.874754,3.921875,0.27975112,0.028173715
1629,907319,4.813927,4.125,0.22826765,0.022969782
1629,907322,3.422217,3.703125,0.16549872,0.016831579
1629,907788,3.680069,3.484375,0.80375797,0.08774427
1629,908121,3.867001,4.375,0.30561954,0.030831952
1629,908122,3.183102,2.75,0.6002986,0.061117515
1629,908132,3.268145,3.46875,0.25838593,0.026226768
1629,908152,4.285935,4.53125,0.39491788,0.039656628
1629,908158,3.172497,3.359375,0.20334639,0.021163976
1629,908442,5.603655,4.65625,0.57864165,0.063509345
1629,908455,4.304256,5.125,0.26738065,0.026910903
1629,908459,5.641243,5.59375,0.48919272,0.049032047
1629,908460,7.187725,7.125,0.258992,0.029039996
1629,908467,3.722911,3.734375,0.31132564,0.03200579
1629,908475,6.656364,5.1875,0.22497654,0.022630071
1629,909249,4.230013,3.671875,0.21353559,0.021560736
1629,909260,4.041606,3.609375,0.114654325,0.01162725
1629,909262,3.172265,3.796875,0.533549,0.05527572
1629,909704,3.937151,4.625,0.37475047,0.037956655
1629,909712,4.114335,4.65625,0.379205,0.03826613
1629,909722,3.52725,3.71875,0.18816938,0.01939652
1629,909735,4.82576,4.28125,0.18121542,0.018286714
1629,909736,6.328244,5.40625,0.4140996,0.041764542
1629,909745,6.192901,5.375,0.5291602,0.053789053
1629,909753,4.16666,5.34375,0.49920976,0.050264478
1629,909776,4.142411,4.40625,0.24607806,0.024886912
1629,909784,6.926848,5.84375,0.43597916,0.04404818
1629,909904,5.819328,5.65625,0.4331753,0.043477096
1629,910079,4.81226,4.59375,0.69953126,0.07059073
1629,910691,4.40895,4.15625,0.65605766,0.0660572
1629,910692,4.612957,4.25,0.35533416,0.03585729
1629,910784,4.711083,4.375,0.32974204,0.033091933
1629,910851,3.009503,3.0625,0.31139097,0.031703293
1629,910861,2.427824,4.21875,0.2633034,0.026838144
1629,910920,5.413213,4.28125,0.39192444,0.039361224
1629,910922,5.527526,4.96875,0.2774783,0.027820313
1629,910924,3.917656,4.5,0.41605943,0.04219315
1629,910926,3.490085,4.03125,0.43458703,0.043714494
1629,910930,3.173433,3.359375,0.26128882,0.026817415
1629,910947,3.274313,3.171875,0.11917515,0.012852634
1629,910951,3.208328,3.328125,0.097162455,0.010112517
1629,924100,4.858002,5.1875,0.30626997,0.031033082
1629,924105,4.821251,4.53125,0.6971012,0.0703455
1629,924110,4.734504,4.5,0.25557336,0.026274184
1629,924189,5.57987,4.15625,0.5661534,0.056948565
1629,924240,4.717292,3.875,0.4128904,0.041573152
1629,924248,4.236468,4.46875,0.31748322,0.031953547
1629,946354,3.776799,3.96875,0.61036545,0.064544156
1629,946361,4.762354,4.59375,0.29419062,0.02953808
1629,1240121,4.205598,4.4375,0.2177603,0.021921258
1629,1240127,3.51443,4.53125,0.5085542,0.051154748
1629,1240145,5.102853,4.78125,0.33886886,0.034074258
1629,1240166,3.27739,3.3125,0.19511965,0.019770673
1629,1240168,4.144669,4.65625,0.37395817,0.03780692
1629,1240178,6.237542,5.6875,0.4347981,0.043743845
1629,1240197,3.668136,4.59375,0.44942886,0.046560865
1629,1240201,3.927543,4.71875,0.25180608,0.025328817
1629,1240217,2.877597,3.4375,0.59892744,0.0608505
1629,1240222,5.010314,5.15625,0.22876744,0.02296369
1629,1240224,6.564601,5.59375,0.4743846,0.047684878
1629,1290807,5.099733,5.125,0.48710704,0.049263187
1629,1290905,4.624838,5.15625,0.4072735,0.041076086
1629,1290908,4.000397,4.53125,0.43174738,0.043556157
1629,1290922,5.18403,4.625,0.28644258,0.02888953
1629,1298136,3.944081,4.71875,1.1632323,0.11745183
1629,1298157,6.304029,5.03125,0.16531983,0.016580919
1629,1298218,5.431653,5.3125,0.31254753,0.031490944
1629,1303900,4.493141,4.03125,0.22759098,0.022893054
1629,1330935,3.063144,3.140625,0.48178145,0.04933423
1629,1330947,3.451205,2.703125,0.13609856,0.01644915
1629,1330975,5.735922,4.9375,0.18888348,0.019071607
1629,1330983,5.126189,3.546875,0.2000943,0.021159317
1629,1480371,3.916257,4.4375,0.30623963,0.03084137
1629,1659817,3.62141,3.953125,0.32536238,0.032916974
1629,1659823,5.088315,4.96875,0.36193067,0.03659095
1629,1659928,3.963241,3.625,0.5027029,0.05065018
1629,1674021,4.848065,5.53125,0.18766925,0.018829871
1630,683667,3.085556,3.6875,0.5195054,0.05212478
1630,684052,3.339431,3.15625,0.18373466,0.018408582
1630,687448,5.558149,4.78125,2.4231174,0.24345778
1630,687455,3.878864,4.1875,0.7119013,0.071267664
1630,687457,3.878226,4.875,0.6202816,0.062071774
1630,687586,3.133437,3.265625,0.26043078,0.02605734
1630,687590,3.877072,4.09375,0.7243138,0.07250548
1630,687800,4.90988,4.5625,0.6697972,0.06705737
1630,688010,5.242077,4.59375,0.5877554,0.058960736
1630,688011,3.879045,4.65625,0.38507116,0.03865811
1630,688025,2.895939,4.09375,0.7221506,0.07229877
1630,688086,4.718624,3.359375,0.6456302,0.064858995
1630,688121,4.70271,4.53125,0.33687112,0.033737257
1630,713899,4.544252,4.1875,0.87189806,0.08752117
1630,722045,2.877312,2.640625,0.37897727,0.037996724
1630,722066,2.406353,4.1875,0.4816363,0.04820711
1630,724812,5.494869,4.25,0.82996553,0.08310558
1630,749711,5.360877,4.875,0.641286,0.06424374
1630,749714,4.253616,4.09375,0.45313558,0.045341678
1630,753539,4.212314,4.03125,0.71450305,0.07191217
1630,753551,4.990078,4.5,0.4667553,0.046852924
1630,753554,3.327712,4.65625,0.7920487,0.0792859
1630,753624,5.542815,5.0,0.37100685,0.03716326
1630,905933,4.908954,4.625,0.24738519,0.024751246
1630,905934,3.386807,4.96875,0.6537806,0.06541617
1630,905935,5.799248,4.9375,0.26829243,0.026874494
1630,905939,3.800606,3.203125,0.44813773,0.045322057
1630,905945,3.839801,3.640625,0.8630648,0.08636004
1630,905954,3.671471,3.828125,0.8027343,0.080378875
1630,905969,3.021865,3.453125,0.454025,0.045580532
1630,905976,3.364366,3.734375,0.7958723,0.07973933
1630,905977,6.111222,5.3125,0.60672253,0.060821142
1630,905981,2.796834,2.21875,0.35018277,0.035497315
1630,905989,0.921902,3.828125,2.6363077,0.2639005
1630,905991,2.66894,3.203125,0.18365079,0.018389203
1630,906797,3.988993,4.15625,0.41070712,0.041124664
1630,906805,3.217841,3.671875,0.5063541,0.050915387
1630,906814,3.204669,4.28125,1.0622704,0.10636658
1630,906824,3.465786,3.234375,0.13962366,0.014089628
1630,906827,2.63448,3.765625,0.83946246,0.08415225
1630,906836,2.229518,1.6484375,0.30829722,0.031238493
1630,906837,2.910787,2.171875,0.142178,0.014895497
1630,906842,2.706384,1.828125,0.44808477,0.045332823
1630,906843,2.744168,3.84375,1.7862477,0.17930365
1630,906846,1.933624,2.765625,0.9510442,0.09540408
1630,906849,4.490408,4.34375,0.41827136,0.041976474
1630,906852,3.785765,4.09375,0.77752334,0.07790094
1630,906856,0.844095,2.1875,0.78780866,0.08055689
1630,907000,1.601396,2.28125,0.19255483,0.01939652
1630,907045,4.623955,5.21875,0.39795616,0.040078133
1630,907051,5.167769,5.09375,0.30361524,0.030436032
1630,907175,2.68315,2.84375,0.3016974,0.030383922
1630,907269,0.987779,1.4296875,0.30157775,0.030510683
1630,907277,3.228851,2.328125,0.5063431,0.050793853
1630,907281,3.0597,2.890625,0.479072,0.048317414
1630,907318,2.779053,3.28125,0.36425832,0.03650472
1630,907322,2.486616,3.625,0.6228389,0.06249279
1630,907788,4.664918,3.203125,0.46339452,0.04665831
1630,908125,4.803262,4.5625,0.31475377,0.03152525
1630,908126,2.531599,3.796875,0.42587698,0.042685878
1630,908442,5.281283,3.421875,1.2788372,0.13147068
1630,908444,5.001931,3.625,0.7300315,0.073126286
1630,908460,4.879576,5.71875,0.61081326,0.062296696
1630,908471,4.352805,4.0625,0.34256107,0.034335077
1630,908481,3.999198,4.375,0.8012736,0.08027122
1630,909249,3.028747,2.734375,0.2002634,0.020069709
1630,909260,3.127424,2.96875,0.70046014,0.0703294
1630,909263,4.149753,4.375,0.37839845,0.037974946
1630,909264,3.910848,4.4375,0.328132,0.032862045
1630,909696,3.76102,3.71875,0.29502833,0.029537033
1630,909707,2.19916,3.40625,0.695091,0.06961256
1630,909724,3.415979,3.453125,0.9508076,0.095262475
1630,909728,4.616738,3.625,0.88887286,0.08902813
1630,909732,2.958099,3.796875,0.378341,0.037887003
1630,909745,4.911222,3.0625,0.47145972,0.047216147
1630,909774,4.724546,4.59375,0.4452739,0.04457588
1630,909778,4.287427,4.34375,1.2388453,0.12401945
1630,909784,4.201409,4.21875,0.89982015,0.09014357
1630,910548,3.922814,4.40625,0.26312262,0.026322166
1630,910698,3.856839,3.0625,0.5645575,0.056633633
1630,910700,2.875851,4.21875,1.5023159,0.15057793
1630,910924,3.929799,2.890625,1.3406689,0.13464426
1630,910930,3.924783,2.65625,0.24351977,0.0244909
1630,910935,1.735937,1.484375,0.5014674,0.05041549
1630,911905,4.668938,5.0,0.5899199,0.059704214
1630,924239,2.670501,3.265625,0.3553056,0.03572702
1630,1240125,2.478381,3.359375,1.2331146,0.12375172
1630,1240150,3.03027,2.34375,0.38964498,0.039160673
1630,1240151,5.172911,3.984375,0.5175109,0.051811084
1630,1240154,3.234119,3.0,0.33424306,0.03350633
1630,1240158,2.340197,3.953125,1.0643351,0.10676888
1630,1240160,4.737139,4.875,0.82690364,0.08284841
1630,1240183,3.943637,4.5,0.8353744,0.08359998
1630,1240189,3.941223,3.25,0.61200917,0.06144852
1630,1240191,1.940356,2.4375,0.6910774,0.06950198
1630,1240196,4.400332,4.75,0.47507608,0.047559347
1630,1290455,3.598276,2.890625,0.63625604,0.06391728
1630,1290722,3.335909,3.53125,0.35685176,0.03571361
1630,1290797,3.416763,2.453125,0.69661176,0.06990989
1630,1290908,2.989812,3.375,1.595143,0.15983883
1630,1297446,2.817761,3.875,0.13381188,0.01339576
1630,1297449,0.910385,2.046875,0.6128776,0.061506577
1630,1298146,2.19792,4.71875,0.6155907,0.06161823
1630,1298157,5.351835,4.25,0.67603374,0.06765398
1630,1298169,3.159313,4.28125,0.3483328,0.034852356
1630,1298215,3.012281,2.078125,0.16322087,0.016507214
1630,1298347,3.831916,4.28125,0.40220913,0.040355813
1630,1298353,3.887553,4.8125,0.60952646,0.061007675
1630,1298358,3.808873,4.875,1.2561982,0.12584536
1630,1298526,5.342112,5.0625,0.37960842,0.03800485
1630,1299050,3.276658,3.421875,0.4356836,0.043714494
1630,1299070,2.376948,3.796875,0.4760795,0.04768825
1630,1327771,2.609639,2.484375,0.5163485,0.05178769
1630,1327775,4.854811,4.15625,0.5081201,0.050915387
1630,1330931,2.304622,2.765625,0.36594307,0.036772877
1630,1330935,2.269143,2.671875,0.938103,0.0944558
1630,1330982,2.435349,1.125,1.0197549,0.105883
1630,1330983,2.872712,3.28125,0.7278134,0.07344472
1630,1330985,4.175637,2.953125,0.58158994,0.058401756
1630,1330991,3.002853,2.796875,0.2687808,0.027068894
1630,1480362,5.877276,5.1875,0.4736218,0.047442064
1630,1480374,3.411094,2.921875,0.7126735,0.071877584
1630,1503361,2.068472,3.078125,0.27073872,0.02710157
1630,1503365,4.561167,4.4375,0.4675444,0.047076155
1630,1659819,3.631514,1.7578125,0.82444173,0.084136635
1630,1659928,2.57464,3.171875,0.6879508,0.06910075
1630,1660035,4.253507,5.09375,0.40288842,0.040381726
1631,684052,2.539545,2.921875,0.3328359,0.033551328
1631,687448,3.494454,4.4375,2.2877069,0.23443434
1631,687452,3.384018,3.765625,0.65275687,0.065457195
1631,687459,4.386539,5.125,0.7311416,0.07329358
1631,687588,4.159662,4.53125,0.68869704,0.068972215
1631,688010,4.445373,3.234375,0.5130401,0.051524956
1631,688013,1.695985,3.4375,0.3714385,0.0371843
1631,688086,3.064948,2.765625,0.69843787,0.07048039
1631,724859,3.667911,4.0625,0.5761401,0.057839926
1631,724868,1.40283,2.359375,0.2096011,0.021014864
1631,724869,3.501742,4.5,0.59821814,0.06038437
1631,749716,4.729447,3.703125,0.87229395,0.087775916
1631,749717,5.029968,5.34375,0.5213493,0.052870743
1631,753535,4.089891,4.84375,0.3395313,0.034060113
1631,753541,4.909227,3.9375,0.7608019,0.076514214
1631,753554,3.995225,3.234375,0.734462,0.07411564
1631,753556,2.497656,2.265625,0.24230437,0.024338096
1631,753566,5.658047,5.21875,0.60990876,0.061423864
1631,753569,4.605153,3.875,0.5498034,0.055274993
1631,753574,3.148086,4.15625,0.4431709,0.0445546
1631,753575,4.049412,4.25,0.7992482,0.0802014
1631,753618,2.278517,2.40625,0.41647813,0.041982833
1631,905937,1.752696,2.0,0.18285924,0.018375155
1631,905939,1.968792,1.5546875,0.19119553,0.020002922
1631,905940,2.836144,3.15625,1.0030636,0.10069968
1631,905941,3.915501,5.125,1.1003802,0.11412498
1631,905945,3.667582,3.71875,0.71193933,0.07129349
1631,905948,3.493296,3.25,0.67663795,0.06819135
1631,905950,2.586003,2.984375,0.47318098,0.04748704
1631,905959,4.714396,4.96875,0.85742307,0.086453915
1631,905984,1.458588,2.484375,0.33178207,0.033413745
1631,906746,3.886665,3.90625,0.39588028,0.03982843
1631,906825,4.284848,2.34375,1.3108572,0.13178824
1631,906826,5.077566,4.9375,1.1480521,0.11701933
1631,906832,2.651807,2.4375,0.48262608,0.048776858
1631,906852,2.959153,3.953125,0.69748557,0.070228495
1631,906856,0.483813,1.3828125,0.5891298,0.062298555
1631,906870,1.126529,1.1875,0.38778922,0.03952681
1631,906872,4.495241,3.796875,0.684133,0.068561465
1631,907042,2.861044,1.9609375,0.4948074,0.049745925
1631,907045,3.936308,4.875,0.6989647,0.071331345
1631,907055,2.599747,2.984375,0.49394196,0.04958788
1631,907071,4.228984,4.96875,0.9155477,0.092001535
1631,907277,2.324117,1.2578125,0.26484412,0.026870059
1631,907278,3.408059,3.0625,0.5976326,0.05997007
1631,907285,4.268827,4.28125,0.8251177,0.08311613
1631,907286,5.310795,4.96875,0.40096295,0.040280104
1631,907289,3.240549,2.9375,0.84424484,0.08483645
1631,907311,2.29875,1.1875,0.3956011,0.040118445
1631,907314,2.925723,3.109375,1.4105079,0.14218542
1631,907319,3.382182,3.234375,0.29740342,0.029790506
1631,907790,4.266712,1.7265625,1.247128,0.13012648
1631,907791,4.496018,3.609375,0.45842212,0.046157647
1631,908123,2.782421,3.03125,0.48405087,0.048583396
1631,908445,3.093197,3.140625,1.4439543,0.14555697
1631,908458,4.300324,2.4375,0.9331376,0.09646993
1631,908467,4.730213,3.71875,0.67605907,0.067879416
1631,908473,2.987362,3.234375,0.2960846,0.031158108
1631,908475,1.493208,2.25,0.3222144,0.032394126
1631,909249,1.68562,1.3671875,0.21078004,0.021187492
1631,909696,2.462121,3.125,0.4718148,0.047330145
1631,909704,2.549293,2.9375,0.7083911,0.07112569
1631,909707,1.734801,3.578125,0.7146391,0.07163929
1631,909718,5.623319,2.8125,1.5626432,0.1634841
1631,909735,3.536211,4.03125,0.68009996,0.06823811
1631,909737,2.31216,3.140625,0.38913104,0.039021313
1631,909743,2.278473,1.5859375,0.25806484,0.026073003
1631,909746,5.678798,4.34375,0.6380349,0.06415628
1631,909747,7.206683,4.15625,0.61066586,0.07788747
1631,909748,4.528245,3.546875,1.0300815,0.10359579
1631,909751,2.966663,1.8671875,0.62961084,0.06372123
1631,909753,5.421863,3.578125,0.562276,0.056665994
1631,909759,2.63375,2.171875,0.2695764,0.02702806
1631,909774,4.08423,3.359375,0.57286775,0.057446074
1631,909776,3.089633,3.25,0.5908729,0.05935816
1631,909777,1.912509,2.375,0.4683804,0.047251824
1631,909778,3.82296,3.421875,1.1729627,0.11839931
1631,910779,5.727433,4.96875,0.62601864,0.06322852
1631,910781,3.928135,3.84375,0.94923687,0.095204666
1631,910784,6.011149,3.515625,0.5583077,0.055937473
1631,910861,2.028983,1.796875,0.81497973,0.082240805
1631,910899,1.886754,2.921875,0.4526627,0.0456304
1631,910905,3.3602,3.640625,2.2864513,0.2291403
1631,910915,2.812112,3.96875,0.902218,0.091710314
1631,910920,2.959991,2.921875,0.5260771,0.052668694
1631,910921,3.939251,2.828125,0.2107888,0.021223923
1631,910925,1.641953,2.0,0.11527039,0.0116227055
1631,910934,1.250701,0.8515625,0.29476595,0.030063108
1631,910947,1.745056,1.3671875,0.25325254,0.02570572
1631,924105,1.729507,1.4765625,0.11098361,0.011777162
1631,924244,1.437306,3.015625,0.3763894,0.037773326
1631,924248,1.79895,3.078125,0.4077012,0.040834717
1631,925348,4.205462,4.15625,0.34832284,0.046733294
1631,930083,6.744461,5.9375,0.899185,0.0930562
1631,946361,2.484905,2.40625,0.2010579,0.020227885
1631,998184,2.755698,2.34375,0.37399307,0.03774019
1631,998189,5.279617,3.0625,0.2474404,0.024788467
1631,1240121,2.546293,3.546875,0.44014764,0.044122774
1631,1240125,1.436279,2.296875,0.38644198,0.039437506
1631,1240143,3.348876,4.21875,0.5063209,0.05072886
1631,1240144,3.162281,3.359375,0.38898104,0.038967945
1631,1240153,2.145505,3.125,0.23752514,0.023892317
1631,1240172,6.166239,4.90625,0.6077449,0.060991473
1631,1240187,2.700058,3.234375,0.48675963,0.048849754
1631,1247871,3.19448,2.28125,0.4828355,0.04850489
1631,1290797,3.381894,2.671875,0.74307996,0.07452795
1631,1290908,2.533793,3.046875,0.645181,0.06461413
1631,1290922,3.159292,3.46875,0.48507878,0.048784606
1631,1297447,4.030627,3.28125,1.112394,0.11246229
1631,1298134,4.97556,4.625,0.29362878,0.029647764
1631,1298145,1.891984,2.359375,0.45957512,0.046363518
1631,1298215,1.966705,1.9296875,0.14364542,0.014527466
1631,1298356,5.914036,5.46875,0.31076792,0.03147617
1631,1298358,2.824975,2.671875,1.0517236,0.1068542
1631,1298365,2.177889,2.703125,0.94131726,0.09462068
1631,1298526,3.875491,4.5625,0.40227884,0.041193195
1631,1298537,2.79683,3.015625,1.4009018,0.1407738
1631,1299062,3.294044,3.8125,0.27513328,0.029740443
1631,1299070,3.168321,3.25,0.92696357,0.09327713
1631,1303900,1.917667,4.53125,0.5247828,0.052615367
1631,1303901,2.067309,3.390625,0.62985504,0.06338013
1631,1322212,1.748181,2.65625,0.6913635,0.06954327
1631,1327765,1.033977,1.7265625,0.9007577,0.09084706
1631,1330933,2.969286,1.4296875,0.28519148,0.028874388
1631,1330947,0.325814,0.49804688,0.3328401,0.034445457
1631,1331036,-0.719124,1.03125,0.41986355,0.04284827
1631,1331040,1.489684,1.8203125,0.39229092,0.040141508
1631,1331048,1.322043,1.8828125,0.28293958,0.028536228
1631,1480374,4.171396,2.828125,0.5240976,0.052805815
1631,1659823,4.959512,3.59375,0.7279756,0.07305747
1631,1660034,4.090915,2.765625,0.4916343,0.04929186
1632,684072,1.091608,2.171875,0.7087038,0.07178116
1632,687561,3.199443,3.015625,0.5093524,0.05108601
1632,687568,5.025144,4.71875,0.2409161,0.024143785
1632,687802,5.769357,5.25,0.4793243,0.04798463
1632,687816,4.980673,4.4375,0.42108744,0.04218922
1632,687997,4.477017,4.40625,0.22949074,0.023450535
1632,688006,3.766611,3.5625,0.1677698,0.01685885
1632,688018,4.682301,3.0625,0.67665315,0.07010132
1632,688023,3.623473,2.703125,0.98065203,0.10014217
1632,688031,3.274069,2.359375,0.5428143,0.054936785
1632,688086,3.341669,2.796875,0.4285282,0.043138616
1632,722046,2.945352,2.953125,0.43337962,0.04407565
1632,722066,3.93878,3.96875,0.15089855,0.015120555
1632,724866,4.324901,4.75,0.27363205,0.02739915
1632,724873,3.547318,3.71875,0.36858627,0.036924805
1632,735784,3.409494,4.25,0.14805298,0.014837361
1632,749712,3.230498,3.734375,0.16321637,0.016354844
1632,753534,3.014415,3.78125,0.48740554,0.048867874
1632,753551,3.737792,3.109375,0.31614554,0.031783987
1632,753566,4.62242,4.4375,0.16936637,0.01698088
1632,753572,3.556241,3.40625,0.14799081,0.014842887
1632,753621,4.664759,4.5,0.2059401,0.020715222
1632,905936,3.708897,3.234375,0.24701872,0.02481511
1632,905939,3.075901,3.328125,0.51526177,0.051811084
1632,905943,1.622098,1.625,0.661804,0.06792435
1632,905945,3.461209,3.640625,0.24138226,0.024181563
1632,905954,3.797024,3.484375,0.46789628,0.046904452
1632,905955,3.789529,4.03125,0.15708748,0.01575243
1632,905956,4.61988,3.828125,0.4013131,0.040187426
1632,905963,2.584546,3.25,0.5873301,0.058906864
1632,905976,3.030742,3.34375,0.52064615,0.05223924
1632,905983,4.288115,4.03125,0.18785216,0.018813178
1632,905991,3.248521,3.1875,0.12256276,0.012276948
1632,906746,3.95913,3.84375,0.302068,0.030257748
1632,906798,3.82265,3.375,0.124854356,0.012512475
1632,906804,1.832351,1.4375,0.62128896,0.062978804
1632,906808,3.998347,3.484375,0.2281505,0.02363641
1632,906813,3.955496,3.609375,0.35707772,0.035795398
1632,906820,1.476318,3.078125,0.36918563,0.037157208
1632,906824,3.999253,3.828125,0.16771431,0.016835174
1632,906830,5.548326,4.25,0.18331113,0.018420566
1632,906831,2.514905,2.1875,0.542813,0.05464331
1632,906836,1.29923,0.96484375,1.4386244,0.14742403
1632,906837,3.742005,3.15625,0.30398688,0.030702982
1632,906846,1.702646,2.140625,1.1855106,0.119392686
1632,906848,3.424003,3.0625,0.7746488,0.078216456
1632,907046,3.466147,3.203125,0.30864072,0.030955432
1632,907051,3.910878,4.625,0.097409375,0.009779133
1632,907064,4.623251,4.4375,0.15048109,0.01506915
1632,907066,4.417693,4.5625,0.34495348,0.034597456
1632,907169,3.853246,3.609375,0.28816473,0.028865077
1632,907176,3.706277,3.546875,0.32168308,0.032237973
1632,907276,5.018278,4.6875,0.3458902,0.034673903
1632,907311,1.752347,1.890625,0.6915269,0.06991291
1632,907313,3.417528,3.703125,0.67725354,0.06780893
1632,907317,4.024093,2.984375,0.25892904,0.025997657
1632,907795,1.616959,2.984375,0.43259966,0.04346457
1632,907799,2.416114,1.6328125,0.5530771,0.056594092
1632,908120,5.686605,4.90625,0.67470825,0.0676364
1632,908125,3.729195,3.9375,0.17143199,0.01718272
1632,908138,4.468572,4.03125,0.31641254,0.031694625
1632,908148,2.954691,1.5078125,1.1439551,0.11750556
1632,908159,3.016006,1.4296875,0.47725785,0.049064428
1632,908451,3.3178,2.796875,0.45248866,0.045590807
1632,908454,4.013379,3.140625,0.3305893,0.03321048
1632,908457,3.920073,4.28125,0.32932058,0.032995
1632,908469,3.787201,3.84375,0.14106964,0.014187441
1632,908470,5.071537,4.65625,0.83568233,0.08508237
1632,908483,3.186783,2.640625,0.7444461,0.075043455
1632,909249,2.983486,1.65625,0.52050173,0.052539647
1632,909251,1.434618,0.87109375,0.7872356,0.07961645
1632,909706,4.0477,3.921875,0.27180776,0.027274836
1632,909707,4.130113,3.859375,0.18711318,0.018774077
1632,909725,4.136453,3.703125,0.18201996,0.018234678
1632,909727,3.721132,3.921875,0.31183586,0.03127589
1632,909742,3.367423,2.578125,1.0759047,0.10851173
1632,909770,4.167981,3.59375,0.21061487,0.02119763
1632,909778,4.38423,3.671875,0.2485432,0.02494306
1632,910567,3.38017,3.40625,0.49112907,0.04934519
1632,910697,4.218836,3.59375,0.16476326,0.01653702
1632,910703,3.903938,2.96875,0.74725914,0.07512639
1632,910852,5.32799,3.890625,0.19147982,0.01920466
1632,910861,3.21569,2.015625,2.012518,0.20409217
1632,910921,3.751274,3.5625,0.395819,0.039699066
1632,910927,5.495975,3.703125,0.38081098,0.038137782
1632,910934,0.954847,1.5546875,1.0938358,0.11149314
1632,924106,4.488408,3.046875,0.7756969,0.07810344
1632,924187,6.091898,5.03125,0.7084275,0.0709482
1632,924248,3.944463,3.546875,0.36122483,0.036200713
1632,924250,4.162323,4.625,0.26235643,0.026270106
1632,925340,3.486212,3.828125,1.2294239,0.12316313
1632,925348,5.880898,4.78125,0.20814008,0.021518007
1632,930082,3.626017,3.5625,0.11423673,0.011448413
1632,946354,3.510916,2.921875,0.19423239,0.019611686
1632,946360,4.371957,4.4375,0.14596294,0.014620914
1632,946382,3.882205,3.578125,0.14845546,0.014884327
1632,949093,5.975871,5.78125,0.4441061,0.045411795
1632,998184,2.596468,2.171875,0.84854734,0.086596675
1632,1240128,3.795656,3.546875,0.36145478,0.0362399
1632,1240145,4.050098,3.46875,0.20673747,0.020727754
1632,1240154,3.088827,3.125,0.14791545,0.014844356
1632,1240155,2.934772,3.53125,0.23489898,0.02359427
1632,1240157,3.324123,3.703125,0.4362961,0.043785382
1632,1240168,3.677599,4.34375,0.18540853,0.018586352
1632,1240172,4.890706,4.46875,0.15903808,0.015940472
1632,1240173,2.399334,2.859375,0.51781327,0.051997464
1632,1240183,3.709601,4.90625,0.17158726,0.01718272
1632,1240198,4.519475,4.28125,0.21376857,0.021455603
1632,1240218,5.236932,5.40625,0.2548797,0.025558846
1632,1240221,3.054806,2.84375,0.42517465,0.042828884
1632,1290730,3.304636,3.78125,0.18382592,0.01843371
1632,1290797,3.763801,3.828125,0.30484706,0.030536124
1632,1290806,4.326542,3.4375,0.7664744,0.07686058
1632,1290908,4.570113,3.28125,0.82835805,0.083081
1632,1295740,2.956827,2.0,0.48791522,0.049209308
1632,1298151,4.248909,4.09375,0.12332297,0.012417155
1632,1298219,4.168981,3.921875,0.16502306,0.01653588
1632,1298226,4.449419,4.125,0.19208874,0.019239312
1632,1298347,3.456442,3.328125,0.14912829,0.0150255235
1632,1298357,5.61159,4.46875,0.761076,0.07718175
1632,1298475,4.174971,4.03125,0.30260196,0.030329958
1632,1298476,6.963433,6.21875,0.52887124,0.05758706
1632,1298534,3.255821,4.21875,0.31094652,0.03128947
1632,1327766,2.960746,3.078125,0.30709305,0.031007253
1632,1327771,0.885083,1.40625,3.1222765,0.31788477
1632,1330935,3.444408,2.921875,0.5113586,0.051363066
1632,1330950,1.309501,2.0,1.1441661,0.11691673
1632,1330995,3.02645,3.265625,0.62950814,0.06328818
1632,1331033,1.350662,0.9296875,0.948005,0.10296708
1632,1480360,3.938969,3.421875,0.17739941,0.017771792
1632,1480371,3.984255,3.84375,0.3799564,0.038149357
1632,1480374,4.293926,3.9375,0.18187122,0.018248122
1632,1503366,4.232653,4.15625,0.20181517,0.020234238
1632,1659928,1.301379,3.171875,0.34899062,0.03503591
1632,1660034,3.562604,3.875,0.2538012,0.025438631
1632,1660035,3.655226,4.3125,0.09469884,0.009539246
1632,1660036,3.920957,3.828125,0.10865711,0.010912504
1634,684072,4.634051,3.390625,0.39940414,0.04092921
1634,687452,4.578257,4.40625,0.28131783,0.028242094
1634,687459,4.675254,5.0,0.4485218,0.04495558
1634,687588,5.690023,5.59375,0.6834611,0.068561465
1634,687798,3.485982,4.59375,0.28676185,0.028746556
1634,687980,3.866431,3.453125,0.4129205,0.042450234
1634,687997,4.247903,4.53125,0.46409357,0.04671887
1634,688086,4.485869,3.703125,0.5546635,0.05772851
1634,722045,5.687856,4.78125,0.51623744,0.051710814
1634,722066,4.320479,4.90625,0.28952157,0.029011061
1634,724812,4.82669,5.28125,0.46078306,0.046172053
1634,724825,3.439546,3.1875,0.23044659,0.023489095
1634,724869,5.050177,4.6875,0.53350043,0.053654388
1634,724870,5.582123,4.28125,0.43087235,0.043297492
1634,749714,3.848366,4.9375,0.46361864,0.04643087
1634,753535,5.581614,5.1875,0.2907246,0.029135423
1634,753604,4.974645,3.46875,0.76304454,0.07851252
1634,753608,5.227052,4.96875,0.34333456,0.034391362
1634,753612,4.060052,4.25,0.576194,0.058112774
1634,753615,5.84906,3.84375,0.6678203,0.06710791
1634,905937,3.116286,4.25,0.38252208,0.038600862
1634,905938,3.037297,3.140625,0.57859135,0.05881372
1634,905947,5.376468,4.3125,0.29373595,0.029551972
1634,905954,5.865497,4.625,0.475148,0.04760561
1634,905957,4.027732,4.71875,0.41738752,0.042227175
1634,905968,3.929275,4.40625,0.4226335,0.042405102
1634,905969,5.880919,6.0,0.36973283,0.037028316
1634,905977,5.604767,4.75,0.50149244,0.05030726
1634,905981,5.621332,4.78125,0.39177677,0.03935175
1634,905986,5.091906,4.84375,0.34041318,0.03417904
1634,905989,3.776363,4.28125,0.40763494,0.04092334
1634,906792,4.44962,4.09375,0.26844814,0.02723571
1634,906793,4.559577,4.5625,0.29895127,0.029978257
1634,906797,5.685402,4.4375,0.36151335,0.03627259
1634,906801,3.884754,3.953125,0.24789348,0.024982626
1634,906820,4.944723,3.703125,0.60486233,0.061807916
1634,906821,5.104908,4.78125,0.406366,0.040742755
1634,906830,5.760174,5.15625,0.31939664,0.032072984
1634,906832,2.96957,3.265625,0.31867468,0.032880127
1634,906834,4.439118,3.34375,0.5448554,0.055921316
1634,906842,2.154184,2.421875,0.17896205,0.01958868
1634,906865,3.596667,3.71875,0.5317352,0.053972352
1634,906999,5.244648,4.78125,0.27738926,0.027780216
1634,907042,4.228272,4.03125,0.43466136,0.044139843
1634,907062,5.080543,4.46875,0.28472865,0.028574523
1634,907067,4.70375,4.0,0.3988345,0.04022496
1634,907269,2.640155,3.53125,0.7839941,0.07943891
1634,907277,2.536186,2.796875,0.1376887,0.014348214
1634,907285,5.518639,5.59375,0.4807526,0.04819324
1634,907286,5.818813,4.28125,0.40214497,0.040410735
1634,907287,3.319348,4.21875,0.5525633,0.05622672
1634,907299,4.426762,3.90625,0.4130693,0.041609485
1634,907320,3.851112,4.59375,0.18450601,0.01849588
1634,907323,2.193279,3.0,0.35059622,0.03541057
1634,907795,4.477274,4.09375,0.3862217,0.039167266
1634,908123,2.956883,3.40625,0.55829906,0.05644366
1634,908132,3.725068,2.75,0.59770805,0.060563304
1634,908133,4.559376,3.59375,0.31745452,0.032105513
1634,908442,5.662048,4.78125,0.5059656,0.05220438
1634,908460,7.13885,6.5,0.6592564,0.06869955
1634,908461,4.627044,5.28125,0.32141563,0.03218651
1634,908468,5.950687,4.3125,0.3793031,0.038216945
1634,908480,4.573734,3.921875,0.8516313,0.08589235
1634,908483,3.108579,3.203125,0.35292155,0.0363458
1634,909250,6.051109,5.25,0.6233981,0.06249279
1634,909262,4.134087,3.609375,0.7050008,0.07337539
1634,909715,2.797881,2.75,0.28677344,0.031147752
1634,909722,3.069098,3.265625,0.24287358,0.025161723
1634,909724,4.366824,4.34375,0.60231304,0.060346417
1634,909736,4.842492,5.25,0.54059124,0.054219145
1634,909745,4.664613,5.375,0.4952228,0.049749304
1634,909755,5.09721,4.5625,0.37248358,0.03737329
1634,909905,5.678726,5.15625,0.34988427,0.03504744
1634,910079,3.686355,4.5,0.5865796,0.058831595
1634,910549,4.317128,5.09375,0.31665924,0.03175966
1634,910567,5.332375,4.40625,0.30531225,0.030671187
1634,910698,5.414232,4.25,0.27695423,0.027904715
1634,910861,3.722195,3.734375,0.5009088,0.051151775
1634,910900,3.031653,3.515625,0.44990006,0.04591359
1634,910911,5.525061,4.625,0.23426622,0.023505196
1634,910919,1.585496,2.578125,0.40269792,0.04104643
1634,910935,2.822275,2.5,0.16875562,0.017129088
1634,924104,4.924476,5.3125,0.37409216,0.03749546
1634,924105,5.150879,4.4375,0.93726015,0.09412965
1634,924187,4.869462,5.65625,0.97271323,0.097510025
1634,924240,4.449032,3.765625,0.5540472,0.05567509
1634,925348,6.271358,6.53125,0.4042066,0.041787818
1634,930301,5.375079,4.78125,0.653083,0.0654789
1634,1240143,4.793421,3.984375,0.37121806,0.037246313
1634,1240150,5.402081,4.84375,0.57023907,0.05732011
1634,1240158,3.247764,4.3125,0.58677095,0.058893245
1634,1240166,3.103645,3.171875,0.33012387,0.03324675
1634,1240182,6.138281,5.90625,0.3397264,0.034452114
1634,1240196,5.074441,4.84375,0.32381174,0.03244705
1634,1240209,4.662839,4.0625,0.62570333,0.06345342
1634,1240218,6.21835,5.5625,0.4098863,0.041083124
1634,1240221,2.580378,3.171875,0.34182888,0.034636118
1634,1290730,5.283431,4.9375,0.15572378,0.015626268
1634,1290797,4.00487,4.59375,0.23585331,0.02363641
1634,1290807,3.822896,4.875,0.68597645,0.06901421
1634,1290905,4.835032,5.03125,0.58584464,0.05872823
1634,1290922,3.707245,4.40625,0.30350393,0.030508045
1634,1295741,1.71741,2.84375,0.39345038,0.040289167
1634,1297449,3.286294,3.546875,0.22702457,0.023545658
1634,1298134,4.228462,3.328125,0.226156,0.022880249
1634,1298136,3.564222,4.75,1.2752961,0.12795734
1634,1298359,4.22175,4.75,0.52366793,0.052656345
1634,1298475,5.26454,5.0625,0.50166935,0.050325003
1634,1298538,4.055188,5.15625,0.23515749,0.023585357
1634,1299075,4.080369,4.28125,0.7316874,0.07365672
1634,1322212,5.102127,5.03125,0.15985227,0.016068261
1634,1323913,3.663395,2.796875,0.26906794,0.028074794
1634,1327768,3.462976,2.796875,0.22836174,0.026386
1634,1330942,4.309739,4.28125,0.18848547,0.018978244
1634,1330948,3.767265,2.9375,0.33398572,0.034105934
1634,1330972,5.237005,4.03125,0.28943992,0.029184211
1634,1331037,2.004727,2.8125,0.14974976,0.016264994
1634,1479995,4.889007,5.25,0.3025776,0.0303028
1634,1503367,3.373518,4.125,2.2282712,0.2248581
1634,1503371,3.655587,3.75,0.16835707,0.0169348
1634,1674021,5.376064,5.03125,0.23993745,0.02404571
1635,687592,5.627486,5.84375,0.062888965,0.0063053244
1635,687802,7.071457,6.46875,0.29482663,0.029605722
1635,687816,6.689141,6.09375,0.106140725,0.010658376
1635,687821,7.558301,7.34375,0.39915884,0.04044513
1635,687983,5.448732,5.09375,0.06957537,0.00703645
1635,687995,5.365059,4.96875,0.09330816,0.009516476
1635,688010,4.792132,5.09375,0.067303285,0.006786186
1635,688023,4.978046,4.875,0.08721639,0.008912216
1635,688025,3.50915,5.0,0.08155231,0.008179371
1635,722046,3.839456,4.625,0.1607183,0.016536912
1635,724828,5.332681,5.59375,0.090822905,0.009094991
1635,724859,5.063609,5.90625,0.104638375,0.010485127
1635,724866,5.594288,6.28125,0.11415663,0.011437481
1635,749710,5.778125,6.03125,0.08727314,0.008766091
1635,749715,4.901652,4.84375,0.08555066,0.008603871
1635,753534,6.591103,5.75,0.23647016,0.02367277
1635,753539,4.107437,4.65625,0.11248852,0.011380486
1635,753562,4.019498,4.875,0.066820204,0.006735771
1635,753575,6.008674,5.84375,0.3230866,0.03251108
1635,753604,5.393587,5.46875,0.07422428,0.0074944417
1635,753623,6.110623,5.46875,0.07247135,0.007288478
1635,905934,6.152625,6.4375,0.22922973,0.022966783
1635,905937,5.078357,4.96875,0.14166166,0.014506098
1635,905943,5.184136,5.1875,0.078932405,0.007974759
1635,905946,5.584087,5.5,0.097253166,0.009803548
1635,905950,5.973111,5.53125,0.11169401,0.011235142
1635,905962,6.268381,6.1875,0.057950906,0.0059973104
1635,905964,4.245414,4.09375,0.100274734,0.010366636
1635,905968,4.877723,5.5625,0.10894475,0.010928802
1635,905969,5.485858,6.4375,0.060937386,0.0061285016
1635,905970,7.236341,6.8125,0.2683837,0.026917813
1635,905973,6.273274,5.65625,0.31732464,0.031931277
1635,905983,5.656893,5.65625,0.07995151,0.0080173835
1635,905985,5.595555,5.71875,0.08188534,0.00821777
1635,905990,6.017479,5.5625,0.17687164,0.01773952
1635,906793,5.694902,5.5625,0.08844985,0.008868091
1635,906797,5.47902,5.03125,0.09835387,0.009905212
1635,906801,4.510326,4.78125,0.071630605,0.0072495416
1635,906820,5.429318,4.84375,0.13240817,0.01339576
1635,906833,5.089125,5.125,0.07682005,0.007728655
1635,906834,4.67572,4.46875,0.103335194,0.010768316
1635,906842,3.301751,3.4375,0.054790236,0.006103438
1635,906848,4.546537,4.5625,0.20064102,0.02034728
1635,906855,4.511735,4.53125,0.08449671,0.008576611
1635,906870,4.031955,4.71875,0.099839166,0.010087026
1635,907068,3.733884,4.9375,0.082061134,0.008268126
1635,907071,5.515397,5.6875,0.16850175,0.0169525
1635,907072,4.596395,4.6875,0.11398018,0.011598185
1635,907073,4.362002,4.6875,0.10746736,0.010913306
1635,907169,5.419143,5.28125,0.06802549,0.0068284026
1635,907175,4.761422,4.875,0.08665257,0.008866799
1635,907176,5.315715,5.25,0.060931604,0.006103438
1635,907273,3.621881,4.53125,0.09273622,0.009431475
1635,907278,4.939563,4.625,0.077699184,0.007939699
1635,907287,3.759815,5.59375,0.11985185,0.012027976
1635,907289,5.185371,5.25,0.10483393,0.01052854
1635,907311,4.1481,4.28125,0.10517782,0.010740543
1635,907323,3.915208,4.28125,0.07320504,0.0074175666
1635,907783,3.82456,4.21875,0.08654663,0.008875718
1635,907790,6.024973,5.09375,0.11610539,0.011726761
1635,907794,6.198583,6.09375,0.085873954,0.008612814
1635,907799,3.231291,4.125,0.07874506,0.008052028
1635,908123,5.32462,4.9375,0.08777745,0.008857751
1635,908127,5.416979,4.9375,0.112691194,0.011381924
1635,908131,5.751924,5.03125,0.084991,0.008584176
1635,908152,5.714254,5.28125,0.23007526,0.023054333
1635,908159,3.546285,3.84375,0.06829416,0.0072603365
1635,908457,6.340871,5.90625,0.16468436,0.016673569
1635,908471,4.2376,4.65625,0.13489383,0.01384485
1635,909262,4.729958,4.53125,0.07888389,0.008050326
1635,909696,4.719884,4.40625,0.03528662,0.0036556965
1635,909728,6.038548,5.5,0.09257049,0.009293348
1635,909738,6.319657,6.5,0.24313669,0.024439964
1635,909748,5.771221,5.96875,0.07381703,0.0073926905
1635,909753,5.934186,6.0625,0.09329033,0.009356648
1635,909755,5.130181,5.625,0.11149399,0.011195937
1635,909757,3.879692,5.65625,0.15889353,0.015985843
1635,909761,5.664631,5.125,0.20536554,0.020597342
1635,909778,4.799444,5.5625,0.10512832,0.010531707
1635,910399,5.096664,5.03125,0.06893422,0.006929229
1635,910567,5.596338,5.59375,0.06259159,0.006271893
1635,910692,5.538071,5.3125,0.07932417,0.007954475
1635,910779,5.809639,5.75,0.21904401,0.021937005
1635,910781,4.749738,4.625,0.12608798,0.012920953
1635,910933,3.337184,5.0,0.11985523,0.012056068
1635,910935,3.736681,3.953125,0.058259092,0.005999841
1635,910941,5.164506,4.90625,0.056723684,0.005740852
1635,910943,6.19294,5.90625,0.192433,0.019393334
1635,946355,4.700044,5.6875,0.20593321,0.02067928
1635,1240125,5.548972,5.3125,0.10050917,0.010075581
1635,1240143,5.707041,5.53125,0.13608375,0.013655466
1635,1240145,5.285489,5.15625,0.08244817,0.008332669
1635,1240153,5.173668,5.375,0.06300819,0.006315345
1635,1240166,4.384029,4.5,0.09466717,0.009673574
1635,1240173,5.310608,5.0625,0.08662819,0.008814951
1635,1240174,5.049331,4.78125,0.23461796,0.02375404
1635,1240182,5.240027,6.96875,0.13952528,0.014029677
1635,1240198,5.076092,5.65625,0.12308255,0.012353594
1635,1240201,4.820739,5.0,0.087421045,0.008812427
1635,1240218,5.416303,6.4375,0.16523167,0.01655895
1635,1290807,5.922379,5.53125,0.1276735,0.012931429
1635,1295741,3.337511,3.96875,0.14633262,0.01501887
1635,1297446,4.345314,3.921875,0.061225418,0.0062649436
1635,1297447,4.644919,4.875,0.08021211,0.0081211245
1635,1297449,4.113069,4.03125,0.059699185,0.0065172124
1635,1298136,5.437161,5.84375,0.21138246,0.021200817
1635,1298144,5.978515,5.78125,0.06226977,0.0062381574
1635,1298145,5.949113,5.9375,0.10139947,0.010182272
1635,1298146,4.983349,5.65625,0.08600934,0.008628034
1635,1298151,5.924288,5.53125,0.06609363,0.0066315318
1635,1298215,5.074201,4.90625,0.09898745,0.009950164
1635,1298218,6.061087,5.78125,0.18263659,0.018324915
1635,1298219,4.824483,5.28125,0.17923257,0.017973097
1635,1298350,5.382288,5.84375,0.094474755,0.009482277
1635,1298353,5.619042,5.65625,0.09272633,0.009284075
1635,1298359,5.146904,5.625,0.11808897,0.011846105
1635,1299075,5.351841,5.96875,0.07720247,0.007728655
1635,1299081,5.199637,5.4375,0.113343954,0.011420049
1635,1303901,5.015761,5.65625,0.050121147,0.005041615
1635,1327765,4.643015,4.09375,0.08212769,0.008356998
1635,1327775,4.175081,4.71875,0.06157198,0.006378862
1635,1330950,4.807507,4.875,0.050416097,0.005108456
1635,1330972,5.257158,5.21875,0.060301136,0.0060577565
1635,1480359,4.965081,5.1875,0.12639408,0.012787314
1635,1480372,5.845993,6.3125,0.06210591,0.006226815
1635,1503363,5.108021,5.71875,0.10928994,0.01096343
1635,1659817,4.937356,5.28125,0.07411196,0.0074606235
1706,683667,3.087061,0.51953125,1.1908673,0.14592683
1706,687457,4.643979,3.1875,0.1825715,0.018390873
1706,687505,2.364009,2.734375,0.79562217,0.080310404
1706,687561,0.81438,1.71875,0.76965755,0.081975766
1706,687562,0.792628,0.02355957,0.5299353,0.09119025
1706,687590,5.115131,2.171875,0.5746276,0.058224652
1706,687798,2.475021,2.546875,0.48913077,0.04934519
1706,687812,2.272575,3.65625,0.257624,0.026083302
1706,687829,4.341841,3.734375,0.43019527,0.044568263
1706,687980,1.34056,0.36328125,0.24347505,0.12872544
1706,687997,5.487382,4.4375,0.51928186,0.059058275
1706,688010,2.460295,1.5078125,1.2824225,0.13633405
1706,688031,1.7364,-0.15917969,1.2973933,0.13592342
1706,688086,1.906972,0.78515625,1.9360552,0.21858859
1706,713899,2.142727,1.125,0.70575565,0.113651775
1706,724825,-3.614234,-2.921875,0.590269,0.3476711
1706,724834,3.275218,2.75,0.54099655,0.054641195
1706,724855,3.264254,2.765625,0.9320574,0.09626143
1706,735784,2.496181,2.078125,0.47904035,0.049290262
1706,749710,5.165138,3.0625,1.4161124,0.16731359
1706,749714,5.62057,3.90625,0.25064516,0.025912277
1706,753539,2.957476,1.8359375,1.3939989,0.15299962
1706,753551,2.940409,2.6875,0.70008147,0.09148697
1706,753554,1.057705,-0.25390625,0.2657512,0.048505876
1706,753556,-0.486472,-0.15332031,0.38422036,0.11206069
1706,753562,0.303197,1.5703125,0.59501714,0.06302934
1706,753566,4.036861,3.6875,0.30477002,0.030893918
1706,753600,2.51433,2.53125,0.20148125,0.02051318
1706,905936,0.092036,1.2578125,0.17869386,0.017996244
1706,905944,1.272224,1.6328125,0.68201387,0.07107105
1706,905947,2.753425,1.5078125,0.21247104,0.021669868
1706,905986,2.480637,3.703125,0.20954351,0.02110783
1706,906794,4.098996,2.296875,0.7194388,0.07337539
1706,906820,-0.517387,-0.65625,0.28519952,0.03514955
1706,906824,1.340693,1.21875,0.22221245,0.024528224
1706,906835,4.124208,4.34375,0.38049987,0.038587008
1706,906837,-0.139164,0.15234375,0.16052559,0.0470379
1706,906839,0.865626,1.0390625,0.29513904,0.030755742
1706,906844,0.815763,-0.83203125,0.63531435,0.11837038
1706,906875,3.732423,1.296875,2.1077302,0.27445158
1706,907051,1.163518,2.78125,0.47390938,0.052014355
1706,907055,2.25209,0.75,1.0081996,0.11006266
1706,907068,2.573613,2.03125,0.34306833,0.034734167
1706,907071,3.465194,3.734375,0.49498418,0.053036027
1706,907072,1.104184,-0.09765625,0.6090853,0.32872763
1706,907287,1.955269,1.1796875,0.83240944,0.087735526
1706,907312,-1.491509,-1.4296875,0.13431416,0.021881575
1706,907789,-1.71829,-1.0625,0.0727586,0.08903088
1706,908125,3.70571,2.28125,0.15329304,0.01570881
1706,908129,3.352223,2.75,0.28281343,0.028880328
1706,908131,-0.08331,0.83203125,0.7817685,0.08011226
1706,908138,-0.034119,1.203125,0.33580565,0.034411915
1706,908445,2.224176,2.109375,0.3907744,0.04024409
1706,908471,2.752171,1.640625,0.53928864,0.0544687
1706,908473,2.527672,1.3828125,0.16160227,0.041315045
1706,909250,6.406881,3.671875,0.18797563,0.018846668
1706,909713,0.180116,0.91015625,0.16700898,0.021518802
1706,909725,1.097132,1.0546875,1.0400903,0.112428226
1706,909735,2.787998,3.390625,0.51983505,0.052789226
1706,909753,0.307987,0.47070312,0.3076701,0.035124682
1706,909774,1.649579,2.0,0.6642034,0.06939491
1706,909776,2.008464,1.3515625,0.29293343,0.030167893
1706,909784,3.162627,2.109375,0.7472458,0.0867061
1706,909785,-3.27997,-2.703125,0.31541455,0.08393319
1706,909974,3.513198,2.15625,0.47741634,0.04841544
1706,909976,1.795431,2.34375,0.55367243,0.05578565
1706,910548,4.417165,3.078125,0.47899976,0.04818191
1706,910549,1.498793,1.4921875,1.1079011,0.12748627
1706,910702,5.981751,5.03125,0.47122428,0.08429719
1706,910851,2.174623,1.765625,0.6888688,0.06917442
1706,910852,0.938298,0.66796875,0.43629998,0.049620688
1706,910905,2.312898,2.78125,1.0659951,0.10841401
1706,910911,4.453609,3.65625,0.2257686,0.022867003
1706,910922,0.570339,-0.20605469,0.23418298,0.023728801
1706,910941,2.001425,1.5859375,1.087234,0.17508337
1706,910951,1.702006,-0.94921875,2.100363,0.35255823
1706,924110,3.81349,2.609375,0.6746242,0.078971244
1706,924239,0.064085,-1.703125,0.36031118,0.062001657
1706,925347,-0.157763,1.6328125,1.4558109,0.21962477
1706,1240127,4.015346,2.375,0.5913445,0.059969045
1706,1240143,4.026535,2.25,1.2725053,0.14367108
1706,1240157,1.98527,1.2265625,0.5690381,0.067556605
1706,1240172,3.406566,3.125,0.4135992,0.042208973
1706,1240189,-1.113824,-1.421875,0.42831445,0.09562282
1706,1240196,5.15133,4.3125,0.41604438,0.041918837
1706,1240222,-0.196918,2.0,0.34293512,0.03446617
1706,1298151,2.289924,2.078125,0.4517301,0.08358581
1706,1298365,0.852152,1.5234375,0.32833278,0.03369848
1706,1298475,0.292635,0.018432617,0.08602561,0.011976964
1706,1298539,3.474458,3.546875,0.26529306,0.027545862
1706,1299075,-0.956786,0.18652344,0.50869197,0.05954728
1706,1330942,1.777918,1.6953125,1.3307886,0.15999623
1706,1331038,1.910195,0.859375,0.34809446,0.11777585
1706,1503361,1.505905,1.640625,0.21256353,0.021366766
1706,1503371,3.10175,2.421875,0.66295993,0.0710341
1706,1660034,1.559224,0.7890625,0.44070584,0.053553335
1706,1660035,2.062374,2.09375,1.2447144,0.16207665
1720,684052,3.957209,4.125,0.12568033,0.013494667
1720,687452,5.80603,4.59375,0.053918425,0.0058420915
1720,687588,6.533577,6.3125,0.33290255,0.033760097
1720,687590,3.056199,5.5,0.1014381,0.010274172
1720,687787,5.884055,3.90625,0.82253563,0.100792095
1720,687812,6.157513,6.21875,0.10842694,0.010876859
1720,687983,1.463031,4.28125,0.67102885,0.078550376
1720,687997,2.39563,4.28125,0.4408374,0.044988714
1720,688023,3.70779,1.40625,0.87111783,0.38567668
1720,688121,6.790162,4.9375,0.66875947,0.07403813
1720,724828,2.301365,5.46875,0.08189802,0.008426795
1720,724855,6.352318,5.71875,0.13321924,0.013534958
1720,724870,5.595712,4.5625,0.30852276,0.053427685
1720,724872,1.47404,3.53125,1.4499615,0.16429663
1720,749709,-3.012473,-0.27539062,3.2378001,1.3760666
1720,753539,2.898879,4.90625,1.4305105,0.1557636
1720,753541,4.362937,3.578125,0.33526132,0.064248525
1720,753551,5.00677,5.25,0.43123993,0.0438136
1720,753554,5.630564,5.6875,0.09301249,0.009692611
1720,753566,6.335056,5.09375,0.26532504,0.028370619
1720,753569,4.726077,3.609375,0.41833523,0.068152405
1720,753586,5.445817,5.9375,0.08755247,0.008837581
1720,753592,4.518942,5.40625,0.1669677,0.016918153
1720,753612,-1.075742,1.8125,1.8808038,0.29611713
1720,753618,-0.241095,-0.33398438,0.296916,0.37917304
1720,753620,5.39747,2.453125,1.2112657,0.41386348
1720,905933,5.700996,2.0,4.989237,0.83239543
1720,905944,0.746721,5.0,0.067691095,0.0069315415
1720,905945,5.435315,2.421875,1.6925205,0.23876368
1720,905947,5.526299,4.5625,0.36157355,0.05012459
1720,905948,6.252024,4.59375,0.45485076,0.046418816
1720,905949,5.433079,6.03125,0.10610528,0.010755677
1720,905956,5.545615,6.0625,0.18701756,0.018949723
1720,905964,-2.330743,-2.328125,0.62113804,0.6242966
1720,905974,5.395294,4.625,1.6038221,0.18044534
1720,906746,5.795893,5.09375,0.19265518,0.019959092
1720,906792,2.092982,5.34375,0.05130691,0.0052988976
1720,906795,6.531387,6.34375,0.08954659,0.009176349
1720,906798,4.963306,5.0,0.041139305,0.0041797175
1720,906817,6.574186,6.84375,0.059857246,0.006001361
1720,906820,-0.944461,4.4375,0.50125766,0.05382151
1720,906828,5.563047,5.65625,0.13231906,0.01406681
1720,906834,4.558788,1.71875,1.5412234,0.49431148
1720,906839,5.39342,6.0,0.33243906,0.034093015
1720,906846,3.91577,4.03125,0.8651464,0.09015486
1720,906848,1.767588,2.6875,3.664223,0.5444572
1720,906868,5.858221,4.5,1.1375638,0.15769936
1720,906872,6.499573,6.125,0.21027735,0.0212589
1720,907060,2.706492,2.703125,0.9972016,0.15966913
1720,907062,5.562424,2.0625,8.073242,1.0331563
1720,907066,6.517228,3.96875,0.6883652,0.071164794
1720,907071,6.153355,3.75,0.80480397,0.086414166
1720,907269,4.264362,-0.67578125,0.8101827,0.46272337
1720,907274,-1.281562,2.125,21.09243,2.5102677
1720,907311,-2.210385,0.38867188,6.672663,1.2097194
1720,907319,2.479569,3.390625,2.823251,0.35432157
1720,907320,5.652371,4.46875,0.32555336,0.05747745
1720,907783,4.510988,2.21875,1.7779522,0.42417637
1720,907789,0.71344,-0.08203125,0.65321285,0.28334403
1720,907790,4.272566,4.9375,0.26737866,0.027862897
1720,907791,-1.975845,0.61328125,6.5157604,1.0037783
1720,907794,5.847471,6.3125,0.22314677,0.022592632
1720,908125,5.014901,4.75,0.29171726,0.030042645
1720,908126,4.435569,1.1015625,2.489628,0.7295215
1720,908138,5.399609,3.09375,0.7929077,0.104766436
1720,908147,-1.27504,-2.171875,0.23210987,0.6285078
1720,908458,3.730267,3.1875,8.280522,1.0900406
1720,908475,6.085828,5.65625,0.18141064,0.01943759
1720,909713,5.510564,5.1875,0.20687939,0.021840341
1720,909718,5.647915,1.1328125,0.9379409,1.7621126
1720,909725,6.314507,6.09375,0.2547786,0.025749335
1720,909728,6.038236,5.71875,0.090038165,0.009019983
1720,909746,6.272698,5.90625,0.10748193,0.010789042
1720,909757,3.877566,5.46875,0.9214621,0.09937655
1720,909770,-0.329779,4.125,0.8240397,0.094075225
1720,909774,6.343025,5.53125,1.1367549,0.11752036
1720,909776,5.896289,4.375,1.0061316,0.14387591
1720,909777,-1.928146,-2.15625,0.7509234,0.38492802
1720,909784,5.222261,5.40625,0.5605101,0.05643669
1720,909974,7.20375,7.1875,0.25454658,0.025479123
1720,910079,5.96499,0.890625,3.8143442,0.8246737
1720,910546,4.841456,6.15625,0.09282107,0.009335059
1720,910700,4.777145,5.71875,0.16717407,0.016822146
1720,910900,3.272621,4.75,0.09075923,0.009833814
1720,910911,6.06044,5.03125,0.13677724,0.014309667
1720,910915,6.929779,7.15625,0.10371158,0.010405944
1720,910919,-3.325139,-1.53125,1.4680963,1.6640241
1720,910927,4.359477,4.6875,0.48883864,0.05169309
1720,910933,5.400801,4.875,0.13666146,0.013938068
1720,924239,-1.617263,-0.72265625,4.938082,1.939893
1720,925340,6.309179,5.0,2.2762828,0.2985485
1720,930082,1.017678,1.4296875,3.0299225,0.39453202
1720,946355,4.873166,0.51171875,1.026672,0.9562846
1720,998189,5.462135,6.125,0.18194437,0.018298231
1720,1240122,6.023678,3.875,0.98100317,0.09924828
1720,1240123,0.31678,2.234375,0.6938314,0.11109435
1720,1240127,1.642578,4.5625,0.24904594,0.026291884
1720,1240151,6.363152,5.53125,0.7470024,0.08154841
1720,1240153,4.115772,3.140625,0.42226663,0.07760004
1720,1240154,4.5095,5.375,0.07287402,0.007558066
1720,1240155,3.728872,2.53125,3.2916725,0.40335587
1720,1240160,6.445915,4.84375,1.7939006,0.18907622
1720,1240166,5.128341,-0.48632812,2.341931,1.464911
1720,1240168,5.354422,4.28125,0.33703533,0.037790764
1720,1240186,5.798728,4.21875,0.23680227,0.02418176
1720,1240192,3.40111,4.3125,0.24076913,0.025260892
1720,1290730,5.014838,4.75,0.122467265,0.014150449
1720,1290798,2.446217,2.875,2.026711,0.48148224
1720,1290908,5.706549,5.90625,1.828174,0.21599863
1720,1297446,4.038361,0.75390625,4.6415763,0.74745905
1720,1297447,2.578178,0.34960938,3.257113,1.241449
1720,1297449,0.922086,-0.9140625,1.4712349,0.77185476
1720,1298146,6.308492,5.5625,0.7347928,0.08834167
1720,1298157,3.703984,5.21875,0.3437341,0.034667738
1720,1298218,6.210914,6.09375,0.0774114,0.007765531
1720,1298219,5.780126,5.25,0.087864704,0.00882431
1720,1298537,5.216638,3.078125,1.936022,0.21937263
1720,1299050,3.439152,5.375,0.09660781,0.009766986
1720,1299052,0.18177,1.7734375,2.6220903,0.6587057
1720,1299075,-0.733113,0.34570312,1.9917443,1.8772488
1720,1303900,1.560234,1.5703125,9.058247,1.0918983
1720,1330935,1.862826,-1.8984375,2.1279993,1.2153741
1720,1330983,2.780066,0.091796875,4.169724,1.011888
1720,1331033,-2.022704,-2.859375,0.30650622,0.79463816
1720,1331048,2.61584,1.703125,2.9693859,0.49540707
1720,1503365,7.643525,8.0,0.07625206,0.0077015343
1720,1503367,5.995917,4.15625,0.58768713,0.0663523
1720,1659928,0.794847,2.21875,2.6128166,0.41366237
1720,1660034,4.331401,4.46875,0.6595476,0.06730872
1720,1660036,4.437357,4.15625,0.54435265,0.057284303
1736,687448,0.918905,1.0625,0.62177,0.17393683
1736,687459,6.276552,5.46875,0.62101,0.062235493
1736,687561,4.495344,4.4375,0.3264312,0.032705512
1736,687780,4.499712,4.34375,0.6596228,0.06607354
1736,687787,4.98504,3.453125,0.56593245,0.056701407
1736,688018,6.332686,3.34375,1.0152395,0.107179254
1736,688086,5.401064,4.375,0.18605219,0.018975416
1736,724834,2.062895,2.59375,0.6034533,0.066418506
1736,724866,6.120015,2.90625,0.533925,0.055937473
1736,735784,5.64975,4.25,0.19888806,0.019937614
1736,749710,3.245371,3.015625,0.32921758,0.03414452
1736,749711,5.686214,4.125,0.7921763,0.07961647
1736,753539,5.342763,4.9375,0.2539513,0.025549345
1736,753541,3.081213,3.046875,0.43672493,0.044046443
1736,753556,2.254718,2.796875,0.3113589,0.031956367
1736,753624,2.79858,2.078125,0.34257782,0.03518914
1736,905933,5.858706,4.875,0.28353855,0.028388845
1736,905938,1.257459,0.95703125,0.6307353,0.06541617
1736,905941,8.033567,6.46875,0.49659944,0.04988059
1736,905944,5.948365,4.65625,0.24888007,0.024938641
1736,905949,0.533823,0.87109375,0.12848964,0.016334096
1736,905970,3.193872,3.453125,0.35029766,0.036806893
1736,905972,2.849757,3.6875,0.3150282,0.031552736
1736,905983,5.207946,4.09375,0.34274322,0.034525365
1736,906693,2.666958,2.6875,0.31852818,0.032065254
1736,906746,3.291668,3.609375,0.13666244,0.013821248
1736,906795,2.177881,2.765625,0.25332808,0.032986335
1736,906805,1.743334,2.703125,0.5448084,0.06129616
1736,906820,-2.509793,-1.8984375,0.34322226,0.37874988
1736,906851,5.367086,5.5,0.3055038,0.030646637
1736,907064,3.58841,3.5,0.3566981,0.03691451
1736,907065,5.760322,4.9375,1.211671,0.12131663
1736,907072,5.357417,4.75,0.30810624,0.03102263
1736,907169,3.113045,2.671875,0.81337476,0.082559414
1736,907278,4.027169,3.3125,0.5399099,0.054308772
1736,907281,4.651031,3.859375,0.21371455,0.021673083
1736,907285,2.788418,3.296875,0.88269395,0.091074355
1736,907291,2.280864,1.6640625,0.64540505,0.07261425
1736,907314,4.283798,3.234375,1.6872926,0.17702648
1736,907320,5.428368,3.796875,0.31210285,0.031291816
1736,907322,4.903939,4.625,0.18516907,0.018616145
1736,907788,5.893043,4.71875,0.23131526,0.023479035
1736,907791,6.418091,5.40625,0.15158546,0.015214384
1736,908130,5.027722,4.65625,0.36923638,0.036975272
1736,908132,4.643631,3.515625,0.6708932,0.0674167
1736,908455,4.315898,2.875,0.25178623,0.025253152
1736,908460,5.524631,5.1875,0.68954706,0.08146994
1736,908465,2.454583,2.296875,0.59240353,0.06484281
1736,908467,3.797414,3.953125,0.3720408,0.03727088
1736,908470,6.549768,4.9375,0.5545705,0.057718832
1736,908475,6.095703,2.4375,0.38620675,0.04051984
1736,908483,4.323776,4.5625,0.1821703,0.01842365
1736,909251,3.676769,3.015625,0.3009115,0.030636359
1736,909260,4.340356,3.828125,0.32335752,0.032551408
1736,909263,1.020161,1.015625,0.24560447,0.046733294
1736,909698,4.045996,2.046875,0.37639734,0.041427813
1736,909707,5.76934,5.46875,0.41163453,0.041194264
1736,909725,1.879178,1.46875,0.5107649,0.056216847
1736,909736,3.980021,4.28125,0.4785034,0.048211943
1736,909759,4.039289,2.734375,0.3538747,0.036291327
1736,909784,1.018101,1.09375,0.2860938,0.058142476
1736,910548,6.472732,5.59375,0.6927224,0.06942225
1736,910689,2.635249,2.671875,0.18281277,0.067615755
1736,910692,3.417275,2.84375,0.26207522,0.02643905
1736,910710,3.340434,2.234375,0.91069335,0.09514778
1736,910784,5.27612,3.71875,0.6129134,0.06158123
1736,910851,3.201662,2.28125,0.19944544,0.020095265
1736,910900,5.871977,4.28125,0.25289297,0.02537412
1736,910904,3.279541,2.734375,0.48923975,0.049461816
1736,910919,4.626266,3.046875,0.41958392,0.04244939
1736,910927,4.037833,4.15625,0.3663794,0.0366637
1736,910935,2.903085,2.515625,0.43850803,0.04459722
1736,910941,4.89923,5.125,0.1494954,0.015099185
1736,924102,2.995123,2.640625,0.34362444,0.037322592
1736,924244,3.107392,3.203125,0.2856376,0.028703142
1736,930082,4.18065,2.453125,0.35035336,0.035800893
1736,946353,4.598565,4.78125,0.27117682,0.0271556
1736,946355,5.53537,4.34375,0.6125303,0.061370097
1736,1240121,2.525284,3.53125,0.7438936,0.07466339
1736,1240123,2.761356,2.265625,0.33261815,0.03523378
1736,1240128,2.426437,1.6875,0.56429857,0.06442228
1736,1240146,-0.264732,5.65625,0.79020274,0.07929373
1736,1240154,0.839198,1.484375,0.15565719,0.01728538
1736,1240157,3.625512,2.109375,0.6219526,0.06599926
1736,1240172,6.183543,5.25,0.3810442,0.03813882
1736,1240174,4.413416,4.3125,0.35755122,0.03588278
1736,1240221,5.509069,4.09375,0.15161903,0.015192749
1736,1240222,3.152577,3.90625,0.61189395,0.061713338
1736,1247871,3.067174,3.265625,0.41815048,0.042068973
1736,1290765,4.603309,5.34375,0.32000065,0.032125544
1736,1290769,0.53828,-0.043945312,0.48988158,0.27978835
1736,1290908,4.527,4.28125,0.7875614,0.07883672
1736,1290922,3.504005,2.40625,0.25126752,0.025831524
1736,1295741,2.656848,2.28125,0.96793604,0.09803753
1736,1298136,1.981855,2.671875,0.5831418,0.06366015
1736,1298226,4.680209,4.1875,0.33068293,0.03309815
1736,1298348,3.164186,4.0625,0.58343506,0.058579545
1736,1299052,-2.463781,0.8359375,0.35796905,0.082929
1736,1327771,-1.857679,-0.3203125,0.40272513,0.06801562
1736,1327775,1.653639,2.734375,0.42372563,0.04348914
1736,1331036,3.895921,3.5,0.091456704,0.009322053
1736,1331040,3.678527,3.953125,0.09955207,0.010141302
1736,1480362,6.16051,4.6875,1.1425865,0.11504486
1736,1503361,2.984475,3.890625,0.6499821,0.06510784
1776,683667,4.139822,3.5,0.65798527,0.06659293
1776,687561,3.099889,3.90625,0.13186589,0.013218949
1776,687588,5.021012,4.90625,0.16971743,0.01700627
1776,687590,4.239415,4.375,0.08724791,0.008741466
1776,687985,3.863124,3.71875,0.2778781,0.028074794
1776,688025,3.724459,3.4375,0.23325415,0.023432342
1776,688121,5.178634,5.03125,0.14133321,0.014165903
1776,722046,3.67046,3.703125,0.23008436,0.023890078
1776,724831,4.914708,4.6875,0.068378136,0.006851725
1776,724863,4.600831,4.875,0.2784239,0.027910715
1776,724866,5.624722,5.46875,0.09145703,0.009156305
1776,724868,4.012356,3.96875,0.053114265,0.005338168
1776,724878,5.814475,5.71875,0.08235416,0.008243841
1776,749714,4.721279,4.875,0.14667046,0.0146787325
1776,753551,4.143257,3.78125,0.1959907,0.019638944
1776,753555,4.250147,4.09375,0.081292056,0.008224334
1776,753574,5.380496,5.59375,0.050648272,0.0050723664
1776,753576,5.333037,5.46875,0.060632396,0.006070722
1776,753608,6.220035,5.84375,0.10817276,0.010840702
1776,753620,4.183829,3.90625,0.26059964,0.026256897
1776,753621,4.720593,4.625,0.29959452,0.03004276
1776,753623,4.808017,4.5625,0.073590755,0.007403765
1776,905938,3.681842,3.359375,0.14763449,0.015022718
1776,905942,4.085109,4.125,0.05372386,0.0053909775
1776,905948,4.565305,4.53125,0.2862343,0.028763104
1776,905951,4.305471,5.34375,0.12138964,0.012159439
1776,905960,3.874568,4.3125,0.07709736,0.007728655
1776,905974,4.190135,4.0625,0.08921451,0.00898095
1776,905989,4.130149,4.46875,0.13741039,0.013752694
1776,906794,4.027064,3.921875,0.05131928,0.0051540285
1776,906798,4.052273,3.953125,0.048206724,0.0048311125
1776,906801,3.954327,3.859375,0.081577495,0.008262588
1776,906818,4.898212,4.59375,0.1672339,0.016745357
1776,906846,4.276386,4.03125,0.57298774,0.057516538
1776,906852,4.560226,5.1875,0.10183483,0.010198642
1776,906875,4.323236,3.578125,0.36686188,0.036809236
1776,907169,4.158181,4.15625,0.06383162,0.0064045712
1776,907287,4.2053,4.5,0.2580061,0.02594327
1776,907318,3.563547,3.890625,0.061858054,0.0062245615
1776,907783,3.315504,3.265625,0.15652497,0.016016552
1776,907792,5.950061,5.96875,0.07467318,0.007486825
1776,908123,4.241259,4.0625,0.08609269,0.0086487355
1776,908451,3.744628,3.671875,0.09885419,0.009987513
1776,908455,4.778066,4.90625,0.06635943,0.0066486257
1776,908467,3.731796,3.734375,0.11738549,0.011880271
1776,908470,6.463344,6.46875,0.10182436,0.01030159
1776,908483,3.171775,3.46875,0.2128571,0.021512516
1776,909260,3.200993,3.953125,0.25321582,0.02542087
1776,909722,3.61338,3.078125,0.09519441,0.009786448
1776,909743,2.664879,3.953125,0.22725078,0.022763409
1776,909745,5.002016,4.96875,0.097062446,0.0097431345
1776,909753,5.647088,5.65625,0.080759495,0.008082384
1776,909755,4.949246,4.65625,0.099606104,0.009985054
1776,909761,4.565384,4.4375,0.1153107,0.011565203
1776,909785,3.530057,3.0625,0.33515498,0.03403498
1776,910689,6.328852,6.96875,0.20844498,0.021299971
1776,910692,4.182537,4.15625,0.068421215,0.0068578958
1776,910698,3.015763,4.125,0.12901576,0.01298762
1776,910851,3.848176,3.9375,0.07261457,0.0073519074
1776,910905,4.074082,4.6875,0.16174616,0.016211905
1776,910919,2.237195,2.71875,0.3673838,0.03716829
1776,910922,4.604011,4.40625,0.11671643,0.011695389
1776,910933,4.498712,4.28125,0.076228835,0.007637453
1776,910952,4.907353,4.71875,0.17091581,0.017136227
1776,924104,4.845174,4.34375,0.11344791,0.011369361
1776,924105,4.690385,4.8125,0.12882523,0.012925732
1776,930082,3.637695,4.15625,0.06777901,0.006800635
1776,1240123,4.099412,3.71875,0.20149949,0.02063347
1776,1240128,4.55548,4.5625,0.14871538,0.014891073
1776,1240142,3.583179,4.5625,0.058993433,0.005948304
1776,1240143,4.503659,4.625,0.10016124,0.01003013
1776,1240144,4.502252,5.0,0.11237432,0.01124967
1776,1240145,4.455563,4.3125,0.06708378,0.0067381854
1776,1240151,4.563573,5.0,0.29670352,0.029734608
1776,1240158,4.954791,4.90625,0.05951991,0.0059580803
1776,1240160,5.244862,5.15625,0.22512881,0.022538979
1776,1240168,4.256165,4.28125,0.14389202,0.014453136
1776,1240172,5.107134,5.09375,0.062458385,0.006256373
1776,1240196,5.076706,4.59375,0.08064361,0.008079774
1776,1240215,5.141528,4.6875,0.14392759,0.014408435
1776,1240217,4.047005,4.125,0.45211107,0.045322057
1776,1290722,3.287611,4.28125,0.101019554,0.010116081
1776,1290730,4.266293,4.53125,0.058667995,0.005892065
1776,1290769,5.261417,5.625,0.17626545,0.017649699
1776,1290922,4.688019,4.09375,0.13604735,0.013701318
1776,1298146,4.056502,4.8125,0.11864732,0.01190579
1776,1298348,5.545327,5.25,0.087951474,0.008807446
1776,1298475,5.383675,5.34375,0.081316,0.008141027
1776,1298534,4.605071,5.5,0.16809334,0.01685909
1776,1298537,4.469421,4.15625,0.12400189,0.012470929
1776,1330935,3.532522,3.5625,0.44212872,0.044856664
1776,1331033,2.947992,2.953125,0.17143483,0.017887667
1776,1331038,3.02487,3.203125,0.061591636,0.0064026485
1776,1480371,4.591163,4.6875,0.20145455,0.020189084
1776,1503361,4.534819,4.625,0.07561043,0.0075722975
1776,1660034,4.55776,4.34375,0.16558914,0.016590562
1776,1660036,4.071979,4.28125,0.051964805,0.00522433
1776,1674021,5.374306,5.09375,0.0665111,0.006669605
1778,687506,4.049961,3.515625,0.13440524,0.013669305
1778,687561,1.29248,1.8203125,0.20475127,0.020982027
1778,687562,2.135424,2.640625,0.1881205,0.018978244
1778,687563,5.010386,3.078125,0.53765666,0.053990092
1778,688023,1.04094,1.4140625,0.2035875,0.024289876
1778,724859,4.918549,4.8125,0.3843389,0.041357208
1778,724868,3.604439,3.203125,0.23303768,0.024347402
1778,749715,-0.607369,0.296875,0.88334906,0.152005
1778,749717,4.545446,4.15625,0.23535536,0.02397549
1778,753541,2.477223,2.21875,0.27615064,0.032326084
1778,753566,4.704508,4.1875,0.8384116,0.087480634
1778,753576,3.511603,3.78125,1.0451962,0.10680348
1778,905936,3.999627,2.921875,0.46448475,0.047672458
1778,905938,3.680856,2.8125,0.7181444,0.07503058
1778,905948,2.206891,1.109375,0.39154506,0.044530682
1778,905955,3.256084,4.5,0.36162496,0.038306426
1778,905956,4.451234,2.609375,0.42154777,0.042828884
1778,905964,2.077416,2.078125,0.23483628,0.02401304
1778,905969,5.367561,4.1875,1.3820575,0.13963309
1778,905972,3.852687,4.59375,0.1930553,0.019355962
1778,906693,4.599833,3.5,0.21297832,0.02143127
1778,906837,2.145852,1.7421875,0.23170328,0.02764435
1778,906839,4.586112,3.25,0.5936355,0.05949211
1778,906999,4.110657,3.71875,0.64407176,0.06474173
1778,907042,2.489405,2.03125,0.19715984,0.02567256
1778,907048,1.139811,0.53515625,0.16567399,0.036395203
1778,907056,1.353342,2.171875,0.36849618,0.03805771
1778,907060,2.655642,2.5,0.28865704,0.030080268
1778,907062,1.886713,2.40625,0.691536,0.07057322
1778,907273,2.856028,2.890625,0.23595023,0.023773327
1778,907274,0.379125,0.734375,0.18259302,0.03244915
1778,907277,0.567865,-0.8203125,1.0999001,0.21229737
1778,907281,2.34885,1.7421875,0.18941829,0.019209165
1778,907285,5.538064,4.34375,0.41217723,0.042063862
1778,907289,4.520653,4.0,0.7585433,0.07741151
1778,907291,1.040288,1.1640625,0.05959719,0.0135242725
1778,907313,2.697641,3.625,0.4305452,0.04354285
1778,907320,4.224835,3.75,0.24541436,0.024972422
1778,908150,3.976321,4.53125,0.307977,0.03194157
1778,908152,2.170075,4.0625,0.65172815,0.06664207
1778,908159,1.349735,1.296875,0.14235306,0.0174437
1778,908451,3.345643,3.171875,0.28971246,0.029211689
1778,908483,1.360166,2.703125,0.3550182,0.03593044
1778,909264,3.054763,3.703125,0.20837891,0.021895036
1778,909698,2.406199,2.1875,0.2191468,0.037240975
1778,909722,3.5392,2.28125,0.36094403,0.03776205
1778,909749,4.302243,3.234375,0.40219456,0.041098293
1778,909755,4.948208,4.71875,0.26851383,0.027516138
1778,909776,5.421785,3.828125,0.19559184,0.01969377
1778,910546,4.522404,3.921875,0.6045722,0.06277383
1778,910780,3.570011,2.609375,0.4482575,0.04748329
1778,910906,1.978,2.890625,0.33913392,0.034100913
1778,910916,4.528576,4.09375,0.18787372,0.020010319
1778,910919,1.592153,1.140625,0.09338786,0.010581874
1778,910920,3.333647,3.359375,0.13394101,0.013644479
1778,910934,0.373999,0.79296875,0.10144691,0.013505894
1778,924102,5.154512,4.6875,0.27288336,0.028549122
1778,946353,3.627612,3.4375,0.22637819,0.023620507
1778,1240122,5.101261,3.671875,0.42027125,0.043493662
1778,1240158,4.470581,4.15625,0.30039802,0.03063752
1778,1240173,4.231211,1.5546875,0.5186256,0.087589875
1778,1240192,4.872826,3.859375,0.4676092,0.047125503
1778,1240196,5.031386,4.59375,0.8278443,0.08398987
1778,1290722,2.538623,3.0625,0.1506829,0.015178657
1778,1290730,1.542944,2.296875,0.18144806,0.019482613
1778,1290769,5.206893,3.953125,1.2294562,0.12468082
1778,1290905,5.763625,5.6875,2.953139,0.3056189
1778,1295741,2.349156,1.5390625,0.24537745,0.025126556
1778,1297449,0.36654,-0.89453125,1.264326,0.15769467
1778,1298218,5.245755,4.90625,0.5202246,0.052292682
1778,1298226,4.729427,3.875,0.39381996,0.040011764
1778,1298350,1.841489,1.8203125,0.20582187,0.021659419
1778,1298357,5.570278,5.40625,1.9295352,0.19744134
1778,1298358,3.315698,3.203125,0.46376932,0.049126435
1778,1298365,3.707189,3.15625,0.32768336,0.033462353
1778,1298537,3.714829,2.40625,0.22683547,0.023057789
1778,1330947,1.756127,1.3359375,0.10297162,0.018420566
1778,1331033,-0.790093,-1.0234375,0.3593531,0.1644905
1778,1331036,-1.020894,-1.3359375,0.38562715,0.19564834
1778,1331037,-1.426915,-2.265625,0.30284348,0.17520022
1778,1331048,3.318106,2.203125,0.44376627,0.046302974
1778,1480372,4.323282,3.984375,0.13038604,0.013211482
1778,1503364,3.094229,2.078125,0.31925905,0.035040565
1778,1659818,-0.652162,-1.46875,0.033162855,0.014421859
1778,1660036,1.597905,1.4375,0.37901258,0.051051255
1779,684052,0.562131,0.59375,0.05608255,0.0057308013
1779,687455,0.213384,1.046875,0.20362405,0.020821452
1779,687505,0.853544,0.73828125,0.07499352,0.0077032354
1779,687586,0.420625,1.1171875,0.03488441,0.0035803667
1779,687777,1.567744,2.09375,0.03241454,0.0033866193
1779,687815,0.671182,0.97265625,0.033342566,0.0046026544
1779,687829,0.866153,1.09375,0.050960384,0.0052974955
1779,713880,0.509722,0.071777344,0.04924657,0.005348891
1779,722046,-0.650894,0.40429688,0.06778337,0.00789941
1779,722066,0.93408,0.96484375,0.03722313,0.0038838955
1779,724863,0.851692,1.5703125,0.10220223,0.010525346
1779,724866,1.965957,1.734375,0.069319166,0.0071521946
1779,753539,0.782268,0.43554688,0.071789436,0.0076762848
1779,753572,0.569671,0.33398438,0.04228028,0.0044635464
1779,753576,1.975669,2.015625,0.04222157,0.004405437
1779,753608,2.684376,1.9140625,0.06380599,0.0068659135
1779,753620,0.79121,0.38867188,0.23226127,0.02391954
1779,753623,1.282249,1.34375,0.06974904,0.0074891597
1779,905933,0.708571,0.61328125,0.03390462,0.003711104
1779,905936,0.482578,0.71875,0.06009093,0.006200045
1779,905937,1.90348,0.765625,0.05888561,0.006160626
1779,905942,0.696746,0.61328125,0.046850156,0.004876091
1779,905946,1.627899,0.75390625,0.054483734,0.005792153
1779,905965,-0.103627,-0.24414062,0.12871076,0.013484581
1779,905986,1.269835,1.3671875,0.049176764,0.005100326
1779,906693,1.447133,1.078125,0.044830024,0.0047176336
1779,906792,0.562021,0.8125,0.04771461,0.004875722
1779,906801,0.610135,0.375,0.048504665,0.0053863334
1779,906804,0.291053,0.19726562,0.05144237,0.00576808
1779,906827,0.945662,0.65625,0.05846329,0.006182302
1779,906828,1.058335,1.1015625,0.025590522,0.0029104273
1779,906834,0.14728,-0.21289062,0.20066358,0.021022828
1779,906875,0.892869,0.67578125,0.06286623,0.0064629545
1779,907000,0.433733,0.27539062,0.035581734,0.0040780148
1779,907056,-1.193509,0.984375,0.23094024,0.025146326
1779,907062,1.034388,1.3203125,0.054248758,0.0058006993
1779,907071,1.502208,1.5625,0.10235976,0.010881842
1779,907169,0.632996,1.0546875,0.06412761,0.0065926295
1779,907173,1.610268,1.5703125,0.07027326,0.007154651
1779,907278,0.216266,0.41796875,0.07111533,0.0072530354
1779,907286,1.202179,0.9375,0.033226013,0.003552784
1779,907295,1.241021,0.61328125,0.06960217,0.007682816
1779,907299,1.089153,0.66796875,0.11039971,0.011281205
1779,907313,0.980481,1.3359375,0.0822381,0.008347358
1779,907318,0.314897,0.81640625,0.034047745,0.0035670644
1779,907323,0.181035,0.33984375,0.051726203,0.005390266
1779,907794,1.070374,1.6171875,0.048576057,0.0059191072
1779,908127,0.844918,0.33984375,0.11382563,0.011767558
1779,908129,1.695995,1.7734375,0.030802978,0.0033219964
1779,908131,1.08981,0.9296875,0.040429257,0.0041796705
1779,908147,-0.723367,-0.92578125,0.04613302,0.0052273795
1779,908444,0.677492,0.625,0.18508741,0.018814106
1779,908447,0.839227,0.38085938,0.06290582,0.0066520846
1779,908457,2.044133,1.6875,0.042926043,0.004490933
1779,908463,2.52115,3.140625,0.080943905,0.0082605565
1779,908467,0.026215,0.14160156,0.05786453,0.0060622664
1779,909251,-0.073511,-0.13867188,0.12827046,0.013059453
1779,909263,1.990781,1.8203125,0.05126725,0.0057109897
1779,909720,1.133837,1.2578125,0.029117556,0.00303051
1779,909722,0.101954,-0.07470703,0.027647275,0.0047877505
1779,909747,3.134367,3.234375,0.05438231,0.0059855366
1779,909748,1.217315,1.0703125,0.036399104,0.004331957
1779,909749,0.810486,1.2890625,0.049381796,0.0050036544
1779,909753,2.163881,2.25,0.043195304,0.004648078
1779,909776,2.397232,1.6484375,0.07058999,0.007346896
1779,909784,1.542467,1.3515625,0.060111172,0.0063459612
1779,909974,2.588534,2.1875,0.052609097,0.0053689084
1779,910692,-0.016286,0.90625,0.06474631,0.0068031014
1779,910700,2.143582,1.7734375,0.05333392,0.0055253985
1779,910903,0.444957,0.17382812,0.050020576,0.0053595505
1779,910904,1.347743,1.5546875,0.032202102,0.0033193964
1779,910905,1.715941,1.2578125,0.12575813,0.01308871
1779,910922,1.081939,1.2265625,0.04692727,0.0048053344
1779,910927,1.044232,0.65625,0.06653097,0.006851725
1779,917486,1.06565,0.796875,0.06438188,0.0070861303
1779,924110,0.548035,0.859375,0.058057882,0.00617212
1779,924187,1.671904,2.296875,0.036575068,0.0038489336
1779,925338,1.001114,0.6953125,0.035709247,0.003730845
1779,925340,1.673355,1.890625,0.0870723,0.009085203
1779,998184,0.003099,-0.064941406,0.07386173,0.0076208855
1779,1240142,0.854952,1.234375,0.030328862,0.003347756
1779,1240145,1.037962,0.79296875,0.045767803,0.004935902
1779,1240179,0.567988,0.7265625,0.024645459,0.0027125787
1779,1240185,1.106773,1.15625,0.24265203,0.024493389
1779,1240223,2.445554,2.203125,0.03428528,0.0035558688
1779,1290730,0.614878,1.1328125,0.027907161,0.003185978
1779,1290798,0.924445,1.6015625,0.04709248,0.005397259
1779,1295741,-0.049444,-0.40429688,0.11053185,0.012274314
1779,1298136,1.992139,1.8359375,0.04828124,0.0053293733
1779,1298157,0.703277,1.0234375,0.045360707,0.004788749
1779,1298347,0.443311,0.65234375,0.08702642,0.009218587
1779,1298348,2.093577,1.6875,0.03112831,0.0032862285
1779,1298359,0.910388,1.859375,0.031176139,0.0035874406
1779,1298534,1.373645,1.7109375,0.102492586,0.010753265
1779,1298538,1.131256,1.1640625,0.02956166,0.0035922502
1779,1303900,0.800216,0.64453125,0.085664965,0.008905148
1779,1331037,-0.560321,-1.046875,0.20343715,0.021709867
1779,1480371,1.197484,0.86328125,0.12944844,0.013127542
1779,1503364,1.014527,0.8828125,0.034667443,0.0037946005
1779,1659818,-0.459971,0.22363281,0.048601888,0.005196892
1779,1659823,0.495855,0.78515625,0.18871388,0.020398963
1779,1659928,0.772608,0.609375,0.039843526,0.0042280448
1779,1660035,1.51449,1.34375,0.035103507,0.0042774454
1782,684072,4.913319,4.375,0.1641959,0.016543671
1782,687452,5.86091,5.75,0.06939689,0.006952952
1782,687455,5.123181,4.875,0.52949715,0.05300738
1782,687459,6.070948,6.21875,0.13926812,0.013955145
1782,687586,4.239538,5.625,0.073903866,0.0073984354
1782,687816,5.997069,6.40625,0.11654927,0.011670237
1782,687821,6.99672,7.59375,1.0993428,0.11073949
1782,687829,5.721712,5.5625,0.21891995,0.021992352
1782,687983,4.95884,5.46875,0.19587961,0.01963603
1782,688023,5.234572,4.5625,0.72964364,0.07349879
1782,688025,4.372297,4.25,0.35846227,0.035910588
1782,688058,6.163529,6.25,0.098362386,0.009852828
1782,724831,5.441573,5.9375,0.062387433,0.006265611
1782,724839,7.03275,6.75,0.121784106,0.012188741
1782,724868,5.23935,5.09375,0.06160249,0.0061713094
1782,753541,3.396337,5.28125,0.089192264,0.008982546
1782,753556,5.222162,5.40625,0.3945594,0.040012803
1782,753586,5.960856,6.15625,0.11036868,0.011050487
1782,753592,5.384598,5.34375,0.114285,0.011474736
1782,753608,6.601796,6.78125,0.12497562,0.012528231
1782,753612,4.685009,5.53125,0.30107394,0.030146945
1782,753624,6.05339,5.9375,0.147088,0.014726952
1782,905934,6.612364,6.53125,0.14243391,0.014254052
1782,905936,5.359947,5.4375,0.088120714,0.00883
1782,905937,5.135012,5.5625,0.11053728,0.011101331
1782,905940,4.727144,5.3125,0.18227643,0.01828878
1782,905946,6.29178,6.03125,0.30635154,0.030741168
1782,905956,6.02094,5.90625,0.2205826,0.02206606
1782,905973,5.771221,6.0625,0.13827991,0.013851315
1782,905977,5.740012,6.46875,0.13151808,0.013167054
1782,905991,4.303754,4.90625,0.12273953,0.012319165
1782,906798,5.471035,5.375,0.05313273,0.00532478
1782,906805,5.436516,6.40625,0.14712587,0.014746506
1782,906814,5.648023,5.46875,0.16972536,0.01700301
1782,906827,4.786141,5.59375,0.1867542,0.018694526
1782,906830,6.269982,6.3125,0.20468731,0.020503255
1782,906834,3.167964,3.921875,0.76685494,0.077767804
1782,906868,5.642083,5.75,0.19869739,0.019976227
1782,906875,5.61075,4.59375,1.8450881,0.18613884
1782,907045,5.339795,4.3125,0.7075095,0.07116738
1782,907048,4.741734,5.3125,0.12110022,0.01213974
1782,907056,4.130927,4.625,1.7816892,0.17855477
1782,907064,6.285499,6.09375,0.0963571,0.009645567
1782,907072,4.454273,3.9375,1.2204608,0.12376859
1782,907273,4.952528,4.34375,0.22731042,0.022849116
1782,907276,6.524446,6.71875,0.22536586,0.022612175
1782,907287,5.596087,5.65625,0.29785186,0.029873352
1782,907318,5.150836,4.96875,0.098474205,0.00990538
1782,907320,5.953413,5.84375,0.09754497,0.0097939605
1782,907791,4.883732,5.34375,0.19783004,0.019810667
1782,908122,5.062064,5.03125,0.6814066,0.06827929
1782,908126,4.741267,4.09375,0.57017446,0.057409782
1782,908444,4.034924,4.78125,0.87478447,0.08773738
1782,908467,3.636495,5.0625,0.12179457,0.01223529
1782,909250,4.995857,6.21875,0.2284836,0.022894846
1782,909262,4.686894,3.75,0.5363312,0.054344237
1782,909698,5.72005,4.9375,0.10746755,0.010793036
1782,909704,5.010868,5.375,0.12728238,0.012798617
1782,909720,5.658002,5.75,0.057043567,0.005721242
1782,909731,4.052401,4.65625,0.16416119,0.016482534
1782,909736,6.279249,6.21875,0.12450137,0.012567216
1782,909746,5.876393,6.0,0.15606561,0.015632885
1782,909747,6.926682,8.0625,0.17830189,0.017949102
1782,909784,5.196404,6.3125,0.21203175,0.021262137
1782,909905,5.445689,5.71875,0.1064889,0.010682442
1782,910079,5.117096,5.25,0.34626976,0.034818437
1782,910549,6.276164,5.96875,0.08963637,0.00898305
1782,910689,7.39398,7.78125,0.25555184,0.026978714
1782,910704,4.572742,5.15625,0.21721175,0.021809053
1782,910706,3.70235,3.375,0.25531024,0.026639303
1782,910852,5.669845,5.65625,0.11358626,0.011390212
1782,910905,6.457609,5.875,0.49829245,0.049898922
1782,910926,5.036258,4.6875,0.17579398,0.01763836
1782,910941,3.335544,4.15625,0.46000135,0.046370167
1782,924100,5.139826,6.03125,0.23703931,0.023749236
1782,924244,5.248482,5.90625,0.11391804,0.011413577
1782,925340,6.16863,6.15625,0.31570116,0.03163849
1782,925348,7.727545,7.78125,0.08877515,0.00896638
1782,930297,5.826472,6.03125,0.10345176,0.010360574
1782,1240145,4.69637,5.65625,0.061442245,0.006186502
1782,1240173,4.82882,5.25,0.1864235,0.018717771
1782,1240179,5.210843,5.21875,0.077556916,0.0077687735
1782,1240187,5.563686,6.21875,0.13776323,0.013802653
1782,1240210,3.666256,4.0625,0.20065552,0.020357732
1782,1290797,5.264315,5.3125,0.16413423,0.016437855
1782,1290798,5.773395,6.125,0.10832107,0.0108802365
1782,1290905,7.104369,6.71875,0.16005628,0.016079
1782,1297447,4.790042,4.5,0.16660328,0.016895466
1782,1298146,5.80756,6.125,0.12359907,0.012380754
1782,1298357,4.842115,7.125,0.16589516,0.01667304
1782,1298359,5.320756,5.90625,0.11172483,0.011220598
1782,1298526,6.983225,6.84375,0.08221561,0.008276392
1782,1299075,6.29517,5.9375,0.43119162,0.04315809
1782,1303896,4.916718,4.0625,0.40525314,0.04090641
1782,1303897,5.385848,4.65625,1.3251673,0.13354993
1782,1327766,4.56013,3.75,0.5318,0.05388511
1782,1330950,3.763523,4.15625,0.3387818,0.0341507
1782,1330995,4.331475,4.65625,0.57156676,0.057444442
1782,1480371,4.917255,5.6875,0.3475367,0.03485031
1782,1503361,4.717339,5.65625,0.13094886,0.013112088
1782,1503363,5.831349,5.40625,1.5621887,0.15677662
1782,1659818,3.259929,3.703125,0.14453022,0.014884516
1782,1659823,5.287458,5.96875,0.21148314,0.021181826
1782,1660036,5.319624,5.65625,0.085360676,0.008548004
1786,684052,0.932689,2.109375,0.35377824,0.038425446
1786,687457,0.944922,3.296875,0.48872796,0.049876083
1786,687562,2.755416,2.234375,0.6342598,0.06578171
1786,687563,0.08971,2.0,0.9670621,0.09863043
1786,687794,4.10812,2.671875,0.7665326,0.079878554
1786,687983,1.323169,2.015625,1.0832617,0.11100799
1786,724825,1.447463,2.046875,1.747449,0.19729419
1786,724831,3.633478,2.734375,0.18219042,0.019648615
1786,724839,3.074027,3.671875,0.53086793,0.054530054
1786,724859,2.901713,2.90625,0.59959507,0.06374282
1786,724866,4.35617,4.0625,1.9505504,0.19683291
1786,735784,3.651606,3.140625,0.120409325,0.012580174
1786,749712,0.415417,3.265625,0.6827029,0.06971622
1786,749713,3.451291,3.84375,0.19816022,0.021873293
1786,749716,4.114449,2.78125,6.169234,0.6291987
1786,753539,1.507147,2.546875,2.1745815,0.25572294
1786,753570,2.623057,2.90625,0.20955043,0.021985505
1786,753574,3.110054,3.203125,0.1044965,0.010889333
1786,753618,1.979163,0.765625,0.27217373,0.055313516
1786,753620,1.397207,2.28125,1.1366189,0.1496235
1786,905937,2.349416,2.0625,0.17178987,0.01761777
1786,905938,2.500064,1.4140625,1.8025513,0.2091577
1786,905940,2.476159,1.71875,2.3734415,0.24512531
1786,905941,2.077703,5.15625,0.4241825,0.047404982
1786,905950,3.517244,2.8125,0.7133008,0.07186911
1786,905956,6.000137,3.171875,0.653806,0.06780893
1786,905965,1.986271,0.578125,0.35576603,0.040027086
1786,905977,3.072527,3.125,0.35451555,0.039132085
1786,905982,3.112675,3.34375,0.60630304,0.06111802
1786,905989,-1.593209,2.609375,3.6587188,0.3856271
1786,905990,2.654856,2.28125,0.46270382,0.04688388
1786,906792,2.466986,2.5625,0.29272953,0.030020632
1786,906798,1.422979,2.203125,0.083950676,0.0086536445
1786,906801,2.440786,2.5,3.7533538,0.39379242
1786,906808,3.636008,3.265625,0.7569858,0.082425706
1786,906814,1.497452,2.28125,5.209981,0.5482661
1786,906825,5.531233,2.953125,0.927191,0.094399035
1786,906827,-0.055806,2.46875,0.6103979,0.06316977
1786,906842,1.745722,1.390625,0.9542838,0.12957007
1786,906855,1.276024,1.0859375,3.3935149,0.4058996
1786,906864,2.01657,2.609375,0.44913867,0.045456123
1786,906865,1.889091,2.484375,0.253405,0.027592443
1786,906999,3.317329,2.8125,0.8696327,0.087807015
1786,907056,2.276553,2.703125,1.7381968,0.19302283
1786,907071,-0.022734,2.578125,4.3474092,0.46133065
1786,907171,2.873264,2.453125,0.25499666,0.033567533
1786,907176,5.283621,2.9375,0.78552437,0.0795309
1786,907277,1.294064,1.3125,0.18839437,0.025375856
1786,907286,1.923913,2.765625,0.39829624,0.04084694
1786,907299,-2.122525,2.15625,1.2377046,0.1266492
1786,907311,2.692109,1.7734375,3.1936584,0.34521744
1786,907791,4.354181,3.015625,1.8284079,0.18751086
1786,907792,7.020432,3.828125,0.6278283,0.072849594
1786,907795,3.997208,3.421875,0.7008634,0.07277192
1786,908120,4.76868,5.375,2.1884394,0.22333647
1786,908121,2.273936,2.5,0.8352284,0.09028374
1786,908122,2.141925,2.171875,2.4139955,0.24776077
1786,908147,0.922203,0.75390625,0.053995647,0.009175815
1786,908148,0.853289,1.125,0.58416325,0.08858333
1786,908158,2.165054,1.6484375,3.9792483,0.4724192
1786,908445,2.580404,1.9453125,2.0237882,0.21777196
1786,908447,2.428156,2.265625,2.6420245,0.3004792
1786,908451,2.505068,2.453125,0.5191667,0.05682652
1786,908452,5.316543,2.84375,1.8530009,0.18753727
1786,908460,4.765504,6.1875,0.6114807,0.08440964
1786,908461,3.917983,3.21875,0.36330125,0.03714915
1786,908462,3.709069,3.59375,0.58930165,0.05943476
1786,908468,5.949311,3.78125,2.0081582,0.20563461
1786,908472,2.172863,3.125,1.3873385,0.14140946
1786,908473,3.457945,4.25,0.31122077,0.032242496
1786,908474,2.407096,2.265625,1.1448457,0.11662465
1786,909248,3.606498,3.0625,0.5025751,0.05086428
1786,909250,2.625526,2.296875,0.694757,0.072309226
1786,909264,3.56609,3.109375,0.8488639,0.087194175
1786,909699,5.720495,5.71875,1.657992,0.20259452
1786,909706,5.743449,3.1875,1.5057529,0.15418851
1786,909709,3.581379,3.3125,0.34073868,0.035029594
1786,909720,3.299765,2.890625,0.2792284,0.028342329
1786,909723,2.427199,3.09375,2.0717387,0.22394393
1786,909725,2.955919,3.140625,2.16694,0.21843712
1786,909727,4.854793,2.8125,2.3194466,0.23511758
1786,909737,3.811824,2.71875,0.15097976,0.019068774
1786,909745,1.954125,3.0,0.7139426,0.072086945
1786,909748,6.254718,3.25,0.6508119,0.07163099
1786,909749,2.713287,2.6875,0.58540034,0.059600696
1786,909759,2.865657,3.140625,0.6838947,0.06879199
1786,909774,2.669937,3.125,0.5233889,0.05405479
1786,909776,1.506393,3.1875,0.43615228,0.044568263
1786,909784,4.01274,3.375,3.9971697,0.5115294
1786,909905,3.477775,3.84375,0.44110894,0.044396035
1786,910554,5.833314,3.328125,0.6327046,0.06369243
1786,910861,3.398631,2.328125,1.0257913,0.10511867
1786,910904,3.34707,2.65625,0.18711843,0.019288186
1786,910943,0.864269,2.5625,0.9494584,0.09847227
1786,910947,0.72995,1.21875,0.22462034,0.029144583
1786,924100,3.041718,4.09375,0.580224,0.059141412
1786,924102,2.336027,3.015625,0.19831915,0.02077721
1786,924110,0.375851,1.8046875,9.888023,1.0794511
1786,924239,2.023294,1.8515625,0.23728317,0.029779337
1786,924247,3.778978,3.078125,0.45818478,0.04757416
1786,925340,3.613795,3.984375,1.6943144,0.1763416
1786,925347,2.717772,3.8125,0.7823288,0.07933702
1786,930301,2.558271,3.59375,11.980652,1.2234396
1786,946355,1.783996,2.953125,0.7100159,0.07173487
1786,946382,2.733936,2.09375,2.230777,0.23475315
1786,949093,4.038309,5.84375,0.9531815,0.13270722
1786,949176,5.126306,3.65625,2.7343352,0.2802029
1786,1240127,3.680708,2.21875,0.5989415,0.06344503
1786,1240142,1.290695,2.515625,0.5728118,0.059343345
1786,1240146,3.055498,3.1875,0.4176059,0.042702038
1786,1240183,3.114591,3.09375,1.5499381,0.15558288
1786,1240186,1.934485,2.09375,1.2101942,0.12392342
1786,1240187,3.669477,3.21875,0.7700574,0.07853796
1786,1240189,1.065142,1.8046875,0.20270936,0.025206417
1786,1240199,4.356056,5.5625,0.11869775,0.05991196
1786,1240207,5.179904,3.203125,0.49441016,0.05074386
1786,1240220,6.072896,4.1875,1.2278103,0.12404906
1786,1290455,2.661295,2.234375,1.7298849,0.17941353
1786,1290765,1.024911,2.65625,2.4541826,0.24838124
1786,1290769,6.126724,3.75,0.84926116,0.08666953
1786,1290806,3.086421,2.3125,2.0411706,0.20933057
1786,1297447,1.979359,2.203125,0.41685843,0.054673545
1786,1298141,4.572501,4.3125,0.7337479,0.07418142
1786,1298146,2.51608,3.75,1.5727179,0.15900072
1786,1298157,2.396425,2.859375,0.5911722,0.05992593
1786,1298218,3.359093,2.875,0.4222932,0.04489389
1786,1298226,2.24323,2.3125,0.28107136,0.02870243
1786,1298350,2.360063,2.953125,0.51809424,0.0536746
1786,1298365,3.887833,3.4375,1.2754858,0.12978852
1786,1298539,4.06543,3.640625,0.60086346,0.06376137
1786,1299064,2.87227,2.15625,0.33025122,0.034214053
1786,1322212,2.553057,2.875,1.2602352,0.14998405
1786,1327768,4.073823,1.3125,0.8503119,0.12215721
1786,1330933,0.831681,1.625,1.356042,0.14443123
1786,1330991,2.812715,2.484375,1.1345246,0.12452077
1786,1331033,1.84938,1.6875,0.9723279,0.11543546
1786,1331048,2.793239,1.921875,0.41701332,0.045524314
1786,1480360,4.583708,3.09375,0.53132224,0.053486574
1786,1480372,3.449719,3.1875,0.49746203,0.051185742
1786,1480374,4.639158,3.296875,1.4665929,0.15535413
1786,1659928,2.216791,2.125,0.49287766,0.05047048
1786,1660035,2.914486,3.25,0.32810315,0.034527544
1799,687562,4.820445,3.3125,0.30996874,0.032148145
1799,687777,-0.074434,4.21875,1.1177614,0.11727271
1799,687780,6.502209,5.15625,0.30670404,0.030958826
1799,687800,5.198532,4.78125,0.81145626,0.084066935
1799,687980,2.111421,4.3125,0.120657764,0.012437416
1799,687995,5.256401,5.4375,0.13059284,0.013274741
1799,688013,5.026036,3.65625,0.35819164,0.03655448
1799,688086,5.165894,4.5625,0.34435838,0.035188295
1799,724831,6.119824,5.3125,0.11538659,0.012629889
1799,724870,5.478107,4.53125,0.33595398,0.043745212
1799,753541,1.676445,2.546875,0.41125718,0.057012178
1799,753551,5.477919,5.25,0.14439952,0.014832529
1799,753554,4.435306,5.9375,0.14900373,0.0150542585
1799,753555,0.188426,0.53515625,0.25409612,0.13365044
1799,753566,6.255997,5.75,0.15202518,0.015628926
1799,753569,5.622875,5.1875,0.1582083,0.01616653
1799,753572,4.952138,5.15625,0.120325536,0.01210794
1799,753574,3.578803,4.4375,0.50880855,0.052656345
1799,753604,-0.746076,0.4765625,0.95245826,0.28981587
1799,753612,5.788769,5.65625,0.13204868,0.013521733
1799,905933,4.860691,4.40625,0.3524258,0.036200713
1799,905939,4.109078,5.65625,0.7683267,0.08199225
1799,905942,4.779736,5.25,0.15356801,0.01613588
1799,905943,3.174087,4.25,0.19173607,0.020383418
1799,905950,2.479905,2.53125,0.9030886,0.10571519
1799,905951,5.552214,5.46875,1.2369475,0.13149962
1799,905964,3.032158,4.21875,0.18748353,0.019642001
1799,905973,6.001712,5.125,0.36774743,0.03691451
1799,905990,4.864325,4.625,0.62673354,0.0639204
1799,906693,4.620341,3.09375,0.6469773,0.07358116
1799,906792,5.037508,5.46875,0.19653392,0.019816503
1799,906793,4.809428,5.125,0.20220135,0.020586494
1799,906797,5.227779,4.625,0.13484892,0.01407026
1799,906813,3.667962,4.6875,1.1333673,0.11672038
1799,906814,5.603435,5.0,0.6764018,0.069422595
1799,906826,6.876994,7.46875,0.29072732,0.029583292
1799,906828,5.334412,5.71875,0.16764876,0.017790254
1799,906830,6.023172,6.09375,0.14996722,0.015285948
1799,906839,6.318824,4.96875,0.46818897,0.047094464
1799,906846,2.4196,4.4375,0.43283546,0.045412008
1799,906852,2.545454,3.109375,1.5820081,0.17225967
1799,907053,3.801951,3.859375,0.21551605,0.021896241
1799,907068,3.902726,4.375,0.15304446,0.015733715
1799,907271,6.089154,5.53125,0.2540087,0.02544942
1799,907274,1.426393,4.71875,0.26515236,0.026692074
1799,907275,1.81345,2.375,1.0377864,0.12716855
1799,907281,4.401613,3.640625,0.25301668,0.026801705
1799,907285,6.951987,5.59375,0.4278907,0.04369532
1799,907287,1.63504,2.453125,2.5991137,0.33489105
1799,907295,5.844772,5.25,0.28334796,0.028864462
1799,907313,3.715714,5.0,0.6082641,0.06211468
1799,907322,4.590963,4.0625,0.174957,0.017971352
1799,907789,3.605774,4.125,0.13235232,0.013618228
1799,907794,6.187326,6.40625,0.19105604,0.019218057
1799,908121,4.861019,0.44140625,1.633851,0.3397178
1799,908122,0.925413,2.625,2.8580835,0.34014836
1799,908135,3.374245,4.34375,0.33525947,0.03528063
1799,908152,3.93599,4.75,0.30169913,0.030471915
1799,908444,5.270829,4.5,0.32856846,0.03311302
1799,908457,5.030946,3.296875,1.6983584,0.32780886
1799,909251,3.39859,3.140625,0.25789526,0.026981061
1799,909263,4.587742,4.8125,0.27148372,0.027556226
1799,909706,3.622619,5.09375,0.42238462,0.042702805
1799,909707,4.981472,4.9375,0.6580013,0.06688573
1799,909713,6.002449,6.1875,0.12059968,0.012201093
1799,909715,1.309036,1.6484375,0.5455304,0.08939777
1799,909722,4.180225,3.21875,0.7106723,0.07435071
1799,909745,5.71825,5.03125,0.42139223,0.045550253
1799,909755,6.149414,4.9375,0.19821556,0.02011018
1799,909762,2.18003,3.28125,0.6127125,0.0631005
1799,909778,-2.696958,0.13085938,0.98307383,0.51177996
1799,909781,7.828278,7.375,0.17434569,0.019360697
1799,909784,5.61644,6.15625,0.19814181,0.020173185
1799,910567,3.873982,4.59375,0.39655477,0.040637225
1799,910691,4.897855,5.53125,0.30268437,0.030464098
1799,910861,1.116153,2.6875,4.2345524,0.44493788
1799,910900,5.26678,4.90625,0.12033014,0.012136049
1799,910903,5.226624,3.921875,0.36221495,0.0416801
1799,910911,2.542171,2.546875,1.6031595,0.17108174
1799,910919,3.029789,3.03125,0.2764169,0.028959244
1799,910930,3.353712,3.46875,0.35295755,0.037261873
1799,910952,4.300642,1.6640625,1.7502815,0.30701667
1799,924105,-0.574745,-0.234375,0.6070877,0.4937851
1799,924151,4.92514,4.90625,0.7328934,0.07453685
1799,924247,0.991208,2.65625,0.5330494,0.06018347
1799,925340,6.303123,5.53125,1.553949,0.17103392
1799,925348,6.981925,6.09375,0.6986653,0.08274512
1799,946382,5.415492,4.53125,0.30864653,0.03596937
1799,1240123,1.722492,0.546875,0.99224466,0.2387455
1799,1240127,5.964615,5.71875,0.26445198,0.026610885
1799,1240145,4.174151,5.28125,0.20533496,0.021575198
1799,1240147,1.420067,3.6875,0.45127743,0.049812842
1799,1240153,5.37519,5.0625,0.12709026,0.013043927
1799,1240183,5.231012,3.828125,0.6281384,0.06410332
1799,1240186,5.496477,5.0,0.174839,0.01763836
1799,1240201,5.409382,5.53125,0.28565165,0.028879192
1799,1240212,5.665897,5.65625,0.1556863,0.015991893
1799,1240218,5.454893,5.375,0.28972965,0.029254066
1799,1240224,3.901097,5.25,1.0423728,0.10518738
1799,1247871,1.289206,3.90625,0.35174185,0.036363892
1799,1290722,5.497341,5.78125,0.25966352,0.026181858
1799,1290797,5.618781,3.5625,0.5803888,0.058551613
1799,1290905,6.770172,6.15625,2.0669415,0.23507464
1799,1298134,5.044188,4.59375,0.15329719,0.016016243
1799,1298169,5.236647,4.75,0.37107146,0.03728822
1799,1298226,2.643047,3.75,0.8151073,0.084021345
1799,1298350,0.61953,2.3125,3.3309765,0.37743634
1799,1298351,2.611815,3.015625,0.62512445,0.06806775
1799,1298353,4.106937,5.59375,0.14432693,0.014517642
1799,1298357,2.543896,3.453125,3.7465456,0.5433123
1799,1298365,3.589909,2.53125,1.1030718,0.14262263
1799,1327775,2.705653,4.71875,0.17087874,0.017902372
1799,1330985,3.137145,3.546875,0.36322016,0.037044734
1799,1330991,4.428541,3.40625,0.53529197,0.056244828
1799,1480361,2.422294,3.25,1.5622587,0.15933439
1799,1480362,6.092177,5.5625,0.30626532,0.030933106
1799,1480371,5.842235,4.71875,0.46174258,0.047943573
1799,1480374,1.579211,1.59375,0.6301846,0.09556207
1799,1503365,4.893704,4.625,1.085006,0.11844742
1802,684052,3.30826,3.359375,0.052198358,0.00524695
1802,687452,4.013871,3.765625,0.043348487,0.004367607
1802,687455,3.769903,3.65625,0.2550668,0.025558572
1802,687561,3.545706,3.34375,0.08306988,0.008346277
1802,687563,4.045851,3.890625,0.086310685,0.008655068
1802,688011,3.390592,3.6875,0.13980182,0.014085829
1802,688058,4.385559,4.46875,0.08114307,0.008146124
1802,713880,3.410492,3.0625,0.11505193,0.011603709
1802,724872,3.522668,3.078125,0.121171795,0.012358282
1802,735784,4.480608,4.125,0.058999427,0.0059336005
1802,749714,3.981209,4.125,0.12635729,0.012663094
1802,749717,3.854258,4.375,0.08186309,0.008219427
1802,753551,3.671881,3.390625,0.111665875,0.011224591
1802,753574,4.78616,4.71875,0.052524142,0.005271762
1802,753575,5.314428,5.09375,0.058505137,0.0058809035
1802,753576,4.887134,5.15625,0.045743715,0.0045842784
1802,753612,3.53879,3.9375,0.04305246,0.0043283193
1802,753623,4.169828,4.15625,0.07084788,0.0071579567
1802,753624,4.535823,4.3125,0.068699956,0.006902488
1802,905937,4.07985,4.09375,0.09033317,0.009086486
1802,905945,3.934415,3.6875,0.16530646,0.016549809
1802,905947,3.01322,3.796875,0.10467025,0.010518102
1802,905948,4.480729,4.1875,0.15299481,0.015381476
1802,905965,2.664905,2.328125,0.15755965,0.016211905
1802,905976,4.130922,3.671875,0.078096956,0.007844396
1802,905983,4.116157,4.375,0.05333421,0.0053473534
1802,905989,4.018487,4.09375,0.07970199,0.007986414
1802,906790,2.886145,3.390625,0.078628525,0.00790244
1802,906792,3.148238,3.265625,0.038446892,0.003897283
1802,906793,4.682387,4.28125,0.12654862,0.012676207
1802,906821,4.728873,4.40625,0.07976622,0.007996197
1802,906830,4.752835,4.71875,0.08005539,0.008030764
1802,906831,3.114868,2.84375,0.123965956,0.012621203
1802,906832,3.398648,3.0,0.11026416,0.011274994
1802,906842,1.725601,1.4609375,0.19069567,0.02087301
1802,906843,4.300412,4.0,0.08198151,0.008243482
1802,906844,2.786424,2.4375,0.09645349,0.009981924
1802,906846,3.859248,3.28125,0.35483158,0.035796627
1802,906865,3.981799,3.5,0.049450275,0.005008578
1802,906871,3.516512,2.96875,0.49732164,0.050158005
1802,906999,4.436372,4.1875,0.091012195,0.009118614
1802,907065,4.567818,4.5,0.046614856,0.0046744477
1802,907067,3.735987,3.546875,0.04711299,0.0047799014
1802,907072,3.06324,3.015625,0.20845418,0.021178763
1802,907173,4.577252,4.59375,0.11342534,0.011364212
1802,907273,3.225414,3.265625,0.07232804,0.007417542
1802,907277,2.441177,2.265625,0.08332348,0.008641823
1802,907281,2.631444,2.21875,0.060252223,0.006330893
1802,907286,4.289094,4.0625,0.07407001,0.0074326326
1802,907322,3.240512,2.953125,0.31241098,0.031902768
1802,907794,4.58964,4.5,0.121026956,0.012209616
1802,908121,3.79899,3.640625,0.072865285,0.0073529426
1802,908150,4.313153,4.21875,0.066993505,0.00672562
1802,908152,4.055894,3.71875,0.10651715,0.010694808
1802,908455,4.407713,4.15625,0.07632063,0.007653286
1802,908465,5.040425,4.84375,0.037859466,0.003806237
1802,908467,1.346233,3.25,0.11856253,0.012077883
1802,908471,3.679639,3.109375,0.31604785,0.032037128
1802,908473,5.336798,5.1875,0.09470432,0.009551524
1802,909251,2.770732,2.4375,0.097217925,0.009859002
1802,909264,2.900059,4.21875,0.045773346,0.004611925
1802,909696,3.112931,3.078125,0.036550716,0.0037455598
1802,909698,3.909564,3.390625,0.060823005,0.006153475
1802,909709,4.329861,3.984375,0.091416664,0.0092107495
1802,909722,3.194736,2.671875,0.05990035,0.006334266
1802,909725,4.64566,4.34375,0.07573531,0.007593315
1802,909745,4.618811,4.46875,0.06469297,0.0065152235
1802,909749,4.388603,4.28125,0.12401266,0.012422183
1802,909755,4.453049,4.09375,0.09954838,0.009995112
1802,909757,3.041774,4.46875,0.13461825,0.013525495
1802,909785,3.060058,2.703125,0.19954735,0.020999128
1802,909974,5.623809,5.25,0.099643834,0.009993878
1802,910698,3.771751,3.671875,0.0838021,0.008445548
1802,910704,3.52758,3.28125,0.10042103,0.010179476
1802,910780,3.553264,3.234375,0.08688013,0.008916955
1802,910851,3.329597,3.328125,0.063305005,0.00642268
1802,910903,3.44334,3.125,0.06489236,0.006575277
1802,910905,4.231117,4.375,0.08090769,0.008125612
1802,910922,3.942122,4.09375,0.07058388,0.0070757098
1802,910933,2.734785,3.796875,0.054570016,0.0054853475
1802,910941,2.847573,2.984375,0.08515287,0.008643214
1802,910952,3.878142,4.375,0.10978077,0.011008604
1802,924104,4.400788,3.78125,0.061396644,0.006166944
1802,924105,3.93681,4.21875,0.089437895,0.009011378
1802,924151,4.227873,4.3125,0.03972184,0.0039855065
1802,924240,2.342944,3.390625,0.1290959,0.01299304
1802,946355,2.340333,4.15625,0.13135792,0.01317232
1802,946359,5.489827,4.90625,0.04839883,0.004857163
1802,946360,4.350035,4.09375,0.045433108,0.004551994
1802,946382,3.88124,3.515625,0.06176615,0.006236542
1802,1240142,3.860168,3.9375,0.046330933,0.0047071823
1802,1240155,3.671626,3.609375,0.09659003,0.009739166
1802,1240157,3.904568,3.953125,0.09425737,0.009490594
1802,1240159,5.060269,4.9375,0.105976984,0.010612518
1802,1240168,4.004169,3.984375,0.11055916,0.01110504
1802,1240173,3.842918,3.671875,0.054908715,0.005527491
1802,1240183,4.80915,4.4375,0.06432468,0.006447297
1802,1240201,4.087759,3.953125,0.04909402,0.004932622
1802,1240212,4.122567,4.3125,0.031337492,0.0031445937
1802,1240217,3.90558,3.59375,0.3375356,0.033853468
1802,1240222,4.507905,4.1875,0.04583739,0.004599113
1802,1290765,4.124195,3.75,0.14600997,0.014649969
1802,1290797,3.521299,3.859375,0.074101515,0.0074366084
1802,1290807,4.61866,4.40625,0.07041338,0.007094549
1802,1290922,3.093383,3.734375,0.09135158,0.00922379
1802,1295740,2.869162,2.90625,0.09111374,0.009271383
1802,1297446,2.775446,2.71875,0.059562895,0.0060282014
1802,1298134,3.397934,2.90625,0.042961244,0.004389999
1802,1298219,4.1606,3.90625,0.07722806,0.007739532
1802,1298348,4.794086,4.46875,0.07458656,0.007483673
1802,1298350,4.040345,3.734375,0.29109445,0.029216675
1802,1298475,4.564698,4.84375,0.070199326,0.0070382706
1802,1299062,5.79717,4.6875,0.35912398,0.036219902
1802,1327766,2.955169,2.6875,0.09491822,0.009712589
1802,1330942,3.561426,3.5,0.049199093,0.0050036544
1802,1330950,3.200272,2.8125,0.12582795,0.012833161
1802,1330972,2.167552,2.796875,0.1540223,0.015542617
1802,1330983,2.824887,2.609375,0.072132744,0.007682816
1802,1331033,2.536279,2.40625,0.08919588,0.009482394
1802,1503365,5.568441,5.3125,0.07731427,0.0077955937
1802,1660035,4.399959,4.34375,0.043629263,0.0043886057
1803,684072,2.626916,3.78125,1.3829299,0.18007396
1803,687455,4.110361,3.0625,1.6886247,0.359377
1803,687777,5.230167,1.765625,2.2852275,0.59732336
1803,687812,2.311385,3.125,1.2017356,0.26399687
1803,687816,7.462318,6.5,0.41691852,0.0441636
1803,687983,5.857195,5.4375,0.6553728,0.08030826
1803,688058,3.71517,4.28125,1.468479,0.15528685
1803,713880,4.097796,4.28125,0.5638159,0.060287584
1803,724839,7.884974,6.90625,0.9404337,0.095694914
1803,724855,7.270537,6.59375,0.3595573,0.03733349
1803,724868,6.301752,4.65625,0.41087633,0.053888958
1803,753539,5.043235,5.6875,0.17218743,0.020981446
1803,753551,6.089963,6.5,0.095744096,0.010425261
1803,753562,3.201623,2.453125,0.61441237,0.086675085
1803,753574,6.369176,6.375,0.29310134,0.03244915
1803,753612,5.963176,6.46875,0.10141111,0.0116227055
1803,753614,3.468465,2.234375,0.98959804,0.34826836
1803,753620,6.416009,5.9375,0.07362905,0.009329455
1803,905947,6.810894,6.25,0.08318682,0.0087407045
1803,905951,2.308591,2.34375,3.8727133,0.7583959
1803,905957,1.811215,4.25,1.2066844,0.15240447
1803,905962,8.071818,6.53125,0.3526596,0.078732595
1803,905968,6.524401,4.90625,0.14656256,0.01700628
1803,905977,7.018468,6.75,0.32700872,0.034359846
1803,905986,6.699909,6.40625,0.12615292,0.013636458
1803,906693,2.181828,1.9140625,1.4291016,0.16582473
1803,906790,1.48461,2.109375,3.025799,0.40438503
1803,906792,5.818788,5.53125,0.3072912,0.035811428
1803,906793,6.524545,6.15625,0.07936711,0.008422138
1803,906794,2.271789,3.46875,0.849733,0.08833248
1803,906795,7.043274,6.53125,0.1624007,0.017173342
1803,906797,4.143896,4.46875,0.40603504,0.055130336
1803,906820,5.997318,4.28125,0.59565735,0.061848186
1803,906824,3.213485,3.125,0.7199352,0.19774471
1803,906831,5.821475,5.53125,0.08055079,0.008311047
1803,906832,5.493549,6.09375,0.059400458,0.0062321466
1803,906834,5.958175,4.71875,0.19928569,0.028899789
1803,906846,6.28675,5.75,0.107662365,0.012439821
1803,906851,1.241336,-0.31835938,0.5877506,0.87487143
1803,906852,4.074326,3.1875,1.6458787,0.34221864
1803,906863,6.382988,3.078125,0.3424089,0.0608505
1803,906872,7.362579,5.9375,0.99111915,0.11655204
1803,907045,1.634141,1.3046875,1.3231864,0.4007178
1803,907055,2.669804,3.921875,0.20485733,0.023129236
1803,907056,4.81995,5.4375,0.19913167,0.02029721
1803,907169,6.528205,5.8125,0.32554045,0.033556744
1803,907275,4.366529,4.15625,0.16297914,0.020787198
1803,907281,5.240757,4.90625,0.12474319,0.013654037
1803,907295,6.87129,5.625,0.68138295,0.08279975
1803,907319,4.839918,3.203125,0.65853757,0.07461956
1803,907322,5.92913,5.75,0.05765761,0.005954788
1803,907323,5.847791,5.53125,0.0783778,0.008102879
1803,908121,0.096643,0.35351562,2.0629838,0.6130743
1803,908123,0.441833,1.1015625,1.3235835,0.25364777
1803,908150,6.963533,5.75,0.24403736,0.026505994
1803,908152,4.346772,5.875,0.23239167,0.024849126
1803,908455,4.849101,3.59375,0.59074515,0.101017036
1803,908470,8.448769,7.25,0.26923314,0.03411423
1803,909251,5.491672,4.1875,0.14034677,0.017451778
1803,909263,3.347955,2.890625,1.9520261,0.24421957
1803,909264,5.507007,3.546875,0.36028895,0.07159922
1803,909707,4.633521,4.3125,0.39008087,0.039479043
1803,909731,3.836252,4.71875,0.29830685,0.03093864
1803,909735,4.323226,4.1875,1.3935418,0.16312744
1803,909736,7.440456,7.28125,0.31438774,0.032761604
1803,909745,5.598721,3.984375,0.28982592,0.06576962
1803,909755,2.909823,5.28125,0.19982298,0.02150217
1803,909757,5.531929,6.6875,0.3738463,0.039341267
1803,909761,2.456011,2.453125,0.19879568,0.06469063
1803,909904,5.914624,5.5625,2.9565084,0.31373352
1803,909905,4.056974,6.4375,0.12666005,0.015565149
1803,910079,0.903739,0.71484375,2.4107609,0.9006147
1803,910692,6.250291,5.28125,0.2559922,0.026520813
1803,910702,9.794339,7.96875,0.25237745,0.037314463
1803,910703,6.284376,6.34375,0.080442935,0.008214667
1803,910779,5.83123,6.0625,0.23068748,0.024524333
1803,910851,2.195484,1.8203125,1.8098346,0.23083562
1803,910900,6.042497,5.375,0.18150102,0.01976305
1803,910903,6.293753,3.65625,0.5681133,0.07943993
1803,910924,1.839355,2.015625,1.6849494,0.22263141
1803,910933,4.945345,3.890625,0.33439055,0.043387312
1803,910935,5.433009,4.90625,0.19424146,0.022175277
1803,924104,7.229091,6.15625,0.44214976,0.047684345
1803,924239,4.978994,5.3125,0.065448694,0.0068769027
1803,925340,3.516033,2.109375,2.848115,0.9313172
1803,946360,4.903935,3.234375,0.101542085,0.02920441
1803,946361,6.478528,6.375,0.06941432,0.007328098
1803,1240123,2.947511,1.6328125,0.6404465,0.13419555
1803,1240142,5.688733,5.96875,0.24554116,0.02687624
1803,1240143,5.515202,3.703125,0.66413105,0.08647778
1803,1240166,0.022817,0.73046875,5.7541995,3.0266156
1803,1240168,6.146466,6.40625,0.14277539,0.015123997
1803,1240172,5.173008,2.296875,2.2544093,0.38793442
1803,1240179,4.143441,5.625,0.08293936,0.008592524
1803,1240196,4.999431,6.125,0.24748719,0.025585802
1803,1240219,8.205336,6.78125,0.35591036,0.037341215
1803,1240221,4.117755,3.984375,0.28220093,0.031060176
1803,1240222,4.534103,5.125,1.1539265,0.121623255
1803,1247871,4.718575,4.9375,0.20326763,0.021265907
1803,1290730,4.294757,4.15625,0.24482068,0.037918363
1803,1290797,4.425916,4.0625,0.5630226,0.057532523
1803,1290905,4.371902,2.78125,1.0022566,1.3264312
1803,1298134,5.27356,4.65625,0.8175847,0.09137007
1803,1298151,1.723378,3.640625,0.19544157,0.072648905
1803,1298169,5.895998,5.46875,0.4506683,0.046740677
1803,1298226,4.122856,4.15625,0.7250124,0.0745348
1803,1298359,1.750068,0.33984375,0.46106115,0.410937
1803,1298365,6.590094,4.9375,0.9158565,0.10139416
1803,1298526,4.260977,3.5625,3.074629,1.0402839
1803,1299070,3.041365,1.34375,0.3901244,0.19640632
1803,1303896,4.696907,5.4375,0.09919545,0.011160438
1803,1327766,5.176341,5.09375,0.11668207,0.012241988
1803,1331037,5.27534,3.859375,0.06353247,0.0080241645
1803,1331040,3.968041,4.1875,0.43168664,0.05452211
1803,1480371,3.270206,3.515625,1.032912,0.14319158
1804,687459,6.869974,6.28125,0.40806684,0.04517694
1804,687505,2.421345,3.046875,0.7210738,0.07914211
1804,687563,6.251848,6.65625,0.11662814,0.013314672
1804,687777,6.283758,1.765625,2.2852275,0.59732336
1804,687802,8.273856,7.15625,1.421156,0.14438821
1804,687815,2.076143,3.03125,0.70219016,0.15934663
1804,688013,5.27832,4.65625,0.29342777,0.032117773
1804,688058,4.25575,4.28125,1.468479,0.15528685
1804,713899,5.686725,6.0,0.08612928,0.008998648
1804,722046,3.906565,4.59375,0.12068119,0.013486858
1804,724859,4.754731,4.96875,0.5565887,0.061807916
1804,749709,-1.152862,-0.43945312,1.581717,0.5706223
1804,753555,-0.867763,1.1171875,0.3521821,0.28036556
1804,753556,4.249442,4.96875,0.5736638,0.088850304
1804,753562,2.392794,2.453125,0.61441237,0.086675085
1804,753572,4.404152,4.59375,0.2892002,0.030136866
1804,753574,7.211054,6.375,0.29310134,0.03244915
1804,753586,6.423589,6.0625,0.21129458,0.021636482
1804,753600,6.802362,7.09375,0.39571005,0.039954934
1804,753608,5.684136,5.28125,0.23118465,0.024822975
1804,753615,5.207311,6.28125,0.092093736,0.010435236
1804,905934,2.894769,4.65625,0.5798586,0.06459419
1804,905935,6.404981,5.40625,0.26228428,0.035612248
1804,905942,-0.410172,-0.28320312,0.616163,0.6983943
1804,905947,6.349482,6.25,0.08318682,0.0087407045
1804,905949,4.962891,5.3125,0.103484266,0.011022048
1804,905955,6.5447,6.28125,0.17552678,0.020367121
1804,905959,8.051576,7.40625,0.7592158,0.08571859
1804,905960,6.28493,6.71875,0.08783792,0.009022595
1804,905976,6.695974,6.0625,0.12544262,0.012995865
1804,905983,6.774059,6.8125,0.25728178,0.028086817
1804,906794,-0.3028,3.46875,0.849733,0.08833248
1804,906798,5.661079,5.4375,0.1093156,0.012386662
1804,906800,4.440997,4.1875,0.071973644,0.009694519
1804,906818,6.751035,6.46875,0.09066694,0.009329063
1804,906827,5.133368,5.4375,0.20112976,0.020626696
1804,906832,3.813884,6.09375,0.059400458,0.0062321466
1804,906836,4.053169,5.125,0.08425999,0.010446096
1804,906844,5.496354,5.46875,0.049654458,0.005514015
1804,906848,5.766005,5.59375,0.09574808,0.011452465
1804,906863,6.042424,3.078125,0.3424089,0.0608505
1804,907000,5.210794,6.03125,0.07301322,0.009281721
1804,907042,3.727618,4.4375,0.5042032,0.07454736
1804,907046,5.624677,5.46875,0.37767905,0.040467147
1804,907064,2.678798,2.984375,0.6330161,0.27811646
1804,907065,5.91149,5.65625,0.40828767,0.042774886
1804,907269,4.845295,5.90625,0.091631934,0.011326371
1804,907276,4.114361,5.125,0.8311745,0.10335452
1804,907289,-0.203237,1.1484375,0.55593455,0.24930583
1804,907320,6.309999,5.0,0.4334156,0.04634417
1804,907795,5.41295,5.28125,0.26263788,0.03174295
1804,908125,6.399655,5.375,0.34756276,0.03573114
1804,908126,6.230973,5.90625,0.120051354,0.012451024
1804,908132,3.813536,5.28125,0.12824261,0.013056618
1804,908150,7.014885,5.75,0.24403736,0.026505994
1804,908470,8.737375,7.25,0.26923314,0.03411423
1804,908473,7.373731,7.21875,0.456115,0.04799872
1804,909720,5.368338,5.96875,0.12933323,0.014501749
1804,909731,2.715297,4.71875,0.29830685,0.03093864
1804,909755,1.988344,5.28125,0.19982298,0.02150217
1804,909777,4.517017,5.4375,0.103112884,0.010649337
1804,909781,8.007616,6.34375,0.16339347,0.061965518
1804,909905,2.331001,6.4375,0.12666005,0.015565149
1804,909907,0.868722,1.9296875,0.2924526,0.5840067
1804,910554,1.127551,1.9453125,1.5877224,0.23830393
1804,910689,5.628744,7.46875,0.94541717,0.22747827
1804,910691,6.364746,4.71875,0.28414378,0.02923662
1804,910852,4.802091,5.25,0.13699102,0.0142937675
1804,910915,2.881453,5.21875,1.7274998,0.17841348
1804,911905,7.335275,8.125,0.18082026,0.019457363
1804,924102,7.396572,7.03125,0.118208855,0.012162954
1804,924104,6.552248,6.15625,0.44214976,0.047684345
1804,924105,6.684731,5.8125,0.27794614,0.029975545
1804,924110,5.927281,6.46875,0.078154266,0.008165432
1804,924187,7.164362,8.1875,0.22360145,0.022613756
1804,930297,5.477536,5.65625,0.3028074,0.03213278
1804,1240123,3.220605,1.6328125,0.6404465,0.13419555
1804,1240128,6.281608,5.1875,0.1736046,0.018389693
1804,1240143,4.945532,3.703125,0.66413105,0.08647778
1804,1240158,5.23397,6.59375,0.14086229,0.016806176
1804,1240159,6.755931,7.5625,0.2505578,0.02617788
1804,1240172,5.020634,2.296875,2.2544093,0.38793442
1804,1240173,5.082248,4.03125,0.60000944,0.07158669
1804,1240174,2.209195,3.09375,0.53983545,0.0859484
1804,1240186,6.115045,6.6875,0.17276588,0.018003523
1804,1240192,3.741576,3.46875,0.8639813,0.10587078
1804,1240196,4.169508,6.125,0.24748719,0.025585802
1804,1240201,6.148631,6.28125,0.14640279,0.015825363
1804,1247871,4.35585,4.9375,0.20326763,0.021265907
1804,1290908,5.619251,4.6875,1.2465122,0.14872046
1804,1298136,4.591122,2.890625,0.8305808,0.19082662
1804,1298151,0.178257,3.640625,0.19544157,0.072648905
1804,1298358,4.528239,4.90625,0.8607381,0.095292024
1804,1298539,2.670284,4.90625,1.5008327,0.18497081
1804,1303900,-0.373029,1.0546875,2.2274404,0.5225275
1804,1327766,5.045016,5.09375,0.11668207,0.012241988
1804,1330972,5.02917,5.6875,0.111677624,0.012958429
1804,1330985,4.24896,4.71875,0.14879303,0.015761437
1804,1331033,4.537444,5.09375,0.040145874,0.004947797
1804,1331036,4.550046,3.90625,0.14173542,0.01819985
1804,1331040,3.928529,4.1875,0.43168664,0.05452211
1804,1331048,5.354566,5.71875,0.06618254,0.007747302
1804,1480362,5.470935,4.1875,0.6509398,0.09439726
1804,1480371,2.375604,3.515625,1.032912,0.14319158
1804,1503361,-0.50567,1.2265625,1.0508945,0.31083867
1804,1660034,3.551861,4.59375,0.41955334,0.043247603
1806,684072,3.359259,1.921875,0.79604393,0.08095939
1806,687455,4.479318,3.921875,1.7582963,0.17654097
1806,687459,6.400441,6.15625,0.55431134,0.05583714
1806,687787,5.089565,4.625,0.8703787,0.08722636
1806,687816,6.73203,4.59375,0.8799866,0.08841486
1806,687995,5.543422,4.8125,0.25771463,0.026389876
1806,688011,5.432343,4.15625,0.20163874,0.020936517
1806,688023,4.605345,4.0625,1.885057,0.19275536
1806,688058,6.487638,5.28125,1.1740648,0.11805565
1806,713899,4.524164,3.03125,0.86895484,0.08824233
1806,722046,3.261329,2.5,3.5919802,0.36279362
1806,724863,4.149358,4.34375,2.0888412,0.2096299
1806,724870,4.587662,3.546875,1.0028803,0.10047971
1806,724872,4.059983,3.796875,0.5278398,0.053094655
1806,735784,4.651473,5.59375,0.4262755,0.042779744
1806,753562,4.721683,3.859375,0.5901698,0.059214924
1806,753572,4.634434,4.15625,1.0938722,0.10997346
1806,753573,4.005282,3.53125,0.8462603,0.08513993
1806,753592,6.147577,4.96875,0.5930342,0.059448954
1806,753608,6.044442,4.28125,3.3118308,0.33199582
1806,753615,6.266427,4.21875,0.39400753,0.03999268
1806,905934,7.075636,6.65625,0.30763993,0.030855056
1806,905936,2.597184,3.453125,0.84367216,0.084616944
1806,905944,5.410658,5.25,0.40137658,0.0409363
1806,905955,6.153654,6.09375,0.2582291,0.026570166
1806,905960,5.927882,4.46875,1.6415455,0.16434485
1806,905965,0.931314,1.4140625,0.9025457,0.092420325
1806,905969,4.575753,5.46875,1.024195,0.1027043
1806,905970,7.811294,6.625,0.68829155,0.0690749
1806,905974,3.31509,2.984375,1.5658522,0.15718034
1806,905984,3.626376,3.59375,1.0428205,0.10642281
1806,905990,5.586508,5.46875,1.4603761,0.14689717
1806,906794,4.279149,4.71875,0.45437333,0.04600331
1806,906814,5.921547,4.40625,0.79456943,0.079677895
1806,906826,7.255556,7.25,0.8721551,0.08791708
1806,906831,1.663312,2.546875,0.8054095,0.081168905
1806,906833,3.266194,3.53125,0.45108157,0.04554581
1806,906835,7.057404,7.53125,1.1436085,0.11476916
1806,906842,1.554097,1.0703125,0.48212585,0.05187968
1806,906844,2.338374,2.296875,1.2941952,0.13042857
1806,906848,4.777351,4.28125,0.49874425,0.050806735
1806,906864,4.389804,4.375,1.390638,0.13940506
1806,906871,5.544493,3.921875,2.0602615,0.20731695
1806,907048,5.986518,4.625,0.6458119,0.065025575
1806,907053,2.688452,2.203125,0.40137395,0.040460262
1806,907067,6.141015,4.34375,0.89201313,0.0898754
1806,907071,6.82153,6.34375,0.5645778,0.05659633
1806,907072,5.922207,3.78125,2.3535955,0.23654452
1806,907073,3.03051,2.140625,0.9403492,0.094370656
1806,907269,2.871418,1.5,0.4565411,0.047297694
1806,907271,5.856036,5.15625,1.2476327,0.124973714
1806,907274,3.249545,3.71875,0.6224796,0.062421054
1806,907278,4.206966,3.640625,1.1354114,0.114298366
1806,907295,4.663442,4.71875,0.7930631,0.079705596
1806,907298,2.57346,2.453125,0.9461108,0.09489113
1806,907299,2.759717,2.6875,1.2897373,0.12947947
1806,908121,5.684053,5.15625,0.988774,0.10084482
1806,908126,3.605405,2.6875,0.61278397,0.061559312
1806,908138,4.723552,4.28125,0.8981797,0.090270184
1806,908445,3.659681,3.421875,1.6375043,0.16420577
1806,908459,6.799114,5.28125,1.2323815,0.12406006
1806,908465,6.668063,4.71875,1.1884534,0.11924396
1806,908471,6.016447,4.34375,0.6669182,0.067281
1806,908483,2.206128,3.21875,1.593988,0.16479018
1806,909248,3.691293,3.96875,1.4763021,0.14799249
1806,909264,5.983519,4.53125,0.6973903,0.070090145
1806,909703,1.458423,1.515625,0.5805913,0.059178855
1806,909713,4.284883,4.96875,1.2940329,0.13032195
1806,909718,3.463978,3.421875,4.2264986,0.4360805
1806,909725,6.152959,5.25,0.76101923,0.07632719
1806,909728,6.685948,5.65625,0.7303394,0.073165074
1806,909743,4.391501,2.3125,0.4226093,0.04302664
1806,909745,6.115441,6.53125,0.5855025,0.062021464
1806,909746,6.185792,5.59375,0.8254971,0.08268894
1806,909784,5.859902,5.28125,0.94094616,0.09555305
1806,910546,4.716292,4.21875,2.4561276,0.24600194
1806,910702,9.402103,8.75,0.6642523,0.07180213
1806,910703,3.934928,4.0625,0.86669856,0.086960554
1806,910851,4.059142,3.03125,1.1266996,0.11360505
1806,910900,4.190409,3.828125,0.506632,0.051154748
1806,910906,3.220511,2.296875,0.3616716,0.036577374
1806,910915,6.812764,6.40625,1.5998449,0.16045806
1806,910943,6.41647,6.96875,0.90897864,0.09140047
1806,910951,2.334225,1.6796875,0.7640012,0.077189155
1806,911905,8.305076,7.1875,1.7517039,0.17797159
1806,917486,6.385003,5.21875,0.73903406,0.07423177
1806,924100,3.568121,3.84375,2.1158247,0.2120407
1806,930083,7.541705,7.84375,0.34530893,0.034727886
1806,930297,6.174631,6.40625,0.24451962,0.024636744
1806,946359,7.052754,6.6875,0.38140678,0.03867898
1806,946361,5.498606,4.34375,0.82309234,0.08243175
1806,946382,6.094853,5.34375,0.09604594,0.010021522
1806,998189,2.85224,4.09375,1.9763671,0.19786583
1806,1240151,6.807395,6.15625,1.0069417,0.10136573
1806,1240153,4.662157,3.765625,0.94588584,0.09545072
1806,1240155,3.005383,3.859375,1.2009625,0.120311886
1806,1240158,6.573263,5.125,1.0353272,0.10387997
1806,1240173,5.174086,4.4375,1.591002,0.16149038
1806,1240174,5.969562,5.375,0.25510666,0.025972882
1806,1240179,5.939975,5.40625,0.28337514,0.028475797
1806,1240218,6.128535,6.8125,0.694707,0.06990595
1806,1240222,2.583897,4.1875,2.2560837,0.22742319
1806,1290722,6.306861,4.90625,0.7423863,0.07438052
1806,1290730,5.70808,4.65625,0.5399389,0.05438937
1806,1290765,6.51592,4.90625,0.5268381,0.054640565
1806,1290905,7.621363,7.21875,0.2831493,0.028812185
1806,1297449,1.786278,1.6484375,1.0553354,0.10868423
1806,1298146,6.896103,4.75,1.1679201,0.116911486
1806,1298350,3.540066,3.59375,1.4730707,0.15052588
1806,1298359,5.549533,5.15625,0.6718424,0.067349106
1806,1298538,5.879868,4.46875,1.5415828,0.15585299
1806,1298539,6.712025,6.5625,0.16569054,0.016931105
1806,1299052,5.590554,5.1875,0.81225806,0.081647724
1806,1303900,6.151087,5.03125,0.20324086,0.020716054
1806,1330942,5.223933,4.5,0.51047134,0.05151241
1806,1330947,0.513443,0.21972656,0.7463322,0.08191437
1806,1330972,2.760437,1.4609375,2.1658337,0.21903989
1806,1330995,2.447027,3.484375,1.5324636,0.15369996
1806,1480372,5.764449,5.96875,1.0138042,0.10174238
1806,1503363,3.962174,3.625,1.1384978,0.11437169
1806,1503365,6.580591,6.96875,0.8739634,0.08763937
1806,1659818,2.97359,2.734375,0.7374381,0.07551338
1806,1674021,5.358601,3.796875,0.9601516,0.09629937
1808,683667,0.776882,1.078125,0.19208004,0.019400278
1808,687457,0.331187,0.84375,0.16624038,0.016762007
1808,687506,1.652668,-0.11816406,0.36509854,0.036677223
1808,687562,-1.538333,-1.6953125,0.104192756,0.010553177
1808,687568,-0.728569,-0.78515625,0.19335888,0.019491429
1808,687777,0.165323,1.265625,0.27898747,0.028034886
1808,687802,1.161242,2.09375,0.36370876,0.036425013
1808,687812,3.328627,2.328125,0.5071239,0.051344067
1808,687980,-0.600736,-1.078125,0.35667986,0.037368115
1808,688086,-1.025257,-1.1796875,0.17038482,0.017377507
1808,722046,-1.675886,-0.21972656,0.2546875,0.025839604
1808,722066,0.310955,-0.0859375,0.2035294,0.020476535
1808,724834,-0.151991,-0.19042969,0.10959117,0.010995873
1808,724859,-0.08411,-0.10546875,0.099402376,0.01001774
1808,724868,-0.56302,0.110839844,0.24737142,0.02493613
1808,724878,-0.386382,-0.47070312,0.3300331,0.033114005
1808,749710,0.831937,2.34375,0.5049677,0.050957028
1808,749711,4.157331,2.828125,1.542997,0.15628266
1808,753554,-1.623195,-1.828125,0.3483639,0.03557421
1808,753555,-0.49922,-1.171875,0.12064288,0.012201122
1808,753562,-1.07084,-1.40625,0.123487145,0.012431071
1808,753576,4.939996,3.5,0.3038149,0.030584108
1808,905933,0.62382,0.93359375,0.2644694,0.026568176
1808,905946,2.30783,2.1875,1.5621532,0.15743329
1808,905951,1.021411,1.6640625,0.12406919,0.012462045
1808,905960,-0.515546,-0.23632812,0.20758194,0.020797867
1808,905974,-2.081402,-0.43554688,0.27256072,0.027528908
1808,905977,3.275263,2.234375,0.5814698,0.058559775
1808,905983,-2.552699,-0.70703125,0.21133989,0.021326618
1808,905989,0.627761,0.24804688,0.29853976,0.029974753
1808,905991,-1.304256,-0.734375,0.19108391,0.01939546
1808,906794,-0.682385,-0.033203125,0.5679511,0.059587996
1808,906795,0.604377,0.98046875,0.18812464,0.018963793
1808,906804,-1.720371,-0.80078125,0.2513519,0.025757458
1808,906824,-0.989809,-0.29101562,0.11099114,0.0112940315
1808,906830,-0.843977,-0.70703125,0.117428474,0.01188462
1808,906834,-1.221058,-1.5390625,0.13133393,0.01332463
1808,906836,-3.840257,-1.9140625,0.1116879,0.011331421
1808,906843,-1.555275,-0.66796875,0.15135995,0.015330512
1808,906848,-0.52128,0.19726562,0.28137758,0.028283916
1808,906864,-1.702239,-1.4453125,0.11942624,0.012030099
1808,906868,1.413706,0.103515625,0.22045419,0.022167314
1808,906871,-0.501541,-0.75390625,0.16964525,0.017175838
1808,907055,1.751428,-0.21386719,0.24660788,0.024967968
1808,907056,3.94224,3.765625,1.9122372,0.1931379
1808,907067,-0.67614,0.9765625,0.35572684,0.03645335
1808,907069,1.367496,0.875,0.33374676,0.03347347
1808,907073,-1.155511,-1.9140625,0.21523017,0.022090182
1808,907269,-2.290898,-1.8671875,0.10864015,0.0111593725
1808,907274,-0.999803,-1.0703125,0.16596456,0.016691135
1808,907275,0.172369,-0.40039062,0.13296215,0.013478103
1808,907277,-2.417196,-3.21875,0.21841073,0.022915104
1808,907788,-1.471808,-0.43945312,0.2724962,0.028548483
1808,908134,-2.180942,-2.4375,0.16666959,0.01699859
1808,908152,-0.857189,-1.109375,0.38231817,0.03833813
1808,908443,0.959433,0.703125,0.45127678,0.04526126
1808,908451,-1.26473,-0.8671875,0.07971865,0.008087945
1808,908467,-2.40551,-2.15625,0.12069994,0.012593942
1808,908475,2.525951,1.46875,0.7330899,0.073467754
1808,909255,-1.144255,-0.5234375,0.32355386,0.03310793
1808,909262,-2.504889,-2.046875,0.20091662,0.020991445
1808,909264,0.944877,1.6875,0.5257369,0.053388566
1808,909696,-2.033209,-3.0,0.17008291,0.02754792
1808,909719,0.181101,1.4296875,0.3381659,0.03460312
1808,909725,-0.692959,-0.2265625,0.21105607,0.021352584
1808,909731,-2.606517,-2.484375,0.37556234,0.037840042
1808,909737,0.978681,0.69140625,0.10107262,0.010133664
1808,909743,-1.985444,-2.453125,0.13195741,0.013512387
1808,909755,2.054101,1.2421875,0.4059387,0.040882055
1808,909781,4.222198,4.34375,0.9261773,0.09293824
1808,909904,0.384729,0.8984375,0.35351127,0.035387293
1808,910548,-1.026159,-0.38085938,0.3206039,0.032498967
1808,910700,2.806129,2.640625,0.597475,0.06029208
1808,910702,5.825041,5.46875,0.28004706,0.028098635
1808,910704,-1.427971,-0.9609375,0.23801945,0.023886925
1808,910779,2.173347,2.671875,1.0490351,0.10569625
1808,910905,1.263164,2.546875,2.2195635,0.22314587
1808,910921,0.159787,-0.49804688,0.1976709,0.02008319
1808,910926,-2.266368,-1.6328125,0.17390876,0.017594382
1808,910930,-2.865425,-2.4375,0.11518592,0.01188462
1808,910933,-1.078208,-0.6171875,0.13065091,0.013274018
1808,910951,-4.525258,-3.5625,0.17988317,0.021858897
1808,910952,0.03802,-0.86328125,0.08869878,0.009046367
1808,917486,2.787966,3.109375,0.8110702,0.082026936
1808,924104,-0.070872,-0.004638672,0.09350559,0.009482529
1808,924151,1.077841,1.5078125,0.2529661,0.025450224
1808,925341,0.718862,0.53125,0.31752697,0.031971186
1808,925348,1.333166,1.1640625,0.12930684,0.013019659
1808,946359,5.663722,4.34375,0.71249175,0.07136935
1808,1240122,0.700998,1.2890625,0.65770024,0.06586792
1808,1240127,4.707845,2.609375,0.7750588,0.078091584
1808,1240128,-1.935832,-1.0703125,0.109061256,0.011144435
1808,1240158,-2.152161,0.03112793,0.65460384,0.066057034
1808,1240186,4.187348,3.265625,0.32297897,0.032487996
1808,1240187,0.164302,-0.546875,0.19643708,0.019766781
1808,1240190,-0.702685,-0.45507812,0.20931298,0.020982662
1808,1240218,2.058173,3.296875,0.2315322,0.023176907
1808,1240221,-2.916061,-2.203125,0.2337152,0.024324715
1808,1240223,0.014417,-0.5546875,0.37027955,0.03706828
1808,1247871,-2.30875,-3.3125,0.09604158,0.010122734
1808,1290455,-1.22396,-0.78125,0.09276595,0.0094500035
1808,1290797,0.540296,0.19726562,0.704224,0.07049444
1808,1297447,-0.435796,0.49414062,0.39430988,0.0399875
1808,1298136,2.907377,2.671875,0.5316152,0.05344643
1808,1298226,-0.734791,-0.88671875,0.15096135,0.015106107
1808,1298350,-1.849602,-2.59375,0.13676324,0.01793734
1808,1298357,2.858187,2.4375,0.52923495,0.053024642
1808,1298365,0.146633,0.8125,0.25497627,0.025573103
1808,1298526,1.728816,1.046875,0.23913236,0.02407778
1808,1298538,0.658023,0.890625,0.14429976,0.014755284
1808,1303896,-1.660297,-1.59375,0.24323487,0.024778169
1808,1303900,0.76831,2.0,0.5526491,0.05609516
1808,1330985,-3.227258,-1.171875,0.19050674,0.019987488
1808,1331038,-3.958837,-3.34375,0.099008374,0.014936481
1808,1480362,-1.144191,0.18847656,0.29401854,0.029886937
1808,1480372,-0.902942,0.118652344,0.2594747,0.026003662
1808,1503363,-1.127177,-1.0234375,0.20447631,0.020560693
1808,1503364,0.566406,0.640625,0.66818804,0.06705737
1808,1503367,1.009811,0.4921875,0.29689267,0.030401694
1808,1659818,-2.696709,-1.515625,0.102607645,0.011807069
1808,1659823,3.191632,1.6171875,0.35604024,0.03573114
1808,1659928,-0.333229,-0.38671875,0.37529922,0.037701964
1808,1660034,1.766789,1.34375,0.3341269,0.033511594
1808,1660036,1.970749,2.171875,0.32009223,0.03262655
1808,1674021,-0.075052,0.56640625,0.114433974,0.0114855515
1809,687452,0.073584,-0.36914062,0.33858606,0.03423083
1809,687459,0.856725,1.34375,0.5325259,0.053454977
1809,687506,0.68918,0.18359375,0.5950589,0.059796266
1809,687562,-0.873244,-1.96875,0.21298242,0.02176363
1809,687563,1.063994,-0.34570312,0.229859,0.023098066
1809,687568,0.973644,0.45507812,0.41722405,0.04197577
1809,687586,0.956942,0.734375,0.6025277,0.061310902
1809,687590,0.03737,0.17382812,0.5749498,0.0584144
1809,687802,5.056307,2.65625,0.5958187,0.05974755
1809,687983,2.184625,0.89453125,0.47383577,0.047629707
1809,688006,-2.162351,-1.5859375,0.29632935,0.030464098
1809,688010,-0.039705,-0.0625,0.7890541,0.07952062
1809,688058,2.367198,0.8828125,0.43924406,0.044174988
1809,713880,-2.104512,-1.2890625,0.20502715,0.020862773
1809,722066,0.468044,0.4453125,0.38933882,0.039101552
1809,724878,1.480294,0.65625,0.66186935,0.066408925
1809,735784,1.131951,0.89453125,0.7030306,0.071617246
1809,749709,-1.413419,1.5234375,1.6415002,0.16773687
1809,749710,2.671403,2.640625,0.56410134,0.05723153
1809,749714,3.345649,3.4375,0.34593526,0.034784805
1809,753554,1.215358,-0.9921875,0.44253764,0.044898152
1809,753572,-1.257621,-0.875,0.24888489,0.025095047
1809,753576,5.231391,3.296875,0.4509997,0.045341678
1809,753614,-0.593263,-1.234375,0.23689263,0.02387396
1809,753621,0.624224,1.7734375,0.78309,0.07922537
1809,753623,0.053261,0.35742188,0.24571186,0.024841307
1809,905941,6.631638,3.234375,0.71276575,0.07136453
1809,905946,4.021917,1.5625,1.9787775,0.19928253
1809,905950,-1.167984,-1.0078125,0.4240497,0.04263223
1809,905951,1.508321,1.5703125,0.15602104,0.01570296
1809,905956,0.710655,0.55078125,0.7031778,0.07069463
1809,905957,0.097311,0.921875,0.2298257,0.02314573
1809,905962,-0.563481,-0.515625,0.15587488,0.015794162
1809,905965,-4.45747,-3.640625,0.24455008,0.02662826
1809,905976,0.415691,0.20898438,0.5123028,0.05204952
1809,906791,0.466633,-0.578125,0.7715468,0.07770242
1809,906821,0.589473,-0.13769531,0.50276566,0.050461773
1809,906824,-0.269879,0.421875,0.24134749,0.024475377
1809,906831,-2.832969,-1.3828125,0.37923044,0.0382687
1809,906833,-2.41461,-1.8203125,0.12872423,0.013054099
1809,906848,-0.465141,-0.024780273,0.7005549,0.07044285
1809,906875,0.573828,-0.640625,0.7567825,0.07656383
1809,907060,-0.939164,-0.52734375,0.25515616,0.025632584
1809,907067,0.51266,0.73046875,0.51102203,0.051700205
1809,907273,-1.232408,-0.70703125,0.23103078,0.023357058
1809,907276,2.193745,2.9375,1.1593461,0.11778855
1809,907286,0.500441,0.46289062,0.49764663,0.05046702
1809,907287,0.303905,1.1953125,1.0856835,0.109081835
1809,907299,-1.588898,-1.1171875,0.48553535,0.04892045
1809,907314,0.729897,-0.515625,0.5480296,0.05519202
1809,907321,-1.170699,-0.359375,0.589912,0.059563544
1809,907790,0.057349,0.080566406,0.43103403,0.043548558
1809,907792,1.886984,2.84375,0.6820844,0.06848439
1809,907795,1.353552,0.014282227,0.35606393,0.0358514
1809,908126,-0.909949,-0.9921875,0.4181461,0.042319447
1809,908138,-1.468138,1.2578125,0.5020264,0.05082797
1809,908158,-2.441967,-3.015625,0.23949629,0.024642674
1809,908443,2.115886,0.76171875,0.7679798,0.07703996
1809,908444,-0.195971,-1.03125,0.4261178,0.043408327
1809,908455,-0.525249,-0.8046875,0.1997283,0.020133493
1809,908458,1.759928,0.78125,1.6651654,0.16962926
1809,908460,1.898583,3.0625,0.89790756,0.0900111
1809,908463,2.369939,2.734375,1.0950739,0.11007621
1809,908471,0.378757,0.640625,0.5751962,0.05835718
1809,908483,0.498556,-0.057617188,0.69443434,0.07005693
1809,909262,-2.09315,-2.53125,0.3938699,0.040638603
1809,909263,2.166648,1.5234375,0.6781088,0.067977294
1809,909698,0.400075,-0.5,0.20730536,0.020897295
1809,909703,-3.358609,-2.6875,0.22970872,0.02387896
1809,909707,-0.15037,-0.0625,0.24280639,0.024344068
1809,909725,0.442693,0.5703125,0.66631055,0.06715056
1809,909744,-0.650098,-1.5234375,0.25793636,0.026028737
1809,909761,4.052881,1.4140625,0.68852234,0.070610836
1809,909974,1.802994,1.546875,0.75055873,0.07518247
1809,910548,1.46792,0.6171875,0.8331359,0.08456522
1809,910779,3.127877,2.453125,1.0692457,0.107479975
1809,910781,1.549927,1.3671875,1.219384,0.12581326
1809,910900,-1.309953,-1.1953125,0.6849474,0.0694921
1809,910921,0.288704,-1.03125,0.3390676,0.03446617
1809,910922,1.296923,0.16015625,0.40286717,0.040454876
1809,910924,-0.763641,-0.65234375,0.47750852,0.04830963
1809,910930,-3.348512,-2.9375,0.24643548,0.025558846
1809,910934,-2.663902,-2.015625,0.18949746,0.01931521
1809,910947,-2.601729,-2.0625,0.17304985,0.01780575
1809,911905,3.022224,2.765625,0.4826395,0.048794534
1809,924100,0.35835,0.08984375,0.527843,0.05302627
1809,924102,0.1619,0.42773438,0.65785116,0.06592758
1809,924244,0.375642,1.3203125,0.8792415,0.088395365
1809,946359,5.170456,3.484375,0.7079046,0.07093448
1809,946360,0.855905,-0.42773438,0.52428097,0.053471286
1809,1240159,2.503131,1.5859375,0.39818585,0.03994405
1809,1240166,-1.036305,-1.4375,0.22481251,0.022972489
1809,1240169,3.799686,2.921875,0.5452427,0.055715684
1809,1240174,0.382437,1.0,0.25325996,0.02570647
1809,1240186,3.22063,2.828125,0.63463527,0.06388678
1809,1240190,0.42222,-0.2734375,0.35043174,0.035146903
1809,1240192,0.720935,0.71875,0.3122018,0.031597108
1809,1240215,0.758697,0.8671875,0.3596813,0.036113646
1809,1290722,-0.646433,-0.1796875,0.4375198,0.043898724
1809,1290769,2.960848,1.5546875,0.5737671,0.057656694
1809,1290905,5.097769,2.65625,1.0365583,0.10391021
1809,1290922,0.745686,1.8984375,0.76266456,0.076729596
1809,1298157,1.842544,1.0390625,0.6137615,0.06201002
1809,1298348,2.424844,2.390625,0.77422845,0.07770804
1809,1298350,-1.031699,-0.86328125,0.4195789,0.04408649
1809,1298359,4.657067,0.87890625,1.240225,0.12538593
1809,1298365,1.921073,1.3046875,0.30284396,0.030379817
1809,1298526,1.807834,1.578125,0.40060446,0.04024409
1809,1299081,1.463785,-1.09375,0.4265528,0.04282254
1809,1330931,-0.129429,-0.8515625,0.43445823,0.04474289
1809,1503367,1.508381,0.7421875,0.87919027,0.089562505
1809,1659823,2.186444,1.078125,0.57541746,0.057789546
1809,1660034,3.519511,1.15625,0.35511184,0.035720196
1809,1660036,0.896385,1.9609375,0.7478186,0.075870775
1810,687452,1.128244,0.10546875,0.9265761,0.093585126
1810,687455,-0.267266,0.31054688,1.8387631,0.18495856
1810,687562,0.029048,-1.46875,0.7465194,0.07577344
1810,687800,1.133839,2.5625,1.5685312,0.15863216
1810,688086,-1.523174,-1.203125,1.4056385,0.14562425
1810,724834,3.166012,0.89453125,0.37126145,0.037276346
1810,724869,2.485349,1.3828125,1.1638216,0.11698669
1810,749715,1.095084,1.40625,1.3097239,0.13488255
1810,753539,0.67426,-2.359375,0.56972176,0.05780176
1810,753541,-1.664219,-1.4765625,0.71873623,0.07415757
1810,753572,-0.45413,-0.234375,0.64490426,0.06487
1810,753575,2.02438,3.984375,1.5257245,0.15297101
1810,905935,1.485254,1.8046875,0.6418426,0.06527679
1810,905940,2.586475,1.46875,1.7166301,0.17304388
1810,905941,2.104854,4.28125,0.6643738,0.06662212
1810,905945,1.647235,1.8203125,0.7495074,0.07551714
1810,905969,-0.953268,1.875,0.6925447,0.06961421
1810,905986,0.410561,0.40429688,0.6433863,0.06463358
1810,906818,0.48455,0.74609375,1.0646424,0.1087191
1810,906820,-2.515389,-1.7578125,0.85939586,0.08711521
1810,906832,-0.871831,-2.171875,0.64701635,0.06543549
1810,906851,4.231027,2.640625,0.5346215,0.05424062
1810,907000,-2.724813,-2.234375,0.30391762,0.031388137
1810,907046,1.511444,1.03125,0.7948095,0.081511036
1810,907053,-1.478524,-1.6171875,0.36836502,0.039234344
1810,907060,-0.154932,-0.24609375,0.69095445,0.06932719
1810,907061,0.833206,-1.28125,0.8033118,0.08146494
1810,907072,-3.472719,-1.578125,1.0722216,0.11013719
1810,907169,1.800999,1.484375,2.1002195,0.21272103
1810,907173,-0.421515,1.0390625,3.055973,0.30675876
1810,907275,-1.419929,-0.47851562,0.5621613,0.05671277
1810,907278,-0.725326,-0.34375,0.7485185,0.07670495
1810,907286,1.021737,0.27929688,0.971144,0.09910802
1810,907287,0.837884,1.25,2.2514572,0.22639064
1810,907298,0.591608,-1.484375,0.639019,0.06418583
1810,907299,-2.275703,-2.40625,0.7372083,0.0752822
1810,907319,1.518464,0.5625,1.3217642,0.13282141
1810,907320,1.809717,1.2734375,0.5719486,0.05762708
1810,907321,-2.338838,-0.234375,1.1400386,0.11571656
1810,907322,-1.771038,-0.66796875,1.4730724,0.151189
1810,907783,-1.237757,-1.8984375,0.23408462,0.024251183
1810,907789,-0.411167,-0.69140625,2.0596776,0.23018153
1810,907790,1.99921,0.04296875,1.6680776,0.1685305
1810,907794,1.299837,0.9765625,0.7558025,0.076551564
1810,908127,-0.610734,-0.30273438,0.86002105,0.0880024
1810,908130,2.127422,2.71875,2.4980645,0.2572644
1810,908443,0.684838,0.84375,1.7507067,0.17536595
1810,908458,1.021487,0.19824219,2.9666643,0.31786892
1810,908461,1.334141,0.47851562,0.86532784,0.08687209
1810,908465,2.739075,1.8046875,0.49694437,0.049866404
1810,909248,0.626796,0.953125,0.45656294,0.045942344
1810,909249,-0.12454,-0.12792969,0.61080605,0.06147544
1810,909725,1.043806,0.57421875,0.9300074,0.09431331
1810,909728,1.504309,0.42382812,0.6565427,0.06610604
1810,909744,0.574957,-1.1484375,0.50557876,0.050837427
1810,909749,3.550304,2.3125,1.0248455,0.1033351
1810,909774,0.482621,-0.7578125,0.47741017,0.048149806
1810,910546,0.423026,0.08154297,0.51448226,0.051600516
1810,910698,1.522931,-0.095703125,0.7546812,0.07577344
1810,910703,-1.268852,0.45507812,0.58872294,0.059125826
1810,910706,-3.566312,-3.28125,0.27315894,0.029393567
1810,910779,3.640193,2.546875,1.4328717,0.14860906
1810,910780,0.45505,0.16992188,1.4903822,0.1568386
1810,910906,-1.68468,-1.3671875,0.4493639,0.045632888
1810,910921,1.072383,-0.36132812,1.0025009,0.10149882
1810,910924,0.127252,-0.65625,0.9367649,0.09508381
1810,910926,-0.635489,-1.375,1.1620708,0.11663515
1810,910935,-2.170603,-3.421875,0.32456547,0.034636118
1810,910943,1.517377,1.6328125,1.028145,0.10394477
1810,924110,1.873951,0.578125,1.6846048,0.17415836
1810,924239,1.003205,1.140625,1.3859781,0.1418214
1810,925347,4.086672,2.6875,1.1358019,0.115985766
1810,925348,2.809101,1.59375,0.5683931,0.057569772
1810,946359,5.004962,4.71875,0.8825715,0.08871559
1810,998189,0.977289,-0.072265625,0.55963856,0.056085054
1810,1240142,0.096223,-0.28710938,0.7063569,0.07085825
1810,1240144,2.347665,0.7109375,1.3664032,0.13777436
1810,1240147,2.616748,1.296875,0.64422125,0.06460127
1810,1240155,0.730003,1.109375,1.2838799,0.12883227
1810,1240166,0.288848,-1.6796875,0.7096551,0.07213633
1810,1240184,1.604156,0.8671875,1.3743781,0.13787085
1810,1240185,-0.710453,0.29882812,1.0208583,0.10228094
1810,1240212,-0.956104,-0.6328125,1.7940592,0.19392823
1810,1240215,3.226144,1.0546875,0.7507553,0.07551741
1810,1240221,-0.807963,-2.296875,0.7567245,0.08059827
1810,1290765,-0.37872,0.65625,0.5314594,0.054590806
1810,1290798,2.121141,4.0625,0.39572427,0.041290227
1810,1290922,2.526579,2.671875,1.159701,0.11693258
1810,1297447,-0.540192,0.76171875,1.5046073,0.15679158
1810,1298359,1.312645,1.2890625,1.9539992,0.19761616
1810,1298475,1.749602,1.1171875,0.4978489,0.049986303
1810,1299075,0.34464,0.8046875,1.5095733,0.15221018
1810,1299081,1.770942,-1.4921875,0.43897521,0.04417255
1810,1303897,-2.13743,-2.125,0.84826255,0.09391086
1810,1330942,2.470754,1.90625,3.4142213,0.36296508
1810,1330985,-2.34187,-2.015625,0.28805035,0.031529177
1810,1331036,-5.341672,-4.625,0.44248524,0.06386575
1810,1503361,-2.389535,0.41601562,1.0393348,0.104718894
1810,1659818,-3.842847,-1.4140625,0.7748647,0.08528474
1810,1674021,0.641886,0.45507812,0.67941713,0.068341605
1811,683667,-3.314807,-4.375,2.9583757,0.3015431
1811,687452,-2.939243,-4.8125,3.7332222,0.37730008
1811,687455,-1.618658,-3.46875,5.7392187,0.58339065
1811,687457,-2.174322,-3.390625,2.14023,0.2152064
1811,687562,-4.256232,-5.03125,2.153579,0.21977888
1811,687787,-1.206808,-4.59375,5.7670097,0.5923796
1811,688086,-2.814402,-4.4375,2.3032165,0.23449475
1811,713899,-2.501533,-3.609375,2.401543,0.24365123
1811,722046,-4.470881,-5.625,3.048587,0.3136806
1811,724825,-3.396667,-5.59375,0.62999177,0.06933945
1811,724834,-0.652008,-3.375,1.4499204,0.14561644
1811,724868,-3.658099,-4.84375,1.6895614,0.17070106
1811,724872,-2.022104,-3.609375,2.723345,0.27617812
1811,753554,-1.6012,-4.59375,2.8275192,0.2853291
1811,753555,-3.133697,-5.34375,0.6689223,0.06738219
1811,753573,-2.536617,-4.53125,3.7737782,0.3805098
1811,753575,-0.592611,-2.640625,3.0930688,0.31022248
1811,753608,-1.905184,-4.75,0.43481463,0.043714494
1811,905936,-3.644615,-4.53125,1.7802911,0.17898323
1811,905939,-3.568153,-4.375,2.1638916,0.21770322
1811,905944,-1.320077,-3.25,1.4921153,0.15131743
1811,905946,-1.903462,-2.828125,1.9630802,0.19833541
1811,905947,-4.135165,-4.40625,2.2981138,0.23276478
1811,905949,-4.007049,-5.28125,1.6863658,0.17037821
1811,905956,-1.950696,-3.46875,1.5455266,0.15530683
1811,905974,-4.921752,-5.0,2.462103,0.24891697
1811,905983,-3.309721,-4.15625,3.8234043,0.38710293
1811,906794,-3.073102,-2.921875,1.525995,0.15375268
1811,906800,-5.263779,-7.6875,4.500448,0.57987446
1811,906827,-2.949342,-4.28125,2.2149951,0.22339614
1811,906831,-4.219548,-4.90625,2.0313494,0.20566523
1811,906833,-4.193529,-5.1875,0.87420976,0.08895622
1811,906835,-1.602416,-1.8359375,1.0963202,0.109855056
1811,906843,-2.203531,-3.609375,1.4749323,0.14833465
1811,906863,-3.321583,-4.1875,2.5883808,0.26098627
1811,907047,-4.263774,-5.15625,1.7720891,0.18062656
1811,907053,-3.255906,-4.0,2.258885,0.227395
1811,907072,-1.983076,-5.21875,2.097749,0.21421783
1811,907169,-1.78187,-3.859375,3.8306785,0.3876927
1811,907275,-3.598558,-5.375,0.9765061,0.09865911
1811,907311,-4.48974,-5.15625,1.2138655,0.122221805
1811,907314,-0.648394,-3.65625,1.4988213,0.15143006
1811,907320,-3.274073,-3.671875,0.89485645,0.09025188
1811,907321,-4.145839,-4.0625,3.6460278,0.3692884
1811,907322,-2.445476,-4.03125,3.2025502,0.32424414
1811,907789,-2.343017,-4.875,2.0189862,0.20792627
1811,908121,-1.522928,-3.6875,6.173637,0.63043916
1811,908129,-0.688598,-3.0,1.8956642,0.19043544
1811,908130,-1.652675,-2.84375,1.193269,0.121119566
1811,908131,-2.783169,-4.34375,3.164465,0.31883785
1811,908132,-4.363448,-4.90625,3.067967,0.3092646
1811,908147,-5.102641,-6.71875,3.5585659,0.44117168
1811,908447,-3.422055,-4.0625,2.9442601,0.2992836
1811,908451,-3.186618,-5.0,1.3638563,0.13775088
1811,908457,-1.669479,-3.3125,1.9284917,0.19391549
1811,908467,-3.295466,-4.125,3.4491208,0.3484742
1811,908470,0.278846,-1.75,1.0299352,0.10321657
1811,909260,-3.882556,-5.03125,2.0098855,0.20566328
1811,909737,-2.620401,-3.671875,2.2775438,0.22989614
1811,909738,0.169931,-1.4296875,1.7193289,0.1726968
1811,909745,-0.538303,-4.0625,4.1373353,0.4199491
1811,909755,-0.839938,-2.640625,1.53201,0.15435873
1811,909781,0.944199,-0.625,1.1386379,0.11441942
1811,910927,-2.465789,-5.0,2.1889327,0.22018164
1811,910934,-3.668135,-6.125,1.5980628,0.16288829
1811,910947,-4.410662,-6.1875,1.173771,0.12371487
1811,924102,-1.565793,-3.265625,2.6204154,0.2637354
1811,924110,-2.489014,-3.984375,3.9858322,0.4033954
1811,924244,-3.278775,-4.65625,1.8783896,0.18990393
1811,930297,-1.371355,-3.1875,2.126643,0.21417406
1811,1240121,-4.52553,-5.125,1.9922104,0.20039363
1811,1240123,-1.94655,-3.625,2.130705,0.21541288
1811,1240128,-3.30787,-4.3125,3.26257,0.33235577
1811,1240143,-2.745044,-3.25,2.4783854,0.25133643
1811,1240160,-1.10203,-2.1875,2.0976913,0.2111251
1811,1240169,-0.995288,-2.21875,1.1590084,0.11936105
1811,1240173,-3.88775,-5.75,2.256734,0.24451838
1811,1240183,-0.489167,-2.359375,1.5504934,0.15558589
1811,1240187,-0.73218,-4.3125,1.901398,0.19125892
1811,1240189,-2.569676,-4.90625,2.2371001,0.22707084
1811,1240190,-2.281116,-4.1875,0.80957013,0.08132813
1811,1240221,-3.506758,-5.34375,2.6220987,0.2725756
1811,1247871,-5.285431,-5.1875,3.0288074,0.30715546
1811,1290455,-2.761059,-5.59375,0.5424794,0.05511543
1811,1290769,0.090462,-3.21875,2.955425,0.29984596
1811,1290797,-2.146801,-4.53125,2.9774647,0.29915473
1811,1290807,-0.668055,-2.515625,2.0066729,0.20233272
1811,1290905,-0.571438,-1.0,1.633853,0.16461998
1811,1295741,-5.796721,-6.4375,2.47833,0.25928345
1811,1298134,-2.777355,-3.28125,2.272727,0.23427296
1811,1298151,-1.208715,-2.328125,1.3756391,0.14086491
1811,1298169,-0.970637,-3.6875,1.467813,0.14745417
1811,1298218,-0.594902,-2.578125,2.7901478,0.2814039
1811,1298219,-1.130844,-2.5,1.0774751,0.10952517
1811,1298359,-1.630983,-4.75,3.0319445,0.3072145
1811,1298534,-1.747446,-3.390625,5.093166,0.5223254
1811,1299075,-0.991086,-3.109375,2.581712,0.25943103
1811,1299081,-3.358124,-5.03125,1.4248878,0.14374758
1811,1330942,-1.777098,-2.75,0.8851345,0.09107482
1811,1331040,-4.839157,-6.3125,3.8709226,0.4174658
1811,1480362,-3.316223,-2.8125,1.0969648,0.11026628
1811,1503371,-1.67539,-3.84375,1.9114598,0.1940176
1811,1659928,-4.583216,-4.71875,3.9108243,0.39538175
1811,1674021,-2.516335,-3.984375,2.3171964,0.23265709
1812,687448,3.747392,5.25,1.803297,0.19538823
1812,687506,1.168294,2.0,1.1254524,0.113707565
1812,687562,2.05701,1.7421875,0.38535336,0.039233543
1812,687588,3.003933,1.578125,0.5922296,0.059960652
1812,687590,4.043779,3.171875,0.6315808,0.06482239
1812,687777,3.181659,3.796875,1.3116456,0.13201243
1812,687798,0.443907,1.1015625,0.9865371,0.1025537
1812,688086,1.594606,2.703125,0.48610008,0.050254155
1812,724859,1.705042,2.640625,0.64387226,0.065708995
1812,724863,1.435668,3.34375,1.5383967,0.15815467
1812,749714,4.801989,4.9375,2.2935388,0.23103379
1812,753551,3.721872,2.328125,1.2501733,0.13242912
1812,753576,4.705234,4.5,0.8697483,0.08781868
1812,753608,1.885704,2.140625,0.630199,0.063357644
1812,905941,5.182317,6.96875,1.2535883,0.12577929
1812,905946,3.935965,5.0,2.5231807,0.26229274
1812,905948,4.481095,3.4375,0.78896224,0.079711035
1812,905956,4.147329,3.8125,1.4639018,0.14958896
1812,905962,3.879975,2.796875,0.6913957,0.07350212
1812,905972,1.696774,2.921875,0.7471116,0.074894495
1812,905976,4.095835,4.125,1.3083708,0.14936814
1812,906791,3.313297,2.921875,2.575869,0.26416612
1812,906794,1.656636,2.828125,0.86867476,0.089460894
1812,906800,1.797751,0.96875,0.29377943,0.0303716
1812,906805,3.67817,4.40625,1.26981,0.12777656
1812,906814,1.895704,3.8125,1.732821,0.17718855
1812,906818,3.033113,4.21875,0.7495368,0.08774048
1812,906834,0.711261,0.9296875,2.7690804,0.29282117
1812,906836,0.679789,0.49609375,1.135085,0.118918926
1812,906844,1.126483,0.36328125,0.97225714,0.16220966
1812,906856,1.32589,1.6484375,0.26402256,0.027166275
1812,906865,1.930488,3.890625,0.4662944,0.047329962
1812,906871,2.623027,2.703125,1.2348838,0.12559035
1812,906999,2.458538,3.328125,0.88579565,0.08899852
1812,907061,0.406769,0.23828125,0.8854127,0.08987144
1812,907065,1.950841,3.734375,3.6353965,0.36729416
1812,907067,1.568784,4.03125,0.86672235,0.09231408
1812,907269,2.322236,1.796875,0.28674832,0.029321274
1812,907275,2.00712,2.8125,0.40226308,0.040592957
1812,907286,3.839822,2.171875,0.9298507,0.09514778
1812,907291,2.190248,2.21875,0.7561922,0.079337776
1812,907312,2.53617,1.265625,0.69662297,0.06988179
1812,907318,1.970799,1.7578125,1.1428897,0.117208116
1812,907319,3.685968,3.0,1.1933756,0.12064948
1812,907783,2.587051,1.671875,2.6747816,0.3103663
1812,907789,2.264666,3.40625,0.677714,0.070368275
1812,907791,2.575558,5.03125,0.8353878,0.08560695
1812,907795,2.038586,2.859375,1.3150948,0.13456821
1812,908121,3.651482,4.25,1.4775081,0.15140866
1812,908123,1.624749,2.328125,0.9373573,0.095434085
1812,908126,3.378212,2.875,1.7206342,0.17464834
1812,909263,4.433893,4.5,1.6358601,0.16532907
1812,909738,5.264142,4.71875,2.6205246,0.26282817
1812,909746,2.961998,4.53125,1.7864511,0.17934561
1812,909749,4.308831,4.09375,1.3786811,0.1400728
1812,909776,3.125237,4.0625,1.1146098,0.1127653
1812,909784,2.163791,3.90625,1.4535016,0.15640564
1812,909785,-0.530193,1.6484375,0.95830107,0.098518014
1812,909905,1.769796,1.7265625,0.63473916,0.06403466
1812,909974,3.279021,4.65625,2.373556,0.2380582
1812,910546,3.212211,2.5625,1.0108882,0.101981886
1812,910549,3.427922,1.5703125,1.5114429,0.1538828
1812,910692,3.103655,2.5,0.82642764,0.089543894
1812,910851,1.040465,1.21875,2.011144,0.203699
1812,910906,2.950688,2.9375,0.56218445,0.05659338
1812,910933,2.211806,2.5625,0.576242,0.06439856
1812,910934,2.569657,2.078125,1.5609819,0.15823355
1812,917486,2.666676,4.59375,1.5504019,0.15767924
1812,924110,3.332255,3.984375,0.65306175,0.066227876
1812,924151,2.965616,4.09375,0.6697107,0.06726863
1812,924240,2.782501,3.796875,0.32156762,0.03475975
1812,925341,2.589788,4.15625,0.9540698,0.101426944
1812,930083,4.944071,5.71875,2.3495812,0.23657484
1812,946360,2.808426,3.8125,0.8044835,0.08244
1812,998189,2.646713,2.015625,0.7033729,0.07048039
1812,1240145,2.739105,1.6328125,0.93600845,0.0948419
1812,1240158,1.409469,2.515625,1.8163787,0.18548487
1812,1240159,3.38273,4.9375,1.9619036,0.19720945
1812,1240179,2.654595,3.734375,1.43856,0.14663039
1812,1240184,2.328233,3.671875,1.9904664,0.19934292
1812,1240186,2.617674,4.9375,0.6427088,0.06554972
1812,1240196,3.331776,3.078125,0.75318944,0.075821266
1812,1290797,3.32005,2.4375,1.1731781,0.1177113
1812,1290807,4.505944,5.625,1.9541196,0.2468057
1812,1295741,1.776125,2.78125,0.4294913,0.04322676
1812,1297447,3.064782,3.953125,1.2412091,0.12934348
1812,1298151,3.189153,4.71875,0.8583464,0.08956064
1812,1298169,1.995975,2.0625,1.0730908,0.10860465
1812,1298218,3.938773,4.96875,1.6108432,0.1626472
1812,1298226,2.082307,2.953125,1.6713142,0.16797288
1812,1298359,2.925638,2.046875,1.2720238,0.1306606
1812,1299062,4.970818,5.34375,2.0519114,0.21094647
1812,1327766,2.827987,3.28125,0.7976144,0.081299715
1812,1331033,1.075996,2.28125,0.33678108,0.03407221
1812,1480371,1.941159,2.078125,2.3286617,0.24802439
1812,1659818,2.031841,2.921875,0.20344332,0.023052372
1812,1674021,4.11016,2.84375,0.5839863,0.05860713
1813,687452,4.459054,5.15625,0.23162025,0.023250055
1813,687459,6.722817,5.84375,0.2292474,0.022961067
1813,687568,6.341776,6.1875,1.2603508,0.12714852
1813,687590,6.732245,5.78125,1.3310128,0.1351643
1813,687800,7.633547,6.96875,0.7824485,0.078603536
1813,687812,5.368514,6.03125,0.20908563,0.021066569
1813,687829,6.560937,6.28125,0.40658548,0.04082826
1813,687995,3.007413,4.28125,0.15775777,0.016938915
1813,687997,6.85087,6.84375,0.61872816,0.062165458
1813,688011,6.164655,5.5625,0.44682163,0.045658514
1813,724863,5.916511,6.09375,1.9223292,0.19311415
1813,724870,6.092012,5.65625,0.6355915,0.063786075
1813,749715,5.594799,4.21875,0.4841932,0.056183
1813,753556,3.849018,4.90625,0.34939933,0.035727616
1813,753586,5.104546,5.8125,0.72849613,0.07306525
1813,753600,5.621269,5.6875,0.27703542,0.027750269
1813,753623,6.7711,5.5,0.39968324,0.040321417
1813,905936,5.227538,4.34375,2.1126277,0.21443662
1813,905948,6.321384,5.53125,0.7092122,0.07154776
1813,905956,5.825254,5.46875,0.4154478,0.041735232
1813,905986,6.434552,6.125,1.0640188,0.10815736
1813,905991,1.514425,4.46875,0.24872233,0.025018627
1813,906693,6.683921,5.9375,0.38371193,0.03849989
1813,906696,5.407842,4.75,1.1275369,0.11506837
1813,906794,5.177747,5.8125,0.23804912,0.024092315
1813,906817,5.892848,6.40625,0.15672821,0.015689889
1813,906824,3.313903,5.71875,0.10655922,0.010801692
1813,906830,2.413444,5.5,0.5796819,0.060731266
1813,906835,5.913531,6.59375,0.68427324,0.06852918
1813,906837,6.045387,5.5625,0.3021966,0.030522162
1813,906844,3.81177,0.66796875,1.3164502,0.742269
1813,906851,6.171769,5.59375,0.31859767,0.03211605
1813,906868,5.144564,5.34375,0.6652158,0.068507574
1813,906872,4.926337,5.96875,0.698054,0.0709936
1813,907056,6.502667,6.0625,1.3934435,0.13989075
1813,907269,4.834147,2.796875,2.3799007,0.31213862
1813,907275,2.306399,2.703125,0.7035046,0.0959092
1813,907285,6.035052,6.46875,0.5871664,0.05879875
1813,907299,5.90245,3.78125,1.2213856,0.12343999
1813,907318,5.30469,4.9375,0.4896488,0.049085043
1813,907790,5.013865,5.1875,2.9614198,0.29875824
1813,907795,3.534679,4.84375,3.3762286,0.34269503
1813,908126,2.235977,3.125,3.405367,0.39685822
1813,908138,4.630431,5.5,0.46122584,0.046377607
1813,908152,4.236302,4.96875,1.5161309,0.15206188
1813,908444,3.357302,4.625,1.7277601,0.17300297
1813,908461,3.875476,5.5625,1.3381428,0.13414265
1813,908470,8.456055,7.78125,0.16707525,0.016765341
1813,908471,4.394295,5.8125,0.40485594,0.0412424
1813,909248,6.356917,5.84375,0.45208427,0.045264218
1813,909249,3.892761,5.09375,0.34520024,0.034824986
1813,909250,6.462629,5.84375,0.53394556,0.05347916
1813,909260,2.025908,2.78125,7.5303698,1.0395026
1813,909709,5.384423,6.03125,0.27161786,0.027545135
1813,909719,4.736413,5.84375,0.7712758,0.077788
1813,909731,3.521212,4.71875,0.6189159,0.062149934
1813,909744,5.511094,4.9375,0.68845946,0.06917156
1813,909746,6.50113,6.4375,0.27749407,0.02779923
1813,909753,0.361473,6.6875,0.21722601,0.021766795
1813,909784,4.233286,5.09375,0.5909651,0.059788052
1813,909785,-3.00842,1.6484375,0.9060726,0.14507782
1813,909905,4.923553,4.90625,0.5034192,0.05122601
1813,910079,6.253707,6.53125,0.71759176,0.07220876
1813,910549,2.868107,5.0625,3.3189445,0.33602858
1813,910691,6.677452,5.84375,0.37585744,0.03775805
1813,910692,2.898533,4.625,1.1869578,0.120269574
1813,910706,2.766488,3.03125,1.8649949,0.25636685
1813,910900,6.048029,4.84375,0.51494384,0.051817007
1813,910906,2.033316,2.859375,4.301119,0.4707883
1813,910921,4.884461,3.625,1.9929858,0.22582726
1813,910922,3.678804,5.25,0.88642657,0.0887746
1813,910926,5.34753,5.0,0.58894503,0.05965138
1813,910933,5.558837,4.5625,2.9135296,0.3056802
1813,910943,5.919879,5.84375,0.7561811,0.0762656
1813,924102,6.797504,6.09375,3.0317879,0.30745772
1813,925341,6.312611,5.28125,0.95340246,0.095919214
1813,925347,5.051071,6.46875,0.12243742,0.012258851
1813,1240121,1.755707,4.875,1.2783228,0.12928218
1813,1240179,5.650159,5.4375,0.20565566,0.02067928
1813,1240183,6.50476,5.96875,0.22698845,0.022715835
1813,1240189,3.549674,4.40625,0.8453885,0.086698115
1813,1240190,6.016769,5.34375,0.78513426,0.07874583
1813,1240192,5.624495,5.625,0.37772587,0.03787126
1813,1240196,6.048325,6.21875,0.62670964,0.06284524
1813,1240215,7.038648,6.1875,0.2285236,0.022957118
1813,1240217,0.08813,3.90625,2.4717903,0.25695056
1813,1240219,5.732089,6.15625,2.321974,0.23681755
1813,1247871,-0.37658,0.7890625,4.6408496,1.2130468
1813,1290455,1.852602,3.484375,3.4757938,0.360489
1813,1290722,6.204339,5.28125,1.2695954,0.12775497
1813,1290905,6.962653,6.96875,2.1429389,0.21680154
1813,1297449,2.755257,2.65625,2.2899373,0.3385714
1813,1298347,3.819986,4.8125,0.35920534,0.036657926
1813,1298350,5.717699,4.375,3.0595026,0.33975086
1813,1298358,4.612838,6.125,4.5409827,0.45752987
1813,1298475,4.798991,6.21875,0.50405425,0.050545588
1813,1298534,0.643432,6.34375,0.48511705,0.048914324
1813,1303896,1.322443,2.109375,2.8765903,0.3987789
1813,1303897,2.733628,5.53125,2.1226676,0.21736033
1813,1331033,3.009193,3.5625,0.46713492,0.049949702
1813,1659928,3.527207,5.15625,0.5494189,0.055138055
1814,684072,4.494124,5.5625,0.08846546,0.008983664
1814,687448,7.18862,7.75,0.13113996,0.013237319
1814,687457,6.289578,6.65625,0.053884972,0.005403481
1814,687812,6.173513,6.6875,0.06170282,0.006224793
1814,687829,6.537743,6.34375,0.28303805,0.028587129
1814,688006,6.031571,5.875,0.46749777,0.0473321
1814,688010,5.054334,5.71875,0.1841282,0.018547684
1814,688025,5.164362,5.71875,0.13402632,0.013442303
1814,724868,5.463057,5.65625,0.04074061,0.0040973024
1814,724869,6.881919,6.65625,0.10379748,0.010410472
1814,724870,6.088923,6.0625,0.11768265,0.011854461
1814,724872,5.810954,5.6875,0.10695527,0.010799297
1814,749714,7.104574,7.03125,0.18152,0.01820573
1814,749717,6.744569,6.5,0.18477298,0.018512612
1814,753554,6.256372,6.59375,0.075916745,0.007729225
1814,753569,6.529699,6.09375,0.11108227,0.011160765
1814,753575,7.536466,7.28125,0.10483553,0.010573321
1814,753612,6.046276,5.78125,0.10869993,0.011147631
1814,753615,6.499423,6.5625,0.2244214,0.022591813
1814,753621,6.846061,6.375,0.2881194,0.03162281
1814,905956,6.543431,5.59375,0.114473365,0.011479168
1814,905968,6.715869,6.28125,0.13996913,0.014067383
1814,905977,6.877344,6.96875,0.08335413,0.008380085
1814,905984,5.858335,5.96875,0.047482047,0.005004584
1814,906693,6.721116,6.25,0.1473456,0.014811098
1814,906696,5.538425,6.21875,0.07188211,0.007355399
1814,906797,5.779222,5.46875,0.31262907,0.03170414
1814,906824,6.298942,6.03125,0.053032767,0.005482651
1814,906832,5.891609,6.0,0.24289003,0.024510391
1814,906834,5.587951,4.84375,0.3245246,0.041254815
1814,907046,6.209184,6.5,0.12405842,0.012526206
1814,907048,5.998438,5.90625,0.04302963,0.004367607
1814,907062,6.306707,5.96875,0.109628424,0.011091129
1814,907169,6.129758,6.15625,0.059069764,0.005938634
1814,907274,5.918505,5.28125,0.8583267,0.08831646
1814,907285,7.226322,6.8125,0.13135563,0.013176951
1814,907318,5.288964,5.75,0.07126506,0.007160211
1814,907323,5.29597,5.15625,0.35238904,0.0364308
1814,907789,4.712605,4.96875,0.2527996,0.028751066
1814,907794,6.62311,7.03125,0.14285348,0.014327635
1814,908123,4.950247,6.40625,0.09779886,0.009845111
1814,908127,5.701327,5.375,0.40316808,0.040788595
1814,908129,6.546707,6.6875,0.08315261,0.008393456
1814,908132,5.063866,4.09375,1.7331591,0.1795554
1814,908455,6.264951,6.21875,0.12622818,0.012775216
1814,908467,5.772107,5.5,0.07538106,0.007818083
1814,908475,5.635176,6.25,0.18013284,0.018158186
1814,909249,4.969622,5.5,0.14051303,0.01455716
1814,909250,7.036288,6.78125,0.10251288,0.010291485
1814,909251,1.241928,4.25,0.49096125,0.051436312
1814,909255,5.920647,5.90625,0.07628075,0.007750057
1814,909263,7.265738,7.28125,0.09374954,0.009448049
1814,909698,5.493062,5.71875,0.07089473,0.007156142
1814,909731,5.732175,5.9375,0.096660726,0.009702808
1814,909744,5.945092,5.84375,0.113716915,0.011500671
1814,909757,6.717017,6.84375,0.11638512,0.011682744
1814,909759,3.939957,6.15625,0.05441931,0.005454477
1814,909761,6.398897,5.96875,0.14667213,0.014759107
1814,909777,5.467476,5.3125,0.2232804,0.022538008
1814,909974,7.753521,7.46875,0.14265773,0.014293037
1814,910548,6.86851,6.78125,0.08170193,0.008292935
1814,910703,6.038652,6.15625,0.36544085,0.036652256
1814,910852,6.332645,6.21875,0.07697851,0.007817164
1814,910905,6.053714,6.84375,0.23783232,0.023823347
1814,910919,5.227887,5.125,0.15921858,0.016729603
1814,910922,6.366543,6.53125,0.08667397,0.008687378
1814,910934,4.742187,4.84375,0.28191054,0.037389014
1814,910941,5.860702,6.3125,0.12712426,0.01288098
1814,910943,7.280025,6.96875,0.08058897,0.008224334
1814,924102,7.051632,7.03125,0.15286781,0.015373988
1814,924110,5.689534,5.34375,0.266175,0.026949054
1814,924239,4.838333,5.03125,0.18343955,0.019431496
1814,924244,6.551785,6.59375,0.06455174,0.00648129
1814,925340,6.816144,6.5625,0.2943197,0.029735932
1814,925341,6.018092,6.375,0.06847113,0.0068673813
1814,925348,7.094707,8.0625,0.079922915,0.008216465
1814,946353,6.291226,6.15625,0.06876172,0.006919253
1814,946359,7.106712,7.34375,0.21946613,0.022035403
1814,998184,3.472625,4.875,0.19298427,0.01989284
1814,1240122,6.414522,6.40625,0.07819643,0.007829915
1814,1240127,6.842764,6.59375,0.11394113,0.011480218
1814,1240128,6.168308,5.90625,0.21783121,0.021963906
1814,1240151,6.825392,6.5,0.16574992,0.016884832
1814,1240166,5.823222,5.6875,0.10953263,0.011241898
1814,1240169,5.59177,6.71875,0.12990248,0.013088414
1814,1240179,5.887459,5.84375,0.060067125,0.0060399254
1814,1240189,5.803054,5.625,0.065027714,0.0065639224
1814,1240212,6.253217,6.09375,0.06993539,0.007025599
1814,1240222,6.711554,5.84375,0.085192375,0.008549655
1814,1290765,6.514141,6.21875,0.114260174,0.011536876
1814,1295740,2.00537,4.53125,0.79480904,0.08157534
1814,1298136,7.720303,7.3125,0.07735522,0.007828915
1814,1298146,6.808937,6.90625,0.055620436,0.0055900463
1814,1298218,6.337534,6.9375,0.07473009,0.00749513
1814,1298347,5.640049,5.59375,0.05467554,0.005488993
1814,1298539,6.418321,6.90625,0.0841256,0.008480232
1814,1303896,4.303934,4.78125,0.54084545,0.055601545
1814,1330942,5.870654,5.59375,0.09043153,0.009130891
1814,1330983,4.185146,5.125,0.16147149,0.016644498
1814,1330995,6.321369,6.09375,0.27469632,0.027712308
1814,1331040,4.36733,4.78125,0.062194847,0.00821777
1814,1480362,6.261679,6.71875,0.08956912,0.008999275
1814,1503361,6.405848,6.03125,0.059372902,0.0059538
1814,1503365,6.70744,8.1875,0.07689848,0.0077444394
1814,1503371,5.099899,5.53125,0.16864792,0.017088402
1814,1659823,6.299391,6.375,0.12438518,0.012485791
1814,1659928,4.708811,6.09375,0.060223754,0.0060491343
1814,1674021,7.119333,6.53125,0.0934076,0.009446704
1815,687457,5.10492,5.65625,0.3457914,0.03474788
1815,687561,5.697072,5.65625,0.2157708,0.022163691
1815,687590,5.793821,6.09375,0.3176825,0.031828966
1815,687812,5.57986,6.0,0.8752142,0.08871868
1815,687815,5.979152,5.71875,0.19599505,0.019772656
1815,687995,4.27868,5.09375,0.16473335,0.016921192
1815,688013,4.853012,4.84375,0.19923592,0.020187758
1815,688086,4.383223,5.09375,0.18613908,0.018930748
1815,724839,6.333963,7.03125,0.54156804,0.05424815
1815,724868,5.763055,5.03125,0.119497046,0.012055273
1815,724869,6.974466,6.03125,0.35721263,0.035781514
1815,724872,4.301255,5.15625,0.11703442,0.011779095
1815,749711,6.012538,4.84375,0.44977492,0.045503814
1815,749715,5.355616,5.15625,0.1291093,0.013082115
1815,749717,5.07872,6.125,0.37969986,0.038374566
1815,753541,4.916783,5.34375,0.08497172,0.008606372
1815,753554,6.636664,6.15625,0.22542864,0.022806661
1815,753576,6.862409,6.90625,0.29339692,0.029383363
1815,753586,6.045659,5.75,0.38236985,0.03840688
1815,905935,6.878678,6.59375,0.09324852,0.00934921
1815,905942,5.029191,5.21875,0.15771405,0.015915155
1815,905949,4.718876,5.625,0.20204173,0.020247929
1815,905969,7.078915,7.28125,0.2560725,0.025659349
1815,906818,6.532,6.1875,0.18443723,0.018525671
1815,906839,6.358948,6.5,0.23491849,0.023596227
1815,906844,4.995067,4.96875,0.19815782,0.02006261
1815,906855,4.330891,4.90625,0.20533837,0.020650977
1815,906864,5.019373,5.46875,0.29346266,0.029409818
1815,906865,5.821124,5.09375,0.192772,0.01934391
1815,906868,5.442982,5.84375,0.3439583,0.034981303
1815,906870,4.995702,5.09375,0.17475547,0.017661756
1815,906871,5.841994,4.875,0.24379887,0.024808036
1815,907046,5.032635,5.40625,0.6723197,0.06774004
1815,907065,6.050398,5.53125,0.34254703,0.034333672
1815,907069,6.037787,5.84375,0.4629697,0.046452254
1815,907073,4.479027,4.65625,0.34596068,0.035376
1815,907274,5.077712,5.4375,0.41059452,0.041621134
1815,907276,6.702214,6.5625,1.2503188,0.12574516
1815,907285,7.288675,6.4375,0.47058734,0.047237586
1815,907291,5.050799,4.96875,0.26637104,0.026895544
1815,907321,5.313227,5.15625,0.18021412,0.01819626
1815,907788,2.99014,4.96875,0.38082698,0.038603656
1815,907794,4.98511,6.34375,0.33570996,0.033635158
1815,908129,4.619465,5.9375,0.19269383,0.019338181
1815,908150,6.429874,5.65625,0.32233062,0.032555718
1815,908444,5.504399,5.28125,0.22432233,0.022528838
1815,908451,4.838008,5.59375,0.111807875,0.011220707
1815,909249,3.888634,5.3125,0.1515037,0.015525445
1815,909698,5.175697,5.3125,0.116515055,0.01171593
1815,909703,3.792728,4.46875,0.32306328,0.03261013
1815,909707,4.155218,6.0,0.17634353,0.017675007
1815,909709,4.849154,5.71875,0.23230062,0.023307977
1815,909720,6.402696,5.625,0.17966333,0.018106412
1815,909732,5.141412,5.40625,0.17904048,0.017953835
1815,909735,5.18357,4.96875,0.32299802,0.032594204
1815,909744,5.774996,4.71875,0.1814097,0.018316979
1815,909747,7.124836,7.59375,0.5354098,0.054167517
1815,909749,6.712711,6.15625,0.15680958,0.015759908
1815,909751,4.385295,5.5,0.22862762,0.023217125
1815,909781,8.020501,7.78125,0.20323746,0.020569118
1815,909784,6.346276,5.75,0.24031352,0.02416423
1815,909785,4.837086,4.3125,0.29431084,0.030115612
1815,909976,4.954588,5.03125,0.18409352,0.018611733
1815,910700,6.600038,6.4375,0.70408934,0.07059286
1815,910779,6.716863,6.0625,0.30384034,0.030438585
1815,910781,4.601514,5.125,0.5085384,0.05152811
1815,910900,4.667939,5.0,0.15392156,0.015454428
1815,910903,5.84807,4.59375,0.7721732,0.07841416
1815,910905,5.476897,6.25,1.21749,0.12215735
1815,910919,3.959714,4.28125,0.3238643,0.03338397
1815,910922,5.206878,5.875,0.1948169,0.019535864
1815,910924,4.980402,5.40625,0.30387414,0.030471915
1815,924244,5.658769,5.78125,0.31191242,0.031363707
1815,925340,6.409712,6.46875,0.8554702,0.08595163
1815,925347,6.192667,6.3125,0.37850076,0.038003206
1815,925348,7.814806,7.09375,0.8271662,0.08416925
1815,930082,6.168632,5.125,0.338221,0.033987146
1815,946353,6.189697,5.5625,0.25868538,0.026011573
1815,1240144,6.466839,5.65625,1.1595027,0.11651608
1815,1240157,5.270929,5.78125,0.22470441,0.022532925
1815,1240168,6.32463,5.59375,0.34036157,0.034422196
1815,1240173,5.214003,5.21875,0.3711733,0.037657805
1815,1240198,6.404237,5.34375,0.4313307,0.043343548
1815,1290807,6.457954,6.46875,0.20464087,0.020675434
1815,1290908,4.906417,6.3125,0.5758516,0.05802033
1815,1298350,5.376597,6.03125,0.2961565,0.029839452
1815,1299075,6.520662,5.46875,0.67708606,0.06798253
1815,1299081,5.292847,5.90625,0.2520058,0.025266407
1815,1303896,5.422248,4.53125,0.2989239,0.030210907
1815,1303897,5.96382,5.6875,0.1418683,0.014278535
1815,1330983,4.279035,4.875,0.21753253,0.021999981
1815,1331048,5.778779,4.90625,0.19443057,0.019784508
1815,1503361,5.279642,4.9375,0.6183789,0.062225323
1815,1503363,6.229215,5.84375,1.302457,0.13154946
1815,1503364,5.661785,5.75,1.0795907,0.10835675
1815,1503367,4.451116,5.875,0.42814264,0.043010533
1816,687452,3.703281,4.0,0.5974146,0.060321085
1816,687457,6.121818,3.984375,1.0693884,0.10887642
1816,687459,6.312738,4.3125,0.9861901,0.09879608
1816,687568,5.71038,3.953125,1.4486772,0.14610817
1816,687787,3.164333,3.296875,1.3387529,0.13554285
1816,687802,7.029494,5.28125,1.8360009,0.18395098
1816,687812,4.933525,4.09375,1.838795,0.1863949
1816,687816,6.140562,4.03125,2.1332552,0.21757019
1816,687980,5.073757,2.96875,1.0183218,0.103735745
1816,687985,3.68542,2.671875,0.86302215,0.0899335
1816,688010,1.650658,2.453125,0.8840326,0.091393344
1816,688031,4.825153,2.6875,0.73710436,0.07475075
1816,688058,5.990411,4.15625,1.0059776,0.1016367
1816,724831,4.000212,4.875,0.9639925,0.09775979
1816,724859,4.220742,4.59375,0.7255591,0.07321723
1816,724869,4.281227,4.125,0.9978632,0.10064076
1816,753541,4.320798,3.234375,0.86695486,0.09199798
1816,753555,5.127591,3.328125,0.3452833,0.036123622
1816,753569,5.772275,3.328125,1.2093596,0.12374877
1816,753573,3.426391,3.296875,1.2411425,0.12528141
1816,753575,6.271771,4.8125,1.4907205,0.14941572
1816,753612,5.06809,3.875,0.9714137,0.09811376
1816,753614,5.003085,3.546875,1.396809,0.14112347
1816,905940,3.963621,3.09375,0.8311425,0.08365151
1816,905941,6.571088,5.40625,1.0974433,0.11043192
1816,905945,2.412515,2.828125,0.55986863,0.05668425
1816,905946,3.301102,2.78125,1.0872045,0.10938066
1816,905948,6.117471,4.34375,0.72317684,0.07257588
1816,905968,5.94716,3.953125,0.5615334,0.056436054
1816,905970,4.353926,4.6875,0.91659504,0.09210678
1816,905973,5.190985,4.09375,0.8882024,0.08985961
1816,905976,5.687393,4.09375,0.85466444,0.0858345
1816,905990,5.835062,4.28125,0.9029263,0.090953976
1816,906793,5.358485,3.84375,0.42974734,0.043148596
1816,906794,4.029104,3.46875,0.9333779,0.094976954
1816,906798,4.770394,3.4375,1.9212468,0.19703187
1816,906801,5.193209,3.03125,0.6546231,0.066576585
1816,906804,2.593478,2.8125,0.5381164,0.05444134
1816,906805,6.51196,4.0625,1.3181953,0.13302103
1816,906814,3.878517,2.859375,0.5885763,0.059568234
1816,906821,3.43606,4.03125,1.3203313,0.13323657
1816,906833,4.566942,3.546875,0.99610037,0.101472065
1816,906834,4.178715,2.390625,0.98414636,0.10025431
1816,906842,2.592563,0.7734375,0.6285614,0.07518247
1816,906848,4.700064,2.671875,0.9226862,0.096400775
1816,907042,3.81091,2.59375,0.989829,0.108343884
1816,907045,4.280256,3.015625,0.5816334,0.05943427
1816,907048,5.010503,2.71875,0.9013993,0.09949813
1816,907055,2.798015,2.609375,0.88775975,0.09403915
1816,907061,4.06772,2.921875,0.9668344,0.09879608
1816,907064,5.325655,4.25,0.76914704,0.07722588
1816,907071,5.09436,3.625,1.0284,0.10508715
1816,907269,2.112823,2.921875,1.0682393,0.10864226
1816,907271,4.401214,4.1875,1.6975065,0.17103344
1816,907274,5.085835,3.71875,0.7716846,0.07766729
1816,907278,4.494982,3.375,0.63891673,0.06438982
1816,907285,5.378405,4.8125,1.0447423,0.105149575
1816,907790,3.675168,3.5,0.5990866,0.060454708
1816,908127,4.964597,3.515625,0.9212164,0.09319965
1816,908131,5.306652,3.765625,1.7321842,0.17889728
1816,908445,5.161112,3.515625,0.74500054,0.07598242
1816,908455,6.028364,3.734375,1.0829349,0.10982189
1816,908465,6.412286,4.34375,0.7323648,0.07366753
1816,909260,3.507797,2.953125,0.43707326,0.044187814
1816,909707,3.825319,3.546875,1.0006347,0.10139021
1816,909720,4.563516,3.796875,1.2061161,0.121818945
1816,909744,4.184069,2.75,0.62249106,0.06463438
1816,909776,4.502818,3.84375,0.69878244,0.070495576
1816,909781,7.215512,5.09375,1.0095416,0.10426389
1816,909974,5.557221,5.40625,1.3370826,0.13384506
1816,910703,3.708974,3.3125,0.81743383,0.082971424
1816,910706,3.221067,1.984375,0.61036015,0.067178704
1816,910784,4.989485,4.21875,0.67277795,0.06754998
1816,910905,4.076861,4.125,0.8419259,0.084522724
1816,910921,5.444065,3.609375,0.58797,0.059020463
1816,910941,4.830392,3.109375,0.7104783,0.071905605
1816,930083,6.210517,5.46875,1.6125702,0.16383572
1816,930297,4.775959,3.671875,1.2647908,0.1272715
1816,946359,4.873543,3.28125,1.6593665,0.16694431
1816,1240122,4.75583,3.578125,1.1770139,0.118590854
1816,1240128,5.394788,3.65625,0.97240657,0.09841467
1816,1240142,4.003607,3.484375,0.5241463,0.053177852
1816,1240143,4.433098,3.734375,0.7850111,0.078860976
1816,1240158,3.236571,3.984375,1.6657403,0.16800036
1816,1240160,3.302326,3.734375,1.3475496,0.13638188
1816,1240166,5.035446,2.875,0.5404594,0.054354258
1816,1240174,4.181022,3.390625,1.0107602,0.10241619
1816,1240185,4.113634,3.640625,0.8817981,0.08862377
1816,1240186,5.715832,4.03125,1.28628,0.12991558
1816,1240192,4.719962,3.375,1.0427585,0.105658434
1816,1240212,4.239382,3.578125,0.79363,0.0808936
1816,1240217,2.935874,3.15625,1.1832963,0.120107315
1816,1240219,5.790771,4.625,1.111958,0.11224148
1816,1290730,4.873178,3.734375,0.82632184,0.08417684
1816,1290807,6.214283,4.375,2.2005823,0.22233091
1816,1290908,2.992018,3.390625,1.626345,0.16567466
1816,1290922,4.657505,3.609375,0.61938035,0.062406097
1816,1295740,2.924537,2.609375,0.4737732,0.04818376
1816,1297446,3.305173,2.734375,0.32626227,0.03304552
1816,1298348,5.580499,4.59375,1.2225444,0.122869946
1816,1298365,5.262941,4.59375,0.80088127,0.080455266
1816,1299075,4.716836,3.296875,0.71797824,0.07245224
1816,1330942,5.075691,3.75,0.84689164,0.086001806
1816,1330972,4.690908,3.015625,1.0124133,0.10319386
1816,1330985,3.637695,2.71875,0.5412089,0.055013802
1816,1331040,2.100958,1.8984375,0.7600653,0.079629414
1816,1331048,4.604394,2.859375,0.6351388,0.065470174
1816,1480362,5.072374,3.96875,0.920985,0.093571275
1816,1480372,3.951403,4.0,0.84935063,0.085390255
1816,1503366,4.911833,3.5625,0.86434364,0.08838293
1816,1660036,4.35566,3.484375,0.97436386,0.10016934
1816,1674021,6.249769,4.1875,0.32965612,0.033069484
1817,687561,-6.413757,-5.40625,0.08792892,0.020977711
1817,687563,-6.446311,-6.09375,0.05366222,0.018516349
1817,687568,-2.570229,-5.0625,0.17128237,0.059686843
1817,687590,-4.483436,-5.0,0.21551865,0.049311407
1817,687821,-2.731769,-2.515625,0.135092,0.04091167
1817,687980,-5.418283,-5.5,0.35605046,0.111482985
1817,688010,-6.084667,-5.90625,0.10887497,0.0185018
1817,688023,-6.223184,-6.375,0.06041698,0.060864862
1817,688031,-5.280103,-5.90625,0.16761287,0.02385908
1817,713899,-5.343664,-4.59375,0.3615256,0.06260632
1817,724859,-5.708989,-4.65625,0.041237444,0.010730978
1817,724872,-5.450761,-5.65625,0.19538715,0.045835197
1817,749715,-5.735672,-5.46875,0.21600738,0.07380508
1817,753551,-6.23855,-4.03125,0.18166827,0.060277253
1817,753572,-4.859346,-5.375,0.09365468,0.018611733
1817,753573,-5.110738,-6.0625,0.09074979,0.031007253
1817,753600,-4.340701,-4.03125,0.9914808,0.12482513
1817,753608,-5.638441,-5.34375,0.4069552,0.07002807
1817,753612,-4.831021,-5.34375,0.08192537,0.043314
1817,753623,-5.919581,-5.46875,0.01372388,0.006820816
1817,905934,-4.008037,-4.71875,0.2525337,0.06484782
1817,905936,-5.255598,-5.59375,0.060076952,0.015158258
1817,905939,-6.248094,-5.96875,0.051176436,0.015871346
1817,905946,-4.591198,-4.9375,0.061427575,0.02597396
1817,905948,-5.081722,-4.71875,0.5005954,0.075910985
1817,905950,-4.299317,-5.1875,0.5094696,0.08021181
1817,905969,-5.834619,-5.65625,0.27739233,0.07831674
1817,905972,-4.469101,-5.3125,0.6572212,0.14792618
1817,906790,-6.401569,-5.90625,0.07269728,0.014554473
1817,906795,-5.985901,-5.53125,0.009429099,0.007575845
1817,906821,-4.482569,-5.25,0.43103203,0.07063457
1817,906826,-4.252651,-5.09375,0.428767,0.115650065
1817,906831,-6.109237,-5.65625,0.16710137,0.02090619
1817,906842,-6.312436,-6.40625,0.03611875,0.033127595
1817,906851,-5.465964,-5.75,0.25328222,0.07150969
1817,906863,-5.781481,-5.5625,0.16852774,0.02761717
1817,907042,-6.406624,-5.5625,0.013511753,0.0062809014
1817,907064,-5.568447,-4.84375,0.043430153,0.011661497
1817,907169,-6.906606,-5.71875,0.055070475,0.023226665
1817,907269,-6.93371,-6.40625,0.15096003,0.051076494
1817,907273,-7.382631,-5.65625,0.22622316,0.032962937
1817,907275,-6.268786,-5.1875,0.028533427,0.010659548
1817,907278,-4.462642,-5.40625,0.29932582,0.0581928
1817,907291,-5.564654,-5.65625,0.16383645,0.024590489
1817,907299,-4.942173,-5.9375,0.13988934,0.043383878
1817,907318,-5.344293,-5.9375,0.03851958,0.016163556
1817,907320,-5.055744,-5.6875,0.16622572,0.033528887
1817,907321,-6.250045,-5.78125,0.16744907,0.043381263
1817,907323,-6.317807,-6.09375,0.14023331,0.022453766
1817,907788,-6.064013,-5.34375,0.06413386,0.013756777
1817,908122,-6.377954,-5.8125,0.22392385,0.045167
1817,908130,-4.636037,-4.21875,0.62036824,0.10743078
1817,908470,-4.312504,-3.921875,0.37619287,0.062386077
1817,908471,-5.45069,-5.15625,0.04916449,0.017302414
1817,908483,-6.251021,-5.84375,0.23782806,0.054641195
1817,909255,-7.219135,-5.75,0.13712199,0.039437506
1817,909260,-5.871047,-5.90625,0.11329362,0.026577158
1817,909263,-6.32605,-4.71875,1.1690032,0.13564442
1817,909713,-5.812035,-5.28125,0.019990224,0.010514534
1817,909722,-5.801251,-5.8125,0.13337466,0.036137957
1817,909725,-5.713896,-4.8125,0.6712689,0.11000293
1817,909776,-5.34563,-5.375,0.3383039,0.07552763
1817,909907,-2.472098,-4.03125,3.2952147,0.45296842
1817,909975,-4.551396,-4.5625,0.3056614,0.037894245
1817,909976,-4.981289,-5.625,0.2977734,0.06757313
1817,910079,-6.068798,-5.4375,0.11426683,0.024129365
1817,910548,-1.56524,-3.296875,0.47382262,0.06596822
1817,910903,-6.368542,-5.90625,0.021212818,0.010013946
1817,910924,-6.015245,-5.65625,0.11573491,0.028450334
1817,910930,-5.782446,-6.3125,0.107188,0.016170466
1817,910933,-5.657451,-5.09375,0.10674477,0.021531165
1817,910943,-5.775782,-4.90625,0.16410637,0.03548033
1817,910947,-5.117888,-5.6875,0.11546142,0.0412424
1817,924105,-5.605734,-5.3125,0.08378076,0.019169325
1817,924151,-5.072377,-5.78125,0.09801826,0.015347302
1817,925338,-5.221379,-5.09375,0.15810823,0.034183517
1817,946359,-4.799244,-4.96875,0.8326481,0.20206293
1817,1240144,-5.079343,-5.65625,0.07384055,0.023682637
1817,1240146,-5.805424,-5.125,0.57819104,0.10924311
1817,1240151,-5.225629,-5.28125,0.15548988,0.06727469
1817,1240160,-4.088205,-4.75,1.0046415,0.1996496
1817,1240166,-5.88365,-6.03125,0.081910744,0.033508327
1817,1240172,-4.63508,-5.21875,0.8124811,0.15033734
1817,1240196,-4.553465,-5.5625,0.10377368,0.030266356
1817,1240215,-5.533282,-5.9375,0.17368586,0.03877603
1817,1290722,-5.814187,-5.59375,0.1505009,0.033599894
1817,1290908,-6.187328,-5.4375,0.3554351,0.07745977
1817,1298136,-3.095954,-4.90625,0.3543565,0.04830963
1817,1298151,-5.980282,-5.34375,0.7727581,0.12589264
1817,1298358,-5.351745,-4.65625,1.1470091,0.1961378
1817,1298359,-5.290046,-6.0,0.43847683,0.07949358
1817,1298475,-4.72462,-5.96875,0.50431085,0.08962258
1817,1298537,-4.928655,-4.65625,0.69395334,0.09539256
1817,1299062,-5.040573,-4.34375,0.1989973,0.039840564
1817,1299070,-5.614303,-5.46875,0.17067981,0.035763286
1817,1327771,-6.363151,-5.96875,0.10763466,0.036063135
1817,1330947,-6.337036,-6.625,0.040051673,0.044694763
1817,1331040,-5.118219,-6.40625,0.08827339,0.049644362
1817,1503367,-5.309823,-5.28125,0.3568822,0.041590717
1817,1503371,-5.43822,-5.65625,0.09027087,0.01754982
1819,684052,-5.961688,-6.125,0.11910488,0.02349566
1819,687452,-5.009565,-5.78125,0.39513415,0.0458491
1819,687586,-4.79988,-4.8125,0.783873,0.08819322
1819,687588,-1.765831,-2.953125,2.9940538,0.30313483
1819,687816,-0.761105,-3.234375,1.4586049,0.14692885
1819,687985,-6.057018,-5.75,0.1446566,0.018703502
1819,687995,-3.885495,-4.53125,0.66259784,0.0753577
1819,687997,-0.59737,-1.9453125,12.333766,1.3111999
1819,688025,-5.035141,-5.15625,0.563218,0.059875578
1819,724859,-4.177523,-4.3125,0.9845616,0.10667779
1819,724863,-3.128565,-4.28125,1.2178718,0.12335231
1819,724866,-2.388873,-1.1875,6.2504725,0.6353595
1819,724869,0.019277,-1.1796875,7.6473045,0.7723855
1819,724872,-4.474975,-4.65625,0.85658497,0.09351127
1819,735784,-1.472226,-3.78125,3.0807652,0.3122909
1819,749710,-0.52555,-2.5625,5.673447,0.575868
1819,749714,3.796608,-1.0234375,28.662579,2.9632041
1819,905933,-3.278327,-3.984375,2.5485544,0.29326236
1819,905941,4.289135,0.5390625,16.31701,1.6586217
1819,905947,-2.771241,-4.03125,2.3205178,0.2441969
1819,905948,2.376239,-1.0703125,4.8187184,0.48826098
1819,905950,-0.364401,-3.359375,2.6732483,0.27482292
1819,905957,-5.855292,-5.65625,1.1296867,0.12800595
1819,905959,-0.025711,-3.390625,0.09403065,0.010054489
1819,905968,-1.235945,-4.53125,0.24978933,0.026656356
1819,906746,-4.998618,-4.875,1.44071,0.15998758
1819,906800,-6.389715,-6.8125,0.06059732,0.010427469
1819,906821,-2.611427,-2.96875,2.5884256,0.26127666
1819,906834,-4.530541,-6.15625,0.3344477,0.03562183
1819,906842,-6.40293,-6.21875,0.031544067,0.011666997
1819,906863,-0.841302,-5.0,0.3541178,0.03836886
1819,907065,2.240246,-1.515625,5.2734256,0.5357754
1819,907069,0.216459,-3.859375,2.2458565,0.22586688
1819,907270,-6.626268,-7.0625,0.13856779,0.018518988
1819,907275,-3.353543,-4.65625,0.10999762,0.01319049
1819,907276,-0.79414,-1.0234375,6.9794273,0.7136771
1819,907278,-2.102071,-3.578125,4.0315585,0.4176698
1819,907289,-3.035722,-2.71875,0.89019465,0.0920304
1819,907299,-4.956433,-5.03125,0.5546123,0.063819274
1819,907311,-5.600544,-5.5,0.16868193,0.017672222
1819,907314,2.864286,-4.71875,0.94598556,0.11658843
1819,907318,-5.756594,-5.375,0.2176008,0.026442239
1819,907320,-4.15759,-4.8125,0.123610534,0.013956138
1819,907788,-2.61758,-4.90625,0.2639962,0.028118081
1819,908152,0.33818,-1.90625,7.8404417,0.80228
1819,908461,-1.967272,-2.84375,0.74343014,0.07560845
1819,908463,-0.738183,-0.734375,24.665518,2.496331
1819,909248,-2.53971,-4.21875,1.4606514,0.14806326
1819,909696,-5.13689,-5.375,0.16344778,0.020449087
1819,909709,-3.49189,-3.25,7.508657,0.75792676
1819,909713,1.411832,-3.078125,3.3930087,0.3600533
1819,909736,-3.882264,-2.109375,7.407042,0.7541247
1819,909755,1.152261,-2.625,6.4473004,0.6658671
1819,909759,-4.820377,-5.71875,0.06836159,0.007482666
1819,909761,-2.439036,-3.296875,3.039336,0.33648387
1819,909776,-1.762944,-3.890625,9.052989,0.942221
1819,909905,-5.954074,-5.9375,0.13629062,0.014364963
1819,909907,3.938342,1.015625,8.424259,0.8620196
1819,909974,0.225309,-0.18066406,6.999124,0.7033278
1819,909976,-4.18195,-5.0,1.1447698,0.14505251
1819,910079,-2.090627,-5.0625,0.1752396,0.021014057
1819,910689,4.521561,1.3984375,9.369709,0.95744467
1819,910700,0.775178,-0.87890625,4.2216344,0.42934936
1819,910704,-4.767969,-4.625,3.3731573,0.37344107
1819,910779,4.023946,-0.60546875,12.756006,1.2987127
1819,910780,-4.621569,-4.71875,0.31014657,0.039298326
1819,910903,-4.742968,-6.09375,0.13722558,0.01819985
1819,910904,-4.59467,-4.40625,2.3916373,0.27303758
1819,910915,2.592084,0.36132812,11.661288,1.1732103
1819,910919,-6.572702,-5.90625,0.14068753,0.024057476
1819,910921,-3.795155,-4.125,1.782825,0.18194237
1819,910930,-5.248712,-5.84375,0.11829775,0.012701977
1819,910933,-1.109148,-3.328125,1.5207065,0.15771878
1819,910935,-5.259876,-5.71875,0.13300785,0.01397556
1819,910952,-0.665664,-2.265625,2.5987372,0.2647316
1819,925340,-2.200797,-2.953125,9.769781,0.997034
1819,925348,0.084726,-2.1875,0.89296395,0.09261299
1819,930297,0.396708,-1.484375,9.410829,0.9552208
1819,1240144,-2.43954,-4.96875,1.6158763,0.16500998
1819,1240160,-2.003386,-2.140625,36.254974,3.7210345
1819,1240190,-4.492413,-5.03125,0.2840142,0.029061997
1819,1240215,1.103515,-3.28125,2.005757,0.20420983
1819,1290455,-5.661827,-5.78125,0.11933978,0.0140339285
1819,1290722,-0.713326,-3.875,6.7509804,0.6840491
1819,1297447,-3.607473,-4.84375,0.32977793,0.049000826
1819,1298134,-4.760919,-4.84375,0.5895612,0.069013804
1819,1298226,-4.502273,-5.625,0.43838727,0.04798463
1819,1298358,1.782221,-1.4921875,9.497371,0.9718266
1819,1298359,-3.412551,-5.0,2.0393863,0.2238347
1819,1298475,-2.642601,-4.28125,0.81856483,0.08275636
1819,1299052,-0.589444,-2.703125,5.2586246,0.54107964
1819,1299062,-0.935575,-2.421875,2.5142171,0.25726944
1819,1299070,-4.588392,-5.21875,0.27310115,0.036220647
1819,1303896,-6.06823,-6.28125,0.07134353,0.008599885
1819,1327771,-5.579054,-6.0,0.28457248,0.03605786
1819,1330950,-3.402302,-4.78125,0.20431378,0.022909094
1819,1331033,-6.121334,-6.125,0.044066735,0.007989071
1819,1331048,-3.891566,-4.90625,0.30907956,0.031774882
1819,1480371,-1.089382,-4.84375,0.8975002,0.09474947
1819,1659928,-6.275712,-5.53125,0.7856793,0.08308302
1825,687448,1.541962,2.09375,0.46130618,0.04707761
1825,687455,0.222133,-0.796875,0.34304866,0.03520885
1825,687815,-0.790623,-0.8203125,0.3415968,0.035245184
1825,687821,5.644089,3.046875,1.6723393,0.1691909
1825,687829,0.654316,0.34960938,0.61321414,0.062747665
1825,687985,-1.765661,-1.4296875,0.10384165,0.010597336
1825,688006,-0.381958,-0.78125,0.32498458,0.032929353
1825,688013,-1.066481,-1.6640625,0.14303264,0.0144336345
1825,688023,-2.076776,-1.7578125,0.15969743,0.016233219
1825,688121,0.27992,-0.19042969,0.27110773,0.027871193
1825,713880,-2.026029,-1.828125,0.07374474,0.0077726576
1825,722046,-2.12922,-1.6875,0.078325294,0.008255445
1825,724825,-1.570409,-1.828125,0.13001536,0.013377769
1825,724866,-0.110187,0.515625,0.77586067,0.078493975
1825,724868,-2.605129,-1.859375,0.055246845,0.005757143
1825,724869,2.194553,0.38867188,0.8655048,0.08811865
1825,724870,-1.740716,-0.78125,0.16722482,0.01734358
1825,724878,3.274268,1.375,0.6313215,0.06378416
1825,749711,-1.196864,0.16210938,2.3933885,0.24282393
1825,753566,3.890008,2.21875,1.0019678,0.102386184
1825,753569,0.638366,-0.5,0.19294222,0.019729188
1825,753612,-1.459505,0.0625,2.5182343,0.26088926
1825,753615,0.027959,-1.65625,0.57394403,0.058371354
1825,753618,-2.48826,-1.921875,0.105941705,0.010718144
1825,753620,-1.839435,-1.3984375,0.5391335,0.05448781
1825,753621,-0.334359,-0.67578125,0.3857032,0.039114688
1825,905934,-0.19947,0.36523438,0.60731614,0.06167293
1825,905942,-1.463716,-1.2421875,0.17898314,0.01836996
1825,905946,-0.269939,-0.1484375,0.8588786,0.0878855
1825,905949,-1.671491,-2.0625,0.09982391,0.010079242
1825,905956,-0.062321,-0.25976562,0.30775282,0.031332888
1825,905957,-2.063068,-1.4609375,0.18967418,0.019311082
1825,905965,-2.859536,-3.171875,0.06479264,0.0069010262
1825,905969,0.544085,0.1484375,0.40948057,0.04129868
1825,905973,3.212569,1.078125,1.1908157,0.12016696
1825,905989,-1.484362,-1.5859375,0.19032705,0.019285059
1825,905990,0.964388,0.5703125,1.5105457,0.15529144
1825,906693,-0.820286,-0.5703125,0.16910887,0.017316682
1825,906791,0.461785,-0.5625,0.9187406,0.09301846
1825,906820,-1.88868,-1.625,0.20468807,0.020863568
1825,906827,-0.411717,-0.6875,0.1894105,0.019216854
1825,906830,-0.125345,-0.20117188,0.13246664,0.013527223
1825,906839,-0.294199,0.63671875,0.30670574,0.030845543
1825,906844,-1.412884,-2.046875,0.16624023,0.017010676
1825,906848,-0.972074,-1.3984375,0.122863986,0.012530867
1825,906855,-1.793012,-1.8125,0.21742497,0.021833252
1825,907042,-2.404745,-1.8828125,0.050121386,0.0054439087
1825,907065,0.806997,0.55859375,0.39940408,0.04048678
1825,907067,-1.244722,-0.82421875,0.161941,0.016648322
1825,907072,0.071434,-1.1015625,0.19358256,0.019677637
1825,907169,-0.350966,-0.65625,0.30885455,0.031519488
1825,907276,0.204074,1.6484375,0.9174558,0.0932127
1825,907277,-2.084381,-2.28125,0.06060784,0.0061776713
1825,907286,1.371963,0.3046875,0.21605733,0.023149876
1825,907314,3.134799,-0.5078125,1.6805301,0.17042483
1825,907319,1.112247,-0.67578125,0.19453134,0.019852478
1825,907322,-1.980069,-1.640625,0.24060251,0.024399826
1825,907794,-0.737028,-0.59375,0.2609914,0.02670617
1825,908130,2.445418,0.87109375,1.7732922,0.18632546
1825,908150,-0.719088,0.36132812,0.19787896,0.019998742
1825,908447,-0.996026,-1.0390625,0.5563521,0.056286253
1825,908451,-0.91069,-1.84375,0.104884125,0.010832269
1825,909719,-0.996871,-0.765625,0.18696351,0.019507945
1825,909720,-2.717306,-1.5234375,0.110407576,0.011297551
1825,909731,-2.511875,-2.21875,0.108531855,0.01091135
1825,909753,0.280841,0.68359375,0.34237605,0.034452114
1825,909975,0.996757,1.1875,0.5075798,0.051118325
1825,910704,-1.737204,-1.1953125,0.30516693,0.030921312
1825,910779,2.213197,2.078125,2.2052004,0.2234439
1825,910852,0.327497,-0.1015625,0.24485333,0.025239509
1825,910900,-2.426844,-1.3515625,0.26159835,0.026893582
1825,910919,-2.525207,-2.578125,0.05964616,0.0061319154
1825,910943,0.687123,0.6328125,0.3489178,0.035326403
1825,924110,-1.468188,-1.3671875,0.24614029,0.025074143
1825,924151,-1.511809,-0.49023438,0.12387183,0.012666439
1825,924239,-1.551058,-2.296875,0.06373037,0.0065954244
1825,924240,-1.205149,-1.1875,0.29099193,0.029735038
1825,925338,-0.756043,-1.6796875,0.14804144,0.015108052
1825,930082,-1.450488,-1.0390625,0.44505,0.046377607
1825,998184,-2.609145,-2.015625,0.091004886,0.009287308
1825,998189,-0.079953,0.00793457,0.10573028,0.01080406
1825,1240142,-1.536269,-1.390625,0.06962276,0.0071052015
1825,1240144,0.691888,-0.33984375,0.34960297,0.03546936
1825,1240145,-1.506864,-1.1796875,0.15725619,0.016429873
1825,1240153,-2.066371,-1.3046875,0.16348507,0.016868018
1825,1240154,-1.999034,-1.390625,0.10597312,0.011187626
1825,1240159,1.658274,0.44140625,1.0416135,0.10593435
1825,1240160,-0.449991,0.21289062,0.5779553,0.058910172
1825,1240185,-0.442424,-1.0625,0.53326225,0.05403328
1825,1240196,-0.185103,0.32226562,0.3544432,0.036469996
1825,1240210,-2.002101,-1.859375,0.06753253,0.0069368524
1825,1240215,-0.268871,-0.43164062,0.27166957,0.027527165
1825,1240221,-1.491174,-2.1875,0.12211395,0.012419254
1825,1290765,0.344908,-0.84375,0.21448162,0.021813247
1825,1327771,-1.952787,-1.78125,0.1048032,0.011012006
1825,1330983,-1.302463,-1.5703125,0.09063632,0.0097114025
1825,1503364,-0.816201,-1.40625,0.23490645,0.02412928
1825,1503365,0.01142,2.046875,0.45063293,0.045500506
1825,1674021,-1.361619,-0.55859375,0.10443929,0.010710685
1827,684072,1.494064,0.47070312,0.71379983,0.080036245
1827,687455,-0.528773,0.42773438,1.2131019,0.14509958
1827,687459,2.060386,1.1640625,0.86171895,0.103070535
1827,687505,-1.942671,-0.37304688,1.6705594,0.19384211
1827,687562,2.482736,0.625,0.38969684,0.04301546
1827,687568,-2.84901,0.8359375,3.1091003,0.3394128
1827,687586,1.150841,2.28125,0.17849292,0.018416494
1827,687590,1.35361,0.98828125,0.40868804,0.04851973
1827,687787,-1.321179,-0.265625,3.7396898,0.4450707
1827,687829,1.589257,0.29101562,0.34008378,0.035023693
1827,687983,-1.228716,0.91796875,0.85936415,0.08912822
1827,687997,-0.17061,0.52734375,4.3255258,0.46756622
1827,688018,1.687081,1.0,0.4160978,0.06700656
1827,688058,1.133523,1.3046875,0.48813006,0.05404071
1827,724828,1.019063,0.90625,0.43301368,0.0567924
1827,724839,-1.212951,2.296875,0.83337957,0.09074397
1827,724868,1.231936,1.53125,0.11026146,0.015093945
1827,724870,1.210145,1.0703125,0.18983427,0.02642978
1827,724872,-1.366634,0.21972656,0.38180977,0.040444575
1827,735784,0.305116,0.48632812,0.07172785,0.00947736
1827,749715,0.807371,-0.24804688,0.6794098,0.08085842
1827,753551,1.286735,1.015625,0.5153426,0.11230831
1827,753592,0.877877,1.2109375,0.16823044,0.01795277
1827,753600,1.310137,1.3515625,0.1550129,0.01589722
1827,753608,0.536788,1.4765625,0.19432671,0.03042689
1827,753624,-1.125457,1.46875,0.54755044,0.06227328
1827,905936,1.404244,0.47070312,0.32023486,0.033503048
1827,905945,-0.342814,0.084472656,1.0030648,0.10770201
1827,905950,1.490902,1.8515625,0.099711254,0.010661904
1827,905951,2.474253,1.734375,0.57860726,0.06405741
1827,905960,1.542044,1.640625,0.53647083,0.062248994
1827,905968,3.751805,1.1875,0.27429914,0.028658332
1827,905977,0.728093,1.6484375,0.11877615,0.015998602
1827,905984,2.620171,1.8359375,0.12748076,0.027130747
1827,906792,2.825694,0.14648438,0.34343645,0.059855178
1827,906814,-0.270023,-1.34375,7.6192775,0.83398455
1827,906827,0.493314,0.48632812,0.9250767,0.097823836
1827,906843,0.585509,0.109375,0.23989053,0.026639303
1827,906848,0.408189,0.32421875,0.8562792,0.10921426
1827,906852,3.062866,1.09375,0.4437872,0.0875453
1827,906855,0.214538,0.90234375,0.352245,0.035903838
1827,906856,-0.573578,0.33007812,0.06426105,0.026288131
1827,906870,2.840278,1.78125,4.456227,0.4611727
1827,907000,1.96001,0.33398438,0.08468112,0.015148584
1827,907042,0.812191,0.84375,0.31261238,0.043523632
1827,907048,-0.827817,0.40234375,0.8664393,0.12277733
1827,907055,0.098164,-0.27148438,0.38191774,0.059799135
1827,907056,1.262658,-0.38085938,1.0150126,0.10770932
1827,907060,0.568117,-0.028198242,0.6202783,0.06632498
1827,907276,-0.769266,-0.017456055,1.3156295,0.16459948
1827,907278,0.998346,0.76953125,0.8377297,0.08605049
1827,907286,-1.826529,0.21484375,0.76119256,0.18874364
1827,907295,-2.777382,-1.7421875,2.6369517,1.1467572
1827,907298,1.44218,-0.52734375,0.6600151,0.074258015
1827,907314,3.643513,-0.25585938,0.4246537,0.079673216
1827,907322,1.780078,0.39648438,0.49467272,0.052222803
1827,907795,2.074067,1.53125,0.20524402,0.02617788
1827,908122,-3.333247,-0.6171875,11.193835,1.3602434
1827,908147,-0.064229,0.18554688,0.20367816,0.032989264
1827,908473,-0.519441,1.796875,0.28540346,0.048201345
1827,909255,2.46882,0.92578125,0.27205005,0.031704456
1827,909260,1.298567,0.5625,0.19126411,0.020260341
1827,909698,-0.135581,0.6328125,0.24293226,0.02870243
1827,909704,1.150646,0.8125,0.7769835,0.0963262
1827,909725,1.411748,2.546875,0.2018959,0.020425849
1827,909731,0.891803,-0.41015625,1.9472382,0.20557073
1827,909732,0.826149,1.2578125,0.56721747,0.06117247
1827,909745,1.464016,2.625,0.6650892,0.08958446
1827,909749,3.346568,1.21875,0.27333418,0.032862045
1827,909781,2.629048,1.875,0.6735453,0.2181215
1827,909785,0.779417,1.2734375,0.74564344,0.09136986
1827,910546,0.873672,1.46875,0.46203774,0.05384544
1827,910549,2.85264,1.671875,0.059097666,0.007326608
1827,910784,0.832004,-0.068359375,0.86063164,0.09587131
1827,910852,3.087331,0.53125,0.13386773,0.017557574
1827,910916,-0.466665,-0.31835938,0.6864959,0.15837787
1827,910924,0.683163,1.2421875,1.210921,0.13059372
1827,910926,0.180522,1.046875,0.35077566,0.036464255
1827,910941,0.849554,0.4921875,0.29879314,0.038498946
1827,910952,1.686034,1.53125,0.13386247,0.026800143
1827,917486,1.10813,0.91796875,0.558718,0.058012705
1827,925338,-2.860028,0.31835938,0.17892528,0.018557081
1827,946361,0.707511,1.1640625,0.2930402,0.032253187
1827,946382,-0.198026,-0.25195312,1.0718113,0.13287735
1827,1240127,0.539252,0.09082031,0.33547848,0.036263436
1827,1240143,-0.294745,-0.055664062,0.49716642,0.056980137
1827,1240147,0.557781,0.30664062,2.227035,0.22756982
1827,1240172,-0.812689,0.671875,0.7151576,0.07767648
1827,1240179,0.232578,0.17675781,0.9716926,0.10970809
1827,1240201,-1.026476,0.7265625,0.21093231,0.024174908
1827,1240217,-0.736663,-0.23632812,1.545384,0.16124679
1827,1290905,0.674721,-0.60546875,1.4088176,0.304591
1827,1297447,-0.766618,0.203125,0.96334875,0.1051664
1827,1298151,-2.00221,-0.25390625,0.9212491,0.15558831
1827,1298219,2.010059,0.640625,0.5857696,0.06049737
1827,1298357,3.57406,1.6484375,0.32497832,0.10678323
1827,1298539,-0.870978,1.046875,0.18506701,0.019749492
1827,1299070,-0.571414,-0.72265625,0.626165,0.0662149
1827,1299081,2.99194,2.28125,0.11989917,0.012449349
1827,1303896,0.891132,1.4609375,0.5128272,0.064160235
1827,1303900,-0.881432,-1.2734375,13.569262,2.0470693
1827,1330942,1.95207,-0.11328125,1.289333,0.14506231
1827,1331033,1.652009,0.110839844,0.8300539,0.114581786
1827,1331040,-3.26685,-0.125,0.106402665,0.01613505
1827,1480371,-2.648489,-0.48632812,3.535418,0.5862973
1827,1503367,-1.126324,-0.27539062,0.28568912,0.03706828
1827,1659818,-2.736573,-0.09277344,0.16749734,0.019196833
1827,1660035,2.140845,0.041503906,1.0954926,0.25806922
1830,687821,4.425749,4.625,1.3436598,0.1365828
1830,688010,2.339146,1.8046875,0.37772784,0.039943486
1830,688013,1.13486,2.171875,0.4011074,0.040676847
1830,688031,2.630251,2.046875,0.6202925,0.063471965
1830,688058,3.376177,3.078125,0.50355446,0.051421948
1830,688121,4.012611,3.171875,0.21199085,0.021392308
1830,722066,3.076776,2.625,0.25023478,0.02544942
1830,724825,1.479874,1.8828125,0.11629867,0.012410853
1830,724831,3.625632,3.5625,0.29073548,0.029403303
1830,753541,2.384218,2.1875,0.46697152,0.049643636
1830,753556,2.972221,2.484375,0.38125253,0.039336767
1830,753569,3.314434,2.703125,0.36134776,0.036677632
1830,753600,2.807869,2.78125,0.22570443,0.023112047
1830,905934,3.589356,3.109375,0.47347566,0.047694366
1830,905940,2.759217,2.234375,0.25917122,0.02657909
1830,905944,3.200153,2.671875,0.4723823,0.048238713
1830,905946,2.193102,2.703125,0.3405697,0.03456861
1830,905949,2.636343,2.984375,0.54505754,0.055493318
1830,905955,1.902417,2.421875,0.117151245,0.0122912135
1830,905960,3.249879,2.890625,0.23266087,0.02356509
1830,905974,1.819739,2.578125,0.18153045,0.01857526
1830,906696,2.732107,3.046875,0.41370866,0.041854985
1830,906793,3.021903,2.953125,0.4650225,0.046913072
1830,906798,2.247317,2.0625,0.36711952,0.037679367
1830,906801,2.325648,2.234375,0.29708806,0.031363707
1830,906824,2.393257,2.859375,0.2705599,0.028267665
1830,906839,3.558507,3.46875,0.36499202,0.036671832
1830,906844,2.11645,1.6015625,0.16960427,0.018250454
1830,906852,3.920494,3.203125,0.40120137,0.04056119
1830,906872,2.772984,3.265625,0.99300957,0.100359045
1830,907042,0.889851,1.7421875,0.64221406,0.06895641
1830,907062,2.990192,2.359375,0.17702524,0.018154679
1830,907065,2.617041,2.875,0.2554491,0.025710035
1830,907069,4.049539,3.421875,0.4744012,0.047694366
1830,907269,1.681178,2.828125,0.19489108,0.020070953
1830,907277,1.908461,1.6328125,0.070421405,0.007377807
1830,907291,2.468889,2.515625,0.12884648,0.014029672
1830,907298,3.25781,2.953125,0.8100262,0.081788525
1830,907312,2.865297,2.234375,0.31864917,0.032261834
1830,907319,2.379426,2.625,0.15014583,0.015386296
1830,907794,3.242202,3.578125,0.36721852,0.03775185
1830,908127,2.075563,2.578125,0.41848516,0.042852715
1830,908445,2.456901,2.546875,0.25909582,0.026475733
1830,908451,2.573902,2.328125,0.2502676,0.025728725
1830,908458,1.235526,3.796875,0.32199752,0.03249324
1830,908465,3.78672,3.71875,0.103381746,0.010508738
1830,909250,3.88654,3.765625,0.3832993,0.03854187
1830,909707,2.551616,3.015625,0.49801454,0.050461773
1830,909719,3.004929,2.515625,0.7301532,0.074380204
1830,909722,1.135571,1.7890625,0.11900369,0.014842887
1830,909725,3.00889,3.296875,0.4039061,0.04062103
1830,909728,3.709268,3.078125,0.48955026,0.049261745
1830,909735,2.600639,2.65625,0.23257382,0.023505196
1830,909744,2.855585,1.8359375,0.178299,0.018557081
1830,909747,5.530736,5.03125,0.24405786,0.024922688
1830,909748,2.035734,2.875,0.18361028,0.019064588
1830,909757,2.603781,3.078125,0.67518204,0.06835922
1830,909761,1.15548,2.59375,0.3088175,0.03260199
1830,909776,2.612291,3.203125,0.25334156,0.025961349
1830,909785,2.431275,2.15625,0.33740684,0.034881905
1830,909904,2.865539,3.59375,0.48076576,0.04879884
1830,910549,3.002147,3.171875,0.29762676,0.030033955
1830,910703,2.908908,2.46875,0.10779776,0.011030499
1830,910903,1.723754,1.8984375,0.22957373,0.024405932
1830,910905,3.568153,3.453125,0.33440775,0.033912744
1830,910906,2.069281,1.640625,0.18174613,0.018474465
1830,910916,3.423726,2.296875,0.18129474,0.019078335
1830,910921,2.871402,2.796875,0.25517946,0.025807371
1830,910926,1.436001,2.203125,0.3866559,0.039459337
1830,910934,2.490322,2.203125,0.24689436,0.02787539
1830,910935,2.011929,1.828125,0.0782729,0.00807602
1830,910943,2.887198,3.328125,0.7982687,0.08029671
1830,910952,3.768441,3.109375,0.4051604,0.041458387
1830,924104,3.572241,2.96875,0.20478353,0.020749874
1830,924110,1.97395,2.578125,0.26617187,0.02741184
1830,924151,0.920091,2.578125,0.1501249,0.015205421
1830,925338,3.399225,2.578125,0.27451205,0.027948583
1830,925341,3.364283,2.703125,0.22559625,0.02288812
1830,925347,3.770102,3.5625,0.117544584,0.012011305
1830,946353,2.474984,2.546875,0.27585533,0.029075012
1830,1240143,3.414445,2.765625,0.72269386,0.07319814
1830,1240153,2.899492,2.71875,0.24237052,0.024895981
1830,1240173,1.726883,2.734375,0.14579363,0.014835399
1830,1240189,2.876835,2.171875,0.22521625,0.023776174
1830,1240190,3.087807,3.140625,0.4518452,0.045412008
1830,1240192,2.75364,2.53125,0.3378628,0.034547955
1830,1240210,1.136063,1.953125,0.07670823,0.008518276
1830,1240221,2.229103,2.125,0.44010976,0.044859767
1830,1240222,3.558022,2.859375,0.27492642,0.027700402
1830,1240223,3.845728,3.84375,0.3600286,0.037298992
1830,1290769,4.119714,3.953125,0.38476214,0.03872493
1830,1298151,2.740007,2.765625,0.06694954,0.007104432
1830,1298169,2.886769,2.8125,0.45143014,0.045741566
1830,1298219,1.920136,2.859375,0.36291495,0.036690462
1830,1298347,1.640811,2.640625,0.17403656,0.017848177
1830,1303896,2.440057,1.734375,0.31246814,0.032070212
1830,1330933,2.534593,1.953125,0.239835,0.024507564
1830,1331040,0.337972,1.2421875,0.14758188,0.015660832
1830,1503363,3.712943,3.21875,0.17746449,0.018541204
1830,1503365,4.366001,4.40625,0.34921795,0.03566142
1830,1503367,2.51204,2.671875,2.3734117,0.25378364
1831,687568,4.249236,4.28125,0.37861282,0.038084127
1831,687798,3.014822,3.640625,0.17635243,0.01790858
1831,687800,5.663176,4.28125,0.17126404,0.017339734
1831,687812,4.367044,4.125,0.26335225,0.026730865
1831,687815,4.330461,4.1875,0.13529576,0.013669305
1831,687821,6.57936,4.84375,0.7137602,0.07488592
1831,687983,3.691047,3.6875,0.09061696,0.009253618
1831,687997,4.772754,4.40625,0.1803178,0.018464472
1831,688025,2.737172,3.265625,0.24500777,0.02488053
1831,722066,4.340678,3.875,0.19874763,0.020055914
1831,724828,3.20367,4.03125,0.28610247,0.028934749
1831,724868,3.413507,3.0,0.1335138,0.014335767
1831,753551,3.971129,4.125,0.3460042,0.034759033
1831,753556,3.565566,3.6875,0.18376562,0.018652635
1831,753562,3.555494,3.140625,0.111782804,0.0113175195
1831,753566,4.232452,4.15625,0.69215107,0.06966252
1831,753569,4.511932,3.703125,0.17451489,0.017675765
1831,753586,4.800419,3.953125,0.18582612,0.018732093
1831,753623,4.727848,3.828125,0.20697457,0.021164058
1831,905933,3.857804,3.671875,0.13845849,0.013998061
1831,905935,3.775627,4.21875,0.14841722,0.015026593
1831,905938,3.067131,3.34375,0.115783505,0.012113297
1831,905939,3.743763,4.28125,0.23930086,0.025694435
1831,905955,4.116927,3.53125,0.10289822,0.010672001
1831,905964,3.157401,3.15625,0.060567774,0.0066120345
1831,905968,4.662879,4.0625,0.20357923,0.020603709
1831,905973,4.413374,3.6875,0.19824067,0.020131333
1831,905984,3.691193,3.8125,0.18073793,0.018481247
1831,905991,3.755171,3.671875,0.055817135,0.005614566
1831,906693,4.05061,3.515625,0.23354653,0.02354252
1831,906794,4.062842,3.625,0.09387614,0.009473179
1831,906800,2.974563,3.328125,0.04616967,0.0048741507
1831,906817,4.624987,4.59375,0.1019648,0.0103812255
1831,906839,3.711908,4.40625,0.22149856,0.022293037
1831,906855,3.021169,3.390625,0.095948845,0.009881339
1831,907046,3.440437,4.21875,0.17266193,0.01736782
1831,907047,3.653166,3.265625,0.11360671,0.0115665095
1831,907061,2.987451,3.796875,0.10886509,0.011006188
1831,907073,3.91358,3.234375,0.2037428,0.02081948
1831,907173,4.134876,3.90625,0.38615876,0.038857818
1831,907273,3.046256,3.296875,0.1613087,0.016831096
1831,907281,2.659608,3.03125,0.049654942,0.0055866563
1831,907287,4.781001,3.875,0.35817736,0.036677223
1831,907321,3.073214,3.390625,0.124039106,0.012658544
1831,907323,3.56797,3.546875,0.097327776,0.009870142
1831,908125,3.08753,3.953125,0.20864508,0.02114115
1831,908127,3.605465,3.640625,0.15334707,0.015680412
1831,908130,3.892486,3.34375,0.22080605,0.022480674
1831,908152,3.545056,3.5625,0.36285186,0.036671817
1831,908455,2.775289,4.0,0.20291105,0.020476053
1831,908460,5.300026,5.34375,0.38186407,0.042276043
1831,908463,3.985667,4.625,0.17900573,0.018343735
1831,908467,2.728139,3.328125,0.17590272,0.018012369
1831,909738,5.409017,4.46875,0.4194909,0.042663135
1831,909753,4.58713,4.5625,0.15243869,0.015406296
1831,909757,4.440821,4.21875,0.38261044,0.038932968
1831,909974,5.497727,5.0,0.29359204,0.029672034
1831,910546,4.695928,4.21875,0.24676868,0.024916288
1831,910549,4.791789,4.1875,0.33824366,0.034011394
1831,910554,3.189536,3.703125,0.1748356,0.017675765
1831,910922,3.409234,4.125,0.18392536,0.018497461
1831,924102,5.023255,3.90625,0.54253536,0.05514863
1831,924187,5.802205,4.90625,0.4089272,0.041315045
1831,924240,1.878415,3.453125,0.19592386,0.019860404
1831,925338,4.386088,3.578125,0.17887494,0.018096812
1831,925348,4.644002,4.90625,0.21434289,0.023659568
1831,930297,2.978991,3.765625,0.558844,0.05614058
1831,946360,3.187061,3.671875,0.25094962,0.025449142
1831,1240123,2.932715,3.15625,0.3993819,0.04348739
1831,1240128,3.671071,3.859375,0.23655711,0.023907771
1831,1240146,3.922208,4.15625,0.46155882,0.04650468
1831,1240147,2.606298,3.65625,0.15937623,0.016308311
1831,1240160,2.420423,4.0625,0.5905382,0.05959208
1831,1240166,3.854051,3.484375,0.106481865,0.0108294375
1831,1240168,3.29611,3.84375,0.22413073,0.022739435
1831,1240173,2.804703,3.859375,0.071995445,0.007377783
1831,1240187,5.04713,4.28125,0.17298016,0.017413381
1831,1240192,2.906393,3.640625,0.25691578,0.025925748
1831,1240219,4.38764,3.75,0.58679736,0.0593664
1831,1290807,4.970997,4.46875,0.39726758,0.04042442
1831,1298146,3.301198,4.3125,0.22584096,0.022754762
1831,1298348,4.357376,4.15625,0.20282575,0.020512624
1831,1298365,3.243901,4.3125,0.23355703,0.023604566
1831,1298475,4.356899,4.34375,0.37278098,0.037974946
1831,1299062,6.26207,4.90625,0.28276536,0.029147483
1831,1303897,3.985707,4.0,0.05464388,0.0055996696
1831,1330935,2.987628,3.609375,0.18731621,0.019060576
1831,1330942,3.885128,3.65625,0.07792275,0.008039893
1831,1331038,2.853372,2.9375,0.09215725,0.010299134
1831,1659823,3.738518,3.890625,0.32470554,0.032958362
1831,1660035,4.22774,4.125,0.13969678,0.014304896
1831,1674021,4.483854,4.21875,0.11465432,0.0115996
1835,687457,4.764418,4.4375,1.0043944,0.10124739
1835,687459,4.777726,4.78125,1.13799,0.1142594
1835,687506,5.544446,4.21875,0.2975873,0.029928498
1835,687563,2.16644,2.921875,0.798437,0.080410525
1835,687590,5.539572,3.578125,0.3839989,0.038555242
1835,687800,5.662039,6.3125,1.2327502,0.12695536
1835,687983,3.452036,3.171875,1.0119838,0.10191681
1835,687995,4.660379,3.15625,0.48856524,0.052572597
1835,688018,3.385652,1.7734375,0.7041721,0.07338011
1835,724839,4.975219,6.40625,0.6006712,0.060224026
1835,724866,7.016217,4.59375,0.86533725,0.08680638
1835,735784,3.849332,4.40625,1.3098401,0.13180467
1835,749709,3.143002,4.3125,0.843178,0.0863411
1835,753569,5.188359,3.765625,0.66461253,0.06703034
1835,753608,4.838485,3.546875,0.53029364,0.053243905
1835,753621,3.211701,5.03125,1.3139476,0.14078543
1835,905935,4.852441,5.25,1.0503857,0.10596653
1835,905938,2.4428,2.984375,0.73334205,0.073962145
1835,905939,3.795908,2.609375,0.51899624,0.05230427
1835,905941,7.118591,5.9375,1.2257509,0.124535225
1835,905947,2.431777,3.125,0.64501,0.06544021
1835,905949,2.600995,2.671875,0.30953178,0.031078404
1835,905951,3.308573,4.15625,0.75185907,0.0753209
1835,905956,3.032828,3.6875,0.75837475,0.07598242
1835,905960,2.794779,3.375,0.35037407,0.035188295
1835,905972,6.753988,4.6875,0.6717111,0.067284405
1835,905984,2.181105,2.21875,0.932875,0.097465284
1835,906792,2.944271,2.578125,0.89183617,0.09193057
1835,906824,5.089461,3.703125,0.7755964,0.07862063
1835,906831,1.22202,2.21875,0.30587807,0.030858032
1835,906839,4.394085,4.28125,1.2172414,0.122132406
1835,906844,3.484318,2.28125,0.22481254,0.022706293
1835,906852,2.794778,4.75,1.0804049,0.10880749
1835,906872,3.731215,4.15625,1.0316445,0.10340228
1835,907000,2.48248,2.421875,0.38886118,0.03976276
1835,907067,4.07719,2.765625,0.54254955,0.055237975
1835,907071,4.823442,4.75,0.8494018,0.08547235
1835,907169,3.674397,3.390625,0.5556869,0.055733178
1835,907277,2.387958,1.6640625,0.093188636,0.00954248
1835,907783,1.266521,1.7421875,0.214726,0.02169436
1835,907791,2.206378,3.140625,0.29880732,0.03074541
1835,908123,1.779745,3.453125,0.55272305,0.056005165
1835,908132,2.089741,1.7109375,0.44119376,0.044485535
1835,908138,2.998612,3.9375,0.5782692,0.057968825
1835,908158,0.807143,1.59375,0.32782066,0.03335777
1835,908451,3.352493,2.171875,0.4264913,0.043421872
1835,908467,3.532061,2.828125,0.62659377,0.06360072
1835,909249,1.807622,2.34375,0.24945398,0.025096882
1835,909251,0.971427,1.75,0.16001296,0.016147144
1835,909262,3.082567,2.484375,0.82683784,0.08473078
1835,909707,2.722913,3.734375,0.87438357,0.0883996
1835,909738,5.396358,5.3125,1.3307287,0.13344291
1835,909743,1.749173,2.03125,0.20562285,0.020781383
1835,909777,1.518038,2.1875,0.37492892,0.03833813
1835,909784,3.12044,3.703125,0.9959967,0.10030676
1835,909974,3.462639,5.21875,0.9905873,0.09914816
1835,910546,2.922895,3.9375,1.0380753,0.10416676
1835,910703,2.438684,2.453125,0.3775912,0.03810328
1835,910706,1.315513,1.4609375,0.2791377,0.028563008
1835,910780,2.029206,2.390625,0.60943687,0.062406097
1835,910784,3.77504,3.921875,0.433668,0.04348739
1835,910905,3.939277,4.65625,1.3338797,0.13352443
1835,910915,4.172646,5.59375,1.2156099,0.12215418
1835,910919,1.492778,1.875,0.15655445,0.015898097
1835,924110,6.013587,3.46875,0.87403935,0.08795154
1835,925338,3.781172,3.640625,0.72012794,0.07259207
1835,925341,2.687796,3.296875,0.5669252,0.057518035
1835,925348,4.03219,5.09375,1.1535496,0.11963941
1835,930083,6.606583,6.1875,1.4574883,0.14822972
1835,946359,3.909235,2.90625,0.64827746,0.06633555
1835,946361,4.953041,3.125,0.44812995,0.044988714
1835,1240123,3.034622,3.40625,0.7146949,0.07276442
1835,1240127,3.712783,3.984375,1.2346501,0.12410634
1835,1240142,4.703741,3.03125,0.76799476,0.077670544
1835,1240151,2.930021,4.15625,0.99344,0.09979942
1835,1240155,5.109588,3.390625,0.85774726,0.08615584
1835,1240159,6.466835,4.53125,0.6921842,0.06957797
1835,1240166,2.155852,1.6875,0.18924561,0.019139206
1835,1240187,5.572845,3.90625,0.5045842,0.050963514
1835,1240198,4.082602,4.6875,0.6512205,0.0654025
1835,1240210,2.001464,2.015625,0.16157787,0.01643282
1835,1240223,6.608968,5.84375,0.8345792,0.08429334
1835,1290905,6.190124,5.125,0.6424425,0.06463438
1835,1295741,1.572539,1.5234375,0.6978939,0.07222469
1835,1298134,4.440035,3.53125,0.45420408,0.046909485
1835,1298157,5.010959,4.09375,1.2096484,0.1213229
1835,1298169,3.878523,3.921875,0.5076348,0.051159274
1835,1298226,4.665816,3.84375,0.72722906,0.07299929
1835,1298365,2.661228,4.5625,0.9089384,0.09121836
1835,1298537,6.25071,3.734375,1.0040083,0.10086108
1835,1299062,6.766825,5.09375,1.9034885,0.20438316
1835,1327766,2.428567,2.875,0.59623355,0.06084733
1835,1330942,2.326852,4.25,0.48282635,0.049185187
1835,1330985,2.123457,2.25,0.32317403,0.032561623
1835,1331038,2.39411,3.015625,0.45106307,0.04746708
1835,1331040,2.571743,1.4765625,0.36138508,0.03697904
1835,1503371,4.29563,3.796875,0.61419266,0.06225946
1835,1674021,2.499866,3.203125,0.49451387,0.049597766
1838,683667,3.629481,3.4375,0.33172366,0.033754926
1838,687448,4.762789,5.28125,0.43246907,0.043421872
1838,687459,4.531544,4.21875,0.58994424,0.059198573
1838,687505,1.754414,3.140625,0.3338788,0.033754926
1838,687586,3.980545,3.703125,0.22100984,0.022376277
1838,687816,5.436831,3.953125,0.9737068,0.09930811
1838,688013,1.933192,3.828125,0.19970094,0.02006164
1838,688023,3.650132,3.1875,0.28130043,0.028805051
1838,688031,3.338715,2.8125,0.3855258,0.03918864
1838,688058,4.501656,3.8125,0.5501546,0.05598162
1838,724831,4.483745,3.9375,0.42274192,0.043388177
1838,724834,5.25446,4.78125,0.47290224,0.047708
1838,724839,4.946459,4.84375,0.3130308,0.031499203
1838,724863,4.651623,3.984375,0.4197226,0.042546425
1838,749709,2.605749,3.21875,0.3306317,0.033741906
1838,749714,4.866247,4.875,0.38239253,0.038393956
1838,753572,3.768977,3.34375,0.1602938,0.016255612
1838,753573,3.357321,3.453125,0.30812427,0.031151159
1838,753575,4.062714,4.53125,0.84018904,0.08449821
1838,753612,4.574614,3.96875,0.16092241,0.016269147
1838,753618,1.600999,3.0,0.17804144,0.018303525
1838,753623,4.019112,3.421875,0.36595097,0.037794847
1838,905940,4.034816,3.578125,0.1460766,0.014721553
1838,905941,6.080627,5.0,0.86780554,0.08825771
1838,905942,2.811401,3.296875,0.2967956,0.030288836
1838,905944,3.715686,3.140625,0.75389373,0.07714283
1838,905945,2.728178,2.984375,0.36504745,0.03678061
1838,905948,4.312599,4.0625,0.3250623,0.033095196
1838,905970,5.019824,4.21875,0.47900856,0.048337456
1838,905973,5.132485,3.953125,0.313523,0.031956956
1838,905976,4.34141,3.40625,0.28938508,0.02925664
1838,906693,3.323331,3.6875,0.372134,0.037477583
1838,906791,2.692291,4.34375,0.47907332,0.048141107
1838,906795,3.609203,4.25,0.553922,0.055797923
1838,906797,3.431831,3.421875,0.27070445,0.027452506
1838,906798,3.056973,2.875,0.43370402,0.044181135
1838,906800,2.041914,2.296875,0.16818199,0.017671417
1838,906801,3.632788,3.125,0.16453715,0.01684854
1838,906828,2.591877,3.796875,0.29687443,0.029862177
1838,906830,4.25049,4.0625,0.19972135,0.020184945
1838,906831,3.519897,2.890625,0.3823569,0.039125
1838,906846,3.903484,3.4375,0.5656295,0.05685676
1838,906851,2.626845,3.21875,0.50765556,0.051744618
1838,906871,2.328638,3.25,0.36272112,0.03711575
1838,907042,3.625082,2.21875,0.31649005,0.03560816
1838,907046,3.033111,3.25,0.4924269,0.049937677
1838,907047,3.685065,3.328125,0.18776405,0.019241251
1838,907051,3.266829,4.40625,0.16805167,0.01694464
1838,907056,3.90398,3.578125,0.53287536,0.053972352
1838,907064,3.993691,4.09375,0.40736774,0.041008458
1838,907071,4.251165,4.1875,0.5651957,0.057576094
1838,907169,3.501836,3.90625,0.21314111,0.021428341
1838,907270,2.230864,2.671875,0.48924997,0.049757782
1838,907278,3.758413,3.59375,0.109775655,0.011315687
1838,907287,3.223567,3.578125,0.33608633,0.034068387
1838,907314,4.866301,4.0,0.44647333,0.044910118
1838,907318,3.15951,3.59375,0.17199305,0.017333403
1838,908126,3.856557,3.359375,0.55863816,0.056844875
1838,908127,4.004845,3.65625,0.26405117,0.026734024
1838,908130,3.862379,3.359375,0.38208932,0.039125796
1838,908134,3.891852,3.53125,0.23686688,0.02388951
1838,908138,3.854606,4.25,0.19229871,0.019296417
1838,908445,4.165676,3.59375,0.26856053,0.027235089
1838,908447,4.428901,3.96875,0.2697664,0.027085777
1838,908459,3.820753,4.625,0.41966814,0.042206224
1838,908460,5.51679,5.0625,0.6407512,0.07209064
1838,908461,3.564713,3.671875,0.32190594,0.032555703
1838,908465,4.999884,4.28125,0.14166464,0.014287767
1838,909255,1.301771,3.21875,0.88749874,0.08958446
1838,909260,2.336506,3.203125,0.20798285,0.020982027
1838,909264,4.198147,4.09375,0.24501643,0.024711443
1838,909696,3.018803,3.640625,0.076851636,0.007858417
1838,909735,3.20395,3.578125,0.22660513,0.023000944
1838,909737,2.007779,3.75,0.4910963,0.049781434
1838,909738,4.7525,4.46875,0.675932,0.06870838
1838,909745,3.470422,3.921875,0.64956236,0.0663756
1838,909751,1.791953,2.765625,0.9672697,0.10079689
1838,909777,2.235321,2.890625,0.26089814,0.026756193
1838,909781,5.47117,4.53125,0.7553597,0.08204301
1838,909784,5.058692,4.1875,0.40943196,0.041640118
1838,910548,4.759506,3.125,0.47715572,0.048478603
1838,910706,2.46137,2.21875,0.15517744,0.017031642
1838,910784,3.696072,4.375,0.17225012,0.017314486
1838,910905,4.869545,4.03125,0.43623254,0.043842882
1838,910919,2.446567,2.5625,0.2146079,0.022121804
1838,910935,1.245839,2.796875,0.15434042,0.015696755
1838,910943,5.064338,4.375,0.5267927,0.053377748
1838,910952,2.619114,3.40625,0.3288376,0.03426739
1838,911905,5.130055,4.75,0.7184615,0.07930511
1838,925347,3.975558,4.28125,0.32003376,0.032548126
1838,925348,4.211528,4.53125,0.45740414,0.04944295
1838,930082,3.221197,3.46875,0.26608002,0.026900513
1838,946359,3.889047,3.46875,0.6509212,0.06564949
1838,1240146,3.104944,4.15625,0.53903794,0.05422106
1838,1240154,3.126085,3.140625,0.20135774,0.020419963
1838,1240172,4.039799,3.671875,0.33908427,0.034344196
1838,1240174,3.692397,3.296875,0.4637072,0.047383968
1838,1240183,3.779089,4.40625,0.23282754,0.023411492
1838,1240190,4.766134,3.96875,0.21905044,0.022008646
1838,1240197,5.64295,4.71875,0.2519799,0.025450224
1838,1240218,4.354111,4.90625,0.45315272,0.045715608
1838,1290905,4.728287,4.46875,0.5815276,0.058650702
1838,1297449,1.678798,2.015625,0.43687552,0.045644056
1838,1298134,2.692026,3.421875,0.17908104,0.01859431
1838,1298226,3.918233,3.78125,0.33595628,0.033849508
1838,1298347,3.771198,3.265625,0.24554032,0.025334293
1838,1298357,5.300097,4.6875,0.88155305,0.090142675
1838,1298534,5.498,4.3125,0.20924336,0.021006383
1838,1298537,4.368819,3.109375,0.3711069,0.038151592
1838,1299052,4.229781,4.0,0.5729832,0.057968825
1838,1299075,4.698805,3.203125,0.3028357,0.030542878
1838,1330935,1.422167,3.140625,0.2958357,0.029836886
1838,1330950,3.605737,3.515625,0.25989476,0.026523003
1838,1330985,2.853092,2.546875,0.3579093,0.03720582
1838,1480371,4.086963,3.25,0.50396603,0.05095063
1838,1480372,5.357353,4.28125,0.11713857,0.011780682
1838,1503361,4.071544,3.703125,0.16617244,0.016709128
1838,1503363,4.811555,3.890625,0.3806698,0.03829815
1838,1503364,1.708774,3.296875,0.61665785,0.062433902
1838,1503367,3.361403,3.90625,0.88719743,0.09211933
1838,1659818,3.120243,2.53125,0.100247346,0.012355031
1843,683667,0.326569,0.1640625,0.19609986,0.019777901
1843,687459,1.32829,0.5234375,1.3449908,0.13762735
1843,687505,-1.498497,-1.9140625,0.21815401,0.021939851
1843,687506,0.988296,-0.49414062,0.3386164,0.034211352
1843,687563,-0.17749,-0.8125,0.21604402,0.021691807
1843,687590,-0.918244,-0.35742188,0.4036288,0.04089805
1843,687802,3.143465,1.3125,0.8730041,0.08760252
1843,687812,1.283178,1.4609375,0.9443992,0.096568964
1843,687829,3.675286,2.25,1.3062849,0.13265318
1843,688011,-0.762077,1.3671875,1.0546391,0.10784148
1843,688025,-3.780863,-3.03125,0.48964837,0.059664812
1843,688058,2.870051,-0.09472656,0.46151397,0.046391126
1843,724825,-1.901622,-2.40625,0.20039877,0.020784188
1843,724831,0.383307,-0.39648438,0.13983189,0.014308418
1843,724869,0.728539,0.17578125,1.1835036,0.119363755
1843,749711,3.373965,2.8125,3.1654181,0.33363345
1843,753551,-3.165062,-2.53125,0.42641115,0.048143573
1843,753554,-1.901325,-1.734375,0.5787004,0.058686797
1843,753555,-0.835783,-1.7109375,0.17735606,0.017882802
1843,753556,-1.164384,-0.2265625,0.54176664,0.054640565
1843,753562,-2.273892,-1.671875,0.15362835,0.015526531
1843,753576,4.491694,3.25,0.70154554,0.070793994
1843,753624,-1.042581,-0.890625,0.6934066,0.07100456
1843,905939,-1.45144,0.0036621094,0.40972897,0.04102346
1843,905942,-0.23421,-0.82421875,0.19467182,0.019842625
1843,905949,-1.566544,-2.125,0.12747067,0.012774673
1843,905959,2.231857,-0.36523438,0.28197253,0.028548483
1843,905960,-0.9623,-1.078125,0.4797755,0.048143573
1843,905962,-0.575084,-1.59375,0.17844042,0.018022662
1843,905986,-0.817871,-1.25,0.2449992,0.02465829
1843,905991,-1.401918,-1.84375,0.14534704,0.015165643
1843,906794,-0.990036,-0.52734375,0.9714954,0.10163808
1843,906820,-1.047082,-2.109375,0.3219986,0.03235699
1843,906821,-1.858913,-1.640625,0.33953038,0.034350354
1843,906844,-3.439685,-2.71875,0.2664699,0.027700402
1843,906846,-3.609839,-3.421875,0.13361388,0.013672155
1843,906848,-0.272965,-0.19921875,0.49083078,0.04955929
1843,906870,-3.057141,-2.078125,0.24149145,0.024805684
1843,907053,-2.993985,-1.9453125,0.13759442,0.014286679
1843,907060,-0.972068,-1.3359375,0.23858692,0.023921018
1843,907064,2.838936,1.1796875,1.1930186,0.12133258
1843,907068,-2.020258,-0.20703125,0.7089793,0.07132846
1843,907289,0.960951,0.59765625,0.7989934,0.0807777
1843,907298,-0.279745,-1.921875,0.25521624,0.025584254
1843,907321,-1.949837,-1.9296875,0.26290473,0.026830178
1843,907783,-3.604627,-2.453125,0.120892785,0.012270898
1843,907790,-0.282341,-1.0859375,0.5402429,0.05438459
1843,907791,1.368493,1.6796875,0.6067482,0.062000625
1843,908134,-3.067323,-3.046875,0.13227206,0.014517642
1843,908150,0.471536,-0.013793945,0.61585164,0.06202237
1843,908158,-3.949813,-3.890625,0.068998024,0.007032871
1843,908159,-3.965087,-3.984375,0.07385983,0.007557771
1843,908455,-2.657128,-2.578125,0.12683085,0.012841068
1843,908463,1.727469,1.46875,1.8015895,0.181066
1843,909248,-0.310369,0.068359375,0.33916244,0.034010556
1843,909249,-2.412061,-0.8984375,0.107911386,0.010852699
1843,909263,-0.631027,0.62109375,1.0433229,0.10464112
1843,909704,-0.41737,-0.33789062,1.2471315,0.12690331
1843,909709,1.892507,1.046875,1.4278398,0.14450786
1843,909744,-3.45845,-2.34375,0.2170325,0.021941843
1843,909745,2.956518,0.020141602,0.37911782,0.04009047
1843,909749,0.442743,0.7109375,0.8919171,0.08988712
1843,909777,-2.134555,-2.265625,0.3297911,0.03336503
1843,909785,-3.691463,-3.5,0.1109541,0.011913467
1843,909904,0.80991,0.42773438,1.4785277,0.14821559
1843,910549,-2.21363,-0.6171875,0.5816568,0.05960568
1843,910700,1.254804,2.40625,1.2982337,0.13266015
1843,910780,-2.308283,-1.203125,0.26917326,0.02902942
1843,910784,1.383533,-0.53515625,0.33697173,0.034034483
1843,910903,-2.303684,-3.09375,0.090835564,0.009166351
1843,910911,-0.226506,-0.19238281,0.24207808,0.024549467
1843,910921,-0.388189,-1.15625,0.7183077,0.07262043
1843,910924,-1.359223,-1.7109375,0.2052894,0.020716054
1843,924102,-1.777255,-0.62890625,1.5136708,0.15173854
1843,925340,-1.660568,-1.1015625,2.3112597,0.23149219
1843,930297,2.507442,2.265625,1.0426457,0.10518568
1843,946360,1.258214,-0.9765625,0.8123459,0.09844586
1843,998189,0.449906,-1.4375,0.17760427,0.017794373
1843,1240121,-1.595554,-1.8828125,0.43191078,0.04474599
1843,1240128,-2.035546,-2.171875,0.18461645,0.018640764
1843,1240145,-0.368759,-0.7265625,0.29680637,0.029816698
1843,1240151,1.020684,0.33789062,1.2913442,0.13064554
1843,1240172,0.679282,1.0859375,1.1324927,0.11475084
1843,1240179,-0.162884,0.46289062,1.5078319,0.15387854
1843,1240183,5.213647,2.828125,0.97780836,0.098453656
1843,1240186,4.626525,3.515625,0.78153765,0.081148475
1843,1240190,-1.387524,-1.5859375,0.2842106,0.028551348
1843,1240209,-0.719532,0.40820312,2.108234,0.21361871
1843,1240215,0.055907,0.1328125,0.38773927,0.038951676
1843,1240219,0.229706,-1.2265625,1.5006672,0.15057005
1843,1240222,-0.380597,-0.37304688,0.635201,0.064000115
1843,1247871,-3.352771,-3.859375,0.14360717,0.014928427
1843,1298226,-2.252433,-1.9921875,0.2219313,0.022247592
1843,1298534,1.313912,1.2890625,1.9228034,0.19432914
1843,1299062,-0.592498,0.22363281,0.31867513,0.03218651
1843,1327771,-3.255968,-2.65625,0.09244808,0.009363616
1843,1330935,-1.977517,-0.68359375,1.236736,0.12447306
1843,1330942,0.305415,1.1484375,1.2936788,0.13861369
1843,1331037,-3.14639,-2.34375,0.15641366,0.016794596
1843,1674021,-2.076878,-0.43945312,0.19095184,0.019139206
1845,687505,-0.369348,1.609375,0.48351803,0.04842842
1845,687562,-0.593005,0.060546875,3.0068843,0.30994996
1845,687586,-1.650374,1.5703125,1.0686207,0.10757475
1845,687588,1.34269,2.984375,1.974215,0.19800588
1845,687780,1.858462,2.4375,0.9372628,0.09400371
1845,687798,3.629961,2.640625,0.92071766,0.09258086
1845,687802,4.765236,4.1875,2.1993635,0.22030732
1845,688011,1.85705,2.640625,1.2465999,0.13931514
1845,688025,2.629175,-1.6875,2.1954153,0.32621095
1845,688086,0.475194,-0.8203125,2.009127,0.24834262
1845,724855,4.332928,4.21875,0.8475495,0.08638953
1845,724863,1.143686,1.0703125,3.4253597,0.3438791
1845,724869,4.106689,3.8125,0.6601291,0.0671722
1845,749709,-2.378115,3.015625,0.34320602,0.034982506
1845,753539,-0.699592,0.60546875,2.1239955,0.2176579
1845,753541,-1.176998,1.2890625,1.682482,0.16951963
1845,753554,2.476438,0.8125,4.607672,0.46965355
1845,753572,2.773675,1.390625,2.1771767,0.21996619
1845,753614,2.311805,1.6953125,1.4854118,0.14941546
1845,753620,-2.041794,0.20898438,1.1976254,0.1318155
1845,905938,-1.717147,-1.15625,2.3933454,0.28277358
1845,905939,3.071441,1.1015625,3.0630069,0.31104824
1845,905956,3.599205,3.96875,1.3586293,0.13766433
1845,905960,0.803234,-0.06933594,1.5984775,0.16461998
1845,905964,-2.805485,-1.3671875,2.4222963,0.29598692
1845,905968,1.834687,1.0,0.6609796,0.06715495
1845,905970,3.57882,4.4375,0.3850545,0.038612522
1845,905986,1.286778,1.21875,1.1517724,0.115834296
1845,906790,0.211349,0.94140625,0.7748905,0.07800584
1845,906800,-3.222293,-2.640625,0.4488767,0.108931184
1845,906804,-1.392653,-1.4296875,0.48176563,0.049857687
1845,906821,2.21309,2.5625,1.5896679,0.15953436
1845,906826,4.773678,2.25,2.921424,0.29480517
1845,906827,1.638453,1.375,2.027254,0.20416461
1845,906832,-1.283038,-1.296875,2.3912864,0.41945523
1845,906837,0.932991,1.1171875,0.7703553,0.07980887
1845,906839,2.046859,1.5078125,1.3143932,0.13170673
1845,907045,3.23863,4.40625,1.09249,0.12379115
1845,907060,-0.195856,0.8671875,1.3776656,0.13868536
1845,907067,1.430333,1.9765625,1.2109351,0.12234412
1845,907068,3.047307,3.375,0.25963572,0.026062248
1845,907073,-0.378719,-1.7890625,2.1494863,0.22318506
1845,907273,0.580292,-0.5625,1.5768068,0.16091762
1845,907275,-3.129123,-1.9296875,1.2264702,0.1417122
1845,907311,0.315797,-1.328125,1.3171579,0.13320972
1845,907313,2.233434,1.8125,0.8147605,0.08171722
1845,907319,3.216361,2.921875,0.65866655,0.066109285
1845,907321,0.681837,2.703125,2.445726,0.24802439
1845,907323,-2.02869,-1.1796875,1.5311396,0.16064331
1845,907788,0.282153,-0.796875,1.9875585,0.29532605
1845,907789,-1.099461,-1.84375,0.21120003,0.094469115
1845,907792,4.963919,3.796875,0.7540376,0.075547874
1845,907794,1.334788,1.1875,2.4576998,0.25036418
1845,908129,1.549192,2.140625,0.4980897,0.049956407
1845,908130,3.385254,2.734375,0.29256803,0.029515268
1845,908131,1.320829,1.734375,3.975148,0.40202346
1845,908132,-2.878625,-1.6796875,2.191449,0.22529161
1845,908138,2.951813,1.6328125,0.73520255,0.07387901
1845,908158,-3.883265,-2.28125,0.40725473,0.04457695
1845,908457,4.517738,2.078125,1.0729202,0.10978749
1845,909698,2.49583,0.671875,2.4008625,0.24105754
1845,909713,2.440554,3.203125,1.9144661,0.19355126
1845,909731,-3.426818,-2.34375,2.9027612,0.3123548
1845,909738,1.4282,4.3125,0.66751665,0.06696199
1845,909745,0.699135,2.015625,0.88300824,0.089400716
1845,909759,-0.965853,0.15625,2.4203131,0.24274772
1845,909776,0.571707,3.671875,0.6149606,0.061587594
1845,909781,5.56784,5.625,0.294737,0.030007722
1845,909785,-1.96821,-2.546875,0.36397097,0.0569891
1845,909905,-0.020713,1.1171875,0.7561209,0.07614888
1845,909907,4.283526,5.53125,0.64592797,0.065397374
1845,909975,4.143164,3.453125,1.1949397,0.12024263
1845,910548,2.320258,2.390625,0.8868763,0.08935783
1845,910702,6.411865,6.625,0.81570816,0.08597523
1845,910704,2.176973,1.6875,2.489535,0.25375482
1845,910900,0.006691,1.765625,2.1894557,0.2201562
1845,910903,-1.644614,-0.8125,1.5580537,0.16300395
1845,910930,-1.313791,-2.140625,1.7998681,0.18883763
1845,910947,-2.568286,-2.234375,1.4936866,0.16748261
1845,910952,0.066499,1.8203125,1.6016747,0.16401085
1845,911905,5.520062,5.09375,0.6983452,0.07055575
1845,925338,3.165284,3.34375,0.7413374,0.07466004
1845,1240121,2.296735,1.109375,1.2273194,0.12805961
1845,1240147,0.559573,0.8203125,1.3903167,0.14545526
1845,1240155,2.108373,1.484375,1.2843688,0.13003671
1845,1240157,1.952105,2.375,1.1374079,0.11573826
1845,1240190,3.803546,1.4140625,1.8482506,0.18760172
1845,1240192,2.989877,1.9921875,1.2433623,0.12511523
1845,1240196,3.998283,2.84375,0.69072753,0.06932719
1845,1240198,3.123348,0.96875,1.0564854,0.106581874
1845,1240218,4.543785,4.34375,0.5712234,0.057368338
1845,1290798,2.486248,3.890625,1.8225534,0.19611785
1845,1290922,1.762882,1.6328125,0.53219306,0.05363424
1845,1295740,-2.45392,-2.234375,0.6074807,0.13562237
1845,1295741,-3.456997,-2.1875,1.2935895,0.14768066
1845,1298347,2.765113,3.171875,1.2719187,0.14214465
1845,1298538,3.449791,2.875,1.3875743,0.13987362
1845,1330983,-2.296071,-1.1484375,3.9092515,0.42460135
1845,1480372,4.280678,3.890625,1.2069482,0.123251066
1845,1503363,0.791785,1.9453125,1.2734228,0.12865743
1845,1503365,4.29841,4.90625,0.49025768,0.04913194
1845,1660034,3.601348,1.8671875,1.4141189,0.14459987
1845,1660035,3.744862,3.53125,0.602801,0.06472452
1847,683667,4.54153,4.46875,1.2083886,0.13692375
1847,687562,3.073044,3.59375,0.8342837,0.08903088
1847,687568,5.688346,3.21875,0.70893186,0.105338305
1847,687590,4.458976,5.03125,0.4617121,0.054047834
1847,687787,3.870001,4.78125,11.670225,1.3600371
1847,687798,-1.357861,0.96875,2.1653752,0.32336396
1847,687816,1.48268,3.0,1.4990263,0.15727407
1847,688086,4.952953,3.0,0.59358,0.068303294
1847,713899,2.47088,3.03125,0.36151493,0.039570402
1847,724839,5.693652,5.59375,1.8497064,0.18811916
1847,724866,5.903968,6.15625,5.087679,0.53623873
1847,724869,3.051439,5.28125,2.4939487,0.26513112
1847,724878,6.876731,4.34375,0.92248905,0.10491529
1847,753539,-1.119009,0.37304688,0.54885507,0.05906015
1847,753556,5.719682,4.9375,0.44772804,0.045584023
1847,753573,3.556834,4.25,1.3246998,0.1365502
1847,753575,7.063526,7.28125,0.64955205,0.0682505
1847,753592,3.169324,6.3125,2.0143425,0.20497176
1847,753600,2.02322,6.65625,0.5825969,0.059162688
1847,753614,2.482425,2.734375,5.2336874,0.5998318
1847,753615,3.947096,3.96875,1.3227489,0.15220882
1847,753623,4.688606,5.90625,1.2232702,0.12586686
1847,905935,3.704854,6.5,0.53735566,0.058364615
1847,905938,2.073766,1.8828125,0.74761736,0.088975996
1847,905970,4.332272,6.25,2.3502643,0.24121971
1847,905976,2.931921,4.4375,0.32472622,0.037679367
1847,905984,3.807409,3.9375,0.42233077,0.045986217
1847,906790,4.937288,2.453125,0.80537796,0.0813192
1847,906791,4.742731,3.703125,3.1109648,0.39043
1847,906792,3.123133,5.375,0.6535422,0.07551338
1847,906795,5.230278,6.78125,0.572131,0.075595334
1847,906800,-1.109347,1.09375,0.3339379,0.036361407
1847,906805,4.281851,6.21875,2.4541667,0.2548206
1847,906814,5.880967,4.5625,4.5308623,0.47536668
1847,906818,5.76117,4.375,0.49709043,0.059014928
1847,906834,1.635349,2.09375,1.8484354,0.23899506
1847,906844,2.4689,1.609375,1.8794035,0.27787322
1847,906851,6.48373,5.59375,2.2409987,0.32194558
1847,906863,5.207116,3.140625,3.2866628,0.36278796
1847,906864,4.025179,3.140625,1.6833615,0.17190143
1847,906999,4.251578,3.640625,0.741031,0.07645789
1847,907069,4.504347,6.0625,0.687487,0.0695532
1847,907072,1.633883,2.234375,1.7721409,0.1840046
1847,907173,6.995591,5.0,4.966252,0.518866
1847,907270,2.226256,2.109375,1.0182234,0.11342647
1847,907312,5.034876,3.265625,2.2668684,0.23066781
1847,907318,5.095703,3.4375,0.9094674,0.10009965
1847,907322,4.257608,3.5,0.9262632,0.096905865
1847,907783,1.227375,2.078125,1.0387386,0.1765193
1847,907791,3.769625,5.5,0.26767376,0.047884084
1847,908125,6.239067,5.34375,0.5650358,0.063794866
1847,908127,2.032832,2.671875,1.5890579,0.30236384
1847,908444,4.137647,2.734375,4.034711,0.40790662
1847,908447,1.179309,1.875,1.9281375,0.23303863
1847,908457,6.49911,6.21875,1.1889039,0.12243985
1847,908470,3.368393,7.46875,2.3313055,0.23674399
1847,909249,3.799517,4.59375,0.7325656,0.07371553
1847,909696,2.155921,2.375,0.3581785,0.03794135
1847,909703,0.893535,0.75,0.43565643,0.057563037
1847,909704,5.116177,4.875,4.239856,0.58527553
1847,909747,4.876568,7.90625,1.7029083,0.20217049
1847,909749,6.55714,6.84375,1.5660387,0.16361721
1847,909761,4.699777,3.734375,1.6558945,0.21335897
1847,909777,4.218573,3.5625,0.5467705,0.059242886
1847,909976,3.050436,2.796875,0.6222979,0.06830087
1847,910548,1.12284,3.765625,1.7594008,0.1835775
1847,910692,1.782388,1.3671875,1.0587168,0.12284741
1847,910698,2.461437,3.78125,0.7858462,0.08085867
1847,910700,5.173049,5.28125,2.313631,0.24896082
1847,910702,6.514382,8.875,1.2772954,0.18792482
1847,910703,5.406617,4.34375,0.4748636,0.048346743
1847,910779,6.696986,6.75,0.31580392,0.03271731
1847,910903,2.388768,2.9375,0.5061148,0.059797425
1847,910906,2.729798,3.5625,0.47308913,0.047976613
1847,910911,4.390038,4.71875,1.7302107,0.20253776
1847,910934,2.61067,2.515625,1.4401098,0.19246449
1847,910941,1.441996,1.828125,0.48507243,0.053094655
1847,910943,7.642392,7.03125,0.6459851,0.07033921
1847,924240,6.36394,3.921875,0.85289025,0.13069502
1847,925340,4.291489,2.15625,4.398529,0.50024766
1847,930082,4.978903,4.59375,4.915014,0.5529861
1847,946353,4.058183,4.59375,4.041329,0.49382088
1847,1240146,6.725623,5.46875,1.8518673,0.18796882
1847,1240154,4.317649,1.3984375,1.917645,0.27941972
1847,1240157,6.055224,5.03125,0.85615426,0.08944962
1847,1240174,6.694249,5.3125,0.3020035,0.047547966
1847,1240197,4.183582,3.78125,2.0713608,0.45503584
1847,1240210,3.719569,3.34375,1.6233076,0.21137401
1847,1240215,6.693304,7.09375,0.5372491,0.0547939
1847,1247871,1.378104,0.65234375,0.5834124,0.062259067
1847,1290798,6.769993,5.625,0.9477547,0.21956186
1847,1298136,5.045974,7.34375,0.90868205,0.09236739
1847,1298348,7.845951,5.71875,0.583839,0.06296505
1847,1298350,1.437135,0.20800781,0.604097,0.089761175
1847,1298526,7.796741,5.375,1.350822,0.15481743
1847,1298537,6.772006,4.84375,0.94654804,0.10848367
1847,1298538,2.339096,3.15625,1.5853844,0.18099296
1847,1299081,3.92233,2.96875,1.0957131,0.11204148
1847,1303896,2.48167,3.296875,0.41499028,0.043477096
1847,1327766,4.90649,3.765625,0.41156003,0.042999133
1847,1330933,1.771978,1.828125,0.21065193,0.021637889
1847,1330942,4.50306,3.484375,0.5155349,0.066890866
1847,1331040,0.847666,1.0390625,1.2994344,0.17105639
1847,1503371,3.543152,4.03125,3.770918,0.4747498
1849,687448,0.327777,1.0234375,0.50958735,0.052220315
1849,687455,0.02801,-0.2265625,0.6371212,0.06533943
1849,687568,-0.065548,-0.40039062,0.20959038,0.02110783
1849,687586,0.865614,0.20898438,0.47075263,0.0489952
1849,688011,1.934176,-0.051757812,0.48339954,0.048794534
1849,688023,-1.63211,-1.7109375,0.19928184,0.020200795
1849,713880,-0.132318,-1.3046875,0.3838081,0.040210247
1849,722045,-0.775426,-0.19335938,0.2207155,0.022243638
1849,722066,1.389077,-0.33984375,0.32735705,0.033118777
1849,724863,-0.944999,-0.5859375,0.25055248,0.025443593
1849,724868,-1.479741,-0.97265625,0.42822507,0.044316802
1849,724869,1.563134,0.21679688,0.8108414,0.082553275
1849,749714,2.479604,0.08154297,0.4714953,0.047836084
1849,749715,0.402766,-1.03125,0.4593632,0.04703861
1849,753540,-0.167946,0.13378906,0.3960326,0.0399875
1849,753541,-1.254008,-0.52734375,0.66953784,0.06986018
1849,753551,-0.240317,-0.45898438,0.5583896,0.05688277
1849,753556,-0.438616,-0.62890625,0.83813506,0.090597935
1849,753576,2.054665,0.8984375,0.41628802,0.0426594
1849,753586,-0.088612,0.15625,0.41548976,0.042278644
1849,753604,-0.9478,-1.0859375,0.46827868,0.049876083
1849,753624,2.129745,0.026977539,0.4325106,0.04442692
1849,905954,0.144349,-0.6484375,0.2547441,0.025981292
1849,905956,-0.148535,-0.045898438,0.36165613,0.036908038
1849,905959,3.339047,0.39453125,0.17239197,0.017859822
1849,905963,-0.454433,0.16699219,0.2058488,0.021566067
1849,905968,-1.424244,-0.17578125,0.40445036,0.041901086
1849,905969,-0.059014,0.578125,0.462297,0.046902858
1849,905970,0.424872,0.81640625,0.8531493,0.08583301
1849,905981,-0.213275,-0.15625,0.50336945,0.052890632
1849,905982,0.929939,0.55859375,0.1475632,0.014951974
1849,905986,-1.145937,-0.25195312,0.1748773,0.017846726
1849,905991,-1.664253,-1.3828125,0.24149384,0.024573484
1849,906746,0.005612,-0.31835938,0.3080656,0.03191562
1849,906790,-0.638973,-1.2265625,0.31312114,0.032439373
1849,906792,-0.491805,-1.234375,0.5462619,0.05757573
1849,906817,0.885135,1.21875,0.27152166,0.02738466
1849,906820,-0.614205,-1.4609375,0.75325304,0.076871626
1849,906826,0.347207,-0.055664062,0.48016372,0.048859615
1849,906828,0.665824,-1.15625,0.3686455,0.03783598
1849,906832,-2.457175,-1.921875,0.6991354,0.07126189
1849,906834,-0.55009,-2.15625,0.9560632,0.09687396
1849,906855,0.033554,-1.515625,0.8462663,0.08550063
1849,906865,-0.016568,-0.37890625,0.50237375,0.05111962
1849,906870,-1.236293,-0.921875,2.5435963,0.2578392
1849,907042,-1.244243,-1.5,0.5574415,0.05768934
1849,907047,-0.300858,-1.1484375,0.472539,0.05483071
1849,907060,0.102953,-1.484375,0.25934428,0.026389876
1849,907064,-0.225965,0.51953125,0.5276569,0.05415614
1849,907065,-0.062451,0.0025634766,0.66347986,0.0672844
1849,907067,-1.663968,-0.41796875,0.26445138,0.027164096
1849,907073,-1.931556,-2.015625,0.63603705,0.06527975
1849,907169,-0.433345,-0.26171875,1.0399936,0.106826775
1849,907175,-0.410131,-0.984375,0.32881424,0.033577833
1849,907269,-2.637018,-2.328125,2.3224387,0.23939724
1849,907278,-1.568887,-0.7421875,0.28302652,0.028474523
1849,907290,-0.737113,-0.076660156,0.4109058,0.041542303
1849,907298,-0.953999,-1.53125,0.38937572,0.039422587
1849,907313,-0.82849,-0.33789062,0.42174956,0.042849388
1849,907323,-1.5613,-1.96875,0.1819661,0.018496824
1849,908125,-0.10605,-0.09082031,0.36069554,0.03749546
1849,908159,-2.085535,-2.015625,0.657846,0.06762977
1849,908443,-0.74832,-0.22851562,0.59392923,0.06073187
1849,908452,0.557611,-0.43164062,0.34925503,0.0353342
1849,908457,0.433526,0.890625,0.6803196,0.06971622
1849,908460,2.436222,1.265625,0.46622396,0.047047343
1849,908480,0.473705,-0.41210938,0.40140483,0.040802736
1849,908481,0.938044,0.104003906,0.4792431,0.048521265
1849,909718,0.293603,-0.63671875,0.33720213,0.036716834
1849,909726,0.109936,-0.2890625,0.40221867,0.0412492
1849,909732,-0.38852,-0.734375,0.45158872,0.045837298
1849,909736,1.288121,0.6328125,0.74534434,0.07649852
1849,909748,2.356814,-0.21679688,0.77561,0.08346037
1849,909753,1.416716,0.16601562,0.3296758,0.033297587
1849,909757,2.192355,0.11816406,1.1826056,0.12355674
1849,909761,1.572855,-0.15234375,0.55905795,0.06015804
1849,909762,-1.717011,-2.09375,0.36644232,0.037308175
1849,909778,0.624528,-0.31835938,0.49818638,0.051401738
1849,909785,-3.723472,-2.640625,2.6414812,0.26837218
1849,909904,1.138235,0.20800781,0.3779669,0.038267493
1849,909907,2.021195,1.1015625,0.35993028,0.03619205
1849,910399,-0.860059,-0.984375,0.28232148,0.029157722
1849,910689,2.070259,2.1875,1.406849,0.14406079
1849,910692,-0.400361,-0.47460938,0.50255185,0.051353313
1849,910700,0.393972,0.703125,0.7064174,0.07256226
1849,910900,-0.13044,-1.0078125,0.9882524,0.100672595
1849,910903,-0.769826,-1.5390625,0.25630116,0.02619016
1849,910922,-0.103195,-0.62890625,0.34236446,0.035394434
1849,910927,-2.363137,-1.4765625,0.25664896,0.026050461
1849,910934,-1.703447,-1.8671875,0.9212317,0.09440385
1849,910941,-1.794483,-1.5234375,1.0298365,0.1064669
1849,910943,0.068332,0.43359375,0.77355415,0.079813555
1849,910951,-1.139085,-2.140625,0.5350079,0.056389555
1849,925347,2.316376,2.0,0.36457238,0.036671817
1849,930082,-2.199363,-1.109375,0.5426662,0.055886738
1849,930301,-0.109816,0.796875,1.1199976,0.11452467
1849,946355,-0.259741,-0.22851562,0.2570951,0.02657909
1849,949176,-0.999416,-0.6328125,0.21969713,0.023355953
1849,1240122,-0.12169,-0.15429688,0.4066032,0.041444488
1849,1240142,-1.108594,-0.7109375,0.19030906,0.019617079
1849,1240143,1.064866,-0.04638672,0.66557586,0.06788192
1849,1240144,1.246712,0.171875,0.94692063,0.09620631
1849,1240154,-2.214436,-1.15625,0.47238347,0.050218977
1849,1240174,0.823314,-0.828125,0.2131012,0.021775767
1849,1240182,1.773695,0.96875,0.621625,0.06267841
1849,1240184,1.140943,-0.08544922,0.65329534,0.066589475
1849,1240187,-0.033207,-0.47851562,0.442591,0.045500506
1849,1240189,-1.04546,-1.4609375,0.36325732,0.03677821
1849,1240190,-0.213518,-0.43945312,0.31907457,0.032921392
1849,1240192,-0.306882,-0.35742188,0.25522956,0.026098343
1849,1240207,-0.348819,0.4609375,0.32915166,0.03534198
1849,1240209,0.180207,-0.1796875,0.6961891,0.07096158
1849,1240218,1.283261,1.4453125,0.6146581,0.061714485
1849,1240220,1.144633,0.77734375,0.34233665,0.037092365
1849,1290797,0.667701,-0.43359375,1.0286996,0.10451499
1849,1297446,-1.289442,-2.296875,0.20903932,0.021421447
1849,1297449,-3.111307,-2.328125,0.9816744,0.10012072
1849,1298134,-0.0136,-0.890625,0.35118878,0.03655118
1849,1298219,0.593241,0.061523438,0.19916745,0.020122439
1849,1298356,2.618427,1.3359375,0.47246942,0.04740541
1849,1298357,0.492607,1.3125,0.846312,0.08519562
1849,1298358,1.833671,-0.041992188,1.540813,0.16475572
1849,1298365,-0.525298,0.12402344,0.2922015,0.02985864
1849,1298537,2.048023,-0.03564453,0.39506865,0.040454876
1849,1299081,-0.693321,-1.421875,0.54255944,0.055123568
1849,1322212,0.365315,-0.70703125,0.44800845,0.045945134
1849,1327766,0.434963,-1.75,0.5537489,0.058459498
1849,1327768,0.028666,-2.28125,0.4192182,0.04253225
1849,1330933,-2.084475,-1.9140625,0.9585554,0.09788571
1849,1331035,-3.068336,-1.7109375,0.36404613,0.036902614
1849,1480360,-0.136531,-0.07324219,0.22516267,0.02281481
1849,1480361,0.666403,-0.27539062,0.59454185,0.060972743
1849,1480362,-0.935596,-0.09277344,0.41612682,0.042744
1849,1480372,1.857594,0.22167969,0.22081366,0.022457229
1849,1503363,-1.22687,-0.875,0.48548776,0.050190855
1849,1503366,1.39049,-0.35546875,0.7718359,0.07934848
1849,1659817,0.30089,-1.2890625,0.32382208,0.032738194
1849,1659928,-1.661043,-1.4609375,0.8340291,0.08605322
1849,1660034,-0.6884,-0.49414062,0.31659037,0.032519743
1849,1674021,-1.332992,-0.09863281,0.47355935,0.050343987
1852,687455,4.983716,5.03125,0.25517133,0.025546715
1852,687561,4.267126,4.96875,0.2316985,0.02339465
1852,687563,5.447096,5.65625,0.1574959,0.015770279
1852,687586,4.857598,5.28125,0.15126474,0.015150442
1852,687997,6.159123,5.78125,0.21994719,0.022025475
1852,688013,3.601765,4.6875,0.16919343,0.016963542
1852,688031,4.68453,4.59375,0.4507498,0.045208406
1852,724825,4.624508,4.59375,0.48733562,0.049177755
1852,724863,6.298321,5.40625,0.8934819,0.08949889
1852,724872,4.744356,4.875,0.13247246,0.01328185
1852,724874,4.797803,6.96875,0.6144958,0.0616432
1852,724878,6.912703,6.71875,0.15938295,0.015950995
1852,749709,5.353721,5.21875,0.30257854,0.030286934
1852,749715,4.901652,4.5,0.25412935,0.02556251
1852,753541,4.14017,5.0625,0.11366146,0.011435168
1852,753570,2.043856,4.0625,0.7008831,0.07055575
1852,753573,4.30923,4.90625,0.41256142,0.04137086
1852,753574,6.707839,6.71875,0.08447867,0.008455986
1852,753575,5.897523,6.40625,0.22225969,0.022271186
1852,753576,6.56415,6.03125,0.3166685,0.031692084
1852,753600,4.916856,5.59375,0.192224,0.019251011
1852,753608,4.68965,5.5625,0.5172208,0.051918652
1852,905943,3.789632,4.46875,0.2051921,0.02078291
1852,905947,5.653916,5.25,0.16960143,0.01703318
1852,905960,5.058453,5.0625,0.31520712,0.031603053
1852,905974,5.327782,5.0625,0.17540121,0.017650016
1852,905977,6.072182,6.0625,0.2153941,0.021564381
1852,905983,5.293853,6.0625,0.13513921,0.013520057
1852,905991,4.546148,4.6875,0.098652996,0.009905212
1852,906790,5.331588,4.96875,0.34484562,0.034652837
1852,906792,4.969861,5.125,0.10039447,0.010051836
1852,906793,4.860286,5.34375,0.42250603,0.04232187
1852,906798,5.359189,5.09375,0.068185724,0.006838756
1852,906800,4.506641,4.125,0.16432229,0.016720805
1852,906813,3.702295,4.8125,0.75360596,0.07557015
1852,906818,4.409361,5.75,0.25979865,0.026018536
1852,906821,6.472346,5.75,0.39104995,0.039147582
1852,906825,3.966901,4.8125,0.21723962,0.021768158
1852,906828,4.93636,5.34375,0.12806171,0.012827771
1852,906839,6.387489,5.84375,0.21049827,0.021124981
1852,906846,5.356461,4.96875,0.36914596,0.03706394
1852,906848,4.99199,4.8125,0.21286535,0.021468805
1852,906851,5.896296,5.28125,0.70522827,0.07063457
1852,906852,5.096656,6.09375,0.240986,0.024120359
1852,906864,5.705232,5.34375,0.15160985,0.015177497
1852,907047,3.186734,4.5625,0.2426065,0.02435002
1852,907055,4.975907,4.5,0.29422697,0.029800817
1852,907060,4.990346,5.0625,0.108979024,0.01091135
1852,907062,5.05179,4.78125,0.2958175,0.029687366
1852,907071,6.039245,5.6875,0.19886202,0.019919744
1852,907171,3.911263,4.28125,0.8869354,0.08912634
1852,907269,3.067198,4.1875,0.6512137,0.06613073
1852,907290,6.775821,6.28125,0.29716936,0.029742142
1852,907295,5.787761,5.40625,0.17115173,0.017144041
1852,907313,3.532837,5.65625,0.34706107,0.034748938
1852,908124,2.678691,4.125,0.4421694,0.04445391
1852,908126,3.811331,4.6875,0.29009408,0.029106708
1852,908127,5.198874,5.28125,0.30962047,0.031021222
1852,908147,3.891669,3.703125,0.06768499,0.0071455324
1852,908159,4.625444,4.28125,0.27421725,0.027671667
1852,908443,5.867781,6.09375,0.18571337,0.01860683
1852,908455,6.022591,5.71875,0.23539907,0.02357961
1852,908460,8.066137,7.5,0.6331985,0.06387924
1852,908463,6.527689,6.59375,0.14707793,0.014739645
1852,908470,7.343814,7.34375,0.14642033,0.014759815
1852,908475,6.06272,5.09375,0.56175435,0.05659995
1852,909251,4.531856,4.125,0.14778587,0.014993782
1852,909262,4.125699,4.375,0.20811057,0.020941444
1852,909706,2.451576,5.34375,0.33471864,0.03348706
1852,909719,5.37259,4.96875,0.3358024,0.033640534
1852,909728,5.840831,5.25,0.27261987,0.027282393
1852,909732,5.398913,5.125,0.2096335,0.020990888
1852,909762,3.734849,4.125,0.40063745,0.040366504
1852,909776,6.151457,5.875,0.21155724,0.021178763
1852,909777,4.833294,4.28125,0.6081913,0.06120018
1852,909975,6.421023,6.40625,0.07692084,0.007699476
1852,910546,5.512136,5.71875,0.3014295,0.030175779
1852,910779,5.562057,6.0625,0.11506563,0.011510631
1852,910780,4.455201,4.96875,0.10457336,0.010552652
1852,910784,4.815802,5.59375,0.74385875,0.07451943
1852,910924,5.439976,4.65625,0.44048682,0.04425061
1852,910935,4.333401,4.375,0.13821824,0.013885185
1852,917486,5.665243,5.53125,0.21971264,0.021988772
1852,924102,6.358485,6.125,0.4098867,0.04103618
1852,924110,5.13727,5.0625,0.28094226,0.028201
1852,924189,4.35062,4.15625,1.1874492,0.11911908
1852,924240,4.889928,4.8125,0.24174207,0.02422339
1852,924248,4.476996,4.59375,0.38438562,0.03849947
1852,930083,8.138127,7.59375,0.23921362,0.02398788
1852,946360,5.83893,5.5,0.121059895,0.0121264085
1852,946361,5.33954,5.15625,0.24474753,0.02452153
1852,1240121,5.352359,4.8125,0.3198604,0.03203999
1852,1240147,4.98191,4.09375,0.61986685,0.06251746
1852,1240153,4.460602,5.09375,0.22169971,0.022199094
1852,1240172,5.822615,6.09375,0.13900976,0.01391075
1852,1240174,5.105434,5.09375,0.2755105,0.027597519
1852,1240184,6.420751,6.25,0.17664947,0.017671194
1852,1240187,6.257627,5.75,0.2682148,0.026896063
1852,1240215,5.447765,6.25,0.22891183,0.022921253
1852,1240221,3.462125,4.71875,0.10952039,0.011020657
1852,1247871,3.769774,4.15625,0.35715201,0.03596875
1852,1290922,5.754613,4.625,0.40849265,0.04105493
1852,1297447,4.353237,4.84375,0.14707106,0.01479925
1852,1298365,6.161292,5.625,0.63864577,0.06429051
1852,1298526,6.415573,6.90625,0.109394975,0.010953868
1852,1299081,3.808909,5.25,0.4145833,0.041532766
1852,1303896,4.905463,4.1875,0.46155375,0.04644455
1852,1303900,5.459251,4.84375,0.2173654,0.021768894
1852,1330948,3.58377,3.96875,0.9132631,0.09213312
1852,1330975,3.439413,4.6875,0.11260453,0.011312074
1852,1330983,3.753555,3.953125,0.6319388,0.06393338
1852,1480374,4.712628,4.34375,1.1195614,0.11322596
1852,1503363,4.593138,5.28125,1.5937451,0.15987669
1852,1659817,3.682688,4.5,0.5644614,0.05692947
1852,1659819,3.478596,3.71875,0.42436817,0.04345514
1852,1659929,4.634847,4.84375,0.6247792,0.06260503
1852,1660036,4.401369,5.15625,0.20000166,0.020020628
1853,687457,3.335034,4.25,0.33809474,0.03433351
1853,687586,2.991159,5.28125,0.19253133,0.019310124
1853,687592,4.064893,5.15625,0.26772442,0.026838144
1853,687816,4.579662,5.5,0.32166225,0.032313682
1853,687829,3.975443,3.78125,0.36759755,0.03718992
1853,687983,3.310795,3.78125,0.41970307,0.042779744
1853,687985,3.866409,3.390625,0.5287656,0.062473617
1853,724812,3.069942,5.0625,0.3839945,0.03864767
1853,724825,3.325698,3.671875,0.2586357,0.026503872
1853,724828,6.093497,4.65625,0.30032143,0.030362297
1853,724869,3.69341,3.8125,0.30330622,0.03389632
1853,735784,5.080591,4.46875,0.22464634,0.022574255
1853,749709,0.868503,1.453125,0.850481,0.089935586
1853,749716,1.54255,2.359375,0.73536634,0.07948918
1853,753535,1.85197,4.3125,0.9941215,0.10139021
1853,753551,4.338768,4.78125,0.31134737,0.03148787
1853,753562,3.357921,3.359375,0.22723274,0.023110064
1853,753569,3.295144,3.359375,0.32963485,0.036385704
1853,753592,4.239788,4.65625,0.18093842,0.018150853
1853,753604,2.944947,3.84375,0.3617078,0.040557217
1853,753605,2.521856,3.671875,0.80991846,0.08610225
1853,753608,3.795328,4.5625,0.3738681,0.038130715
1853,753618,3.970079,3.75,0.31603405,0.034411915
1853,905941,7.38773,6.90625,0.23805311,0.02471749
1853,905950,4.210012,5.125,0.2295995,0.023099378
1853,905955,5.414768,3.953125,0.463753,0.047072005
1853,905963,3.530781,5.84375,0.28822336,0.02893894
1853,905974,5.375009,5.09375,0.32888415,0.033136953
1853,905977,5.818048,4.5,0.52161294,0.053077325
1853,905982,3.388135,5.8125,0.29628304,0.029740907
1853,905985,3.692874,5.03125,0.43187067,0.043493662
1853,905990,3.33461,3.515625,0.40389678,0.040996455
1853,906746,5.577013,5.625,0.18448873,0.018518988
1853,906793,4.073102,5.21875,0.17167409,0.017243687
1853,906798,3.938243,4.34375,0.2727294,0.027353669
1853,906800,4.526662,3.78125,0.20643878,0.02098447
1853,906820,3.771282,4.25,0.27017802,0.028722562
1853,906827,4.384457,4.09375,0.39068368,0.0396553
1853,906828,4.057437,3.875,0.49472103,0.050215326
1853,906832,5.169454,4.21875,0.60985726,0.06249554
1853,906833,3.841446,4.21875,0.29478326,0.029782768
1853,906836,3.786358,3.703125,0.25025988,0.026556633
1853,906846,4.280823,5.09375,0.17653582,0.017691813
1853,906849,3.161038,3.53125,1.1166266,0.12255638
1853,906863,5.137654,3.96875,0.8448883,0.086785816
1853,906865,3.986688,4.0625,0.502449,0.05141353
1853,907000,5.044155,4.9375,0.1258592,0.012828652
1853,907056,5.16013,4.3125,0.6854913,0.06964532
1853,907061,4.493366,5.0625,0.14992544,0.0151573615
1853,907065,5.28358,4.59375,0.28404817,0.028474523
1853,907069,4.214376,5.4375,0.3079818,0.03083172
1853,907271,6.073516,5.40625,0.25834006,0.025926244
1853,907274,3.834464,4.875,0.26506045,0.026648099
1853,907312,5.034968,3.890625,0.14333259,0.014535552
1853,907314,3.550528,4.46875,0.54647535,0.055841636
1853,908134,4.410685,4.65625,0.28251308,0.029019373
1853,908147,2.927843,2.828125,0.07201251,0.0077841682
1853,908443,4.698419,5.0625,0.4922538,0.049497563
1853,908447,4.517173,4.5625,0.72065485,0.07270214
1853,908452,2.076409,5.0625,0.8718895,0.0874314
1853,908457,4.7053,5.1875,0.53214806,0.05381837
1853,908463,3.667866,5.46875,0.23758735,0.02398216
1853,908470,7.572081,6.65625,0.37908784,0.040227372
1853,908473,4.769566,5.53125,0.34266698,0.034868475
1853,908483,2.922504,4.03125,0.33295807,0.033880536
1853,909251,3.585951,3.703125,0.20223248,0.021022715
1853,909263,5.433434,4.78125,0.29322597,0.029736442
1853,909709,3.724299,3.921875,0.93811834,0.094875865
1853,909713,5.50224,5.5,0.1966031,0.019718507
1853,909715,2.253375,1.8828125,0.29541945,0.04958788
1853,909736,4.641257,5.125,0.42119178,0.042567972
1853,909743,3.921453,4.875,0.29066178,0.029254066
1853,909748,4.346404,4.1875,0.63895637,0.07012924
1853,909755,3.747106,3.640625,0.48139656,0.049331445
1853,909776,4.003003,3.734375,0.3107022,0.03202722
1853,909974,5.254939,5.78125,0.72920495,0.073165074
1853,909976,2.889219,3.578125,0.20591721,0.020976646
1853,910399,4.900166,5.15625,0.42247728,0.04269789
1853,910692,2.20158,3.78125,0.52039415,0.055029973
1853,910781,4.308857,3.34375,0.3492832,0.03593906
1853,910784,3.327475,3.65625,0.5964903,0.060415603
1853,910933,5.673985,4.15625,0.61934847,0.06328818
1853,917486,4.921884,4.4375,0.48238146,0.048721015
1853,924110,4.556909,4.40625,0.4566265,0.047025904
1853,924239,4.131524,3.328125,0.17231826,0.019597871
1853,924240,3.534975,3.0625,0.6475554,0.06708679
1853,924244,4.590236,4.46875,0.40394428,0.04063973
1853,924248,2.708788,4.6875,0.25798157,0.02595482
1853,925338,1.958325,2.65625,0.3484655,0.0361408
1853,930082,2.272489,2.484375,0.7361988,0.07826512
1853,946359,4.064947,3.40625,0.3021954,0.030573167
1853,1240127,3.217428,3.96875,0.8636014,0.08728033
1853,1240145,5.181102,4.8125,0.23673591,0.023903277
1853,1240151,4.791356,5.53125,0.49522668,0.049805183
1853,1240153,3.160491,4.1875,0.40960383,0.042006582
1853,1240154,5.190118,3.921875,0.23115236,0.02338573
1853,1240159,4.043469,4.8125,0.7403518,0.07452893
1853,1240178,5.120575,5.375,0.41930598,0.04210024
1853,1240185,2.600979,3.5,0.54262465,0.054917585
1853,1240198,3.599304,4.59375,0.56585675,0.05838381
1853,1240218,4.948217,4.71875,0.45144114,0.045496088
1853,1240219,4.609748,4.40625,0.48336646,0.049268864
1853,1290725,2.637607,4.625,0.15895082,0.016069822
1853,1290765,3.950284,5.03125,0.516074,0.05191115
1853,1290798,5.361773,3.796875,0.5546207,0.056969903
1853,1298144,4.445607,4.84375,0.20214085,0.02041643
1853,1298218,4.00943,4.96875,0.48655492,0.049011867
1853,1298226,5.21809,5.0,0.5896171,0.0594826
1853,1298353,2.730071,4.1875,0.5125081,0.05159261
1853,1298359,4.451862,3.53125,0.35603616,0.044139434
1853,1298475,6.159076,4.8125,0.85467154,0.08733469
1853,1298534,5.025921,5.6875,0.24272397,0.024493631
1853,1303900,3.607152,2.96875,1.2764392,0.13111414
1853,1330942,3.936717,4.1875,0.272794,0.02778934
1853,1330947,3.344757,2.59375,0.20794564,0.028466156
1853,1330975,4.451058,4.0625,0.50602823,0.05301483
1853,1330982,3.944176,3.890625,0.31568658,0.032400537
1853,1330983,3.579696,3.234375,0.9655248,0.10389635
1853,1330985,2.013661,3.015625,0.25735033,0.02741023
1853,1330994,2.715391,3.28125,0.43258172,0.044118904
1853,1330995,4.993115,4.9375,0.3718981,0.037322592
1853,1331040,1.253286,2.96875,0.13041802,0.014832529
1853,1480359,3.534029,3.03125,0.71147496,0.07808858
1853,1659823,3.85243,3.125,0.42608783,0.049877673
1853,1660036,2.566694,3.984375,0.59556484,0.061985455
1854,684072,4.913736,4.28125,0.38435036,0.03878536
1854,687563,4.465588,5.125,0.41684332,0.041759174
1854,687787,5.428501,4.78125,0.5785496,0.057926353
1854,687980,2.144964,4.71875,0.28025857,0.028207023
1854,687983,4.61322,5.25,0.24120185,0.02417242
1854,688010,2.86787,3.890625,0.688308,0.07070208
1854,688031,3.154967,4.15625,0.48911756,0.049150433
1854,722066,5.539568,5.0625,0.3767347,0.037729546
1854,724866,3.986215,5.46875,1.0957063,0.10969765
1854,724878,6.898833,6.875,0.41549167,0.041628577
1854,749717,5.572103,5.6875,0.63623756,0.06418583
1854,753539,5.084481,4.4375,0.3528299,0.035829864
1854,753540,4.7078,4.28125,1.0443013,0.10508441
1854,753555,4.341583,4.5,0.19772281,0.020153606
1854,753562,3.755774,4.1875,0.2931312,0.029496778
1854,753586,5.050658,5.375,0.282838,0.028337855
1854,753592,3.819486,5.21875,0.23411784,0.02344452
1854,753612,4.99403,5.8125,0.38420808,0.03854187
1854,753621,4.040634,5.65625,0.65332097,0.06592758
1854,753623,5.209356,4.9375,0.36527956,0.036607064
1854,905934,5.374931,6.125,0.23263057,0.023277493
1854,905939,4.471427,5.21875,0.61476856,0.061913293
1854,905940,3.454413,4.5,0.47895718,0.047981713
1854,905946,5.570895,4.96875,0.7166733,0.07178089
1854,905949,4.654424,4.21875,0.38747364,0.038975425
1854,905951,4.426869,5.6875,0.8446937,0.084690034
1854,905959,6.44847,6.6875,0.4479593,0.04490586
1854,905981,3.228669,3.734375,0.6993176,0.07145984
1854,905982,5.003902,5.46875,0.47324565,0.04748329
1854,905990,4.264227,5.375,0.29808888,0.029873444
1854,906790,4.121774,4.40625,0.2652929,0.026618272
1854,906797,5.530041,5.25,0.1682387,0.016865157
1854,906820,4.646978,4.3125,0.6626723,0.066723205
1854,906831,4.724306,4.125,0.53869754,0.05430309
1854,906832,5.266798,4.78125,0.5100828,0.051348463
1854,906833,3.745787,4.78125,0.2291306,0.022985255
1854,906835,6.861849,6.65625,0.74090815,0.074223846
1854,906837,3.979027,4.125,0.40570205,0.042030763
1854,906849,4.016768,4.28125,0.4888937,0.04953759
1854,906864,5.136159,4.96875,0.33805102,0.033849508
1854,906870,5.110441,4.34375,0.6498488,0.06520976
1854,907000,4.180224,4.78125,0.15606156,0.015794573
1854,907048,4.279023,4.625,0.34761044,0.03497883
1854,907055,3.59007,4.375,0.2788007,0.028434815
1854,907067,4.479161,4.84375,0.50495195,0.0506871
1854,907069,4.240225,5.375,0.627651,0.06285286
1854,907270,4.746617,3.96875,0.43253794,0.043551423
1854,907275,3.261568,3.234375,0.2872885,0.030379817
1854,907278,4.699764,4.5,0.2486948,0.024947843
1854,907289,4.248371,4.3125,1.1747177,0.11953475
1854,907299,5.296167,4.78125,0.52533525,0.052647293
1854,907795,5.068291,4.1875,0.9092519,0.09257263
1854,907799,4.025552,3.625,0.55309856,0.056376554
1854,908122,3.008013,3.828125,2.8519146,0.28676838
1854,908123,3.208062,3.984375,0.73351026,0.074524
1854,908127,4.922784,5.0625,0.31187657,0.031321965
1854,908129,4.300749,5.0625,0.7076529,0.07085825
1854,908130,4.023066,4.59375,0.4927286,0.049428113
1854,908134,5.204323,5.21875,0.31610513,0.03201675
1854,908135,3.407643,4.1875,0.31254753,0.031490944
1854,908147,3.346196,3.484375,0.09916573,0.010251985
1854,908451,4.733651,4.5,0.27523136,0.027634485
1854,908461,3.902449,4.78125,1.5489366,0.15525076
1854,908480,4.537146,4.78125,0.55975276,0.056231882
1854,908483,3.011929,4.28125,0.32813203,0.0332349
1854,909255,4.548408,4.3125,0.78928226,0.07964763
1854,909712,4.884383,4.34375,0.78985155,0.0797758
1854,909724,4.125845,4.34375,0.9964621,0.09998043
1854,909725,5.810017,5.46875,0.5141439,0.051440842
1854,909727,5.182446,4.6875,1.161847,0.11643632
1854,909735,4.872169,4.4375,0.32231814,0.032375023
1854,909737,5.631692,5.65625,0.43224585,0.04343551
1854,909744,5.141315,4.28125,0.37788376,0.03809235
1854,909746,6.192727,5.96875,0.18370159,0.018388953
1854,909759,4.757507,4.625,0.6158804,0.061713338
1854,909761,4.769444,4.59375,0.6218625,0.06282849
1854,909762,3.63949,3.609375,0.5651875,0.056959413
1854,909904,6.65853,6.03125,1.1230227,0.11254548
1854,909975,6.413385,5.84375,0.19768451,0.019783247
1854,910549,3.447298,5.09375,0.56893545,0.057154357
1854,910781,4.122541,4.53125,0.81451356,0.08196167
1854,910861,4.635479,4.375,0.6603223,0.066408925
1854,910930,3.730313,3.640625,0.34046605,0.034574315
1854,910933,5.7023,4.9375,0.7927432,0.079508975
1854,910943,4.660283,6.0,0.44557577,0.04468947
1854,925348,6.458919,6.8125,0.88751686,0.09157198
1854,930301,3.823642,4.0625,2.1840003,0.21964596
1854,998189,5.764542,5.1875,0.50141907,0.050231937
1854,1240150,4.129867,4.53125,0.6738328,0.06786165
1854,1240169,3.851814,5.03125,0.38488886,0.03858334
1854,1240174,4.717142,4.625,0.30023602,0.030107088
1854,1240189,3.615186,4.09375,0.53221214,0.053972352
1854,1240207,4.302598,4.71875,0.77493507,0.07788366
1854,1240215,5.861189,5.71875,0.59369135,0.0594826
1854,1240222,5.068316,4.8125,1.0109098,0.10139021
1854,1290798,5.146749,4.875,0.49904037,0.050155286
1854,1290807,5.27018,5.25,0.7203505,0.07238656
1854,1298146,4.224842,5.78125,0.3885769,0.03891553
1854,1298526,5.859616,6.53125,0.2752125,0.027655547
1854,1298537,5.632234,4.65625,0.48171553,0.048338253
1854,1298539,5.601626,5.8125,0.2719359,0.027225114
1854,1299052,4.197382,4.84375,1.5734222,0.15864806
1854,1299075,4.803519,5.3125,1.0913512,0.10973855
1854,1303900,5.272144,4.5625,0.41236234,0.041315045
1854,1303901,4.953634,4.1875,0.84576046,0.086669885
1854,1330995,3.752979,5.125,0.20507704,0.020580923
1854,1480359,2.557723,2.859375,0.86529315,0.09804725
1854,1480371,5.429583,4.375,0.8403804,0.08437803
1854,1503367,3.663159,5.0625,0.7470365,0.07505697
1854,1660034,3.963775,4.9375,0.36206225,0.036284637
1855,683667,5.2491,4.28125,0.43176928,0.044091392
1855,684072,2.862294,2.703125,0.4406626,0.046102222
1855,687562,2.971592,3.203125,0.92431813,0.09486753
1855,687563,6.085762,3.875,0.9001401,0.090715826
1855,687568,4.749999,5.34375,0.9737715,0.099141486
1855,687780,6.71675,4.8125,1.1157435,0.112191275
1855,688006,5.145402,4.21875,0.5445423,0.055272307
1855,688058,6.521995,5.96875,0.56485206,0.05679753
1855,713880,3.258034,4.09375,0.6889446,0.06941509
1855,722046,2.57342,2.90625,2.21434,0.2333903
1855,724831,3.411494,4.96875,0.8606592,0.08685038
1855,724859,5.214429,5.28125,0.611212,0.061714217
1855,724869,4.308422,6.25,1.1263729,0.11297071
1855,753539,4.440015,3.75,0.7574913,0.07815623
1855,753551,5.368282,4.40625,0.5040369,0.05103153
1855,753575,7.070127,6.0625,0.9475542,0.09524761
1855,753586,5.93861,4.65625,0.85045606,0.085773826
1855,753604,0.732751,2.84375,2.3063412,0.23843491
1855,753614,2.766742,4.0625,0.94056207,0.09538368
1855,753615,3.802651,4.21875,0.77092206,0.07883017
1855,753621,4.338711,5.59375,0.5005159,0.052364085
1855,753622,2.850774,3.921875,1.0787687,0.109957375
1855,905936,4.36313,3.578125,0.81657207,0.08250053
1855,905938,5.548816,3.65625,0.7847802,0.078860976
1855,905942,3.292031,4.65625,0.54971695,0.0554424
1855,905947,4.619456,3.71875,0.47700942,0.048019074
1855,905948,5.998405,5.21875,0.8223401,0.0828955
1855,905954,6.339526,4.09375,0.5585812,0.056157477
1855,905956,6.838168,4.96875,1.0018315,0.10047971
1855,905963,6.79714,4.96875,1.9247732,0.19472969
1855,905972,4.725325,5.5625,0.7150395,0.071617246
1855,905976,5.268795,4.59375,1.3484304,0.1356619
1855,905984,5.324195,3.625,0.4478678,0.04650293
1855,906746,5.382741,5.46875,0.57093424,0.05819452
1855,906791,4.759702,5.4375,0.40447232,0.04075289
1855,906817,3.897091,6.34375,0.87862736,0.08810706
1855,906826,5.200845,6.8125,0.96987575,0.10119771
1855,906827,3.95306,4.34375,0.86266905,0.08686051
1855,906828,4.702354,4.6875,1.4834682,0.15071908
1855,906836,0.092461,1.8671875,0.3389297,0.034904838
1855,906837,3.434729,3.9375,0.3992563,0.041658767
1855,906848,2.731861,3.953125,0.7159261,0.07558061
1855,907000,4.608512,3.1875,0.21715459,0.022189964
1855,907045,4.1857,5.34375,0.44349593,0.045715608
1855,907046,5.082185,4.6875,0.87999046,0.08862377
1855,907053,3.868738,3.3125,0.39568773,0.040201526
1855,907061,2.744554,3.421875,0.66446245,0.06698074
1855,907062,5.64329,5.1875,0.68901867,0.06939102
1855,907065,5.912194,5.28125,1.9975913,0.20019174
1855,907068,4.960261,5.34375,0.31454107,0.031531297
1855,907072,3.066389,3.890625,0.77620596,0.078373685
1855,907073,3.902705,2.5,0.41449705,0.04191983
1855,907173,6.675367,5.78125,1.0779794,0.108097695
1855,907269,1.837111,2.15625,0.51879615,0.052849412
1855,907275,3.292332,3.25,0.42504176,0.04369636
1855,907281,3.396466,2.21875,1.2110875,0.12620457
1855,907319,3.215544,3.96875,1.3139935,0.13210355
1855,907322,3.631016,3.625,0.9055459,0.09309452
1855,907788,2.13211,3.890625,1.1263328,0.1161025
1855,907791,3.593193,4.9375,0.8858143,0.08987129
1855,907792,7.553263,6.5625,1.2118334,0.12158979
1855,907794,4.531044,5.03125,0.93197185,0.09350977
1855,907799,3.196456,2.90625,0.4161791,0.0427146
1855,908124,5.801439,4.125,0.5089176,0.05355534
1855,908129,5.101404,5.0625,0.9654859,0.097172685
1855,908134,3.345715,4.21875,0.69555455,0.0733111
1855,908150,4.545032,5.40625,0.79707813,0.080457374
1855,908451,3.409271,3.75,0.77799535,0.078709945
1855,908455,5.639378,4.34375,0.98852813,0.09925274
1855,908458,4.052273,5.21875,1.5880228,0.1596018
1855,908460,8.421577,8.0,0.36231238,0.037312917
1855,908475,6.433005,4.84375,0.5472275,0.055123568
1855,909250,4.736217,4.71875,1.0867425,0.10933419
1855,909704,4.176546,4.40625,0.68625945,0.0695945
1855,909709,5.619806,4.9375,1.2033132,0.12110916
1855,909712,1.760495,3.578125,0.70047426,0.070610896
1855,909720,6.23894,3.890625,0.52067316,0.052355215
1855,909738,5.534509,6.1875,0.8976787,0.09013104
1855,909747,8.135855,7.65625,1.9314694,0.20611745
1855,909753,4.475338,5.625,1.1139024,0.11160313
1855,909757,5.489608,5.375,0.74305356,0.074587755
1855,909776,5.54754,5.03125,0.7641277,0.07672191
1855,909904,7.720796,6.78125,0.6629444,0.06660798
1855,910549,1.992596,4.4375,0.868122,0.0874285
1855,910698,4.914445,4.03125,0.7070228,0.07114525
1855,910703,6.206523,4.0625,0.524111,0.052760635
1855,910706,2.59834,2.515625,0.40508765,0.042322908
1855,910852,3.441114,4.78125,1.1594359,0.116332464
1855,910861,3.029497,2.921875,0.69795084,0.07141842
1855,910903,3.511896,3.515625,0.47919038,0.048369665
1855,910905,6.345184,5.71875,0.9650405,0.0967897
1855,910927,3.224642,3.390625,0.7958981,0.08012061
1855,910931,3.91632,3.59375,0.49802554,0.050190855
1855,910933,6.1973,4.46875,0.6578426,0.06628138
1855,910934,2.149364,2.609375,1.3584536,0.14273705
1855,910941,3.685598,2.671875,0.5373649,0.05506684
1855,924102,5.110783,5.25,0.97252274,0.097726844
1855,924187,5.712395,6.0625,0.7997584,0.08044656
1855,925338,4.83718,5.125,1.1419061,0.11556926
1855,946355,4.3636,5.3125,0.495715,0.049821075
1855,946361,3.684124,4.15625,1.1648538,0.116956644
1855,1240121,5.905862,3.84375,0.5473566,0.055250384
1855,1240128,6.133342,4.03125,0.5724851,0.05752787
1855,1240144,5.685128,4.84375,1.4121978,0.14228697
1855,1240146,5.932011,5.65625,0.5361992,0.05400058
1855,1240158,5.001042,5.46875,1.3752692,0.1385662
1855,1240159,6.367359,5.65625,1.827323,0.18395098
1855,1240198,6.280726,5.125,0.9572331,0.096568964
1855,1240207,3.688121,4.125,1.1944649,0.12024312
1855,1240222,3.918088,4.6875,0.65600115,0.06609585
1855,1240223,7.748845,7.03125,1.0471276,0.10586391
1855,1290455,4.388653,3.328125,0.7185777,0.07281053
1855,1290769,5.963953,5.40625,1.9123868,0.1922015
1855,1290797,5.287962,4.40625,0.90574294,0.09090794
1855,1290798,6.59243,5.71875,0.48508686,0.049602263
1855,1297447,4.626696,4.3125,0.76695883,0.077651225
1855,1297449,2.599241,2.234375,0.3382146,0.03496541
1855,1298144,3.836179,4.625,0.6352602,0.064053245
1855,1298145,6.032487,4.8125,0.9092202,0.092019744
1855,1298362,3.92965,4.21875,0.95102704,0.09636367
1855,1298537,4.841769,5.40625,0.54190737,0.05440323
1855,1299052,6.866969,5.40625,0.5857973,0.059166122
1855,1299062,6.204002,6.5,1.7185426,0.18173026
1855,1299081,4.391995,3.84375,0.87378114,0.08767118
1855,1327766,3.283286,3.453125,0.44960594,0.04552063
1855,1327775,4.232182,4.40625,0.457691,0.046114974
1855,1330942,4.032206,5.53125,0.20496808,0.020547109
1855,1330972,3.238592,3.3125,0.78979206,0.0811264
1855,1330984,2.559973,2.671875,0.42554784,0.04342837
1855,1330985,1.910563,3.734375,0.84672886,0.08579556
1855,1330995,1.842471,3.734375,0.65667087,0.06621208
1855,1331036,1.251955,1.8828125,0.31324443,0.03260199
1855,1479995,5.11598,4.0625,0.8117644,0.08243464
1855,1503365,4.219032,7.15625,0.9961122,0.10036398
1855,1659818,3.23408,2.953125,0.5430179,0.055974346
1855,1659928,4.608124,3.84375,0.9904374,0.0999465
1855,1660035,6.175748,6.59375,0.19643669,0.01968621
1862,687452,-1.413495,-1.34375,0.010799684,0.0063529094
1862,687455,-1.351334,-0.6328125,0.35743934,0.062295645
1862,687459,-0.978194,-1.3671875,0.035163336,0.012560215
1862,687568,-1.135008,-1.25,0.0059554614,0.004510856
1862,687596,-0.550629,-0.65234375,0.050840326,0.012606255
1862,687780,-1.367891,-1.890625,0.010085779,0.008670502
1862,687819,-0.537715,-0.71875,0.03249884,0.0077864034
1862,687820,-0.864187,-0.640625,0.017262794,0.011712961
1862,687995,-0.746575,-1.1484375,0.105434194,0.026256897
1862,688058,-1.462135,-1.3203125,0.02349489,0.01501839
1862,688087,-0.889634,-1.40625,0.007146305,0.004081502
1862,688121,-0.594674,-1.484375,0.0065021873,0.010180377
1862,722046,-0.419262,-1.578125,0.009291694,0.008892621
1862,722066,-0.667073,-1.1875,0.006370212,0.004886766
1862,724812,-0.728744,-0.96875,0.023359558,0.008858903
1862,724828,-1.854084,-1.4921875,0.0076058987,0.0061297696
1862,724839,-0.187979,-0.49414062,0.019638473,0.014342233
1862,724878,-0.86135,-1.015625,0.018206663,0.01722087
1862,749714,-1.646247,-0.9296875,0.06504403,0.037920035
1862,749716,-0.894636,-0.83984375,0.14250328,0.040606786
1862,749717,-1.890344,-1.9296875,0.023908937,0.023314964
1862,753535,-1.709542,-1.5078125,0.017929835,0.009929186
1862,753539,-0.873053,-1.59375,0.014695872,0.007850183
1862,753541,-1.365243,-1.0703125,0.028830327,0.012097759
1862,753555,-1.27242,-1.8125,0.026128346,0.013462743
1862,753556,-0.881838,-1.484375,0.00862423,0.00672318
1862,753562,-1.595122,-1.75,0.012270686,0.011134535
1862,753570,-1.71494,-1.4765625,0.087555975,0.029915994
1862,753573,-1.332479,-1.59375,0.011446776,0.007975351
1862,753615,-1.945719,-1.671875,0.0067945244,0.0066412184
1862,753618,-2.639666,-1.9296875,0.05112249,0.016962364
1862,753624,-0.650793,-1.328125,0.023454519,0.0098670665
1862,905934,-0.893421,-1.1171875,0.047862846,0.024725156
1862,905936,-2.033158,-1.09375,0.031334467,0.0093119275
1862,905942,-0.879736,-0.90234375,0.03918784,0.015240146
1862,905954,-2.041504,-2.21875,0.007034299,0.009155073
1862,905957,-2.559438,-2.5,0.13464747,0.04715281
1862,905960,-1.674471,-1.515625,0.006062506,0.0044192285
1862,905963,-1.656885,-1.1875,0.005572343,0.0050987294
1862,905981,-1.154796,-1.3359375,0.010311867,0.0050987056
1862,906792,-1.203004,-2.015625,0.012409782,0.010629748
1862,906794,-1.653242,-1.3125,0.015270179,0.006623743
1862,906797,-1.786645,-1.25,0.031221183,0.009322053
1862,906813,-1.187296,-1.578125,0.0044888663,0.004854204
1862,906830,-1.061743,-1.703125,0.0036254025,0.005000195
1862,906833,-1.299644,-1.75,0.06279286,0.020433592
1862,906835,-0.811727,-0.765625,0.014175339,0.011764577
1862,906839,-1.679738,-1.5546875,0.0049317447,0.0040310067
1862,906851,-1.274532,-1.21875,0.23309821,0.06344522
1862,906855,-2.3126,-1.3046875,0.05491495,0.010449144
1862,906864,-1.286873,-1.1953125,0.025969833,0.009005218
1862,906865,-2.402882,-1.9296875,0.0053323177,0.0057793343
1862,906872,-1.347325,-1.3671875,0.009307506,0.008855545
1862,907063,-2.759168,-1.7109375,0.023138802,0.014904177
1862,907066,-0.392931,-0.63671875,0.031612597,0.016886692
1862,907169,-1.337675,-1.78125,0.004774784,0.005316423
1862,907269,-1.808916,-1.6875,0.0059047453,0.0069331517
1862,907273,-1.77646,-1.625,0.015964838,0.007873518
1862,907275,-1.464941,-1.65625,0.010186239,0.0065029543
1862,907295,-0.30541,-0.79296875,0.06868049,0.01461674
1862,907320,-1.810089,-1.6015625,0.12963387,0.054258525
1862,907321,-1.5063,-1.546875,0.013404446,0.009722306
1862,907788,-0.9647,-1.0703125,0.013035787,0.006028602
1862,907799,-1.870002,-1.546875,0.14581455,0.03203249
1862,908120,-0.986441,-1.5390625,0.006204955,0.01129684
1862,908121,-0.401254,-1.1640625,0.11728184,0.03079268
1862,908125,-0.758633,-1.1328125,0.012941883,0.0070389877
1862,908131,-2.053543,-1.4453125,0.037157603,0.011578877
1862,908138,-1.829113,-1.4609375,0.0115950825,0.00808377
1862,908148,-2.050923,-2.265625,0.021004993,0.014969951
1862,908156,-2.165361,-2.046875,0.09329904,0.0460131
1862,908158,-1.462166,-1.8046875,0.09894967,0.026569128
1862,908443,-1.208287,-1.234375,0.010737071,0.006673455
1862,908444,-0.623867,-0.8359375,0.027382364,0.00762499
1862,908445,-0.975464,-1.5078125,0.011082287,0.008925992
1862,908468,-1.276072,-1.1171875,0.090667844,0.02607688
1862,908481,-0.634356,-0.953125,0.012377211,0.008977248
1862,909255,-1.737795,-1.1796875,0.0063961493,0.0044620275
1862,909712,-1.310547,-1.1640625,0.015451373,0.006964698
1862,909713,-2.155309,-1.6953125,0.004133237,0.005035859
1862,909717,-1.116585,-1.0078125,0.0050804983,0.0038853288
1862,909727,-1.195859,-0.90625,0.06130459,0.022337519
1862,909731,-1.367433,-1.2578125,0.24504165,0.031253874
1862,909738,-1.084408,-0.59375,0.037156627,0.013338243
1862,909748,-1.133571,-1.1875,0.009145158,0.0072534573
1862,909749,-1.888681,-1.53125,0.009097663,0.008933976
1862,909751,-1.653961,-1.96875,0.022194447,0.015021091
1862,909757,-1.863249,-1.609375,0.0027423317,0.0038132467
1862,909759,-1.487203,-1.4921875,0.0155804865,0.008875718
1862,909762,-2.063513,-2.65625,0.018165337,0.007700615
1862,909777,-2.257973,-2.421875,0.26113695,0.05429679
1862,909784,-1.522838,-1.4765625,0.0050523235,0.006411123
1862,909905,-1.54639,-1.703125,0.021440912,0.018859344
1862,909976,-1.738038,-1.328125,0.097734354,0.015137311
1862,910548,-0.84461,-0.94140625,0.004486131,0.0036825067
1862,910704,-1.376385,-1.3203125,0.039821804,0.010838791
1862,910779,-0.851964,-0.94921875,0.011880069,0.0072343894
1862,910780,-1.0561,-1.3671875,0.037300173,0.013658943
1862,910784,-1.398175,-1.390625,0.0122528095,0.009978242
1862,910851,-1.08097,-1.34375,0.023731673,0.010034672
1862,910911,-1.486176,-1.4296875,0.006316168,0.0057793343
1862,910920,-1.746989,-1.1171875,0.018718688,0.008723714
1862,910922,-1.33804,-1.3125,0.011871106,0.0064069196
1862,910925,-2.185595,-1.7421875,0.0037159983,0.008895495
1862,910930,-1.881051,-1.9296875,0.15824197,0.03076428
1862,924250,-1.600937,-1.296875,0.015183657,0.008194727
1862,946360,-1.391045,-1.1484375,0.1615922,0.039047107
1862,946361,-1.377405,-1.265625,0.010851515,0.0061185323
1862,946382,-1.268629,-0.8515625,0.033598483,0.01224226
1862,949090,-1.817174,-1.4921875,0.011342477,0.0065198243
1862,1240122,-1.254503,-0.8828125,0.029154243,0.01509945
1862,1240127,-1.398941,-1.234375,0.0036830087,0.004036965
1862,1240128,-1.700314,-1.078125,0.007453312,0.004608878
1862,1240153,-1.496639,-1.4453125,0.0053594443,0.004529895
1862,1240201,-1.580008,-1.3203125,0.0053151287,0.0055678543
1862,1240210,-1.23588,-1.9765625,0.007444642,0.005633556
1862,1240220,-0.630432,-1.1328125,0.0061798426,0.0073519074
1862,1240222,-2.431173,-1.7578125,0.005395034,0.0049718204
1862,1247871,-1.866747,-1.796875,0.04873402,0.012514349
1862,1290722,-1.580082,-1.2890625,0.015021337,0.0067362376
1862,1290797,-1.77638,-1.46875,0.014979288,0.0058548925
1862,1290922,-1.115769,-1.6328125,0.007634683,0.0052692825
1862,1295741,-3.171575,-2.015625,0.13550767,0.028393513
1862,1298353,0.355155,-0.70703125,0.12586407,0.036538232
1862,1298357,-0.016802,-0.84375,0.08678148,0.076424465
1862,1298359,-1.394898,-1.9921875,0.029593134,0.025256455
1862,1298365,-1.273014,-1.484375,0.0046899403,0.005292274
1862,1298476,0.805325,-0.103515625,0.032663,0.024801526
1862,1299062,-1.347118,-0.21582031,0.012825846,0.007961525
1862,1299081,-1.674367,-1.1328125,0.015262948,0.00575937
1862,1322212,-0.851373,-1.0546875,0.013620554,0.0042647324
1862,1323913,-1.930756,-2.359375,0.16265039,0.061994217
1862,1327765,-1.925322,-1.8671875,0.10166849,0.019074967
1862,1330972,-0.753547,-1.2109375,0.046694536,0.010424732
1862,1330975,-0.629559,0.009521484,0.18311754,0.059014928
1862,1331036,-1.837538,-2.171875,0.060409043,0.019281609
1862,1331048,-1.726779,-2.34375,0.025566988,0.012038434
1862,1503364,-0.968105,-1.3515625,0.010599239,0.0077601415
1862,1503366,-0.631252,-1.40625,0.047460545,0.018644562
1862,1503367,-1.249382,-1.484375,0.008416532,0.0055678543
1862,1659929,-0.56066,-1.0078125,0.030689282,0.007511716
1862,1674021,-1.468119,-1.453125,0.003998553,0.0067991894
1873,683667,0.294314,0.734375,0.038312633,0.004002842
1873,684072,0.418074,0.30664062,0.048956472,0.005061234
1873,687448,1.71999,2.65625,0.21717536,0.02205415
1873,687455,1.59725,1.328125,0.32393396,0.032645963
1873,687459,1.032001,1.546875,0.15191934,0.0152964685
1873,687590,1.03578,1.4765625,0.13656132,0.013741691
1873,687807,4.265568,2.8125,0.18176848,0.018248122
1873,687995,0.214844,0.5859375,0.06894152,0.0070230253
1873,688013,0.596936,0.44921875,0.23285776,0.023479035
1873,717431,0.972961,0.90234375,0.10752161,0.010838652
1873,722045,1.459673,1.109375,0.08859568,0.008933096
1873,722058,0.60674,0.83984375,0.070714094,0.0072697527
1873,724834,2.01273,2.3125,0.0727917,0.007300717
1873,724838,1.15274,1.375,0.044962686,0.004552275
1873,724855,2.603214,1.8515625,0.28013614,0.028475797
1873,749713,0.786282,1.28125,0.0706346,0.007261581
1873,753551,2.971153,1.9609375,0.2628773,0.026433082
1873,753562,0.53694,0.6796875,0.104709774,0.010685932
1873,753569,1.751073,1.46875,0.12029967,0.012126737
1873,753570,0.869277,0.9921875,0.052692417,0.0054124957
1873,753592,0.905776,1.1484375,0.10016261,0.010181514
1873,753621,0.953113,1.1171875,0.15550728,0.015880086
1873,753623,1.067868,1.1328125,0.15953863,0.016146477
1873,753624,1.166428,1.8515625,0.12217744,0.012316025
1873,905964,0.569757,0.3828125,0.046914127,0.0049150307
1873,905969,1.301744,1.4296875,0.13038264,0.013172918
1873,905970,3.151519,2.0625,0.1966031,0.019718507
1873,905974,0.562047,0.31445312,0.03627619,0.0040957313
1873,905977,1.94503,2.5625,0.13273002,0.013339829
1873,905991,0.775947,0.765625,0.06397994,0.0064581595
1873,906790,0.388024,0.50390625,0.06569757,0.0066334982
1873,906797,1.12184,0.953125,0.08631301,0.008792647
1873,906814,0.579994,0.9140625,0.2432993,0.024525642
1873,906817,3.869402,2.171875,0.14272018,0.014316987
1873,906832,0.376963,0.24511719,0.17025283,0.017517954
1873,906846,0.802926,0.546875,0.19517529,0.019622128
1873,906852,3.351867,1.46875,0.5105861,0.051619917
1873,906865,0.803199,1.4921875,0.10167555,0.010227399
1873,907000,0.421829,0.671875,0.04033433,0.0042380565
1873,907045,2.169889,2.46875,0.18576151,0.019097187
1873,907048,0.820796,0.9140625,0.0582479,0.0060280464
1873,907055,-0.646043,0.21484375,0.042085778,0.0044358196
1873,907056,2.301242,2.03125,0.55255127,0.05586257
1873,907062,1.851857,1.0,0.1368127,0.0139897
1873,907068,1.886854,2.1875,0.3285751,0.033028185
1873,907285,2.02703,1.8671875,0.10087819,0.010202236
1873,907291,0.371266,0.578125,0.051604968,0.0053916043
1873,907298,0.821144,0.63671875,0.07366789,0.007480971
1873,907299,-0.399795,0.37109375,0.08945986,0.009248568
1873,907311,0.608519,0.0703125,0.09288564,0.009667393
1873,907319,1.45354,0.984375,0.0548841,0.0056010787
1873,907321,0.936441,1.3984375,0.12185532,0.012261877
1873,907323,1.003127,0.58984375,0.13485414,0.01372975
1873,907789,0.347579,0.061035156,0.065656714,0.006709138
1873,907790,0.407324,0.34765625,0.12042926,0.013217823
1873,908120,0.174985,0.93359375,0.16135816,0.01653529
1873,908124,1.65117,0.98828125,0.08527627,0.008766815
1873,908126,0.752549,0.38085938,0.2460735,0.024988754
1873,908127,0.268484,0.609375,0.058783427,0.006186004
1873,908132,0.601753,0.7890625,0.06451668,0.006479452
1873,908133,1.146888,0.88671875,0.1777873,0.017862817
1873,908138,0.866256,0.6953125,0.11127568,0.011311156
1873,908150,1.642019,1.6015625,0.055240836,0.0055658286
1873,908156,0.549251,-0.13964844,0.100404434,0.010490094
1873,908443,1.303741,0.796875,0.09088458,0.009293348
1873,908458,1.500989,1.6015625,0.07318584,0.0074888044
1873,908460,3.417251,3.671875,0.28492054,0.02900829
1873,908472,1.289792,2.453125,0.2425039,0.024464628
1873,908481,1.633102,1.046875,0.2565825,0.025814062
1873,909251,0.168638,0.27929688,0.06107941,0.0061526787
1873,909699,1.895115,1.71875,0.119017765,0.012215406
1873,909702,-1.183162,-0.123046875,0.06593112,0.006949106
1873,909717,0.897533,0.875,0.055647332,0.0057471693
1873,909722,0.399654,0.27148438,0.06231242,0.006649692
1873,909724,1.549324,0.87890625,0.09884448,0.010003786
1873,909727,1.436574,1.09375,0.33058363,0.033470143
1873,909735,1.523879,0.62109375,0.07014877,0.0070829373
1873,909737,1.535013,1.765625,0.052395098,0.005337453
1873,909738,2.171841,1.5546875,0.3894267,0.03918666
1873,909745,0.767192,0.69140625,0.06386801,0.0066315318
1873,909750,0.74208,0.65625,0.096970566,0.009817845
1873,909753,2.539137,2.109375,0.15904938,0.016054505
1873,909755,1.935616,2.109375,0.19571123,0.019749507
1873,909770,1.139678,1.4765625,0.13354503,0.013510776
1873,909774,0.57739,1.71875,0.13465272,0.013557926
1873,909784,1.616316,1.03125,0.09898312,0.010254659
1873,909904,2.26222,1.7421875,0.21636282,0.02176363
1873,909905,0.350174,0.47460938,0.1423669,0.014340967
1873,909907,2.738937,2.640625,0.25556758,0.025895616
1873,910689,4.502338,3.65625,0.5330108,0.056561098
1873,910698,-0.335239,0.36132812,0.08802369,0.009100094
1873,910703,0.675033,0.70703125,0.0694014,0.007058273
1873,910706,0.612487,0.1640625,0.062195316,0.006343285
1873,910851,1.085422,0.30273438,0.07719952,0.00789399
1873,910905,1.932605,1.8203125,0.4204441,0.042584736
1873,910907,2.566872,1.6953125,0.09701635,0.009830268
1873,910926,0.345048,0.29492188,0.061392777,0.0062374524
1873,910930,0.696205,0.703125,0.043757893,0.0045064283
1873,910931,0.586945,0.796875,0.06560553,0.0066349637
1873,910943,1.118991,1.2109375,0.13121197,0.013226746
1873,917486,2.5475,1.546875,0.15692104,0.015844353
1873,924189,2.459641,1.7265625,0.6374847,0.06416055
1873,924248,1.434018,0.80078125,0.15898688,0.016073467
1873,925340,1.112142,1.46875,0.3182794,0.03204021
1873,925346,1.165222,1.2265625,0.09457003,0.00961303
1873,946382,1.183887,0.48242188,0.06883114,0.0071159233
1873,998184,-0.469843,0.25585938,0.07860842,0.008162056
1873,1240121,0.616762,1.0390625,0.07424108,0.0075428295
1873,1240129,1.873235,1.53125,0.08902652,0.008965854
1873,1240147,1.065783,0.12597656,0.11777428,0.012078244
1873,1240160,1.960112,2.0625,0.20502466,0.020979326
1873,1240183,2.350092,1.5390625,0.28661793,0.028757924
1873,1240198,0.939149,1.0859375,0.07808949,0.007912488
1873,1240199,3.281972,3.421875,0.3192037,0.035791356
1873,1240209,1.71567,1.1796875,0.16279675,0.016482458
1873,1240217,0.863877,0.9453125,0.10304696,0.010441326
1873,1240219,2.056341,2.609375,0.3678169,0.036930494
1873,1240222,1.917236,0.703125,0.07985108,0.00807855
1873,1240224,4.156033,1.984375,0.327898,0.03309815
1873,1247871,1.024299,0.53125,0.10437474,0.010511571
1873,1290725,1.521566,1.7109375,0.095738545,0.009623585
1873,1290806,0.292311,0.8125,0.23125081,0.023329375
1873,1290807,0.784191,1.1640625,0.10102204,0.0102852415
1873,1298151,0.83187,1.65625,0.088323705,0.009080105
1873,1298169,1.316694,1.640625,0.102563284,0.0103004975
1873,1298347,3.307017,1.8046875,0.34282067,0.034636118
1873,1298350,0.882818,1.3515625,0.113987096,0.011516431
1873,1298359,0.65281,0.66796875,0.08135183,0.008574442
1873,1298362,1.107344,0.9921875,0.040882774,0.0043897033
1873,1298537,0.007086,0.80859375,0.06991613,0.007159384
1873,1299075,1.946535,1.7109375,0.111292444,0.0112441825
1873,1303901,1.100354,0.875,0.10849951,0.011118562
1873,1322212,1.11798,0.7578125,0.17110631,0.017359782
1873,1327766,0.421798,0.4921875,0.051666707,0.0053209206
1873,1327768,1.256038,1.2890625,0.12227233,0.012361651
1873,1330947,-0.392013,-0.3203125,0.086257875,0.008867729
1873,1330948,-0.432895,0.095703125,0.13010088,0.013268957
1873,1330995,0.839111,0.58203125,0.06887583,0.0071279253
1873,1480359,0.462673,0.515625,0.061528232,0.0062714857
1873,1480360,1.052742,0.6875,0.060776427,0.00616342
1873,1480374,1.393248,1.0859375,0.062802605,0.006536397
1873,1503363,0.221498,0.90625,0.06317156,0.006582959
1873,1659928,0.419382,0.71875,0.11069875,0.011361582
1873,1659929,1.486113,1.15625,0.42361218,0.043258406
1873,1674021,0.568424,1.046875,0.075182155,0.0076587545
1908,684072,2.08155,2.8125,0.57662076,0.058001462
1908,687455,2.470356,2.03125,0.5997574,0.060458187
1908,687505,2.061406,1.671875,1.5376446,0.15821403
1908,687787,3.757651,2.375,0.6008408,0.060510628
1908,687799,1.013916,1.6640625,0.89580315,0.10226799
1908,687812,4.917578,3.609375,0.47484538,0.047665007
1908,687819,4.784981,3.75,0.48142055,0.048160177
1908,687820,3.792224,3.734375,0.8333163,0.08615018
1908,687821,1.404245,3.09375,1.3586341,0.20289017
1908,687997,3.655796,4.375,0.7092777,0.072577454
1908,688058,3.766185,4.21875,0.5500752,0.05519202
1908,688086,2.488121,2.953125,0.4973348,0.050372623
1908,722045,2.78422,2.703125,0.32887825,0.033413745
1908,724812,4.214781,4.03125,0.6343546,0.063648224
1908,724825,1.993826,0.018676758,0.55024034,0.14841473
1908,724831,2.423572,2.203125,0.25206876,0.026611
1908,724838,4.961622,3.890625,0.28651533,0.028782874
1908,724839,2.980768,3.5625,0.99761343,0.10104341
1908,724855,0.926654,0.5390625,0.31225872,0.08655524
1908,724866,3.022914,2.953125,0.7250713,0.074959554
1908,724869,1.387847,1.703125,0.35004163,0.04832023
1908,749710,1.498065,3.1875,0.28207868,0.028673254
1908,749713,3.915234,4.5,0.85567456,0.08587296
1908,749714,4.019349,3.90625,0.22488861,0.022579843
1908,753534,3.853666,3.0625,0.7299863,0.074406475
1908,753539,2.679354,3.140625,0.650192,0.06567006
1908,753554,0.518782,0.796875,0.22553512,0.03956109
1908,753555,2.137875,1.5546875,0.24676086,0.02516708
1908,753556,2.587768,2.203125,0.5382014,0.05462869
1908,753566,3.823741,4.0625,1.0148115,0.10183232
1908,753574,2.878708,2.921875,0.4384489,0.044568263
1908,753586,5.986708,3.5625,0.71276563,0.071556054
1908,753623,3.113137,2.515625,0.2750868,0.027642915
1908,905939,0.017898,-0.24609375,0.061530195,0.05677082
1908,905940,3.122955,1.4765625,0.83927554,0.0864332
1908,905941,5.655812,4.34375,1.0928093,0.11166883
1908,905947,2.373969,3.0,0.6059941,0.060979083
1908,905954,-1.231776,-0.21289062,0.20465969,0.04569105
1908,905964,1.902528,2.390625,0.45693043,0.046660796
1908,905984,3.025907,2.296875,0.54930395,0.05546334
1908,906800,1.174435,2.0625,0.3850908,0.039124887
1908,906801,3.970847,2.09375,0.42589572,0.042921633
1908,906804,0.218938,0.3671875,0.9352381,0.11103213
1908,906818,0.144661,-0.32617188,0.10413409,0.045986217
1908,906831,3.765778,2.34375,0.9530013,0.09628436
1908,906832,3.008483,3.03125,0.95390636,0.09562472
1908,906865,1.403442,0.29101562,0.22826754,0.040834717
1908,906999,3.628586,2.765625,0.37863183,0.03819768
1908,907000,3.703933,2.203125,0.41560376,0.041662365
1908,907042,2.604387,1.6015625,1.3156227,0.133362
1908,907047,2.633033,1.84375,0.30748606,0.0311563
1908,907055,1.677064,2.546875,0.3287139,0.03336522
1908,907061,2.018793,2.4375,0.33116594,0.03335916
1908,907067,0.367423,-0.57421875,0.104854554,0.045599137
1908,907071,2.834245,3.15625,1.1104238,0.111935616
1908,907273,1.988747,1.8046875,0.9820933,0.10105127
1908,907274,2.841142,3.046875,1.3775165,0.13808969
1908,907275,0.294486,-0.07519531,0.1870324,0.033908006
1908,907282,5.901775,3.90625,0.99133056,0.099573515
1908,907285,2.392493,2.546875,0.53958404,0.05906134
1908,907290,2.272497,2.75,0.81837076,0.08306652
1908,907319,3.562252,2.671875,0.3264553,0.033039667
1908,907788,2.176969,2.765625,0.65306693,0.07027399
1908,907790,0.871887,0.30273438,0.68900055,0.18334606
1908,908133,1.978197,2.609375,0.49310368,0.049566507
1908,908134,3.731261,3.78125,0.23348242,0.023745669
1908,908150,4.140794,2.546875,1.0931004,0.11013609
1908,908159,3.569779,2.40625,0.57886213,0.05848404
1908,908441,3.847301,2.609375,1.6071166,0.16171856
1908,908443,3.166657,3.296875,0.8185499,0.08216608
1908,908445,1.683931,1.3046875,0.422598,0.0436027
1908,908447,2.921949,1.609375,0.58382344,0.06134419
1908,908452,4.160858,3.484375,0.5884891,0.059023112
1908,908470,4.520899,3.921875,1.2362162,0.13029656
1908,908472,2.812465,2.546875,0.2873291,0.029164568
1908,908475,1.612628,2.25,0.56822824,0.05857303
1908,908480,4.331545,3.84375,0.9103918,0.09162767
1908,908481,5.311018,3.875,0.7087577,0.071267664
1908,908483,2.246511,2.890625,1.1624069,0.11704054
1908,909249,2.686625,1.625,0.7181624,0.07226619
1908,909262,2.292835,2.734375,0.70672536,0.07149954
1908,909702,1.196295,2.125,1.0196706,0.10563795
1908,909707,5.248115,4.09375,0.81141657,0.08125512
1908,909720,3.359041,2.734375,0.4317391,0.04337183
1908,909737,4.284562,3.625,0.5052738,0.05077394
1908,909747,1.5528,2.109375,0.08933031,0.041418426
1908,909757,1.565929,1.5078125,0.30705467,0.0381815
1908,909761,2.884545,1.84375,0.51414406,0.053265367
1908,909778,2.188046,2.015625,0.9178373,0.09508801
1908,909781,4.73529,5.53125,0.3857964,0.039968535
1908,910567,4.494664,3.765625,0.6530206,0.06579555
1908,910702,4.304105,3.578125,0.39772388,0.06676028
1908,910703,3.017985,2.859375,0.9446509,0.095440686
1908,910851,1.889844,0.70703125,0.58581245,0.06027645
1908,910911,2.48771,2.875,0.27662888,0.027948583
1908,910925,2.252292,2.171875,0.218541,0.023149746
1908,910927,2.281082,2.65625,0.6300072,0.06328953
1908,910947,-0.771339,-1.0859375,0.19552945,0.044737805
1908,911905,3.707015,4.28125,0.92916197,0.10418416
1908,924102,3.018803,2.40625,0.5184399,0.053253457
1908,924187,4.567752,4.0625,0.9325219,0.093585126
1908,924239,2.604323,2.15625,1.2219871,0.12338431
1908,925338,3.886164,2.75,1.7764567,0.17907467
1908,925346,3.411615,2.109375,0.37838352,0.038406804
1908,930083,6.665132,4.65625,1.5958521,0.168202
1908,946353,5.279996,3.4375,0.45537573,0.045814104
1908,946355,3.322921,2.671875,0.9176096,0.09276971
1908,946360,3.282707,3.171875,0.47216618,0.047426406
1908,1240155,2.251585,2.703125,0.6731234,0.067907006
1908,1240173,0.087316,0.24316406,10.378516,1.1803555
1908,1240185,1.937507,2.015625,0.47823954,0.048333533
1908,1240186,3.561666,4.46875,0.918885,0.09206413
1908,1240187,2.546208,3.125,0.3596318,0.036138672
1908,1240221,2.495484,2.921875,0.30893454,0.031007253
1908,1247871,2.771602,1.8671875,0.42969725,0.04339985
1908,1290722,2.667783,2.21875,0.26378632,0.026728384
1908,1295740,2.065256,2.984375,0.21238227,0.021314055
1908,1298136,1.998609,2.0,0.54856884,0.06073187
1908,1298168,4.008823,4.03125,0.49418354,0.04947217
1908,1298218,3.012139,2.546875,0.4641755,0.049085043
1908,1298226,3.702377,3.265625,0.5401411,0.054225907
1908,1298347,3.530476,3.453125,0.3857539,0.03868266
1908,1298348,2.972122,2.59375,0.61466175,0.062062535
1908,1298353,3.862865,3.140625,0.94665843,0.09517318
1908,1298359,2.437917,2.609375,0.3890989,0.039760113
1908,1298362,4.52244,2.59375,0.33486426,0.034396816
1908,1299050,2.854152,2.25,0.37623906,0.039021313
1908,1303897,3.651293,3.703125,0.255511,0.02583199
1908,1303901,4.912576,4.125,1.0973423,0.1105898
1908,1330948,0.902421,0.67578125,1.0856695,0.12093973
1908,1330950,2.555407,1.75,0.5842105,0.061994217
1908,1330964,4.199379,2.828125,0.7595304,0.076151446
1908,1330995,3.710275,3.40625,1.1137958,0.111906365
1908,1331040,1.752106,2.125,0.22133607,0.022384647
1908,1331048,1.446233,2.65625,0.77564055,0.0783166
1908,1480359,1.837849,2.0,0.30940354,0.031575516
1908,1503364,2.420711,2.671875,0.5231691,0.052615367
1908,1659817,2.771829,2.34375,1.2180558,0.12375341
1908,1659818,2.676898,1.90625,0.87301123,0.08835513
1908,1659929,2.325228,2.34375,0.73355234,0.07528825
1909,687568,3.232005,2.671875,0.4651737,0.046688724
1909,687590,2.780598,2.6875,0.3059147,0.030750373
1909,687592,1.832867,3.453125,0.18769547,0.018818578
1909,687819,2.724761,2.40625,0.2303433,0.023068618
1909,687820,2.487809,3.859375,0.88271844,0.08898191
1909,687821,2.943774,3.4375,1.23238,0.12492386
1909,687983,1.988627,2.375,0.1633517,0.016503874
1909,688018,1.622987,2.34375,2.5453393,0.2608354
1909,688086,1.544478,0.76171875,0.23122239,0.023410255
1909,688087,1.865876,2.234375,0.19587842,0.019677637
1909,722058,2.254358,2.09375,0.11638184,0.012444451
1909,724825,0.704903,2.171875,0.42482367,0.042677112
1909,724855,3.950228,2.796875,0.36690673,0.036906626
1909,724859,4.011616,2.71875,1.3183552,0.13387892
1909,724874,3.074215,3.828125,0.7461703,0.0755179
1909,724878,4.011675,3.640625,0.44884077,0.04522326
1909,749717,3.942789,2.046875,0.38786212,0.040418193
1909,753540,2.139528,2.703125,0.30824897,0.031233603
1909,753541,1.779961,1.7578125,0.2720248,0.02755207
1909,753575,3.103309,3.0,0.74137634,0.07454757
1909,753600,1.7703,2.453125,0.22028743,0.022256246
1909,905945,2.157161,2.359375,0.31588224,0.03167606
1909,905946,3.114911,2.71875,0.15824929,0.015853342
1909,905957,3.827015,2.234375,0.34710363,0.034998436
1909,905968,2.757446,2.84375,0.40071306,0.040266845
1909,905973,2.04403,1.4453125,1.7440963,0.17810354
1909,905976,3.218863,2.265625,0.5525048,0.05605499
1909,905983,2.84061,2.859375,0.29928023,0.03001661
1909,905985,2.272789,2.625,0.2926508,0.029678114
1909,905991,2.712415,2.140625,0.22491014,0.022553554
1909,906821,5.974072,3.078125,0.74690825,0.07506687
1909,906825,2.882158,1.8515625,0.72333527,0.07719098
1909,906827,2.439393,2.71875,0.18783821,0.018822037
1909,906833,2.407032,1.953125,0.20751803,0.020966122
1909,906837,2.5093,2.109375,0.22623935,0.02520226
1909,906842,-3.542751,-0.625,1.5182866,0.18604821
1909,906846,1.751898,1.7734375,2.1769385,0.22067183
1909,906848,-0.981686,0.97265625,0.20967652,0.021313583
1909,906851,3.475248,2.46875,0.28138384,0.028364733
1909,906852,2.422497,3.53125,0.31257474,0.03136907
1909,906872,3.474608,3.21875,1.0949957,0.11356655
1909,907046,2.370403,0.96875,0.15589021,0.015816016
1909,907063,2.919395,2.671875,0.69915503,0.07070849
1909,907067,2.527097,2.40625,0.19682635,0.019730939
1909,907069,3.687895,3.171875,0.24176137,0.024280254
1909,907175,2.303842,1.6015625,0.17223346,0.01739045
1909,907269,-0.634115,0.83203125,1.21966,0.13068281
1909,907281,-4.089923,-0.4140625,0.41021684,0.048701234
1909,907287,3.353423,2.296875,0.2853199,0.028734542
1909,907295,-0.74274,0.045898438,8.038191,0.97151214
1909,907321,1.92905,3.015625,0.26276818,0.02632114
1909,907322,1.850141,0.021606445,5.0432897,0.6309701
1909,908125,3.229098,2.65625,0.37218484,0.037627637
1909,908126,1.763461,0.1484375,1.4643736,0.15410161
1909,908148,0.507309,0.40234375,1.4028325,0.25779888
1909,908444,1.337274,1.734375,0.6665199,0.06695753
1909,908451,0.257643,1.640625,0.22752286,0.023205
1909,908452,2.56925,2.703125,0.28569853,0.028631728
1909,908455,3.317127,3.078125,0.4419141,0.044620167
1909,908458,3.698369,2.453125,0.39143854,0.039292622
1909,908459,3.331451,2.546875,0.40417972,0.040553536
1909,908460,4.316376,5.28125,0.40973404,0.041739326
1909,908480,3.420372,2.390625,0.425926,0.04293522
1909,909249,0.360459,1.5546875,0.33744323,0.03460621
1909,909704,1.527194,2.453125,0.4760566,0.049071968
1909,909709,2.670621,2.640625,0.23466745,0.023709102
1909,909725,3.202831,3.25,0.29979423,0.030145189
1909,909743,1.802226,2.4375,2.042898,0.20561035
1909,909744,2.194345,2.5625,0.26223361,0.02631996
1909,909745,2.660513,2.9375,0.25311944,0.02549164
1909,909753,2.906907,3.484375,0.3305413,0.033192102
1909,909755,2.964061,2.4375,0.48675442,0.04924504
1909,909761,0.807325,2.234375,0.59366244,0.060060948
1909,909907,5.24149,4.3125,0.31982782,0.03204021
1909,909975,3.280548,3.328125,0.27766722,0.027898049
1909,910079,3.287389,2.71875,0.6072195,0.061389495
1909,910689,4.484752,4.84375,0.83199775,0.10377198
1909,910702,10.232528,4.59375,0.5302935,0.05617325
1909,910703,2.458213,2.4375,0.4650251,0.046640158
1909,910851,2.741602,2.25,0.3423018,0.034319595
1909,910852,3.437641,2.859375,0.25057063,0.025200007
1909,910922,3.396843,2.609375,0.19411133,0.019484906
1909,910924,2.06752,2.203125,0.23334266,0.023499921
1909,910931,1.204764,2.203125,0.25124702,0.025418708
1909,910941,2.643518,-1.46875,1.9629198,1.8305098
1909,911905,5.160701,5.34375,0.3888546,0.03918864
1909,924104,2.011622,2.546875,0.2008134,0.020356046
1909,924105,2.210861,2.828125,0.77546215,0.07860702
1909,924240,1.702323,1.8046875,0.326076,0.03270412
1909,924247,1.97438,1.15625,0.6413814,0.083816014
1909,946382,2.265831,2.578125,0.28798306,0.028962595
1909,949090,2.812028,2.53125,0.24965285,0.025107706
1909,949176,1.078664,1.7265625,0.438003,0.052127935
1909,949179,1.070258,2.375,0.47872007,0.04832219
1909,1240123,1.401718,1.9453125,0.13679202,0.013796332
1909,1240142,3.007613,2.53125,0.19481814,0.0196435
1909,1240143,0.800052,1.078125,0.9559488,0.102014415
1909,1240146,4.111411,3.421875,0.34557995,0.034673903
1909,1240153,2.295097,2.234375,0.2186844,0.02195972
1909,1240154,1.387627,2.25,0.10480604,0.010494372
1909,1240157,2.501294,2.859375,0.46542162,0.047219872
1909,1240158,2.11776,2.828125,0.8780093,0.08855274
1909,1240169,2.51678,3.203125,0.9762099,0.0980685
1909,1240172,4.076855,3.0,0.29375553,0.029518897
1909,1240178,2.67845,2.984375,0.7934213,0.08049744
1909,1240185,2.182953,2.703125,0.5584379,0.056116294
1909,1240189,-0.03626,0.85546875,0.3898685,0.039865766
1909,1240191,2.108784,2.28125,0.25069764,0.026000893
1909,1240192,2.330694,2.65625,0.36162287,0.036262844
1909,1240199,3.129439,4.875,0.33822283,0.03891933
1909,1240210,0.503534,1.4296875,0.43673414,0.044013925
1909,1240219,5.100076,3.40625,0.5992684,0.06012784
1909,1240221,0.66114,1.8984375,0.22836366,0.023072211
1909,1247871,-6.356198,-2.0625,10.16731,2.3167486
1909,1290722,2.743599,2.375,0.39096418,0.039410915
1909,1290807,1.90114,2.46875,0.40667328,0.041038
1909,1290905,4.431429,3.796875,0.4273554,0.042822484
1909,1297447,2.658492,1.734375,0.34058148,0.03453883
1909,1297449,1.402003,0.890625,0.83917445,0.10888323
1909,1298136,3.94532,2.796875,3.33545,0.35271293
1909,1298141,6.231758,3.578125,0.9229699,0.09291255
1909,1298146,2.706523,3.015625,0.32657003,0.03271942
1909,1298157,3.425505,2.53125,0.3094586,0.031037461
1909,1298168,2.722818,2.625,0.16573727,0.016632902
1909,1298226,3.47046,2.265625,0.37221557,0.037392188
1909,1298357,4.025968,3.390625,0.69203997,0.06940885
1909,1298362,2.283897,2.515625,0.20606838,0.021071397
1909,1298365,4.011421,3.0,0.31053722,0.031129926
1909,1299050,3.672718,2.859375,0.5797069,0.0583119
1909,1299075,1.528495,2.984375,0.1915935,0.019229926
1909,1330964,0.266039,2.09375,0.6147384,0.062128864
1909,1330982,2.122123,1.375,0.7954805,0.08269275
1909,1330985,1.068612,-0.43164062,0.39066538,0.053701837
1909,1330991,2.212833,1.484375,0.18717991,0.019505575
1909,1330994,1.070609,0.6484375,0.71991104,0.07697849
1909,1330995,1.908056,-0.34375,3.2264864,0.5970125
1909,1331033,0.287587,1.0859375,0.32306945,0.033470023
1909,1331038,0.612232,-1.3359375,3.4229534,1.436337
1909,1480361,3.388738,3.140625,0.30697894,0.030756563
1909,1480371,2.540125,2.0,0.4490456,0.045743965
1909,1480372,3.22197,3.015625,0.482797,0.048778318
1909,1503365,3.87922,4.40625,0.5809272,0.05835083
1909,1503366,2.372613,2.359375,0.8410229,0.08631851
1909,1503371,2.239024,2.140625,0.23945822,0.024283784
1909,1660036,2.442986,1.6015625,0.49305004,0.050170876
1909,1674021,2.403792,2.734375,0.17234299,0.017556462
1910,683667,0.008803,0.53125,1.4399505,0.27994493
1910,687596,3.565182,3.0625,0.113943204,0.011472724
1910,687787,1.417193,2.328125,1.0447838,0.11566766
1910,687802,3.16925,3.828125,1.0705801,0.108033806
1910,687816,4.417492,3.328125,0.35770592,0.036460463
1910,687820,1.863952,2.75,1.018372,0.10911542
1910,687980,-1.661962,-2.296875,0.23755114,0.4024548
1910,688013,-2.531163,-1.5703125,0.15278284,0.28012165
1910,688023,1.339468,-0.25390625,0.16795436,0.113958545
1910,722066,3.09475,2.78125,0.2761872,0.027941916
1910,724812,2.924887,3.1875,0.42062214,0.042778183
1910,724825,3.050245,3.453125,0.23115696,0.023534521
1910,724855,1.024078,2.328125,0.39282596,0.040040195
1910,724872,-0.204874,0.072265625,0.11871505,0.059153944
1910,724874,2.453946,2.5625,1.5266333,0.16229604
1910,749712,3.289987,2.796875,0.4035933,0.04142286
1910,753566,1.787495,2.4375,1.5118587,0.15265271
1910,753572,3.768038,3.734375,0.21824436,0.021927658
1910,753605,-0.548415,-1.34375,0.056805115,0.13280025
1910,753612,-5.310295,-2.28125,0.7690595,1.982823
1910,905941,5.046338,5.0,0.69895667,0.07225977
1910,905947,3.258437,2.984375,0.50081855,0.050190315
1910,905948,0.362574,0.2578125,0.48256016,0.109957375
1910,905960,1.597941,1.9296875,0.46837622,0.048632354
1910,905963,5.193398,3.734375,0.46008584,0.04649882
1910,905968,3.614114,3.15625,0.39714572,0.040976595
1910,905970,4.680573,4.25,1.2022719,0.12113574
1910,905991,3.514654,2.71875,1.1761082,0.1218449
1910,906790,1.098379,0.21875,0.31913188,0.07947528
1910,906793,2.651864,3.109375,0.13734488,0.013910997
1910,906795,2.016028,2.875,0.21617194,0.023162154
1910,906818,2.780081,3.265625,0.20455061,0.020726275
1910,906821,3.148916,2.96875,1.0112365,0.10216803
1910,906825,1.280709,1.09375,0.96283066,0.2597015
1910,906828,1.51405,3.34375,0.41366693,0.041881967
1910,906832,-3.609199,-1.0859375,0.76521444,0.97927713
1910,906835,1.321591,2.984375,1.7144326,0.17689125
1910,906836,2.926875,2.203125,0.21738802,0.023731712
1910,906843,1.089157,1.8203125,1.1415342,0.11664779
1910,906846,2.330233,1.2890625,1.5779693,0.23928547
1910,906863,3.303279,3.40625,0.19785142,0.01984748
1910,906865,2.534709,1.078125,0.21122976,0.023248801
1910,906875,3.219442,2.0,0.53073233,0.0672485
1910,906999,4.807273,3.359375,0.35855955,0.03591277
1910,907056,4.040442,-0.07128906,2.2516463,0.33456615
1910,907060,3.394993,3.109375,0.13215892,0.013284542
1910,907069,3.534955,3.4375,0.54266006,0.054716382
1910,907071,1.847846,1.109375,0.7089778,0.07629033
1910,907072,-0.59232,-0.359375,0.17973621,0.15228537
1910,907171,3.092568,2.84375,0.40586042,0.041060977
1910,907269,-1.873156,0.4609375,1.9444107,0.2588645
1910,907275,-2.258441,-2.875,0.1565862,0.14775904
1910,907285,3.744444,3.546875,1.2260442,0.13010317
1910,907312,1.535863,2.8125,0.5407152,0.05443214
1910,907318,2.980433,2.84375,0.21744542,0.022032853
1910,907322,0.133447,-1.078125,0.38666528,0.36962372
1910,908123,2.328686,1.4296875,0.35833797,0.04297051
1910,908125,4.080511,3.03125,0.32796872,0.033470143
1910,908129,1.400378,2.84375,0.4300877,0.043167196
1910,908134,1.495954,2.0,0.3718609,0.05418379
1910,908135,-1.073186,-0.49804688,0.07852773,0.19240917
1910,908150,2.208719,2.015625,1.0533252,0.112860546
1910,908152,0.484042,3.078125,0.7747174,0.077913694
1910,908156,-4.74977,-3.375,0.35543406,0.5332428
1910,908159,3.212254,1.578125,0.28441748,0.043583505
1910,908445,2.01867,1.6796875,0.39674082,0.042509552
1910,908449,1.678622,2.78125,1.3811576,0.19750427
1910,908457,1.648231,1.8984375,0.70338,0.09400371
1910,908460,3.6202,4.90625,0.38137585,0.04197577
1910,908463,3.970804,4.1875,1.3077139,0.13400887
1910,908472,1.588925,2.71875,0.77660984,0.0845625
1910,909249,1.210362,2.25,0.33303297,0.035404656
1910,909260,-0.545326,-0.6015625,0.30889288,0.1523394
1910,909715,1.576102,-0.35351562,0.55505365,0.27023956
1910,909720,3.814803,2.90625,0.16335426,0.016434625
1910,909725,4.338296,4.15625,0.44989914,0.045216426
1910,909726,4.254427,3.6875,0.15995328,0.016083771
1910,909732,3.154303,2.921875,0.2305078,0.023281522
1910,909737,2.724939,2.625,0.5430072,0.05959825
1910,909746,2.063314,2.640625,0.44042698,0.044865992
1910,909785,-0.089296,-0.78515625,2.1819596,0.5728797
1910,910548,1.796287,2.015625,0.4327393,0.044881184
1910,910567,-4.538944,-3.609375,0.13504705,0.46161
1910,910700,1.673147,2.65625,0.36476627,0.036819644
1910,910701,2.087616,1.6015625,0.6235454,0.07040084
1910,910779,2.941834,3.09375,1.0299586,0.10929532
1910,910899,-2.235435,-1.8984375,0.21508066,0.41812918
1910,910910,4.409382,4.53125,1.132089,0.11406441
1910,910916,1.92576,2.59375,0.5547927,0.060409557
1910,910920,0.165227,1.78125,0.34321776,0.0364874
1910,910921,0.477799,1.6796875,0.34876165,0.038850807
1910,910922,1.709932,2.390625,0.29329863,0.02953808
1910,910925,2.253625,2.390625,1.238011,0.15213816
1910,910937,0.072637,-1.2421875,0.07730315,0.20597103
1910,910941,-0.461411,-1.4140625,0.11250943,0.37949476
1910,910947,-3.096176,-3.453125,0.17185985,0.18292415
1910,924110,-1.532194,-0.6640625,0.5558449,0.38972163
1910,924250,1.884038,3.59375,1.0106751,0.10134854
1910,946353,0.359823,2.640625,0.2642547,0.02870189
1910,946355,1.792707,3.09375,0.989859,0.10033999
1910,946382,2.671177,1.5234375,0.36572573,0.039269045
1910,1240122,3.182896,3.40625,0.54519796,0.05472063
1910,1240125,1.694289,0.45507812,0.2930241,0.09865911
1910,1240127,2.698411,2.828125,0.572671,0.057555422
1910,1240128,3.707626,3.78125,0.97230107,0.09811633
1910,1240143,-0.984158,-0.32226562,0.96378475,0.21870977
1910,1240155,1.628257,1.578125,0.19845986,0.020352887
1910,1240159,3.512328,4.15625,1.0293955,0.10434773
1910,1240160,4.04072,2.703125,0.706192,0.07582591
1910,1240169,2.999774,4.0625,0.92930394,0.09483811
1910,1240178,2.801651,3.203125,0.57942057,0.06293347
1910,1240185,1.381429,1.5703125,0.5434953,0.05643211
1910,1240190,4.327953,3.203125,0.6902184,0.07713611
1910,1240191,1.513906,2.578125,1.1674641,0.13047121
1910,1240201,2.423461,3.296875,0.6119946,0.06170738
1910,1240215,3.633314,3.515625,0.5519663,0.05562698
1910,1290455,1.808251,-0.32226562,0.9027696,0.10431029
1910,1290905,1.667635,2.921875,0.6025731,0.06372014
1910,1297447,0.979955,0.9765625,0.44152692,0.094707966
1910,1298144,2.030484,2.734375,0.26367393,0.028311446
1910,1298157,2.577686,2.171875,0.46625668,0.047816567
1910,1298351,2.24683,3.25,0.15745038,0.016068261
1910,1298353,3.253452,3.296875,0.35072172,0.035143524
1910,1298358,0.384947,0.31835938,0.70405215,0.090715826
1910,1299052,2.11332,1.75,1.3894128,0.14770815
1910,1303896,3.082379,2.578125,1.8540127,0.20187737
1910,1327765,0.921015,1.1796875,0.28088996,0.03503436
1910,1330931,0.574205,1.8046875,0.14153643,0.016568197
1910,1330935,-1.525839,-0.25195312,1.2268468,0.14565213
1910,1330942,-3.593188,-2.453125,0.50755405,0.6829654
1910,1330964,-0.732693,2.171875,1.2633923,0.12893279
1910,1330984,-3.619691,-2.0625,0.8347299,0.8565739
1910,1331033,1.823104,1.0,0.45363918,0.057859477
1910,1331037,-1.055945,-1.5234375,0.12001732,0.11047128
1910,1331038,-0.157533,-1.3046875,0.16079469,0.46351045
1910,1331048,-1.950937,-0.46484375,0.85666984,0.47931364
1910,1331050,-0.924836,0.17675781,0.70460135,0.18335427
1910,1503361,2.817882,2.890625,0.52084947,0.052364085
1910,1659819,-2.856914,-3.03125,0.30027786,0.405727
1910,1659928,1.795979,2.3125,0.18438068,0.018640764
1910,1660035,3.989244,2.703125,0.93328893,0.13470551
1910,1674021,3.488883,3.0,0.27650222,0.029688856
1911,684052,-5.878929,-5.78125,2.1507213,0.2324815
1911,687448,-3.97811,-2.46875,1.7674924,0.17742099
1911,687455,-4.362745,-3.46875,5.7392187,0.58339065
1911,687506,-5.101324,-4.125,1.6275716,0.16466174
1911,687592,-5.256041,-4.28125,2.0117905,0.20216076
1911,687596,-4.702348,-3.078125,1.5028398,0.1518853
1911,687780,-6.223805,-3.109375,2.1482303,0.2154589
1911,687807,-1.420154,-1.125,1.4819744,0.14887682
1911,687815,-5.763978,-4.21875,7.960802,0.8157887
1911,687819,-1.075991,-1.84375,1.9790102,0.19914092
1911,687829,-4.344312,-2.40625,2.6552496,0.26927248
1911,687997,-2.779925,-1.421875,0.7508816,0.07614792
1911,688015,-6.110546,-4.34375,2.3519573,0.23762475
1911,749711,-3.925999,-2.625,2.310678,0.2352544
1911,749715,-5.207878,-4.21875,3.7573974,0.38844848
1911,753551,-4.279999,-2.875,1.8592814,0.18747123
1911,753566,-0.283358,-2.203125,3.3170147,0.33623904
1911,753569,-4.731463,-3.15625,0.96439385,0.09678371
1911,753572,-5.522421,-4.46875,3.7280185,0.37744555
1911,753605,-4.563855,-3.8125,3.424915,0.35521215
1911,753612,-3.44864,-2.78125,1.7982012,0.18297805
1911,753615,-3.388943,-2.796875,1.7966322,0.18163833
1911,905933,-4.913768,-3.6875,4.3364778,0.4388833
1911,905934,-3.021163,-2.671875,1.9287268,0.19411944
1911,905936,-6.46191,-4.53125,1.7802911,0.17898323
1911,905938,-5.0212,-5.0625,1.9325482,0.19884716
1911,905940,-5.431473,-4.0625,2.770805,0.28087088
1911,905945,-4.846496,-3.25,1.9132472,0.19256148
1911,905950,-5.889977,-4.4375,2.3194494,0.23375335
1911,905954,-5.85068,-4.1875,1.1742579,0.11837038
1911,905956,-5.04323,-3.46875,1.5455266,0.15530683
1911,905957,-2.954647,-4.875,3.6275158,0.36787128
1911,905960,-5.84106,-4.1875,3.0190053,0.3044856
1911,905972,-5.527462,-3.234375,1.8115234,0.1821232
1911,905974,-7.003546,-5.0,2.462103,0.24891697
1911,905985,-4.746717,-3.921875,0.707675,0.071053796
1911,906790,-6.7762,-5.28125,0.7777141,0.08040189
1911,906791,-4.188913,-2.609375,1.6953325,0.17208017
1911,906793,-6.248087,-4.75,1.0154667,0.10241619
1911,906794,-4.353634,-2.921875,1.525995,0.15375268
1911,906818,-5.717368,-3.421875,1.9595289,0.1979766
1911,906826,-4.798312,-2.328125,1.190709,0.1195378
1911,906827,-5.580707,-4.28125,2.2149951,0.22339614
1911,906828,-6.810517,-4.28125,1.3205616,0.1330541
1911,906831,-6.241775,-4.90625,2.0313494,0.20566523
1911,906833,-6.530302,-5.1875,0.87420976,0.08895622
1911,906836,-7.022184,-6.75,2.580498,0.28402004
1911,906863,-5.392012,-4.1875,2.5883808,0.26098627
1911,906864,-5.135664,-4.03125,2.211164,0.22241786
1911,906865,-4.500715,-3.609375,1.327607,0.13333245
1911,907046,-4.736258,-3.765625,1.8492762,0.18577537
1911,907051,-4.882529,-1.4765625,0.61910135,0.062492322
1911,907061,-6.397652,-5.3125,1.9920483,0.20479226
1911,907064,-5.289096,-2.828125,2.2379797,0.22559822
1911,907175,-6.814028,-4.8125,2.4331362,0.24685657
1911,907271,-4.16004,-3.828125,1.7402968,0.17454483
1911,907275,-5.570163,-5.375,0.9765061,0.09865911
1911,907286,-3.401198,-2.71875,3.2519474,0.33230057
1911,907291,-5.939024,-4.78125,1.1054415,0.11128139
1911,907312,-6.543029,-5.03125,1.8882567,0.1915752
1911,907313,-4.649753,-3.75,2.3032634,0.2319615
1911,907783,-6.235589,-4.96875,0.8791054,0.0889719
1911,907790,-5.972589,-4.65625,3.1054146,0.31395534
1911,908121,-3.672824,-3.6875,6.173637,0.63043916
1911,908123,-5.197515,-3.796875,3.1771376,0.3191702
1911,908124,-5.398937,-3.53125,1.6509259,0.16781636
1911,908133,-6.606124,-5.40625,1.8881338,0.19076338
1911,908138,-3.237014,-3.109375,1.3911145,0.13965693
1911,908444,-5.587747,-3.796875,2.3227875,0.23751524
1911,908448,-7.826351,-5.40625,2.252176,0.22956112
1911,908451,-5.067799,-5.0,1.3638563,0.13775088
1911,908457,-4.560884,-3.3125,1.9284917,0.19391549
1911,908463,-1.997952,-1.546875,4.657268,0.46733847
1911,908467,-5.094787,-4.125,3.4491208,0.3484742
1911,908468,-4.549221,-2.96875,1.2559249,0.12720655
1911,908472,-1.81204,-2.875,1.5023202,0.15193596
1911,909251,-5.873803,-6.09375,3.8092303,0.39645877
1911,909702,-5.940997,-6.46875,1.8291632,0.19163509
1911,909704,-4.367537,-4.125,2.701607,0.2716545
1911,909726,-5.985198,-4.03125,1.4641916,0.14728095
1911,909728,-3.33176,-3.84375,1.2760776,0.12790196
1911,909743,-4.857033,-4.9375,3.4980562,0.35299397
1911,909770,-2.567551,-4.09375,2.7160046,0.2820077
1911,909778,-4.309389,-2.859375,1.3639414,0.13756205
1911,910399,-5.488022,-5.1875,1.6176106,0.16245769
1911,910704,-3.467863,-4.15625,4.147753,0.42229038
1911,910900,-4.885273,-4.09375,1.642094,0.16700453
1911,910903,-6.37021,-5.84375,1.9306718,0.1972859
1911,910904,-3.646018,-3.484375,3.8993995,0.39722914
1911,910906,-5.53217,-5.40625,2.2232826,0.22703704
1911,910911,-5.0496,-3.296875,2.2512987,0.22654037
1911,910915,-1.804719,-1.3671875,1.806719,0.18103947
1911,910925,-6.651038,-4.84375,2.1116514,0.21523765
1911,910927,-6.588337,-5.0,2.1889327,0.22018164
1911,910933,-5.027655,-4.25,1.6210107,0.16348909
1911,910935,-8.033766,-6.375,2.3746142,0.24500732
1911,910947,-6.765499,-6.1875,1.173771,0.12371487
1911,911905,-2.349501,-1.125,0.7412708,0.074260175
1911,917486,-1.287556,-2.53125,1.3163878,0.13280173
1911,924250,-3.649882,-2.6875,1.7887293,0.17955275
1911,930297,-4.854743,-3.1875,2.126643,0.21417406
1911,946354,-6.444341,-5.0,1.2698866,0.1283847
1911,998189,-5.533009,-3.9375,2.0775328,0.2095322
1911,1240129,-2.776062,-1.8125,2.335163,0.23402204
1911,1240143,-3.530077,-3.25,2.4783854,0.25133643
1911,1240144,-5.261806,-3.671875,2.276959,0.22813109
1911,1240145,-5.740976,-4.53125,2.7614255,0.2834193
1911,1240153,-5.062994,-4.0,2.9773788,0.3024991
1911,1240159,-4.062202,-3.140625,4.5344143,0.45637253
1911,1240169,-4.986717,-2.21875,1.1590084,0.11936105
1911,1240174,-4.403463,-3.578125,1.1465671,0.11617694
1911,1240178,-3.114392,-3.1875,2.5172093,0.2528394
1911,1240182,-2.435174,-1.40625,1.2240833,0.12393307
1911,1240186,-1.097258,-1.8984375,0.64730024,0.0651231
1911,1240190,-4.896192,-4.1875,0.80957013,0.08132813
1911,1240220,-2.597295,-3.328125,1.0290142,0.10363194
1911,1290769,-2.314504,-3.21875,2.955425,0.29984596
1911,1290798,-3.419927,-1.8125,2.0023706,0.20398012
1911,1290806,-4.830204,-3.46875,2.7975187,0.28084883
1911,1290905,-2.477788,-1.0,1.633853,0.16461998
1911,1290908,-4.892447,-4.1875,1.4459431,0.14521702
1911,1298151,-4.800403,-2.328125,1.3756391,0.14086491
1911,1298226,-5.475408,-4.71875,2.1873567,0.22072938
1911,1298358,-3.202047,-2.984375,2.655006,0.26683733
1911,1298476,-0.449138,-0.91796875,0.5861157,0.05899045
1911,1298526,-5.034694,-1.84375,0.5271356,0.05282081
1911,1298538,-4.847906,-3.5,1.4912903,0.15158944
1911,1299070,-5.619884,-4.59375,4.465563,0.45490378
1911,1327765,-5.989738,-5.8125,1.5709484,0.16074865
1911,1327768,-6.519705,-4.71875,0.7492095,0.07761817
1911,1330942,-3.142967,-2.75,0.8851345,0.09107482
1911,1330984,-7.697316,-6.375,2.5940378,0.26934364
1911,1331035,-6.387704,-5.375,1.1896884,0.12045075
1911,1331048,-7.063868,-5.21875,4.0660996,0.41167477
1911,1480371,-6.100079,-3.984375,1.6693507,0.16804841
1911,1674021,-5.748115,-3.984375,2.3171964,0.23265709
1912,687562,0.939719,2.46875,0.16038896,0.016194511
1912,687780,1.326887,2.453125,0.72837144,0.07415685
1912,687802,3.96488,4.5,0.74466795,0.07476807
1912,687816,2.305215,2.8125,0.67667586,0.06910075
1912,687829,4.010484,4.40625,0.2387963,0.024687316
1912,687985,-0.589733,-0.25976562,0.17035162,0.05359505
1912,688006,1.966557,2.796875,0.44380087,0.04498719
1912,688010,3.533178,4.0,0.18619402,0.0191929
1912,688058,3.454768,3.234375,0.36031723,0.03638131
1912,713880,1.91711,2.96875,0.30726475,0.032548126
1912,722066,3.877549,4.1875,0.23881052,0.023943437
1912,724825,-2.572149,-2.515625,0.10271978,0.15714392
1912,724828,3.539769,4.34375,0.377892,0.039767012
1912,724869,3.623368,4.1875,0.25412953,0.025782997
1912,724872,2.452093,3.109375,0.21945365,0.022355594
1912,749710,3.068822,3.375,0.30765313,0.03174295
1912,749712,0.717691,1.7734375,0.26075953,0.026930837
1912,749714,2.480895,2.46875,0.2278304,0.023136167
1912,749715,-1.146939,-0.046875,0.77805066,0.15461984
1912,749716,3.42938,3.09375,0.543529,0.060357668
1912,753554,2.289166,2.78125,0.42403132,0.04516333
1912,753555,1.622144,1.5,0.05745249,0.006420666
1912,753562,2.212043,1.3125,0.44690147,0.07839093
1912,753573,0.167447,1.359375,1.5934833,0.21214461
1912,753605,2.900255,3.96875,0.5389949,0.057408027
1912,753608,2.237561,3.203125,0.25685644,0.02609639
1912,753615,4.852812,4.53125,0.9991649,0.100827195
1912,905934,3.129308,2.6875,0.84744394,0.089927554
1912,905945,1.050213,1.3203125,0.3536982,0.036361896
1912,905946,2.780759,2.53125,1.5726786,0.16630562
1912,905950,2.820215,3.703125,0.3764123,0.03809568
1912,905960,3.561978,4.03125,0.14486076,0.014717728
1912,905990,4.911127,5.0,0.4124776,0.041635647
1912,906696,2.688786,3.953125,0.3252726,0.032986335
1912,906818,2.909513,4.21875,0.59663427,0.06020724
1912,906825,4.144334,3.59375,0.75215554,0.07618218
1912,906843,2.732379,3.265625,0.99465805,0.10049305
1912,906849,2.501185,2.65625,0.39609098,0.053999316
1912,906864,0.916109,2.796875,0.63039804,0.06329484
1912,906870,2.123708,1.21875,1.4229901,0.14828643
1912,906875,4.026385,3.640625,0.28336474,0.031100953
1912,907042,1.864157,1.8046875,0.17983375,0.02685528
1912,907047,2.850502,2.953125,0.34646326,0.03792289
1912,907061,1.256108,2.4375,1.1205926,0.11982248
1912,907064,3.545902,4.8125,0.25623596,0.026546065
1912,907066,3.917608,4.5625,0.5191795,0.05252549
1912,907271,2.232418,3.25,0.41356033,0.04192177
1912,907278,4.124878,3.65625,0.10606777,0.010787322
1912,907281,1.127777,1.46875,0.155334,0.015823768
1912,907282,4.215335,4.03125,0.84782904,0.087160945
1912,907289,4.257926,3.78125,0.67389375,0.06911062
1912,907317,2.604008,2.328125,0.22902349,0.02356509
1912,907318,1.921011,1.8515625,0.17779306,0.018527394
1912,907320,3.776513,3.578125,0.22283694,0.022727085
1912,907321,3.426086,3.109375,0.21519579,0.025425367
1912,907783,2.15247,3.046875,0.2356172,0.024383908
1912,907794,0.884624,1.0859375,0.4522625,0.1545284
1912,908120,-0.069707,0.38085938,0.34699172,0.2806796
1912,908124,0.947574,1.3671875,0.42838013,0.044817228
1912,908152,3.175599,4.03125,0.6098312,0.06231566
1912,908158,-1.041943,0.1796875,0.11261848,0.02205415
1912,908444,3.061527,3.015625,0.77487534,0.07966095
1912,908449,5.922899,6.1875,1.6198553,0.18795869
1912,908461,2.05777,1.15625,0.5216429,0.06002549
1912,908469,2.165991,2.859375,0.3701178,0.042093746
1912,908471,3.700686,4.3125,0.40557796,0.043116897
1912,908473,2.623614,3.359375,0.56249714,0.0710435
1912,909250,2.151226,2.5625,0.3805306,0.03819768
1912,909251,0.743766,0.65234375,0.179345,0.01871302
1912,909253,0.074994,0.796875,0.11327575,0.022182863
1912,909255,1.131664,0.39648438,0.28316373,0.0445818
1912,909696,0.816604,1.3671875,0.16312516,0.01780797
1912,909715,-0.653387,-0.63671875,0.31976312,0.08782939
1912,909720,4.417327,3.890625,0.30447635,0.03107268
1912,909722,1.523007,2.109375,0.3767236,0.03958355
1912,909727,1.556176,1.90625,0.44788095,0.046302974
1912,909742,1.772657,2.234375,0.4074678,0.041304186
1912,909743,0.856757,1.3984375,0.15519242,0.01611391
1912,909745,1.811825,2.15625,0.33401167,0.039463453
1912,909748,4.365777,3.828125,0.8878786,0.09078949
1912,909751,1.335276,1.125,0.44790822,0.10164294
1912,910546,3.439819,3.734375,0.617324,0.064864196
1912,910548,2.084035,2.234375,0.7176305,0.07365411
1912,910689,6.941607,6.375,0.98353434,0.16310476
1912,910698,1.114952,0.90625,0.32118297,0.040696733
1912,910701,3.226278,3.5,1.0008563,0.108707495
1912,910702,5.919199,5.125,0.97345835,0.13671818
1912,910779,5.24031,5.125,0.22981282,0.023190748
1912,910781,1.298886,0.85546875,0.24691233,0.03238407
1912,910784,1.799181,3.3125,0.86978406,0.08927041
1912,910899,3.44325,3.171875,0.37802255,0.03800485
1912,910900,4.263576,4.15625,0.3199751,0.032654375
1912,910903,1.724059,1.7890625,0.06498546,0.0076420563
1912,910915,5.094832,4.75,0.47877353,0.048019074
1912,910918,2.108029,2.34375,0.07625779,0.007747725
1912,910919,1.750675,0.9453125,0.09279972,0.011044349
1912,910920,3.754551,3.203125,0.12717251,0.012995136
1912,910930,3.037037,2.609375,0.27427593,0.029647764
1912,910933,4.803126,3.953125,0.7584632,0.07790834
1912,910937,1.522953,0.8046875,0.30900604,0.037549548
1912,910941,2.678751,3.046875,0.34143287,0.035100956
1912,910952,0.256434,1.2578125,0.27543408,0.056832306
1912,924110,2.039487,3.25,0.28567073,0.029886937
1912,924187,4.418693,4.0625,1.7360007,0.17487161
1912,924189,2.826619,2.859375,0.7240687,0.07470776
1912,924240,-0.853941,-0.890625,1.0993944,0.1667137
1912,924244,1.053936,1.859375,0.603,0.06107493
1912,946354,1.786071,2.453125,0.22093076,0.02393797
1912,1240123,2.219738,2.5,0.22185604,0.025231836
1912,1240125,1.975578,2.328125,0.37210807,0.039870232
1912,1240129,4.979278,3.828125,0.5158593,0.05180809
1912,1240143,3.385663,4.46875,0.17255682,0.017696422
1912,1240160,4.723448,4.34375,0.9903774,0.1014896
1912,1240169,4.822412,4.375,0.37997758,0.039808936
1912,1240178,6.569131,5.375,0.56762284,0.057057127
1912,1240183,3.465312,3.859375,0.9648745,0.09709197
1912,1240199,6.406673,6.03125,1.1991887,0.16624236
1912,1240212,2.855937,4.78125,0.56747115,0.05899045
1912,1290769,3.822939,3.703125,1.1550823,0.11766745
1912,1290905,6.508766,5.5625,3.2996619,0.34569415
1912,1297447,2.870525,1.6484375,0.6453141,0.075540215
1912,1298136,3.893413,5.25,0.5640666,0.0577602
1912,1298146,3.921593,2.984375,0.78752154,0.084931515
1912,1298157,3.655202,3.28125,0.48752013,0.04899746
1912,1298215,1.967066,1.625,0.21895544,0.023902826
1912,1298349,3.033401,2.375,0.09790795,0.010745976
1912,1298351,1.957885,1.3203125,0.13232449,0.016356265
1912,1298353,2.800827,3.96875,1.0120603,0.104849525
1912,1298356,5.044032,4.65625,0.26920176,0.028163953
1912,1298526,3.072279,3.6875,0.39435774,0.04050791
1912,1298537,1.246431,2.25,0.21466422,0.021843407
1912,1298538,0.250904,0.515625,0.18979217,0.072339304
1912,1299052,2.727734,0.83984375,1.7347834,0.40356678
1912,1327766,2.293838,3.1875,0.20279089,0.020750754
1912,1327768,2.830944,3.078125,0.07072154,0.008396111
1912,1330933,2.08906,2.78125,0.23131526,0.023479035
1912,1330982,-0.498684,-0.18359375,0.1384207,0.017059723
1912,1330991,1.585349,1.265625,0.14595948,0.018871957
1912,1330994,0.284091,-0.72265625,0.5760179,0.11885395
1912,1331037,-1.638331,-2.390625,0.33715183,0.20848337
1912,1331048,1.076224,1.8515625,0.465999,0.050035685
1912,1331050,-2.778041,-2.109375,0.7451215,0.33329052
1912,1480359,0.936305,1.5234375,0.18244903,0.02135741
1912,1480372,3.507788,3.75,0.13804732,0.0140471645
1912,1659819,0.962599,0.33007812,0.0779493,0.028261295
1913,687592,3.493739,4.90625,0.4686434,0.046934098
1913,687596,3.81035,4.1875,0.663644,0.06654894
1913,687777,4.712218,5.71875,0.3003287,0.030067686
1913,687985,4.477487,4.25,0.4258042,0.043020174
1913,688011,4.87949,4.53125,0.3226625,0.03236176
1913,688013,4.154147,4.625,0.18240216,0.018267367
1913,717431,3.680207,4.59375,0.3652405,0.036671817
1913,724812,4.496153,5.03125,0.58586997,0.058668926
1913,749712,4.218233,4.53125,0.50580496,0.050812367
1913,749713,5.414939,5.0,0.4530403,0.045430005
1913,749714,4.485785,5.4375,0.3958141,0.03962729
1913,753574,5.624784,5.9375,0.2058404,0.020601498
1913,753604,5.169127,3.984375,0.56556004,0.057489086
1913,753620,2.782081,4.5625,0.3258691,0.032741036
1913,753624,5.455838,5.0625,0.2920201,0.029273672
1913,905933,4.015975,4.71875,0.24155995,0.024183998
1913,905934,4.179874,5.59375,0.335973,0.033619493
1913,905935,5.17835,5.21875,0.18223223,0.01826269
1913,905954,4.113794,4.84375,0.3836441,0.038414806
1913,905956,3.622544,4.96875,0.4101859,0.04105801
1913,905976,5.315193,5.03125,0.40456682,0.040520787
1913,905985,3.723078,4.625,0.4943054,0.04953759
1913,906790,5.075033,4.65625,0.10098272,0.010147549
1913,906798,3.951039,4.5,0.1694854,0.01699567
1913,906808,5.386224,4.65625,0.29116356,0.029254066
1913,906817,6.470786,5.8125,0.15489021,0.01552473
1913,906821,4.320227,5.0625,0.312976,0.031353794
1913,906831,4.185848,3.859375,0.3366436,0.034012035
1913,906834,4.120234,3.90625,0.37518483,0.03790596
1913,906835,5.607772,6.15625,0.39640063,0.039699066
1913,906848,3.086591,4.09375,0.41212738,0.041759174
1913,906868,5.72321,4.8125,0.27078888,0.02723827
1913,906875,4.032471,4.5625,0.46138376,0.046363518
1913,907042,4.768193,4.28125,0.18219562,0.018407727
1913,907045,3.436061,4.09375,0.6661367,0.06710158
1913,907047,4.587519,4.40625,0.16469523,0.016536154
1913,907055,3.430367,4.21875,0.26033214,0.026319405
1913,907063,4.039817,4.96875,0.508827,0.050953846
1913,907068,3.275578,4.21875,0.22940467,0.023079777
1913,907071,5.616899,5.03125,0.5259803,0.05273543
1913,907173,4.118697,4.625,0.42124298,0.042204805
1913,907271,6.225752,5.28125,0.39940104,0.04008723
1913,907276,5.237374,5.375,1.0514039,0.10531772
1913,907287,4.946324,4.6875,0.42574704,0.042810112
1913,907289,5.415824,4.8125,0.43820557,0.04404818
1913,907783,3.575717,3.625,0.26372474,0.026781237
1913,908122,5.028518,4.03125,0.7494061,0.07519196
1913,908129,5.046006,5.03125,0.41416016,0.041458387
1913,908131,4.455665,4.90625,0.21315801,0.021399384
1913,908444,4.819243,4.65625,0.22175135,0.02226485
1913,908449,6.559188,6.96875,1.052122,0.10644339
1913,908457,5.967862,5.65625,0.5475252,0.054974034
1913,908473,5.74335,6.03125,0.24402563,0.024430852
1913,908483,4.220252,4.15625,0.26510957,0.026784752
1913,909250,5.717093,5.09375,0.59485966,0.05965138
1913,909257,4.521989,4.625,0.22110987,0.022215564
1913,909260,4.906887,4.21875,0.162231,0.016297469
1913,909696,3.775969,4.1875,0.08008388,0.008108142
1913,909704,4.490748,4.71875,0.26178777,0.026314761
1913,909718,4.31566,4.625,0.3640658,0.036738414
1913,909725,4.938844,5.34375,0.1480189,0.014815254
1913,909727,6.079706,4.6875,0.6300949,0.0631847
1913,909732,5.04118,4.6875,0.20953219,0.021025727
1913,909742,4.482607,4.28125,0.15239465,0.01530112
1913,909745,4.751482,5.21875,0.45525813,0.045709997
1913,909748,5.352132,5.125,0.4438986,0.044498794
1913,909904,6.761633,5.65625,0.48178422,0.04827644
1913,910567,3.787398,4.65625,0.623801,0.062462043
1913,910701,4.715552,4.6875,0.40646458,0.04075948
1913,910779,5.406336,5.40625,0.3697413,0.036995687
1913,910851,5.01215,4.0625,0.1772059,0.01783514
1913,910899,3.625006,4.40625,0.6611876,0.066245124
1913,910903,4.083141,4.34375,0.39291236,0.039553277
1913,910910,4.668573,5.0625,0.36666888,0.036696106
1913,910911,5.323588,4.9375,0.22060023,0.022121366
1913,910922,5.791953,5.0,0.26748207,0.026793323
1913,910925,4.827498,5.03125,0.28517833,0.028841285
1913,910927,4.792642,4.71875,0.33927643,0.033966973
1913,910934,4.679598,3.921875,0.37943292,0.038798682
1913,910943,4.840113,5.40625,0.26650733,0.02672035
1913,911905,7.122163,6.09375,0.39689252,0.040153693
1913,924105,5.55857,4.96875,0.775796,0.077913694
1913,924106,3.895903,4.34375,0.43536574,0.044325393
1913,924244,4.391667,4.84375,0.2681866,0.02687322
1913,925338,5.615818,4.46875,0.27029026,0.027087562
1913,930082,5.37783,4.34375,0.28145188,0.028248865
1913,930083,7.662409,6.75,0.32867798,0.033028185
1913,946353,3.333729,4.4375,0.30055702,0.030181156
1913,946360,5.611085,4.9375,0.20373446,0.020414894
1913,949090,5.033268,5.125,0.24465142,0.024497282
1913,949093,7.421582,6.65625,0.41327742,0.04171638
1913,949176,4.400912,4.53125,0.6327212,0.06372131
1913,1240144,6.387189,5.40625,0.8269112,0.08279975
1913,1240150,4.381672,4.59375,0.55960816,0.056322552
1913,1240154,4.1208,4.21875,0.19930913,0.020022279
1913,1240158,4.600537,4.71875,0.6343358,0.063554816
1913,1240159,6.383013,5.34375,0.6261708,0.06269435
1913,1240179,3.834737,4.25,0.2567601,0.02574741
1913,1240187,6.056398,4.90625,0.22748673,0.022835132
1913,1240221,4.341005,3.984375,0.22030026,0.022134218
1913,1290455,4.236969,3.734375,0.550381,0.05574542
1913,1290722,4.727875,4.90625,0.24206723,0.024240572
1913,1290730,4.572759,5.03125,0.12897758,0.012949939
1913,1295740,3.705564,4.03125,0.091113314,0.009157204
1913,1295741,2.649497,3.734375,0.3047024,0.03077525
1913,1297446,3.789958,3.921875,0.08681536,0.008747142
1913,1297449,3.334861,4.15625,0.1510315,0.015454428
1913,1298134,5.025822,4.09375,0.17370926,0.01751066
1913,1298144,5.058357,4.78125,0.25275367,0.025330106
1913,1298219,4.489631,4.65625,0.37751442,0.037815116
1913,1298226,5.558238,5.03125,0.38077283,0.038141508
1913,1298351,4.227381,4.34375,0.3539446,0.03549923
1913,1298365,6.326532,5.34375,0.3666726,0.036806617
1913,1298534,6.109419,6.03125,0.2728162,0.02731977
1913,1299050,6.146917,4.9375,0.60867673,0.060952786
1913,1299081,5.532829,4.84375,0.2663821,0.026727553
1913,1303896,3.767362,4.0,0.31323323,0.031608824
1913,1327775,4.067728,4.28125,0.25965887,0.026343983
1913,1330947,3.261793,3.546875,0.1572475,0.016346382
1913,1330972,5.135857,4.40625,0.32052156,0.03213081
1913,1330982,3.652442,3.640625,0.22264627,0.022455271
1913,1330991,4.619559,4.03125,0.39420715,0.03980318
1913,1331050,3.131248,3.671875,0.14824513,0.015093112
1913,1503367,5.608411,4.65625,1.096354,0.11028069
1913,1659817,3.890627,4.25,0.39269364,0.03962729
1913,1659819,4.066299,3.828125,0.1580985,0.016475072
1915,687452,1.011189,0.98828125,0.2113874,0.02782685
1915,687561,2.921961,2.75,0.23302825,0.023463171
1915,687590,2.494588,3.03125,0.22231576,0.022306142
1915,687798,1.011537,0.67578125,0.31875524,0.038734242
1915,687799,0.22636,-0.8046875,0.21999839,0.14134523
1915,687807,4.093339,3.6875,0.4514199,0.045391597
1915,687829,3.027993,2.8125,0.35867354,0.036423285
1915,687983,3.214395,2.984375,0.113031805,0.01139699
1915,687985,3.283368,2.765625,0.19700082,0.02387396
1915,688013,2.849588,2.40625,0.1477553,0.0148316845
1915,688086,2.036582,2.21875,0.095256925,0.009776709
1915,724825,2.582623,2.828125,0.26475698,0.028253634
1915,724828,2.912621,3.609375,0.17908825,0.018161582
1915,724831,3.704428,3.84375,0.24030721,0.024466123
1915,749717,3.159186,3.546875,0.2422833,0.024358176
1915,753539,3.111648,2.921875,0.1544335,0.015668225
1915,753554,3.442074,2.984375,0.26586682,0.026787594
1915,753576,3.024735,3.875,0.83117473,0.08380729
1915,753592,2.627729,2.578125,0.29182208,0.02963452
1915,753605,1.891947,2.5,0.19379896,0.019777736
1915,905934,3.468139,3.8125,0.21935464,0.022036022
1915,905942,3.234628,2.921875,0.18501003,0.01872437
1915,905945,2.17363,2.578125,0.28246188,0.028466417
1915,905946,3.719637,3.828125,0.06909734,0.0069833593
1915,905948,3.243068,3.03125,0.39433515,0.039713465
1915,905963,0.425049,1.3671875,0.23925659,0.026409587
1915,905986,3.487938,3.296875,0.15412326,0.015532493
1915,905990,3.755895,3.484375,0.21931915,0.022012705
1915,906746,2.813586,3.359375,0.089184046,0.008981719
1915,906793,2.952809,3.265625,0.15880103,0.01604931
1915,906817,3.227803,3.40625,0.23708262,0.023798367
1915,906818,2.612702,3.59375,0.12678425,0.012746373
1915,906826,4.852654,4.71875,0.14100626,0.014200729
1915,906827,2.417089,3.046875,0.2567628,0.025941456
1915,906830,3.2216,3.390625,0.119997025,0.012096229
1915,906832,2.642466,2.546875,0.33138582,0.033577967
1915,906833,2.642021,2.625,0.12854859,0.01298762
1915,906834,2.010906,2.671875,0.14522679,0.014802762
1915,906842,0.502073,1.2421875,0.100835904,0.0111635085
1915,906843,1.97627,1.5,0.44647598,0.048043538
1915,906856,1.340051,1.3671875,0.16066538,0.020357732
1915,906871,3.127918,2.453125,0.34370166,0.03503303
1915,906872,4.238249,3.640625,0.33912292,0.034160685
1915,907042,2.771647,2.59375,0.11657447,0.012179514
1915,907055,2.623033,1.3359375,0.3600036,0.051245198
1915,907056,3.477233,3.3125,0.090013474,0.0093684625
1915,907062,1.560377,1.171875,0.41760647,0.044314824
1915,907071,3.90513,3.359375,0.15808512,0.016153945
1915,907278,2.870401,2.71875,0.097880244,0.009861992
1915,907287,1.343244,1.6953125,0.23021568,0.039615072
1915,907295,3.551255,2.390625,0.091566056,0.00932251
1915,907299,3.02983,2.828125,0.29436234,0.030164981
1915,907319,1.044454,1.4765625,0.16890967,0.018644562
1915,907322,2.347022,2.65625,0.08571903,0.008655068
1915,907783,1.732107,2.15625,0.39284948,0.044849057
1915,907788,2.280555,2.640625,0.12787998,0.013646757
1915,907789,2.176556,2.171875,0.14641836,0.015297555
1915,908120,1.95666,1.734375,0.6114109,0.090847924
1915,908124,2.132141,2.5,0.19957976,0.02178763
1915,908126,2.552662,2.921875,0.11715308,0.0119877895
1915,908131,3.035924,3.203125,0.08141888,0.008234234
1915,908446,2.256701,1.8828125,0.25691885,0.027586134
1915,908449,5.019034,5.0625,0.45856664,0.07102381
1915,908454,3.378805,2.65625,0.08745831,0.009203572
1915,908473,0.379906,0.18164062,0.34867918,0.060768902
1915,908475,3.248507,2.96875,0.15347476,0.015578044
1915,909251,2.709533,2.234375,0.061426736,0.0062191878
1915,909255,2.084029,3.046875,0.18161677,0.019678278
1915,909696,2.361083,2.5625,0.06060789,0.0061577084
1915,909703,2.189133,2.015625,0.10853808,0.011880271
1915,909715,1.231602,0.93359375,0.3336035,0.042134188
1915,909717,3.079676,3.4375,0.11608404,0.011676729
1915,909720,3.800819,3.078125,0.18074653,0.018187895
1915,909725,3.681948,3.296875,0.45585242,0.045837298
1915,909738,3.385002,2.390625,0.415213,0.04242858
1915,909784,3.856542,3.90625,0.08444266,0.008607122
1915,909974,2.022344,1.3203125,0.66299987,0.074340194
1915,910548,3.390602,2.859375,0.17465547,0.017540762
1915,910701,1.97408,2.203125,0.6505046,0.068907045
1915,910851,2.529258,2.65625,0.35740605,0.037027296
1915,910900,2.443774,2.65625,0.12731017,0.012910698
1915,910915,2.690915,3.59375,0.25947896,0.02623315
1915,910930,1.7356,2.0625,0.122537956,0.012980275
1915,910931,1.540553,2.515625,0.27134344,0.027657656
1915,910933,2.643414,3.09375,0.13742335,0.013825787
1915,911905,3.121526,3.984375,0.31138936,0.03244915
1915,924102,3.544132,3.796875,0.15550752,0.015711354
1915,924104,2.762921,2.828125,0.09144781,0.009225569
1915,924250,2.529048,2.75,0.32135737,0.032410905
1915,925340,3.996729,3.9375,0.31352043,0.032259293
1915,925347,3.029725,3.84375,0.120197736,0.012113489
1915,946354,0.979841,1.0390625,0.29239458,0.041433286
1915,949090,2.799968,2.1875,0.4384478,0.04503678
1915,1240121,2.5107,2.375,0.120298706,0.012261877
1915,1240146,-2.601592,0.9609375,2.053709,0.22669221
1915,1240151,3.482171,3.8125,0.16463988,0.017056704
1915,1240166,2.623902,2.6875,0.08226425,0.008385079
1915,1240173,2.628286,3.1875,0.061898395,0.0062600453
1915,1240174,2.230972,2.484375,0.23625305,0.024040204
1915,1240182,3.972237,4.0625,0.36021715,0.03651448
1915,1240183,1.366234,1.484375,0.7722474,0.08139448
1915,1240184,3.822469,4.09375,0.096025586,0.009639054
1915,1240189,2.601327,2.640625,0.12802587,0.013129586
1915,1240192,2.624547,3.015625,0.17576438,0.017741725
1915,1240197,4.034868,4.96875,0.07187531,0.007269053
1915,1240201,3.599147,2.8125,0.27024543,0.027443413
1915,1240217,3.111356,2.5,0.24604462,0.02665907
1915,1298145,2.804646,2.546875,0.17227001,0.017448392
1915,1298151,2.143166,2.734375,0.08514395,0.009484733
1915,1298168,3.052261,3.328125,0.2666786,0.026725614
1915,1298362,0.804562,2.015625,0.15923472,0.019194456
1915,1298537,1.493376,2.109375,0.37203273,0.03909066
1915,1299052,0.912805,0.38085938,1.0341717,0.3768206
1915,1299062,5.24261,4.8125,0.24780633,0.02496214
1915,1322212,2.835421,2.796875,0.09275196,0.009588914
1915,1330935,2.159473,2.84375,0.15379831,0.015559806
1915,1330964,2.527829,2.46875,0.15995215,0.016145632
1915,1330975,1.983131,2.640625,0.0951271,0.00970199
1915,1330983,2.18949,2.09375,0.22366902,0.025253152
1915,1330994,1.61914,2.234375,0.08196354,0.00855215
1915,1660035,2.874252,3.109375,0.14239725,0.014541315
1915,1674021,3.053289,3.328125,0.21420096,0.022441095
1916,683667,2.123365,2.15625,0.41122997,0.04732026
1916,684052,3.036818,3.015625,0.16456658,0.016616324
1916,687505,0.427763,1.28125,1.7554528,0.18975508
1916,687561,1.405879,1.8671875,0.16572255,0.016766183
1916,687586,3.636717,3.09375,0.4451121,0.044721734
1916,687997,5.621489,4.9375,0.1903015,0.019334465
1916,688086,3.06656,3.015625,0.19684249,0.020290544
1916,688087,3.499726,2.59375,0.35914356,0.03729053
1916,722066,5.52694,3.953125,0.3197049,0.032024413
1916,724838,2.592647,3.09375,0.2533284,0.025806393
1916,724869,3.966419,3.859375,0.15677544,0.015775768
1916,749709,1.538982,1.59375,0.29480025,0.029784486
1916,749710,3.528813,3.328125,0.27658087,0.028208412
1916,749713,2.658548,2.515625,0.19095701,0.019648286
1916,749714,3.384742,2.765625,0.1632503,0.016399868
1916,753555,2.118814,2.078125,0.06946313,0.0071237334
1916,753566,3.923278,4.03125,0.42942488,0.043548558
1916,753605,4.994402,4.40625,0.22117257,0.023077346
1916,753608,2.547005,3.34375,0.2009283,0.02016236
1916,753622,3.475761,3.171875,0.19484565,0.020066274
1916,905935,3.770962,4.53125,0.26974407,0.027367186
1916,905944,4.501476,4.3125,0.21186787,0.021405596
1916,905960,4.711197,4.28125,0.1209999,0.012200412
1916,905964,2.992882,2.390625,0.27903017,0.028322209
1916,905976,1.889779,2.9375,0.7236048,0.07603146
1916,905981,2.314408,2.25,0.39355558,0.04234898
1916,905983,3.211631,4.03125,0.7860638,0.08027122
1916,905984,0.994012,1.4453125,0.18269774,0.018722076
1916,906746,2.035453,3.328125,0.7340525,0.07429148
1916,906791,3.769287,3.796875,0.62009853,0.065573394
1916,906820,4.461907,3.0,0.21435188,0.022425544
1916,906851,2.040148,1.703125,0.093668476,0.009799617
1916,906864,1.258609,2.84375,0.46080673,0.046245195
1916,906868,2.591048,2.578125,0.27380893,0.028102418
1916,906870,1.664451,1.34375,1.4303317,0.14964163
1916,906999,2.428231,3.890625,0.30506587,0.030572653
1916,907000,2.379709,2.484375,0.16861735,0.017085306
1916,907047,2.560572,3.046875,0.23869348,0.024873683
1916,907068,4.078828,3.953125,0.1968367,0.01997938
1916,907073,2.383611,2.1875,0.29780006,0.031659056
1916,907175,2.093139,1.890625,0.22339441,0.023545658
1916,907270,1.247491,1.8515625,0.5217151,0.053032264
1916,907276,3.063087,4.28125,1.4747529,0.15112631
1916,907278,3.822744,3.640625,0.1607564,0.016182853
1916,907281,2.535176,1.9765625,0.22510351,0.022848526
1916,907290,1.835694,2.71875,0.35535792,0.03565498
1916,907788,-2.457937,-1.7421875,0.3240518,0.75757545
1916,907799,0.388594,0.38085938,0.30588254,0.038151592
1916,908121,2.12137,1.3984375,0.20236234,0.021513095
1916,908125,5.448601,4.40625,0.32778528,0.03288847
1916,908127,1.880972,1.8515625,0.23084131,0.026785498
1916,908129,2.50437,2.25,0.38108313,0.03819617
1916,908131,2.62166,2.984375,0.34472063,0.034796234
1916,908147,0.304099,0.73046875,0.32044274,0.035811428
1916,908150,3.115063,4.0625,0.25212198,0.025669008
1916,908158,0.538273,0.17382812,0.09256852,0.019396286
1916,908454,2.671272,3.0625,0.5604866,0.058004484
1916,908455,4.376029,3.265625,0.44913867,0.045456123
1916,908460,6.614501,5.34375,0.37817705,0.039459337
1916,908461,2.316334,2.109375,0.3885039,0.039812203
1916,909699,5.491311,4.875,1.1912246,0.12180793
1916,909707,3.392542,2.75,0.28907692,0.029057851
1916,909709,3.828894,3.609375,0.48244274,0.048632354
1916,909718,2.968875,3.375,0.1730835,0.018214235
1916,909720,4.172785,3.328125,0.26589894,0.02687322
1916,909728,4.443208,4.125,0.6825417,0.06845622
1916,909742,2.396872,2.53125,0.49830464,0.050218977
1916,909743,1.701111,2.109375,0.13495485,0.013790376
1916,909745,1.303697,2.015625,0.3381832,0.0355883
1916,909748,4.568276,4.09375,0.632114,0.06366015
1916,909762,1.045004,0.45117188,0.3343669,0.06899234
1916,909770,3.717737,3.734375,0.17722331,0.018567074
1916,909771,1.496793,1.84375,0.13598135,0.014030247
1916,909774,3.769499,3.671875,0.27362674,0.02785845
1916,909907,3.788054,3.640625,0.59397674,0.061406698
1916,909976,2.597961,3.09375,0.266875,0.026795467
1916,910546,4.002125,3.875,0.5422077,0.054917585
1916,910554,4.036119,3.03125,0.2169018,0.021817844
1916,910697,2.000018,1.84375,0.2348116,0.026705282
1916,910706,3.72662,2.671875,0.105116844,0.010835456
1916,910861,1.651426,0.97265625,0.6292151,0.06631895
1916,910905,2.130631,1.7109375,0.34656623,0.04166649
1916,910916,2.622059,3.671875,0.19387442,0.019898329
1916,910922,4.053182,3.765625,0.31235084,0.031353794
1916,910924,0.997872,1.4453125,0.22876406,0.025178697
1916,910931,2.605275,2.140625,0.23848203,0.024984935
1916,910947,1.609387,3.046875,0.12972227,0.014022286
1916,924110,3.28722,3.453125,0.2548286,0.025754388
1916,924187,3.628219,3.828125,1.0107716,0.101426944
1916,924247,1.477003,2.5625,0.15744333,0.016494792
1916,924250,3.471624,4.09375,0.66817504,0.0670033
1916,925346,4.506289,3.171875,0.47314754,0.04802557
1916,925347,4.903089,3.9375,0.1397011,0.013990903
1916,925348,5.163276,4.03125,0.6847647,0.069140844
1916,930082,0.174188,1.609375,1.9403958,0.3237322
1916,946360,4.425259,4.25,0.3514479,0.035286974
1916,946361,3.562113,3.640625,0.30136788,0.031529177
1916,946382,-0.027713,0.97265625,0.46512297,0.050645716
1916,998184,-2.028383,-0.6875,0.43148854,0.14527908
1916,1240142,2.142219,2.296875,0.19824609,0.020633146
1916,1240146,4.217306,4.0,0.39389834,0.039570402
1916,1240151,2.596879,2.484375,0.41920167,0.04333804
1916,1240155,1.53733,1.8515625,0.4108046,0.042427257
1916,1240172,3.986003,3.78125,0.35156658,0.035260726
1916,1240173,1.982129,1.6484375,0.5419542,0.060182795
1916,1240198,2.962617,2.953125,0.27970466,0.028859291
1916,1240201,3.545092,3.265625,0.28904307,0.029085401
1916,1240218,4.860262,5.09375,0.67212373,0.06750182
1916,1240222,0.96261,1.859375,1.4209805,0.15225367
1916,1247871,2.478614,3.28125,0.34402695,0.034670923
1916,1295740,2.501558,2.828125,0.098698206,0.009971753
1916,1295741,2.332888,1.6953125,0.23361838,0.023555726
1916,1298349,3.049587,2.765625,0.10517676,0.011223976
1916,1298350,2.322178,2.140625,0.20969397,0.021349331
1916,1298358,2.271392,3.765625,0.45469695,0.046403117
1916,1298359,1.20038,1.84375,0.3889648,0.041854985
1916,1298362,3.154967,1.9140625,0.1408369,0.0149723375
1916,1298365,2.498992,3.03125,0.24006006,0.02417643
1916,1298475,5.470329,3.703125,0.26743028,0.027002495
1916,1299081,3.344617,3.171875,0.375918,0.037793268
1916,1303900,4.040425,3.921875,0.60677344,0.062546276
1916,1330933,1.874753,2.96875,0.35642445,0.035957325
1916,1330947,0.009706,1.4609375,0.12710544,0.015203132
1916,1330972,3.326427,2.765625,0.35621876,0.03590842
1916,1330982,-0.252613,-0.09765625,0.18458794,0.023239192
1916,1330984,2.753373,2.109375,0.3282552,0.033588998
1916,1331033,-0.028462,-0.8515625,0.51604843,0.12963857
1916,1331037,-0.85464,-2.1875,0.34474415,0.22951187
1916,1331040,2.376509,2.5625,0.1392288,0.014145524
1916,1480372,3.538213,3.484375,0.12559994,0.012654908
1916,1503363,1.002485,1.8125,0.32579926,0.036410052
1916,1503365,2.334091,3.09375,0.8600036,0.08710558
1916,1503366,2.831512,3.796875,0.2806562,0.028624056
1916,1659819,0.308442,0.8828125,0.13660482,0.02694785
1917,687505,0.68884,1.546875,0.5488866,0.055232555
1917,687563,1.3606,1.4765625,0.35788545,0.03594267
1917,687596,2.91266,3.140625,0.6537893,0.06609766
1917,687777,4.347757,3.140625,1.0539168,0.105745174
1917,687780,0.592962,1.3671875,0.45853505,0.04594679
1917,687799,0.05539,1.8359375,0.7041465,0.07328647
1917,687821,3.296976,4.3125,1.0942628,0.110203125
1917,687980,2.838896,1.9609375,0.8268855,0.083542526
1917,687995,2.640153,1.671875,0.32406595,0.033051405
1917,688018,3.634246,2.296875,3.4074724,0.3452652
1917,688025,4.751666,1.953125,1.2319703,0.123878226
1917,688027,2.900417,1.6953125,0.86030823,0.08645064
1917,688031,1.394971,1.15625,0.52550983,0.053473856
1917,722045,2.201098,2.0625,0.33574325,0.033710156
1917,722066,4.974553,2.625,0.60743743,0.06094748
1917,724859,1.802576,1.59375,0.18859513,0.018963793
1917,724870,3.557353,1.8671875,0.52872753,0.053325485
1917,724878,3.970766,3.375,0.7364765,0.07375727
1917,749709,2.615441,2.9375,1.3321244,0.13384247
1917,749711,3.923528,3.46875,2.0424085,0.20468315
1917,749716,2.15972,3.203125,1.5764183,0.15817057
1917,753566,4.48246,3.578125,1.0593164,0.1061341
1917,753573,-0.601662,1.8125,0.90725344,0.09145515
1917,753576,4.067525,3.375,0.48640144,0.048808463
1917,753586,4.166291,2.0625,0.39229196,0.03933167
1917,753600,3.230709,3.515625,0.58655566,0.05882919
1917,753605,1.840595,1.890625,1.5990736,0.16319004
1917,753618,0.358922,0.052734375,0.31837195,0.03230078
1917,753621,1.590134,1.9453125,0.9346218,0.093947664
1917,905938,2.043151,1.5078125,0.5586914,0.05668266
1917,905939,0.452898,1.5546875,0.43083766,0.04324247
1917,905941,6.853414,5.03125,0.7711712,0.07716806
1917,905942,1.525301,1.953125,0.5508502,0.055294372
1917,905948,2.0928,2.109375,1.0427297,0.10553188
1917,905949,1.834927,1.53125,0.5140135,0.05153563
1917,905959,1.669164,3.234375,0.9097506,0.09124435
1917,905963,1.894054,1.9921875,0.31553042,0.031733043
1917,905964,0.316007,1.359375,0.21305776,0.021691807
1917,905970,4.34935,4.53125,1.3498428,0.13522664
1917,905972,2.011554,2.46875,0.5757102,0.057629913
1917,905976,3.254688,1.890625,1.0380609,0.10464112
1917,905977,6.115923,3.890625,1.3165797,0.13236356
1917,905983,3.430437,3.125,1.0144626,0.10237091
1917,905985,1.565593,1.6171875,0.44205657,0.044344943
1917,906696,2.194913,1.703125,0.7199942,0.07230949
1917,906797,2.08499,2.1875,0.9966872,0.100421906
1917,906798,2.922614,2.296875,0.23170175,0.023432974
1917,906801,3.020697,2.78125,1.1843425,0.11932925
1917,906804,1.82349,1.0,0.3117927,0.031662535
1917,906826,3.015118,3.1875,1.1159551,0.11231688
1917,906830,1.845098,2.078125,0.38932315,0.039147582
1917,906855,0.592636,0.55859375,0.43602976,0.043851722
1917,906856,0.164478,-0.609375,0.5185026,0.053350683
1917,906865,2.291877,2.171875,0.57771134,0.058061995
1917,906875,-0.100433,0.7734375,0.3346665,0.033669878
1917,906999,4.295135,2.59375,1.0295241,0.103189744
1917,907045,3.759538,4.40625,1.112732,0.11449318
1917,907055,0.695898,0.8515625,0.24415989,0.02465288
1917,907066,2.009627,4.3125,1.2357237,0.12434659
1917,907271,2.321974,2.671875,0.8547432,0.08560975
1917,907273,-0.860845,0.76171875,0.2826199,0.028686574
1917,907276,4.589889,3.515625,1.6839395,0.16958943
1917,907285,1.75562,3.25,0.46467116,0.046555925
1917,907289,3.306702,2.25,0.6856526,0.06895641
1917,907299,1.315559,1.515625,0.6271603,0.06308517
1917,907312,0.745785,1.2109375,0.2900719,0.029053155
1917,907313,3.999308,2.59375,0.9509769,0.09527945
1917,907317,3.017638,1.609375,0.2188869,0.022169989
1917,907319,1.992481,1.9609375,0.26933292,0.027032506
1917,907321,2.088436,2.578125,2.3420405,0.2354206
1917,907322,1.539165,1.84375,0.5453912,0.05508506
1917,907788,0.78794,1.5,0.6850642,0.070368886
1917,907791,3.087569,3.15625,1.1788958,0.11819754
1917,908127,1.902602,1.1640625,0.41882083,0.042985737
1917,908128,2.810387,3.1875,1.3795497,0.13833858
1917,908131,3.153962,1.8671875,0.15966581,0.01607993
1917,908132,0.254575,0.91015625,0.57705873,0.0579788
1917,908135,0.349797,-0.26367188,0.24802765,0.025266407
1917,908138,1.616686,1.703125,0.4208946,0.042239733
1917,908150,2.48655,2.359375,0.37326223,0.03740706
1917,908152,4.396326,2.296875,2.5067587,0.25234768
1917,908156,-0.425887,-1.03125,0.6855189,0.07213977
1917,908447,1.484517,0.25195312,0.87735885,0.08953697
1917,908451,0.596347,1.015625,0.26615018,0.027040627
1917,908455,1.721234,2.328125,0.3303322,0.03324675
1917,908474,1.022609,1.5546875,0.55108935,0.05529377
1917,908481,1.051211,2.578125,0.9867401,0.09898492
1917,909250,2.748014,3.484375,0.8985672,0.09006387
1917,909264,4.664937,3.03125,1.2409341,0.12509163
1917,909698,1.011073,1.484375,0.1770682,0.017804727
1917,909703,0.871318,0.18554688,0.23503692,0.023815326
1917,909706,2.36928,4.09375,1.2697886,0.12756096
1917,909707,3.899599,2.203125,0.51606405,0.0516742
1917,909709,3.146961,3.0625,1.0545206,0.105982974
1917,909712,1.492056,1.3828125,0.41496593,0.041692857
1917,909717,2.146319,2.21875,0.31075865,0.03125877
1917,909726,1.486626,1.7890625,0.5396977,0.054150783
1917,909731,-0.522846,0.6875,0.48890352,0.04903507
1917,909743,1.319724,1.0546875,0.3949165,0.03973147
1917,909750,0.439889,1.25,0.59855604,0.06011337
1917,909753,2.619811,3.203125,0.45453104,0.04551281
1917,909755,3.033761,3.109375,0.9474056,0.09510062
1917,909770,0.309023,2.40625,1.5199147,0.15283188
1917,909777,1.280173,0.7734375,0.61192614,0.062003966
1917,909781,5.265026,5.34375,0.3776724,0.037920035
1917,909904,4.55495,2.96875,0.9261836,0.09275622
1917,910548,2.524118,1.7265625,0.477671,0.04797281
1917,910567,0.888553,1.0703125,0.42794004,0.043149166
1917,910701,4.402339,4.125,1.4782709,0.14913306
1917,910899,2.422112,2.09375,0.56708676,0.056938104
1917,910900,2.613789,2.296875,0.5747361,0.05778163
1917,910904,3.515308,2.921875,0.71395755,0.0716846
1917,910947,0.428452,0.22851562,0.1700038,0.017218858
1917,924187,3.346207,3.0,0.7299873,0.07342839
1917,924189,2.173815,1.7109375,1.012315,0.10209832
1917,925340,1.313092,2.765625,2.7066028,0.27117756
1917,925347,4.19116,4.0625,0.5755605,0.05762708
1917,925348,4.895535,3.90625,0.43957347,0.04466028
1917,946360,3.083344,2.828125,0.6530193,0.06595561
1917,946361,1.400421,2.484375,0.7378735,0.0739801
1917,949176,1.134699,1.4609375,0.25899127,0.026071856
1917,949179,2.461656,2.328125,1.0764613,0.10856787
1917,1240122,2.81852,3.0625,0.8038991,0.08058719
1917,1240127,2.344076,2.640625,0.98798186,0.0992511
1917,1240147,2.626456,1.1328125,0.37380782,0.03764616
1917,1240155,3.180464,2.21875,1.139984,0.114572346
1917,1240159,5.919418,3.234375,0.93703914,0.09398128
1917,1240166,-0.801559,0.39648438,0.24964039,0.025256166
1917,1240169,0.849943,3.765625,1.4935503,0.15094645
1917,1240174,0.897656,2.546875,0.42366925,0.042862702
1917,1240187,1.51507,1.5390625,0.39910975,0.04001523
1917,1240190,2.212007,2.03125,0.9123203,0.09147035
1917,1240191,0.000457,1.1328125,0.44418907,0.044616267
1917,1240212,2.682908,1.890625,0.28042397,0.028694626
1917,1240215,4.476651,2.984375,0.55351686,0.055526093
1917,1290730,0.973004,1.6953125,0.2024696,0.020570735
1917,1290765,2.959042,2.390625,0.8022836,0.08049744
1917,1290798,3.855421,4.65625,0.75767946,0.076149404
1917,1290922,1.042664,2.109375,0.57387143,0.05794393
1917,1298134,2.019567,2.109375,0.45343924,0.045945134
1917,1298151,2.055633,3.03125,0.32674992,0.033069484
1917,1298157,1.215378,2.390625,0.99330217,0.099830315
1917,1298215,-0.246312,0.76953125,0.15292905,0.015450845
1917,1298353,3.068655,3.765625,2.0607998,0.20763731
1917,1298534,3.676787,2.640625,0.45393154,0.045794178
1917,1299070,1.463572,1.7109375,0.43431675,0.043939915
1917,1299075,4.64781,3.078125,0.76356965,0.07662959
1917,1330931,0.053448,0.8984375,0.2527296,0.025730869
1917,1330942,2.348718,2.984375,0.97801495,0.099573515
1917,1331033,0.964125,0.6953125,0.34558657,0.035146903
1917,1503361,3.579313,1.4453125,0.4496119,0.045346178
1917,1503367,0.209737,1.7265625,2.061,0.20910108
1917,1503371,1.954735,2.765625,0.8275246,0.08308725
1918,687506,2.781767,3.078125,0.2762861,0.027696412
1918,687562,2.643872,2.734375,0.2277283,0.022828715
1918,687592,3.723829,2.671875,0.5325547,0.053363815
1918,687802,3.771838,3.859375,1.3554045,0.1357422
1918,687821,4.46222,3.875,0.8518268,0.08595909
1918,688013,4.925421,3.84375,0.24727987,0.024831202
1918,688031,4.838483,3.8125,0.42916098,0.043028206
1918,722046,2.267364,2.390625,0.7235312,0.07691843
1918,724812,4.273026,4.0625,0.6528111,0.06537239
1918,724868,3.220344,2.921875,0.16945368,0.016986951
1918,724869,3.519011,3.265625,0.32121995,0.032251954
1918,724870,4.696704,4.53125,0.42377648,0.04269789
1918,724872,4.367641,4.25,0.25934803,0.026011573
1918,724873,3.276281,2.703125,0.20608017,0.02067295
1918,724874,2.041501,3.125,0.5902269,0.059349045
1918,749717,3.890023,2.953125,0.7008822,0.070192546
1918,753540,2.534079,2.953125,0.5837815,0.058504574
1918,753541,2.793028,2.9375,0.3353182,0.033741906
1918,753556,1.607596,1.1875,0.112422995,0.011567625
1918,753574,4.114347,3.5625,0.54953706,0.0549838
1918,753604,1.007747,1.3515625,1.0557117,0.10925509
1918,753608,3.333201,3.265625,0.18786907,0.018813178
1918,753615,5.236695,4.8125,0.81722724,0.08240097
1918,753618,3.162878,3.875,0.13586867,0.013883753
1918,753623,2.928669,2.9375,0.34593916,0.03467881
1918,905937,3.457436,2.96875,0.11476486,0.011510457
1918,905950,2.017267,3.453125,0.33590132,0.033721846
1918,905959,3.404784,2.59375,0.45580322,0.045640197
1918,905968,0.035174,0.04345703,0.57596326,0.08601086
1918,905969,3.753655,3.046875,0.6469854,0.06473626
1918,905977,4.946105,4.78125,0.42512667,0.042588998
1918,905986,4.844744,4.09375,0.25546196,0.025598168
1918,906800,1.780009,2.25,0.29683262,0.029893989
1918,906805,2.783544,2.1875,0.8195966,0.08283297
1918,906813,2.985385,2.84375,0.85348773,0.08595468
1918,906825,2.737979,2.984375,0.49898306,0.050070982
1918,906826,4.929339,2.734375,0.6616111,0.06667695
1918,906833,3.33554,2.96875,0.23647442,0.023709217
1918,906843,4.357059,3.78125,0.7096523,0.07125233
1918,906851,1.701919,1.7265625,0.28876364,0.029259237
1918,906852,4.318683,1.9375,2.9175823,0.29642382
1918,906863,3.959222,3.8125,0.38269415,0.038450416
1918,906872,4.448593,3.9375,1.1595911,0.11723389
1918,906999,3.663845,3.828125,0.404402,0.040500395
1918,907053,4.366538,3.671875,0.2207184,0.022307023
1918,907055,0.762631,0.71875,0.33412382,0.04713481
1918,907171,3.187887,3.625,0.506588,0.05075562
1918,907270,2.09227,2.28125,2.5586338,0.25672156
1918,907271,2.668483,2.78125,1.1964118,0.1197636
1918,907291,3.255103,2.296875,0.24830845,0.025253506
1918,907789,3.888218,3.171875,0.20818664,0.020991445
1918,907792,2.946898,3.546875,0.82292783,0.0824602
1918,908132,2.248533,3.453125,0.5544236,0.05565307
1918,908148,0.332746,1.9140625,0.5245402,0.053497724
1918,908156,3.633806,2.171875,1.6645293,0.16919914
1918,908159,1.734605,1.5859375,0.6275989,0.06463358
1918,908447,3.432658,4.59375,0.43048045,0.043335143
1918,908451,2.78013,3.515625,0.5551627,0.05567065
1918,908454,2.695276,2.75,0.5288985,0.053471286
1918,908467,3.056757,3.515625,0.29560563,0.029676476
1918,908471,5.247921,4.65625,0.32204574,0.032394126
1918,908473,2.25949,2.84375,0.42438725,0.042610414
1918,908480,2.545595,3.578125,0.41803592,0.04196247
1918,909248,5.618938,4.15625,0.86307776,0.086444534
1918,909712,2.401667,1.765625,0.2823287,0.02888953
1918,909715,2.60268,2.671875,0.2262586,0.02352031
1918,909726,4.56901,4.3125,0.3436867,0.034453012
1918,909762,2.236602,1.6875,1.9190537,0.20134227
1918,909776,3.994948,4.5,0.2064165,0.020676466
1918,909778,2.892059,0.95703125,0.3806083,0.0441636
1918,910079,2.861534,3.640625,0.50356877,0.050635315
1918,910546,4.11924,4.71875,0.6143016,0.0615632
1918,910689,5.808162,5.53125,2.3688695,0.25729355
1918,910698,2.102571,1.8203125,0.593193,0.06015651
1918,910700,-0.097631,2.46875,2.3430343,0.23704523
1918,910701,5.029663,3.984375,1.1230106,0.11398818
1918,910852,3.821016,3.109375,0.6172155,0.06205234
1918,910904,3.934405,3.3125,0.2987534,0.029975545
1918,910918,3.280391,3.265625,0.25810924,0.025903078
1918,910926,2.991903,3.109375,0.37880757,0.037986092
1918,910927,3.366148,2.328125,0.5642326,0.056637697
1918,910934,2.008766,1.2578125,0.916276,0.09472674
1918,910947,3.261571,3.484375,0.20557727,0.020813799
1918,910952,-0.630522,0.48046875,1.6587205,0.27842593
1918,911905,3.658712,4.1875,0.4488954,0.04517971
1918,924104,3.522517,3.125,0.29206166,0.029292615
1918,924105,1.362359,1.5859375,0.63877356,0.06673803
1918,924106,2.146916,-0.31835938,0.19727375,0.065774985
1918,924248,2.106659,2.859375,0.31712455,0.03175966
1918,925348,6.096754,3.34375,0.25820318,0.025912507
1918,930301,1.079113,1.6328125,0.9297411,0.09653671
1918,1240122,4.651353,3.984375,0.6052937,0.060645055
1918,1240147,2.525812,1.40625,0.3581017,0.036669474
1918,1240158,3.373697,3.609375,0.64944685,0.0652424
1918,1240169,4.370906,4.3125,0.54577047,0.054710977
1918,1240182,5.075834,5.40625,0.43100396,0.043906078
1918,1240185,2.60747,3.140625,0.82346433,0.08257542
1918,1290722,2.948205,2.671875,0.16574626,0.016590556
1918,1290769,4.096954,4.65625,0.40737954,0.040970355
1918,1299050,3.23015,2.890625,0.40653422,0.040747143
1918,1299064,2.145837,2.703125,0.48731095,0.04906641
1918,1299070,4.775707,3.625,0.22493124,0.022568567
1918,1303900,5.374136,4.0,1.3022927,0.13185143
1918,1330931,4.081552,3.046875,0.14382313,0.014668486
1918,1330942,5.141149,4.71875,0.23263872,0.02377221
1918,1330972,3.343166,3.0625,0.4946588,0.049666002
1918,1331033,0.599207,1.703125,0.94482493,0.09599339
1918,1480362,3.75535,4.09375,0.5728947,0.057430055
1918,1480374,2.364701,2.3125,0.46844393,0.04786799
1918,1503361,2.589096,3.671875,0.24630515,0.024664955
1918,1659819,1.471741,2.328125,0.5689757,0.05835083
1918,1659928,3.138721,3.546875,0.47351953,0.047721144
1918,1674021,3.099632,3.03125,0.21515924,0.021659419
1919,684052,1.372555,1.96875,0.13660721,0.014200759
1919,687448,2.918938,3.328125,0.22824754,0.024220766
1919,687457,2.301737,2.96875,0.08573604,0.008702407
1919,687586,2.869108,2.484375,0.18469268,0.018764615
1919,687596,2.041674,2.484375,0.39572012,0.04061479
1919,687777,0.105057,0.890625,0.2075871,0.026840154
1919,687780,2.272615,1.9453125,0.09909422,0.01061764
1919,688011,1.661529,2.53125,0.24866137,0.025733842
1919,688015,2.032167,1.1640625,0.17983112,0.01901655
1919,688027,2.062334,2.171875,1.8531058,0.1893598
1919,688121,2.528775,2.734375,0.2780995,0.033793874
1919,724838,2.855841,2.609375,0.09463689,0.009657964
1919,724872,1.849159,1.609375,0.15842026,0.016430423
1919,753535,0.787556,0.85546875,0.22971024,0.024718221
1919,753541,0.479153,0.4765625,0.35091627,0.06195535
1919,753554,1.171696,2.234375,0.20377398,0.020866375
1919,753562,0.527526,-0.49023438,1.4617827,0.21000211
1919,753600,0.882932,1.2421875,0.22432525,0.022865156
1919,753604,-1.083086,-1.296875,0.35793772,0.23648916
1919,753608,-3.304365,-1.0703125,3.4222064,1.1410314
1919,905944,1.852038,2.578125,0.27777115,0.028007647
1919,905947,1.76652,1.6640625,0.123249024,0.01287686
1919,905955,1.44943,2.015625,0.17042427,0.01796263
1919,905956,2.523564,2.15625,0.14457159,0.015428008
1919,905963,-0.067723,0.57421875,0.19653977,0.025237124
1919,905983,2.841872,2.625,0.1831924,0.018496979
1919,906792,1.584946,2.03125,0.16896501,0.01796263
1919,906826,4.562871,3.578125,0.08840958,0.00902245
1919,906844,0.55197,1.8046875,0.28228086,0.028949082
1919,906849,1.288454,1.734375,0.32462713,0.04100047
1919,906851,1.647002,1.9296875,0.15648952,0.01598039
1919,906856,-0.020123,0.6484375,0.22919305,0.032048322
1919,906872,2.713936,3.015625,0.1945326,0.019642001
1919,907042,2.21253,1.9921875,0.3268599,0.033520848
1919,907053,1.739914,1.40625,0.55130625,0.05883284
1919,907055,1.179944,0.609375,0.61339664,0.08937792
1919,907064,2.29212,2.890625,0.17714666,0.017876128
1919,907269,1.569019,1.3515625,0.475223,0.05277244
1919,907291,1.195008,1.0390625,0.10908887,0.015972052
1919,907791,3.021917,2.625,3.3662312,0.34765908
1919,907794,3.102881,3.171875,0.2270457,0.024378564
1919,908120,-1.89645,0.07763672,0.42321903,0.16458982
1919,908128,2.565102,2.953125,0.11184603,0.0113329
1919,908130,2.030872,1.9375,0.20532589,0.020882089
1919,908131,3.42693,2.4375,0.07366347,0.007579512
1919,908448,0.765881,0.91796875,0.43418524,0.04513495
1919,908452,3.087973,2.15625,0.32593888,0.03314869
1919,908459,3.506167,2.046875,0.27166605,0.027474731
1919,908461,-2.790981,-0.9609375,13.095041,2.406479
1919,908465,0.645906,0.69140625,0.2838674,0.04136227
1919,908468,3.26801,2.4375,0.32028052,0.032427
1919,908469,2.021133,1.921875,0.29391128,0.030141827
1919,908472,3.1689,2.453125,0.35244152,0.035863094
1919,909248,2.672866,2.703125,0.1312914,0.013273475
1919,909249,1.158681,1.5078125,0.18993327,0.020268796
1919,909264,3.08244,2.21875,0.15412046,0.016915632
1919,909699,1.006485,0.57421875,0.0798107,0.06149106
1919,909702,0.255783,0.44921875,0.49711785,0.066696614
1919,909715,0.834811,0.12207031,0.25332373,0.030536124
1919,909718,0.816516,0.28320312,0.08914868,0.01758624
1919,909726,2.323746,2.65625,0.21342094,0.022568567
1919,909727,2.309031,2.15625,0.68644315,0.07153262
1919,909744,-1.398419,-0.703125,2.7027543,0.54516435
1919,909751,-1.242085,-0.26757812,2.9871814,1.1385645
1919,909757,3.38928,2.09375,0.16882165,0.018581195
1919,909762,1.301142,0.5078125,0.13614878,0.013931543
1919,909771,0.562945,1.265625,0.32257608,0.033747986
1919,909774,2.123578,2.640625,0.28387874,0.02888641
1919,909778,-1.606152,-1.1796875,1.8524407,0.4593271
1919,909785,-0.222781,0.27929688,1.735283,0.19330436
1919,909905,1.643128,2.015625,0.13886121,0.014975708
1919,910548,2.508883,2.109375,0.12621857,0.012711463
1919,910689,2.989028,2.5,0.30808333,0.0487759
1919,910697,0.333165,0.06640625,0.21415317,0.089634255
1919,910700,1.752247,1.1015625,1.2477472,0.13813767
1919,910701,1.396178,1.78125,0.81669086,0.08807733
1919,910704,-1.015011,-0.73828125,1.4328126,0.2268436
1919,910706,1.269673,0.9921875,0.20454615,0.022645235
1919,910784,1.397469,2.296875,0.25174928,0.025508722
1919,910851,2.724807,1.859375,0.5832229,0.068271846
1919,910904,1.553656,2.125,0.59704804,0.06313588
1919,910906,0.95835,1.1484375,0.09561635,0.010128506
1919,910911,0.418369,0.15234375,0.34147802,0.041054748
1919,910918,0.717073,0.82421875,0.2150646,0.022531575
1919,910921,3.329449,2.234375,0.19978444,0.020388573
1919,910924,1.630018,1.6484375,0.41716406,0.043042038
1919,910925,-0.027313,-0.033203125,0.084453575,0.030316591
1919,924102,2.853857,3.359375,0.29529127,0.030098623
1919,924244,-3.272124,0.49023438,0.8206285,0.10967347
1919,924247,1.58333,0.41210938,0.3196849,0.03895436
1919,925346,1.574116,1.234375,0.533977,0.05860713
1919,930082,1.708272,1.8046875,0.4512386,0.047637448
1919,930301,2.124218,1.2890625,0.28527662,0.03457185
1919,946353,0.913619,1.921875,0.16365166,0.017145218
1919,949176,1.114485,1.7421875,0.32614642,0.035338145
1919,1240123,-1.42341,-1.6875,0.55109936,0.2832257
1919,1240125,2.037758,1.9609375,0.307549,0.032695465
1919,1240128,2.527916,2.390625,0.18400848,0.018842397
1919,1240145,2.473396,1.7734375,0.43808916,0.06073187
1919,1240146,-3.590724,-0.4453125,2.9604962,0.4313734
1919,1240155,1.253571,1.703125,0.7818452,0.08267758
1919,1240158,1.535497,2.09375,0.09702321,0.010098024
1919,1240178,2.782147,2.640625,0.30175677,0.030528793
1919,1240185,1.088707,1.15625,0.8808687,0.09241852
1919,1240217,1.666099,1.7578125,0.52663916,0.05780176
1919,1247871,1.556791,1.1953125,0.37661868,0.039633017
1919,1290722,2.073001,2.234375,0.1551956,0.015719008
1919,1290798,-0.625728,0.59375,1.1450498,0.21334316
1919,1290806,1.894604,2.5,0.73122364,0.0778822
1919,1290922,-1.239623,-0.40039062,0.35121492,0.061606567
1919,1297446,2.08227,1.1328125,0.08001933,0.008318267
1919,1298144,1.597776,2.203125,0.3935585,0.04091167
1919,1298215,0.137221,0.8125,0.34014717,0.040894747
1919,1298350,-0.34841,1.640625,0.509595,0.051882815
1919,1298356,3.696597,3.484375,0.5943907,0.060389575
1919,1298358,3.873415,2.640625,0.15559998,0.016400158
1919,1298359,-0.358252,-0.34179688,0.16828579,0.044581037
1919,1298537,1.415262,1.546875,0.68144757,0.073327914
1919,1299052,0.914886,-1.1171875,1.3984671,1.070146
1919,1303896,1.139363,0.859375,0.9056033,0.09836164
1919,1323913,1.348304,0.40429688,0.84934914,0.09773467
1919,1327768,1.328501,1.3046875,0.54490846,0.0581501
1919,1330931,2.088118,1.4609375,0.47960645,0.051608577
1919,1330942,1.352197,1.8671875,0.15555397,0.016738554
1919,1330950,1.540814,1.515625,0.08574735,0.009522049
1919,1330985,1.007146,1.1015625,0.4382693,0.04605035
1919,1330995,1.779754,1.6640625,0.074539185,0.007954475
1919,1331038,1.053874,1.0625,1.5748949,0.17658827
1919,1331048,0.963164,1.0078125,0.18944298,0.019428167
1919,1480371,1.367061,2.234375,1.3580793,0.14085203
1919,1503365,1.863469,1.9296875,0.2568094,0.03183784
1919,1503371,-1.707318,-0.89453125,2.8094795,0.39811262
1919,1659818,0.862097,1.265625,0.13262995,0.014871401
1919,1660036,1.891271,2.40625,0.21118438,0.021927658
1922,684052,1.612537,2.34375,0.49250525,0.049791954
1922,687562,1.891675,1.8203125,0.23343292,0.024040204
1922,687568,1.383442,2.609375,0.7753502,0.07805212
1922,687590,1.843427,2.59375,0.45200792,0.045389462
1922,687596,3.342408,3.015625,0.5350602,0.054416783
1922,687787,1.134053,2.265625,0.59728074,0.060449183
1922,687798,4.779838,2.4375,0.5685108,0.0577602
1922,687799,1.770855,0.40039062,0.5135587,0.07483055
1922,687820,4.196268,3.90625,0.6609726,0.06631895
1922,687980,1.912639,2.15625,0.4832992,0.049102776
1922,687995,3.119105,2.703125,0.20542471,0.020870972
1922,688015,1.892588,1.6875,0.18665665,0.019189212
1922,713880,1.763837,1.984375,0.3611622,0.036610276
1922,724834,4.125472,3.65625,0.36976114,0.03706685
1922,724839,3.484115,4.25,1.1457753,0.1149996
1922,724863,2.68665,2.625,1.0626557,0.10736304
1922,724870,3.335837,2.734375,0.5668269,0.05832295
1922,749712,0.868407,2.015625,0.34703988,0.03486308
1922,749715,2.052351,1.578125,0.4713961,0.050208118
1922,749716,5.199446,2.5,1.9550825,0.19772573
1922,753539,2.06521,1.890625,0.36744082,0.037546974
1922,753554,2.440954,2.140625,2.3027036,0.23313865
1922,753555,1.691158,1.6796875,0.16309872,0.016996132
1922,753570,1.529092,1.875,0.14906673,0.01607634
1922,753576,2.922297,3.078125,1.0001056,0.10054655
1922,905937,1.819462,1.5390625,0.12861831,0.013109885
1922,905938,1.940031,2.28125,0.86291355,0.087955564
1922,905939,1.555397,1.5,0.59531933,0.06181309
1922,905942,3.250537,2.984375,0.3156665,0.031903002
1922,905943,3.737027,1.53125,0.20746024,0.021938242
1922,905946,3.747169,2.734375,0.6562139,0.06643878
1922,905950,0.896126,1.84375,0.28491935,0.02889406
1922,905951,1.770483,2.21875,0.45063826,0.045574944
1922,905955,1.685024,2.671875,2.070041,0.20830102
1922,905956,4.147551,2.421875,0.5860771,0.059272442
1922,905968,0.009254,0.80859375,0.26786008,0.031878762
1922,905972,2.83555,2.828125,0.38444823,0.03852808
1922,905974,1.217823,1.7265625,0.18426622,0.019132698
1922,905981,1.367115,1.8125,0.35273802,0.03568658
1922,905983,2.292392,3.171875,0.52261823,0.052550793
1922,905985,2.429861,2.46875,0.6584783,0.06610604
1922,905986,3.946356,2.65625,0.27143398,0.027342213
1922,906696,1.938388,2.078125,0.5391914,0.05430193
1922,906793,2.114195,2.21875,0.2267199,0.022872282
1922,906808,1.615171,3.1875,0.83426,0.08437222
1922,906814,1.708812,1.78125,0.8806981,0.08956891
1922,906825,2.652211,2.21875,0.6027801,0.061241932
1922,906828,1.990013,2.1875,0.37371162,0.038162664
1922,906842,1.831076,1.671875,0.1149837,0.0118208835
1922,906843,1.976828,2.140625,1.3027041,0.13113922
1922,906849,1.950735,2.703125,0.607458,0.062865525
1922,906852,2.533719,2.578125,1.5454406,0.156243
1922,906855,1.827939,1.6953125,0.6384592,0.06493269
1922,906865,2.13089,2.15625,0.31567234,0.03213919
1922,906872,1.749584,2.546875,0.27293363,0.027454007
1922,906875,1.183154,1.859375,0.68438923,0.0692652
1922,907046,1.958008,1.5390625,0.38349506,0.03885798
1922,907273,1.424313,1.6875,0.553855,0.056634106
1922,907274,0.818326,1.875,0.16684954,0.016880201
1922,907275,-1.644223,1.2421875,0.2810387,0.029362472
1922,907295,2.529178,3.171875,0.51391417,0.052352082
1922,907298,-1.100242,1.7265625,0.27116954,0.027454728
1922,907299,-0.6873,1.7109375,0.31831276,0.032505445
1922,907313,1.582643,2.390625,0.74969697,0.07542496
1922,907320,1.212467,1.796875,0.63314044,0.06574012
1922,907322,1.695713,1.8203125,0.3517606,0.035969064
1922,907788,2.079508,1.6796875,0.5185088,0.05456465
1922,907790,1.319057,1.3671875,2.2050428,0.2389176
1922,908121,3.251811,1.7890625,0.56877744,0.059346758
1922,908126,1.155345,1.6875,1.0500747,0.10737474
1922,908129,2.470572,2.28125,1.4540814,0.1465778
1922,908132,2.634917,1.9921875,0.32478002,0.032774027
1922,908135,1.900695,1.7734375,0.38622433,0.039021313
1922,908158,1.313905,1.4453125,0.26016638,0.026896605
1922,908443,1.111054,1.96875,0.73257387,0.075187825
1922,908444,2.215693,2.203125,0.65341556,0.066082664
1922,908449,6.20781,5.34375,1.1818869,0.15228395
1922,908452,5.759949,2.625,1.0714996,0.10764116
1922,908460,5.836243,4.84375,1.3355747,0.14172615
1922,908463,3.631743,2.984375,0.90463656,0.09174042
1922,908467,2.216925,2.015625,0.4588061,0.047694366
1922,908468,5.436495,3.578125,0.9618294,0.097032666
1922,908471,1.09839,2.515625,0.3856981,0.04024409
1922,908472,4.8803,3.0,0.70379746,0.070793994
1922,908483,2.024916,1.78125,0.44686916,0.045401517
1922,909248,2.419973,2.734375,0.6399167,0.064267255
1922,909251,1.154227,1.34375,0.1419149,0.014347503
1922,909255,1.89305,1.7109375,0.21975982,0.022991324
1922,909260,1.863451,1.59375,0.31046793,0.031348016
1922,909702,0.793467,1.140625,0.26413435,0.027712308
1922,909713,2.802064,2.296875,0.85280067,0.08573711
1922,909722,1.912329,1.8828125,0.4808134,0.0499821
1922,909736,1.85463,1.9609375,0.51176697,0.05177557
1922,909746,3.225708,2.84375,0.7748123,0.078066744
1922,909751,1.060856,1.046875,6.810004,0.7361252
1922,909753,4.732788,3.265625,0.72768956,0.07302877
1922,909774,3.089473,2.796875,0.801626,0.08050782
1922,909778,3.404071,1.8828125,1.3113289,0.13758133
1922,909781,3.918635,5.15625,0.757204,0.08049818
1922,909907,5.806623,3.625,1.3082001,0.14140946
1922,909976,2.489595,2.046875,0.7943952,0.080398604
1922,910700,2.209443,1.9921875,0.87542754,0.089849636
1922,910779,3.348529,3.78125,1.0461353,0.10498703
1922,910781,0.855006,2.59375,0.5622923,0.056866985
1922,910784,-0.593605,2.328125,0.647454,0.065007344
1922,910861,1.818995,1.703125,0.22703224,0.023023648
1922,910919,1.420627,1.4296875,0.2143515,0.021777928
1922,910922,1.640987,1.671875,0.5228999,0.052697685
1922,910924,1.637452,1.890625,0.4025627,0.040757712
1922,910925,2.418562,1.765625,0.15438528,0.016541908
1922,910937,1.107974,1.90625,0.2797987,0.028572468
1922,910941,1.207813,1.515625,0.4949062,0.049864613
1922,910943,1.011866,1.890625,0.41350585,0.041663066
1922,924106,1.59067,1.828125,0.3412617,0.036347587
1922,924239,2.031603,1.7421875,0.21261328,0.022026753
1922,924240,1.635669,2.53125,0.40241364,0.04097048
1922,930082,2.18039,2.0625,0.442136,0.04517971
1922,998189,2.69746,2.359375,0.2208932,0.022256246
1922,1240123,0.987787,1.875,0.38997358,0.040975768
1922,1240127,2.643726,2.21875,0.6271401,0.06328563
1922,1240159,4.726889,2.796875,1.125759,0.113238506
1922,1240172,4.355187,3.453125,0.72835493,0.07333667
1922,1240174,1.723344,2.1875,0.38674924,0.039220765
1922,1240179,1.326651,2.578125,0.42337376,0.043322086
1922,1240182,5.318083,4.0,0.7176181,0.0728399
1922,1240186,3.197719,3.15625,0.8235905,0.0829623
1922,1240191,1.832733,1.859375,0.34239376,0.034652755
1922,1240207,2.844547,2.171875,0.22918136,0.02320361
1922,1240223,5.430109,4.125,0.7494261,0.07566972
1922,1290730,1.520054,1.703125,0.17064747,0.018210705
1922,1290798,2.982217,1.8203125,0.26682863,0.03279035
1922,1290807,0.172188,1.90625,0.8350581,0.08480012
1922,1290905,3.373803,4.0625,1.2957394,0.13123913
1922,1297447,2.560438,2.359375,0.43594417,0.04548681
1922,1298136,3.264577,2.359375,0.55626506,0.056219224
1922,1298151,1.866088,3.0,0.48435044,0.04983664
1922,1298218,3.332608,2.9375,0.41873065,0.042047843
1922,1298347,3.634595,3.140625,1.1834391,0.12001417
1922,1298358,4.941862,2.625,1.5820863,0.15956332
1922,1298526,2.641669,2.703125,1.1204933,0.113103025
1922,1299050,2.285624,2.21875,0.5712668,0.057838257
1922,1303900,2.067384,2.859375,1.1493696,0.116774954
1922,1323913,1.809491,1.109375,0.53383607,0.054664604
1922,1327766,1.903724,1.8359375,0.16237076,0.017086891
1922,1327775,1.752623,1.9609375,0.1309278,0.013483663
1922,1330950,1.665609,1.671875,0.098771945,0.010267661
1922,1330982,1.690462,1.6171875,0.34118688,0.034600224
1922,1330985,1.740721,1.6953125,0.27798554,0.028104153
1922,1331040,1.767202,1.390625,0.11886979,0.012387139
1922,1480360,2.187273,2.0,0.42803082,0.043147393
1922,1480361,1.795429,1.96875,0.6490924,0.06531591
1922,1480362,5.323421,3.859375,0.87917167,0.088467985
1922,1480371,2.649673,2.46875,1.9465499,0.19608074
1922,1660036,4.090342,3.109375,0.65288335,0.06578171
1924,687452,4.899211,4.46875,0.24772838,0.025221687
1924,687455,5.548982,4.40625,0.33749822,0.034400716
1924,687777,6.286724,3.546875,0.33622962,0.034335077
1924,687800,4.076839,4.5,0.39761105,0.040527936
1924,687812,4.558197,4.46875,0.18940026,0.01914824
1924,687983,3.408549,3.84375,0.20880951,0.021089971
1924,688025,3.88039,3.953125,0.28728932,0.02896003
1924,688086,3.699543,3.5625,0.13974427,0.014640522
1924,713880,3.107014,3.390625,0.17298283,0.017574904
1924,722045,3.852648,3.046875,0.2677751,0.026945278
1924,722046,1.14446,2.34375,0.18209215,0.023224968
1924,724812,4.998994,4.90625,0.3997456,0.04022501
1924,724825,-1.086334,-1.296875,0.17513962,0.08593149
1924,724831,5.134187,4.71875,0.21338823,0.021669565
1924,724834,5.50576,5.75,0.25447595,0.02554431
1924,724859,5.5263,5.5,0.28342715,0.028782018
1924,724863,3.963387,3.15625,0.29233617,0.031831525
1924,724866,5.362406,4.1875,0.2979769,0.030180631
1924,724872,3.598903,4.09375,0.16788414,0.016997535
1924,749710,2.996109,3.71875,0.24612361,0.025221687
1924,749712,1.670712,2.15625,0.23619072,0.024119312
1924,749717,4.781298,4.21875,0.16942954,0.017123487
1924,753535,4.892956,4.53125,0.21969688,0.022480674
1924,753551,2.916736,3.28125,0.12587471,0.012801732
1924,753555,2.024192,2.53125,0.061532687,0.006446567
1924,753566,4.346738,4.875,0.23796691,0.024350172
1924,753572,4.592698,4.15625,0.16495907,0.016605923
1924,753586,5.023615,4.59375,0.31906664,0.032246638
1924,753592,4.571005,3.640625,0.2656397,0.026829878
1924,753605,4.824079,4.5,0.20369059,0.022123748
1924,905934,4.588768,3.328125,0.31008324,0.031644877
1924,905938,2.421961,3.640625,0.3648131,0.03716326
1924,905942,4.208923,4.78125,0.35809213,0.038368464
1924,905943,1.193072,1.3671875,0.12515917,0.020510228
1924,905955,4.995736,5.125,0.21568207,0.02262882
1924,905956,4.330787,3.453125,0.2638658,0.026532479
1924,905960,4.862305,4.59375,0.08355907,0.008427457
1924,905968,-0.701728,0.36914062,0.29162267,0.071379535
1924,905977,5.644781,4.9375,0.39027923,0.039264925
1924,905982,2.965497,3.1875,0.1492696,0.015233388
1924,905985,2.625151,3.046875,0.58892936,0.060262706
1924,905989,1.447255,3.015625,3.9219441,0.40285692
1924,905991,3.670241,3.734375,0.09771554,0.010045633
1924,906746,4.431701,4.15625,0.39295444,0.040053293
1924,906790,2.164973,1.8515625,0.082252525,0.010022664
1924,906791,4.769648,4.0,0.3249379,0.03504345
1924,906805,2.885287,3.125,0.66972864,0.067948066
1924,906828,3.574186,4.34375,0.21897906,0.02208541
1924,906835,4.736973,5.78125,0.8807839,0.08822695
1924,906836,2.481479,2.6875,0.19517294,0.01997124
1924,906839,3.159301,4.03125,0.35763264,0.03581024
1924,906849,3.553283,3.390625,0.27983257,0.033556443
1924,906852,1.183419,1.34375,1.4285253,0.20815016
1924,906863,4.631174,4.34375,0.2755164,0.028192453
1924,906870,2.293957,2.0625,0.48047215,0.048725333
1924,906871,3.439106,3.1875,0.1722959,0.01793229
1924,906875,5.49203,4.53125,0.15907304,0.016766217
1924,907047,3.411889,3.609375,0.25452566,0.026490634
1924,907055,-0.394129,0.1640625,0.12110402,0.030556243
1924,907064,5.062125,5.40625,0.154783,0.015696755
1924,907068,5.226836,4.46875,0.14255048,0.014680632
1924,907176,5.191507,4.5625,0.24796009,0.02544942
1924,907275,2.256893,2.09375,0.09101818,0.009608826
1924,907278,4.950976,4.09375,0.099421345,0.010166269
1924,907299,0.293367,1.546875,0.16882896,0.01976305
1924,907311,3.530589,3.125,0.1911743,0.019271212
1924,907314,5.286252,4.625,0.19987975,0.020685457
1924,907319,3.150615,3.828125,0.26093647,0.026537806
1924,907323,3.418471,4.125,0.1992029,0.02019279
1924,907788,-2.289527,-1.328125,0.38306946,0.5769601
1924,908129,2.595739,2.796875,0.26137477,0.026201619
1924,908148,0.42372,1.6796875,0.09832356,0.010492633
1924,908159,1.975376,1.7578125,0.109550156,0.01199105
1924,908441,1.875231,3.03125,0.44230264,0.044915818
1924,908455,2.78206,3.65625,0.23093647,0.02329139
1924,908457,1.835339,2.28125,0.4319414,0.04970353
1924,908470,6.024548,5.40625,0.4173766,0.042405102
1924,908471,3.772876,4.96875,0.22927208,0.023271646
1924,909251,1.190388,1.7890625,0.11544776,0.01177449
1924,909702,0.676642,0.40429688,0.12672397,0.015904019
1924,909706,2.635487,3.390625,0.8537894,0.0876288
1924,909709,4.966577,3.75,0.30115178,0.030986639
1924,909713,4.337691,4.90625,0.2233644,0.022480825
1924,909715,1.260761,1.671875,0.12488692,0.014826664
1924,909717,3.079697,3.15625,0.21313877,0.021465188
1924,909724,2.793433,1.6953125,0.14798099,0.015111515
1924,909726,3.799331,4.09375,0.18242459,0.018389203
1924,909727,3.356188,2.546875,0.3396045,0.034520745
1924,909731,2.115668,2.859375,0.25426325,0.025887012
1924,909746,5.68339,5.5625,0.14667875,0.014717071
1924,909770,4.575993,4.09375,0.20873939,0.022073507
1924,909776,3.942407,4.34375,0.12214685,0.0122912135
1924,909907,4.98169,3.5,0.3351355,0.038409807
1924,909974,4.594529,4.625,0.56986696,0.057038143
1924,910079,3.003859,3.6875,0.35997054,0.03659095
1924,910567,3.688154,4.5,0.23192684,0.023490744
1924,910701,5.433758,3.953125,0.32971787,0.03639487
1924,910704,2.401112,2.15625,0.19678572,0.022380572
1924,910784,4.052181,3.9375,0.31629354,0.031999484
1924,910861,3.002225,2.0625,0.3176317,0.03233867
1924,910916,4.516252,4.15625,0.22346048,0.023590814
1924,910920,4.045843,3.71875,0.12125639,0.012455296
1924,910921,3.805696,3.171875,0.2666483,0.027007509
1924,910925,2.730544,2.234375,0.10166703,0.012255138
1924,910937,1.183702,2.109375,0.11037284,0.01407752
1924,924106,-1.399605,-1.765625,0.08116427,0.08444242
1924,924110,4.799618,4.40625,0.18989302,0.019179387
1924,924151,5.158493,4.75,0.09580495,0.009733699
1924,924189,3.173254,3.640625,0.60760385,0.062815495
1924,924244,1.768101,2.328125,0.28850836,0.029090278
1924,925338,4.505152,4.4375,0.15336224,0.015415887
1924,925346,4.963292,4.21875,0.4012774,0.04076943
1924,946382,0.091521,0.6640625,0.5262796,0.06781016
1924,949176,4.625019,3.484375,0.2355368,0.028544024
1924,949179,1.843007,1.328125,0.16783752,0.021130351
1924,1240121,3.503481,2.609375,0.1781404,0.018775908
1924,1240123,3.768047,3.21875,0.22800155,0.024331264
1924,1240127,1.908762,2.515625,0.37392798,0.037888587
1924,1240128,5.386942,4.625,0.46368375,0.047064975
1924,1240142,2.700813,2.484375,0.16426118,0.017259445
1924,1240145,2.393229,3.015625,0.385313,0.04416064
1924,1240146,4.426028,4.625,0.29467532,0.029712094
1924,1240150,3.368944,2.765625,0.23955742,0.024873683
1924,1240166,2.447914,3.046875,0.17022537,0.017125908
1924,1240182,5.310344,5.21875,0.1816969,0.019551694
1924,1240201,3.356616,3.921875,0.23507145,0.023714816
1924,1240207,3.914318,3.84375,0.24475585,0.02472836
1924,1240210,-0.619964,-0.16503906,0.1850671,0.039386403
1924,1240212,4.963383,4.8125,0.19481933,0.019964246
1924,1240224,4.075856,3.953125,0.35586247,0.03636384
1924,1290769,5.065205,4.5625,0.6508328,0.06557511
1924,1295740,4.168961,3.5,0.09086794,0.009203572
1924,1298146,6.266046,3.84375,0.46175024,0.047430374
1924,1298168,1.825815,2.703125,0.5354935,0.05384544
1924,1298215,2.282944,2.609375,0.15750967,0.016179185
1924,1298356,5.410786,4.84375,0.15139662,0.0158613
1924,1298526,4.311891,4.21875,0.22113274,0.0223489
1924,1299050,4.610941,3.703125,0.18099703,0.018220415
1924,1299064,3.589135,3.265625,0.18382654,0.0186421
1924,1299070,5.271149,4.25,0.1905139,0.019467682
1924,1299075,2.516134,2.21875,0.17464094,0.019937614
1924,1327766,4.437819,4.15625,0.19031307,0.01925401
1924,1330931,3.503708,3.234375,0.13292378,0.013689221
1924,1330933,3.603785,3.53125,0.2174808,0.021884337
1924,1330950,1.819567,1.765625,0.16850823,0.017914074
1924,1331037,-0.526932,-1.8359375,0.16567495,0.11029736
1924,1480361,3.157072,3.453125,0.38432693,0.039086882
1924,1503371,2.769733,2.859375,0.26990494,0.028277008
1924,1659819,1.41133,2.078125,0.07200302,0.008467296
1924,1659929,3.125336,4.1875,0.31253934,0.032489467
1925,687506,4.618401,4.6875,0.14563094,0.01461674
1925,687586,5.542286,4.96875,0.20439991,0.020553011
1925,687588,5.797818,5.84375,0.26154485,0.02621867
1925,687777,5.168481,6.09375,0.17345038,0.01737252
1925,687819,4.91312,5.1875,0.26796168,0.02687068
1925,687980,4.839402,4.75,0.22549325,0.022782207
1925,687983,3.924405,5.1875,0.13022417,0.013082115
1925,687995,4.545317,4.4375,0.27198598,0.027792914
1925,688025,4.69298,4.46875,0.31710938,0.031804804
1925,688027,5.640707,5.40625,0.22681765,0.022717705
1925,717431,4.652777,4.875,0.2930605,0.029468093
1925,724838,4.437247,5.34375,0.22466743,0.022579856
1925,724839,6.346646,6.5,0.23393731,0.02343844
1925,724859,6.255408,5.5,0.40637055,0.040690433
1925,724866,6.533913,5.9375,0.3177155,0.03181884
1925,724874,7.091199,6.6875,0.3918496,0.039300952
1925,749709,4.893041,4.625,0.19349912,0.019456904
1925,749711,4.243549,4.65625,0.33599028,0.03371172
1925,749714,5.021856,5.625,0.4754883,0.047713373
1925,749716,5.191738,4.3125,0.5754775,0.05781156
1925,753540,5.475003,5.03125,0.43780276,0.04398097
1925,753541,4.32517,4.71875,0.1213389,0.012294772
1925,753555,3.829074,4.8125,0.14765339,0.014908595
1925,753572,4.56963,4.8125,0.10769831,0.010825774
1925,753600,4.986343,5.34375,0.2741842,0.027490044
1925,753608,5.258697,5.875,0.14630184,0.014666087
1925,753621,5.91256,5.6875,0.3028301,0.030526608
1925,753624,6.168202,5.53125,0.19223228,0.019287704
1925,905933,3.765986,5.03125,0.1942224,0.01945936
1925,905938,1.950967,4.15625,0.29287615,0.029482942
1925,905945,3.238564,5.0,0.28065452,0.028138768
1925,905956,5.883168,5.59375,0.26994795,0.02701769
1925,905960,4.525882,5.25,0.19549945,0.019639567
1925,905965,3.683247,3.75,0.20322052,0.021100756
1925,905968,4.761503,5.375,0.22275577,0.022337519
1925,905972,5.956153,5.96875,0.29159334,0.029211689
1925,905977,5.942341,5.65625,0.23745733,0.023816023
1925,905982,6.108993,5.71875,0.32911506,0.033029012
1925,906746,5.678945,5.375,0.2933524,0.029556923
1925,906791,6.080159,5.46875,0.19487734,0.019510325
1925,906795,5.397332,5.96875,0.28002706,0.028085597
1925,906798,5.006405,4.96875,0.13535886,0.013587329
1925,906826,6.253819,6.28125,0.44706368,0.0448989
1925,906828,3.923794,5.09375,0.16015203,0.016054505
1925,906835,6.529594,7.125,0.22962217,0.023008931
1925,906836,2.727001,3.859375,0.22222835,0.022773003
1925,906848,4.885778,4.40625,0.37268698,0.03803377
1925,906999,6.028932,5.59375,0.15843017,0.015887072
1925,907045,3.38907,4.125,0.5298805,0.053712912
1925,907047,4.845524,4.78125,0.13663764,0.013724474
1925,907055,3.777057,4.65625,0.19298264,0.0194855
1925,907066,4.316551,5.34375,0.29020298,0.029096104
1925,907171,5.694175,4.90625,0.5730591,0.057676338
1925,907270,3.733796,4.5625,0.22314334,0.022416627
1925,907273,4.6336,4.59375,0.31054837,0.03125558
1925,907276,4.86135,5.71875,1.2885946,0.12926547
1925,907278,4.899254,4.6875,0.13544366,0.01364672
1925,907281,3.294678,4.15625,0.15516208,0.015815452
1925,907291,4.563968,4.84375,0.19401179,0.019522732
1925,907312,4.176242,4.90625,0.09378759,0.0094133075
1925,907318,3.904864,4.75,0.14491837,0.0145671135
1925,907321,4.8606,4.6875,0.15512785,0.015649833
1925,907322,4.513052,4.75,0.17504488,0.017607516
1925,907789,3.088774,4.5625,0.16729262,0.016907519
1925,908120,7.143339,6.40625,0.32499886,0.032639846
1925,908130,5.48881,5.09375,0.2194099,0.02201458
1925,908131,5.009765,5.09375,0.23377627,0.023488194
1925,908159,4.416134,4.21875,0.15546356,0.01588606
1925,908442,5.122101,5.28125,0.33813998,0.034163218
1925,908454,5.216559,4.90625,0.35097745,0.035248894
1925,908461,4.434069,5.875,0.16970575,0.01700301
1925,908465,6.302751,6.21875,0.11074245,0.01110504
1925,908470,7.536545,7.1875,0.18411848,0.018671704
1925,908474,4.74689,4.59375,0.1403696,0.014211807
1925,908483,4.870343,4.625,0.17049235,0.017242609
1925,909248,5.517208,5.625,0.14514586,0.014531412
1925,909251,3.866602,4.125,0.12084516,0.012266063
1925,909260,4.662983,4.625,0.14514484,0.014573205
1925,909696,4.364278,4.4375,0.056430392,0.0057332786
1925,909727,5.657275,5.0625,0.50668323,0.05082797
1925,909732,4.79947,5.09375,0.14896569,0.014949754
1925,909743,4.494649,4.96875,0.18409492,0.018454669
1925,909745,3.782471,5.59375,0.36213905,0.03661202
1925,909749,5.16842,5.59375,0.17602575,0.017669475
1925,909757,5.700108,5.59375,0.34191653,0.034329984
1925,909776,5.088684,5.46875,0.13608032,0.013641427
1925,909785,2.827358,4.15625,0.25574413,0.025903078
1925,909907,6.098536,6.28125,0.40191334,0.040244132
1925,909974,5.950988,6.09375,0.46305215,0.046383318
1925,909975,5.721283,5.78125,0.10754104,0.010777394
1925,910567,5.513614,5.0,0.43065977,0.043138616
1925,910697,5.841303,5.34375,0.25959995,0.026182283
1925,910698,5.037584,4.8125,0.18925712,0.01911516
1925,910703,4.127005,5.0625,0.22297454,0.022399671
1925,910921,5.765137,5.5625,0.20391844,0.020438854
1925,910931,5.091304,4.6875,0.3683916,0.03699781
1925,910941,5.11223,4.75,0.11366043,0.011476319
1925,910943,4.378181,6.0,0.19716002,0.019803604
1925,910951,4.044766,4.09375,0.13605098,0.01383668
1925,924189,4.980286,4.9375,0.4251156,0.04262261
1925,925340,5.404707,5.90625,0.31005535,0.031077014
1925,946361,5.462122,5.1875,0.1719172,0.017242609
1925,1240145,4.627268,5.53125,0.14036635,0.01413322
1925,1240159,6.257973,5.53125,0.47652274,0.047812104
1925,1240168,3.952904,4.84375,0.29331127,0.029800171
1925,1240172,5.5003,5.59375,0.17926621,0.017951688
1925,1240187,5.785387,5.59375,0.1897018,0.019057143
1925,1240196,4.321504,5.5625,0.18556347,0.018611275
1925,1240223,7.05716,6.65625,0.32381406,0.03245606
1925,1290722,4.919032,5.28125,0.17518334,0.017561326
1925,1290769,5.768023,6.09375,0.61820817,0.062041532
1925,1290797,4.195184,5.28125,0.17706577,0.017755814
1925,1290922,5.36046,5.21875,0.17277344,0.017340988
1925,1297447,4.92147,4.625,0.18743797,0.018937375
1925,1298144,6.587454,5.46875,0.22207719,0.022247592
1925,1298168,5.554282,5.53125,0.24188298,0.024224302
1925,1298350,5.328195,5.4375,0.13869917,0.013931543
1925,1298357,5.1276,6.53125,0.6211053,0.06241362
1925,1298358,6.169779,5.71875,0.42449877,0.04256792
1925,1298362,5.497309,4.96875,0.34942257,0.03525095
1925,1298365,5.956863,5.78125,0.2486357,0.02497755
1925,1299064,4.723467,4.78125,0.31106976,0.031373333
1925,1327768,3.682885,3.828125,0.10479855,0.010881425
1925,1330950,3.592176,4.46875,0.17507985,0.017688802
1925,1330964,4.802218,4.65625,0.22356525,0.02250104
1925,1480359,4.210451,4.34375,0.59689534,0.060914874
1925,1480361,5.744721,5.09375,0.22799902,0.022859462
1925,1659928,4.629552,4.75,0.26508322,0.026633697
1925,1659929,5.298222,5.25,0.2510748,0.025158558
1926,683667,0.036495,-0.020141602,0.07972838,0.00807855
1926,687448,1.432096,2.21875,0.73797685,0.07458402
1926,687457,0.904579,1.234375,0.19630651,0.019839821
1926,687777,0.397023,0.640625,0.3887845,0.04007595
1926,687800,1.753987,1.390625,0.67983234,0.06894272
1926,687816,0.080211,0.5390625,0.5021943,0.050807096
1926,687980,0.582891,0.640625,0.7921239,0.08026267
1926,687985,-0.317875,-0.9765625,0.15905456,0.016663596
1926,688023,-0.155418,-0.3125,0.14118575,0.014283789
1926,688027,-0.899255,0.703125,0.34596854,0.035264086
1926,688086,1.004907,0.49609375,0.3095302,0.03160859
1926,688087,1.10869,0.8125,0.18534957,0.018765833
1926,713899,1.147352,0.89453125,0.44007453,0.04532129
1926,722046,-0.91528,-0.55859375,0.29988372,0.032269318
1926,724825,-2.556241,-2.75,0.118632026,0.013596391
1926,735784,0.147357,0.578125,0.15152118,0.015527236
1926,749717,1.141104,0.8125,0.53835374,0.054027583
1926,753554,-0.264771,0.7890625,0.7761712,0.07826129
1926,753570,1.255619,0.28320312,0.10990335,0.011411465
1926,753575,0.221087,0.19921875,0.10587818,0.010779655
1926,753586,1.370866,0.68359375,0.20544225,0.020749874
1926,753615,1.66644,2.203125,0.7632189,0.07815332
1926,753620,-0.113411,0.5859375,1.0723126,0.11043263
1926,905935,3.027334,1.8203125,0.25008228,0.025778508
1926,905936,0.153251,0.3828125,0.13908191,0.014092601
1926,905942,1.735093,1.375,0.4024816,0.041609485
1926,905945,-0.7145,-0.28710938,0.12748516,0.012836237
1926,905948,0.592939,-0.111328125,0.19769275,0.020359484
1926,905963,-0.06816,0.140625,0.1310091,0.013353574
1926,905973,1.265242,1.171875,0.5039546,0.050915923
1926,905983,3.680351,1.7421875,0.6184037,0.06352161
1926,905984,0.661747,0.037597656,0.0814954,0.008244906
1926,905986,1.58283,1.6015625,0.22624162,0.022872876
1926,905990,1.883413,1.796875,0.25911632,0.02619649
1926,906817,3.376089,1.6015625,0.21418813,0.021500215
1926,906821,0.56244,0.953125,0.34021333,0.03428659
1926,906831,0.592352,0.31054688,0.32420963,0.032594714
1926,906848,1.467947,0.8671875,0.5847383,0.059096888
1926,906849,2.4304,2.046875,0.5670141,0.05868001
1926,907000,-0.06387,-0.18457031,0.104106195,0.010668354
1926,907060,1.48597,1.0859375,0.1360416,0.01373615
1926,907063,-0.291519,-0.78125,0.23007846,0.023917394
1926,907271,1.077599,0.5703125,0.2374559,0.023914166
1926,907274,-0.656092,-0.18359375,0.19579142,0.020377666
1926,907277,-0.402606,-0.16796875,0.42363387,0.043130953
1926,907299,-1.538661,-0.93359375,0.15662362,0.016385999
1926,907317,-0.286444,0.040039062,0.12983273,0.013564716
1926,907323,3.202444,1.125,0.6464642,0.06578171
1926,907783,0.320811,0.625,0.57861835,0.05948478
1926,908121,-1.09836,-0.3125,0.255229,0.02626147
1926,908128,0.766488,1.1796875,0.2965111,0.029836886
1926,908130,2.834634,2.15625,0.31284976,0.031639814
1926,908131,-0.90664,-0.016479492,0.11127723,0.011567625
1926,908133,0.739934,0.80859375,0.51980007,0.052171484
1926,908135,1.93155,1.21875,0.8183181,0.083023384
1926,908150,1.134745,0.8671875,0.1046482,0.01054147
1926,908442,0.88459,-0.14453125,0.10580843,0.011550845
1926,908443,0.244174,-0.41796875,0.16451558,0.01685885
1926,908446,0.43757,-0.13085938,0.406637,0.041609485
1926,908454,-0.143599,-0.05419922,0.1876,0.019320078
1926,908458,2.270725,0.609375,0.17031316,0.017359782
1926,908469,2.599995,1.3515625,0.6358819,0.06497765
1926,908480,1.58016,0.71875,0.29912794,0.030241637
1926,908483,1.943833,0.43554688,0.35642725,0.03677535
1926,909248,1.266692,1.484375,0.79500777,0.080030985
1926,909707,4.065361,0.90234375,0.15413368,0.015504088
1926,909709,2.120886,0.81640625,0.25127208,0.02583199
1926,909712,0.822101,-0.06542969,0.16556601,0.017035712
1926,909723,3.023103,3.078125,1.1383097,0.11576856
1926,909743,0.295028,0.07080078,0.34401268,0.034791447
1926,909751,-0.769121,-0.47070312,0.11723199,0.013235973
1926,909774,-0.337949,0.578125,0.3458557,0.03513864
1926,909905,-1.111563,-1.0234375,0.32540932,0.03348259
1926,910549,-0.637343,0.13183594,0.21044943,0.021734888
1926,910567,2.202991,2.265625,0.73117256,0.07660242
1926,910692,1.078913,1.3203125,0.35635343,0.035845086
1926,910780,0.746334,1.03125,0.9816293,0.101093575
1926,910784,0.846709,0.34570312,0.19272116,0.019632373
1926,910851,1.407577,0.53125,0.22607552,0.02299237
1926,910905,0.97215,1.53125,0.9344762,0.09419932
1926,910924,-0.833086,-0.25585938,0.22409898,0.022915104
1926,910925,-0.336115,-0.34570312,0.06378599,0.006863762
1926,910930,0.188182,0.76953125,0.13322647,0.013564034
1926,910933,0.640597,0.64453125,0.1975489,0.02013588
1926,910934,-2.046381,-1.1875,0.2767658,0.028642355
1926,910937,0.112589,0.09277344,0.5105794,0.05268042
1926,910943,0.79033,-0.13671875,0.292506,0.029974753
1926,910947,1.158688,0.98828125,0.34601107,0.035268422
1926,910951,-0.445314,1.25,0.3043278,0.030662758
1926,917486,2.172665,1.71875,0.35342982,0.035601854
1926,924240,-1.205448,-1.0390625,0.1996631,0.02041643
1926,925346,1.846511,0.8203125,0.1346885,0.013658943
1926,1240122,2.254389,2.03125,0.6455605,0.06502889
1926,1240160,2.9807,2.1875,0.42881447,0.04474289
1926,1240172,2.081322,1.7109375,0.4003012,0.040265728
1926,1240178,2.556074,1.8046875,0.7022918,0.07091056
1926,1240183,1.150404,0.9140625,0.53714865,0.054204457
1926,1240199,2.651878,3.0,0.80445445,0.09020108
1926,1240220,2.271008,0.7578125,0.15758483,0.016160984
1926,1240224,2.828577,2.09375,0.3758797,0.037920035
1926,1290806,-0.698866,0.03857422,0.35247543,0.035611566
1926,1290922,-1.009137,-0.26953125,0.27672598,0.03037231
1926,1298134,4.317323,1.59375,0.26371002,0.027003802
1926,1298145,0.319629,0.42382812,0.29220232,0.029403303
1926,1298348,1.88127,1.8046875,0.22801462,0.02288812
1926,1298351,0.488261,0.056640625,0.20179752,0.020862296
1926,1298353,2.597387,2.390625,0.8681671,0.08743304
1926,1298537,0.500236,0.29882812,0.18190782,0.018372873
1926,1299081,-0.121341,-0.890625,0.1438363,0.014551948
1926,1322212,0.623983,-0.15820312,0.47645167,0.04941478
1926,1327765,-0.862398,0.3828125,0.5389811,0.05438937
1926,1327766,3.822113,1.1015625,0.2236894,0.023036761
1926,1330933,0.218496,0.9375,0.30178547,0.030386206
1926,1330935,-0.919962,-0.022827148,0.5377089,0.05391135
1926,1330964,0.597189,1.3515625,0.57892805,0.058158197
1926,1330972,-0.291505,0.44726562,0.3422863,0.034909695
1926,1330975,2.888912,2.8125,0.21220353,0.02299237
1926,1330984,1.554864,0.6875,0.2475237,0.024922688
1926,1330985,-1.008717,0.19335938,0.24354792,0.024550704
1926,1331050,-1.833946,-1.4765625,0.21593274,0.021898033
1926,1503361,1.272184,0.35742188,0.19055015,0.019699518
1926,1503365,-0.008119,0.3828125,0.24391438,0.02495875
1926,1503366,2.490658,1.8828125,0.5041992,0.051333457
1926,1674021,0.884712,0.1953125,0.18705721,0.018946115
1927,687506,4.433416,4.59375,0.18703103,0.018765833
1927,687561,5.213304,5.0,0.19879638,0.020084947
1927,687562,4.017699,4.4375,0.25241938,0.025502628
1927,687596,5.060487,4.375,0.80944467,0.081233464
1927,687777,4.950957,6.28125,0.1864205,0.018662354
1927,687802,6.475918,6.40625,0.76465714,0.076611854
1927,687983,4.335031,5.1875,0.17815155,0.017867887
1927,687985,4.055119,4.28125,0.6470329,0.06517721
1927,688011,4.527824,4.65625,0.28441128,0.028536519
1927,688023,5.059484,4.4375,0.29587424,0.02984077
1927,688027,4.383172,5.25,0.35413247,0.03546936
1927,713899,5.109232,5.21875,0.10692801,0.010730978
1927,722046,3.757218,4.1875,0.31555453,0.032622762
1927,724855,6.618234,5.96875,0.38707408,0.03876874
1927,749711,4.726067,4.34375,0.74038637,0.07430298
1927,749712,5.799196,4.65625,0.56261575,0.056489192
1927,749717,5.443549,5.65625,0.49388516,0.049614925
1927,753555,4.875491,4.84375,0.13934328,0.0140828015
1927,753570,4.747075,4.15625,0.4963675,0.049967792
1927,753608,5.411301,5.25,0.28237554,0.028363017
1927,753620,3.786876,5.03125,0.21197765,0.021268863
1927,905937,4.681977,4.8125,0.16312651,0.016497672
1927,905940,3.783944,4.90625,0.1589894,0.015940472
1927,905944,4.664579,5.0625,0.27669019,0.02772894
1927,905948,5.957961,5.25,0.3597132,0.03614145
1927,905959,6.341425,6.15625,0.267245,0.026832618
1927,905965,2.794941,3.59375,0.18535507,0.01899439
1927,905968,5.777749,5.03125,0.32727975,0.03281347
1927,905982,5.422531,5.4375,0.42357656,0.04244939
1927,905986,5.074311,5.34375,0.21973287,0.022054229
1927,905991,3.549467,4.78125,0.1057971,0.010629748
1927,906792,4.622571,4.5625,0.18169874,0.018248122
1927,906820,5.099806,4.6875,0.33593762,0.033779513
1927,906821,6.103324,5.46875,0.31315082,0.031396884
1927,906827,4.873209,4.6875,0.3178321,0.031953547
1927,906831,4.144751,4.3125,0.35562038,0.03574108
1927,906835,7.464131,6.84375,0.4396749,0.04404643
1927,906839,5.245349,5.59375,0.24837327,0.024923276
1927,906842,3.1108,3.0625,0.13745217,0.014380279
1927,906875,5.066277,4.90625,0.27020988,0.027238348
1927,907000,5.022414,4.65625,0.1288053,0.013241812
1927,907042,3.520506,4.53125,0.14231536,0.0143533945
1927,907045,5.096773,4.40625,0.825986,0.0832036
1927,907046,4.57981,4.96875,0.33403012,0.033466853
1927,907047,4.609078,4.71875,0.2177082,0.021858897
1927,907048,4.259037,4.4375,0.3533238,0.035758957
1927,907051,5.709184,5.75,0.18409406,0.018454583
1927,907053,3.770148,3.953125,0.30295208,0.030562848
1927,907056,5.719627,5.46875,0.91239774,0.09131716
1927,907063,3.654774,5.03125,1.4306908,0.14323492
1927,907071,4.632768,5.4375,1.0091397,0.10110683
1927,907072,4.909115,4.71875,0.29054245,0.02934508
1927,907175,3.785472,4.3125,0.42261943,0.042647146
1927,907271,5.075582,5.4375,0.41978273,0.04212815
1927,907275,4.0635,3.859375,0.13734652,0.014349744
1927,907289,4.715228,5.03125,0.3880584,0.03901381
1927,907321,5.112944,4.53125,0.20296147,0.020449525
1927,907783,3.953527,3.90625,0.35155958,0.03548656
1927,907788,3.443337,4.5,0.8613482,0.086626194
1927,908122,5.170632,4.40625,0.9665343,0.09715549
1927,908129,5.450266,5.40625,0.34925967,0.034971848
1927,908133,3.920337,4.59375,0.27729553,0.027789606
1927,908135,4.544863,4.375,0.14093672,0.014193726
1927,908150,4.446361,5.03125,0.30292988,0.030508045
1927,908156,2.603353,3.609375,0.89713955,0.09133944
1927,908442,5.462222,5.0,0.5582023,0.056433883
1927,908443,5.920937,5.59375,0.32114384,0.03218393
1927,908448,4.394361,4.59375,0.50284266,0.050415624
1927,908469,4.388617,4.625,0.21743123,0.021912647
1927,908471,3.756867,4.53125,0.24568447,0.024855947
1927,908475,5.398031,4.875,0.4346021,0.043820903
1927,908481,5.133629,5.0625,0.48073435,0.04820711
1927,909257,4.523387,4.6875,0.23413716,0.023579936
1927,909699,7.875133,7.28125,0.591061,0.059270456
1927,909713,5.083494,5.53125,0.20708854,0.020732863
1927,909731,3.405409,4.3125,0.21135703,0.021223923
1927,909732,5.03588,4.96875,0.1903894,0.019102797
1927,909750,4.86484,5.09375,0.62175715,0.06235976
1927,909759,5.730837,5.0,0.23559538,0.023604566
1927,909770,5.056546,4.875,0.35180706,0.03534198
1927,909776,5.002025,5.53125,0.20235763,0.02026406
1927,909778,5.135236,4.875,0.5715995,0.05729172
1927,910546,4.787522,5.59375,0.25155228,0.02519267
1927,910698,4.827162,4.71875,0.21507101,0.021669628
1927,910706,3.326977,3.640625,0.15894853,0.016264545
1927,910904,5.273675,5.53125,0.19045785,0.019082187
1927,910921,5.086228,5.1875,0.3158488,0.03165328
1927,910925,5.089971,5.21875,0.35894158,0.036486354
1927,910926,4.809364,4.78125,0.30912262,0.03102263
1927,910933,5.685095,5.0625,0.54557794,0.054683566
1927,910937,3.454082,4.375,0.15135153,0.015487175
1927,910941,5.166639,4.6875,0.13145241,0.013276827
1927,910943,5.700527,5.71875,0.22618729,0.022699485
1927,924102,5.537468,5.6875,0.32484955,0.03255531
1927,924239,4.310764,4.1875,0.17222145,0.01764851
1927,924244,4.203592,5.21875,0.27747595,0.027815688
1927,924248,4.153444,4.65625,0.2701067,0.027085777
1927,925340,5.181402,5.59375,0.48156747,0.048290655
1927,925347,6.614298,5.75,0.2827366,0.028338842
1927,930297,5.233514,5.46875,0.2839004,0.028419087
1927,946359,6.549396,5.90625,1.342366,0.13435045
1927,946360,5.709351,5.3125,0.16392718,0.016430508
1927,1240122,4.688579,5.53125,0.18959005,0.018967092
1927,1240127,4.327764,5.46875,0.48549217,0.0486311
1927,1240142,4.077297,5.15625,0.1461069,0.014705135
1927,1240154,3.697756,4.5625,0.22294559,0.022379292
1927,1240160,5.769109,5.46875,0.98484796,0.09859205
1927,1240168,5.518873,4.75,0.34773716,0.03523478
1927,1240169,5.27915,4.90625,0.39974687,0.040209968
1927,1240184,4.814909,5.875,0.23141958,0.023153864
1927,1240190,5.521195,5.65625,0.21080731,0.021095553
1927,1240199,8.2378,7.78125,0.40169686,0.04102046
1927,1240215,4.996656,5.46875,0.38829342,0.038930774
1927,1240220,6.042846,5.4375,0.4214585,0.042249277
1927,1240224,4.929467,5.53125,0.78386486,0.07873477
1927,1290730,5.377706,5.09375,0.1693299,0.0170532
1927,1290769,6.567842,6.0625,0.51662636,0.051767744
1927,1290905,6.989112,6.375,0.7146701,0.07156695
1927,1297446,4.035412,4.15625,0.11058194,0.011195937
1927,1298134,4.757054,4.5625,0.12634492,0.012724186
1927,1298141,4.145465,6.15625,0.35101736,0.035193432
1927,1298145,5.881176,5.125,0.47449216,0.04758116
1927,1298215,4.830218,4.125,0.5441268,0.054811228
1927,1298218,6.378472,6.0,0.20352484,0.0203776
1927,1298347,4.839269,4.75,0.16637647,0.016686896
1927,1298351,3.770727,4.53125,0.49610934,0.049757782
1927,1298365,5.938285,5.59375,0.3594105,0.036061596
1927,1327768,4.027415,3.6875,0.13306175,0.013866051
1927,1327775,4.203613,4.625,0.22455081,0.02276226
1927,1330964,5.117529,4.8125,0.26155853,0.026283488
1927,1331036,3.733118,3.40625,0.27336144,0.027801452
1927,1480359,4.149725,3.984375,0.51818025,0.053365044
1927,1480360,4.376461,4.28125,0.5185225,0.05224409
1927,1480372,6.419345,6.09375,0.0908807,0.009100009
1928,687562,3.781208,3.3125,0.6314735,0.06354298
1928,687586,4.856798,4.53125,0.41607141,0.04174669
1928,687592,5.057152,5.1875,0.2828917,0.02831998
1928,687800,6.361316,6.4375,0.5310329,0.0532989
1928,687995,5.015763,5.09375,0.26672146,0.026819624
1928,687997,5.476057,5.40625,0.27391136,0.027815688
1928,688018,3.955422,3.96875,0.9015272,0.09431798
1928,688025,2.634082,3.328125,1.4614707,0.14700727
1928,688086,5.157427,3.640625,0.63198096,0.063914895
1928,713880,4.12853,4.0,0.32531053,0.032640163
1928,749709,5.685651,5.09375,0.1723402,0.017266957
1928,749710,6.211017,5.40625,0.37647793,0.037778076
1928,749712,4.742991,4.59375,0.49551767,0.049666002
1928,749713,4.503913,4.34375,0.71374863,0.07215951
1928,753534,3.139258,3.96875,1.1043721,0.11070822
1928,753556,4.009791,3.625,0.5901281,0.059567757
1928,753572,4.252829,4.28125,0.3090112,0.030968042
1928,753574,6.238905,5.59375,0.27520832,0.027616069
1928,753575,6.088917,5.75,0.61061543,0.061171174
1928,753576,3.845142,5.5625,0.44997126,0.04507302
1928,753605,4.332701,4.125,0.30901814,0.03107268
1928,753621,5.577871,5.75,0.3327741,0.033528887
1928,753622,4.866837,4.34375,0.37075272,0.037240006
1928,753623,4.570059,4.8125,0.37788293,0.037887003
1928,905934,6.015357,5.90625,0.44830796,0.044897527
1928,905939,3.320209,3.890625,0.90749735,0.091236085
1928,905942,4.995761,4.65625,0.15463598,0.015493152
1928,905947,3.689057,4.3125,0.37521031,0.03761311
1928,905951,3.764092,4.84375,1.0016133,0.100310415
1928,905954,4.969901,4.59375,0.6994707,0.07003895
1928,905960,3.333257,4.59375,0.31569865,0.031608824
1928,905973,5.924451,5.6875,0.4111661,0.041185964
1928,905983,6.007486,5.28125,0.27099746,0.027117647
1928,906746,5.363731,5.1875,0.46996915,0.047119685
1928,906793,4.796402,3.96875,0.34391263,0.034453012
1928,906804,3.33099,2.609375,0.6976769,0.07017833
1928,906830,5.950126,5.90625,0.2696756,0.027033739
1928,906831,3.408042,2.578125,0.24942465,0.025253152
1928,906842,3.335542,1.890625,0.25143823,0.02744889
1928,906844,3.574382,3.109375,0.57426566,0.05788851
1928,906851,4.842394,4.78125,0.88829243,0.08927646
1928,906852,5.590885,5.6875,0.28945115,0.029030794
1928,906855,3.628592,3.46875,0.65847456,0.06634506
1928,906856,2.157538,2.40625,0.593538,0.062272508
1928,906868,5.320503,4.71875,0.40905547,0.041178357
1928,906872,4.719261,5.71875,0.6680858,0.06687279
1928,906999,5.128711,4.46875,0.3703126,0.03706685
1928,907042,3.706962,3.484375,0.74422383,0.07510072
1928,907045,4.408096,4.5,0.49954286,0.050257638
1928,907046,3.418169,4.1875,0.4123784,0.04132174
1928,907053,2.473053,3.09375,0.15270165,0.015448855
1928,907056,3.982717,4.1875,0.52885026,0.053062405
1928,907062,5.207119,5.34375,0.23671463,0.023692835
1928,907071,6.068129,5.09375,0.49548405,0.04969507
1928,907169,4.316431,4.53125,0.36392793,0.036432426
1928,907171,4.153126,3.78125,0.3751148,0.037587795
1928,907175,3.289572,3.109375,0.2993321,0.030342689
1928,907274,1.846997,2.609375,0.26451772,0.026874768
1928,907295,5.825058,5.09375,0.27958167,0.028035913
1928,907299,3.82128,3.4375,0.8099928,0.08142003
1928,907311,2.613811,2.625,0.31873164,0.032282773
1928,907320,3.825056,5.0,0.22455648,0.022522118
1928,907322,4.213153,3.1875,0.5921908,0.059956722
1928,907791,4.31929,3.265625,0.6541151,0.06593768
1928,907792,5.308968,5.78125,0.67981136,0.06823155
1928,908124,4.368578,4.15625,0.47511742,0.047716353
1928,908125,4.628456,5.15625,0.21677174,0.02170565
1928,908129,4.487293,4.9375,0.6377255,0.06397349
1928,908131,4.291868,4.5,0.6056304,0.060942486
1928,908147,2.735662,2.203125,0.13492946,0.015234092
1928,908457,4.847916,5.28125,0.65600955,0.06576194
1928,908462,4.655621,5.03125,0.82381696,0.08253915
1928,908469,3.771412,4.8125,0.12729374,0.012809128
1928,908470,7.399931,5.40625,1.1114155,0.1177307
1928,908472,5.228091,5.03125,0.26013404,0.026052125
1928,909249,2.07712,1.8984375,0.5458971,0.055313516
1928,909251,3.421473,2.390625,0.120545834,0.012183029
1928,909257,3.548089,3.421875,0.5292104,0.053388566
1928,909264,5.207032,4.78125,0.40438512,0.04056593
1928,909713,3.959496,4.28125,0.93200547,0.093315564
1928,909720,5.684069,4.40625,0.39135432,0.03925874
1928,909737,4.681438,4.03125,1.0426022,0.10483671
1928,909750,3.860806,5.03125,0.7126092,0.0714252
1928,909751,2.855007,4.21875,0.9962381,0.10026778
1928,909774,5.473002,5.0,1.00224,0.10034018
1928,909776,4.578484,4.8125,0.44299254,0.044430383
1928,909975,5.3555,4.84375,0.4920598,0.04936102
1928,910079,4.048915,4.03125,1.0544472,0.10619329
1928,910548,6.020884,5.5,0.19358753,0.01942787
1928,910549,4.651617,4.6875,0.41821158,0.041901086
1928,910710,2.962359,2.3125,0.21835126,0.022312244
1928,910779,4.706446,5.3125,0.4803401,0.04807475
1928,910851,5.024819,3.640625,0.49971676,0.050215527
1928,910861,2.60016,2.609375,1.257077,0.12946069
1928,910900,4.231024,4.21875,0.33340093,0.033483673
1928,910903,4.170905,3.953125,0.4431129,0.044427045
1928,910906,2.392034,1.7734375,0.18347473,0.018878406
1928,910911,5.959199,5.5625,0.16990478,0.017019136
1928,910915,5.942262,5.53125,0.82803565,0.083019875
1928,910925,5.659376,4.15625,0.36541554,0.0368355
1928,910926,3.314541,3.328125,0.95114493,0.0955371
1928,910933,3.488345,3.953125,0.97197753,0.09745166
1928,910935,2.104507,1.7109375,0.22572799,0.023036186
1928,917486,4.900983,5.0625,0.3712369,0.03714979
1928,924105,2.578418,3.453125,1.5592799,0.15781054
1928,946354,4.697063,3.609375,0.36893737,0.037502427
1928,946382,3.547428,3.9375,0.51347566,0.051519785
1928,949176,4.343137,5.0625,0.38203055,0.038267493
1928,998189,5.257709,5.3125,0.72493154,0.072532855
1928,1240143,5.896075,4.875,0.3436403,0.034403868
1928,1240146,7.005153,5.5625,0.48540807,0.04862796
1928,1240166,3.711959,3.15625,0.23156041,0.023272624
1928,1240168,5.387698,4.90625,0.40571716,0.04072591
1928,1240184,4.977099,4.59375,1.0197313,0.10216803
1928,1240215,5.0013,4.4375,1.1729949,0.11752367
1928,1247871,3.374205,3.390625,0.5655112,0.056844875
1928,1290722,4.970334,5.1875,0.32165435,0.032213315
1928,1290730,5.406055,4.6875,0.3008395,0.03017874
1928,1290798,5.397188,4.65625,0.9556156,0.09602788
1928,1290908,2.864249,4.125,1.4270122,0.14307399
1928,1295741,1.972597,1.734375,0.8289848,0.08529737
1928,1297449,2.230077,2.28125,0.47670355,0.049185187
1928,1298141,5.783859,6.34375,0.30992222,0.031078404
1928,1298169,5.668145,4.84375,0.34550503,0.034612536
1928,1298359,4.739904,4.53125,0.63213336,0.063453585
1928,1298365,4.330788,4.84375,0.96477014,0.096713774
1928,1298534,4.194608,5.8125,0.32922444,0.033098884
1928,1299052,5.592721,4.875,0.77772415,0.07845949
1928,1303896,2.660608,1.78125,0.35502368,0.037419315
1928,1322212,3.298873,4.71875,0.23151322,0.023287587
1928,1330948,1.447713,2.0625,0.41869682,0.04242483
1928,1330975,5.238336,5.09375,0.071737185,0.0072411792
1928,1330982,2.71141,1.9453125,0.43088463,0.04703861
1928,1330985,2.084293,3.40625,0.31940934,0.03218231
1928,1331038,4.229053,3.21875,0.31418312,0.03219613
1928,1331048,3.305323,2.640625,0.18485384,0.018810017
1928,1480359,2.516066,3.828125,0.69633627,0.07074715
1928,1480371,4.013304,5.53125,0.48607966,0.048706856
1928,1480372,5.27552,5.34375,0.45082045,0.045153476
1928,1503366,5.775302,5.03125,0.2979356,0.02984077
1928,1503367,5.995917,5.0,1.0600169,0.10609739
1928,1674021,4.343988,4.40625,0.55285805,0.055405535
1930,687506,0.645616,0.23632812,0.49714926,0.051619917
1930,687562,-0.462748,-0.13867188,0.14309031,0.014749765
1930,687588,-0.129139,0.51171875,0.38724378,0.039954934
1930,687812,0.663968,1.3359375,0.50318325,0.051351283
1930,687819,1.82448,1.7734375,0.79332805,0.07959889
1930,687980,0.228938,0.71484375,1.0801296,0.10920038
1930,688010,-1.601142,0.30273438,0.6781271,0.068967
1930,713880,1.076646,-0.20214844,0.205852,0.021597473
1930,717431,-0.862853,0.22851562,0.44269288,0.04517807
1930,724812,0.471581,1.7890625,1.0196033,0.10319132
1930,724825,-1.180163,-0.8046875,0.22673619,0.024149539
1930,724838,0.036754,0.53515625,0.13392386,0.014966807
1930,724855,1.886598,1.59375,0.6864635,0.071446046
1930,724866,1.139136,1.3984375,1.0335139,0.1051664
1930,749710,1.340521,1.7734375,0.5288143,0.053651452
1930,753551,0.898196,1.296875,1.2720872,0.12879327
1930,753554,0.402894,0.17871094,0.70901805,0.07345433
1930,753555,0.093474,-0.59375,0.10152167,0.010813014
1930,753556,1.054397,0.04296875,0.53395945,0.0586052
1930,753573,0.148832,0.28515625,0.26724252,0.027814185
1930,753576,2.121627,1.9765625,0.7582776,0.078091584
1930,753608,1.384457,0.23925781,0.12382741,0.012709044
1930,753615,-0.400902,0.56640625,1.2203033,0.1243838
1930,753618,-1.71091,-1.21875,0.25488305,0.026159959
1930,905935,0.451504,1.546875,0.21704169,0.023116982
1930,905939,1.256252,-0.21777344,0.6522584,0.07018698
1930,905941,5.434158,3.21875,0.5595701,0.05614469
1930,905947,-0.438091,0.03466797,0.12277917,0.012827771
1930,905948,1.307019,0.62109375,0.362279,0.03749207
1930,905949,-0.214112,-0.5234375,0.7177126,0.07552763
1930,905950,-0.015485,0.07714844,0.20649561,0.021633832
1930,905951,0.850442,0.42578125,0.17474034,0.017964156
1930,905968,-0.378856,-0.3203125,0.2746001,0.03089514
1930,905970,1.01268,2.71875,1.4040407,0.14093769
1930,905981,0.206508,0.828125,0.22817232,0.023052879
1930,905984,-0.965356,-0.546875,0.20697476,0.021315396
1930,906693,2.333223,0.45507812,0.17856972,0.01854122
1930,906790,0.430945,-0.053710938,0.2529815,0.026153816
1930,906801,1.69665,1.1328125,0.1745732,0.018066496
1930,906804,-1.134697,-0.83203125,0.5271699,0.0649713
1930,906808,0.357092,1.0859375,0.80114967,0.08094236
1930,906817,2.64929,2.46875,0.3707059,0.037275564
1930,906818,-0.08486,0.041015625,0.2786893,0.03067367
1930,906826,0.386547,1.0546875,0.44358423,0.04518762
1930,906827,-0.848753,-0.033691406,0.32046047,0.033394426
1930,906844,-1.208377,-1.2734375,0.7283642,0.07972469
1930,906872,0.924241,0.99609375,0.53196913,0.056253992
1930,907055,-0.675366,-0.39648438,0.31583446,0.033515163
1930,907066,1.533299,2.171875,0.7893237,0.07991557
1930,907067,-0.27211,0.013793945,0.1509269,0.016760092
1930,907069,0.494205,0.890625,0.5465817,0.057345975
1930,907171,0.720867,-0.17089844,0.3458645,0.03852808
1930,907173,2.48563,1.4453125,0.46404365,0.046630807
1930,907176,1.791032,0.9375,1.6534343,0.16663256
1930,907270,-1.028648,-0.953125,0.48641214,0.050392333
1930,907273,-1.014265,-0.6328125,0.2569185,0.027122991
1930,907286,2.883043,0.84375,0.30584505,0.03491633
1930,907311,-0.266927,-0.24804688,0.6389453,0.06529069
1930,907783,0.016674,-0.49414062,0.355616,0.03760523
1930,908122,-0.34363,0.17773438,0.6882859,0.06986261
1930,908124,1.320101,0.33984375,0.13934755,0.015173099
1930,908129,1.852797,1.390625,0.34836316,0.035448097
1930,908131,0.229006,0.23925781,0.18111835,0.01912074
1930,908150,1.306656,1.140625,0.16711858,0.016996324
1930,908446,0.725467,-0.26953125,0.3964059,0.040752456
1930,908459,4.438336,1.5546875,0.48968327,0.049247682
1930,908460,4.68657,3.859375,1.0487733,0.106030285
1930,908461,1.79335,1.5,0.44440722,0.045411795
1930,908463,3.3259,2.3125,0.9728985,0.098097295
1930,908481,0.997885,1.265625,2.358836,0.23901118
1930,908483,-0.932936,-0.14648438,0.7955799,0.080999464
1930,909248,-0.021764,0.111328125,0.6137325,0.06634121
1930,909249,0.538692,0.34765625,0.2036243,0.020821478
1930,909702,-0.326287,-0.41015625,0.6063008,0.06326198
1930,909704,1.293545,-0.019897461,0.21169215,0.022312244
1930,909726,1.177247,0.13476562,0.3737142,0.039657142
1930,909742,-0.20513,-0.5625,0.20672987,0.021036036
1930,909743,-0.072305,-0.46289062,0.35756314,0.0365624
1930,909744,-1.165172,-0.5859375,0.18340242,0.01936187
1930,909747,2.619302,2.5,0.58964765,0.05963355
1930,909753,1.570645,1.34375,0.6948056,0.070626885
1930,909761,0.869305,0.3515625,0.3422258,0.03892157
1930,909771,0.770719,-0.22753906,0.3639498,0.037551515
1930,909904,1.026245,1.3359375,0.7309949,0.07401003
1930,909907,3.050474,3.421875,0.51766145,0.052647293
1930,910546,-0.452226,0.083496094,0.4463897,0.048034254
1930,910702,5.830181,3.6875,0.539025,0.056553144
1930,910710,-0.119591,-0.45507812,0.42584535,0.043149166
1930,910779,1.07962,2.109375,0.9490691,0.09642459
1930,910780,-0.262609,0.0068969727,0.7112071,0.07225802
1930,910899,0.397412,0.6953125,0.40770087,0.04129404
1930,910900,0.355966,0.5234375,0.7686856,0.07844656
1930,910906,-1.10531,-0.33203125,0.32192874,0.032633264
1930,910921,-1.000289,-0.34375,0.21003105,0.02163015
1930,910924,0.648249,0.20898438,0.33103988,0.034948017
1930,917486,1.362389,1.2265625,1.5339397,0.15927175
1930,946355,0.375266,0.79296875,0.17210516,0.01783011
1930,946359,2.770951,2.40625,1.065801,0.109059006
1930,949090,-0.677608,0.48242188,0.52614117,0.05400058
1930,1240125,1.230574,0.57421875,0.43656495,0.045382332
1930,1240127,1.225318,0.76171875,0.28071028,0.028665558
1930,1240147,0.80191,-0.08544922,0.1967286,0.020207703
1930,1240151,2.016582,0.3046875,0.28268835,0.028867556
1930,1240153,0.665742,-0.16894531,0.17417374,0.01824758
1930,1240166,-0.534865,-0.41210938,0.34113067,0.034641806
1930,1240173,-0.985025,-0.09863281,0.53904873,0.055672113
1930,1240174,0.072637,0.28320312,0.19002055,0.019551927
1930,1240182,1.669577,2.015625,0.34168994,0.034750607
1930,1240184,0.622101,1.203125,0.43794826,0.044588324
1930,1240189,-1.324015,-0.037109375,0.21042103,0.021823637
1930,1240192,-0.096332,0.43554688,0.16201602,0.016862376
1930,1240223,3.668516,1.734375,0.6669733,0.06732454
1930,1290725,1.017601,0.44921875,0.41703075,0.042802013
1930,1295741,-0.569254,-0.51171875,0.35079104,0.035734843
1930,1297446,0.352295,-0.42578125,0.1531169,0.015527792
1930,1298145,1.271329,1.0,0.43598247,0.044821117
1930,1298215,-0.306184,-0.0390625,0.124189414,0.01348877
1930,1298226,-0.020226,0.87890625,0.101942115,0.010299494
1930,1298347,2.832613,1.1484375,0.7293441,0.07390145
1930,1298351,1.190797,-0.33007812,0.18712398,0.019237256
1930,1298358,0.524487,1.03125,1.4229906,0.15312247
1930,1298359,0.727548,0.51171875,0.29110163,0.03275172
1930,1298538,2.29098,1.0546875,0.15988597,0.01764851
1930,1298539,1.237737,1.796875,0.6606048,0.06867199
1930,1299070,0.434283,0.0015869141,0.20021491,0.021284802
1930,1303901,0.227266,0.328125,0.24978581,0.02606288
1930,1322212,0.576739,1.09375,2.3533268,0.23987128
1930,1327775,0.789423,0.10986328,0.4653195,0.046983417
1930,1330942,0.698511,0.55078125,2.0489712,0.21299714
1930,1330984,0.52428,-0.30664062,0.46682328,0.046993665
1930,1331033,-0.799142,-0.9140625,0.35900688,0.03707767
1930,1331036,-2.248804,-1.1484375,0.90463346,0.09342913
1930,1480360,-0.134964,0.953125,0.10861869,0.01093431
1930,1480362,0.394443,1.0390625,0.91181725,0.09856258
1930,1503367,2.060143,-0.109375,0.45069727,0.083394706
1930,1659929,2.357732,0.9609375,3.8318696,0.39328447
1930,1660036,3.045593,2.03125,0.38525376,0.03982843
1931,687562,4.976001,4.59375,0.19555911,0.019630235
1931,687590,6.107295,5.375,0.24755076,0.024783773
1931,687596,4.257027,5.34375,0.10915747,0.010925603
1931,687807,6.639318,7.0,0.20943151,0.020976337
1931,687829,5.286245,6.0625,0.14295714,0.01430862
1931,687995,5.668533,5.0,0.11328601,0.011382181
1931,688006,5.692825,4.53125,0.31983635,0.03202071
1931,688010,5.383348,4.90625,0.4611696,0.046181444
1931,688023,5.196028,3.4375,0.9720998,0.098813795
1931,688121,4.847818,6.03125,0.14364077,0.014385459
1931,713899,2.69708,4.65625,1.3839927,0.13878411
1931,722046,4.921822,5.0625,0.19549105,0.019594172
1931,724825,2.403002,3.65625,1.3225302,0.13308161
1931,724859,6.356289,5.96875,0.32562292,0.032580122
1931,724872,4.948758,4.84375,0.19021508,0.019062703
1931,724878,6.884855,6.75,0.14973533,0.014986234
1931,749713,2.361603,5.9375,0.2711138,0.027132982
1931,753566,6.192299,6.40625,0.115675844,0.011578028
1931,753572,5.357469,4.8125,0.09352082,0.009375033
1931,753605,4.724885,4.78125,0.20596986,0.020666068
1931,753608,6.452257,6.59375,0.14296453,0.014308577
1931,753615,4.302102,4.8125,0.95686334,0.09581203
1931,905933,5.600814,5.5,0.10615177,0.010627482
1931,905943,4.831134,5.375,0.13768414,0.013811796
1931,905944,5.20653,5.53125,0.07336883,0.0073448736
1931,905945,5.846368,5.625,0.3168876,0.031757385
1931,905947,5.6068,5.34375,0.13365848,0.013389846
1931,905960,5.416681,5.59375,0.19430614,0.019446095
1931,905962,6.574422,7.375,0.16360423,0.016598651
1931,905985,4.548116,5.09375,0.24339181,0.024359826
1931,905990,5.228236,5.90625,0.15063699,0.0150757
1931,906797,5.699068,5.15625,0.116595194,0.011684771
1931,906835,7.83162,7.625,0.13898101,0.013909889
1931,906836,1.300802,3.515625,0.48008844,0.0482743
1931,906842,3.248985,2.8125,0.17217162,0.018303525
1931,906844,4.668065,3.40625,1.0030501,0.100859635
1931,906868,5.452098,5.46875,0.24279591,0.024343016
1931,906999,6.088337,5.625,0.16661814,0.016676856
1931,907000,3.991499,4.90625,0.063435264,0.0064031803
1931,907046,5.371438,5.78125,0.23548576,0.023577636
1931,907047,5.022523,5.0,0.06627469,0.0066437325
1931,907051,6.538632,5.96875,0.16923137,0.016937492
1931,907053,3.276358,4.21875,0.44763952,0.044904996
1931,907072,5.127853,3.921875,1.154079,0.116108716
1931,907176,4.950003,5.34375,0.22478783,0.022494586
1931,907276,6.900512,6.84375,0.3388576,0.033930272
1931,907285,7.287411,6.46875,0.25488928,0.025509236
1931,907289,5.338462,5.28125,0.22230937,0.022273425
1931,907299,4.214374,5.125,0.2527819,0.025315817
1931,907313,4.8389,5.75,0.32554734,0.0325791
1931,907322,4.613715,4.09375,0.9254536,0.09293165
1931,907790,5.867022,5.21875,0.5629392,0.056377716
1931,907795,4.312196,5.375,0.29799265,0.029831717
1931,908120,7.481888,7.375,0.25827554,0.025865998
1931,908121,5.533366,5.0,0.24379162,0.024587912
1931,908129,6.285206,5.71875,0.2202423,0.022055028
1931,908148,3.904133,4.0625,0.36250955,0.036478076
1931,908443,5.375712,5.8125,0.25813806,0.025841922
1931,908449,8.072556,8.3125,0.30122274,0.03033612
1931,908460,7.605351,7.75,0.2672042,0.026825195
1931,908467,5.294739,5.03125,0.13312468,0.013345137
1931,908472,5.885951,5.75,0.13202055,0.01321736
1931,908480,5.394222,4.75,0.8282912,0.08296036
1931,909255,5.287766,3.03125,0.9465473,0.09603302
1931,909698,5.557825,5.15625,0.112746134,0.011297551
1931,909699,7.524245,7.65625,0.4178877,0.041873787
1931,909712,5.341932,4.9375,0.22535783,0.022576245
1931,909713,5.711229,5.625,0.42841652,0.04287579
1931,909719,4.650673,5.34375,0.10788804,0.010802976
1931,909738,6.046683,6.71875,0.22789767,0.022817891
1931,909744,4.903869,5.09375,0.13578635,0.013609939
1931,909746,6.75964,6.15625,0.13887516,0.01389858
1931,909904,7.394527,7.03125,0.21624771,0.021656958
1931,909974,6.621953,6.5625,0.3575054,0.035768934
1931,909975,6.586582,6.28125,0.08285727,0.008292329
1931,910697,5.391398,5.53125,0.103894286,0.010411929
1931,910702,8.497832,8.75,0.15478788,0.015817016
1931,910710,2.943662,3.359375,1.3549705,0.13645898
1931,910779,5.366818,5.84375,0.18029451,0.018038165
1931,910781,4.482682,4.84375,0.32345244,0.032472074
1931,910784,6.425296,5.59375,0.36607835,0.036662325
1931,910851,4.342313,5.0,0.1411623,0.01413597
1931,910900,5.206081,5.375,0.10131066,0.01013966
1931,910915,5.795871,6.9375,0.29380664,0.029407192
1931,910919,3.205482,4.0625,0.39615718,0.03974859
1931,910920,6.003167,5.40625,0.18038774,0.018069198
1931,910921,3.592475,5.0625,0.8125777,0.08148372
1931,910927,5.708403,5.25,0.17381574,0.017389465
1931,910930,3.817677,4.125,0.4153226,0.04186635
1931,910935,1.50507,3.546875,0.6141306,0.061606567
1931,910937,4.494957,4.34375,0.1915506,0.019299813
1931,910951,2.080559,4.125,0.5043694,0.05063471
1931,924187,7.166934,6.78125,0.24520923,0.024549348
1931,924240,4.100623,4.90625,0.17430557,0.017459959
1931,930083,7.602899,7.96875,0.11721475,0.011738922
1931,946353,5.752917,5.34375,0.08626335,0.008641823
1931,1240154,4.012389,5.09375,0.093796894,0.009387645
1931,1240158,6.536636,5.71875,0.1592596,0.015940338
1931,1240166,5.309113,4.3125,0.51529247,0.051640842
1931,1240169,6.024855,5.71875,0.2560505,0.025651023
1931,1240173,4.995001,4.65625,0.26403388,0.026468182
1931,1240178,6.602838,6.78125,0.24027064,0.024046209
1931,1240182,6.466889,6.6875,0.4028512,0.040353067
1931,1240196,5.802415,6.125,0.09032896,0.009042137
1931,1240201,6.005827,5.65625,0.07321194,0.0073314314
1931,1240209,5.72778,5.78125,0.16721547,0.016771045
1931,1240210,5.051128,4.59375,0.20922887,0.020974232
1931,1240219,7.126829,6.65625,0.13683145,0.013700031
1931,1240223,7.617229,6.78125,0.16323413,0.01634119
1931,1240224,6.391688,6.96875,0.22043546,0.022076355
1931,1295740,2.932069,4.4375,0.9622036,0.09718354
1931,1297446,3.643756,3.8125,0.29926965,0.03009769
1931,1297449,1.909179,2.953125,0.653443,0.06645657
1931,1298134,4.335559,4.90625,0.06660757,0.006679279
1931,1298136,7.471073,6.78125,0.18020226,0.018041115
1931,1298151,6.093927,6.28125,0.10514215,0.0105249705
1931,1298168,6.069723,5.78125,0.1844076,0.018452205
1931,1298169,6.210797,5.78125,0.15766752,0.015800897
1931,1298347,4.334533,5.09375,0.09819097,0.009829142
1931,1299064,5.301101,5.3125,0.18294866,0.018356228
1931,1323913,3.53055,3.03125,1.0822347,0.10941321
1931,1327765,1.781359,3.296875,1.5536841,0.15654252
1931,1327775,5.100675,4.25,0.3130521,0.031440027
1931,1330948,4.758671,3.796875,0.9743572,0.09770667
1931,1330964,5.42146,4.9375,0.34121847,0.03427827
1931,1330991,2.565239,4.8125,0.32594645,0.032656938
1931,1330994,4.327399,2.328125,0.7153188,0.07395133
1931,1331036,1.58461,2.703125,0.44246456,0.045652486
1931,1480361,5.097606,5.71875,0.19783734,0.019795267
1931,1480362,6.321608,6.0,0.12412944,0.012426463
1931,1480374,5.864839,5.59375,0.11282182,0.011298975
1931,1503363,5.762122,5.625,0.5281642,0.052982837
1931,1659928,5.364595,5.3125,0.17421143,0.017450526
1931,1659929,5.125821,5.78125,0.17312889,0.017345976
1931,1674021,6.508827,5.40625,0.239376,0.02397323
1932,684052,1.334242,2.8125,0.47911084,0.04858728
1932,687452,3.115227,3.65625,0.8459277,0.08531711
1932,687586,5.094112,3.484375,0.77650917,0.07815286
1932,687777,4.248146,3.109375,1.9081649,0.19319333
1932,687794,1.308827,1.8984375,0.6674224,0.067331865
1932,687816,3.499399,3.78125,1.0830078,0.10906964
1932,688013,1.724243,1.96875,0.4767837,0.047942
1932,722058,1.694417,3.21875,1.4243639,0.14618978
1932,722066,2.88087,3.28125,0.99020433,0.09960324
1932,724825,-0.947666,0.51953125,1.2470125,0.15153347
1932,735784,5.252456,4.34375,0.58936584,0.05942572
1932,753540,2.216966,2.671875,0.93605953,0.09431333
1932,753572,3.62133,3.0625,0.7933446,0.07983151
1932,753618,1.612415,1.9453125,0.4080301,0.041542303
1932,905934,4.768077,5.21875,1.008124,0.10133606
1932,905935,4.974617,5.28125,0.608447,0.061880376
1932,905939,1.011535,1.1796875,0.4377514,0.04846331
1932,905942,3.116634,3.984375,0.60002065,0.061089214
1932,905943,2.607799,1.6875,0.37428653,0.037956905
1932,905956,2.193666,3.0625,1.1096525,0.11175302
1932,905960,2.801758,2.46875,0.5541717,0.05586295
1932,905962,3.840728,3.34375,0.39608696,0.051760826
1932,905968,2.377927,1.5,0.42256567,0.048624665
1932,906746,4.442961,3.796875,0.75536335,0.07660242
1932,906792,1.890658,3.609375,0.9982366,0.10088731
1932,906824,2.787073,3.109375,0.290283,0.02953808
1932,906827,2.0549,2.484375,1.1446427,0.11607977
1932,906833,3.324536,3.234375,0.32686058,0.032918103
1932,906837,1.783632,1.7734375,0.16228418,0.017626414
1932,906839,3.139595,2.609375,1.0874789,0.10924641
1932,906865,2.010144,2.59375,1.3054166,0.13357788
1932,906868,4.00413,3.046875,0.95265406,0.09631269
1932,907048,3.444312,3.234375,1.1107688,0.11246047
1932,907056,3.909903,3.296875,1.410349,0.14268528
1932,907064,2.876605,4.5,0.5763921,0.05835718
1932,907171,1.986061,2.03125,0.2701845,0.027182521
1932,907271,4.4315,3.3125,1.1717803,0.11765209
1932,907275,0.597125,0.5859375,1.2921902,0.14305793
1932,907276,5.982178,3.046875,2.1153057,0.21963604
1932,907289,2.090923,2.140625,0.66319585,0.06786209
1932,907320,4.121577,3.421875,0.4347678,0.043985542
1932,907321,3.861662,3.484375,1.2361541,0.12578629
1932,907788,2.808768,1.796875,1.1153134,0.11794075
1932,907790,2.85898,1.6953125,2.5552983,0.2928622
1932,907794,0.389262,2.4375,1.0664784,0.11048724
1932,908126,2.995337,1.7109375,1.220919,0.12410622
1932,908158,1.912164,1.46875,0.8288887,0.08385883
1932,908159,1.96284,1.7578125,0.5403906,0.054671425
1932,908449,6.819403,6.65625,1.1890086,0.18220106
1932,908458,1.923694,1.3828125,3.3085008,0.376278
1932,908461,4.230523,2.59375,1.7255533,0.17353973
1932,908468,5.059296,3.75,0.66701925,0.06811464
1932,908471,3.865069,2.453125,0.91175205,0.09272716
1932,908474,2.701946,2.828125,1.1981853,0.12113574
1932,908475,1.832788,1.7421875,0.4546513,0.046192173
1932,908481,3.335785,2.984375,1.1951368,0.12196712
1932,908483,1.753389,1.921875,0.99826795,0.10169287
1932,909253,4.164906,1.5703125,1.4227364,0.14626423
1932,909713,2.390119,2.765625,0.79767233,0.080408886
1932,909718,0.234827,1.9140625,3.0969863,0.42751223
1932,909722,0.050151,1.796875,1.0445311,0.106807895
1932,909731,2.29097,1.90625,0.43686292,0.044084482
1932,909736,2.26953,2.765625,1.6878673,0.17064224
1932,909738,3.818394,3.84375,1.71503,0.17316696
1932,909746,5.340233,3.515625,0.92674387,0.09382876
1932,909774,2.591946,3.015625,1.0169749,0.10224252
1932,909784,4.526937,2.6875,2.6646602,0.27767795
1932,910399,2.398174,2.0625,0.37411872,0.0378362
1932,910549,2.069042,2.421875,0.8216784,0.08294053
1932,910567,5.635092,2.296875,0.6157595,0.06330307
1932,910689,3.795303,5.71875,1.6753355,0.29772887
1932,910701,5.117561,4.375,0.87628627,0.089427516
1932,910702,6.238009,6.34375,1.7714767,0.2743702
1932,910703,2.235337,1.84375,0.5880751,0.05947451
1932,910706,1.826303,1.65625,0.43673906,0.0448989
1932,910924,2.289583,2.640625,1.2991391,0.13106161
1932,910925,3.770897,2.109375,0.1673958,0.016999036
1932,924151,2.592533,2.953125,0.928483,0.09343002
1932,946354,0.792518,1.6015625,0.3220357,0.033787172
1932,946355,3.263194,2.4375,0.7827753,0.080042206
1932,946359,4.71719,3.703125,1.8641311,0.19893141
1932,946382,3.960051,3.546875,0.8252776,0.08393253
1932,1240121,4.044935,3.421875,0.52988726,0.053553335
1932,1240151,2.961242,2.28125,2.1670883,0.22611597
1932,1240154,4.46407,2.53125,0.6612915,0.06659862
1932,1240157,3.899554,2.421875,1.1264392,0.11367065
1932,1240166,1.379152,2.203125,1.1669314,0.118446246
1932,1240185,4.682688,2.609375,1.0942883,0.110205695
1932,1240186,4.503825,4.0,1.1314623,0.114555605
1932,1240191,3.340495,2.53125,0.540981,0.054533273
1932,1240218,5.94562,5.25,1.1047549,0.11096636
1932,1290725,1.782869,2.0625,0.6312058,0.06373299
1932,1290765,2.147498,3.34375,1.4491751,0.14716369
1932,1290769,4.038275,2.6875,1.7734643,0.17969787
1932,1290798,4.208016,3.734375,0.8085182,0.08508344
1932,1290922,1.397014,2.65625,0.55246514,0.055979032
1932,1298151,3.13106,3.84375,0.57956755,0.06118519
1932,1298219,4.400271,4.03125,0.59611464,0.060287584
1932,1298226,3.237844,2.859375,0.48211148,0.048388742
1932,1298353,2.991198,4.46875,1.2795231,0.12880567
1932,1298475,2.491017,3.015625,0.51832473,0.05430309
1932,1298476,4.100127,5.03125,0.8261089,0.1606062
1932,1303896,1.462868,1.9140625,0.39627433,0.040520787
1932,1330931,2.334403,1.765625,1.0099316,0.10255851
1932,1330948,1.593832,1.1171875,1.0821567,0.11023856
1932,1330972,1.661859,2.390625,0.9654963,0.09740259
1932,1330984,3.595302,1.703125,0.5675501,0.05778333
1932,1330985,1.40602,2.171875,0.8505339,0.08664331
1932,1331040,1.80871,1.9140625,0.31382218,0.03237946
1932,1479995,4.0727,3.140625,0.39962256,0.040601306
1932,1503366,4.158361,3.609375,0.82252944,0.08605322
1932,1503371,4.151838,3.625,0.75346047,0.07614888
1932,1659929,2.663028,2.75,1.0512784,0.10632021
1932,1660034,2.384821,2.6875,0.77322584,0.07776369
1933,687448,5.285386,6.65625,2.2743201,0.22978084
1933,687455,4.549396,4.53125,0.96255636,0.0964396
1933,687457,4.907835,5.125,0.73225474,0.07349521
1933,687777,6.759807,5.625,1.0269377,0.10277559
1933,687829,5.00934,5.28125,0.35343695,0.03549122
1933,687985,4.606972,3.765625,0.7105044,0.07205322
1933,688058,4.665659,5.4375,0.7603945,0.0762509
1933,722058,4.05545,4.53125,0.49820793,0.050385863
1933,724812,5.803593,5.34375,0.66894513,0.067105286
1933,724859,4.764532,5.46875,1.4053634,0.14126635
1933,749711,4.049606,3.6875,1.5855217,0.15967777
1933,749713,3.106463,4.21875,1.663779,0.16771626
1933,749714,3.037437,4.78125,0.6907387,0.069320485
1933,753534,3.411083,4.96875,1.4182546,0.142114
1933,753554,2.926508,4.9375,0.89582384,0.09007771
1933,753572,4.077445,4.65625,0.5276661,0.05306763
1933,753586,5.265895,5.28125,0.62531275,0.062747665
1933,753605,4.392272,3.515625,1.6029063,0.16401878
1933,753621,3.439401,5.71875,0.31404537,0.03184777
1933,753623,5.344705,5.21875,0.46058357,0.04613134
1933,905933,4.219546,4.28125,1.000239,0.10059451
1933,905948,4.181992,4.71875,0.6270595,0.06286976
1933,905950,5.200986,4.625,1.4480283,0.145555
1933,905959,6.822158,6.59375,0.7891004,0.07914362
1933,905960,5.571154,4.40625,0.923431,0.09306307
1933,905969,6.293292,6.4375,0.7420852,0.0743001
1933,905974,3.527785,3.765625,1.867851,0.18751752
1933,905983,5.545757,5.53125,0.56608397,0.056678254
1933,906792,2.217084,4.875,0.45600536,0.045945134
1933,906795,6.542154,5.84375,1.0884323,0.10983531
1933,906797,3.966023,5.125,0.530031,0.053442992
1933,906804,3.793624,2.96875,0.48932165,0.049268864
1933,906813,4.571287,4.84375,1.2919685,0.1302691
1933,906824,5.695366,5.40625,0.29779857,0.029908104
1933,906828,2.911714,5.15625,0.85385454,0.08601086
1933,906831,4.724292,3.40625,1.0475999,0.10545866
1933,906839,4.283806,5.375,1.9717836,0.1974908
1933,906846,4.888966,3.203125,0.76240087,0.07693499
1933,906849,3.896545,3.5,0.69476926,0.07161689
1933,906851,4.252942,3.671875,1.1126049,0.11269034
1933,906855,2.990286,3.390625,1.5860991,0.1593839
1933,906864,3.746298,4.6875,0.8431125,0.08450562
1933,907000,3.361722,3.71875,0.26497468,0.026895544
1933,907047,1.901437,4.40625,0.2601551,0.026075486
1933,907048,5.257033,4.28125,0.7552554,0.07599873
1933,907055,2.988208,3.984375,0.6479692,0.06580125
1933,907061,3.871051,4.3125,1.2184178,0.122791745
1933,907067,4.350009,4.46875,1.00928,0.10122675
1933,907175,3.409012,3.265625,0.7602903,0.07713611
1933,907275,1.633959,2.3125,1.1163727,0.11619033
1933,907282,6.172542,5.375,1.8265861,0.18373372
1933,907291,3.447101,4.375,0.58975315,0.05952991
1933,907322,3.197089,3.40625,1.2296935,0.1243212
1933,907789,4.261006,3.296875,1.1732574,0.11773174
1933,907799,1.840475,2.5625,0.96267056,0.09830594
1933,908120,4.922744,6.5625,1.3513447,0.13531199
1933,908130,3.617367,4.65625,0.65331197,0.06558737
1933,908134,4.421274,4.75,0.84139895,0.08912822
1933,908138,6.30664,4.8125,1.043461,0.10478164
1933,908147,2.026372,1.6171875,0.78428674,0.08037032
1933,908447,4.473872,4.53125,1.536321,0.15435873
1933,908468,3.7664,4.46875,0.2604591,0.026391253
1933,908481,2.903543,4.5625,0.7317846,0.07347452
1933,909248,5.933728,5.1875,1.043067,0.104547165
1933,909253,5.063109,3.640625,1.2045404,0.12142298
1933,909707,5.427463,4.75,0.91405326,0.09172163
1933,909713,6.002547,5.34375,0.8688929,0.08718072
1933,909736,6.385102,5.09375,1.8072929,0.18176031
1933,909738,7.159269,5.875,1.2925386,0.12951683
1933,909744,4.127585,3.65625,0.61095107,0.061687868
1933,909746,6.562252,6.0625,0.29005927,0.029029038
1933,909749,5.845132,5.25,0.65164393,0.06533462
1933,909759,4.808511,4.59375,0.9472951,0.09504724
1933,909776,6.48416,5.21875,1.010187,0.10125159
1933,909777,1.646467,3.15625,0.70853126,0.07221959
1933,909907,7.043682,5.8125,1.0158193,0.10194462
1933,910689,6.844983,8.0,0.48634306,0.0529563
1933,910691,4.925812,4.75,0.71353614,0.07145982
1933,910703,3.528492,3.890625,0.8681144,0.08716265
1933,910779,5.834935,5.34375,0.47746304,0.047805227
1933,910916,4.324944,5.3125,0.32568312,0.033158403
1933,910921,3.386366,4.46875,1.2125648,0.121778674
1933,910924,4.901661,4.59375,0.7142144,0.07169288
1933,910927,2.499764,4.3125,1.3673651,0.13716735
1933,910951,2.143606,2.90625,0.76330066,0.07707064
1933,924100,6.451965,4.84375,1.8777364,0.18832947
1933,925340,6.209558,5.75,1.1468534,0.11509481
1933,930297,4.002204,5.25,0.4776523,0.04787535
1933,949176,5.961725,4.6875,1.7705363,0.17791761
1933,1240122,6.343561,5.65625,0.32056308,0.0320718
1933,1240146,3.346536,5.53125,0.88057435,0.08848713
1933,1240147,1.91731,3.359375,1.0109087,0.10216803
1933,1240150,5.389737,4.25,1.3014109,0.1322882
1933,1240159,6.075705,5.75,0.7081866,0.071123645
1933,1240168,3.907517,4.4375,0.8053913,0.08204466
1933,1240169,5.365838,4.53125,0.593809,0.05970924
1933,1240183,4.592494,5.53125,0.62258124,0.062317964
1933,1240186,4.057317,5.5,0.49978042,0.050180238
1933,1240196,5.841622,5.4375,0.32419068,0.032461654
1933,1240201,4.102852,5.125,0.4235518,0.042506404
1933,1240212,4.422907,5.53125,0.48333144,0.04876014
1933,1240222,3.039059,4.875,1.2804626,0.12832357
1933,1240223,4.743027,6.375,0.39295423,0.039557494
1933,1240224,6.624345,5.71875,0.89511555,0.08974539
1933,1290722,4.376202,5.25,0.7166733,0.07210254
1933,1290730,2.406467,4.875,0.4198999,0.042288087
1933,1290769,5.272738,5.21875,3.3058627,0.3313484
1933,1290806,5.232384,4.40625,1.5728511,0.1575504
1933,1295741,3.981655,2.25,1.3452799,0.13654903
1933,1297447,4.141308,3.984375,0.81899816,0.08291998
1933,1298356,6.75189,5.71875,0.58289367,0.058556575
1933,1298476,9.24812,8.5625,0.66780525,0.07290265
1933,1298534,4.79967,5.78125,1.6427366,0.16530289
1933,1298537,5.214675,5.0625,0.78734565,0.07900703
1933,1299070,4.557836,4.03125,0.7572496,0.07682761
1933,1322212,1.469112,3.890625,0.96634495,0.0974365
1933,1330964,4.697838,3.859375,1.1435732,0.11624403
1933,1330982,1.762766,1.8984375,0.9160863,0.09343142
1933,1330985,1.898146,2.71875,0.9032609,0.091451205
1933,1480361,3.40052,4.34375,1.1533232,0.11561534
1933,1480371,3.013008,4.46875,1.8715166,0.1881238
1936,687452,1.865427,2.453125,0.19353312,0.019726558
1936,687459,2.621338,2.828125,0.6470924,0.06528091
1936,687562,1.397797,2.296875,0.38291112,0.038686566
1936,687586,2.954344,2.875,0.14799441,0.0148460725
1936,687590,2.324788,2.875,0.82681394,0.08323282
1936,687780,2.925258,2.890625,0.29067576,0.02931647
1936,687799,2.733649,2.625,0.6359007,0.067860365
1936,687802,2.926456,3.796875,0.67913824,0.06823503
1936,687819,3.200614,2.953125,0.5595564,0.05630622
1936,687995,0.861417,1.96875,0.16173416,0.016549587
1936,688006,0.618017,2.53125,0.55726045,0.056024697
1936,713880,0.132214,1.8515625,0.26758188,0.027420636
1936,713899,2.586466,2.4375,0.18646805,0.018926939
1936,717431,2.88997,2.671875,0.5310636,0.053621616
1936,722046,1.443198,2.5,0.9952616,0.10580604
1936,724825,1.538068,2.0,0.31875026,0.03285681
1936,724855,4.303555,3.15625,0.7525768,0.07873477
1936,724863,3.65206,3.84375,0.4469321,0.045140594
1936,724872,2.892662,1.953125,0.53649086,0.055201564
1936,724874,4.933477,5.3125,0.63032186,0.064139135
1936,749711,0.932148,2.609375,0.7223031,0.07274309
1936,753535,3.715081,3.25,0.25832665,0.026083302
1936,753554,-5.456722,2.609375,0.9462915,0.09657175
1936,753572,0.275863,2.234375,0.16144308,0.016351784
1936,753576,4.686476,3.65625,0.21330586,0.02150217
1936,753592,1.883059,2.3125,0.32432625,0.032812152
1936,753608,3.932765,3.421875,0.21046184,0.021343222
1936,905936,2.669966,2.5625,0.27280235,0.027499681
1936,905938,1.440529,1.7421875,0.34994882,0.03810478
1936,905939,3.953285,3.703125,0.3306052,0.033678528
1936,905944,3.360856,3.15625,0.38085982,0.03839235
1936,905945,2.23497,2.421875,0.3564418,0.035969064
1936,905949,3.82857,3.203125,0.93120295,0.09396906
1936,905956,3.769722,3.3125,0.29954153,0.030363914
1936,905959,3.871922,3.828125,0.2349698,0.023872726
1936,905964,2.258328,1.8671875,0.17753768,0.01843406
1936,905970,4.845221,4.0625,0.6433356,0.06458582
1936,905984,1.724316,2.28125,0.52195114,0.05286589
1936,906696,2.98324,2.953125,0.43874335,0.04426194
1936,906792,1.460335,2.140625,0.26957497,0.027326267
1936,906797,1.178892,2.53125,0.3047987,0.030982742
1936,906818,3.040848,3.390625,0.40149802,0.040515754
1936,906830,4.008813,3.734375,0.21156639,0.021306835
1936,906831,1.515084,1.9921875,0.6406332,0.064939685
1936,906834,1.596665,2.21875,0.3863871,0.039537393
1936,906839,0.563923,2.9375,0.7104014,0.07140915
1936,906843,3.41682,2.703125,0.34625924,0.0351972
1936,906865,2.117691,2.40625,0.26641116,0.027067142
1936,906868,3.048681,3.09375,0.4521814,0.045656856
1936,907047,1.726155,2.484375,0.110284716,0.011277096
1936,907051,2.300183,2.8125,0.15670678,0.015898863
1936,907053,1.107849,2.28125,0.3832214,0.039300952
1936,907063,3.406493,3.640625,1.1117129,0.11182563
1936,907271,3.912065,4.0,0.24193035,0.024311092
1936,907275,2.120719,1.1796875,3.5600502,0.37846816
1936,907291,2.167337,2.921875,0.15636021,0.01588606
1936,907295,2.530493,2.375,0.723251,0.0741724
1936,907313,3.309334,3.640625,0.37059465,0.03727088
1936,907320,3.493506,2.765625,0.122175194,0.012343698
1936,907321,2.817712,2.875,0.27712655,0.02793558
1936,907789,2.206156,2.03125,1.1362958,0.11443627
1936,907791,2.006424,2.890625,0.3634247,0.037214547
1936,907799,1.718872,2.046875,0.13438162,0.013666904
1936,908138,4.008153,3.25,0.4487177,0.04518053
1936,908159,0.819289,2.125,0.2511989,0.025509236
1936,908442,3.45817,3.546875,0.37014452,0.038621217
1936,908445,-4.518179,2.53125,0.617349,0.062435105
1936,908458,1.005653,3.40625,2.35797,0.23968726
1936,908461,2.940268,3.546875,0.38824505,0.039136816
1936,908462,5.027113,3.015625,0.40209478,0.040477645
1936,908467,0.872694,2.140625,0.92882735,0.094789475
1936,908470,5.07187,5.125,0.33979285,0.035703115
1936,908474,3.143173,2.421875,0.5085138,0.051300623
1936,908480,3.346895,3.078125,0.55371755,0.05587645
1936,908483,1.015984,2.15625,0.6492346,0.06609978
1936,909249,1.728262,1.6796875,0.36738813,0.037801947
1936,909253,1.3594,2.296875,0.531442,0.055118054
1936,909698,2.873091,2.671875,0.36252642,0.036663823
1936,909717,3.729544,3.203125,0.25784117,0.026026588
1936,909719,3.211981,2.78125,1.111343,0.11228206
1936,909725,3.683491,2.96875,0.6791907,0.06833152
1936,909727,3.705208,2.765625,0.90144885,0.091167316
1936,909731,2.314957,2.390625,0.48320973,0.049046908
1936,909732,2.890399,2.578125,0.3464867,0.034879748
1936,909736,4.07582,3.828125,0.7112269,0.07156829
1936,909744,2.969346,2.4375,0.17859644,0.01806221
1936,909751,3.404009,2.546875,0.8114739,0.08501531
1936,909762,1.559,1.4609375,0.2924591,0.029512478
1936,909770,2.48115,2.859375,0.5870354,0.05943476
1936,909771,2.825416,2.390625,0.46012074,0.046603393
1936,909784,2.684898,3.75,0.72856015,0.073950544
1936,909907,4.435297,3.875,0.3099113,0.031291816
1936,909975,4.257303,3.828125,0.12379507,0.012488873
1936,910554,2.44902,2.734375,0.29839852,0.030167893
1936,910701,3.326693,2.828125,0.85095465,0.08673661
1936,910702,6.401627,5.59375,0.42366156,0.049821075
1936,910861,2.593018,2.28125,0.6382709,0.06452876
1936,910915,4.686328,4.25,0.3452471,0.03474788
1936,910919,2.238769,1.953125,0.55459136,0.056266688
1936,910930,1.822545,1.75,0.22870857,0.023597628
1936,910937,2.961547,2.265625,0.7620857,0.07728414
1936,924106,2.993961,2.609375,0.9343037,0.0965905
1936,924244,1.403904,2.625,0.40484327,0.04068188
1936,949179,2.25084,2.59375,0.7797913,0.08078644
1936,1240121,2.526709,2.78125,0.11918836,0.012030919
1936,1240123,3.05777,2.796875,0.48530203,0.051689234
1936,1240127,3.559661,3.078125,0.5794225,0.058438387
1936,1240128,1.479856,2.6875,1.1686682,0.11841635
1936,1240129,3.394384,3.6875,0.3031971,0.030563604
1936,1240143,2.74705,2.671875,0.49746025,0.0502929
1936,1240144,4.444708,3.328125,0.74189967,0.07457534
1936,1240173,2.315593,2.34375,0.3643906,0.036723167
1936,1240178,4.518983,3.390625,1.050901,0.10560291
1936,1240179,2.14957,2.453125,0.07285003,0.007502496
1936,1240187,1.850089,3.25,0.340483,0.03426839
1936,1240190,3.356226,3.40625,0.3484155,0.034982506
1936,1240207,3.410735,3.171875,0.18575811,0.018750496
1936,1240215,3.912733,3.15625,0.65079373,0.06543922
1936,1290797,3.189776,2.75,0.31834581,0.031928815
1936,1290905,3.188743,3.828125,0.49877608,0.05053893
1936,1290908,3.816788,3.03125,0.6420888,0.06493714
1936,1298136,3.562102,3.59375,1.511546,0.1521947
1936,1298141,4.686339,4.15625,0.7898235,0.07941906
1936,1298145,3.609469,2.953125,0.7278636,0.07340961
1936,1298168,4.233418,2.984375,0.43214205,0.043406215
1936,1298357,2.030783,4.5625,0.5924952,0.060585234
1936,1298362,3.146353,2.796875,0.1750152,0.01790858
1936,1303900,2.095172,2.34375,0.41207504,0.04229338
1936,1303901,2.76545,2.8125,0.50528955,0.051242102
1936,1322212,3.291223,2.65625,0.76641625,0.07879131
1936,1327765,2.245664,1.921875,0.15776359,0.016044898
1936,1327768,1.771238,1.28125,0.20246793,0.022859462
1936,1331033,0.859212,1.4453125,0.48476928,0.049677067
1936,1331040,0.607588,0.85546875,0.16657744,0.017337121
1936,1331048,2.588992,1.7890625,0.31728053,0.032421343
1936,1331050,2.09487,1.8046875,0.45194674,0.045963965
1936,1480360,3.218174,2.59375,0.29287022,0.029429937
1936,1480361,3.439294,3.359375,0.3810534,0.03836754
1936,1503371,2.113307,2.171875,0.15030555,0.015523324
1936,1659929,3.045109,3.46875,1.229307,0.12338354
1936,1660035,2.544757,3.140625,0.22627072,0.02332401
1939,687448,2.207239,2.890625,2.5304053,0.2801403
1939,687459,3.656746,3.09375,1.86289,0.18936247
1939,687505,1.7091,2.640625,0.8076177,0.082472265
1939,687787,3.830431,2.796875,1.5864264,0.16233245
1939,687802,1.789509,3.515625,2.6415734,0.27069706
1939,687995,4.369299,2.203125,0.5549645,0.06689647
1939,687997,3.395689,2.359375,1.2542268,0.14016749
1939,688023,3.596345,1.8203125,0.7234348,0.07735528
1939,713880,2.948385,2.4375,0.66197073,0.067514226
1939,717431,2.232987,2.484375,1.0129772,0.10494453
1939,722066,2.900185,2.84375,1.3146832,0.13385034
1939,724831,2.230304,3.390625,1.5447136,0.16484465
1939,724838,2.1919,4.125,1.5918789,0.17207363
1939,724859,2.276102,3.03125,1.4892642,0.15445778
1939,724868,1.745554,2.765625,1.1187861,0.11511612
1939,749715,2.025547,1.7734375,0.30053365,0.03550803
1939,753576,2.526598,4.375,1.9052262,0.19523937
1939,753608,3.500252,3.21875,0.42502227,0.04301537
1939,753618,1.636993,2.0,0.36105707,0.038938776
1939,753620,2.320861,2.28125,0.92208195,0.10148806
1939,905934,2.21773,3.234375,1.8739593,0.19101004
1939,905935,5.061435,4.59375,2.2773423,0.23702224
1939,905950,4.857336,2.671875,1.0739379,0.109111145
1939,905951,1.90112,3.140625,1.1610389,0.11774253
1939,905955,2.26675,3.078125,1.4623911,0.14964044
1939,905957,1.08352,3.234375,1.4930918,0.15376678
1939,905959,4.367427,4.6875,1.3702207,0.1395047
1939,905964,2.430836,2.375,0.40562308,0.04177329
1939,905972,3.904521,2.96875,1.038168,0.10426389
1939,905974,1.708571,2.546875,0.80997866,0.081975766
1939,905977,2.595961,3.265625,1.3890662,0.14268304
1939,906798,4.711023,3.125,1.3267841,0.1366395
1939,906800,3.104053,2.015625,0.14299513,0.0147539135
1939,906801,3.772972,3.234375,1.0639663,0.10727966
1939,906817,4.534502,4.375,1.3743621,0.1384119
1939,906827,2.693253,2.609375,1.3941,0.14286135
1939,906831,2.88978,2.140625,0.6242255,0.0638298
1939,906834,2.36592,2.203125,0.90079266,0.09217439
1939,906836,2.506372,1.6640625,0.32593688,0.03384262
1939,906844,1.578845,1.9296875,0.3363643,0.034774125
1939,906848,1.662655,1.734375,0.8008865,0.08766277
1939,906863,2.408823,2.796875,0.7665894,0.08067112
1939,906865,1.915862,1.8359375,1.4492248,0.15274756
1939,906871,2.072752,2.390625,1.3706563,0.14248411
1939,906999,4.702674,3.078125,0.79607457,0.079939745
1939,907048,3.986003,3.890625,1.0829829,0.11026051
1939,907056,2.817873,2.046875,1.3720338,0.14001997
1939,907061,3.707349,2.765625,0.51818556,0.052817926
1939,907062,1.708943,3.140625,0.8183737,0.08323038
1939,907069,3.04242,3.296875,1.3350018,0.13389535
1939,907071,4.646385,2.5,1.1706048,0.12005041
1939,907169,1.854838,2.625,1.1016694,0.11099947
1939,907270,1.664698,1.9765625,0.4639524,0.04754384
1939,907271,5.344834,3.671875,2.0174122,0.20441611
1939,907290,1.754112,3.171875,2.8285546,0.31314832
1939,907295,2.192818,2.21875,1.4081305,0.1641022
1939,907299,2.701821,2.296875,0.89997476,0.09092694
1939,907311,4.085449,2.296875,1.4146359,0.14485815
1939,907314,2.326603,1.7578125,1.0736257,0.114572346
1939,907319,2.320222,2.84375,0.41846657,0.042437263
1939,907788,1.375221,1.890625,1.2344989,0.14148565
1939,908130,4.607511,3.625,1.042187,0.1084692
1939,908159,2.772419,2.265625,0.46915504,0.047973163
1939,908460,6.042876,5.1875,1.35987,0.21410036
1939,909249,3.434292,2.46875,0.5048536,0.05145902
1939,909250,3.997008,3.46875,0.77972066,0.07854317
1939,909251,1.675399,1.9140625,0.14689751,0.014910438
1939,909260,2.16098,2.1875,0.41122144,0.041844312
1939,909264,5.14768,3.0,1.1739167,0.11830694
1939,909703,1.72578,2.296875,0.6523089,0.068438604
1939,909717,2.374326,3.140625,1.7484071,0.17763664
1939,909728,2.45002,3.734375,1.430672,0.14454477
1939,909743,3.261094,2.59375,0.32469413,0.03422259
1939,909753,2.644913,2.984375,2.5921352,0.26287195
1939,909774,2.998628,2.9375,1.2538642,0.1274551
1939,909781,5.901964,5.25,2.173403,0.26410583
1939,909907,6.053443,4.71875,1.8636885,0.1939698
1939,910692,2.377824,2.859375,0.6601757,0.0682505
1939,910698,2.917625,2.4375,0.9212829,0.094205216
1939,910710,1.65499,2.140625,0.5726452,0.058403943
1939,910910,2.543466,3.28125,1.9256349,0.19704226
1939,910915,2.6987,3.75,2.3161972,0.23637451
1939,910919,1.913023,1.875,0.27899358,0.028634544
1939,910930,3.31153,2.15625,0.38425472,0.04056593
1939,910934,2.834238,2.21875,0.68911666,0.07181122
1939,910935,1.604728,1.609375,0.218625,0.02210284
1939,910941,1.924655,2.03125,0.3049515,0.031593
1939,910951,2.222939,2.140625,0.3730957,0.038233235
1939,911905,6.37746,5.34375,2.2307954,0.24058367
1939,917486,1.552476,3.21875,1.4230136,0.143771
1939,924100,2.128767,3.453125,1.3979425,0.14148203
1939,924239,2.358322,2.453125,0.48270336,0.05141245
1939,925341,2.028084,2.265625,1.564029,0.16690591
1939,930082,4.7717,2.453125,1.321526,0.13552801
1939,930083,2.981896,5.0625,3.1741877,0.34936392
1939,998184,2.461772,1.96875,0.77059215,0.08162776
1939,1240127,5.750148,3.0625,1.5167614,0.15579973
1939,1240153,4.023811,2.515625,1.1490293,0.12004874
1939,1240155,3.435847,3.015625,1.2653366,0.12810978
1939,1240159,4.701918,3.40625,1.1463741,0.11765827
1939,1240166,1.540039,2.671875,1.2834101,0.1302691
1939,1240184,3.988483,3.046875,1.2521783,0.12582886
1939,1240185,4.431747,2.671875,1.3237303,0.13354246
1939,1240186,3.372589,3.34375,1.4759313,0.15071908
1939,1240209,2.182009,2.734375,1.4722432,0.15175898
1939,1240219,2.704492,3.828125,1.2928965,0.1310039
1939,1290455,2.369068,2.296875,0.6910082,0.070708014
1939,1297446,1.515708,2.171875,0.17609352,0.017769855
1939,1298136,5.179716,2.765625,1.8162539,0.18721965
1939,1298141,3.908455,3.4375,1.8160521,0.1856993
1939,1298146,5.699332,4.125,2.151504,0.22081994
1939,1298151,2.087024,2.5625,0.7085091,0.090068385
1939,1299052,4.076121,3.734375,2.5956159,0.2812364
1939,1299064,1.571996,2.5625,1.5396585,0.1575469
1939,1299070,1.867931,2.40625,1.080025,0.11227206
1939,1330933,1.944586,2.046875,0.55946803,0.056813955
1939,1331040,1.813983,1.8359375,0.3996902,0.04116229
1939,1331050,2.392535,1.96875,0.4024968,0.041129176
1939,1503367,2.730366,3.875,2.909351,0.30356434
1939,1674021,3.315745,3.046875,0.94294477,0.09562531
1940,687588,3.772967,4.09375,0.6333155,0.06348696
1940,687799,3.469084,2.265625,1.8221757,0.19407886
1940,687800,2.681185,3.671875,1.0051221,0.100894205
1940,687995,3.108673,3.609375,0.20848478,0.020935502
1940,688006,3.484127,3.640625,0.6106408,0.06129616
1940,688013,2.284189,3.421875,0.6000007,0.060214292
1940,688018,3.610185,4.46875,1.7276835,0.17411539
1940,688023,2.979685,3.578125,0.41236484,0.04198363
1940,722045,2.63269,3.1875,0.6774911,0.06797635
1940,724831,5.121357,4.125,0.5280947,0.0531203
1940,724839,3.917168,4.125,0.75766325,0.07615989
1940,749714,3.190801,3.78125,0.523418,0.052435778
1940,753534,3.815361,3.796875,0.88121057,0.08862377
1940,753540,2.702467,3.5,0.8602741,0.08653375
1940,753573,4.539849,2.6875,1.1582391,0.11740835
1940,753574,3.956991,3.71875,0.50811875,0.05100499
1940,753592,2.951975,3.5,0.44896486,0.04506712
1940,753608,3.39214,3.109375,0.8461685,0.08605717
1940,753618,2.708299,3.421875,0.2584553,0.026343983
1940,753620,2.438018,3.796875,0.56052625,0.056547817
1940,905935,4.846455,4.3125,0.26851356,0.026930837
1940,905941,4.644541,4.71875,1.013215,0.10254477
1940,905944,4.661342,3.6875,0.42907327,0.04302664
1940,905949,2.975471,3.28125,0.5078546,0.051524956
1940,905951,2.719424,4.4375,0.5863361,0.058902398
1940,905954,3.731248,4.15625,0.6280879,0.062944815
1940,905956,4.914829,3.984375,0.41363028,0.041458387
1940,905962,6.058706,4.59375,0.36606032,0.037665322
1940,905983,3.1315,4.1875,0.43032914,0.043110177
1940,905984,3.859614,3.890625,0.22952189,0.023091568
1940,905989,3.478474,3.375,5.6274734,0.56820726
1940,906746,4.955206,4.3125,0.3318414,0.03326064
1940,906790,3.340088,3.640625,0.2848369,0.028582256
1940,906800,2.591877,3.109375,0.23897499,0.024195172
1940,906813,3.133867,3.875,0.94194144,0.09486285
1940,906814,3.076196,3.484375,1.5789571,0.15968658
1940,906818,5.434208,3.828125,0.7211186,0.0725363
1940,906820,3.311566,3.421875,0.89837706,0.09174042
1940,906826,5.019426,4.65625,0.780671,0.07841396
1940,906831,3.701184,3.265625,0.72991943,0.07395974
1940,906833,3.43102,3.703125,0.21188428,0.021251146
1940,906855,3.394798,3.21875,0.533578,0.05381468
1940,906864,2.711107,3.703125,0.26916817,0.027019117
1940,906875,3.672312,3.703125,0.8233449,0.08276217
1940,907042,3.556664,3.515625,0.29769236,0.029980576
1940,907046,2.402187,3.515625,0.56591237,0.056850664
1940,907048,4.109746,3.90625,0.32267532,0.032469697
1940,907063,4.373053,4.15625,2.396708,0.24080436
1940,907066,5.459562,3.765625,0.64410174,0.06465497
1940,907067,3.472477,3.625,0.7891534,0.079570286
1940,907270,3.26061,3.078125,1.114224,0.1128103
1940,907273,2.994483,3.296875,0.4964294,0.05012459
1940,907312,3.313958,3.453125,0.41159722,0.04143423
1940,907320,4.090042,3.828125,0.41153318,0.041330542
1940,907789,2.584629,3.25,0.84867257,0.08660945
1940,907792,2.635422,4.25,0.7596228,0.07853158
1940,907799,3.854513,2.953125,0.35248274,0.03597187
1940,908131,3.9445,3.921875,0.2534372,0.02544004
1940,908446,2.782007,3.0,0.49316335,0.050984375
1940,908449,4.874024,4.96875,1.5732075,0.17005534
1940,908457,2.160448,3.203125,1.3515147,0.1382949
1940,908458,4.855905,3.875,1.9107243,0.19292626
1940,908461,1.826646,3.8125,1.511703,0.15188529
1940,908467,3.345072,3.703125,0.33613837,0.033793982
1940,908470,3.62896,4.875,0.83365923,0.08601507
1940,909249,3.760262,3.40625,0.6039399,0.060864862
1940,909257,3.72073,3.65625,0.39233235,0.039479043
1940,909263,3.694004,3.609375,0.36071843,0.036390517
1940,909264,5.911707,4.28125,0.30922782,0.031014316
1940,909702,3.056804,3.078125,0.66587037,0.06877005
1940,909713,4.570007,4.0625,0.6055258,0.06066831
1940,909723,6.174736,4.3125,0.8083269,0.08115972
1940,909731,4.254582,3.421875,0.4043211,0.04070176
1940,909737,2.993122,4.5625,0.45134768,0.045341678
1940,909742,3.279037,3.609375,0.25813058,0.025943018
1940,909744,3.783136,3.3125,0.49056813,0.049476873
1940,909751,2.848355,3.46875,1.8761424,0.19287656
1940,909753,4.329211,4.8125,0.4742168,0.047571097
1940,909759,5.008419,3.796875,0.5508673,0.05519202
1940,909770,5.361991,3.8125,0.6734505,0.06790397
1940,909774,3.884196,4.4375,0.76348025,0.07653538
1940,909905,5.550771,3.90625,0.6444457,0.06463534
1940,909907,6.836985,4.65625,0.7826068,0.07845273
1940,909974,4.359296,4.21875,1.5660621,0.1573704
1940,910546,3.59514,4.375,0.63855517,0.06398543
1940,910700,2.96814,3.859375,1.2962487,0.13036434
1940,910702,7.807659,5.15625,0.50986683,0.056280047
1940,910703,3.46959,3.53125,0.5131968,0.051684014
1940,910706,3.087786,2.765625,0.20961846,0.02158766
1940,910861,3.257199,3.484375,0.6517751,0.06567006
1940,910903,2.410017,3.640625,0.40901598,0.04111406
1940,910906,4.777665,3.328125,0.43093765,0.04374117
1940,910919,4.145978,3.015625,0.515213,0.051910643
1940,910922,4.590994,3.734375,0.56998336,0.057267915
1940,910926,2.997869,3.265625,0.5885827,0.059346758
1940,910930,2.352184,3.078125,0.29896483,0.03031843
1940,910934,4.03653,3.15625,0.76217586,0.07849305
1940,910943,3.979808,3.546875,0.6168704,0.061848186
1940,924100,4.873296,4.5625,0.32224208,0.03231959
1940,924189,3.56524,3.703125,1.2714578,0.12789413
1940,924239,2.130017,3.1875,0.22640444,0.023455517
1940,924247,3.426199,3.578125,0.5296964,0.053312045
1940,930301,2.738537,3.890625,2.0510042,0.20655647
1940,946355,3.072439,3.53125,0.4701211,0.047325645
1940,946382,3.778429,3.4375,0.47144306,0.047404982
1940,949179,2.415809,3.609375,1.5922221,0.16133334
1940,1240123,3.338909,3.375,0.73124844,0.076720744
1940,1240157,3.408934,4.125,0.7348223,0.07415199
1940,1240159,4.345884,3.796875,0.89890265,0.09024274
1940,1240185,2.70289,3.546875,0.81041276,0.081349276
1940,1240189,4.563639,3.296875,0.8182934,0.08317939
1940,1240190,4.248895,3.921875,0.7587862,0.0761412
1940,1240207,4.096497,3.703125,0.49331298,0.049753707
1940,1240210,2.745588,3.203125,0.52560145,0.053325485
1940,1240217,2.334635,3.515625,0.53501004,0.054071076
1940,1240218,3.702107,4.125,0.6388931,0.064147785
1940,1240219,3.476303,3.96875,1.2732693,0.12791061
1940,1247871,3.664354,3.1875,0.6308647,0.06406428
1940,1290769,4.416869,4.65625,0.87126726,0.0875388
1940,1290807,5.338534,4.1875,1.0788935,0.10825122
1940,1298146,4.27448,4.40625,0.5483395,0.055035938
1940,1298151,2.767905,3.84375,0.25235286,0.02537053
1940,1298218,4.23341,4.28125,0.40243983,0.04033114
1940,1298348,3.978575,3.421875,1.4638214,0.14752345
1940,1298350,2.86356,3.921875,0.4707008,0.04720941
1940,1298353,3.120344,3.984375,0.5611868,0.056213334
1940,1298357,4.656336,4.625,2.251548,0.23055764
1940,1298362,4.671296,3.609375,0.399639,0.040527936
1940,1298537,3.047832,3.53125,0.47420502,0.047767837
1940,1298538,4.432117,4.3125,0.21269812,0.021440906
1940,1298539,4.395323,4.34375,0.54649466,0.054811228
1940,1299050,5.57743,3.484375,0.517419,0.052228477
1940,1303900,4.856122,3.828125,0.4273732,0.042809404
1940,1323913,3.06938,3.0,0.26769447,0.027285723
1940,1330995,3.524276,3.890625,0.6563141,0.065951675
1940,1331050,3.169305,3.15625,0.3650181,0.037228107
1940,1480361,1.778137,3.53125,0.70047706,0.07044732
1940,1660035,3.894174,4.15625,0.28643712,0.02877502
1941,687455,-1.958917,-3.828125,5.7450104,0.6584344
1941,687506,-2.285931,-4.375,1.180741,0.13821708
1941,687586,-2.69276,-5.125,0.57756776,0.0763137
1941,687588,-4.367023,-3.875,1.6869181,0.2237313
1941,687798,-2.053932,-3.578125,0.58108133,0.06360352
1941,687816,-2.67885,-4.4375,0.93707424,0.1008349
1941,687983,-5.443728,-4.875,1.2966495,0.17006356
1941,687985,-5.334051,-4.375,0.99110425,0.13297309
1941,688027,-6.93441,-4.78125,0.92128205,0.106011994
1941,722058,-2.692944,-3.03125,0.6544634,0.09151436
1941,724828,-3.407367,-4.59375,0.4273993,0.05605605
1941,724834,-3.936067,-4.53125,1.2230873,0.14450768
1941,724855,-3.032107,-2.921875,2.0429363,0.25559345
1941,735784,-3.723687,-3.65625,1.0521327,0.114276856
1941,753541,-3.404077,-3.625,0.9699962,0.14786008
1941,753551,-4.212733,-1.5703125,2.7210617,0.36945838
1941,753555,-2.390521,-3.953125,0.30961305,0.034601144
1941,753556,-3.097356,-5.0,0.5914671,0.06988179
1941,753574,-5.3201,-4.25,1.4718642,0.16559881
1941,753586,-5.82683,-4.9375,0.42631313,0.05013289
1941,753608,-4.079863,-4.53125,0.50304526,0.05943476
1941,753623,-4.134538,-4.40625,0.31042826,0.04612571
1941,905933,-5.789561,-4.84375,1.1977139,0.15127149
1941,905936,-5.56245,-4.84375,1.5219506,0.15967922
1941,905939,-3.741811,-5.3125,1.0629958,0.13139398
1941,905944,-3.646127,-4.1875,0.1841474,0.021105096
1941,905947,-4.723881,-4.0,1.458918,0.17680207
1941,905990,-6.057904,-4.34375,2.891232,0.33136347
1941,906693,-3.957985,-3.9375,2.086488,0.22223061
1941,906790,-5.619311,-4.46875,0.59651595,0.067349106
1941,906795,-3.986696,-5.03125,0.17500685,0.02974
1941,906797,-5.753323,-4.4375,2.100449,0.24478436
1941,906814,-5.195349,-4.59375,2.0661275,0.2147806
1941,906833,-5.937488,-4.53125,0.23608592,0.05446615
1941,906844,-3.015812,-5.03125,2.7607553,0.35212094
1941,906870,-1.864348,-4.6875,1.8639989,0.19290432
1941,906999,-4.935864,-4.625,1.6841637,0.19627084
1941,907053,-1.836217,-3.234375,3.4849157,0.43466058
1941,907061,-4.061593,-5.0,0.21876864,0.029237488
1941,907062,-4.033058,-4.5625,0.89962554,0.117991425
1941,907071,0.025333,-2.640625,9.186805,1.0233774
1941,907274,-6.054261,-4.375,2.9191656,0.31785837
1941,907289,0.117642,-2.21875,2.2829165,0.24512346
1941,907299,-6.423806,-5.40625,1.5570234,0.18768655
1941,907783,-3.906448,-3.671875,0.49470767,0.059633005
1941,907799,-5.51814,-6.09375,0.24436694,0.034022126
1941,908121,-1.451471,-4.4375,0.28820488,0.038819876
1941,908126,-3.739992,-5.15625,0.9070909,0.10437902
1941,908129,-5.863903,-4.53125,0.87822396,0.14477263
1941,908152,-2.572555,-3.390625,3.6203372,0.46330506
1941,908156,-2.814021,-4.84375,0.049914144,0.021762222
1941,908159,-5.824722,-5.34375,0.11714607,0.019784614
1941,908441,-4.768615,-4.21875,0.48753712,0.070368275
1941,908459,-0.46883,-4.46875,0.81615585,0.08957793
1941,908461,-2.693866,-4.625,0.21862873,0.024773045
1941,908468,-4.308609,-3.375,2.150083,0.24546091
1941,908469,-5.580692,-3.328125,5.1465163,0.6458943
1941,908480,-4.459031,-4.5,3.3558621,0.3492729
1941,909262,-5.795506,-4.1875,3.1100116,0.45315924
1941,909264,-5.453438,-3.640625,1.4589416,0.17320658
1941,909699,-4.550768,-3.515625,0.98685694,0.11552109
1941,909723,-1.525741,-3.1875,9.130793,1.2109919
1941,909732,-3.240772,-3.5,4.212309,0.5673787
1941,909735,-5.282179,-4.09375,1.1880906,0.1714821
1941,909745,-4.474996,-4.5,0.92780155,0.14293145
1941,909757,-0.661808,-3.21875,3.4166565,0.36685646
1941,909778,-2.983923,-2.90625,0.9774332,0.10336036
1941,909785,-4.530159,-5.46875,0.54955584,0.057267915
1941,909905,-4.263832,-4.84375,0.3274182,0.047257643
1941,910079,-3.020762,-4.3125,0.5169709,0.067315765
1941,910549,-2.888803,-5.03125,0.41271716,0.053177852
1941,910701,-2.613214,-3.546875,0.7401947,0.09708108
1941,910910,-4.595155,-4.9375,2.061641,0.2204467
1941,910918,-4.494352,-4.3125,0.1366298,0.019537937
1941,910920,-1.680369,-3.640625,2.3559892,0.25243697
1941,910921,-6.246198,-6.25,0.61974686,0.076160185
1941,910924,-2.738033,-3.15625,2.1059678,0.24136451
1941,910927,-6.155139,-4.25,2.2814555,0.24549852
1941,910934,-5.513917,-4.65625,0.7459335,0.087318674
1941,910937,-2.779219,-4.65625,2.950506,0.43623766
1941,924151,-4.041077,-4.03125,0.78702664,0.086380824
1941,924189,-3.12617,-2.5,5.526004,0.5701605
1941,924239,-5.603191,-4.53125,2.0415177,0.2349176
1941,924244,-6.332744,-5.625,0.37888232,0.050061505
1941,924247,-5.584932,-4.09375,1.1352261,0.12960134
1941,924248,-3.161919,-4.6875,1.4070107,0.27157435
1941,924250,-3.959469,-4.71875,2.4867978,0.29110357
1941,925340,-3.360374,-4.9375,0.918316,0.110120915
1941,925341,-5.328714,-4.53125,2.821881,0.30055687
1941,930301,-3.760071,-3.15625,4.120126,0.4589674
1941,946354,-3.182716,-3.234375,0.6114521,0.07157634
1941,946355,-3.027624,-3.15625,1.4349501,0.16036442
1941,1240150,-4.907226,-4.6875,0.97441703,0.14478603
1941,1240155,-2.619049,-3.171875,2.895141,0.30564123
1941,1240185,-2.954353,-3.46875,2.7479,0.2824975
1941,1240189,-6.104316,-5.3125,1.3874931,0.14836156
1941,1240192,-6.369271,-4.625,0.6711085,0.08422496
1941,1240196,-4.168566,-5.34375,0.5011108,0.085156865
1941,1240198,-4.361743,-4.5,1.2669339,0.14830679
1941,1240209,-4.052385,-4.21875,1.4791353,0.15848479
1941,1240218,-4.982209,-3.796875,1.5274853,0.16632286
1941,1240222,-5.935355,-5.53125,1.0191985,0.11097719
1941,1240224,-1.366331,-3.953125,1.6811565,0.19049357
1941,1290725,2.929178,-4.125,2.7073321,0.30677056
1941,1298168,-4.609493,-5.71875,0.3491742,0.044243474
1941,1298218,-2.959584,-4.78125,1.2535974,0.16152373
1941,1298348,-4.068151,-4.4375,1.4581597,0.19487678
1941,1298365,-2.178171,-4.4375,0.90713423,0.09877487
1941,1299075,-3.90935,-2.78125,2.332398,0.2454471
1941,1303896,-6.198779,-5.34375,0.26902804,0.03335264
1941,1303897,-5.378762,-5.0,0.62404746,0.080407366
1941,1323913,-5.567782,-4.34375,0.63317126,0.087775916
1941,1327768,-5.671592,-4.0625,0.20977722,0.040783394
1941,1327775,-5.160562,-5.09375,0.13278395,0.0278228
1941,1331038,-5.421573,-3.171875,3.2950516,0.42026785
1941,1331040,-5.314974,-4.59375,0.66813064,0.10461319
1941,1331048,-5.283335,-4.40625,0.9233989,0.10080518
1941,1480359,-6.329803,-4.28125,1.0489913,0.13516061
1941,1480371,-5.513008,-4.53125,0.8240577,0.11677173
1941,1480372,-3.640775,-4.65625,0.40898857,0.059031036
1941,1503363,-3.382061,-3.84375,1.5088406,0.15567873
1941,1659819,-3.845865,-4.96875,0.50653183,0.06526569
1941,1659929,-2.007657,-1.6953125,2.1948476,0.24780732
1941,1674021,-3.985929,-4.1875,0.6875395,0.09613943
1996,687455,5.424294,3.890625,0.80101854,0.080338955
1996,687505,3.052066,3.109375,0.56739134,0.057141937
1996,687562,2.126111,3.25,0.65547895,0.06636437
1996,687586,5.205019,4.1875,0.4451062,0.044576872
1996,687590,2.640455,3.796875,0.73180616,0.073371775
1996,687787,3.307033,3.609375,1.4729645,0.14768124
1996,687807,6.684679,5.65625,0.75486255,0.075621784
1996,687829,1.89594,4.1875,0.35461745,0.03551453
1996,687985,3.24393,3.421875,0.50737727,0.051499963
1996,688006,2.409408,3.078125,0.67200464,0.06796266
1996,688013,2.169399,3.09375,0.492358,0.04949155
1996,688023,4.187472,3.125,0.50117296,0.050520442
1996,688025,4.829757,3.21875,0.91902006,0.09253438
1996,688027,4.365753,3.546875,1.0702115,0.10757706
1996,722046,4.998957,3.484375,0.4100978,0.042234123
1996,724873,5.863057,4.0625,0.5429075,0.05438232
1996,735784,4.4865,4.53125,0.38555807,0.038650423
1996,749711,3.976823,4.0625,1.2550535,0.12581335
1996,753541,3.757308,3.546875,0.488458,0.049703605
1996,753556,3.715585,4.0,0.6619382,0.06641584
1996,753574,4.821895,4.875,0.542408,0.05429293
1996,753600,2.011207,4.46875,0.41568744,0.041658767
1996,753615,5.664461,4.1875,1.5084258,0.15113087
1996,905944,4.258301,4.03125,0.88643724,0.08890612
1996,905946,4.800572,4.625,0.6542495,0.06548044
1996,905948,4.325504,4.34375,1.1167394,0.11198448
1996,905955,4.746987,4.21875,0.84249663,0.08440093
1996,905957,4.226639,3.96875,0.6150123,0.061774492
1996,905983,3.107729,4.03125,0.9574694,0.09590843
1996,906793,3.805136,3.859375,0.3653064,0.036669474
1996,906800,1.590396,2.390625,0.48902422,0.049637094
1996,906801,4.987624,3.96875,0.3783375,0.03799668
1996,906826,5.496627,4.53125,0.8074227,0.08087846
1996,906832,3.317447,2.765625,0.4538896,0.04597227
1996,906834,3.537177,2.859375,0.44981948,0.045492135
1996,906844,2.52339,2.5625,0.5901709,0.060191385
1996,906848,2.928667,3.1875,0.71346396,0.07245224
1996,906864,2.41724,3.921875,0.42473057,0.042634476
1996,906872,3.189106,4.125,1.2947676,0.12986003
1996,907045,5.529806,3.78125,1.0481514,0.10532661
1996,907048,4.431579,4.0625,0.45064566,0.04559191
1996,907055,2.790464,3.046875,0.35032815,0.035497315
1996,907056,3.303823,4.4375,1.6532258,0.16558453
1996,907071,4.345797,4.375,0.8349236,0.08369726
1996,907072,2.058952,3.234375,0.8454441,0.085473835
1996,907169,3.452644,3.6875,0.7354784,0.07369747
1996,907276,4.972474,5.15625,2.4050305,0.24078184
1996,907277,0.134964,2.40625,0.38860935,0.039344996
1996,907281,1.618843,2.6875,0.6053232,0.06271153
1996,907318,3.600459,3.609375,0.37534216,0.037741754
1996,907319,4.937094,3.765625,0.30831835,0.030991988
1996,907794,4.68934,4.5625,0.8947066,0.08975257
1996,908122,4.946409,3.703125,0.9250874,0.09266477
1996,908127,1.499004,3.265625,0.5709253,0.05738909
1996,908131,4.003965,3.890625,0.3782742,0.03801201
1996,908159,3.378393,2.71875,0.46763295,0.047637448
1996,908441,3.055987,3.640625,1.0318784,0.10355625
1996,908443,5.332073,4.625,0.7921151,0.07933702
1996,908445,5.083661,3.625,0.57727706,0.05816395
1996,908454,4.962355,3.59375,1.3747808,0.13908684
1996,908457,2.826209,5.34375,0.7049748,0.07065015
1996,908459,5.193248,4.75,1.048172,0.105017535
1996,908461,4.215797,5.03125,0.5032214,0.050380472
1996,908471,4.114999,3.28125,0.9078722,0.09253813
1996,909257,4.856267,3.765625,0.50578636,0.050895527
1996,909702,2.039125,2.546875,0.74921167,0.076196454
1996,909713,5.799984,4.0625,0.5292142,0.053036027
1996,909723,5.898324,4.21875,1.2938315,0.13014467
1996,909728,5.784551,4.25,0.78490335,0.07868295
1996,909743,4.798681,3.15625,0.54405475,0.054768316
1996,909744,2.454333,3.34375,0.47838306,0.04824793
1996,909746,4.873395,5.34375,0.30724156,0.030757617
1996,909757,5.649228,4.53125,0.82973003,0.08318975
1996,909781,5.616154,5.65625,0.36647817,0.03683818
1996,909905,5.146578,4.1875,0.52348334,0.052461702
1996,909907,6.198303,5.15625,0.92091244,0.09217439
1996,910691,3.470795,3.875,1.0861788,0.10893939
1996,910906,2.623997,2.78125,0.48176125,0.048615236
1996,910915,4.963813,5.5,0.9287305,0.092942566
1996,910916,3.526279,3.734375,0.54547566,0.05541985
1996,910926,2.417342,3.1875,0.7560125,0.07629033
1996,910933,5.666998,3.234375,0.6874672,0.06913891
1996,910934,1.68444,2.84375,0.7895143,0.08021396
1996,910941,1.926467,2.890625,0.41774696,0.042402286
1996,924100,4.771285,4.78125,0.47986463,0.048128504
1996,924105,3.684811,4.03125,1.4011155,0.1409894
1996,925346,3.437259,4.25,0.50407934,0.050539613
1996,925347,5.774377,5.125,0.3877013,0.038809795
1996,930297,3.680982,4.46875,0.540223,0.054071076
1996,1240143,3.847719,3.921875,0.49073732,0.049142353
1996,1240158,4.843208,3.9375,1.6773933,0.16815098
1996,1240168,3.347823,3.8125,0.5645336,0.05675591
1996,1240173,2.102036,3.78125,0.48689303,0.04880155
1996,1240174,3.633685,3.546875,0.64507735,0.06484281
1996,1240197,5.083906,4.5625,0.62305266,0.0624489
1996,1240218,4.183935,5.21875,0.7511061,0.07521564
1996,1240223,3.834049,5.0,0.7732918,0.077476986
1996,1290765,4.405276,3.765625,0.79715496,0.07991112
1996,1290806,5.243522,4.375,1.093498,0.1095027
1996,1290922,3.991346,3.96875,0.58495694,0.05868001
1996,1297446,2.84536,2.796875,0.20474474,0.020639172
1996,1297447,3.278951,3.546875,0.6229206,0.06328818
1996,1298151,3.466001,4.40625,0.4139773,0.041493163
1996,1298157,3.861757,4.1875,0.5809073,0.058224652
1996,1298219,3.447191,3.96875,0.65304023,0.065421276
1996,1298348,3.296279,4.96875,0.447824,0.044849057
1996,1298350,3.734588,3.859375,0.64271975,0.06487638
1996,1298539,4.838261,5.09375,0.48564443,0.048632354
1996,1299050,5.102158,4.59375,0.79189837,0.07928756
1996,1299075,4.7353,4.625,0.7068316,0.07075109
1996,1299081,1.669639,3.515625,0.46980157,0.04720941
1996,1303896,2.520492,2.75,0.5316747,0.05389478
1996,1330931,2.934461,2.703125,0.6253296,0.06341553
1996,1330933,1.276595,2.546875,0.7022624,0.070951514
1996,1331040,0.998227,1.921875,0.2651019,0.02699052
1996,1503361,3.644121,3.40625,0.62329924,0.062473617
1996,1503367,5.704362,3.671875,4.557012,0.45998654
1996,1660035,4.913264,4.75,0.40096566,0.04015263
1997,687506,4.291354,3.640625,0.321761,0.03223387
1997,687588,2.593086,5.21875,1.0517993,0.10560545
1997,687590,4.11323,5.0625,0.45448855,0.04554728
1997,687592,4.016111,4.46875,0.7667428,0.076830275
1997,687777,1.664568,2.578125,2.2199147,0.23325351
1997,687787,4.352964,4.03125,0.7177323,0.07256226
1997,687802,4.82933,5.15625,2.4730923,0.24791615
1997,687829,5.266866,4.46875,0.38220328,0.038267493
1997,688013,1.466951,1.8984375,2.3274312,0.28205466
1997,724839,3.267189,4.125,0.94063085,0.09450797
1997,749712,5.093445,3.078125,0.9925296,0.1006107
1997,749713,4.928955,4.71875,1.0591274,0.10642958
1997,749716,4.236769,4.5625,0.458192,0.046016518
1997,753535,2.495064,3.828125,1.0741633,0.10898043
1997,753539,3.017106,1.21875,0.7914057,0.46256748
1997,753540,4.043295,3.640625,1.0794728,0.108931184
1997,753541,3.294451,3.78125,0.26347876,0.02643905
1997,753574,5.831939,4.75,2.2483666,0.22535498
1997,753604,4.91644,4.0,0.55807346,0.056383707
1997,753618,3.033833,4.21875,0.19563128,0.020466989
1997,753621,4.113954,3.546875,0.8265587,0.083536595
1997,753622,3.565529,4.5625,0.32180005,0.032522894
1997,905935,5.272625,4.8125,0.30605036,0.030796785
1997,905936,3.360128,4.21875,0.18013981,0.01804841
1997,905940,4.294768,4.4375,0.57493764,0.05756929
1997,905943,4.167159,4.34375,0.27027825,0.027238555
1997,905945,3.517135,3.578125,0.42928103,0.04302107
1997,905964,2.048895,3.671875,0.60868305,0.06132828
1997,905972,4.980107,4.3125,1.7366546,0.17383237
1997,905973,1.190705,1.890625,2.518457,0.26929298
1997,905985,3.833517,3.703125,0.8900461,0.08949674
1997,905989,5.304043,4.9375,3.6889637,0.37143472
1997,906791,2.260609,4.78125,0.6121233,0.062049698
1997,906792,4.530855,4.09375,0.21340899,0.02150217
1997,906794,4.049123,4.03125,1.0496683,0.10531889
1997,906798,4.605113,4.09375,0.32030728,0.032125544
1997,906817,5.824804,4.875,0.950305,0.095190786
1997,906839,3.954885,3.984375,1.2821152,0.12842777
1997,906855,2.540086,2.765625,4.916811,0.49979305
1997,906856,2.425493,1.8359375,2.7090364,0.30810052
1997,906864,1.510961,3.53125,0.43952993,0.04404818
1997,906868,4.765082,4.28125,0.26432478,0.02651072
1997,907042,4.852969,4.15625,0.18415345,0.01856818
1997,907048,4.503829,3.96875,0.9089583,0.09221938
1997,907060,3.373899,4.125,0.16981402,0.017031668
1997,907068,3.499079,4.25,0.29628947,0.029734734
1997,907071,3.72787,3.5,0.9474623,0.095167205
1997,907176,3.045887,3.78125,1.6258744,0.16385509
1997,907269,1.778853,2.390625,3.9574099,0.40755576
1997,907270,3.232922,3.140625,3.3817976,0.3435877
1997,907298,5.588209,4.0,0.5392504,0.054005302
1997,907783,0.439583,3.71875,0.73616385,0.07479361
1997,907790,5.562654,4.40625,1.5106307,0.15227824
1997,907795,3.719962,5.0,0.256724,0.02576997
1997,907799,2.341487,3.59375,0.38982368,0.039410915
1997,908127,4.978803,4.8125,0.41478813,0.04156864
1997,908129,1.412578,3.921875,0.9302373,0.093212985
1997,908133,2.939989,0.609375,9.099328,1.1567414
1997,908135,1.770451,1.8828125,1.2398634,0.23425914
1997,908152,4.502226,3.859375,0.6289446,0.0631121
1997,908156,3.64981,1.2109375,4.0680795,0.587163
1997,908442,5.367902,3.109375,1.6103704,0.18181746
1997,908446,4.520556,3.6875,0.19935217,0.020105915
1997,908447,2.946001,2.375,6.263488,0.7765133
1997,908462,5.473671,4.53125,1.0033798,0.10048732
1997,908463,5.490088,4.84375,1.5107267,0.15157938
1997,908475,4.304228,2.75,1.681943,0.17276698
1997,909253,3.798053,1.9609375,1.1703242,0.12539662
1997,909255,3.21861,2.90625,1.520978,0.16648194
1997,909260,-0.194147,3.09375,7.794164,0.80418414
1997,909262,4.917546,4.375,0.9314534,0.094501644
1997,909703,2.804587,1.1328125,6.960473,0.8629217
1997,909704,4.506615,3.984375,1.4159828,0.14856136
1997,909713,4.370766,4.8125,0.40483326,0.04070717
1997,909726,3.515341,4.78125,0.28283605,0.02839451
1997,909759,4.769692,3.984375,0.72151774,0.0724625
1997,909761,2.82096,4.15625,0.6828174,0.069276005
1997,909774,5.309511,5.25,0.9786612,0.09812178
1997,909785,4.28635,2.234375,2.0238862,0.24332502
1997,909976,3.269288,4.28125,1.0117395,0.10154664
1997,910079,3.712096,4.15625,2.0888314,0.21511932
1997,910546,5.084262,4.1875,2.396181,0.24154562
1997,910548,2.443186,3.8125,0.36197528,0.03630467
1997,910703,5.037904,4.59375,0.83135766,0.083366945
1997,910704,2.840094,4.125,0.4943301,0.04962685
1997,910706,2.758116,3.78125,0.33971047,0.03453152
1997,910780,-1.672986,2.46875,2.280083,0.27003738
1997,910905,2.23091,4.34375,1.9106259,0.1938447
1997,910921,2.960014,3.109375,1.0809283,0.11085371
1997,910933,3.521004,3.625,1.3174253,0.13372171
1997,910952,3.412274,2.78125,1.3916434,0.14850971
1997,924240,1.907017,3.640625,0.3375467,0.03385458
1997,924244,4.456916,3.265625,0.40807614,0.040868353
1997,925346,2.573822,4.53125,0.66704655,0.0668789
1997,930301,1.840584,3.0,1.4325751,0.14610799
1997,946382,3.691675,3.609375,0.76933116,0.07861418
1997,949093,6.472547,6.21875,1.2736362,0.13565424
1997,1240121,1.813496,3.59375,0.48361933,0.04926597
1997,1240122,5.336036,4.21875,0.6615569,0.066267274
1997,1240127,4.293598,3.65625,0.8095054,0.08117565
1997,1240128,4.862889,4.875,0.686569,0.06881518
1997,1240145,3.860492,4.75,0.37332627,0.03746592
1997,1240153,4.017216,4.53125,0.24011785,0.024171926
1997,1240168,4.688629,3.75,0.28647014,0.028713059
1997,1240186,4.718726,3.5625,0.35628313,0.03565498
1997,1240187,5.895154,4.5,0.2919298,0.029326808
1997,1240196,5.105791,4.90625,0.74160975,0.074264675
1997,1240210,2.731245,3.265625,0.33714026,0.033976886
1997,1290806,4.320097,4.28125,0.6630849,0.0663523
1997,1290905,5.047346,4.375,3.6983476,0.3747384
1997,1295740,-2.686208,1.6484375,5.351178,1.087513
1997,1295741,3.508002,3.765625,0.32592303,0.032761604
1997,1297446,-1.425245,2.75,2.2938364,0.23506247
1997,1297447,2.761101,3.984375,0.8707135,0.087916136
1997,1298136,6.843061,3.234375,4.134082,0.44388852
1997,1298141,5.501163,3.640625,1.7478552,0.17642918
1997,1298146,6.126781,5.75,0.45631844,0.045743823
1997,1298151,2.853796,3.3125,1.9958652,0.22030732
1997,1298157,4.525614,3.9375,0.6395756,0.06426006
1997,1298538,5.995864,4.46875,0.6176848,0.06226535
1997,1299070,4.696831,4.40625,0.1680243,0.016855372
1997,1303896,3.592172,3.84375,0.9432033,0.095127955
1997,1323913,3.360345,3.734375,0.46027055,0.046487793
1997,1327766,3.323478,3.546875,0.4227835,0.042913504
1997,1480360,3.293822,3.375,1.2277364,0.123592444
1997,1503365,7.236674,5.125,1.8434167,0.18524121
1997,1659928,5.465576,4.46875,0.1960326,0.019645713
2010,687563,5.221264,3.078125,1.3623623,0.13740277
2010,687819,6.185576,5.46875,0.4946895,0.04957608
2010,687829,5.93789,4.65625,0.31538296,0.031669937
2010,724839,6.347254,6.40625,0.46037927,0.046098404
2010,724859,6.314604,4.34375,1.6836209,0.17010088
2010,724870,4.580706,3.703125,0.8317889,0.08415225
2010,749710,4.827531,4.03125,1.2364202,0.12424536
2010,749712,2.088286,2.96875,1.0096322,0.101440735
2010,753572,5.187341,4.125,0.8300716,0.08349573
2010,753608,2.490632,3.3125,0.33217013,0.033321675
2010,753618,1.623313,2.015625,0.32366472,0.032917406
2010,905944,3.716494,4.84375,0.78682667,0.079241246
2010,905946,4.316968,5.34375,1.6819419,0.17042427
2010,905948,4.475854,3.859375,1.0063561,0.10101808
2010,905949,4.883937,2.75,0.38501516,0.03863898
2010,905972,4.686644,4.84375,0.69528496,0.069619834
2010,905973,4.312302,4.4375,0.8468826,0.08518672
2010,905976,5.644431,3.515625,1.3271941,0.13329096
2010,905977,2.4139,5.375,0.58129245,0.05835718
2010,906696,2.107625,2.84375,0.90963346,0.09174224
2010,906800,1.541392,1.1640625,0.2023197,0.02076511
2010,906801,5.217187,4.8125,0.3874967,0.03886437
2010,906814,2.093962,3.84375,1.129585,0.113415495
2010,906817,4.747867,4.84375,0.8446905,0.0846409
2010,906820,4.187486,2.546875,1.0198162,0.10361243
2010,906824,3.952485,4.5,0.48189193,0.0489598
2010,906826,5.332325,6.03125,1.9477669,0.19990934
2010,906856,2.123324,1.40625,0.71174103,0.0726352
2010,906863,4.741989,3.78125,0.47276068,0.047706973
2010,906865,1.893628,3.453125,1.4276612,0.14454444
2010,906999,2.387075,3.109375,0.6911137,0.06924346
2010,907000,2.074838,2.234375,0.21886717,0.022068365
2010,907072,2.256805,2.875,0.7340487,0.074117064
2010,907173,4.961678,5.0,1.685588,0.16892384
2010,907271,4.348428,3.671875,0.95193744,0.09542736
2010,907312,3.876113,2.890625,0.6522637,0.06568942
2010,907314,2.533047,4.21875,1.9381523,0.19711429
2010,907320,2.756782,4.1875,0.37396628,0.037706997
2010,907788,2.575798,2.515625,0.9476719,0.10038557
2010,908121,5.403683,4.65625,1.0195051,0.10244801
2010,908126,1.819682,2.90625,0.7204654,0.07300181
2010,908130,4.668902,5.34375,0.86167735,0.086742416
2010,908134,3.400035,2.953125,0.67848593,0.07285103
2010,908138,5.337068,4.03125,1.1550797,0.11610796
2010,908148,1.130145,1.703125,0.42401117,0.042946033
2010,908150,5.701723,4.28125,0.9018576,0.09062585
2010,908445,4.823719,3.609375,1.6803976,0.1709908
2010,908455,2.579387,3.640625,0.46624154,0.04679062
2010,908459,3.748912,4.0625,0.95657873,0.09594102
2010,908463,6.00233,6.15625,1.1918459,0.120669186
2010,908465,4.766342,3.859375,1.0161309,0.10195391
2010,909248,2.922806,3.390625,0.7907125,0.079277806
2010,909250,5.005366,4.75,0.70384514,0.07059286
2010,909260,1.956846,2.265625,0.30619717,0.030935945
2010,909263,2.627691,4.5,1.144889,0.114937834
2010,909264,4.174834,4.75,1.356446,0.13614428
2010,909696,2.651575,2.6875,0.367733,0.037276346
2010,909717,2.015496,4.3125,1.360677,0.13673168
2010,909718,2.455216,3.796875,3.1259522,0.3257481
2010,909719,3.571174,3.796875,0.9165974,0.09231046
2010,909728,2.357478,4.0,1.359202,0.13640548
2010,909735,3.736251,3.546875,1.2965136,0.13215181
2010,909749,4.405354,4.09375,0.78183824,0.07837569
2010,909784,2.794077,5.40625,2.0203483,0.2035616
2010,909785,0.64612,1.671875,0.15926641,0.01626396
2010,910079,3.117116,3.28125,1.2663432,0.12790196
2010,910692,2.751218,4.625,0.6952531,0.069789544
2010,910703,2.423021,2.21875,0.48622593,0.049065772
2010,910706,1.767582,1.53125,0.33958036,0.034971848
2010,910710,2.190038,1.625,0.2277957,0.023155397
2010,910910,4.493353,5.09375,1.0949632,0.109765016
2010,910916,5.743005,4.53125,0.9887762,0.102019675
2010,910922,3.166312,2.796875,0.8340519,0.08358581
2010,910934,1.758873,1.796875,0.2710052,0.027483007
2010,910951,1.754448,2.109375,0.26987818,0.02724966
2010,924100,3.271093,3.84375,1.8690997,0.18896474
2010,930297,5.218642,5.53125,0.6963729,0.069885924
2010,946382,4.374986,4.71875,0.43775746,0.043937
2010,949090,3.513452,3.0625,0.9693539,0.097158864
2010,1240146,4.837479,3.890625,0.8297732,0.08314613
2010,1240151,3.320053,4.84375,2.125635,0.21377613
2010,1240160,3.401686,5.34375,1.458652,0.14653388
2010,1240187,2.318549,3.671875,0.6176778,0.062069193
2010,1240199,6.412915,7.46875,1.7554256,0.24130519
2010,1240212,5.374685,4.875,0.5914192,0.06127108
2010,1247871,2.885335,2.6875,0.52867085,0.053266596
2010,1290730,4.689282,4.4375,0.5383491,0.054505486
2010,1290908,3.35923,3.546875,1.2803795,0.128394
2010,1298151,5.311739,4.71875,0.489443,0.04946582
2010,1298168,4.335235,5.375,0.97268564,0.09755648
2010,1298347,1.904086,5.03125,0.26547343,0.026698789
2010,1298349,2.024673,2.984375,1.0075098,0.10121285
2010,1298357,2.836114,5.5,2.205823,0.22540222
2010,1298358,5.833417,3.640625,2.2452805,0.22663948
2010,1298537,3.603289,3.640625,1.0096629,0.10150739
2010,1298539,5.308682,5.75,0.6877772,0.06966161
2010,1299062,3.706116,5.1875,1.0661585,0.11734571
2010,1299064,2.890097,3.296875,0.9434912,0.095157005
2010,1299070,5.271149,3.703125,1.103682,0.11236791
2010,1303896,1.514729,1.453125,0.2853682,0.029337239
2010,1331037,3.10989,1.5078125,0.5496592,0.056944735
2010,1331038,3.489221,3.21875,0.92926383,0.09597292
2010,1503366,4.458074,4.28125,0.92064273,0.09489995
2010,1503371,5.059287,4.4375,0.488548,0.049142353
2010,1674021,2.784081,3.65625,1.003669,0.10131073
2011,687448,5.112145,5.53125,2.008868,0.20323758
2011,687590,5.790448,4.6875,0.68680483,0.06887147
2011,687780,3.470791,4.71875,0.68337065,0.06851558
2011,687798,5.156689,4.65625,0.8819262,0.08843786
2011,687815,3.539957,3.5625,0.35434243,0.035747282
2011,687819,5.877592,5.59375,0.29418173,0.029456817
2011,687821,7.852733,7.28125,0.95402735,0.10362119
2011,687980,1.985777,4.03125,0.6350402,0.06395485
2011,722046,3.696299,2.359375,1.0443752,0.11167272
2011,724825,4.159523,3.375,0.56187135,0.056980137
2011,724828,5.10043,4.875,0.7377034,0.07388722
2011,749717,5.056035,5.53125,0.684776,0.0701208
2011,753539,3.197639,3.765625,0.56722164,0.05792351
2011,753566,5.464967,5.5,0.43307158,0.043493662
2011,753575,5.024778,5.625,0.8781469,0.08872161
2011,753576,6.184847,5.5,0.45400098,0.045456123
2011,753623,5.481128,4.3125,0.68252283,0.06851168
2011,905937,2.703711,2.78125,0.26075602,0.026285358
2011,905945,4.123539,4.40625,0.35937342,0.03595702
2011,905949,5.115864,3.328125,0.27589926,0.02770874
2011,905960,3.681192,4.09375,0.4576796,0.045867078
2011,905962,6.229975,5.09375,0.5596045,0.06521578
2011,905968,3.559959,2.96875,0.61336064,0.063056454
2011,905972,5.896801,5.59375,0.40233672,0.040265728
2011,905973,4.826037,5.09375,0.6335519,0.063554816
2011,905977,2.987833,5.53125,0.44189095,0.04432833
2011,906696,2.084465,3.359375,0.73594826,0.0747717
2011,906746,5.837937,5.46875,0.29777122,0.029859923
2011,906801,5.039236,4.84375,0.27957448,0.028007647
2011,906821,4.772364,4.84375,0.58509445,0.058693796
2011,906832,2.780199,3.203125,0.4101937,0.04210029
2011,906848,3.175414,2.703125,0.756543,0.08073475
2011,906863,4.065401,4.1875,0.4399712,0.044211816
2011,906872,4.845635,5.03125,1.4587785,0.14654659
2011,907045,5.410666,5.0,0.36147648,0.03638131
2011,907047,2.075601,3.25,0.40239698,0.04038337
2011,907051,5.48016,5.84375,0.33571842,0.033654228
2011,907065,3.763545,5.0625,1.3787647,0.13809495
2011,907066,5.643194,5.65625,0.62894756,0.06321141
2011,907071,4.695868,5.34375,0.6864863,0.06889373
2011,907269,3.88004,1.828125,0.3162121,0.03193774
2011,907286,4.804474,5.59375,0.32023364,0.032112416
2011,907299,3.288174,3.078125,0.79554904,0.080008745
2011,907311,1.403832,2.46875,0.6117186,0.061982937
2011,907312,5.061867,3.234375,0.67681694,0.068209395
2011,907783,2.012619,2.71875,0.45975733,0.047348335
2011,907789,1.715796,2.46875,0.30543727,0.031017145
2011,908156,2.776088,1.4921875,1.0363187,0.11037769
2011,908158,3.671279,2.15625,0.6383022,0.06478915
2011,908159,2.77701,2.21875,0.84253836,0.0863397
2011,908444,3.830657,3.84375,0.46858677,0.04694281
2011,908451,4.855439,3.578125,0.39012742,0.039264925
2011,908454,2.308477,3.875,1.9351436,0.1966089
2011,908459,4.926427,4.84375,0.9041222,0.09067984
2011,908472,5.787385,5.21875,0.5854559,0.058650702
2011,908473,6.379415,5.0625,0.9130539,0.09234098
2011,909249,3.995628,2.703125,0.30200994,0.030348368
2011,909262,2.304924,2.984375,0.5923856,0.060952786
2011,909696,3.490248,3.515625,0.16052195,0.016194006
2011,909703,3.154195,2.734375,0.42792073,0.04335945
2011,909720,4.322998,4.90625,0.4972101,0.049887773
2011,909725,2.928652,4.75,0.67406356,0.06752738
2011,909728,4.113827,4.34375,1.2682312,0.12733619
2011,909744,3.087011,3.546875,0.48672333,0.048977282
2011,909746,5.463255,5.59375,0.33439258,0.03347347
2011,909750,3.179583,4.9375,0.8335377,0.08346327
2011,909751,4.908347,3.671875,1.5389378,0.15569465
2011,909785,2.560695,2.578125,0.28365874,0.02881948
2011,909905,4.938317,5.34375,0.6704165,0.067196205
2011,909907,5.716043,6.3125,0.6284694,0.063085794
2011,910780,3.037393,4.25,0.6366182,0.064224236
2011,910937,3.359706,3.21875,0.4627517,0.04761426
2011,910947,3.476094,2.59375,0.25373867,0.025565615
2011,917486,3.308099,4.8125,0.57251847,0.0573225
2011,924110,3.051742,4.25,0.48705342,0.049122393
2011,924151,4.584427,4.1875,1.5143287,0.15227018
2011,925347,5.823318,5.9375,0.4478698,0.044883974
2011,930083,8.269154,7.84375,0.33074367,0.03355597
2011,946382,4.539908,4.90625,0.2154648,0.02158766
2011,1240123,4.322317,3.546875,0.5406991,0.055112697
2011,1240142,4.328945,3.4375,0.6144586,0.06249177
2011,1240145,4.2641,4.28125,0.47868246,0.048019074
2011,1240146,3.587119,4.875,0.8382164,0.08405472
2011,1240151,3.95483,5.40625,0.676621,0.067903675
2011,1240155,5.588361,4.0625,0.7809939,0.078369655
2011,1240157,4.564501,4.9375,0.55257744,0.055377416
2011,1240219,6.585863,5.40625,0.7746841,0.07768382
2011,1240222,4.275907,4.40625,1.0091686,0.10139416
2011,1290730,4.01836,4.8125,0.31528136,0.031663913
2011,1290769,3.319195,4.6875,1.6879959,0.16929924
2011,1290797,2.836561,3.296875,0.6280251,0.063081555
2011,1290798,4.625951,5.4375,0.5717023,0.057576094
2011,1290807,5.555904,5.40625,0.76033103,0.07638165
2011,1290905,4.371732,6.15625,0.6229169,0.06269435
2011,1295741,1.820401,2.296875,0.46431583,0.046974927
2011,1298134,5.024673,4.40625,0.17079546,0.017200798
2011,1298348,6.106735,5.09375,1.1385307,0.11439155
2011,1298350,4.180594,4.5625,0.79945916,0.08024976
2011,1298476,7.506138,7.0,0.53612965,0.09920268
2011,1299050,5.000088,4.3125,0.51600766,0.051753506
2011,1303896,2.914282,2.328125,0.7091312,0.07261476
2011,1331036,1.549552,2.1875,0.45583197,0.046548624
2011,1503365,6.073026,6.59375,0.6417426,0.06523303
2011,1503367,4.931847,4.59375,1.2462504,0.124950595
2011,1659818,2.786195,3.171875,0.42791522,0.044238873
2037,687448,5.298072,4.25,3.3830123,0.34338358
2037,687561,2.887141,2.59375,0.61258996,0.06160846
2037,687562,1.923494,2.546875,0.9686715,0.09941974
2037,687777,1.950081,4.59375,1.621479,0.16238926
2037,687800,6.972267,5.25,1.5895981,0.15937506
2037,687802,4.907076,4.8125,2.1647055,0.21693936
2037,687807,5.539571,5.25,1.1480311,0.11502252
2037,688031,3.306475,2.234375,0.6356271,0.06508797
2037,688087,5.817397,4.0625,1.6095849,0.1627841
2037,724839,6.655992,4.6875,1.7209785,0.17267507
2037,724855,6.65464,4.46875,1.4006745,0.14089186
2037,749712,2.604387,3.3125,1.2348629,0.12416909
2037,749713,3.420768,3.390625,0.7459537,0.07622535
2037,749715,4.87313,3.359375,0.44416362,0.045043234
2037,753554,3.605426,3.109375,2.3539534,0.23790355
2037,905934,6.311315,4.65625,1.4607087,0.14626276
2037,905935,6.273793,5.28125,0.75384635,0.07564551
2037,905936,4.012339,3.0,0.90572137,0.0920205
2037,905937,3.307205,2.421875,0.40268588,0.040975768
2037,905941,6.54189,6.125,1.8761829,0.18840142
2037,905947,3.586041,2.75,0.6351089,0.06437969
2037,905951,4.493265,3.75,1.1298627,0.11355511
2037,905957,4.941927,3.171875,1.040737,0.105291575
2037,905959,7.272618,5.40625,1.4746797,0.14818758
2037,905965,1.060791,1.7265625,0.5757338,0.058683734
2037,905973,4.180908,3.71875,1.0674185,0.10717369
2037,905977,3.541432,4.65625,0.95183295,0.095402725
2037,905986,3.717483,3.640625,0.6019622,0.060539626
2037,905989,3.895155,3.484375,1.7243174,0.17381881
2037,906794,4.254541,3.53125,0.8641476,0.0868109
2037,906808,4.307497,2.90625,0.96387625,0.10286039
2037,906821,4.413021,3.640625,0.89618945,0.090029776
2037,906836,1.74668,1.7421875,0.32891086,0.033487026
2037,906837,2.898453,2.59375,0.43197578,0.046587117
2037,906844,1.517981,1.9375,0.7787323,0.08042625
2037,906855,4.058773,2.921875,1.5495205,0.15632094
2037,906868,5.7571,3.71875,1.7984006,0.18103947
2037,906875,3.742589,2.71875,1.3102046,0.13406783
2037,906999,3.374176,3.453125,0.89094424,0.089327164
2037,907051,6.097185,4.8125,0.95066124,0.09545072
2037,907061,3.756431,2.96875,0.48266917,0.048706856
2037,907069,4.880954,3.984375,0.9524411,0.09538588
2037,907270,2.642121,2.109375,0.5013135,0.05095844
2037,907290,6.798766,4.96875,2.1659849,0.2173718
2037,907313,5.999038,4.3125,1.3856416,0.13892612
2037,907319,4.301657,3.25,0.47528544,0.047767837
2037,907323,3.005757,2.640625,0.43608397,0.04404492
2037,907788,2.62457,2.609375,1.484053,0.16334088
2037,908123,5.349105,2.890625,0.66724205,0.06801104
2037,908128,3.645165,4.3125,1.7038184,0.17068776
2037,908131,5.854932,4.34375,0.79106,0.07978336
2037,908132,3.43279,2.484375,1.3128687,0.13332178
2037,908156,1.861416,1.5859375,0.9154894,0.093887255
2037,908441,4.99585,3.734375,1.2747707,0.13017698
2037,908474,4.342657,3.140625,1.6170671,0.16348441
2037,909248,5.930214,3.5,0.95211995,0.09549383
2037,909250,5.090844,4.3125,1.004054,0.10063687
2037,909255,2.668081,2.78125,0.7371649,0.07554148
2037,909264,5.948789,4.21875,1.0829049,0.1086317
2037,909702,0.336263,1.890625,0.49765354,0.051161204
2037,909707,5.03477,3.71875,0.915836,0.09203051
2037,909719,5.612814,3.703125,2.0070808,0.20259552
2037,909723,2.508115,3.609375,2.29212,0.23165432
2037,909732,4.97365,3.359375,0.9700165,0.09773468
2037,909735,4.196794,3.515625,1.3897284,0.14012623
2037,909736,5.75452,4.15625,1.4043357,0.14103836
2037,909743,4.600956,2.796875,0.34722972,0.035481706
2037,909745,4.947199,4.3125,2.084201,0.20976737
2037,909749,4.651583,4.1875,1.0067832,0.101016015
2037,909757,6.237356,3.828125,1.6998941,0.1714002
2037,909774,3.886087,3.875,1.3116186,0.13172671
2037,909785,2.062026,2.375,0.32183513,0.032932058
2037,910554,5.389952,3.546875,0.92032,0.09268535
2037,910698,3.241323,2.828125,1.1128042,0.11266655
2037,910905,5.375911,4.71875,2.8477266,0.2853169
2037,910906,2.501383,2.234375,0.60032403,0.061054256
2037,910911,5.634301,3.953125,0.76671106,0.07685926
2037,910919,2.699172,2.140625,0.34431896,0.034982506
2037,910921,2.616708,2.984375,1.1459774,0.11538628
2037,910926,2.011654,2.734375,1.309293,0.13361709
2037,910934,3.476174,2.21875,0.74361724,0.07588826
2037,910941,4.685627,2.4375,0.39530328,0.0404789
2037,910943,6.595355,4.0625,1.3812648,0.13846545
2037,924244,5.644592,3.390625,0.9902712,0.09942776
2037,925341,5.873581,3.484375,1.2763708,0.12908475
2037,925347,5.938997,4.75,0.89245945,0.089427516
2037,946359,6.648235,5.09375,1.5587114,0.15633252
2037,946382,4.842976,4.28125,0.9364769,0.093924895
2037,1240142,3.140736,2.859375,1.0827763,0.110875875
2037,1240143,5.153458,3.96875,1.0395044,0.10414912
2037,1240172,6.314839,4.375,0.922463,0.092696436
2037,1240174,5.585453,3.578125,1.1628029,0.11740848
2037,1240187,3.145341,3.75,0.68776304,0.06923499
2037,1240199,5.985053,6.71875,2.2495909,0.25398806
2037,1240221,4.927771,3.078125,0.89968985,0.0919349
2037,1240222,4.857177,3.3125,1.248717,0.12567888
2037,1290722,5.343437,3.828125,1.1142068,0.11201781
2037,1290797,2.678776,2.828125,0.79212934,0.07963747
2037,1295741,1.903763,2.3125,0.94007194,0.09633452
2037,1298168,5.069152,4.65625,1.7294567,0.1732197
2037,1298219,5.469509,4.125,0.9835374,0.098541714
2037,1298349,3.390248,3.25,1.2946965,0.12997732
2037,1298358,6.435269,3.90625,2.4498203,0.24642394
2037,1298365,5.034782,3.9375,1.7172431,0.17355408
2037,1298475,5.247244,4.0,1.4620966,0.14738579
2037,1298539,6.053083,5.03125,1.1141912,0.11194608
2037,1299062,4.076814,4.5625,1.3858558,0.143129
2037,1330931,3.661821,2.53125,1.0618237,0.10898043
2037,1330947,2.494841,2.109375,0.70136654,0.072103895
2037,1331038,4.229053,2.96875,0.7127455,0.07563386
2037,1480372,6.127448,4.75,1.2006284,0.120548576
2037,1503363,3.989276,3.765625,1.603893,0.16238715
2037,1503365,5.783796,5.1875,1.5529029,0.15591855
2037,1503371,3.887017,3.84375,0.84443295,0.084956095
2037,1659928,4.110609,2.90625,1.0992551,0.111526154
2038,687457,5.645324,5.09375,0.24647178,0.02466346
2038,687459,5.608038,5.1875,0.48337638,0.04841423
2038,687563,5.112111,3.96875,0.78916657,0.07905835
2038,687590,5.414148,4.59375,0.2534166,0.025371037
2038,687815,3.556595,2.9375,1.0561343,0.106317796
2038,687819,4.648703,5.0,0.16601245,0.01661823
2038,687995,4.712843,4.90625,0.21010758,0.021093145
2038,688010,2.960959,2.515625,0.61212623,0.062509075
2038,688013,2.339069,3.140625,0.6467137,0.064787485
2038,688027,3.068662,3.109375,1.9466918,0.19609502
2038,724855,5.439028,5.375,0.22728294,0.022784071
2038,724859,5.664757,4.9375,0.74456674,0.07452823
2038,724866,6.486286,5.75,0.31886637,0.03191543
2038,724873,4.265178,4.84375,0.36392903,0.036423773
2038,724878,5.545163,6.15625,0.27869403,0.027962878
2038,753555,4.650199,4.34375,0.18433623,0.018473545
2038,753566,5.667085,5.25,0.21410456,0.021459814
2038,753592,3.597662,4.0,0.38716358,0.038773987
2038,753608,4.489609,5.34375,0.2926192,0.029283823
2038,753618,2.629484,2.328125,0.5734082,0.0581501
2038,753620,4.790562,3.484375,0.9595652,0.09680424
2038,753621,5.323145,5.4375,0.22017927,0.022139672
2038,905934,5.868638,5.5,0.2509934,0.02512502
2038,905937,4.080267,3.21875,0.4916419,0.049284842
2038,905955,2.565895,4.5625,0.3162898,0.031665646
2038,905976,4.382092,4.40625,0.9711768,0.09720536
2038,906794,3.54649,4.25,0.1796748,0.017997786
2038,906826,6.784969,6.0625,0.47545132,0.0477046
2038,906846,1.11493,2.1875,1.2486286,0.12668101
2038,906864,5.051062,4.65625,0.18676761,0.0186971
2038,906870,1.444387,1.4140625,1.5550303,0.16014557
2038,907045,4.847596,3.890625,0.28279737,0.028480502
2038,907048,4.353112,4.25,0.23458727,0.023512809
2038,907072,3.317019,2.4375,1.4584818,0.14760903
2038,907169,4.769041,4.21875,0.31034935,0.031078333
2038,907273,1.183445,2.796875,0.5902119,0.05934754
2038,907274,3.049713,2.28125,0.4699267,0.047195047
2038,907276,6.117848,5.5,0.51982164,0.052094743
2038,907278,3.46428,2.796875,0.593479,0.059587996
2038,907286,5.147662,5.3125,0.12770188,0.012786964
2038,907317,2.014789,3.34375,0.22003569,0.02207737
2038,907320,4.71571,4.96875,0.104931116,0.0105205225
2038,907783,3.471802,2.765625,0.62158626,0.06298279
2038,908127,4.678238,3.9375,0.44627395,0.044702668
2038,908128,4.361933,5.15625,0.646468,0.06468449
2038,908138,4.933755,4.8125,0.4884472,0.04893242
2038,908150,5.188769,4.65625,0.26513165,0.026557883
2038,908159,3.477399,1.7421875,0.8695258,0.089173496
2038,908443,5.280578,4.9375,1.3737556,0.13760726
2038,908447,5.128012,3.703125,1.1455263,0.11493684
2038,908454,4.318758,3.078125,1.1023599,0.11094857
2038,908463,6.439013,6.125,0.26996708,0.027120465
2038,908467,4.539881,4.40625,0.4190277,0.04218223
2038,908472,5.192412,4.84375,0.1738212,0.017404955
2038,908483,2.983925,2.234375,0.68661267,0.07058712
2038,909248,4.202353,4.71875,0.40145534,0.040179584
2038,909249,1.900115,1.640625,0.8801758,0.08908024
2038,909251,0.978504,1.203125,0.2922992,0.029655546
2038,909255,2.658807,2.0625,1.5079657,0.15622537
2038,909257,4.03138,3.78125,0.29520002,0.029635753
2038,909725,5.62136,4.75,0.19955449,0.019972373
2038,909732,4.348949,4.4375,0.266235,0.026656356
2038,909735,3.813316,3.984375,0.44634688,0.04482691
2038,909753,5.471757,5.75,0.55498904,0.05554313
2038,909757,4.127082,4.9375,0.65192264,0.065352246
2038,909759,5.054934,3.828125,0.64269066,0.06435349
2038,909761,4.763544,5.0625,0.17564756,0.017594382
2038,909781,6.830847,6.5,0.1657371,0.016903486
2038,909905,5.046857,4.75,0.33322483,0.03338617
2038,909907,5.261396,5.5625,0.45839268,0.04599301
2038,910554,4.298056,4.625,0.1693111,0.016953351
2038,910779,4.202213,5.28125,0.207354,0.020747487
2038,910852,3.677629,4.5625,0.2756511,0.027606139
2038,910900,4.845565,4.3125,0.176946,0.017740821
2038,910905,3.687013,5.09375,0.36941442,0.03699643
2038,910919,1.413015,1.546875,0.3749769,0.03789724
2038,910924,3.926124,3.859375,0.40234283,0.040321417
2038,910926,2.860038,3.515625,0.7746638,0.077770144
2038,910927,4.992862,4.625,0.43509308,0.0435399
2038,910930,2.403522,2.421875,0.4839408,0.048808463
2038,910933,4.996235,4.03125,0.3849193,0.038542494
2038,910934,4.076587,2.015625,0.46018314,0.046591528
2038,910935,0.657149,1.359375,0.27261382,0.027551861
2038,924105,4.250118,4.40625,0.30530235,0.03060062
2038,925346,3.377975,4.96875,0.16344249,0.016368577
2038,925347,5.574397,5.90625,0.21363418,0.021386685
2038,930082,4.882375,4.46875,0.17753617,0.017776938
2038,946353,4.737062,4.5,0.13468444,0.013503627
2038,946359,4.997391,5.21875,0.20928197,0.020990146
2038,946382,4.805042,4.34375,0.13126205,0.013171628
2038,1240129,5.944591,5.34375,0.45135388,0.045216426
2038,1240154,4.61671,3.765625,0.22154848,0.022189952
2038,1240160,5.692758,5.03125,0.7250236,0.072591834
2038,1240179,4.354931,3.90625,0.15366887,0.015409618
2038,1240190,4.058771,4.84375,0.4628722,0.046348024
2038,1240196,5.406414,5.28125,0.1640062,0.016419634
2038,1240198,5.033575,4.96875,0.2467394,0.024727376
2038,1240199,6.989949,6.96875,0.5514862,0.060528867
2038,1240218,6.084313,6.46875,0.28325427,0.028360382
2038,1290905,5.684072,5.75,0.41290447,0.041452356
2038,1290908,4.573159,3.859375,1.3482974,0.13516061
2038,1290922,5.080353,4.1875,0.25635907,0.02571179
2038,1298146,4.559872,4.8125,0.51388943,0.05157242
2038,1298169,3.812209,4.53125,0.37316418,0.03735706
2038,1298358,5.058331,5.125,0.65311694,0.065408915
2038,1299064,3.918615,4.28125,0.33659658,0.033737257
2038,1299075,3.232005,4.1875,1.2036052,0.12076421
2038,1327771,1.728798,2.125,2.1537557,0.21805833
2038,1330935,3.546864,2.3125,0.9666713,0.097834215
2038,1330964,4.254594,4.375,0.74998176,0.07531122
2038,1330972,4.597508,2.8125,1.5178845,0.15326113
2038,1331038,2.381206,2.3125,0.5509083,0.05678769
2038,1480362,5.411902,5.34375,0.22668722,0.022727938
2038,1480372,5.533588,5.3125,0.3975412,0.039800204
2038,1503364,4.611082,4.46875,0.23018765,0.023068618
2039,687452,3.387536,2.96875,0.25625658,0.02578621
2039,687586,3.389887,3.375,0.167602,0.016794298
2039,687588,4.585281,3.484375,0.47184446,0.04737534
2039,687777,3.544044,4.09375,0.59403425,0.05965138
2039,687798,3.753414,3.203125,0.27463683,0.02777518
2039,687815,4.457062,3.15625,0.5735277,0.05816222
2039,688011,3.813813,3.53125,0.47728622,0.048163652
2039,688031,3.487621,2.546875,0.68634164,0.06980244
2039,688121,4.286296,3.828125,0.19977593,0.02002662
2039,722066,2.907867,3.453125,0.3341817,0.033505466
2039,724831,4.697752,3.6875,0.28942448,0.029112797
2039,724838,4.803989,3.546875,0.14349501,0.014415283
2039,724839,5.984374,3.96875,0.5298814,0.053388566
2039,724878,4.53596,4.1875,0.2163261,0.021817844
2039,735784,4.199699,3.609375,0.18732952,0.018804146
2039,749713,2.769572,4.15625,0.37117517,0.037381023
2039,753541,2.603774,2.9375,0.35424003,0.036065836
2039,753556,2.836106,3.09375,0.31118634,0.031353794
2039,753570,2.421555,2.84375,0.1867997,0.01911444
2039,753573,3.101024,2.921875,0.43290514,0.04356174
2039,753608,3.164145,3.640625,0.31464586,0.031608824
2039,753615,2.504367,3.578125,0.7680903,0.07729026
2039,905934,3.894285,4.09375,0.31246728,0.03129943
2039,905937,3.372281,3.234375,0.26152876,0.026391253
2039,905942,3.915335,2.796875,0.22241744,0.022471448
2039,905963,1.873438,3.265625,0.44348553,0.04493657
2039,905969,4.494669,4.09375,0.33474272,0.03377
2039,905973,3.787576,3.59375,0.4673198,0.046974722
2039,905976,4.608506,3.078125,0.21752675,0.021963723
2039,905977,3.482233,3.546875,0.42482883,0.042921633
2039,905989,2.674559,2.34375,0.94759053,0.09741691
2039,905991,3.15617,2.796875,0.16650836,0.016686896
2039,906791,2.676629,3.453125,0.66441387,0.06691307
2039,906793,2.852072,3.375,0.17583032,0.017668834
2039,906797,3.351909,3.140625,0.35828424,0.03606737
2039,906798,2.38018,2.859375,0.191486,0.019248066
2039,906805,3.051535,3.375,0.42856613,0.04373639
2039,906833,2.678269,3.328125,0.19320759,0.01939652
2039,906834,3.460473,2.578125,0.37913087,0.038519368
2039,906835,5.069026,4.46875,0.5637935,0.056622148
2039,906836,2.159131,2.125,0.35988614,0.036682688
2039,906855,3.767341,2.375,0.5435616,0.055172756
2039,906870,3.654378,2.3125,2.6206942,0.2669683
2039,906871,2.822729,3.0,0.49725372,0.05030726
2039,906875,4.630788,3.046875,0.5292842,0.05334109
2039,906999,3.368835,3.609375,0.3084479,0.030954914
2039,907045,3.744173,2.9375,0.4769105,0.048800282
2039,907051,4.996059,3.65625,0.13484585,0.013577371
2039,907056,3.786061,3.390625,0.54469264,0.055313516
2039,907064,3.544528,3.453125,0.34022158,0.03412936
2039,907072,1.95314,3.046875,0.722972,0.07322632
2039,907169,2.601018,3.03125,0.45718497,0.045886908
2039,907173,3.341968,3.515625,0.42667836,0.042863436
2039,907176,2.974107,3.09375,0.69703674,0.07010132
2039,907274,4.290839,3.265625,0.54195845,0.0544687
2039,907275,1.373766,1.8125,1.0428045,0.106229775
2039,907291,2.746756,2.890625,0.17195673,0.017834345
2039,907298,2.386846,2.78125,0.5193742,0.052224595
2039,907299,2.043714,2.796875,0.66778064,0.067386724
2039,907317,2.607156,2.90625,0.32940778,0.033351094
2039,907320,3.341338,3.359375,0.24321453,0.02447867
2039,907788,2.302216,2.625,0.48887134,0.051076494
2039,908122,2.466245,2.71875,0.844369,0.08525612
2039,908123,1.971656,2.828125,0.61221695,0.06191608
2039,908124,3.887509,3.140625,0.22717664,0.023169689
2039,908443,2.853301,3.46875,0.5366647,0.053936668
2039,908444,3.707552,2.875,0.55844486,0.056540094
2039,908451,2.429073,2.75,0.3693929,0.037385263
2039,908455,3.96761,3.4375,0.34406653,0.034636118
2039,908458,3.9193,3.75,0.8096234,0.08133349
2039,908459,3.523712,4.0625,0.48089102,0.04820711
2039,908474,2.8485,3.046875,0.29616988,0.029886937
2039,908483,2.38429,2.984375,0.83183795,0.08432172
2039,909251,2.21865,2.15625,0.4669803,0.0469406
2039,909717,3.299159,3.546875,0.3143865,0.031565838
2039,909718,3.898489,3.453125,0.5263986,0.05329555
2039,909719,4.431924,3.328125,0.6040703,0.0607855
2039,909725,4.769106,3.46875,0.3711038,0.03722023
2039,909727,4.480128,3.40625,0.49567366,0.049887773
2039,909738,4.872564,4.28125,0.5558056,0.055869266
2039,909746,3.208593,3.796875,0.30939308,0.031110382
2039,909751,3.033781,2.703125,0.952697,0.09735143
2039,909762,2.135741,2.125,0.3012547,0.030353125
2039,909770,2.996184,3.265625,0.39725244,0.040204857
2039,909975,5.136361,4.03125,0.19705774,0.019801933
2039,910548,3.669209,3.21875,0.36909333,0.03705406
2039,910549,4.644626,3.765625,0.3459451,0.034721944
2039,910691,3.588173,3.21875,0.63723385,0.06422022
2039,910697,2.610791,3.640625,0.34710467,0.03511665
2039,910700,2.373998,3.84375,0.69967836,0.07034282
2039,910919,2.100811,2.296875,0.6806783,0.06897034
2039,910921,4.169044,3.203125,0.24601114,0.024657829
2039,910926,2.94691,2.484375,0.63592076,0.06411985
2039,910927,2.48267,2.953125,0.46530226,0.046779595
2039,924100,3.837528,3.71875,0.25813153,0.025965083
2039,924239,1.739797,2.328125,0.41912797,0.0434695
2039,925348,4.899063,4.46875,0.3476191,0.037246313
2039,930083,4.366193,5.0,0.5319479,0.055364307
2039,946355,2.769924,2.953125,0.33169296,0.033511855
2039,949093,5.839127,5.59375,0.6756863,0.0689997
2039,1240147,1.924371,2.5625,0.6813216,0.069716826
2039,1240153,3.131168,3.484375,0.2578582,0.026052125
2039,1240158,3.564792,3.109375,0.5716129,0.05751942
2039,1240169,3.45141,3.46875,0.3271612,0.03288606
2039,1240185,3.453494,3.015625,0.6637105,0.06673803
2039,1240187,4.2467,3.734375,0.30444145,0.03057122
2039,1240191,2.613394,3.75,0.32682884,0.032881357
2039,1240196,3.596248,3.78125,0.3776757,0.037894245
2039,1240212,3.252982,3.03125,0.15274931,0.015465198
2039,1240217,3.066142,2.859375,0.53601813,0.05438232
2039,1240221,2.102534,2.828125,0.34467322,0.034791447
2039,1290725,1.841792,3.078125,0.3818255,0.038471095
2039,1290806,4.384232,3.171875,0.6053472,0.060926028
2039,1297439,4.026437,3.515625,0.64884865,0.06580062
2039,1298144,3.11351,3.171875,0.22044832,0.022182949
2039,1298146,3.182564,3.65625,0.3956599,0.039791703
2039,1298151,3.392996,3.453125,0.15532358,0.01573197
2039,1298168,3.387684,3.796875,0.26169586,0.026226262
2039,1298219,3.524768,3.453125,0.39109737,0.039300583
2039,1298347,2.82652,3.390625,0.23928757,0.024175884
2039,1298350,4.26824,3.5625,0.36325917,0.036583804
2039,1299050,3.132979,3.359375,0.2972033,0.029959407
2039,1299062,3.756627,4.75,0.25438222,0.02578621
2039,1327765,1.721405,2.578125,0.36889702,0.037349205
2039,1327775,2.657835,2.90625,0.3266423,0.033125237
2039,1330933,2.310874,2.546875,0.6777093,0.06822292
2039,1330947,2.333649,1.6875,2.2424746,0.23527478
2039,1331048,2.188117,2.421875,0.44201818,0.044719066
2039,1480359,2.837388,2.453125,0.41628054,0.042596266
2039,1503363,3.026729,3.453125,1.0521092,0.10633198
2039,1503364,2.847897,2.921875,0.4154924,0.041952357
2039,1503367,4.247182,3.25,1.4349855,0.14586605
2039,1659817,3.407794,2.78125,0.40024477,0.04052303
2039,1659928,1.797943,2.546875,0.5513114,0.05586212
2039,1660035,4.255711,3.625,0.23897555,0.024214413
2040,687562,0.288015,0.28515625,0.19754548,0.019971717
2040,687588,0.73638,0.86328125,0.4714412,0.047523353
2040,687590,0.957609,1.6171875,0.77411675,0.07762694
2040,687592,0.924064,1.2734375,0.2281184,0.022923157
2040,687787,0.370349,1.109375,1.3026714,0.13125156
2040,687815,-0.138102,1.34375,0.9998456,0.1023838
2040,688018,-1.149003,1.234375,1.3951557,0.14100215
2040,688058,1.402019,1.7578125,0.51594716,0.05194974
2040,688121,1.411958,1.890625,0.261304,0.026347265
2040,722066,1.411775,1.3984375,0.39993057,0.040127195
2040,724834,1.816955,1.9296875,0.35487756,0.03561446
2040,724863,0.942647,0.9765625,0.36840284,0.036963847
2040,749711,0.286364,2.359375,1.0594337,0.10607412
2040,749715,1.919191,0.85546875,0.530952,0.053449303
2040,749717,1.622433,2.109375,0.94819397,0.09510007
2040,753534,0.688641,1.3359375,0.9919415,0.09959546
2040,753556,0.676204,-0.037597656,0.44774213,0.04595408
2040,753569,2.892897,1.734375,0.53217,0.053425673
2040,753570,0.482944,0.87890625,0.15223075,0.015566264
2040,753572,-0.787588,0.98828125,0.2446701,0.024690019
2040,753592,-0.152743,0.65625,0.20087922,0.02023053
2040,905944,2.773949,2.109375,0.46348152,0.04657432
2040,905951,2.334491,0.7734375,0.18286555,0.018390873
2040,905969,1.927506,0.8203125,0.6301733,0.06387939
2040,905986,1.708379,1.640625,0.24228437,0.024329567
2040,906792,0.56635,0.625,0.55025584,0.055669494
2040,906800,-1.665735,-1.6953125,0.38890582,0.04047671
2040,906805,0.964732,0.71875,0.45107424,0.045459114
2040,906820,-0.947667,-0.49023438,0.64271253,0.06491462
2040,906821,1.027872,1.6953125,0.54917455,0.055080008
2040,906826,0.763101,1.6171875,0.82119656,0.08243175
2040,906830,0.749577,0.85546875,0.22085513,0.022200232
2040,906836,-1.382854,-0.9765625,0.27071077,0.027350657
2040,906839,-1.198118,1.3046875,0.4141765,0.04149201
2040,906872,0.376704,1.3359375,0.60612106,0.06120018
2040,907000,0.548176,0.265625,0.10902691,0.011106497
2040,907069,1.176935,0.80859375,0.69923735,0.07031037
2040,907175,0.691635,0.703125,0.34294632,0.034695946
2040,907269,0.280976,-1.125,1.6664493,0.16939431
2040,907273,0.617993,-0.080078125,0.46909583,0.047592644
2040,907275,-4.401578,-1.7734375,0.3760707,0.039291263
2040,907281,0.759561,0.12792969,0.27761757,0.02797155
2040,907282,3.02005,2.265625,0.9425879,0.09483118
2040,907287,0.700647,1.0,0.6960109,0.07017874
2040,907298,-1.197928,-0.31445312,0.32837987,0.0331667
2040,907314,0.893467,0.94140625,1.3875812,0.13947889
2040,907318,1.158011,1.5859375,0.19656998,0.019820139
2040,907790,0.792541,-0.5390625,0.6610941,0.06796369
2040,907792,1.632142,1.3359375,0.7959787,0.08023816
2040,908129,1.589458,1.5390625,0.50186473,0.050309632
2040,908130,1.546174,2.484375,0.40001178,0.04024409
2040,908148,-5.42057,-1.2578125,2.4231923,0.24761415
2040,908159,0.611989,-0.31054688,0.54946214,0.0557217
2040,908461,2.123018,1.109375,0.44518852,0.044876967
2040,908481,0.814689,1.421875,0.476136,0.0477046
2040,909264,1.441111,1.1171875,0.82080275,0.08310268
2040,909699,2.534872,1.6328125,0.6422326,0.06460127
2040,909713,1.665999,0.71484375,0.5533846,0.055707525
2040,909722,-0.076635,-0.8828125,0.6732783,0.06854771
2040,909726,1.5586,0.86328125,0.33823684,0.0340356
2040,909731,-0.152312,0.15820312,0.7356802,0.07381477
2040,909743,0.766834,0.65625,0.5843888,0.058634885
2040,909745,-0.287742,0.75,0.22575963,0.022848526
2040,909751,-1.196559,-0.087890625,0.6902522,0.07068156
2040,909784,1.657605,1.0859375,0.919332,0.09282517
2040,910399,0.292958,0.46289062,0.2466952,0.024855947
2040,910697,0.870262,1.2734375,0.23135671,0.023374608
2040,910710,-1.639349,-1.109375,0.5373354,0.054021515
2040,910780,0.314524,0.58984375,0.88413954,0.0895502
2040,910781,-0.575561,1.0,0.5294684,0.05358608
2040,910851,0.065683,0.234375,0.71435314,0.07186911
2040,910899,1.517987,1.34375,0.5187892,0.052052923
2040,910906,-0.709065,-0.08642578,0.70428306,0.07101282
2040,910915,1.236858,1.734375,0.76155686,0.07656383
2040,910919,-0.418039,-0.088378906,0.26032537,0.026137855
2040,910920,0.283204,1.3046875,0.27208477,0.027254367
2040,910930,0.090406,-0.16699219,0.2185036,0.022031702
2040,910952,0.585365,-0.5078125,0.45691967,0.047675416
2040,911905,3.335114,2.015625,0.4276237,0.043262772
2040,924100,2.454539,1.3125,0.6725519,0.06788764
2040,924102,1.334403,1.0078125,1.3650775,0.13684274
2040,924104,0.115707,0.546875,0.20826343,0.021253876
2040,924105,-0.611754,0.26953125,0.37442976,0.03808032
2040,924244,1.554109,0.21191406,0.24141048,0.024312431
2040,924248,-0.210404,0.91796875,0.43225092,0.043429527
2040,924250,1.490314,2.015625,0.5593929,0.05603973
2040,930083,2.519906,3.328125,0.78590417,0.07895069
2040,946361,1.7072,1.4140625,0.36314127,0.036677632
2040,946382,1.987001,1.8515625,0.24344526,0.024412222
2040,949093,8.028003,3.828125,1.7722808,0.17980874
2040,1240122,2.419173,2.359375,0.70894414,0.07114753
2040,1240123,1.551043,0.890625,0.59766126,0.060294125
2040,1240144,0.738933,1.21875,0.75832754,0.076007575
2040,1240145,0.359807,0.53125,0.43124375,0.04524501
2040,1240150,0.446249,0.47460938,0.60061014,0.060275454
2040,1240154,0.839379,0.26171875,0.1832449,0.018608512
2040,1240196,0.979717,2.140625,0.7986218,0.08034716
2040,1240210,0.167397,0.75,0.3068481,0.03077564
2040,1240215,0.493431,1.7421875,0.5687236,0.057117283
2040,1290725,-0.617114,1.3515625,0.4733279,0.047571097
2040,1290730,1.82439,0.55078125,0.20094573,0.020966861
2040,1290765,-0.5157,1.2421875,0.4581938,0.04594679
2040,1290806,1.146801,1.0625,0.8283889,0.0832307
2040,1295741,0.660764,-0.8984375,2.2316284,0.22546759
2040,1297447,0.853522,1.09375,0.542466,0.05474104
2040,1297449,-0.286399,-0.81640625,0.8338609,0.08427459
2040,1298136,0.521971,1.171875,0.8998929,0.09104234
2040,1298144,1.264508,0.64453125,0.2174049,0.021894831
2040,1298168,2.546053,1.7109375,0.5325976,0.053325485
2040,1298358,0.869099,1.125,1.9845002,0.20063163
2040,1298534,2.111887,1.53125,0.9313431,0.09482177
2040,1298537,1.203599,1.1796875,0.39885554,0.04004692
2040,1298538,1.6976,0.6796875,0.23664439,0.024150234
2040,1299075,1.845142,1.765625,0.8005715,0.080342986
2040,1303897,2.312248,1.5703125,0.42765898,0.042995095
2040,1327768,0.371364,1.6953125,1.1558193,0.116455376
2040,1330972,0.009545,0.27148438,0.51268435,0.051503457
2040,1330991,0.145682,-0.23632812,1.2316133,0.12513083
2040,1331040,-0.746003,-0.51171875,0.15624928,0.015711324
2040,1479995,1.664215,1.1015625,0.18567841,0.01871261
2040,1480371,1.694204,1.2265625,0.7369523,0.07411564
2040,1480372,2.730237,2.796875,0.4043215,0.040576506
2040,1503367,-3.410906,1.6171875,0.5226495,0.052519992
2040,1659819,0.014709,-2.546875,3.7543538,0.42698514
2040,1674021,1.633963,0.8515625,0.26006886,0.026159959
2043,684052,4.04636,4.53125,0.19893701,0.019927254
2043,687455,5.454091,4.78125,0.32969317,0.033024926
2043,687505,4.87656,4.78125,0.12749481,0.0128136715
2043,687586,5.576045,4.96875,0.15921809,0.015950397
2043,687590,5.050836,5.0,0.25867477,0.025897464
2043,687787,5.552503,5.03125,0.35685176,0.03571361
2043,687794,5.131117,4.4375,0.5242357,0.052819733
2043,687816,5.557796,5.6875,0.23538093,0.023592357
2043,687821,6.420001,6.3125,1.3072487,0.13140391
2043,687829,4.049536,5.46875,0.16792183,0.016820505
2043,687995,3.81896,4.4375,0.28091738,0.028355906
2043,688027,5.357276,5.21875,0.44189775,0.044244308
2043,724859,5.246363,5.3125,0.48374256,0.04842694
2043,724868,4.043979,4.53125,0.142288,0.014296097
2043,724873,6.116954,5.53125,0.18896796,0.018914957
2043,724874,7.111082,7.09375,0.38526118,0.038599752
2043,724878,6.555412,6.71875,0.12500034,0.012509391
2043,753569,5.967201,5.1875,0.13647652,0.013672155
2043,753573,4.172589,5.125,0.24013874,0.024054378
2043,753605,4.976082,4.21875,0.6105008,0.061680585
2043,753614,5.807818,4.96875,0.23063943,0.023143757
2043,753615,5.135908,5.15625,0.8587905,0.08596691
2043,753622,3.790318,4.71875,0.4081533,0.040975373
2043,753623,4.693479,5.28125,0.12681392,0.012712511
2043,905935,5.455039,5.71875,0.06405608,0.006414023
2043,905936,4.552018,4.71875,0.14126237,0.014220449
2043,905943,4.131399,4.84375,0.3011921,0.030320082
2043,905949,5.772974,4.96875,0.24974409,0.025063574
2043,905959,6.614645,6.5,0.09918858,0.009941725
2043,905972,6.249194,5.875,0.21735169,0.021751437
2043,905974,4.495088,4.90625,0.33314013,0.03348706
2043,905986,4.353572,5.34375,0.21073851,0.021149093
2043,906693,5.837613,5.4375,0.19545701,0.019571377
2043,906792,4.478724,4.53125,0.12332704,0.012391033
2043,906793,4.672873,5.4375,0.22852987,0.02288119
2043,906798,3.93157,5.03125,0.11156064,0.011177386
2043,906800,3.568614,3.859375,0.31545007,0.03176895
2043,906801,4.785563,4.8125,0.17787571,0.017864173
2043,906818,5.896035,5.09375,0.38943738,0.039039306
2043,906821,5.501831,5.5,0.17736033,0.017765947
2043,906826,5.631358,6.25,0.32848603,0.032907583
2043,906848,3.843157,4.34375,0.4556476,0.04644352
2043,906863,5.256689,5.09375,0.17271705,0.017348446
2043,906868,5.273434,5.03125,0.2435077,0.024455637
2043,906875,4.918458,4.78125,0.6408912,0.06449066
2043,907051,4.291853,5.5,0.19895728,0.019927254
2043,907060,4.433795,4.625,0.103213854,0.010343738
2043,907068,4.908287,4.5625,0.17813115,0.01790858
2043,907071,5.597306,5.4375,0.7142507,0.07154554
2043,907273,4.432203,4.46875,0.29238954,0.029405756
2043,907275,4.423304,3.703125,0.300058,0.03139214
2043,907291,4.783463,4.6875,0.2047808,0.020623459
2043,907318,4.054428,4.5,0.18687068,0.018804146
2043,907322,3.865473,4.59375,0.4728341,0.047457583
2043,907790,4.452439,4.8125,0.45301077,0.045632888
2043,907791,5.465551,5.03125,0.3852645,0.03860483
2043,907794,4.96939,5.71875,0.46367648,0.046468064
2043,908123,3.918849,4.6875,0.22121254,0.022259848
2043,908124,5.017138,4.3125,0.57484645,0.057792723
2043,908126,5.096734,4.875,0.5176755,0.051911503
2043,908128,6.09792,5.78125,0.24387245,0.024413804
2043,908133,5.383836,4.5625,0.58491176,0.05861785
2043,908147,3.153511,3.484375,0.0841915,0.008670502
2043,908150,4.908614,5.0625,0.22233881,0.022335807
2043,908152,3.907554,4.8125,0.35229918,0.0353342
2043,908442,4.701252,5.34375,0.38390747,0.03860302
2043,908445,3.219807,4.5,0.21767473,0.021912647
2043,908451,4.570285,4.65625,0.20301285,0.020383418
2043,908452,5.101978,5.25,0.6719941,0.06725296
2043,908454,5.322971,4.6875,1.1112458,0.11160313
2043,908467,2.912436,4.375,0.21376239,0.021518802
2043,908468,5.370376,4.78125,0.38314402,0.03839235
2043,908469,4.788107,4.875,0.24066664,0.02416712
2043,908471,5.254484,4.3125,0.27582863,0.027948583
2043,909250,5.984567,5.53125,0.37577632,0.03763018
2043,909251,4.531694,3.9375,0.2647978,0.026780117
2043,909257,4.998785,4.96875,0.14972948,0.015041587
2043,909699,7.618495,7.5,0.564156,0.056537777
2043,909713,5.067597,5.0,0.30737305,0.030777682
2043,909720,5.680877,5.1875,0.13101353,0.013124875
2043,909724,5.438184,5.1875,0.37077168,0.03712587
2043,909727,6.05836,5.0625,0.5346898,0.05357117
2043,909743,5.290146,4.9375,0.24672627,0.024722822
2043,909745,5.272711,5.53125,0.27064976,0.027158635
2043,909747,7.54974,6.90625,0.4076452,0.04098992
2043,909753,6.883471,6.28125,0.20173573,0.020187758
2043,909755,5.719697,5.40625,0.18478754,0.018516349
2043,909761,4.614074,4.5625,0.7026055,0.07059286
2043,909762,4.827018,4.1875,0.31109494,0.031304404
2043,909770,5.274632,4.78125,0.2823502,0.028342329
2043,909784,6.319981,5.71875,0.28241113,0.028338842
2043,909907,5.869485,6.34375,0.41510636,0.041543707
2043,909975,5.330396,6.0,0.08123979,0.0081333965
2043,909976,3.328215,4.3125,0.27244648,0.027415344
2043,910548,5.050438,5.15625,0.16371036,0.016429486
2043,910549,5.346357,5.5,0.18281357,0.018308569
2043,910691,5.738049,5.375,0.36268246,0.036333364
2043,910703,5.51074,4.875,0.46651548,0.046798542
2043,910779,4.39928,5.6875,0.2329539,0.023305967
2043,910900,4.989271,4.75,0.16078171,0.016135575
2043,910920,3.931041,4.96875,0.38014314,0.03815004
2043,910921,4.779852,4.84375,0.346952,0.034780342
2043,910926,5.089166,4.65625,0.2565655,0.025742605
2043,924100,6.343533,5.8125,0.19603053,0.019632231
2043,924105,5.680744,5.34375,0.31808305,0.031908527
2043,924151,5.076654,5.15625,0.12539028,0.012547311
2043,924244,5.381869,5.28125,0.19118641,0.019165559
2043,925347,5.898882,5.84375,0.1674498,0.016775046
2043,925348,7.252682,7.3125,0.16802809,0.016955962
2043,946353,4.394901,4.8125,0.17488994,0.017540762
2043,949176,5.213636,4.96875,0.8021481,0.080606245
2043,998184,4.185103,3.96875,0.4840497,0.049255036
2043,1240121,4.71656,5.03125,0.09655904,0.009676816
2043,1240128,5.058383,4.9375,0.4902554,0.049145848
2043,1240143,5.447122,5.25,0.14950429,0.014965724
2043,1240144,5.59176,5.65625,0.41081962,0.041126706
2043,1240145,5.015648,5.34375,0.10092561,0.010133393
2043,1240151,4.754357,5.4375,0.40969485,0.041098576
2043,1240174,5.313505,4.65625,0.3326799,0.033394426
2043,1240178,6.690284,5.4375,0.52741224,0.052819733
2043,1240182,5.788611,6.0,0.84233075,0.08455321
2043,1240183,6.141383,5.53125,0.27254742,0.027280934
2043,1240186,5.75027,5.03125,0.25509706,0.025595268
2043,1240190,5.820175,5.6875,0.178863,0.017897401
2043,1240198,6.065207,5.28125,0.4279729,0.042923976
2043,1240210,3.913763,4.46875,0.2582536,0.025977364
2043,1240212,4.995294,5.125,0.09804944,0.009819538
2043,1240220,4.150461,5.40625,0.41439855,0.041505516
2043,1247871,3.916559,4.15625,0.48526916,0.048795238
2043,1290922,5.148795,4.90625,0.24110264,0.02419113
2043,1295741,4.563509,4.0625,0.26561967,0.026728384
2043,1298157,4.25097,5.125,0.25716254,0.025779363
2043,1298347,4.936426,4.875,0.124560185,0.01249289
2043,1298353,4.671449,5.09375,0.3228433,0.03230703
2043,1298475,6.507658,6.03125,0.25010857,0.02504583
2043,1299050,5.899588,5.46875,0.40227067,0.040265728
2043,1299064,5.639826,4.90625,0.20701733,0.020819832
2043,1330933,3.037345,4.0625,0.71349764,0.07172038
2043,1330947,3.377572,3.640625,0.1905802,0.019609515
2043,1330964,4.947458,4.8125,0.2824411,0.028338842
2043,1330983,4.571527,3.953125,0.7538584,0.07662959
2043,1330991,4.485823,4.59375,0.277482,0.0279858
2043,1331038,2.313765,3.703125,0.17432402,0.018532347
2043,1479995,4.82193,5.03125,0.34666526,0.03470671
2043,1480361,4.545612,4.875,0.32255116,0.03232497
2043,1503363,4.08715,5.3125,1.0445235,0.104678564
2043,1503366,4.507738,5.5,0.3748579,0.03761152
2043,1503367,4.413996,4.9375,0.76853985,0.077146076
2043,1659819,4.04186,3.25,0.6623256,0.07230445
2043,1659929,5.148958,4.96875,0.5136932,0.05149538
2044,687455,3.753149,3.953125,0.89485914,0.08987129
2044,687459,4.232028,4.40625,1.5990039,0.1605473
2044,687590,3.38454,3.9375,0.7660086,0.07682761
2044,687592,4.451482,3.265625,0.4390367,0.04408129
2044,687596,5.121208,4.0,0.9772778,0.09825153
2044,687798,3.429285,4.34375,0.79293555,0.07959491
2044,687983,2.633015,3.421875,0.80998915,0.081490785
2044,688011,3.833522,4.03125,0.892444,0.089753516
2044,722046,2.968302,2.953125,0.8309622,0.08521864
2044,722066,3.306254,3.9375,0.79751074,0.079862595
2044,724873,3.784073,3.53125,0.5300942,0.05316633
2044,749712,3.884917,3.328125,1.0153277,0.102402166
2044,749715,4.363522,3.1875,0.46778342,0.047709115
2044,753539,2.775439,2.796875,0.63042444,0.06510925
2044,753554,3.189826,3.625,1.2132283,0.12205959
2044,753576,3.271634,5.09375,0.69556606,0.06967393
2044,753592,2.780459,3.046875,0.81531346,0.08222947
2044,753612,5.185867,4.03125,0.6449551,0.06518273
2044,753620,3.46505,3.515625,0.68171424,0.0687372
2044,753621,6.186078,4.71875,0.74973315,0.07603146
2044,753624,4.449759,4.53125,0.6370885,0.06392253
2044,905936,2.482759,3.3125,0.50544035,0.050963514
2044,905937,4.824355,2.609375,0.400186,0.040406868
2044,905940,3.913226,3.4375,0.8774324,0.088037536
2044,905943,2.444515,2.328125,0.32915035,0.033276882
2044,905945,4.076467,3.375,0.510824,0.051309373
2044,905951,3.230017,4.03125,0.9033731,0.090604715
2044,905957,2.630679,3.359375,1.3495508,0.13614732
2044,905973,5.400544,4.1875,0.6663084,0.06702302
2044,905976,3.27836,4.21875,0.74878573,0.07500487
2044,905989,2.318111,3.890625,1.2301311,0.12371487
2044,906793,3.783754,3.453125,0.23403522,0.023495292
2044,906795,3.554561,4.34375,1.439191,0.14446607
2044,906800,1.385646,1.7265625,0.26033616,0.026256535
2044,906801,4.072651,3.671875,0.59311557,0.05959208
2044,906804,2.226681,2.640625,0.3348142,0.033625606
2044,906805,4.681292,4.59375,1.0359235,0.103898995
2044,906808,2.357174,3.40625,1.301621,0.14137489
2044,906818,3.424577,4.375,0.6150994,0.061660882
2044,906824,2.69931,3.453125,0.49697652,0.050818034
2044,906831,2.520974,2.640625,0.7312575,0.073792264
2044,906832,2.286385,2.296875,0.35623598,0.036142323
2044,906856,-2.1546,1.9140625,0.6959757,0.070193514
2044,906872,2.476744,4.3125,1.5879558,0.15936254
2044,907047,2.081475,3.125,0.2869262,0.028938305
2044,907065,4.583073,4.34375,0.8936478,0.08942761
2044,907071,3.571613,4.40625,0.6453218,0.06472319
2044,907171,4.145551,3.890625,1.1008625,0.11039237
2044,907173,4.543051,4.40625,1.104413,0.110666
2044,907282,3.375204,4.4375,1.0802678,0.108346544
2044,907295,2.937952,4.5,0.6793561,0.06886494
2044,907312,2.939818,3.296875,0.41416568,0.04152476
2044,907783,3.08891,2.703125,0.47306404,0.047974065
2044,907792,4.987467,4.96875,0.9275033,0.092857845
2044,907799,1.948902,2.265625,0.24693273,0.024932852
2044,908120,4.408717,4.5,0.91962755,0.09247125
2044,908125,4.073913,4.625,0.88164276,0.08844207
2044,908135,4.307761,2.65625,0.3628012,0.03707288
2044,908445,2.668648,3.34375,0.97648555,0.098626025
2044,908446,1.766847,2.453125,0.61278045,0.06201787
2044,908451,2.805778,2.9375,0.7270973,0.0732423
2044,908452,5.131756,3.390625,0.89134216,0.089382075
2044,908459,2.639222,4.0625,1.0428594,0.10459464
2044,908483,2.533988,2.453125,0.64373523,0.06503835
2044,909250,5.696342,4.09375,0.8133956,0.081621036
2044,909703,2.395953,2.515625,0.48719844,0.04954914
2044,909722,-0.232031,2.6875,0.7519476,0.07705635
2044,909725,6.027009,4.21875,0.6134507,0.061411884
2044,909728,2.921136,4.34375,1.1125162,0.11149255
2044,909751,2.296632,3.671875,0.7455623,0.07489801
2044,909757,5.864811,4.15625,1.1598723,0.11630976
2044,909761,5.034518,4.28125,0.9877017,0.09933363
2044,909777,1.884182,2.359375,0.3543387,0.035811428
2044,909976,2.651391,2.8125,0.692436,0.07002897
2044,910567,3.367724,2.796875,0.6515502,0.066534966
2044,910689,4.665751,7.34375,0.8631514,0.08838636
2044,910698,2.365126,2.921875,1.0774558,0.10872765
2044,910784,3.770328,4.1875,0.5023677,0.050345562
2044,910851,3.194771,3.453125,0.45345595,0.04547982
2044,910852,4.805143,4.1875,0.8295793,0.08326352
2044,910919,1.698109,2.203125,0.21645811,0.021751437
2044,910925,4.192452,2.96875,0.3569879,0.03618714
2044,917486,4.62991,4.65625,1.0320247,0.10344039
2044,924104,3.606515,3.078125,0.5307388,0.05334109
2044,924110,2.809734,3.296875,0.8795186,0.08865936
2044,924239,2.432689,2.75,0.53181064,0.05400535
2044,924240,1.944999,3.421875,0.9783762,0.0984506
2044,924244,4.278437,3.484375,0.80016476,0.08038329
2044,924247,2.750648,3.078125,0.41678262,0.04218145
2044,924250,4.533253,4.78125,0.9307788,0.09326725
2044,946353,2.542322,4.0,0.745639,0.07526509
2044,949090,3.786855,4.3125,0.82380396,0.0824759
2044,949093,5.824357,6.5,1.4476035,0.14869592
2044,1240169,4.401951,4.34375,0.7548626,0.07589082
2044,1240182,4.761584,4.46875,0.7584632,0.07790834
2044,1240183,5.179788,4.875,0.94140375,0.09427202
2044,1240189,1.484891,2.421875,0.7615262,0.07744887
2044,1240197,4.670248,5.0,1.1715794,0.117332324
2044,1240223,6.314417,5.375,1.4959247,0.14981514
2044,1290722,3.49907,3.328125,0.6566277,0.06592842
2044,1290730,4.287007,3.140625,0.26613086,0.027025579
2044,1290807,3.603876,4.625,1.6670456,0.16781636
2044,1290922,4.639041,4.1875,0.5114934,0.051326342
2044,1297446,1.770998,2.734375,0.23835617,0.02397591
2044,1297449,-0.870631,1.9765625,0.21693341,0.021795943
2044,1298157,3.807518,4.0,0.9375032,0.09390845
2044,1298168,5.261552,4.65625,0.6831947,0.0683675
2044,1298169,2.986492,3.765625,0.61182743,0.06149078
2044,1298357,5.909968,6.125,1.3089203,0.13134499
2044,1298534,4.292599,5.125,0.7016954,0.07027399
2044,1298539,5.369481,5.21875,1.0544419,0.10587078
2044,1299062,4.363884,5.0625,1.0474453,0.10609064
2044,1330935,0.953085,2.46875,0.60025084,0.06034678
2044,1330964,3.225396,3.421875,1.1256595,0.11454278
2044,1330991,4.081335,3.078125,0.5630991,0.057056524
2044,1331035,0.86471,2.5,0.37510237,0.037841618
2044,1480371,3.856348,3.40625,0.7090699,0.07145984
2044,1503365,4.524963,5.46875,1.4292209,0.14310984
2044,1660036,3.802432,4.15625,0.8857622,0.088957675
2044,1674021,3.06333,3.34375,0.41754133,0.041977905
2045,687563,5.674308,4.9375,0.3843971,0.03847034
2045,687980,4.775527,4.65625,0.51584303,0.05167131
2045,688015,3.120236,3.625,0.40717083,0.041124664
2045,688018,3.009731,5.25,0.7984693,0.0799816
2045,724834,5.440753,6.0,0.25946748,0.025959289
2045,724839,6.576857,6.375,0.31758174,0.031779155
2045,724868,4.958653,4.34375,0.13705106,0.013732988
2045,724874,6.284622,6.84375,0.91216254,0.09133608
2045,735784,6.065189,5.5625,0.09891153,0.009904146
2045,749713,5.445247,5.09375,0.44074774,0.044122774
2045,749714,5.742763,6.0,0.30142143,0.030160848
2045,753562,4.768304,4.59375,0.16273995,0.016325273
2045,753570,5.183292,4.5,0.28240785,0.028324379
2045,753573,5.272659,4.46875,0.29975075,0.030007722
2045,753592,4.317321,4.96875,0.17321463,0.017350677
2045,753600,4.198108,5.25,0.31507492,0.03153777
2045,753605,4.52995,4.46875,0.27595106,0.02776268
2045,753614,5.778106,5.125,0.25426474,0.025472125
2045,753620,4.013097,4.625,0.57077044,0.057162005
2045,753622,4.797479,4.90625,0.25266048,0.025308663
2045,905933,3.929724,5.1875,0.14919207,0.014933544
2045,905947,4.373592,4.84375,0.29830977,0.029913928
2045,905951,5.256057,5.65625,0.86667037,0.08680436
2045,905969,5.48652,6.1875,0.28488207,0.02851237
2045,905972,6.15618,6.28125,0.2968632,0.029695023
2045,905982,4.686716,5.0625,0.38634303,0.038688328
2045,905991,3.954226,4.875,0.09379177,0.009387645
2045,906794,5.145921,5.1875,0.12244079,0.012266063
2045,906798,4.606855,5.0625,0.10541492,0.010557183
2045,906801,5.183501,5.1875,0.16351536,0.016374402
2045,906818,5.40529,5.15625,2.2558515,0.22588149
2045,906825,4.164592,4.84375,0.4905639,0.04912499
2045,906826,7.35431,6.375,0.59630907,0.05970924
2045,906830,5.792573,5.34375,0.70633835,0.07072662
2045,906837,4.701913,4.59375,0.18703355,0.018824257
2045,906839,4.679076,5.75,0.38367108,0.03840398
2045,906851,4.723801,5.125,0.48683813,0.048776858
2045,907051,6.164744,5.8125,0.18029204,0.01804765
2045,907060,4.466095,4.78125,0.14396329,0.014410165
2045,907063,2.586591,4.34375,5.9654226,0.59761333
2045,907064,5.57471,5.59375,0.17468749,0.017475324
2045,907068,4.715068,5.03125,0.122403875,0.012261033
2045,907072,5.129348,3.96875,1.0960869,0.10993313
2045,907275,3.23512,2.953125,0.86067003,0.08772688
2045,907281,3.306315,3.75,0.397117,0.04008514
2045,907287,6.313362,5.40625,0.5448833,0.054555576
2045,907290,5.591236,5.65625,0.64781934,0.06481134
2045,907313,6.046817,5.25,0.71115243,0.07114753
2045,907318,4.955827,4.8125,0.21448971,0.02149842
2045,907319,4.579501,5.1875,0.15245183,0.0152665
2045,907322,4.045291,4.1875,0.599758,0.060153335
2045,907323,4.023952,3.984375,0.7846577,0.07859812
2045,907792,3.972288,6.53125,0.394124,0.039458092
2045,907799,3.435827,3.015625,1.4557503,0.14756645
2045,908121,5.213575,4.96875,0.35187554,0.03535398
2045,908131,5.084786,5.125,0.16075374,0.016100846
2045,908135,3.946778,4.09375,0.2961402,0.029782964
2045,908148,3.168234,3.59375,0.6419188,0.06463358
2045,908156,1.240604,2.1875,6.41181,0.6803971
2045,908159,4.190285,2.453125,1.0123068,0.10465464
2045,908452,5.355001,4.78125,0.72685236,0.07273964
2045,908454,5.254444,4.15625,2.3796017,0.23862186
2045,908462,5.315719,5.03125,0.5971338,0.05975808
2045,908475,3.54417,4.90625,0.6653314,0.066686526
2045,909257,4.860959,4.59375,0.32455373,0.03256423
2045,909260,4.044521,3.640625,1.7778534,0.17855097
2045,909263,6.652639,6.15625,0.24945317,0.024965193
2045,909698,4.345186,4.625,0.2534968,0.025411887
2045,909699,7.8547,7.09375,0.6467258,0.06479619
2045,909702,2.136962,2.828125,1.3595408,0.13819712
2045,909704,4.536606,5.125,0.27121598,0.027188154
2045,909719,5.204165,5.09375,0.2623561,0.026266024
2045,909720,4.431873,5.21875,0.14190088,0.014214022
2045,909737,4.138826,5.375,0.6621117,0.06639528
2045,909738,5.394124,6.0625,0.69240963,0.06932123
2045,909747,7.780903,7.0625,0.9063504,0.09096891
2045,909748,5.913912,5.71875,0.30332702,0.030349314
2045,909755,5.031436,5.71875,0.18984377,0.019016398
2045,909757,6.086547,5.78125,0.50346875,0.050392333
2045,909762,4.476389,2.9375,2.8708181,0.28857303
2045,909770,5.261703,5.15625,0.32087997,0.032149326
2045,909777,3.290503,3.828125,0.76034313,0.076627135
2045,909905,3.890086,4.96875,0.3571637,0.035763286
2045,909974,4.076993,6.1875,0.6109427,0.061125703
2045,910689,8.065785,7.96875,0.4998477,0.0508356
2045,910702,7.64091,8.0625,0.31546044,0.03219364
2045,910905,5.988142,5.84375,0.5478143,0.0548279
2045,910907,5.632586,5.6875,0.18324322,0.018337205
2045,910931,3.713575,4.09375,0.52978265,0.05307952
2045,910937,4.111289,4.25,0.20331118,0.020609241
2045,924189,5.659666,4.3125,1.019166,0.10220001
2045,924244,5.663713,5.25,0.22518726,0.022540368
2045,930082,5.076442,5.3125,0.12181909,0.012192907
2045,930297,4.116085,5.40625,0.2432586,0.024344068
2045,946353,5.598079,5.125,0.149477,0.014969951
2045,946382,4.488739,4.78125,0.18237251,0.018291235
2045,949090,5.384838,5.53125,0.40793365,0.040815707
2045,949176,6.072555,5.3125,0.649819,0.06506209
2045,1240129,6.137682,6.03125,0.63178325,0.06325156
2045,1240142,5.513683,5.03125,0.2476723,0.024850301
2045,1240146,4.790825,5.78125,0.49928677,0.050012887
2045,1240147,4.938459,4.125,0.29375756,0.029514693
2045,1240158,3.169723,5.09375,0.518059,0.05185569
2045,1240159,5.551857,5.9375,0.28766602,0.028784454
2045,1240183,6.30594,5.8125,0.20509028,0.02052026
2045,1240185,5.429007,5.09375,0.35519952,0.035536077
2045,1240187,5.013274,5.53125,0.26836848,0.026876794
2045,1240198,6.081902,5.53125,0.3196149,0.032012135
2045,1240199,6.993423,7.625,0.39138284,0.04007745
2045,1240209,5.578737,5.09375,0.20852137,0.020897295
2045,1240223,7.08364,6.3125,0.30189312,0.03025073
2045,1290806,4.619483,5.40625,0.5277927,0.052812025
2045,1290807,4.974937,5.53125,0.6250904,0.06269407
2045,1298144,3.67814,4.65625,1.0138617,0.10166809
2045,1298146,6.000397,5.40625,0.29896042,0.029924776
2045,1298168,5.362871,4.71875,0.4257822,0.042610094
2045,1298169,5.448461,5.15625,0.25308084,0.025359571
2045,1298356,6.615499,5.875,0.43932167,0.04400627
2045,1298476,8.645224,8.1875,0.31050575,0.03216842
2045,1298539,5.512099,5.8125,0.23563002,0.02358711
2045,1299070,5.027599,4.90625,0.19881421,0.019927254
2045,1330947,2.643126,2.8125,0.49625444,0.05034805
2045,1330950,2.864586,3.78125,0.7324506,0.07352343
2045,1330964,4.24088,4.71875,0.2832552,0.028404284
2045,1330983,4.417196,3.953125,0.755446,0.07586993
2045,1330985,3.04682,3.640625,0.46730685,0.046877928
2045,1331040,3.914473,3.203125,0.46279976,0.046913072
2045,1479995,4.303863,4.90625,0.39352864,0.039380535
2045,1480362,6.145629,5.28125,0.2412346,0.024149733
2045,1480372,6.298791,5.8125,0.16321748,0.016338445
2045,1503361,4.505925,4.9375,0.23804851,0.023821589
2045,1503363,5.801838,5.15625,1.1183598,0.11199236
2045,1503364,4.932957,5.1875,0.34251222,0.034288526
2045,1503367,4.242009,5.53125,0.42176926,0.042208493
2046,687452,3.668388,3.3125,0.7289055,0.07329358
2046,687506,2.002214,3.171875,0.6138001,0.06159916
2046,687561,2.363392,2.078125,0.85302246,0.08587115
2046,687798,3.220131,3.015625,1.2730379,0.12832783
2046,687815,3.086315,2.15625,1.1605563,0.11822508
2046,687821,4.5005,5.8125,0.7227105,0.07354024
2046,687829,4.87789,3.84375,0.26665294,0.026817415
2046,688013,2.020172,0.58984375,0.74722433,0.07530503
2046,688025,4.424888,2.09375,1.7985998,0.18203148
2046,688027,4.04116,2.015625,0.9061727,0.0920218
2046,688031,1.944838,1.3515625,0.4810809,0.0489018
2046,688086,1.542375,1.7890625,0.5143097,0.05248677
2046,717431,2.794489,2.578125,1.7633249,0.17809759
2046,722058,1.980423,2.46875,1.6512384,0.17554279
2046,724828,1.657121,4.125,1.5872469,0.15936683
2046,724838,4.541256,4.125,0.7348264,0.07567645
2046,724859,1.409009,3.171875,0.59108317,0.059614442
2046,724872,2.654438,2.703125,0.58606297,0.059809398
2046,724878,6.277351,5.25,0.5081151,0.05101708
2046,749716,-1.492619,3.625,0.6729836,0.06767048
2046,753539,2.51978,1.6171875,0.529798,0.054212037
2046,753569,3.698712,4.28125,0.46891943,0.04761875
2046,753575,4.719848,4.625,0.7778408,0.0780797
2046,753620,0.061278,1.6796875,0.63271874,0.06554972
2046,905936,2.795675,2.546875,1.1307644,0.11404467
2046,905937,3.620596,2.1875,0.5306716,0.053389415
2046,905946,5.303395,4.40625,0.4342847,0.044022553
2046,905951,2.591551,3.796875,1.2466221,0.12530975
2046,905957,1.420576,3.5625,1.0239885,0.10289852
2046,905964,2.651252,2.046875,0.9054093,0.09360331
2046,905970,5.959681,5.625,0.84676,0.08504066
2046,905981,2.689851,2.171875,0.6058534,0.061211042
2046,905982,5.472585,3.296875,0.4758121,0.047820766
2046,905984,0.497712,2.546875,0.88263947,0.09081809
2046,906746,3.101165,4.34375,0.50872827,0.05114547
2046,906790,3.103091,1.9921875,0.2837786,0.028473038
2046,906791,3.494514,4.1875,1.3272411,0.13355565
2046,906794,4.151765,3.8125,0.8111939,0.08188222
2046,906797,4.311707,3.875,0.8839981,0.0891109
2046,906804,2.486658,2.046875,0.88216287,0.090333134
2046,906805,4.457581,4.84375,0.8052054,0.080758885
2046,906808,3.559237,3.203125,1.2695402,0.1304055
2046,906826,4.970522,5.53125,0.8833571,0.088728204
2046,906831,1.211125,1.5859375,0.5034515,0.05128626
2046,906832,3.67334,1.9609375,0.80191225,0.08346178
2046,906837,3.574634,2.078125,0.32803857,0.034520745
2046,906848,2.346007,2.4375,0.79707545,0.08216262
2046,906852,5.344995,4.65625,1.00962,0.10163533
2046,906865,3.826167,3.046875,0.80005956,0.08370242
2046,907000,0.838141,1.5625,0.39548358,0.039708357
2046,907042,3.438575,1.5078125,1.7222439,0.17534485
2046,907045,3.100346,4.84375,0.41433662,0.041788444
2046,907053,0.553856,0.671875,0.5741125,0.059826903
2046,907060,2.820382,3.296875,0.669143,0.06745257
2046,907063,2.30001,2.703125,4.5061235,0.45717385
2046,907066,3.706588,5.09375,0.4241754,0.042551197
2046,907067,3.691721,2.890625,1.5630463,0.16097109
2046,907071,3.552683,4.75,0.34727272,0.034872226
2046,907171,0.843581,1.875,1.4198699,0.1438696
2046,907173,4.190584,4.40625,1.5700306,0.15749775
2046,907269,0.40871,0.515625,0.3330992,0.03379495
2046,907274,1.96217,2.515625,0.6863778,0.06897272
2046,907275,-0.321073,0.27539062,0.5286805,0.0542612
2046,907281,1.91681,1.3125,0.68517804,0.07076412
2046,907282,4.776682,4.125,1.0618085,0.10750345
2046,907286,4.577871,3.640625,0.57723844,0.058538534
2046,907291,2.839748,2.765625,0.988781,0.100509435
2046,907298,2.252388,2.265625,1.0781171,0.10873486
2046,907313,4.894805,4.375,1.3126459,0.13182989
2046,907322,1.189331,2.5,0.52757776,0.053550366
2046,907789,1.024348,1.109375,0.39455497,0.04006704
2046,907792,6.185987,5.4375,0.65367854,0.06576481
2046,908124,4.259103,3.828125,0.5128047,0.05598162
2046,908125,3.279912,4.0625,0.42399487,0.043217205
2046,908131,3.913919,4.21875,0.47820345,0.04818172
2046,908159,1.616303,1.0859375,0.8403913,0.084805116
2046,908446,2.515961,1.0390625,0.9564523,0.09786981
2046,908452,4.479753,3.796875,0.58563435,0.05889753
2046,909257,4.160712,2.765625,1.0010396,0.10081462
2046,909704,2.931343,3.3125,2.5251992,0.25475076
2046,909707,5.043648,3.203125,0.8867423,0.0889367
2046,909709,4.450057,4.5625,0.49141258,0.049247682
2046,909713,3.67207,3.578125,1.1508821,0.116137214
2046,909723,2.850276,3.75,1.5257778,0.15742628
2046,909724,3.947565,3.109375,1.0168539,0.10250336
2046,909735,2.204871,3.03125,1.3771753,0.1390126
2046,909747,6.739388,5.875,0.95022273,0.097859144
2046,909753,4.416874,5.15625,0.7642993,0.07662959
2046,909757,4.728782,3.59375,1.8560017,0.19228192
2046,909778,3.120871,4.46875,0.5012617,0.050299633
2046,909975,4.802163,4.59375,0.66404146,0.06682019
2046,910079,3.382707,2.765625,1.5370427,0.15608664
2046,910546,4.35808,3.296875,1.2137483,0.12196712
2046,910567,1.08172,2.234375,0.8448655,0.08541534
2046,910703,2.629123,2.296875,0.628557,0.06374282
2046,910780,2.310786,2.875,1.228666,0.12523618
2046,910851,1.998422,1.78125,1.5118512,0.15629868
2046,910899,2.415969,2.703125,0.5689548,0.057959035
2046,910904,4.719474,4.40625,0.31221214,0.031359933
2046,910916,4.261817,3.484375,0.74674755,0.07704771
2046,910931,1.966932,1.9765625,0.511838,0.0513018
2046,910935,0.217968,0.14355469,0.28739777,0.029001731
2046,910937,4.26898,1.2734375,0.8737679,0.09024139
2046,924105,5.011054,2.84375,1.8175195,0.18584934
2046,924106,3.442436,2.359375,3.0023708,0.3072202
2046,924110,2.838373,2.015625,0.3556633,0.035957325
2046,924151,3.084421,3.40625,0.85339373,0.08566371
2046,924189,1.960858,1.6796875,0.9239284,0.094066866
2046,924244,3.999783,3.59375,0.9743416,0.09782834
2046,924248,2.089742,2.328125,0.6386996,0.064891316
2046,925340,0.628184,4.125,4.837506,0.4876419
2046,925341,4.047393,3.03125,0.94588846,0.09592383
2046,925346,1.983248,4.0,0.4516591,0.045529228
2046,925347,5.972599,4.875,0.3852259,0.038576458
2046,930083,5.469725,7.34375,0.3506621,0.035376
2046,930301,5.488909,3.921875,4.2496004,0.4266793
2046,946353,3.563135,4.125,0.45034492,0.045228433
2046,946354,1.988505,0.7734375,1.189675,0.122006126
2046,1240128,1.610121,2.984375,1.0042171,0.10139603
2046,1240145,4.236592,3.828125,0.42014742,0.04215566
2046,1240155,4.033882,3.59375,1.2980442,0.13078535
2046,1240158,4.260742,3.34375,2.184302,0.22042114
2046,1240168,3.561351,2.96875,0.9133934,0.092074074
2046,1240179,3.479034,3.453125,0.44533473,0.044725258
2046,1240217,2.641737,2.109375,1.1112692,0.11234858
2046,1240221,3.119347,2.90625,0.430119,0.04398156
2046,1247871,1.596381,0.55078125,0.8312324,0.08385758
2046,1290725,4.091101,2.515625,1.3003192,0.13181071
2046,1290908,5.486404,2.8125,2.1806133,0.21909267
2046,1290922,5.260481,4.15625,0.6413603,0.06449066
2046,1295741,0.405801,1.078125,1.2347765,0.12492258
2046,1298348,2.39111,4.15625,0.68272126,0.06859502
2046,1298362,3.337065,3.171875,1.0096222,0.10290937
2046,1298534,4.503764,4.53125,0.8810862,0.09118317
2046,1298537,2.496221,3.421875,0.7595981,0.077252775
2046,1330942,3.290768,3.234375,0.45119613,0.045600377
2046,1330972,1.933864,1.34375,1.4629836,0.14856593
2046,1330982,-0.54115,0.24023438,1.796133,0.18434638
2046,1330984,0.684792,0.038085938,0.96316314,0.10105266
2046,1331035,1.362029,1.578125,0.9999209,0.102317765
2046,1331040,0.135072,-0.765625,0.5225744,0.05381758
2046,1331050,1.280562,1.9609375,0.8828448,0.09117883
2046,1480371,3.051954,2.5,1.6364976,0.16618627
2046,1480374,1.477051,2.546875,1.4721441,0.15033233
2046,1503365,6.010514,6.0,0.5352871,0.053774096
2046,1674021,2.445427,3.515625,0.97873324,0.09863642
2047,683667,2.864469,2.703125,0.49721378,0.050085567
2047,684052,0.027386,2.265625,0.27817148,0.028008556
2047,687452,3.129692,2.28125,0.22659281,0.022859462
2047,687455,2.734694,2.03125,0.5997574,0.060458187
2047,687457,3.147593,2.65625,0.58967245,0.059657276
2047,687505,2.097808,1.671875,1.5376446,0.15821403
2047,687780,3.380876,2.859375,0.43324348,0.04369532
2047,687812,0.627678,3.609375,0.47484538,0.047665007
2047,687819,4.080935,3.75,0.48142055,0.048160177
2047,687983,-0.275199,3.453125,0.36470485,0.03655456
2047,688025,3.452008,3.484375,0.55303293,0.055457078
2047,722046,0.762371,0.29101562,0.23674789,0.07412814
2047,724828,1.635883,1.203125,0.3832632,0.04723545
2047,724866,3.606434,2.953125,0.7250713,0.074959554
2047,724869,1.645952,1.703125,0.35004163,0.04832023
2047,724872,2.431428,2.46875,0.4513759,0.04540326
2047,749717,4.575884,5.28125,0.75623363,0.077175796
2047,753575,3.74011,2.84375,0.3803731,0.039208896
2047,753592,2.804578,2.71875,0.20643705,0.020781383
2047,753612,1.359662,4.1875,1.1632947,0.11708143
2047,753623,3.151519,2.515625,0.2750868,0.027642915
2047,905944,0.837093,3.453125,0.49973035,0.050140645
2047,905945,3.278432,3.671875,0.30462968,0.030511236
2047,905947,2.905174,3.0,0.6059941,0.060979083
2047,905949,1.053245,0.5625,0.19165224,0.024955407
2047,905968,0.461329,0.765625,0.28451148,0.042702805
2047,905972,3.197239,3.28125,0.3557314,0.03567844
2047,905977,0.211203,0.828125,0.13924447,0.027671667
2047,905984,1.733456,2.296875,0.54930395,0.05546334
2047,905986,2.562243,4.03125,0.46306446,0.04644352
2047,905989,1.27971,0.40625,0.6610349,0.20897162
2047,906746,2.692591,2.875,0.2366766,0.023846515
2047,906801,3.597531,2.09375,0.42589572,0.042921633
2047,906818,0.168453,-0.32617188,0.10413409,0.045986217
2047,906820,-0.892064,-0.890625,0.12255633,0.078740366
2047,906824,3.336717,3.046875,0.2769501,0.028124273
2047,906826,4.927975,4.5,0.54829526,0.055206805
2047,906830,1.219609,0.578125,0.06262799,0.018012369
2047,906837,2.177278,1.8359375,0.12224066,0.0131253395
2047,906846,3.18091,3.40625,1.0046321,0.10103633
2047,906865,0.913807,0.29101562,0.22826754,0.040834717
2047,906868,0.482758,4.375,0.7739775,0.07777543
2047,907000,0.931304,2.203125,0.41560376,0.041662365
2047,907064,2.66677,2.046875,0.41768292,0.042549074
2047,907069,0.758931,2.078125,0.32284123,0.034452114
2047,907271,3.003023,2.796875,0.6265395,0.063387126
2047,907273,1.682456,1.8046875,0.9820933,0.10105127
2047,907286,3.910217,2.625,0.46632737,0.04729089
2047,907287,0.90299,0.671875,0.21150726,0.032410905
2047,907290,2.778287,2.75,0.81837076,0.08306652
2047,907295,2.41898,2.234375,0.57100743,0.058653127
2047,907298,1.366486,1.953125,0.5196392,0.05251761
2047,907311,-1.425041,-0.48632812,0.28230923,0.05152811
2047,907788,1.85204,2.765625,0.65306693,0.07027399
2047,907792,1.522457,2.671875,0.59128416,0.06986018
2047,908120,3.148943,2.6875,1.8537607,0.3037816
2047,908148,1.614197,1.1015625,1.6300169,0.16656344
2047,908152,1.422949,3.203125,0.9509393,0.09554369
2047,908444,2.137376,1.953125,0.4404469,0.044977535
2047,908448,2.643186,0.87109375,0.8062984,0.08953762
2047,908467,2.358944,2.234375,0.7614467,0.07677662
2047,908470,5.433666,3.921875,1.2362162,0.13029656
2047,909249,0.16052,1.625,0.7181624,0.07226619
2047,909250,4.028859,4.21875,0.828581,0.082954146
2047,909260,2.375504,2.34375,0.41154844,0.041326627
2047,909696,3.077436,2.921875,0.42858016,0.042939927
2047,909720,2.094389,2.734375,0.4317391,0.04337183
2047,909728,2.273596,2.71875,0.35129064,0.03572702
2047,909735,3.59379,3.15625,0.59275115,0.059381537
2047,909737,3.698165,3.625,0.5052738,0.05077394
2047,909738,2.154109,3.984375,1.0850503,0.11053334
2047,909749,3.757481,3.03125,0.62437594,0.06314577
2047,909774,2.870347,2.203125,0.3191265,0.032807756
2047,909974,3.342431,3.09375,0.6298142,0.06374181
2047,910692,-0.119759,2.5625,0.2947758,0.029714704
2047,910700,4.709995,2.515625,1.0100591,0.108931445
2047,910852,-0.203485,2.109375,0.50435,0.052839004
2047,910903,1.83747,2.234375,0.2839989,0.028614506
2047,910906,1.76215,2.015625,0.60659736,0.06128621
2047,910910,3.579123,4.40625,0.7943631,0.079570286
2047,910915,3.067642,2.53125,0.48324302,0.05400535
2047,910920,4.117717,3.234375,0.88256025,0.08845949
2047,917486,2.267368,1.9609375,0.5470458,0.057848305
2047,924100,2.90916,2.90625,0.45916054,0.04629713
2047,924102,1.906226,2.40625,0.5184399,0.053253457
2047,924106,2.704589,3.53125,0.76015514,0.07685118
2047,924187,4.19911,4.0625,0.9325219,0.093585126
2047,925340,1.511093,1.2890625,0.427709,0.057384264
2047,946360,2.552628,3.171875,0.47216618,0.047426406
2047,998189,0.619964,2.296875,0.2577019,0.026081322
2047,1240127,-0.630226,3.921875,0.9743166,0.097596
2047,1240129,1.838364,2.90625,0.72067565,0.07296525
2047,1240160,0.736622,3.390625,0.5650875,0.057040147
2047,1240168,3.900544,3.34375,0.9466059,0.095167905
2047,1240190,1.725843,1.6484375,0.626179,0.066693954
2047,1240197,1.861014,1.1171875,0.2564067,0.081840955
2047,1240199,6.314893,4.5,0.35872787,0.06683739
2047,1240201,2.65213,1.9453125,0.25417307,0.026391253
2047,1240209,2.019992,1.75,1.0260137,0.10618165
2047,1240218,4.051929,2.765625,0.44325727,0.045294285
2047,1240219,3.357714,2.953125,0.8608996,0.087305
2047,1290722,1.904565,2.21875,0.26378632,0.026728384
2047,1290922,3.879909,1.8125,0.31657368,0.032833166
2047,1298136,3.312811,2.0,0.54856884,0.06073187
2047,1298169,4.405403,3.75,0.81556463,0.08170289
2047,1298219,2.370361,3.5625,0.61774457,0.06208547
2047,1298349,2.975432,3.359375,0.42112303,0.042215645
2047,1298359,2.451489,2.609375,0.3890989,0.039760113
2047,1298365,3.655852,3.671875,1.1662843,0.11748268
2047,1299062,1.721177,2.65625,0.21808527,0.042398587
2047,1299064,2.656889,2.046875,0.6864782,0.06981632
2047,1303897,2.944419,3.703125,0.255511,0.02583199
2047,1327771,-0.638728,0.11035156,0.6927958,0.10143446
2047,1327775,-0.24197,1.9609375,0.8032912,0.08101696
2047,1330931,1.885053,0.78125,1.4193491,0.14809617
2047,1331036,1.732019,2.265625,0.22109869,0.022248393
2047,1331050,2.171,2.734375,0.5788741,0.058228124
2048,687448,1.982828,0.057617188,0.60504276,0.060570166
2048,687455,-3.450326,-3.328125,1.525995,0.15438522
2048,687457,-2.848164,-1.9296875,0.84026486,0.0842202
2048,687800,2.361168,0.7109375,2.0362031,0.2043473
2048,687816,0.255178,-2.078125,0.54999644,0.055104762
2048,687997,-2.529172,-1.578125,1.6251192,0.16321178
2048,688013,-4.971093,-5.125,0.28776622,0.029445928
2048,688015,-4.675656,-5.375,0.09907748,0.010203543
2048,688018,-3.486638,-3.59375,1.1608865,0.11732561
2048,688027,-4.726194,-4.28125,1.0133011,0.10196497
2048,688058,-3.17664,-2.234375,1.2194797,0.12228707
2048,724834,-2.851245,-2.046875,0.4094518,0.041018695
2048,724863,-3.506876,-3.609375,0.4324156,0.0433618
2048,724866,-2.682911,-0.31835938,0.963307,0.09651481
2048,724868,-5.096235,-4.78125,0.07677673,0.007867748
2048,735784,-2.68787,-3.09375,0.48335946,0.048470356
2048,749709,-4.083444,-2.671875,0.78073794,0.0789057
2048,749711,-5.633233,-1.234375,2.2114482,0.22229354
2048,749713,-5.178073,-3.078125,0.07079662,0.007125425
2048,749716,-3.448347,-1.7578125,0.34510404,0.03456861
2048,753540,-3.888245,-3.46875,1.3356038,0.13425414
2048,753555,-5.989575,-5.34375,0.06499021,0.0067120874
2048,753566,-0.148097,-0.01550293,2.4796238,0.24977858
2048,753575,-1.189632,-1.171875,0.7980417,0.07987622
2048,753624,-3.199171,-2.484375,0.48175663,0.048342373
2048,905934,0.591762,-1.3515625,0.7512471,0.07533362
2048,905939,-4.304242,-4.0,0.31184128,0.03126559
2048,905942,-3.940107,-3.765625,0.35085183,0.035536077
2048,905945,-2.216507,-1.765625,0.76312006,0.07662074
2048,905947,-4.991423,-3.375,1.2091521,0.121649474
2048,905950,-1.744672,-2.75,0.9372515,0.094212
2048,905956,-2.52075,-1.9296875,0.44985473,0.04505243
2048,905957,-4.567079,-5.15625,0.8517076,0.0876354
2048,905968,-3.638332,-3.609375,0.22029047,0.022171445
2048,905977,1.176751,-0.61328125,0.67629707,0.06774378
2048,905989,-5.058048,-4.375,0.35393533,0.035601854
2048,905991,-3.957837,-5.0,0.084471695,0.009152555
2048,906797,-1.850024,-3.953125,0.57659996,0.05870471
2048,906798,-3.136173,-4.0,0.22243206,0.022995545
2048,906801,-2.060507,-2.71875,0.6285396,0.06344503
2048,906818,-0.923743,-1.78125,0.81606984,0.081833914
2048,906820,-4.945455,-4.5625,0.29867065,0.029955471
2048,906835,-1.638143,0.421875,0.7477653,0.07483995
2048,906849,-2.432384,-3.0,0.43207708,0.043836866
2048,906851,-3.815448,-3.265625,0.18126428,0.018398745
2048,906863,-3.418352,-4.15625,0.18838312,0.01915897
2048,907047,-5.684151,-4.5625,0.11379679,0.011764577
2048,907060,-3.979375,-4.6875,0.09906766,0.010167823
2048,907063,-5.514195,-4.8125,0.21306014,0.021597473
2048,907071,-0.135302,0.19726562,0.47318098,0.04748704
2048,907173,-0.109557,-1.1640625,0.87567204,0.08769755
2048,907175,-6.278012,-5.15625,0.26916194,0.027202994
2048,907291,-5.04977,-4.96875,0.0855212,0.008711986
2048,907317,-5.133905,-4.84375,0.3449341,0.03537443
2048,907321,-3.120166,-4.25,0.27237704,0.027779669
2048,907789,-5.010373,-5.5,0.09897169,0.010242531
2048,908122,-3.470203,-2.890625,0.82967013,0.08333565
2048,908125,-0.853089,-2.203125,0.8310239,0.083483346
2048,908128,-2.718913,-1.8671875,0.5814361,0.058224913
2048,908442,-4.318317,-4.0,0.111232065,0.011224591
2048,908447,-3.261286,-3.5625,0.25962237,0.026070604
2048,908448,-5.839366,-5.28125,0.27905443,0.0284783
2048,908449,0.157896,1.2890625,4.5502653,0.4649693
2048,908454,-2.305068,-4.90625,0.102158785,0.010750557
2048,908455,-4.692251,-3.53125,0.23398575,0.023640227
2048,908472,-0.537831,-1.3828125,0.63148075,0.06330304
2048,908475,-3.298669,-2.4375,2.06233,0.20677173
2048,908481,-2.26659,-1.40625,0.43750525,0.043785382
2048,909255,-4.268937,-4.59375,1.0590684,0.11915533
2048,909260,-3.560966,-4.71875,0.35572597,0.03614145
2048,909704,-4.814322,-4.46875,0.17927843,0.018059157
2048,909715,-5.235903,-5.28125,0.04903502,0.006025873
2048,909724,-2.734338,-3.125,0.24846657,0.02490763
2048,909737,-1.88196,-2.703125,0.7664839,0.077143855
2048,909745,-2.785899,-3.125,0.5118095,0.052137688
2048,909749,-1.252772,-3.265625,1.182835,0.11891742
2048,909751,-5.429349,-4.46875,1.8774413,0.1893023
2048,909762,-4.528259,-5.375,0.13968247,0.014360037
2048,909770,-4.288663,-4.40625,0.453298,0.048470147
2048,909771,-3.733122,-4.34375,0.9033018,0.09138721
2048,909975,-1.176583,-0.71484375,0.75940067,0.07610453
2048,910689,2.617104,1.546875,1.5603427,0.15674956
2048,910697,-3.911865,-4.625,0.14975277,0.015759055
2048,910698,-3.814919,-4.40625,0.4088002,0.04177329
2048,910703,-4.632846,-3.28125,0.8100238,0.08116717
2048,910706,-6.780698,-6.09375,0.10852927,0.011979663
2048,910710,-5.94271,-6.0625,0.09916033,0.010694104
2048,910784,-1.924484,-1.3046875,0.8002716,0.08049818
2048,910852,-0.231771,-2.25,0.48265138,0.048369665
2048,910905,-2.315468,-1.265625,0.4686856,0.046934098
2048,910924,-5.300502,-4.28125,0.4649263,0.047128633
2048,924102,-2.348406,-1.6875,2.4079387,0.24120001
2048,924105,-6.06388,-4.8125,0.26141098,0.027241021
2048,924187,0.83753,-0.23242188,0.73550874,0.07361728
2048,924244,-2.782,-3.578125,1.25605,0.12698582
2048,924247,-5.152537,-5.53125,0.13610683,0.014043193
2048,925347,1.585143,0.203125,0.6245499,0.06250476
2048,930297,-0.316529,-1.40625,1.0443867,0.10467944
2048,949179,-3.148213,-3.390625,0.5279463,0.05363888
2048,998189,-2.7206,-2.09375,0.4401014,0.04407565
2048,1240155,-4.008088,-3.46875,0.71307,0.07163388
2048,1240157,-0.870953,-1.9765625,0.62923026,0.0630593
2048,1240169,-1.743669,-0.49414062,0.7968423,0.080808856
2048,1240179,-4.240951,-4.46875,0.13910137,0.014338585
2048,1240191,-2.929026,-3.484375,0.077764384,0.007831645
2048,1240219,1.266738,-0.045898438,0.9277841,0.09295573
2048,1290725,-1.18569,-1.0546875,1.4985396,0.1502217
2048,1290797,-2.44509,-2.90625,1.06673,0.10674346
2048,1290908,-1.322364,-2.421875,0.84067386,0.08422806
2048,1297449,-6.926295,-6.125,0.3063437,0.033717427
2048,1298347,0.433572,-2.234375,3.5297196,0.35710242
2048,1298357,-1.414739,-0.40820312,1.3328999,0.13361709
2048,1298475,-0.463344,-2.84375,0.27371973,0.027415344
2048,1298476,1.502929,-0.009643555,0.7423399,0.07477772
2048,1298534,-2.6335,-2.359375,1.0102589,0.1021365
2048,1299052,0.457159,-2.328125,0.79962695,0.08023089
2048,1299062,-1.338255,-1.28125,0.49702716,0.049791954
2048,1327765,-5.975849,-6.03125,0.13085577,0.014020792
2048,1330950,-5.70193,-4.84375,0.2537471,0.025895616
2048,1330991,-5.625321,-5.59375,0.09383045,0.009690662
2048,1331035,-5.499929,-5.40625,0.18495245,0.018874925
2048,1331048,-4.884563,-5.0,0.45352492,0.045765866
2048,1480360,-3.584275,-4.0625,0.10976681,0.011086559
2048,1480361,-1.031861,-1.4453125,0.33430442,0.033466853
2048,1503361,-4.540617,-4.4375,0.3877006,0.039791703
2048,1503363,-3.644616,-3.328125,0.26575685,0.026732104
2048,1503367,-4.182537,-2.5,0.78231895,0.07840132
2048,1674021,-4.6622,-3.5,0.1491435,0.014953311
2055,684052,0.047303,0.53515625,0.48108846,0.05001069
2055,687448,7.03379,2.59375,0.8998573,0.09147035
2055,687457,1.898549,2.53125,0.3857951,0.039159093
2055,687506,0.162006,1.6484375,0.725572,0.0730411
2055,687563,0.019208,0.953125,0.48130342,0.04827281
2055,687586,1.130593,1.8828125,1.308203,0.13225845
2055,687807,3.219563,3.890625,0.73974526,0.07411591
2055,687980,0.706716,1.4921875,0.9378076,0.09498597
2055,688023,0.650716,0.39648438,0.6510187,0.06579555
2055,688025,0.471272,1.0,1.3613106,0.13745184
2055,724828,2.235604,1.1015625,0.8261285,0.083365835
2055,724868,1.229678,1.1171875,0.8326227,0.08459374
2055,753575,4.154679,4.1875,0.8779568,0.0878855
2055,753586,2.413091,2.140625,0.5037992,0.050554264
2055,753612,3.927954,1.59375,4.7950616,0.49137723
2055,753621,3.016577,3.0,1.3211142,0.13538207
2055,905936,0.761484,0.8203125,0.5209769,0.052543785
2055,905938,0.873585,1.09375,0.8481487,0.08601191
2055,905944,3.178401,2.53125,0.8994561,0.091680296
2055,905948,2.066639,2.234375,0.69338816,0.070807375
2055,905955,5.340872,3.546875,2.8215656,0.28982747
2055,905959,2.61487,2.984375,0.7573019,0.07633937
2055,906696,1.12162,0.74609375,0.35391787,0.035694838
2055,906792,0.931518,0.47460938,0.72554356,0.073828526
2055,906793,0.277609,0.14160156,0.13334195,0.013607927
2055,906795,3.076265,2.859375,0.8264609,0.08323282
2055,906798,0.76681,1.0625,0.40752086,0.042414136
2055,906804,-0.335048,0.09375,0.5040226,0.05273096
2055,906814,2.808911,1.9140625,0.97831124,0.09864306
2055,906817,3.658827,3.390625,0.7357565,0.07375621
2055,906818,1.726062,1.4375,0.3245604,0.032943632
2055,906828,1.008831,0.8515625,0.620265,0.062525444
2055,906835,3.73183,3.3125,1.2851055,0.12882592
2055,906837,-0.110968,1.25,0.35251608,0.03902694
2055,906843,2.402514,2.15625,0.4237742,0.042763676
2055,906855,1.079627,0.70703125,0.5556111,0.055980977
2055,906865,2.787159,1.4765625,0.31159356,0.03137376
2055,907047,-0.069877,0.9765625,1.4401608,0.14920077
2055,907067,1.661752,1.609375,0.54567754,0.055797923
2055,907072,1.019859,0.6875,0.32786116,0.033294287
2055,907273,2.059271,1.4765625,0.44491893,0.045029055
2055,907274,2.300903,1.875,0.40633458,0.040888038
2055,907276,2.878919,3.375,1.5859541,0.1597939
2055,907317,0.855274,1.5546875,0.32592127,0.033037975
2055,907792,2.523133,3.25,1.9711971,0.19784583
2055,908122,1.824658,2.734375,1.1123335,0.11174327
2055,908123,1.547091,1.3359375,0.37396175,0.03755227
2055,908138,2.294214,2.03125,0.7004596,0.07043327
2055,908447,-0.898294,0.30859375,2.317471,0.24212565
2055,908460,3.767428,4.84375,2.1126258,0.21296202
2055,908463,4.317892,4.0625,1.3133926,0.13194135
2055,908471,1.476527,1.765625,1.1053158,0.11182501
2055,908473,2.050787,3.09375,0.5938448,0.059610173
2055,908474,2.855093,1.578125,0.89384496,0.09003919
2055,909248,1.176254,1.59375,0.49278942,0.04947217
2055,909250,3.766507,3.578125,0.69518274,0.06960406
2055,909262,0.757098,0.4375,0.30963907,0.03133774
2055,909707,1.942884,2.203125,0.6977893,0.0699209
2055,909738,3.177304,3.796875,2.7363691,0.2746139
2055,909748,5.956562,2.296875,0.6621926,0.0670441
2055,909759,-0.058348,0.33203125,0.32669777,0.03276648
2055,909761,2.31552,2.296875,1.6178577,0.16490597
2055,909776,2.105575,2.328125,0.6189183,0.062034514
2055,909777,-0.228512,0.84765625,0.72273076,0.073261745
2055,910079,3.950785,2.921875,2.0590816,0.20719823
2055,910549,1.847944,1.5078125,0.76151353,0.07689019
2055,910689,3.173883,6.59375,3.4123635,0.3460524
2055,910781,2.17481,2.765625,1.0940086,0.11151075
2055,910904,4.614043,2.671875,1.2275022,0.1238013
2055,910906,1.283875,1.078125,0.46381727,0.046681546
2055,910911,1.537067,2.640625,0.5906213,0.059537236
2055,910916,1.341695,1.015625,0.70192933,0.07115315
2055,910919,-0.198555,0.62890625,0.29159674,0.029311141
2055,910922,1.790121,1.6171875,0.9803249,0.09855788
2055,910930,-0.016362,-0.81640625,0.40493792,0.042145304
2055,910937,1.3743,0.8125,0.96471417,0.09944285
2055,910943,1.50045,2.21875,0.6251226,0.062790014
2055,917486,1.837228,3.328125,1.8160363,0.18270643
2055,924100,2.503751,1.7734375,0.5803247,0.058444455
2055,924106,-0.696287,-0.54296875,0.40854758,0.043514162
2055,924240,1.727695,2.765625,0.6700284,0.06722757
2055,925348,1.991963,3.0,0.6592819,0.066442214
2055,946353,1.962364,2.53125,0.73736876,0.07454749
2055,949093,7.935937,6.09375,2.4610078,0.24808046
2055,998184,0.318227,0.10058594,0.41552624,0.043660667
2055,998189,0.640868,1.390625,0.3102425,0.031162096
2055,1240142,1.073179,1.5859375,0.29853976,0.029974753
2055,1240157,1.795623,1.9140625,0.56779855,0.057040147
2055,1240185,1.0248,1.6640625,0.9026913,0.090571895
2055,1240187,1.646525,1.1171875,0.4352152,0.043740638
2055,1240221,1.386091,0.48828125,0.6782027,0.0689048
2055,1290722,0.615015,1.0234375,0.50101453,0.050232332
2055,1290807,2.294184,3.390625,1.7349669,0.17821352
2055,1290905,2.658924,3.953125,1.7622095,0.17677622
2055,1290908,2.797534,0.095703125,0.91953725,0.09302977
2055,1290922,0.954209,2.234375,0.7750191,0.07805212
2055,1295740,1.848923,0.03564453,0.6218463,0.06543926
2055,1298136,3.946615,3.390625,1.0363866,0.10408499
2055,1298146,2.619814,2.328125,1.2161576,0.12206375
2055,1298151,2.970531,3.21875,1.1665915,0.11746187
2055,1298168,0.91305,2.265625,1.1046844,0.11079543
2055,1298219,3.572074,3.4375,0.7941705,0.080036245
2055,1298350,2.40633,1.3515625,0.4296045,0.04507302
2055,1298359,1.874475,1.9609375,1.1926818,0.12006362
2055,1298526,2.506269,2.734375,0.82310593,0.08308463
2055,1299050,1.957035,3.703125,1.1378095,0.114027366
2055,1299052,3.287192,3.140625,2.4830742,0.2495191
2055,1299062,2.538021,3.4375,0.65490645,0.065927416
2055,1299070,0.496577,0.42382812,0.2394161,0.024324466
2055,1303897,0.361927,0.546875,0.78146875,0.083394706
2055,1327771,-0.649746,-0.12207031,0.22022441,0.02243411
2055,1330931,0.312042,0.625,0.7111939,0.07225668
2055,1330942,3.496198,2.453125,2.5902708,0.26725826
2055,1330947,-1.2484,-0.984375,0.35457617,0.03614145
2055,1330983,0.800699,1.0546875,0.601356,0.061370097
2055,1331033,1.001939,0.42578125,0.33568522,0.034236453
2055,1331040,0.123964,-0.74609375,0.28008255,0.02863967
2055,1480362,3.116371,2.4375,0.7565301,0.076720744
2055,1503363,2.750676,1.2109375,0.50381076,0.05071708
2055,1503364,3.290372,2.296875,1.9643711,0.19748987
2055,1659818,1.909725,0.5234375,0.43489107,0.045837298
2057,687457,4.29008,4.53125,0.5304271,0.053541515
2057,687561,5.372729,5.5,0.22841035,0.022998203
2057,687563,5.289184,5.84375,0.3613465,0.03618518
2057,687568,3.955548,5.4375,0.5659517,0.0573225
2057,687590,6.374743,5.34375,0.5789949,0.058112774
2057,687798,4.861562,4.3125,0.53106534,0.05348355
2057,687802,7.189174,5.8125,1.6633329,0.16679582
2057,687815,5.411474,5.21875,0.62176764,0.06276146
2057,687995,3.994528,3.78125,0.547062,0.06463534
2057,688086,4.244621,4.34375,0.5982188,0.061909366
2057,688121,5.151078,5.84375,0.28903294,0.029039996
2057,724859,5.636921,4.75,1.0268081,0.10328517
2057,749711,4.323504,3.140625,1.377297,0.13949972
2057,753566,4.940724,5.21875,0.67897403,0.06891743
2057,753575,7.469139,5.65625,0.866819,0.08690834
2057,753592,4.484107,5.5,0.20322996,0.020359484
2057,905939,4.273037,4.4375,0.3201275,0.032343365
2057,905964,3.987461,3.859375,0.4151474,0.04231539
2057,906790,4.405195,3.75,0.5732281,0.05795298
2057,906793,5.668832,5.28125,0.24315834,0.024365304
2057,906797,4.887546,5.09375,0.3352923,0.033660706
2057,906800,3.262337,4.0625,0.22661358,0.022861557
2057,906814,2.372001,3.046875,0.88162297,0.089572124
2057,906833,4.236609,5.15625,0.277538,0.02787332
2057,906837,4.331874,4.78125,0.33881208,0.035100956
2057,906855,3.621931,4.40625,0.40015972,0.040177863
2057,906875,4.532474,5.0625,0.22207206,0.02238035
2057,907047,6.682235,4.875,0.2004917,0.02011855
2057,907055,4.025685,4.15625,0.23679304,0.024247516
2057,907061,6.614063,5.40625,0.1529722,0.0153718665
2057,907062,2.769092,3.328125,0.9959637,0.104809046
2057,907277,3.478862,3.328125,0.25277284,0.02590307
2057,907278,3.602925,3.96875,0.34404874,0.034601144
2057,907312,5.077485,4.09375,0.20039727,0.02018651
2057,908127,4.564713,4.34375,0.46727073,0.04709139
2057,908134,4.192721,4.46875,0.53744626,0.055869266
2057,908459,7.638259,6.03125,0.49902087,0.04996367
2057,909250,5.538797,5.5,0.6489141,0.06513044
2057,909703,3.591079,3.296875,0.90468,0.09244482
2057,909728,5.511589,5.8125,0.21164326,0.02121312
2057,909974,7.883982,5.71875,1.128115,0.11304102
2057,909976,4.554627,4.4375,0.29200497,0.029352177
2057,910700,3.378569,4.71875,0.9107905,0.09172564
2057,910710,5.274565,3.578125,0.51958346,0.052789226
2057,910781,4.527275,4.09375,0.43890443,0.04429049
2057,910916,3.672937,4.3125,0.73429114,0.079014204
2057,910933,5.096739,4.625,0.7003295,0.070671275
2057,910941,3.003535,4.375,0.24328586,0.024604524
2057,925347,6.309938,5.53125,0.37038922,0.037184156
2057,946361,5.702689,5.03125,0.31301326,0.031406313
2057,1240146,5.244639,5.8125,0.46121764,0.04627646
2057,1240155,4.708554,3.8125,0.6563029,0.06614199
2057,1240168,6.229147,5.0625,0.39540246,0.03985831
2057,1240179,4.323133,3.9375,0.31349003,0.031715848
2057,1240210,4.504448,3.796875,0.65430117,0.066245124
2057,1240212,4.203321,3.828125,0.36768118,0.04024534
2057,1247871,5.65043,3.671875,0.5621946,0.057176407
2057,1290798,5.130008,4.28125,0.53065413,0.053887904
2057,1290905,4.748886,4.625,0.6897543,0.07039139
2057,1298348,5.062975,5.65625,0.64562166,0.06503505
2057,1298357,7.777783,6.21875,1.3570769,0.13750704
2057,1299052,5.771774,4.84375,1.0215193,0.10290015
2057,1299081,6.978981,5.40625,0.33729517,0.033793982
2057,1303900,3.114172,3.3125,0.6863376,0.0697313
2057,1330931,3.75656,4.1875,0.31582928,0.032555718
2057,1331033,4.21166,3.671875,0.39495692,0.040638603
2057,1503363,6.402447,5.40625,0.85200363,0.085824415
2096,687448,2.927525,1.625,0.37914354,0.04991012
2096,687459,5.863113,4.375,0.30172154,0.030226327
2096,687563,3.58277,2.609375,0.1753668,0.017612202
2096,687588,5.449667,3.65625,0.50891346,0.0509671
2096,687590,3.619962,3.078125,0.30226576,0.030365141
2096,687596,3.307874,3.75,0.42149365,0.042405322
2096,687777,3.389237,4.09375,0.5443344,0.054763995
2096,687794,1.025805,0.6171875,0.12951097,0.013820809
2096,687800,5.966824,5.125,0.5546648,0.05550548
2096,687980,2.728326,3.8125,0.59432477,0.059672926
2096,687997,5.209497,4.84375,0.41211212,0.04187023
2096,688015,2.068124,2.671875,0.5013436,0.050468717
2096,688018,2.845818,2.84375,1.3387593,0.14315057
2096,688121,5.307155,4.28125,0.27946007,0.027987603
2096,713880,2.932562,2.9375,0.22653502,0.022729483
2096,713899,2.679275,3.609375,0.25267217,0.025329221
2096,724825,0.739129,0.12109375,0.41494486,0.06325156
2096,724831,2.46241,2.328125,0.15048477,0.015643375
2096,724866,3.607722,2.703125,0.4962325,0.05061063
2096,724868,1.133082,1.3671875,0.30147153,0.031047191
2096,749710,4.071066,2.796875,0.25718114,0.026081087
2096,749714,3.565846,3.703125,0.17830782,0.017869398
2096,753551,3.595418,4.09375,0.4567365,0.045808848
2096,753554,1.031448,0.8359375,0.2057504,0.028522976
2096,753555,1.603149,1.5234375,0.14846115,0.01506915
2096,753569,1.574746,1.6015625,0.19899021,0.021235311
2096,753586,4.833765,3.640625,0.44503266,0.044588324
2096,753592,2.19614,2.5625,0.18693063,0.018838808
2096,753604,-0.248438,0.58984375,0.25337872,0.029400611
2096,905934,5.666097,4.71875,0.3814104,0.03820537
2096,905936,-0.082059,0.084472656,0.37182412,0.042614684
2096,905937,2.24557,2.5,0.17345546,0.017427584
2096,905947,2.971844,2.9375,0.33272827,0.033420663
2096,905950,2.62374,2.515625,0.33174843,0.03335264
2096,905956,2.413762,1.765625,0.2702858,0.02744751
2096,905960,1.897285,2.25,0.20632514,0.020743089
2096,905963,1.963509,2.125,0.19331408,0.019704232
2096,905972,2.409869,3.34375,0.31985408,0.032027423
2096,905982,3.223418,3.734375,0.4533019,0.045416825
2096,905990,3.055809,3.5,0.57653505,0.05795298
2096,905991,4.885029,2.59375,0.16996022,0.017056704
2096,906693,3.219486,2.140625,0.28961083,0.02934508
2096,906790,-1.495232,0.52734375,0.6030647,0.06583509
2096,906793,0.3295,0.18847656,0.13985907,0.02109925
2096,906794,2.735003,3.421875,0.40632537,0.04077761
2096,906801,3.369576,2.234375,0.31283194,0.031413775
2096,906824,2.591161,3.015625,0.18320598,0.018522004
2096,906825,2.196189,2.59375,0.2035694,0.020417197
2096,906828,2.899422,2.109375,0.4115581,0.04187857
2096,906833,3.821067,3.21875,0.16715099,0.016741585
2096,906834,2.27706,2.140625,0.24170557,0.024308445
2096,906836,1.593593,1.2890625,0.32135275,0.032499757
2096,906839,1.738899,3.109375,0.75192225,0.07558281
2096,906843,3.019051,2.609375,1.3037804,0.13095734
2096,906844,-1.659474,-1.6796875,0.23818193,0.06632498
2096,906851,4.103608,4.34375,0.24852772,0.02493613
2096,906865,1.119862,0.36914062,0.22229823,0.032236997
2096,906872,2.87802,2.671875,0.4171438,0.04234106
2096,907056,3.313726,3.953125,0.567087,0.056952916
2096,907061,2.673338,2.453125,0.18679681,0.018742334
2096,907067,-0.243366,-0.23632812,0.15709317,0.028480178
2096,907270,1.419716,1.2734375,0.39934388,0.0413279
2096,907271,2.773553,2.296875,0.39729956,0.04027345
2096,907276,3.216277,2.359375,0.9613303,0.10043825
2096,907286,2.905332,3.078125,0.27071324,0.027282393
2096,907299,2.316976,1.4921875,0.4854404,0.049077705
2096,907313,2.702239,2.546875,0.5151441,0.051676728
2096,907321,3.139042,3.609375,0.8558224,0.08593947
2096,907795,-0.153943,-0.40820312,0.083635375,0.024507198
2096,908121,4.335438,3.34375,0.44924468,0.045015864
2096,908129,4.000765,4.40625,0.73425627,0.07351075
2096,908130,4.89239,3.703125,0.34485528,0.03456503
2096,908133,2.018148,2.578125,0.47002757,0.047170572
2096,908135,2.384163,1.734375,0.120111324,0.012040608
2096,908138,4.351977,3.15625,0.5579818,0.05590482
2096,908447,2.542551,1.9765625,0.24505548,0.024758633
2096,908448,2.365311,0.95703125,0.57437015,0.060737766
2096,908451,2.054706,0.92578125,0.20191431,0.021930821
2096,908455,3.022705,2.5625,0.16832727,0.016907519
2096,908467,3.630884,2.671875,0.5563006,0.05579472
2096,908470,5.92009,3.609375,1.0163413,0.105910525
2096,908473,1.612621,1.1484375,0.13544977,0.025412986
2096,909264,2.292071,1.9453125,0.2925367,0.029817855
2096,909702,2.235657,2.265625,0.40946653,0.041441012
2096,909704,2.278247,1.8828125,0.46264845,0.046713714
2096,909707,3.774971,4.125,0.5331732,0.053365458
2096,909717,3.027222,2.8125,0.1668147,0.016725047
2096,909720,3.096747,2.9375,0.41326222,0.041405205
2096,909722,0.244894,-0.12890625,0.1645994,0.020467535
2096,909727,5.672215,2.40625,0.47388044,0.047694366
2096,909743,4.181814,3.46875,0.26380867,0.026413422
2096,909744,1.420089,2.140625,0.41712707,0.041898046
2096,909749,4.266045,2.78125,0.42629537,0.043006144
2096,909759,2.556665,1.6015625,0.2585361,0.026010608
2096,909771,1.421461,1.5703125,0.4349685,0.04464306
2096,909778,2.828393,1.859375,0.6893841,0.07081263
2096,909781,5.809386,5.71875,0.3115068,0.032024413
2096,910079,4.87857,3.390625,0.43394634,0.043575767
2096,910399,2.088222,2.0,0.17212838,0.017434046
2096,910689,2.134016,2.65625,0.1687351,0.043138616
2096,910692,2.328791,2.875,0.17614469,0.017657695
2096,910697,2.374253,2.703125,0.21836902,0.022035938
2096,910701,2.787568,2.953125,0.5409301,0.055274993
2096,910710,1.872882,1.734375,0.28448114,0.028605413
2096,910779,4.680117,3.90625,0.7104229,0.07177599
2096,910780,2.996492,2.5,0.67922014,0.06812307
2096,910784,3.437573,3.140625,0.37750772,0.037894245
2096,910910,4.861233,4.46875,0.6932111,0.06941804
2096,910915,3.424495,2.4375,0.37751973,0.042474583
2096,910922,2.895625,2.390625,0.3490171,0.03503436
2096,910927,2.497296,2.703125,0.39113712,0.039193287
2096,910935,0.830107,0.92578125,0.4503408,0.045343958
2096,910951,2.169555,1.234375,0.7335408,0.073600106
2096,911905,4.575678,4.125,0.5591351,0.060035978
2096,924187,3.949609,3.984375,0.8015481,0.080407366
2096,924240,2.395403,3.265625,0.38457608,0.038594913
2096,924247,1.902554,1.875,0.07525215,0.007602933
2096,924250,3.148791,3.25,0.51118356,0.0513385
2096,925341,3.756127,4.125,0.24711826,0.024784975
2096,925347,6.157722,4.28125,0.40071964,0.040293537
2096,930301,4.062325,3.890625,1.8078825,0.18297096
2096,946361,2.264508,1.34375,0.14666454,0.015929895
2096,949179,3.022471,3.234375,0.92758334,0.09318356
2096,998189,2.127554,1.921875,0.12651274,0.012895266
2096,1240121,2.97844,2.828125,0.2907913,0.02915509
2096,1240122,2.748549,2.796875,0.60202765,0.060768902
2096,1240127,4.901605,3.875,0.61901194,0.06198775
2096,1240144,2.57422,3.453125,0.3928694,0.03943166
2096,1240158,3.528255,2.59375,0.33664858,0.034580097
2096,1240160,3.254165,3.640625,0.46932736,0.047184262
2096,1240172,4.05221,4.09375,0.4410352,0.044187814
2096,1240174,3.999245,3.296875,0.4097458,0.041304186
2096,1240178,3.948315,3.3125,0.25553015,0.025771815
2096,1240190,2.045682,1.515625,0.33856753,0.035195183
2096,1240199,6.755981,4.84375,0.3094733,0.044878855
2096,1240201,1.991893,1.9140625,0.15325217,0.015729059
2096,1240210,2.896946,2.546875,0.39804572,0.03999283
2096,1240218,3.933588,2.703125,0.2831282,0.028700132
2096,1240221,3.18403,3.140625,0.23437436,0.023488194
2096,1240222,2.812816,2.515625,0.5622014,0.056748822
2096,1247871,2.242324,2.3125,0.2777608,0.027840115
2096,1290722,2.285814,2.296875,0.15523686,0.015624032
2096,1290769,-0.572185,0.78125,0.39409164,0.07831674
2096,1295740,2.358063,3.015625,0.15885577,0.0159141
2096,1298136,2.499771,1.9296875,0.47824726,0.05207478
2096,1298169,4.527854,3.890625,0.48222378,0.048268724
2096,1298218,3.613953,2.703125,0.3845593,0.040406868
2096,1298350,2.507513,3.296875,0.39356205,0.039422587
2096,1298362,1.620896,2.359375,0.21458705,0.02189922
2096,1298476,2.69531,3.203125,0.19231315,0.025903698
2096,1298526,4.428734,3.140625,0.27225363,0.028407192
2096,1299075,4.684637,3.765625,0.6797746,0.06872476
2096,1299081,2.665464,1.7109375,0.38134944,0.03887041
2096,1303900,3.36792,3.96875,0.4407232,0.044146657
2096,1327765,2.684485,2.78125,0.33282217,0.033374768
2096,1327768,2.459948,3.078125,0.35026786,0.03566142
2096,1327771,-1.449512,0.0040283203,0.2960214,0.03669913
2096,1330931,1.899129,1.1640625,0.6385445,0.06494136
2096,1330942,2.814812,2.75,0.28446695,0.029087996
2096,1330985,0.881374,1.1484375,0.18318313,0.018532675
2096,1330994,2.294203,2.75,0.29254103,0.02938821
2096,1331036,2.014721,2.203125,0.1299719,0.013040784
2096,1659818,2.371604,2.28125,0.54372066,0.0546545
2096,1659929,2.766533,2.140625,0.4702673,0.047577035
2106,687448,3.086416,4.375,1.6554623,0.16720335
2106,687561,1.639045,1.7421875,0.25293988,0.025673982
2106,687562,1.782917,2.609375,0.24296086,0.024468567
2106,687777,3.448443,3.03125,0.8615068,0.09013104
2106,687787,5.690897,4.3125,1.140325,0.117332324
2106,687821,6.088772,5.6875,1.1442546,0.118810035
2106,687997,3.950591,5.28125,0.22832343,0.02368037
2106,688031,1.706098,2.984375,0.5373207,0.054138117
2106,688058,3.628956,3.8125,0.3922086,0.039459035
2106,724859,5.432353,4.46875,0.79564446,0.08641852
2106,724868,4.831306,3.0,0.22592457,0.023056246
2106,749710,3.698,3.515625,0.3705318,0.037970502
2106,749711,4.900801,3.578125,0.53596294,0.056231882
2106,749712,1.109644,1.6953125,0.38579497,0.040254198
2106,753539,3.873956,4.15625,0.4427985,0.045873962
2106,753555,1.005349,1.8359375,0.09664129,0.010255208
2106,753566,4.026765,4.78125,0.85365534,0.09109813
2106,753574,4.071244,4.84375,2.096864,0.21084581
2106,753575,2.88492,3.15625,0.6200029,0.06277257
2106,753608,2.133269,3.390625,0.29915258,0.030127635
2106,753612,2.54064,3.765625,0.7491499,0.08222363
2106,905937,1.479595,1.609375,0.27684486,0.028100392
2106,905940,4.422004,3.890625,1.4166167,0.14342624
2106,905946,1.706687,2.015625,1.7166586,0.19005069
2106,905957,1.699128,1.46875,0.24973038,0.025817707
2106,905989,-0.506316,1.8125,8.038054,1.0184929
2106,906696,3.653933,4.15625,0.44261658,0.04457588
2106,906790,0.221981,1.0078125,0.25485072,0.042778183
2106,906795,5.595714,3.265625,0.6585536,0.06690847
2106,906797,3.83491,4.375,0.2840497,0.028727138
2106,906808,5.592303,4.09375,0.18789597,0.020740306
2106,906818,2.37701,4.34375,0.69821364,0.07063841
2106,906821,5.557093,4.1875,0.64332956,0.064585224
2106,906828,4.555071,4.1875,0.48747656,0.049812842
2106,906832,2.70476,3.078125,0.770806,0.07968772
2106,906843,2.723081,3.828125,1.833146,0.18498544
2106,906846,1.590288,1.734375,0.16249737,0.016317563
2106,906870,2.378599,1.4140625,0.9743236,0.099999845
2106,906871,1.759591,2.015625,0.34520614,0.0376853
2106,907048,-0.368948,0.62109375,0.27009672,0.042761844
2106,907056,1.965304,1.9453125,0.290041,0.030303018
2106,907067,-0.147249,1.9765625,0.9461038,0.102268785
2106,907068,4.728501,4.59375,0.29404712,0.03031041
2106,907270,1.49548,1.71875,0.53600174,0.054247305
2106,907285,5.673785,4.25,0.6207189,0.063515596
2106,907298,2.484369,2.65625,0.516858,0.05259348
2106,907299,0.892491,0.5390625,0.3002184,0.039968867
2106,907319,2.174613,3.484375,0.5411071,0.054588746
2106,907788,-3.694794,-2.125,0.40581644,0.85938734
2106,908122,-0.059214,-0.16210938,0.8361868,0.29427847
2106,908123,2.222639,2.953125,0.6759757,0.077473424
2106,908147,0.648913,0.42382812,0.5288767,0.069365434
2106,908158,-0.086328,0.14941406,0.16560431,0.022306142
2106,908159,1.209139,1.0390625,0.19932021,0.020882089
2106,908443,0.641176,2.015625,0.38719666,0.04074618
2106,908451,3.362681,3.140625,0.5305248,0.053328056
2106,908461,1.428319,1.0703125,1.1788422,0.14029723
2106,908473,3.460932,3.25,0.49852803,0.059936345
2106,909255,0.861166,0.1953125,0.35286546,0.050229114
2106,909260,0.828143,0.984375,0.12107461,0.012492202
2106,909707,2.109148,2.5625,0.46647543,0.047348335
2106,909723,2.856417,4.96875,2.1645124,0.2201356
2106,909735,2.872532,3.828125,0.40215802,0.040783394
2106,909737,3.367891,2.453125,0.13850091,0.014552732
2106,909747,4.553439,4.1875,1.6777625,0.19822751
2106,909757,0.215136,1.296875,0.44362986,0.051700205
2106,909776,4.313661,3.984375,0.37724018,0.038057286
2106,909907,2.978849,3.734375,0.41148472,0.06949501
2106,910692,1.860457,2.34375,0.353734,0.03593906
2106,910703,0.515427,1.875,0.5107489,0.052507475
2106,910704,-0.246203,1.46875,0.28377065,0.032522894
2106,910706,1.388844,2.828125,0.21910448,0.022389213
2106,910710,1.72357,2.765625,0.64273804,0.064859636
2106,910779,5.795977,5.46875,0.28018704,0.028495632
2106,910852,4.665413,3.5625,0.99163353,0.100960046
2106,910900,5.293637,4.5,0.5617978,0.05713606
2106,910924,-0.038896,1.171875,0.47704268,0.057205122
2106,910930,2.102859,3.109375,0.36457628,0.03738882
2106,910934,-0.39882,0.5703125,0.20825467,0.022313844
2106,910937,0.25217,1.2734375,0.26827475,0.032511447
2106,910952,0.61331,1.25,0.561867,0.093177415
2106,924110,3.520591,3.703125,0.46038613,0.047501598
2106,930083,7.938362,5.46875,1.9766822,0.20709015
2106,946353,3.361785,3.90625,0.34758475,0.036635254
2106,1240121,2.924024,2.0625,0.29137212,0.032257706
2106,1240129,6.240031,3.65625,0.7342369,0.07380508
2106,1240172,4.08978,3.71875,0.39869168,0.04024409
2106,1240174,1.561912,2.46875,0.79997396,0.09917644
2106,1240184,5.715154,5.34375,0.40765736,0.040854022
2106,1240189,2.565061,2.546875,0.4760791,0.047990877
2106,1240196,3.528155,4.96875,1.1530626,0.117093466
2106,1295741,1.065617,1.4296875,0.30708426,0.031155577
2106,1298157,4.034041,3.359375,0.68339986,0.06872985
2106,1298168,1.532868,1.9921875,1.7175245,0.17402972
2106,1298218,3.710441,5.09375,0.66902125,0.067660935
2106,1298226,2.849149,3.890625,0.42987525,0.043719247
2106,1298350,0.09964,1.6015625,0.30430442,0.032125544
2106,1298357,5.926779,5.4375,2.649353,0.2796933
2106,1299052,2.358534,1.0078125,1.7640786,0.38139957
2106,1299062,5.568201,6.34375,0.32879603,0.034398716
2106,1299075,1.953078,0.84375,0.5184864,0.11575404
2106,1303897,4.106224,4.90625,0.13312307,0.013478128
2106,1330947,1.097402,1.5546875,0.1792898,0.019909728
2106,1331040,2.048798,3.0,0.15264896,0.01552473
2106,1331048,1.536961,2.296875,0.87934196,0.089478455
2106,1331050,-3.812284,-1.6328125,0.89005655,0.17687847
2106,1480362,6.166437,3.765625,0.7451348,0.07647701
2106,1503366,1.421424,2.984375,0.4012516,0.046172053
2107,687457,5.733316,5.96875,0.07565082,0.007567929
2107,687780,5.454553,5.59375,0.22711639,0.022727607
2107,687787,5.786839,5.09375,0.17971344,0.01798003
2107,687800,6.957233,6.46875,0.20609373,0.020626852
2107,687819,4.663428,6.3125,0.089623615,0.008967586
2107,687821,4.980766,6.75,3.348462,0.33722338
2107,687829,5.621838,5.9375,0.096225746,0.009631262
2107,687985,5.255772,4.375,0.45137691,0.045411795
2107,688023,3.761262,4.46875,0.17053846,0.01718272
2107,688058,5.546021,6.1875,0.115677826,0.0115789
2107,688087,3.917622,5.03125,0.33828515,0.033889253
2107,722046,4.948018,3.9375,0.5097092,0.051923722
2107,722058,4.813932,4.5,0.2157828,0.021662893
2107,724812,4.510815,5.15625,0.1882442,0.018836854
2107,724831,4.490705,5.53125,0.056848664,0.0057109273
2107,724834,6.224639,6.09375,0.11641354,0.011644012
2107,724859,5.154285,5.34375,0.40051964,0.04006704
2107,724863,4.183929,5.21875,1.0149189,0.10167412
2107,724866,5.217015,6.46875,0.12053382,0.012056312
2107,724878,6.450414,6.6875,0.09597529,0.009602784
2107,749711,5.036825,4.3125,0.42328247,0.042453542
2107,749717,6.195995,5.75,0.27751672,0.027780065
2107,753540,3.967195,4.5,0.98092675,0.09820639
2107,753556,5.769147,5.65625,0.17340207,0.017452296
2107,753572,5.177986,5.0,0.06445704,0.0064615216
2107,753574,6.891669,6.8125,0.054011773,0.005403481
2107,753575,5.99911,6.75,0.12030738,0.012044684
2107,753576,6.583792,6.4375,0.11598541,0.011603488
2107,753605,2.927999,3.921875,0.47850335,0.048314586
2107,753620,4.990357,4.21875,0.4390707,0.044238873
2107,753622,4.26213,4.21875,0.5015677,0.050325003
2107,905939,5.674572,5.28125,1.2260976,0.122996084
2107,905943,4.243471,4.40625,0.1428396,0.014440989
2107,905949,4.604724,4.375,0.24729888,0.02480309
2107,905963,5.157741,4.75,1.9153899,0.19298643
2107,905977,4.766041,4.96875,0.96097505,0.09633333
2107,905984,4.734736,4.78125,0.073147155,0.0073926565
2107,905989,4.706997,4.65625,1.0950541,0.109587386
2107,906696,5.258231,4.6875,0.53005326,0.053226575
2107,906790,3.295695,4.6875,0.38897336,0.038981576
2107,906792,4.994949,4.84375,0.08698884,0.008708968
2107,906820,2.719511,3.609375,3.964373,0.3989211
2107,906825,3.869951,4.75,0.21765268,0.021790499
2107,906828,5.66881,5.34375,0.096915536,0.009704284
2107,906831,2.931277,4.03125,0.30021393,0.030167893
2107,906844,3.016561,2.625,1.6003735,0.16229604
2107,906868,5.617206,5.625,0.19242524,0.019299481
2107,906875,5.315709,5.28125,0.3122288,0.03133789
2107,907051,5.429995,5.84375,0.09719697,0.009729038
2107,907055,3.862582,4.40625,0.18535267,0.018671028
2107,907056,5.422255,5.53125,0.46403477,0.0464361
2107,907064,6.090024,5.84375,0.07792176,0.007793955
2107,907066,5.235933,6.4375,0.14047554,0.014063839
2107,907071,5.737482,5.78125,0.12616602,0.012627992
2107,907269,3.352311,3.9375,0.3467183,0.034987856
2107,907273,4.864646,4.15625,0.32794684,0.032949794
2107,907277,4.196969,3.984375,0.21505019,0.021644032
2107,907285,6.637892,6.65625,0.2195551,0.021967534
2107,907290,6.16382,6.46875,0.2818137,0.02819198
2107,907299,6.364477,5.28125,0.27472752,0.027513647
2107,907312,5.237708,4.28125,0.6240239,0.06256541
2107,907318,4.891681,4.78125,0.1656603,0.016599733
2107,907789,4.410396,4.40625,0.15727,0.015822504
2107,907790,3.653817,4.6875,0.81072795,0.08144445
2107,907791,4.268889,5.28125,0.12800759,0.012817575
2107,907795,4.727623,4.53125,1.2233183,0.12271729
2107,907799,3.249231,3.8125,0.26515883,0.026633697
2107,908124,3.665302,2.296875,1.5835915,0.16215914
2107,908448,4.44809,4.0625,1.2561871,0.12592697
2107,908449,6.098065,7.71875,1.3606595,0.14000338
2107,908451,4.657479,4.3125,0.32853267,0.032966956
2107,908452,5.417973,4.90625,0.96744865,0.096801266
2107,908459,5.865971,5.28125,0.41608968,0.041627858
2107,908465,6.133159,6.21875,0.17431468,0.017442983
2107,908483,4.996641,4.40625,0.14544137,0.014685247
2107,909260,4.948766,4.5625,0.3740209,0.03752754
2107,909702,4.525528,3.734375,0.5194119,0.052629877
2107,909704,5.402853,5.09375,0.38698158,0.03877689
2107,909715,3.482642,3.203125,0.20782545,0.02163015
2107,909717,5.500672,5.8125,0.26330993,0.02635793
2107,909720,5.300853,5.5625,0.06609652,0.0066215196
2107,909722,3.231617,3.546875,0.63496464,0.06405741
2107,909723,3.818131,4.75,2.7014077,0.27113587
2107,909725,5.052307,5.71875,0.5831106,0.058363706
2107,909728,4.058051,5.03125,0.2674525,0.026755964
2107,909736,5.949826,6.21875,0.13667794,0.013708251
2107,909748,5.893379,5.8125,0.32006374,0.03202624
2107,909753,5.67122,6.96875,0.11830318,0.011834771
2107,909757,6.028741,5.875,0.44175732,0.044223845
2107,909761,5.523144,4.90625,0.39284152,0.039354686
2107,909778,4.099232,5.15625,0.25805837,0.025841922
2107,909781,7.42529,7.96875,0.060643073,0.0060739163
2107,909904,7.03332,6.75,0.31885082,0.03191387
2107,909907,6.73636,7.125,0.20165,0.02018696
2107,910079,6.051427,5.65625,0.22286826,0.022317993
2107,910546,5.430409,5.34375,0.84515125,0.08457454
2107,910567,3.843949,4.78125,0.4790716,0.04799872
2107,910692,5.567061,4.90625,0.21238941,0.021253876
2107,910697,3.546105,4.4375,0.7962583,0.08014054
2107,910701,4.752617,4.71875,0.20443612,0.020497017
2107,910710,3.367902,3.1875,1.2625982,0.1271846
2107,910780,4.861785,4.96875,0.07667454,0.007717018
2107,910861,3.788194,4.0625,1.1611135,0.11639628
2107,910899,4.240086,4.625,0.47297087,0.047363225
2107,910900,5.14558,5.46875,0.071989335,0.007205433
2107,910921,4.082964,4.15625,1.4475523,0.14524074
2107,910922,4.885655,5.21875,0.5107266,0.051106397
2107,910931,3.202807,4.21875,0.34158364,0.034242187
2107,910934,4.583876,3.890625,0.6442669,0.06566922
2107,910935,3.421028,4.25,0.12317253,0.012361229
2107,910937,3.506017,4.75,0.06941985,0.0070399614
2107,910943,6.298543,6.375,0.24264912,0.024328297
2107,910951,4.46717,3.671875,0.40071338,0.040355813
2107,917486,5.522819,5.59375,0.15721601,0.015728306
2107,924102,6.174513,6.09375,0.52739537,0.05277227
2107,924105,5.337973,5.4375,0.17685412,0.01781495
2107,924106,5.206062,4.90625,0.23784864,0.024120554
2107,925340,5.966719,5.5,1.1205463,0.11225582
2107,925341,5.876198,5.8125,0.0796027,0.007965211
2107,925347,6.515953,6.53125,0.104556784,0.010460425
2107,930297,5.727977,6.0,0.09841509,0.0098437555
2107,949090,5.240597,5.96875,0.40771648,0.040816054
2107,1240121,4.77428,4.875,0.13700917,0.013718914
2107,1240150,5.36636,4.34375,0.5190962,0.05204522
2107,1240154,4.988126,4.65625,0.1493207,0.01496245
2107,1240168,5.123761,5.34375,0.24038811,0.024094231
2107,1240183,5.546329,5.875,0.15865374,0.015871346
2107,1240184,5.409094,5.9375,0.18658483,0.018662484
2107,1240189,4.329104,4.28125,0.1586945,0.015975289
2107,1240199,7.863366,7.90625,0.11817051,0.012075265
2107,1240209,5.686167,5.15625,0.5496442,0.055154625
2107,1240224,5.077742,6.125,0.6569164,0.06585284
2107,1290806,5.874374,5.625,0.33634487,0.03365074
2107,1295741,3.677338,3.59375,0.6215938,0.06253684
2107,1297439,5.155351,5.46875,0.15808165,0.015857974
2107,1298157,5.351792,5.46875,0.24344236,0.024361353
2107,1298218,5.34916,6.4375,0.08037563,0.008040233
2107,1298349,4.489565,4.78125,0.12474702,0.012509391
2107,1298356,3.275972,6.15625,0.25524518,0.02556251
2107,1298537,4.652231,5.3125,0.29877958,0.029910496
2107,1299050,3.145788,5.625,0.19618644,0.01962755
2107,1303896,3.372162,4.09375,0.3378943,0.03393956
2107,1327775,4.373637,4.59375,0.15885045,0.015981508
2107,1330983,4.534378,3.59375,0.84836686,0.08563448
2107,1330984,2.822358,3.328125,1.1457639,0.115153246
2107,1330991,3.070033,3.828125,0.67782795,0.06813489
2107,1330994,3.349899,3.125,0.9415213,0.09474202
2107,1331037,3.522994,3.515625,0.1599085,0.016412232
2107,1331048,4.230821,4.46875,0.29262212,0.029400611
2107,1480361,5.083709,4.53125,0.54220146,0.054291368
2107,1480372,6.451681,6.25,0.11453092,0.011457976
2107,1503365,7.643525,7.40625,0.13573629,0.013593833
2107,1660034,5.061812,5.53125,0.18658704,0.018671028
2107,1660036,4.606537,4.875,0.13327795,0.013339829
2109,687452,2.265386,2.453125,0.21921895,0.022306878
2109,687459,4.668879,2.953125,0.44038552,0.044228204
2109,687505,2.498234,2.375,0.37914738,0.038484335
2109,687506,1.290904,2.140625,0.46111423,0.04640949
2109,687588,2.882185,2.828125,0.5760285,0.057902064
2109,687794,2.948786,2.140625,0.4661138,0.04748269
2109,687812,2.358987,2.703125,0.65820444,0.066151835
2109,687815,1.878129,2.15625,0.53653276,0.05637521
2109,687820,3.53354,4.3125,0.9809218,0.09850162
2109,687980,1.739728,2.640625,0.7107396,0.072077066
2109,688023,1.108488,1.53125,0.33546442,0.034792405
2109,722046,1.989728,1.7578125,0.6902143,0.07688742
2109,724825,2.085935,1.7421875,1.2496214,0.13309643
2109,749709,3.026601,2.953125,0.44106218,0.044314824
2109,749716,3.273623,3.046875,2.7273803,0.27530283
2109,753539,1.997324,2.078125,0.3244902,0.033581328
2109,753556,2.69462,1.890625,0.26864854,0.027642258
2109,753569,2.887421,3.203125,0.64478636,0.06498136
2109,753572,2.925707,2.296875,0.38465226,0.03880504
2109,753605,4.430012,3.15625,1.3364849,0.13592342
2109,753612,3.974602,3.96875,1.7613654,0.1826785
2109,753614,4.205544,2.6875,0.57375216,0.058414772
2109,753618,1.014999,1.6015625,0.23597491,0.024395637
2109,753620,1.925623,1.8515625,0.8303145,0.08551035
2109,753621,3.094686,2.9375,0.9634234,0.09798225
2109,905940,2.752922,2.203125,0.7007096,0.071123645
2109,905965,1.503232,1.2734375,0.4363526,0.044476807
2109,905968,0.480568,1.3203125,0.34698322,0.038906194
2109,905970,2.540344,3.84375,1.171745,0.11750033
2109,905974,1.629048,1.96875,0.2805065,0.028942022
2109,905985,2.736372,2.609375,0.3767765,0.03785037
2109,906791,1.179311,2.953125,0.87471026,0.08852708
2109,906792,1.196638,2.109375,0.3727236,0.038013987
2109,906797,1.910122,2.6875,0.8003635,0.08076585
2109,906800,1.157417,1.7265625,0.09708387,0.00994135
2109,906808,4.344461,3.5625,0.8960715,0.09079525
2109,906814,0.533409,2.421875,1.0783412,0.108848184
2109,906826,4.039684,3.15625,1.031111,0.10516276
2109,906827,2.326975,2.3125,0.67100364,0.06788557
2109,906828,2.727603,2.640625,0.4344094,0.044516403
2109,906832,1.70176,2.078125,0.23613007,0.024340315
2109,906835,3.575273,3.828125,1.3733083,0.13850674
2109,906839,2.726197,2.53125,0.4406097,0.044393934
2109,906843,2.391657,2.296875,2.5748205,0.26014125
2109,906848,2.091719,1.84375,0.61132735,0.063136935
2109,906849,4.467902,3.203125,0.6521234,0.06663729
2109,907047,1.355957,1.8671875,0.21377446,0.021777056
2109,907062,3.986627,2.375,0.33766386,0.034149367
2109,907066,4.186383,3.890625,1.9912312,0.20124483
2109,907176,0.519602,3.046875,1.0736828,0.107631765
2109,907270,1.281119,1.453125,0.5552588,0.05636005
2109,907273,1.82385,1.890625,0.40963364,0.04197749
2109,907277,1.677387,1.625,0.14180638,0.0144541245
2109,907278,1.694088,2.328125,0.59911066,0.060457136
2109,907282,3.205539,3.28125,0.9302655,0.09350977
2109,907286,2.912826,3.4375,0.5613808,0.056665994
2109,907287,1.680575,2.609375,1.1035743,0.11300557
2109,907291,1.583191,2.515625,0.16605875,0.01708641
2109,907788,1.229011,2.21875,0.617115,0.06494136
2109,907789,1.939357,1.984375,0.16714203,0.017127994
2109,908121,2.479255,2.578125,0.58592284,0.05927793
2109,908126,2.042674,1.9296875,0.93548733,0.09671286
2109,908128,2.982815,3.140625,1.5073247,0.15127064
2109,908129,2.41669,3.4375,1.0443754,0.104901575
2109,908138,2.397205,2.375,0.4206392,0.042402286
2109,908451,1.913555,2.25,0.6409009,0.06544749
2109,908452,2.900715,2.484375,1.0321289,0.10367148
2109,908457,2.38234,2.796875,0.7771015,0.079356015
2109,908462,2.863457,2.296875,0.548238,0.055389997
2109,908470,3.180343,4.09375,1.0798948,0.111421086
2109,908474,2.453627,2.015625,1.5185308,0.15413441
2109,909248,2.077695,2.734375,0.9902639,0.09960924
2109,909249,1.984335,1.671875,0.23773958,0.02423246
2109,909257,1.869022,2.0,0.1633248,0.01699859
2109,909260,2.067888,1.9765625,0.34550533,0.0349809
2109,909696,1.723788,2.359375,0.12823948,0.013010681
2109,909702,1.85292,1.6015625,0.3567496,0.037725106
2109,909703,1.688097,2.078125,0.15059415,0.015495199
2109,909713,1.337683,2.234375,0.813527,0.08224703
2109,909715,1.031042,1.7265625,0.29756862,0.032020196
2109,909718,2.728077,2.015625,2.0262463,0.30412275
2109,909719,2.116337,2.984375,1.0560833,0.10705302
2109,909723,6.130743,3.171875,1.8442122,0.18632586
2109,909728,2.992111,2.671875,0.53115505,0.053359
2109,909731,2.061852,2.234375,0.21540792,0.02173713
2109,909738,4.34885,3.5625,1.1762878,0.11802332
2109,909743,1.763573,2.453125,0.29257736,0.02942994
2109,909745,2.43815,2.34375,0.58529127,0.059305165
2109,909749,2.39176,2.640625,0.34258598,0.03449433
2109,909759,1.995957,2.078125,0.2845818,0.028694365
2109,909771,2.62492,2.265625,0.89173496,0.09059949
2109,909774,2.949974,3.0,1.0358078,0.10431613
2109,909778,4.096703,3.171875,1.8265263,0.18515126
2109,909785,1.737379,1.84375,0.24937874,0.025500072
2109,909974,2.754055,3.34375,0.89975715,0.09047321
2109,910548,4.796997,3.109375,1.2928197,0.12989344
2109,910691,4.23283,2.6875,0.58715576,0.059381537
2109,910781,2.17968,2.6875,0.94510096,0.09561605
2109,910906,1.801996,1.96875,0.27080837,0.027794456
2109,910921,1.30329,1.75,0.43488517,0.044102296
2109,910922,1.406308,2.078125,0.7111992,0.07157965
2109,910926,1.495904,1.8671875,0.3450923,0.034981303
2109,910931,2.616648,1.8515625,0.17832442,0.018041115
2109,910951,1.145311,1.8671875,0.3204143,0.032859825
2109,924100,2.929431,2.84375,1.8650674,0.1901037
2109,924104,1.911311,1.828125,0.12306944,0.012575863
2109,924106,1.271128,2.03125,0.4411827,0.046500433
2109,924248,4.407521,2.140625,0.40834716,0.041598048
2109,946359,5.051128,4.4375,1.3272388,0.13520491
2109,949090,1.057423,1.8671875,0.45899564,0.046453718
2109,998184,1.745829,1.9296875,0.19319957,0.020300094
2109,1240142,1.722229,1.9375,0.49570617,0.05079783
2109,1240143,4.08579,2.703125,0.5699458,0.05737469
2109,1240146,2.749142,3.203125,1.1657102,0.11717654
2109,1240155,3.971161,2.40625,0.96502304,0.0979075
2109,1240179,2.088077,2.890625,0.34831238,0.035338424
2109,1240185,2.122005,2.53125,1.2067047,0.12152714
2109,1240187,2.756964,2.578125,0.32512176,0.032715872
2109,1240197,5.32689,3.640625,1.3719712,0.13932362
2109,1240207,3.77009,2.453125,0.3554758,0.03615266
2109,1240212,3.281417,3.1875,0.2814406,0.029095981
2109,1240219,4.665657,3.703125,1.6893486,0.16992916
2109,1240220,2.586224,2.828125,0.8552988,0.0866999
2109,1240221,3.935288,2.40625,0.2881418,0.029463764
2109,1240222,1.574326,1.9765625,0.3763711,0.038277753
2109,1290797,2.214209,2.03125,0.7364199,0.07419849
2109,1290806,2.170066,2.671875,0.85346514,0.08599147
2109,1290908,2.653664,2.390625,0.57189155,0.057744015
2109,1295741,1.351101,1.6953125,0.5647563,0.057350975
2109,1297446,1.921434,1.890625,0.108536996,0.010965792
2109,1298146,2.958342,3.1875,1.1494666,0.11606191
2109,1298157,3.280443,2.625,1.0306882,0.10362119
2109,1298349,2.47206,2.671875,0.909652,0.09169693
2109,1298534,4.354703,3.625,1.0123692,0.10416647
2109,1327771,1.26729,1.6484375,0.67611843,0.07187799
2109,1330950,1.913264,2.015625,0.1139744,0.01205242
2109,1330964,2.541355,2.390625,1.3054463,0.13250582
2109,1330972,2.050133,1.8515625,0.24428451,0.024885098
2109,1330983,1.627151,2.046875,0.8431961,0.087261945
2109,1330995,3.044425,2.28125,0.37747836,0.03843177
2109,1331038,1.821035,2.609375,0.76568073,0.078091584
2109,1331048,1.870731,1.7421875,0.2582547,0.026549842
2109,1480361,2.84269,2.265625,0.75628525,0.07620004
2109,1659819,1.46086,1.3515625,1.8126268,0.18990263
2109,1659929,3.737428,2.953125,0.88158387,0.08858857
2109,1660034,3.478701,2.359375,0.63449895,0.06377948
2109,1660036,4.500837,3.375,0.9182151,0.092473365
2110,684052,2.434773,4.09375,0.30535245,0.03058363
2110,687452,2.975912,4.5625,0.4011799,0.040177707
2110,687455,4.704753,4.71875,0.4850534,0.048598047
2110,687505,4.15017,4.03125,0.54403543,0.054528963
2110,687568,4.680368,5.0,0.57920253,0.058024246
2110,687787,4.96842,4.59375,0.5943219,0.0594826
2110,687799,5.594707,4.3125,0.5200925,0.05224767
2110,687802,6.472816,6.0,1.268353,0.12694982
2110,687812,5.633992,5.34375,0.6635733,0.06651031
2110,687815,4.968478,4.28125,0.58473736,0.05879706
2110,687997,5.978868,5.78125,0.24140762,0.024224302
2110,688058,4.537066,5.21875,0.45038155,0.04510952
2110,713899,4.886281,4.59375,0.3081829,0.030893918
2110,724834,5.314543,5.71875,0.8079575,0.08086012
2110,724855,4.475722,4.78125,0.8089636,0.08100263
2110,724859,5.716178,4.8125,0.79040116,0.07912098
2110,749711,5.322236,4.34375,0.5286546,0.05315777
2110,753574,5.503609,5.9375,0.353827,0.035404656
2110,753586,5.042582,5.28125,0.37343714,0.037387002
2110,753592,4.699871,4.59375,0.31346872,0.031406783
2110,753605,4.380983,3.84375,0.63425153,0.06468716
2110,753608,3.997692,3.671875,0.6329229,0.06351132
2110,753615,5.552305,4.90625,0.52214736,0.05225145
2110,753618,3.370688,3.546875,0.26737082,0.026980784
2110,753620,3.578459,4.4375,0.57987523,0.058105495
2110,905935,5.156234,6.1875,0.12647992,0.012662654
2110,905938,4.331192,4.34375,0.40584546,0.040657416
2110,905946,4.964841,5.25,0.40184182,0.04022529
2110,905948,5.478992,4.84375,0.34199983,0.034242187
2110,905962,4.245218,6.0,0.5171083,0.051933523
2110,906792,5.165346,3.578125,0.42966005,0.0431293
2110,906801,5.209558,4.46875,0.325389,0.0326051
2110,906804,5.046355,3.484375,0.3240927,0.032479458
2110,906805,6.341203,4.59375,1.124663,0.11269511
2110,906818,4.659257,4.53125,0.81090724,0.08119725
2110,906824,4.150967,4.53125,0.48398548,0.0487759
2110,906825,4.399038,3.6875,1.0321697,0.10366148
2110,906833,3.34566,4.1875,0.27900925,0.02795425
2110,906834,3.365939,3.328125,0.44197503,0.04432833
2110,906843,4.524978,4.75,0.5932762,0.0594826
2110,906844,3.532268,3.203125,0.4046074,0.04061451
2110,906846,1.981154,3.921875,0.4920045,0.049307007
2110,906852,5.659049,4.59375,1.1950096,0.11995513
2110,906855,3.409232,4.40625,0.39898556,0.0399324
2110,907055,4.763013,3.734375,0.3284421,0.033063255
2110,907062,5.000254,4.9375,0.27639169,0.027680311
2110,907175,2.572024,3.671875,0.530515,0.05336375
2110,907269,3.070615,2.921875,0.4931352,0.049489588
2110,907270,2.317524,2.4375,1.2781988,0.12922505
2110,907271,4.221935,4.46875,1.1146775,0.11162362
2110,907274,3.845884,4.3125,0.22569714,0.02261285
2110,907281,4.027788,3.546875,0.24205971,0.024426602
2110,907286,4.890462,5.21875,0.33430362,0.03348675
2110,907290,6.141484,5.28125,0.4805323,0.048084974
2110,907295,4.755388,4.9375,0.48697174,0.048784606
2110,907299,6.122421,3.0625,0.4180129,0.041910484
2110,907321,3.882275,3.96875,0.50643617,0.0509417
2110,907322,4.741992,4.28125,0.29731527,0.029792016
2110,907323,4.786205,4.09375,0.5590765,0.05609516
2110,907790,1.82408,3.359375,1.3306581,0.1342052
2110,907794,6.18119,4.46875,0.7418641,0.074380204
2110,908124,4.256157,2.5625,0.67142683,0.067836106
2110,908147,3.658926,2.875,0.13756971,0.014022286
2110,908152,4.749559,4.59375,0.5981108,0.05991196
2110,908444,4.195574,4.96875,0.26523042,0.026550176
2110,908458,5.507275,5.1875,0.7139874,0.071463205
2110,908468,4.464663,4.71875,0.35117757,0.035428002
2110,909248,4.177853,4.90625,0.5111279,0.051142585
2110,909249,4.428433,4.25,0.19925006,0.019991834
2110,909250,4.970181,4.84375,0.7905805,0.07919999
2110,909251,3.30911,3.71875,0.18509094,0.018586352
2110,909255,4.447084,3.828125,0.5867333,0.058918234
2110,909263,5.905626,5.53125,0.40505752,0.04055271
2110,909264,5.89083,5.15625,0.19133413,0.019160168
2110,909696,4.150751,4.21875,0.13731292,0.013798298
2110,909709,5.791605,4.96875,0.3239284,0.032488726
2110,909712,2.818574,3.359375,0.69570196,0.07006408
2110,909726,2.398103,3.484375,0.96850836,0.09706058
2110,909736,5.349284,5.1875,0.5477335,0.05487169
2110,909737,6.26293,5.0,0.41962385,0.042121865
2110,909742,1.308745,3.53125,0.70265883,0.07056849
2110,909759,3.867115,3.875,0.7278033,0.07287594
2110,910079,5.042782,4.75,0.880522,0.08823134
2110,910546,3.762715,5.21875,0.56767017,0.05680452
2110,910689,6.816632,7.78125,0.9152423,0.09562305
2110,910691,4.744364,4.75,0.3649002,0.036544334
2110,910692,4.524181,4.21875,0.46048045,0.04612571
2110,910704,2.153544,3.515625,0.6459526,0.0654789
2110,910706,-1.793932,3.171875,0.1773189,0.01808471
2110,910851,3.565325,3.96875,0.43164364,0.04329213
2110,910905,5.125921,5.21875,1.0963055,0.109698586
2110,910907,3.499497,5.65625,0.43810603,0.043861393
2110,910916,4.048806,4.15625,0.50643617,0.0509417
2110,910922,3.932711,4.5625,0.93206185,0.09329034
2110,910925,2.380857,3.359375,0.54178625,0.054943275
2110,910926,2.42713,3.890625,0.66719854,0.066894144
2110,910934,4.09024,3.03125,0.67672527,0.06805859
2110,910935,0.877302,3.203125,0.50291085,0.050494544
2110,910937,3.527913,3.875,0.24342683,0.024926813
2110,910943,6.225007,5.96875,0.4223968,0.042291805
2110,910947,2.832865,3.75,0.20463413,0.020541186
2110,910952,4.77571,3.078125,1.883434,0.19135526
2110,911905,6.021478,6.40625,0.9344938,0.094249554
2110,924189,4.242894,3.75,1.2050769,0.121477075
2110,924250,2.756601,4.90625,1.7249807,0.172789
2110,946354,2.420803,2.65625,0.837456,0.08624581
2110,946361,5.416173,4.3125,0.5401835,0.054135337
2110,946382,5.263454,4.0625,0.2754149,0.02770874
2110,998184,3.292541,4.0,0.4305007,0.043273687
2110,1240125,4.108664,3.046875,1.3032081,0.1310414
2110,1240128,3.509633,4.78125,0.4060408,0.040657416
2110,1240145,4.198742,4.4375,0.29168501,0.029254843
2110,1240168,5.128598,4.625,0.59217256,0.059637655
2110,1240178,4.560197,5.375,1.0562096,0.10584969
2110,1240186,4.476673,5.1875,0.328045,0.032880127
2110,1240190,4.167017,4.8125,0.62103444,0.062149934
2110,1240197,5.927615,5.78125,0.35248384,0.035284445
2110,1240199,8.009838,7.3125,0.44792193,0.046676885
2110,1240210,3.495028,3.96875,0.14559524,0.014608356
2110,1240222,4.4191,3.4375,1.5554929,0.15626237
2110,1290722,5.215928,4.8125,0.277508,0.027766975
2110,1290765,5.465448,4.71875,0.6041531,0.060659725
2110,1290797,4.052789,3.84375,0.9149409,0.09173309
2110,1297439,4.081493,4.375,0.45154473,0.045529228
2110,1297446,4.281741,3.90625,0.10842243,0.010902193
2110,1297447,4.171701,4.65625,0.24341187,0.024430852
2110,1298144,4.60187,3.265625,0.7081261,0.07114753
2110,1298146,5.569971,5.28125,0.3395241,0.033987146
2110,1298168,5.556371,4.71875,0.5812751,0.05815934
2110,1298169,5.928987,5.03125,0.39500612,0.039580975
2110,1298226,5.288341,4.75,0.45373464,0.045419887
2110,1298353,4.751419,4.90625,0.4044722,0.04051984
2110,1298356,4.496835,5.78125,0.4303905,0.04318341
2110,1298476,7.772411,7.28125,0.830703,0.092247695
2110,1299062,5.991146,6.09375,0.51257944,0.051710777
2110,1299075,4.521031,5.09375,0.5251623,0.052544985
2110,1299081,3.79303,3.703125,0.39633873,0.039696675
2110,1303897,3.468319,5.53125,0.14430664,0.014466078
2110,1322212,4.77797,4.21875,0.3842787,0.03858334
2110,1327766,2.988884,4.4375,0.27487993,0.027586134
2110,1327775,4.99704,4.5,0.20360379,0.02048402
2110,1330948,3.585964,3.390625,0.6979275,0.07004193
2110,1330972,4.669383,3.921875,0.70450556,0.07070208
2110,1330982,2.761776,2.09375,0.99091125,0.10025068
2110,1330994,3.147458,2.203125,1.2963548,0.13081706
2110,1330995,4.835527,4.96875,0.28973952,0.02901447
2110,1331033,3.185551,2.96875,0.29271248,0.029785296
2110,1331036,3.07496,2.0,1.5905385,0.16193569
2110,1331050,4.163739,2.578125,0.87772185,0.08862377
2110,1503371,5.23143,4.3125,0.739764,0.07431552
2110,1659818,3.914971,3.609375,0.18306477,0.018836224
2111,684052,2.528478,3.796875,0.28805697,0.029068254
2111,684072,3.296582,2.3125,0.8257052,0.083450325
2111,687457,4.385723,5.4375,0.3580138,0.035833705
2111,687459,5.179401,6.0,0.45369518,0.045503814
2111,687592,3.94206,3.71875,0.6230831,0.062401056
2111,687812,4.909501,4.84375,0.5024931,0.050372623
2111,687829,5.668692,5.28125,0.20279244,0.020323161
2111,688018,3.941837,4.75,3.9813864,0.40799534
2111,717431,3.796575,4.3125,1.5153996,0.15215304
2111,722066,5.26828,4.5625,0.56811905,0.056920487
2111,724828,5.335317,4.75,1.2358326,0.123819456
2111,724859,4.450616,4.84375,0.56395453,0.056616593
2111,724872,3.87396,3.703125,0.49043834,0.049261745
2111,749710,2.006569,4.5,0.9798716,0.0984506
2111,749716,3.317785,3.953125,0.46011743,0.04611139
2111,753541,3.857248,3.828125,0.9868988,0.099235564
2111,753572,5.097564,4.34375,0.5345541,0.05359505
2111,753605,3.953726,2.578125,1.0055797,0.102497324
2111,753608,3.06356,3.046875,0.44143027,0.044222284
2111,905938,4.864558,3.375,1.1904641,0.11927394
2111,905940,3.609971,4.3125,1.5587621,0.15625872
2111,905941,7.63114,7.21875,0.5827581,0.05853474
2111,905945,5.301539,5.125,0.36187807,0.036207628
2111,905947,1.975708,3.640625,0.54004365,0.054164223
2111,905955,4.789622,5.625,0.4807964,0.04818376
2111,905959,5.896909,6.65625,0.5054117,0.05103153
2111,905965,1.885002,0.8515625,0.530806,0.054136775
2111,905968,2.187031,2.640625,0.67189246,0.06797549
2111,905977,5.98551,5.59375,0.44752234,0.044927716
2111,905983,5.377526,5.40625,0.29194978,0.029238436
2111,906696,5.2214,3.328125,1.0663733,0.107495144
2111,906793,3.581187,3.484375,0.33116204,0.033165496
2111,906794,4.171632,4.46875,0.42041397,0.042234123
2111,906798,4.682732,4.65625,0.65924066,0.06631208
2111,906808,5.283524,3.953125,1.2283242,0.12768824
2111,906818,4.182149,3.9375,0.75881696,0.07638777
2111,906824,3.366212,4.53125,0.41016555,0.041193195
2111,906833,4.607281,3.875,0.44864872,0.04504638
2111,906839,5.737695,5.4375,1.5456496,0.15534315
2111,906843,4.243827,5.1875,0.7553118,0.07560845
2111,906851,6.063619,5.28125,0.5022613,0.05042933
2111,906852,4.498961,5.375,0.69235295,0.06939491
2111,906856,0.301982,0.609375,1.2516814,0.13192658
2111,906863,4.273403,4.21875,0.28125387,0.028198859
2111,906999,4.637942,3.75,0.6281222,0.062905714
2111,907042,1.575715,2.453125,0.5942443,0.059753004
2111,907063,1.938748,3.203125,3.6512022,0.36889106
2111,907169,4.52147,3.921875,0.9675927,0.0970941
2111,907173,5.065633,5.28125,1.0440799,0.1045217
2111,907290,5.514353,5.65625,0.784813,0.07859812
2111,907317,3.601179,2.953125,0.3875039,0.038951676
2111,907318,2.596343,3.453125,0.70948195,0.07140681
2111,907319,3.391932,4.09375,0.3135399,0.031388137
2111,908120,6.812524,5.53125,3.6827857,0.36996686
2111,908122,4.262705,3.828125,0.5734395,0.057384264
2111,908126,1.081039,3.484375,0.71893793,0.07212032
2111,908133,2.353482,2.3125,1.2314771,0.12399508
2111,908134,4.661705,3.734375,0.8243433,0.08505387
2111,908148,2.003976,1.5625,0.68169004,0.068873025
2111,908159,1.486649,2.015625,0.7806537,0.078799486
2111,908468,4.841862,3.640625,0.53149116,0.053442992
2111,908470,5.983275,5.9375,2.0734885,0.21187964
2111,908473,7.047267,5.78125,0.8810195,0.08840682
2111,908474,2.314803,4.0625,0.5229099,0.052419312
2111,908480,5.545821,3.578125,0.81951034,0.082303956
2111,909250,5.930337,5.4375,0.77670485,0.07781893
2111,909255,3.825447,3.390625,1.2867166,0.12938312
2111,909257,2.575393,3.5,0.42419496,0.042566292
2111,909263,6.291313,5.0,0.82880914,0.08309742
2111,909709,5.666683,5.1875,0.42971528,0.04304868
2111,909725,5.53041,4.40625,0.63606805,0.06368054
2111,909732,3.507568,3.734375,0.6580452,0.065966
2111,909748,4.359665,4.46875,1.129714,0.11324863
2111,909757,4.644122,4.25,1.1882445,0.11919884
2111,909771,2.153307,2.765625,0.89383906,0.09025113
2111,909778,4.617311,4.75,0.4095749,0.041031025
2111,909781,7.487361,7.34375,0.25480363,0.026073003
2111,910554,4.156128,3.640625,0.8131376,0.08164273
2111,910691,4.320138,4.46875,0.52724636,0.05292502
2111,910779,6.001752,5.75,0.32869178,0.032918103
2111,910851,2.66372,2.171875,0.6195912,0.062473338
2111,910915,5.926004,6.125,1.2712705,0.12738569
2111,910918,1.034346,1.5625,0.33586267,0.03390211
2111,910919,1.874025,1.7109375,0.29750633,0.029895809
2111,910925,3.679431,2.765625,0.37598446,0.037776273
2111,910934,2.2374,1.78125,0.57402,0.05784955
2111,910941,4.393322,2.359375,0.90363884,0.09195081
2111,910943,5.59912,6.03125,1.2839226,0.1292222
2111,911905,7.073824,6.84375,2.479963,0.25749907
2111,917486,2.503301,4.59375,0.5382994,0.05391006
2111,924100,6.000604,4.59375,0.9741663,0.09774336
2111,924187,6.55148,5.90625,1.4287876,0.1433017
2111,924189,2.235488,2.46875,1.148977,0.11536255
2111,930301,3.49871,5.28125,3.393481,0.33982262
2111,946354,1.96508,1.359375,0.17498969,0.017905971
2111,1240123,2.838281,2.96875,0.71578544,0.072154336
2111,1240128,2.736014,3.53125,0.63290125,0.06353067
2111,1240129,4.24583,5.375,0.7752062,0.07762902
2111,1240150,3.894554,2.984375,0.6739092,0.06753687
2111,1240151,3.680162,5.53125,0.5473722,0.054880213
2111,1240155,5.139677,3.765625,1.352703,0.13558215
2111,1240160,6.080352,5.34375,0.8105486,0.08120977
2111,1240168,4.773658,4.28125,0.40945825,0.041067027
2111,1240178,5.212886,4.6875,1.1882985,0.11939186
2111,1240190,5.856628,4.59375,0.6855679,0.06862693
2111,1240192,3.986163,5.40625,0.19250226,0.01931684
2111,1240212,5.333406,4.84375,0.35390478,0.035905804
2111,1240217,3.591928,3.453125,0.8719786,0.08749961
2111,1240219,6.167165,4.84375,1.7846693,0.1789952
2111,1247871,2.146364,2.796875,0.6253573,0.06288151
2111,1290730,3.310031,4.78125,0.35054925,0.035196744
2111,1290769,2.526469,3.8125,2.5372093,0.25462678
2111,1290797,3.760295,3.21875,1.9384016,0.19472876
2111,1290798,5.830439,5.65625,0.41031432,0.041341506
2111,1290908,6.179551,3.984375,1.6888201,0.16920479
2111,1295740,2.179715,1.875,0.6741488,0.068842694
2111,1297439,2.929364,4.40625,0.8950288,0.090427235
2111,1297447,1.265994,4.15625,0.6288319,0.06353263
2111,1298144,4.537201,3.53125,0.47178414,0.04737534
2111,1298218,3.901796,6.03125,0.27846488,0.027914826
2111,1298351,3.599902,2.359375,0.3135859,0.031418525
2111,1298358,1.930658,4.21875,1.915738,0.19201545
2111,1298526,6.852718,6.90625,0.19281095,0.019384429
2111,1298538,5.5433,3.609375,0.79780185,0.08024976
2111,1299070,2.925764,4.15625,0.92081827,0.09254543
2111,1303897,2.899532,4.34375,1.4450032,0.15656689
2111,1303901,1.881736,3.28125,0.5402616,0.054720473
2111,1322212,3.167685,3.328125,1.1892141,0.11943355
2111,1327771,-0.273466,1.125,0.82774824,0.08427459
2111,1330935,1.807422,3.09375,1.3804553,0.13902554
2111,1330950,2.446758,2.046875,0.6912302,0.069645375
2111,1330964,3.647605,5.5,1.0221876,0.10267293
2111,1330975,4.556965,5.125,0.14413495,0.014610666
2111,1330982,0.450219,1.828125,1.0102497,0.10206833
2111,1330995,4.733817,3.828125,0.76924986,0.07708149
2111,1331040,1.323416,0.67578125,0.32887247,0.033676412
2111,1331048,1.049804,2.296875,0.30508524,0.030833602
2111,1479995,5.832367,3.640625,1.5281012,0.15362906
2111,1503365,7.063189,6.875,1.0357839,0.10482892
2111,1503366,4.507343,4.3125,0.63635904,0.06381285
2111,1659817,2.745034,2.75,0.6377267,0.06400036
2148,687452,2.331053,0.8203125,0.22067183,0.026262758
2148,687455,1.920495,2.09375,0.99223757,0.10247674
2148,687457,1.763877,2.15625,0.25169995,0.027950712
2148,687777,1.597874,1.6953125,1.0343523,0.11597883
2148,687798,1.281538,2.390625,0.7609445,0.07851252
2148,687983,0.571015,1.265625,0.4767848,0.049291123
2148,687985,0.481165,0.77734375,0.18827893,0.02478487
2148,688025,0.253841,0.20507812,0.38000104,0.04545207
2148,688031,0.849417,0.36914062,0.10191153,0.01204084
2148,688121,2.180939,2.546875,0.5022995,0.055130336
2148,724825,0.640173,0.58203125,0.39114267,0.04343551
2148,724838,1.593227,3.0,3.2580209,0.36784396
2148,724869,3.971433,1.9609375,1.1864069,0.12986073
2148,749717,0.602561,1.5703125,0.80187243,0.10931974
2148,753600,0.95946,1.6875,0.19949575,0.02028915
2148,753621,2.966947,2.125,2.1589382,0.26607934
2148,905934,1.957286,2.3125,2.2898517,0.2520303
2148,905940,1.823919,0.43945312,0.2605732,0.027188446
2148,905941,0.932887,2.453125,1.7127553,0.26965925
2148,905944,0.296773,2.359375,1.2251625,0.1310039
2148,905945,1.053848,1.125,0.26999062,0.027941195
2148,905946,0.606979,1.0390625,1.671486,0.17872828
2148,905947,1.598771,1.5859375,0.16458802,0.016965752
2148,905957,1.281776,0.61328125,0.10134676,0.012281922
2148,905968,1.307405,1.296875,0.3162804,0.034109764
2148,905974,0.885675,0.25976562,0.2270395,0.027589204
2148,905977,1.655909,2.40625,1.7451148,0.19101533
2148,905983,0.991483,2.328125,0.59721595,0.06201002
2148,905984,1.102584,1.4296875,0.09830369,0.011180145
2148,905986,3.385255,2.203125,0.43404263,0.04466028
2148,905990,2.426684,2.328125,1.0560704,0.10929221
2148,906805,3.034033,0.6953125,1.3801761,0.16508338
2148,906828,0.949614,1.90625,0.74655765,0.07982775
2148,906839,3.185636,1.5859375,0.25033906,0.025487486
2148,906863,1.867139,1.7265625,0.2611078,0.027758311
2148,906868,0.804263,1.921875,1.235304,0.14102659
2148,906870,-0.417439,-0.30664062,0.09542393,0.016017463
2148,906875,0.050489,0.99609375,0.5375773,0.057367753
2148,906999,2.696591,1.84375,0.6426271,0.06474833
2148,907000,1.538131,1.375,0.21648102,0.026838144
2148,907042,1.603741,1.171875,0.21422045,0.02357797
2148,907169,0.543806,0.70703125,0.19196463,0.01997938
2148,907173,2.712041,1.8984375,0.91117233,0.09257431
2148,907287,1.994782,0.47460938,0.19523777,0.024277342
2148,907295,1.192143,2.375,1.6310413,0.17191093
2148,907311,-0.583787,0.18359375,0.20608525,0.022748072
2148,907313,0.424363,1.2109375,0.4984217,0.052890632
2148,907317,0.031954,1.3515625,0.16397414,0.018719854
2148,908125,2.290049,1.84375,0.33194068,0.036237147
2148,908147,-0.388442,0.05419922,0.01995898,0.0062793805
2148,908152,4.015851,1.8828125,2.3972874,0.24496707
2148,908457,0.98794,1.3125,0.23984656,0.028337855
2148,908467,0.457682,0.93359375,0.26295203,0.03500749
2148,908474,0.550524,1.7265625,0.25812557,0.027342884
2148,909248,3.028128,1.1875,0.2799973,0.028574523
2148,909249,0.401665,0.7265625,0.048161916,0.00616342
2148,909251,-0.247006,-0.66015625,0.04236201,0.0056615
2148,909262,-0.103728,0.4375,0.14466685,0.018576266
2148,909264,2.129426,0.78125,0.21062416,0.02454594
2148,909728,2.937434,2.453125,0.5815638,0.05885851
2148,909747,3.001185,2.203125,1.2265403,0.21797213
2148,909749,1.668621,1.8671875,0.39647382,0.041658767
2148,909785,-1.179008,-0.578125,0.11981644,0.018075602
2148,910546,5.068956,1.5234375,0.7128375,0.07294171
2148,910549,1.189909,1.5390625,0.4943993,0.053972352
2148,910702,6.458297,3.84375,1.1874068,0.21971166
2148,910703,0.06051,0.8203125,0.10708551,0.011235142
2148,910704,0.955899,0.41601562,0.34883133,0.038081054
2148,910710,-0.67089,-0.48242188,0.17835814,0.020878533
2148,910916,4.568518,2.1875,0.5891232,0.08031551
2148,910920,0.421911,1.625,1.0157251,0.10393496
2148,910943,3.325652,2.125,1.9376544,0.20390674
2148,910947,-1.06403,0.44335938,0.12857008,0.015498082
2148,910951,0.262698,0.24902344,0.06020244,0.007377103
2148,911905,2.259993,2.953125,1.8480371,0.20721488
2148,924240,1.290144,1.140625,0.081485845,0.011248418
2148,946359,1.509933,1.6328125,1.6423237,0.30388716
2148,946360,1.642414,1.765625,0.7765543,0.092193075
2148,949093,1.095462,3.234375,1.176926,0.18427831
2148,1240123,0.980186,-0.15039062,0.14538938,0.035282377
2148,1240155,0.596457,0.8515625,0.31923476,0.035561617
2148,1240159,2.931457,2.375,2.625542,0.28816876
2148,1240168,4.290669,1.7890625,0.265739,0.027342884
2148,1240169,1.145669,2.625,1.8025213,0.19896564
2148,1240184,1.012476,0.84765625,0.4192729,0.049079917
2148,1240186,0.843809,2.234375,1.465746,0.14923033
2148,1240199,1.818192,2.578125,0.5954319,0.40862623
2148,1240201,0.161395,2.046875,0.77824676,0.08258461
2148,1240209,2.196606,1.6484375,0.5538883,0.05744606
2148,1240210,-0.471792,-0.375,0.032010227,0.0062685837
2148,1240222,1.851788,1.59375,0.18029,0.018410845
2148,1290807,0.211363,1.765625,0.99386245,0.11303263
2148,1290905,0.545776,0.9765625,5.983275,0.871822
2148,1297446,0.082811,-0.04248047,0.04854667,0.0057357857
2148,1298226,-0.253306,1.3046875,0.5635387,0.059212804
2148,1298358,1.935312,0.83203125,0.91870743,0.099542454
2148,1298359,2.852712,2.015625,1.1306179,0.14774966
2148,1298365,2.824773,1.59375,0.30702707,0.03191645
2148,1298475,1.830323,1.5546875,1.9757701,0.24009006
2148,1327771,-0.446941,0.029663086,0.07838125,0.013929364
2148,1327775,1.382853,0.06982422,0.019217432,0.0041548717
2148,1330933,-0.512968,-0.26953125,0.09765854,0.010633719
2148,1331038,-0.399566,-0.1796875,0.10098956,0.023011733
2148,1331040,-0.012396,0.51953125,0.17609856,0.019327857
2148,1480362,2.169794,2.53125,0.85837173,0.0891263
2148,1659818,1.554662,-0.46875,0.025001064,0.005720329
2148,1660035,1.573872,1.40625,2.6218898,0.32313603
2148,1674021,1.423769,1.4765625,0.365043,0.04121486
2154,687452,3.408452,2.546875,0.14570414,0.014966537
2154,687455,3.24099,2.640625,0.30226788,0.030757617
2154,687505,2.47767,2.640625,0.21575502,0.02170249
2154,687586,1.830107,2.609375,0.15277305,0.015590925
2154,687590,1.739353,2.59375,0.4646396,0.04761426
2154,687777,3.092222,3.578125,0.3057375,0.030991988
2154,687815,1.394739,3.140625,0.18782417,0.019064588
2154,687829,3.367217,3.1875,0.14305998,0.014404437
2154,687995,1.516062,1.8515625,0.21849099,0.024849126
2154,688013,1.925773,2.390625,0.21098658,0.021396436
2154,688023,2.022974,2.359375,0.36761937,0.037894245
2154,688025,2.567757,2.390625,0.26474947,0.026954632
2154,688027,2.610411,2.625,0.15329875,0.01557502
2154,688086,2.324681,1.8515625,0.24037965,0.024988236
2154,717431,3.435427,2.125,0.46345428,0.050215527
2154,722066,1.84957,2.53125,0.2558978,0.026083302
2154,724869,3.642788,3.203125,0.22572695,0.022828715
2154,749709,2.552419,2.515625,0.30167285,0.0311563
2154,753539,2.125073,2.03125,0.40856344,0.042744
2154,753566,3.293661,3.078125,0.3874474,0.039170675
2154,753576,3.157692,3.46875,0.19768067,0.020055914
2154,905935,1.915107,3.875,0.15509908,0.015680412
2154,905948,3.664792,3.0625,0.29651836,0.030861167
2154,905949,3.12326,2.375,0.7490476,0.07700574
2154,905950,3.575579,2.796875,0.41934764,0.042584736
2154,905962,3.932203,3.1875,0.12073639,0.014671547
2154,905964,1.684164,1.6875,0.14697438,0.015260617
2154,905976,3.058751,2.671875,0.25358087,0.026005773
2154,905984,2.249968,2.046875,0.45706186,0.04809836
2154,905989,0.282586,2.15625,0.17298302,0.017676286
2154,906696,1.248881,2.0625,0.93519735,0.10020351
2154,906805,3.947574,3.125,0.31456405,0.03356881
2154,906808,1.151503,2.890625,0.17750654,0.018389693
2154,906818,2.814643,3.109375,0.30763653,0.031159008
2154,906826,4.580699,4.125,0.47782487,0.048859693
2154,906831,1.90983,1.8125,0.34126285,0.034945183
2154,906832,1.736287,1.546875,0.65024155,0.06597099
2154,906833,2.518548,2.421875,0.18111779,0.01861979
2154,906835,3.673798,4.46875,0.29844978,0.030216731
2154,906843,3.123901,2.609375,0.3880584,0.039766554
2154,906856,0.797312,1.2734375,0.57144076,0.0663067
2154,906871,1.533038,2.1875,0.33958793,0.034724355
2154,906999,3.685464,2.796875,0.31677273,0.031984612
2154,907000,2.029013,2.046875,0.21891174,0.023505196
2154,907045,3.200636,2.75,0.44263917,0.04550546
2154,907061,1.899258,2.40625,0.10851474,0.011048088
2154,907169,2.073376,2.671875,0.32181063,0.032493293
2154,907270,1.830833,2.40625,0.318133,0.03216303
2154,907278,0.960184,2.390625,0.17071584,0.017390706
2154,907286,3.512861,2.703125,0.224472,0.022764008
2154,907290,3.766946,3.640625,0.13944654,0.014107833
2154,907299,2.645255,2.421875,0.43399724,0.043907583
2154,907312,1.538021,1.8125,0.28088665,0.02870243
2154,907323,2.481742,2.390625,0.15603592,0.015886307
2154,907794,2.462043,3.671875,0.20423168,0.021366766
2154,908126,0.667203,1.9375,0.6424456,0.06740378
2154,908441,2.067413,2.1875,0.4146302,0.041918837
2154,908451,2.331618,1.90625,0.32570437,0.033672076
2154,908454,2.390069,2.15625,0.11712745,0.012147772
2154,908455,3.550592,2.765625,0.19870655,0.020219615
2154,908470,4.24228,4.5625,0.44517395,0.04724018
2154,908475,3.007549,3.234375,0.34052625,0.034383014
2154,909707,1.916275,3.0625,0.31724745,0.032216463
2154,909709,3.512088,3.21875,0.2905916,0.029735038
2154,909725,4.011922,2.921875,0.31076682,0.031359933
2154,909728,2.721871,2.921875,0.23557587,0.024122877
2154,909737,3.112954,3.171875,0.33121896,0.033619493
2154,909784,3.460414,3.328125,0.3756558,0.0383612
2154,909907,3.356874,3.5,0.30797735,0.031321965
2154,909976,1.64109,2.515625,0.16273089,0.016451985
2154,910549,2.265553,2.828125,0.41077125,0.04212631
2154,910703,2.443582,2.53125,0.21926713,0.022323994
2154,910852,2.572494,2.8125,0.17194837,0.017547823
2154,910903,2.038102,1.59375,0.29838902,0.03184269
2154,910922,3.066223,2.765625,0.22661825,0.022935426
2154,910952,2.950582,2.421875,0.3184597,0.03361992
2154,924100,3.830293,3.203125,0.1267664,0.012906322
2154,924240,2.958247,2.546875,0.2350346,0.023845697
2154,925346,2.703187,2.75,0.26163352,0.026637392
2154,925347,3.157865,3.265625,0.19490778,0.020336857
2154,946355,1.658291,2.5625,0.46157148,0.048039638
2154,1240122,1.507387,3.296875,0.1534516,0.01552473
2154,1240127,3.896977,2.859375,0.88297087,0.08966565
2154,1240142,2.127862,2.78125,0.14876933,0.0153496815
2154,1240155,3.046185,2.34375,0.28766805,0.029226823
2154,1240160,2.738953,3.21875,0.38363615,0.03878536
2154,1240166,1.879151,2.015625,0.28927815,0.030036276
2154,1240183,3.38143,3.515625,0.14767063,0.014924411
2154,1240185,3.741387,2.796875,0.41655234,0.042158145
2154,1240197,3.644648,4.0625,0.14716285,0.01501839
2154,1240222,2.325084,2.8125,0.22189385,0.02247455
2154,1290722,2.129796,2.734375,0.16272628,0.016430508
2154,1290730,1.896574,2.78125,0.14724994,0.01500025
2154,1290922,2.96183,3.171875,0.21182051,0.021630676
2154,1298347,2.779637,2.71875,0.1641878,0.016865157
2154,1298357,4.32993,3.515625,0.8329882,0.08983494
2154,1298537,3.065562,2.078125,0.3811744,0.039772082
2154,1298538,2.718946,2.765625,0.42085668,0.04509349
2154,1298539,3.415486,3.59375,0.2437564,0.024741838
2154,1299050,3.703808,2.890625,0.31978562,0.032522894
2154,1303896,1.243219,1.84375,0.7250968,0.074480996
2154,1303897,3.061595,2.84375,0.107888095,0.011228825
2154,1327775,1.776814,2.171875,0.09123438,0.00940445
2154,1330950,2.0782,2.5,0.13712399,0.01402153
2154,1331050,1.06391,1.1015625,0.37171268,0.038281012
2154,1503364,2.906639,2.359375,0.6065705,0.061826877
2154,1503365,3.571714,3.96875,0.67333627,0.07350646
2154,1660035,3.715101,3.078125,0.16222402,0.017311795
2156,687586,1.924657,3.171875,0.41738483,0.041878477
2156,687777,3.238568,4.84375,0.5563329,0.055733178
2156,687780,3.671679,3.140625,0.31243566,0.031336047
2156,687802,5.687088,4.53125,0.53155607,0.053257205
2156,687815,1.569104,3.3125,0.71868026,0.07276323
2156,687829,6.268532,3.796875,0.32186934,0.03228221
2156,687983,4.062533,2.6875,0.4567059,0.045879953
2156,688031,0.786893,1.9921875,1.3039974,0.13192569
2156,724855,5.660818,3.96875,0.87192553,0.0875453
2156,724869,4.850879,4.25,0.4588486,0.045945134
2156,724878,5.063309,3.8125,0.5353729,0.053798538
2156,749709,3.65793,3.453125,1.1339879,0.1157267
2156,749717,2.749552,3.859375,0.69361037,0.06962465
2156,753556,4.068088,2.765625,0.5200143,0.052832995
2156,753572,2.323321,2.140625,0.3156778,0.03179189
2156,753600,5.516126,3.921875,0.2769338,0.027798628
2156,753614,2.815731,2.84375,0.5297774,0.053279966
2156,753624,2.175123,3.328125,0.31590357,0.03175966
2156,905933,2.546236,3.328125,0.28291643,0.028474523
2156,905934,2.908778,4.1875,0.93502444,0.09368115
2156,905946,2.142033,3.390625,0.6060735,0.060775887
2156,905962,2.06282,2.890625,0.16321532,0.017727548
2156,905976,2.647268,2.625,0.23792195,0.02404571
2156,905983,1.920653,3.0,0.54432935,0.054543678
2156,905984,1.433658,2.6875,0.19197942,0.019408993
2156,906792,1.957708,1.7265625,0.2135424,0.021637376
2156,906800,-0.175428,0.828125,0.28590694,0.029142093
2156,906817,5.214677,4.40625,0.4263841,0.042743042
2156,906827,2.119401,2.015625,0.3647943,0.036772877
2156,906831,3.231757,1.7734375,0.42188007,0.042584736
2156,906843,3.872945,3.203125,0.9798573,0.09960234
2156,906863,1.385776,2.734375,0.22590111,0.022889633
2156,906870,0.97086,2.359375,0.9572425,0.09600759
2156,907000,3.126117,2.734375,0.13366033,0.0138324415
2156,907047,2.926153,2.265625,0.5151407,0.05361504
2156,907061,2.181486,2.421875,0.32061774,0.032448865
2156,907066,3.69817,4.40625,0.6920323,0.06940807
2156,907072,4.338897,2.796875,0.67796695,0.068454474
2156,907173,4.197302,3.28125,0.55688125,0.055842977
2156,907290,3.422641,4.25,0.46759203,0.046873953
2156,907299,3.103352,2.03125,0.4411777,0.04447266
2156,907789,1.724667,1.5546875,0.7668456,0.079046525
2156,908122,2.082408,2.96875,1.0109359,0.101857536
2156,908123,0.890835,3.078125,0.6329023,0.06371233
2156,908127,1.839769,2.140625,0.52542627,0.05343699
2156,908131,1.540094,2.375,0.18381615,0.018625338
2156,908132,2.952372,1.734375,0.74881417,0.076196454
2156,908138,3.438568,3.328125,0.33744282,0.03387253
2156,908445,1.989208,2.359375,0.26492986,0.026750026
2156,908461,3.445431,3.421875,0.36394447,0.03655118
2156,908465,3.28217,3.859375,0.22378041,0.022471448
2156,908467,3.51214,2.203125,0.30584168,0.031831525
2156,909263,3.681082,4.5,0.446747,0.044784334
2156,909713,2.322145,2.890625,0.21889949,0.022035938
2156,909743,1.745859,2.875,0.9844553,0.09894117
2156,909751,1.258452,1.9921875,0.49897677,0.05053893
2156,909757,1.964113,3.109375,1.447891,0.14524531
2156,909774,2.08422,3.28125,0.24417068,0.024522219
2156,909975,4.44439,4.4375,0.3744052,0.037486725
2156,910689,7.784491,6.71875,1.8541412,0.1888801
2156,910692,3.192556,2.984375,0.56432414,0.05801527
2156,910698,2.703783,2.421875,0.44023415,0.04433595
2156,910703,1.783745,2.609375,0.3965757,0.039890986
2156,910779,5.180688,3.890625,1.1073745,0.11089231
2156,910911,2.816323,3.734375,0.48216477,0.04854825
2156,910919,1.094097,1.4921875,0.29535255,0.030180631
2156,910934,2.25914,1.1328125,0.6112835,0.06386592
2156,910935,0.772996,0.74609375,0.3759782,0.038951367
2156,917486,4.177764,3.8125,0.6672273,0.06685848
2156,924100,3.194396,2.9375,0.31262127,0.031584993
2156,924102,3.714827,3.453125,0.57930267,0.058027975
2156,924187,3.205291,4.875,0.6958909,0.06979508
2156,925341,2.089325,3.234375,0.5689691,0.057141937
2156,925347,4.400917,4.84375,0.36650664,0.036708735
2156,946359,4.332925,4.34375,0.78035176,0.0781668
2156,946361,1.240009,2.5,0.52049214,0.052203283
2156,949093,6.025254,6.1875,2.3240604,0.23558527
2156,1240121,3.403571,2.296875,0.94987226,0.09693717
2156,1240129,4.019337,4.28125,0.37867916,0.03794029
2156,1240145,1.797324,2.1875,0.26526135,0.026900513
2156,1240155,3.895866,2.3125,0.94331425,0.09485301
2156,1240157,4.536873,3.390625,0.43088338,0.04329213
2156,1240172,2.706473,3.203125,0.34943613,0.035068374
2156,1240179,3.452799,2.5625,0.44786885,0.04508558
2156,1240184,3.563389,3.140625,0.7052187,0.07058965
2156,1240186,4.982682,3.984375,0.40052852,0.040195853
2156,1240209,4.730029,3.609375,0.5491902,0.05556168
2156,1240210,3.524395,1.8046875,0.46640173,0.047597624
2156,1240212,3.749595,2.671875,0.35155708,0.035375968
2156,1240218,4.95126,4.9375,0.5250801,0.052663434
2156,1240222,1.912463,2.09375,0.33697817,0.03403513
2156,1298136,3.505974,4.46875,1.1644316,0.11689976
2156,1298151,2.058944,3.765625,0.32892886,0.033010326
2156,1298218,6.346694,4.25,0.5293779,0.052988667
2156,1298219,3.344712,3.171875,0.7519116,0.075375676
2156,1298350,4.296535,3.5,0.78214693,0.07954604
2156,1298538,3.401909,3.796875,0.37493643,0.03857862
2156,1298539,4.238573,4.1875,0.6204703,0.062230688
2156,1303897,3.250046,3.234375,0.8546238,0.086194165
2156,1327766,1.368572,2.15625,1.5432978,0.15893728
2156,1330931,1.61467,1.1328125,0.8094654,0.08343978
2156,1330935,2.30356,2.5,0.4888262,0.04909981
2156,1331036,-0.904855,0.5390625,0.38538876,0.039492976
2156,1503363,1.898722,3.265625,0.6157775,0.061826877
2156,1659818,3.25558,1.3984375,0.5776596,0.07443038
2157,687506,5.247867,4.59375,0.2184259,0.021884337
2157,687562,5.176732,4.21875,0.27157548,0.0273277
2157,687563,4.67897,4.9375,0.30522394,0.030565077
2157,687568,6.010194,5.71875,0.5896189,0.05906134
2157,687799,5.708939,5.125,0.39855886,0.04009047
2157,687800,6.721172,6.125,0.7655766,0.07683099
2157,687829,5.830162,5.40625,0.19946778,0.019964786
2157,688058,5.240559,5.625,0.22651653,0.022697736
2157,688087,5.261287,5.0,0.25416246,0.025474839
2157,717431,4.652492,4.65625,0.4489344,0.045099244
2157,722046,4.22442,4.1875,0.528823,0.053676758
2157,724863,4.969416,5.40625,1.0810117,0.10826207
2157,749711,5.159017,4.90625,0.43292868,0.043386627
2157,753569,4.316195,5.03125,0.20165756,0.020195775
2157,753586,4.43113,4.90625,0.3761469,0.037706997
2157,753608,4.650555,5.875,0.40774474,0.040809058
2157,753612,4.766813,4.78125,0.7458289,0.07477772
2157,905937,4.374866,4.65625,0.16788444,0.016848383
2157,905940,4.095786,4.8125,0.26351213,0.026404824
2157,905945,5.307656,4.90625,0.46278316,0.046328716
2157,905948,5.838963,5.46875,0.4718148,0.047330145
2157,905950,4.936557,5.0,0.70738834,0.07097609
2157,905951,5.502784,5.71875,0.5943055,0.05950389
2157,905990,5.590518,5.40625,0.2371075,0.023728497
2157,906794,4.602423,4.90625,0.1869654,0.01872437
2157,906801,5.217855,5.125,0.15082611,0.015108052
2157,906826,7.291613,6.09375,0.63276213,0.06354033
2157,906836,3.848468,3.0625,0.34768358,0.03534198
2157,906837,4.999993,4.46875,0.22836743,0.023112457
2157,906843,5.708866,4.6875,0.4312684,0.043290745
2157,906870,2.401255,3.609375,0.8337127,0.08375347
2157,907055,4.761478,4.65625,0.20402125,0.020477278
2157,907060,4.643323,4.53125,0.15330426,0.015347122
2157,907276,5.555625,5.90625,1.3674871,0.13697936
2157,907290,5.998306,5.96875,0.8187967,0.082001545
2157,907295,4.91924,5.1875,0.19196017,0.019228395
2157,907311,3.31248,3.859375,0.49096614,0.04949155
2157,907312,4.804169,4.40625,0.21685393,0.021732356
2157,907317,5.099468,4.53125,0.35535878,0.035758518
2157,907318,5.112353,4.71875,0.18124707,0.018161582
2157,907795,3.638446,4.96875,0.42591932,0.042744
2157,908122,4.654827,4.3125,0.7813949,0.0782633
2157,908128,5.388601,5.46875,0.49031296,0.049065772
2157,908129,5.438036,5.1875,0.60919064,0.061009742
2157,908158,2.721488,3.609375,0.4055096,0.04119942
2157,908448,3.809227,3.828125,0.6841251,0.06881518
2157,908454,5.150068,4.75,0.62545025,0.06276146
2157,908455,6.044636,5.34375,0.22421896,0.022455271
2157,908462,5.461744,5.40625,0.59952146,0.060035978
2157,909702,2.860229,3.421875,0.39069864,0.039800204
2157,909709,4.881901,5.0,0.35161063,0.035228264
2157,909713,4.862551,5.25,0.4215342,0.04218127
2157,909719,4.990059,4.84375,0.416275,0.041670088
2157,909723,5.692588,5.71875,0.8548079,0.08560803
2157,909725,6.314507,5.28125,0.28641903,0.028663341
2157,909737,5.58262,5.03125,0.80819714,0.081126876
2157,909746,6.264763,5.90625,0.19597907,0.019611686
2157,909747,7.699743,6.5625,1.1427358,0.11565324
2157,909784,5.727071,5.4375,0.8659656,0.08683736
2157,910700,4.873022,6.03125,0.68384534,0.06846381
2157,910781,5.228345,4.8125,0.45180655,0.045332197
2157,910784,5.939954,5.375,0.47599795,0.04764277
2157,910910,5.072528,5.5,0.9068212,0.09077489
2157,910922,3.585232,5.28125,0.27570534,0.027593916
2157,910930,3.491382,3.78125,0.32982108,0.033322733
2157,910935,3.286751,3.15625,0.23174764,0.023361186
2157,910937,2.855518,4.21875,0.2343521,0.02380997
2157,917486,4.738297,5.53125,0.23459753,0.023474311
2157,924104,4.844843,5.125,0.3844574,0.03851922
2157,924105,5.734799,4.59375,1.1513664,0.115664445
2157,924240,4.013926,4.59375,0.32122472,0.032180145
2157,925338,4.965686,4.78125,0.35822973,0.035895854
2157,925347,5.704864,5.875,0.3727363,0.037322592
2157,930083,8.140548,7.40625,0.27759585,0.027855648
2157,930297,4.593256,5.09375,0.37073648,0.03712235
2157,949090,4.674561,5.59375,0.2747857,0.027500466
2157,998189,4.827353,5.6875,0.46328664,0.046354037
2157,1240123,4.271043,4.65625,0.5811841,0.05863185
2157,1240143,4.982892,5.0625,0.23450367,0.023472903
2157,1240168,4.736884,4.71875,0.36500338,0.03673628
2157,1240172,6.266075,5.5,0.2284453,0.022865156
2157,1240173,3.78032,4.90625,0.21987088,0.022037776
2157,1240183,5.944708,5.84375,0.24335884,0.024351958
2157,1240185,5.661749,5.0625,0.53414994,0.053454977
2157,1240190,4.909867,5.375,0.27513948,0.027540393
2157,1240199,7.880789,7.53125,0.6147979,0.0642331
2157,1290722,4.760218,5.21875,0.34524423,0.034569778
2157,1290807,4.92502,5.25,0.79294723,0.07956912
2157,1297439,5.230736,5.0625,0.48806086,0.04899746
2157,1297447,4.276539,4.46875,0.3058908,0.030786812
2157,1298134,4.530257,4.5625,0.14871763,0.014906047
2157,1298168,4.42892,5.21875,0.55488205,0.055541534
2157,1298169,5.57912,5.0625,0.22155318,0.022195097
2157,1298350,5.636489,5.59375,0.3580471,0.035865102
2157,1303900,4.618549,4.78125,0.19219503,0.01925401
2157,1330983,4.299607,4.0,0.42031038,0.042414136
2157,1331033,3.087707,3.46875,0.26091287,0.026521752
2157,1331040,3.821531,3.234375,0.32926327,0.033793982
2157,1480362,5.101814,5.5,0.27919725,0.027976526
2157,1503363,4.676464,5.09375,1.053216,0.10559673
2157,1503371,4.660636,4.65625,0.23643471,0.023709217
2157,1660035,5.747821,5.75,0.12220797,0.0122299455
2158,687448,5.822903,6.0625,2.0912156,0.21091221
2158,687452,4.832039,4.59375,0.3812069,0.038193546
2158,687459,5.528838,4.84375,0.6604035,0.06617471
2158,687777,3.524544,5.59375,0.73392874,0.07350212
2158,687780,5.51949,5.0625,0.32003674,0.032072984
2158,687799,3.81735,4.09375,0.9529051,0.09686266
2158,687821,7.095982,6.9375,0.47544256,0.050276496
2158,687980,4.497009,3.453125,0.5619412,0.058036406
2158,687983,3.468663,4.09375,0.44795427,0.04493657
2158,687995,5.290408,4.84375,0.4263976,0.042924132
2158,687997,6.078675,5.15625,0.36360472,0.036772877
2158,688006,4.452372,4.71875,0.28163788,0.028270826
2158,724831,4.285239,3.640625,0.42091748,0.04320093
2158,724834,3.529967,5.4375,0.76167524,0.076267585
2158,724855,5.198649,4.96875,1.212607,0.121577464
2158,724866,5.560579,5.34375,0.7483489,0.07500742
2158,749711,5.355292,4.59375,0.83713293,0.08394608
2158,753556,4.214511,3.234375,1.1894138,0.12109643
2158,753573,5.469848,4.0625,0.42586267,0.04270469
2158,753574,5.69898,5.5625,0.38911757,0.03902694
2158,753586,3.941449,4.40625,0.52990264,0.0531203
2158,753612,1.35225,4.0625,1.5665834,0.15804233
2158,753615,5.510169,3.984375,0.6974132,0.070192136
2158,753618,4.714928,3.671875,0.9774827,0.09963343
2158,905937,3.326291,2.96875,0.52323854,0.053187113
2158,905941,4.861012,5.21875,1.1800703,0.12042954
2158,905942,4.626628,4.25,0.23900524,0.023943437
2158,905950,4.194273,4.53125,0.7461638,0.074799486
2158,905968,5.601927,4.5,0.8834235,0.08864806
2158,905969,4.860831,4.53125,0.5100354,0.05163885
2158,905973,5.788158,5.21875,0.5136578,0.051499963
2158,905989,4.493285,3.734375,1.8224267,0.18307811
2158,905990,5.708175,4.78125,0.33089235,0.033127595
2158,905991,3.164292,3.765625,0.1995771,0.020013206
2158,906790,3.416712,3.265625,0.56290394,0.05678769
2158,906798,3.747345,4.21875,0.49140587,0.04924056
2158,906800,1.901646,1.53125,0.46019697,0.051600516
2158,906821,6.447617,5.03125,0.42292345,0.042373177
2158,906824,2.718786,4.4375,0.25726396,0.025860028
2158,906827,4.473458,4.15625,0.78407323,0.07861214
2158,906843,5.058934,4.25,0.92073697,0.09241286
2158,906846,3.169529,3.78125,1.228887,0.124793425
2158,906848,3.158197,2.359375,1.6847527,0.19090106
2158,906868,2.945776,4.84375,0.3609985,0.03638131
2158,906875,2.82688,3.828125,1.484412,0.15074198
2158,907042,1.280022,3.03125,0.6738021,0.06801384
2158,907047,4.25008,4.28125,0.20459999,0.020524466
2158,907048,4.586772,4.65625,0.43237686,0.043387312
2158,907051,5.189103,4.90625,0.42664343,0.042745885
2158,907056,5.618669,3.65625,0.5673126,0.057217028
2158,907060,3.418333,3.671875,0.42167112,0.04227059
2158,907169,3.867886,4.3125,0.59993523,0.060058866
2158,907274,2.374761,2.546875,0.37086478,0.038967945
2158,907277,2.999836,2.0,0.16878231,0.017848177
2158,907287,5.764109,4.125,0.830626,0.08379641
2158,907788,1.362538,2.921875,1.7029202,0.18910545
2158,907789,3.481163,2.390625,0.22212234,0.024743639
2158,907795,5.605061,3.859375,0.51583076,0.05203878
2158,908123,5.599757,4.28125,0.76690894,0.0772186
2158,908125,4.483106,4.75,0.3245261,0.032507345
2158,908126,3.022869,2.546875,0.4907758,0.051142585
2158,908130,4.778048,4.75,0.2841046,0.028480178
2158,908147,2.572914,1.7578125,0.18878403,0.025632584
2158,908148,1.388834,1.625,1.1561929,0.12338354
2158,908150,2.281866,4.1875,0.79039884,0.079304986
2158,908441,2.422978,3.515625,2.4595687,0.24781555
2158,908454,3.133939,3.46875,2.1603758,0.21777542
2158,908461,3.553849,4.71875,0.38641402,0.038818542
2158,908463,4.486642,6.0625,0.76976657,0.07767828
2158,908475,4.915622,4.5,1.1348327,0.11397199
2158,909250,5.988722,5.53125,0.45124632,0.04517694
2158,909251,2.387883,2.15625,0.43546015,0.044527713
2158,909264,3.707214,4.28125,0.4035543,0.040633112
2158,909718,4.813338,4.65625,0.95237744,0.0958729
2158,909719,4.891481,4.125,0.9704967,0.09720345
2158,909728,4.303489,5.3125,0.45725086,0.045837298
2158,909743,2.472919,3.171875,0.47784668,0.048598047
2158,909744,3.621601,3.703125,0.5550101,0.055789303
2158,909749,4.336439,4.40625,0.6446572,0.0646888
2158,909750,5.38915,4.53125,1.0086508,0.10116364
2158,909753,5.662982,4.53125,0.8855658,0.08883562
2158,909761,5.609312,5.15625,0.4084485,0.040898502
2158,909774,4.395076,5.09375,0.70943236,0.07100728
2158,909974,6.607546,5.78125,0.76097757,0.0762432
2158,910079,6.51391,4.3125,1.7081444,0.17181982
2158,910546,5.829807,4.8125,0.6346431,0.06352161
2158,910548,5.207674,5.125,0.20963907,0.021006558
2158,910691,4.425868,3.671875,1.1501019,0.11553741
2158,910698,4.252955,4.03125,0.64541245,0.064819194
2158,910704,4.505036,4.21875,0.6983553,0.07008487
2158,910710,2.134067,1.890625,0.52653044,0.054129887
2158,910900,3.986415,3.84375,0.37363902,0.037715267
2158,910915,6.355451,5.21875,0.94895124,0.09531676
2158,910935,0.652882,1.296875,0.4421463,0.045151073
2158,910951,4.289393,2.515625,0.82797426,0.08519339
2158,924100,4.902543,4.09375,0.48925042,0.049497563
2158,924104,4.124297,4.25,0.6455262,0.064711034
2158,924239,2.949493,2.515625,0.6129173,0.06336482
2158,925340,4.833014,4.65625,1.2146752,0.121850245
2158,930297,4.281951,4.21875,0.53531677,0.053655088
2158,949093,5.036241,6.96875,0.83458817,0.08856335
2158,1240127,4.39796,4.1875,1.0394962,0.104257315
2158,1240146,6.220793,5.46875,0.68473023,0.06864106
2158,1240151,4.732773,4.84375,1.1343962,0.113820106
2158,1240158,2.501726,4.59375,0.8556187,0.08568923
2158,1240169,4.264811,5.09375,0.38940632,0.039036196
2158,1240186,4.590819,4.65625,0.4236377,0.042505857
2158,1240198,5.707652,4.875,0.3149012,0.031648662
2158,1240201,3.794987,4.1875,0.6667453,0.06687189
2158,1290769,6.24263,5.21875,0.8137433,0.08164726
2158,1290798,5.333141,4.53125,1.1005186,0.11093713
2158,1295740,3.497173,3.390625,1.0611831,0.109490454
2158,1298141,5.256749,6.15625,0.4120993,0.041352537
2158,1298146,5.59789,5.0625,0.59440553,0.05954728
2158,1298475,4.321568,4.53125,0.5140694,0.051700205
2158,1299050,5.612623,4.6875,0.4760717,0.047692645
2158,1299064,3.983442,3.890625,1.0767694,0.10829121
2158,1330931,2.180999,2.59375,1.6496109,0.16973467
2158,1330933,2.67163,2.015625,0.50020874,0.051766355
2158,1330950,1.280056,2.078125,0.85389215,0.090451606
2158,1331040,2.01924,2.265625,1.6159862,0.16954522
2158,1503371,4.286116,4.65625,0.28617075,0.028713059
2158,1674021,4.424894,4.15625,0.49149355,0.04936102
2159,687457,3.776773,4.84375,0.5683555,0.056931414
2159,687561,2.159889,2.59375,0.42065257,0.04218223
2159,687568,6.278508,4.71875,0.6681438,0.0670249
2159,687590,5.14697,4.21875,0.5104101,0.051138557
2159,687780,2.989689,3.765625,0.76114607,0.07629008
2159,687802,5.560478,5.03125,1.0376307,0.10393808
2159,687815,2.191823,2.5,1.0289958,0.10392961
2159,687997,4.612912,4.625,0.64691764,0.06662313
2159,688013,2.940145,2.765625,0.39470312,0.03955061
2159,688023,1.350553,2.625,1.1540166,0.116593495
2159,688025,3.926904,2.84375,1.27769,0.12908857
2159,688027,2.338925,2.484375,1.3254629,0.13319309
2159,688058,4.140924,4.59375,0.5530009,0.05541985
2159,724825,1.264789,2.359375,0.49881652,0.050396815
2159,724828,5.081432,3.734375,1.1286131,0.113051675
2159,724834,4.198634,4.59375,0.55479586,0.055579197
2159,749709,4.417928,4.46875,0.2838228,0.02848683
2159,749711,4.036344,4.40625,0.5872339,0.05884286
2159,749714,4.184765,4.65625,0.38214058,0.038267493
2159,753555,3.340387,3.03125,0.44631267,0.044849057
2159,753566,5.668647,5.28125,0.68351734,0.06866507
2159,753573,3.250659,2.65625,0.49773058,0.049956407
2159,753576,4.412184,5.09375,0.48738334,0.048791412
2159,753600,4.84004,4.84375,0.45591205,0.045644056
2159,753618,1.706091,1.9296875,0.42134562,0.0426594
2159,905933,5.494691,4.78125,0.43377095,0.043477096
2159,905935,5.147158,5.5625,0.46870664,0.04704332
2159,905939,1.935566,2.65625,0.62422156,0.062699504
2159,905942,4.248782,3.9375,0.33066848,0.03315323
2159,905946,4.107352,5.0625,0.92153233,0.09242601
2159,905947,2.323116,3.25,0.6803942,0.06820639
2159,905955,4.229844,5.09375,0.5647258,0.056562066
2159,905957,2.861261,2.9375,1.3347877,0.13409068
2159,905965,0.692177,0.72265625,0.45849088,0.047135092
2159,905969,3.045224,3.859375,0.9013633,0.0903086
2159,905972,3.685138,4.84375,0.46591687,0.046624444
2159,905973,5.444674,4.5625,0.62834334,0.063020326
2159,905976,4.107353,3.328125,1.3330575,0.13384506
2159,905991,3.444402,2.890625,0.26661235,0.026795467
2159,906797,4.373798,3.984375,0.8035399,0.080591835
2159,906821,4.483672,4.1875,0.948662,0.095099
2159,906824,1.770181,3.46875,0.33392462,0.03359524
2159,906833,3.81515,3.453125,0.2762823,0.027700402
2159,906843,4.563092,4.25,0.6552814,0.06567006
2159,906856,0.024633,1.2578125,0.529016,0.05463595
2159,906863,2.801011,3.125,0.25487438,0.025587378
2159,906872,2.882058,4.15625,0.8876261,0.08906032
2159,906999,4.039201,3.5625,0.5231276,0.05236628
2159,907048,2.336183,3.796875,0.6266407,0.062799774
2159,907051,5.424431,5.3125,0.38363403,0.038518608
2159,907061,3.275438,2.90625,0.486648,0.048849754
2159,907062,5.471058,4.59375,0.504263,0.050522674
2159,907271,3.34035,3.59375,0.79774636,0.07990104
2159,907273,3.167972,1.9765625,0.2456777,0.024759319
2159,907277,1.342955,0.36328125,0.16409974,0.01758278
2159,907295,5.132199,4.875,0.5054478,0.050842278
2159,907299,1.614403,2.234375,0.6537702,0.065596305
2159,908120,6.075533,5.0,1.494061,0.14993954
2159,908122,2.830741,2.734375,0.4411193,0.044269424
2159,908123,2.872414,3.203125,0.39764965,0.039925843
2159,908130,4.213957,4.8125,0.49647608,0.049785666
2159,908138,3.476641,3.265625,0.6595981,0.06613212
2159,908148,1.335797,1.5234375,0.3668802,0.037256673
2159,908156,0.16478,0.578125,0.2969392,0.031510066
2159,908158,0.998235,1.1953125,0.35254243,0.035641804
2159,908159,1.224589,1.3203125,0.36568856,0.037211064
2159,908445,3.892688,3.625,1.2590038,0.1266414
2159,908446,1.021072,1.625,0.55167764,0.055719998
2159,908460,3.947611,5.53125,0.5667077,0.061866075
2159,908461,3.866925,3.609375,0.44708988,0.044789262
2159,908462,3.807158,3.484375,1.2959983,0.12981842
2159,908470,4.272895,4.4375,1.3130049,0.13476044
2159,908471,4.145191,3.375,0.7164475,0.07212256
2159,909249,2.013765,1.9609375,0.28448138,0.028556257
2159,909699,5.597499,4.78125,0.76849693,0.07744887
2159,909702,1.39177,0.61328125,0.23809841,0.024590433
2159,909709,5.293301,4.40625,0.50606734,0.050756533
2159,909717,2.273932,3.875,1.1089422,0.11108126
2159,909746,3.985233,4.75,0.536968,0.05379321
2159,909748,3.959653,4.1875,0.9173622,0.0919349
2159,909759,3.243625,2.84375,0.35032687,0.035091776
2159,909784,5.158928,4.65625,0.98704815,0.099157296
2159,910692,2.903986,4.375,0.6723739,0.067485064
2159,910780,3.603004,3.546875,0.74903625,0.07546967
2159,910781,4.961838,3.859375,0.68082577,0.0682719
2159,910784,3.837597,3.84375,0.5438281,0.054463763
2159,910904,5.358153,4.28125,0.5501574,0.055224832
2159,910921,4.728125,3.484375,0.70608824,0.070885696
2159,910935,0.767886,0.8046875,0.23894519,0.024301242
2159,910943,5.765335,4.53125,1.0097426,0.10120705
2159,910947,1.163586,1.7890625,0.23330335,0.023659611
2159,924239,1.516226,2.296875,0.4207001,0.042702038
2159,924244,2.090701,3.921875,0.64113575,0.06427091
2159,925338,3.743179,4.0625,0.8055253,0.080888756
2159,925341,2.321381,4.09375,0.6473607,0.06499797
2159,930083,7.224591,6.84375,0.4771423,0.048042547
2159,1240146,3.764594,4.0625,0.64793533,0.06487864
2159,1240157,4.429202,3.90625,0.83574617,0.08366563
2159,1240168,4.335048,3.578125,0.568142,0.057058875
2159,1240173,1.805792,3.296875,0.79975677,0.08016005
2159,1240209,2.908259,4.5,0.6712667,0.06735181
2159,1240210,1.74753,2.1875,0.26236552,0.026491106
2159,1240217,1.777554,3.421875,0.92990756,0.093366966
2159,1240219,3.576425,4.40625,0.96634233,0.096787356
2159,1240223,4.350475,5.53125,0.8703541,0.087735526
2159,1290722,5.289253,3.984375,0.55789006,0.05584608
2159,1290807,3.095557,5.03125,1.076476,0.10815673
2159,1298141,4.312641,5.09375,0.8097,0.08114535
2159,1298218,5.815106,5.5,0.42873195,0.042945508
2159,1298475,4.310257,3.578125,1.0637313,0.10680348
2159,1298537,3.981306,3.4375,1.1032643,0.11070822
2159,1298539,4.259509,5.125,0.46920782,0.04729822
2159,1299062,4.298815,4.40625,1.0105942,0.10417217
2159,1299070,4.872887,3.265625,0.6053658,0.060915858
2159,1299081,1.493337,3.09375,0.4249663,0.042549074
2159,1303897,3.657951,3.4375,1.1058038,0.11619033
2159,1303900,3.986606,4.375,0.3312847,0.03324675
2159,1327775,4.256877,3.203125,0.4935207,0.04969166
2159,1331036,1.693368,0.75,0.27358562,0.028283916
2159,1331050,1.107893,1.234375,0.42863664,0.04333488
2159,1674021,2.477231,3.203125,0.61063015,0.061232816
2169,688011,4.565357,4.3125,0.28655556,0.0290355
2169,753622,3.945781,3.421875,0.3847948,0.038789015
2169,905939,4.833597,1.8828125,0.7897053,0.084977105
2169,905943,2.679305,2.171875,0.15632696,0.016332792
2169,905946,2.388781,4.0625,1.3556523,0.13576701
2169,905982,2.774712,2.84375,0.23847191,0.023880538
2169,906791,4.914871,4.125,0.45910951,0.04657947
2169,906830,4.764335,3.65625,0.27511567,0.02758807
2169,906849,5.199963,4.09375,0.4276585,0.043408327
2169,906852,4.526847,2.671875,2.1018493,0.21210071
2169,907046,3.554627,2.453125,0.3357595,0.033933714
2169,907175,3.185926,3.484375,0.6922593,0.06958552
2169,907275,1.691051,1.3984375,0.28965458,0.029915072
2169,907321,3.614693,3.875,0.6810192,0.06854214
2169,908452,3.829096,3.890625,1.4866246,0.14882438
2169,909712,3.228484,2.859375,0.30155528,0.030430384
2169,909771,1.574166,2.5,0.35875797,0.036234915
2169,909778,0.907466,1.9609375,0.46520108,0.04824793
2169,910567,5.213908,4.75,0.4411045,0.04433253
2169,910925,3.702977,2.75,0.16534786,0.01723051
2169,924240,0.071766,1.6015625,0.64038813,0.0649713
2169,1240125,3.234667,3.421875,0.693223,0.0695275
2169,1240191,2.758949,2.828125,0.5352523,0.054329343
2169,1240207,4.173987,3.734375,0.4683318,0.047028664
2169,1240220,3.359438,3.484375,0.91442454,0.09295112
2169,1298353,4.591022,4.53125,0.5722442,0.057416357
2169,1323913,1.635307,1.890625,1.8505758,0.18696877
2169,1327768,3.668281,3.4375,0.13420427,0.014122826
2169,1330948,2.677439,2.484375,1.159332,0.116682604
2169,1479995,2.754678,3.0,0.32136932,0.032326084
2169,1659819,0.771325,1.1328125,0.6198761,0.06533462
2169,1660036,2.39928,3.28125,0.8173403,0.08204466
2170,684052,3.019649,3.0625,0.6296798,0.070144095
2170,687561,2.99696,2.28125,0.40309438,0.040676847
2170,687568,3.619961,4.4375,0.88004416,0.09490977
2170,687586,3.000883,4.34375,1.4706486,0.14914048
2170,687596,3.156155,3.859375,1.4138365,0.14547496
2170,687787,5.847465,4.09375,5.009175,0.51221013
2170,687807,2.65068,5.65625,1.6886708,0.17026857
2170,687980,0.021908,2.890625,1.316213,0.13336647
2170,688025,3.47093,3.03125,1.2179494,0.12454067
2170,688027,2.353748,2.609375,1.0987533,0.112430885
2170,688121,5.104771,4.4375,1.9418895,0.19963568
2170,724859,6.171342,4.875,0.8865291,0.09215754
2170,724868,4.557484,2.765625,0.5662769,0.05893722
2170,724870,4.112119,4.0625,0.42275995,0.043751214
2170,749710,4.469186,3.828125,1.3698432,0.13891765
2170,749715,2.846391,2.0625,1.4041667,0.15641919
2170,753551,3.783877,3.671875,1.1028215,0.112617865
2170,753569,4.679909,4.15625,0.60894173,0.064504355
2170,753586,5.280968,4.25,1.2739038,0.12930419
2170,753604,1.795479,1.4609375,2.554115,0.2836287
2170,753605,3.892849,3.65625,2.200632,0.23088478
2170,753615,3.161065,4.0625,0.8154357,0.083500296
2170,753621,5.700044,4.53125,2.359617,0.2925325
2170,753622,1.879158,3.1875,1.4449801,0.15077055
2170,905937,1.814478,2.125,0.29593703,0.029899335
2170,905941,6.751164,7.65625,0.7407206,0.0749122
2170,905942,5.315269,4.40625,0.92548084,0.113087006
2170,905943,2.696695,1.46875,0.3888935,0.04068613
2170,905944,3.521546,5.21875,0.94143534,0.099070825
2170,905945,4.847589,2.859375,0.4714283,0.047629707
2170,905950,4.602154,3.765625,1.2583569,0.12730822
2170,905956,4.63336,4.125,1.3050958,0.131816
2170,905957,2.142185,2.46875,1.2493622,0.12727168
2170,905960,2.624816,3.359375,1.0677065,0.11112522
2170,905963,3.033701,3.4375,1.4102519,0.14257552
2170,905968,0.749712,1.5546875,0.7669936,0.09372102
2170,905969,5.475814,5.0,2.652922,0.2670615
2170,905981,1.648974,2.609375,0.75704545,0.07826512
2170,905983,5.754688,4.6875,1.1272377,0.11746677
2170,905985,3.247643,3.140625,1.6781303,0.17209926
2170,906693,3.625608,3.734375,0.8399556,0.08521864
2170,906696,2.527862,3.03125,1.0272299,0.10408499
2170,906805,5.198374,4.4375,2.0304625,0.20600285
2170,906818,3.48937,4.90625,0.49361876,0.049904525
2170,906826,5.645468,5.1875,2.1671505,0.22318506
2170,906828,3.3253,4.875,1.3299001,0.13932903
2170,906834,1.473436,2.109375,0.45983085,0.04679062
2170,906837,1.014943,2.5,0.44037917,0.046342775
2170,906844,3.267295,2.046875,0.6513458,0.066471696
2170,906868,2.594941,3.109375,1.3977288,0.14565401
2170,906875,4.182052,3.75,1.7015703,0.17539805
2170,907045,5.068011,3.75,0.6127849,0.06341681
2170,907046,1.414845,2.875,0.91234195,0.09223717
2170,907053,2.916738,2.453125,0.7737482,0.07861214
2170,907056,1.010165,3.578125,0.81732345,0.08288588
2170,907066,6.02862,5.6875,1.5662212,0.15973853
2170,907169,4.730075,3.890625,1.5648855,0.15837787
2170,907176,5.053472,3.859375,3.2975478,0.33486584
2170,907275,0.476419,2.0625,0.36284634,0.038503885
2170,907276,5.433441,4.84375,2.3954453,0.24431089
2170,907278,2.502509,4.03125,0.67129034,0.067801
2170,907312,2.835841,3.25,1.095627,0.11363201
2170,907317,4.183353,2.3125,1.0058542,0.105379865
2170,907321,4.458131,3.796875,1.1648617,0.12683798
2170,907795,4.442433,2.453125,1.3133869,0.1362168
2170,908121,3.477169,3.0,1.1428809,0.1172072
2170,908122,2.035478,2.078125,1.5102043,0.15453295
2170,908124,4.089278,2.484375,0.52415144,0.053931918
2170,908152,5.385175,3.734375,1.6770761,0.17969352
2170,908449,7.411088,7.40625,2.979568,0.34285912
2170,908455,3.327357,3.671875,0.7624728,0.07819477
2170,908467,2.6078,2.8125,1.0918623,0.11077611
2170,908474,2.540294,2.390625,0.9995158,0.10354991
2170,908475,2.730787,2.53125,0.95388967,0.09927935
2170,909698,3.397573,2.953125,0.754029,0.080791876
2170,909703,2.941092,2.328125,0.560325,0.05765395
2170,909712,2.284521,2.15625,0.5896708,0.062053297
2170,909713,2.944756,3.984375,0.8320627,0.08401356
2170,909718,2.911693,3.28125,6.0644474,0.7925047
2170,909727,3.59875,3.25,1.0996237,0.110933825
2170,909736,3.174584,4.09375,4.581408,0.4656994
2170,909737,3.284857,3.0625,0.7756263,0.07880296
2170,909743,0.482254,1.9921875,0.36320302,0.03684917
2170,909748,5.967561,4.84375,2.7548606,0.28451768
2170,909777,4.041557,2.28125,0.7238602,0.07461558
2170,909778,2.344627,1.6015625,1.8910091,0.22916593
2170,909781,5.460639,6.96875,1.308974,0.15656689
2170,909784,3.557497,3.84375,0.9515924,0.09766682
2170,909904,7.163961,5.96875,0.8944082,0.0903086
2170,909974,4.032893,5.71875,1.9178082,0.19219615
2170,909975,5.077912,5.96875,0.5375919,0.054021515
2170,910079,4.841704,3.640625,3.7928734,0.390263
2170,910548,6.031171,4.3125,1.7736194,0.17978819
2170,910549,5.377076,3.046875,1.521455,0.15729156
2170,910922,2.205017,3.671875,1.3701177,0.13760181
2170,910924,1.36571,2.796875,0.9549871,0.09779031
2170,910930,3.341832,1.8671875,0.58413947,0.06258874
2170,910937,2.471809,2.390625,1.1220921,0.114901796
2170,910943,1.465713,4.3125,2.099948,0.21314958
2170,910951,3.252797,2.484375,0.7117494,0.07242487
2170,924244,1.327172,3.046875,1.6593351,0.16759452
2170,925341,2.185305,4.8125,0.9247234,0.09476166
2170,946361,4.731575,3.421875,1.878964,0.19405645
2170,998184,1.222251,1.6328125,0.7569963,0.08263941
2170,1240128,3.029831,4.3125,1.1552151,0.11774945
2170,1240142,2.910907,2.484375,1.1195508,0.115095265
2170,1240144,4.051548,3.890625,2.1331215,0.2187605
2170,1240145,2.022357,3.78125,1.2495363,0.12620443
2170,1240178,4.458207,5.71875,1.368825,0.13858753
2170,1240187,4.096498,2.78125,0.9500979,0.0974365
2170,1240209,4.685647,3.734375,1.6791766,0.17207476
2170,1240210,2.103004,2.078125,1.3848039,0.14248769
2170,1240218,6.829401,5.90625,0.9628824,0.09678841
2170,1240222,1.598352,3.703125,3.1086745,0.32205892
2170,1290797,4.2625,3.046875,1.1153569,0.11382536
2170,1290908,6.022931,3.15625,1.3695756,0.13889052
2170,1295740,4.481023,2.046875,0.50427634,0.051600516
2170,1297446,4.051924,2.4375,0.25255656,0.025413888
2170,1298134,3.778011,4.6875,0.48018068,0.053003237
2170,1298151,5.912454,4.71875,1.0094247,0.115239404
2170,1298218,3.82094,6.28125,0.6130199,0.06211479
2170,1298219,5.332992,4.8125,0.41690582,0.042660248
2170,1298353,1.480491,4.90625,1.4286869,0.14687595
2170,1298359,4.628654,3.640625,0.60064816,0.061506137
2170,1298475,6.88724,5.8125,0.72149974,0.07341704
2170,1299050,2.750392,5.09375,0.89009446,0.089443795
2170,1327766,2.580663,3.046875,0.6058342,0.061552227
2170,1330950,3.443625,1.859375,0.77929085,0.07917527
2170,1330964,4.87273,3.59375,1.0687815,0.10893939
2170,1330972,1.828151,2.390625,1.2224915,0.12483832
2170,1330991,2.33608,2.140625,0.67557395,0.069080405
2170,1331033,2.953261,2.25,0.6881608,0.071803324
2170,1331037,1.18489,1.1328125,0.58535606,0.06480457
2170,1479995,4.158631,3.375,1.3537565,0.14203273
2170,1480359,1.666963,2.21875,0.7021965,0.07299558
2170,1480360,2.065764,3.296875,1.2440016,0.12738529
2170,1480362,3.887067,5.09375,1.3390738,0.14049225
2170,1503361,2.89379,3.484375,1.3054266,0.13197775
2170,1503363,5.768146,3.40625,1.8417883,0.18807964
2170,1503364,1.467338,3.78125,1.0237643,0.10361243
2170,1503365,4.8053,6.0625,1.5018293,0.15103969
2170,1660034,2.053316,2.9375,0.7987336,0.08156504
2171,687452,1.667302,2.609375,2.1274726,0.21430553
2171,687455,3.849569,2.1875,1.9533434,0.19605388
2171,687794,0.864707,1.3046875,2.0230808,0.20564584
2171,687800,4.463576,3.890625,1.5806272,0.15899307
2171,687819,3.629624,3.984375,1.4231855,0.14293145
2171,687829,3.244257,4.625,0.8097233,0.08297696
2171,688023,0.060815,0.17871094,2.1066628,0.23253733
2171,724828,3.834707,2.53125,2.0185013,0.20283513
2171,724834,4.764386,3.484375,0.99550194,0.099928536
2171,724859,1.54738,3.734375,1.1003493,0.11128296
2171,724872,5.137443,2.359375,1.3285192,0.13504377
2171,753541,0.983804,2.09375,1.6297137,0.16436683
2171,753555,2.840023,2.234375,0.8020119,0.08068822
2171,753575,2.548546,3.796875,1.5312021,0.15375935
2171,753586,3.169204,2.109375,0.78740937,0.07900504
2171,753592,0.099054,1.4609375,0.38650197,0.03871959
2171,753605,1.778164,0.796875,1.7518932,0.2191808
2171,753614,2.430337,2.421875,1.7798842,0.17875494
2171,753622,2.16714,1.1875,0.6989595,0.07049444
2171,905938,-0.493291,0.43945312,1.2915642,0.1417568
2171,905945,2.746845,3.296875,0.5913213,0.05934325
2171,905946,2.12003,2.921875,4.384156,0.4463591
2171,905950,3.380139,2.03125,1.2627084,0.12664461
2171,905951,2.711114,2.984375,1.9518086,0.1958355
2171,905965,-0.449793,-0.22363281,1.6369865,0.1722663
2171,905970,3.731589,5.03125,2.156125,0.21648481
2171,905983,3.908772,3.359375,1.511668,0.15272799
2171,905984,2.177727,1.625,0.56390405,0.05662578
2171,906794,3.659134,3.671875,1.139886,0.11516584
2171,906795,2.959764,2.46875,0.9533477,0.09784698
2171,906801,4.816021,2.734375,1.4660383,0.15923302
2171,906804,0.737846,-0.375,0.6252285,0.06881518
2171,906813,3.769764,2.65625,1.325745,0.13374572
2171,906831,1.261432,0.87890625,1.2688701,0.12832618
2171,906844,0.326575,-0.3359375,2.9433722,0.35295784
2171,906846,2.671397,1.53125,0.40483576,0.04074527
2171,906848,0.749098,1.328125,3.560292,0.37780476
2171,906864,2.325851,2.796875,0.8409035,0.08424133
2171,906865,4.6659,2.6875,1.0177815,0.102649644
2171,906871,1.42855,1.609375,2.4074926,0.24281073
2171,907061,1.02104,1.6171875,1.0683503,0.10732478
2171,907071,4.304423,4.4375,1.2222667,0.12327326
2171,907269,0.246834,0.60546875,0.31389025,0.032190755
2171,907275,0.562039,-1.0234375,0.43242276,0.050851364
2171,907278,0.554205,1.9296875,1.6399053,0.16511893
2171,907298,1.722735,1.234375,0.59036875,0.059234884
2171,907321,3.916019,3.359375,1.8903903,0.19225678
2171,907322,2.417592,2.03125,1.7248378,0.17491814
2171,907323,1.919888,1.5234375,1.064722,0.10673347
2171,907788,4.349076,0.47460938,1.3892851,0.1707281
2171,907789,0.407946,0.65234375,0.92539495,0.09875385
2171,908124,4.810181,1.3671875,0.51866907,0.064301774
2171,908125,4.226408,3.796875,1.0195948,0.10392586
2171,908128,5.062636,3.28125,1.6956681,0.17188641
2171,908129,3.332361,2.828125,2.4042888,0.24324235
2171,908138,2.699468,1.2890625,1.0543095,0.1061341
2171,908150,1.443999,2.296875,1.3994625,0.14047812
2171,908451,4.26367,0.99609375,1.2287018,0.124353625
2171,908454,0.772097,0.15332031,1.114872,0.113923304
2171,908459,1.15873,2.859375,1.3982787,0.14039356
2171,908462,3.008546,2.4375,2.2363207,0.22438213
2171,908472,3.401358,4.40625,0.4698539,0.04737534
2171,908475,1.696359,1.234375,1.8139772,0.18352044
2171,909699,7.469959,4.5,2.6128922,0.26839286
2171,909715,-0.548314,0.828125,3.1609902,0.34599304
2171,909742,0.795233,-0.55078125,0.9620109,0.09898492
2171,909745,2.080458,1.796875,0.86270803,0.08901225
2171,909748,1.802501,3.28125,2.4308052,0.24909844
2171,909771,3.04056,0.6796875,1.6997558,0.18103999
2171,909774,3.77485,2.71875,0.790114,0.07946214
2171,909776,2.949171,2.546875,1.52048,0.15276714
2171,909781,7.636565,6.59375,0.34081239,0.03581024
2171,909974,5.918011,3.34375,2.207122,0.22116125
2171,910079,2.531021,2.15625,3.574923,0.36055338
2171,910697,2.143637,1.7578125,0.7992771,0.08014997
2171,910698,2.500989,2.1875,1.4308919,0.14354004
2171,910710,-0.836459,-1.015625,0.46799192,0.05430309
2171,910784,3.292366,2.125,0.830859,0.08336457
2171,910920,1.630938,2.71875,1.0221404,0.102348305
2171,910921,2.679287,1.4140625,0.62072146,0.06263791
2171,910951,1.874654,0.051757812,1.0695511,0.10915074
2171,910952,2.359278,0.88671875,1.9721016,0.2047669
2171,924189,-0.441568,0.60546875,1.2364073,0.13031669
2171,924240,5.265328,4.1875,1.1189758,0.11503615
2171,924248,-0.165747,1.1171875,0.4738477,0.04807475
2171,925340,1.232198,2.140625,7.9415574,0.80186087
2171,925341,2.63641,2.53125,1.4583726,0.14789554
2171,925348,4.484209,3.296875,1.3254088,0.13829435
2171,930082,2.011511,2.328125,1.6038445,0.16251098
2171,930297,5.657387,3.734375,0.6764488,0.0680687
2171,930301,0.673547,2.296875,2.3329504,0.23658766
2171,946353,4.05557,3.53125,0.83277595,0.084528685
2171,946359,6.635484,5.125,2.2684495,0.23451759
2171,946382,5.498552,4.4375,0.45899537,0.048706856
2171,949090,4.587351,2.234375,0.67160636,0.06731547
2171,1240122,4.688614,4.0625,0.82253575,0.0831865
2171,1240129,5.670492,3.265625,2.012607,0.20185646
2171,1240143,0.60851,2.828125,1.1722155,0.117475405
2171,1240144,1.324082,2.109375,0.5883364,0.059103347
2171,1240196,2.933845,4.59375,0.88336265,0.08866166
2171,1240198,3.61815,2.25,1.3230946,0.13344239
2171,1240210,-3.108384,1.3984375,3.177057,0.32443455
2171,1240215,3.411322,3.046875,0.9163465,0.09184591
2171,1290769,0.878708,2.265625,2.1719062,0.21818626
2171,1290922,1.912261,2.28125,0.97443426,0.098776415
2171,1297446,3.214054,1.4296875,0.8167705,0.08346178
2171,1298144,4.885685,0.546875,0.2195451,0.026193764
2171,1298151,4.267275,4.25,1.3003122,0.14271694
2171,1298215,1.312639,0.68359375,0.3189661,0.0321784
2171,1298218,1.880844,4.84375,0.9904699,0.10084158
2171,1298348,4.342954,3.921875,1.1444557,0.11523306
2171,1298476,6.194111,4.03125,1.76172,0.23191124
2171,1298526,2.169273,3.828125,1.0224595,0.10344243
2171,1299062,6.47171,4.0625,0.55420345,0.0586052
2171,1330947,0.071168,-1.6953125,0.5734055,0.06429425
2171,1330982,0.63642,-0.25,0.6629899,0.06779363
2171,1330983,-1.313429,0.62109375,1.8428711,0.19455266
2171,1330985,1.67696,0.23828125,0.42075846,0.04517807
2171,1480371,3.323317,1.8046875,2.2036607,0.2251813
2171,1480374,2.660334,1.6015625,0.8328894,0.08367075
2171,1503364,5.171656,2.8125,2.9204524,0.29361036
2171,1659817,-2.347984,-0.08203125,1.3962288,0.15092489
2171,1659818,-3.20939,0.49609375,2.9406235,0.38428205
2171,1659819,-1.760563,-1.28125,0.49571508,0.056592546
2171,1659823,1.933161,2.5,1.6777914,0.16986902
2171,1659929,1.253239,2.078125,2.8146682,0.2912886
2171,1660034,1.008732,1.8515625,0.7837047,0.07928756
2171,1660035,4.796993,3.984375,1.2307338,0.1440692
2171,1674021,2.328793,1.5625,0.5316567,0.053827908
2172,687562,0.337651,0.53515625,0.61485827,0.07922336
2172,687563,1.41281,1.5546875,0.25146133,0.025324652
2172,687568,3.248812,3.4375,0.80087394,0.08058916
2172,687586,3.312388,1.9140625,0.28684685,0.02920441
2172,687596,2.222395,2.15625,0.49075258,0.053862993
2172,687787,2.755941,2.0625,2.6125348,0.26363474
2172,687802,4.451359,3.890625,0.8648224,0.08837196
2172,687812,5.266712,4.125,0.58255357,0.058668926
2172,687819,2.214982,4.5,0.42728448,0.042810112
2172,687820,4.11529,5.03125,0.49828202,0.052203283
2172,687995,2.823901,4.21875,0.8246449,0.08552734
2172,687997,3.968975,4.65625,0.8860389,0.10039798
2172,724825,-2.352515,-1.5546875,1.1025729,0.45565116
2172,724828,2.048187,1.3359375,0.32699326,0.032917406
2172,724870,-0.377182,1.609375,1.3501567,0.13868631
2172,749709,5.262177,4.0,0.69679624,0.07381066
2172,749710,3.122555,3.90625,1.8805931,0.1952654
2172,753534,0.225528,0.18359375,0.6757021,0.07183373
2172,753555,2.798001,3.734375,0.76856935,0.07781428
2172,753556,0.654953,0.26171875,0.905583,0.16872624
2172,753562,0.325934,1.859375,1.1567326,0.12136147
2172,753566,5.198224,4.8125,0.40366742,0.04070176
2172,753608,3.260556,3.390625,0.32802573,0.032931197
2172,753614,2.595412,2.515625,0.60584784,0.061363377
2172,753615,5.784003,3.34375,0.72608596,0.07498902
2172,753618,3.073868,2.390625,0.7789112,0.08363399
2172,905936,2.956133,1.6640625,0.24801663,0.024922688
2172,905942,1.485823,2.421875,0.65289855,0.066053875
2172,905944,2.383657,2.09375,1.0940876,0.11334756
2172,905945,3.409986,2.671875,0.6875384,0.06975498
2172,905947,3.600609,2.0,0.2590706,0.026376458
2172,905959,3.315132,3.546875,2.2992082,0.26351175
2172,905960,0.964653,1.5859375,0.32434127,0.032921392
2172,905969,3.184229,0.984375,0.48505515,0.07553415
2172,905972,2.548554,2.96875,0.34181845,0.03429649
2172,905973,3.601066,3.09375,1.2652677,0.13007568
2172,906746,2.807006,2.984375,0.68975234,0.07281744
2172,906790,1.027054,0.34570312,0.39464718,0.059233256
2172,906793,2.582112,1.90625,0.085728265,0.008766091
2172,906800,-1.606618,-1.0859375,0.089469284,0.024351958
2172,906804,-0.446113,-0.77734375,0.18406972,0.022306878
2172,906821,3.515011,2.890625,0.7429577,0.07483995
2172,906831,2.110608,-0.81640625,0.53079903,0.07178116
2172,906836,-1.743323,-1.109375,0.24297039,0.057478912
2172,906846,2.548879,2.265625,0.2555222,0.027164506
2172,906848,2.470414,0.19628906,1.0477669,0.1287592
2172,906851,3.385548,3.40625,0.37620097,0.040226333
2172,906870,-1.073766,-1.1796875,0.17437111,0.060167402
2172,907051,1.841518,3.140625,0.6994097,0.07526075
2172,907273,0.384041,0.0010986328,0.576256,0.06214724
2172,907275,-2.847102,-2.453125,0.032618016,0.029246498
2172,907281,-2.325792,-1.8828125,0.20987006,0.050497156
2172,907286,3.570654,4.3125,0.41304728,0.04178807
2172,907290,5.974274,3.828125,1.1380663,0.11580526
2172,907295,5.855921,4.21875,0.6389309,0.0651644
2172,907313,0.561439,0.18261719,0.48941693,0.05315777
2172,907320,2.48464,2.5625,0.23910733,0.024694629
2172,907783,-0.010595,-0.83984375,0.15020677,0.021284802
2172,908121,0.941157,2.109375,1.8776174,0.26849756
2172,908135,2.195923,2.71875,2.0296462,0.21747033
2172,908138,2.195602,1.515625,0.49146184,0.049703605
2172,908148,-1.725988,-1.3515625,0.38610262,0.048609424
2172,908159,0.310819,-1.734375,0.20110093,0.0594826
2172,908445,2.240836,3.734375,0.6681655,0.067276314
2172,908454,-0.186109,1.0078125,3.9173849,0.43116322
2172,908460,3.846322,3.53125,0.65408367,0.12534672
2172,908463,5.639113,4.90625,0.73103595,0.07617953
2172,908473,2.790812,1.96875,0.3553916,0.071684964
2172,908475,1.823757,0.83984375,0.73208326,0.07546322
2172,909255,0.430445,-1.5625,0.23925735,0.069456205
2172,909703,0.181627,0.49414062,0.59253454,0.062658586
2172,909704,3.267293,2.28125,2.6285768,0.2663429
2172,909713,1.055916,2.109375,0.4283914,0.04787535
2172,909720,2.481508,1.5,0.95464516,0.096770436
2172,909722,-1.895738,-1.2734375,0.06777121,0.015635142
2172,909723,4.450714,4.25,0.9014851,0.0921808
2172,909728,2.857125,2.265625,0.3881994,0.039568614
2172,909750,2.226337,2.421875,1.0342097,0.1067074
2172,909755,4.292365,3.546875,1.1993608,0.12081456
2172,909762,-1.416489,-2.28125,0.09208109,0.05723153
2172,909774,1.798913,2.953125,1.0383104,0.10571231
2172,909778,4.014077,3.484375,0.9252202,0.093711056
2172,909905,1.456163,0.73828125,0.2253032,0.02472836
2172,910079,2.004883,2.234375,2.4328914,0.2847933
2172,910554,2.228451,2.640625,0.9353531,0.09405249
2172,910700,4.396108,4.1875,1.0676243,0.108417206
2172,910702,6.837543,5.96875,0.63962793,0.106072925
2172,910704,4.07431,2.953125,1.1442244,0.11546536
2172,910706,0.005523,-1.59375,0.28256992,0.045503814
2172,910784,2.207447,2.421875,0.9158732,0.0920205
2172,910907,6.115873,4.75,0.5828486,0.058725312
2172,910927,3.51597,2.78125,0.6061656,0.060795993
2172,910930,-1.266765,0.19140625,2.0613878,0.21428788
2172,910934,-0.79414,-1.578125,0.11126036,0.03260199
2172,910947,-2.364183,-1.828125,0.107142545,0.0261125
2172,910951,1.138704,-0.17773438,1.7275571,0.23088056
2172,924100,2.444409,1.109375,1.4539597,0.18247376
2172,924106,-0.905823,1.703125,1.295983,0.3495617
2172,924110,2.423067,2.90625,0.85936594,0.09227265
2172,924187,1.859294,3.375,0.8346352,0.08467885
2172,924189,2.167424,3.703125,2.3758457,0.24467763
2172,925338,3.927825,2.40625,0.7448557,0.076329604
2172,925348,3.406045,2.1875,0.22410874,0.046241984
2172,946354,-0.883625,0.421875,0.7229749,0.08785388
2172,946382,2.808222,2.984375,0.31458145,0.035777558
2172,998189,2.773431,2.9375,0.29799297,0.029859923
2172,1240123,0.246912,1.0546875,0.87409526,0.09170787
2172,1240169,2.891913,3.15625,0.62099683,0.0662699
2172,1240184,2.622622,1.6640625,1.1224552,0.11932796
2172,1240185,1.40356,1.7265625,0.5547219,0.05602747
2172,1240186,2.759029,3.4375,0.43102652,0.043428376
2172,1240187,2.61885,3.078125,0.46963736,0.047072005
2172,1240189,-1.680523,-0.40039062,0.2042766,0.039428476
2172,1290765,2.562584,1.515625,1.6664339,0.18240315
2172,1297439,6.041628,3.328125,1.9472865,0.20492035
2172,1297446,0.934396,0.19824219,0.49314097,0.05295
2172,1297449,0.314509,0.17578125,0.8662924,0.09244671
2172,1298145,-0.636232,0.703125,1.1097021,0.16571616
2172,1298350,5.681785,3.5625,1.5316389,0.1538032
2172,1298475,0.361667,0.96875,0.17536964,0.023715634
2172,1298526,5.023696,3.71875,0.38071302,0.03931945
2172,1299075,0.623645,0.73046875,0.747328,0.085317545
2172,1303896,-0.672581,-0.9296875,0.090689436,0.01871261
2172,1303897,4.792578,3.59375,0.7728052,0.103282094
2172,1327765,-0.234541,-1.0859375,0.46628574,0.06280655
2172,1327766,-1.544329,0.064453125,0.48353454,0.06230254
2172,1327775,2.074756,-0.453125,0.1763337,0.17764089
2172,1330935,-1.552943,-1.1796875,1.4944717,0.31073743
2172,1330948,-1.961112,-1.9609375,0.30521092,0.050313126
2172,1330982,-1.494383,-1.640625,0.27012792,0.06845622
2172,1330983,0.44308,0.70703125,0.6002331,0.06176024
2172,1480371,2.661877,4.25,4.635403,0.47737926
2172,1659819,-2.639731,-2.640625,0.12869778,0.082266115
2172,1659929,1.645922,2.421875,2.2782297,0.23682928
2172,1660036,3.769975,3.53125,0.25683525,0.026120702
2173,683667,5.347476,3.390625,0.40410018,0.040868353
2173,684052,4.500832,3.5,0.17663771,0.0177375
2173,687448,6.150753,5.53125,1.3802491,0.13945039
2173,687457,4.787075,4.625,0.47512817,0.047592957
2173,687780,5.525462,4.71875,0.24565807,0.024612758
2173,687794,3.562691,3.421875,0.29442716,0.029776659
2173,687799,3.853156,3.625,0.6523564,0.066617295
2173,687802,5.797151,5.0625,1.5828933,0.15882023
2173,687812,5.779471,4.875,0.2998484,0.030042151
2173,687820,5.253387,5.5625,0.33441818,0.033737257
2173,687829,3.823035,4.40625,0.3591998,0.0359591
2173,687980,4.802606,3.796875,0.37406376,0.038084127
2173,687997,5.873598,5.0,0.3332367,0.033793982
2173,688015,3.012603,3.203125,0.19740158,0.020260341
2173,724828,3.56746,3.890625,0.4902756,0.04914787
2173,724863,5.50072,3.765625,0.53264695,0.05381479
2173,735784,4.717708,4.15625,0.32345748,0.032489467
2173,749715,1.552008,3.046875,0.62652594,0.06528879
2173,753535,5.998728,5.0,0.17744084,0.017796608
2173,753554,2.37941,3.296875,0.5175155,0.052320465
2173,753586,4.075073,3.828125,0.39612213,0.03976276
2173,753608,5.548176,4.71875,0.35835412,0.035895854
2173,905937,3.68863,3.078125,0.23878765,0.024311414
2173,905943,4.032022,3.296875,0.25948894,0.026243208
2173,905944,4.657071,3.390625,0.6098369,0.061331585
2173,905945,4.81757,3.90625,0.5784713,0.05798049
2173,905957,2.802039,3.234375,0.36436278,0.037426863
2173,905960,2.959067,3.96875,0.39106742,0.039208896
2173,905982,5.92244,4.3125,0.52653563,0.052830167
2173,906693,4.511576,3.796875,0.4461084,0.04474289
2173,906696,2.371138,3.171875,0.3924333,0.039851584
2173,906793,4.103848,3.46875,0.14532036,0.014590827
2173,906804,4.398589,2.59375,0.4519168,0.045644056
2173,906813,4.956699,3.890625,0.46238714,0.046450682
2173,906814,3.315837,3.859375,0.81311494,0.081511036
2173,906817,6.093779,5.28125,0.4181061,0.04191983
2173,906826,6.133589,5.34375,0.4865351,0.049140535
2173,906839,3.963116,4.125,0.47460404,0.047684878
2173,906844,4.349465,3.03125,0.37492278,0.0384499
2173,906849,4.94004,4.40625,0.39510742,0.039791238
2173,906856,1.875449,2.359375,1.194891,0.13114634
2173,907046,4.00511,4.03125,0.39546254,0.039701324
2173,907048,4.837667,4.28125,0.3011446,0.030266076
2173,907051,5.162506,4.53125,0.30797824,0.030914877
2173,907053,2.288331,3.109375,0.21598063,0.022306142
2173,907064,4.10921,4.28125,0.4057559,0.04062889
2173,907067,4.526464,3.671875,0.43081465,0.043387312
2173,907175,4.444423,3.359375,0.2922684,0.029790506
2173,907271,3.354352,4.21875,0.35741958,0.035905804
2173,907274,2.815389,2.890625,0.2683676,0.027543945
2173,907275,0.818616,2.203125,0.37151438,0.043688755
2173,907277,3.024431,2.421875,0.10832486,0.011155888
2173,907291,3.026514,4.25,0.33757788,0.0341289
2173,907295,5.720324,4.5,0.34091133,0.034205474
2173,907317,3.43129,3.46875,0.31986213,0.032260098
2173,907323,2.833812,2.90625,0.410636,0.041383762
2173,907792,5.389464,5.03125,0.7173417,0.07245224
2173,908120,6.077066,5.1875,0.5404564,0.05530267
2173,908121,3.125587,4.09375,0.5731587,0.057642844
2173,908125,5.448795,4.53125,0.17105229,0.017140029
2173,908126,2.715968,2.6875,0.22678532,0.023276145
2173,908133,2.361622,2.453125,0.4796973,0.049643636
2173,908147,2.570584,2.515625,0.113523975,0.0126461685
2173,908159,2.320834,1.7109375,0.29517356,0.032487996
2173,908443,3.535357,4.03125,0.63420933,0.06362076
2173,908460,7.427763,4.96875,0.5655259,0.06816957
2173,908461,5.595143,4.0,0.37168986,0.037381023
2173,908465,5.668083,4.5,0.18445174,0.018598257
2173,908470,5.250281,4.75,0.9355658,0.100672595
2173,908472,4.227329,4.5,0.39481854,0.03962729
2173,908480,3.776558,3.765625,0.5760088,0.058364615
2173,909707,4.211095,3.890625,0.56731987,0.057076503
2173,909727,4.208997,4.40625,0.70805836,0.07100273
2173,909747,5.430561,5.25,0.64193934,0.073008195
2173,909778,5.743307,4.46875,0.84268343,0.0844294
2173,910079,3.049364,4.34375,0.7941135,0.07985044
2173,910549,5.903411,4.03125,0.6864437,0.06892208
2173,910900,4.436338,3.6875,0.2606761,0.026246978
2173,910926,2.616165,2.78125,0.618248,0.062250208
2173,910927,4.128986,4.21875,0.25226033,0.025253506
2173,910933,4.719564,3.28125,0.4939193,0.049753707
2173,917486,4.376335,4.6875,0.47512466,0.047571097
2173,924189,4.546241,4.40625,0.84144825,0.084393896
2173,924239,3.350216,2.84375,0.23959403,0.024631431
2173,924240,4.496136,4.0625,0.4252035,0.042624697
2173,924247,4.382295,4.28125,0.3938601,0.039482664
2173,930082,5.091415,3.953125,0.20809375,0.020870972
2173,946354,3.411509,3.203125,0.43016338,0.04408129
2173,946359,4.461224,4.40625,0.26886955,0.027083889
2173,946360,4.035038,4.5625,0.3805949,0.038141917
2173,946361,3.060055,3.609375,0.21442246,0.021518802
2173,949179,5.146526,4.34375,1.2093244,0.12117848
2173,998189,3.724079,4.59375,0.33992997,0.03402008
2173,1240121,4.992017,4.0625,0.3133689,0.031429645
2173,1240143,3.873472,3.984375,0.45871016,0.045948386
2173,1240159,3.645561,3.859375,0.8259831,0.08297696
2173,1240178,6.119582,5.125,0.42003816,0.04212815
2173,1240185,4.212616,3.9375,0.6519631,0.06532895
2173,1240187,4.118351,4.53125,0.39642105,0.039767012
2173,1290725,3.159302,3.640625,0.55716896,0.056006312
2173,1290908,3.539705,3.515625,1.5550263,0.15653972
2173,1295740,3.171105,3.78125,0.45047575,0.04551281
2173,1297447,3.561957,3.484375,0.44891694,0.045327242
2173,1297449,2.501801,2.703125,1.0273757,0.104329966
2173,1298134,3.238437,3.796875,0.27039155,0.0271556
2173,1298168,5.347905,4.1875,0.41306657,0.041463647
2173,1298218,4.412509,4.90625,0.46149606,0.0462183
2173,1298348,4.205602,5.15625,0.6618166,0.06632498
2173,1298349,4.784369,4.03125,0.6824576,0.06839356
2173,1298350,4.367462,4.84375,0.46229726,0.046302974
2173,1298538,4.693408,4.78125,0.3288914,0.033039913
2173,1303901,4.152022,4.4375,0.672855,0.06786165
2173,1322212,3.071659,4.90625,0.32286924,0.032388657
2173,1327765,2.875311,2.640625,0.5098191,0.052367944
2173,1327775,3.148882,3.140625,0.17513043,0.018004261
2173,1330942,3.468172,4.0625,0.18517056,0.018622693
2173,1330947,1.851109,2.34375,0.38769925,0.041718803
2173,1330985,1.756534,3.25,0.30563715,0.031153165
2173,1330994,1.662136,2.125,0.39412302,0.040970355
2173,1330995,2.084944,3.796875,0.65000075,0.065611325
2173,1331035,3.187444,2.96875,0.5848142,0.05938786
2173,1331050,2.835884,2.21875,0.672779,0.068842694
2173,1479995,5.080783,4.09375,0.2551577,0.025571028
2173,1480372,5.817181,4.0625,0.50204784,0.050539613
2173,1503365,5.479298,4.96875,0.585769,0.062049698
2173,1660034,3.017207,4.0625,0.6898125,0.06917307
2174,724874,4.24033,4.25,0.19234882,0.020744165
2174,753534,3.270332,2.78125,0.19540511,0.01992932
2174,905939,4.28134,3.15625,0.11228307,0.011780458
2174,905943,2.297692,2.078125,0.2322052,0.023851812
2174,905985,2.036621,2.4375,0.40304068,0.040747143
2174,906813,2.629607,2.96875,0.09972149,0.010176863
2174,906825,2.511778,2.625,0.12303081,0.012563654
2174,906830,3.876851,3.359375,0.120094925,0.012168727
2174,907063,2.781833,3.203125,0.2914404,0.029640121
2174,907791,1.86197,2.109375,0.0907191,0.009740776
2174,908124,2.133452,2.3125,0.04867876,0.0052381316
2174,908134,3.496038,2.875,0.37473524,0.037815083
2174,908449,5.470374,5.09375,0.5648419,0.07328848
2174,909712,1.866863,1.9765625,0.19994816,0.020862773
2174,909778,2.747575,2.21875,0.14935677,0.015970388
2174,910918,1.126218,1.1171875,0.13994996,0.01479925
2174,910925,3.081891,2.8125,0.17855254,0.018654883
2174,924247,2.14348,1.8984375,0.18179232,0.020008797
2174,930301,3.182001,2.9375,0.11768386,0.012295421
2174,1240144,3.69265,3.484375,0.29686177,0.030067686
2174,1298215,2.096569,2.109375,0.0863145,0.009375005
2174,1298351,2.23384,2.03125,0.074329585,0.008114378
2174,1298353,2.736918,3.0625,0.14703993,0.014946586
2174,1298362,2.122542,2.46875,0.09154143,0.009872432
2174,1327765,1.430708,1.4921875,0.07562199,0.0078904675
2174,1327768,0.958376,0.78125,0.056698393,0.006871115
2174,1330984,1.574499,1.1015625,1.2437238,0.12832458
2175,722058,4.597679,5.1875,0.16583194,0.016693791
2175,753534,7.062015,5.1875,1.4235647,0.14256836
2175,753604,5.534227,4.96875,1.067125,0.10738108
2175,753622,4.50534,5.3125,0.15127571,0.015194786
2175,906849,5.006378,5.03125,0.20208904,0.020304484
2175,907046,4.107533,4.8125,0.7010244,0.07034504
2175,907053,1.044383,3.578125,0.71734196,0.07204312
2175,907282,4.700774,5.9375,0.568023,0.057062693
2175,909712,4.261349,4.71875,0.66899794,0.06733224
2175,909715,1.836733,2.46875,0.7836489,0.08470827
2175,909727,3.096362,5.5,0.58956087,0.05901275
2175,909762,2.48908,2.65625,3.8507946,0.3962227
2175,910567,5.64083,4.96875,0.8094466,0.081156105
2175,910931,2.715629,4.53125,0.5869852,0.058943525
2175,924247,5.19008,5.09375,0.47096798,0.047198795
2175,924250,5.415644,6.125,0.6382073,0.06392837
2175,1240125,5.278674,4.59375,1.1697886,0.11762567
2175,1240144,5.245671,5.75,0.4864845,0.04877553
2175,1240207,5.499573,5.3125,0.42320403,0.042430956
2175,1297449,2.014772,2.109375,2.5628486,0.27577814
2175,1298351,4.695809,5.0,0.31131896,0.031187791
2175,1330975,5.325914,5.3125,0.058809187,0.0059166313
2175,1659929,5.102542,5.5,0.2959995,0.029677276
2175,1660036,4.006679,5.53125,0.11821377,0.011834251
2177,684052,1.717982,1.7421875,0.047376167,0.0048133773
2177,684072,1.490873,1.796875,0.071893334,0.0074107735
2177,687448,3.722983,3.109375,0.16300055,0.017361093
2177,687459,2.303453,2.34375,0.13947962,0.014096582
2177,687563,1.485977,2.03125,0.18530117,0.018910512
2177,687586,1.807098,2.140625,0.109058425,0.011022048
2177,687780,2.18625,1.8125,0.16841373,0.017137133
2177,687787,2.883348,1.6328125,0.22779232,0.023574114
2177,687816,3.344938,2.921875,0.3651228,0.036696106
2177,687820,3.71231,3.234375,0.22865611,0.023116982
2177,687980,2.093196,2.375,0.1285653,0.013747202
2177,688023,1.789491,1.59375,0.06666989,0.007038368
2177,688086,1.767709,1.59375,0.050237127,0.0053827534
2177,722046,1.293235,1.9765625,0.25393614,0.028880328
2177,722066,1.951339,1.9765625,0.093238086,0.009527543
2177,724828,2.426655,1.78125,0.18574853,0.018779052
2177,724872,1.968273,1.96875,0.1257093,0.013133907
2177,724878,2.475368,3.046875,0.25396964,0.025778508
2177,749713,2.545612,1.9296875,0.073965825,0.007749144
2177,753566,2.746023,2.3125,0.23329882,0.02368037
2177,753570,1.883477,2.0625,0.16191873,0.017245868
2177,753592,1.136443,1.9140625,0.13685173,0.01396611
2177,753605,0.621548,1.40625,0.16983512,0.017900534
2177,753608,3.159318,2.203125,0.24178529,0.025568003
2177,753622,1.027952,1.9921875,0.16553204,0.017113088
2177,753624,0.564829,2.1875,0.13295838,0.013495583
2177,905933,2.286897,1.84375,0.05112118,0.005314211
2177,905935,2.337158,2.5,0.16856694,0.017015213
2177,905944,2.380357,2.34375,0.12314046,0.012477319
2177,905945,2.113485,2.15625,0.119077034,0.0119976895
2177,905946,3.033094,2.75,0.079208955,0.008039893
2177,905949,1.230006,1.5078125,0.24720931,0.025557073
2177,905950,2.871956,2.390625,0.14185451,0.014426911
2177,905956,2.276072,2.234375,0.13402763,0.013638136
2177,905970,3.541904,2.390625,0.247057,0.0249773
2177,905972,2.111626,2.421875,0.2975414,0.029899335
2177,905985,2.837168,2.046875,0.39356482,0.03962729
2177,906813,2.252435,2.375,0.06647541,0.006910332
2177,906825,2.627944,2.78125,0.1232096,0.012433262
2177,906842,0.365787,0.82421875,0.13605385,0.014491015
2177,906863,1.978406,2.125,0.14803068,0.015273469
2177,907042,0.886061,2.09375,0.084912695,0.008908826
2177,907048,1.338136,2.375,0.056627974,0.006308155
2177,907055,0.726458,1.4140625,0.13888739,0.015795756
2177,907063,2.426538,2.8125,0.2610325,0.026507838
2177,907064,1.924846,1.953125,0.13395947,0.013547885
2177,907066,1.938927,2.6875,0.19344272,0.019729175
2177,907067,2.25594,2.140625,0.055341017,0.0057669566
2177,907270,1.606957,1.8984375,0.15088028,0.015450083
2177,907274,1.848445,2.25,0.06321709,0.0065225954
2177,907277,1.262769,1.375,0.05591158,0.0061716237
2177,907278,1.882966,1.7734375,0.12019218,0.01225837
2177,907282,3.364698,2.921875,0.3227882,0.032622762
2177,907285,2.570169,2.140625,0.18936667,0.019867873
2177,907311,1.905484,1.5703125,0.10817555,0.011521714
2177,907314,1.640372,2.265625,0.2485438,0.025111068
2177,907317,2.122679,2.546875,0.12642454,0.013264144
2177,907321,1.41068,1.5390625,0.29957017,0.030379817
2177,907323,1.760252,1.8125,0.09027348,0.009250836
2177,907789,1.40914,1.328125,0.10819693,0.011642649
2177,907799,0.430966,1.4765625,0.056302406,0.005832934
2177,908121,1.629932,1.375,0.10423989,0.0110615445
2177,908122,2.182063,1.7421875,0.09383796,0.0095592085
2177,908123,2.521282,1.703125,0.20002109,0.020580923
2177,908134,2.146891,2.390625,0.114678726,0.011610718
2177,908158,1.746431,1.8515625,0.14789398,0.015693951
2177,908452,2.913804,2.84375,0.23716211,0.023884578
2177,908467,2.251085,1.8125,0.08926486,0.0091768615
2177,908470,2.811439,3.65625,0.19848263,0.021612125
2177,908475,2.504963,2.390625,0.057937823,0.00611652
2177,908481,1.953174,2.984375,0.12239342,0.012316025
2177,909253,2.052322,1.8046875,0.13839981,0.014404437
2177,909699,2.704195,2.734375,0.21621034,0.022825416
2177,909706,2.494131,2.21875,0.16460136,0.017131452
2177,909727,0.738548,2.09375,0.40651062,0.04132174
2177,909735,0.555809,1.921875,0.09471807,0.0096141035
2177,909743,1.629976,2.125,0.2685259,0.027068594
2177,909770,1.809179,2.328125,0.49820343,0.050480913
2177,909776,2.844904,2.59375,0.17254639,0.017620083
2177,909778,1.071992,2.125,0.116801575,0.012100653
2177,909905,2.548939,2.0625,0.114917815,0.011905494
2177,909974,1.974961,3.265625,0.31436858,0.031653173
2177,910691,2.985895,2.5,0.19881009,0.020358074
2177,910698,1.891861,2.0625,0.08995801,0.009225569
2177,910781,1.165335,2.140625,0.10602676,0.011384405
2177,910920,1.368728,2.25,0.1882006,0.019102797
2177,910924,1.205394,1.890625,0.1500908,0.015621216
2177,910930,1.423437,1.4296875,0.09298894,0.009850188
2177,910937,1.642371,1.6875,0.088205256,0.009311865
2177,924102,2.525435,2.359375,0.13823181,0.014187441
2177,924104,2.173773,2.390625,0.06578323,0.0069447635
2177,924189,2.209558,2.125,0.30806628,0.03152315
2177,924244,1.956451,1.796875,0.19591859,0.020390902
2177,925341,1.716757,2.203125,0.10886083,0.011109557
2177,930083,4.836106,3.625,0.3024979,0.030815255
2177,946361,1.472995,1.6328125,0.24905716,0.025303992
2177,949090,1.808352,1.828125,0.15025736,0.015386296
2177,998184,1.619425,1.6328125,0.060636174,0.0064708106
2177,1240121,1.776877,1.609375,0.21407467,0.022046585
2177,1240127,3.031041,2.8125,0.111788295,0.01128729
2177,1240168,1.861642,2.125,0.22114347,0.022540843
2177,1240178,2.723166,2.75,0.32561877,0.032931197
2177,1240185,2.209285,2.34375,0.91534674,0.09207343
2177,1240210,1.581076,1.4296875,0.029815158,0.003490151
2177,1240220,2.487513,3.25,0.15665214,0.015886307
2177,1290730,2.071972,1.6796875,0.07347079,0.00868057
2177,1297449,1.209195,1.3828125,0.058136787,0.0062698545
2177,1298146,2.263753,2.03125,0.2034297,0.02052839
2177,1298168,1.756894,2.453125,0.08249015,0.008311352
2177,1298169,2.272435,2.0625,0.10847056,0.01093431
2177,1298215,1.898464,1.890625,0.14092906,0.015306938
2177,1298219,2.00624,1.875,0.26877803,0.027164195
2177,1298534,3.601521,2.875,0.17355993,0.01760095
2177,1299070,2.268513,1.2734375,0.13799608,0.014198935
2177,1299081,0.850567,2.265625,0.15459375,0.015950631
2177,1303897,2.750929,2.046875,0.07521206,0.007675606
2177,1303900,2.33277,1.765625,0.08874697,0.009204316
2177,1327768,0.684803,0.75,0.118413426,0.014510177
2177,1330933,1.619678,1.6484375,0.0667111,0.006795814
2177,1330942,2.109533,1.8046875,0.072421335,0.007671491
2177,1330948,0.833294,1.3515625,0.3460209,0.036303643
2177,1330984,1.460994,1.71875,0.17211068,0.017412473
2177,1330985,1.318365,1.375,0.16261438,0.01708641
2177,1330994,0.784006,1.3671875,0.15157585,0.015521308
2177,1331035,0.609422,1.578125,0.04915602,0.005172875
2177,1331050,1.414235,1.2421875,0.11115755,0.011458132
2177,1480359,2.436532,1.9609375,0.052306328,0.006179989
2177,1480360,2.4752,1.9921875,0.1452817,0.014625063
2177,1480362,2.204239,2.3125,0.56793517,0.057327595
2177,1480371,2.247938,2.359375,0.4117216,0.042223766
2177,1503364,1.816008,1.9765625,0.10665315,0.011241186
2177,1503365,3.553165,3.3125,0.121981904,0.012426212
2177,1503371,1.139373,1.84375,0.1537767,0.015808992
2177,1659817,1.524973,2.03125,0.09916394,0.010770641
2177,1659928,1.306612,1.65625,0.18917459,0.01997124
2177,1659929,1.419239,1.8515625,0.2291181,0.023479035
2177,1660035,2.860333,2.359375,0.14566144,0.014771724
2359,687448,7.237985,7.0625,0.3177919,0.03186756
2359,687459,6.312738,6.21875,0.13926812,0.013955145
2359,687563,3.669969,5.46875,0.1642837,0.016466241
2359,687588,6.151034,6.4375,0.18425225,0.018473357
2359,688006,3.696152,4.59375,0.50538874,0.05076343
2359,688087,5.631314,5.6875,0.18355522,0.01843708
2359,713880,5.1152,4.4375,0.14958653,0.015021091
2359,717431,5.626772,5.375,0.20349078,0.020442363
2359,724838,5.78411,5.75,0.089080624,0.008922177
2359,724839,4.921799,6.75,0.121784106,0.012188741
2359,724873,6.409636,6.0,0.113575645,0.011373445
2359,724878,7.103857,6.90625,0.12181225,0.012198258
2359,749712,4.908895,5.4375,0.26026046,0.026058163
2359,749714,6.259508,5.8125,0.2882273,0.028902877
2359,749717,5.770966,6.0625,0.2377678,0.023808014
2359,753541,5.508171,5.28125,0.089192264,0.008982546
2359,753575,6.969112,6.53125,0.18395896,0.018480228
2359,905942,4.905434,5.21875,0.08764607,0.008782438
2359,905944,5.6934,5.6875,0.069581226,0.006969148
2359,905948,6.073788,5.875,0.32568985,0.03270075
2359,905960,5.46327,5.40625,0.11817262,0.011850123
2359,905962,7.695153,7.40625,0.15872489,0.016110944
2359,905968,5.575059,5.84375,0.22589475,0.022638397
2359,905973,6.337881,6.0625,0.13827991,0.013851315
2359,905974,5.39619,5.21875,0.22827023,0.022945596
2359,905983,6.006827,6.03125,0.080856845,0.008092543
2359,905984,5.166863,4.96875,0.08678478,0.008851158
2359,905990,5.233979,5.84375,0.15541871,0.015565005
2359,906793,6.679898,5.84375,0.20758694,0.020787721
2359,906817,6.796332,6.625,0.07122553,0.007133839
2359,906818,6.124275,5.90625,0.2639643,0.026443824
2359,906820,3.64825,4.78125,0.66689914,0.06688732
2359,906828,5.571966,5.34375,0.0710388,0.0071166344
2359,906832,5.314302,5.09375,0.22029102,0.02210299
2359,906836,3.300941,3.078125,0.42438495,0.04348914
2359,906839,6.19424,6.15625,0.15614775,0.015677948
2359,906846,5.454566,4.78125,0.82032186,0.082596645
2359,906851,5.588286,5.875,0.15094616,0.015113244
2359,907045,5.497463,4.3125,0.7075095,0.07116738
2359,907055,4.716507,4.125,0.3981473,0.040492445
2359,907061,5.415732,4.84375,0.17322642,0.017434618
2359,907064,5.995565,6.09375,0.0963571,0.009645567
2359,907270,3.684792,4.5,0.344097,0.034865938
2359,907271,6.225752,6.03125,0.08747735,0.008757875
2359,907277,2.65406,3.140625,0.5708715,0.0579184
2359,907286,5.898532,5.71875,0.10528179,0.010555682
2359,907287,6.046751,5.65625,0.29785186,0.029873352
2359,907295,5.324195,5.21875,0.21178049,0.02125366
2359,907313,6.055283,5.75,0.45996475,0.04604657
2359,907319,5.530469,5.53125,0.10849165,0.010875789
2359,907792,7.037742,7.0625,0.2087017,0.020965844
2359,908120,7.407547,7.34375,0.47068208,0.04713827
2359,908121,4.775056,5.34375,0.15460226,0.015605613
2359,908122,4.779392,5.03125,0.6814066,0.06827929
2359,908126,4.327043,4.09375,0.57017446,0.057409782
2359,908128,6.227557,6.40625,0.12990315,0.0130020445
2359,908447,3.569473,4.5,2.198439,0.22079065
2359,908454,5.622817,4.8125,0.7582319,0.07604763
2359,908463,7.388286,7.125,0.11852342,0.011917878
2359,909253,4.586739,4.5,0.20031518,0.020232035
2359,909262,4.497455,3.75,0.5363312,0.054344237
2359,909703,2.571903,3.1875,0.8858702,0.089591786
2359,909717,6.032129,6.09375,0.18425095,0.018440723
2359,909718,5.690884,4.625,1.1341778,0.114222966
2359,909719,5.613956,5.375,0.09483041,0.009494034
2359,909720,5.74912,5.75,0.057043567,0.005721242
2359,909743,5.507026,4.90625,0.39726996,0.03987798
2359,909759,5.70771,5.46875,0.12852453,0.012863354
2359,909776,6.371001,6.25,0.12923448,0.012939396
2359,909784,5.466245,6.3125,0.21203175,0.021262137
2359,910554,5.218358,5.21875,0.24984139,0.02501497
2359,910703,5.332738,4.875,0.42383394,0.04252555
2359,910920,5.498866,5.15625,0.3889743,0.038992886
2359,910930,4.201905,3.796875,0.39935815,0.040659398
2359,924104,4.724752,5.90625,0.23943269,0.023983654
2359,925347,6.502718,6.1875,0.11032623,0.011059697
2359,930083,8.272623,8.1875,0.1020297,0.010238278
2359,949179,5.926819,5.4375,0.85476065,0.0856033
2359,998189,6.139293,6.21875,0.19359206,0.019384637
2359,1240142,5.333417,5.375,0.12748636,0.012884477
2359,1240155,5.661078,5.4375,0.1732454,0.017340181
2359,1240166,5.141886,3.71875,0.8191431,0.0825143
2359,1240185,4.896184,6.21875,0.13552764,0.013561717
2359,1240189,4.185789,4.15625,0.31485358,0.03176351
2359,1240199,8.204205,8.0625,0.14216416,0.014937641
2359,1290455,3.737565,4.53125,0.6154063,0.0617896
2359,1298219,5.370847,5.65625,0.125027,0.012512058
2359,1298349,4.443618,4.34375,0.19136722,0.01922445
2359,1298526,7.067377,6.84375,0.08221561,0.008276392
2359,1299062,7.466042,6.46875,0.5915767,0.059731632
2359,1303900,4.70947,5.25,0.083229646,0.0083421515
2359,1327771,3.100867,3.265625,1.4193356,0.14326829
2359,1330950,3.887155,4.15625,0.3387818,0.0341507
2359,1330964,3.976839,4.8125,0.66247696,0.066613995
2359,1503361,5.867862,5.65625,0.13094886,0.013112088
2359,1659818,4.283822,3.703125,0.14453022,0.014884516
2438,684072,8.669391,9.1875,0.33989468,0.095083706
2438,687455,9.675959,9.75,0.2791736,0.054274946
2438,687568,8.461126,11.4375,0.709805,0.1149654
2438,687800,11.823595,11.6875,0.05431588,0.011932093
2438,687819,11.240856,11.0625,0.1490134,0.019615991
2438,687820,12.36844,11.625,0.18986487,0.01976084
2438,688013,7.278135,10.375,0.38581944,0.20241266
2438,688121,7.969902,9.75,0.1691509,0.06287622
2438,713899,10.56559,10.75,0.37719533,0.10551836
2438,724855,11.839877,11.4375,0.15729074,0.018496824
2438,724873,10.154694,11.0,0.7402525,0.09410373
2438,753539,9.952035,9.5625,0.25879717,0.0676456
2438,753574,11.317146,12.0625,0.24855432,0.030286934
2438,753575,11.9371,12.0,0.13933319,0.016462207
2438,753618,7.757406,8.4375,0.272832,0.0974546
2438,905935,11.583246,11.1875,0.28251562,0.054924674
2438,905965,9.587228,8.625,0.05411995,0.07929357
2438,905969,12.143891,12.125,0.11608811,0.012001459
2438,905974,8.763627,9.75,0.78451276,0.28161928
2438,905976,11.003039,9.875,0.33247408,0.054164477
2438,905991,10.692248,9.3125,0.5482719,0.10432445
2438,906793,11.795961,10.125,0.22521074,0.042551197
2438,906795,11.840086,11.375,0.3042175,0.04004692
2438,906801,9.989451,10.4375,0.030228125,0.03426228
2438,906804,9.212576,8.875,0.36336312,0.1247647
2438,906817,10.657797,12.0,0.06158011,0.0068819528
2438,906825,11.00951,9.875,0.38882387,0.0745131
2438,906837,8.775811,9.0,0.016559478,0.016490094
2438,906851,11.299922,11.125,0.029793715,0.022073507
2438,906865,9.94482,9.625,0.53181887,0.09151436
2438,906870,10.273399,9.6875,0.142497,0.0953488
2438,906871,10.335209,9.25,0.76923585,0.19666192
2438,907048,10.692571,9.8125,0.119867034,0.060502153
2438,907056,8.841662,11.25,0.18011968,0.050619777
2438,907064,9.871583,11.0,0.18299808,0.025368843
2438,907069,11.633234,11.0625,0.22727445,0.02685246
2438,907071,11.436093,10.6875,0.30645576,0.03976276
2438,907169,7.829744,10.5625,0.10652237,0.025961349
2438,907276,11.193963,12.25,0.14449187,0.02075794
2438,907295,10.03776,11.125,0.096181735,0.051377982
2438,907783,9.58975,7.6875,4.435991,1.2640505
2438,908120,12.029667,12.25,0.84639794,0.12768824
2438,908121,10.699975,10.75,0.0745723,0.03105391
2438,908125,11.075012,11.0625,0.055098716,0.009922377
2438,908134,9.856587,9.625,0.3725073,0.2654805
2438,908156,9.12345,8.375,0.30977285,0.2679179
2438,908159,9.19505,8.5,0.070056155,0.06494472
2438,908443,10.458931,11.125,0.9765866,0.11803225
2438,908449,13.558148,12.375,0.29857364,0.051377982
2438,908457,9.942805,11.0,0.5039326,0.06324418
2438,908461,10.784647,11.875,0.06585363,0.0105443
2438,908471,10.621618,10.375,0.03606381,0.018344209
2438,909253,10.361426,8.875,0.7411415,0.50255334
2438,909704,10.807518,10.5625,0.0357145,0.012507021
2438,909718,10.954118,9.375,0.18351342,0.22746962
2438,909723,11.496227,10.625,0.43701032,0.10883124
2438,909725,11.075475,10.75,0.5512747,0.07708537
2438,909728,10.725914,10.5,0.21523172,0.023110064
2438,909735,10.166684,10.25,0.1566744,0.038680866
2438,909738,11.068011,11.1875,0.14556417,0.014916789
2438,909746,11.487625,10.625,0.15590475,0.016544025
2438,909749,11.497746,11.25,0.07002026,0.0135149695
2438,909757,10.285607,10.625,1.5873076,0.221955
2438,909785,10.032347,8.5625,0.6974157,0.31516686
2438,909905,9.739011,10.5625,0.31186813,0.06534709
2438,909976,8.699962,9.8125,0.23912776,0.051700205
2438,910700,9.155034,11.625,0.33430755,0.040088873
2438,910781,6.992364,10.1875,0.02306142,0.016067661
2438,910852,10.964454,10.4375,0.1521483,0.0213686
2438,910903,7.545647,9.1875,0.17536333,0.03484947
2438,910910,11.104939,12.125,0.37698632,0.045936678
2438,910915,11.615889,12.3125,0.09647777,0.010237857
2438,910919,9.839672,8.75,0.07442776,0.094645314
2438,910930,7.166604,8.6875,0.676534,0.3623202
2438,910934,10.095685,9.5,0.016872395,0.030071545
2438,910943,8.854503,12.5,0.7509702,0.09228611
2438,930297,11.179875,11.0,0.56544405,0.07389249
2438,949179,7.347086,10.375,0.31852537,0.108833276
2438,1240146,11.96835,11.875,0.08901586,0.012236342
2438,1240154,8.333842,9.8125,0.1596532,0.05817275
2438,1240155,10.542524,10.5625,0.13936159,0.03626525
2438,1240158,10.914123,10.625,0.24363883,0.033352274
2438,1240166,10.40899,9.4375,0.23801336,0.096384175
2438,1240168,10.49375,10.5625,0.20542145,0.027244477
2438,1240179,9.796002,10.8125,0.058183078,0.015693553
2438,1240186,11.000813,10.5625,0.29620123,0.06559505
2438,1240198,10.18395,10.5625,1.0439364,0.1290381
2438,1240199,12.495351,13.375,0.19257861,0.021257184
2438,1240219,11.549251,11.5,0.0505593,0.0062312046
2438,1290806,11.513154,11.4375,1.0821471,0.14040904
2438,1290807,11.672645,11.75,0.23283798,0.04368489
2438,1295741,8.762178,9.625,0.027820464,0.018125998
2438,1298169,10.836812,10.5,0.27283645,0.037349205
2438,1298350,10.504158,10.875,0.1866667,0.040040195
2438,1298538,10.641828,9.375,0.059564576,0.037116073
2438,1298539,11.437202,11.5625,0.03867055,0.010336791
2438,1299050,11.448748,12.125,0.113502316,0.013792484
2438,1327771,7.388565,9.3125,0.120740265,0.049644362
2438,1330933,9.851516,8.625,3.6681888,0.68344885
2438,1330964,10.643524,10.0,0.9342233,0.24310742
2438,1331038,7.130933,9.375,0.06144826,0.02976377
2438,1480362,11.163012,10.75,1.2746578,0.18573017
2438,1480372,11.463991,11.875,0.058947098,0.007143629
2438,1503361,9.496837,10.9375,0.08762158,0.012767325
2438,1503366,10.797507,10.875,0.046918377,0.03462011
2439,687452,9.209746,8.375,0.20427012,0.035373986
2439,687802,10.582624,10.625,0.10951309,0.01573283
2439,687807,11.20057,10.5625,0.19009976,0.022058085
2439,687819,9.519873,9.625,0.34500256,0.04610811
2439,687980,9.066377,9.0625,0.067114845,0.021216882
2439,687995,8.262648,8.6875,0.048388094,0.03394788
2439,688027,9.090859,9.0,0.2716187,0.03957751
2439,724825,9.312301,9.1875,0.06522062,0.012588565
2439,724838,9.675286,8.9375,0.13731113,0.037715267
2439,724855,9.172066,9.5,0.42456976,0.048470356
2439,724870,8.545974,8.875,0.09867023,0.028777895
2439,735784,9.202991,9.25,0.05286538,0.008562478
2439,749709,8.945197,8.875,0.10989699,0.031903002
2439,749711,8.657174,8.9375,0.29861695,0.063552335
2439,753573,9.145073,8.25,0.16493668,0.038691923
2439,753608,9.939598,8.9375,0.023498086,0.007796629
2439,753623,8.577786,9.0625,0.06531327,0.009955942
2439,905938,8.184398,8.5625,0.1020525,0.020739999
2439,905942,8.866208,8.25,0.11297045,0.020480959
2439,905951,9.444172,9.625,0.10618689,0.019784508
2439,905959,9.48429,9.8125,0.099048615,0.021079753
2439,905983,9.905037,9.0,0.27407894,0.034616224
2439,906746,9.175886,9.0625,0.16713253,0.03502001
2439,906794,9.248555,8.4375,0.078211315,0.015775768
2439,906798,8.754803,8.5,0.11088283,0.029908104
2439,906814,9.407159,9.1875,0.2945183,0.04065571
2439,906817,10.783408,10.3125,0.121954076,0.014779263
2439,906818,9.563687,9.25,0.1405312,0.018364679
2439,906863,9.316989,8.0,0.042012684,0.01060039
2439,906868,8.252972,8.6875,0.14022349,0.032216463
2439,906875,8.936705,9.375,0.030772328,0.006253821
2439,907042,7.636242,8.375,0.092245065,0.03031041
2439,907047,8.719178,7.375,0.34544936,0.06667695
2439,907051,10.202357,10.0,0.367682,0.05788851
2439,907069,10.292035,9.625,0.081912726,0.011259927
2439,907269,9.527786,9.0,0.013395131,0.008219823
2439,907278,9.120603,9.5,0.023443317,0.005545928
2439,907287,9.254513,9.0,0.12743486,0.021133205
2439,907313,8.838029,9.25,0.25983799,0.031239446
2439,907788,8.367189,9.5625,0.062373474,0.011384633
2439,907789,7.608747,9.125,0.0066823526,0.0066698124
2439,907794,9.842545,10.0625,0.29267383,0.03720582
2439,908123,8.852232,9.1875,0.12567198,0.027607577
2439,908129,10.384747,9.4375,0.26119494,0.037012197
2439,908131,8.667162,8.9375,0.089656696,0.01808438
2439,908147,7.161173,6.84375,0.078182384,0.058869183
2439,908443,9.844085,9.5625,0.12733081,0.01526902
2439,908446,9.03589,8.125,0.06461754,0.02342773
2439,908448,9.213233,9.0,0.116779596,0.016258704
2439,908455,8.840055,8.9375,0.038960204,0.016182853
2439,908465,8.882078,9.875,0.16771248,0.021048129
2439,908474,9.460703,7.96875,0.043888714,0.017068315
2439,908475,9.141889,9.4375,0.045465972,0.0081333965
2439,909249,8.742627,9.1875,0.013352159,0.006335658
2439,909250,9.994312,10.125,0.30045804,0.043164298
2439,909255,6.283671,8.5,0.16015802,0.036949225
2439,909698,9.20284,8.9375,0.047280867,0.00906077
2439,909706,8.782137,9.0,0.4165511,0.05799456
2439,909735,8.102692,9.375,0.105077475,0.03419354
2439,909737,9.639202,9.625,0.049120165,0.014597454
2439,909747,9.532971,10.875,0.32066032,0.038162664
2439,909770,8.349381,9.0,0.19073313,0.028923038
2439,909777,7.128956,8.375,0.34731564,0.059021506
2439,909781,10.598126,10.0,0.8799011,0.11714355
2439,909904,10.129067,9.75,0.08612732,0.01064596
2439,909905,9.473305,9.0625,0.1047575,0.03376114
2439,909907,11.193687,10.25,0.2429389,0.047230452
2439,909976,8.70841,8.375,0.33422336,0.04221248
2439,910546,9.7501,9.9375,0.1352706,0.020512624
2439,910691,9.978704,9.75,0.09604529,0.013609939
2439,910700,9.563105,9.8125,0.3650223,0.05396921
2439,910906,8.47266,8.9375,0.04765894,0.009833814
2439,910910,9.671128,9.875,0.14035751,0.01997938
2439,910915,9.452227,10.625,0.3512706,0.03938692
2439,910947,8.610605,8.4375,0.0423134,0.0086646015
2439,917486,8.43985,9.8125,0.12266762,0.015860418
2439,924102,10.454859,9.875,0.08100219,0.010910623
2439,924187,11.274089,10.625,0.19894494,0.025290642
2439,925338,9.41763,9.25,0.032555263,0.005982688
2439,925341,9.072295,9.0625,0.21271813,0.024192575
2439,971774,9.496834,9.8125,0.4018211,0.04896285
2439,998184,8.79059,8.5,0.104912594,0.029620185
2439,998189,9.800466,9.375,0.15341963,0.019194456
2439,1240153,8.395452,9.0625,0.105313145,0.014185198
2439,1240168,8.2695,9.25,0.09667404,0.014436713
2439,1240173,8.570497,8.3125,0.044512123,0.026761
2439,1240179,9.330522,9.125,0.07669678,0.011175475
2439,1240190,8.626612,9.375,0.078641444,0.008732955
2439,1240199,10.856807,11.0625,0.3152595,0.04370411
2439,1240201,9.829199,8.5,0.07214526,0.010719873
2439,1240215,9.436456,9.5625,0.05368633,0.017987674
2439,1240219,10.908147,9.75,0.07192219,0.00957519
2439,1240222,9.819568,8.3125,1.2128533,0.19310108
2439,1247871,8.558577,8.625,0.21375245,0.04155623
2439,1290722,9.070414,8.9375,0.1749988,0.03503591
2439,1290765,9.037037,8.9375,0.14715296,0.030833602
2439,1290769,9.543824,10.4375,0.31733403,0.035703115
2439,1290807,10.056592,10.1875,0.07971768,0.018700695
2439,1290908,10.136932,9.25,0.024463514,0.005461572
2439,1298141,9.445091,10.25,0.26241302,0.029051656
2439,1298146,8.809072,9.125,0.06495667,0.008749366
2439,1298169,7.278359,8.9375,0.35356104,0.051766004
2439,1298219,8.490947,8.875,0.26012355,0.0366956
2439,1298226,9.868531,8.8125,0.09546498,0.012661257
2439,1298538,10.087069,8.4375,0.13132429,0.04785056
2439,1299050,10.120791,10.25,0.3021616,0.038932968
2439,1299052,9.529287,9.5625,0.33757696,0.050159667
2439,1299062,8.717402,10.625,0.1184734,0.019529993
2439,1299075,9.243789,9.75,0.07093175,0.00959226
2439,1303897,8.896547,9.625,0.5757671,0.092719
2439,1303900,9.598505,9.125,0.15538664,0.03181884
2439,1331037,8.24457,8.125,0.047302842,0.02488053
2439,1503363,9.557798,9.3125,0.0647295,0.016050182
2439,1503365,10.639148,10.625,0.24154043,0.028404284
2439,1659928,9.201492,8.875,0.06694265,0.012055273
2439,1660035,10.085786,9.75,0.22326292,0.026772829
2439,1674021,10.167144,9.75,0.11386517,0.015991893
2498,683667,7.832143,7.46875,0.07905684,0.009213209
2498,687588,8.34967,8.125,0.10986803,0.012748455
2498,687590,8.565265,7.5,0.1271929,0.01349723
2498,687777,8.814048,8.125,0.18146189,0.018863544
2498,688010,6.399243,6.875,0.22705603,0.02657909
2498,688121,8.642561,8.5,0.087485,0.011351216
2498,749714,8.305913,8.375,0.0394993,0.004138205
2498,749715,4.488906,7.125,0.043043226,0.0079100635
2498,753541,7.815554,6.5625,0.11305907,0.013234651
2498,753554,7.703351,7.75,0.093519434,0.011364221
2498,753555,6.921999,6.71875,0.019667214,0.004518559
2498,753566,8.109134,8.3125,0.07665041,0.008511856
2498,753572,6.876682,7.1875,0.059161305,0.00631342
2498,753576,8.909437,8.625,0.13356623,0.013474621
2498,753592,7.397078,7.34375,0.04827211,0.0052697468
2498,753615,7.543292,7.15625,0.24933483,0.027864685
2498,753622,6.507918,6.53125,0.1295799,0.013974751
2498,753624,8.372721,8.0625,0.19736256,0.021384342
2498,905938,5.007725,6.21875,0.26295877,0.028861279
2498,905941,9.636238,9.75,0.0820304,0.008507713
2498,905959,9.393486,8.375,0.050164722,0.0053863334
2498,905969,9.445267,8.25,0.06153366,0.0062581063
2498,905972,8.344816,8.3125,0.06903752,0.0074625877
2498,905973,7.011816,8.625,0.056953214,0.006156339
2498,905984,6.724,7.25,0.014939877,0.004066371
2498,905986,8.046059,8.0,0.061534688,0.008130543
2498,905990,7.681742,8.25,0.14457259,0.014838229
2498,906693,8.406269,8.0,0.080469675,0.00858735
2498,906794,7.594391,7.125,0.043646675,0.005022426
2498,906795,8.91231,7.59375,0.06960625,0.007804742
2498,906798,7.681649,7.21875,0.05289524,0.005892342
2498,906804,7.697722,7.78125,0.051208574,0.0058690035
2498,906805,8.357682,9.25,0.08117762,0.008542631
2498,906808,7.9816,7.65625,0.22601578,0.026114937
2498,906820,6.857572,7.59375,0.18637106,0.0223489
2498,906821,8.546029,8.25,0.07511828,0.0077908286
2498,906828,8.077346,7.65625,0.059959926,0.006928054
2498,906839,8.575089,8.125,0.047431674,0.0049623125
2498,906844,6.708046,6.78125,0.07876523,0.012984216
2498,906846,7.345072,8.0,0.019197749,0.0049516032
2498,907042,7.631442,7.28125,0.025510482,0.0037350715
2498,907061,7.752901,7.15625,0.05586989,0.00791695
2498,907064,7.44392,7.78125,0.09981319,0.01027931
2498,907067,7.605179,7.40625,0.100191824,0.010996645
2498,907276,9.330579,8.8125,0.13177913,0.015044361
2498,907281,6.684326,6.1875,0.14114454,0.015773762
2498,907287,8.171603,7.5625,0.113890156,0.012433107
2498,907317,7.851674,7.5,0.052301962,0.0067624273
2498,907323,6.779608,7.40625,0.04254851,0.005199118
2498,908121,6.883694,7.53125,0.091576435,0.010769059
2498,908123,6.118684,7.875,0.08014727,0.009222552
2498,908125,7.612557,7.78125,0.19164026,0.02196385
2498,908134,8.053069,8.125,0.03870908,0.0046183527
2498,908150,8.306076,8.25,0.05199286,0.005488908
2498,908443,8.383537,8.125,0.082973056,0.008646427
2498,908445,5.326657,8.0,0.04821415,0.005942175
2498,908447,8.293881,7.4375,0.2020868,0.023161126
2498,908457,7.079379,9.125,0.052374437,0.0055291913
2498,908458,8.602316,8.25,0.23209113,0.026930522
2498,908459,8.274441,8.25,0.061637737,0.006256373
2498,908472,8.233794,7.71875,0.15598315,0.01579261
2498,908483,7.194128,6.78125,0.05486784,0.0074199024
2498,909248,7.944988,8.125,0.10400916,0.01126945
2498,909260,6.797445,7.125,0.052774046,0.0065426403
2498,909720,7.825725,7.40625,0.04807039,0.0049120774
2498,909723,7.476516,7.65625,0.5688312,0.0709482
2498,909725,8.359471,8.0,0.15272345,0.01650859
2498,909736,9.309631,8.5,0.044329986,0.0058572963
2498,909737,7.701644,8.0625,0.04520949,0.006964698
2498,909746,8.244103,7.8125,0.15717538,0.015968882
2498,909747,9.805334,9.5,0.16232744,0.017816396
2498,909770,8.178063,7.84375,0.06366795,0.006732678
2498,909774,8.729998,7.96875,0.13131797,0.014263035
2498,909776,8.384679,8.625,0.0821977,0.008450324
2498,910549,8.71381,8.0,0.0634233,0.007135728
2498,910554,6.744729,7.625,0.16904752,0.017183654
2498,910702,10.980064,9.9375,0.07513005,0.008452849
2498,910703,7.234193,6.78125,0.12910505,0.013700141
2498,910706,5.622967,6.125,0.11079869,0.015426009
2498,910710,6.983585,6.8125,0.12265117,0.016930938
2498,910915,8.990287,9.0,0.13458079,0.013743116
2498,911905,9.593044,9.125,0.09210905,0.009453625
2498,924187,9.103696,9.25,0.084622234,0.0090484675
2498,924239,6.906142,5.96875,0.06785442,0.0076342714
2498,925338,8.009686,8.375,0.05154487,0.0057795723
2498,925341,7.709739,7.21875,0.109026276,0.011307566
2498,925346,7.794959,7.40625,0.14377065,0.01554084
2498,949090,8.113605,7.59375,0.11544272,0.012369331
2498,1240143,5.950548,8.0625,0.06585779,0.007135728
2498,1240159,8.280766,8.6875,0.038374912,0.0039418205
2498,1240168,7.824374,7.65625,0.07419224,0.00807855
2498,1240173,7.829245,7.03125,0.058167018,0.008169316
2498,1240174,6.083712,7.40625,0.16916269,0.017983647
2498,1240179,7.477766,7.09375,0.07692409,0.007915009
2498,1240185,7.753615,8.5,0.05635072,0.0058033057
2498,1240186,7.890018,7.625,0.13126513,0.013732988
2498,1240187,7.176061,7.6875,0.1367069,0.014342943
2498,1240219,8.301087,8.5625,0.07123628,0.007473931
2498,1298134,6.026698,6.53125,0.06795636,0.007991424
2498,1298136,9.24798,8.75,0.06394487,0.006837483
2498,1298141,7.974702,9.1875,0.081412874,0.008293473
2498,1298226,7.969574,8.3125,0.04703661,0.0051919883
2498,1298350,7.841576,7.09375,0.114470065,0.012433107
2498,1298526,9.100968,9.375,0.042445038,0.004512322
2498,1299062,9.287065,9.125,0.05840217,0.007116443
2498,1299064,7.002432,7.15625,0.044256996,0.004553769
2498,1330972,7.020215,7.28125,0.046339206,0.007593751
2498,1480372,8.713988,8.6875,0.09816387,0.010128325
2498,1503365,9.660147,9.25,0.06405221,0.0065637943
2498,1503371,7.117532,6.96875,0.16942908,0.017655805
2499,687448,10.733013,11.0,1.2174096,0.1500402
2499,687452,9.302054,9.3125,0.48241165,0.07553406
2499,687505,8.58403,9.625,0.042301163,0.016871626
2499,687568,10.166559,10.8125,0.41187274,0.061506577
2499,687590,9.284935,9.75,0.37207037,0.05762708
2499,687780,10.43765,10.375,0.118775524,0.030908259
2499,687800,11.748985,10.8125,0.090833426,0.018321734
2499,687802,11.160278,11.625,0.1262303,0.01693589
2499,687820,10.684084,10.9375,0.48854676,0.052688103
2499,687980,8.85754,9.9375,0.098251395,0.05088598
2499,687995,9.170717,10.0,0.03229572,0.04327766
2499,688013,10.243619,10.25,0.075005196,0.0283027
2499,688025,9.55224,9.6875,0.08419599,0.018496145
2499,717431,8.2045,9.1875,0.76115495,0.12473285
2499,722046,9.889004,9.6875,0.050119285,0.04504638
2499,724831,11.008674,10.5625,0.07138909,0.019519357
2499,724878,9.55268,10.875,0.24708828,0.035497114
2499,749710,10.925902,9.8125,0.19996068,0.02330323
2499,749711,8.897249,9.4375,0.17848532,0.06634598
2499,749714,10.460781,10.25,0.20153806,0.035124682
2499,753556,10.936969,9.6875,0.19323942,0.05635969
2499,753562,9.419579,9.25,0.08296313,0.03292252
2499,753576,11.588236,10.875,0.15594445,0.01702407
2499,905933,10.423511,10.0625,0.25064033,0.0396815
2499,905938,9.93566,9.5625,0.0757762,0.023277493
2499,905939,10.242153,10.5,0.123979986,0.022032853
2499,905940,10.554175,10.375,0.08377766,0.023872726
2499,905942,10.202358,9.25,0.09164216,0.021679562
2499,905944,10.020647,9.75,0.14052011,0.024648616
2499,905947,9.426252,10.375,0.03913879,0.021397164
2499,905962,9.958651,9.5625,0.10652778,0.033676412
2499,905964,9.759484,9.875,0.06376532,0.025561571
2499,905969,11.522635,11.1875,0.13006897,0.013996215
2499,905986,9.767087,10.75,0.060277306,0.022072935
2499,906693,10.550246,10.125,0.06724199,0.012442112
2499,906827,8.192062,8.625,0.6129575,0.09247125
2499,906831,9.936158,8.75,0.7032872,0.24267188
2499,906832,9.522427,10.125,0.03284428,0.016073467
2499,906834,9.219173,9.6875,0.04992637,0.033028185
2499,906843,10.089847,9.3125,0.1530792,0.050299633
2499,906844,9.57074,9.1875,0.04433207,0.032599594
2499,906870,8.22196,10.0,0.04477646,0.020601498
2499,906875,9.97178,10.5,0.03553463,0.010220078
2499,907045,9.217367,9.375,0.13898475,0.06784205
2499,907055,9.665303,9.5,0.18298174,0.061009742
2499,907056,9.924896,10.625,0.62498176,0.10427085
2499,907062,9.812289,9.625,0.06403195,0.02784621
2499,907065,9.133347,10.1875,0.64182144,0.07657525
2499,907068,9.047128,9.625,0.14504027,0.023356648
2499,907069,11.088009,10.375,0.13524725,0.017486911
2499,907169,9.416645,9.75,0.16607465,0.038473733
2499,907269,10.406069,10.1875,0.020976715,0.014468516
2499,907271,11.371065,10.0,0.117297016,0.015273469
2499,907286,9.80738,10.1875,0.09691055,0.023417445
2499,907295,9.091903,10.125,0.14250061,0.037920035
2499,907792,11.16951,10.5,0.7713018,0.09249154
2499,908121,9.728491,9.625,0.22903696,0.06262378
2499,908123,10.093728,9.875,0.18049836,0.04824793
2499,908127,9.731057,10.3125,0.100629285,0.022649461
2499,908152,10.944893,10.125,0.12516165,0.02986054
2499,908158,10.020172,9.4375,0.115199745,0.06379533
2499,908448,8.877527,10.125,0.13764583,0.027973583
2499,908449,11.090505,11.5,0.4616789,0.07477702
2499,908457,9.459145,10.5,0.46747,0.068443775
2499,908461,11.797817,10.5625,0.081857465,0.013910548
2499,908474,9.581054,9.6875,0.02272534,0.0088378815
2499,909250,9.320845,10.5,0.73607886,0.09994279
2499,909264,9.689076,9.6875,0.17808563,0.022946008
2499,909698,9.679174,10.0625,0.0533704,0.009807891
2499,909699,11.225764,11.1875,2.9936957,0.35044086
2499,909702,9.814855,9.25,0.0755809,0.0761412
2499,909704,9.210037,9.5625,0.04882054,0.01055516
2499,909731,8.422318,9.75,0.60238284,0.09230782
2499,909738,10.101801,10.3125,0.45260844,0.047629707
2499,909745,10.910245,10.5,0.13189608,0.023594858
2499,909746,10.406691,9.875,0.29208037,0.031572334
2499,909749,11.084183,10.375,0.12744774,0.022355594
2499,909757,8.703099,10.5625,0.95461357,0.1198052
2499,909781,12.714725,11.1875,0.7361255,0.08617056
2499,909785,8.770186,9.375,0.18640433,0.081271
2499,909907,9.997005,10.8125,0.32198393,0.088037536
2499,910079,10.839264,10.125,0.15923478,0.028298086
2499,910548,10.431596,10.5625,0.10504339,0.018916594
2499,910706,8.57854,8.8125,0.58381027,0.14730352
2499,910916,9.033314,8.875,0.03180876,0.017981265
2499,910919,8.451157,9.0625,0.035721444,0.029322473
2499,910920,9.832819,9.0625,0.20001194,0.025181036
2499,910924,10.813291,10.0625,0.11380827,0.0406519
2499,910930,9.681488,8.625,0.24296789,0.11294296
2499,910937,10.283877,10.0625,0.016041761,0.016766183
2499,924110,10.341085,10.375,0.04451291,0.013416783
2499,924240,9.633318,9.875,0.04371025,0.022872733
2499,925338,10.247313,10.25,0.031444818,0.008219193
2499,925341,9.85452,9.6875,0.4407133,0.0518263
2499,925348,11.4929,10.6875,0.6167948,0.07322632
2499,930082,9.303723,9.5625,0.44788206,0.06290318
2499,946353,10.3966,9.0625,0.1497319,0.026785498
2499,946359,11.033712,10.75,0.9682082,0.16351916
2499,946382,10.720166,9.625,0.02163245,0.01210353
2499,1240153,10.59104,9.9375,0.15962945,0.026005773
2499,1240154,10.226767,9.3125,0.10828278,0.037920035
2499,1240155,8.621076,9.625,0.14583762,0.029638393
2499,1240187,10.733226,9.875,0.2936443,0.039870232
2499,1240196,10.384519,10.0625,0.5956374,0.08597084
2499,1240199,10.779713,12.25,0.46096128,0.05586257
2499,1240201,10.378344,9.3125,0.2068021,0.029989796
2499,1240218,11.732421,9.8125,2.9787002,0.32879445
2499,1240222,10.705534,9.3125,1.4418607,0.18774745
2499,1290769,10.126011,10.875,0.446686,0.050085567
2499,1290807,9.386277,10.9375,0.12603883,0.029816698
2499,1290922,10.939549,10.25,0.12711383,0.03523478
2499,1295740,9.823515,9.625,0.035184097,0.019991834
2499,1297439,8.931817,10.625,0.04769464,0.01703635
2499,1298357,9.74425,11.8125,0.34482715,0.040011764
2499,1298359,10.106748,10.375,0.093484186,0.024654478
2499,1298475,9.698123,11.0,0.12077171,0.01567018
2499,1298538,10.948676,9.0,0.10821288,0.05618976
2499,1299052,11.5712,10.125,0.873395,0.1562414
2499,1299075,10.268715,10.1875,0.079537615,0.013516321
2499,1303900,10.23508,9.5625,0.15748563,0.057669632
2499,1327771,9.44979,9.6875,0.06472789,0.020660117
2499,1330950,9.945247,9.875,0.035713553,0.014834295
2499,1330964,9.57399,10.0,0.29309732,0.057818916
2499,1330985,8.633012,7.5625,1.137959,0.45157984
2499,1331033,8.97877,9.0625,0.16257025,0.05114692
2499,1331048,8.224561,9.375,0.084478475,0.03711573
2499,1503363,9.339901,10.0,0.09271109,0.031522367
