drug_id,cosmic_id,y_true,y_pred,epistemic,aleatoric
1614,722058,4.800628,3.390625,0.6548239,0.07031037
1614,724812,5.697644,6.0,0.33955148,0.034515355
1614,724831,3.196376,3.984375,0.6843635,0.07075109
1614,724859,4.942891,5.03125,0.5624631,0.060659725
1614,724863,2.407721,4.0625,0.46791026,0.04769343
1614,724868,2.254305,3.078125,0.4879566,0.05134953
1614,749709,5.367959,5.4375,0.17785738,0.018150853
1614,749714,4.475004,5.21875,0.43315437,0.043526806
1614,749716,5.195648,5.53125,0.26733184,0.026817415
1614,753569,3.543155,4.40625,0.3827639,0.040545646
1614,753614,4.086052,3.484375,0.32002592,0.033435795
1614,753615,3.684607,5.40625,1.2145941,0.121818945
1614,753618,1.642176,3.609375,0.8358334,0.08732653
1614,753624,5.059734,5.3125,0.40474874,0.040557217
1614,905954,5.872298,4.53125,1.0923091,0.11022652
1614,905955,5.193743,5.4375,0.4618634,0.047105335
1614,905963,6.502265,5.03125,0.78294915,0.07900855
1614,905965,1.325578,1.71875,1.0001559,0.103294544
1614,905970,5.90635,6.6875,0.61381876,0.0629015
1614,905982,6.204725,5.8125,0.42353615,0.0425304
1614,905984,3.932543,3.34375,0.7071628,0.07956258
1614,905989,2.707677,3.078125,0.5137156,0.05741085
1614,905991,3.894269,3.328125,0.24597521,0.031584993
1614,906693,3.965009,4.375,0.98088807,0.098450124
1614,906792,1.937109,3.484375,1.986994,0.20481955
1614,906805,3.36883,4.75,0.46138757,0.046974722
1614,906825,5.582375,4.34375,0.7487122,0.08483734
1614,906826,6.441645,5.5,0.5824428,0.060214292
1614,906827,1.793008,2.875,1.4813482,0.16977699
1614,906856,1.842775,3.015625,0.59366244,0.060060948
1614,906875,2.643982,4.40625,0.98459566,0.10528062
1614,907051,5.509537,5.8125,0.20229703,0.02113567
1614,907060,3.254971,3.921875,0.37342235,0.038528867
1614,907062,5.640162,5.4375,0.27161655,0.028722562
1614,907063,5.736071,4.15625,0.6993785,0.07841922
1614,907072,2.63455,4.125,0.51449275,0.05173375
1614,907169,2.322537,4.34375,0.70201033,0.07376246
1614,907171,5.436515,3.359375,2.5114334,0.25736085
1614,907269,2.06669,1.75,1.1467623,0.118435815
1614,907275,2.979049,2.578125,1.1557484,0.12125821
1614,907276,5.24235,5.46875,0.4982304,0.050370764
1614,907788,4.545434,3.625,0.3702152,0.03799709
1614,908121,4.362542,4.28125,0.33302793,0.0336925
1614,908125,3.587038,5.03125,0.22292644,0.023534436
1614,908150,3.733553,3.765625,0.82811636,0.084621154
1614,908451,3.707702,2.4375,0.66661316,0.07173164
1614,908460,5.67621,6.25,0.7646534,0.07948817
1614,908461,2.346179,4.4375,0.5055317,0.051059213
1614,908473,3.670419,4.5625,0.2634495,0.027083889
1614,909250,5.60414,5.125,0.59207183,0.059412073
1614,909706,5.858389,5.1875,0.24077591,0.024673676
1614,909709,3.112541,4.28125,0.3538392,0.03606633
1614,909728,2.788329,4.21875,0.77623177,0.07809456
1614,909732,4.212272,4.59375,0.4738175,0.048554774
1614,909737,1.927935,3.640625,1.1482524,0.11561534
1614,909738,2.604434,5.78125,0.531115,0.05344426
1614,909743,2.340342,3.03125,0.4251195,0.04370435
1614,909747,6.932449,6.1875,0.53898966,0.055364307
1614,909751,5.948846,4.6875,0.48653618,0.049021292
1614,909762,3.43423,2.375,0.25323293,0.025454834
1614,909774,3.535405,4.15625,0.73512274,0.073661834
1614,909776,4.327154,5.0,0.35182843,0.035484105
1614,909784,2.732173,3.28125,1.6446856,0.16774109
1614,909785,2.58439,2.4375,0.9870628,0.10356014
1614,910079,4.356682,3.828125,0.7501513,0.07660391
1614,910399,5.400293,4.96875,0.63121086,0.065005556
1614,910549,2.647118,3.21875,0.8717561,0.0893338
1614,910697,5.833898,5.03125,0.4622609,0.049529828
1614,910706,2.527292,2.421875,0.36574417,0.038611762
1614,910851,4.857869,5.15625,0.32350394,0.032684494
1614,910852,2.459716,3.984375,0.5691057,0.058276203
1614,910861,4.975667,3.15625,1.3897532,0.14397855
1614,910905,4.899215,4.8125,0.77365446,0.07795009
1614,910911,5.282012,5.34375,0.360384,0.03677821
1614,910915,3.738038,5.03125,1.3436973,0.13516061
1614,910921,2.080867,3.984375,2.0181904,0.20864522
1614,910922,4.095476,4.09375,0.7474696,0.075568676
1614,910924,3.335852,3.625,0.6572591,0.07072508
1614,910926,2.34504,3.390625,1.0100907,0.10252655
1614,910947,2.498515,1.5625,0.8127197,0.08410796
1614,910951,1.981345,3.046875,0.7108759,0.072546914
1614,924151,2.998654,3.546875,0.7190216,0.07512222
1614,924189,5.039548,5.1875,0.8598741,0.08811619
1614,924239,1.560683,3.484375,0.36391652,0.037381023
1614,925338,4.27619,4.5625,0.5316729,0.055623744
1614,946355,6.154226,4.875,0.5271286,0.05298667
1614,946360,5.723226,5.03125,0.27378613,0.028304648
1614,949176,5.414993,6.25,0.22654635,0.022974372
1614,1240121,3.694566,4.59375,0.59014016,0.06182694
1614,1240128,4.869725,3.140625,0.86512357,0.09700372
1614,1240166,2.055817,3.34375,0.5633466,0.059472732
1614,1240172,6.230738,6.09375,0.20642936,0.020973044
1614,1240174,4.003273,4.59375,0.3809616,0.039969534
1614,1240179,3.308824,4.21875,0.2664473,0.029164568
1614,1240184,3.234687,3.453125,0.4745613,0.05438937
1614,1240191,4.516601,4.78125,0.5203162,0.05276597
1614,1240197,4.490183,5.21875,0.31238016,0.032061182
1614,1240201,4.835367,3.921875,1.5517349,0.1590151
1614,1240209,3.353487,4.03125,0.59108835,0.060248803
1614,1240221,3.072657,3.328125,0.67215455,0.06910075
1614,1240224,7.216424,5.71875,0.48543102,0.052352082
1614,1290798,5.981749,5.4375,0.38140285,0.039114453
1614,1298136,4.120242,4.9375,0.4911702,0.04953759
1614,1298157,3.707567,4.1875,0.87132627,0.094875865
1614,1298347,4.690165,4.5,0.26793092,0.027360557
1614,1298358,3.587335,5.25,1.1195264,0.112090796
1614,1298537,4.483222,3.75,0.5289039,0.05518632
1614,1299081,2.157878,3.421875,0.65484756,0.06880692
1614,1323913,4.080737,2.21875,0.5020226,0.052314587
1614,1330982,3.508852,2.921875,0.53963655,0.056031447
1614,1330991,4.987863,3.265625,0.57310885,0.057902772
1614,1331035,4.364096,3.453125,0.34482795,0.03576354
1614,1331048,2.842662,2.6875,0.7596049,0.0776203
1614,1480360,5.549797,4.21875,0.9933655,0.10092507
1615,687505,5.270262,4.96875,0.048832882,0.0074050864
1615,687561,4.788091,4.65625,0.32276687,0.03714081
1615,687586,5.288533,5.03125,0.12721032,0.014467715
1615,687777,6.605528,6.03125,0.19253221,0.021980142
1615,687800,5.969667,6.40625,0.10743817,0.013569462
1615,687997,6.138204,6.125,0.1611154,0.018539561
1615,688013,5.000482,5.0625,0.13014217,0.016711194
1615,688015,4.338139,4.0625,0.07782986,0.009406676
1615,713899,5.265632,5.0625,0.10871007,0.01615294
1615,724878,6.525589,6.875,0.09772003,0.010957054
1615,749710,6.061927,5.4375,0.053036336,0.009069179
1615,749716,5.199591,5.3125,0.1356992,0.017307773
1615,753554,4.256156,5.71875,0.09980816,0.01323728
1615,753555,5.16489,4.46875,0.050495394,0.008324018
1615,753566,5.719524,5.46875,0.13517597,0.017127994
1615,753592,4.655983,4.84375,0.0811233,0.013216072
1615,753605,4.775806,5.125,0.06465686,0.008219427
1615,753615,5.01511,5.1875,0.09790334,0.014475186
1615,905933,5.687309,5.53125,0.06890049,0.008541909
1615,905934,6.308297,6.3125,0.074132696,0.010457891
1615,905937,4.682784,4.78125,0.117737174,0.01660917
1615,905939,6.779959,6.09375,0.102414854,0.011272194
1615,905946,6.062449,6.125,0.22841492,0.025069887
1615,905951,4.720864,5.8125,0.07745835,0.010159139
1615,905956,6.328948,5.875,0.12948164,0.013845186
1615,905957,4.062318,4.625,0.18022083,0.023301808
1615,905960,5.521349,5.03125,0.060026113,0.010075735
1615,905962,7.096334,7.59375,0.20186675,0.023045804
1615,905963,6.295833,6.34375,0.11994597,0.012468769
1615,905973,4.180389,6.28125,0.092449814,0.011953379
1615,905977,6.291673,6.4375,0.07090003,0.008983664
1615,906798,5.161241,4.9375,0.06073083,0.009724051
1615,906800,3.378832,3.5625,0.17380531,0.02078892
1615,906824,5.354949,5.09375,0.0662185,0.010787881
1615,906825,5.699119,5.15625,0.1275198,0.026112491
1615,906826,7.376474,6.84375,0.23852773,0.028249588
1615,906828,5.675341,5.6875,0.04888208,0.008411533
1615,906831,4.350719,3.75,0.18834062,0.021048214
1615,906868,4.810974,5.5,0.0826352,0.009588514
1615,906872,5.667929,6.09375,0.067225456,0.008785054
1615,907048,4.485109,5.40625,0.06902047,0.010521044
1615,907056,4.680664,4.65625,0.31399512,0.034369018
1615,907063,5.388696,5.46875,0.6975348,0.08408217
1615,907071,4.990688,5.53125,0.16055974,0.017482825
1615,907072,3.692098,5.0,0.07998054,0.009203366
1615,907073,3.55986,4.65625,0.28049478,0.02912428
1615,907269,3.217655,3.6875,0.60068995,0.063979134
1615,907282,6.145505,6.125,0.07296531,0.008749718
1615,907289,5.244758,5.84375,0.13040718,0.014274001
1615,907319,5.459233,4.71875,0.06125887,0.0098086
1615,907789,2.580302,3.90625,0.123105,0.017289588
1615,907790,4.452059,5.53125,0.27519768,0.029817821
1615,908126,5.113901,5.28125,0.20100269,0.02269403
1615,908129,5.636756,5.65625,0.141516,0.017292224
1615,908132,3.941605,4.125,0.29088852,0.03697886
1615,908138,6.235364,5.59375,0.089125566,0.009529999
1615,908147,2.531284,3.546875,0.041215654,0.0061548953
1615,908158,4.217035,3.984375,0.5161523,0.057683166
1615,908443,5.622915,5.6875,0.14162897,0.016897647
1615,908445,4.542449,4.6875,0.19093165,0.031288568
1615,908452,5.88259,5.8125,0.10261388,0.011505788
1615,908455,5.989643,5.4375,0.08543759,0.013232761
1615,908470,7.103432,6.8125,0.14625956,0.016634198
1615,909248,5.443829,5.5,0.054304447,0.009525537
1615,909255,3.737281,3.625,1.0131727,0.103041865
1615,909704,5.18846,5.03125,0.07630195,0.010360072
1615,909718,5.508985,5.5,0.23329547,0.026956066
1615,909749,4.566931,5.84375,0.111727275,0.014066204
1615,909755,6.13836,5.6875,0.041175324,0.0067876317
1615,909771,2.967013,4.46875,0.07660265,0.008533264
1615,909777,4.833294,4.125,0.1475632,0.016912187
1615,909975,5.76321,5.90625,0.06619694,0.008951963
1615,910692,5.298892,5.34375,0.06288894,0.007942886
1615,910698,4.942374,5.21875,0.121884406,0.016352816
1615,910701,5.615192,5.9375,0.07516589,0.011834251
1615,910702,8.041754,8.125,0.14800696,0.0166522
1615,910706,3.72703,3.359375,0.16062999,0.021223947
1615,910779,5.753415,5.6875,0.062858485,0.009203313
1615,910780,4.994883,4.9375,0.08570913,0.012799281
1615,910781,3.805829,4.75,0.19476983,0.027476158
1615,910784,6.040475,5.96875,0.2505693,0.025931293
1615,910851,4.85775,5.59375,0.08077343,0.0089697065
1615,910904,5.425523,5.5,0.063074164,0.010157186
1615,910918,3.539051,4.03125,0.07167868,0.009082326
1615,910933,3.714635,4.46875,0.31925043,0.043884963
1615,917486,5.582652,5.3125,0.07706013,0.0097016925
1615,924102,4.832426,5.78125,0.18710646,0.023337092
1615,924151,5.309021,5.46875,0.15426058,0.01718408
1615,924239,3.160968,3.4375,0.07460202,0.00933352
1615,946382,4.417154,4.8125,0.02477841,0.006224683
1615,998184,4.431181,4.21875,0.0984784,0.013651963
1615,1240127,5.615394,5.21875,0.12017202,0.019241607
1615,1240144,5.459833,6.125,0.115106285,0.01250221
1615,1240145,5.337407,4.9375,0.087260395,0.012309814
1615,1240146,5.517331,6.15625,0.23400341,0.024831561
1615,1240147,4.469329,3.875,0.21901736,0.025202343
1615,1240151,6.302842,5.78125,0.10250077,0.01311732
1615,1240158,5.544156,5.71875,0.18868166,0.020096373
1615,1240168,4.067065,5.03125,0.16637167,0.019800348
1615,1240178,6.364243,6.40625,0.13936457,0.014422771
1615,1240179,5.119119,5.09375,0.047018763,0.008640649
1615,1240187,5.859335,5.4375,0.1232377,0.015466486
1615,1240189,4.70276,4.78125,0.23677081,0.028466156
1615,1240197,5.18618,6.25,0.108405806,0.011691197
1615,1240209,4.515766,5.4375,0.11043639,0.012056068
1615,1240215,5.351415,5.5625,0.108564004,0.017382966
1615,1240221,4.452717,4.46875,0.09605761,0.01209343
1615,1247871,3.657471,4.40625,0.10538562,0.01687405
1615,1290765,3.730094,5.09375,0.13928515,0.018543396
1615,1295741,2.696379,4.09375,0.16216479,0.017613446
1615,1297446,4.332211,4.0625,0.0859553,0.011865388
1615,1298144,5.470181,4.9375,0.16042523,0.016936159
1615,1298169,4.626666,5.1875,0.06974404,0.011104104
1615,1298226,5.792767,5.65625,0.10044863,0.015000389
1615,1298356,5.933086,6.9375,0.14227079,0.020438854
1615,1298357,5.551184,6.5625,0.364514,0.0441744
1615,1298538,5.507011,5.375,0.20261958,0.024297358
1615,1303900,4.796124,5.53125,0.12433633,0.017945986
1615,1323913,3.183654,3.453125,0.24875703,0.026827598
1615,1330972,5.284172,5.28125,0.060246,0.009814879
1615,1331036,3.60115,2.453125,0.26015076,0.033292245
1615,1331040,3.047568,3.953125,0.11050826,0.015004513
1615,1659817,5.324213,5.25,0.1385978,0.014442949
1617,687452,2.295645,1.59375,0.55605215,0.09112201
1617,687561,1.598948,1.5625,4.7725096,0.5283629
1617,687588,3.725547,3.25,47.21686,5.478773
1617,687777,5.930701,3.546875,6.598842,0.7760001
1617,687780,3.167557,2.890625,0.43871272,0.07147217
1617,687821,7.42149,6.125,2.2210002,0.38958538
1617,687983,2.087527,2.421875,1.1943153,0.235601
1617,722046,1.32862,1.875,0.6781442,0.09028312
1617,724825,-0.853811,0.69140625,0.03579701,0.011877393
1617,724834,4.076888,2.984375,0.7550743,0.22975549
1617,724866,2.83001,3.28125,0.8434928,0.11693258
1617,724869,3.130331,4.28125,0.8700609,0.10433435
1617,724870,1.632975,1.90625,0.48805913,0.056161
1617,724874,4.284412,4.625,1.4629289,0.16576597
1617,724878,6.919665,4.5625,0.31605616,0.03499047
1617,749713,1.815553,1.671875,3.3105614,0.63898844
1617,753539,3.953765,1.921875,9.611226,1.294588
1617,753556,-3.537644,2.59375,7.806367,0.89468604
1617,753562,0.676802,1.6875,0.7947081,0.25122947
1617,753573,-2.944519,1.859375,1.9793991,0.34277767
1617,753586,0.300835,1.703125,0.578114,0.29941452
1617,753592,1.842126,0.045898438,12.76217,2.9442935
1617,753620,4.234563,2.515625,0.5078754,0.0750903
1617,753621,4.298833,3.046875,8.595937,1.4086431
1617,905933,4.201198,3.3125,2.0369763,0.27118802
1617,905935,4.685735,4.3125,0.8331715,0.15311213
1617,905937,4.218621,1.40625,0.39627397,0.07993122
1617,905941,7.486184,5.53125,5.7287483,0.804579
1617,905946,-0.596303,2.9375,0.44570792,0.19482312
1617,905951,0.541889,2.4375,3.9696586,0.42446682
1617,905957,2.040345,0.81640625,0.41091922,0.06617262
1617,905969,2.839592,3.75,0.39582545,0.05172665
1617,905976,2.104447,1.703125,3.4869099,0.5888987
1617,905983,5.538064,2.9375,0.34216172,0.090642974
1617,905986,2.332147,3.296875,0.75656706,0.08259256
1617,905990,0.376218,4.59375,2.2633705,0.26044622
1617,906696,2.959429,3.703125,2.0995317,0.26517126
1617,906790,-1.353199,0.703125,1.5047847,0.51415265
1617,906797,-3.119298,2.375,0.2842314,0.06957039
1617,906798,3.651339,1.421875,14.981238,1.9507358
1617,906805,4.993608,2.34375,2.609689,0.31541234
1617,906826,5.194983,3.109375,1.8103578,0.23920155
1617,906848,0.660099,2.078125,4.284166,0.8907834
1617,906851,-2.272328,2.578125,2.5388513,0.66067034
1617,906855,0.867367,1.5,5.9259605,0.64364517
1617,907047,1.563392,2.109375,12.06158,1.5333142
1617,907055,1.546279,1.484375,0.12202201,0.024249095
1617,907056,1.860364,1.328125,0.98643816,0.16659799
1617,907061,-5.75991,2.640625,1.1359922,0.12737541
1617,907068,2.519001,4.4375,1.5836226,0.17288017
1617,907072,1.066799,2.03125,0.592557,0.066221856
1617,907073,1.658516,1.125,2.1260421,0.23035783
1617,907171,2.11118,1.140625,8.038087,1.5187118
1617,907173,5.215664,2.3125,4.1765265,0.6056668
1617,907175,1.176044,2.484375,10.46993,1.1400363
1617,907270,-0.075575,0.6953125,1.6739216,0.24997328
1617,907290,0.628373,5.28125,0.89662683,0.09897134
1617,907295,5.637824,4.3125,0.31618747,0.116363674
1617,907311,1.872264,0.83984375,5.7828503,0.86357564
1617,907322,1.76471,1.546875,0.7026864,0.079917
1617,907789,-0.230027,2.203125,2.3006675,0.26583007
1617,908125,2.079987,3.46875,4.262491,0.5436601
1617,908130,4.43236,3.015625,10.555465,1.3086092
1617,908133,-6.143092,0.8359375,0.5401179,0.0953595
1617,908442,4.29766,4.90625,1.8675933,0.19003911
1617,908447,5.154671,1.9375,1.0278218,0.11926254
1617,908475,0.231017,2.078125,5.5896025,0.70371795
1617,908480,3.17245,2.34375,0.1178313,0.06808
1617,909249,1.873293,1.28125,1.3599498,0.15586355
1617,909255,0.18221,1.46875,1.4786078,0.15071242
1617,909263,2.196736,2.734375,0.9931221,0.15635891
1617,909704,1.771577,3.15625,1.9827003,0.22723687
1617,909707,1.211293,1.96875,9.606812,1.2789801
1617,909709,2.049247,2.390625,0.8081254,0.10412548
1617,909718,4.664351,1.375,5.1068435,0.62757576
1617,909725,3.515954,1.53125,26.565794,4.405548
1617,909726,0.855914,2.1875,0.57575697,0.092188604
1617,909736,0.905516,3.375,1.4490162,0.1854348
1617,909748,-0.425104,2.9375,0.8644284,0.093889445
1617,909774,4.698897,2.140625,1.6748569,0.18977974
1617,909781,7.521836,5.78125,5.171395,1.5885872
1617,909975,1.03385,3.375,0.9338179,0.106607884
1617,910079,2.370499,2.203125,1.8485408,0.28785998
1617,910546,2.447095,2.109375,0.7135438,0.0898335
1617,910689,6.953065,4.53125,0.98573756,1.312736
1617,910692,5.619418,1.8125,2.21439,0.30964065
1617,910780,5.034077,2.6875,0.2588098,0.03904425
1617,910784,-5.453459,1.921875,55.89517,6.7027326
1617,910852,-1.958774,3.125,0.41106173,0.052085172
1617,910861,-5.06936,1.96875,1.7772293,0.20621948
1617,910904,2.503209,2.265625,5.6696515,0.640127
1617,910911,3.433516,3.53125,0.8224173,0.086967945
1617,910927,4.171718,2.046875,1.8343323,0.21284539
1617,910952,4.052929,4.1875,3.8317077,0.40087417
1617,924151,3.126913,2.125,8.402731,1.242359
1617,924187,3.885976,3.8125,6.468348,0.8363307
1617,925338,3.482522,1.90625,1.9219404,0.32865056
1617,925347,5.363523,3.796875,0.8324948,0.1432541
1617,930301,-1.467056,4.53125,15.505747,1.744545
1617,946355,2.515453,2.546875,0.4007006,0.04244566
1617,998189,5.535517,4.0625,12.715403,1.3469248
1617,1240143,2.064107,2.328125,1.0496874,0.5578369
1617,1240144,-2.424809,2.0,16.90952,2.4180458
1617,1240150,5.070196,2.609375,136.04016,14.851169
1617,1240157,4.578081,1.078125,2.34596,0.32661757
1617,1240158,4.642242,2.078125,3.531016,0.44454673
1617,1240166,-6.195072,1.796875,16.30044,3.6688743
1617,1240174,3.480208,3.03125,4.477773,0.7562441
1617,1240187,2.564466,1.640625,4.9389014,0.6258027
1617,1240192,3.62169,2.3125,25.309307,3.283893
1617,1240196,4.862314,4.125,0.5920793,0.08389961
1617,1240198,2.758821,3.640625,4.7516212,0.51244617
1617,1240201,3.924273,1.90625,0.3744662,0.06172966
1617,1240209,1.34715,3.40625,9.01643,0.9139771
1617,1240210,0.076074,1.0,0.44707578,0.056833986
1617,1240215,2.111457,1.59375,0.5290009,0.16723199
1617,1240222,-2.5259,2.421875,21.320404,3.1215887
1617,1290797,2.018011,2.09375,17.769405,2.0800796
1617,1290905,5.117079,3.90625,7.0617967,1.4138179
1617,1295740,-2.385185,0.9375,0.36809787,0.04742874
1617,1298145,1.979292,3.0625,3.9401357,0.65736526
1617,1298146,4.989371,3.84375,1.4354924,0.17491814
1617,1298169,2.458161,1.96875,3.7781124,1.2908999
1617,1298350,0.6022,1.796875,3.9340117,0.58165073
1617,1298353,4.043873,3.125,16.983961,2.4747303
1617,1299081,1.708474,2.328125,0.16745557,0.020185413
1617,1323913,-5.502108,0.1875,12.031741,1.4961178
1617,1327775,1.024294,0.40039062,0.14396445,0.11788676
1617,1330994,0.803851,0.3671875,0.39298692,0.059593085
1617,1330995,1.509911,1.5,0.1383697,0.022542275
1617,1480360,2.817279,3.125,3.6802967,0.40176892
1617,1480361,4.176716,2.5,1.0270541,0.116807535
1617,1503366,-2.465756,4.15625,8.415074,0.85773665
1617,1503371,1.744898,2.546875,9.227973,1.1931388
1617,1660034,3.561889,1.78125,45.083054,4.9763517
1617,1674021,1.896157,2.578125,2.4071305,0.5043766
1618,684072,2.530721,3.46875,0.19945334,0.024653878
1618,687452,3.11178,4.15625,0.14059077,0.015930485
1618,687563,3.670844,3.953125,0.41814458,0.043062825
1618,687777,4.407548,4.75,1.1686492,0.12317503
1618,687800,6.032747,5.78125,0.48047063,0.05181712
1618,687829,4.294003,4.78125,0.21750087,0.022583509
1618,687980,3.842475,3.0,0.7688886,0.082215555
1618,688018,5.075628,6.125,0.40375867,0.04242421
1618,713880,3.317201,3.3125,0.14328767,0.018097261
1618,722046,2.076796,2.78125,0.8172386,0.106797114
1618,724839,5.196609,5.40625,0.33825797,0.034612536
1618,724866,4.210911,5.1875,1.5875094,0.1644661
1618,749710,5.299886,4.28125,0.36032227,0.038451917
1618,749715,3.626692,2.46875,0.59493715,0.0696431
1618,749717,5.217012,5.46875,0.93282753,0.09482177
1618,753535,5.245252,4.5625,0.29738703,0.030430384
1618,753556,3.895358,3.671875,0.39398813,0.04348914
1618,753566,4.187675,4.78125,0.25649032,0.02643905
1618,753570,2.36293,2.90625,0.15848607,0.029735038
1618,753572,4.267919,3.484375,0.12101912,0.01663559
1618,753605,3.441844,4.1875,0.21842675,0.025033843
1618,753624,4.168959,3.515625,0.34097123,0.035996474
1618,905943,3.1441,3.953125,0.17763978,0.020128546
1618,905950,2.632748,3.234375,0.313423,0.034698956
1618,905955,5.435838,5.0625,0.8880532,0.093600355
1618,905964,2.96748,2.96875,0.570978,0.074348144
1618,905969,6.665074,5.5625,0.78834945,0.086526014
1618,905970,4.802209,5.46875,1.5978135,0.17354569
1618,905972,5.273881,4.875,0.45874065,0.047009762
1618,905974,3.601683,2.75,0.22117312,0.023470057
1618,906696,2.735958,3.78125,0.32586864,0.037497725
1618,906790,3.241047,2.5,0.6528715,0.08046345
1618,906791,4.226397,4.90625,0.22560345,0.02407535
1618,906795,3.532442,5.0625,0.45387837,0.047182117
1618,906797,3.597174,3.875,0.25327602,0.028495977
1618,906825,5.232282,4.125,0.20007889,0.028480502
1618,906826,6.261697,5.65625,0.5206515,0.055672113
1618,906828,4.700288,5.21875,0.1137365,0.014185931
1618,906843,3.604527,3.453125,0.73163444,0.08866467
1618,906848,3.446227,3.046875,0.27587545,0.03390211
1618,906851,2.496529,5.03125,0.12047658,0.013337921
1618,907047,2.784145,4.03125,0.09661428,0.01800096
1618,907048,3.747408,4.4375,0.2820763,0.028805051
1618,907053,2.635223,3.125,0.18404385,0.028202474
1618,907068,3.745237,3.984375,0.20253673,0.028700132
1618,907072,2.314181,4.0625,0.4519001,0.0484197
1618,907169,5.361641,3.75,0.2285492,0.025016347
1618,907175,2.468811,3.328125,0.12658839,0.013508924
1618,907271,3.683924,4.96875,0.36943787,0.03827379
1618,907274,2.566972,3.40625,0.6551636,0.066412605
1618,907276,1.466964,5.25,1.4004042,0.14593281
1618,907277,1.487109,2.71875,0.1540385,0.020129824
1618,907282,5.379885,4.8125,0.22266835,0.02323342
1618,907295,3.245295,3.78125,0.16778651,0.0227816
1618,907312,3.813214,3.25,0.09606436,0.016224159
1618,907314,3.448065,5.09375,0.2346425,0.023839474
1618,907320,4.118857,3.765625,0.36039135,0.038780306
1618,907321,3.326551,4.25,0.12576218,0.015591314
1618,907791,3.511465,3.953125,0.31479427,0.033873785
1618,908122,2.598343,3.234375,2.5993671,0.269897
1618,908129,4.390667,4.4375,0.43461904,0.045599137
1618,908130,4.248455,4.71875,0.21720386,0.02278848
1618,908134,4.214818,3.828125,0.11763097,0.015907504
1618,908135,4.38778,3.65625,0.09174095,0.010126537
1618,908147,1.40634,2.21875,0.041625757,0.0074961176
1618,908442,3.724277,4.4375,1.0568963,0.110000126
1618,908445,3.513423,3.390625,0.24958739,0.029929558
1618,908449,8.102578,7.40625,0.6708683,0.07853158
1618,908451,3.113165,2.46875,0.1986405,0.026755964
1618,908452,3.379955,4.09375,0.6477369,0.066534676
1618,908473,6.276069,4.5625,0.5685981,0.059406213
1618,909251,1.669558,2.171875,0.82360214,0.08882269
1618,909696,3.262475,3.03125,0.22425649,0.033321675
1618,909713,4.05896,4.53125,0.16039702,0.019136852
1618,909715,2.997084,2.28125,2.4008772,0.25952205
1618,909724,5.062306,4.59375,0.48104504,0.050327044
1618,909736,5.050065,5.15625,0.51096725,0.05193974
1618,909737,5.095137,4.53125,1.8392085,0.18457751
1618,909738,4.724237,5.15625,0.6794338,0.06917442
1618,909743,2.422548,3.234375,0.7935137,0.08991385
1618,909753,3.949524,4.40625,0.43940246,0.04603468
1618,909759,3.314309,4.3125,0.3042507,0.03348706
1618,909904,4.536266,5.28125,0.2692882,0.028977053
1618,910079,5.493128,3.71875,0.5785232,0.06107493
1618,910546,4.324139,4.46875,0.40047047,0.041444488
1618,910691,3.946321,4.46875,0.15483606,0.015855152
1618,910704,3.184143,3.40625,0.20860751,0.028796468
1618,910781,1.980988,4.40625,0.38615763,0.04120895
1618,910784,1.68527,3.6875,0.863442,0.09033351
1618,910852,4.053697,4.09375,0.46777457,0.050807096
1618,910903,3.189273,3.859375,0.21813715,0.0263645
1618,910918,2.505417,2.90625,0.08732668,0.012319165
1618,910921,2.515173,3.46875,0.2753652,0.033193044
1618,910922,3.711677,3.25,0.3249591,0.034891814
1618,910925,3.020318,3.578125,0.37735915,0.054212037
1618,910943,5.994764,5.0,0.65951604,0.06774462
1618,924104,3.817629,3.828125,0.239225,0.034208957
1618,924105,2.080986,3.0625,0.29823703,0.035672244
1618,924250,6.258322,5.78125,0.5612536,0.0584144
1618,946353,3.151215,4.59375,0.13838665,0.016770678
1618,946355,3.646803,2.75,0.46182922,0.04969564
1618,1240122,5.505808,3.9375,0.2773181,0.030991988
1618,1240123,3.964667,2.9375,0.48846582,0.05030489
1618,1240150,5.3498,4.09375,0.9175264,0.10557983
1618,1240154,4.724605,2.734375,0.13984677,0.022017725
1618,1240185,3.109137,3.625,0.4390206,0.044722725
1618,1240190,4.362633,4.9375,0.21101657,0.024381857
1618,1240201,4.794684,4.3125,0.41384226,0.046561215
1618,1240207,5.691941,4.03125,0.2405663,0.034721944
1618,1290455,1.965666,2.484375,0.70369077,0.08859303
1618,1298157,4.190741,4.84375,0.24385859,0.027948583
1618,1298215,2.21256,3.21875,0.1214444,0.022471448
1618,1298353,4.466542,4.75,0.34576496,0.035710063
1618,1298358,3.608692,5.03125,0.8925235,0.089533575
1618,1299052,5.402106,4.21875,1.107227,0.12295506
1618,1303896,2.468849,2.328125,1.7007456,0.18222964
1618,1322212,3.209758,4.90625,0.47263324,0.04776693
1618,1323913,2.206909,2.3125,0.14914396,0.017305808
1618,1327765,2.690796,3.1875,0.19963661,0.023878612
1618,1330931,1.964221,2.84375,0.26646417,0.035750594
1618,1331038,3.991384,3.515625,0.10522538,0.016297538
1618,1480360,2.280382,3.78125,0.4860261,0.051766355
1618,1480362,5.793994,4.53125,0.1731784,0.031825036
1618,1480372,5.042327,4.78125,0.33863086,0.03606737
1618,1503364,2.592838,3.578125,0.8780858,0.095611885
1618,1503366,3.897633,4.71875,0.2852696,0.029765287
1618,1659928,4.143253,2.859375,0.40336525,0.043130953
1618,1674021,4.327918,4.34375,0.2413202,0.027657656
1620,687457,5.3608,5.90625,0.055599228,0.010731492
1620,687459,5.939251,5.9375,0.05537286,0.011971793
1620,687568,6.605397,6.46875,0.09748583,0.012433845
1620,687794,5.467701,4.96875,0.1394428,0.01828878
1620,687815,5.092773,5.0625,0.11091868,0.01690774
1620,687829,4.876697,5.78125,0.21765861,0.026306663
1620,687980,4.016307,5.34375,0.1072451,0.014445423
1620,687983,5.036475,5.53125,0.04441923,0.009758001
1620,687997,4.569334,6.46875,0.12967348,0.015590206
1620,688058,5.936459,5.90625,0.03262762,0.011148157
1620,724828,6.013838,5.84375,0.09461422,0.013288175
1620,724839,6.383746,6.875,0.15530571,0.017663023
1620,724870,5.400073,5.03125,0.038148426,0.012907311
1620,749711,5.365881,5.15625,0.12031045,0.017125754
1620,749715,4.71063,5.0,0.11975298,0.017883183
1620,749716,5.110576,5.0625,0.08773936,0.021475678
1620,753535,6.017666,6.53125,0.06302282,0.007790077
1620,753562,5.141694,4.875,0.027017225,0.008791747
1620,753566,6.303006,5.40625,0.16740951,0.021212272
1620,905936,5.317744,4.90625,0.05771745,0.01025714
1620,905940,5.321206,5.21875,0.04880974,0.010637079
1620,905942,4.455121,5.125,0.021733595,0.010419334
1620,905947,5.458123,5.53125,0.0466154,0.011312395
1620,905951,6.315552,5.78125,0.12867032,0.019822164
1620,905957,4.322342,5.90625,0.0801312,0.014527373
1620,905962,7.031463,7.15625,0.059809774,0.0116277905
1620,905970,7.156068,7.21875,0.11621583,0.018933116
1620,905972,6.50793,6.21875,0.10328284,0.013750316
1620,905973,4.483947,6.53125,0.060762957,0.013348385
1620,905986,5.968987,5.875,0.051887643,0.009873113
1620,905991,5.093079,4.96875,0.031999562,0.011373603
1620,906791,6.37219,6.09375,0.070035934,0.012697153
1620,906795,6.067434,6.28125,0.046214797,0.011815219
1620,906800,4.497324,4.125,0.062902115,0.007729989
1620,906804,5.211118,5.09375,0.07818214,0.011446897
1620,906813,5.592491,5.84375,0.10813716,0.017720778
1620,906824,4.95137,5.8125,0.04319761,0.00926593
1620,906826,6.360082,6.84375,0.15762426,0.028966649
1620,906836,4.351291,3.6875,0.05777365,0.009697645
1620,906837,4.733788,5.21875,0.04104624,0.010971823
1620,906842,3.343572,3.296875,0.06408168,0.011168356
1620,906843,5.578102,5.09375,0.10076198,0.017017532
1620,906849,5.219069,4.96875,0.051527012,0.010164665
1620,906852,6.667013,6.5,0.060469415,0.01118895
1620,906856,4.130711,3.546875,0.2536098,0.031348005
1620,906875,5.560328,5.15625,0.10441297,0.01374483
1620,907042,5.009636,4.6875,0.06394279,0.013608452
1620,907048,5.381526,5.40625,0.030969819,0.008204297
1620,907061,5.168114,5.28125,0.05453936,0.013235343
1620,907171,5.475774,4.65625,0.15574394,0.032633707
1620,907175,4.883006,4.71875,0.05185998,0.007630011
1620,907269,3.871155,4.84375,0.20841108,0.026155854
1620,907275,3.739672,4.75,0.1088547,0.016015483
1620,907285,5.674687,6.75,0.045336645,0.009354639
1620,907295,5.490707,5.5,0.032053363,0.0071560345
1620,907311,4.992917,4.3125,0.11569734,0.017454192
1620,907312,4.779276,4.96875,0.023997767,0.0070319287
1620,907313,5.263291,5.75,0.10294855,0.016483834
1620,907323,4.784315,4.5625,0.06955062,0.014686784
1620,907783,4.371722,4.28125,0.06032397,0.009445282
1620,907788,5.344501,5.625,0.17398584,0.02176751
1620,907790,5.552721,6.21875,0.11889355,0.015889611
1620,908122,4.842082,4.59375,0.17513621,0.033562604
1620,908125,5.592618,5.65625,0.0666215,0.010547548
1620,908131,5.245482,5.625,0.042758793,0.010465929
1620,908447,5.642499,5.59375,0.13122034,0.015540836
1620,908451,4.951733,5.0,0.050596736,0.010282709
1620,908455,5.130864,5.53125,0.050734986,0.015006638
1620,908470,6.722708,7.34375,0.09920027,0.01512146
1620,908475,5.72475,5.75,0.13456863,0.027143432
1620,908481,5.956583,6.625,0.1283599,0.015202065
1620,908483,4.878875,4.65625,0.0344128,0.01027501
1620,909722,4.369026,4.46875,0.059596844,0.009181126
1620,909735,5.111306,5.28125,0.04544004,0.013191205
1620,909736,5.446461,6.09375,0.09455311,0.013843823
1620,909743,5.499413,5.09375,0.17677628,0.020788256
1620,909753,5.61496,6.5,0.072928414,0.016281545
1620,909904,5.59502,6.96875,0.13578273,0.018665034
1620,910549,6.178613,5.78125,0.10619789,0.015779665
1620,910703,5.348092,5.4375,0.105163164,0.012052728
1620,910780,4.772727,5.21875,0.06493867,0.010967391
1620,910851,4.895099,5.21875,0.04653904,0.009602737
1620,910852,4.019202,5.5,0.029425785,0.011916054
1620,910905,6.771613,5.96875,0.16297203,0.0212209
1620,910915,6.431181,6.71875,0.11720651,0.017244259
1620,910916,5.092278,5.3125,0.054608274,0.014084907
1620,910947,4.271811,3.453125,0.08529496,0.012737432
1620,924100,6.087555,6.40625,0.110210896,0.016458226
1620,924187,5.432419,6.625,0.12031937,0.019834293
1620,930082,5.120927,5.25,0.03323556,0.017302152
1620,930301,6.171111,6.46875,0.087429106,0.011466865
1620,946359,6.701574,6.0625,0.22644563,0.032233708
1620,946382,4.593847,4.625,0.019456971,0.0070543187
1620,1240123,5.248393,5.1875,0.10485887,0.013201488
1620,1240143,5.648421,5.8125,0.08293481,0.016481405
1620,1240144,6.663642,6.40625,0.09976882,0.013333674
1620,1240146,6.152782,6.1875,0.14647333,0.019729285
1620,1240151,5.790804,6.03125,0.074926525,0.015946036
1620,1240153,5.414537,5.28125,0.02687324,0.009889921
1620,1240154,5.193578,5.53125,0.028023968,0.0102110775
1620,1240157,5.829298,5.84375,0.09661901,0.017635254
1620,1240187,5.370927,5.5625,0.08063557,0.013702903
1620,1240191,5.770685,5.96875,0.047937643,0.0068237484
1620,1240209,5.686798,5.4375,0.10792661,0.015157845
1620,1240215,6.19497,6.125,0.054671973,0.019051569
1620,1240222,5.720541,5.5625,0.1040968,0.017367326
1620,1240224,7.42709,7.5625,0.0528348,0.009389429
1620,1290455,4.008712,4.96875,0.120161854,0.020169869
1620,1290730,5.319821,5.34375,0.015863338,0.009834452
1620,1297447,4.961046,4.71875,0.049096968,0.011614749
1620,1298136,5.505838,5.96875,0.23765762,0.032400005
1620,1298146,5.470319,5.6875,0.08318422,0.012422226
1620,1298218,6.476421,5.90625,0.04232576,0.01565475
1620,1298226,5.949016,6.0,0.084618926,0.016216129
1620,1298353,5.763415,6.0,0.06578676,0.010357585
1620,1298537,5.092571,5.28125,0.121291295,0.017187381
1620,1299075,6.061137,6.1875,0.10900133,0.014142969
1620,1303896,4.262507,4.625,0.13297434,0.016388485
1620,1323913,4.099886,3.828125,0.11203696,0.013848579
1620,1327765,4.621695,4.375,0.05529993,0.0072007105
1620,1330931,4.667777,4.28125,0.03369681,0.008926713
1620,1330933,4.322733,4.5625,0.08865257,0.010990665
1620,1330947,4.158413,3.609375,0.43896997,0.063358374
1620,1330972,5.303135,4.96875,0.05871131,0.015010064
1620,1330984,4.570231,4.34375,0.08777627,0.0121683385
1620,1330994,4.224925,4.21875,0.14649005,0.017226702
1620,1331033,3.062505,3.78125,0.052297477,0.009812015
1620,1331035,4.389589,4.1875,0.05002537,0.007153582
1620,1480371,6.268911,5.71875,0.051279273,0.009827014
1620,1503364,5.420103,5.59375,0.14580931,0.020755421
1620,1503371,5.134192,4.75,0.04898959,0.014089843
1620,1659817,5.341508,5.15625,0.10310479,0.012980654
1620,1659818,4.438931,4.1875,0.031057347,0.007940084
1621,687568,6.080941,5.4375,0.13485937,0.01367042
1621,687780,5.971216,4.40625,0.76919824,0.07764317
1621,687794,5.046574,4.5625,0.46492702,0.046532135
1621,687983,5.173858,4.84375,0.18270305,0.018490886
1621,687995,5.225945,5.0,0.08490751,0.00864459
1621,688011,4.083991,4.78125,0.11878026,0.011913186
1621,688023,3.826157,4.875,0.650132,0.06552009
1621,688025,3.087243,3.390625,0.633252,0.0644031
1621,749710,5.357204,5.46875,0.20397435,0.020755645
1621,753535,5.483517,5.25,0.15694107,0.015786478
1621,753592,5.462451,5.125,0.2190764,0.022522118
1621,753605,4.027907,3.671875,0.35983813,0.036247376
1621,905934,6.200435,5.9375,0.26849666,0.027514381
1621,905940,5.138615,4.15625,0.21582833,0.021843407
1621,905944,3.443906,4.46875,0.47102496,0.04890738
1621,905947,3.868073,4.21875,0.3905602,0.040976595
1621,905954,5.450481,4.875,0.72174513,0.072253115
1621,905965,2.157012,1.265625,0.5466183,0.055364307
1621,905970,6.217785,6.4375,0.26451966,0.027067203
1621,905986,3.849518,4.75,0.17324601,0.017727548
1621,906797,4.548463,4.90625,0.15209097,0.015980683
1621,906813,3.620027,4.65625,0.47594753,0.047764685
1621,906826,6.947932,6.15625,0.2200385,0.022204408
1621,906828,5.673254,4.34375,0.2620943,0.027042292
1621,906832,3.676729,3.0,0.29791546,0.030933106
1621,906849,3.498618,3.953125,0.123739675,0.012501761
1621,906855,4.873933,4.03125,0.19276842,0.019648615
1621,906864,4.869351,5.40625,0.3138286,0.03157948
1621,906865,3.319739,4.4375,0.3315724,0.033415757
1621,906868,4.8098,5.46875,0.24253733,0.024489049
1621,906872,5.544686,5.28125,0.677933,0.06910075
1621,907051,5.405957,5.53125,0.10273851,0.0115996
1621,907061,5.208726,4.46875,0.37262663,0.0376853
1621,907067,4.830604,4.125,0.19772512,0.020165935
1621,907169,5.456144,4.90625,0.18689238,0.018978912
1621,907171,2.342155,4.40625,0.46299645,0.046589725
1621,907173,4.615781,3.984375,0.36168268,0.03639487
1621,907274,3.70902,3.03125,0.1828581,0.018569233
1621,907281,3.338033,3.359375,0.34034857,0.03471207
1621,907290,6.484429,5.25,0.71113616,0.07150682
1621,907298,3.43614,4.0625,0.25848374,0.025907965
1621,907311,3.546812,3.40625,0.38655534,0.038844164
1621,907312,3.906599,3.703125,0.50980383,0.05163555
1621,907789,1.514473,3.34375,0.18341865,0.018742654
1621,907792,7.139426,6.71875,0.49134085,0.04947217
1621,908132,0.744295,2.859375,0.32744142,0.034210555
1621,908133,3.233501,2.34375,0.5605755,0.056982405
1621,908150,4.482122,4.625,0.30478323,0.031575564
1621,908158,2.169845,1.609375,0.32716432,0.03622025
1621,908457,6.092747,5.5625,0.30066466,0.030127635
1621,908463,6.658351,6.46875,0.30647525,0.031202814
1621,909255,1.785045,3.25,0.45158714,0.04526282
1621,909703,2.583107,2.828125,0.2734505,0.028495632
1621,909712,4.184435,4.21875,0.27262202,0.027427753
1621,909732,4.583993,4.21875,0.18358721,0.020727754
1621,909748,5.738012,5.28125,0.48907968,0.048958004
1621,909753,5.086904,5.03125,0.5735579,0.057627067
1621,909771,4.093698,3.5625,0.7827664,0.0784943
1621,910079,4.171339,4.5,0.32673797,0.034183405
1621,910692,4.076404,5.1875,0.20137928,0.020162778
1621,910702,7.638481,8.1875,0.18135297,0.018496145
1621,910704,3.738279,4.5625,0.2880721,0.029566322
1621,910899,2.899659,2.765625,0.21535875,0.022121366
1621,910900,3.864659,4.46875,0.16148354,0.016222382
1621,910904,5.456767,5.46875,0.12481409,0.013268957
1621,910905,6.633276,4.8125,0.5586562,0.055994414
1621,910921,4.576174,5.03125,0.7028151,0.07084686
1621,910931,3.017774,3.984375,0.5056638,0.05167131
1621,910935,2.901957,1.890625,0.18598379,0.018822921
1621,910943,6.560006,6.125,0.28329164,0.028506655
1621,910947,3.084443,2.734375,0.22613898,0.022975521
1621,911905,5.652485,6.6875,0.21336028,0.021787914
1621,924240,5.158657,4.8125,0.1789369,0.018272668
1621,925348,6.087505,6.40625,0.9057401,0.09107482
1621,930082,4.147711,5.28125,0.093229644,0.01060307
1621,930301,5.788087,4.125,0.97982824,0.0988759
1621,946354,4.170842,4.09375,0.117362045,0.012601508
1621,946359,6.268959,6.09375,0.10927532,0.011113537
1621,1240142,4.655515,4.46875,0.6404802,0.06428395
1621,1240150,4.853991,4.5,0.37487695,0.03794029
1621,1240154,5.260022,3.984375,0.4577099,0.04650293
1621,1240160,5.101734,4.96875,0.21071792,0.021252222
1621,1240166,3.178791,3.171875,0.27582845,0.028673254
1621,1240185,4.889848,3.84375,0.3656318,0.036807027
1621,1240190,4.746647,5.21875,0.22043718,0.02258945
1621,1240215,5.41394,4.96875,0.6049959,0.06329481
1621,1290769,4.864853,4.875,0.3628846,0.037106548
1621,1297449,1.559404,2.703125,0.41406542,0.04253225
1621,1298134,3.976838,4.40625,0.06721704,0.008039855
1621,1298157,5.346417,5.28125,0.3159164,0.034579314
1621,1298218,5.80696,6.3125,0.11500926,0.011984844
1621,1298348,6.200051,7.03125,0.19802576,0.019871105
1621,1298351,4.433938,3.765625,0.35055485,0.035165943
1621,1298356,6.612975,6.4375,0.15623423,0.017905971
1621,1298357,6.644854,5.90625,0.39489245,0.039676014
1621,1299052,6.304374,5.15625,0.23547336,0.02372528
1621,1303900,4.540859,4.84375,0.14116047,0.014309151
1621,1327768,1.780392,2.546875,0.1228007,0.013478103
1621,1330942,5.238122,4.84375,0.09218279,0.009511212
1621,1330947,3.055999,1.890625,0.15173452,0.017131452
1621,1330983,4.26452,4.09375,0.21360493,0.021635005
1621,1480374,4.648199,4.25,0.20404942,0.020702064
1621,1503365,6.294561,7.09375,0.4216287,0.042776812
1621,1660036,5.399105,5.0625,0.19743702,0.01989764
1622,687452,4.250665,4.75,0.18506369,0.019215498
1622,687506,4.2386,4.1875,0.18273799,0.019621115
1622,687596,3.733114,4.03125,0.10195387,0.010859046
1622,687812,4.612598,5.15625,0.35290924,0.036522403
1622,687995,3.817539,3.21875,0.29484043,0.032545034
1622,688018,6.388001,5.46875,0.32726604,0.033588998
1622,688058,5.375068,5.21875,0.33181715,0.034865085
1622,724839,4.529752,5.96875,0.28618303,0.028797604
1622,724859,5.894404,5.25,0.37321976,0.03816336
1622,724868,4.126374,4.25,0.16236907,0.017010847
1622,724874,5.996038,7.40625,0.40496668,0.04057906
1622,749711,5.111045,3.671875,0.6441459,0.0652424
1622,749716,2.5765,3.046875,0.49714896,0.050461773
1622,753539,2.769404,4.25,0.16749042,0.01745378
1622,753554,4.887679,4.96875,0.14790152,0.015012346
1622,753604,2.541217,3.8125,0.28328875,0.029257618
1622,753614,4.851598,5.59375,0.13120641,0.01341643
1622,905935,4.651883,5.34375,0.1737758,0.018474067
1622,905939,4.510892,4.15625,0.21040644,0.021366766
1622,905951,5.744057,5.0,0.22257137,0.022453766
1622,905955,5.442938,4.875,0.43742898,0.046179555
1622,905959,6.5659,6.71875,0.35104463,0.035895854
1622,905960,4.784919,5.28125,0.30428895,0.03067367
1622,905963,3.110002,5.0,0.46355957,0.046532135
1622,905970,4.504108,6.5,0.5350214,0.054600462
1622,905977,4.911748,5.59375,0.30308396,0.030523561
1622,905986,4.170391,5.15625,0.15103026,0.015232348
1622,906746,4.969999,5.59375,0.057500962,0.0067011076
1622,906791,3.639699,4.03125,0.29169762,0.029480575
1622,906798,4.603364,4.125,0.33800521,0.03469121
1622,906817,5.379119,6.0,0.17489614,0.01890534
1622,906828,3.922963,4.625,0.18663199,0.019238044
1622,906835,6.559839,7.1875,0.3345015,0.03427827
1622,906837,3.308501,3.921875,0.24066648,0.026895946
1622,906839,6.130674,5.46875,0.3052232,0.0309531
1622,906842,2.161087,1.65625,0.14502794,0.01803387
1622,906848,3.022233,3.6875,0.3258958,0.034192167
1622,906851,3.504894,3.71875,0.23247541,0.029175958
1622,906852,5.133293,6.1875,0.14272487,0.0146854995
1622,906871,5.130264,5.21875,0.19899623,0.020308133
1622,907000,4.245464,4.28125,0.24775828,0.024912821
1622,907042,4.862078,4.34375,0.17293043,0.019456329
1622,907055,3.458904,3.453125,0.20669112,0.024722403
1622,907056,3.803835,4.96875,0.24675255,0.02491466
1622,907063,4.884576,3.5625,0.19467568,0.023405202
1622,907065,4.331844,4.90625,0.23283093,0.023361186
1622,907068,2.90226,3.90625,0.12710385,0.015202941
1622,907171,3.214414,3.671875,0.403618,0.041425392
1622,907270,1.746827,2.703125,0.18201435,0.019124826
1622,907278,4.067629,3.984375,0.13614021,0.015165536
1622,907285,5.523187,6.59375,0.29165566,0.029360076
1622,907287,3.654931,4.75,0.19022064,0.019141242
1622,907289,3.783804,4.65625,0.28772998,0.029019373
1622,907290,6.34968,5.03125,0.4321202,0.04399496
1622,907298,5.040418,3.578125,0.2003911,0.020259406
1622,907318,4.940759,4.40625,0.15673375,0.016420454
1622,907322,2.771474,3.765625,0.118612766,0.012735802
1622,907791,2.903651,3.015625,0.5652252,0.057248913
1622,907792,6.770567,6.375,0.49914026,0.050429516
1622,907799,2.293119,3.015625,0.07947732,0.008433833
1622,908127,4.582251,3.703125,0.13114622,0.014434483
1622,908129,3.175679,3.984375,0.36278403,0.03754434
1622,908131,4.77295,4.84375,0.22753012,0.023178337
1622,908158,2.973255,2.84375,0.25586516,0.02730474
1622,908447,4.250186,5.625,0.13123259,0.013276827
1622,908451,4.002354,3.5,0.30669647,0.031844854
1622,908460,6.51944,7.34375,0.15425234,0.01663559
1622,908471,3.490605,3.359375,0.3704091,0.039607026
1622,908481,5.174293,4.0625,0.42483392,0.04302936
1622,908483,3.512821,3.65625,0.1428311,0.016069865
1622,909250,6.289875,5.25,0.3185318,0.031953547
1622,909698,3.24279,4.09375,0.20016468,0.020402504
1622,909706,5.362049,5.0,0.30079547,0.030226327
1622,909712,3.827355,4.25,0.25188172,0.025831524
1622,909735,4.707879,4.46875,0.35544196,0.039234344
1622,909744,3.393586,3.140625,0.25594962,0.026154237
1622,909757,4.508095,5.46875,0.30635318,0.031608824
1622,909771,3.273764,3.453125,0.22339095,0.022674697
1622,909774,5.33817,4.71875,0.29471454,0.029602401
1622,909776,3.777436,3.859375,0.5269195,0.05348355
1622,909777,3.094474,2.9375,0.22878493,0.0245136
1622,910567,4.552041,4.53125,0.10400873,0.010607825
1622,910701,3.46596,4.25,0.25101557,0.026895544
1622,910851,2.931335,3.171875,0.4333083,0.04447266
1622,910899,4.749902,3.796875,0.24389303,0.024831202
1622,910905,5.090674,5.40625,0.17650752,0.017768467
1622,910915,5.114041,5.4375,1.1352521,0.11382177
1622,910916,4.216819,4.03125,0.22227816,0.02626215
1622,910918,3.728878,2.703125,0.0738839,0.008024862
1622,910921,5.349444,4.75,0.5381743,0.05519202
1622,910924,5.172711,3.921875,0.5088876,0.053097792
1622,910926,5.070646,3.671875,0.25467625,0.02566619
1622,910927,3.845436,3.765625,0.17162357,0.017643737
1622,917486,5.595878,5.21875,0.17162122,0.017245868
1622,924102,4.367748,5.5625,0.6541457,0.06618005
1622,924239,3.701086,2.796875,0.11346205,0.0125613455
1622,924250,5.261221,5.09375,0.36812586,0.03805771
1622,925341,3.815998,3.75,0.22295052,0.024156813
1622,925347,5.290401,5.65625,0.41805613,0.04301537
1622,925348,7.140827,6.125,0.9128622,0.09199796
1622,946355,4.341157,4.375,0.18329856,0.01849179
1622,946359,4.441745,4.1875,0.25512493,0.027642926
1622,1240121,4.904957,4.34375,0.4713014,0.048333924
1622,1240127,3.086914,3.546875,0.20043859,0.023681805
1622,1240128,4.633516,4.3125,0.26127812,0.026838144
1622,1240142,3.397779,5.09375,0.18609287,0.01882705
1622,1240143,4.5236,4.03125,0.28723177,0.029456817
1622,1240146,3.909451,5.75,0.30889082,0.03156404
1622,1240150,4.566314,4.6875,0.43046147,0.044644944
1622,1240169,5.135452,5.3125,0.32265213,0.032797538
1622,1240172,5.325683,4.4375,0.28498027,0.029814702
1622,1240178,4.36851,5.53125,0.46870664,0.04704332
1622,1240179,4.053122,4.53125,0.10045243,0.011226172
1622,1240184,5.280275,6.125,0.23964716,0.024292545
1622,1240191,3.982868,4.875,0.2152721,0.02171154
1622,1240215,5.497551,4.78125,0.5005159,0.051499963
1622,1290455,2.30977,2.46875,0.20450816,0.02232565
1622,1290730,4.762511,5.125,0.17118147,0.018503804
1622,1290765,5.217337,5.15625,0.34012723,0.03434272
1622,1298136,2.20121,4.0625,0.7925803,0.07973933
1622,1298219,4.671584,4.90625,0.13094813,0.01368125
1622,1298475,5.689251,5.03125,0.45869228,0.046625998
1622,1298534,5.23597,6.75,0.30069864,0.030084396
1622,1299052,2.892807,5.15625,0.24676205,0.025460348
1622,1303896,2.972816,3.421875,0.13980018,0.014606098
1622,1303900,3.615155,4.09375,0.1608985,0.016400158
1622,1330933,2.917518,3.234375,0.129082,0.013953076
1622,1330984,3.233596,3.390625,0.117642604,0.012187784
1622,1330995,4.675744,4.84375,0.09262278,0.009405839
1622,1331048,3.309129,3.15625,0.21369867,0.021969263
1622,1479995,5.575721,4.78125,0.30127278,0.030354945
1622,1480361,3.507774,3.5625,0.15865394,0.016082427
1622,1503363,4.31457,4.84375,0.12636092,0.013658943
1622,1503367,2.752767,3.453125,1.2255785,0.1282203
1622,1659928,4.202095,4.46875,0.20907624,0.021051489
1622,1660034,4.294633,3.78125,0.28899047,0.029226823
1622,1660036,3.75182,3.546875,0.20149523,0.02047174
1622,1674021,5.976708,4.6875,0.22925243,0.023248801
1624,683667,4.020184,2.953125,0.055764545,0.0071851593
1624,687457,5.32699,4.3125,0.17740715,0.017912839
1624,687505,5.310343,3.75,0.30734554,0.034579314
1624,687798,4.41541,3.75,0.26176444,0.028431412
1624,687800,5.153051,5.65625,0.15441425,0.01976084
1624,687802,6.673482,6.03125,0.3603223,0.03823604
1624,687816,4.415854,5.71875,0.46762246,0.04748704
1624,688011,3.671096,5.46875,0.09434967,0.009466613
1624,688086,4.203139,4.4375,0.794016,0.082848355
1624,724812,4.712563,5.1875,0.09157102,0.0095305685
1624,724825,3.1e-05,-0.041015625,0.10254367,0.024464436
1624,724828,2.310255,2.890625,0.08247932,0.009345816
1624,724855,5.83675,4.90625,0.6499226,0.06599961
1624,724874,3.621128,3.609375,0.33943614,0.039058946
1624,735784,3.127495,4.84375,0.14432575,0.016541142
1624,749716,4.008721,3.234375,0.49547952,0.050813492
1624,753554,2.702953,3.125,0.20211165,0.022182949
1624,753608,4.242682,4.25,0.17028286,0.017865648
1624,753621,6.214819,5.125,0.1394108,0.0251056
1624,905935,5.970357,5.0625,0.08135647,0.015590925
1624,905936,3.656535,2.515625,0.19360703,0.020036295
1624,905942,4.812062,4.25,0.19655469,0.021633605
1624,905943,2.608202,2.140625,0.12646602,0.014278535
1624,905946,3.083619,5.0,0.7656532,0.08110458
1624,905959,3.829061,5.15625,0.24192466,0.028651897
1624,905962,3.562006,4.125,0.11463785,0.012811479
1624,905968,2.317203,2.875,0.32797676,0.042706486
1624,905972,5.495906,5.15625,0.31202072,0.032599427
1624,905977,5.47028,6.0625,0.19355364,0.020467665
1624,905981,2.440927,2.21875,0.06898957,0.0071551944
1624,905985,3.691356,4.5625,0.19540207,0.02002396
1624,905986,4.986053,4.90625,0.19547397,0.021514656
1624,905989,1.92165,2.546875,0.46705282,0.05558523
1624,905991,2.624476,2.84375,0.09467317,0.012854466
1624,906746,4.206734,4.78125,0.083956145,0.009967333
1624,906792,2.916958,4.34375,0.482971,0.053801257
1624,906794,4.233402,3.71875,0.09393472,0.013134998
1624,906801,4.341067,4.65625,0.12572058,0.013960986
1624,906805,2.33324,3.65625,0.23514126,0.026742773
1624,906813,3.656195,3.859375,0.16507554,0.016624745
1624,906820,1.582554,1.828125,0.11037745,0.0123762945
1624,906827,3.387607,3.609375,0.2555032,0.028746556
1624,906828,1.724108,2.9375,0.8887383,0.11018095
1624,906832,1.381542,2.609375,0.31531832,0.03424814
1624,906842,1.03151,1.0,0.12300949,0.016192859
1624,906855,1.084533,1.171875,0.17841803,0.020530576
1624,907042,2.041981,1.828125,0.14183334,0.016255487
1624,907048,5.36908,4.8125,0.48115432,0.0488612
1624,907051,2.9217,4.21875,0.23105651,0.029568972
1624,907065,2.557325,3.046875,0.2752319,0.029429937
1624,907067,2.588373,2.65625,0.27008322,0.028560419
1624,907069,6.352124,5.15625,0.20282596,0.02110981
1624,907277,1.338996,1.046875,0.05727915,0.008190866
1624,907289,3.960381,3.4375,0.34382865,0.035066996
1624,907314,6.247791,5.15625,0.32388443,0.033241924
1624,907320,3.563146,3.0,0.2905828,0.032369893
1624,907321,2.777721,3.515625,0.066764645,0.010629748
1624,907791,1.70909,2.375,0.28247038,0.032125544
1624,907794,2.75125,4.09375,0.12999569,0.014481058
1624,908126,0.79761,0.37890625,0.089262426,0.021295853
1624,908127,4.324777,3.984375,0.11158602,0.012317072
1624,908131,3.088101,3.765625,0.3001156,0.03251769
1624,908134,3.18538,3.125,0.1168545,0.012192705
1624,908158,0.225744,0.15625,0.13072954,0.017750103
1624,908459,3.307,3.453125,0.4622475,0.04740541
1624,908463,5.799849,5.09375,0.14804022,0.01710527
1624,908468,3.294836,4.59375,0.23603342,0.028377501
1624,908470,3.111209,3.453125,0.7076624,0.07582384
1624,908480,2.759587,2.9375,0.18334663,0.020852134
1624,909703,2.45153,2.59375,0.73294127,0.07657653
1624,909709,2.912486,3.0625,0.11511866,0.012707012
1624,909713,2.398234,2.15625,0.12587354,0.013977973
1624,909720,3.286762,3.21875,0.18496057,0.024170732
1624,909725,3.102822,2.890625,0.1398712,0.014633357
1624,909726,2.316434,2.21875,0.12546732,0.012698211
1624,909728,3.408871,4.65625,0.15711989,0.016560355
1624,909737,3.050857,3.390625,0.19138874,0.019408993
1624,909751,2.349362,3.1875,0.14362824,0.014765681
1624,909753,2.45612,3.171875,0.12783799,0.013541699
1624,909771,0.238128,1.8125,0.39905807,0.04080544
1624,909776,3.221371,2.9375,0.104825616,0.011031198
1624,909777,3.01503,1.9375,0.24482168,0.025480658
1624,909784,2.857115,3.625,0.5232339,0.057120156
1624,909785,0.07283,-0.26171875,0.07292345,0.010525349
1624,909904,5.344534,5.28125,0.39517128,0.04140073
1624,909974,5.192928,4.625,0.2427475,0.026874494
1624,910554,3.711319,3.390625,0.14649874,0.015633665
1624,910692,5.321297,4.90625,0.28492987,0.028870776
1624,910697,4.284808,2.9375,0.16110392,0.021366766
1624,910700,3.845699,4.6875,0.8125977,0.081644095
1624,910703,1.470804,1.703125,0.08647638,0.009729421
1624,910704,5.345373,3.578125,0.4376655,0.05221755
1624,910706,0.323304,0.7421875,0.10938755,0.013521093
1624,910781,5.289743,5.21875,0.4294283,0.044588324
1624,910852,2.099048,3.265625,0.41089603,0.043110177
1624,910899,2.518553,3.5,0.27709436,0.029817045
1624,910903,3.05754,2.78125,0.104964554,0.010830005
1624,910905,3.707989,3.84375,0.2419108,0.02534416
1624,910915,4.377324,5.125,0.12833354,0.013426283
1624,910926,1.603412,1.578125,0.3730557,0.040325332
1624,910931,1.919977,2.34375,0.12706944,0.013946623
1624,910943,2.221345,3.6875,0.17141823,0.020451786
1624,924102,1.863987,3.171875,0.23019214,0.027747797
1624,924189,3.705407,3.484375,0.3505379,0.036100317
1624,925338,3.4504,3.78125,0.14426135,0.019279908
1624,925347,2.080765,3.5625,0.22818923,0.02900829
1624,946361,2.269778,1.734375,0.08566925,0.01100055
1624,1240122,3.829596,4.03125,0.23768495,0.027241021
1624,1240144,2.574868,3.9375,0.108846284,0.011712523
1624,1240145,2.182284,1.078125,0.28004172,0.034615185
1624,1240157,4.386696,2.890625,0.20792618,0.021453353
1624,1240159,2.558902,3.0625,0.23933949,0.025754388
1624,1240184,3.066367,2.40625,0.105741836,0.013486858
1624,1240192,4.051724,4.4375,0.09619324,0.010063758
1624,1240196,6.073219,5.4375,0.16316438,0.019881964
1624,1240210,1.597329,1.296875,0.15950355,0.01736782
1624,1240215,2.921263,2.84375,0.120245874,0.019705068
1624,1240222,3.711592,3.46875,0.11588194,0.012233704
1624,1240224,3.797801,4.8125,0.1888933,0.023081383
1624,1290769,3.150506,2.796875,0.3001575,0.045281995
1624,1290798,3.697045,4.59375,0.10907193,0.01637079
1624,1290905,4.375767,4.5625,0.56929386,0.06000328
1624,1290908,2.379154,2.328125,0.88632447,0.10522507
1624,1290922,3.830575,4.84375,0.14490542,0.018129235
1624,1297447,2.830332,2.8125,0.10269393,0.011916014
1624,1298134,3.57391,3.515625,0.06757396,0.009532651
1624,1298145,1.75037,2.796875,0.28552622,0.029405056
1624,1298169,3.562309,3.578125,0.15035082,0.016252123
1624,1298357,2.463795,2.921875,0.3193424,0.039021313
1624,1298538,5.686849,3.078125,0.44223243,0.049108915
1624,1299062,3.372902,3.90625,0.3321225,0.034034483
1624,1303897,4.853851,5.3125,0.27425775,0.032640163
1624,1327765,1.024176,0.87890625,0.08729203,0.009693583
1624,1330931,1.98763,1.203125,0.15269697,0.01808438
1624,1330935,-0.870635,-0.15429688,0.1931529,0.021807758
1624,1330942,2.883805,3.640625,0.06382217,0.008009763
1624,1330972,5.290177,4.84375,0.2396487,0.026231268
1624,1330985,1.001693,1.53125,0.59514457,0.068209395
1624,1330991,1.217885,1.296875,0.12937061,0.01380583
1624,1331033,0.165948,0.51953125,0.18318692,0.023685312
1624,1331037,0.982814,0.17285156,0.1901398,0.032112416
1624,1331038,3.046294,3.609375,0.44398034,0.04737952
1624,1480362,4.799486,4.53125,0.23402585,0.034601144
1624,1503361,3.087194,2.984375,0.2789095,0.028673254
1624,1659818,1.551062,1.703125,0.09818967,0.012101431
1624,1674021,3.504924,3.234375,0.105307005,0.010987829
1625,683667,4.537471,4.0625,0.3548816,0.03676576
1625,687448,7.188055,6.71875,0.18790969,0.019064588
1625,687505,5.326878,5.03125,0.11841769,0.012229994
1625,687561,4.159499,4.53125,0.23118877,0.023455517
1625,687586,5.120477,4.71875,0.15723689,0.015945606
1625,687596,4.697268,4.46875,0.09354808,0.010267455
1625,687787,5.762962,5.0,0.21445596,0.024779262
1625,688013,4.983149,5.28125,0.23717223,0.023969937
1625,688031,3.977886,3.890625,0.45688865,0.04671887
1625,722046,4.047798,3.875,0.23909236,0.025565615
1625,724825,2.713664,2.953125,0.18429,0.020882089
1625,724839,6.861776,6.46875,0.17386554,0.01765604
1625,724866,5.269798,5.65625,0.29024088,0.030692024
1625,724874,6.53576,6.03125,0.15614025,0.015915155
1625,749716,3.933292,4.59375,0.25409913,0.025768537
1625,753540,4.573221,4.15625,0.27078494,0.029411167
1625,753541,5.502259,5.8125,0.07241961,0.0075373207
1625,753551,5.348042,5.34375,0.09909125,0.010072609
1625,753554,4.551147,5.0625,0.1015199,0.010683325
1625,753556,4.026543,5.15625,0.16925696,0.017516319
1625,753566,4.39611,5.21875,0.10106285,0.010874978
1625,753569,5.449182,5.125,0.15487821,0.01943741
1625,753574,5.280599,6.6875,0.08434942,0.008904804
1625,753600,5.152337,4.84375,0.1193706,0.01362776
1625,753612,4.614303,4.15625,0.27347496,0.028163953
1625,753620,4.975704,5.65625,0.1541168,0.015561206
1625,753621,6.274197,6.21875,0.1336209,0.014154276
1625,753624,6.172229,5.5,0.11086622,0.01151144
1625,905942,5.245259,5.09375,0.13475075,0.0145658385
1625,905965,2.257859,2.34375,0.3664681,0.0372706
1625,905973,5.597932,5.46875,0.17366377,0.018496824
1625,905984,3.885944,4.0625,0.24943666,0.027454007
1625,905985,5.246443,5.1875,0.18115966,0.018444201
1625,905991,3.922865,4.53125,0.10355929,0.011168517
1625,906793,4.693985,5.0625,0.111743756,0.011337088
1625,906797,5.639292,4.875,0.19845203,0.024603005
1625,906801,4.902635,5.3125,0.10577088,0.01164157
1625,906804,4.100098,4.09375,0.11930208,0.012029221
1625,906805,4.36566,6.0625,0.14151387,0.014316987
1625,906817,6.32914,6.21875,0.1151,0.012501528
1625,906832,4.022293,3.859375,0.3277456,0.03490799
1625,906833,4.901529,4.625,0.15762429,0.016204543
1625,906836,2.572192,2.265625,0.20346342,0.02163015
1625,906839,5.361858,5.34375,0.14198768,0.014572927
1625,906848,4.838659,3.859375,0.29583287,0.030583892
1625,907000,3.518336,4.375,0.14890033,0.015002555
1625,907047,4.042131,4.71875,0.12228938,0.013498529
1625,907055,4.978712,4.75,0.15773265,0.019273778
1625,907064,5.016379,5.40625,0.093977354,0.009678303
1625,907068,4.812114,4.40625,0.098304935,0.011180285
1625,907069,6.352124,6.0625,0.14243875,0.014471653
1625,907073,4.139744,4.375,0.12575234,0.012644767
1625,907176,4.393019,4.71875,0.15995032,0.016416524
1625,907273,2.905959,3.46875,0.38595387,0.03890585
1625,907278,3.337284,4.34375,0.26804435,0.028297553
1625,907285,5.14664,6.09375,0.15266548,0.015656482
1625,907788,4.064506,3.984375,0.34345037,0.035370402
1625,907789,3.689655,3.671875,0.15621662,0.016577119
1625,907790,5.913283,4.53125,0.2843629,0.029312162
1625,907792,6.175271,6.59375,0.17893168,0.018364679
1625,907795,5.328376,4.75,0.16728571,0.017031668
1625,908129,4.483002,5.46875,0.14536281,0.015129134
1625,908134,4.92474,4.90625,0.11278978,0.011364212
1625,908442,3.968061,4.09375,0.13653445,0.014048544
1625,908445,3.785151,4.375,0.20703094,0.022378942
1625,908457,5.193377,5.34375,0.16825834,0.016945284
1625,908458,5.71914,5.8125,0.19723892,0.019820139
1625,908460,5.967433,6.34375,0.17181937,0.019201862
1625,908473,4.861922,5.53125,0.09815066,0.010241129
1625,909719,5.273948,4.4375,0.21215639,0.023869624
1625,909720,4.548268,5.1875,0.13555333,0.015475238
1625,909726,4.662568,4.5625,0.18101935,0.018164577
1625,909732,4.198231,4.40625,0.117755584,0.013343005
1625,909747,7.734155,5.40625,0.30288994,0.030993477
1625,909753,5.007914,5.09375,0.11574007,0.011697331
1625,909777,4.82918,3.484375,0.21400172,0.021787914
1625,909904,6.644123,5.84375,0.20752068,0.021352584
1625,909907,6.32738,6.09375,0.21462843,0.021765761
1625,909974,7.044479,6.34375,0.14289536,0.014666087
1625,910399,4.067399,3.65625,0.2199773,0.022718912
1625,910689,7.793524,8.0625,0.22695766,0.027286354
1625,910692,5.471813,5.03125,0.2683267,0.027188446
1625,910704,5.355332,4.71875,0.21818456,0.02353046
1625,910780,5.034486,3.984375,0.19068378,0.023432974
1625,910852,3.775975,5.25,0.12733832,0.01348877
1625,910920,4.493342,4.4375,0.15396872,0.015712947
1625,910926,3.500931,3.796875,0.15838018,0.01614347
1625,910943,4.189267,5.28125,0.13648552,0.014340967
1625,910951,4.08676,3.484375,0.38954625,0.040870212
1625,910952,4.3187,3.765625,0.20514566,0.021089971
1625,924102,3.68712,4.8125,0.32542485,0.034142755
1625,924105,3.411875,3.671875,0.17848195,0.018364679
1625,924240,5.1325,4.625,0.11991363,0.012599708
1625,924248,5.383783,5.03125,0.1531031,0.015426009
1625,924250,5.672883,6.125,0.23717414,0.024204297
1625,925347,4.067215,5.625,0.13040397,0.0137897935
1625,930083,7.051476,6.9375,0.10913356,0.013120759
1625,930297,4.662149,4.59375,0.13880932,0.014038372
1625,930301,5.908451,4.40625,0.2830944,0.028673254
1625,998184,4.618812,3.671875,0.19341472,0.022540368
1625,1240128,5.409686,5.21875,0.15349056,0.016177826
1625,1240143,5.666011,5.71875,0.12980624,0.013462743
1625,1240153,4.821284,4.53125,0.19715124,0.022032853
1625,1240154,4.963923,5.0,0.16140696,0.016451985
1625,1240157,5.049803,5.09375,0.13793257,0.013976141
1625,1240172,6.152623,5.375,0.09960396,0.010792144
1625,1240179,3.828235,4.21875,0.11408608,0.013788675
1625,1240185,4.59467,4.84375,0.10029289,0.010248439
1625,1240187,4.966933,6.09375,0.08822315,0.008977248
1625,1240189,4.459653,4.0625,0.24709979,0.025925087
1625,1240197,5.615341,5.5,0.09672976,0.009793465
1625,1240209,5.460107,4.59375,0.18825336,0.019337136
1625,1240212,5.595078,5.5,0.06355326,0.007640794
1625,1240219,5.364627,5.5,0.30124757,0.030488461
1625,1247871,4.356198,4.34375,0.14104177,0.015245863
1625,1290730,5.381151,5.4375,0.11279432,0.015636565
1625,1290798,4.305178,5.625,0.17367947,0.01896016
1625,1290807,6.259102,5.34375,0.25067466,0.025632584
1625,1290922,4.86138,5.53125,0.16052392,0.017273353
1625,1297449,4.392945,2.96875,0.44718805,0.046328716
1625,1298145,4.293173,4.625,0.386383,0.038776252
1625,1298169,3.89368,4.875,0.10586037,0.0111400895
1625,1298226,5.995019,5.21875,0.1788792,0.019990843
1625,1298347,5.016495,4.40625,0.14413373,0.016454807
1625,1298357,4.465911,5.59375,0.32238626,0.03359511
1625,1298358,5.38696,5.09375,0.25173578,0.025263455
1625,1298365,4.275595,5.40625,0.13209125,0.013308945
1625,1298526,6.16064,7.0625,0.09153369,0.010133664
1625,1298534,5.976809,5.125,0.12937008,0.0129777705
1625,1298538,5.666336,5.125,0.18967503,0.01934491
1625,1299050,4.430653,5.15625,0.096628755,0.010056971
1625,1299052,5.152071,5.6875,0.13901214,0.014123513
1625,1299081,4.637736,5.40625,0.24507639,0.02471749
1625,1327765,3.387314,2.890625,0.20199609,0.021397164
1625,1327775,4.011129,3.453125,0.19156042,0.02274219
1625,1330933,3.335501,3.4375,0.19966587,0.02104468
1625,1330942,4.294442,4.84375,0.122055925,0.013433969
1625,1330948,2.321349,2.125,0.38307315,0.03867898
1625,1330972,5.303135,5.78125,0.13956594,0.01581436
1625,1330983,3.356492,4.25,0.2471725,0.025635285
1625,1331035,4.044882,3.328125,0.1465469,0.015216231
1625,1480372,4.663548,5.40625,0.14684716,0.0170393
1625,1503361,4.501334,4.84375,0.25492916,0.026164692
1625,1503364,5.047709,4.78125,0.38032615,0.040358778
1625,1503365,5.073273,6.46875,0.08198353,0.008458874
1625,1659818,2.943809,3.34375,0.13258423,0.015023254
1625,1659819,0.901754,1.953125,0.2505182,0.026491482
1626,684072,3.3488,2.75,0.36087853,0.037918657
1626,687455,3.421905,3.375,0.35225797,0.035738725
1626,687457,4.133353,3.359375,0.35987103,0.036464255
1626,687561,2.328253,2.78125,0.19726127,0.02190542
1626,687562,0.585953,1.078125,0.13929479,0.022303492
1626,687568,3.874403,4.96875,0.72632635,0.0880214
1626,687588,3.742682,2.984375,0.3241347,0.038672276
1626,687787,4.320829,3.453125,0.3188934,0.035000436
1626,687798,3.936851,3.125,0.38980928,0.046278436
1626,687812,5.149701,3.6875,0.48425767,0.050807096
1626,687980,1.143932,2.828125,0.54842,0.059281282
1626,687983,2.402877,3.0625,0.7657834,0.08586501
1626,713899,2.535786,2.4375,0.1345244,0.021915825
1626,722045,2.570611,2.046875,0.025633952,0.0069771092
1626,722046,0.991597,0.73828125,0.22904414,0.0321683
1626,722058,0.103716,0.48046875,0.39126244,0.045399845
1626,724828,2.178158,1.828125,0.14629976,0.017411534
1626,724831,1.090448,0.8125,0.102614395,0.015979404
1626,724839,5.589487,5.28125,0.26762632,0.028207676
1626,724878,4.263853,4.75,0.17198554,0.017540762
1626,735784,2.846,4.3125,0.21127103,0.023253344
1626,753535,4.92608,4.625,0.10940033,0.011346362
1626,753539,2.500807,2.765625,1.2838353,0.13910426
1626,753554,1.42375,1.65625,0.4252859,0.04737534
1626,753573,0.195253,2.609375,1.4327778,0.14930637
1626,753592,0.415474,0.97265625,0.22717254,0.024614269
1626,753604,1.983564,0.6640625,0.25737906,0.028581366
1626,753620,4.097395,3.875,0.755575,0.07845273
1626,905936,2.191335,1.625,0.21832539,0.024399193
1626,905938,-0.552476,-0.33398438,0.60115165,0.098512605
1626,905946,1.941568,4.09375,1.7340708,0.18580033
1626,905957,-0.578315,-0.0390625,0.22262383,0.02583199
1626,905959,3.007678,3.671875,0.39738414,0.057902772
1626,905964,0.251424,0.16015625,0.4469857,0.07368428
1626,905968,1.320315,1.96875,0.24505283,0.03313905
1626,905972,3.079355,3.953125,0.6456166,0.068271846
1626,905984,1.415828,1.765625,0.30516574,0.038542494
1626,905989,1.571587,1.96875,0.6562236,0.07582319
1626,906746,3.22543,3.8125,0.25119117,0.027152427
1626,906791,4.890903,4.875,0.47736406,0.051600516
1626,906792,1.329401,3.796875,0.78116095,0.08988825
1626,906801,4.648016,4.375,0.19180846,0.020353992
1626,906817,3.54212,4.3125,0.39800292,0.041278534
1626,906834,-0.38193,-0.73828125,0.13533583,0.015279972
1626,906835,5.634659,5.90625,0.29667526,0.032069013
1626,907055,2.991734,2.546875,1.4760389,0.19430445
1626,907061,2.143931,2.015625,0.3970462,0.043020174
1626,907270,-0.533504,-1.53125,0.3020684,0.034759033
1626,907273,0.047483,-0.24414062,0.21452512,0.024220766
1626,907274,-0.492876,-0.078125,0.4179105,0.058693796
1626,907290,4.017969,4.46875,0.85271126,0.08933561
1626,907291,2.887456,2.0,0.3265949,0.033029914
1626,907299,0.351404,1.171875,0.56830627,0.07453685
1626,907312,-0.321743,-0.001953125,0.08428446,0.014595758
1626,907313,1.162242,0.64453125,0.48292753,0.058845863
1626,907314,6.263312,4.21875,1.052741,0.112797946
1626,907783,-0.926537,0.25390625,0.52148265,0.061910786
1626,907789,0.289723,-0.0009765625,0.23143096,0.037484314
1626,908122,-0.643237,1.890625,4.760645,0.51460034
1626,908123,2.255283,2.53125,0.8908356,0.093464226
1626,908124,2.1662,1.78125,0.17856158,0.018372873
1626,908129,4.120118,3.296875,0.37578344,0.044505212
1626,908130,5.407269,5.1875,0.24728884,0.02570647
1626,908131,0.774601,2.59375,1.0987154,0.12449657
1626,908135,2.738937,2.640625,0.1565684,0.017333632
1626,908150,1.897371,2.484375,0.33672753,0.044491615
1626,908445,2.961631,3.296875,0.36352637,0.038255263
1626,908447,3.641017,2.984375,0.9735361,0.101202205
1626,908457,1.751747,1.125,0.19794603,0.022195097
1626,908460,3.794311,5.28125,0.57350814,0.071976
1626,908470,1.698454,2.375,0.9157855,0.09700788
1626,909250,5.34096,4.3125,0.34848633,0.035738725
1626,909251,-0.802565,0.2421875,0.11951335,0.013542179
1626,909718,5.588451,3.578125,0.86957407,0.092617825
1626,909725,1.704966,2.125,0.26576585,0.029169371
1626,909728,3.209825,3.78125,0.14117523,0.015583184
1626,909735,3.369257,3.59375,0.4135258,0.04502747
1626,909749,2.770514,2.40625,0.18581603,0.022579843
1626,909759,-0.217608,-0.21875,0.38766637,0.048806295
1626,909771,-1.508054,0.67578125,0.7807356,0.080973335
1626,909776,2.747251,1.796875,0.17704348,0.020456444
1626,909781,4.784763,5.21875,0.3434266,0.039058134
1626,909905,0.527332,1.796875,0.42589462,0.04582886
1626,910701,4.15864,4.6875,0.11005938,0.015192749
1626,910702,6.943738,6.8125,0.391662,0.04179635
1626,910704,5.355332,3.390625,0.5856224,0.07004652
1626,910784,5.971085,3.421875,0.7060509,0.07376706
1626,910852,0.759929,2.296875,0.3844567,0.041193347
1626,910899,0.945842,2.359375,0.5408486,0.068309285
1626,910900,2.765031,2.921875,0.11145512,0.014895497
1626,910924,2.182486,1.921875,0.53041947,0.080853775
1626,910947,-1.793,-1.546875,0.33069253,0.04163342
1626,924105,-0.009032,-0.515625,0.1907981,0.02372528
1626,924151,0.591464,2.140625,0.1960871,0.021843407
1626,924244,3.492717,2.40625,0.24146317,0.029935295
1626,924250,5.361952,4.125,0.55517346,0.057579342
1626,925338,2.726705,3.0625,0.29101866,0.036187463
1626,925347,0.401374,2.515625,0.38302657,0.04807032
1626,930083,4.126695,4.3125,0.67274904,0.08416819
1626,930301,1.542451,1.640625,0.8503691,0.090572305
1626,998189,3.578491,3.953125,0.73852247,0.0760571
1626,1240128,3.290156,3.359375,0.18233626,0.020981446
1626,1240150,1.175299,1.953125,0.4575109,0.04745035
1626,1240160,4.27727,4.21875,0.4154299,0.04294811
1626,1240182,6.157494,5.84375,0.16646545,0.01728441
1626,1240183,3.805853,3.9375,0.09471718,0.014073774
1626,1240185,2.350605,1.90625,0.22895828,0.025505139
1626,1240189,0.175751,-0.064941406,0.45297262,0.08680638
1626,1240207,2.438917,2.796875,0.18906097,0.029602401
1626,1240209,1.525064,2.109375,0.80835074,0.08393253
1626,1240219,3.020813,4.53125,0.7979452,0.0815934
1626,1240224,2.669932,3.671875,0.47127843,0.051315963
1626,1290455,-2.174665,-1.734375,0.17026004,0.038321827
1626,1290765,1.877152,3.21875,0.55165935,0.0597726
1626,1290769,1.852371,1.515625,0.39831647,0.049680535
1626,1290908,1.399349,1.40625,0.84338623,0.116917804
1626,1295740,2.553391,1.46875,0.2214173,0.026417136
1626,1295741,-1.33587,-1.21875,0.5184236,0.057569772
1626,1297447,4.516784,1.515625,0.13094664,0.019360697
1626,1298144,2.236209,2.578125,0.3906448,0.04104629
1626,1298347,3.598166,4.15625,0.20530674,0.027764097
1626,1298348,4.546828,3.6875,0.542253,0.060600083
1626,1298350,5.086123,4.9375,0.54527205,0.056616593
1626,1298353,4.383652,4.21875,0.34066394,0.035905804
1626,1298358,2.407974,1.828125,0.12469209,0.012787693
1626,1303900,3.999044,4.03125,0.18128859,0.01884553
1626,1323913,-2.527637,-2.15625,0.19248348,0.028046735
1626,1327765,0.3244,-0.1796875,0.153541,0.017159142
1626,1330984,1.016558,0.80859375,0.36567724,0.03820537
1626,1331037,-0.548916,-1.078125,0.40526295,0.07822189
1626,1480360,1.393764,1.65625,0.25550106,0.027683683
1626,1480372,3.316059,2.359375,0.6051573,0.07294681
1626,1503365,2.087665,3.359375,0.16073173,0.019082187
1626,1660034,1.271452,0.73828125,0.27125868,0.029391028
1626,1660035,2.306065,3.234375,0.24691492,0.0301712
1626,1674021,2.464354,2.578125,0.06781336,0.007938204
1627,684072,2.599629,3.296875,0.47705945,0.04842264
1627,687455,1.824694,3.984375,1.4763588,0.14810106
1627,687568,3.852477,5.3125,0.86555254,0.08715084
1627,687787,3.266377,4.21875,3.3270144,0.3409381
1627,687812,2.993496,4.5,1.4274617,0.1477273
1627,687815,2.95755,3.78125,0.7005164,0.07505817
1627,687985,2.831699,3.6875,0.43830982,0.04498599
1627,688011,3.199942,3.5625,0.38751653,0.038830493
1627,724825,2.475036,3.296875,0.6545246,0.06728832
1627,724866,2.267937,4.84375,2.7536004,0.2846736
1627,724874,4.227359,5.84375,2.0799408,0.20894755
1627,735784,3.38227,5.28125,0.9815642,0.10474797
1627,749717,3.892902,4.65625,3.576848,0.35932449
1627,753539,2.265506,2.890625,0.6695387,0.06778786
1627,753540,2.300278,2.8125,0.51437473,0.057120156
1627,753554,1.9846,4.3125,0.91275644,0.09147332
1627,753592,1.840723,3.515625,0.9946841,0.10116153
1627,753600,2.930457,5.3125,1.2023042,0.122477904
1627,753608,3.475428,3.328125,0.68342894,0.07058347
1627,753614,3.302426,4.1875,1.210133,0.12498064
1627,753623,3.014686,3.890625,1.5438676,0.15637083
1627,905941,5.256405,6.34375,1.7340235,0.18219937
1627,905949,3.454559,3.46875,0.95177424,0.097131275
1627,905951,3.49709,3.859375,1.229262,0.12331352
1627,905954,3.247599,3.15625,0.6417578,0.064377986
1627,905956,3.190056,3.578125,0.59577584,0.059974916
1627,905959,4.237846,5.96875,3.1662753,0.32700795
1627,905974,2.001526,2.765625,0.22991958,0.023176907
1627,905976,3.036734,3.84375,0.6164893,0.061843183
1627,905977,3.898902,4.0625,0.8257025,0.08393253
1627,905990,3.734569,4.46875,1.1842983,0.12093811
1627,906696,1.90793,3.1875,0.9895339,0.09994393
1627,906813,1.862785,2.546875,1.1890494,0.119832
1627,906821,2.509568,4.0625,0.76465994,0.07696028
1627,906830,4.060748,4.25,0.547806,0.055364307
1627,906831,1.54036,2.453125,0.35939604,0.036322553
1627,906852,3.947268,3.859375,0.6267852,0.06392567
1627,906863,2.854673,4.125,0.5640155,0.0568845
1627,906865,2.724436,2.1875,0.56051856,0.05757573
1627,906872,4.006728,4.46875,0.8481812,0.086453915
1627,907047,2.662856,3.28125,0.381621,0.040975768
1627,907055,2.678651,3.53125,0.92478853,0.09613474
1627,907061,3.106965,3.328125,0.94415766,0.09647884
1627,907269,1.83965,2.203125,0.3377997,0.03422786
1627,907278,2.619203,3.515625,0.5266016,0.054047834
1627,907281,0.957574,2.265625,0.28530908,0.029116603
1627,907295,3.258512,4.28125,0.8901666,0.0906295
1627,907299,2.027308,3.234375,0.5419592,0.055035938
1627,907783,1.232348,2.359375,0.21954234,0.02265188
1627,907791,3.49614,2.640625,1.234509,0.124576114
1627,908123,3.072248,2.5,1.6233419,0.16674754
1627,908132,2.147993,2.703125,0.87471914,0.09062097
1627,908449,5.945632,7.1875,0.8742891,0.0942891
1627,908458,3.806525,4.25,1.5487666,0.1553351
1627,908459,3.297985,4.34375,2.0102897,0.20184228
1627,908461,3.755258,3.9375,1.7950945,0.1804715
1627,908469,2.985796,3.21875,1.2800524,0.12862988
1627,909250,4.076703,4.75,1.1810087,0.11837313
1627,909264,3.298978,4.5,0.88326997,0.088557735
1627,909696,2.382666,3.265625,0.2771577,0.028713558
1627,909713,2.643606,2.71875,0.59646803,0.060991473
1627,909715,1.506204,1.859375,0.5646211,0.05769586
1627,909735,2.875358,3.359375,1.7655782,0.18524002
1627,909743,2.756778,3.296875,0.40821627,0.041713618
1627,909748,3.128685,4.1875,0.911558,0.091319464
1627,909755,3.56192,5.0,1.2989091,0.1302521
1627,909975,3.767146,5.5625,1.9508076,0.1963818
1627,910399,3.15288,2.9375,0.35263497,0.03588278
1627,910546,3.779102,4.15625,0.8504088,0.08559059
1627,910548,3.478934,5.53125,1.7116437,0.17181489
1627,910692,3.214592,3.546875,1.2321006,0.12355267
1627,910697,2.606556,3.515625,0.9258572,0.09602449
1627,910701,2.735229,3.953125,0.80768365,0.08864806
1627,910780,2.742271,2.984375,1.5743856,0.16260009
1627,910900,1.916788,3.8125,0.56081134,0.056363482
1627,910905,4.107724,4.625,1.1306734,0.11369253
1627,910911,2.720271,4.6875,0.9088352,0.09135561
1627,910916,2.587118,4.28125,1.0308939,0.10756441
1627,910918,1.038023,1.78125,0.46850637,0.047599837
1627,910924,2.576205,3.8125,1.3360986,0.13522296
1627,910943,3.629951,4.75,1.2856169,0.1290207
1627,911905,4.908115,7.1875,0.7538715,0.081489496
1627,924250,3.861099,4.15625,0.7259274,0.07676445
1627,925348,3.428794,5.65625,3.3228135,0.33456776
1627,930083,5.189393,7.21875,1.501798,0.15936513
1627,930301,3.449766,3.28125,0.8476308,0.08893129
1627,946355,3.667986,3.828125,2.2606926,0.22777766
1627,946360,2.903937,4.375,0.8579633,0.08635093
1627,946382,2.105293,3.828125,0.7690253,0.07744848
1627,1240128,3.17625,3.015625,0.8239319,0.088467985
1627,1240142,2.740969,3.328125,0.6127655,0.06211479
1627,1240144,3.3194,3.640625,0.81094074,0.08198556
1627,1240145,2.373835,4.0625,0.6670029,0.067986675
1627,1240150,2.999594,2.828125,0.7505658,0.07716182
1627,1240154,2.973826,3.3125,0.55518526,0.056040615
1627,1240160,3.401903,4.75,1.5922298,0.16229375
1627,1240173,2.989679,3.296875,0.6462976,0.0676158
1627,1240185,3.864029,4.3125,0.8934393,0.08968349
1627,1240189,1.792794,2.578125,0.7134225,0.07453724
1627,1240196,3.566082,4.71875,1.556761,0.15651041
1627,1240212,2.807652,4.875,1.4375149,0.14487228
1627,1240217,2.605927,3.421875,1.2751472,0.1303894
1627,1240222,3.162924,3.671875,1.4460722,0.14965329
1627,1240223,3.880702,6.1875,1.5800802,0.15866755
1627,1240224,4.847705,4.09375,1.0626788,0.12330714
1627,1290730,2.972659,3.984375,1.7926509,0.21080929
1627,1295741,0.566461,1.953125,0.4619418,0.046589725
1627,1298134,2.632316,3.640625,1.3919593,0.14469865
1627,1298353,2.693542,4.1875,1.0794737,0.108563185
1627,1298539,4.064888,4.875,1.4154905,0.14527908
1627,1303896,1.00752,2.40625,0.3221054,0.033114005
1627,1327771,2.239925,2.0625,0.3892236,0.04077761
1627,1330935,0.58452,2.140625,1.4050765,0.14215188
1627,1330942,2.935002,3.21875,0.54203326,0.055587772
1627,1330991,2.664824,2.203125,0.51704687,0.05204952
1627,1503361,2.969179,3.71875,1.0554273,0.10620399
1627,1503366,3.010002,4.78125,0.63344,0.06363439
1627,1503371,2.686122,4.15625,1.1444114,0.12212627
1629,687448,5.91805,6.59375,0.24682593,0.025599342
1629,687457,4.430503,4.46875,0.15258524,0.015473877
1629,687506,4.035359,4.3125,0.14839843,0.018032962
1629,687590,4.729724,4.9375,0.20610502,0.0224421
1629,687815,5.124963,4.75,0.13112734,0.014969951
1629,687983,4.595563,4.15625,0.10487558,0.011576361
1629,688011,4.164921,4.46875,0.08483186,0.008553592
1629,688031,3.891971,3.03125,0.10349713,0.011458132
1629,688121,4.941157,5.125,0.12343058,0.014037844
1629,713880,3.488978,4.03125,0.120284826,0.012836237
1629,713899,5.221477,5.125,0.050437212,0.0059734364
1629,724812,4.474053,5.28125,0.07628017,0.009147224
1629,724869,4.919436,5.4375,0.23078917,0.027016088
1629,749711,3.884616,3.328125,0.7143623,0.07554148
1629,753539,3.094492,4.53125,0.121788286,0.013164664
1629,753566,5.165572,5.0625,0.14619122,0.015113589
1629,753569,4.651053,4.5,0.13206244,0.018004147
1629,753592,5.241482,4.96875,0.16682133,0.018075183
1629,753600,5.308505,4.75,0.15937854,0.018195206
1629,753605,3.863868,3.953125,0.25207075,0.026526365
1629,753618,3.637336,3.8125,0.09135408,0.009922377
1629,753621,5.339629,5.59375,0.2217939,0.024554726
1629,753623,4.993309,4.78125,0.2697405,0.028007647
1629,753624,4.530287,4.34375,0.2208383,0.022613756
1629,905934,5.191889,5.78125,0.16060813,0.017208666
1629,905942,2.611147,3.3125,0.1386621,0.017242294
1629,905957,5.225658,5.09375,0.17653374,0.018063968
1629,905964,3.110006,3.59375,0.11602805,0.013054267
1629,905968,3.826013,5.09375,0.23450156,0.025024917
1629,905969,5.812215,6.71875,0.14038947,0.014386509
1629,905970,4.124746,6.0,0.3340984,0.035158444
1629,905977,4.945446,5.5,0.29101396,0.029628672
1629,905981,4.612795,4.15625,0.13561875,0.013741691
1629,905983,4.907399,4.59375,0.13529792,0.015910547
1629,906793,4.516266,4.625,0.13132006,0.013478053
1629,906814,5.291509,4.4375,0.22693005,0.023272624
1629,906828,4.613417,4.875,0.110803604,0.012466466
1629,906833,5.345642,4.59375,0.17465867,0.018178202
1629,906836,3.350083,3.015625,0.076751076,0.008549797
1629,906837,4.189185,4.09375,0.17129011,0.022632467
1629,906839,6.15995,5.78125,0.20456176,0.021048129
1629,906872,6.272626,6.03125,0.11668568,0.012159539
1629,906875,4.043964,5.25,0.15055764,0.016274478
1629,907171,4.421623,4.40625,0.30302158,0.032274652
1629,907270,2.823816,3.21875,0.113070466,0.012140708
1629,907273,4.054394,4.0625,0.14594622,0.015335034
1629,907299,3.808954,4.65625,0.10553301,0.010783901
1629,907321,4.018733,3.828125,0.107126564,0.013663474
1629,907323,3.154342,3.0,0.07440965,0.0089001665
1629,908121,3.867001,4.15625,0.14153329,0.016928852
1629,908122,3.183102,2.71875,0.4545694,0.047253948
1629,908125,5.532204,5.40625,0.12783375,0.013109885
1629,908133,4.340482,4.21875,0.13425435,0.013757807
1629,908442,5.603655,5.25,0.116009556,0.012136946
1629,908443,4.923393,5.46875,0.24002938,0.024922688
1629,908449,6.55086,7.21875,0.500304,0.062401056
1629,908455,4.304256,5.1875,0.10205171,0.010435236
1629,908460,7.187725,7.4375,0.11070109,0.012738382
1629,908461,4.671437,5.0,0.13792883,0.01396469
1629,909249,4.230013,4.28125,0.11166507,0.012070399
1629,909264,5.35116,5.53125,0.12848008,0.013120121
1629,909704,3.937151,4.6875,0.15386969,0.01737252
1629,909720,5.160809,5.03125,0.20433372,0.022139672
1629,909727,5.188435,5.65625,0.25727168,0.025848845
1629,909745,6.192901,5.875,0.15494306,0.016018376
1629,909746,5.681214,5.4375,0.12680699,0.014267
1629,909747,6.41526,5.84375,0.3450636,0.037130944
1629,909759,4.509114,6.0,0.24734326,0.025808021
1629,909761,5.332221,4.65625,0.11151382,0.012730804
1629,909784,6.926848,6.1875,0.329063,0.033432513
1629,909907,4.449225,5.03125,0.33397016,0.034599334
1629,910549,5.372133,5.09375,0.15341079,0.015557597
1629,910689,7.667125,7.5625,0.3227759,0.037295062
1629,910781,3.464982,3.296875,0.29848737,0.03627135
1629,910900,3.626355,3.5625,0.13214374,0.014720342
1629,910905,5.382158,5.15625,0.16551691,0.01674538
1629,910915,5.537806,5.8125,0.73757327,0.07407496
1629,910916,5.07259,4.09375,0.13225122,0.0192703
1629,910919,2.524437,2.328125,0.057050884,0.007276563
1629,910921,5.069106,5.09375,0.317219,0.033786807
1629,910926,3.490085,3.421875,0.21821892,0.022313844
1629,910934,3.629222,3.703125,0.17653503,0.019222321
1629,910943,7.04556,5.78125,0.1258762,0.01298762
1629,910951,3.208328,3.3125,0.17620045,0.019393334
1629,917486,6.259246,5.21875,0.15380612,0.015597688
1629,924102,4.081247,5.46875,0.3292701,0.034597456
1629,924239,3.189344,3.171875,0.09012933,0.010753265
1629,925348,6.223653,6.3125,0.4941107,0.050560307
1629,930301,4.87881,4.59375,0.3010079,0.031151159
1629,946353,4.11878,4.09375,0.0596682,0.011770666
1629,946361,4.762354,5.15625,0.10480557,0.010964783
1629,946382,3.990521,3.171875,0.1221403,0.01638715
1629,998184,2.649592,2.953125,0.060799558,0.0086155
1629,1240122,3.657417,4.46875,0.09218124,0.011605404
1629,1240123,3.199525,3.75,0.2284193,0.023803033
1629,1240157,4.639969,5.25,0.10870329,0.01093431
1629,1240160,3.608293,3.78125,0.2578604,0.026238883
1629,1240172,5.134679,4.65625,0.15031272,0.016544025
1629,1240173,4.774953,4.96875,0.07401531,0.008482879
1629,1240178,6.237542,5.34375,0.3926052,0.03961837
1629,1240191,4.489982,4.84375,0.16239204,0.016709128
1629,1240192,4.006989,4.125,0.16420574,0.018234678
1629,1240197,3.668136,4.3125,0.2928156,0.030183464
1629,1240207,4.655255,4.96875,0.15979299,0.020054221
1629,1240222,5.010314,5.53125,0.2944779,0.03148787
1629,1247871,3.774926,4.46875,0.13229266,0.014145761
1629,1290769,4.931911,5.25,0.16626063,0.018058313
1629,1290798,4.533741,4.09375,0.33240777,0.041088007
1629,1290922,5.18403,4.53125,0.30520135,0.033788737
1629,1298134,3.41818,3.484375,0.099097684,0.014651772
1629,1298157,6.304029,5.21875,0.11595892,0.014463125
1629,1298215,3.433304,3.953125,0.17763637,0.02288812
1629,1298219,4.781157,4.4375,0.10130992,0.011806562
1629,1298226,6.525056,5.40625,0.12618022,0.01429761
1629,1298348,6.610178,5.59375,0.2750176,0.02822647
1629,1298351,4.441032,5.09375,0.14625815,0.014807996
1629,1298357,5.181695,7.0625,0.3859956,0.039179448
1629,1298534,5.320141,6.53125,0.18706888,0.0187474
1629,1330931,3.628565,3.765625,0.10837986,0.011998698
1629,1330935,3.063144,3.3125,0.1469491,0.015094417
1629,1330994,3.003796,2.984375,0.22225884,0.023718432
1629,1330995,4.875554,4.90625,0.0880476,0.009175233
1629,1331033,3.639039,3.21875,0.08369349,0.00993615
1629,1331040,2.978505,2.765625,0.12289485,0.014554822
1629,1480360,4.880311,4.84375,0.24390069,0.025324652
1629,1503367,3.017716,3.78125,1.0102482,0.11057892
1629,1659818,2.965629,3.078125,0.111797094,0.0136994235
1629,1659823,5.088315,5.3125,0.13823582,0.014037844
1629,1659928,3.963241,4.59375,0.17456773,0.017637061
1629,1660035,5.562114,4.53125,0.06429251,0.011578028
1629,1674021,4.848065,5.46875,0.13805059,0.01419227
1630,687448,5.558149,6.0,0.60378176,0.062357634
1630,687505,2.022923,3.6875,0.294444,0.030572653
1630,687506,3.294686,3.921875,0.19966123,0.021349331
1630,687561,2.531593,2.078125,0.26639912,0.028123865
1630,687562,2.238716,2.328125,0.2796139,0.030022968
1630,687586,3.133437,2.90625,0.14937171,0.01528459
1630,687592,3.104409,3.203125,0.17166908,0.017765947
1630,687794,3.332474,2.859375,0.28376573,0.028506655
1630,687798,4.705209,4.5,0.16102904,0.016285546
1630,687816,3.981093,4.34375,0.37349194,0.037893042
1630,687821,6.545632,6.34375,0.69051725,0.07824321
1630,687985,3.685546,3.453125,0.1450337,0.016317679
1630,688018,5.860154,4.5625,0.7681857,0.07830008
1630,688023,4.58342,4.09375,0.7613572,0.07765064
1630,724828,4.667913,4.03125,0.42075166,0.042552385
1630,724859,3.404372,5.40625,0.23290399,0.026203929
1630,724878,7.006544,5.71875,0.19993381,0.020367121
1630,735784,4.124047,5.09375,0.19910327,0.020673256
1630,749716,4.520021,3.890625,0.6769826,0.068419605
1630,753541,4.056862,4.3125,0.15906341,0.016168771
1630,753566,4.309268,5.03125,0.2703059,0.0275519
1630,753618,4.215286,3.484375,0.26095343,0.028207676
1630,753622,1.95905,3.671875,0.16762671,0.017696422
1630,905934,3.386807,5.59375,0.5324253,0.056208357
1630,905941,6.301644,4.65625,0.543569,0.06280655
1630,905942,3.747903,4.25,0.1777766,0.018502712
1630,905944,3.265258,3.828125,0.28700665,0.030250354
1630,905948,2.315576,3.65625,0.39333868,0.049839504
1630,905963,2.26621,2.3125,0.37787473,0.038951367
1630,905964,2.199902,3.046875,0.3656743,0.039919756
1630,905968,2.284816,2.859375,0.4542502,0.049461816
1630,905973,4.123745,4.71875,0.23872675,0.025122125
1630,905974,3.247524,2.3125,0.19978984,0.020129964
1630,905983,5.173981,4.78125,0.22780141,0.023709217
1630,906794,4.498656,4.15625,0.32689437,0.03376114
1630,906801,3.215022,4.34375,0.2537471,0.025895616
1630,906804,2.038767,2.734375,0.33049113,0.033369765
1630,906821,4.303531,4.40625,0.13408065,0.0140471645
1630,906826,5.26575,5.21875,0.13377477,0.014275823
1630,906827,2.63448,3.6875,0.4751923,0.050915387
1630,906830,4.345688,5.125,0.14712238,0.014895497
1630,906834,3.107582,3.09375,0.34235,0.035225682
1630,906837,2.910787,2.65625,0.11666771,0.014100697
1630,906843,2.744168,4.34375,0.21082228,0.021452466
1630,906856,0.844095,2.40625,1.2987157,0.13076521
1630,906864,3.747074,4.84375,0.18980534,0.019195814
1630,906871,2.733717,3.0625,0.24784176,0.024983544
1630,907055,3.086862,3.5625,0.46924773,0.0509671
1630,907063,0.797206,3.484375,1.3902874,0.15487309
1630,907072,4.733047,4.25,0.7065883,0.07119279
1630,907175,2.68315,2.953125,0.30525067,0.030755742
1630,907176,4.426167,5.21875,0.14676122,0.014832502
1630,907273,2.388762,3.296875,0.51542056,0.05236628
1630,907274,3.431754,2.390625,1.1748474,0.11899457
1630,907277,3.228851,2.859375,0.5619793,0.05913922
1630,907291,3.163806,3.578125,0.22779319,0.023192046
1630,907311,2.209758,3.5625,0.7814548,0.080958776
1630,907783,1.82342,3.703125,0.9502386,0.096135825
1630,907799,1.493068,2.3125,0.14947379,0.015890526
1630,908124,4.299023,3.703125,0.30690393,0.03107268
1630,908130,4.742792,4.46875,0.32898042,0.033424124
1630,908455,3.324494,3.125,0.18583368,0.018930748
1630,908459,4.009524,3.15625,0.4235984,0.042734064
1630,908460,4.879576,5.4375,0.54377997,0.062079806
1630,908463,2.640324,4.78125,0.49869707,0.051225506
1630,908467,4.068737,4.34375,0.43622303,0.04505243
1630,908470,5.493689,4.21875,0.31826553,0.035029594
1630,909250,3.418901,4.09375,0.23669632,0.023938095
1630,909251,2.380111,2.015625,0.9891202,0.101141885
1630,909263,4.149753,5.28125,0.33741766,0.034030683
1630,909264,3.910848,3.921875,0.16328889,0.016624745
1630,909707,2.19916,2.765625,0.3342753,0.03407221
1630,909713,5.495384,4.9375,0.19013071,0.019281415
1630,909715,3.225611,2.78125,0.8594268,0.08731701
1630,909724,3.415979,2.78125,0.7257807,0.07345433
1630,909725,3.919219,3.359375,0.5011041,0.05031314
1630,909737,2.827769,3.046875,0.37523887,0.037706997
1630,909757,4.715207,5.125,0.67543966,0.07013213
1630,909759,3.186171,2.125,0.38813612,0.039716363
1630,909774,4.724546,4.71875,0.6608576,0.06628138
1630,909904,6.458161,4.84375,0.4997531,0.05177446
1630,910079,3.287171,3.46875,0.5080491,0.051847853
1630,910697,3.193742,2.953125,0.46493036,0.051958803
1630,910706,2.827059,2.46875,0.39807868,0.042835694
1630,910906,2.124628,2.8125,0.6784216,0.06858797
1630,910920,2.30556,3.828125,0.8596737,0.08636146
1630,924110,3.821296,4.625,0.75495595,0.07604857
1630,924250,4.226081,4.4375,0.20466782,0.022872876
1630,925347,2.795523,4.0625,0.13223611,0.014684522
1630,946354,2.271508,2.203125,0.10807294,0.013521093
1630,949176,3.804618,4.9375,0.19463529,0.019729782
1630,1240121,2.869805,3.34375,0.39241624,0.04136047
1630,1240155,3.912019,4.03125,0.18256661,0.018491285
1630,1240174,5.482138,4.28125,0.48651165,0.053861536
1630,1240179,3.595205,4.78125,0.19507919,0.020628985
1630,1240187,2.418193,4.1875,0.23772891,0.023921836
1630,1240207,3.761869,4.1875,0.28449458,0.034666337
1630,1240224,5.275693,5.09375,0.36333767,0.04198176
1630,1290722,3.335909,3.671875,0.16322623,0.016780451
1630,1290730,3.357558,3.984375,0.25537995,0.035710063
1630,1290905,5.591403,5.78125,0.31372637,0.032149326
1630,1295741,1.763489,2.921875,0.6466214,0.06527021
1630,1297449,0.910385,1.796875,1.274234,0.12988089
1630,1298134,4.145199,4.71875,0.100002445,0.011603709
1630,1298146,2.19792,4.5,0.38172072,0.03864755
1630,1298347,3.831916,4.03125,0.11714835,0.012501528
1630,1298348,2.47908,4.40625,0.20990176,0.0222346
1630,1299050,3.276658,3.453125,0.18418394,0.020870073
1630,1299070,2.376948,3.59375,0.33239788,0.03593044
1630,1303897,5.44184,5.90625,0.34804785,0.035497315
1630,1327768,3.770794,3.140625,0.1823229,0.020067196
1630,1327771,2.609639,3.578125,1.6035091,0.16374706
1630,1330947,-0.416449,0.890625,0.75932777,0.083816014
1630,1330948,2.047705,1.84375,0.5549782,0.056503356
1630,1330983,2.872712,4.25,0.8206653,0.08270638
1630,1331038,4.152516,4.09375,0.2655023,0.027342884
1630,1480359,2.76445,2.421875,0.3065658,0.034612536
1630,1503365,4.561167,4.65625,0.35157815,0.036113646
1630,1659819,3.631514,1.375,0.72441846,0.07407496
1630,1659928,2.57464,3.265625,0.3444054,0.034796234
1630,1660035,4.253507,4.59375,0.15358545,0.017533846
1631,683667,2.183548,2.5,0.080952115,0.008435828
1631,687787,3.781938,5.0,0.84132797,0.0848532
1631,687816,3.616756,3.859375,0.2954534,0.029860156
1631,687997,4.230894,5.15625,0.37632206,0.037986092
1631,724812,4.880335,4.40625,0.20243226,0.02049538
1631,724863,2.565369,3.296875,0.21721156,0.0221812
1631,749717,5.029968,4.5,0.765367,0.077115074
1631,753534,1.915247,1.921875,0.50626326,0.050906256
1631,753539,3.330207,3.390625,0.41027227,0.041178357
1631,753541,4.909227,4.71875,0.10322657,0.010468347
1631,753562,2.22706,2.578125,0.41674116,0.042584736
1631,753566,5.658047,5.0625,0.57742476,0.058252595
1631,753569,4.605153,4.125,0.56718725,0.058167417
1631,753576,4.479336,5.15625,0.4144453,0.041872557
1631,753621,5.211274,4.96875,0.488087,0.049497563
1631,905935,5.856173,5.375,0.68864614,0.074796945
1631,905938,2.149788,2.921875,0.26781175,0.026876794
1631,905939,1.968792,1.8125,0.5635307,0.057199664
1631,905956,3.276694,3.625,0.28872102,0.028938664
1631,905970,5.903909,3.890625,0.1993005,0.02154332
1631,905983,3.871432,4.875,0.5882733,0.0597111
1631,905984,1.458588,1.796875,0.20108421,0.021637889
1631,905985,4.378128,4.4375,0.14394635,0.014538728
1631,905986,3.742199,4.125,0.49509156,0.050106894
1631,905990,5.006459,5.0,0.66969424,0.070474476
1631,906795,2.806244,3.1875,0.3258665,0.03317707
1631,906813,3.460614,2.875,0.14190948,0.014267
1631,906837,2.139549,1.953125,0.1191823,0.014688677
1631,906839,5.217001,4.1875,0.2294015,0.023184584
1631,906843,2.574271,4.34375,0.45833454,0.04640436
1631,906856,0.483813,1.734375,0.14910083,0.015084561
1631,907046,1.663468,2.140625,0.13253967,0.013382561
1631,907047,2.873701,2.984375,0.18837146,0.019558951
1631,907056,3.437572,3.25,0.37615576,0.038084127
1631,907060,3.449202,3.25,0.32767716,0.033039667
1631,907061,3.625391,2.671875,0.29251093,0.030071545
1631,907065,4.511647,5.03125,0.6231781,0.063813195
1631,907069,4.289439,3.703125,0.38990304,0.039816096
1631,907072,2.134077,3.109375,0.30016816,0.030154418
1631,907171,1.769192,1.109375,0.16994438,0.017085515
1631,907269,-0.0454,0.64453125,0.089050926,0.009342999
1631,907275,0.23926,0.40625,0.08521588,0.0087260725
1631,907285,4.268827,3.953125,0.93426824,0.0945201
1631,907321,2.356524,4.53125,0.29879552,0.030642727
1631,907323,1.635684,2.203125,0.15367673,0.015621216
1631,907789,1.443482,1.5,0.32402548,0.033606026
1631,907790,4.266712,2.625,0.56962734,0.05935952
1631,908121,4.441029,4.375,0.4435795,0.044653784
1631,908129,3.801325,4.15625,0.66353625,0.06735046
1631,908158,-0.037872,0.84375,0.1678289,0.017875357
1631,908449,7.017308,5.6875,0.6466191,0.070970275
1631,908452,4.838173,3.359375,0.08876227,0.008941241
1631,908460,3.377033,5.53125,0.5933487,0.06568942
1631,908461,2.539157,2.78125,0.4288859,0.043390468
1631,908465,3.015516,3.53125,0.31742498,0.032394126
1631,908467,4.730213,4.0625,0.34748283,0.036624514
1631,908470,3.837304,3.703125,0.31214187,0.033123318
1631,908473,2.987362,3.203125,0.22553189,0.023129236
1631,908481,3.323832,2.234375,0.49882245,0.050906256
1631,909249,1.68562,1.90625,0.14165553,0.014538837
1631,909250,4.475063,3.84375,0.198104,0.019996693
1631,909251,1.780661,1.6875,0.13081068,0.013415181
1631,909255,0.746932,1.3125,0.13444543,0.0136403125
1631,909262,2.247713,2.25,0.6237999,0.06310996
1631,909712,2.54003,3.203125,0.17866507,0.018118666
1631,909713,2.588478,2.890625,0.33698592,0.03411835
1631,909718,5.623319,3.3125,0.48931757,0.050806735
1631,909724,1.847869,2.296875,0.44106978,0.04457695
1631,909738,3.495277,3.890625,0.338375,0.034490086
1631,909762,1.535333,0.66015625,0.103710815,0.010485095
1631,909905,3.154707,3.171875,0.47743636,0.047976613
1631,909974,4.147998,4.0625,0.37254193,0.038975425
1631,910399,1.86416,2.34375,0.3088405,0.03116555
1631,910554,5.213182,4.03125,0.21866705,0.021940047
1631,910567,3.834964,2.34375,0.1319581,0.013271089
1631,910692,2.188203,3.59375,0.4870564,0.048869
1631,910697,3.04707,2.921875,0.2728669,0.028434815
1631,910700,5.549462,3.578125,0.59926426,0.06017656
1631,910701,5.277307,5.375,0.19268125,0.020245632
1631,910702,5.659576,6.0625,0.24739827,0.029443545
1631,910703,2.351818,1.9375,0.14591554,0.014910394
1631,910861,2.028983,1.40625,0.3801327,0.03895436
1631,910900,2.51306,4.46875,0.43247616,0.043422583
1631,910915,2.812112,3.375,0.4304527,0.044046443
1631,910943,5.467692,4.375,0.24867621,0.025657848
1631,924104,3.997002,2.78125,0.17112134,0.018944785
1631,924239,1.546149,2.09375,0.11162575,0.01146605
1631,924240,2.841328,3.859375,0.3173406,0.03200579
1631,930301,2.600869,2.640625,0.5777938,0.05961545
1631,946355,3.450732,3.046875,0.3089359,0.031193329
1631,946359,5.98682,5.25,0.479156,0.048869
1631,946360,5.034179,4.9375,0.15706557,0.016581478
1631,946382,4.972921,4.15625,0.4758913,0.04818191
1631,1240121,2.546293,3.46875,0.54755974,0.055224832
1631,1240122,5.710238,4.6875,0.33214366,0.033713352
1631,1240125,1.436279,3.03125,0.50094455,0.050895527
1631,1240127,3.165752,4.375,0.30139586,0.031159008
1631,1240155,2.156729,3.328125,0.34866917,0.035114445
1631,1240159,2.539902,3.3125,0.8503336,0.08567595
1631,1240172,6.166239,5.375,0.45147145,0.045430005
1631,1240178,3.505295,4.59375,0.33202687,0.033424124
1631,1240184,2.774485,2.734375,0.24690576,0.025383113
1631,1240185,2.931065,3.796875,0.4393285,0.04470438
1631,1240198,3.235199,3.859375,0.38767606,0.03938755
1631,1240207,3.261862,3.65625,0.42642397,0.04480572
1631,1240209,3.014084,3.78125,0.20688586,0.020810355
1631,1240212,4.899773,5.375,0.8206541,0.08409709
1631,1240219,4.998615,5.53125,0.6788427,0.06827153
1631,1240220,4.154211,3.984375,0.3298139,0.033617467
1631,1240223,4.100102,5.375,0.713694,0.07167675
1631,1290725,3.900694,2.921875,0.41574392,0.042669933
1631,1290765,3.884659,3.875,0.49164918,0.049258884
1631,1290807,3.348138,4.71875,0.680485,0.06944544
1631,1297447,4.030627,2.703125,0.44112027,0.04429049
1631,1298218,4.632443,4.96875,0.22115397,0.025059184
1631,1298353,4.758773,5.25,0.32320523,0.032723114
1631,1298359,4.064062,3.140625,0.2818617,0.02970808
1631,1299052,3.206158,3.59375,0.21779947,0.02228652
1631,1303901,2.067309,2.546875,0.67006385,0.06714271
1631,1330942,3.580229,3.828125,0.17616925,0.017717425
1631,1330947,0.325814,0.56640625,0.08582186,0.009501308
1631,1330982,0.804784,0.65234375,0.089009695,0.009537115
1631,1330991,1.16224,1.171875,0.24307038,0.024459329
1631,1331035,-0.061537,1.515625,0.13487585,0.013943778
1631,1331037,-0.095706,1.140625,0.20870459,0.02332401
1631,1331040,1.489684,1.75,0.14201367,0.014837361
1631,1479995,2.657138,3.359375,0.24090979,0.024324715
1631,1480359,2.325156,2.03125,0.5221651,0.055035938
1631,1480361,3.224695,2.375,0.1722548,0.017333403
1631,1503371,3.822242,4.5,0.37216118,0.037709564
1631,1659817,1.391555,0.89453125,0.1250445,0.012593221
1631,1659818,1.641204,2.125,0.2704003,0.02951893
1631,1659928,2.703313,2.65625,0.184247,0.01875853
1631,1660034,4.090915,3.6875,0.28140357,0.028525308
1631,1660036,3.098962,4.46875,0.32808626,0.033056557
1632,687452,4.143178,3.796875,0.09025689,0.012676207
1632,687455,3.091477,3.171875,0.2878922,0.030443657
1632,687457,4.427672,4.1875,0.13400085,0.014835188
1632,687459,4.577798,4.65625,0.123872146,0.017713603
1632,687505,3.322951,2.96875,0.22497271,0.03393956
1632,687506,3.678829,3.890625,0.110359274,0.017570546
1632,687787,4.276739,3.8125,0.08444282,0.015624866
1632,687800,4.298232,4.84375,0.085330434,0.014066471
1632,687816,4.980673,4.46875,0.36480027,0.036963716
1632,688087,4.190828,3.828125,0.42250046,0.04392028
1632,713899,2.393941,3.078125,0.044896293,0.009706725
1632,722045,3.34189,3.109375,0.023531858,0.0142201595
1632,724831,2.805398,3.625,0.10952017,0.015449998
1632,724863,4.028207,4.28125,0.29206714,0.032640282
1632,724869,4.891346,5.125,0.09894506,0.012578275
1632,724870,3.893189,3.859375,0.12937857,0.016039655
1632,753540,3.977592,4.03125,0.073940046,0.012411269
1632,753554,3.844497,3.78125,0.12629884,0.015850663
1632,753562,3.090747,3.328125,0.055738274,0.016960151
1632,753575,4.871466,5.03125,0.13909285,0.016996132
1632,753576,4.97436,4.6875,0.2218518,0.023383066
1632,753600,3.945708,4.15625,0.14469798,0.017015962
1632,753605,3.385358,3.265625,0.13873252,0.019748067
1632,753608,4.210311,3.9375,0.37424016,0.040549126
1632,753621,4.664759,4.75,0.08319402,0.013026183
1632,905936,3.708897,2.953125,0.13790011,0.015411179
1632,905938,3.276377,2.453125,0.24413931,0.039090905
1632,905941,4.299223,4.96875,0.43082675,0.05357226
1632,905943,1.622098,2.203125,0.28299278,0.04065521
1632,905944,3.714162,4.1875,0.049987983,0.009123988
1632,905946,3.402097,3.671875,0.20194598,0.02235737
1632,905950,3.496673,3.21875,0.4868868,0.051760826
1632,905954,3.797024,4.625,0.22599126,0.023233
1632,905956,4.61988,3.859375,0.12344256,0.017652173
1632,905968,4.257247,3.234375,0.45622674,0.06028098
1632,905969,5.369894,3.890625,0.2038735,0.03798526
1632,905977,4.237508,4.40625,0.061972495,0.0078781815
1632,905985,3.801434,4.125,0.11045642,0.011742597
1632,905986,3.653497,4.125,0.08471716,0.012403713
1632,905989,3.037224,1.71875,3.312079,0.42529482
1632,905990,4.399873,4.09375,0.08046605,0.014889023
1632,906791,4.154211,4.53125,0.104126036,0.014254052
1632,906794,3.694117,3.734375,0.05993706,0.011324476
1632,906797,3.799356,3.765625,0.08002873,0.015336479
1632,906798,3.82265,3.609375,0.033552803,0.00992441
1632,906800,0.345288,0.484375,0.18447137,0.027687617
1632,906805,5.123789,4.21875,0.35621402,0.046056997
1632,906826,6.859226,5.625,0.7546613,0.07835786
1632,906831,2.514905,1.703125,0.4962867,0.054039035
1632,906835,5.451646,6.03125,0.11547181,0.014031811
1632,906837,3.742005,3.359375,0.1266508,0.02376213
1632,906839,2.765585,4.5625,0.25327343,0.026782835
1632,906846,1.702646,2.375,0.4331214,0.050701026
1632,906849,3.522829,3.390625,0.095324,0.012942834
1632,906872,2.929899,3.9375,0.14447786,0.017461888
1632,907042,2.264402,1.984375,0.22716944,0.032635536
1632,907046,3.466147,3.953125,0.13907668,0.014812975
1632,907056,4.200082,3.078125,0.15599276,0.01774116
1632,907063,4.168127,3.484375,0.20755582,0.036885362
1632,907064,4.623251,4.5,0.0846614,0.009628598
1632,907271,4.543547,4.46875,0.17027225,0.018135596
1632,907285,5.342549,5.25,0.124576375,0.014065185
1632,907286,4.204392,4.625,0.03712508,0.0074883876
1632,907289,3.637364,3.84375,0.2953522,0.031646073
1632,907317,4.024093,2.703125,0.13728096,0.021856807
1632,907323,2.675128,2.671875,0.25428665,0.03026335
1632,907789,3.135323,2.4375,0.12167039,0.014951974
1632,907790,1.724431,2.609375,1.6712112,0.17614482
1632,907791,3.85234,3.40625,0.07020371,0.009174253
1632,907795,1.616959,2.71875,0.5125016,0.05278023
1632,908126,3.522537,2.625,0.41943994,0.052156337
1632,908130,4.078401,4.125,0.08654682,0.0101311365
1632,908132,2.750183,2.53125,0.12397272,0.02068339
1632,908447,1.693833,3.078125,0.44587487,0.04748987
1632,908455,3.943134,4.0625,0.115255184,0.013373549
1632,908457,3.920073,5.0,0.103315435,0.011142218
1632,908470,5.071537,4.78125,0.7710434,0.08354298
1632,908472,3.70626,4.03125,0.06878264,0.009377178
1632,908474,3.4994,3.140625,0.23038566,0.026510496
1632,908481,3.346104,4.90625,0.07931864,0.008615154
1632,909248,2.815719,4.21875,0.107216015,0.012958346
1632,909263,3.461492,5.375,0.09713189,0.0101761725
1632,909699,4.755502,5.90625,0.9426069,0.09744889
1632,909702,1.159925,1.3125,0.18299294,0.020660656
1632,909704,3.063221,3.375,0.12249548,0.014651731
1632,909707,4.130113,4.28125,0.18474379,0.020065852
1632,909713,2.242189,3.859375,0.10482097,0.012808357
1632,909717,2.502651,3.90625,0.3532781,0.03686136
1632,909718,3.126974,3.328125,0.37894648,0.04208115
1632,909720,4.026435,3.734375,0.0842263,0.014968107
1632,909725,4.136453,4.21875,0.24609828,0.02493613
1632,909735,3.09799,3.109375,0.07718523,0.021791862
1632,909736,3.84343,4.4375,0.33859769,0.034107774
1632,909747,5.738977,4.84375,0.20618932,0.02269403
1632,909750,3.38296,3.640625,0.15098816,0.017969513
1632,909751,2.492182,2.8125,1.5402231,0.15795632
1632,909757,4.103669,3.703125,0.56358993,0.064097464
1632,909785,1.852844,1.34375,0.20692863,0.022775402
1632,909975,4.935803,4.8125,0.09735691,0.011798403
1632,910079,4.619944,4.21875,0.2038622,0.021889284
1632,910399,2.342168,2.375,0.696899,0.080864154
1632,910697,4.218836,3.8125,0.10223734,0.021930013
1632,910698,3.318911,3.6875,0.1858078,0.022578841
1632,910784,2.544146,3.59375,0.7345073,0.077177025
1632,910900,3.929274,3.90625,0.07203302,0.0094133075
1632,910911,4.451002,4.96875,0.056607254,0.010695345
1632,910930,1.69356,1.640625,0.22321032,0.028191509
1632,910931,1.533905,2.890625,0.45432895,0.05599398
1632,910935,1.046554,1.0,0.19234966,0.021959303
1632,910947,2.658024,0.83984375,0.337154,0.040027164
1632,911905,6.194899,5.28125,0.31909606,0.035327014
1632,924102,4.732887,5.25,0.16837671,0.018004147
1632,925348,5.880898,5.03125,0.23270708,0.025762921
1632,930082,3.626017,2.859375,0.09200261,0.024592664
1632,946354,3.510916,2.640625,0.13465442,0.021937005
1632,946355,4.592083,4.3125,0.23287067,0.024505867
1632,949093,5.975871,5.96875,0.29933158,0.033452127
1632,998189,4.204236,4.125,0.34165856,0.037824903
1632,1240121,3.74451,3.4375,0.07866881,0.015750011
1632,1240144,5.058251,5.0625,0.11267068,0.012097782
1632,1240153,3.824282,4.0625,0.09030803,0.01193235
1632,1240154,3.088827,3.265625,0.16382116,0.019747315
1632,1240160,4.582038,4.15625,0.12412526,0.0140142515
1632,1240172,4.890706,4.59375,0.09093472,0.010769684
1632,1240174,4.093446,3.953125,0.07775236,0.021162821
1632,1240186,4.018984,4.125,0.09141118,0.010396254
1632,1240189,1.715768,2.515625,0.44983867,0.05289941
1632,1240199,5.619789,5.96875,0.22683285,0.03695411
1632,1240224,5.448072,5.28125,0.19080263,0.025599342
1632,1290455,2.515085,1.6875,0.74956614,0.08590761
1632,1290725,3.341155,3.765625,0.11107176,0.014262415
1632,1290730,3.304636,4.0625,0.028924227,0.011832422
1632,1290769,4.127166,4.40625,0.34868157,0.050326675
1632,1290797,3.763801,4.1875,0.15462342,0.018019667
1632,1295740,2.956827,2.078125,0.13990663,0.02155316
1632,1297447,3.351512,3.9375,0.09091542,0.012394553
1632,1298146,2.962577,3.828125,0.22587965,0.025083426
1632,1298157,4.74411,4.0625,0.06436518,0.011748167
1632,1298218,5.278577,4.4375,0.052367702,0.011145014
1632,1298347,3.456442,3.234375,0.028293347,0.007233443
1632,1298359,3.537894,3.9375,0.08827385,0.01397556
1632,1298475,4.174971,4.75,0.08212177,0.010181012
1632,1298526,4.76192,5.6875,0.07071924,0.013748732
1632,1298534,3.255821,4.28125,0.44739956,0.045160685
1632,1299052,4.279236,4.6875,0.26054356,0.027859343
1632,1323913,-0.599392,0.93359375,0.25784042,0.026835632
1632,1327765,0.600569,2.8125,0.16677094,0.017316129
1632,1327768,2.464386,1.765625,0.10387302,0.021432873
1632,1327771,0.885083,0.6484375,0.91485345,0.12628762
1632,1330933,2.206477,1.671875,0.16066413,0.019470422
1632,1330948,3.073737,1.484375,0.5177636,0.055967484
1632,1330950,1.309501,1.6875,0.42809182,0.050823364
1632,1330982,1.079475,1.5625,0.21991758,0.025204707
1632,1331033,1.350662,1.359375,0.23803529,0.038779136
1632,1331050,1.437239,1.25,0.24761443,0.04156353
1632,1480359,3.244164,3.734375,0.15213767,0.021090696
1632,1480360,3.938969,3.609375,0.25154296,0.02802099
1632,1480372,4.150527,4.625,0.14735615,0.01925657
1632,1503363,2.602013,3.75,0.98104656,0.10963793
1632,1503365,5.283066,5.34375,0.13482285,0.015117284
1632,1660034,3.562604,4.46875,0.11277226,0.016052721
1632,1660035,3.655226,4.53125,0.079069324,0.012116409
1634,687448,7.001218,6.34375,0.19321623,0.020160358
1634,687457,5.325831,4.53125,0.16053611,0.016476648
1634,687459,4.675254,5.0,0.20408496,0.023783868
1634,687506,3.843863,4.34375,0.11541217,0.013391765
1634,687798,3.485982,4.1875,0.14364655,0.015028336
1634,687800,6.627553,5.9375,0.107520275,0.011868288
1634,688011,5.071212,4.84375,0.15367742,0.015407885
1634,688015,2.685764,3.234375,0.16825965,0.020390902
1634,688023,3.898647,4.71875,0.28321794,0.029407036
1634,688031,2.346472,3.15625,0.26580796,0.028480502
1634,688058,4.374611,5.4375,0.15133747,0.016912885
1634,722045,5.687856,5.5,0.122643806,0.012969182
1634,722046,3.178544,3.515625,0.83534116,0.09095756
1634,724812,4.82669,5.1875,0.120582744,0.013198647
1634,724834,5.754389,5.9375,0.12918988,0.013932688
1634,724866,3.737119,5.53125,0.16329674,0.01699567
1634,724868,3.330115,4.21875,0.15001246,0.017192896
1634,724870,5.582123,4.3125,0.13609658,0.01461309
1634,753539,2.7029,3.6875,0.27274406,0.029551972
1634,753540,4.165215,5.09375,0.07618643,0.0080051515
1634,753554,4.04304,4.875,0.098338105,0.010317387
1634,753569,3.300869,3.78125,0.11673079,0.016541142
1634,753570,4.723477,4.375,0.10215603,0.013814792
1634,753608,5.227052,4.59375,0.08903387,0.009369373
1634,753618,3.428862,3.609375,0.17125246,0.01824
1634,753620,4.754099,4.21875,0.20712759,0.021099946
1634,905946,3.898673,4.65625,0.25547212,0.026727553
1634,905950,4.350848,4.46875,0.13868302,0.014416546
1634,905954,5.865497,5.375,0.26967862,0.027067203
1634,905956,5.72879,5.4375,0.12936871,0.013047645
1634,905962,4.678336,4.875,0.056907214,0.008175384
1634,905963,5.865358,5.71875,0.23699291,0.024115486
1634,905970,5.690435,6.5625,0.17887528,0.018713973
1634,905972,5.30605,5.34375,0.29197896,0.029679613
1634,905982,5.902858,5.5625,0.36289436,0.036907144
1634,905984,3.138777,4.4375,0.17449306,0.02071594
1634,905990,4.748934,4.75,0.052442264,0.0067111887
1634,906696,3.746618,4.6875,0.33173883,0.034485318
1634,906791,4.923897,5.21875,0.1504387,0.015552701
1634,906801,3.884754,3.859375,0.103495836,0.013674846
1634,906814,4.925066,4.0625,0.33958215,0.035576846
1634,906817,5.017158,5.96875,0.08952893,0.00957313
1634,906818,4.465544,5.46875,0.19392435,0.019903455
1634,906820,4.944723,4.90625,0.18328273,0.01905283
1634,906826,6.108862,5.9375,0.17318285,0.018556006
1634,906827,4.090089,4.125,0.2100531,0.02281481
1634,906833,4.50764,4.125,0.1894157,0.019996693
1634,906835,5.968648,6.90625,0.2786027,0.029273672
1634,906852,6.426877,6.03125,0.1144073,0.011969319
1634,906872,5.253736,4.6875,0.16613925,0.018567074
1634,906875,4.192593,4.1875,0.3640191,0.039170675
1634,907000,4.037094,4.34375,0.21833411,0.022088904
1634,907045,3.021733,3.59375,0.2738188,0.027893733
1634,907046,4.01868,4.84375,0.19806223,0.02002396
1634,907048,4.123667,4.53125,0.19777015,0.020158432
1634,907062,5.080543,4.25,0.07985933,0.010361782
1634,907063,4.983285,4.5625,0.12054233,0.014568992
1634,907065,5.37895,4.53125,0.12750739,0.012930698
1634,907069,5.07229,5.3125,0.12880528,0.013144947
1634,907169,4.933235,3.984375,0.23967287,0.025221687
1634,907173,3.871399,3.984375,0.1832109,0.018522501
1634,907176,4.931365,4.1875,0.13174514,0.015353455
1634,907269,2.640155,3.859375,0.31472966,0.03271716
1634,907299,4.426762,3.9375,0.12420908,0.012896855
1634,907320,3.851112,3.6875,0.16296877,0.01916454
1634,907788,4.707312,3.6875,0.30735034,0.031597108
1634,907792,6.143362,6.21875,0.13950956,0.014948018
1634,907799,3.022067,3.296875,0.106851555,0.012508
1634,908122,2.898625,2.796875,0.39691618,0.04061479
1634,908123,2.956883,4.53125,0.44501242,0.04528275
1634,908127,3.52197,3.359375,0.1897823,0.020467374
1634,908131,5.206574,4.46875,0.1714631,0.01898262
1634,908135,3.746275,4.5,0.09359546,0.009718187
1634,908150,3.360913,4.0625,0.23334049,0.02534416
1634,908152,5.376719,4.28125,0.34120563,0.035428002
1634,908159,2.555229,2.984375,0.27536124,0.029835543
1634,908447,4.023021,5.15625,0.1671609,0.017143048
1634,908457,4.755847,5.34375,0.3058436,0.030920582
1634,908459,5.838138,5.21875,0.37510523,0.03792289
1634,908467,3.92729,3.34375,0.49560454,0.05801527
1634,908469,4.89597,5.0,0.24927725,0.025882911
1634,908470,5.752893,6.53125,0.20088099,0.020933334
1634,908483,3.108579,3.90625,0.27975613,0.032602515
1634,909249,3.78603,3.21875,0.18251252,0.020267604
1634,909251,2.769643,2.921875,0.18560103,0.019097187
1634,909255,4.410225,4.15625,0.36436927,0.0366956
1634,909260,4.017308,3.65625,0.16717575,0.017131452
1634,909696,3.521328,3.90625,0.075394124,0.0087483
1634,909698,3.227747,3.828125,0.14191173,0.0156193795
1634,909704,3.826687,4.25,0.15600573,0.016986951
1634,909712,5.26171,4.53125,0.17929155,0.018732093
1634,909715,2.797881,2.5625,0.41484702,0.045927573
1634,909731,3.282683,3.859375,0.20793091,0.021181779
1634,909737,5.346154,5.46875,0.62874913,0.06309939
1634,909747,5.867739,6.25,0.3838828,0.04088713
1634,909776,4.452566,4.90625,0.11736316,0.012017942
1634,909905,5.678726,5.25,0.27443755,0.028371992
1634,909975,4.147307,4.375,0.14709075,0.016334096
1634,910079,3.686355,4.21875,0.23281726,0.024426602
1634,910546,5.089548,4.4375,0.25244036,0.026152842
1634,910691,2.787737,4.03125,0.29333743,0.029627375
1634,910692,3.479848,4.34375,0.584065,0.05897318
1634,910779,5.494742,5.09375,0.15616144,0.016112382
1634,910900,3.031653,3.828125,0.12892394,0.014896486
1634,910911,5.525061,5.28125,0.09323557,0.01038611
1634,910916,2.903669,3.609375,0.15306026,0.021402588
1634,910920,4.351541,4.65625,0.22875483,0.023198338
1634,910921,4.497937,5.21875,0.36566457,0.03801201
1634,910947,2.669541,2.703125,0.18335187,0.019645588
1634,924102,3.946958,4.46875,0.46074006,0.047681764
1634,924104,4.924476,4.90625,0.2993738,0.032858044
1634,924110,4.323021,4.1875,0.3413545,0.035326604
1634,924187,4.869462,5.53125,0.29142016,0.029959407
1634,924239,3.139814,2.578125,0.18066809,0.022266522
1634,925340,5.183958,5.0,0.11426882,0.011701082
1634,930083,6.553115,6.9375,0.17487103,0.021679562
1634,930301,5.375079,4.78125,0.21408416,0.023036761
1634,946355,4.144205,4.5,0.17963956,0.018552894
1634,949176,5.069515,4.40625,0.102827996,0.010619915
1634,1240121,4.387145,4.1875,0.22468427,0.025459204
1634,1240142,3.832558,4.84375,0.09824688,0.010338892
1634,1240147,3.180829,3.09375,0.23685913,0.025487486
1634,1240150,5.402081,5.34375,0.57066923,0.059058275
1634,1240166,3.103645,3.078125,0.13753763,0.016173929
1634,1240168,4.614209,3.921875,0.23500317,0.025179865
1634,1240169,5.534156,4.4375,0.17817922,0.019401353
1634,1240192,3.68918,3.921875,0.24623346,0.027025579
1634,1240201,4.166471,4.375,0.36870694,0.04004692
1634,1290722,5.195316,4.875,0.19814993,0.019984663
1634,1290798,4.749845,3.875,0.17925476,0.021782534
1634,1290807,3.822896,4.84375,0.51224244,0.053990092
1634,1290905,4.835032,5.375,0.25997838,0.027743684
1634,1295741,1.71741,1.890625,0.52196246,0.055103797
1634,1297447,4.212692,4.03125,0.20111372,0.021267116
1634,1297449,3.286294,3.203125,0.26829988,0.03029216
1634,1298134,4.228462,3.765625,0.12618442,0.015333577
1634,1298151,4.059216,4.6875,0.13938276,0.014283346
1634,1298215,4.43757,4.34375,0.08031653,0.010384595
1634,1298218,4.827578,5.4375,0.18054985,0.019562677
1634,1298347,3.622,4.40625,0.09172005,0.009492063
1634,1298348,4.570468,4.53125,0.108969875,0.011895972
1634,1298353,4.43189,4.375,0.13281201,0.014461464
1634,1330975,5.352436,5.375,0.0924945,0.009357687
1634,1330982,4.044823,3.609375,0.19348855,0.020393595
1634,1330984,4.060828,3.375,0.14230601,0.015535196
1634,1331033,2.45773,2.71875,0.23600495,0.02738466
1634,1331037,2.004727,2.375,0.1485198,0.017856035
1634,1503361,3.211102,3.875,0.29362506,0.030677477
1634,1659929,5.577011,4.90625,0.1699041,0.017641453
1634,1660034,5.246944,4.09375,0.0886262,0.009111204
1635,684052,5.198803,5.03125,0.056251112,0.008081127
1635,684072,4.913736,5.0,0.12518944,0.015862614
1635,687800,6.578753,6.5,0.11533378,0.013976968
1635,687802,7.071457,7.09375,0.26547185,0.02817087
1635,687816,6.689141,6.65625,0.1679824,0.0179263
1635,687821,7.558301,7.5625,0.23862645,0.027039006
1635,688006,5.040684,5.03125,0.059120823,0.008195862
1635,688013,5.046471,5.15625,0.14576119,0.016186452
1635,688018,6.202599,5.78125,0.12319033,0.017456481
1635,713899,5.33794,5.34375,0.046365995,0.0077356207
1635,724825,4.180974,4.8125,0.058950886,0.008468981
1635,724859,5.063609,5.78125,0.09719017,0.013898105
1635,724866,5.594288,5.90625,0.1781472,0.023033697
1635,724872,3.825882,4.375,0.04001936,0.0068864543
1635,724874,7.214821,7.5625,0.14200452,0.016090678
1635,749709,5.261644,5.4375,0.04603205,0.0068741464
1635,749713,6.001503,5.71875,0.111533985,0.014273328
1635,749717,6.034843,6.21875,0.14673038,0.017099818
1635,753562,4.019498,4.90625,0.044257317,0.009345678
1635,753600,5.10444,5.53125,0.13365279,0.015828919
1635,753621,5.322311,5.96875,0.06334387,0.00975837
1635,753623,6.110623,5.6875,0.092581294,0.011443718
1635,905937,5.078357,4.90625,0.06811927,0.01038367
1635,905939,6.515724,6.34375,0.1183711,0.01341275
1635,905968,4.877723,5.21875,0.25126138,0.032717228
1635,905981,5.90382,5.75,0.06473292,0.0069505638
1635,905989,5.679327,5.53125,0.11646409,0.016009444
1635,905990,6.017479,6.0,0.05299336,0.0072543826
1635,905991,4.362288,5.0,0.05853987,0.009766689
1635,906746,5.993983,5.6875,0.050660603,0.009849074
1635,906797,5.47902,5.25,0.0787753,0.011423749
1635,906798,4.880881,5.09375,0.057599835,0.009849533
1635,906801,4.510326,5.03125,0.05561544,0.012830748
1635,906814,5.57695,5.1875,0.15793224,0.01810058
1635,906830,6.34306,6.53125,0.10136335,0.011404347
1635,906836,4.167438,3.359375,0.055506043,0.0077955937
1635,906843,3.926427,5.03125,0.118440606,0.0142397145
1635,906863,5.079085,5.125,0.05376638,0.010606422
1635,907047,4.549346,5.25,0.026854923,0.007869145
1635,907062,5.552633,5.375,0.06806037,0.012422627
1635,907073,4.362002,4.65625,0.11359545,0.012197078
1635,907169,5.419143,5.0625,0.05236276,0.007168058
1635,907291,4.971225,5.09375,0.06758908,0.008738989
1635,907313,5.798245,5.75,0.1465975,0.017084336
1635,907314,4.636444,5.875,0.1098891,0.011750198
1635,907319,5.474386,5.34375,0.04887362,0.009858149
1635,907320,5.465995,5.5625,0.11062772,0.0143037075
1635,907323,3.915208,4.28125,0.06393844,0.010296364
1635,907783,3.82456,4.1875,0.056953736,0.008034457
1635,907790,6.024973,5.71875,0.19215998,0.022023413
1635,907792,6.685372,7.21875,0.08578692,0.010135718
1635,907794,6.198583,6.03125,0.09394647,0.012507341
1635,908122,4.938376,4.84375,0.13516106,0.016335841
1635,908132,4.752755,4.3125,0.0814859,0.010393131
1635,908147,3.55933,3.796875,0.02523997,0.0041856794
1635,908158,4.289589,4.71875,0.10217787,0.011710584
1635,908159,3.546285,4.0625,0.13955206,0.015359663
1635,908460,6.608543,6.71875,0.15456297,0.021612715
1635,908463,7.008849,6.625,0.09267258,0.014126422
1635,908470,7.218192,7.0625,0.18277134,0.020710008
1635,908471,4.2376,4.5,0.07684564,0.013567336
1635,908473,6.655272,6.625,0.078797415,0.009628469
1635,909703,4.463893,4.65625,0.05725999,0.007937897
1635,909707,5.504993,5.59375,0.085783474,0.011647448
1635,909726,6.073033,5.96875,0.11028744,0.011425788
1635,909737,4.366541,5.90625,0.2069932,0.022323512
1635,909743,5.254669,5.0,0.12786795,0.014597847
1635,909745,6.218938,6.125,0.12855063,0.015261624
1635,909749,5.861399,5.71875,0.10714751,0.012329472
1635,909757,3.879692,5.625,0.1170927,0.017061558
1635,909777,3.846881,3.9375,0.07601134,0.009862503
1635,909781,6.479256,7.09375,0.07882997,0.010535286
1635,909784,6.334976,6.21875,0.14765918,0.017573325
1635,909904,6.830778,6.78125,0.15743555,0.018513856
1635,909975,5.665578,5.625,0.12069257,0.014831811
1635,910399,5.096664,5.53125,0.0641012,0.008317157
1635,910546,5.996157,5.9375,0.11702703,0.013078484
1635,910567,5.596338,5.21875,0.07492726,0.009080218
1635,910704,5.135989,5.125,0.19003363,0.026232505
1635,910706,3.654544,3.609375,0.06406052,0.008997034
1635,910779,5.809639,5.53125,0.109081,0.013014373
1635,910852,5.777684,5.59375,0.05710267,0.009952032
1635,910900,5.103759,4.96875,0.037498973,0.0048655076
1635,910920,4.671586,5.09375,0.14491755,0.015740147
1635,910951,3.750744,4.125,0.07892815,0.011286654
1635,924189,5.560647,5.53125,0.15643996,0.017426856
1635,924239,3.61201,3.9375,0.041705716,0.006048033
1635,924244,5.424459,5.6875,0.1344013,0.015121434
1635,998184,4.612152,4.96875,0.044032525,0.0068198536
1635,1240144,6.020465,6.34375,0.17333668,0.018269598
1635,1240146,5.614234,5.84375,0.22184956,0.025231097
1635,1240184,5.886531,5.84375,0.10287463,0.014141404
1635,1240190,5.802301,5.71875,0.0795417,0.014420498
1635,1240197,6.149326,6.15625,0.105400175,0.012128406
1635,1240201,4.820739,5.46875,0.09136462,0.01385466
1635,1290798,4.347104,5.375,0.13133837,0.020678146
1635,1298134,4.938188,5.1875,0.058176953,0.00970614
1635,1298169,5.758759,5.25,0.09373406,0.01316456
1635,1298348,6.086675,5.9375,0.15135026,0.018442387
1635,1298353,5.619042,5.90625,0.094552405,0.011119023
1635,1298356,6.726087,6.59375,0.12123568,0.019087562
1635,1298358,5.506803,5.5625,0.15532108,0.017872809
1635,1298359,5.146904,5.59375,0.060239315,0.009329997
1635,1299062,5.296217,6.375,0.29140827,0.03198378
1635,1303896,4.437231,4.5,0.08301703,0.0094067445
1635,1303901,5.015761,5.3125,0.22536565,0.023455705
1635,1327765,4.643015,3.875,0.056786794,0.006919605
1635,1327766,3.983649,4.5,0.10734853,0.013646556
1635,1327771,4.59248,4.15625,0.066351555,0.009859002
1635,1331033,4.104416,3.75,0.06931066,0.009821552
1635,1331048,4.170965,4.625,0.101247184,0.01169858
1635,1503364,5.540395,5.1875,0.2091592,0.02667724
1706,683667,3.087061,0.5703125,0.21026167,0.03712235
1706,687457,4.643979,2.859375,0.26966956,0.027228598
1706,687561,0.81438,1.828125,0.3858992,0.042596266
1706,687588,4.342588,2.171875,0.5361644,0.06195098
1706,687780,2.615373,2.9375,0.53224236,0.07140915
1706,687815,3.116358,3.140625,0.3213669,0.03303808
1706,687983,1.168982,1.59375,1.0492307,0.14935417
1706,688006,3.080699,2.5,0.61011046,0.1288351
1706,688018,2.389448,1.015625,1.1168938,0.17883392
1706,688025,-2.931329,-0.47265625,1.2556995,0.48344713
1706,688058,3.873629,2.703125,0.71877515,0.08965015
1706,688086,1.906972,3.1875,1.3724169,0.16964066
1706,722046,-1.463329,0.19726562,0.14981723,0.02295766
1706,722066,2.467771,1.84375,0.30523038,0.037618257
1706,724825,-3.614234,-3.390625,0.033597235,0.04363477
1706,724831,-0.054442,0.111328125,0.17036071,0.02494306
1706,724859,3.811812,2.546875,0.3018154,0.05546468
1706,724869,3.603636,3.375,0.24338178,0.025736827
1706,724878,3.587742,3.765625,0.28409365,0.029011061
1706,749709,4.330048,3.875,0.26302993,0.031623203
1706,753556,-0.486472,0.65234375,0.38745633,0.041881967
1706,753573,-0.514666,2.1875,1.1916229,0.1252076
1706,753608,2.617061,2.90625,0.28438133,0.03234288
1706,753614,1.645476,1.171875,0.43124595,0.0485193
1706,905947,2.753425,1.28125,0.6504998,0.1220463
1706,905950,1.397536,2.0,0.44722226,0.08632066
1706,905957,-0.460295,-0.94921875,0.15401247,0.02034958
1706,905962,2.196613,1.71875,0.5708489,0.07571011
1706,905972,2.182487,3.359375,0.7406651,0.079527386
1706,905986,2.480637,3.5625,0.37892318,0.045797426
1706,906696,1.315956,-0.46679688,0.21872117,0.028480103
1706,906791,3.833842,3.859375,0.6890531,0.07961647
1706,906794,4.098996,2.359375,0.38093826,0.050333157
1706,906795,1.723619,1.625,0.8366514,0.08832563
1706,906797,2.524765,2.78125,0.09153293,0.01860212
1706,906805,0.280356,0.92578125,0.8142629,0.10187311
1706,906817,3.304323,3.28125,0.3392353,0.035070937
1706,906818,1.583672,1.234375,0.08079365,0.03157948
1706,906827,1.220867,1.3125,0.11489973,0.024646107
1706,906837,-0.139164,0.17578125,0.12016033,0.020293688
1706,906851,3.585595,2.578125,0.45009562,0.056665994
1706,906855,-1.375695,-1.703125,0.34958574,0.05868001
1706,906856,-1.818814,-2.484375,0.5718778,0.092092685
1706,907000,1.454934,0.7890625,0.5564566,0.058745354
1706,907046,0.064269,0.97265625,0.34177646,0.035615716
1706,907047,2.234755,1.546875,0.20839815,0.024181321
1706,907067,2.551049,0.91796875,0.11402375,0.022167686
1706,907071,3.465194,3.78125,0.33251333,0.03367866
1706,907072,1.104184,0.56640625,2.569596,0.32350618
1706,907173,-0.743761,0.25976562,0.6028204,0.07139391
1706,907270,-1.774109,-3.359375,0.45992768,0.077201545
1706,907275,-3.151501,-3.234375,0.39070794,0.10077383
1706,907276,2.160221,2.96875,0.44334975,0.064600416
1706,907277,-0.69062,-1.6875,0.1332768,0.057663925
1706,907285,2.702233,1.140625,1.0405297,0.119254895
1706,907287,1.955269,-0.09375,0.5455215,0.057994265
1706,907319,1.799773,1.765625,0.3933757,0.04526577
1706,907322,1.770047,0.94140625,4.089116,0.43552938
1706,907794,-0.226272,1.34375,0.4557542,0.05359505
1706,908125,3.70571,1.8125,0.11626574,0.015139185
1706,908126,-1.188594,-1.484375,0.21104781,0.11808295
1706,908138,-0.034119,0.62890625,0.33767492,0.035428002
1706,908152,2.844539,3.265625,1.0349629,0.11727271
1706,908158,-2.988331,-2.21875,0.33399847,0.06787808
1706,908445,2.224176,3.140625,0.13585147,0.01528459
1706,908447,2.50368,2.421875,1.1547003,0.122755915
1706,908459,1.811985,2.75,0.7450101,0.07982553
1706,908463,4.028931,3.078125,0.34473938,0.038654596
1706,908470,1.317041,1.609375,1.2452203,0.13124558
1706,908473,2.527672,0.8828125,0.5290583,0.057057127
1706,909249,-3.167193,-3.25,0.27948055,0.05994886
1706,909255,-2.493201,-2.296875,0.44526708,0.05456226
1706,909260,-0.479996,0.42382812,0.5786515,0.06466783
1706,909264,1.010458,0.34570312,0.3075424,0.037903205
1706,909707,1.470652,1.921875,0.34685394,0.050299674
1706,909713,0.180116,0.62890625,0.069760986,0.010863377
1706,909735,2.787998,2.359375,0.644898,0.07733368
1706,909743,-1.137643,-1.015625,0.21011125,0.041754823
1706,909744,3.42662,1.234375,0.50736743,0.056701407
1706,909745,2.321154,2.625,0.53391564,0.072789036
1706,909748,2.241701,3.078125,0.3856009,0.03925874
1706,909749,3.291146,0.69921875,0.30559328,0.04474289
1706,909751,1.234622,0.671875,0.6377399,0.06637497
1706,909904,5.227544,3.125,0.90056026,0.095072515
1706,909974,3.513198,2.25,0.41423085,0.045340538
1706,909976,1.795431,2.125,0.37381372,0.042205106
1706,910079,2.241322,2.03125,0.43919036,0.045550253
1706,910851,2.174623,3.203125,0.5414047,0.056490663
1706,910906,-2.933934,-2.609375,0.24275374,0.07180288
1706,910911,4.453609,3.578125,0.30408472,0.031648662
1706,910922,0.570339,-0.31835938,0.5741731,0.062519826
1706,910930,-2.71911,-0.76953125,0.63434297,0.094255336
1706,910941,2.001425,1.515625,1.0082381,0.121217065
1706,917486,3.872371,3.578125,0.54001814,0.05582833
1706,924100,0.76695,1.328125,0.28748035,0.031224532
1706,924110,3.81349,2.796875,0.5724533,0.08223958
1706,924239,0.064085,-0.890625,0.18864816,0.021455081
1706,924240,2.032044,2.578125,0.3675094,0.038862918
1706,925341,0.110249,1.703125,0.06714727,0.022718912
1706,946355,1.525784,1.40625,0.22696716,0.027656484
1706,1240121,3.159275,1.9375,0.8991656,0.11147367
1706,1240128,1.897098,2.046875,0.27922684,0.034413442
1706,1240144,2.605957,2.65625,0.14306237,0.015838386
1706,1240147,1.81542,0.14160156,0.41913944,0.05400535
1706,1240157,1.98527,1.15625,0.32252458,0.0377546
1706,1240158,3.005314,1.96875,0.29102868,0.034636118
1706,1240183,2.777338,1.90625,0.10512545,0.016737258
1706,1240185,1.060754,1.578125,0.38979203,0.048767198
1706,1240190,1.046485,1.671875,0.6219731,0.06772461
1706,1240192,1.555294,2.234375,0.28583527,0.034829706
1706,1240196,5.15133,4.125,0.39358875,0.043198694
1706,1290455,-2.970041,-2.578125,0.14223291,0.045398492
1706,1298146,1.801612,2.265625,0.41520685,0.043062825
1706,1298218,4.814826,4.5,0.45660868,0.05863185
1706,1298226,2.372909,2.265625,0.36110088,0.053389415
1706,1298359,3.855567,0.5703125,0.12729184,0.021631492
1706,1298365,0.852152,1.3125,0.76856416,0.080407366
1706,1298475,0.292635,-0.28515625,0.35018352,0.045598067
1706,1298534,3.414988,0.87890625,0.5522604,0.057093967
1706,1298537,-2.065165,0.25585938,0.6515089,0.07437851
1706,1298539,3.474458,2.296875,0.4474325,0.053793304
1706,1299075,-0.956786,-0.32226562,0.1852928,0.025909701
1706,1330942,1.777918,1.265625,0.15341522,0.018125998
1706,1330995,-0.807887,1.5,0.9037215,0.118098736
1706,1659823,2.677473,1.84375,0.32739845,0.03395585
1706,1660034,1.559224,0.703125,0.42777357,0.046031047
1706,1660035,2.062374,2.4375,0.30695984,0.03430463
1706,1674021,2.12986,1.40625,0.07483844,0.008420041
1720,684052,3.957209,1.984375,1.0632898,0.43058217
1720,687455,4.058219,3.421875,2.4454937,0.4130156
1720,687505,4.370601,2.65625,0.54744124,0.16041358
1720,687563,5.789758,4.65625,1.6298325,0.24338928
1720,687588,6.533577,6.21875,0.634301,0.16803436
1720,687780,6.166033,5.375,0.43926066,0.08072304
1720,687985,-0.439375,2.328125,3.2320428,0.36622605
1720,688011,2.508024,4.0625,5.0826197,0.51116145
1720,688018,4.069698,4.21875,10.604375,2.8345916
1720,722066,5.548218,4.75,1.5228047,0.1701827
1720,724825,-2.843765,0.19726562,2.2862208,1.1102333
1720,724834,6.498751,7.09375,0.046588074,0.04596351
1720,724870,5.595712,3.953125,0.9335124,0.11986972
1720,724872,1.47404,4.125,0.30873296,0.067282
1720,749714,4.029461,4.53125,2.0976067,0.24137178
1720,753541,4.362937,2.09375,3.057226,0.42202365
1720,753573,3.711378,3.484375,1.4955064,0.18540478
1720,753612,-1.075742,1.609375,16.180054,2.2058363
1720,753620,5.39747,3.46875,1.9023477,0.23727275
1720,753624,6.175231,4.40625,1.706576,0.29553217
1720,905933,5.700996,3.921875,0.547034,0.13985406
1720,905939,6.55241,5.53125,6.8269753,1.7150316
1720,905951,4.786535,5.59375,0.3658871,0.14086737
1720,905957,4.111524,2.6875,3.9166884,0.9424004
1720,905959,7.021677,7.6875,0.18272789,0.061824977
1720,905960,5.179879,5.6875,0.8054657,0.14037909
1720,905970,5.246402,7.09375,0.60606974,0.18441609
1720,906693,4.454921,5.28125,0.92513394,0.13815388
1720,906790,3.867384,2.328125,2.3538225,0.56635684
1720,906792,2.092982,4.65625,1.6537567,0.48459092
1720,906793,5.195716,5.8125,0.20315275,0.045725256
1720,906795,6.531387,6.28125,0.2624767,0.068913996
1720,906828,5.563047,5.375,0.29159763,0.17352295
1720,906832,-1.390821,1.78125,29.74474,3.5313165
1720,906837,2.627187,3.015625,0.7414742,0.2277715
1720,906843,4.794262,1.3125,5.843633,3.4596262
1720,906868,5.858221,5.53125,0.20656222,0.041979376
1720,907051,5.833388,4.03125,0.9734868,0.19784047
1720,907060,2.706492,4.71875,0.15114045,0.03830224
1720,907068,3.98164,4.59375,0.98235905,0.1274615
1720,907072,-0.399132,2.546875,10.553685,1.1219599
1720,907286,4.162828,6.40625,0.73711926,0.10008406
1720,907323,-1.874749,1.796875,23.262192,2.6767821
1720,907795,6.135776,5.46875,1.8999414,0.26802453
1720,908121,-0.021124,1.828125,6.873166,2.0913804
1720,908122,3.524457,1.578125,50.508102,9.610616
1720,908150,4.646891,5.5,0.25355437,0.07360662
1720,908459,4.585531,4.875,0.7663181,0.16182095
1720,908465,6.593094,5.84375,0.30931124,0.15293902
1720,908483,2.105674,2.875,3.819971,0.4413776
1720,909250,4.912019,6.1875,0.22687401,0.026557783
1720,909703,-1.596367,1.140625,12.248451,1.3733822
1720,909719,5.510749,5.53125,0.29342577,0.041030057
1720,909720,5.74912,5.84375,0.2396178,0.05180615
1720,909725,6.314507,5.40625,0.908864,0.11406358
1720,909745,5.702181,4.03125,0.62318337,0.2282034
1720,909749,5.177455,5.4375,0.97334933,0.1707351
1720,909751,5.690915,4.46875,12.309375,1.3473494
1720,909759,5.731004,3.296875,9.173469,1.0599461
1720,909785,-0.740899,-1.46875,33.07195,4.3063617
1720,910546,4.841456,5.40625,0.8455335,0.1071366
1720,910548,5.395464,6.65625,0.44135013,0.049323566
1720,910554,3.336398,3.328125,3.5769806,0.57273614
1720,910900,3.272621,3.890625,0.6137892,0.13062802
1720,910926,4.817191,4.0625,0.78333336,0.09925529
1720,910927,4.359477,4.03125,1.0358897,0.12729964
1720,910933,5.400801,4.25,1.4926007,0.5493086
1720,910941,4.129873,2.71875,28.704008,3.1684015
1720,910943,6.620354,6.71875,0.10258612,0.07590904
1720,910951,2.837475,0.46484375,31.828535,5.442659
1720,911905,7.688277,8.125,0.15172036,0.114525735
1720,924102,5.926184,6.6875,0.35462013,0.06516863
1720,924240,2.981594,2.265625,3.2450411,0.39878044
1720,946355,4.873166,4.84375,2.4856775,0.42504925
1720,946361,5.415582,4.71875,0.929542,0.118166946
1720,998184,0.68989,1.109375,14.78838,2.6109343
1720,1240121,1.181482,1.984375,36.46352,4.19586
1720,1240123,0.31678,2.640625,8.514689,1.2406739
1720,1240142,2.336535,3.765625,1.2671633,0.29725942
1720,1240143,4.75672,4.90625,0.9908914,0.2230281
1720,1240154,4.5095,4.53125,0.70318407,0.119496435
1720,1240159,5.519017,6.9375,0.20933805,0.047897264
1720,1240179,-0.556298,2.875,2.118652,0.414897
1720,1240186,5.798728,5.28125,1.0069817,0.10964694
1720,1240189,2.080685,1.640625,8.167136,2.2638547
1720,1240198,6.061746,6.34375,0.380707,0.059939183
1720,1240217,-1.752858,3.828125,1.6050167,0.97988164
1720,1240223,7.103285,8.3125,0.13257056,0.03272994
1720,1290722,4.758033,3.5625,1.977833,0.28681916
1720,1290797,5.706929,4.65625,5.4492335,0.69272745
1720,1290905,0.507248,6.84375,1.5903342,0.49794963
1720,1290922,4.846068,5.65625,0.28094304,0.066462
1720,1295740,3.224593,0.36523438,7.145188,1.4095217
1720,1298134,1.983043,4.84375,0.5918466,0.12305946
1720,1298157,3.703984,6.0,0.27085653,0.04977537
1720,1298169,5.994325,5.25,0.23741685,0.08522635
1720,1298358,6.921019,5.53125,1.6637977,0.21364363
1720,1298526,7.175117,6.59375,0.13113326,0.060333967
1720,1298539,5.256264,5.71875,0.19682248,0.07279743
1720,1303896,-1.875413,-1.34375,31.129051,3.5967987
1720,1303900,1.560234,3.703125,26.388525,3.791019
1720,1327771,3.276305,0.32226562,15.494553,3.2975862
1720,1327775,-2.264202,2.453125,2.1025112,0.7510094
1720,1331040,-1.201468,0.46484375,13.066029,2.5219412
1720,1480371,0.23694,4.3125,0.4804396,0.30710632
1720,1480372,4.621518,6.0625,0.14407177,0.03782645
1720,1503367,5.995917,4.40625,2.1074579,0.59500283
1720,1674021,6.489336,4.625,0.15658559,0.1269721
1736,687505,4.216837,2.921875,0.2639442,0.03282082
1736,687562,4.081342,4.59375,0.3503006,0.044981122
1736,687586,5.23213,5.21875,0.41392317,0.04474289
1736,687588,4.931361,4.59375,0.57048994,0.07276323
1736,687780,4.499712,4.90625,0.38625675,0.04015263
1736,687829,5.413775,5.3125,0.2886813,0.02951893
1736,688025,5.22443,4.40625,0.2870355,0.034879748
1736,722046,-0.086724,-0.15429688,0.6165774,0.16044831
1736,722066,4.465319,3.734375,0.51332915,0.055117663
1736,724825,1.310851,0.64453125,0.3582409,0.0672129
1736,724839,5.730872,5.4375,0.5130583,0.053041156
1736,724870,2.449634,3.09375,0.94528675,0.10171861
1736,724872,5.315545,4.25,0.21523783,0.025430333
1736,724878,7.5159,7.125,0.3310683,0.03468488
1736,753539,5.342763,4.9375,0.3471638,0.03810328
1736,753555,2.114798,2.265625,0.254874,0.04057906
1736,753566,5.712017,5.4375,0.72268075,0.073661834
1736,753573,3.872133,3.15625,0.80603707,0.09523322
1736,753576,6.974356,5.625,0.46237496,0.046633415
1736,753623,4.361155,3.375,0.21903026,0.024399193
1736,753624,2.79858,2.484375,0.5889728,0.063239746
1736,905940,3.449747,3.265625,0.23521613,0.030412473
1736,905941,8.033567,6.71875,0.45668817,0.07665777
1736,905944,5.948365,5.09375,0.38220665,0.04607192
1736,905960,4.352124,2.34375,0.70544106,0.087456755
1736,905962,0.879064,0.30273438,0.11441337,0.1523677
1736,905989,6.137973,1.0625,0.28134194,0.056748632
1736,906693,2.666958,3.0625,0.19831407,0.021387497
1736,906790,-0.014265,0.18847656,0.9819679,0.25104874
1736,906793,-0.098657,-0.09082031,0.27602696,0.20146006
1736,906798,5.547314,4.34375,0.44303954,0.07217707
1736,906828,3.514431,2.96875,0.5386978,0.07925707
1736,906832,5.37929,4.5625,0.42911425,0.049791954
1736,906833,4.463112,4.875,0.30813366,0.036671832
1736,906834,3.805855,3.78125,0.5456764,0.060059354
1736,906837,2.916519,2.9375,0.12329602,0.019630235
1736,906842,3.166113,3.546875,0.10306226,0.012119751
1736,906848,4.141169,2.34375,0.78740627,0.12827902
1736,906849,5.349925,4.46875,0.16413511,0.018226834
1736,906851,5.367086,5.15625,0.64074963,0.06660798
1736,906855,2.216186,2.046875,0.46314704,0.055257734
1736,906870,4.741896,2.9375,0.7863116,0.093581095
1736,906872,4.398831,2.953125,1.2653301,0.21369962
1736,907045,4.751845,4.34375,0.658274,0.06827232
1736,907053,4.535812,4.34375,0.3063099,0.034345616
1736,907068,2.728106,4.28125,0.6608617,0.07865096
1736,907069,2.383991,2.796875,0.17807335,0.024276845
1736,907073,3.914411,2.109375,0.17063609,0.019069623
1736,907291,2.280864,0.96484375,0.92819345,0.10132859
1736,907299,3.227261,2.53125,0.2333572,0.031187186
1736,907794,-0.308071,0.66796875,0.98753124,0.19771022
1736,908125,3.669645,2.125,0.5124657,0.06649265
1736,908130,5.027722,5.09375,0.8324478,0.08480089
1736,908159,4.205986,3.640625,0.41354728,0.048631668
1736,908443,6.426414,5.21875,0.65694284,0.07230579
1736,908467,3.797414,4.34375,0.49172804,0.067313775
1736,908470,6.549768,4.59375,0.6055421,0.08865936
1736,908483,4.323776,4.59375,0.33633468,0.037349205
1736,909250,5.052713,4.65625,0.4930212,0.050918456
1736,909251,3.676769,3.8125,0.19941136,0.021505836
1736,909262,4.793834,4.59375,0.26018828,0.029273672
1736,909731,5.376051,4.3125,0.23438169,0.024590738
1736,909747,2.955398,0.53515625,0.3033728,0.24539652
1736,909751,2.802856,1.703125,0.92416906,0.09989775
1736,909777,5.147795,4.3125,0.46326467,0.048337456
1736,909974,3.492762,2.640625,0.7020348,0.10932283
1736,910549,2.46203,4.28125,0.4953903,0.054372013
1736,910692,3.417275,3.28125,0.59225386,0.06787808
1736,910704,5.683458,4.375,0.6847414,0.07703996
1736,910921,0.950776,1.265625,1.2510165,0.2792942
1736,910934,2.331045,0.23242188,0.83769435,0.15394329
1736,910941,4.89923,5.03125,0.2789342,0.029886937
1736,917486,3.647274,2.15625,0.8132617,0.09631713
1736,924244,3.107392,2.703125,0.3465684,0.063688956
1736,925347,3.417701,5.5625,0.37464228,0.041007284
1736,930297,5.388827,4.5625,0.2711395,0.028934749
1736,946353,4.598565,5.5625,0.4329288,0.044238873
1736,946355,5.53537,3.484375,0.42616105,0.04596002
1736,946382,5.646508,4.5,0.15260361,0.017421756
1736,1240123,2.761356,2.078125,0.21445306,0.024389891
1736,1240146,-0.264732,4.84375,1.1036607,0.12919408
1736,1240147,1.492004,0.71875,0.69847685,0.11869651
1736,1240154,0.839198,1.5,0.5038999,0.12548913
1736,1240172,6.183543,4.78125,0.39154676,0.040124025
1736,1240183,4.413723,3.53125,0.22973353,0.033158403
1736,1240184,2.220971,1.5625,0.4186316,0.10991291
1736,1240187,3.787132,4.40625,0.23808049,0.027286354
1736,1240222,3.152577,4.15625,0.34558582,0.04284386
1736,1290455,-1.885478,-1.640625,0.90083647,0.40294135
1736,1290765,4.603309,6.0,0.7577216,0.078034334
1736,1290797,3.963597,2.578125,0.6024098,0.06428637
1736,1295741,2.656848,2.90625,0.49785373,0.054349467
1736,1298534,2.797648,2.5,0.593486,0.06724851
1736,1298538,2.800619,2.1875,0.42167854,0.04958788
1736,1303900,5.603472,4.53125,0.37936094,0.04461148
1736,1330995,4.610117,5.09375,0.2177206,0.023534436
1736,1331048,5.454786,4.03125,0.34720334,0.036324497
1736,1480371,5.461412,4.28125,0.29929292,0.033913184
1736,1503361,2.984475,3.71875,0.44079694,0.049261745
1736,1503364,3.711026,4.15625,1.2256802,0.13006458
1736,1503366,5.810503,5.5625,0.45886454,0.046692293
1736,1659823,4.12655,3.828125,0.4532266,0.045805585
1736,1660036,2.876523,3.15625,0.3039095,0.047325645
1776,683667,4.139822,3.578125,0.19065315,0.031617034
1776,684072,3.025747,3.328125,0.101312876,0.019277679
1776,687459,4.987621,5.1875,0.032680124,0.012968556
1776,687505,4.045725,4.28125,0.02602018,0.010017828
1776,687590,4.239415,4.28125,0.07818984,0.019472076
1776,687802,6.048903,5.71875,0.18705617,0.031208118
1776,687812,4.989027,5.0,0.045209073,0.014430019
1776,687815,4.347587,3.5625,0.17921749,0.03026776
1776,687829,4.737087,4.6875,0.09987716,0.01999606
1776,687995,4.185331,3.40625,0.062214203,0.014118146
1776,688023,4.005559,3.921875,0.12914537,0.025855748
1776,722046,3.67046,3.765625,0.106687844,0.024613397
1776,724855,5.436086,5.46875,0.0466812,0.009075427
1776,724863,4.600831,5.21875,0.046546154,0.014856795
1776,724868,4.012356,4.34375,0.019214015,0.008103752
1776,753541,2.663683,3.796875,0.05467386,0.015436183
1776,753551,4.143257,4.09375,0.058689535,0.009851381
1776,753554,4.794602,4.4375,0.033814877,0.01369343
1776,753576,5.333037,5.0625,0.08843656,0.016592402
1776,753600,4.352279,4.90625,0.08066361,0.014058305
1776,753623,4.808017,5.09375,0.028022973,0.009574848
1776,753624,4.967038,4.6875,0.111142755,0.018321557
1776,905934,4.733281,5.53125,0.10384017,0.024359506
1776,905938,3.681842,3.171875,0.08194532,0.02772575
1776,905942,4.085109,4.0625,0.008190093,0.009849931
1776,905944,4.489427,4.5,0.024751825,0.011565093
1776,905951,4.305471,5.5,0.11624624,0.02293174
1776,905955,3.909353,4.03125,0.07999619,0.02045173
1776,905956,4.774558,4.84375,0.06530571,0.013475001
1776,905957,3.176188,3.984375,0.06912144,0.025060665
1776,905960,3.874568,3.875,0.13102764,0.045659263
1776,905968,4.208339,4.40625,0.17631438,0.034031343
1776,905984,3.948992,3.625,0.025795884,0.016742945
1776,905986,4.857072,4.59375,0.037247002,0.011441809
1776,905989,4.130149,4.25,0.18232219,0.042770334
1776,906696,3.801849,4.125,0.03913457,0.013112088
1776,906791,4.860135,4.78125,0.06011415,0.013420711
1776,906794,4.027064,4.21875,0.016479025,0.009919999
1776,906795,4.889996,5.28125,0.050539367,0.015976908
1776,906801,3.954327,3.59375,0.06182941,0.021125782
1776,906814,4.074378,4.46875,0.033844836,0.010298372
1776,906828,4.464259,4.5625,0.015992155,0.010274689
1776,906830,5.355517,5.1875,0.046044387,0.007824608
1776,906835,5.545006,6.28125,0.053037323,0.014305602
1776,906837,3.676676,4.03125,0.031353295,0.013325165
1776,906839,5.171972,4.96875,0.031980954,0.014564045
1776,906843,4.589318,4.65625,0.07642073,0.01988652
1776,906864,4.065139,4.78125,0.030820902,0.010846772
1776,907072,3.457058,3.46875,0.17576791,0.031236239
1776,907173,5.041441,5.25,0.050922453,0.014115234
1776,907276,4.947095,5.5625,0.13069922,0.019517828
1776,907278,3.759846,3.6875,0.07069001,0.015910782
1776,907287,4.2053,4.59375,0.17356962,0.025412884
1776,907295,4.651948,4.59375,0.028363707,0.007380921
1776,907312,4.094508,4.21875,0.010003859,0.0066938675
1776,907319,4.277408,4.25,0.017254753,0.010281068
1776,907322,3.657448,3.40625,0.0758127,0.013562112
1776,907783,3.315504,2.8125,0.15168081,0.02626696
1776,908122,4.418646,4.4375,0.1717499,0.03464315
1776,908123,4.241259,4.15625,0.10443584,0.026936745
1776,908127,4.263125,4.09375,0.043440316,0.014697793
1776,908138,4.948648,5.03125,0.06413247,0.013648819
1776,908147,2.625527,2.640625,0.032908272,0.007346896
1776,908457,5.34554,5.125,0.20909724,0.049051397
1776,908461,5.257958,5.40625,0.12378245,0.030297825
1776,908467,3.731796,3.671875,0.05755861,0.02378677
1776,908475,4.88153,4.6875,0.20784953,0.039831694
1776,909249,2.046284,3.046875,0.23715588,0.02822457
1776,909704,4.320522,4.375,0.032408018,0.011293236
1776,909713,4.691847,4.28125,0.026807941,0.012052728
1776,909722,3.61338,3.140625,0.0781939,0.016134314
1776,909743,2.664879,4.0625,0.25212803,0.032599114
1776,909907,5.83101,5.6875,0.16791621,0.024705034
1776,909975,5.370714,5.46875,0.04320199,0.011652746
1776,910689,6.328852,7.59375,0.027250672,0.022205546
1776,910691,4.607556,4.78125,0.05934068,0.013248031
1776,910698,3.015763,4.4375,0.020071205,0.0093300445
1776,910700,6.026548,5.71875,0.065543726,0.018850962
1776,910900,4.334739,4.28125,0.023543002,0.006018976
1776,910906,3.432867,3.609375,0.08557061,0.015725331
1776,910916,4.539606,3.59375,0.046932362,0.033259492
1776,910921,4.955702,4.34375,0.15582465,0.031430915
1776,910927,4.434663,4.34375,0.04237437,0.012074718
1776,910930,3.230749,3.015625,0.11666571,0.02301449
1776,910933,4.498712,4.59375,0.09512651,0.023485493
1776,911905,5.299891,6.71875,0.05480828,0.015910799
1776,924104,4.845174,4.46875,0.040823255,0.017753214
1776,930297,4.653917,4.78125,0.118385166,0.018335754
1776,946382,4.276678,4.46875,0.017147135,0.008157342
1776,1240122,5.093417,4.96875,0.017172663,0.010796709
1776,1240127,5.010124,4.53125,0.13121562,0.030525003
1776,1240186,4.330072,4.6875,0.09207289,0.012257905
1776,1240218,5.610301,5.21875,0.05241301,0.014662257
1776,1290765,2.604404,3.953125,0.17417249,0.03200772
1776,1290769,5.261417,5.78125,0.09971941,0.028680194
1776,1290807,5.23506,5.375,0.082003556,0.023805562
1776,1295741,3.342197,3.15625,0.23607625,0.02972145
1776,1298146,4.056502,4.9375,0.078919165,0.013328535
1776,1298157,4.182388,4.59375,0.03856747,0.010789042
1776,1298169,4.640708,4.625,0.022040434,0.012300121
1776,1298219,4.575081,4.6875,0.0533973,0.014533803
1776,1298526,5.996262,5.9375,0.03202599,0.016416721
1776,1299062,4.064273,5.96875,0.17109494,0.041167412
1776,1330942,4.034149,3.828125,0.035622388,0.013175418
1776,1331033,2.947992,2.453125,0.24038543,0.04136506
1776,1331037,2.978,2.625,0.13658176,0.031510066
1776,1331040,2.1705,2.59375,0.09464186,0.025995294
1776,1480362,4.853936,4.6875,0.02784792,0.01582337
1776,1503364,4.407747,4.5,0.09067164,0.022193404
1778,684052,3.851243,3.8125,0.13865073,0.015445199
1778,687452,4.566365,4.5625,0.23432124,0.024089362
1778,687561,1.29248,2.28125,0.28489304,0.034525365
1778,687588,3.877087,3.703125,0.46132588,0.049429644
1778,687590,4.892724,3.25,0.30478215,0.035071302
1778,687780,4.600021,2.453125,0.642956,0.06848087
1778,687812,3.0937,4.5625,0.5002221,0.053178493
1778,687997,4.884262,5.03125,0.21795367,0.02216636
1778,688023,1.04094,2.734375,0.26326606,0.026884187
1778,724831,4.703872,5.15625,0.23852289,0.024480829
1778,724859,4.918549,5.53125,0.44373837,0.047353696
1778,735784,3.195613,2.765625,0.22726521,0.047990877
1778,753573,0.62034,0.98828125,1.1993611,0.1420441
1778,753576,3.511603,4.03125,0.23526223,0.025106093
1778,753618,3.24643,3.734375,0.1307113,0.013224088
1778,753621,5.070224,3.75,0.4116023,0.050877023
1778,753624,4.936057,4.78125,0.19000423,0.01975155
1778,905936,3.999627,3.9375,0.29246667,0.030402852
1778,905939,1.659807,1.875,0.21294071,0.029149942
1778,905940,3.646083,3.953125,0.1008402,0.010173107
1778,905956,4.451234,3.375,0.19362393,0.02266554
1778,905962,6.725574,6.59375,0.20490745,0.020952687
1778,905969,5.367561,4.375,0.121966474,0.015120742
1778,905977,5.260502,4.5,0.15240537,0.016637718
1778,905984,0.827717,2.3125,0.48164603,0.067349106
1778,905989,0.939248,1.9375,2.5184753,0.265446
1778,905990,4.470821,5.5,0.17047769,0.020390902
1778,906746,4.156947,3.828125,0.05951187,0.0077770385
1778,906792,2.698244,2.3125,0.2241441,0.026008395
1778,906794,2.49166,3.328125,0.26311007,0.029602401
1778,906805,3.975808,4.4375,0.2996228,0.031110382
1778,906817,5.201007,6.25,0.206071,0.028690351
1778,906831,1.913736,2.515625,0.3974367,0.03999268
1778,906832,3.160777,3.296875,0.38382277,0.03949297
1778,906837,2.145852,2.28125,0.15618381,0.023933262
1778,906868,2.960453,3.28125,0.12594599,0.013253775
1778,906871,1.7445,2.609375,0.36154336,0.037583593
1778,906875,4.016114,4.5,0.2959168,0.029782964
1778,907042,2.489405,2.859375,0.26655382,0.028560419
1778,907068,4.303791,4.96875,0.097457364,0.0107265515
1778,907069,3.835386,4.0625,0.13832225,0.016673626
1778,907072,2.335807,1.890625,0.32736862,0.033228673
1778,907269,0.992402,1.328125,0.16693853,0.017540762
1778,907291,1.040288,2.015625,0.115633234,0.011942419
1778,907321,2.75468,4.03125,0.07244398,0.009796764
1778,907795,1.406006,2.484375,0.44203562,0.046063486
1778,908130,4.347618,2.890625,0.55944514,0.061073244
1778,908132,3.245349,2.875,0.18528545,0.01879005
1778,908134,5.309154,4.53125,0.06449532,0.006590461
1778,908152,2.170075,3.609375,0.39252636,0.044987362
1778,908451,3.345643,3.546875,0.09542539,0.009944054
1778,908465,4.350015,4.5,0.15098202,0.017373512
1778,908475,3.309254,3.234375,0.27087182,0.029899335
1778,909251,1.580391,1.375,0.30708453,0.031231163
1778,909262,2.974199,3.015625,0.333645,0.03380688
1778,909263,4.699016,4.90625,0.13031125,0.014022286
1778,909696,1.709898,1.4375,0.18043125,0.019749492
1778,909707,2.458104,4.0625,0.23281364,0.026193764
1778,909713,3.949175,4.625,0.14269757,0.015461362
1778,909719,4.400245,4.5625,0.2073204,0.021119589
1778,909738,5.25852,4.75,0.4920658,0.050281793
1778,909744,3.226608,3.390625,0.2867015,0.029062347
1778,909749,4.302243,3.46875,0.26970306,0.02889785
1778,909755,4.948208,5.15625,0.08782302,0.009271513
1778,909757,1.468821,1.796875,0.81376314,0.083269015
1778,909777,1.176392,0.84765625,0.65530485,0.06592842
1778,909975,5.046333,4.59375,0.110579684,0.012136774
1778,910079,2.475483,3.375,0.39241096,0.039686177
1778,910703,2.763594,1.78125,0.26931578,0.027192876
1778,910706,2.506158,2.046875,0.1548906,0.01589722
1778,910779,4.392618,5.78125,0.14367288,0.016670976
1778,910781,0.906106,1.546875,0.5721751,0.06415628
1778,910903,1.682463,2.40625,0.1230589,0.013434036
1778,910911,4.694924,4.25,0.20166045,0.029964192
1778,910921,3.762602,3.046875,0.4657866,0.04732351
1778,910941,3.484437,3.15625,0.508536,0.051172208
1778,910947,3.06799,2.703125,0.11170838,0.011232606
1778,910951,3.267117,3.328125,0.2750362,0.02784621
1778,924102,5.154512,4.84375,0.3543469,0.036972877
1778,924151,4.63288,4.3125,0.283806,0.029468093
1778,930082,0.360518,1.296875,0.3283812,0.053187113
1778,946361,3.89667,4.15625,0.06585599,0.0067295013
1778,946382,0.796388,0.48046875,0.035999805,0.013652605
1778,998184,0.035261,0.33984375,1.6920745,0.30269477
1778,998189,4.441016,2.984375,0.23367673,0.02503774
1778,1240122,5.101261,3.921875,0.14348756,0.014751219
1778,1240128,4.516211,5.1875,0.22124188,0.022725673
1778,1240143,4.371709,4.3125,0.17973894,0.020022279
1778,1240157,0.892471,1.09375,0.6740539,0.08125174
1778,1240169,3.397235,5.375,0.16323096,0.017151196
1778,1240173,4.231211,2.34375,0.097507276,0.011175289
1778,1240215,4.033025,3.390625,0.25725308,0.057902064
1778,1240217,4.440112,3.390625,0.22384699,0.045492135
1778,1240218,5.629482,5.09375,0.22605477,0.024880502
1778,1240222,-0.017949,2.1875,1.0276959,0.11924793
1778,1290798,2.765395,2.03125,0.17561781,0.041197576
1778,1290807,5.116519,3.625,0.4843933,0.068333305
1778,1298157,4.406903,3.5,0.24343897,0.024784975
1778,1298537,3.714829,3.234375,0.20627157,0.023735685
1778,1299050,2.355882,3.875,0.14270867,0.016170466
1778,1299062,4.974193,6.34375,0.2685711,0.027918829
1778,1330942,3.565211,4.125,0.13150656,0.013412321
1778,1330972,3.109491,3.359375,0.15980203,0.020248337
1778,1330983,2.922736,2.609375,0.32833457,0.03331155
1778,1331040,2.712653,2.734375,0.29592672,0.030562848
1778,1503361,2.967655,3.609375,0.2641441,0.027089078
1778,1503364,3.094229,2.75,0.8457018,0.08860126
1778,1503366,3.886105,2.296875,0.3124905,0.032125544
1778,1503367,3.978587,5.375,0.14503133,0.01547707
1779,687459,1.242889,1.796875,0.053992607,0.009232701
1779,687561,0.844048,1.0625,0.07224415,0.010681429
1779,687588,1.675743,1.4375,0.04079543,0.007817921
1779,687590,1.447787,1.453125,0.043983236,0.007042473
1779,687787,1.275258,1.21875,0.0518447,0.008254311
1779,688006,0.527262,0.9296875,0.061917227,0.009246343
1779,713880,0.509722,0.3671875,0.02603061,0.0056728357
1779,724828,1.419666,1.296875,0.030065754,0.0041859215
1779,724855,2.018843,2.109375,0.05290818,0.0067481813
1779,724866,1.965957,2.375,0.04849508,0.008398019
1779,724870,1.031697,0.59375,0.02526515,0.0052532456
1779,724878,2.497026,2.765625,0.097739145,0.011390427
1779,735784,1.484876,1.78125,0.030542284,0.0061147655
1779,749709,0.63208,0.77734375,0.05578281,0.010465929
1779,749715,-0.449565,-0.20996094,0.14370072,0.01967152
1779,753562,0.461363,0.68359375,0.01969288,0.0074309744
1779,753566,1.697268,1.625,0.07493665,0.009557806
1779,753572,0.569671,0.484375,0.031119183,0.008547511
1779,753575,2.309056,1.9375,0.01978353,0.0060197716
1779,753623,1.282249,1.453125,0.030922484,0.0046412074
1779,905933,0.708571,0.91796875,0.016585968,0.0043938328
1779,905949,2.3725,1.796875,0.06887781,0.009631262
1779,905951,1.071379,2.078125,0.053480085,0.007868372
1779,906798,0.799673,0.83203125,0.042087246,0.008363881
1779,906801,0.610135,0.59375,0.040071957,0.010521006
1779,906817,1.96239,3.0625,0.060736798,0.007552473
1779,906824,1.083004,0.91796875,0.04580517,0.008905116
1779,906830,2.20107,2.015625,0.026670529,0.0045043435
1779,906835,3.070457,2.859375,0.034099236,0.008066773
1779,906836,-1.041642,-0.546875,0.04307394,0.0066357083
1779,906839,1.780489,1.25,0.076141566,0.010888174
1779,906852,1.02252,1.890625,0.038330752,0.006723593
1779,906870,0.539995,0.08105469,0.1763851,0.01935931
1779,906871,-0.126091,0.40429688,0.034915846,0.005407843
1779,906872,1.829146,2.03125,0.034711126,0.006378872
1779,907062,1.034388,1.265625,0.043200124,0.008459908
1779,907173,1.610268,1.59375,0.03954337,0.005390971
1779,907275,-0.442788,-0.55078125,0.11759701,0.021759547
1779,907278,0.216266,0.08496094,0.0717282,0.011420007
1779,907290,2.108686,1.96875,0.05662188,0.0075382194
1779,907312,0.691746,1.359375,0.021904537,0.0044182977
1779,907319,0.899457,0.83984375,0.015980959,0.0063417745
1779,907794,1.070374,1.609375,0.050967436,0.008207572
1779,907795,0.879465,1.4375,0.061146174,0.007514203
1779,908121,0.765836,0.45703125,0.020101462,0.0056232754
1779,908123,0.975443,0.36328125,0.028720515,0.006309313
1779,908150,1.196838,1.265625,0.06216181,0.011345999
1779,908447,0.839227,1.09375,0.08161441,0.010589504
1779,908455,1.3866,1.40625,0.045693517,0.0076699243
1779,908461,1.811865,1.859375,0.047586884,0.008401612
1779,908463,2.52115,2.609375,0.07302024,0.014511109
1779,909248,1.152289,1.640625,0.028919533,0.005351122
1779,909264,0.931183,1.28125,0.03091048,0.0060093957
1779,909713,1.367521,1.390625,0.02125259,0.00494404
1779,909718,0.924354,0.97265625,0.053791314,0.008814951
1779,909719,0.879069,1.09375,0.06277099,0.010667064
1779,909776,2.397232,2.1875,0.035092317,0.005065021
1779,909904,2.165916,2.4375,0.0631717,0.010001374
1779,910079,1.378058,1.25,0.039582398,0.006448502
1779,910691,0.721892,0.7578125,0.074611515,0.009116983
1779,910692,-0.016286,0.71484375,0.029427603,0.004287891
1779,910706,-0.87814,-0.83984375,0.0922497,0.011805461
1779,910780,0.570651,0.31640625,0.030379543,0.006173996
1779,910906,-0.519531,0.11328125,0.072957896,0.009274688
1779,910915,2.505207,2.453125,0.045077592,0.009161061
1779,910921,1.458325,1.046875,0.07730941,0.011662957
1779,910930,-0.170343,-0.76171875,0.05204261,0.0077328733
1779,910933,1.073094,1.78125,0.04719614,0.007514203
1779,924105,1.330788,1.34375,0.024573445,0.006811532
1779,998189,1.545733,1.78125,0.06040742,0.007704673
1779,1240122,1.707842,1.78125,0.032368604,0.005790411
1779,1240128,1.096023,0.98046875,0.039800107,0.008404463
1779,1240146,1.955684,1.5,0.16604312,0.019350506
1779,1240159,2.010638,1.625,0.06270695,0.009181126
1779,1240168,0.989696,0.91015625,0.099536754,0.012960872
1779,1240184,1.822864,1.75,0.038979392,0.00836112
1779,1240189,0.586303,0.79296875,0.08367805,0.013322569
1779,1240218,2.198073,2.71875,0.042797238,0.0055143456
1779,1290905,2.317201,2.453125,0.09738515,0.015418064
1779,1290908,1.278206,1.75,0.066888,0.012637783
1779,1298134,0.432302,0.546875,0.05498283,0.010612518
1779,1298219,1.174955,1.40625,0.04413501,0.006340509
1779,1299070,0.585715,0.66015625,0.032851472,0.006037123
1779,1303900,0.800216,0.5390625,0.05449752,0.011244868
1779,1327775,0.509128,-0.08496094,0.047836605,0.009167272
1779,1330972,0.102404,0.08496094,0.045915555,0.010862131
1779,1659823,0.495855,1.078125,0.089909784,0.012411269
1779,1660035,1.51449,2.203125,0.049528748,0.008687831
1779,1674021,1.983445,1.6875,0.03944319,0.007055982
1782,687459,6.070948,6.4375,0.08455298,0.020002492
1782,687780,6.515784,5.46875,0.22473745,0.046371702
1782,687798,5.823035,5.46875,0.18684046,0.024242627
1782,687800,5.416669,6.59375,0.107257746,0.019577073
1782,687802,6.280341,7.21875,0.37651518,0.049203176
1782,687812,6.255124,6.28125,0.07716313,0.022192804
1782,687980,3.561098,4.53125,0.492249,0.052530523
1782,688010,2.94954,4.59375,0.33672673,0.042666268
1782,688011,4.112748,4.625,0.15780917,0.016581511
1782,688013,4.47855,4.65625,0.34293538,0.044186592
1782,688025,4.372297,4.5,0.107154645,0.022804895
1782,713899,5.183158,4.5,0.2190395,0.030236516
1782,724828,6.21235,6.34375,0.32155132,0.03876041
1782,724855,6.129539,6.6875,0.15414321,0.021744965
1782,724859,5.865333,5.84375,0.1454786,0.028079571
1782,749710,5.78206,6.15625,0.073971055,0.016514318
1782,749715,4.794681,3.796875,0.87557524,0.10159672
1782,753541,3.396337,5.375,0.14625618,0.019546509
1782,753555,5.343674,5.09375,0.08906237,0.015724238
1782,753562,4.627458,5.0625,0.029423028,0.010882502
1782,753618,3.450374,4.25,0.31304607,0.03560294
1782,905939,6.516947,6.5625,0.3026495,0.044747278
1782,905947,5.830589,5.71875,0.07332285,0.018911887
1782,905948,6.241727,6.0,0.1454626,0.021297645
1782,905959,7.049981,7.375,0.09195698,0.02139217
1782,905974,5.443492,5.46875,0.17481221,0.031480815
1782,905989,5.349982,5.5,0.37093973,0.052801915
1782,905991,4.303754,4.75,0.11897475,0.024179084
1782,906696,5.403711,5.28125,0.1585799,0.024300436
1782,906746,6.042242,5.8125,0.12203275,0.029869556
1782,906798,5.471035,5.4375,0.035857443,0.009167272
1782,906821,6.483491,6.4375,0.20130855,0.029617954
1782,906827,4.786141,5.90625,0.056607146,0.017724266
1782,906830,6.269982,7.09375,0.15418218,0.020148598
1782,906834,3.167964,3.828125,0.92079365,0.10078747
1782,906835,7.85378,7.40625,0.0995081,0.01768388
1782,906842,2.539392,2.5625,0.45549792,0.05681256
1782,906848,4.268463,4.6875,0.15879163,0.019991498
1782,906875,5.61075,4.5,1.8636179,0.1967429
1782,907042,5.071825,4.9375,0.19663893,0.032609686
1782,907071,5.951519,6.21875,0.2790174,0.032516424
1782,907269,3.713632,3.390625,0.5897478,0.06281369
1782,907270,4.495072,3.625,1.0190347,0.11426133
1782,907277,3.696855,2.75,0.29284286,0.032726977
1782,907278,4.806633,4.3125,0.19442447,0.032635283
1782,907290,6.777375,6.78125,0.21885045,0.028916586
1782,907312,5.001262,5.375,0.07210002,0.015966864
1782,907313,4.81952,5.84375,0.35833523,0.05100771
1782,907790,4.988341,6.03125,0.55826926,0.060636133
1782,908121,5.474826,4.71875,0.21288602,0.038337287
1782,908123,5.573414,5.65625,0.22238876,0.0352087
1782,908134,5.977764,6.46875,0.47183397,0.05088569
1782,908138,5.342314,6.3125,0.1555791,0.021297581
1782,908158,3.798395,4.40625,0.39438066,0.041502178
1782,908451,4.817183,4.75,0.18671,0.023506355
1782,908455,5.447132,6.09375,0.08051453,0.021521853
1782,908459,5.891889,5.6875,0.21408649,0.035935666
1782,908461,6.691516,6.4375,0.27901024,0.038353443
1782,908463,7.352652,7.34375,0.070115976,0.016448265
1782,908465,6.717736,6.78125,0.10018476,0.017349256
1782,909250,4.995857,6.40625,0.1990574,0.025919648
1782,909713,5.626712,5.34375,0.10988946,0.026216965
1782,909725,6.390898,6.375,0.20110126,0.025318181
1782,909738,6.653252,7.03125,0.24325229,0.028348392
1782,909743,5.033209,4.8125,1.1396306,0.118065804
1782,909749,5.605363,6.3125,0.23126444,0.031790186
1782,909755,6.1695,6.125,0.06590789,0.01186893
1782,909974,6.04026,6.875,0.4736544,0.053670265
1782,909976,4.431572,3.984375,0.40768492,0.043592844
1782,910079,5.117096,5.5,0.3366435,0.04238263
1782,910548,5.469397,5.625,0.31715867,0.03955802
1782,910549,6.276164,6.09375,0.2353092,0.029913405
1782,910702,7.689652,8.75,0.19366923,0.026086356
1782,910706,3.70235,3.40625,0.21854442,0.0274276
1782,910903,5.26197,4.53125,0.4217047,0.046686783
1782,910906,3.875581,4.09375,0.2621541,0.029928418
1782,910921,5.458225,5.25,0.67597693,0.092536025
1782,910933,5.783872,5.84375,0.16729547,0.039245266
1782,910934,4.015261,3.75,0.41069585,0.048523683
1782,911905,6.635635,7.65625,0.18844913,0.03305584
1782,924102,6.485255,6.375,0.1971556,0.030211685
1782,925338,5.289037,5.5625,0.11011961,0.027423732
1782,925348,7.727545,7.96875,0.1291061,0.023564914
1782,946355,5.379799,6.15625,0.2545525,0.030848484
1782,998189,6.305795,5.96875,0.24777372,0.030999172
1782,1240123,5.174075,4.96875,0.21077886,0.022784071
1782,1240127,4.831482,6.15625,0.2650277,0.03426699
1782,1240144,6.37725,6.03125,0.114632025,0.01385466
1782,1240157,5.147443,5.375,0.34328935,0.055926427
1782,1240173,4.82882,5.25,0.04404638,0.018342096
1782,1240192,6.222833,6.0,0.128677,0.01951276
1782,1240215,6.126817,6.625,0.053804908,0.02178845
1782,1247871,3.829364,3.765625,0.52726513,0.07130326
1782,1297449,3.514517,4.03125,0.5083067,0.05520947
1782,1298146,5.80756,6.0625,0.20099059,0.030478494
1782,1298157,5.574238,5.46875,0.09297684,0.01641535
1782,1298169,5.872165,5.875,0.0854544,0.02038735
1782,1298226,5.521843,5.65625,0.09987394,0.023626935
1782,1298347,4.804657,4.96875,0.05218859,0.012040158
1782,1298350,5.997086,5.65625,0.3832316,0.04549753
1782,1298475,7.065563,6.78125,0.08592139,0.018285986
1782,1298537,5.658685,5.71875,0.24170348,0.036652256
1782,1299081,5.567553,5.53125,0.4430107,0.051858656
1782,1330985,3.289251,3.65625,0.46662927,0.061655458
1782,1331036,2.588622,2.890625,0.25509378,0.027776329
1782,1331037,2.722163,3.328125,0.20942548,0.0333431
1782,1480371,4.917255,5.53125,0.07266486,0.02557288
1782,1480372,6.190794,6.6875,0.09124493,0.019572128
1782,1503361,4.717339,6.0,0.12590614,0.020275371
1782,1659823,5.287458,5.75,0.36548835,0.041888542
1782,1659928,4.120245,5.25,0.2727093,0.03138068
1782,1660035,6.154736,6.25,0.08045219,0.018715784
1786,687457,0.944922,2.859375,3.1169531,0.37282
1786,687561,0.821059,2.484375,0.30705574,0.035783984
1786,687816,3.781378,2.84375,0.82253635,0.092543215
1786,687997,3.240662,2.6875,1.0370958,0.115901776
1786,688013,1.181081,1.59375,0.39604703,0.05637585
1786,688023,-0.221359,1.15625,2.440164,0.28564465
1786,688087,3.201666,2.40625,0.64988744,0.07076412
1786,713880,1.75782,0.67578125,0.22813886,0.03389855
1786,722046,1.27884,1.609375,0.53327274,0.058694154
1786,722058,4.211846,2.234375,1.7419997,0.2538265
1786,724828,2.496288,4.15625,0.45543092,0.048698217
1786,724839,3.074027,4.0625,0.17079572,0.018462108
1786,724859,2.901713,4.03125,0.13191986,0.024924869
1786,724874,5.708967,5.65625,0.1948813,0.023429923
1786,749711,1.166208,2.6875,2.2977839,0.2447356
1786,753534,2.875397,3.28125,0.72309077,0.092536025
1786,753551,5.345388,4.3125,0.16783209,0.018525619
1786,753556,3.015197,2.328125,0.48391032,0.053261127
1786,753566,0.956171,3.171875,0.6504861,0.06739041
1786,753572,2.881834,2.109375,0.47821036,0.0651947
1786,753604,2.928121,2.9375,3.134611,0.3237377
1786,753622,3.997929,3.703125,0.1606853,0.016991945
1786,905934,2.461778,3.09375,0.2547798,0.05552401
1786,905939,2.373154,3.953125,0.59700364,0.09783286
1786,905944,2.395098,4.03125,0.36253834,0.04381712
1786,905957,2.317595,2.796875,0.9444719,0.09795509
1786,905959,3.778688,4.125,0.48927543,0.062198564
1786,905960,2.076737,3.765625,0.29196045,0.029648568
1786,905969,3.854052,4.375,0.32543424,0.043662407
1786,905972,3.230098,3.109375,0.28916028,0.033410955
1786,905973,2.362153,2.21875,0.50509673,0.07996716
1786,905977,3.072527,3.328125,0.0754349,0.029189182
1786,905981,3.204183,4.46875,0.17733088,0.01788493
1786,905984,1.449856,1.765625,0.53633785,0.067739576
1786,905990,2.654856,2.671875,0.13348956,0.032673806
1786,906790,2.593257,1.75,0.2798396,0.041172
1786,906797,2.025764,2.296875,0.54701257,0.061982553
1786,906821,2.215243,2.53125,0.1799762,0.022053974
1786,906827,-0.055806,2.3125,0.34101442,0.05724126
1786,906831,1.903965,2.015625,0.18892388,0.019531392
1786,906837,1.894224,1.6875,0.067498244,0.011329974
1786,906844,0.386869,1.609375,0.13360055,0.015569681
1786,906848,0.31563,2.09375,0.5796543,0.065445356
1786,906849,4.230763,3.484375,1.5894884,0.17264147
1786,906852,5.788328,5.0625,0.61980134,0.065124504
1786,906863,1.371947,3.046875,0.20231172,0.028046276
1786,906999,3.317329,3.921875,0.44518387,0.046071857
1786,907061,1.915922,2.984375,0.26061168,0.028450334
1786,907063,3.629621,3.984375,0.36597994,0.042650957
1786,907064,2.045529,2.640625,0.40216872,0.0548279
1786,907065,3.437293,2.375,0.2252483,0.02613652
1786,907068,2.097329,3.203125,0.24836378,0.03009849
1786,907071,-0.022734,3.109375,0.79580957,0.08953619
1786,907175,2.661406,3.453125,0.2860178,0.029599842
1786,907275,-0.411613,1.5625,3.0060523,0.35688066
1786,907278,-1.299482,1.640625,1.5596117,0.24972066
1786,907286,1.923913,2.671875,0.36330578,0.047476966
1786,907298,0.247201,1.953125,2.4701316,0.25372866
1786,907312,2.758094,2.921875,0.06583895,0.01824995
1786,907320,2.843804,2.765625,0.45847976,0.049445484
1786,907783,1.966003,0.97265625,1.1894555,0.14881375
1786,907790,2.295657,4.03125,0.5148061,0.053786114
1786,907792,7.020432,4.09375,0.15105374,0.02011018
1786,908121,2.273936,1.8125,0.7992975,0.085642256
1786,908122,2.141925,1.765625,5.0326524,0.52138317
1786,908129,1.335982,2.703125,0.58961266,0.062456846
1786,908132,0.888502,0.921875,0.25468028,0.033162408
1786,908442,3.867739,3.5,0.37799042,0.03911804
1786,908443,0.561918,2.828125,0.25226521,0.03805693
1786,908448,1.421974,1.875,1.0130563,0.12056661
1786,908457,3.633466,3.46875,0.34777686,0.03690477
1786,908465,4.215069,3.640625,0.18968914,0.022204936
1786,908467,-0.291412,1.234375,1.4313602,0.20014872
1786,908470,5.304025,4.46875,1.2884896,0.13625357
1786,909248,3.606498,3.703125,0.08176968,0.015782787
1786,909264,3.56609,3.640625,0.2792871,0.03176351
1786,909712,3.650702,3.921875,0.35589767,0.035957325
1786,909725,2.955919,3.328125,0.93674254,0.1001638
1786,909726,4.435199,3.84375,0.6589316,0.06884412
1786,909746,5.915439,4.03125,0.26931787,0.028298086
1786,909751,2.74325,1.859375,1.4455099,0.14860545
1786,909771,3.559901,3.171875,0.14049618,0.014185931
1786,909975,3.906328,3.90625,0.3163026,0.034813542
1786,909976,1.463151,2.296875,0.123867355,0.01526609
1786,910689,5.732473,5.15625,0.19531773,0.16388674
1786,910698,0.298857,2.796875,0.11476673,0.018697038
1786,910700,6.397035,3.390625,2.1794143,0.22444804
1786,910703,1.372318,2.53125,0.4869942,0.050748512
1786,910710,1.999181,0.16503906,0.15392688,0.024369778
1786,910784,0.21753,1.15625,12.759896,1.3859096
1786,910904,3.34707,2.671875,0.15696882,0.029450376
1786,910906,1.688671,1.0625,0.3120637,0.032402143
1786,910911,2.538878,3.1875,0.17775837,0.024038669
1786,910915,4.578024,3.4375,0.53958815,0.06689522
1786,910934,1.028443,1.03125,0.43909857,0.049071938
1786,910935,1.332518,1.15625,0.06658819,0.007905398
1786,910951,2.168504,0.41796875,1.0072856,0.110555544
1786,911905,5.458388,5.125,1.3917542,0.14601934
1786,924100,3.041718,3.203125,0.17350474,0.019151775
1786,924110,0.375851,2.125,1.863766,0.19643998
1786,924239,2.023294,2.09375,0.4379048,0.045468453
1786,925341,2.592067,2.25,0.34648636,0.06885627
1786,925346,2.858887,3.921875,0.10459626,0.014438612
1786,925347,2.717772,2.984375,0.16985393,0.025891455
1786,930083,5.538979,5.46875,1.2703341,0.15272799
1786,946360,1.623064,2.1875,0.77720267,0.11379274
1786,949176,5.126306,4.25,0.36479002,0.037227865
1786,998189,5.327839,3.515625,1.0706837,0.10913329
1786,1240142,1.290695,3.0,0.16277547,0.018020816
1786,1240151,3.606058,2.796875,4.3023167,0.5013879
1786,1240169,1.871757,2.96875,0.49091426,0.055232555
1786,1240184,2.927584,3.046875,0.1542724,0.021960115
1786,1240189,1.065142,1.390625,0.1657252,0.019148678
1786,1240199,4.356056,5.125,0.530118,0.1015903
1786,1240223,3.49103,3.75,0.2381621,0.032876223
1786,1290722,1.639744,1.953125,0.61635864,0.06341946
1786,1290807,-0.81624,2.203125,5.2701707,0.56132275
1786,1297446,1.892071,1.6875,0.3142743,0.03329064
1786,1297449,2.103978,1.78125,0.18141775,0.018774832
1786,1298141,4.572501,4.53125,0.6136174,0.13588825
1786,1298169,1.864362,2.53125,0.4817969,0.0723137
1786,1298215,2.743551,3.40625,0.07397561,0.009313357
1786,1298219,2.787065,2.796875,0.12664635,0.014573205
1786,1298347,2.218468,3.296875,0.8157845,0.10238198
1786,1298351,3.599117,3.390625,1.4507092,0.14855206
1786,1298358,3.730832,3.484375,0.988716,0.10358436
1786,1303901,3.486682,4.40625,1.630024,0.16552886
1786,1330947,-1.254704,-0.31835938,0.6800183,0.10004915
1786,1331037,1.596937,1.546875,0.16648751,0.017327763
1786,1503365,4.79779,4.5,0.31461668,0.037171938
1786,1659928,2.216791,1.109375,1.4113915,0.15825512
1786,1660034,4.325728,2.28125,0.21234111,0.024434106
1799,687459,5.095389,5.65625,0.22696623,0.03355737
1799,687588,6.394768,6.65625,0.1850148,0.024091132
1799,687821,7.845139,7.25,0.34412238,0.08140819
1799,688011,4.562355,5.0625,0.14412183,0.014657502
1799,688086,5.165894,4.40625,0.65102726,0.07299774
1799,688121,6.380768,7.0625,0.14024158,0.017769855
1799,724825,4.798639,2.515625,0.8790745,0.20621905
1799,724863,6.240926,4.78125,0.6455713,0.0820675
1799,724869,6.376864,4.59375,0.2801324,0.049137995
1799,724870,5.478107,5.25,0.23039933,0.023457384
1799,735784,5.047217,5.21875,0.11824446,0.02034728
1799,749717,4.417063,4.78125,0.5297057,0.061204717
1799,753534,4.528987,5.34375,0.5016556,0.06164804
1799,753539,5.411547,4.9375,0.10848191,0.011939957
1799,753541,1.676445,1.578125,1.9790816,0.2558871
1799,753551,5.477919,5.125,0.09994489,0.011808481
1799,753572,4.952138,5.40625,0.07330799,0.0135645345
1799,753592,3.254865,4.84375,0.093596675,0.012460771
1799,753600,5.427635,4.375,0.92564476,0.09960502
1799,753604,-0.746076,0.38671875,2.941687,0.80799365
1799,753605,3.394776,4.25,0.20234714,0.025315817
1799,753608,-0.027668,1.484375,9.48029,1.2872082
1799,753618,3.955102,4.34375,0.13249794,0.015069079
1799,753620,5.071509,4.5,0.12104977,0.013442303
1799,753624,4.574059,4.375,0.20081481,0.02259359
1799,905940,3.408552,5.375,0.3511992,0.036136206
1799,905943,3.174087,3.484375,0.22832051,0.037196465
1799,905946,6.21404,5.25,1.4212332,0.14575338
1799,905951,5.552214,5.375,0.2004576,0.021434486
1799,905960,4.229404,4.75,0.15038691,0.02058681
1799,905962,6.899076,7.625,0.14247043,0.017128741
1799,905964,3.032158,4.375,0.09473664,0.01019424
1799,905969,6.990963,5.28125,0.24570781,0.07001527
1799,905977,6.043915,6.71875,0.08474102,0.013124875
1799,905984,4.712104,4.1875,0.055849336,0.015623552
1799,905989,4.69399,4.28125,1.0669452,0.1420452
1799,906792,5.037508,5.4375,0.20216556,0.04139785
1799,906801,4.079387,3.171875,0.8961645,0.10443816
1799,906818,6.034796,6.46875,0.045844797,0.010489446
1799,906820,5.430825,4.59375,0.49246755,0.05540731
1799,906824,2.968744,2.296875,0.79441726,0.18327586
1799,906825,4.268067,4.5,0.85942346,0.18434721
1799,906827,4.27477,4.71875,0.14586954,0.039703112
1799,906834,3.636211,4.1875,0.27264607,0.032213114
1799,906835,7.237313,7.28125,0.39330852,0.05067708
1799,906836,2.672133,3.28125,0.19192983,0.022467231
1799,906848,5.033734,5.0625,0.13182844,0.019395545
1799,906849,4.332204,4.78125,0.44244212,0.045694727
1799,906851,5.851142,4.03125,0.7546097,0.087191194
1799,906855,2.898975,3.125,2.9324894,0.3135646
1799,906863,1.907167,1.53125,1.0259696,0.2767318
1799,906870,4.879108,2.265625,5.591926,0.6545887
1799,907051,6.148193,5.53125,0.14715376,0.020228123
1799,907064,6.172662,5.90625,0.115129724,0.012568428
1799,907271,6.089154,5.59375,0.30941507,0.034359846
1799,907274,1.426393,2.578125,0.537417,0.057958588
1799,907277,4.258817,3.109375,0.30855477,0.035225682
1799,907281,4.401613,3.6875,0.3351497,0.034515556
1799,907282,4.919699,5.1875,0.1221464,0.014842887
1799,907289,4.255362,3.0625,3.333714,0.34739846
1799,907290,5.53867,6.09375,0.43437874,0.05921911
1799,907295,5.844772,6.09375,0.08730225,0.011327503
1799,907298,3.819386,3.78125,0.4289229,0.046948686
1799,908124,2.85851,2.953125,0.94601065,0.11592251
1799,908131,5.489342,5.375,0.5663857,0.058438387
1799,908132,4.761484,3.34375,1.2814761,0.14275189
1799,908135,3.374245,3.921875,0.104301415,0.011776059
1799,908158,3.053362,1.890625,1.0632037,0.1271702
1799,908159,1.941227,2.9375,0.794274,0.083716065
1799,908447,5.551949,5.46875,0.15429881,0.016532643
1799,908463,4.821612,6.125,0.15171109,0.024861373
1799,908469,3.510934,4.71875,0.12803821,0.013808485
1799,908481,5.081492,3.921875,0.24641676,0.03573459
1799,908483,3.32892,5.3125,0.06186973,0.0073816325
1799,909255,1.83981,2.171875,1.1242245,0.11445939
1799,909262,4.750434,3.921875,1.9026952,0.19455895
1799,909715,1.309036,2.03125,0.46579885,0.04894297
1799,909724,4.400417,4.59375,3.8148396,0.43897387
1799,909725,4.069424,5.65625,0.41100207,0.042999133
1799,909732,5.090543,5.125,0.25574645,0.028978894
1799,909749,4.376151,5.4375,0.25967568,0.028748607
1799,909753,6.940241,7.0625,0.37606022,0.03883891
1799,909761,5.329016,4.65625,0.55111593,0.06120018
1799,909771,3.973688,4.34375,0.12760007,0.013280417
1799,910692,5.351672,4.78125,0.10183174,0.011581393
1799,910900,5.26678,5.625,0.06425019,0.007113117
1799,910905,5.303445,5.25,3.1562746,0.32252422
1799,910920,4.51156,4.3125,1.1393056,0.1327736
1799,910927,5.521701,3.984375,0.11150017,0.013303002
1799,924100,5.396495,4.65625,0.34000486,0.036507323
1799,924102,6.350114,6.625,0.1991938,0.023534734
1799,930083,8.163499,7.625,0.802983,0.10858922
1799,1240144,2.770471,3.0625,1.3379273,0.18391484
1799,1240145,4.174151,4.25,0.3905935,0.047463827
1799,1240157,3.454382,3.75,0.78584623,0.09549383
1799,1240158,3.701347,5.46875,0.36994562,0.038032208
1799,1240160,4.601955,6.03125,0.1469634,0.018330198
1799,1240172,5.068433,6.34375,0.12706606,0.013586892
1799,1240173,5.431211,5.5625,0.067716174,0.010842525
1799,1240186,5.496477,5.78125,0.18702057,0.019051658
1799,1240201,5.409382,5.71875,0.15674889,0.018267367
1799,1240207,1.930305,3.40625,0.4041359,0.09246768
1799,1240218,5.454893,4.90625,1.7536231,0.20768708
1799,1240219,7.173387,7.53125,0.19856887,0.02110981
1799,1240221,4.534164,4.71875,0.07440109,0.009905212
1799,1290722,5.497341,5.53125,0.70084155,0.071277104
1799,1295741,3.296681,3.78125,0.46472394,0.047016215
1799,1298144,2.979569,4.09375,0.8345777,0.09000637
1799,1298347,4.932594,4.71875,0.407795,0.04429245
1799,1298350,0.61953,1.609375,0.51054865,0.13285707
1799,1298539,6.058907,5.9375,0.18960273,0.031632982
1799,1299052,-1.656449,1.484375,11.475867,2.5210145
1799,1303901,2.450083,3.796875,0.37695935,0.039186135
1799,1327765,0.433065,2.1875,0.3334443,0.036700226
1799,1327775,2.705653,4.375,0.21833386,0.027315926
1799,1330947,0.174456,0.7265625,8.845474,1.3700064
1799,1330994,-0.121745,0.51953125,3.2652686,0.41509345
1799,1331036,1.32841,1.578125,0.8014338,0.08587115
1799,1480359,1.967416,1.09375,1.0671105,0.19216913
1799,1480371,5.842235,5.125,0.89591855,0.10079941
1799,1480374,1.579211,1.953125,1.2192528,0.20099026
1799,1503361,4.933899,3.453125,1.3480724,0.14606439
1799,1503365,4.893704,4.84375,0.7925588,0.09083499
1799,1503366,2.841783,2.859375,7.3496656,0.7606132
1799,1503367,4.27392,5.46875,0.3318357,0.042610094
1799,1659818,4.017924,3.34375,0.4412926,0.05897686
1799,1659819,2.423033,1.625,1.2516487,0.13094777
1799,1660035,6.074764,4.34375,0.36951563,0.05574542
1802,684072,2.364466,2.953125,0.060119234,0.013206973
1802,687448,5.338344,5.34375,0.070007704,0.012201162
1802,687561,3.545706,3.71875,0.08121249,0.015903894
1802,687568,4.964424,5.125,0.056248054,0.010407851
1802,687812,4.587072,4.65625,0.023306262,0.009485933
1802,688011,3.390592,3.71875,0.05005452,0.0055584414
1802,722066,3.699989,3.734375,0.04042077,0.009097835
1802,724859,4.385326,4.8125,0.030041428,0.009588747
1802,724863,3.980228,4.84375,0.054782227,0.013882994
1802,724868,3.606678,3.765625,0.01886954,0.0076026367
1802,749709,3.682858,3.265625,0.029520897,0.009794988
1802,749717,3.854258,4.15625,0.17671116,0.029482178
1802,753539,3.562576,3.328125,0.065237455,0.0110178515
1802,753562,3.485407,3.28125,0.015595127,0.012422627
1802,753566,2.957646,4.59375,0.08145398,0.011756595
1802,753569,3.902783,4.1875,0.01573557,0.009643678
1802,753592,3.818137,3.6875,0.023454769,0.010357761
1802,753614,3.953509,3.703125,0.057806194,0.021812776
1802,753624,4.535823,3.921875,0.11857825,0.019095318
1802,905938,3.139218,3.109375,0.091733195,0.027649604
1802,905950,4.44956,4.34375,0.068093084,0.012262449
1802,905956,4.371861,4.28125,0.03252125,0.010480915
1802,905962,5.834531,4.78125,0.045895834,0.011529674
1802,905964,2.949167,2.53125,0.21399267,0.032791764
1802,906693,4.414104,4.34375,0.1497922,0.026620017
1802,906746,3.668768,4.34375,0.02478171,0.011850111
1802,906790,2.886145,3.203125,0.035358246,0.013077722
1802,906795,3.772417,4.78125,0.074417934,0.016089402
1802,906797,3.946829,3.71875,0.02021703,0.010551964
1802,907045,3.248297,3.828125,0.10735261,0.016364152
1802,907056,2.239803,3.515625,0.19067548,0.023045426
1802,907065,4.567818,4.40625,0.08487234,0.0148874475
1802,907072,3.06324,3.546875,0.11245681,0.02011737
1802,907269,3.17564,3.0625,0.14792624,0.019401437
1802,907274,2.603303,3.328125,0.11496277,0.017524196
1802,907276,5.309177,5.3125,0.14352535,0.021220483
1802,907291,3.855156,3.40625,0.05417835,0.010094391
1802,907298,3.643502,3.953125,0.12746519,0.020294016
1802,907311,2.907704,2.84375,0.15212905,0.024358481
1802,907318,3.499339,2.96875,0.034036066,0.018751737
1802,907320,4.321505,4.125,0.05971972,0.022088138
1802,907792,5.135716,5.375,0.02425851,0.011810766
1802,908122,3.963428,3.796875,0.2180997,0.034921512
1802,908130,3.755711,3.984375,0.043511495,0.011322741
1802,908159,3.016006,2.296875,0.2617274,0.03582846
1802,908443,4.417496,4.5,0.057702087,0.010676898
1802,908447,4.120971,4.15625,0.080642454,0.01180712
1802,908458,4.393577,4.25,0.121251054,0.015265226
1802,908471,3.679639,3.390625,0.054091316,0.015413501
1802,909250,4.786382,4.375,0.14413437,0.020517
1802,909260,3.266762,3.359375,0.09313854,0.013636713
1802,909262,3.140546,2.546875,0.5927437,0.08763823
1802,909263,5.058088,5.40625,0.03802169,0.010072428
1802,909696,3.112931,2.859375,0.0698543,0.015595236
1802,909720,4.139625,3.890625,0.019860966,0.012032626
1802,909732,3.500463,4.0625,0.018002635,0.009040028
1802,909745,4.618811,4.5,0.038625747,0.008837704
1802,909751,3.775874,3.1875,0.31940442,0.048687983
1802,909755,4.453049,4.59375,0.02827531,0.006980804
1802,909904,5.306653,5.3125,0.1021506,0.014813561
1802,909975,4.932306,5.09375,0.04787139,0.010108849
1802,910548,4.565925,4.65625,0.03728115,0.008745656
1802,910554,4.22932,4.15625,0.037614208,0.012005859
1802,910689,6.277949,6.96875,0.023919636,0.017721532
1802,910706,2.117596,2.015625,0.1416377,0.03162115
1802,910784,4.360073,4.53125,0.14277244,0.018590672
1802,910852,4.176343,3.78125,0.021918286,0.017384427
1802,910921,4.105879,3.796875,0.10108114,0.021854073
1802,910933,2.734785,4.09375,0.11195475,0.018907862
1802,910935,2.690637,2.796875,0.054501913,0.008776749
1802,910951,2.720147,2.609375,0.110947505,0.022048289
1802,924100,4.10583,4.65625,0.13652167,0.017590566
1802,924102,4.679236,4.75,0.04609208,0.010903891
1802,924104,4.400788,3.6875,0.04651744,0.017730128
1802,924239,2.343251,3.015625,0.044447742,0.006775332
1802,925341,3.995266,3.71875,0.025933506,0.010717325
1802,925347,5.062239,4.71875,0.027802689,0.0075674015
1802,930083,6.473576,6.53125,0.05451824,0.01690774
1802,946353,3.863987,3.953125,0.04106692,0.01913895
1802,946361,3.759858,3.828125,0.041552104,0.011007679
1802,1240123,3.443538,3.796875,0.083412856,0.011767042
1802,1240146,4.961764,4.65625,0.21921234,0.030787464
1802,1240154,3.411805,3.65625,0.022120789,0.00930598
1802,1240172,4.656357,4.5625,0.04704766,0.00901608
1802,1240189,3.46016,3.640625,0.077371955,0.017134357
1802,1240192,4.181879,4.4375,0.027475692,0.006555035
1802,1240212,4.122567,3.828125,0.011268988,0.008153006
1802,1240217,3.90558,3.78125,0.05783936,0.020557841
1802,1240218,4.972593,5.09375,0.033258118,0.008578141
1802,1240221,3.314852,3.21875,0.05566362,0.015571599
1802,1247871,2.574495,2.640625,0.07148716,0.017802866
1802,1290455,2.977702,3.265625,0.1400792,0.02410456
1802,1295741,2.231033,2.828125,0.19348526,0.02344792
1802,1298146,4.361861,4.0625,0.0711401,0.011657952
1802,1298169,4.280335,3.984375,0.030076386,0.011463619
1802,1298226,3.184001,4.09375,0.11952249,0.030025719
1802,1298348,4.794086,5.03125,0.058262445,0.012114195
1802,1298365,4.434974,4.25,0.0997857,0.02843427
1802,1299070,3.06728,3.4375,0.028823802,0.010768027
1802,1303900,3.867648,3.609375,0.057440463,0.018874116
1802,1327771,2.322793,2.703125,0.07846809,0.015037402
1802,1330983,2.824887,2.96875,0.049079485,0.008553727
1802,1330995,3.842868,4.1875,0.06505097,0.010986356
1802,1331033,2.536279,2.171875,0.16638352,0.032114536
1802,1331038,2.616892,2.6875,0.031151785,0.012362061
1802,1480362,4.558658,4.03125,0.016316593,0.013182223
1802,1480371,4.144391,4.1875,0.027124379,0.014084389
1802,1659823,4.32824,3.75,0.30878404,0.046111934
1802,1660034,3.834554,4.3125,0.039442062,0.011239148
1803,687452,6.609024,3.265625,3.9068716,0.4443311
1803,687506,3.149972,3.109375,4.9944415,0.5512957
1803,687562,5.063475,4.8125,0.17908457,0.03268717
1803,687590,5.440757,6.375,0.9460387,0.14345865
1803,687780,5.151562,5.65625,1.3076046,0.13851273
1803,687985,5.830927,5.03125,1.5667794,0.17244606
1803,688121,6.464023,6.53125,0.3801338,0.05060821
1803,713899,6.308461,5.59375,0.11335139,0.016360482
1803,724839,7.884974,7.34375,0.65310556,0.06805859
1803,724859,4.781983,5.34375,0.341539,0.07326046
1803,724872,6.035237,5.15625,0.019015953,0.0063713198
1803,753555,0.688129,0.8984375,2.8228273,0.7216807
1803,753569,1.321781,3.859375,2.9789228,0.47971267
1803,753572,5.002797,4.5625,0.24380644,0.055326514
1803,753615,6.243153,5.71875,0.18219632,0.020111168
1803,753620,6.416009,5.84375,0.15446815,0.019325638
1803,753623,0.537593,4.4375,11.16721,1.4867198
1803,905933,0.963399,2.328125,8.458265,1.172561
1803,905941,8.803905,7.875,1.7873995,0.55965275
1803,905947,6.810894,6.34375,0.21214856,0.03136655
1803,905965,5.316003,4.84375,0.08132832,0.010239046
1803,905970,7.063927,5.34375,11.287153,1.1915895
1803,905974,5.138491,4.5625,0.3512555,0.041908037
1803,905989,5.044124,5.59375,0.6866172,0.08389961
1803,906792,5.818788,5.6875,0.23026286,0.040653624
1803,906794,2.271789,1.515625,3.0219119,0.5832747
1803,906805,7.006018,4.71875,7.217475,0.9431829
1803,906834,5.958175,5.03125,0.092776865,0.011183499
1803,906836,5.413141,3.703125,0.072814174,0.010928802
1803,906842,4.167777,3.796875,0.089161225,0.011916014
1803,906848,5.712288,6.03125,0.3145874,0.04053401
1803,906864,4.163989,3.828125,3.9755597,0.4697121
1803,906868,6.844005,6.84375,0.17975374,0.029989796
1803,906871,5.393562,4.0625,0.79416406,0.0896644
1803,907042,4.551789,4.375,1.8147286,0.21340556
1803,907047,4.288552,3.171875,1.5821152,0.34205848
1803,907056,4.81995,5.65625,0.24324144,0.024636744
1803,907069,5.724723,4.15625,4.014735,0.45659855
1803,907073,3.168165,3.6875,1.5342128,0.1593001
1803,907173,3.345545,5.625,3.935137,0.39783973
1803,907270,5.849061,5.375,0.09555278,0.012068335
1803,907285,2.195549,7.25,0.471923,0.052246433
1803,907291,2.860397,2.8125,2.947318,0.33047396
1803,907295,6.87129,5.625,0.24896538,0.043390468
1803,907323,5.847791,5.875,0.0791002,0.008930739
1803,907791,5.393309,4.75,1.0780133,0.115749456
1803,907794,4.416201,5.34375,0.48593912,0.08469099
1803,908123,0.441833,3.109375,1.516083,0.1730813
1803,908130,0.740342,2.078125,10.328529,1.1620584
1803,908131,2.930105,4.03125,7.323085,0.7846459
1803,908138,4.951465,3.84375,3.4926803,0.38667345
1803,908150,6.963533,7.28125,0.121353365,0.021566067
1803,908152,4.346772,3.640625,6.498977,0.83169293
1803,908459,7.233247,5.9375,0.8287896,0.11298937
1803,908460,6.433311,6.9375,0.83167636,0.35800192
1803,909248,6.881683,6.125,0.41059792,0.055526093
1803,909249,4.704654,6.125,0.055456918,0.0059675025
1803,909732,2.548454,4.1875,2.2360744,0.2797571
1803,909736,7.440456,7.375,0.24435507,0.03137695
1803,909737,7.003991,6.21875,1.062626,0.11513611
1803,909745,5.598721,6.71875,0.6996522,0.08648208
1803,909746,4.093567,4.34375,4.016355,0.47230887
1803,909751,5.383963,3.484375,3.4128242,0.39114305
1803,909755,2.909823,4.40625,2.5229645,0.2903177
1803,909904,5.914624,6.9375,3.3983243,0.418828
1803,909905,4.056974,4.59375,1.4084988,0.2294633
1803,910079,0.903739,2.546875,11.878696,1.6397517
1803,910692,6.250291,5.84375,0.06583704,0.0077068573
1803,910698,6.483726,6.09375,0.22079699,0.031429645
1803,910700,4.190445,3.984375,3.7054236,0.4621637
1803,910703,6.284376,6.625,0.13218246,0.0134895975
1803,910704,0.746124,1.078125,20.667927,3.272156
1803,910851,2.195484,2.125,8.887309,1.0226634
1803,910900,6.042497,4.03125,0.56654745,0.072021686
1803,910916,1.620899,1.640625,2.6862612,1.0499679
1803,910926,4.209589,5.28125,0.16787714,0.018954018
1803,910930,4.683583,4.25,0.24976069,0.027061708
1803,910934,5.493703,5.8125,0.08808891,0.010432646
1803,910943,7.654163,6.4375,1.8920071,0.2128689
1803,910947,4.737007,5.09375,0.052743,0.006069141
1803,911905,8.592311,7.78125,0.45507684,0.08538118
1803,924110,6.418621,6.0,0.10780792,0.0120094195
1803,924187,8.186107,6.375,2.2095778,0.40605465
1803,924239,4.978994,5.625,0.042792596,0.005243731
1803,946359,4.35033,2.203125,13.657847,1.6642411
1803,998189,3.681665,4.90625,0.8582996,0.15560529
1803,1240122,2.077893,2.796875,1.9526315,0.31810978
1803,1240142,5.688733,3.953125,2.2610269,0.2828789
1803,1240144,7.140043,4.59375,3.371054,0.49356678
1803,1240145,6.701696,7.0625,0.1479773,0.023169689
1803,1240153,5.856533,5.46875,0.20903951,0.07003895
1803,1240154,5.707743,5.625,0.16025059,0.030930785
1803,1240173,4.963358,5.21875,0.18194963,0.040293537
1803,1240210,5.152226,3.21875,1.4396892,0.15425825
1803,1247871,4.718575,4.59375,0.22822788,0.028046735
1803,1290722,2.769173,4.71875,4.5256453,0.4583806
1803,1290765,6.85419,6.15625,1.1976299,0.131816
1803,1290769,2.856646,7.3125,2.0591578,0.27627018
1803,1295740,5.042075,5.28125,0.14273642,0.016492445
1803,1297449,5.382869,5.34375,0.13453628,0.014725961
1803,1298359,1.750068,2.25,6.2702956,0.8767825
1803,1298534,7.481649,5.375,3.5465972,0.39384162
1803,1298539,3.919003,5.96875,1.8274583,0.2729015
1803,1303897,5.581753,5.90625,0.044980213,0.010915576
1803,1303900,1.032357,3.546875,5.0596547,0.57331467
1803,1330931,4.892662,4.5625,0.14740993,0.022238376
1803,1330935,5.349523,5.34375,0.04758434,0.00539183
1803,1330947,3.962647,3.578125,0.6277517,0.08489229
1803,1331036,4.225554,4.25,0.14405842,0.015811263
1803,1331037,5.27534,3.671875,0.08258886,0.012931429
1803,1331040,3.968041,4.03125,0.08972374,0.01796328
1803,1331048,5.894741,5.6875,0.14033939,0.014702871
1803,1480371,3.270206,3.421875,14.690536,1.5740455
1803,1503365,8.03536,4.625,0.7938924,0.17581092
1803,1660036,2.700961,4.15625,5.8002844,0.69734865
1804,687561,5.534528,6.34375,0.19369315,0.02673767
1804,687568,3.922972,4.25,9.999577,1.1553986
1804,687787,6.887067,3.9375,5.394825,0.6903914
1804,687980,5.801732,5.65625,0.18445067,0.020301389
1804,688031,5.547272,5.09375,0.045154583,0.0063417745
1804,688058,4.25575,5.40625,1.7295676,0.22059795
1804,749714,6.14165,4.75,0.86570346,0.09528283
1804,749717,4.36249,5.4375,2.5009122,0.32004896
1804,753541,3.057062,1.34375,7.659231,0.8887332
1804,753566,6.643335,5.625,0.7742081,0.084742635
1804,753575,7.13514,5.3125,5.448284,0.60691947
1804,753586,6.423589,5.625,0.8030419,0.12305635
1804,753592,5.704189,5.65625,0.28821328,0.03617113
1804,753621,0.600731,2.21875,1.6262894,0.740608
1804,905937,3.890947,5.40625,0.15286073,0.024475634
1804,905942,-0.410172,2.171875,1.4819629,0.30578417
1804,905956,6.982667,4.96875,4.451511,0.47154233
1804,905965,3.680934,4.84375,0.08132832,0.010239046
1804,906795,6.523642,7.625,0.22194941,0.034376014
1804,906804,1.418503,3.8125,1.0049419,0.108137876
1804,906817,6.091024,5.875,1.0114965,0.15582499
1804,906820,5.41927,5.71875,0.51535755,0.059799135
1804,906824,2.368191,4.25,1.1085566,0.22529054
1804,906830,5.033766,5.78125,0.40908337,0.08313748
1804,906834,4.569303,5.03125,0.092776865,0.011183499
1804,906837,5.542698,4.71875,0.12707274,0.024351858
1804,906848,5.766005,6.03125,0.3145874,0.04053401
1804,906864,3.606813,3.828125,3.9755597,0.4697121
1804,907046,5.624677,5.59375,0.50267875,0.06348843
1804,907047,3.567921,3.171875,1.5821152,0.34205848
1804,907062,1.10587,1.71875,1.8463442,0.5781089
1804,907065,5.91149,4.96875,2.6748428,0.2833424
1804,907067,5.775187,5.75,0.12544891,0.02823582
1804,907073,1.696419,3.6875,1.5342128,0.1593001
1804,907169,6.199407,6.21875,0.23237158,0.027326062
1804,907274,4.786598,4.90625,0.5067531,0.053327557
1804,907278,5.289811,5.875,0.09996489,0.012666439
1804,907285,1.322052,7.25,0.471923,0.052246433
1804,907287,2.207649,3.234375,2.5533621,0.30778712
1804,907291,1.993939,2.8125,2.947318,0.33047396
1804,907788,2.698687,3.6875,2.2912476,0.2922375
1804,908123,-0.215581,3.109375,1.516083,0.1730813
1804,908457,1.930049,4.84375,2.718201,0.34221518
1804,908458,6.310357,3.609375,17.303617,1.9536495
1804,909709,-0.352233,2.0625,6.29185,1.0434113
1804,909719,3.110156,5.1875,0.5340691,0.08141011
1804,909722,4.102534,5.375,0.04200157,0.007273521
1804,909745,4.433843,6.71875,0.6996522,0.08648208
1804,909748,3.999547,3.3125,7.64813,0.7898869
1804,909749,4.842932,5.65625,2.4336457,0.24702068
1804,909753,2.0666,4.71875,3.6074796,0.40876716
1804,909781,8.007616,6.90625,0.31262693,0.102724746
1804,909784,4.148205,6.40625,0.7192842,0.104308344
1804,909904,5.123148,6.9375,3.3983243,0.418828
1804,909907,0.868722,3.5625,12.86375,1.3873118
1804,909975,6.982746,5.03125,2.0831654,0.2369198
1804,909976,5.393794,5.84375,0.0698878,0.0074162297
1804,910079,-0.513554,2.546875,11.878696,1.6397517
1804,910691,6.364746,5.40625,0.294054,0.040253725
1804,910692,5.437264,5.84375,0.06583704,0.0077068573
1804,910700,3.39443,3.984375,3.7054236,0.4621637
1804,910779,5.571085,5.875,1.5884447,0.16690294
1804,910781,1.282623,2.0625,6.962706,0.86579555
1804,910903,3.422144,5.5,0.24598072,0.029729731
1804,910906,4.246562,5.90625,0.07139708,0.008320548
1804,910927,5.625243,5.28125,0.116164066,0.014671545
1804,910947,4.879934,5.09375,0.052743,0.006069141
1804,925338,2.241575,3.640625,4.0977325,0.45946652
1804,925347,6.367208,7.125,0.5759275,0.06415628
1804,1240142,6.665908,3.953125,2.2610269,0.2828789
1804,1240143,4.945532,5.625,0.90150154,0.13670495
1804,1240147,6.085307,5.25,0.8977602,0.095440686
1804,1240158,5.23397,5.90625,1.684821,0.18170221
1804,1240172,5.020634,5.125,0.91926205,0.11051978
1804,1240201,6.148631,6.09375,0.2940947,0.046561215
1804,1240212,3.369066,3.90625,1.058196,0.14732791
1804,1240217,4.523751,3.859375,2.8480113,0.49956933
1804,1240218,2.765515,5.65625,6.4672976,0.6766102
1804,1240223,8.239093,7.90625,1.1824996,0.156243
1804,1290798,1.960281,1.984375,21.244663,3.2215703
1804,1290908,5.619251,5.40625,1.028954,0.19171245
1804,1295741,3.676567,4.3125,0.10625741,0.0119969
1804,1298157,3.567873,4.78125,1.8489102,0.3181569
1804,1298169,5.667281,6.03125,0.75596654,0.09517443
1804,1298359,0.83563,2.25,6.2702956,0.8767825
1804,1299070,1.809899,3.0,0.63460875,0.10399532
1804,1299081,5.650181,5.90625,0.49994752,0.056446135
1804,1303897,6.515062,5.90625,0.044980213,0.010915576
1804,1327766,5.045016,5.46875,0.07503482,0.0097016925
1804,1330950,5.908126,6.03125,0.13713764,0.016951203
1804,1330995,6.019511,6.5,0.13876335,0.017307438
1804,1331038,5.32469,5.15625,0.16930437,0.01911516
1804,1480362,5.470935,4.78125,2.6123354,0.58321375
1804,1480372,7.744978,5.46875,1.9955368,0.2209252
1804,1503365,8.087104,4.625,0.7938924,0.17581092
1806,687505,4.549639,3.796875,1.4269335,0.14350738
1806,687590,6.599339,5.65625,0.81735176,0.08206585
1806,687800,7.559369,6.4375,1.0971463,0.11108126
1806,687802,7.973029,6.5,0.68104166,0.06822644
1806,687815,4.592669,3.265625,0.49071085,0.04946582
1806,687816,6.73203,4.8125,1.4544421,0.14584866
1806,687821,8.576435,7.6875,0.5538883,0.05744606
1806,687829,6.646841,6.25,0.2691889,0.027042292
1806,688006,4.105922,2.46875,1.097592,0.11347161
1806,688011,5.432343,4.65625,0.42253172,0.042279396
1806,688013,1.054379,2.046875,2.3570416,0.23959291
1806,713899,4.524164,2.84375,0.37128904,0.03752452
1806,724834,6.468015,5.65625,1.393057,0.13988717
1806,749714,7.098322,6.84375,0.47948,0.048039638
1806,753569,4.941254,5.21875,0.754346,0.076679155
1806,753576,7.185855,6.40625,0.46698794,0.046768304
1806,753612,2.915812,4.03125,4.5922403,0.4601583
1806,753621,6.368255,6.1875,1.3152182,0.13222668
1806,753623,4.848051,5.21875,0.6021544,0.060405172
1806,753624,5.375047,4.625,0.68854916,0.06910075
1806,905941,8.511529,8.25,0.5105207,0.05220298
1806,905944,5.410658,5.09375,1.6470096,0.16570112
1806,905951,5.882356,5.59375,0.94850945,0.094968
1806,905957,5.289418,4.78125,1.1499658,0.1150941
1806,905959,7.692117,6.71875,0.9508773,0.097672865
1806,905962,3.559735,3.390625,0.60585135,0.06123069
1806,905965,0.931314,0.828125,1.318918,0.13305697
1806,905990,5.586508,5.46875,0.57974315,0.059281282
1806,905991,4.803295,3.328125,0.42487365,0.045340538
1806,906791,6.015949,5.15625,1.0059795,0.10084482
1806,906793,4.163052,3.296875,0.44186157,0.044671915
1806,906797,5.98185,4.84375,1.0719097,0.107454024
1806,906798,4.317421,3.875,1.0766692,0.11017111
1806,906804,1.661023,1.5,0.8301888,0.083626956
1806,906826,7.255556,6.3125,0.6877381,0.069004476
1806,906836,1.628242,0.62890625,0.62096274,0.064008914
1806,906848,4.777351,4.15625,0.2128504,0.02133411
1806,906855,4.378278,2.484375,0.65993327,0.06638175
1806,906856,1.639567,1.171875,0.6537687,0.06571647
1806,906868,6.267396,5.15625,0.31716704,0.03200579
1806,906875,4.253736,3.453125,2.2978692,0.23118232
1806,907042,2.833483,2.921875,1.967327,0.19903487
1806,907048,5.986518,5.59375,0.20197709,0.020267604
1806,907065,6.531723,5.46875,0.62327874,0.06275675
1806,907269,2.871418,0.90625,0.37557635,0.03843117
1806,907277,2.284172,1.15625,0.3528934,0.0360849
1806,907286,6.549899,4.96875,0.70687497,0.07133179
1806,907295,4.663442,3.953125,0.36307094,0.038267493
1806,907318,3.927858,3.953125,0.93355495,0.09428999
1806,907783,2.537625,2.09375,0.41263512,0.041410834
1806,907791,6.033872,5.25,0.37583482,0.037600543
1806,907792,7.090328,5.96875,1.0644867,0.10713677
1806,908123,2.966185,4.53125,1.4102587,0.1411532
1806,908131,5.732457,4.59375,1.0761981,0.11028414
1806,908159,1.729796,1.203125,1.191343,0.1217375
1806,908443,5.073898,5.125,0.9427002,0.094639674
1806,908447,6.35957,2.65625,1.407344,0.14411148
1806,908458,3.992314,4.5625,1.124055,0.112495065
1806,908460,6.476313,7.15625,1.1290748,0.11723389
1806,908475,6.697668,5.53125,1.6200516,0.16229604
1806,909248,3.691293,4.03125,0.85609114,0.086414166
1806,909249,4.075778,3.3125,0.5269846,0.05273116
1806,909264,5.983519,5.1875,0.5179718,0.05207478
1806,909698,4.594862,3.359375,0.69801813,0.070671275
1806,909703,1.458423,1.234375,2.4677117,0.2508425
1806,909707,6.432698,5.1875,0.7972005,0.080063365
1806,909720,5.695593,4.65625,0.9398264,0.095485546
1806,909746,6.185792,6.09375,0.3295081,0.033260673
1806,909747,7.333293,6.5625,0.5940261,0.060035564
1806,909757,6.025133,4.03125,2.0235462,0.202575
1806,909904,6.464561,5.25,1.5283433,0.15297233
1806,909907,7.17993,6.71875,0.1570267,0.015798025
1806,909974,7.455448,5.875,0.4762948,0.047876887
1806,909976,2.533759,3.234375,0.40624833,0.040863942
1806,910698,5.30194,3.78125,0.9123283,0.09178685
1806,910702,9.402103,8.5,0.23823372,0.024149267
1806,910704,6.007412,3.953125,0.8191925,0.08225067
1806,910906,3.220511,2.40625,0.26732096,0.026875362
1806,910916,5.362489,3.703125,0.25699124,0.026243417
1806,910924,4.875131,3.640625,1.7291323,0.17386933
1806,910933,4.471885,4.1875,0.79936033,0.081214316
1806,910941,2.39699,1.75,1.3449775,0.13743667
1806,910952,3.645359,2.5,2.0156887,0.20188826
1806,924104,5.959088,5.34375,1.1772922,0.11846683
1806,924239,4.732578,3.8125,0.3176461,0.03183784
1806,924240,4.460781,4.53125,0.4787541,0.04797281
1806,925348,7.262841,5.78125,2.2509449,0.22798724
1806,998189,2.85224,3.75,0.91281056,0.09456725
1806,1240123,2.661406,3.15625,0.6860833,0.068710454
1806,1240128,5.093554,4.34375,1.2685283,0.1282916
1806,1240142,4.438863,3.984375,0.73327893,0.073519446
1806,1240143,5.452232,4.625,0.52843034,0.054034323
1806,1240155,3.005383,3.6875,1.728965,0.17304315
1806,1240173,5.174086,3.828125,0.9240927,0.099438004
1806,1240184,5.148687,5.5,0.8738367,0.08800402
1806,1240185,5.415095,3.140625,1.7014965,0.17103347
1806,1240190,5.557523,4.6875,0.70108545,0.07154776
1806,1240198,6.263784,5.75,0.69380146,0.06958552
1806,1240212,4.748502,4.65625,1.1394979,0.11502135
1806,1290722,6.306861,5.875,0.59652746,0.059799135
1806,1290908,6.136447,4.25,1.9261059,0.19367559
1806,1295741,0.643265,1.75,2.5833397,0.2587185
1806,1297449,1.786278,1.0,1.7303717,0.17540425
1806,1298151,5.181381,5.65625,0.2378761,0.02381047
1806,1298169,3.82987,4.65625,0.8303375,0.08320268
1806,1298226,6.461134,4.34375,1.0973049,0.11030048
1806,1298358,4.528355,4.3125,1.5898305,0.1591266
1806,1298475,4.180801,5.0625,0.7634345,0.07806454
1806,1298538,5.879868,3.984375,1.9353415,0.19398032
1806,1298539,6.712025,6.84375,0.30208552,0.03098013
1806,1299062,7.088324,6.65625,1.193282,0.1199105
1806,1299081,4.439669,3.578125,1.6100972,0.1638373
1806,1331040,1.922956,1.109375,2.1228957,0.21613595
1806,1660036,4.222648,5.53125,0.2531156,0.025386482
1808,683667,0.776882,0.6796875,0.11040053,0.013528291
1808,684052,-2.551095,-3.015625,0.17215379,0.12354113
1808,684072,-4.205235,-3.203125,0.04776675,0.034342945
1808,687455,-1.631055,0.86328125,0.39346367,0.057058875
1808,687459,0.187236,1.375,0.24748866,0.04008514
1808,687563,0.337682,0.33203125,0.41296867,0.07017833
1808,687586,0.912591,1.5,0.14472526,0.016173929
1808,687588,-1.236091,-0.49804688,0.11922134,0.044987362
1808,687800,2.318451,2.453125,0.46935412,0.09327344
1808,687802,1.161242,1.828125,0.7589274,0.113333605
1808,687812,3.328627,2.046875,0.4404285,0.05028084
1808,687821,0.910732,1.765625,0.0937989,0.107739195
1808,687980,-0.600736,-1.625,0.13483799,0.055159986
1808,688013,-3.761615,-3.5625,0.057910603,0.09347325
1808,724825,-1.390017,-0.8671875,0.099955946,0.015002555
1808,724831,1.671253,0.42578125,0.14341713,0.031007253
1808,724834,-0.151991,-0.25,0.11700169,0.03628573
1808,724855,3.736667,3.0,1.7989446,0.19197501
1808,724863,0.270271,0.50390625,0.19858767,0.03506127
1808,724869,1.430219,1.25,0.09245421,0.024713378
1808,735784,-0.513815,-0.59765625,0.17839673,0.032561623
1808,749714,2.620455,3.625,0.45018587,0.048137378
1808,749717,-0.148239,0.2890625,0.67075264,0.13040295
1808,753539,-2.318442,-1.921875,0.2939561,0.082993224
1808,753555,-0.49922,-1.984375,0.17725223,0.038322512
1808,753572,-0.287572,-0.81640625,0.21798125,0.060979083
1808,753573,1.921273,0.98828125,0.9299755,0.1289216
1808,753586,-0.197542,1.484375,0.35078928,0.03895436
1808,753612,-2.642931,0.18945312,14.086484,1.8408282
1808,905937,-0.266951,-0.19921875,0.09425208,0.024310086
1808,905938,-1.335674,-1.296875,0.30311024,0.060236257
1808,905948,1.528079,2.125,0.46287823,0.061390262
1808,905956,0.387962,0.13378906,0.59963775,0.07136453
1808,905957,2.714076,1.21875,0.21115641,0.024717886
1808,905960,-0.515546,0.7265625,0.38404992,0.0633095
1808,905965,-3.415962,-3.53125,0.11353972,0.015354234
1808,905969,0.393092,1.515625,0.17029041,0.08038909
1808,905991,-1.304256,-0.625,0.11313544,0.01761777
1808,906792,-0.817748,-0.94140625,0.6342319,0.12792902
1808,906794,-0.682385,-1.171875,1.380077,0.22615755
1808,906797,-2.783691,-1.671875,0.22140774,0.061937626
1808,906798,-2.37847,-2.109375,0.09976822,0.039193287
1808,906800,-1.941949,-2.890625,0.068063565,0.029075012
1808,906833,-2.598012,-2.234375,0.08255008,0.02609639
1808,906835,0.925923,2.3125,0.15691467,0.06226894
1808,906852,1.089869,2.328125,0.2950566,0.032665618
1808,907065,3.318866,2.171875,0.580601,0.06306168
1808,907068,-1.322248,-1.640625,0.2522985,0.208626
1808,907269,-2.290898,-3.03125,0.04649491,0.0115789
1808,907275,0.172369,-0.123535156,1.0264292,0.12922505
1808,907287,1.666402,0.98046875,0.35606956,0.040809058
1808,907291,0.118712,0.005859375,0.10998038,0.0120381415
1808,907298,-0.465738,0.578125,0.49474385,0.05547415
1808,908127,-0.160085,-0.71484375,0.14842601,0.024040204
1808,908129,1.423692,2.015625,0.8750572,0.11476913
1808,908134,-2.180942,-2.5625,0.27589208,0.063649625
1808,908460,1.530429,2.234375,0.35560006,0.26149055
1808,908461,0.674677,0.51171875,0.6779449,0.09095756
1808,908473,0.77666,1.484375,0.33478746,0.043909434
1808,909251,-2.812864,-2.6875,0.094532825,0.01749187
1808,909704,0.405541,1.125,1.8198876,0.22911963
1808,909718,-1.972072,-1.875,0.08867602,0.043173786
1808,909719,0.181101,1.171875,0.84719294,0.13265003
1808,909728,0.748515,0.18359375,0.17418025,0.026977418
1808,909743,-1.985444,-2.390625,0.066543385,0.012228694
1808,909761,1.624929,1.0625,0.31686124,0.034682732
1808,909781,4.222198,4.25,0.2784066,0.06642108
1808,909905,0.298189,0.19726562,0.18460014,0.027848924
1808,910548,-1.026159,-1.421875,0.08036751,0.09581844
1808,910706,-2.756398,-1.859375,0.27215275,0.05408416
1808,910904,0.582915,0.60546875,2.3833158,0.32899618
1808,910916,-1.558616,-2.21875,0.2484503,0.10061065
1808,910951,-4.525258,-3.421875,0.10066734,0.04118134
1808,924102,-0.36728,0.15136719,0.38229665,0.107934594
1808,924104,-0.070872,0.24023438,0.06325638,0.020190436
1808,924151,1.077841,1.1875,0.39908367,0.0570686
1808,925338,0.938487,0.94140625,2.8468628,0.36310354
1808,946355,1.986421,1.671875,0.26180708,0.03676972
1808,946359,5.663722,3.171875,2.0870366,0.21403432
1808,1240121,-2.330962,-2.078125,0.6388511,0.08605031
1808,1240145,1.040205,0.53515625,0.19536966,0.029626127
1808,1240157,1.034258,0.1953125,0.29006958,0.04421637
1808,1240172,1.754565,1.0625,0.22341721,0.048689183
1808,1240185,-1.053763,0.2109375,0.23623507,0.030130638
1808,1240190,-0.702685,-0.515625,0.31027874,0.051766355
1808,1240196,-0.071078,0.08203125,0.12407387,0.028388526
1808,1290722,-0.760135,-0.13671875,0.7609871,0.10417326
1808,1290798,4.274808,1.875,4.979521,0.696292
1808,1295740,-3.906783,-2.296875,0.39013565,0.11648711
1808,1297447,-0.435796,-0.123535156,0.31434375,0.051818643
1808,1298151,3.795985,1.484375,1.37006,0.16187249
1808,1298226,-0.734791,-1.046875,0.041370835,0.034840167
1808,1298350,-1.849602,-2.6875,0.20935751,0.09269047
1808,1298357,2.858187,2.015625,2.418956,0.29394478
1808,1298365,0.146633,0.53125,0.52644086,0.06904595
1808,1299062,1.167522,1.671875,0.23808213,0.0535871
1808,1299081,0.065516,-0.390625,0.18900871,0.0300925
1808,1330935,-0.347671,0.07324219,0.3863113,0.04059096
1808,1330950,-0.711012,-1.03125,0.13347192,0.021014057
1808,1330985,-3.227258,-1.5625,0.1512533,0.025083145
1808,1331040,-3.013844,-3.078125,0.06226244,0.021911964
1808,1503366,-1.715939,0.20507812,0.4119921,0.04521857
1808,1659928,-0.333229,0.50390625,0.41316986,0.044988714
1808,1674021,-0.075052,0.040527344,0.18641652,0.030369747
1809,687448,2.564148,3.046875,0.98499954,0.15508008
1809,687590,0.03737,0.4140625,0.5692613,0.07166868
1809,687780,1.140479,0.625,0.4165193,0.0833899
1809,687812,1.279698,1.671875,1.0643626,0.11404316
1809,687815,0.0256,-0.58203125,0.21019717,0.03077564
1809,687821,3.301148,3.34375,0.22947098,0.12740384
1809,687983,2.184625,2.078125,0.7553619,0.09178946
1809,687995,-1.633358,-1.578125,0.17398517,0.07300752
1809,688013,-1.942289,-3.125,0.037211765,0.09328665
1809,688086,-0.335821,-1.015625,0.14374062,0.03458565
1809,724868,-0.394886,-0.15625,0.39691657,0.050292853
1809,749709,-1.413419,1.640625,1.4347789,0.18682532
1809,749714,3.345649,4.125,0.39112484,0.041739028
1809,753551,-2.101904,-1.0,0.37786227,0.09832889
1809,753618,-1.805395,-2.328125,0.14562634,0.06804274
1809,905933,1.706212,1.6875,0.09845998,0.016328147
1809,905934,1.637613,1.828125,0.9018187,0.1187146
1809,905947,-0.486607,-0.55078125,0.1787729,0.025925087
1809,905950,-1.167984,-0.30273438,0.63506484,0.097834215
1809,905951,1.508321,1.359375,0.2775137,0.032065254
1809,905970,3.542328,3.890625,1.093037,0.1408358
1809,906790,-0.915351,-0.77734375,0.0810128,0.053389415
1809,906836,-3.161817,-4.15625,0.020253478,0.01238081
1809,906837,1.59128,-0.107910156,0.13873078,0.022340594
1809,906856,-3.518043,-2.578125,0.10088821,0.029562697
1809,907042,-1.92865,-1.65625,0.2549589,0.051044445
1809,907060,-0.939164,-0.22070312,0.05152274,0.012396964
1809,907065,0.887633,2.828125,0.62463224,0.069364004
1809,907069,0.761868,1.765625,0.3411089,0.043652695
1809,907072,-1.883099,-1.34375,0.16092868,0.03346103
1809,907169,1.99445,1.578125,0.22398719,0.03546176
1809,907276,2.193745,3.265625,1.0634146,0.123392515
1809,907289,1.772003,1.140625,0.25554618,0.02597623
1809,907298,-0.001029,1.140625,0.5259927,0.05581636
1809,907312,-0.720291,-1.015625,0.17778447,0.035071302
1809,907318,0.075581,0.43945312,0.3633139,0.04697499
1809,907323,-2.309781,-2.6875,0.05806807,0.027766975
1809,907789,-0.677702,-0.2734375,0.19688572,0.026952136
1809,907791,3.825168,1.75,0.4715231,0.04786069
1809,907795,1.353552,0.74609375,0.31669742,0.037072476
1809,908129,0.025978,2.671875,1.1617383,0.13163775
1809,908130,1.597326,2.203125,1.5684655,0.17263165
1809,908132,-2.041438,-3.1875,0.26921958,0.24023907
1809,908158,-2.441967,-3.046875,0.032558635,0.015330512
1809,908159,-2.845378,-2.515625,0.11544827,0.018485256
1809,908443,2.115886,1.46875,0.597763,0.06432294
1809,908455,-0.525249,-1.03125,0.31916875,0.040708423
1809,908458,1.759928,1.859375,1.033794,0.107595675
1809,908459,2.102967,3.140625,0.42654616,0.044238873
1809,909250,4.62367,2.703125,0.52298725,0.055035938
1809,909260,-1.603805,-2.15625,0.14995055,0.02387396
1809,909262,-2.09315,-2.453125,0.092669114,0.046774168
1809,909698,0.400075,-0.47460938,0.121176556,0.030708743
1809,909707,-0.15037,0.37695312,0.59344524,0.078707
1809,909709,0.114754,2.015625,1.1020939,0.1370427
1809,909718,-0.76415,-0.95703125,0.19559582,0.04787535
1809,909744,-0.650098,-1.109375,0.47695035,0.08259473
1809,909753,1.828315,2.171875,0.3090502,0.036016416
1809,909784,1.059056,2.078125,1.2156634,0.12622455
1809,909907,4.65395,5.375,0.7335972,0.07400782
1809,909974,1.802994,2.375,0.66250116,0.07654853
1809,910079,3.877284,2.390625,1.5242742,0.16555828
1809,910919,-2.75169,-2.90625,0.08647147,0.02098447
1809,910920,4.16636,2.890625,0.63623655,0.098541714
1809,910921,0.288704,-0.06542969,0.06493506,0.013398522
1809,910922,1.296923,0.54296875,0.598479,0.07464606
1809,910934,-2.663902,-1.96875,0.055486348,0.008084906
1809,924105,0.535741,-1.09375,0.17196544,0.1226342
1809,930082,-0.817595,1.015625,0.65196276,0.15166764
1809,946361,0.371167,0.55078125,0.117388755,0.022024391
1809,946382,2.162039,2.359375,0.24619195,0.032057125
1809,998189,1.279473,0.89453125,0.23512839,0.029149942
1809,1240122,2.035097,1.859375,0.88401353,0.105737194
1809,1240143,2.203217,2.296875,0.5735825,0.13232823
1809,1240153,-0.343494,0.115234375,0.23783258,0.03482183
1809,1240154,-1.577658,-1.25,0.11325463,0.031107666
1809,1240173,1.748172,0.17773438,0.21695548,0.0672844
1809,1240187,-0.926163,0.51953125,0.08902305,0.024676368
1809,1240192,0.720935,1.703125,0.21620323,0.025308663
1809,1240197,2.71276,2.859375,0.29682076,0.039980393
1809,1240215,0.758697,1.296875,0.15779081,0.041060977
1809,1290797,1.526934,1.609375,0.7969786,0.084277876
1809,1297449,-2.472562,-2.59375,0.2288631,0.049876004
1809,1298136,0.553447,3.15625,1.2049818,0.1283419
1809,1298526,1.807834,2.171875,0.17433786,0.070241645
1809,1298534,0.704053,2.640625,0.2994316,0.031663913
1809,1299050,1.943961,3.03125,0.53143317,0.07075109
1809,1299062,1.354889,1.984375,0.2118905,0.06509009
1809,1299075,0.633562,0.84765625,0.20514175,0.020976646
1809,1327771,-0.940846,-2.484375,0.027596114,0.022958815
1809,1331033,-1.396719,-2.203125,0.19573815,0.050042182
1809,1331038,-2.61226,-2.25,0.37824467,0.14272806
1809,1480371,-0.845354,0.29882812,0.5188166,0.18079226
1809,1503364,0.426267,1.328125,1.0091391,0.14634219
1809,1503365,3.357104,3.546875,0.30321664,0.05937911
1809,1659818,-2.037189,-1.984375,0.06103857,0.033369765
1810,684052,-1.418118,-3.390625,0.50422055,0.469096
1810,687452,1.128244,-0.08105469,0.63010293,0.098121405
1810,687505,-0.997762,0.19140625,0.9175182,0.13242926
1810,687561,1.649092,-0.1328125,0.21607623,0.023588508
1810,687777,1.589826,2.375,2.477623,0.282854
1810,687798,-2.675408,-1.0078125,1.1059563,0.4173251
1810,688006,-1.836786,-2.015625,0.6594082,0.7490715
1810,724831,1.98605,1.359375,0.38419586,0.06528879
1810,724839,1.377351,2.453125,1.4513077,0.20658834
1810,724855,4.479679,3.984375,2.47848,0.2522006
1810,724869,2.485349,2.140625,0.29939416,0.046877928
1810,724878,0.067572,1.28125,0.5760614,0.07058957
1810,749710,0.157373,1.921875,0.70428604,0.09271159
1810,749717,1.819306,1.75,0.6498973,0.078973696
1810,753556,-0.490514,1.125,2.2122242,0.34080178
1810,753569,2.625525,2.15625,0.9682567,0.104911156
1810,753575,2.02438,3.515625,1.4248054,0.18112673
1810,753623,1.89532,0.66015625,0.17780356,0.021057831
1810,753624,0.788029,1.421875,1.0523171,0.13904206
1810,905933,2.008257,2.75,0.25441468,0.028934749
1810,905935,1.485254,1.078125,0.34074357,0.09709602
1810,905942,0.456243,0.32421875,0.87050277,0.10360092
1810,905947,-0.344454,-0.75390625,0.34641695,0.048869
1810,905949,-2.30368,-0.58203125,0.31123292,0.047692645
1810,905974,-2.400146,-1.0625,1.2115529,0.16724442
1810,905976,1.810523,1.046875,0.55594367,0.056633595
1810,905983,-1.740418,-0.15136719,0.8573612,0.1533731
1810,905984,-1.271209,-1.0390625,0.2852501,0.050035685
1810,906746,0.09748,-1.09375,0.490365,0.14504254
1810,906821,-1.043602,0.080078125,0.9212983,0.10736724
1810,906826,3.704348,2.328125,0.61884207,0.0651231
1810,906828,-0.460883,-0.6171875,0.94633293,0.22387166
1810,906836,-3.221064,-4.4375,0.10456147,0.05471501
1810,906842,-4.284513,-4.84375,1.3295403,0.7065594
1810,906846,-3.481234,-3.046875,0.74149674,0.17541407
1810,906863,0.567313,-0.640625,1.343571,0.19301961
1810,906864,-0.955569,0.44921875,0.25888953,0.118504256
1810,906865,0.131423,1.9375,0.3200588,0.038682956
1810,906872,0.461848,1.8125,0.788867,0.10754671
1810,906999,-0.603711,1.4375,0.62427723,0.063791834
1810,907042,-0.915673,-1.765625,0.7899339,0.12368466
1810,907048,3.859521,2.828125,0.7315962,0.07429356
1810,907061,0.833206,-0.51171875,0.72021294,0.08287496
1810,907062,1.396183,0.39648438,0.231626,0.028383052
1810,907069,3.330775,1.6875,0.45627883,0.052720625
1810,907073,-1.01136,-2.453125,2.5186434,0.45971197
1810,907269,-3.290871,-3.734375,0.13989964,0.040236384
1810,907275,-1.419929,-0.3515625,0.7162374,0.084623404
1810,907276,4.333524,3.4375,1.4071518,0.14785393
1810,907278,-0.725326,0.5078125,0.3015791,0.061754968
1810,907285,1.943235,2.265625,1.1518366,0.15967798
1810,907287,0.837884,2.171875,0.73372144,0.07502624
1810,907291,0.349402,0.53125,0.4210592,0.043025974
1810,907299,-2.275703,-2.328125,0.9822001,0.24460305
1810,907323,-2.797851,-2.359375,0.2102472,0.06458528
1810,907789,-0.411167,-0.71875,0.8935846,0.15280238
1810,907791,3.396995,2.34375,0.7882552,0.08034575
1810,907794,1.299837,1.671875,1.1414272,0.12090978
1810,907795,0.385878,0.8046875,0.6628734,0.07338648
1810,908123,-0.715445,0.1875,1.1657549,0.16300881
1810,908134,-0.482988,-2.59375,1.0355499,0.18047887
1810,908463,2.352836,3.328125,1.2548556,0.19128224
1810,909718,-0.679968,-0.5078125,0.7495056,0.13147068
1810,909725,1.043806,1.078125,0.98653704,0.10414912
1810,909735,1.968137,1.984375,1.807494,0.22276545
1810,909743,-2.383615,-3.25,0.14309895,0.04480572
1810,909746,4.489582,3.890625,1.0776867,0.11119326
1810,909904,0.900626,2.296875,1.517997,0.18346822
1810,909907,4.588994,5.65625,0.8239368,0.08367075
1810,910779,3.640193,2.953125,1.0390128,0.11342647
1810,910781,-0.111652,2.609375,1.1634439,0.118886635
1810,910851,1.138467,0.30859375,1.6064569,0.1740605
1810,910921,1.072383,0.0859375,0.21181113,0.038400263
1810,910935,-2.170603,-4.25,0.089163706,0.03467575
1810,910947,-2.508644,-2.5625,0.1317543,0.045462314
1810,910952,-0.262357,0.21289062,0.5867043,0.06388431
1810,911905,2.534514,4.21875,0.8092438,0.10321512
1810,924105,1.32183,-1.15625,0.5175024,0.2578638
1810,930082,-0.976084,1.171875,0.9517658,0.17733091
1810,930083,6.259203,4.96875,1.2972531,0.1628069
1810,1240128,-0.833774,-0.390625,0.17918557,0.01946215
1810,1240145,1.293154,0.25195312,0.50708467,0.07388722
1810,1240151,1.394736,2.6875,1.3376583,0.14220615
1810,1240159,0.685652,2.828125,0.98115844,0.125142
1810,1240160,2.877506,4.375,1.1945918,0.12206948
1810,1240172,1.295151,1.96875,0.54582393,0.07841396
1810,1240196,1.906535,1.15625,0.39493948,0.055224832
1810,1240215,3.226144,1.5625,0.41826767,0.08190963
1810,1290455,-2.581559,-2.03125,0.06297579,0.013724277
1810,1290722,-1.008702,-0.3125,0.9879678,0.121762544
1810,1290807,4.846419,3.578125,1.4218718,0.1483594
1810,1298226,-0.473285,0.075683594,0.24365254,0.092868194
1810,1298365,-0.499161,1.828125,1.2478616,0.13003671
1810,1298534,1.17643,3.125,0.6059061,0.061500877
1810,1298538,1.230731,2.046875,1.010427,0.1026585
1810,1330933,-4.273783,-3.296875,0.18037933,0.088730484
1810,1331033,-1.417804,-2.25,0.7771109,0.20772482
1810,1331038,-3.043051,-1.921875,0.99948156,0.34487483
1810,1331048,-1.281954,-2.34375,0.36489487,0.052915912
1810,1480362,0.440801,0.75,1.2050543,0.22929613
1810,1503367,1.304295,2.40625,0.34132794,0.03896718
1810,1660036,3.294755,3.65625,0.67932767,0.06837189
1811,683667,-3.314807,-3.984375,1.7535303,0.18058817
1811,684072,-4.186439,-5.40625,1.5447096,0.21694806
1811,687562,-4.256232,-4.28125,1.3518194,0.14682716
1811,687777,-0.6193,-1.4375,3.626283,0.36418995
1811,687980,-2.265937,-3.5,1.9263282,0.19395831
1811,687997,-0.801752,-1.390625,0.409679,0.041297447
1811,724834,-0.652008,-3.03125,2.3738983,0.24707162
1811,724878,-0.455494,-0.7421875,1.1555734,0.11617665
1811,735784,-1.460379,-3.0,2.3912315,0.24626215
1811,749710,-1.02609,-1.796875,1.7629117,0.17732878
1811,749715,-2.956016,-4.96875,1.9603167,0.19771022
1811,753541,-3.3653,-4.0,2.129306,0.21612951
1811,753569,-1.115279,-3.359375,2.0538485,0.21151657
1811,753574,-2.056604,-1.96875,2.8007603,0.28090507
1811,753575,-0.592611,-2.0625,3.0003595,0.30210048
1811,753614,-3.128312,-4.90625,2.0427368,0.21463686
1811,753618,-3.747046,-4.90625,2.2161472,0.23745333
1811,753620,-2.777543,-4.03125,3.075792,0.33097398
1811,753621,-1.334942,-2.71875,1.7951117,0.1883386
1811,905935,-0.62668,-2.765625,2.0834975,0.22149615
1811,905939,-3.568153,-4.34375,1.0536362,0.11502286
1811,905947,-4.135165,-3.890625,2.9314473,0.30403256
1811,905955,-1.522315,-3.703125,1.2808592,0.1319099
1811,905962,-3.568859,-4.40625,1.1055571,0.12101115
1811,905964,-4.007714,-5.90625,1.9353051,0.22094113
1811,905965,-6.639215,-6.25,1.9994876,0.21423893
1811,905972,-0.631742,-3.234375,2.0174773,0.20947835
1811,905974,-4.921752,-5.15625,1.6690973,0.25851345
1811,905977,-0.580328,-1.9375,0.7496403,0.07888749
1811,905991,-3.873494,-5.34375,1.362163,0.1567442
1811,906746,-2.846791,-3.296875,0.87552375,0.09147332
1811,906801,-2.402712,-2.625,1.2546731,0.12838551
1811,906824,-2.896925,-4.03125,3.4949744,0.37296742
1811,906832,-4.279002,-5.5625,3.464446,0.38845795
1811,906835,-1.602416,-0.30664062,1.1559527,0.1233579
1811,907067,-3.476769,-3.9375,2.1334965,0.24651434
1811,907298,-4.181112,-4.65625,2.9680667,0.3128327
1811,907311,-4.48974,-5.1875,1.2373302,0.13204212
1811,907320,-3.274073,-3.59375,2.4434774,0.2571364
1811,907323,-3.887803,-4.8125,2.5510798,0.26653272
1811,907783,-4.115385,-4.53125,0.928208,0.094450876
1811,907789,-2.343017,-4.15625,2.5301623,0.26184526
1811,907791,-2.177366,-2.96875,1.3337263,0.13444549
1811,907792,-0.290706,-1.671875,1.8157792,0.18683235
1811,908125,-2.409607,-3.015625,1.7138153,0.17439125
1811,908131,-2.783169,-4.0,2.658086,0.28602627
1811,908158,-4.997991,-6.71875,2.2541602,0.24256139
1811,908159,-4.016412,-6.53125,1.5046711,0.1605715
1811,908465,-1.868591,-3.234375,0.9540764,0.09929878
1811,908475,-0.821928,-3.453125,3.3895416,0.34569854
1811,909251,-3.541055,-6.46875,1.6729302,0.1863585
1811,909255,-5.36919,-4.0625,1.6325313,0.16365376
1811,909263,-0.81557,-1.359375,1.7237154,0.17291465
1811,909696,-3.819238,-5.90625,1.3289039,0.13922466
1811,909718,-2.589852,-5.875,3.7345161,0.42973104
1811,909720,-3.534406,-4.34375,1.5121012,0.163837
1811,909725,-2.812505,-2.890625,2.4151382,0.24371514
1811,909731,-3.847008,-5.0,2.7809994,0.288429
1811,909743,-4.182459,-5.46875,1.0407811,0.109697804
1811,909748,-1.305449,-2.640625,3.0886111,0.31023344
1811,909759,-3.830642,-5.34375,2.4730248,0.2692796
1811,909781,0.944199,0.98046875,0.7403012,0.07724369
1811,909785,-4.956938,-6.75,1.9153415,0.19627592
1811,909975,-0.703073,-1.390625,1.2009302,0.1212582
1811,909976,-2.886513,-4.25,1.411239,0.14258137
1811,910692,-2.403355,-3.015625,1.7702991,0.18044409
1811,910702,1.357158,0.921875,1.2060837,0.12537627
1811,910851,-2.194164,-4.84375,1.5063051,0.17554338
1811,910900,-3.432178,-3.640625,2.008952,0.20769012
1811,910903,-3.948209,-5.84375,0.5629246,0.06451667
1811,910920,-1.063537,-2.546875,3.7945223,0.39492798
1811,910921,-2.142527,-4.8125,1.5928407,0.16762069
1811,910926,-3.930458,-5.5,1.6912143,0.22181314
1811,910930,-4.449734,-6.84375,1.6020608,0.20860742
1811,910941,-3.291518,-4.9375,2.159049,0.26308522
1811,910947,-4.410662,-5.9375,1.2645845,0.13958718
1811,917486,-2.244923,-1.890625,2.36376,0.23790397
1811,924244,-3.278775,-4.0625,1.8402157,0.21794252
1811,925340,-2.726136,-3.546875,2.2368157,0.24123295
1811,925347,-1.045733,-0.56640625,2.5952692,0.26100746
1811,1240154,-4.330961,-5.59375,1.2841774,0.21296202
1811,1240155,-3.344477,-3.09375,3.9588451,0.4002366
1811,1240168,-1.525389,-2.4375,2.9045224,0.2957148
1811,1240172,-2.077979,-2.625,0.9977607,0.10397428
1811,1240184,-2.229306,-3.203125,2.5927916,0.26443818
1811,1240187,-0.73218,-3.53125,2.8202555,0.2904454
1811,1240209,-1.488646,-3.015625,1.607209,0.16155574
1811,1240210,-3.149714,-4.75,0.8403031,0.08638725
1811,1240221,-3.506758,-5.03125,1.5729313,0.17696983
1811,1290730,-2.815195,-4.4375,4.014632,0.43604723
1811,1290797,-2.146801,-4.40625,3.7387016,0.3800384
1811,1290905,-0.571438,-0.734375,1.170183,0.11758932
1811,1297447,-2.013266,-3.921875,1.7665474,0.18649514
1811,1298136,-0.008016,-2.140625,6.193161,0.62532485
1811,1298358,-1.06365,-2.953125,2.7792428,0.28079456
1811,1298365,-3.48975,-1.859375,3.0837553,0.31036893
1811,1298526,-1.508288,-2.34375,2.5251627,0.28313896
1811,1327766,-2.545175,-4.84375,1.1923811,0.12802947
1811,1327775,-2.494818,-3.609375,0.62448573,0.07488592
1811,1330933,-3.491096,-6.3125,1.5580325,0.187317
1811,1330947,-6.285855,-7.125,0.86853814,0.114759445
1811,1331033,-4.232763,-5.75,1.4388748,0.16028556
1811,1331038,-3.405447,-5.0,3.270381,0.38458502
1811,1331048,-1.913954,-6.375,2.199035,0.23662956
1811,1503367,-1.359601,-4.15625,3.2185478,0.3660476
1811,1659823,-2.211324,-1.8125,1.5226599,0.1524539
1812,687448,3.747392,4.625,5.101692,0.5555065
1812,687452,0.766637,1.953125,1.1642089,0.122707024
1812,687459,3.749425,3.890625,0.61323434,0.06398543
1812,687506,1.168294,2.484375,1.4952893,0.15601985
1812,687812,3.694076,3.859375,1.4778782,0.15046552
1812,687816,1.797492,3.578125,0.83282095,0.08389209
1812,687829,4.320182,5.46875,1.2664003,0.12689766
1812,687985,2.288276,3.328125,0.96795166,0.098782234
1812,687995,1.592364,2.125,0.3563597,0.037044734
1812,688011,3.83055,4.6875,0.8736587,0.087480634
1812,722046,-0.792421,2.421875,1.903284,0.2043612
1812,722066,3.854063,4.4375,0.41914555,0.042564217
1812,724834,4.520115,4.34375,0.66207457,0.09339879
1812,724839,4.559,4.375,2.3499658,0.23852696
1812,724868,0.440711,2.796875,0.99682397,0.116168916
1812,724870,0.876225,2.859375,1.025584,0.10352284
1812,749711,2.985206,3.453125,6.1989193,0.6212344
1812,753572,3.253279,2.578125,0.6332725,0.07827707
1812,753592,-0.060779,2.140625,1.3065618,0.14464903
1812,753608,1.885704,1.875,0.7138355,0.07468163
1812,753620,2.261937,1.71875,0.6813562,0.07074645
1812,753621,3.594586,4.34375,2.9764197,0.3202809
1812,753623,3.759869,4.03125,0.5729676,0.058157533
1812,905937,2.016414,2.5,0.3133304,0.036203686
1812,905939,4.201574,3.609375,0.516213,0.053069204
1812,905944,0.846704,4.40625,0.73561496,0.07933357
1812,905949,0.997097,1.046875,0.3262469,0.035710063
1812,905950,0.510814,0.32421875,3.1473486,0.37550786
1812,905990,2.926624,4.5625,2.5144005,0.2582759
1812,906794,1.656636,2.640625,1.0464686,0.111896574
1812,906817,2.700133,5.5,0.9938489,0.10169645
1812,906818,3.033113,3.625,0.9073432,0.097635664
1812,906824,3.738969,2.96875,0.18436866,0.025558846
1812,906830,3.102519,3.359375,2.5337377,0.27733576
1812,906835,3.570454,5.25,0.97390115,0.11349752
1812,906839,0.268604,3.921875,1.2710469,0.12878996
1812,907000,-0.314605,0.23242188,0.4273606,0.050492626
1812,907065,1.950841,4.1875,2.9051154,0.2926394
1812,907073,0.432715,0.453125,1.6440885,0.16680285
1812,907169,2.549717,4.0625,0.37121242,0.03801201
1812,907271,4.287645,4.4375,0.6632162,0.06738219
1812,907281,2.632424,2.9375,0.305218,0.030952573
1812,907285,3.296812,4.40625,1.2022018,0.13194875
1812,907289,3.402607,3.0625,0.981121,0.098299615
1812,907314,3.55126,2.515625,1.3649112,0.1376239
1812,907318,1.970799,2.359375,0.74953544,0.080310404
1812,907792,4.819196,3.703125,2.0112169,0.22551174
1812,907795,2.038586,2.5625,1.499941,0.15077323
1812,908125,2.133954,5.0,0.9518196,0.09613474
1812,908127,2.093598,1.78125,0.77951765,0.0831865
1812,908150,4.2281,3.859375,1.4058964,0.15128304
1812,908470,5.45777,6.03125,1.9384415,0.19945355
1812,908483,2.826494,2.9375,0.5913713,0.060795847
1812,909255,-0.813789,1.984375,0.348607,0.034985162
1812,909262,3.14075,1.765625,0.65921974,0.06852801
1812,909263,4.433893,4.71875,3.9197357,0.3936616
1812,909696,2.242381,1.21875,0.4703025,0.055566207
1812,909709,3.090313,4.21875,1.7678876,0.18315329
1812,909725,2.301723,3.5,1.1818889,0.11886313
1812,909732,1.747134,2.140625,1.7412323,0.18079533
1812,909737,1.717877,4.3125,1.5896659,0.16266394
1812,909751,1.454485,2.203125,2.0545642,0.20596062
1812,909753,4.816883,5.125,1.6936469,0.17116933
1812,909761,3.038867,4.875,1.3097701,0.13114907
1812,909781,5.948882,6.5,1.1549313,0.13086644
1812,909905,1.769796,2.953125,1.3165315,0.13624719
1812,909907,5.040596,6.09375,1.0109016,0.101260655
1812,909974,3.279021,4.6875,3.124663,0.3184925
1812,910548,3.190702,3.109375,3.4967206,0.3679732
1812,910554,1.864281,2.8125,1.675865,0.1694873
1812,910704,2.875048,1.953125,7.394378,0.7583243
1812,910903,0.139977,1.03125,0.36922416,0.03904425
1812,910905,3.904026,5.21875,1.7674985,0.17708766
1812,910906,2.950688,3.75,0.44072142,0.04426194
1812,910927,0.169824,0.828125,0.74460953,0.07779561
1812,910933,2.211806,2.09375,0.64350885,0.0716846
1812,911905,4.196989,5.78125,0.9558597,0.10912425
1812,917486,2.666676,5.03125,1.5478877,0.15530793
1812,924110,3.332255,3.9375,0.5500292,0.055755343
1812,924151,2.965616,5.125,1.0492657,0.10556375
1812,924244,1.916484,2.640625,0.7720164,0.09542682
1812,946359,4.517668,5.65625,1.8605616,0.18645911
1812,946360,2.808426,3.828125,0.40578085,0.042233042
1812,1240121,-2.346505,2.03125,1.0763404,0.109251045
1812,1240127,4.054478,4.53125,0.83659256,0.08425318
1812,1240146,2.311668,3.171875,1.6859559,0.18556313
1812,1240159,3.38273,4.3125,1.5216057,0.15987995
1812,1240174,3.204462,2.828125,0.9923793,0.10304055
1812,1240185,1.127925,3.046875,2.046745,0.20520917
1812,1240196,3.331776,2.984375,0.8000544,0.08297696
1812,1240212,1.130066,2.609375,2.8184204,0.2933368
1812,1240221,3.270351,2.28125,1.6060776,0.16983746
1812,1290765,3.277762,3.453125,1.6393973,0.16538803
1812,1290797,3.32005,3.375,0.518924,0.052722227
1812,1295740,1.918349,1.984375,1.078154,0.1126438
1812,1298136,4.697804,5.71875,3.2024412,0.322129
1812,1298151,3.189153,4.28125,2.7330658,0.27397728
1812,1298226,2.082307,3.140625,0.9681366,0.102735005
1812,1298475,2.043764,3.65625,2.7890306,0.34576887
1812,1299050,3.256826,4.5,1.7742426,0.18240078
1812,1299052,3.407409,4.71875,2.9489205,0.29642382
1812,1327766,2.827987,3.171875,0.49306592,0.05165681
1812,1330985,1.642234,1.9375,0.51911646,0.052538387
1812,1331037,1.869235,2.09375,0.48908108,0.05001069
1812,1480362,2.186184,4.09375,2.678833,0.2781481
1812,1480372,2.455009,3.375,3.5549145,0.37297267
1812,1503366,4.114304,3.796875,2.6256146,0.26306328
1812,1503367,1.800209,3.90625,1.9363161,0.19827802
1812,1660036,2.832684,4.09375,0.8180541,0.08227209
1813,687562,5.531169,4.21875,0.87282515,0.1511494
1813,687588,-0.133794,5.40625,1.3098108,0.16050194
1813,687590,6.732245,5.28125,0.99840206,0.10431144
1813,688006,6.013715,4.9375,0.45221066,0.049772132
1813,688013,5.687492,3.984375,1.2669666,0.13111775
1813,688025,3.061635,5.03125,1.6749251,0.20353219
1813,688058,5.888381,5.6875,0.43523514,0.05462256
1813,688086,4.612892,4.59375,1.7533951,0.18748665
1813,688121,6.639961,5.71875,0.6956411,0.07267947
1813,713899,6.01888,4.53125,0.33504027,0.037092194
1813,722046,-1.49299,4.3125,1.2102203,0.1352495
1813,722066,4.796364,5.40625,0.53687835,0.055877462
1813,724825,3.662019,3.484375,0.956472,0.16355608
1813,724831,6.17535,6.09375,0.284512,0.040873464
1813,749709,1.469212,6.09375,0.51482743,0.05539857
1813,749711,6.0594,6.3125,0.42157406,0.042486098
1813,753620,2.935631,3.296875,0.89747727,0.10132888
1813,753623,6.7711,5.90625,0.7890557,0.09462052
1813,905939,5.856777,5.625,4.478607,0.50388616
1813,905955,2.545715,5.625,3.0951133,0.31566983
1813,905959,5.670028,6.78125,1.584458,0.17012791
1813,905965,4.987994,1.0625,7.194264,0.7570797
1813,906790,3.581058,4.4375,1.9857541,0.23351754
1813,906792,4.896207,5.34375,0.97437555,0.12228536
1813,906797,6.018839,4.65625,1.4184754,0.15025713
1813,906801,0.286492,5.53125,0.26352525,0.027496465
1813,906805,6.481863,6.25,0.47292617,0.06794135
1813,906826,6.373416,6.65625,0.6202326,0.06978211
1813,906827,3.921408,5.34375,0.5822817,0.08525374
1813,906828,6.329215,5.34375,1.2932447,0.16550027
1813,906846,5.538349,3.296875,2.5561182,0.2918153
1813,906855,0.629815,2.0,12.850088,1.4103731
1813,906865,4.906242,5.28125,1.2858697,0.13695723
1813,906870,3.341399,1.984375,12.257359,1.3007046
1813,906871,5.846387,4.6875,0.8190416,0.088534035
1813,906872,4.926337,6.0,0.5049863,0.059807107
1813,907000,5.309271,4.0625,2.8243442,0.31363705
1813,907045,6.186026,6.03125,0.6469917,0.06567116
1813,907060,5.825769,5.375,0.7527599,0.083337784
1813,907068,5.54289,5.65625,0.6663903,0.07140166
1813,907071,6.787197,6.4375,0.43986586,0.044918202
1813,907278,2.245919,3.328125,6.3774753,0.6755571
1813,907312,4.487738,4.15625,0.51911974,0.06556493
1813,907318,5.30469,4.96875,0.31514862,0.033566296
1813,907791,5.748663,5.875,0.38370004,0.041380744
1813,908126,2.235977,2.859375,5.701815,0.6509389
1813,908131,6.423663,5.09375,0.6965212,0.083524145
1813,909248,6.356917,5.40625,0.3650247,0.042539634
1813,909255,4.530707,3.453125,5.5503564,0.56239486
1813,909696,0.620908,2.5625,1.0222526,0.11351885
1813,909722,2.841975,2.125,7.278085,0.8445072
1813,909728,4.353735,6.5,0.5956773,0.061238524
1813,909736,6.259049,6.0625,0.6967459,0.08466661
1813,909748,5.382831,5.09375,1.9035721,0.1922041
1813,909751,4.853714,4.5,2.1843207,0.226802
1813,909755,6.70634,6.40625,0.40605605,0.043167725
1813,909757,6.71747,5.53125,1.4804046,0.16161212
1813,909781,8.462592,7.96875,0.17458765,0.02062752
1813,909904,7.252355,7.03125,0.63793916,0.06552827
1813,909976,4.854566,4.09375,0.939148,0.095842734
1813,910548,6.570991,5.34375,0.83871657,0.08615186
1813,910702,9.073634,8.25,0.51260215,0.055159118
1813,910903,2.315445,3.890625,0.6309453,0.06475717
1813,910926,5.34753,5.34375,1.0722178,0.11537717
1813,910933,5.558837,4.21875,1.7966429,0.2512266
1813,910935,5.02828,0.97265625,8.313863,0.9420523
1813,910947,0.984074,0.7890625,3.7655287,0.53846717
1813,924104,5.192853,5.78125,0.34492013,0.060502402
1813,924105,4.997395,4.65625,2.780055,0.38873824
1813,924110,2.540551,5.28125,2.1389477,0.2161739
1813,924151,5.629448,5.15625,0.548053,0.05924161
1813,924187,7.749515,6.71875,0.6561841,0.071449734
1813,925338,4.011859,6.09375,1.3688601,0.1472977
1813,925341,6.312611,5.65625,0.79882157,0.08843726
1813,946382,4.519336,4.75,0.29433572,0.032131907
1813,998184,0.556961,3.859375,4.0316143,0.4064045
1813,1240147,4.523709,4.1875,0.7275401,0.07882937
1813,1240151,4.977897,5.65625,1.2317774,0.1448526
1813,1240166,5.825611,3.234375,13.070464,1.5633632
1813,1240173,3.755485,3.9375,0.3932544,0.074827924
1813,1240192,5.624495,5.4375,0.35806772,0.03675033
1813,1240217,0.08813,4.53125,3.5547323,0.35892212
1813,1240222,5.02743,4.5,3.4376338,0.35735306
1813,1290769,6.561672,5.0625,2.3880103,0.26867402
1813,1298134,5.372076,4.71875,0.16209695,0.021106955
1813,1298136,7.665005,6.59375,0.99024945,0.099589854
1813,1298157,6.265464,6.6875,0.32783496,0.036759157
1813,1298226,6.628495,5.90625,0.70119464,0.0757954
1813,1298475,4.798991,5.90625,1.0851209,0.13749446
1813,1298537,5.020614,5.84375,2.0060408,0.21016596
1813,1299062,7.814166,6.875,1.6663414,0.17714837
1813,1303897,2.733628,4.53125,2.7258592,0.2823992
1813,1303900,4.151322,6.09375,0.33716437,0.037441343
1813,1327775,5.349475,5.1875,0.17858689,0.0398702
1813,1330931,3.090623,2.96875,0.88806146,0.11042828
1813,1330972,5.649842,3.15625,2.0160635,0.38361388
1813,1503361,4.224926,4.8125,0.99199086,0.10277033
1813,1660035,6.680399,6.59375,0.14744519,0.018225294
1814,687561,5.997743,5.90625,0.11954545,0.021385454
1814,687562,6.19526,5.34375,0.043833707,0.013991024
1814,687590,6.800442,6.53125,0.09255456,0.012830748
1814,687800,7.575386,7.375,0.10433993,0.019853663
1814,687812,6.173513,6.46875,0.037309714,0.012747928
1814,687821,8.659595,7.90625,0.13752708,0.025101943
1814,687995,4.867379,5.4375,0.07144723,0.010312279
1814,687997,6.855807,7.28125,0.09041719,0.011731668
1814,688031,5.535074,5.5625,0.13432269,0.023261009
1814,722046,5.302301,5.4375,0.18297036,0.034570325
1814,722066,6.021747,6.21875,0.055644855,0.009065292
1814,724825,4.6856,5.34375,0.04681516,0.014942657
1814,724859,6.418098,6.96875,0.05042503,0.013358229
1814,724869,6.881919,6.5625,0.043073162,0.021573558
1814,749711,6.041627,5.71875,0.121819936,0.014075654
1814,749714,7.104574,7.0625,0.2981948,0.035667192
1814,753539,5.940006,5.875,0.093450926,0.011765255
1814,753554,6.256372,6.5625,0.06354492,0.015963372
1814,753556,5.417784,5.90625,0.09917434,0.01810166
1814,753612,6.046276,6.6875,0.20064859,0.025943033
1814,753618,5.368968,5.625,0.08737853,0.016744973
1814,905934,7.3511,7.78125,0.055067796,0.017919758
1814,905945,6.214856,5.875,0.15004642,0.018134916
1814,905965,5.218929,4.59375,0.3247755,0.040027108
1814,905968,6.715869,6.59375,0.16115177,0.02469454
1814,905976,6.453635,6.28125,0.09361732,0.012868871
1814,905977,6.877344,7.25,0.036057144,0.0089020375
1814,905991,5.035124,5.78125,0.067020394,0.014375943
1814,906791,6.569264,6.5,0.08777869,0.01839265
1814,906792,5.862251,5.625,0.05424373,0.020163301
1814,906793,7.257837,6.71875,0.06165183,0.009928139
1814,906797,5.779222,6.03125,0.07710572,0.015789095
1814,906817,7.219546,7.1875,0.02716817,0.007960934
1814,906818,6.258507,6.3125,0.02348508,0.010558784
1814,906820,5.12571,5.59375,0.1763863,0.022067834
1814,906832,5.891609,5.5625,0.26700053,0.045944937
1814,906834,5.587951,4.9375,0.49473453,0.061896645
1814,906846,6.150066,5.5625,0.25080276,0.04486604
1814,906851,6.172618,5.90625,0.07407193,0.01767177
1814,906856,4.238287,4.5,0.54289514,0.067507684
1814,906865,6.147394,6.0625,0.052801546,0.010493105
1814,906870,3.066615,5.125,1.1071765,0.1241444
1814,907000,5.73938,5.53125,0.08217095,0.014507536
1814,907046,6.209184,6.34375,0.059579562,0.010729303
1814,907051,6.165995,6.875,0.09237744,0.015138181
1814,907060,5.28104,5.78125,0.022738278,0.007845928
1814,907061,6.08587,5.90625,0.066470355,0.013112518
1814,907065,5.868193,6.375,0.17140363,0.023087282
1814,907169,6.129758,5.9375,0.032380085,0.0073479493
1814,907269,5.012257,4.5,0.814206,0.09225851
1814,907276,7.551106,7.46875,0.13385455,0.019053707
1814,907286,6.591679,7.125,0.046557605,0.012905339
1814,907291,6.242222,5.6875,0.11181812,0.013478769
1814,907312,5.929183,5.96875,0.024416707,0.0068936185
1814,907790,6.291847,6.65625,0.14228036,0.018396264
1814,908147,4.024179,4.4375,0.10620551,0.013878984
1814,908461,6.007081,6.65625,0.09058156,0.025108373
1814,908470,8.54533,8.25,0.048492704,0.01065286
1814,909249,4.969622,5.0625,0.17750266,0.020113008
1814,909260,2.301708,5.09375,0.32718503,0.039979625
1814,909262,5.443582,5.21875,0.3220665,0.043907516
1814,909696,3.24715,4.875,0.06620804,0.012965564
1814,909731,5.732175,6.03125,0.18031147,0.023648959
1814,909744,5.945092,5.8125,0.095073,0.014968462
1814,909749,6.559593,6.375,0.11924748,0.023016568
1814,909776,6.797753,6.78125,0.029619489,0.0075724833
1814,909781,8.043772,8.3125,0.06351646,0.011916911
1814,909785,5.317211,5.09375,0.6493823,0.07036093
1814,909975,7.219176,7.1875,0.06956108,0.010440539
1814,910546,6.71446,6.71875,0.10783045,0.0154911
1814,910691,6.684198,5.875,0.046663977,0.01094674
1814,910692,5.391594,5.71875,0.08511013,0.010681429
1814,910704,5.529385,5.3125,0.32295147,0.059757285
1814,910779,6.700691,7.0,0.04300855,0.011813165
1814,910900,5.979658,5.84375,0.03580311,0.006122308
1814,910921,6.555465,6.0625,0.09021571,0.018061776
1814,910922,6.366543,6.125,0.10821745,0.016325768
1814,910933,6.227307,5.6875,0.20168753,0.04258972
1814,910952,4.888816,6.78125,0.10027134,0.01570008
1814,924105,4.754944,6.25,0.0942458,0.039346486
1814,924244,6.551785,6.25,0.062418543,0.011240558
1814,998189,5.933194,6.46875,0.16861644,0.020489797
1814,1240143,6.142809,6.34375,0.06976997,0.017375225
1814,1240151,6.825392,6.90625,0.08168989,0.014517353
1814,1240158,6.245195,7.03125,0.0986568,0.01344994
1814,1240183,6.784888,6.75,0.03290656,0.01812945
1814,1240184,7.184109,7.0625,0.052937597,0.016417535
1814,1240201,6.346752,6.15625,0.0312248,0.014366425
1814,1240212,6.253217,6.125,0.024712127,0.0073785726
1814,1290730,5.408767,5.75,0.019065138,0.015196079
1814,1298136,7.720303,7.15625,0.21942168,0.026380328
1814,1298157,6.304008,6.59375,0.034458775,0.010097259
1814,1298226,6.78098,6.46875,0.06428922,0.01956205
1814,1298358,7.561577,6.40625,0.13240473,0.019021483
1814,1298359,6.654435,6.71875,0.027819509,0.00807598
1814,1298365,6.512249,6.9375,0.059346773,0.015172524
1814,1298534,5.876171,7.0625,0.1110976,0.012891128
1814,1298538,6.528624,6.4375,0.13629074,0.024876282
1814,1299062,8.15919,7.5625,0.2411717,0.033291675
1814,1299081,5.475229,5.75,0.15723614,0.021349099
1814,1303896,4.303934,4.90625,0.5653975,0.067627415
1814,1303900,6.03691,6.59375,0.0876419,0.02201687
1814,1331038,4.842401,4.9375,0.0639375,0.011995907
1814,1503363,6.708675,6.375,0.10638725,0.018661376
1814,1503365,6.70744,7.84375,0.04608775,0.013012048
1814,1659818,5.123231,5.0,0.06432814,0.016020015
1814,1660034,6.420555,6.03125,0.10094703,0.017261878
1815,687568,6.629708,6.46875,0.4299193,0.04340905
1815,687586,4.906198,5.90625,0.16356787,0.017600901
1815,687780,5.886002,5.84375,0.37037668,0.037751973
1815,687787,5.100624,5.46875,0.33704212,0.038053446
1815,687812,5.57986,5.8125,0.35696876,0.039179433
1815,687815,5.979152,5.78125,0.1297055,0.014751493
1815,687816,7.310265,7.21875,0.29461724,0.029605491
1815,687821,7.980539,7.5,0.32728028,0.035547383
1815,687995,4.27868,5.09375,0.12073453,0.0133664785
1815,724828,5.044393,6.09375,0.6344989,0.0644031
1815,724855,5.78296,7.0,0.2517745,0.025356188
1815,724859,4.754346,5.8125,0.20384169,0.024507198
1815,749710,5.655987,6.53125,0.095222116,0.010510794
1815,749715,5.355616,5.0625,0.17108725,0.01849362
1815,753566,6.504351,6.34375,0.23081353,0.02337798
1815,753574,5.667432,6.78125,0.2613708,0.0265683
1815,753576,6.862409,7.03125,0.110924415,0.0112441825
1815,905936,5.744868,5.21875,0.22059152,0.022931196
1815,905945,6.011908,5.5,0.17723086,0.017997786
1815,905947,6.076057,5.71875,0.18283,0.021306835
1815,905949,4.718876,5.5,0.28924832,0.031266198
1815,905956,5.817117,6.15625,0.27836382,0.028123865
1815,905959,6.124768,6.40625,0.23648909,0.026896063
1815,905962,6.218632,7.03125,0.285394,0.030778773
1815,905968,6.743471,5.6875,0.40056992,0.04340197
1815,905972,7.203661,6.6875,0.24758281,0.025193075
1815,906797,5.114417,5.5,0.16533245,0.018874925
1815,906801,5.609052,5.59375,0.1395542,0.015545843
1815,906818,6.532,6.03125,0.1320481,0.01552838
1815,906824,6.025958,5.71875,0.18473585,0.021345256
1815,906831,5.398772,4.9375,0.1854813,0.019052394
1815,906835,7.732919,7.78125,0.20428863,0.02164001
1815,906839,6.358948,6.5625,0.25342858,0.02601068
1815,906848,5.707554,4.71875,0.25532624,0.02810224
1815,906856,3.737103,4.28125,0.15466037,0.01587359
1815,906863,5.570839,5.65625,0.1805596,0.020178637
1815,906864,5.019373,5.53125,0.1636365,0.017247204
1815,906868,5.442982,6.34375,0.105931215,0.012239796
1815,906870,4.995702,4.65625,0.34548292,0.035957325
1815,906875,6.051626,5.84375,0.2532222,0.026919995
1815,907046,5.032635,5.8125,0.14736441,0.0149510205
1815,907055,5.158136,5.46875,0.20498754,0.022834882
1815,907064,6.836036,5.71875,0.1258586,0.013038961
1815,907065,6.050398,5.9375,0.23051603,0.023934899
1815,907071,5.246622,6.8125,0.21441512,0.02176363
1815,907072,5.186479,5.71875,0.26267776,0.027128948
1815,907073,4.479027,4.9375,0.4105576,0.041898575
1815,907275,4.000756,3.984375,0.28485402,0.03017419
1815,907299,5.60907,5.46875,0.51298255,0.05204522
1815,907311,3.980504,4.34375,0.37298673,0.038819876
1815,907313,5.168701,5.65625,0.48069236,0.049504336
1815,907319,5.34784,5.5625,0.23769364,0.025269158
1815,907320,5.052678,5.96875,0.30343157,0.03116809
1815,907792,5.688813,6.65625,0.4582812,0.049103413
1815,908122,6.279621,5.59375,0.228625,0.023130037
1815,908134,5.639827,6.4375,0.18447703,0.019111836
1815,908147,4.25454,4.125,0.06872982,0.007816688
1815,908150,6.429874,6.0625,0.17960213,0.019166304
1815,908447,5.361967,5.96875,0.28735286,0.030148337
1815,908451,4.838008,5.125,0.14070868,0.015245863
1815,908460,6.199691,7.75,0.22625174,0.024832465
1815,908470,7.739719,7.4375,0.21625267,0.02216064
1815,908471,4.993072,4.9375,0.15408877,0.017957358
1815,909262,5.439756,5.03125,0.22963311,0.024324715
1815,909263,5.930773,6.46875,0.2133275,0.021633832
1815,909264,5.566737,6.4375,0.17064403,0.018175196
1815,909696,5.419386,4.5,0.1071886,0.012491658
1815,909709,4.849154,5.21875,0.22431922,0.023803908
1815,909718,5.471775,4.90625,1.0030992,0.10607445
1815,909719,5.634075,5.46875,0.15063244,0.017068315
1815,909720,6.402696,5.96875,0.10792821,0.015802113
1815,909737,6.643464,6.0625,0.2266655,0.023681648
1815,909738,7.260987,6.5625,0.39663085,0.040381726
1815,909744,5.774996,5.375,0.10855952,0.0114066955
1815,909748,5.58382,6.21875,0.22917895,0.023040717
1815,909751,4.385295,5.4375,1.0992827,0.11192001
1815,909759,4.888962,5.84375,0.3787679,0.041242797
1815,909777,3.673165,4.59375,0.2974137,0.031159008
1815,910546,6.510116,6.09375,0.22031203,0.023049098
1815,910548,6.12175,6.4375,0.14217024,0.014568992
1815,910554,4.926686,5.65625,0.20392838,0.020913705
1815,910691,4.980301,5.5625,0.116317175,0.013984422
1815,910698,5.082627,5.625,0.14597003,0.016112443
1815,910703,6.155479,5.46875,0.24675713,0.024938641
1815,910779,6.716863,5.8125,0.21748085,0.02241795
1815,910781,4.601514,5.03125,0.21350862,0.02330821
1815,910921,6.52666,5.40625,0.30519837,0.034107774
1815,910926,5.039146,4.9375,0.13307798,0.014972546
1815,910951,4.365707,4.59375,0.22070567,0.023463171
1815,910952,5.422602,5.71875,0.42841715,0.043526806
1815,917486,5.322006,6.09375,0.12895033,0.013214273
1815,924100,6.874046,6.78125,0.38889018,0.039051343
1815,924102,7.050618,6.1875,0.45350823,0.048039496
1815,924187,6.501348,6.78125,0.39721486,0.041341506
1815,924240,5.200605,4.46875,0.107423276,0.013701318
1815,930082,6.168632,5.59375,0.17406507,0.021390712
1815,1240128,5.046584,5.90625,0.2024133,0.02240911
1815,1240151,5.63887,6.78125,0.1687892,0.01768346
1815,1240159,6.817366,6.78125,0.392583,0.0401714
1815,1240184,6.684079,6.3125,0.3036474,0.033420663
1815,1240185,6.169244,5.90625,0.43543094,0.04371926
1815,1240190,5.827006,6.96875,0.12690346,0.016524343
1815,1290798,5.694088,6.375,0.15989628,0.017205816
1815,1298134,5.567635,5.15625,0.09469848,0.012038434
1815,1298151,5.843606,5.625,0.1735645,0.017813817
1815,1298157,6.297509,5.71875,0.20164578,0.024306765
1815,1298219,5.256976,5.5,0.21931665,0.02400578
1815,1298358,6.99973,5.96875,0.37494302,0.03831359
1815,1298526,7.483062,7.09375,0.16716622,0.018681843
1815,1299052,4.839667,6.8125,0.2832611,0.028637506
1815,1299070,4.78609,5.125,0.15378138,0.01895286
1815,1299081,5.292847,5.375,0.4198012,0.043802444
1815,1330931,4.167531,4.34375,0.13823718,0.016451985
1815,1331048,5.778779,4.46875,0.37098366,0.038205933
1815,1503363,6.229215,6.15625,0.34123614,0.03706319
1815,1503366,5.246805,6.28125,0.22117414,0.022247592
1815,1659818,3.882072,4.375,0.13979873,0.01547707
1815,1660035,6.752235,6.65625,0.11205365,0.012368689
1815,1674021,6.382699,6.40625,0.1505928,0.01635656
1816,687448,5.752995,5.6875,0.84668756,0.08513692
1816,687506,5.006489,3.0,1.0717899,0.11533113
1816,687562,5.20077,2.828125,1.3919693,0.14059031
1816,687563,5.586195,4.28125,0.743593,0.074722156
1816,687568,5.71038,4.90625,0.8221984,0.08249561
1816,687588,6.515521,5.09375,1.7105268,0.17149952
1816,687798,4.387023,4.1875,1.1317059,0.11337377
1816,687800,6.476399,5.34375,2.5495894,0.25562498
1816,687985,3.68542,3.1875,0.44382927,0.04566726
1816,688006,5.278081,3.296875,0.72528523,0.075486556
1816,688011,5.270803,3.390625,0.33980352,0.03405869
1816,688086,4.764163,3.296875,0.90833676,0.091771774
1816,722046,2.9005,2.796875,1.1680566,0.1208816
1816,724859,4.220742,4.125,0.785931,0.08020649
1816,724868,4.448972,3.328125,0.44268095,0.045121845
1816,749711,5.332598,3.5,1.7665943,0.17721605
1816,749715,3.61925,2.359375,0.90582436,0.091860875
1816,753554,5.738279,4.53125,1.0505624,0.10521262
1816,753586,5.808623,4.15625,0.6224358,0.062645935
1816,753600,4.213598,4.3125,1.1975563,0.12463978
1816,753608,5.637109,4.21875,0.55365926,0.056338236
1816,753618,2.656599,2.828125,0.7531458,0.07696028
1816,905937,3.349353,3.203125,0.7629241,0.07736917
1816,905959,6.193826,5.0,1.4527034,0.14713727
1816,905964,3.0865,2.859375,1.2978343,0.13108258
1816,905973,5.190985,4.875,1.1690377,0.11737672
1816,905977,6.041181,4.375,0.5020052,0.051231064
1816,905990,5.835062,4.40625,1.9199862,0.19675192
1816,906790,2.751223,3.15625,0.73968095,0.075486556
1816,906792,4.835229,3.171875,2.1134827,0.214728
1816,906800,3.293481,2.3125,0.20557187,0.021006383
1816,906805,6.51196,4.125,1.494063,0.15046696
1816,906820,5.069204,3.34375,0.6628031,0.066797085
1816,906844,3.606357,3.03125,1.3228005,0.13256653
1816,906864,3.761584,4.0625,1.3884343,0.13940515
1816,906868,4.708944,4.03125,0.6786624,0.068685606
1816,907045,4.280256,3.1875,1.1039078,0.11083739
1816,907046,3.106571,3.875,0.33563453,0.033754926
1816,907056,2.11122,3.640625,1.1084616,0.11129461
1816,907061,4.06772,3.671875,0.8189053,0.08308295
1816,907069,5.766836,4.09375,0.3794538,0.038611762
1816,907173,4.300034,3.484375,0.9648499,0.09736442
1816,907270,2.594657,2.15625,1.0419565,0.105087854
1816,907271,4.401214,4.28125,0.52242327,0.052873064
1816,907277,3.634443,2.234375,0.21475045,0.022096483
1816,907278,4.494982,3.359375,0.9931773,0.101174295
1816,907281,2.759378,2.28125,0.6043774,0.060988605
1816,907286,5.696048,3.890625,2.3972836,0.24290691
1816,907295,3.582685,3.296875,0.8412184,0.08715029
1816,907311,2.680827,2.359375,0.68351954,0.06947965
1816,907313,5.755538,4.125,1.519165,0.15286832
1816,907791,2.864788,2.5625,0.56685615,0.05727104
1816,907792,4.631448,4.71875,2.1016963,0.2114459
1816,908126,4.329403,3.3125,0.5021756,0.051314864
1816,908159,4.625444,2.265625,0.71302676,0.07180887
1816,908443,4.045065,4.15625,0.77562726,0.078005195
1816,908460,5.551043,6.34375,1.2281195,0.124249086
1816,908467,3.340038,3.09375,0.86377674,0.087758966
1816,908471,4.838682,3.140625,1.0517057,0.10690572
1816,909248,4.443375,4.15625,0.41609186,0.041895494
1816,909249,3.926582,3.09375,0.38919115,0.039232183
1816,909250,6.380818,4.96875,0.97056794,0.09719251
1816,909251,3.721081,2.3125,0.36788228,0.03701163
1816,909255,4.574138,3.078125,0.9155841,0.09163607
1816,909263,4.266777,4.9375,1.4257275,0.14277211
1816,909731,2.820859,2.671875,0.6466281,0.065094054
1816,909748,5.687006,3.9375,0.87380207,0.0875024
1816,909755,4.635434,4.40625,1.5130903,0.15202466
1816,909761,5.25805,3.46875,1.2427124,0.12586829
1816,909776,4.502818,3.578125,0.6263797,0.06388431
1816,909781,7.215512,5.875,0.73083925,0.07625643
1816,909907,6.912354,4.21875,1.1416049,0.11494603
1816,910079,5.475905,3.859375,1.0556812,0.10680348
1816,910692,3.71515,3.5,0.8354094,0.08368185
1816,910779,6.058668,4.90625,2.1066856,0.2109453
1816,910852,5.580367,4.40625,0.9522952,0.09592703
1816,910921,5.444065,3.703125,0.92648876,0.09354777
1816,910924,3.978601,3.09375,1.0459772,0.10616911
1816,910927,4.268719,3.3125,0.8165868,0.08274139
1816,924102,6.142362,4.34375,2.345219,0.23599124
1816,924110,4.563271,3.21875,1.2383957,0.12456846
1816,924151,3.233041,3.75,0.810449,0.08176088
1816,924187,5.775998,5.0,1.112674,0.11170369
1816,924240,2.591539,2.125,0.83681893,0.0875482
1816,924244,4.303921,3.875,1.0234579,0.10343632
1816,925348,5.857504,5.53125,2.0455737,0.20509173
1816,946353,4.216214,3.328125,0.9370733,0.09980713
1816,946359,4.873543,3.84375,0.742986,0.07582384
1816,1240128,5.394788,4.03125,0.5958952,0.061802756
1816,1240147,4.271803,2.9375,0.64947957,0.066367134
1816,1240154,4.090875,3.796875,0.62179106,0.06262053
1816,1240172,3.726513,3.71875,1.0479915,0.10716173
1816,1240210,2.488232,2.203125,0.6104228,0.061713338
1816,1240215,6.129166,4.78125,1.3783878,0.14075814
1816,1240219,5.790771,4.6875,1.4285136,0.1433305
1816,1247871,4.078738,2.953125,0.5004978,0.050520442
1816,1290455,3.510809,2.0625,0.41671252,0.041976474
1816,1290730,4.873178,4.0625,1.3249614,0.14011033
1816,1290765,5.541825,4.46875,1.5308852,0.15325524
1816,1290922,4.657505,4.125,1.2348764,0.12586921
1816,1298134,3.457105,3.296875,0.80942726,0.08480089
1816,1298226,6.087833,3.984375,1.1947622,0.12087432
1816,1303896,3.485456,3.21875,0.5248231,0.052688103
1816,1303897,4.883688,4.4375,1.1233925,0.11357423
1816,1330931,2.652396,2.828125,0.71850586,0.07250548
1816,1330933,3.002971,2.71875,0.2799424,0.028321827
1816,1331040,2.100958,2.25,1.0243461,0.1046729
1816,1480362,5.072374,4.15625,1.5941592,0.16612355
1816,1503367,3.70896,3.90625,1.3444761,0.13567306
1816,1660034,4.997743,3.21875,1.5509766,0.15580866
1817,687452,-5.55732,-5.46875,0.03435445,0.036815852
1817,687455,-3.172312,-4.78125,0.3033576,0.043991975
1817,687562,-6.056933,-5.9375,0.01096759,0.012403713
1817,687802,-2.981679,-4.03125,2.2041013,0.2980656
1817,687815,-5.297015,-5.34375,0.068141684,0.029557807
1817,687995,-4.034887,-4.6875,0.30022496,0.06439856
1817,688006,-5.059747,-4.71875,0.14529085,0.059436075
1817,688031,-5.280103,-5.4375,0.120651856,0.056956187
1817,724825,-5.328212,-6.0,0.024182195,0.027592422
1817,724831,-4.551024,-4.96875,0.028300691,0.025680311
1817,753541,-5.534319,-5.4375,0.05999944,0.026906423
1817,753554,-6.035272,-5.53125,0.48340446,0.10051167
1817,753572,-4.859346,-5.53125,0.058486283,0.04684694
1817,753573,-5.110738,-5.34375,0.24179783,0.11592065
1817,753586,-6.009923,-5.03125,0.03775822,0.042041413
1817,753621,-5.632217,-5.71875,0.06986555,0.09774336
1817,905935,-4.703789,-4.8125,0.16638416,0.085951306
1817,905939,-6.248094,-6.03125,0.026735926,0.028071173
1817,905941,-2.072302,-3.265625,2.3307045,0.3552778
1817,905947,-4.717093,-5.375,0.123375095,0.06324285
1817,905948,-5.081722,-4.625,3.4725285,0.39958408
1817,905949,-6.719134,-6.09375,0.010981042,0.013379097
1817,905976,-5.887029,-5.1875,0.048915137,0.028081054
1817,905984,-5.430613,-6.03125,0.02753386,0.03390992
1817,905986,-5.936769,-4.46875,0.14693464,0.054892004
1817,905990,-2.835393,-4.53125,0.6543435,0.16154887
1817,906790,-6.401569,-6.1875,0.050278965,0.083002746
1817,906795,-5.985901,-6.125,0.1845807,0.075126596
1817,906826,-4.252651,-4.96875,0.41475818,0.11187151
1817,906833,-5.543395,-6.15625,0.02116621,0.02818767
1817,906835,-2.94192,-3.484375,0.4956163,0.14938535
1817,906843,-5.913901,-5.28125,0.023210289,0.024760706
1817,907047,-5.700559,-5.96875,0.0860966,0.07821805
1817,907056,-5.165087,-4.84375,0.385905,0.06214444
1817,907067,-5.406904,-5.59375,0.24078949,0.09459256
1817,907072,-6.113758,-5.28125,0.193467,0.073739976
1817,907073,-6.119632,-6.4375,0.05205755,0.036729608
1817,907269,-6.93371,-6.5625,0.11854765,0.01719141
1817,907271,-5.021894,-5.84375,0.04899996,0.02214341
1817,907276,-5.686056,-4.25,0.37348637,0.14093255
1817,907277,-5.245166,-5.96875,0.06780436,0.046297535
1817,907281,-6.300689,-5.9375,0.029371148,0.028977394
1817,907295,-3.98301,-4.1875,0.09981322,0.0422049
1817,907313,-6.160763,-5.625,0.23907545,0.06566689
1817,907321,-6.250045,-5.4375,0.093156055,0.063567765
1817,907322,-5.152071,-5.375,0.1215331,0.048718918
1817,907323,-6.317807,-5.53125,0.14193757,0.04946105
1817,907783,-6.187363,-5.59375,0.062365558,0.016374253
1817,907794,-5.126513,-5.15625,0.33658332,0.08605049
1817,908125,-6.1488,-4.78125,0.8483139,0.11565114
1817,908126,-5.890936,-5.46875,0.022612294,0.01781375
1817,908158,-6.253882,-5.875,0.043981872,0.01134408
1817,908447,-4.80561,-4.28125,0.2560698,0.05625333
1817,908463,-1.657073,-4.40625,0.3343448,0.10468672
1817,908467,-5.206417,-5.53125,0.060712244,0.03414416
1817,908473,-5.622624,-4.8125,0.6101695,0.081233464
1817,909248,-5.749809,-5.84375,0.10995184,0.054225907
1817,909262,-5.342705,-5.75,0.14311905,0.046124257
1817,909698,-5.90223,-5.8125,0.035250418,0.0383782
1817,909720,-5.290941,-5.65625,0.065064594,0.052116103
1817,909725,-5.713896,-4.46875,0.86200374,0.11704054
1817,909736,-5.469396,-5.4375,0.1529626,0.06686138
1817,909745,-5.242256,-5.59375,0.08147047,0.038164373
1817,909751,-5.774759,-5.5625,0.49059898,0.07183017
1817,909759,-5.873009,-6.90625,0.014284668,0.014759815
1817,909975,-4.551396,-4.5625,0.23052816,0.057409782
1817,910079,-6.068798,-5.28125,0.11209481,0.099788815
1817,910549,-6.260791,-5.0625,0.17738873,0.061208643
1817,910554,-3.016353,-4.1875,0.8772815,0.105472594
1817,910700,-5.59021,-4.625,0.29886305,0.06310996
1817,910703,-5.22347,-5.8125,0.43274823,0.058060355
1817,910904,-6.001767,-5.40625,0.036993656,0.026183318
1817,910915,-3.181902,-3.5625,0.57273096,0.07776386
1817,910927,-4.964708,-5.15625,0.2225213,0.089655004
1817,910930,-5.782446,-5.8125,0.12408953,0.032580055
1817,917486,-3.09345,-3.59375,2.452929,0.29050806
1817,925338,-5.221379,-4.78125,0.56308943,0.104191184
1817,925340,-3.652846,-5.1875,0.058442384,0.036463335
1817,925348,-4.30446,-4.40625,0.20552361,0.06136545
1817,930297,-4.180743,-4.78125,0.06105374,0.033292245
1817,1240121,-6.354807,-5.5625,0.07847408,0.047058474
1817,1240122,-5.830215,-4.90625,0.66918445,0.15698166
1817,1240155,-5.508961,-5.1875,0.16387312,0.06964615
1817,1240157,-4.952803,-5.71875,0.178022,0.05416888
1817,1240172,-4.63508,-5.09375,0.1353937,0.06056118
1817,1240174,-4.933735,-5.6875,0.21552938,0.0829793
1817,1290908,-6.187328,-5.53125,0.31823412,0.14089425
1817,1295741,-6.864295,-6.75,0.074296474,0.04381712
1817,1298134,-5.091975,-5.0,0.27371132,0.07518033
1817,1298136,-3.095954,-5.09375,0.68898326,0.25998315
1817,1298146,-4.052866,-4.21875,0.5898026,0.064734325
1817,1298347,-5.680968,-3.875,0.548712,0.12872045
1817,1298359,-5.290046,-5.9375,0.054427274,0.053075127
1817,1298526,-5.633333,-4.5,0.23737392,0.10455775
1817,1298537,-4.928655,-4.90625,0.83424264,0.12716666
1817,1298538,-3.936426,-5.375,0.16969503,0.043004368
1817,1299081,-5.514689,-5.71875,0.094428144,0.05351696
1817,1303897,-4.528695,-5.9375,0.068278804,0.073669225
1817,1330931,-5.461653,-6.28125,0.065244384,0.020234238
1817,1330942,-4.46984,-4.78125,0.06454184,0.03565013
1817,1331036,-6.659908,-6.5625,0.016669024,0.009230974
1817,1331038,-5.27174,-5.28125,0.26023224,0.09918755
1817,1480362,-3.989492,-4.84375,0.42107227,0.15115377
1817,1503366,-4.693432,-4.03125,1.0072745,0.114993945
1817,1659823,-4.33151,-5.03125,1.1739869,0.1587609
1817,1674021,-5.440136,-6.0625,0.021963539,0.02573239
1819,683667,-4.228011,-4.96875,0.2673768,0.14209244
1819,684052,-5.961688,-6.28125,0.060785685,0.13704155
1819,684072,-6.02121,-5.9375,0.044442277,0.10142526
1819,687561,-3.349719,-5.46875,0.68674505,0.15975913
1819,687590,1.447926,-1.765625,3.1281765,0.32275814
1819,687777,1.601416,-1.015625,7.5520554,0.77120036
1819,687821,5.225367,1.140625,6.707506,0.73825526
1819,687995,-3.885495,-4.75,1.6043186,0.30965775
1819,687997,-0.59737,-1.1875,7.291488,0.74720025
1819,688025,-5.035141,-5.15625,1.3140525,1.0945694
1819,688121,0.887536,-4.0,0.6915319,0.169264
1819,724834,0.334945,-3.125,1.5705124,0.24194357
1819,724869,0.019277,-1.609375,5.278427,0.5572458
1819,749709,-4.8531,-4.59375,3.3802195,1.0285398
1819,749710,-0.52555,-2.296875,5.9728575,0.6208977
1819,749711,-4.679323,-3.671875,35.926292,4.224803
1819,753555,-6.096781,-6.375,0.4167696,0.48188847
1819,753576,3.883846,-1.21875,4.275119,0.43434837
1819,753618,-5.362068,-5.15625,0.582027,0.2479935
1819,753623,-5.073749,-4.875,1.0208689,0.36465067
1819,905933,-3.278327,-4.21875,1.4208188,0.5361363
1819,905956,-0.152738,-2.75,3.7758796,0.45758793
1819,905965,-6.247762,-5.90625,0.1561072,0.025888091
1819,905969,-1.695242,-3.09375,3.7881901,0.57148933
1819,905983,-2.569392,-3.359375,3.9389374,0.5556655
1819,905984,-4.494775,-6.125,0.05301236,0.07236997
1819,906693,-1.160607,-2.375,9.812268,1.0325823
1819,906798,-4.261647,-4.40625,0.90161306,0.20293346
1819,906800,-6.389715,-6.5625,0.025283298,0.029947592
1819,906801,1.24169,-4.28125,2.0779145,0.5504659
1819,906805,2.024018,-1.8125,9.501466,0.96905214
1819,906826,-2.398494,-2.578125,2.5126233,0.3319915
1819,906828,-4.459452,-4.96875,0.82348436,0.1417036
1819,906832,-5.035473,-5.46875,1.040321,0.5585843
1819,906837,-5.780001,-6.09375,0.06865782,0.06237507
1819,906851,-3.253449,-4.3125,2.8568778,0.7705773
1819,906852,1.449135,-3.265625,5.6696534,0.6731053
1819,906863,-0.841302,-4.6875,0.47729447,0.14117648
1819,906865,-2.275624,-3.140625,1.7695439,0.49959892
1819,906871,-4.512925,-6.1875,0.0555216,0.039968535
1819,906875,0.577237,-3.234375,1.6278533,0.36639434
1819,907000,-5.229158,-5.84375,0.22042371,0.078734554
1819,907045,3.237568,-0.45898438,13.8146305,1.3877959
1819,907051,1.426923,-1.75,3.2356179,0.38320437
1819,907062,4.330819,-3.421875,3.342565,0.37738937
1819,907069,0.216459,-2.640625,7.658152,0.9005711
1819,907072,-4.169897,-4.40625,0.5759113,0.21089286
1819,907073,-5.858353,-6.21875,0.1178289,0.12119053
1819,907269,-6.280064,-5.84375,0.16927166,0.026503872
1819,907275,-3.353543,-5.03125,0.1418038,0.081510924
1819,907299,-4.956433,-4.78125,1.1926239,0.3628939
1819,907313,-2.777878,-3.75,3.0564618,0.35030043
1819,907319,-2.617716,-4.625,4.106662,0.78698903
1819,907790,-4.164737,-4.84375,0.7170275,0.16542168
1819,908127,-2.890373,-4.53125,0.5228459,0.20333472
1819,908159,-5.863836,-5.8125,0.034303293,0.017403811
1819,908444,3.434573,-3.46875,7.3446565,0.83223057
1819,908455,-5.130318,-4.0,1.5909334,0.20359637
1819,908463,-0.738183,-1.4375,8.660293,0.9454227
1819,909251,-5.565484,-5.96875,0.03884061,0.019403607
1819,909725,-0.729527,-1.734375,3.617989,0.37021387
1819,909743,-4.135812,-4.75,0.07405007,0.018602412
1819,909774,-0.72644,-3.421875,1.357717,0.14578207
1819,909974,0.225309,-1.171875,4.1540465,0.4207432
1819,909975,0.831613,-1.671875,1.9962662,0.21850565
1819,910691,-0.002513,-3.25,1.3824196,0.22134915
1819,910692,1.19988,-1.6875,2.5089626,0.25273395
1819,910706,-6.440643,-6.34375,0.014055787,0.02018696
1819,910900,-5.506316,-5.0,0.50422865,0.21649587
1819,910903,-4.742968,-6.375,0.018953368,0.014449772
1819,910905,1.21463,-1.921875,3.3553193,0.34142438
1819,910922,-2.143921,-4.40625,2.582423,0.30888462
1819,910927,-4.202111,-5.125,0.24477993,0.13625357
1819,910935,-5.259876,-5.65625,0.15234353,0.031675965
1819,911905,1.881558,-0.54296875,6.271527,0.6631935
1819,946353,-4.528489,-4.75,0.6026803,0.47041157
1819,946382,-2.415844,-2.734375,2.833707,0.659212
1819,1240122,1.35932,-3.0625,2.537524,0.32473433
1819,1240153,-3.549614,-4.21875,0.73009545,0.26470336
1819,1240154,-5.058745,-5.53125,0.31113726,0.19586632
1819,1240168,-2.210416,-2.921875,3.4073284,0.40652585
1819,1240189,-4.638849,-6.125,0.2212393,0.24468802
1819,1240217,-5.606847,-4.90625,0.29321155,0.1974423
1819,1240218,2.24739,-0.91796875,6.295893,0.63904774
1819,1240221,-6.074624,-5.40625,0.3291233,0.25107452
1819,1290730,-4.659577,-4.90625,2.860677,1.306092
1819,1290922,0.051517,-2.90625,8.659558,1.0494268
1819,1297446,1.606137,-4.0625,2.6032789,0.3593602
1819,1297449,-5.5168,-6.46875,0.104829825,0.09591996
1819,1298134,-4.760919,-4.3125,2.4350178,0.33333516
1819,1298136,0.956282,-2.46875,7.6324034,0.9083532
1819,1298226,-4.502273,-4.46875,2.5308242,0.70798445
1819,1298359,-3.412551,-4.28125,1.4310743,0.32210368
1819,1298539,-2.119085,-1.25,7.8440833,0.8281032
1819,1299050,2.024382,-2.265625,8.109402,0.9188846
1819,1299070,-4.588392,-5.28125,0.3057354,0.09302977
1819,1299075,-4.120521,-2.96875,1.9062543,0.21303554
1819,1299081,-2.562142,-4.9375,0.23157273,0.10820052
1819,1330972,-1.731711,-4.875,0.8847064,0.77165633
1819,1331040,-5.048581,-6.15625,0.27756438,0.15852663
1819,1480371,-1.089382,-4.78125,0.9684174,0.8724804
1819,1503364,-5.236262,-5.5,1.8358858,0.67228264
1819,1503366,-2.958097,-3.0625,2.2922137,0.25701907
1819,1659818,-4.746644,-5.0,0.068824716,0.12574516
1819,1674021,-3.551922,-4.65625,0.28276083,0.15984267
1825,687448,1.541962,2.109375,0.39685178,0.04218922
1825,687505,-1.216786,-1.796875,0.052281905,0.019927254
1825,687561,-0.759256,-1.046875,0.15260486,0.024861373
1825,687562,-1.474735,-1.796875,0.08699441,0.017161272
1825,687568,-0.150625,1.140625,0.7391418,0.084712885
1825,687588,-0.220687,0.71484375,0.20579292,0.029702956
1825,687780,-0.405398,0.29101562,0.82822984,0.08995776
1825,687798,0.398442,0.37304688,1.3162789,0.13967857
1825,687997,-0.569163,0.76171875,1.4011179,0.1436905
1825,688010,-0.273858,-0.65234375,0.09122516,0.018400751
1825,722046,-2.12922,-1.65625,0.058851186,0.012524844
1825,724831,-0.569092,-1.0625,0.3457255,0.05383735
1825,724839,4.516923,2.875,1.9981637,0.20099247
1825,749714,4.106186,1.796875,0.9609354,0.09847252
1825,749717,0.357539,0.546875,0.9922363,0.103808
1825,753541,-1.912274,-2.15625,0.16114542,0.034840167
1825,753556,0.395108,-0.34765625,0.2439159,0.034879748
1825,753574,-0.241529,0.95703125,0.46256384,0.050241135
1825,753618,-2.48826,-1.8125,0.16556913,0.028490817
1825,753620,-1.839435,-0.484375,0.23070936,0.033144087
1825,753624,0.051385,0.296875,0.56227416,0.05935952
1825,905934,-0.19947,1.25,1.5956266,0.16648912
1825,905939,-1.082697,-1.125,0.0515875,0.011065571
1825,905955,3.158798,0.87890625,0.744816,0.08570603
1825,905959,0.824598,0.84765625,0.42022794,0.06182694
1825,905986,-0.445812,0.0048828125,0.27536055,0.034778092
1825,905990,0.964388,1.15625,1.2801989,0.13357712
1825,906693,-0.820286,-0.26757812,1.0681533,0.10875067
1825,906791,0.461785,-0.18359375,0.59256107,0.068186045
1825,906795,-1.381867,0.16210938,0.28090876,0.040355813
1825,906798,-0.681143,-1.1875,0.21756807,0.05661646
1825,906805,3.152068,1.484375,0.5209379,0.05396921
1825,906814,-0.547254,-0.083984375,0.14401351,0.030175779
1825,906832,-2.422004,-1.953125,0.094655626,0.022204936
1825,906837,-0.979249,-1.671875,0.09142997,0.018581195
1825,906870,-1.288256,-1.796875,0.08885461,0.013615884
1825,907046,-0.340876,0.028320312,0.09591373,0.00994761
1825,907273,-2.03767,-1.953125,0.12617663,0.017567009
1825,907278,-1.754995,-1.15625,0.05290159,0.010751122
1825,907287,-0.60301,-0.93359375,0.5634434,0.06167293
1825,907291,-2.019219,-2.125,0.022153726,0.0059217787
1825,907299,-1.001683,-1.28125,0.10389797,0.02377221
1825,907311,-2.120262,-2.484375,0.0344266,0.008499478
1825,907313,-1.246485,-0.71875,0.4252314,0.04893141
1825,907318,-1.567856,-1.9375,0.049006935,0.01396469
1825,907790,-1.060461,-1.3125,0.102057785,0.019282743
1825,907795,-1.02252,-0.8828125,0.13773297,0.01643282
1825,908126,-2.62236,-2.171875,0.040207196,0.010370492
1825,908138,-0.48985,-0.51171875,0.15535429,0.017668547
1825,908147,-1.682514,-2.640625,0.008763274,0.0036307448
1825,908445,-1.157606,-1.5,0.109072074,0.028894573
1825,908455,-0.691218,-0.69140625,0.27300665,0.03470565
1825,908467,-1.863471,-1.453125,0.025011543,0.012953881
1825,909250,2.178542,1.953125,0.5875079,0.0594826
1825,909255,-1.835843,-0.5859375,0.075994134,0.008049954
1825,909260,-0.961283,-1.453125,0.073700815,0.009463715
1825,909722,-2.023306,-2.046875,0.018591259,0.0048378943
1825,909731,-2.511875,-2.09375,0.033168916,0.0074050864
1825,909746,2.032381,1.78125,0.31525698,0.033577833
1825,909751,-0.095067,-1.59375,0.16451907,0.021053981
1825,909759,-1.307621,-1.265625,0.026297849,0.009347043
1825,909785,-2.821696,-2.203125,0.047875356,0.006256373
1825,910548,-0.04476,1.734375,0.87940454,0.0931541
1825,910700,0.77067,0.8125,0.3527805,0.036237147
1825,910851,0.203995,-1.53125,0.06749854,0.016664509
1825,910919,-2.525207,-2.765625,0.02061619,0.007255438
1825,910920,1.525814,2.765625,0.7554401,0.07843872
1825,924151,-1.511809,-0.83203125,0.23025498,0.03371237
1825,924239,-1.551058,-1.9375,0.037088703,0.0065481253
1825,924240,-1.205149,-0.9921875,0.20924327,0.026687965
1825,925338,-0.756043,-0.20800781,1.2100284,0.12753639
1825,1240145,-1.506864,-0.90234375,0.09150369,0.018319638
1825,1240151,0.406268,0.31640625,0.4311939,0.049617514
1825,1240174,-0.922761,-0.73046875,0.069221996,0.025860028
1825,1240185,-0.442424,-0.45507812,0.21189211,0.025095047
1825,1240189,-1.750918,-1.984375,0.13321055,0.02516873
1825,1240192,-1.24633,-1.296875,0.29995552,0.069779366
1825,1240198,0.871737,1.09375,0.8985054,0.09214548
1825,1240209,1.340412,-0.44726562,0.20703529,0.024127696
1825,1240215,-0.268871,0.111328125,0.66339123,0.08405756
1825,1240217,-2.224106,-1.5625,0.109084204,0.02602485
1825,1240221,-1.491174,-1.75,0.20018002,0.03581015
1825,1240223,1.530842,1.875,0.9621184,0.09806737
1825,1247871,-1.63845,-1.875,0.025211394,0.01110504
1825,1290455,-2.25612,-2.203125,0.032784756,0.0065152235
1825,1290722,-0.909883,-0.8671875,0.5264668,0.068309285
1825,1290797,0.507604,-0.625,0.64501804,0.073087655
1825,1290908,-0.586266,0.19921875,0.3732852,0.04008073
1825,1297446,-1.861695,-1.328125,0.12291728,0.014702183
1825,1298357,3.459511,1.21875,0.8908356,0.093464226
1825,1298537,-0.08822,0.69921875,1.279639,0.13555038
1825,1298538,0.291972,-0.72265625,0.42359602,0.04854825
1825,1299052,2.739771,-0.765625,1.2615162,0.14701591
1825,1330935,-0.93628,-1.75,0.19785444,0.021199493
1825,1330947,-2.508817,-2.75,0.019673165,0.005258715
1825,1330950,-0.954402,-1.8125,0.033063706,0.006076125
1825,1330995,-1.640825,-0.62890625,0.11637479,0.016272819
1825,1331048,-1.856689,-1.96875,0.0803056,0.010494372
1825,1480362,-0.278294,0.51953125,0.38866043,0.05955747
1825,1480371,-0.842823,-1.71875,0.04884076,0.03445998
1825,1480372,-0.173906,1.609375,0.41824812,0.044304438
1825,1659818,-1.233936,-1.953125,0.013586495,0.0070005003
1825,1660034,-0.035444,-0.047851562,0.27396503,0.028702367
1825,1660036,-0.474882,0.049804688,0.37493676,0.049726825
1827,683667,2.514223,0.578125,0.19491708,0.029711924
1827,687563,1.715132,0.94921875,0.34236363,0.04941478
1827,687798,-0.542756,0.73828125,0.8776936,0.09083208
1827,687980,1.025258,-0.123046875,0.38377413,0.039388716
1827,687983,-1.228716,-0.40820312,0.23186566,0.040410273
1827,687995,-2.797533,-1.40625,0.5588876,0.14163412
1827,688006,-0.345003,0.51953125,0.93371266,0.1415895
1827,688013,-0.828247,0.41015625,0.2542161,0.034945183
1827,688031,1.405881,0.37695312,0.41291744,0.04381724
1827,688121,1.31765,1.15625,0.24167427,0.049866404
1827,713899,1.085348,0.953125,0.34585887,0.03645335
1827,722046,0.6198,0.44335938,1.5798153,0.16734762
1827,724825,-0.381765,0.103515625,0.17510337,0.02377506
1827,724870,1.210145,1.296875,0.42543295,0.044448555
1827,749714,2.696371,0.703125,0.9377797,0.098110735
1827,753555,0.945857,0.546875,0.24469924,0.034068387
1827,753562,1.837504,0.012207031,0.0790986,0.05863897
1827,753600,1.310137,0.98828125,3.107825,0.34620067
1827,753623,1.567612,0.98828125,0.6772534,0.10662798
1827,905945,-0.342814,-0.0234375,0.68540514,0.07343905
1827,905959,2.069737,2.828125,0.91164017,0.11171081
1827,905965,0.536803,0.9140625,0.36125264,0.036522403
1827,905968,3.751805,2.296875,0.54487205,0.058762595
1827,905969,3.126316,3.359375,0.66746277,0.075910985
1827,906791,-2.769565,-0.5078125,18.120491,1.8628746
1827,906795,2.261916,1.796875,0.6179152,0.073539786
1827,906797,0.373687,1.234375,0.3448193,0.05098216
1827,906798,0.007478,0.65234375,0.34641767,0.084066935
1827,906804,0.100794,0.4765625,0.2786646,0.029418737
1827,906805,0.992913,0.4140625,1.8918099,0.23116536
1827,906814,-0.270023,-0.63671875,0.24078356,0.08473873
1827,906817,2.984618,2.140625,0.5740707,0.07557015
1827,906820,1.836085,1.515625,0.2596911,0.028071221
1827,906824,1.756187,0.25390625,0.3427672,0.088408664
1827,906826,3.306892,2.015625,0.8850604,0.1277445
1827,906828,0.408688,-0.20410156,0.4551326,0.10161008
1827,906832,1.155256,-1.15625,3.0048513,0.39126745
1827,906833,0.067066,0.6015625,0.32469618,0.04373509
1827,906846,1.872859,1.828125,0.3985978,0.041250687
1827,906848,0.408189,-0.80859375,3.1317484,0.36185712
1827,906864,2.830999,0.03515625,1.1438932,0.17346157
1827,907061,1.468487,2.234375,0.27412778,0.030258736
1827,907067,0.500299,0.90625,0.89721274,0.14284724
1827,907069,1.88798,0.96484375,0.8178552,0.08620151
1827,907072,1.689452,1.390625,0.9877247,0.12069276
1827,907269,1.858035,0.8515625,0.121688336,0.012846687
1827,907287,0.057121,0.14453125,0.72713983,0.07676445
1827,907289,0.560068,0.75390625,1.7644067,0.17900985
1827,907290,-0.320569,0.73046875,1.87448,0.19238752
1827,907291,0.422925,1.484375,0.12109527,0.013578052
1827,907790,1.518111,1.828125,0.72011095,0.08101938
1827,907792,0.808386,1.234375,1.2261174,0.17220311
1827,907795,2.074067,1.5625,0.52533555,0.05545989
1827,908127,0.09092,-0.453125,0.31111512,0.059198573
1827,908130,-3.912605,-0.390625,4.138385,0.5313985
1827,908131,0.230201,1.796875,1.2301539,0.13297309
1827,908134,1.301035,0.94921875,0.22540005,0.023115715
1827,908152,1.271212,0.62109375,3.224994,0.40474078
1827,908444,-0.428275,-0.38671875,1.3751023,0.15760018
1827,908447,-0.168776,1.203125,0.6750012,0.07388373
1827,908455,1.680659,1.75,0.16065301,0.018271172
1827,908459,3.146169,2.296875,0.8866552,0.09606958
1827,908463,-0.417069,2.734375,0.55919534,0.06671719
1827,908470,3.723758,4.34375,0.84457356,0.090128966
1827,908471,0.050396,-0.0234375,0.7424311,0.11087015
1827,908473,-0.519441,1.0625,0.7939115,0.10092507
1827,909262,1.895776,0.76171875,2.9067001,0.29243514
1827,909264,0.632712,1.765625,0.21122453,0.029157722
1827,909722,0.51057,0.65234375,0.22817741,0.024011977
1827,909738,2.613764,1.234375,2.4366415,0.24732473
1827,909751,1.407122,0.83203125,0.8193781,0.08263941
1827,909774,1.990208,1.0,0.86676186,0.0877901
1827,909784,2.77143,2.453125,0.53465253,0.06127641
1827,909904,1.62222,1.8125,0.6273109,0.07057848
1827,910903,1.197503,0.98828125,0.2811365,0.035394434
1827,910905,0.418754,1.328125,1.137017,0.11511799
1827,910906,1.126303,0.29101562,0.47039366,0.050730355
1827,910915,2.80255,2.484375,1.1180953,0.11343761
1827,910930,0.352977,0.55078125,0.7261456,0.07478246
1827,917486,1.10813,0.97265625,0.5199706,0.055488847
1827,924100,1.840387,1.734375,0.28092682,0.029312162
1827,924105,0.722794,1.078125,0.38623694,0.061843183
1827,924151,-2.826461,-1.390625,0.5898719,0.37466344
1827,925341,-1.689814,-0.017211914,1.0083017,0.16237247
1827,925347,2.52782,1.59375,0.75782925,0.09111126
1827,1240121,1.099612,0.3359375,0.45077395,0.058696143
1827,1240143,-0.294745,-0.28515625,2.0138404,0.26222602
1827,1240146,1.928063,1.625,1.9843907,0.2385766
1827,1240155,0.321753,0.39453125,0.96287966,0.112714306
1827,1240159,0.755668,1.265625,0.85094494,0.08856502
1827,1240169,1.333408,1.015625,1.1787512,0.12802947
1827,1240198,0.829555,0.48046875,2.3311703,0.2704956
1827,1240201,-1.026476,-0.17089844,0.5131274,0.19169468
1827,1240209,2.272822,0.43945312,1.5189916,0.15432821
1827,1240212,-2.368267,-0.12109375,0.274955,0.04792002
1827,1240221,0.391743,-1.484375,0.21506862,0.038730334
1827,1290455,-0.9145,0.296875,0.21386622,0.022915104
1827,1290730,1.089205,0.98828125,0.13715827,0.09235941
1827,1297446,0.624418,0.017578125,0.3531831,0.03606633
1827,1298219,2.010059,0.609375,0.5536916,0.07776369
1827,1298347,1.087054,-0.23632812,1.9005506,0.23355709
1827,1298359,1.069831,0.021484375,0.24301293,0.05897318
1827,1299075,2.402067,0.71875,1.0623679,0.107479975
1827,1330995,1.667108,1.8125,0.21005508,0.022931196
1827,1331033,1.652009,0.41796875,0.44608486,0.04642782
1827,1331037,0.091161,-0.7109375,0.7989602,0.092706755
1827,1503367,-1.126324,-0.13085938,2.5134308,0.47156808
1827,1659928,-0.703984,-0.46875,0.52184814,0.06450421
1830,687590,2.915063,2.46875,0.29642126,0.034698956
1830,687798,3.417906,2.390625,0.15603782,0.016420454
1830,687985,2.077532,2.40625,0.14343707,0.015306938
1830,687997,3.532027,3.546875,0.29802123,0.030810129
1830,688011,3.17633,3.0625,0.0557412,0.005703766
1830,688058,3.376177,3.671875,0.1044359,0.011315687
1830,722046,2.692562,1.84375,0.64512473,0.0674931
1830,724828,1.925479,3.265625,0.19875588,0.020147478
1830,724834,4.075978,4.25,0.08147791,0.011107931
1830,724855,3.646621,3.890625,0.16197306,0.016456323
1830,724859,3.337803,2.828125,0.15759116,0.020375887
1830,724863,3.476432,3.5,0.25128615,0.02750507
1830,724869,4.05592,3.59375,0.18511215,0.020620836
1830,724870,2.994117,2.8125,0.16742092,0.01742491
1830,735784,3.238013,3.265625,0.049942385,0.009436088
1830,749709,-0.007557,1.828125,0.12870108,0.01458325
1830,749711,2.960754,2.484375,0.29005197,0.030188158
1830,749717,2.47081,3.375,0.45486355,0.046802618
1830,753539,1.400993,1.953125,0.16378312,0.01849179
1830,753573,3.128212,3.25,0.21474008,0.027389055
1830,753575,3.673954,3.578125,0.25042236,0.026672337
1830,753620,1.616056,2.453125,0.1134155,0.011973321
1830,753621,2.901861,3.015625,0.28820756,0.031082204
1830,905936,2.575517,2.203125,0.13897145,0.015746996
1830,905937,2.251621,3.0625,0.15443535,0.016277406
1830,905939,2.825306,4.09375,0.10420874,0.01080792
1830,905949,2.636343,2.484375,0.15252067,0.016565954
1830,905950,2.200538,2.984375,0.21076323,0.022582628
1830,905962,3.230233,3.046875,0.063971095,0.008271199
1830,905972,4.160854,3.796875,0.18813868,0.019165559
1830,905974,1.819739,3.25,0.090799086,0.009297791
1830,905983,3.106112,2.75,0.13272876,0.018169543
1830,906794,2.17325,2.6875,0.18734929,0.022135304
1830,906804,2.418752,1.234375,0.12613258,0.012841791
1830,906805,2.583793,2.703125,0.27342132,0.032958724
1830,906828,2.176363,2.515625,0.09704446,0.010681106
1830,906830,2.964455,3.609375,0.154157,0.016222525
1830,906839,3.558507,3.296875,0.5300764,0.054202635
1830,906842,1.0578,0.74609375,0.122891754,0.01392499
1830,906868,2.237428,2.40625,0.15658298,0.016615996
1830,906875,1.626423,2.578125,0.10172177,0.011444672
1830,906999,2.894918,3.28125,0.23130561,0.023759408
1830,907045,1.789371,2.59375,0.14924234,0.01578189
1830,907056,2.223732,3.5625,0.09386987,0.009598606
1830,907060,2.09953,1.921875,0.09418326,0.010672001
1830,907067,2.448358,2.921875,0.11129853,0.012755901
1830,907073,2.879574,1.421875,0.2737453,0.027737489
1830,907271,3.433499,3.421875,0.09218686,0.009765225
1830,907273,2.413332,2.09375,0.13093302,0.0153269665
1830,907274,3.028023,2.96875,0.05887118,0.0059538903
1830,907285,3.379472,3.984375,0.16621894,0.0170334
1830,907313,3.358366,2.65625,0.13694602,0.014368032
1830,907314,3.903841,3.265625,0.09852968,0.010082135
1830,907322,2.021931,2.046875,0.16360568,0.017529843
1830,907783,1.68985,0.8828125,0.24751934,0.026884187
1830,908121,2.240534,2.09375,0.08082473,0.009192251
1830,908131,1.842475,2.765625,0.1762872,0.018812552
1830,908134,2.947515,2.625,0.088824004,0.009305784
1830,908445,2.456901,2.1875,0.16101241,0.01736464
1830,908457,4.157352,4.03125,0.40196595,0.04032325
1830,908467,0.448132,1.40625,0.14644665,0.021237236
1830,908471,2.945056,2.0625,0.12632506,0.014855372
1830,909251,2.227655,1.921875,0.07746547,0.008072494
1830,909262,2.342468,2.03125,0.2792101,0.029133037
1830,909698,2.656002,2.609375,0.08494226,0.009432646
1830,909722,1.135571,1.453125,0.070564374,0.007295109
1830,909725,3.00889,3.484375,0.32837567,0.033301022
1830,909743,2.563401,2.984375,0.11260869,0.011692365
1830,909744,2.855585,2.390625,0.13605486,0.013867879
1830,909746,2.991171,3.78125,0.11188291,0.011492465
1830,909749,3.382154,2.84375,0.11811209,0.012655346
1830,909759,3.425307,3.015625,0.059368886,0.0063000023
1830,910900,2.167226,1.734375,0.1551487,0.018419364
1830,910911,2.334876,3.046875,0.09264743,0.011352857
1830,910919,2.237696,1.703125,0.06557467,0.0067935404
1830,910951,2.144078,1.578125,0.14902522,0.01563535
1830,924100,3.314802,3.390625,0.10558811,0.01071256
1830,924151,0.920091,2.515625,0.10983268,0.012159539
1830,924244,3.096216,2.765625,0.31130227,0.03286431
1830,925341,3.364283,2.234375,0.08791877,0.0111400895
1830,925348,4.059551,4.21875,0.4837351,0.050061505
1830,998189,3.883644,3.046875,0.18020694,0.018669453
1830,1240121,1.832314,1.96875,0.16737321,0.020451786
1830,1240123,2.244162,2.46875,0.2505127,0.025189783
1830,1240127,3.839573,3.34375,0.16404797,0.0170334
1830,1240128,1.162995,2.84375,0.20071413,0.023495518
1830,1240147,2.665978,2.5,0.1525772,0.015984986
1830,1240153,2.899492,2.671875,0.12398523,0.0156094525
1830,1240154,2.619662,1.625,0.09808234,0.010858662
1830,1240166,2.783357,1.953125,0.11803465,0.0145051805
1830,1240169,3.08333,3.265625,0.43184313,0.044644944
1830,1240210,1.136063,1.59375,0.12473124,0.01278192
1830,1240222,3.558022,3.171875,0.13464725,0.016743058
1830,1290765,3.395562,2.8125,0.37311506,0.03779101
1830,1290905,2.888017,3.84375,0.1320094,0.01441114
1830,1295740,1.373235,1.65625,0.0784995,0.008664921
1830,1295741,2.239347,2.03125,0.08311756,0.008453236
1830,1298136,4.691661,3.75,0.3332409,0.033472154
1830,1298157,3.295027,2.828125,0.2190616,0.032388657
1830,1298365,3.395146,3.890625,0.17447665,0.017744655
1830,1299075,3.631072,3.109375,0.07563521,0.0076963482
1830,1303900,2.951069,2.296875,0.12426859,0.014358584
1830,1327771,2.042453,1.328125,0.16707243,0.018611275
1830,1327775,2.433391,1.546875,0.06764089,0.0076644593
1830,1330983,2.268711,1.3125,0.13070206,0.014064339
1830,1330985,2.075612,1.671875,0.06395966,0.0069823177
1830,1480371,2.905576,1.796875,0.30415806,0.033118777
1830,1480372,4.101618,4.3125,0.15695395,0.0163558
1830,1503363,3.712943,3.65625,0.11842194,0.014128836
1831,683667,3.743419,3.671875,0.21265534,0.022526285
1831,684052,2.4115,3.015625,0.088867635,0.010984683
1831,687506,2.548691,3.15625,0.117147684,0.014656443
1831,687798,3.014822,3.859375,0.14866148,0.015353525
1831,688006,4.081481,3.65625,0.0790095,0.008920498
1831,688023,3.801725,3.625,0.15155564,0.016308311
1831,688025,2.737172,3.34375,0.17488919,0.01855858
1831,722066,4.340678,3.765625,0.09061579,0.00997354
1831,724828,3.20367,3.703125,0.38374218,0.039988864
1831,724859,4.681047,4.1875,0.14611484,0.018060852
1831,724872,3.600901,3.3125,0.059013333,0.0070586074
1831,735784,4.726605,4.03125,0.0685563,0.010505416
1831,753554,3.900234,3.9375,0.154175,0.01593897
1831,753575,3.934722,4.1875,0.15571378,0.016553896
1831,905934,4.86404,4.65625,0.17197521,0.018316979
1831,905936,3.411169,3.359375,0.12819414,0.013958641
1831,905940,3.615659,3.5,0.079286575,0.008920498
1831,905968,4.662879,4.125,0.18233429,0.020897295
1831,905970,4.458466,4.71875,0.28799233,0.030673893
1831,905973,4.413374,4.71875,0.26514065,0.027130747
1831,906791,3.424094,4.1875,0.17353669,0.018039696
1831,906804,3.533387,2.8125,0.071417816,0.0075155683
1831,906827,3.037438,3.953125,0.112621956,0.013880145
1831,906831,2.756686,3.609375,0.06298323,0.006547309
1831,906834,3.117362,3.578125,0.08894453,0.009877089
1831,906844,3.214071,3.40625,0.07358047,0.0077553443
1831,906865,4.037539,3.046875,0.084034525,0.009793304
1831,907042,2.99517,3.1875,0.0960764,0.012647411
1831,907046,3.440437,4.4375,0.060271982,0.0063235844
1831,907060,3.36209,3.140625,0.13279155,0.015343366
1831,907065,4.266131,4.09375,0.14239725,0.014541315
1831,907067,3.643605,3.828125,0.10440478,0.011459042
1831,907173,4.134876,3.515625,0.096131355,0.010030434
1831,907276,4.96089,4.75,0.38560176,0.039676014
1831,907281,2.659608,3.046875,0.053197555,0.0060732174
1831,907311,2.949307,2.9375,0.13961948,0.014991354
1831,907314,4.964419,4.09375,0.08897692,0.009058905
1831,907321,3.073214,3.71875,0.11857709,0.015786478
1831,907789,3.600165,3.375,0.06379649,0.007434783
1831,907790,3.649601,3.890625,0.16965753,0.019155035
1831,908122,2.900414,3.703125,0.21712485,0.02232149
1831,908130,3.892486,3.765625,0.23093127,0.024379509
1831,908147,2.369005,2.6875,0.032164104,0.004173306
1831,908459,4.410614,4.625,0.44485614,0.04463482
1831,908460,5.300026,5.125,0.31480497,0.03701993
1831,908475,4.562845,4.4375,0.16582032,0.016922435
1831,909250,5.117612,4.625,0.17980748,0.018108398
1831,909262,3.401217,3.28125,0.19919212,0.021531608
1831,909263,5.085757,4.875,0.22733621,0.022975855
1831,909696,3.449358,3.375,0.06039427,0.0075327526
1831,909713,4.172681,4.03125,0.08527311,0.009412603
1831,909738,5.409017,4.53125,0.21065919,0.021735335
1831,909757,4.440821,4.34375,0.121436946,0.013011593
1831,909781,4.886461,5.1875,0.13572843,0.016074745
1831,909904,3.569162,4.5,0.19055682,0.019992743
1831,910548,3.527807,4.8125,0.0812538,0.008592323
1831,910554,3.189536,3.984375,0.0599351,0.0074754823
1831,910919,2.873754,3.25,0.057197247,0.006392141
1831,910921,4.092411,3.625,0.14100674,0.016292589
1831,910935,3.13116,3.109375,0.04196919,0.0047058803
1831,910951,2.994051,3.078125,0.11519676,0.012395873
1831,924187,5.802205,5.6875,0.1494803,0.015295701
1831,924244,4.374748,3.40625,0.26227948,0.027061401
1831,930083,4.406836,5.75,0.51927596,0.054645382
1831,930297,2.978991,3.421875,0.11392803,0.011778144
1831,946355,3.200211,4.03125,0.16409044,0.016697213
1831,946359,4.648517,4.53125,0.16378625,0.016986951
1831,946360,3.187061,3.796875,0.19065198,0.019946054
1831,1240127,3.900104,4.375,0.17625368,0.018344209
1831,1240142,3.678784,3.78125,0.1508933,0.016273329
1831,1240144,5.084894,4.625,0.40402544,0.04070786
1831,1240157,3.849945,3.765625,0.09380097,0.009572656
1831,1240183,4.868891,4.40625,0.09677945,0.012557173
1831,1240184,4.726622,4.84375,0.20816715,0.023263948
1831,1240209,4.38225,3.65625,0.2616856,0.026526537
1831,1240215,4.761673,4.25,0.33675736,0.036237147
1831,1240217,3.615425,3.125,0.23422536,0.025204077
1831,1240222,4.295084,3.71875,0.198619,0.024408124
1831,1290455,3.572483,3.359375,0.07637408,0.008236684
1831,1298151,3.273303,3.640625,0.23926052,0.024663001
1831,1298218,4.168454,4.34375,0.25225797,0.026546065
1831,1298347,3.598444,3.09375,0.08851741,0.009959056
1831,1299050,4.294207,3.796875,0.09651081,0.01027931
1831,1327775,3.69049,3.453125,0.055955168,0.006643037
1831,1330931,1.711569,2.859375,0.06805795,0.007897053
1831,1330935,2.987628,3.578125,0.08378518,0.008777883
1831,1330950,3.604407,3.34375,0.05264178,0.005703766
1831,1330972,3.229703,3.015625,0.088992834,0.012498675
1831,1330983,2.603861,2.890625,0.06993863,0.007954167
1831,1330995,3.244976,3.953125,0.060027916,0.006297978
1831,1331033,2.947992,2.875,0.09107402,0.010437974
1831,1331037,2.452022,2.796875,0.06834198,0.00793001
1831,1480371,3.161769,4.03125,0.11613272,0.013066042
1831,1503364,3.208619,3.703125,0.2570011,0.02784621
1831,1503366,3.482135,4.09375,0.08121998,0.0083882725
1831,1659823,3.738518,4.03125,0.14189826,0.014887609
1831,1660035,4.22774,4.625,0.0869865,0.009821134
1835,683667,2.52589,2.90625,0.16654432,0.016996324
1835,684052,1.908485,2.875,0.8628015,0.087228656
1835,687448,4.48508,6.09375,1.7267001,0.17346157
1835,687457,4.764418,4.59375,0.74062616,0.07447213
1835,687562,2.56394,2.328125,1.1683483,0.118886635
1835,687586,4.442496,3.78125,0.50933254,0.051608577
1835,687780,3.213528,4.21875,1.2254349,0.12336077
1835,687815,6.036335,3.328125,0.7754208,0.078707
1835,687816,5.793197,5.0,0.70057636,0.070144095
1835,687995,4.660379,3.609375,0.19453216,0.020153547
1835,687997,3.144636,5.15625,0.29654667,0.029846359
1835,688013,2.005627,2.171875,0.42423597,0.04282254
1835,688018,3.385652,2.90625,0.61760587,0.06412714
1835,724859,4.478502,3.828125,0.8838173,0.09137109
1835,749710,4.069601,4.3125,0.45135835,0.045953635
1835,753539,4.455298,2.875,0.3204044,0.03255281
1835,753562,2.07513,3.5625,0.71927917,0.07632719
1835,753612,2.88039,3.953125,0.43393022,0.04404492
1835,753615,2.613536,3.671875,0.29213342,0.029496778
1835,905942,5.106759,3.3125,0.2732657,0.029405056
1835,905944,3.950092,3.421875,0.36535543,0.039492976
1835,905948,5.39037,4.125,0.9355548,0.095099
1835,905949,2.600995,2.78125,0.5360746,0.054491896
1835,905964,1.890206,2.34375,0.20145914,0.021048129
1835,905965,1.767468,0.78515625,0.105555534,0.010842525
1835,905983,5.498795,4.5625,0.76006955,0.07665777
1835,905990,4.118407,4.8125,0.59544545,0.06111363
1835,906693,4.558545,4.09375,1.7201419,0.17216949
1835,906791,4.301014,3.984375,0.40560368,0.041150976
1835,906793,1.72047,2.359375,0.12262606,0.012847109
1835,906835,7.302006,6.25,1.1664699,0.11819361
1835,906837,5.220084,3.359375,0.77609396,0.07971935
1835,906839,4.394085,4.71875,0.77728546,0.07815833
1835,906842,1.249073,1.1875,0.09476914,0.010491859
1835,906848,2.520745,2.265625,0.22559582,0.023479661
1835,906863,3.542754,4.15625,1.305398,0.13077417
1835,907000,2.48248,2.515625,0.4393681,0.044015698
1835,907055,3.80974,3.25,0.81585896,0.087064676
1835,907067,4.07719,3.484375,0.86993456,0.08807707
1835,907068,6.089044,5.125,0.6320834,0.06586792
1835,907071,4.823442,4.96875,1.1681145,0.118862845
1835,907277,2.387958,1.859375,0.05279269,0.0062374524
1835,907285,4.131721,4.84375,0.5957211,0.05991196
1835,907290,5.174971,4.90625,0.9485879,0.09533637
1835,907790,3.576943,3.375,1.4459608,0.1460894
1835,908122,1.841917,2.34375,0.31919634,0.032497972
1835,908134,4.576682,3.078125,0.264578,0.02657909
1835,908138,2.998612,4.0625,0.9966818,0.09981653
1835,908152,3.99619,3.984375,2.3495376,0.2364258
1835,908444,4.153945,3.5625,0.44987276,0.045327242
1835,908475,3.80244,3.359375,2.3075855,0.23108123
1835,908483,1.589566,2.234375,0.18091215,0.018852428
1835,909251,0.971427,1.234375,0.08613991,0.0092107495
1835,909698,2.506439,2.8125,0.48369747,0.049644362
1835,909704,2.777743,3.453125,1.32556,0.13362229
1835,909720,1.84123,3.375,1.2193503,0.12371055
1835,909743,1.749173,2.015625,0.098797254,0.010308595
1835,909747,5.984505,6.34375,0.55918896,0.056315877
1835,909748,4.657504,3.8125,0.30191985,0.030266076
1835,909904,7.142206,5.625,1.0262401,0.10290937
1835,909976,3.531575,2.6875,0.15972683,0.016368117
1835,910554,2.621457,3.65625,0.49197513,0.05041549
1835,910692,4.113064,4.15625,0.35731667,0.03580436
1835,910780,2.029206,2.921875,0.5276204,0.054913905
1835,910852,3.340796,4.40625,1.2656667,0.1272039
1835,910904,4.424114,4.3125,0.34405443,0.035157233
1835,910924,3.920983,2.84375,0.9208384,0.09326725
1835,910943,6.15494,5.0625,0.738169,0.07404949
1835,917486,4.547363,4.75,0.616142,0.061976846
1835,924110,6.013587,3.546875,0.23036397,0.023305967
1835,925347,5.243727,5.15625,0.9075002,0.09261299
1835,930083,6.606583,5.96875,0.5587863,0.058991294
1835,946382,2.963396,3.296875,0.4388982,0.04504638
1835,1240121,2.442355,3.328125,0.8717579,0.089333996
1835,1240144,6.97047,4.375,0.6315637,0.063381866
1835,1240151,2.930021,4.46875,0.7354679,0.07379347
1835,1240154,1.597381,3.015625,0.48996204,0.04941574
1835,1240155,5.109588,3.484375,0.5379623,0.054286566
1835,1240160,3.406324,5.15625,0.54947513,0.056007225
1835,1240173,3.562344,2.859375,0.33399466,0.03720582
1835,1240174,5.287724,4.21875,1.0688866,0.11018095
1835,1240186,6.411524,4.53125,0.62937605,0.064008914
1835,1240201,4.59499,3.6875,1.6758274,0.16967018
1835,1240212,4.711373,4.3125,0.46102965,0.0469921
1835,1240215,2.985592,3.90625,1.0451695,0.10710446
1835,1240218,5.283882,6.0625,0.30172786,0.031193329
1835,1240222,1.874704,3.921875,0.7166767,0.07234162
1835,1290722,3.101452,4.59375,0.60926074,0.061232816
1835,1290730,3.0253,4.34375,1.9242345,0.20534538
1835,1290769,4.86161,5.09375,0.9270384,0.09372296
1835,1290922,3.784246,3.953125,0.8691182,0.089761175
1835,1295740,1.814477,1.578125,0.09171136,0.01035459
1835,1298134,4.440035,3.984375,0.32376295,0.037567593
1835,1298146,4.557913,4.625,0.37951443,0.03809568
1835,1298347,4.355763,4.34375,0.2899373,0.029915072
1835,1298350,3.112901,3.921875,0.47834942,0.048134644
1835,1298358,3.755512,4.59375,0.5785488,0.05791048
1835,1303896,1.23626,1.796875,0.10600744,0.011155566
1835,1327775,1.962005,2.046875,0.22763388,0.026413327
1835,1330942,2.326852,3.640625,0.1611398,0.016565954
1835,1330950,2.47372,2.21875,0.18739015,0.0191237
1835,1330972,2.663509,1.75,0.25518817,0.027342623
1835,1330995,2.12377,3.171875,0.16346215,0.016703395
1835,1331040,2.571743,1.515625,0.10130251,0.011030499
1835,1480372,5.463764,4.9375,1.8232521,0.18336535
1835,1503363,3.961113,3.546875,2.6617384,0.27412045
1835,1503367,4.022753,4.65625,0.3819266,0.038612522
1835,1659823,3.848137,4.125,1.1148698,0.11227845
1835,1660034,3.121269,4.21875,0.68057454,0.0682719
1838,684072,3.684855,2.984375,0.21073735,0.022579856
1838,687505,1.754414,2.71875,0.342579,0.044768386
1838,687561,2.356024,2.921875,0.4286685,0.044910118
1838,687802,6.099841,5.78125,0.24004284,0.024743639
1838,687816,5.436831,4.03125,0.3249327,0.033777796
1838,687821,5.835203,5.40625,0.35435125,0.06381285
1838,687980,2.435923,3.40625,0.45111424,0.046193924
1838,688011,3.48882,3.65625,0.11246635,0.011405365
1838,688025,3.708321,3.09375,0.32069325,0.03737329
1838,688031,3.338715,3.046875,0.21899754,0.023239192
1838,688058,4.501656,4.5625,0.16547063,0.02170249
1838,749711,3.648667,3.4375,0.59367293,0.063354015
1838,749715,2.519353,2.078125,0.5712103,0.064491995
1838,753569,4.435354,4.0625,0.105686955,0.015703743
1838,753573,3.357321,4.0625,0.44055632,0.05111962
1838,753576,5.276806,4.84375,0.16598596,0.01684796
1838,753615,4.634156,4.4375,0.2483518,0.026135005
1838,905935,5.072083,4.4375,0.14811306,0.026321612
1838,905942,2.811401,2.90625,0.04072499,0.01263004
1838,905951,4.06462,4.5,0.17133339,0.01805845
1838,905970,5.019824,4.90625,0.36873466,0.047188044
1838,905974,2.766698,3.9375,0.14894901,0.016490094
1838,905983,4.208256,3.875,0.09297854,0.013419982
1838,906793,2.341697,4.0625,0.07626972,0.00912265
1838,906800,2.041914,2.40625,0.14679645,0.01544795
1838,906830,4.25049,4.28125,0.10621592,0.01249061
1838,906831,3.519897,3.484375,0.18426214,0.018854784
1838,906835,5.401643,5.71875,0.17614745,0.021646615
1838,906837,4.147914,3.65625,0.27824306,0.031528007
1838,906839,4.450809,4.3125,0.28304082,0.02974
1838,906843,2.944208,3.671875,0.43165818,0.04665995
1838,906844,3.206971,2.828125,0.17217202,0.01817627
1838,906851,2.626845,3.9375,0.11377527,0.014022286
1838,906863,2.267452,3.703125,0.14533661,0.023958312
1838,906872,4.690631,4.53125,0.09285641,0.012984216
1838,906999,3.911842,3.765625,0.23761569,0.02459073
1838,907042,3.625082,2.4375,0.19007125,0.024661826
1838,907045,2.611128,3.828125,0.18290001,0.01890863
1838,907046,3.033111,4.46875,0.099054135,0.010349018
1838,907061,2.648201,3.453125,0.19228217,0.021633586
1838,907067,3.655659,4.0625,0.11605504,0.014026648
1838,907270,2.230864,2.828125,0.39051008,0.04074618
1838,907274,4.163993,3.234375,0.27889815,0.028863031
1838,907275,2.29548,2.578125,0.41141638,0.048725333
1838,907291,3.420161,3.125,0.2910736,0.030538708
1838,907298,2.830475,4.28125,0.22438121,0.022884583
1838,907320,3.719121,4.25,0.30102307,0.032321732
1838,907322,3.256742,3.421875,0.25448632,0.026624415
1838,907323,3.540086,3.453125,0.1045638,0.011476496
1838,907783,2.815106,2.765625,0.176265,0.018847626
1838,908121,3.352201,2.796875,0.28974134,0.03361992
1838,908125,4.037913,3.921875,0.14811824,0.01672316
1838,908131,3.958745,3.78125,0.21714474,0.024886912
1838,908134,3.891852,4.1875,0.10546069,0.011675516
1838,908444,4.068749,4.03125,0.17906441,0.01940173
1838,908460,5.51679,6.0,0.21118215,0.04639242
1838,909263,4.009195,4.8125,0.20679349,0.02198417
1838,909696,3.018803,2.65625,0.27318016,0.032125004
1838,909720,3.525406,3.609375,0.103613764,0.016590348
1838,909731,3.905998,2.5,0.52645147,0.054600462
1838,909738,4.7525,4.6875,0.2949158,0.032112416
1838,909757,4.187871,3.75,0.25392407,0.028111847
1838,909781,5.47117,6.15625,0.038845148,0.009112549
1838,909907,3.185898,4.9375,0.15307218,0.016585454
1838,910689,5.217215,5.75,0.19281062,0.10677468
1838,910691,2.695003,3.953125,0.09106955,0.009387459
1838,910706,2.46137,1.921875,0.6081123,0.06916101
1838,910780,2.465452,3.109375,0.33736664,0.043173786
1838,910781,3.951175,3.71875,0.5205436,0.058173917
1838,910851,3.501166,3.796875,0.17724046,0.01880809
1838,910903,3.05807,2.34375,0.55020905,0.05961545
1838,910905,4.869545,4.375,0.18744542,0.0192703
1838,910906,1.732727,3.578125,0.12102936,0.0133209815
1838,910915,2.882231,5.09375,0.3387909,0.0371843
1838,910921,3.328633,3.296875,0.52302986,0.058845863
1838,910933,3.29294,3.28125,0.6081537,0.06998029
1838,910935,1.245839,2.453125,0.10343388,0.010956607
1838,910943,5.064338,4.71875,0.15690519,0.017912839
1838,910952,2.619114,3.8125,1.1142532,0.11315237
1838,924104,3.42259,5.0,0.1570092,0.017856762
1838,925347,3.975558,4.46875,0.079222284,0.012472897
1838,925348,4.211528,5.3125,0.6799631,0.07762694
1838,930082,3.221197,3.515625,0.15815814,0.028673254
1838,930083,6.059909,6.0,0.35441032,0.04420428
1838,998184,3.358371,2.8125,0.07737858,0.013934613
1838,998189,4.64641,3.265625,0.626975,0.06495466
1838,1240123,2.620392,3.546875,0.40062082,0.041185766
1838,1240128,3.686989,3.953125,0.13673018,0.020019105
1838,1240143,4.356875,3.734375,0.17807631,0.021246154
1838,1240151,4.488396,4.875,0.21123493,0.022229055
1838,1240157,1.99698,3.703125,0.14104193,0.014525272
1838,1240158,4.169593,4.34375,0.33935034,0.03545478
1838,1240159,5.395491,5.0,0.4010563,0.041340925
1838,1240168,4.357578,3.25,0.36769673,0.037867427
1838,1240190,4.766134,5.0,0.19480392,0.02280367
1838,1240196,4.270225,4.53125,0.088177465,0.011972497
1838,1240197,5.64295,5.25,0.08816823,0.0097610755
1838,1240217,2.93033,3.53125,0.36283964,0.046278436
1838,1240222,2.887475,3.609375,0.4128283,0.047902223
1838,1247871,2.602895,2.609375,0.27847517,0.03452384
1838,1290455,2.594532,3.40625,0.15541436,0.016354844
1838,1297447,3.703875,3.953125,0.10657606,0.012622138
1838,1297449,1.678798,2.65625,0.5208069,0.056429714
1838,1298134,2.692026,3.3125,0.12310801,0.017852738
1838,1298169,4.402955,4.40625,0.13199708,0.014657978
1838,1298219,2.890298,3.75,0.13251582,0.01806596
1838,1298348,4.627419,4.40625,0.38571727,0.042833034
1838,1298357,5.300097,5.28125,0.25134516,0.030627003
1838,1298359,4.221657,4.5,0.1150071,0.013588081
1838,1298475,4.321853,4.40625,0.31621253,0.042260446
1838,1299075,4.698805,4.28125,0.1322414,0.014399334
1838,1303897,4.495214,3.5625,0.5020096,0.05800457
1838,1327766,3.368163,3.15625,0.10666939,0.011920955
1838,1327771,2.167108,2.953125,0.32404244,0.03432536
1838,1330935,1.422167,2.828125,0.25662875,0.026742674
1838,1331038,2.8014,2.59375,0.18875112,0.023129236
1838,1480362,3.613807,3.34375,0.13907963,0.04075371
1838,1503363,4.811555,4.59375,0.32340816,0.037368115
1838,1503365,5.027316,6.25,0.14796065,0.017168503
1838,1659823,4.211069,2.859375,0.9982535,0.11018908
1838,1660035,4.471358,4.5,0.0975091,0.012696847
1843,687459,1.32829,1.15625,0.56762445,0.08043428
1843,687506,0.988296,0.51171875,0.2853696,0.03270615
1843,687798,-1.923449,-2.390625,0.55003715,0.29533392
1843,687983,3.100227,1.046875,1.7900589,0.20861177
1843,687995,-1.050706,-2.578125,0.10217121,0.04477437
1843,688006,-2.968611,-2.515625,0.256625,0.33610162
1843,688011,-0.762077,1.21875,2.082748,0.22101337
1843,688013,-4.524626,-4.8125,0.037247445,0.081413865
1843,688086,-1.908092,-1.90625,0.14771584,0.026780117
1843,713899,-2.042002,-0.92578125,0.42210573,0.050617293
1843,722066,-0.378964,0.54296875,0.7561519,0.08537266
1843,724828,2.244928,-0.34179688,0.25382137,0.035338424
1843,724859,-0.719616,0.16601562,0.17831026,0.027766975
1843,724866,5.417745,2.78125,1.7732784,0.20757926
1843,724870,-0.071489,-1.265625,0.25688192,0.034878734
1843,724872,0.770516,0.8046875,0.22778396,0.034721944
1843,735784,-0.692611,-1.0625,0.27028027,0.031783987
1843,753562,-2.273892,-2.40625,0.16763206,0.07197458
1843,753569,0.72979,-0.0034179688,0.3588649,0.048337456
1843,753586,-0.520345,0.90234375,0.5107581,0.057666693
1843,905940,1.476733,0.56640625,0.6952574,0.09764602
1843,905946,5.058067,2.15625,0.6448942,0.06843374
1843,905955,4.25741,3.03125,3.2988627,0.3421387
1843,905964,-2.675942,-2.421875,0.11670314,0.031764533
1843,905983,-1.175229,-1.328125,0.3218302,0.059142817
1843,905984,-2.249598,-2.265625,0.052652948,0.018530104
1843,906792,-1.129326,-1.578125,0.47069123,0.089562505
1843,906797,-2.733788,-1.984375,0.19862977,0.05261954
1843,906818,-0.188017,-0.76953125,0.97788054,0.13224101
1843,906827,0.011645,-1.15625,0.3289001,0.061279945
1843,906828,-2.218032,-2.171875,0.18933168,0.037349205
1843,906856,-2.913518,-3.09375,0.07552409,0.022980617
1843,906863,-1.961206,-3.015625,0.3314411,0.08939864
1843,906865,2.742493,1.03125,0.33671933,0.04187023
1843,906868,0.577809,-0.0390625,0.4297995,0.047442064
1843,906875,0.639716,-0.92578125,0.2608771,0.07503058
1843,907042,-3.372024,-2.234375,0.15280557,0.040480126
1843,907067,-0.409853,-0.2578125,0.41474566,0.0746889
1843,907069,-0.179325,0.56640625,0.47868425,0.050984375
1843,907286,-0.053019,-1.234375,1.8180614,0.24297608
1843,907311,-2.856615,-2.1875,0.103535555,0.022744654
1843,907318,-1.082562,-0.640625,0.34353864,0.049818903
1843,907321,-1.949837,-0.08544922,1.1821647,0.15504816
1843,907783,-3.604627,-2.1875,0.050837044,0.007831645
1843,908123,-1.240475,-1.328125,0.14679971,0.026977418
1843,908127,-0.740976,-1.625,0.15212338,0.027579183
1843,908129,2.310432,2.1875,1.254637,0.13290195
1843,908471,-0.062048,0.734375,0.36861762,0.047660735
1843,908483,-1.541039,-0.29492188,0.22246161,0.02435002
1843,909696,-3.34999,-2.515625,0.04248811,0.013960986
1843,909698,-1.357995,-1.03125,0.04968236,0.015705986
1843,909703,-3.075481,-3.4375,0.13713264,0.032169476
1843,909713,0.180302,0.17480469,0.84297776,0.11636581
1843,909719,-0.330586,0.86328125,0.7492813,0.09975378
1843,909722,-2.978405,-3.4375,0.017219473,0.008383662
1843,909743,-3.949809,-3.609375,0.020935522,0.007590382
1843,909747,1.390735,1.859375,0.7158837,0.10690572
1843,909749,0.442743,2.03125,0.38797063,0.039919756
1843,909751,-1.382895,-2.21875,0.17785458,0.021166962
1843,909755,4.59714,1.765625,0.9395501,0.105000444
1843,909761,3.384264,0.52734375,0.432559,0.04665002
1843,909776,1.254108,2.203125,2.2772434,0.25449583
1843,909781,4.918828,4.90625,1.0579873,0.14307404
1843,909784,1.338642,0.3515625,0.810262,0.084229335
1843,909904,0.80991,1.015625,1.4952948,0.16823497
1843,909976,-0.87351,-1.140625,0.08205988,0.008982042
1843,910549,-2.21363,-0.58984375,0.9463169,0.11531096
1843,910554,1.022333,0.6484375,0.98549145,0.10516707
1843,910689,4.039025,5.375,2.2443986,0.651547
1843,910702,6.215533,4.90625,0.91099477,0.11697829
1843,910703,-0.736856,-0.5234375,0.16346309,0.016738554
1843,910780,-2.308283,-0.40039062,0.48520124,0.056062452
1843,910784,1.383533,0.15039062,0.8640104,0.105874345
1843,910900,-1.615395,-2.859375,0.64517814,0.16494547
1843,910903,-2.303684,-2.796875,0.033391576,0.0075774845
1843,911905,2.998156,3.359375,0.61695105,0.07043327
1843,924104,-0.800589,-0.05078125,0.19805557,0.035666563
1843,924244,-0.121479,-0.5,0.29054457,0.05995017
1843,930082,1.475696,0.99609375,0.7100784,0.14216234
1843,930297,2.507442,0.97265625,0.52911544,0.057762224
1843,946353,-0.540544,0.66796875,0.92014873,0.12980528
1843,946359,3.974713,2.796875,1.7800483,0.17990153
1843,946382,2.329812,2.0,0.57788104,0.07551776
1843,998184,-2.66349,-2.65625,0.043536976,0.016761834
1843,1240153,-0.656646,-1.0625,0.294738,0.04773801
1843,1240172,0.679282,0.796875,0.3972068,0.049243547
1843,1240173,-0.869931,-0.73828125,0.22525027,0.0762122
1843,1240183,5.213647,3.390625,0.67755014,0.07765388
1843,1240212,0.239211,-0.97265625,0.18648688,0.089634255
1843,1240215,0.055907,0.67578125,0.23723626,0.03067367
1843,1290798,4.82523,2.1875,4.6771235,0.49376586
1843,1295740,-3.60324,-3.296875,0.06894949,0.06256541
1843,1298134,2.289435,1.40625,1.4588981,0.1647156
1843,1298146,0.273448,0.76953125,0.85834426,0.08809629
1843,1298359,0.418302,0.58984375,1.4788551,0.15985635
1843,1298526,0.624517,1.328125,0.30941024,0.060153335
1843,1298538,1.061153,-0.21875,0.46334922,0.049646437
1843,1299062,-0.592498,1.140625,0.35313302,0.056866985
1843,1303900,0.435675,1.09375,1.1175436,0.14350066
1843,1330950,-0.996205,-2.34375,0.11585015,0.017943127
1843,1330972,-3.839564,-4.40625,0.104545966,0.23569927
1843,1480372,-0.508136,0.24414062,1.9396138,0.23083875
1843,1503366,-1.48203,0.3515625,0.58135974,0.059667937
1843,1659823,2.20228,1.546875,2.0162077,0.205891
1843,1659928,-1.498242,-0.8046875,0.41396472,0.056436054
1843,1674021,-2.076878,-1.015625,0.11046393,0.015184648
1845,684072,-4.077136,-1.765625,1.028403,0.12674601
1845,687588,1.34269,2.015625,0.58826464,0.07208493
1845,688010,-0.970932,-0.5859375,0.9569029,0.15964799
1845,688011,1.85705,1.234375,0.41063023,0.04228895
1845,688018,3.989153,0.3203125,1.3125763,0.29543233
1845,688023,-3.48811,-1.21875,9.193209,0.99851567
1845,724839,4.626702,4.90625,0.26625916,0.029305559
1845,724872,0.902261,-0.087890625,0.06263934,0.01835485
1845,724878,4.774501,4.53125,0.46339166,0.04892045
1845,749709,-2.378115,2.453125,1.0622613,0.13054042
1845,753551,1.299371,-0.515625,1.0430537,0.12709856
1845,753576,3.649861,3.609375,0.34973684,0.03755227
1845,753614,2.311805,1.78125,2.5932183,0.28309524
1845,753618,-3.40688,-2.28125,1.5710788,0.2574576
1845,753624,3.85898,2.0625,0.4606969,0.069501095
1845,905933,3.110101,2.734375,0.09422293,0.017434528
1845,905938,-1.717147,0.50390625,0.7807543,0.08315767
1845,905946,3.595526,2.609375,2.3989868,0.25245452
1845,905955,3.043628,3.40625,2.1782942,0.2192375
1845,905956,3.599205,2.828125,1.0235965,0.10399652
1845,905957,-2.510298,-0.69140625,3.52978,0.37456694
1845,905959,4.570111,3.8125,0.7844635,0.12705766
1845,905972,0.065666,2.0625,0.62893456,0.07267009
1845,905977,3.969361,4.78125,0.19246143,0.021372408
1845,905986,1.286778,2.359375,0.55416256,0.065474264
1845,906696,0.338471,1.390625,0.72666574,0.07363006
1845,906801,2.796612,2.90625,0.29695788,0.033297002
1845,906818,3.755878,1.8125,1.5714781,0.1966089
1845,906821,2.21309,2.1875,1.1251863,0.12081456
1845,906833,0.265798,-0.5078125,1.0987962,0.13581917
1845,906843,1.536557,1.859375,0.38892594,0.17043854
1845,906856,-1.981042,-2.09375,0.8869966,0.14980347
1845,906863,3.155116,1.9375,1.5135614,0.20634472
1845,906868,2.220423,0.37890625,1.3127984,0.13496205
1845,906875,-0.726754,0.12207031,4.113856,0.5229691
1845,907042,-0.689994,-1.21875,1.7131155,0.18751279
1845,907064,0.787731,3.25,0.8736796,0.092547655
1845,907072,0.962429,0.39453125,3.5175316,0.36905056
1845,907169,-0.922176,2.453125,0.58772343,0.060321085
1845,907274,-4.077401,-1.59375,0.25603408,0.038825367
1845,907275,-3.129123,-2.140625,0.62908953,0.0895486
1845,907276,4.296113,3.921875,1.2796493,0.1373997
1845,907278,-1.689706,-1.71875,0.16484852,0.090122625
1845,907295,3.274328,2.203125,0.092599936,0.034593586
1845,907298,0.057976,1.890625,2.3635855,0.24410743
1845,907299,0.770091,-0.609375,1.4773333,0.25583363
1845,907320,2.81714,2.609375,1.068345,0.12811181
1845,907321,0.681837,2.53125,1.1720829,0.15429196
1845,908121,3.106473,-0.20898438,2.4976196,0.28199154
1845,908122,1.125056,0.66796875,4.4311624,0.45906878
1845,908127,0.087342,1.578125,1.3771236,0.15783185
1845,908130,3.385254,1.5,0.70637447,0.09165237
1845,908455,3.725023,1.90625,0.973595,0.09853495
1845,908470,5.587881,4.53125,1.1856989,0.15384492
1845,909248,1.996839,1.640625,1.9705157,0.20030262
1845,909262,-0.327758,-1.53125,15.318843,1.695944
1845,909263,1.579927,4.0625,0.6509431,0.06758861
1845,909703,-0.404426,-1.578125,2.386609,0.26502755
1845,909704,-1.126459,1.09375,2.995252,0.30819273
1845,909707,2.782178,0.62109375,1.7092526,0.1788224
1845,909720,-0.749341,1.5625,1.6159759,0.17890415
1845,909722,-1.608946,-0.796875,0.17575592,0.020668264
1845,909731,-3.426818,-2.703125,1.2869389,0.23331536
1845,909736,-0.870884,1.40625,1.3331543,0.13755183
1845,909743,-2.040593,-2.09375,0.25667414,0.032522894
1845,909746,3.296854,3.390625,0.46674943,0.053708892
1845,909747,5.726734,4.875,0.26315525,0.05471645
1845,909753,4.361015,2.921875,0.55517095,0.062462043
1845,909757,3.728645,1.703125,2.9569564,0.32197332
1845,909761,3.507428,2.9375,0.8068285,0.082559414
1845,909776,0.571707,2.21875,1.3291088,0.15818088
1845,909777,-0.931594,-0.80078125,4.804348,0.48509607
1845,910698,0.172785,1.609375,1.154533,0.11617665
1845,910704,2.176973,0.88671875,0.54169804,0.07782124
1845,910900,0.006691,0.6484375,1.4275441,0.15505198
1845,910906,-1.670902,-2.734375,0.49304593,0.10493116
1845,917486,3.39883,3.375,0.24896157,0.025792439
1845,924105,3.372384,2.609375,0.3834618,0.04827695
1845,924110,-1.307482,-0.5234375,0.2004724,0.035626546
1845,924151,1.801101,3.328125,0.54707664,0.055272665
1845,925347,2.877314,3.140625,0.4559471,0.053135645
1845,925348,5.51972,5.59375,1.4309967,0.22783215
1845,930083,5.043743,5.875,0.14822388,0.037894737
1845,998189,3.372387,2.5,0.75006974,0.07669792
1845,1240144,1.696694,2.140625,2.5380945,0.2604977
1845,1240157,1.952105,0.98046875,0.34424,0.038866114
1845,1240174,2.414371,2.890625,0.23574601,0.04684915
1845,1240192,2.989877,2.109375,0.9617655,0.10090602
1845,1240218,4.543785,5.65625,0.34455153,0.03948898
1845,1240222,1.14589,1.34375,2.0301313,0.2606835
1845,1298136,1.466708,4.0625,2.1911342,0.22272846
1845,1298146,3.751201,2.921875,1.1551841,0.115985766
1845,1298157,-0.728895,1.421875,1.3223017,0.17671993
1845,1298350,3.707233,1.84375,2.5191166,0.25647593
1845,1298359,-0.644686,2.171875,1.8671141,0.19924973
1845,1298537,3.36144,1.796875,3.2598758,0.35681677
1845,1298538,3.449791,1.703125,2.079809,0.21363525
1845,1298539,3.827576,3.609375,0.30731687,0.047343362
1845,1299062,4.453197,2.9375,1.5950887,0.18281277
1845,1299075,3.933958,1.15625,0.9003626,0.094068445
1845,1303900,3.058192,2.15625,0.32759854,0.047507316
1845,1327766,-1.498533,-0.6875,0.17491812,0.019146044
1845,1327775,-0.786915,-0.5,0.50948405,0.08879448
1845,1330942,1.911369,1.015625,0.054724943,0.014368189
1845,1330983,-2.296071,-0.13476562,0.139137,0.014369852
1845,1330995,-1.090878,-0.43164062,0.48171285,0.07940894
1845,1331040,-0.276611,-2.828125,1.2671424,0.205236
1845,1503367,3.693332,2.671875,0.40179822,0.04505243
1845,1503371,2.784929,2.75,0.34841943,0.050768137
1845,1659823,3.619651,2.53125,1.1321523,0.12130663
1845,1660035,3.744862,3.890625,0.21253547,0.03327794
1847,684052,-0.152961,0.97265625,2.5490243,0.2700146
1847,687506,5.881662,5.46875,1.971619,0.19786583
1847,687590,4.458976,4.34375,1.8134826,0.18276219
1847,687787,3.870001,3.921875,4.0176287,0.41001043
1847,687798,-1.357861,2.125,4.1650014,0.43058753
1847,687802,6.268459,5.34375,4.133158,0.41446516
1847,687812,7.290875,6.46875,1.4804703,0.14822972
1847,687829,6.833078,6.59375,1.424305,0.1425371
1847,687985,3.734921,3.984375,0.2618653,0.026492964
1847,688013,-0.126493,0.45703125,1.1108748,0.14216186
1847,688018,3.199735,2.28125,1.8527308,0.19259731
1847,688058,5.868093,4.21875,3.3152397,0.3387681
1847,724863,4.995234,3.21875,1.3893355,0.14459987
1847,724866,5.903968,6.90625,2.989322,0.30610538
1847,749714,6.873503,6.96875,1.3497221,0.13503347
1847,753539,-1.119009,0.46484375,1.3525481,0.1407711
1847,753554,4.139258,4.34375,5.2139473,0.5225239
1847,753566,4.044536,4.34375,2.8581614,0.2888616
1847,753623,4.688606,4.09375,2.5913084,0.26039535
1847,905949,0.41107,3.4375,0.90665674,0.09373228
1847,905962,5.210139,3.0,0.81003547,0.08524311
1847,905974,4.636308,3.046875,1.2932608,0.13428162
1847,905991,4.006948,3.78125,0.5592945,0.05674385
1847,906696,2.862917,3.75,1.4903102,0.14958
1847,906791,4.742731,3.984375,2.7830286,0.278692
1847,906795,5.230278,6.75,1.962105,0.19719836
1847,906804,3.528058,0.93359375,0.63526124,0.065422684
1847,906818,5.76117,3.46875,3.223634,0.32479948
1847,906821,1.289901,3.6875,1.3913654,0.13952343
1847,906832,2.320669,2.765625,1.652196,0.16625474
1847,906834,1.635349,0.97265625,1.0727819,0.110480964
1847,906842,1.26534,2.078125,0.17154968,0.018679483
1847,906851,6.48373,6.4375,1.7880483,0.17955117
1847,906865,4.50013,3.71875,1.9824992,0.20258188
1847,906870,3.08669,1.046875,1.2236421,0.12650298
1847,907000,2.703524,2.734375,0.46769306,0.047223072
1847,907047,2.130492,3.40625,3.6325452,0.36700606
1847,907055,5.370233,4.84375,1.0173781,0.10223427
1847,907068,1.955859,3.359375,1.1561766,0.15276495
1847,907069,4.504347,5.09375,0.9047342,0.090646334
1847,907169,6.549329,4.625,1.9699911,0.19735281
1847,907271,7.208873,6.125,0.84419215,0.0850001
1847,907274,3.756907,4.4375,0.5423891,0.054372013
1847,907276,8.025733,6.03125,7.012383,0.70783263
1847,907285,6.363938,6.625,1.1362658,0.11418105
1847,907295,1.639234,2.53125,2.8722053,0.31995347
1847,907311,-0.455371,2.234375,0.4032869,0.04369636
1847,907323,1.597182,2.09375,0.39218292,0.039428476
1847,907795,2.479972,1.078125,1.4521565,0.15078007
1847,908123,2.598351,4.1875,1.1409302,0.1142738
1847,908127,2.032832,2.78125,2.1170025,0.21530375
1847,908134,1.701152,1.84375,2.1689532,0.21995649
1847,908138,5.038637,5.875,1.2773621,0.12783182
1847,908158,1.070599,1.4375,0.3553394,0.03958355
1847,908444,4.137647,3.078125,2.6747525,0.26904956
1847,908451,1.068326,2.359375,0.9849004,0.103808
1847,908467,2.176271,1.65625,1.1946617,0.12975757
1847,908473,4.413054,5.71875,1.3986903,0.14459987
1847,908483,3.150605,3.78125,0.8196817,0.08271528
1847,909250,2.972478,5.125,1.9114244,0.19158308
1847,909262,3.511939,3.484375,0.88955206,0.08993311
1847,909713,4.864297,3.59375,3.7669563,0.380586
1847,909720,3.891121,5.46875,1.3152357,0.13208997
1847,909722,2.860911,1.59375,0.16911909,0.017743548
1847,909725,3.342416,3.78125,4.364162,0.43779126
1847,909736,7.549893,7.40625,0.89797574,0.090080515
1847,909744,-0.406311,3.203125,0.47422174,0.047507316
1847,909745,6.270789,6.34375,2.087534,0.21077879
1847,909751,3.327102,2.1875,1.2203588,0.122160725
1847,909757,7.113086,3.703125,3.1296442,0.31364217
1847,909761,4.699777,4.40625,0.995846,0.0997424
1847,910689,9.090562,7.53125,2.3505309,0.32447052
1847,910692,1.782388,1.328125,2.3309898,0.23682652
1847,910702,6.514382,7.96875,1.6538218,0.16987841
1847,910780,6.31795,3.984375,1.6915352,0.1696865
1847,910781,3.190414,6.125,1.3832469,0.13868603
1847,910851,0.549762,3.078125,6.1539464,0.61788434
1847,910904,4.177459,5.65625,0.88392144,0.089333996
1847,910906,2.729798,3.328125,0.16807379,0.017264318
1847,910919,2.232903,2.609375,0.27597192,0.027812362
1847,910924,1.693498,3.703125,3.9059675,0.39175296
1847,924239,4.67698,4.65625,0.2895786,0.029075012
1847,924244,6.679086,4.1875,1.660148,0.18325022
1847,925347,6.338578,6.4375,1.8008661,0.18167756
1847,925348,6.293368,6.1875,4.385773,0.448778
1847,998184,2.307028,2.5,0.41833085,0.04389022
1847,1240127,6.378406,6.03125,1.9483222,0.19609165
1847,1240144,4.698822,4.125,4.1310554,0.41432834
1847,1240147,1.893212,4.90625,0.9712274,0.09752814
1847,1240184,6.828119,5.96875,2.656,0.2667438
1847,1240187,-0.446677,3.953125,2.1286442,0.21457674
1847,1240190,4.615088,4.25,2.379733,0.24424425
1847,1240218,7.59779,6.0625,1.722645,0.17393586
1847,1240222,4.716149,5.53125,2.641036,0.26832697
1847,1290722,5.311394,5.90625,0.8354643,0.08359827
1847,1290807,7.510566,6.71875,2.4812675,0.24968132
1847,1298151,6.294343,6.09375,1.2620753,0.12627247
1847,1298347,3.626035,5.4375,2.356602,0.23696321
1847,1298350,1.437135,2.796875,3.3131042,0.33452487
1847,1298475,4.445434,5.78125,2.0657141,0.21094647
1847,1299052,4.156205,3.890625,1.7578764,0.17634152
1847,1299075,4.090212,4.65625,2.3464558,0.2349176
1847,1330935,5.377902,4.28125,0.542217,0.05429293
1847,1330947,0.036296,0.61328125,0.40351012,0.06424374
1847,1330950,1.771949,1.40625,1.8382744,0.18837842
1847,1331033,4.139845,3.796875,0.31581265,0.03179189
1847,1480371,4.582583,2.421875,8.85604,0.90215874
1847,1660034,2.569025,3.0625,3.220236,0.3282341
1847,1660036,4.096352,4.90625,2.3972616,0.23986591
1847,1674021,5.60554,5.03125,0.64801717,0.0653742
1849,684052,-1.153924,-1.453125,0.32189104,0.048812006
1849,687448,0.327777,1.296875,0.8427388,0.10054655
1849,687457,0.893751,0.4375,0.44494346,0.045228433
1849,687505,-0.240843,-1.9375,0.5676586,0.1342896
1849,687562,-2.056675,-1.015625,0.2273622,0.030154418
1849,687812,1.140233,0.47265625,0.6314212,0.06605943
1849,687997,-0.477609,1.265625,0.9638313,0.098489195
1849,688006,-1.777086,-0.4609375,0.64765775,0.09872484
1849,722046,-1.739499,-1.1875,0.86643136,0.11202599
1849,724839,0.522704,1.78125,0.92292374,0.09443897
1849,724866,0.204161,0.19335938,0.72764003,0.08080278
1849,724870,-1.245099,-0.80078125,0.37631753,0.042961713
1849,749711,-1.810142,0.21484375,1.2494017,0.1272039
1849,749714,2.479604,0.51953125,0.34188554,0.038334604
1849,753562,-0.162583,-0.65625,0.92996985,0.113956906
1849,753572,-0.731206,-1.203125,0.6170551,0.10618165
1849,753575,3.448456,0.8671875,0.3982542,0.047053702
1849,753624,2.129745,0.65234375,0.5121384,0.05343699
1849,905937,-1.919978,-0.90234375,0.23536776,0.030757967
1849,905943,-3.594587,-0.96484375,0.13822837,0.01819626
1849,905949,-2.622716,-1.3125,0.2586439,0.037157208
1849,905951,0.020222,0.26171875,0.49470514,0.052496243
1849,905955,1.262072,0.64453125,0.9892656,0.1034972
1849,905959,3.339047,0.24609375,0.40851125,0.065039985
1849,905968,-1.424244,-0.2578125,0.1898769,0.02288812
1849,905969,-0.059014,0.40234375,0.28003964,0.031849097
1849,905984,-1.447103,-0.87109375,0.30851957,0.048043538
1849,905986,-1.145937,-0.0048828125,0.29334605,0.03278321
1849,906793,-0.625595,-1.0234375,0.19451918,0.028480178
1849,906794,-0.332227,-0.578125,0.5505442,0.07274309
1849,906795,1.589141,0.5,0.63749665,0.071976
1849,906818,-1.319053,0.44140625,0.4403635,0.05308225
1849,906821,1.339547,0.51953125,0.51133233,0.054164723
1849,906833,-0.826943,-1.171875,0.24390541,0.035370402
1849,906834,-0.55009,-1.84375,0.33712405,0.05307741
1849,906835,0.763409,2.0625,0.59255534,0.07200567
1849,906872,1.043387,0.1640625,0.8020636,0.08879619
1849,907048,0.230376,0.484375,0.66535807,0.06893115
1849,907065,-0.062451,-0.11425781,0.26355624,0.03136655
1849,907068,0.408948,0.6953125,0.96816623,0.11639937
1849,907071,-0.676977,0.92578125,0.659061,0.066896215
1849,907270,-1.984683,-2.265625,0.39768314,0.047812104
1849,907276,0.977034,1.359375,0.81779695,0.083566666
1849,907281,-1.871934,-1.234375,0.9388157,0.10018605
1849,907287,-0.76285,-0.26953125,0.6628623,0.067827955
1849,907295,-0.071402,-0.3125,1.1580945,0.16715264
1849,907791,-0.112085,-0.10546875,1.0514041,0.10736724
1849,907794,-1.446314,-0.2734375,0.58991104,0.07038186
1849,908125,-0.10605,0.59765625,0.34579736,0.0404789
1849,908126,-2.290259,-1.28125,1.303051,0.1702833
1849,908129,0.337476,0.5859375,0.7485934,0.077912435
1849,908159,-2.085535,-2.140625,0.55560386,0.06393338
1849,908451,-1.832013,-0.421875,0.32448733,0.036263436
1849,908452,0.557611,-0.34765625,0.3081635,0.034116674
1849,908459,1.104746,0.6171875,0.70493746,0.07553187
1849,908470,0.51868,1.203125,0.9989167,0.107489526
1849,908471,-0.397033,-1.109375,0.91029406,0.107047305
1849,908473,-0.866323,0.37890625,0.36975947,0.041747365
1849,909249,-0.828915,-0.8828125,0.28949133,0.031603053
1849,909263,-0.37092,1.703125,0.40447527,0.041304186
1849,909264,-0.70719,0.31054688,0.3266471,0.03714979
1849,909696,-1.791156,-1.53125,0.27484813,0.036591254
1849,909706,0.410265,1.328125,0.5863672,0.05969913
1849,909712,-0.535593,-0.26367188,0.2851887,0.03062155
1849,909713,1.363078,0.091796875,0.25320104,0.03296979
1849,909718,0.293603,-0.94140625,0.39099526,0.058685135
1849,909724,0.60369,-0.34570312,0.18659264,0.020034999
1849,909726,0.109936,-0.28515625,0.73300725,0.079234175
1849,909727,0.58332,0.4375,0.45635742,0.046956334
1849,909731,-1.27213,-1.890625,0.24815111,0.03104639
1849,909738,0.174,1.015625,0.8111347,0.08288588
1849,909757,2.192355,0.47265625,0.66395974,0.07420155
1849,909776,-0.619996,-0.048828125,0.34014225,0.03854187
1849,909778,0.624528,-0.421875,0.4197563,0.043351773
1849,909784,-0.982037,0.75390625,0.5062074,0.05381479
1849,909905,-0.436892,-0.32617188,0.2985341,0.03712199
1849,909907,2.021195,1.390625,1.1433698,0.11754397
1849,909975,1.155348,0.7734375,0.48666996,0.05273096
1849,910546,0.023709,-0.29882812,0.55998,0.08082426
1849,910702,2.113297,2.484375,0.7638737,0.1072829
1849,910706,-3.841577,-2.296875,0.8962274,0.1299681
1849,910781,-3.041701,-0.8671875,0.50770795,0.060275454
1849,910784,-0.674719,-0.56640625,0.6197203,0.074702255
1849,910851,-1.392277,-1.40625,0.47819546,0.071053796
1849,910852,-0.12776,0.33789062,0.4684259,0.05155685
1849,910911,0.68872,0.41992188,0.34023175,0.040904917
1849,910915,-0.790037,1.1875,1.1070936,0.11495155
1849,910925,0.164695,-0.020996094,0.25893494,0.029676476
1849,910926,-0.949863,-0.828125,0.29987955,0.035868708
1849,910943,0.068332,0.140625,0.47859854,0.050879702
1849,924100,-0.998911,-0.61328125,0.25198606,0.027238348
1849,924102,-0.579678,0.37304688,0.8906399,0.1057374
1849,924187,1.488978,1.0625,0.49769762,0.054936785
1849,924239,-0.808026,-0.97265625,0.70673865,0.073467754
1849,930083,1.756859,1.71875,0.90381974,0.11238779
1849,946360,-0.538471,0.234375,0.6592863,0.077175796
1849,946361,-1.540164,-0.40039062,0.31971505,0.036361407
1849,1240121,-0.350414,-1.265625,0.838846,0.09864528
1849,1240143,1.064866,-0.15917969,0.31931025,0.04100174
1849,1240144,1.246712,0.6875,0.89876926,0.09520538
1849,1240151,-0.123394,0.328125,1.0703412,0.12001417
1849,1240153,-0.545104,-0.67578125,0.23895244,0.034169983
1849,1240154,-2.214436,-1.125,0.30385605,0.05261954
1849,1240157,1.379649,-0.203125,0.34201887,0.036293752
1849,1240160,0.956704,0.41210938,0.7131093,0.074406475
1849,1240172,-0.076713,1.3125,0.53231794,0.05740868
1849,1240182,1.773695,1.75,0.2927029,0.030501876
1849,1240186,2.378765,1.078125,0.7827741,0.079740666
1849,1240190,-0.213518,-0.23339844,0.36085933,0.04732892
1849,1240197,1.304057,1.25,0.2673574,0.030080268
1849,1240207,-0.348819,0.3515625,0.3151267,0.038398933
1849,1240215,-0.820872,0.008056641,0.40938044,0.060527634
1849,1240219,1.611984,1.21875,0.991179,0.104305536
1849,1247871,0.067542,-1.59375,0.45480213,0.111320436
1849,1290797,0.667701,-0.96484375,0.85070807,0.09390274
1849,1290922,1.649748,0.078125,0.6969046,0.08294053
1849,1298151,-0.524301,0.39257812,0.38708413,0.043259013
1849,1298169,0.458519,-0.060546875,0.25380528,0.029325865
1849,1298348,1.5761,0.31054688,0.4758961,0.056637697
1849,1298358,1.833671,0.13671875,0.64508265,0.067058414
1849,1298365,-0.525298,0.66015625,0.40725237,0.042549074
1849,1298526,0.964159,0.2890625,0.29371694,0.066109285
1849,1298534,-0.937331,0.68359375,0.32751152,0.034465283
1849,1299075,-0.981222,-0.62109375,0.28324366,0.029592844
1849,1322212,0.365315,-0.104003906,0.29753926,0.034100913
1849,1330935,-1.585926,-1.1875,1.3576035,0.13968892
1849,1330947,-2.53769,-3.515625,0.7505407,0.14180675
1849,1330948,-2.152351,-1.953125,0.32866412,0.03661202
1849,1331033,-3.646184,-2.515625,0.6026938,0.090922855
1849,1480359,-1.289849,-0.119140625,0.22339636,0.024658905
1849,1480362,-0.935596,0.20507812,0.53792465,0.06730019
1849,1503371,-0.433476,-0.91015625,1.0583103,0.13543504
1849,1659817,0.30089,-1.625,0.56805754,0.05997007
1849,1659819,-0.347755,-1.890625,0.32506838,0.038406804
1849,1659823,0.25303,0.55859375,0.8296349,0.08495429
1852,687455,4.983716,5.4375,0.08315232,0.009422074
1852,687505,5.217949,5.34375,0.08733415,0.009440356
1852,687562,4.428182,5.21875,0.1288984,0.014452993
1852,687586,4.857598,4.9375,0.16124181,0.01724123
1852,687590,6.072557,5.71875,0.30991036,0.033499658
1852,687800,6.861417,6.03125,0.16586925,0.020502638
1852,687995,3.818037,4.65625,0.11099781,0.012445854
1852,688006,5.376049,5.0625,0.11998829,0.013283864
1852,722045,4.634575,4.75,0.20974249,0.02592569
1852,724834,5.737418,5.9375,0.1468291,0.020996425
1852,724859,6.350921,5.84375,0.16746399,0.019045793
1852,735784,6.065609,5.96875,0.0859629,0.012902315
1852,753539,5.350443,4.8125,0.11499358,0.012120265
1852,753540,3.759143,4.03125,0.7167106,0.087824486
1852,753551,5.437497,4.78125,0.1299418,0.014148938
1852,753569,5.38165,5.625,0.17697348,0.025077734
1852,753574,6.707839,7.15625,0.09103439,0.009840333
1852,753586,6.110749,5.53125,0.084714904,0.0112355035
1852,753592,5.477685,5.4375,0.10756578,0.014266153
1852,905938,4.881962,3.421875,0.3145235,0.034820788
1852,905944,5.55019,5.25,0.05543062,0.009786448
1852,905950,5.393027,5.0,0.45914048,0.04694913
1852,905954,4.496222,5.0625,0.15553819,0.016228996
1852,905962,6.055224,7.0,0.18670069,0.019506188
1852,905972,4.510611,5.90625,0.18754575,0.019866461
1852,905982,3.531993,4.59375,0.48863313,0.049866404
1852,905984,4.801382,4.9375,0.07656317,0.010999192
1852,905986,4.60098,5.5625,0.17876342,0.019153949
1852,905989,2.805435,5.625,0.17003556,0.018257217
1852,906791,4.349221,4.96875,0.27422312,0.028949847
1852,906793,4.860286,5.25,0.14581661,0.015960675
1852,906794,4.246967,5.15625,0.11894212,0.01453386
1852,906800,4.506641,4.15625,0.1871049,0.01954842
1852,906805,6.461148,5.9375,0.30308762,0.034736805
1852,906813,3.702295,4.59375,0.5950584,0.06479396
1852,906818,4.409361,5.1875,0.12210651,0.019551354
1852,906834,2.37163,4.53125,0.25896737,0.02725212
1852,906842,3.364134,3.046875,0.090338305,0.010574966
1852,906855,4.650764,3.984375,0.43370092,0.045194946
1852,906999,5.331656,5.375,0.18096219,0.019974943
1852,907053,3.743117,3.8125,0.20897157,0.022175277
1852,907055,4.975907,4.65625,0.16585016,0.020623064
1852,907061,4.640231,4.90625,0.1748297,0.019242465
1852,907062,5.05179,5.21875,0.16517603,0.018400023
1852,907067,5.131411,5.40625,0.10428181,0.0130066825
1852,907276,5.209277,6.0,0.84883285,0.09219555
1852,907277,4.058416,3.578125,0.15415756,0.017016198
1852,907282,4.772619,4.875,0.21775864,0.02359427
1852,907313,3.532837,5.96875,0.16428132,0.018081466
1852,907323,4.785693,3.921875,0.5316267,0.059813093
1852,907794,5.697704,5.6875,0.12624733,0.015299549
1852,908124,2.678691,4.1875,0.3049737,0.031906415
1852,908132,3.797128,4.5,0.3807723,0.04088464
1852,908443,5.867781,6.0625,0.10582348,0.012227347
1852,908444,4.534756,5.25,0.17580616,0.019192325
1852,908451,4.826424,4.4375,0.16666508,0.018292477
1852,908459,6.08082,5.53125,0.19736753,0.022620251
1852,908467,5.057913,4.90625,0.4313922,0.0504986
1852,909250,4.420584,5.875,0.15437305,0.016809177
1852,909251,4.531856,4.46875,0.34139243,0.034685172
1852,909696,4.716553,4.65625,0.08869462,0.010291614
1852,909707,5.473273,5.28125,0.3142025,0.033530228
1852,909724,4.162801,4.78125,0.75942844,0.08228449
1852,909725,6.17319,5.90625,0.5451226,0.056089714
1852,909736,6.42224,6.28125,0.114935756,0.012315011
1852,909737,6.070251,6.15625,0.15531233,0.016294979
1852,909746,6.272631,5.875,0.17699467,0.022574812
1852,909748,5.900268,5.65625,0.1385172,0.014305839
1852,909749,6.083838,6.15625,0.25203142,0.027513647
1852,909751,4.500542,4.75,0.41136494,0.0422205
1852,909755,5.820473,5.75,0.10178694,0.011492165
1852,909762,3.734849,3.765625,0.5039456,0.050568953
1852,909781,7.362354,7.53125,0.093393534,0.0138770975
1852,909976,4.926705,4.625,0.20371854,0.021256177
1852,910554,5.359739,5.28125,0.21696134,0.023295777
1852,910567,3.552434,4.0625,0.25707293,0.027011473
1852,910689,6.021607,7.3125,0.8796707,0.16620451
1852,910704,4.793046,4.5625,0.75391704,0.08029926
1852,910911,5.62274,5.28125,0.11554247,0.015563041
1852,910926,5.06869,4.84375,0.08659283,0.009001603
1852,910933,5.451238,5.375,1.0830435,0.115577355
1852,910943,5.720666,6.5625,0.1527724,0.017965484
1852,910951,4.471089,3.9375,0.55456597,0.058183666
1852,924187,6.344957,7.03125,0.24756235,0.027097475
1852,924240,4.889928,4.625,0.06673332,0.0077770385
1852,925338,5.705591,5.5625,0.1664831,0.02006819
1852,925347,6.421515,6.375,0.087026514,0.011252169
1852,930082,5.49955,5.5625,0.10657836,0.016687607
1852,946354,2.186854,3.75,0.6314533,0.071044534
1852,946359,6.9799,6.46875,0.27278933,0.02809334
1852,946360,5.83893,5.46875,0.07774815,0.009422074
1852,946361,5.33954,5.46875,0.118214756,0.012640442
1852,1240123,5.272875,4.5,0.16699836,0.01723051
1852,1240125,4.78583,4.5625,0.44691473,0.049051534
1852,1240128,4.569261,5.375,0.27427995,0.030188361
1852,1240145,5.597848,5.46875,0.11590053,0.012344498
1852,1240150,4.440142,3.953125,0.84774554,0.09046746
1852,1240190,6.066869,5.65625,0.37485665,0.043312717
1852,1240192,6.041388,5.59375,0.1521538,0.016145987
1852,1240215,5.447765,6.5625,0.117814675,0.01677049
1852,1240219,6.935547,6.34375,0.22187446,0.02258945
1852,1240220,5.419939,5.40625,0.38378417,0.040876627
1852,1240224,4.4832,5.75,0.30585727,0.036677223
1852,1290722,5.173189,6.0,0.092993565,0.010075904
1852,1290725,2.983955,4.40625,0.17962515,0.021709861
1852,1290905,6.874843,6.625,0.23722382,0.026343169
1852,1290908,6.128789,6.3125,0.16493234,0.021178503
1852,1298146,4.619701,6.34375,0.076444186,0.008097625
1852,1298169,5.76575,5.625,0.17912288,0.021163356
1852,1298226,5.483059,5.0625,0.29983115,0.03494204
1852,1298351,4.524939,3.984375,0.3204355,0.034333672
1852,1298357,4.250797,7.28125,0.57083344,0.062000778
1852,1298359,4.311201,5.25,0.1419984,0.017765535
1852,1298475,5.167288,6.65625,0.12056073,0.014177508
1852,1298526,6.415573,6.3125,0.19498041,0.02557288
1852,1298534,4.91812,5.875,0.21748434,0.022167873
1852,1298538,5.825643,5.65625,0.1548246,0.016318433
1852,1299050,4.792083,5.28125,0.48119017,0.050207824
1852,1323913,3.40689,2.875,0.40802228,0.042629514
1852,1327765,3.826382,3.921875,0.13413717,0.014260092
1852,1327768,2.366489,3.4375,0.14323227,0.016115002
1852,1330942,5.100582,4.625,0.12819472,0.016813526
1852,1330948,3.58377,3.890625,0.74915886,0.0763163
1852,1330985,3.809582,3.828125,0.22259997,0.024570998
1852,1330995,5.00184,5.1875,0.07310874,0.007833376
1852,1331038,4.228998,4.21875,0.104030155,0.011327503
1852,1479995,3.334372,3.953125,0.8087738,0.08582403
1852,1480371,5.74576,5.5625,0.29499793,0.03228964
1852,1503361,4.688547,5.53125,0.3288052,0.034064244
1852,1503363,4.593138,5.75,0.3868582,0.042123724
1852,1659819,3.478596,2.953125,0.47543064,0.04920208
1852,1674021,5.745434,6.0625,0.19996305,0.022205444
1853,687457,3.335034,4.53125,0.45226428,0.048458718
1853,687561,5.266658,4.8125,0.1363802,0.014397713
1853,687780,5.668665,3.53125,0.9835182,0.10189256
1853,687812,6.16145,5.125,0.30238393,0.035239536
1853,688010,2.09953,3.078125,1.1883565,0.13910854
1853,688011,3.320079,3.703125,0.31683627,0.031882133
1853,688031,4.090342,3.1875,0.3190717,0.035898626
1853,688058,4.543744,4.78125,0.4948476,0.05567509
1853,713880,2.912805,2.953125,0.12854867,0.01511686
1853,722046,3.716731,3.171875,0.64627796,0.06985921
1853,722066,5.319666,5.03125,0.14670937,0.01479656
1853,724872,3.514115,2.6875,0.11032727,0.018519077
1853,724874,6.308084,6.34375,0.66319144,0.06731547
1853,749709,0.868503,2.46875,0.93658775,0.097724415
1853,749711,1.869131,2.125,1.9679058,0.20481656
1853,749714,4.384072,3.90625,0.9369991,0.095152214
1853,749715,4.275397,3.015625,0.46888536,0.048425745
1853,753535,1.85197,4.25,0.2768701,0.028054114
1853,753569,3.295144,3.671875,0.24848135,0.036738414
1853,753570,3.661847,3.921875,0.15629296,0.01746669
1853,753572,3.06353,3.109375,0.3003803,0.036808085
1853,753575,5.496497,5.34375,0.5329848,0.054027583
1853,753586,4.893379,5.09375,0.15722947,0.01840522
1853,753608,3.795328,4.78125,0.28606611,0.030411623
1853,753615,4.058403,4.9375,0.426523,0.04292801
1853,905937,4.848574,5.46875,0.15678881,0.016449887
1853,905938,0.92972,2.171875,1.2941191,0.175712
1853,905947,5.564089,4.09375,0.15645574,0.023725167
1853,905948,3.688954,4.75,1.0638044,0.1130928
1853,905951,5.64724,5.28125,0.4026404,0.041065197
1853,905954,5.304834,4.96875,0.3410243,0.034760125
1853,905963,3.530781,4.9375,0.40896738,0.042672027
1853,905973,3.734558,4.15625,0.63586426,0.066617295
1853,906696,4.428908,4.9375,0.23003273,0.023590814
1853,906746,5.577013,5.28125,0.1248584,0.016316554
1853,906792,4.580238,5.0,0.19438496,0.02074386
1853,906800,4.526662,3.765625,0.09241224,0.009655082
1853,906830,5.649115,5.25,0.13993797,0.015588592
1853,906831,3.484058,4.125,0.19802067,0.020099556
1853,906842,1.381074,1.9375,0.222906,0.025257705
1853,906846,4.280823,5.125,0.50206655,0.051303722
1853,906851,4.076353,3.578125,0.47043267,0.05163277
1853,906856,2.49266,2.3125,0.42236134,0.043349117
1853,906863,5.137654,4.40625,0.18935053,0.026711658
1853,906871,3.078974,4.03125,0.11923884,0.013561113
1853,907000,5.044155,4.84375,0.066699415,0.0073007294
1853,907051,3.454246,3.3125,0.6640591,0.08282563
1853,907053,4.029186,3.0625,0.25890076,0.027683683
1853,907056,5.16013,4.625,0.45614707,0.045837298
1853,907060,3.568698,3.015625,0.10820426,0.01500025
1853,907064,2.352268,3.453125,0.251082,0.027635101
1853,907068,3.468126,2.921875,0.1508984,0.028311446
1853,907072,4.39277,4.28125,0.34128422,0.03680634
1853,907171,5.434143,4.59375,0.36287972,0.047593907
1853,907175,4.488512,3.71875,0.16513108,0.016831579
1853,907176,2.082811,3.203125,0.5036068,0.05558905
1853,907269,5.04663,4.65625,0.12352673,0.012606255
1853,907783,3.737483,3.09375,0.19211617,0.02315805
1853,907791,1.427289,2.921875,0.48725447,0.049457457
1853,907792,5.834802,5.84375,0.55146265,0.059610173
1853,908125,3.220126,4.34375,0.19307823,0.0196469
1853,908127,3.501049,3.28125,0.15908067,0.019438496
1853,908132,4.620377,3.71875,0.5966706,0.060458187
1853,908147,2.927843,2.703125,0.06980473,0.008000305
1853,908444,2.959276,3.5625,0.30132353,0.03209379
1853,908445,3.204489,3.203125,0.50215775,0.05778333
1853,908463,3.667866,6.46875,0.6085623,0.06297981
1853,908469,3.736741,4.0625,0.28211457,0.029734734
1853,908471,2.104828,3.140625,0.36208087,0.042779826
1853,908481,3.507705,3.828125,0.41418126,0.042509552
1853,908483,2.922504,4.3125,0.13841432,0.015150442
1853,909735,3.0146,4.125,0.46963814,0.06300975
1853,909736,4.641257,5.9375,0.12628871,0.012913576
1853,909745,4.910498,4.8125,0.3998765,0.0411448
1853,909746,5.07282,4.9375,0.44521895,0.045936678
1853,909748,4.346404,3.6875,0.33191553,0.033674862
1853,909749,4.070231,4.71875,0.31400695,0.033149846
1853,909762,3.30923,3.484375,0.18487453,0.018557716
1853,910554,3.920779,3.109375,0.19857843,0.023575373
1853,910567,3.79086,4.53125,0.40649348,0.041825645
1853,910691,4.677367,4.03125,0.16339168,0.016811984
1853,910700,3.71979,4.875,0.50645685,0.0513385
1853,910703,4.687337,4.6875,0.14698128,0.015019297
1853,910784,3.327475,3.984375,0.6430151,0.06848716
1853,910851,2.510835,2.453125,0.33314174,0.040594112
1853,910900,2.798198,2.9375,0.20449045,0.024987241
1853,910916,2.749367,2.921875,0.38334414,0.075621784
1853,910920,4.376792,3.84375,0.56449205,0.0583585
1853,910925,4.775403,4.84375,0.30456287,0.031552736
1853,910926,3.72181,3.546875,0.15658061,0.016221764
1853,910933,5.673985,4.59375,0.86703783,0.088850304
1853,924189,5.636466,3.765625,0.7720941,0.079740666
1853,930082,2.272489,3.640625,0.37564564,0.05001069
1853,949176,3.525143,3.1875,0.26047206,0.026653027
1853,1240121,5.082405,3.578125,0.43056306,0.049749304
1853,1240122,1.783619,3.546875,0.37833786,0.04319236
1853,1240127,3.217428,4.46875,0.48661363,0.050468717
1853,1240143,4.071963,2.890625,0.5550177,0.058792256
1853,1240169,4.846973,4.5,1.0929229,0.1127653
1853,1240174,2.658124,3.65625,0.6311592,0.083394706
1853,1240182,6.747538,5.375,0.58762467,0.05936934
1853,1240198,3.599304,3.921875,0.8145466,0.088048145
1853,1240210,3.537342,3.09375,0.26746973,0.027680311
1853,1240217,3.106035,3.53125,0.26641664,0.055394568
1853,1247871,3.409557,3.9375,0.24153224,0.025269158
1853,1290798,5.361773,3.8125,0.9814811,0.11081325
1853,1290807,4.541436,4.75,0.48284832,0.055339143
1853,1290905,5.017171,4.71875,0.49275482,0.062436413
1853,1297447,3.169885,2.90625,0.6506607,0.08944144
1853,1298134,1.684301,3.0625,0.21635045,0.03297909
1853,1298144,4.445607,4.125,0.59941417,0.061675977
1853,1298151,1.73476,3.484375,0.64814425,0.066230685
1853,1330972,4.38397,2.578125,0.2804397,0.04439935
1853,1330975,4.451058,3.625,0.277708,0.028340893
1853,1330984,2.23158,3.34375,0.13604887,0.014411468
1853,1331036,3.117415,3.390625,0.07427674,0.007600431
1853,1331040,1.253286,2.046875,0.20416397,0.029061997
1853,1480360,3.754724,4.09375,0.17400718,0.020023018
1853,1480361,3.237362,4.625,0.1418979,0.015374716
1853,1480374,3.105616,3.015625,0.38542157,0.04915865
1853,1659817,4.67652,4.5,0.15578264,0.016368577
1854,687586,3.572775,4.59375,0.2677317,0.02754792
1854,687592,4.508974,4.125,0.3996311,0.04218922
1854,687802,4.205541,5.90625,0.553262,0.057582643
1854,687995,3.686512,4.4375,0.19387102,0.021057202
1854,688058,5.743887,5.59375,0.1583258,0.019512936
1854,688086,5.111277,4.34375,0.24686776,0.02818328
1854,713899,4.145603,5.0625,0.102182835,0.012016334
1854,722058,4.932998,4.40625,0.20798856,0.023169186
1854,724812,5.301763,5.15625,0.19335233,0.021281138
1854,724825,4.699576,4.09375,0.5048507,0.055113304
1854,724839,5.560105,6.34375,0.1680927,0.01704651
1854,724866,3.986215,6.21875,0.93381596,0.09674341
1854,724869,6.175496,6.0625,0.14336808,0.018107418
1854,724878,6.898833,6.03125,0.15437265,0.01703994
1854,749710,5.072188,5.34375,0.27344123,0.028531106
1854,749714,4.809723,5.25,0.2843997,0.029401904
1854,753535,3.74462,4.8125,0.26687476,0.027141742
1854,753540,4.7078,3.515625,0.70917815,0.07553415
1854,753556,5.15026,5.09375,0.33892852,0.036099076
1854,753566,5.763623,5.40625,0.15376134,0.015794162
1854,753586,5.050658,5.03125,0.15694188,0.01665408
1854,753608,6.126745,4.8125,0.9432125,0.09573825
1854,753620,5.188896,4.625,0.15578437,0.016043529
1854,753621,4.040634,4.71875,0.70041704,0.07802397
1854,753622,3.025322,3.421875,0.18597202,0.024664955
1854,905939,4.471427,5.09375,0.25321567,0.026491482
1854,905942,4.220927,5.0,0.10034943,0.011251883
1854,905943,4.0709,3.515625,0.15428965,0.017187318
1854,905947,5.666986,5.09375,0.12060514,0.015089009
1854,905970,5.128402,5.53125,0.99276507,0.10896183
1854,905977,6.17626,5.8125,0.20737001,0.022219056
1854,906790,4.121774,4.3125,0.6149347,0.06631861
1854,906813,4.604003,4.84375,0.33199823,0.03504919
1854,906817,5.790316,6.53125,0.16682202,0.018211547
1854,906824,5.120545,5.25,0.16914138,0.019236563
1854,906825,3.514375,3.765625,0.26138812,0.039232183
1854,906826,6.830675,6.75,0.3478159,0.03697623
1854,906834,3.728798,4.1875,0.38081732,0.039684072
1854,906851,4.599505,4.84375,0.43113393,0.04639264
1854,906855,4.312313,4.34375,0.34804374,0.035750594
1854,906863,5.383519,4.71875,0.19728519,0.024106812
1854,906999,4.047178,4.875,0.38934156,0.040210586
1854,907062,5.303053,4.375,0.18519036,0.020502362
1854,907065,5.559658,4.90625,0.43987247,0.044570472
1854,907069,4.240225,5.65625,0.24291414,0.025313508
1854,907073,3.499523,3.828125,0.28714183,0.02901073
1854,907281,3.643013,3.828125,0.2774749,0.028250236
1854,907289,4.248371,4.8125,0.75103045,0.07535494
1854,907299,5.296167,5.0625,0.23026201,0.023632975
1854,907311,3.045184,3.546875,1.222627,0.12614788
1854,907312,5.185762,4.46875,0.09111778,0.012853974
1854,907318,3.252003,4.71875,0.09300825,0.010792144
1854,907322,4.779427,4.28125,0.26388982,0.027042292
1854,907791,3.484859,4.5,0.2985572,0.030363914
1854,907799,4.025552,3.71875,0.1429954,0.014528208
1854,908123,3.208062,4.59375,0.8282773,0.08415225
1854,908127,4.922784,4.4375,0.15645035,0.017727548
1854,908130,4.023066,4.3125,0.5715834,0.059281282
1854,908131,5.774983,5.125,0.25476757,0.02626147
1854,908150,4.038611,4.375,0.4870946,0.05241435
1854,908152,3.399805,4.6875,0.51590854,0.055514906
1854,908158,4.296174,4.15625,0.17805727,0.018274933
1854,908460,7.901726,8.3125,0.28615186,0.031238493
1854,908465,5.636904,5.53125,0.21591945,0.022794705
1854,908467,3.76706,4.46875,0.32240197,0.036273308
1854,908470,7.546682,6.375,0.32692152,0.044569403
1854,909251,4.531108,4.46875,0.2931367,0.029589329
1854,909696,4.017811,4.6875,0.116745606,0.013134998
1854,909698,5.655196,4.40625,0.1871906,0.019639567
1854,909704,5.181341,4.96875,0.17531833,0.018316979
1854,909731,4.414857,3.734375,0.2656847,0.027758311
1854,909745,5.829805,4.6875,0.49136117,0.052435778
1854,909762,3.63949,3.703125,0.3997056,0.040088873
1854,909771,5.139924,3.921875,0.4403217,0.044316802
1854,909904,6.65853,6.34375,0.41242,0.04308898
1854,910079,4.22764,4.46875,1.3986627,0.14126635
1854,910703,5.513376,4.6875,0.4634569,0.046809614
1854,910852,4.293928,5.1875,0.2227444,0.026921343
1854,910899,5.209449,4.21875,0.19034874,0.019568777
1854,910915,5.584741,5.65625,0.59991217,0.062362798
1854,910925,4.991046,4.40625,0.4970159,0.0516664
1854,910933,5.7023,5.75,0.33699965,0.034991283
1854,910941,4.833894,4.90625,0.45127618,0.045479465
1854,910947,3.905284,3.453125,0.18658857,0.019092837
1854,917486,3.997079,5.40625,0.28866932,0.029130045
1854,924187,5.292533,5.78125,0.7311157,0.07902971
1854,924248,4.773374,3.953125,0.31415114,0.03181884
1854,925338,4.488748,5.1875,0.12806486,0.01351986
1854,930082,4.536834,4.8125,0.2254296,0.036941852
1854,946353,3.951517,4.59375,0.23087,0.02754493
1854,1240127,5.51404,5.46875,0.34914887,0.03629515
1854,1240128,5.517522,5.4375,0.18248917,0.021267116
1854,1240160,5.716645,6.15625,0.28767285,0.029626127
1854,1240174,4.717142,4.90625,0.23915376,0.025472125
1854,1240187,5.125765,4.96875,0.26211932,0.026750026
1854,1240192,5.384517,5.4375,0.21412182,0.021776654
1854,1240196,6.126173,5.15625,0.27472293,0.033029012
1854,1240198,4.714976,5.96875,0.18148087,0.019068774
1854,1240210,4.302476,4.125,0.321585,0.032626767
1854,1240212,5.487684,4.84375,0.078421205,0.009811341
1854,1240221,4.364968,4.375,0.11441109,0.013333362
1854,1290725,3.161954,3.984375,0.11526331,0.013492677
1854,1290765,3.755125,5.09375,0.43672732,0.045958474
1854,1290798,5.146749,4.75,0.31726012,0.03804461
1854,1298145,3.197343,4.6875,0.45040798,0.045936998
1854,1298169,4.891765,5.03125,0.1528122,0.016969452
1854,1298226,4.273516,5.59375,0.24697225,0.027342213
1854,1298356,4.91029,5.84375,0.41008183,0.049302757
1854,1298534,6.511206,5.9375,0.37838772,0.03801774
1854,1298537,5.632234,4.53125,0.31969962,0.034051016
1854,1299052,4.197382,4.5,0.98479134,0.10551735
1854,1299062,5.48917,6.84375,0.2843932,0.030023508
1854,1323913,4.095436,2.171875,0.28843728,0.029557807
1854,1330984,3.389318,3.46875,0.16285494,0.01667628
1854,1330991,3.619906,3.84375,0.16196443,0.016561573
1854,1330995,3.752979,4.96875,0.19032618,0.019262403
1854,1331036,2.932993,3.765625,0.099150114,0.010125007
1854,1331038,4.228148,4.53125,0.10661619,0.011219627
1854,1331048,4.750828,4.40625,0.3370895,0.034184705
1854,1480372,6.47066,6.03125,0.18592256,0.020918068
1854,1503371,3.13779,3.90625,0.93815,0.10140901
1854,1660035,6.117746,6.1875,0.116170526,0.012786198
1855,684052,2.741347,3.359375,0.14426607,0.016812632
1855,687505,2.895514,3.265625,0.8088268,0.08927981
1855,687506,3.658554,4.875,0.3087581,0.032394126
1855,687586,3.828751,5.15625,0.61336994,0.06195098
1855,687812,5.896689,5.78125,0.9837842,0.10039798
1855,687816,7.567914,6.09375,0.6917883,0.069893286
1855,687997,6.399127,6.875,0.5275087,0.05311384
1855,688011,4.448609,5.46875,0.25343516,0.025436874
1855,688025,2.762319,4.3125,0.38185352,0.039160673
1855,724866,6.067945,6.1875,2.3994193,0.25211462
1855,724874,6.308233,5.5625,2.1404223,0.22393149
1855,724878,7.657908,7.3125,0.3425803,0.034878734
1855,735784,3.060142,5.625,0.7601577,0.07814791
1855,749713,4.830507,4.125,0.9991814,0.10247023
1855,749716,4.555194,4.25,1.9715959,0.20204064
1855,753535,4.498149,6.03125,0.35283914,0.035615716
1855,753540,5.701013,4.25,0.45769662,0.04936102
1855,753562,3.066953,3.40625,0.31490168,0.041764542
1855,753586,5.93861,3.859375,0.32381323,0.034242187
1855,753592,4.044789,4.28125,0.37892887,0.039699066
1855,753612,6.330244,5.34375,2.4862523,0.25028336
1855,753615,3.802651,5.28125,1.0959655,0.11003994
1855,905934,6.00117,6.6875,0.93720955,0.10041911
1855,905938,5.548816,3.734375,0.4042023,0.041553963
1855,905943,4.840547,3.390625,0.11920643,0.012979998
1855,905944,5.426106,4.0625,0.70273256,0.07529562
1855,905950,4.641276,4.84375,1.0500357,0.10668272
1855,905962,3.779877,5.21875,0.24905355,0.02741184
1855,905964,2.95546,3.203125,0.85800666,0.087734945
1855,905965,1.198071,1.828125,0.77052426,0.0786342
1855,905977,5.224402,6.53125,1.3083256,0.13236356
1855,905984,5.324195,3.5625,0.6060911,0.06893115
1855,906795,5.524847,5.40625,1.3219163,0.13725698
1855,906800,2.17881,1.359375,0.24709542,0.026838144
1855,906831,4.369159,3.578125,0.4444683,0.04490586
1855,906842,0.933235,1.640625,0.41038477,0.043881536
1855,906846,3.463547,3.578125,0.96619815,0.097447135
1855,906849,3.904227,4.75,0.2595956,0.026314678
1855,906851,3.905684,4.9375,0.5864648,0.0621234
1855,906863,3.242139,3.828125,0.79064506,0.08654177
1855,906864,5.77279,5.1875,0.64650667,0.06520425
1855,906870,5.784854,3.0,1.0245786,0.10394977
1855,907042,4.70045,3.171875,0.5899017,0.06361889
1855,907045,4.1857,4.96875,1.0551897,0.10620107
1855,907048,5.264515,5.46875,0.93636525,0.09568258
1855,907051,3.886364,6.1875,0.5178303,0.056243878
1855,907064,5.745722,5.03125,0.45958346,0.049453985
1855,907068,4.960261,5.78125,0.2714746,0.031113647
1855,907271,5.446267,5.09375,0.9143989,0.09434561
1855,907277,2.333567,2.671875,0.26445612,0.027787248
1855,907282,5.075037,5.78125,0.19313946,0.01946931
1855,907290,7.504335,5.96875,0.67346907,0.06901421
1855,907313,3.901142,4.375,1.1553254,0.116653465
1855,907320,3.982439,3.984375,0.893703,0.09363017
1855,907783,2.407637,2.78125,0.3690337,0.038505312
1855,907789,2.568296,3.453125,0.440741,0.04503716
1855,907791,3.593193,5.84375,0.4405292,0.044407286
1855,907792,7.553263,6.3125,1.1187387,0.11417047
1855,907795,4.124252,3.296875,0.6330878,0.065258764
1855,907799,3.196456,2.796875,0.14232676,0.014699286
1855,908124,5.801439,4.96875,0.3272539,0.033486538
1855,908134,3.345715,5.40625,0.26339018,0.026688248
1855,908147,2.72495,2.046875,0.09593514,0.010162275
1855,908150,4.545032,4.84375,1.2719089,0.13176987
1855,908442,6.177631,4.125,2.3148298,0.23496059
1855,908449,7.083539,8.5,0.34855762,0.038051173
1855,908467,2.198439,3.984375,0.55286235,0.06264539
1855,909251,2.652459,2.25,0.26796252,0.027238348
1855,909260,2.526948,3.390625,0.599016,0.06048278
1855,909263,6.402438,6.0625,0.54998094,0.055274993
1855,909703,2.020374,3.78125,0.20198205,0.020492315
1855,909709,5.619806,5.28125,0.7817822,0.07946804
1855,909728,6.461014,5.90625,0.6386612,0.06431953
1855,909742,2.510305,2.515625,1.201293,0.120982125
1855,909753,4.475338,6.0,0.95785457,0.09687186
1855,909781,8.447869,8.0625,0.27376783,0.029592844
1855,909785,2.820764,2.53125,0.5933312,0.060170524
1855,909904,7.720796,7.21875,0.6561797,0.06677033
1855,909976,5.132794,3.3125,0.27465755,0.028236132
1855,910549,1.992596,4.8125,1.2432444,0.12503368
1855,910689,8.536632,8.25,0.8368188,0.11183724
1855,910692,4.227503,5.53125,0.27833733,0.027890358
1855,910698,4.914445,4.65625,0.48332912,0.049265057
1855,910780,3.990855,3.921875,1.3667032,0.14159055
1855,910781,4.399582,4.625,1.2114807,0.12511984
1855,910784,5.109895,5.3125,1.4199123,0.14328544
1855,910861,3.029497,3.453125,0.7401752,0.07558517
1855,910904,3.10083,4.53125,0.5011828,0.05565522
1855,910922,4.32206,4.53125,1.1192038,0.113040715
1855,910931,3.91632,3.3125,2.5975132,0.2680055
1855,910941,3.685598,4.15625,0.9130062,0.09187264
1855,910951,2.550736,2.796875,0.6911762,0.07036993
1855,924100,2.837072,5.375,0.24389602,0.02452874
1855,924151,5.291466,4.46875,0.9663292,0.099703655
1855,924250,6.124099,6.0,0.46554372,0.048338253
1855,925338,4.83718,6.15625,0.54739535,0.055304866
1855,925341,4.889916,5.34375,0.76154584,0.07916514
1855,925348,7.915625,6.28125,1.4365076,0.14602077
1855,946355,4.3636,3.765625,1.0949014,0.11113503
1855,946359,5.64656,6.5625,0.7465394,0.075500675
1855,949176,5.562659,5.1875,0.27905023,0.02820236
1855,1240145,3.999346,3.984375,1.4068117,0.14983869
1855,1240151,6.21936,6.46875,0.7265944,0.07311466
1855,1240154,2.989246,3.6875,0.7064351,0.079759434
1855,1240159,6.367359,6.59375,1.2885143,0.12960981
1855,1240185,5.467696,5.1875,0.7932947,0.07989265
1855,1240197,5.808807,6.8125,0.341053,0.03457185
1855,1240198,6.280726,5.71875,1.1498771,0.11676997
1855,1240212,4.409694,5.25,0.5770781,0.060922373
1855,1240222,3.918088,4.3125,0.907376,0.09353241
1855,1247871,2.189496,3.078125,0.8172102,0.08599813
1855,1290797,5.287962,5.125,0.6525643,0.06643878
1855,1290807,6.84447,6.21875,1.5079653,0.15529853
1855,1298226,4.8089,4.40625,0.5164705,0.061466567
1855,1298351,5.572143,3.890625,0.62447107,0.0631125
1855,1298353,5.300357,5.59375,0.7062903,0.07190873
1855,1298356,7.286785,6.6875,0.6132074,0.06974049
1855,1298359,4.261244,5.8125,0.28847966,0.02951893
1855,1298475,3.139319,5.0625,0.69318753,0.07342839
1855,1298534,6.025015,6.65625,1.6015238,0.16052158
1855,1298538,4.632701,4.53125,1.8501201,0.18632546
1855,1299070,3.02759,3.90625,0.4121254,0.04300154
1855,1299075,2.86819,5.375,0.6101721,0.061777253
1855,1327765,2.811756,2.46875,0.53967935,0.05436323
1855,1327775,4.232182,3.609375,1.1896079,0.12499589
1855,1330931,1.813867,3.890625,0.28912896,0.030167978
1855,1330948,3.782662,2.71875,0.3466435,0.035667453
1855,1330983,4.861551,3.4375,0.20195563,0.020417579
1855,1330995,1.842471,4.5625,1.212018,0.12302262
1855,1331033,3.535702,2.109375,0.6988249,0.07457534
1855,1479995,5.11598,4.46875,0.25458938,0.026293593
1855,1480359,4.829381,2.734375,1.2505211,0.13486443
1855,1480360,5.579779,3.203125,1.1303551,0.1224746
1855,1480362,5.813481,6.0,0.50431454,0.061282888
1855,1503363,3.164864,4.40625,0.80431086,0.08583231
1855,1659928,4.608124,3.953125,0.6597666,0.06670196
1855,1674021,4.065735,4.9375,0.3892553,0.039919756
1862,684052,-1.530673,-1.265625,0.019031728,0.008129867
1862,687561,-1.202601,-1.21875,0.084500805,0.018563109
1862,687777,-0.852675,-0.90625,0.27404737,0.04199441
1862,687820,-0.864187,-0.578125,0.06533344,0.014705135
1862,688006,-0.503623,-0.21191406,0.0660427,0.012566517
1862,688027,-2.152563,-1.25,0.073041454,0.015917882
1862,688086,-1.195235,-1.359375,0.17052709,0.023539795
1862,713899,-0.990203,-1.1875,0.35109058,0.04434281
1862,724812,-0.728744,-1.125,0.12696218,0.033334278
1862,724859,-0.982248,-1.3125,0.10568062,0.04345234
1862,724863,-1.264908,-1.53125,0.16991097,0.026175447
1862,749717,-1.890344,-1.59375,0.47175875,0.06329427
1862,753539,-0.873053,-1.0625,0.26882285,0.03406224
1862,753551,-0.485605,0.09863281,0.074367315,0.0104445815
1862,753554,-1.47952,-0.96484375,0.20729972,0.0312734
1862,753569,-0.916059,-1.1875,0.036473002,0.014620914
1862,753600,-0.589916,-0.7734375,0.46603838,0.055062402
1862,753614,-0.603196,-1.578125,0.02384514,0.009273372
1862,753621,-1.083583,-1.46875,0.040234458,0.019538635
1862,905934,-0.893421,-1.0078125,0.13424931,0.028129844
1862,905940,-0.917678,-1.328125,0.10063317,0.01985177
1862,905948,-1.234142,-1.34375,0.23586363,0.031164527
1862,905949,-1.170503,-1.46875,0.022871368,0.0075886846
1862,905951,-1.765085,-1.609375,0.0640038,0.018931353
1862,905956,-1.07285,-1.28125,0.20403156,0.042423178
1862,905957,-2.559438,-1.8125,0.047783725,0.015105774
1862,905972,-1.338994,-1.171875,0.047169823,0.019945232
1862,905984,-1.858702,-1.34375,0.031501353,0.014090456
1862,905986,-1.553075,-1.4375,0.0244648,0.0105580045
1862,906693,-1.330606,-1.375,0.20257488,0.031042125
1862,906801,-0.041433,-1.015625,0.12107716,0.03325628
1862,906808,-0.361328,-0.28125,0.3314993,0.03583331
1862,906818,-1.803041,-1.0,0.049175557,0.017136227
1862,906821,-1.223092,-1.3125,0.14764056,0.023116961
1862,906827,-1.674356,-1.59375,0.03629692,0.018654022
1862,906833,-1.299644,-1.296875,0.027678803,0.011644177
1862,906842,-1.963724,-2.125,0.072279826,0.011134989
1862,906849,-0.409353,-1.0234375,0.08985503,0.012403713
1862,906855,-2.3126,-1.15625,0.14327413,0.020211663
1862,906863,-0.85479,-1.265625,0.022133522,0.010157449
1862,906868,-1.787091,-1.546875,0.046814572,0.017489038
1862,907051,-1.598406,-0.49609375,0.49354836,0.06497026
1862,907055,-1.659067,-1.53125,0.027525935,0.010923203
1862,907067,-1.498544,-1.15625,0.066053234,0.019722244
1862,907068,-0.305823,-0.765625,0.094853275,0.026780117
1862,907169,-1.337675,-1.484375,0.21861997,0.0383481
1862,907173,-0.994246,-0.609375,0.1795803,0.02355306
1862,907175,-1.589518,-1.5,0.10359595,0.014746506
1862,907271,-1.48989,-1.1875,0.054313,0.014649686
1862,907274,-1.592626,-1.765625,0.043684136,0.008745851
1862,907275,-1.464941,-1.65625,0.16510816,0.024908347
1862,907276,-1.10613,-0.12451172,0.25684056,0.036898136
1862,907278,-0.837755,-1.125,0.11829337,0.02048517
1862,907298,-1.789223,-1.0625,0.08698393,0.020235278
1862,907311,-1.709863,-2.21875,0.05784896,0.014406466
1862,907312,-1.004534,-1.46875,0.023799574,0.0104030175
1862,907314,-1.375065,-0.78125,0.25673115,0.03913447
1862,907322,-1.049363,-1.5,0.0670408,0.012666654
1862,907788,-0.9647,-1.640625,0.15457416,0.026105788
1862,908121,-0.401254,-0.94921875,0.026122991,0.008179371
1862,908123,-1.907847,-2.21875,0.025728092,0.010313608
1862,908128,-1.171976,-1.0,0.030187996,0.009273372
1862,908132,-1.356968,-1.75,0.3656492,0.045196887
1862,908134,-0.884801,-0.9921875,0.093520485,0.013965782
1862,908152,-0.83583,-0.95703125,0.07678487,0.023587344
1862,908454,-2.162654,-1.359375,0.22069438,0.03215734
1862,908455,-1.524862,-1.765625,0.04925056,0.019944156
1862,908457,-1.393637,-0.8671875,0.15429355,0.02528457
1862,908458,-1.683712,-1.671875,0.17021239,0.024801617
1862,909262,-1.324401,-1.984375,0.13944115,0.021481453
1862,909696,-0.885125,-1.484375,0.07748367,0.0105205225
1862,909698,-2.162036,-1.21875,0.025119785,0.010567626
1862,909704,-1.83929,-0.94140625,0.04042392,0.015960675
1862,909713,-2.155309,-1.078125,0.07385021,0.021639904
1862,909732,-1.543212,-0.78125,0.036627885,0.010152912
1862,909755,-0.645911,-1.21875,0.07193128,0.02340735
1862,909759,-1.487203,-1.625,0.018558698,0.0095624495
1862,909762,-2.063513,-1.78125,0.114320874,0.013817054
1862,909771,-1.421507,-1.515625,0.09419006,0.013659149
1862,909781,-1.446674,1.0,0.39238137,0.056110177
1862,909904,-0.805441,-1.359375,0.23837183,0.042085286
1862,909974,-0.883631,-1.125,0.15659428,0.025363198
1862,910567,-2.133691,-1.390625,0.12252339,0.018976692
1862,910691,-0.419889,-1.328125,0.10558312,0.0176153
1862,910702,3.00976,1.53125,0.3382038,0.04025056
1862,910779,-0.851964,-0.53125,0.14291899,0.019897975
1862,910851,-1.08097,-1.625,0.12395595,0.01984748
1862,910907,-1.46596,-0.87109375,0.1118832,0.02559926
1862,910921,-2.989266,-2.203125,0.07760539,0.018995218
1862,910926,-2.036351,-1.84375,0.015515281,0.008680925
1862,910927,-1.454337,-1.375,0.14104222,0.026648441
1862,910935,-2.1119,-2.609375,0.07288958,0.015155535
1862,910941,-1.532359,-1.421875,0.20396599,0.026849903
1862,910943,-1.457734,-1.34375,0.13006839,0.028804213
1862,910951,-1.855474,-1.59375,0.09750908,0.016074084
1862,911905,-0.839946,-0.8203125,0.30138546,0.035868708
1862,924239,-1.867361,-1.8125,0.079399884,0.009545981
1862,924244,-2.096747,-1.796875,0.102349214,0.019202683
1862,925341,-1.056231,-0.74609375,0.048389237,0.013917177
1862,925346,-0.792804,-1.40625,0.05820801,0.022523316
1862,946355,-0.666349,-1.078125,0.07887852,0.013659598
1862,1240123,-1.604573,-0.98828125,0.06763035,0.012261033
1862,1240129,-1.235874,-0.6328125,0.20686993,0.030738253
1862,1240146,-1.486838,-1.15625,0.32167667,0.060352743
1862,1240158,-1.566563,-1.015625,0.23881228,0.03368922
1862,1240178,-1.373585,-0.70703125,0.5506062,0.07416413
1862,1240187,0.995254,-1.46875,0.058982022,0.017610913
1862,1240189,-0.528574,-1.578125,0.24292642,0.0368377
1862,1240197,-1.400154,-0.18359375,0.107731044,0.017865615
1862,1240198,-1.777824,-1.28125,0.14185187,0.035635173
1862,1240212,-1.099877,-1.265625,0.057693444,0.013310153
1862,1240220,-0.630432,-0.78125,0.12697613,0.023990804
1862,1240221,-1.394527,-1.59375,0.16254677,0.026956001
1862,1240223,-0.704748,-0.359375,0.3365959,0.054517627
1862,1290455,-1.976185,-1.65625,0.119310096,0.020150095
1862,1290722,-1.580082,-1.203125,0.10215366,0.01635656
1862,1290906,-1.424964,-2.0,0.08672709,0.012459356
1862,1297439,-0.508807,-0.56640625,0.080565736,0.012614656
1862,1298146,0.626918,-1.09375,0.27623084,0.035350062
1862,1298347,0.216448,0.359375,0.27673402,0.03063713
1862,1298362,-1.969827,-1.578125,0.037361547,0.01204084
1862,1298475,-0.681196,-1.171875,0.07807744,0.020683704
1862,1298476,0.805325,0.06347656,0.15889512,0.023042474
1862,1298539,-1.038301,-0.6796875,0.22283629,0.04779861
1862,1299052,-1.178106,-0.92578125,0.325927,0.04306455
1862,1299064,-1.541199,-1.296875,0.057645727,0.014481412
1862,1327771,-1.677349,-2.21875,0.030761365,0.012744856
1862,1330947,-1.961173,-2.171875,0.06361036,0.011851742
1862,1330975,-0.629559,-0.5078125,0.14418979,0.016878799
1862,1330982,-1.456084,-1.890625,0.17385703,0.021751396
1862,1503365,-1.474764,-0.34375,0.12899448,0.020654237
1862,1659819,-1.745106,-1.890625,0.09120514,0.013484845
1862,1660036,-0.733401,-0.87890625,0.06419252,0.013661598
1862,1674021,-1.468119,-1.21875,0.034645595,0.011837656
1873,687452,0.401878,0.9140625,0.032794766,0.0065172124
1873,687505,1.171598,1.03125,0.041707188,0.006291979
1873,687588,0.960275,0.90625,0.07313544,0.010182323
1873,687812,2.465306,1.734375,0.079095654,0.009217733
1873,687820,2.71796,2.890625,0.059584405,0.007431742
1873,687983,1.231362,1.15625,0.07031376,0.008158804
1873,688013,0.596936,0.296875,0.2086207,0.027361888
1873,688015,0.199423,0.0056152344,0.051332526,0.007784136
1873,713899,1.117938,1.6875,0.12088938,0.01391075
1873,722046,0.257383,-0.09667969,0.12990993,0.02339465
1873,722058,0.60674,0.66796875,0.038664453,0.006871175
1873,724859,1.327509,1.875,0.07585057,0.014853866
1873,724863,1.412555,1.71875,0.0665735,0.008463079
1873,724870,1.694608,1.96875,0.05603412,0.006203519
1873,749712,0.47312,0.82421875,0.058642533,0.0064544342
1873,749714,2.209999,1.75,0.17381288,0.019694915
1873,753540,1.30655,1.234375,0.036626242,0.004554384
1873,753551,2.971153,2.421875,0.054465,0.0065827505
1873,753556,0.05535,0.5546875,0.04816405,0.0070862398
1873,753592,0.905776,0.94140625,0.042712264,0.0055419337
1873,753618,0.029928,0.20605469,0.086090915,0.011092656
1873,753622,0.836668,1.203125,0.02904075,0.004649924
1873,905933,1.0689,0.734375,0.073592775,0.010880824
1873,905934,1.276314,2.015625,0.38796327,0.042951282
1873,905935,2.458444,2.203125,0.325455,0.03517995
1873,905941,3.447883,3.65625,0.18999216,0.020852763
1873,905951,1.567522,1.484375,0.11739261,0.013119339
1873,905954,1.176853,1.09375,0.04360206,0.0051040403
1873,905964,0.569757,1.28125,0.07059075,0.0079987105
1873,905965,-0.512888,-0.5703125,0.069490455,0.008229973
1873,905968,-1.075289,0.51953125,0.040642835,0.006822137
1873,905969,1.301744,1.671875,0.04657009,0.006629082
1873,905970,3.151519,2.984375,0.18346575,0.019504203
1873,905977,1.94503,2.65625,0.16906616,0.021859556
1873,905983,1.578008,2.109375,0.1023414,0.012272385
1873,905985,1.55138,1.40625,0.06777067,0.008026292
1873,905986,1.483134,1.6875,0.051007815,0.006401545
1873,906693,1.172796,1.875,0.101366766,0.010701331
1873,906797,1.12184,0.90234375,0.15528199,0.018921478
1873,906798,0.85425,0.921875,0.10429589,0.013885185
1873,906824,0.668171,0.81640625,0.05697158,0.0089697065
1873,906827,1.184004,0.87890625,0.021622447,0.0068354607
1873,906831,1.134094,1.046875,0.061306763,0.0068514044
1873,906846,0.802926,0.9296875,0.23159246,0.025418641
1873,906848,1.159942,0.87890625,0.24146168,0.029262045
1873,906851,0.756201,0.61328125,0.099427655,0.012401243
1873,906855,1.227567,1.0625,0.14535788,0.01571241
1873,907000,0.421829,0.44726562,0.031323254,0.0042703175
1873,907051,1.998535,2.359375,0.2795664,0.028845025
1873,907060,0.785813,1.1875,0.024482703,0.004186526
1873,907068,1.886854,1.734375,0.28347602,0.033737257
1873,907072,0.14714,-0.06933594,0.05614457,0.0075925575
1873,907176,1.992822,1.625,0.05226293,0.0070119393
1873,907274,0.911518,0.81640625,0.05498602,0.005845551
1873,907275,-0.003334,0.125,0.1679582,0.040412676
1873,907277,0.035619,0.41992188,0.0767366,0.009820205
1873,907285,2.02703,1.796875,0.14741239,0.016092645
1873,907299,-0.399795,-0.049804688,0.16304919,0.02033652
1873,907313,1.345503,1.203125,0.08137701,0.008982546
1873,907317,0.715328,0.85546875,0.05602104,0.008324018
1873,907320,1.289633,1.0625,0.046103228,0.006623266
1873,907321,0.936441,1.28125,0.13586996,0.016745357
1873,907323,1.003127,1.546875,0.2608231,0.02758119
1873,907783,0.510398,0.5078125,0.043854352,0.0067922575
1873,908120,0.174985,1.25,0.43269813,0.05042623
1873,908121,0.173949,1.078125,0.05008349,0.0056960285
1873,908127,0.268484,0.0043945312,0.05235637,0.0075925575
1873,908132,0.601753,0.8671875,0.21224274,0.0225224
1873,908134,0.993008,1.15625,0.06021817,0.007487983
1873,908138,0.866256,0.93359375,0.0486877,0.005674019
1873,908443,1.303741,0.83984375,0.063051306,0.0076003238
1873,908458,1.500989,1.265625,0.2848025,0.029443545
1873,908471,0.713897,1.046875,0.074142456,0.011016631
1873,908473,1.041161,1.25,0.15757874,0.017668834
1873,908474,0.228954,0.58984375,0.08154244,0.011116729
1873,908475,0.699301,1.046875,0.1268558,0.013744896
1873,909704,0.97671,1.046875,0.042530317,0.0065871887
1873,909717,0.897533,1.359375,0.070461325,0.010075904
1873,909718,0.213245,0.14746094,0.060828045,0.01102781
1873,909722,0.399654,0.11230469,0.028554387,0.0049765483
1873,909742,0.759353,0.6953125,0.08825734,0.009964617
1873,909748,2.33214,1.484375,0.09267339,0.009972223
1873,909751,0.422733,-0.109375,0.17111638,0.019002087
1873,909770,1.139678,1.453125,0.046782438,0.006430831
1873,909778,1.231934,1.21875,0.103933804,0.010581694
1873,909976,0.203894,1.3125,0.055324525,0.00830375
1873,910689,4.502338,4.40625,0.06532176,0.028920406
1873,910692,1.895493,1.453125,0.067164496,0.007530955
1873,910697,1.083641,1.03125,0.027675014,0.004792554
1873,910702,4.369802,4.3125,0.33393735,0.040579133
1873,910703,0.675033,1.53125,0.11682469,0.012491805
1873,910706,0.612487,0.29882812,0.06442239,0.008711986
1873,910899,1.765551,1.453125,0.31170434,0.034211393
1873,910922,1.295278,0.9296875,0.05356854,0.007625286
1873,910934,-0.610557,-0.87109375,0.06604869,0.008238007
1873,924102,1.486821,1.9375,0.22692032,0.023956072
1873,924104,0.665086,1.1875,0.037781604,0.007978221
1873,924105,0.214732,-0.068359375,0.028217023,0.0060525797
1873,924239,-0.598367,0.5,0.046027668,0.0058321143
1873,925346,1.165222,1.890625,0.07600482,0.010361782
1873,925347,1.792785,2.046875,0.11204797,0.012030919
1873,930083,2.784921,2.96875,0.16093057,0.019152788
1873,930297,1.249318,1.390625,0.15686774,0.016185258
1873,930301,1.530955,1.453125,0.06894955,0.0079022935
1873,946361,1.20825,1.171875,0.046080325,0.0061584376
1873,949179,0.702655,0.6328125,0.11649211,0.012936186
1873,1240127,1.138986,1.546875,0.16132362,0.017119054
1873,1240129,1.873235,1.515625,0.11787591,0.01263004
1873,1240143,0.63414,1.171875,0.08744425,0.011970445
1873,1240144,2.224274,1.765625,0.063376755,0.007542642
1873,1240150,0.603099,1.0,0.024385028,0.0049186302
1873,1240160,1.960112,2.234375,0.17552678,0.020367121
1873,1240169,1.824477,2.78125,0.25490373,0.02614144
1873,1240183,2.350092,2.03125,0.118041895,0.018482523
1873,1240186,1.7861,2.109375,0.18765008,0.019259492
1873,1240187,0.630452,1.125,0.080513634,0.009027753
1873,1240189,0.803651,0.62109375,0.2310961,0.027783904
1873,1240190,0.246741,1.296875,0.05570543,0.009646654
1873,1240201,0.778878,1.375,0.22122125,0.024722822
1873,1240207,1.780098,1.671875,0.024464779,0.004861817
1873,1240210,-0.271152,0.07128906,0.09673012,0.012296703
1873,1290769,1.826567,1.71875,0.092187956,0.01033676
1873,1290797,0.277666,0.68359375,0.04515225,0.0055811456
1873,1290806,0.292311,0.8515625,0.08735226,0.008932153
1873,1295740,-0.059574,0.671875,0.20530695,0.022662163
1873,1297446,1.596898,1.328125,0.16785496,0.017428687
1873,1298145,2.26771,0.97265625,0.060085144,0.008552901
1873,1298168,1.695359,1.140625,0.08894412,0.0110599855
1873,1303896,-0.09933,0.080078125,0.08007503,0.010580268
1873,1323913,-0.332766,-0.68359375,0.066444986,0.008561314
1873,1327768,1.256038,1.1875,0.112238295,0.014774949
1873,1330972,-0.031232,0.76171875,0.05146879,0.012817575
1873,1331037,0.222582,-0.32421875,0.07436246,0.010056204
1873,1480359,0.462673,0.89453125,0.033042777,0.0055464236
1873,1480371,1.52424,0.67578125,0.06486052,0.012001459
1873,1503363,0.221498,0.30859375,0.058942597,0.0073516914
1873,1503365,1.59683,1.625,0.20815867,0.022554107
1873,1674021,0.568424,1.640625,0.037397843,0.0061285016
1908,687563,2.902819,3.0625,0.6274176,0.07899042
1908,687586,4.216421,4.1875,0.508648,0.06180948
1908,687592,3.477436,2.90625,0.26029125,0.027434567
1908,687777,4.380245,3.703125,1.0007501,0.11339602
1908,687798,2.590621,2.671875,0.26741683,0.03345674
1908,687800,4.27094,5.09375,1.2608641,0.13567667
1908,687812,4.917578,4.21875,0.74398017,0.08461336
1908,687995,2.913669,2.96875,0.2170957,0.029358344
1908,687997,3.655796,3.671875,0.7372172,0.079329066
1908,688010,3.044385,3.015625,0.50688326,0.05743546
1908,688013,3.276313,2.078125,0.46509755,0.06910761
1908,688027,5.317393,3.75,0.701261,0.07580257
1908,688086,2.488121,2.71875,0.8050917,0.098654546
1908,713899,3.705707,3.28125,0.56047213,0.061185364
1908,722045,2.78422,3.140625,0.12096002,0.018248122
1908,722058,1.866009,0.98828125,0.69879085,0.09771271
1908,722066,2.996963,2.765625,0.32775298,0.037275564
1908,724855,0.926654,2.1875,1.0019606,0.11626176
1908,724859,1.128074,0.2578125,0.5450165,0.1627316
1908,724878,3.852999,4.6875,0.5314723,0.054172225
1908,735784,4.394558,3.25,0.32225502,0.038258348
1908,749710,1.498065,3.3125,0.35205472,0.04634417
1908,749713,3.915234,5.03125,0.5817222,0.06026647
1908,753534,3.853666,3.390625,0.60599643,0.06367397
1908,753540,1.645326,2.703125,0.6717492,0.07794591
1908,753554,0.518782,1.171875,0.50796056,0.06500518
1908,753569,1.904947,1.515625,0.4854055,0.064377986
1908,753572,2.197054,2.53125,0.34703743,0.042647146
1908,753574,2.878708,3.328125,0.44523555,0.049757782
1908,753604,0.766969,0.7265625,0.92572814,0.15731473
1908,753621,2.410762,3.046875,0.7866734,0.11198009
1908,753623,3.113137,3.515625,0.42468572,0.044430718
1908,905939,0.017898,0.0107421875,0.22726604,0.06597514
1908,905954,-1.231776,-0.057373047,1.152083,0.16474684
1908,905963,2.65771,3.390625,0.5835245,0.06588232
1908,905970,3.814318,3.375,0.6069816,0.073962145
1908,905973,3.075035,3.671875,0.34514424,0.040975768
1908,905976,-0.346815,-0.3984375,0.69659865,0.11028584
1908,905982,4.753088,4.25,0.48843074,0.05077394
1908,906696,0.890032,0.51171875,0.40998983,0.08590696
1908,906824,3.776251,2.75,0.25330123,0.04819782
1908,906825,2.968149,3.015625,0.3460328,0.05917138
1908,906826,3.174981,4.375,1.354726,0.15350538
1908,906828,2.214807,2.75,0.27470642,0.032693565
1908,906836,1.52189,1.234375,0.3713788,0.05545945
1908,906837,2.134689,1.984375,0.1339544,0.027430117
1908,906842,3.361137,2.359375,0.5028722,0.05550797
1908,906848,1.086475,2.09375,0.4696618,0.05632003
1908,906868,4.756011,3.625,0.77671117,0.11540945
1908,907046,2.724521,2.828125,0.61568356,0.065702885
1908,907063,3.942747,2.421875,0.6844486,0.09183014
1908,907065,1.972807,3.484375,0.85001045,0.09167074
1908,907169,1.941157,2.265625,0.37221897,0.042493805
1908,907271,3.426433,2.828125,0.83610755,0.10560055
1908,907287,1.458473,0.57421875,0.34826088,0.04187023
1908,907295,2.643517,2.296875,0.22302522,0.0489941
1908,907298,2.355421,2.296875,0.76478386,0.09425614
1908,907783,0.221589,0.13671875,0.58619684,0.095499314
1908,907791,3.911328,3.765625,0.67430246,0.07074611
1908,907799,2.676178,2.65625,0.4466931,0.050615255
1908,908122,2.906669,3.40625,0.46903655,0.047928546
1908,908126,1.515327,1.34375,1.0104113,0.16656332
1908,908135,2.499393,2.734375,0.18220519,0.024074666
1908,908148,1.792228,0.63671875,1.6748186,0.17652503
1908,908159,3.569779,2.125,1.3785592,0.1613736
1908,908449,6.771716,6.625,1.5092382,0.1627662
1908,908467,2.81987,2.671875,0.3531278,0.0927147
1908,908469,5.155434,4.5,0.44053575,0.047011927
1908,908470,4.520899,4.71875,0.9220123,0.10207567
1908,908475,1.612628,2.171875,0.8542908,0.097910084
1908,908480,4.331545,4.34375,0.5278819,0.055384044
1908,909255,3.327184,2.53125,0.3549308,0.036552723
1908,909257,2.997925,2.84375,0.25827175,0.03936931
1908,909696,3.262234,3.171875,0.19163918,0.029522762
1908,909715,-0.008863,2.265625,1.181864,0.1344142
1908,909720,3.359041,2.328125,0.44533578,0.06200212
1908,909724,2.917775,2.65625,0.17671703,0.021246092
1908,909742,1.198811,1.234375,1.0354697,0.12354113
1908,909744,1.174546,1.171875,0.24127916,0.03028084
1908,909746,2.256002,2.3125,0.6631901,0.072789036
1908,909747,1.5528,1.578125,0.525334,0.10363194
1908,909748,0.689961,0.95703125,0.42152327,0.044730462
1908,909750,5.759544,4.15625,0.5382608,0.05691932
1908,909757,1.565929,1.765625,2.0629957,0.29102656
1908,909770,2.963054,1.53125,0.8116859,0.14146316
1908,909774,1.312375,1.140625,0.26283497,0.0297821
1908,909777,2.347264,2.484375,1.3603913,0.15106837
1908,909778,2.188046,1.78125,0.4745377,0.0497873
1908,910399,1.400326,3.03125,0.4648639,0.052485045
1908,910546,-0.156888,0.69140625,0.5170336,0.080079295
1908,910698,2.519298,2.5,0.45403457,0.07668119
1908,910700,2.484055,3.484375,0.892889,0.09304585
1908,910780,1.975376,2.90625,0.2584381,0.029987672
1908,910852,3.240983,1.8125,0.6070339,0.08112747
1908,910861,3.232347,3.078125,1.395132,0.17047495
1908,910900,3.809289,3.46875,0.439315,0.053987056
1908,910903,2.332644,2.34375,0.36098063,0.05683343
1908,910916,2.560661,2.203125,0.39678544,0.065408915
1908,910922,3.460376,2.6875,0.33309993,0.045598816
1908,910925,2.252292,2.453125,0.26652294,0.041731082
1908,910927,2.281082,2.875,0.21691002,0.0341507
1908,910933,1.487532,1.453125,0.6750951,0.1293733
1908,910937,4.281388,3.171875,0.4258352,0.059545014
1908,910941,3.030153,3.703125,0.5006192,0.05542338
1908,924104,2.886137,2.90625,0.25332946,0.04103116
1908,924189,3.43896,3.78125,1.5162753,0.16890767
1908,924239,2.604323,2.5625,0.35876355,0.041453242
1908,924250,3.895176,3.859375,0.4841409,0.051665265
1908,925341,4.370175,4.125,0.84270805,0.093295924
1908,925346,3.411615,2.640625,0.6576076,0.08202095
1908,930297,3.383243,3.375,0.5031213,0.052364085
1908,949090,1.646844,1.40625,0.6549031,0.080024384
1908,949176,1.784453,2.59375,0.24459168,0.028763104
1908,1240128,1.810212,1.359375,0.35853925,0.10705302
1908,1240157,2.630163,2.53125,1.004179,0.111172326
1908,1240158,3.343927,3.375,0.39255634,0.042149927
1908,1240173,0.087316,-0.119140625,0.17547213,0.10125334
1908,1240182,4.596205,5.8125,0.9989506,0.10252745
1908,1240184,2.371139,2.09375,0.62950647,0.08083317
1908,1240186,3.561666,4.78125,0.45052144,0.046276968
1908,1240220,5.115796,3.140625,0.43625268,0.049804114
1908,1240222,2.818256,2.859375,0.47515824,0.083347455
1908,1240223,2.629973,2.890625,0.6998645,0.08268894
1908,1290725,3.126079,2.6875,0.42401278,0.055410184
1908,1297447,3.922441,2.8125,0.4365877,0.052220423
1908,1298141,2.303893,2.78125,0.96906924,0.16266394
1908,1298144,0.723167,0.921875,0.51850504,0.107809946
1908,1298218,3.012139,2.71875,0.444483,0.06539552
1908,1298226,3.702377,2.96875,0.7541547,0.09020473
1908,1298349,3.458077,3.0625,0.44074482,0.045432024
1908,1298353,3.862865,4.4375,0.44711143,0.046776902
1908,1298356,5.478071,6.5625,0.7932642,0.08865211
1908,1299050,2.854152,3.015625,0.25693002,0.029113004
1908,1299062,2.897883,3.375,0.32309246,0.037652887
1908,1299070,2.323789,2.59375,0.35957304,0.06793754
1908,1299081,1.483184,2.046875,0.677569,0.10328432
1908,1323913,-0.922491,-0.73828125,0.9071869,0.14443526
1908,1330931,2.08079,1.453125,0.20567088,0.038056284
1908,1330942,2.705859,1.640625,0.32143763,0.038849607
1908,1330947,0.860904,0.1796875,0.1744336,0.038629077
1908,1330950,2.555407,0.89453125,0.3168101,0.049879145
1908,1330972,3.16985,2.53125,0.77667665,0.13623676
1908,1330984,1.353133,2.03125,0.5892057,0.066523746
1908,1331050,3.007635,2.546875,0.8096718,0.08591932
1908,1480362,6.118828,4.15625,0.6339914,0.07545305
1908,1503365,2.63127,2.328125,0.4131394,0.05564798
1909,684072,0.88715,0.26171875,0.1521045,0.02343229
1909,687457,2.060963,2.703125,0.19081421,0.019909728
1909,687506,1.664051,2.546875,0.111569054,0.015027839
1909,687586,2.367434,2.515625,0.055118334,0.008677929
1909,687777,2.051192,2.28125,0.28877217,0.058686797
1909,687816,3.366279,2.75,0.29101798,0.03446617
1909,688011,1.889671,0.8671875,2.8127778,0.28409338
1909,688027,1.317147,1.40625,1.9642323,0.21046142
1909,688058,2.377073,2.65625,0.66936076,0.1009803
1909,713899,2.456053,-0.11328125,2.4927416,0.2824551
1909,724828,3.114447,3.046875,0.10690641,0.011766551
1909,724838,1.932091,2.921875,0.53068733,0.06985921
1909,724873,3.451903,2.5625,0.11156154,0.016255612
1909,749709,1.971214,1.84375,0.438824,0.049907744
1909,749710,3.910819,1.5,0.329638,0.054996222
1909,749714,2.848458,1.921875,0.70643973,0.076729596
1909,753551,2.265866,1.03125,0.86446047,0.10448045
1909,753555,1.386429,1.796875,0.084852315,0.013285832
1909,753621,2.299606,2.328125,1.108186,0.14697564
1909,753622,1.776532,3.140625,0.13748778,0.01670713
1909,753624,5.307238,2.453125,1.5535166,0.15907948
1909,905948,1.499474,2.421875,0.3605497,0.067646064
1909,905954,2.895829,2.59375,0.22820808,0.023875182
1909,905964,0.853445,-0.4140625,7.239753,0.8233819
1909,905965,0.721962,0.77734375,0.42181107,0.049956407
1909,905973,2.04403,1.546875,0.81233186,0.15907948
1909,905986,2.932446,2.390625,0.11343312,0.014420053
1909,906696,1.998708,1.96875,0.32395753,0.037753705
1909,906808,0.836206,0.671875,9.687721,0.9852623
1909,906818,2.81529,3.28125,0.17447218,0.02359427
1909,906825,2.882158,2.015625,0.1506304,0.042138044
1909,906831,1.682226,1.578125,0.98461026,0.10189683
1909,906837,2.5093,1.46875,0.05402692,0.0125684105
1909,906844,0.157032,-0.02734375,0.5811225,0.075136736
1909,906849,0.601177,1.28125,1.6503363,0.17611623
1909,906851,3.475248,2.578125,0.35738605,0.05134267
1909,906865,1.392077,1.65625,0.2885504,0.031945318
1909,906875,1.514471,2.03125,0.5357271,0.056748822
1909,907000,2.437477,2.171875,0.14959012,0.017716428
1909,907045,2.878985,1.75,4.410863,0.45134538
1909,907060,1.277724,1.515625,0.045085665,0.011943764
1909,907062,2.596727,2.546875,0.09274995,0.014602717
1909,907072,0.524872,1.984375,0.22746511,0.026282398
1909,907169,1.062489,1.65625,0.17097293,0.018020459
1909,907269,-0.634115,-0.4921875,1.310198,0.16766983
1909,907276,2.799048,3.21875,0.77268565,0.08131266
1909,907290,3.323693,3.859375,0.46986586,0.055647686
1909,907314,-3.268547,0.59375,0.9733861,0.10843176
1909,907318,2.490652,0.94140625,0.10764347,0.039615072
1909,907322,1.850141,0.28710938,0.88843864,0.113316044
1909,908129,2.948456,2.921875,0.061641824,0.008175384
1909,908147,-0.686608,-0.90625,1.183389,0.1998607
1909,908152,2.984999,1.640625,1.0380505,0.2985526
1909,908447,-0.822702,0.25,0.58413076,0.06528017
1909,908451,0.257643,1.3125,0.18139575,0.025254924
1909,908458,3.698369,2.359375,0.1543046,0.016213274
1909,908460,4.316376,5.0,0.2800126,0.04729089
1909,908462,3.097382,4.1875,0.15444127,0.02150217
1909,908470,3.445978,4.09375,0.60765994,0.06964377
1909,908473,2.381353,3.140625,0.22846794,0.028673016
1909,908483,1.383428,0.37890625,1.2630603,0.15032026
1909,909248,2.840916,2.890625,0.11100212,0.019989664
1909,909249,0.360459,0.47265625,2.5202763,0.266511
1909,909250,1.658211,3.1875,0.13941143,0.01500152
1909,909264,3.453065,2.859375,0.061113473,0.010450364
1909,909699,3.257386,4.40625,0.14394085,0.017953208
1909,909713,2.666684,3.5625,0.08207355,0.010028789
1909,909715,1.575867,-1.203125,17.91985,2.3417742
1909,909720,2.867701,3.375,0.14526905,0.02086959
1909,909725,3.202831,3.3125,0.19366188,0.02026095
1909,909731,1.747558,-0.076171875,8.960853,1.0014298
1909,909744,2.194345,2.265625,0.33798453,0.034906514
1909,909746,2.486698,2.828125,0.15766695,0.026793323
1909,909747,4.37668,1.984375,8.959355,1.0535879
1909,909753,2.906907,4.0625,0.25831604,0.026451461
1909,909755,2.964061,2.4375,0.40869266,0.04993926
1909,909761,0.807325,1.265625,0.32238743,0.058056694
1909,909781,3.454843,3.625,0.12544766,0.0320718
1909,909904,5.597777,4.1875,0.22698373,0.024779253
1909,910554,3.192542,2.109375,0.10480192,0.01527067
1909,910697,2.915243,2.0625,0.52578866,0.10848978
1909,910698,1.693233,2.28125,0.06167595,0.013658408
1909,910906,1.858327,-0.012939453,3.479452,0.39014056
1909,910907,3.734498,3.15625,0.29961923,0.05701115
1909,910910,3.966896,2.921875,0.30390203,0.037904568
1909,910911,1.996571,2.890625,0.12553672,0.024405958
1909,910947,-5.132331,-0.84375,0.35451636,0.05215898
1909,910951,1.178185,-1.6875,5.012533,1.1100473
1909,924187,3.754407,3.75,0.14187753,0.02067295
1909,924244,1.251307,2.21875,0.83207816,0.10030028
1909,925338,3.127626,2.3125,0.26870295,0.028851427
1909,925346,6.697138,3.359375,0.7826496,0.10500543
1909,925347,5.845184,2.765625,1.0528942,0.12020205
1909,930082,2.823771,1.390625,0.086366124,0.02247455
1909,930083,4.769821,5.4375,0.2592075,0.04150358
1909,946382,2.265831,2.671875,0.055202805,0.0059812544
1909,1240128,2.728336,3.015625,0.103900604,0.012524377
1909,1240144,2.822294,2.84375,0.4360052,0.047129843
1909,1240150,2.424181,2.3125,0.10186379,0.022377402
1909,1240154,1.387627,2.671875,0.06308987,0.009771497
1909,1240158,2.11776,2.359375,0.17794591,0.02107469
1909,1240160,3.282241,2.59375,0.35013133,0.036234915
1909,1240174,2.148264,1.421875,0.0803163,0.023756344
1909,1240182,2.209784,1.828125,2.0277066,0.21596983
1909,1240186,1.496212,2.390625,0.50062346,0.050563477
1909,1240191,2.108784,2.515625,0.26910067,0.030492071
1909,1240192,2.330694,1.90625,0.10295829,0.01639222
1909,1240201,3.405055,2.4375,0.2289172,0.041501503
1909,1240212,2.765555,2.390625,0.13338415,0.020122439
1909,1240217,0.97801,1.46875,0.098098844,0.020715222
1909,1240220,3.676132,3.3125,0.097340435,0.01906224
1909,1298144,2.620256,2.984375,0.13793749,0.01574742
1909,1298168,2.722818,3.15625,0.14060111,0.023745902
1909,1298215,1.942211,2.234375,0.10493007,0.025247386
1909,1298218,5.316753,1.890625,1.035732,0.22392866
1909,1298219,5.735532,2.125,0.14970382,0.02121353
1909,1298226,3.47046,2.125,0.24111556,0.036948018
1909,1298349,1.281496,2.765625,0.21041963,0.021288194
1909,1298526,5.860361,3.140625,0.21025233,0.046188157
1909,1299052,1.4966,2.828125,0.37383154,0.040226553
1909,1299062,3.904305,4.125,1.2318937,0.13448279
1909,1299081,3.06024,2.90625,0.266036,0.032599594
1909,1330931,1.831112,0.83984375,0.18320413,0.026319405
1909,1330942,-5.226023,0.8828125,4.26269,0.45769757
1909,1330947,-5.781803,-2.390625,6.704502,2.620561
1909,1330972,0.970455,-0.859375,3.6454706,1.6989464
1909,1330975,-0.237357,0.85546875,2.6784906,0.27513102
1909,1330985,1.068612,-0.55859375,4.1965733,0.608574
1909,1330991,2.212833,1.46875,0.31328744,0.035905804
1909,1331033,0.287587,-0.10546875,7.1716413,0.7638473
1909,1331048,-3.608533,0.34765625,5.454307,0.5650666
1909,1480371,2.540125,1.796875,0.2616868,0.047125503
1909,1503364,2.767274,1.828125,0.28817034,0.036754727
1909,1503365,3.87922,4.4375,1.5989003,0.17648958
1909,1503367,2.700989,4.03125,0.32289895,0.033928018
1909,1503371,2.239024,1.859375,0.090414025,0.01617414
1909,1659818,0.780591,-0.91015625,2.9406512,0.5675902
1909,1660034,2.223008,2.0625,0.14751159,0.017781327
1909,1660035,2.837136,3.140625,0.29171675,0.03785037
1910,687452,2.576865,2.234375,0.22925536,0.04156281
1910,687506,2.010551,2.78125,0.13151298,0.018078104
1910,687561,3.021291,2.703125,0.24697746,0.027692843
1910,687562,2.98245,2.703125,0.37368482,0.06017656
1910,687802,3.16925,2.578125,2.475119,0.30504718
1910,688018,2.160211,-0.56640625,1.39709,0.23308802
1910,688023,1.339468,0.37109375,1.5878088,0.22810723
1910,688027,-1.071701,0.37890625,1.8983519,0.23196475
1910,688121,5.396935,5.0,0.3339071,0.03593044
1910,724838,3.612583,3.765625,0.5283726,0.06807983
1910,724869,0.696333,3.453125,1.7043244,0.21959907
1910,724874,2.453946,2.203125,1.1114848,0.17499416
1910,749710,1.405736,1.015625,0.9811174,0.21553153
1910,749711,2.637467,2.328125,0.571091,0.057994265
1910,749713,5.094403,3.515625,0.23129338,0.02842345
1910,749716,3.411159,3.421875,0.3244911,0.0336925
1910,753573,3.898132,2.78125,0.5481624,0.07383496
1910,753574,3.152354,3.171875,0.64449584,0.085156865
1910,753575,2.226484,2.421875,0.46548623,0.0811264
1910,753605,-0.548415,-1.125,0.80871034,0.16560127
1910,753615,1.642065,1.046875,3.4677718,0.3568121
1910,753618,1.358433,0.875,0.285715,0.04104629
1910,753620,-0.549509,-1.265625,0.47680685,0.12518698
1910,753624,2.543647,2.359375,0.38393232,0.046158887
1910,905938,-2.814475,-1.65625,3.1919835,1.2476373
1910,905940,1.91914,2.28125,1.2249701,0.12953658
1910,905943,3.300317,3.53125,0.12606315,0.013507277
1910,905954,3.314846,2.15625,1.2779093,0.13536714
1910,905957,2.338228,0.51953125,2.1840901,0.275851
1910,905960,1.597941,2.546875,0.6544598,0.07974747
1910,905970,4.680573,2.53125,4.65217,0.5398111
1910,905977,3.189833,2.6875,0.21357782,0.026557883
1910,905989,1.452942,2.625,1.199883,0.1268837
1910,906696,1.470868,2.828125,0.38685322,0.04090846
1910,906746,3.866544,2.796875,0.35474727,0.101086415
1910,906794,3.087696,2.4375,0.12176907,0.024561672
1910,906814,0.083027,1.375,0.3555745,0.050160855
1910,906825,1.280709,1.328125,0.94767684,0.23806967
1910,906842,-2.432838,-1.3125,8.083745,1.287031
1910,906844,-3.608088,-1.265625,0.9171188,0.22642465
1910,906846,2.330233,0.4140625,2.047265,0.28381038
1910,906849,-0.54491,-0.67578125,1.4073925,0.18458816
1910,906855,-1.025789,-1.21875,3.2254286,0.9630518
1910,906868,3.920917,2.375,0.21589474,0.032404
1910,906871,2.072326,1.890625,0.23056199,0.027792381
1910,906872,6.15099,4.53125,0.42604193,0.054706857
1910,907042,2.375158,2.015625,0.15431932,0.02121312
1910,907048,2.93778,1.65625,1.2177938,0.12706572
1910,907066,3.670224,2.125,0.30540484,0.06449138
1910,907072,-0.59232,1.28125,0.9476735,0.12919688
1910,907073,2.988078,0.9453125,5.2651544,0.56187284
1910,907270,0.842485,0.115234375,1.2652764,0.17540404
1910,907271,5.518487,4.65625,0.25037062,0.030424336
1910,907276,4.293507,2.65625,1.8505864,0.24096842
1910,907281,-2.84572,-1.046875,5.0373626,0.7074768
1910,907282,3.839136,2.921875,1.2070261,0.13727589
1910,907320,2.895306,3.796875,0.4688783,0.05293829
1910,907789,-3.150489,-1.640625,4.50422,0.59514
1910,907799,2.053815,0.80859375,1.6068325,0.16810718
1910,908125,4.080511,3.59375,0.22534545,0.02723571
1910,908127,2.630719,3.046875,0.1190857,0.017783536
1910,908148,-0.381245,0.53125,5.258824,0.5517425
1910,908156,-4.74977,-1.578125,46.2661,6.9797406
1910,908441,3.003115,1.359375,1.3716128,0.14293253
1910,908447,-2.849787,-1.625,2.2781668,0.4215403
1910,908451,1.920037,1.265625,0.5515505,0.07429132
1910,908455,2.379981,3.046875,0.22988656,0.028851053
1910,908457,1.648231,2.03125,1.4936564,0.15584947
1910,908458,2.092694,0.96484375,1.4877124,0.15631868
1910,908460,3.6202,4.34375,0.39630744,0.09454936
1910,908473,5.168928,2.328125,0.40634173,0.06161823
1910,909253,-1.061981,-1.078125,9.432881,0.9652278
1910,909257,3.458985,3.390625,0.28632998,0.048357826
1910,909260,-0.545326,-1.90625,1.9755814,0.31632456
1910,909703,-3.575465,-2.953125,1.777677,1.1048868
1910,909704,5.096545,2.703125,0.22556761,0.037184156
1910,909713,4.163851,3.125,0.29504135,0.03828174
1910,909720,3.814803,3.125,0.21545687,0.037793268
1910,909722,-0.331019,-0.66796875,0.3244398,0.04869571
1910,909726,4.254427,2.96875,0.6605294,0.06774004
1910,909731,3.52445,0.072265625,10.116871,1.3417726
1910,909732,3.154303,2.546875,0.17337708,0.036049362
1910,909736,3.869289,2.46875,0.27631506,0.039881714
1910,909743,4.705913,-0.78125,5.7503123,0.97116125
1910,909750,1.63043,0.57421875,0.7343374,0.17820537
1910,909751,0.129727,0.69921875,1.5837604,0.18299522
1910,909755,1.473466,1.453125,0.23868652,0.094718724
1910,909774,3.475321,3.9375,1.0218467,0.103626855
1910,909776,2.91492,2.53125,0.14184053,0.025889251
1910,909778,2.782887,1.9375,1.8296014,0.20255454
1910,909904,4.911101,4.125,0.34670824,0.04040505
1910,909905,3.577521,2.90625,0.3311488,0.060035564
1910,909907,3.740726,4.125,1.7310984,0.17677622
1910,910692,-0.320899,0.95703125,0.8094003,0.1196713
1910,910697,1.436649,1.90625,0.9028081,0.2209774
1910,910710,-2.762206,-4.09375,2.11341,1.7433212
1910,910904,1.429362,2.953125,0.486505,0.06067996
1910,910931,1.1828,1.921875,0.31952628,0.04724254
1910,910943,4.809763,3.609375,0.7557388,0.08473873
1910,924110,-1.532194,-1.3125,9.13928,1.1469911
1910,924187,1.597523,3.140625,0.454341,0.073165074
1910,925347,3.234851,2.828125,0.69961536,0.100044355
1910,946353,0.359823,1.5,0.097228,0.05581636
1910,946355,1.792707,1.921875,0.8157389,0.10269964
1910,946361,4.426477,3.890625,0.34583977,0.036284637
1910,949090,2.081245,2.75,0.34421384,0.040293537
1910,998184,-0.873313,-0.3203125,0.4071812,0.15676568
1910,1240129,3.602948,2.5,0.268924,0.0519064
1910,1240142,2.595647,3.625,0.17859574,0.023011733
1910,1240143,-0.984158,0.44335938,1.551031,0.29937243
1910,1240146,4.386754,3.296875,2.0824056,0.24376558
1910,1240153,3.910988,3.328125,0.045704607,0.014448505
1910,1240155,1.628257,3.0625,0.61195695,0.06439856
1910,1240157,2.299779,1.484375,0.6214371,0.06820639
1910,1240160,4.04072,1.71875,1.196865,0.12878996
1910,1240173,0.42783,1.1875,0.4597074,0.088730484
1910,1240189,-1.100402,-0.8046875,0.06968705,0.029391387
1910,1240190,4.327953,3.703125,0.45955792,0.07316724
1910,1240199,3.582833,3.640625,0.5742513,0.18686865
1910,1240212,3.113358,4.09375,0.15434197,0.02248914
1910,1247871,-5.174936,-3.453125,1.4666314,1.1223072
1910,1290730,2.686613,2.734375,0.08280029,0.06738829
1910,1290797,2.464964,2.9375,0.47497788,0.064232334
1910,1290806,2.173803,2.15625,1.2335451,0.12905377
1910,1295741,2.359809,1.921875,1.1328311,0.116882935
1910,1298357,2.874429,3.375,2.639273,0.28165093
1910,1298359,3.561591,1.6875,0.16050397,0.08820034
1910,1299062,5.441393,4.53125,0.79301006,0.096364364
1910,1303901,0.65492,-1.328125,8.42887,0.9912048
1910,1322212,-2.1465,-1.515625,3.9569395,0.84212494
1910,1327765,0.921015,-0.119628906,0.63001853,0.10087681
1910,1327766,-0.001144,0.5625,4.8530984,0.54990953
1910,1327775,-1.872299,-1.328125,1.6207079,0.51235116
1910,1331036,2.239052,-1.46875,5.60196,0.6667046
1910,1479995,2.227863,2.421875,0.48564708,0.060572956
1910,1480361,3.072224,2.53125,0.23998073,0.030815255
1910,1503366,1.686328,2.953125,0.36430502,0.036742445
1910,1503371,3.097521,3.21875,0.15005912,0.021168824
1910,1659817,2.457679,1.890625,0.36236727,0.038255263
1910,1660035,3.989244,3.21875,0.5210761,0.063319705
1911,687448,-3.97811,-1.75,2.9733725,0.30739415
1911,687455,-4.362745,-3.234375,1.4892972,0.15208396
1911,687459,-4.546341,-2.078125,1.7191638,0.1767384
1911,687561,-5.455779,-4.65625,1.9267446,0.20732947
1911,687562,-6.86558,-4.28125,1.3518194,0.14682716
1911,687588,-5.223366,-2.734375,2.04145,0.20668785
1911,687802,-3.876527,-1.03125,2.695466,0.27029613
1911,688011,-4.112656,-1.84375,0.66877013,0.067156166
1911,688013,-5.650857,-4.4375,1.7923334,0.20541894
1911,688058,-4.035341,-2.140625,1.930187,0.19452362
1911,688087,-2.791708,-2.671875,2.7091234,0.27211607
1911,688121,-5.453291,-3.375,2.2296886,0.22922283
1911,717431,-4.269269,-3.859375,3.0202425,0.30590567
1911,724866,-2.956125,-1.515625,2.5445194,0.26549748
1911,724869,-3.866061,-0.796875,0.7678207,0.07762616
1911,753534,-4.030772,-2.53125,1.3293568,0.13356441
1911,753562,-5.539806,-5.0625,3.2901576,0.40317023
1911,753621,-5.987548,-2.71875,1.7951117,0.1883386
1911,753624,-4.134593,-1.8125,1.2623814,0.1269147
1911,905943,-7.486313,-6.65625,1.1849847,0.13242926
1911,905949,-5.789736,-4.28125,0.47912067,0.07083886
1911,905956,-5.04323,-3.453125,2.302891,0.2340885
1911,905969,-3.300886,-2.421875,2.098086,0.21736188
1911,905986,-4.242652,-2.390625,1.7898977,0.18278068
1911,906792,-6.414172,-4.125,2.095996,0.22554195
1911,906795,-3.967459,-2.65625,1.3968933,0.14283846
1911,906798,-6.17798,-4.1875,1.8311099,0.2053169
1911,906800,-8.31449,-7.21875,2.058457,0.29169023
1911,906804,-6.425136,-6.03125,1.5852801,0.19109267
1911,906805,-2.803443,-1.984375,1.2383285,0.1257522
1911,906813,-4.645988,-4.28125,1.6467166,0.1741349
1911,906820,-5.452495,-4.9375,2.4828658,0.25388396
1911,906828,-6.810517,-4.4375,2.1264353,0.22448865
1911,906835,-3.101283,-0.30664062,1.1559527,0.1233579
1911,906848,-4.988939,-3.296875,3.1352253,0.31561348
1911,906863,-5.392012,-3.90625,1.7746753,0.1822923
1911,907000,-4.824063,-4.75,0.93277884,0.11496075
1911,907045,0.36054,-1.609375,1.1766417,0.11887936
1911,907055,-7.187364,-4.28125,3.892459,0.40838698
1911,907060,-6.054015,-4.59375,1.0668786,0.14983869
1911,907171,-5.413809,-4.375,0.9617611,0.10713677
1911,907175,-6.814028,-4.40625,2.344613,0.2367361
1911,907176,-4.543497,-4.25,3.1324732,0.33240625
1911,907269,-7.718308,-5.09375,0.44158518,0.04503716
1911,907274,-5.576442,-3.984375,1.4329883,0.14652935
1911,907285,-5.57219,-2.359375,1.7110918,0.1803482
1911,907286,-3.401198,-2.671875,2.3500488,0.23615164
1911,907290,-4.156991,-1.640625,2.5070477,0.2524846
1911,907295,-4.004346,-1.96875,1.3613285,0.13929912
1911,907317,-5.474059,-5.28125,1.189534,0.13478732
1911,907319,-3.344609,-3.984375,2.635388,0.26966834
1911,907321,-5.310627,-3.96875,2.129847,0.21895865
1911,907323,-5.517648,-4.8125,2.5554156,0.26734817
1911,907783,-6.235589,-4.53125,0.928208,0.094450876
1911,907794,-4.739176,-3.234375,2.52867,0.25953043
1911,908120,-3.608142,-1.9375,6.7647767,0.67874664
1911,908124,-5.398937,-2.84375,1.5090868,0.15198003
1911,908127,-6.504199,-4.15625,3.3836155,0.37574288
1911,908128,-3.136525,-3.0625,2.5696743,0.26373887
1911,908132,-6.807514,-5.34375,2.1241903,0.22760043
1911,908135,-6.566106,-4.5625,1.111299,0.11396834
1911,908138,-3.237014,-2.5625,2.8691587,0.28823116
1911,908156,-8.382858,-6.96875,0.9992384,0.124631286
1911,908441,-4.047078,-3.921875,1.5336556,0.1609073
1911,908442,-5.024575,-4.96875,5.181217,0.52284425
1911,908449,-0.70564,-0.35742188,1.5240237,0.16436076
1911,908452,-4.93936,-4.25,1.8829168,0.20093614
1911,908454,-6.778039,-4.9375,3.0682054,0.32099637
1911,908457,-4.560884,-1.578125,1.5633327,0.15934831
1911,908470,-2.181911,0.16992188,1.9093003,0.19167872
1911,908471,-5.175672,-3.859375,1.4146007,0.14688055
1911,908473,-4.730637,-2.1875,1.7680576,0.17887473
1911,908474,-4.280326,-4.96875,1.8966663,0.20322195
1911,908483,-4.103184,-3.890625,1.569776,0.16245535
1911,909251,-5.873803,-6.46875,1.6729302,0.1863585
1911,909255,-6.033555,-4.0625,1.6325313,0.16365376
1911,909704,-4.367537,-3.671875,1.9876983,0.20549288
1911,909713,-5.417932,-3.765625,1.6479856,0.17990652
1911,909726,-5.985198,-3.484375,2.133592,0.21610114
1911,909727,-3.650904,-2.421875,1.8930699,0.19004929
1911,909736,-3.274693,-2.53125,2.8946462,0.29106516
1911,909743,-4.857033,-5.46875,1.0407811,0.109697804
1911,909747,-1.591201,-0.20898438,0.6898562,0.07217292
1911,909755,-3.927724,-1.953125,1.1140602,0.11888733
1911,909761,-2.297464,-2.703125,1.9419048,0.19476528
1911,909774,-5.143685,-3.171875,1.8159317,0.18488339
1911,909904,-2.368258,-1.328125,2.876455,0.29111832
1911,909907,-0.210255,0.59375,1.0780326,0.107913546
1911,909974,-3.088319,-1.734375,2.7856872,0.27984574
1911,909976,-6.541892,-4.25,1.411239,0.14258137
1911,910399,-5.488022,-5.53125,1.2962883,0.13264382
1911,910692,-4.507054,-3.015625,1.7702991,0.18044409
1911,910702,1.174753,0.921875,1.2060837,0.12537627
1911,910703,-5.338013,-3.390625,2.5907156,0.2599405
1911,910780,-4.476749,-3.203125,1.7869518,0.18048394
1911,910781,-4.562855,-2.609375,1.5533836,0.15699354
1911,910851,-5.988343,-4.84375,1.5063051,0.17554338
1911,910861,-7.113407,-6.0625,2.3549712,0.25035644
1911,910905,-2.652503,-1.96875,2.9415712,0.29468527
1911,910916,-6.19112,-4.625,2.2585692,0.23349613
1911,910921,-6.943096,-4.8125,1.5928407,0.16762069
1911,910922,-5.184494,-4.28125,2.2580197,0.23175219
1911,910934,-5.920202,-5.625,0.7455388,0.0778927
1911,910947,-6.765499,-5.9375,1.2645845,0.13958718
1911,910951,-6.879905,-5.40625,1.3003432,0.14023758
1911,917486,-1.287556,-1.890625,2.36376,0.23790397
1911,924110,-4.6028,-2.71875,0.9228911,0.09443563
1911,924244,-6.010544,-4.0625,1.8402157,0.21794252
1911,925346,-2.669019,-3.953125,3.3503807,0.34170452
1911,946353,-3.686982,-3.15625,1.3245221,0.13457029
1911,946354,-6.444341,-5.53125,1.7649208,0.18464643
1911,946359,-1.198447,-0.96875,1.1559395,0.11575558
1911,946361,-4.527646,-3.640625,1.4130653,0.14579687
1911,946382,-4.764816,-2.890625,0.8549549,0.0882123
1911,949176,-5.435964,-3.90625,1.4329077,0.144681
1911,1240125,-4.651494,-3.9375,1.1735473,0.121202126
1911,1240145,-5.740976,-4.03125,1.4298247,0.14979778
1911,1240147,-5.026508,-3.15625,1.594735,0.16218801
1911,1240150,-5.501236,-5.09375,0.59393364,0.06280655
1911,1240151,-4.631298,-2.203125,3.1416128,0.3162565
1911,1240153,-5.062994,-3.203125,1.8440677,0.19216594
1911,1240157,-4.01992,-2.59375,1.5498003,0.15630707
1911,1240168,-6.19251,-2.4375,2.9045224,0.2957148
1911,1240182,-2.435174,-0.61328125,1.1094179,0.11133789
1911,1240207,-4.783866,-4.71875,4.271713,0.4399244
1911,1240210,-5.32455,-4.75,0.8403031,0.08638725
1911,1240217,-6.068312,-3.359375,2.0835183,0.21539898
1911,1290455,-5.777686,-5.28125,1.1925704,0.1305354
1911,1290765,-4.543646,-2.078125,3.7708325,0.37886673
1911,1297446,-5.391002,-4.25,1.4771897,0.1537436
1911,1297447,-4.802215,-3.921875,1.7665474,0.18649514
1911,1298136,-4.339421,-2.140625,6.193161,0.62532485
1911,1298146,-0.670964,-2.109375,2.8593128,0.2867264
1911,1298362,-6.328555,-5.0625,2.9211988,0.3123573
1911,1298365,-4.112423,-1.859375,3.0837553,0.31036893
1911,1298537,-5.260519,-2.453125,4.6176043,0.4686975
1911,1299075,-4.86283,-2.015625,1.0364013,0.10385098
1911,1330935,-5.062807,-3.078125,1.4937189,0.15207829
1911,1330964,-4.203427,-2.1875,2.359587,0.23871985
1911,1330994,-7.199465,-6.6875,0.87256926,0.09168363
1911,1331037,-5.817861,-5.65625,3.1034894,0.34683383
1911,1480372,-1.126532,-2.40625,2.5492332,0.2585212
1911,1503361,-4.680394,-4.0,2.5591567,0.26225135
1912,687459,3.703392,3.328125,0.41600448,0.047492508
1912,687563,2.565668,3.03125,0.22902787,0.023387855
1912,687586,3.526662,2.15625,0.11776231,0.012200185
1912,687800,2.848787,3.921875,0.30416626,0.035000436
1912,687820,5.643182,5.46875,0.15626338,0.018292129
1912,688006,1.966557,3.78125,0.17657015,0.018880256
1912,688018,5.330865,4.125,0.5945725,0.0602964
1912,688086,2.673187,2.953125,0.22002093,0.022215564
1912,688087,2.118821,2.09375,0.30407065,0.03484947
1912,724825,-2.572149,-2.609375,0.25590467,0.05953171
1912,724873,2.792474,1.875,0.12702963,0.01547886
1912,749709,1.62976,0.40625,0.46366617,0.053140678
1912,749710,3.068822,2.53125,0.18480702,0.022457229
1912,753539,3.329142,3.640625,0.22087489,0.02240911
1912,753551,2.367314,2.125,0.06553472,0.007963595
1912,753554,2.289166,1.609375,0.13820146,0.015087112
1912,753555,1.622144,0.83203125,0.17011575,0.020196265
1912,753572,3.303122,3.484375,0.12585007,0.012786256
1912,753608,2.237561,2.078125,0.1484848,0.017543467
1912,753621,2.41668,3.09375,0.29988238,0.03551601
1912,753622,3.262534,3.078125,0.06810683,0.007178425
1912,905940,3.329532,3.359375,0.10284206,0.010361924
1912,905946,2.780759,2.1875,0.83316374,0.08513692
1912,905947,0.246081,1.140625,0.16828306,0.02606405
1912,905950,2.820215,2.828125,0.16912904,0.017219342
1912,905963,2.546106,3.40625,0.24157552,0.02538311
1912,905970,3.434563,4.28125,0.4006141,0.042158145
1912,905976,2.329527,1.421875,0.7574473,0.08437694
1912,905981,1.150164,2.53125,0.07869203,0.008058033
1912,905986,4.197347,3.703125,0.19529773,0.019872747
1912,906790,0.898589,0.38671875,0.24977084,0.032640163
1912,906793,3.198593,3.5,0.118824646,0.012786256
1912,906794,2.982626,3.015625,0.27761987,0.030080268
1912,906798,3.114682,3.765625,0.14962412,0.016334096
1912,906800,1.071944,0.734375,0.14104193,0.014525272
1912,906804,0.349241,-0.0390625,0.32200292,0.033938944
1912,906808,3.93392,3.90625,0.18368551,0.018438362
1912,906813,2.330893,2.3125,0.14254282,0.018303525
1912,906830,3.080325,2.875,0.13152061,0.014902736
1912,906833,3.029989,2.796875,0.14083901,0.014421859
1912,906837,1.52878,0.95703125,0.08177344,0.013560927
1912,906846,1.016359,1.171875,0.5376662,0.05785616
1912,906848,3.705444,3.546875,0.10409916,0.011046611
1912,906849,2.501185,2.5,0.29237512,0.030588353
1912,906851,1.343452,0.32617188,0.29290614,0.033987146
1912,906865,2.52929,2.40625,0.38886702,0.0510023
1912,906999,4.000715,3.703125,0.22412749,0.022522118
1912,907045,2.585269,1.484375,0.22908932,0.02332401
1912,907046,-0.383102,0.16113281,0.5574729,0.0607014
1912,907060,1.814177,3.015625,0.15046419,0.016088804
1912,907068,3.349522,4.5,0.12265773,0.013064203
1912,907171,2.667889,2.4375,0.103042275,0.013276808
1912,907287,1.475845,2.09375,0.44337368,0.04504638
1912,907298,3.061963,2.703125,0.27744547,0.02877502
1912,907321,3.426086,3.09375,0.098434485,0.012027976
1912,907322,2.263971,2.609375,0.38604856,0.038905848
1912,907783,2.15247,2.3125,0.2363019,0.02393387
1912,907788,-3.094132,-1.078125,0.7266133,0.097871475
1912,907789,-1.302899,-0.35546875,0.3316439,0.036204744
1912,908123,1.437887,1.71875,0.24668287,0.025959376
1912,908125,2.920587,3.671875,0.12572241,0.01400503
1912,908127,0.685814,1.1875,0.19361289,0.021938477
1912,908130,1.489608,2.625,0.4475131,0.046413437
1912,908138,2.138712,2.421875,0.18104166,0.018344209
1912,908148,-0.966653,0.35546875,0.18164106,0.018319638
1912,908152,3.175599,2.875,0.31047282,0.035873506
1912,908441,1.469274,0.98046875,0.13360544,0.013595175
1912,908443,1.71233,1.984375,0.21354605,0.024674127
1912,908451,2.546262,3.0,0.092934854,0.009617782
1912,908457,1.333377,1.703125,0.2590711,0.027067335
1912,908458,2.226881,1.734375,1.3088057,0.13267097
1912,908461,2.05777,1.171875,0.6701199,0.06834536
1912,908465,2.809219,3.1875,0.23235205,0.024570469
1912,908473,2.623614,3.0625,0.18994576,0.020310478
1912,908480,2.897487,2.4375,0.08119994,0.00877728
1912,909262,2.519089,2.40625,0.26366863,0.026727553
1912,909698,2.108387,1.671875,0.2112663,0.021633586
1912,909718,3.322243,2.375,0.47858357,0.04860014
1912,909722,1.523007,2.296875,0.10253748,0.010373737
1912,909727,1.556176,1.703125,0.28862804,0.030741602
1912,909731,0.883461,1.4375,0.29021528,0.029835543
1912,909737,2.687576,3.0,0.15869963,0.016423745
1912,909743,0.856757,0.85546875,0.2772581,0.031776488
1912,909748,4.365777,3.03125,0.49881995,0.049971554
1912,909749,2.583358,2.734375,0.2685853,0.027766975
1912,909759,3.094222,2.9375,0.15327488,0.016568197
1912,909770,3.734786,2.484375,0.12350228,0.0133193
1912,909774,3.962649,2.671875,0.26852915,0.026942981
1912,909975,3.694663,3.796875,0.14568755,0.015331255
1912,909976,2.608633,2.609375,0.14986442,0.015167376
1912,910079,1.729935,2.40625,0.17168644,0.017330095
1912,910549,3.7629,3.046875,0.268063,0.02696408
1912,910701,3.226278,4.125,0.17635185,0.022722611
1912,910704,1.354569,1.265625,0.58318746,0.06766973
1912,910784,1.799181,2.59375,0.71632046,0.07464606
1912,910852,2.890848,2.21875,0.75496876,0.093596935
1912,910900,4.263576,3.421875,0.1589535,0.016192485
1912,910905,0.571254,1.265625,0.82060033,0.0858514
1912,910918,2.108029,2.046875,0.21439946,0.0215075
1912,910922,3.437177,3.4375,0.15794097,0.01597892
1912,910931,1.909821,2.234375,0.112675086,0.012268821
1912,910952,0.256434,0.94921875,0.21554817,0.022198334
1912,924100,1.556315,1.34375,0.3642605,0.037173823
1912,924189,2.826619,3.171875,0.20648894,0.021465188
1912,930083,5.334326,5.84375,0.33533525,0.037475757
1912,946382,-1.045668,-0.625,0.054175198,0.017291864
1912,1240125,1.975578,2.0,0.17577155,0.017876348
1912,1240129,4.979278,3.734375,0.10617263,0.011685789
1912,1240151,2.038453,2.53125,0.25603116,0.028805956
1912,1240174,1.908073,1.6875,0.22363287,0.025839604
1912,1240179,3.201505,3.578125,0.1240488,0.012786964
1912,1240183,3.465312,3.296875,0.3923133,0.052430987
1912,1240184,4.370688,4.59375,0.3078348,0.0331249
1912,1240185,2.950046,1.953125,0.22659442,0.0234752
1912,1240209,3.327533,2.125,0.22158107,0.022434112
1912,1240218,4.468872,4.125,0.25157675,0.02695567
1912,1240221,3.013291,2.734375,0.08707997,0.008916955
1912,1247871,2.877623,2.3125,0.3256531,0.033322733
1912,1290730,1.838367,0.08496094,0.16591547,0.15582499
1912,1290769,3.822939,3.984375,0.29394227,0.030556243
1912,1298134,3.936889,3.765625,0.075102836,0.009101496
1912,1298141,3.281226,3.90625,0.5863558,0.061344683
1912,1298145,3.179575,3.765625,0.40776116,0.04191983
1912,1298168,1.985122,0.99609375,0.29982144,0.034642793
1912,1298169,2.825422,3.9375,0.15026073,0.015167376
1912,1299070,3.904869,3.75,0.20147662,0.020768233
1912,1303900,4.110921,3.703125,0.39414412,0.04033114
1912,1327768,2.830944,2.796875,0.24355741,0.024825463
1912,1330942,3.991587,3.6875,0.15150744,0.01528459
1912,1330964,3.51336,2.203125,0.09683957,0.010628715
1912,1330982,-0.498684,-0.734375,0.24780379,0.027785499
1912,1331037,-1.638331,-1.40625,1.5108075,0.17119116
1912,1331050,-2.778041,-1.515625,0.5732066,0.068561465
1912,1480359,0.936305,0.05078125,0.23927951,0.032488726
1912,1503371,1.999614,1.84375,0.21429794,0.025504183
1912,1659817,0.530369,0.42773438,0.10040303,0.010246416
1912,1659929,2.340227,2.640625,0.3284327,0.033438344
1913,687505,3.981152,4.34375,0.2004884,0.021313874
1913,687568,6.328797,5.0625,0.23306674,0.023579407
1913,687592,3.493739,4.71875,0.25713572,0.02622521
1913,687820,4.64455,6.09375,0.17486826,0.02029071
1913,687985,4.477487,4.1875,0.24706984,0.025921945
1913,722058,4.373601,4.5625,0.18435314,0.02121353
1913,722066,4.102547,5.03125,0.12559883,0.012802113
1913,724812,4.496153,5.3125,0.09739036,0.011035401
1913,724855,6.314972,5.59375,0.25620595,0.02578621
1913,749717,5.264777,5.78125,0.13511868,0.014116983
1913,753555,4.041537,4.53125,0.16159879,0.017060053
1913,753573,5.240802,4.78125,0.47230485,0.052613083
1913,753586,5.946009,5.375,0.11635827,0.012347502
1913,753608,5.231765,5.46875,0.2736773,0.02765934
1913,753620,2.782081,4.3125,0.125476,0.012910698
1913,753621,3.654313,5.15625,0.28174672,0.03229093
1913,905949,5.109474,4.78125,0.23014113,0.023639793
1913,905950,4.560368,4.75,0.21586297,0.022072935
1913,905951,5.470582,5.1875,0.1945905,0.01980078
1913,905968,4.863319,5.1875,0.20056464,0.020443272
1913,905974,4.711372,5.34375,0.0993904,0.010606482
1913,905985,3.723078,4.4375,0.11401299,0.0119797075
1913,906790,5.075033,4.6875,0.07718328,0.007963595
1913,906791,3.757379,5.28125,0.2290914,0.023394344
1913,906792,3.74252,4.09375,0.21228178,0.024329567
1913,906793,4.79744,4.6875,0.09772723,0.011156878
1913,906795,5.798518,4.65625,0.27825007,0.02923662
1913,906801,4.556993,4.3125,0.15692097,0.017846726
1913,906817,6.470786,6.71875,0.10343282,0.0107274465
1913,906826,6.288901,6.34375,0.23655488,0.024278844
1913,906828,4.402356,4.03125,0.12714262,0.016162857
1913,906831,4.185848,3.890625,0.13215698,0.013907383
1913,906839,4.843347,5.3125,0.24985246,0.0255312
1913,906844,3.740384,3.6875,0.07659884,0.008036558
1913,906851,4.724903,3.75,0.60692847,0.067827955
1913,906999,6.044462,5.71875,0.15925647,0.016100723
1913,907048,3.962792,4.09375,0.18464339,0.019241251
1913,907051,5.418229,4.90625,0.13013639,0.013943713
1913,907062,5.400706,4.21875,0.1955918,0.021046871
1913,907065,5.543612,5.03125,0.20117474,0.020352887
1913,907067,5.021237,4.78125,0.09864835,0.011922841
1913,907169,4.152727,4.59375,0.11470591,0.011910124
1913,907173,4.118697,5.09375,0.27750558,0.027800383
1913,907271,6.225752,5.96875,0.15249847,0.015593638
1913,907277,2.863585,3.703125,0.056529377,0.006559344
1913,907282,5.268024,5.84375,0.13171351,0.013725554
1913,907291,4.455601,4.4375,0.16506468,0.016969452
1913,907298,5.162792,5.84375,0.099392936,0.010059292
1913,907314,5.117862,5.34375,0.1549649,0.015606503
1913,907319,5.403293,5.0,0.140718,0.014880467
1913,907783,3.575717,3.703125,0.13574633,0.015074325
1913,907788,3.549847,3.765625,0.43897521,0.045632888
1913,907790,3.855861,4.65625,0.4006857,0.04191983
1913,908122,5.028518,4.34375,0.424398,0.042660248
1913,908148,3.60369,3.796875,0.11992626,0.012146748
1913,908449,6.559188,7.125,0.19011821,0.02797155
1913,908459,5.96865,5.1875,0.31524578,0.032061182
1913,908467,3.693513,4.21875,0.24192041,0.02741225
1913,908469,5.172312,4.59375,0.13817182,0.015007461
1913,909250,5.717093,5.625,0.22339232,0.022455271
1913,909255,3.912871,4.15625,0.21664661,0.021698989
1913,909264,6.005075,5.96875,0.15178543,0.01569193
1913,909696,3.775969,4.28125,0.047160357,0.0054050386
1913,909698,4.794089,4.6875,0.1259808,0.013198573
1913,909724,5.305329,4.8125,0.21656427,0.022721376
1913,909731,3.92406,4.25,0.091981046,0.0095397355
1913,909736,5.629551,5.875,0.17275015,0.017597938
1913,909743,3.446092,4.375,0.09008417,0.009387459
1913,909774,4.918262,5.25,0.17703468,0.017759249
1913,909781,5.555461,6.46875,0.07744148,0.010690128
1913,909784,6.177848,5.78125,0.33854553,0.03503591
1913,909904,6.761633,6.53125,0.24059378,0.02446891
1913,909976,3.924619,4.375,0.10003676,0.010543823
1913,910079,3.588674,5.0,0.25893342,0.026392719
1913,910549,4.748693,5.28125,0.25079662,0.025257705
1913,910691,5.394685,5.28125,0.11422931,0.011530351
1913,910903,4.083141,4.375,0.14699468,0.015445199
1913,910904,5.875178,5.09375,0.18180332,0.019847019
1913,910924,5.00289,4.03125,0.37644336,0.03994675
1913,910931,2.963045,4.34375,0.16413134,0.017741725
1913,910934,4.679598,3.859375,0.107502975,0.011162229
1913,910952,3.952756,4.40625,0.18577273,0.019037189
1913,924151,5.607255,4.96875,0.16238086,0.016787311
1913,925346,5.4462,5.0625,0.16316524,0.018063968
1913,930083,7.662409,6.84375,0.15004371,0.020130854
1913,946360,5.611085,4.84375,0.15918125,0.01667687
1913,949176,4.400912,5.03125,0.13841777,0.014008892
1913,998184,4.312608,3.578125,0.15129931,0.018237907
1913,1240122,6.069446,4.53125,0.16963987,0.017908951
1913,1240143,4.367087,4.8125,0.13870142,0.015450845
1913,1240168,3.991499,4.65625,0.231548,0.02393797
1913,1240183,5.835096,5.21875,0.2901723,0.031294096
1913,1240190,5.358418,5.59375,0.22584276,0.024054378
1913,1240199,7.062748,7.84375,0.14695783,0.018681843
1913,1240217,3.972732,4.53125,0.22440252,0.025822014
1913,1247871,4.12465,4.09375,0.16181916,0.017202957
1913,1290722,4.727875,5.03125,0.14736816,0.015039341
1913,1290730,4.572759,5.21875,0.102261536,0.015348606
1913,1290769,4.77632,5.71875,0.20341063,0.020877078
1913,1290807,5.218095,4.53125,0.3025357,0.034157526
1913,1295741,2.649497,3.671875,0.1276826,0.012932349
1913,1297446,3.789958,3.953125,0.06248261,0.006754037
1913,1298136,5.477533,6.09375,0.36435372,0.03650501
1913,1298145,5.037534,5.34375,0.32242873,0.032555703
1913,1298168,4.836586,5.34375,0.115361914,0.012593774
1913,1298218,6.030566,5.375,0.140186,0.014775533
1913,1298347,5.015756,3.84375,0.21774203,0.023709217
1913,1298350,5.513412,5.78125,0.10948463,0.011058058
1913,1298353,5.51382,5.21875,0.20303017,0.020456444
1913,1298359,4.392242,4.8125,0.17297429,0.018231401
1913,1298538,5.22379,5.40625,0.13969144,0.014143146
1913,1299052,5.242564,5.1875,0.25236323,0.025754388
1913,1299070,4.533599,4.59375,0.11503955,0.013083526
1913,1299081,5.532829,5.4375,0.18387529,0.018903274
1913,1303896,3.767362,3.796875,0.13590454,0.0140223205
1913,1327765,4.09536,3.53125,0.07312279,0.007683244
1913,1330950,4.809605,4.65625,0.06667913,0.007360166
1913,1330964,5.275391,4.1875,0.20971212,0.023361186
1913,1330985,3.313472,3.671875,0.09417451,0.009975774
1913,1331035,4.212115,3.328125,0.14531057,0.015291583
1913,1480372,5.808501,5.84375,0.14071722,0.014594367
1913,1659819,4.066299,3.359375,0.10458214,0.01076085
1913,1659928,4.346474,4.78125,0.15283456,0.015754202
1913,1660034,4.281723,5.0625,0.16019447,0.0161053
1913,1660035,4.336518,5.59375,0.12067236,0.012828652
1913,1660036,4.231438,4.90625,0.118344665,0.012187784
1915,684072,2.477115,2.859375,0.101953626,0.011684883
1915,687448,3.956133,3.953125,0.23285897,0.024849627
1915,687457,3.596918,3.046875,0.0914555,0.009779133
1915,687561,2.921961,2.921875,0.12091121,0.014858679
1915,687563,2.703509,3.078125,0.09736576,0.010477149
1915,687596,1.529422,2.34375,0.09979977,0.012903698
1915,687812,3.575221,2.796875,0.3392394,0.03816768
1915,687816,4.096637,3.09375,0.34878653,0.037701964
1915,687820,4.093702,4.34375,0.04665318,0.011719931
1915,687829,3.027993,2.859375,0.105176866,0.012580246
1915,687980,3.091202,3.0,0.09088048,0.010002674
1915,687995,2.766489,2.875,0.0410596,0.005290454
1915,688006,1.6447,3.21875,0.050450332,0.0072817085
1915,688018,1.747145,4.03125,0.34625864,0.040177863
1915,688023,2.251156,3.109375,0.10911108,0.011851043
1915,688027,3.172888,3.265625,0.07297541,0.008182515
1915,713880,2.73798,3.140625,0.045622,0.0052287276
1915,724825,2.582623,1.78125,0.058689322,0.010361782
1915,724831,3.704428,3.65625,0.06742229,0.009386906
1915,724863,3.644712,2.421875,0.5346271,0.062035058
1915,724869,2.921145,3.265625,0.14946167,0.017701214
1915,724878,4.513515,4.875,0.119704925,0.01288098
1915,749712,3.126607,2.421875,0.2790246,0.028661039
1915,749717,3.159186,3.21875,0.23019195,0.024116414
1915,753535,1.310576,0.87890625,0.40364954,0.06859467
1915,753540,0.367848,0.75390625,0.6916441,0.110744126
1915,753541,1.130736,1.203125,0.27545905,0.035615716
1915,753572,2.234158,2.75,0.053434223,0.009495954
1915,753575,0.627325,0.81640625,0.31758493,0.0896644
1915,753604,-0.86673,-0.53125,0.64122766,0.24196291
1915,753605,1.891947,2.15625,0.07785796,0.017814169
1915,753618,2.36763,2.234375,0.04705102,0.00717216
1915,753623,1.824484,2.640625,0.12129567,0.012996456
1915,753624,2.363687,2.875,0.084677964,0.008772643
1915,905945,2.17363,3.109375,0.092475645,0.009624721
1915,905947,2.130883,3.375,0.07649177,0.011659921
1915,905954,2.79759,2.453125,0.07308928,0.007864852
1915,905955,2.801731,2.09375,0.0505177,0.009037098
1915,905962,4.525138,4.625,0.06886384,0.00872566
1915,905963,0.425049,0.890625,0.39174455,0.06419641
1915,905964,2.672387,2.4375,0.08133008,0.009994588
1915,905973,3.873354,3.28125,0.3407994,0.039058946
1915,905976,2.400935,3.1875,0.074067995,0.007794457
1915,906696,3.248561,2.6875,0.16818808,0.019600479
1915,906746,2.813586,3.453125,0.08156036,0.011404676
1915,906793,2.952809,3.546875,0.040875662,0.0047429767
1915,906798,3.336708,2.8125,0.07978139,0.01054147
1915,906817,3.227803,3.28125,0.1284489,0.01450241
1915,906820,3.290669,2.484375,0.1910426,0.02085565
1915,906821,2.64524,2.921875,0.11255758,0.018893449
1915,906827,2.417089,3.359375,0.0692257,0.009945078
1915,906830,3.2216,3.34375,0.11202213,0.012560707
1915,906836,2.106087,1.9375,0.055283822,0.007567929
1915,906848,2.838326,1.578125,0.105349354,0.022958724
1915,906871,3.127918,2.75,0.08798358,0.009656718
1915,906999,3.864796,3.296875,0.1334543,0.015014886
1915,907042,2.771647,2.46875,0.046945315,0.010230765
1915,907053,1.687757,1.984375,0.028710278,0.0070881923
1915,907068,1.973591,1.359375,0.2286997,0.04446217
1915,907073,0.811281,2.109375,0.1770829,0.019013911
1915,907270,2.843097,1.71875,0.2018482,0.023628268
1915,907285,4.086736,3.671875,0.123033755,0.013032794
1915,907314,3.349182,3.734375,0.11848959,0.012722576
1915,907317,2.009069,1.578125,0.3571743,0.052295037
1915,907321,1.795249,2.1875,0.048539355,0.013704215
1915,907322,2.347022,2.03125,0.05466737,0.007817384
1915,907323,2.773058,2.46875,0.08010629,0.01190278
1915,907799,1.63924,1.171875,0.079322524,0.009244172
1915,908120,1.95666,0.52734375,4.9445915,1.640608
1915,908130,2.740747,3.25,0.15076171,0.01684854
1915,908132,2.614651,2.515625,0.11463068,0.013711019
1915,908443,3.928221,3.3125,0.07752062,0.009920538
1915,908455,0.950957,1.6875,0.3311319,0.043117322
1915,908461,1.653375,0.4765625,1.7591535,0.22008914
1915,908470,3.89338,3.984375,0.21200924,0.03017874
1915,908472,3.160499,2.5625,0.09512226,0.0114066955
1915,908473,0.379906,0.8828125,0.54195035,0.13734186
1915,908474,2.832203,2.015625,0.24437174,0.02674824
1915,908481,3.477358,2.5625,0.1476789,0.01847623
1915,908483,2.99749,2.203125,0.047512237,0.0062544686
1915,909250,2.491589,3.109375,0.10422242,0.011407891
1915,909253,1.358027,2.359375,0.18030016,0.01863985
1915,909255,2.084029,2.390625,0.18873033,0.019165559
1915,909257,1.958696,1.515625,0.06181106,0.024778169
1915,909264,3.654092,3.984375,0.06740337,0.007377783
1915,909707,3.716453,3.28125,0.1889812,0.02254721
1915,909712,2.644122,1.53125,0.09650275,0.01823318
1915,909718,2.083693,1.5,0.30456164,0.047687028
1915,909724,2.365403,1.71875,0.20149232,0.03137695
1915,909747,3.854749,4.78125,0.10855384,0.012092512
1915,909751,-1.049646,0.97265625,0.2145556,0.031413775
1915,909762,1.437483,1.71875,0.1030581,0.010767345
1915,909907,4.051452,2.59375,1.8311368,0.20154233
1915,910079,3.56436,0.99609375,0.72176206,0.0943202
1915,910554,2.505027,1.875,0.21898864,0.026610885
1915,910692,2.626506,2.828125,0.033655167,0.005025858
1915,910698,2.171424,3.140625,0.083056785,0.014114356
1915,910700,2.73475,3.234375,0.15469716,0.015992953
1915,910702,4.920827,4.1875,0.5173814,0.10358316
1915,910703,2.377471,2.96875,0.086792625,0.009319179
1915,910784,4.127072,3.625,0.18667063,0.019706896
1915,910861,1.874136,2.234375,0.3669144,0.041888215
1915,910899,3.337067,3.1875,0.083627015,0.010562109
1915,910933,2.643414,3.25,0.2741802,0.029259237
1915,910934,2.748496,2.390625,0.07163877,0.007820628
1915,910951,2.001551,2.3125,0.10130389,0.011565203
1915,910952,0.169957,0.72265625,0.69719726,0.093177415
1915,924151,2.923273,2.765625,0.09150649,0.010617888
1915,924244,3.137394,1.90625,0.3074539,0.034359846
1915,925347,3.029725,3.6875,0.06159163,0.0068187886
1915,930083,4.758998,4.9375,0.41095948,0.071166925
1915,946353,2.746912,1.96875,0.20939183,0.027876884
1915,946360,3.14443,2.40625,0.12828352,0.017488968
1915,946382,2.783362,2.109375,0.046468657,0.0063876975
1915,949090,2.799968,2.734375,0.23836558,0.02504583
1915,998189,2.367869,2.796875,0.36486554,0.03858334
1915,1240123,-0.349224,0.953125,0.55743015,0.06440813
1915,1240127,3.519087,3.296875,0.1339386,0.014968453
1915,1240128,3.156903,3.484375,0.08388863,0.010338892
1915,1240147,1.404278,1.546875,0.15318742,0.019538311
1915,1240160,4.21009,4.03125,0.06229775,0.007451458
1915,1240166,2.623902,2.515625,0.062654056,0.011593185
1915,1240173,2.628286,2.90625,0.056793332,0.009651244
1915,1240179,2.458129,2.46875,0.07115212,0.011659921
1915,1240185,2.080321,2.671875,0.2680848,0.02839785
1915,1240189,2.601327,2.609375,0.04520774,0.0071573113
1915,1240190,3.822476,3.640625,0.31655347,0.040374864
1915,1240220,2.681231,2.234375,0.20311055,0.037072476
1915,1290807,3.501099,3.78125,0.11468591,0.015898794
1915,1290905,5.052654,4.375,0.16512631,0.01793511
1915,1295741,2.093528,2.1875,0.075154826,0.007908829
1915,1297449,1.258726,1.578125,0.11888671,0.0136803035
1915,1298145,2.804646,2.015625,0.29644382,0.04773801
1915,1298218,4.337539,3.671875,0.14425951,0.019060928
1915,1298351,0.540062,1.109375,0.15704536,0.022457343
1915,1298359,0.065326,0.33789062,0.24463376,0.048977282
1915,1298365,2.105311,2.515625,0.23123223,0.02758815
1915,1298476,4.17429,4.15625,0.09216343,0.027260544
1915,1298538,0.683115,1.25,0.32094312,0.037741754
1915,1299075,3.374014,3.9375,0.09825429,0.010147549
1915,1327775,2.391806,2.71875,0.044118784,0.005990329
1915,1330947,1.573621,1.640625,0.23805535,0.025921067
1915,1330982,2.089848,2.0,0.11818066,0.012804939
1915,1330984,1.447632,1.859375,0.06330606,0.0074975356
1915,1479995,2.465819,1.609375,0.20622082,0.026949031
1915,1480371,2.287295,3.453125,0.23022825,0.024430953
1915,1660034,1.708337,2.625,0.19115287,0.020284422
1916,684052,3.036818,2.65625,0.10953178,0.011508853
1916,684072,1.566932,1.703125,0.14627911,0.015038204
1916,687455,5.212941,4.3125,0.4467164,0.044768386
1916,687586,3.636717,2.40625,0.06982905,0.0070528043
1916,687588,1.585615,3.125,0.15572113,0.015829029
1916,687590,3.07399,2.890625,0.17555042,0.018112894
1916,687777,4.985442,2.96875,0.72398466,0.07500487
1916,687798,3.416646,3.296875,0.1475112,0.01501839
1916,687820,4.971545,5.625,0.4595486,0.047829103
1916,687829,3.441261,4.84375,0.10929432,0.011065571
1916,687980,1.655106,2.71875,0.13507886,0.013578052
1916,688006,2.453521,4.15625,0.32176027,0.03433676
1916,688011,2.65672,3.71875,0.08434133,0.008499892
1916,688023,1.661062,1.953125,0.19081873,0.019669615
1916,713899,4.638059,3.609375,0.096018985,0.009725296
1916,724812,5.135276,4.34375,0.11385307,0.011527124
1916,724838,2.592647,3.671875,0.21500012,0.021865979
1916,724855,5.081665,3.71875,0.5973876,0.060821142
1916,724859,6.358415,4.25,0.5359604,0.0557148
1916,724868,3.317064,3.421875,0.077918075,0.0080723185
1916,724874,3.685852,3.0625,0.6214435,0.06717473
1916,749713,2.658548,2.640625,0.13758253,0.014023594
1916,753554,2.95751,2.40625,0.19698931,0.020762574
1916,753566,3.923278,4.21875,0.22465146,0.022545356
1916,753570,2.0756,2.015625,0.12963831,0.014917491
1916,753575,2.956337,3.296875,0.42126223,0.043844316
1916,753600,2.85244,2.640625,0.18486728,0.023348775
1916,753605,4.994402,4.4375,0.5200365,0.05259348
1916,753608,2.547005,2.34375,0.15382038,0.01655201
1916,753624,4.764141,4.34375,0.18421718,0.018472943
1916,905936,2.624801,3.234375,0.187154,0.019310124
1916,905937,2.206471,1.96875,0.088229716,0.010072609
1916,905947,1.409268,1.25,0.18680851,0.024412222
1916,905949,2.622539,2.40625,0.04782634,0.0050329478
1916,905970,3.614145,4.65625,0.6806152,0.07009348
1916,905973,2.93019,3.265625,0.21088368,0.02314573
1916,905982,2.76651,2.453125,0.12814017,0.012983917
1916,905986,4.401331,3.953125,0.12758699,0.0129278675
1916,906790,1.84312,1.0625,0.3242588,0.03716323
1916,906814,3.514909,2.859375,0.13034369,0.013565968
1916,906817,4.529684,5.28125,0.28177094,0.029562697
1916,906824,2.141185,2.25,0.20350789,0.024341656
1916,906833,3.107528,2.796875,0.10101614,0.010177951
1916,906834,2.4975,1.828125,0.08521617,0.008800993
1916,906848,3.122863,3.09375,0.36687845,0.039309897
1916,906851,2.040148,0.56640625,0.22371422,0.026896406
1916,906872,3.692685,4.40625,0.18038537,0.018871957
1916,906875,3.561028,4.375,0.35218617,0.03554981
1916,907000,2.379709,2.390625,0.07941994,0.008115535
1916,907046,0.488777,1.390625,0.41496348,0.043086413
1916,907047,2.560572,3.546875,0.14732616,0.016001754
1916,907062,1.798093,2.234375,0.18117982,0.01873079
1916,907063,0.211328,0.75390625,0.313701,0.038225207
1916,907064,4.068574,4.0625,0.30037382,0.03040003
1916,907068,4.078828,4.875,0.14901684,0.01547269
1916,907069,4.085347,3.109375,0.18803146,0.019645225
1916,907071,4.520223,3.375,0.2527366,0.025792493
1916,907171,3.291948,3.21875,0.16383573,0.018084493
1916,907175,2.093139,2.234375,0.15388587,0.015450845
1916,907269,0.792277,0.2734375,0.1418537,0.01458325
1916,907276,3.063087,3.65625,0.46836495,0.049445484
1916,907278,3.822744,3.8125,0.37936702,0.039180435
1916,907281,2.535176,1.53125,0.14069872,0.014245129
1916,907282,6.023682,4.5,0.109689355,0.011167677
1916,907285,4.521165,4.8125,1.0127041,0.10161008
1916,907290,1.835694,2.71875,0.54144067,0.05490823
1916,907314,4.546179,4.1875,0.59624815,0.059866037
1916,907783,3.376074,3.890625,0.51793474,0.05252447
1916,907790,1.413929,0.6796875,1.2300105,0.14712203
1916,907791,3.560455,3.234375,0.16414653,0.016741263
1916,907799,0.388594,0.14648438,0.13000792,0.013531022
1916,908120,0.941849,1.65625,2.4892526,0.29139093
1916,908124,1.790017,2.046875,0.30516943,0.035260726
1916,908128,4.307174,4.3125,0.13083984,0.0133525785
1916,908131,2.62166,2.828125,0.07675169,0.007773805
1916,908135,2.596389,2.25,0.16252512,0.016565954
1916,908446,2.210135,2.390625,0.6333151,0.06344522
1916,908468,4.119806,4.3125,0.101597235,0.010600748
1916,908471,3.831155,4.0625,0.2209302,0.022219056
1916,908483,3.144718,2.984375,0.23651443,0.02381935
1916,909248,3.187253,3.953125,0.2414958,0.024535762
1916,909253,1.645039,1.6875,0.30353546,0.030708743
1916,909260,1.265364,1.34375,0.19743778,0.020315116
1916,909699,5.491311,4.875,0.37521708,0.03810328
1916,909715,-0.254765,1.109375,0.46395338,0.048473105
1916,909724,1.045397,2.046875,0.31372252,0.038334604
1916,909726,4.347495,3.109375,0.6983186,0.07046836
1916,909743,1.701111,1.3125,0.2896834,0.031794466
1916,909745,1.303697,1.546875,0.15141445,0.015721638
1916,909746,4.122473,5.75,0.18476893,0.018737668
1916,909748,4.568276,3.578125,0.5823061,0.058373507
1916,909778,-0.292589,-0.62109375,0.38115045,0.063208215
1916,909784,2.059051,2.421875,0.32423124,0.03339111
1916,910399,2.460729,1.484375,0.4919844,0.051401738
1916,910554,4.036119,2.609375,0.0938238,0.010216166
1916,910567,5.111954,3.953125,0.11439531,0.011513477
1916,910689,7.622303,6.84375,0.6143012,0.08866467
1916,910697,2.000018,1.96875,0.20073281,0.02274524
1916,910702,5.982977,5.53125,1.1652665,0.14046344
1916,910904,4.745587,3.546875,0.091930114,0.009829883
1916,910905,2.130631,2.765625,0.4787469,0.048664548
1916,910915,4.776765,4.3125,0.4406323,0.045420427
1916,910922,4.053182,3.796875,0.19266167,0.019337136
1916,910930,2.772637,2.90625,0.14506936,0.014661513
1916,910937,2.259239,0.98046875,0.14760862,0.017481752
1916,910941,3.789282,3.09375,0.39353842,0.03971254
1916,917486,5.316956,4.40625,0.43138084,0.043531276
1916,924104,2.798365,3.515625,0.24985458,0.026070055
1916,924151,3.9654,3.796875,0.19377054,0.02001232
1916,924187,3.628219,4.15625,0.37726867,0.0383493
1916,925347,4.903089,4.53125,0.16272129,0.017331349
1916,946353,2.828011,2.625,0.08426986,0.009481166
1916,946361,3.562113,3.703125,0.06634164,0.0066858893
1916,1240123,2.849688,3.21875,0.12995432,0.013071921
1916,1240144,4.041392,3.203125,0.3515029,0.035561617
1916,1240147,1.013803,1.296875,0.20260961,0.020732203
1916,1240153,3.272171,3.28125,0.106351465,0.012888427
1916,1240154,3.758199,2.265625,0.15392992,0.015719008
1916,1240157,1.818206,1.09375,0.17166257,0.018393112
1916,1240160,4.841232,4.96875,0.3256789,0.033896156
1916,1240166,2.461645,2.25,0.19879945,0.021257184
1916,1240178,5.263494,4.8125,0.915633,0.09211933
1916,1240190,2.324651,2.875,0.2602778,0.027348218
1916,1240191,1.59258,2.40625,0.14493991,0.014756601
1916,1240192,2.7665,3.734375,0.1579507,0.016017994
1916,1240196,4.365829,4.5625,0.15033814,0.01525967
1916,1240221,3.014106,2.96875,0.081329525,0.008222361
1916,1290455,2.675227,2.453125,0.15182552,0.015696075
1916,1290725,3.57686,3.1875,0.49260557,0.051608577
1916,1290730,2.60234,1.5625,0.16333225,0.044862494
1916,1290806,1.612543,2.0,0.19066226,0.019296417
1916,1290807,2.237807,2.8125,0.32742944,0.03412065
1916,1290908,2.192433,2.875,0.5967465,0.061152007
1916,1297447,2.967096,2.78125,0.12743746,0.01310119
1916,1298146,3.339869,3.390625,0.23236999,0.023455517
1916,1298157,3.641373,3.59375,0.14304845,0.014607814
1916,1298348,3.465673,4.71875,0.16744412,0.016863283
1916,1298351,1.861768,1.921875,0.19329432,0.019779008
1916,1298353,3.947514,3.890625,0.3800039,0.038473733
1916,1298359,1.20038,1.84375,0.12834531,0.014768704
1916,1298534,3.489097,4.0625,0.4317096,0.04358981
1916,1303896,0.977955,-0.09082031,0.26833272,0.030753555
1916,1322212,1.192194,1.609375,0.14070685,0.014198935
1916,1323913,1.971883,1.625,0.08583149,0.008743595
1916,1327768,3.60822,3.234375,0.3132057,0.03204904
1916,1330931,3.320365,2.625,0.24464098,0.024788467
1916,1330942,3.9204,4.75,0.13440509,0.013607927
1916,1330964,3.022011,2.640625,0.13702352,0.013958492
1916,1330972,3.326427,2.78125,0.2640063,0.029807396
1916,1480371,0.979854,2.390625,0.6032164,0.06450059
1916,1480372,3.538213,4.71875,0.38070744,0.038417745
1916,1480374,4.427524,2.3125,0.094141506,0.010176195
1916,1503366,2.831512,3.171875,0.30630392,0.03089267
1916,1659928,3.221944,2.359375,0.1217012,0.012436049
1916,1660035,4.244142,4.46875,0.19370376,0.020211225
1917,687452,2.028886,1.703125,0.3755906,0.041458387
1917,687563,1.3606,1.625,0.29377112,0.032427
1917,687596,2.91266,2.375,0.14310192,0.0151325585
1917,687777,4.347757,3.03125,0.9967789,0.10361837
1917,687794,1.569125,1.5625,0.115864985,0.0116546955
1917,687815,1.889709,1.0625,0.14524424,0.018525198
1917,687820,4.206365,3.390625,0.23891504,0.026150966
1917,687995,2.640153,1.4375,0.14583378,0.016194511
1917,688013,0.962798,0.40234375,0.26179227,0.028233403
1917,724825,2.445016,1.296875,0.088608496,0.012080048
1917,724838,3.453708,3.046875,0.8248875,0.08896131
1917,724863,1.020411,1.640625,0.12609343,0.013249039
1917,724868,1.739109,1.046875,0.17487378,0.017977877
1917,724872,2.431918,2.046875,0.25014254,0.02544004
1917,724874,2.981757,2.890625,0.6188315,0.06361889
1917,735784,3.252694,3.265625,0.3308552,0.033246968
1917,749714,2.994835,4.03125,0.67818767,0.06858797
1917,749717,2.065901,3.125,0.8008534,0.080887
1917,753535,3.539626,3.578125,0.2689393,0.027029332
1917,753570,1.562404,1.296875,0.14455833,0.016264195
1917,753573,-0.601662,1.125,1.0617889,0.13010977
1917,753620,0.474431,0.2265625,0.32826445,0.04022496
1917,753624,2.539135,2.796875,1.1442249,0.115035705
1917,905934,3.158462,3.6875,2.845677,0.286652
1917,905939,0.452898,0.96484375,0.31636,0.03411835
1917,905940,1.065178,1.953125,0.43125477,0.043957192
1917,905941,6.853414,5.0625,0.7129147,0.07254346
1917,905951,1.46293,2.0625,0.65840197,0.066829324
1917,905955,1.040673,3.390625,1.0953785,0.11099021
1917,905977,6.115923,3.734375,0.4562841,0.047033817
1917,905985,1.565593,1.78125,0.17751986,0.01845376
1917,906791,2.873712,2.765625,0.40940776,0.042509552
1917,906794,2.594953,3.4375,0.5375966,0.05440871
1917,906800,-0.819809,-1.125,0.06967119,0.012891599
1917,906821,2.379277,1.984375,0.35841757,0.037497725
1917,906826,3.015118,2.640625,0.22100422,0.022568498
1917,906831,1.916504,1.203125,0.23385626,0.023759592
1917,906833,1.415084,1.90625,0.12801726,0.013393195
1917,906842,0.457182,-0.265625,0.113690965,0.012836179
1917,906851,3.803537,2.4375,0.73816705,0.077802435
1917,906865,2.291877,2.46875,0.9002881,0.0923283
1917,906868,2.786301,2.15625,0.36546707,0.037637804
1917,906870,1.367967,0.7890625,0.14074586,0.014788615
1917,906871,1.202366,1.375,0.12464428,0.013442461
1917,907042,0.899542,0.51953125,0.18994421,0.02115911
1917,907060,1.653454,2.109375,0.09628306,0.010950337
1917,907062,1.334937,2.90625,0.34133038,0.035710063
1917,907068,2.153437,3.453125,0.42305684,0.044813823
1917,907175,0.180459,0.70703125,0.29356012,0.02979703
1917,907269,0.947053,0.019042969,0.04497176,0.004808731
1917,907271,2.321974,2.96875,0.47873792,0.049216587
1917,907277,-1.484496,-0.859375,0.04635364,0.0103486255
1917,907287,3.668821,2.859375,0.8959437,0.089843504
1917,907291,1.198207,1.65625,0.066999495,0.0074401423
1917,907298,1.501194,2.234375,0.30030394,0.030250354
1917,907299,1.315559,0.79296875,0.44161132,0.048209615
1917,907783,0.482812,0.46875,0.062316705,0.008114378
1917,908127,1.902602,1.390625,0.18254681,0.02076117
1917,908128,2.810387,3.78125,0.2924427,0.029711924
1917,908129,5.290331,3.859375,0.5207011,0.052280772
1917,908130,3.04407,3.484375,0.6427473,0.06450421
1917,908131,3.153962,2.046875,0.20833558,0.021349331
1917,908134,2.690359,2.578125,0.08225956,0.008370416
1917,908156,-0.425887,-1.21875,0.17783509,0.021669628
1917,908158,-0.402318,0.049316406,0.053807955,0.0061429027
1917,908452,3.990971,2.578125,1.0530854,0.10747037
1917,908463,3.090537,4.15625,1.4231548,0.14335787
1917,908473,4.215557,3.65625,0.20885967,0.021190092
1917,909255,2.065057,0.86328125,0.06295298,0.006386965
1917,909262,0.588734,1.234375,0.19606717,0.020406365
1917,909699,3.395245,4.65625,0.27184054,0.027592443
1917,909704,1.046072,1.6875,0.3174559,0.039125
1917,909707,3.899599,2.453125,0.3128009,0.034527544
1917,909709,3.146961,3.53125,0.47614247,0.047974065
1917,909751,1.43579,1.640625,0.3039408,0.030865178
1917,909753,2.619811,3.703125,0.37412935,0.037569102
1917,909755,3.033761,2.875,0.6480814,0.06609766
1917,909761,0.522549,2.046875,0.4919796,0.05463323
1917,909770,0.309023,1.140625,0.31538212,0.03811773
1917,909904,4.55495,4.96875,0.70286727,0.070405275
1917,909907,5.241693,5.1875,0.2836798,0.028475797
1917,909976,1.615992,1.5625,0.085274175,0.009082502
1917,910548,2.524118,1.984375,0.34598675,0.0364095
1917,910554,3.005888,2.125,0.35158795,0.035816025
1917,910692,2.487234,2.015625,0.21941991,0.022063315
1917,910706,0.008246,0.23828125,0.20156951,0.021948244
1917,910851,0.79143,1.640625,0.5444948,0.058340933
1917,910907,2.760002,3.828125,0.9037557,0.09261299
1917,910920,1.616941,2.578125,0.33599,0.03385291
1917,910922,0.767311,1.6875,0.382835,0.038745705
1917,910925,1.418764,1.703125,0.37926438,0.040902372
1917,911905,4.411343,3.796875,0.17078546,0.017557574
1917,917486,2.565918,3.84375,0.23106027,0.023193842
1917,924102,3.339239,2.515625,1.5557716,0.15839599
1917,924104,1.976124,2.296875,0.21366079,0.023450535
1917,924151,0.92912,1.5,0.7107238,0.07415757
1917,924187,3.346207,2.734375,0.71011704,0.072663344
1917,924189,2.173815,2.21875,0.15894976,0.015963428
1917,924240,2.483457,2.265625,0.36232635,0.037000027
1917,925338,0.154686,3.265625,0.6388504,0.06591513
1917,925347,4.19116,4.90625,0.88260067,0.08866467
1917,925348,4.895535,4.0625,0.6680323,0.067871496
1917,930082,1.772252,1.75,0.3534058,0.049854916
1917,946354,0.394175,0.83984375,0.04800171,0.009539246
1917,1240123,0.597919,2.0,0.40546906,0.040771104
1917,1240142,0.253518,0.93359375,0.32094234,0.034612536
1917,1240143,4.293699,3.046875,0.37651268,0.04042727
1917,1240145,3.108276,1.78125,0.36476046,0.041039042
1917,1240146,2.49091,3.203125,0.788038,0.08052574
1917,1240153,1.572442,1.546875,0.43752545,0.0559914
1917,1240155,3.180464,2.515625,0.8518301,0.086179815
1917,1240157,2.556329,2.328125,0.3374255,0.034659903
1917,1240178,3.106285,2.765625,0.48297396,0.04873761
1917,1240185,1.339115,1.921875,0.68818575,0.06975999
1917,1240199,6.367365,6.03125,0.538807,0.058668926
1917,1297449,0.614772,0.3515625,0.20289387,0.021066839
1917,1298134,2.019567,2.765625,0.22223042,0.024324715
1917,1298157,1.215378,2.703125,0.4756173,0.048815053
1917,1298168,2.23429,2.4375,0.47064638,0.049854916
1917,1298226,3.289454,1.5,0.3893887,0.04785166
1917,1298349,3.41458,3.46875,0.42378405,0.042449884
1917,1298350,3.979648,2.453125,0.41817534,0.041997623
1917,1298351,0.474194,0.55859375,0.4810212,0.051044155
1917,1298358,1.497777,2.453125,1.0907902,0.1091906
1917,1299075,4.64781,4.0625,0.16502532,0.016619688
1917,1327766,2.513434,1.4375,0.26580468,0.027598983
1917,1330964,1.105616,1.28125,0.24351802,0.025101865
1917,1330972,0.503354,-0.28125,0.3962052,0.1129
1917,1330975,3.711737,4.34375,0.17085595,0.017120356
1917,1330994,-0.602852,-0.33203125,0.06875375,0.0077905576
1917,1330995,1.489283,1.734375,0.35917264,0.038255263
1917,1331033,0.964125,0.51171875,0.2813134,0.029514693
1917,1480362,4.78774,3.515625,0.66604185,0.07183034
1917,1480371,1.140934,0.68359375,1.7274618,0.21416135
1917,1480372,2.232146,4.09375,0.4332927,0.043627415
1917,1659817,1.387554,1.203125,0.08066071,0.008221632
1917,1660035,4.450707,4.03125,0.29660803,0.03116555
1918,687448,3.034439,4.3125,1.1639879,0.12145156
1918,687586,2.957908,2.421875,0.390597,0.039373897
1918,687588,2.392571,2.46875,0.6350917,0.06518273
1918,687596,2.578872,3.453125,0.34052157,0.034796234
1918,687787,4.406813,4.65625,0.30676702,0.031083442
1918,687794,2.815317,2.640625,0.15794878,0.015871953
1918,687798,2.322588,2.0625,0.3750984,0.03953518
1918,687802,3.771838,3.46875,1.0086362,0.10228717
1918,687816,3.071733,2.40625,0.42907766,0.045153476
1918,687819,3.426696,3.75,0.20871346,0.02114808
1918,687829,4.12159,5.28125,0.20271586,0.020390902
1918,688018,6.171496,4.75,0.8843452,0.0889235
1918,688025,3.63239,4.125,0.23252042,0.025020614
1918,688027,2.088401,1.828125,0.35953715,0.03877486
1918,688121,3.594657,3.015625,0.15913367,0.016435077
1918,722046,2.267364,1.78125,0.34096375,0.03798215
1918,724812,4.273026,4.28125,0.29775864,0.030135358
1918,724828,5.791966,4.40625,0.3998101,0.040527936
1918,724855,6.492183,3.890625,0.36370987,0.037680373
1918,724866,3.612654,3.890625,1.0109069,0.11225894
1918,724872,4.367641,4.53125,0.091412656,0.009450452
1918,735784,3.448826,3.34375,0.4806817,0.051839884
1918,753570,4.084035,2.5625,0.38528594,0.042060714
1918,753604,1.007747,0.56640625,0.93920666,0.098836295
1918,753623,2.928669,3.28125,0.34153256,0.0355903
1918,753624,3.664615,4.65625,0.37768945,0.03809235
1918,905933,2.044473,3.46875,0.42595434,0.043298192
1918,905937,3.457436,2.453125,0.09341429,0.009930852
1918,905941,6.086161,5.0625,0.8796715,0.10418226
1918,905950,2.017267,2.609375,0.42828012,0.04373509
1918,905982,2.200798,1.96875,0.338868,0.034236766
1918,905985,1.934382,2.484375,0.2826003,0.028805051
1918,905990,5.290357,5.03125,0.731832,0.07752194
1918,906693,3.22417,3.578125,0.21944195,0.02229511
1918,906792,2.815432,2.90625,0.44652212,0.04582886
1918,906800,1.780009,1.453125,0.30341733,0.033123318
1918,906804,1.221196,1.40625,0.3723947,0.037661843
1918,906818,4.238507,4.5625,0.14910166,0.01745378
1918,906821,2.226367,3.125,0.1080425,0.0121984435
1918,906828,3.612687,3.0,0.14307445,0.015011011
1918,906832,5.266798,3.640625,1.1215298,0.11539843
1918,906833,3.33554,2.734375,0.32271487,0.032820802
1918,906836,2.123117,2.0625,0.29366618,0.030723423
1918,906839,2.655739,2.65625,0.34311426,0.034766357
1918,906842,0.314451,-0.23046875,1.0000349,0.11706369
1918,906863,3.959222,3.890625,0.15249489,0.015677216
1918,906870,-0.238371,2.171875,1.7638409,0.18216673
1918,907000,2.489326,2.6875,0.17496295,0.017584383
1918,907046,2.334347,1.609375,0.41074502,0.04439935
1918,907047,2.427927,3.671875,0.20402627,0.02205415
1918,907061,3.508313,2.0625,0.3697815,0.03858334
1918,907068,3.295056,5.09375,0.3472215,0.035243783
1918,907071,4.244852,3.90625,0.37955332,0.038866114
1918,907173,4.265884,3.140625,0.2905981,0.02929357
1918,907273,4.16089,3.84375,0.21973282,0.022335807
1918,907275,0.953266,0.73828125,1.547468,0.25975153
1918,907277,2.812545,1.90625,0.81164896,0.087149136
1918,907286,3.594881,4.25,0.19971538,0.020894269
1918,907289,4.050243,4.78125,0.5710259,0.057205122
1918,907311,4.840093,3.046875,1.0882397,0.11207289
1918,907312,4.345471,3.84375,0.23827018,0.028019715
1918,907317,4.159067,2.640625,0.25007334,0.025646066
1918,907323,4.595884,3.703125,0.5379709,0.05480273
1918,907799,-0.458654,1.1875,0.47876328,0.050804555
1918,908127,2.439281,2.625,0.26702,0.027384015
1918,908135,2.882628,3.21875,0.18331373,0.01948804
1918,908441,3.260771,3.203125,0.14677854,0.015019242
1918,908447,3.432658,4.25,0.27261105,0.02741184
1918,908451,2.78013,3.515625,0.1323423,0.013572254
1918,908472,3.783069,4.84375,0.25134602,0.025984736
1918,909696,2.545047,3.15625,0.10990163,0.0119976895
1918,909704,3.917556,3.234375,0.40624246,0.04087877
1918,909724,2.870821,2.140625,0.33458722,0.037776273
1918,909726,4.56901,3.453125,0.54710346,0.055224832
1918,909736,2.632732,3.265625,0.446169,0.04498719
1918,909742,-0.400294,3.15625,0.29445416,0.029635753
1918,909748,3.734159,5.125,0.39813992,0.039841983
1918,909757,4.358852,2.515625,0.39336613,0.040940937
1918,909770,5.019537,4.5625,0.6370832,0.06528553
1918,909777,3.511593,2.578125,0.3744878,0.037887003
1918,909785,-1.69241,-0.027709961,1.3304809,0.15954614
1918,910546,4.11924,4.40625,0.4544463,0.045680687
1918,910549,2.678915,3.234375,0.37427935,0.037574697
1918,910704,1.897394,2.1875,0.71269464,0.07722085
1918,910852,3.821016,2.859375,0.6411358,0.06899012
1918,910915,2.86266,3.71875,0.3783172,0.04062103
1918,910919,3.157555,2.5,0.34541446,0.035423696
1918,910924,0.499511,1.1875,0.30516583,0.03470671
1918,910933,5.487285,3.65625,0.49488,0.05177446
1918,924104,3.522517,3.171875,0.20612912,0.023036186
1918,924106,2.146916,0.6640625,0.35174084,0.038825806
1918,924244,1.658812,1.453125,0.44573367,0.04603468
1918,924248,2.106659,2.734375,0.18985638,0.019279908
1918,925340,3.716651,3.515625,0.46928355,0.05061063
1918,930301,1.079113,1.59375,0.6783686,0.07283843
1918,946355,2.045656,2.21875,0.4934085,0.050385863
1918,946360,4.09132,3.578125,0.32584757,0.033653025
1918,949093,7.195476,4.59375,0.5104568,0.06554633
1918,1240121,3.69902,3.296875,1.0698509,0.10932283
1918,1240123,3.159953,3.546875,0.3735905,0.037600543
1918,1240125,2.74366,2.859375,0.6125933,0.06268414
1918,1240129,3.295996,3.28125,0.28134876,0.029802883
1918,1240150,1.817844,1.90625,0.4260868,0.0432488
1918,1240154,3.827845,3.09375,0.36588398,0.037905607
1918,1240158,3.373697,3.3125,0.43428034,0.044572424
1918,1240174,3.585919,3.25,1.2745252,0.13391842
1918,1240185,2.60747,2.859375,0.23693034,0.024149975
1918,1240189,3.651963,3.515625,0.43069845,0.046449363
1918,1240196,4.138018,4.53125,0.35565427,0.0366956
1918,1240197,5.82527,5.09375,0.2837671,0.028959244
1918,1240207,3.120948,3.15625,0.16771846,0.022865156
1918,1240209,3.811759,2.890625,0.89620197,0.09036399
1918,1240210,1.943849,0.8828125,0.9926501,0.10533628
1918,1240215,2.808693,2.015625,0.4196774,0.062990084
1918,1290730,1.894526,1.109375,0.28424004,0.11896927
1918,1290922,1.391327,1.703125,0.6930407,0.089607306
1918,1298141,2.628779,3.15625,1.2832423,0.14890006
1918,1298151,3.037861,4.03125,0.25470904,0.025725873
1918,1298157,3.895332,3.953125,0.3817351,0.039007638
1918,1298168,0.152897,2.546875,0.53578615,0.056213334
1918,1298169,3.362198,4.625,0.14446662,0.014562872
1918,1298215,1.870263,2.140625,0.2697043,0.032425642
1918,1298348,3.272188,3.59375,0.3380739,0.036008053
1918,1298351,2.642049,2.703125,0.3373789,0.034214053
1918,1298359,2.945442,2.546875,0.3115311,0.03288847
1918,1299070,4.775707,4.46875,0.17046092,0.01771996
1918,1330972,3.343166,2.796875,0.18374251,0.02830625
1918,1330994,-0.589429,-0.6171875,1.4956864,0.18327883
1918,1331035,1.460902,0.8125,0.89465004,0.0934716
1918,1479995,1.559451,2.328125,0.331047,0.0337634
1918,1480371,2.944848,3.140625,0.49490526,0.054027583
1918,1503367,3.437472,5.09375,0.51677895,0.054219145
1918,1674021,3.099632,3.390625,0.17349277,0.018150853
1919,687505,0.18924,0.54296875,0.3262983,0.042953618
1919,687506,0.276588,1.15625,0.10946144,0.015799029
1919,687586,2.869108,2.46875,0.068532586,0.00791858
1919,687777,0.105057,-0.13085938,4.9898252,0.7039141
1919,687787,1.440981,2.65625,0.22316255,0.025286777
1919,687798,0.196595,-1.65625,0.63980114,0.15795855
1919,687799,-0.701592,-1.796875,1.1043396,0.17886722
1919,687802,1.1113,0.47265625,2.0973208,0.30130458
1919,687985,2.897598,1.8125,0.12272278,0.014678919
1919,688018,0.12399,2.53125,0.60563713,0.081901684
1919,688025,2.177516,2.1875,0.15590873,0.016670976
1919,713880,1.000638,1.609375,0.0839671,0.011355061
1919,713899,2.720474,1.0625,0.078359336,0.01081683
1919,717431,1.799468,2.15625,0.4125765,0.04459732
1919,724812,2.641195,2.234375,0.03191553,0.018846668
1919,724831,3.817239,3.140625,0.105094954,0.015538478
1919,724839,3.295201,3.765625,0.37636313,0.04032615
1919,724866,3.228194,2.546875,0.28156796,0.030508045
1919,749712,2.607309,1.09375,0.42179272,0.042405322
1919,749714,1.408733,1.703125,0.1479146,0.016822428
1919,749715,0.473657,-0.5078125,0.8563118,0.10616089
1919,753555,-1.208689,-1.71875,0.35640973,0.11053334
1919,753569,2.206487,1.890625,0.7418389,0.101135336
1919,753572,2.537794,2.328125,0.05488654,0.01115452
1919,753604,-1.083086,-1.65625,0.4153705,0.22766817
1919,905934,2.371085,3.609375,0.21161525,0.024771597
1919,905937,1.531952,1.796875,0.06117565,0.01591938
1919,905940,1.946935,2.09375,0.1662757,0.01805995
1919,905941,4.519852,3.671875,1.1952546,0.188183
1919,905943,1.466657,1.375,0.07349758,0.027457304
1919,905947,1.76652,2.40625,0.12137465,0.016348608
1919,905957,3.252783,2.015625,0.18093027,0.02081966
1919,905960,2.416985,2.515625,0.07464463,0.009651244
1919,905962,3.82462,3.609375,0.05918441,0.01159012
1919,905963,-0.067723,0.58203125,0.24903889,0.035777338
1919,905965,-0.713202,0.87890625,0.08166563,0.011624804
1919,905968,-0.576755,-1.171875,0.8900925,0.18943152
1919,905970,1.164936,0.77734375,2.0844572,0.3337575
1919,905974,2.828926,2.4375,0.110201865,0.012030466
1919,906793,2.205923,2.71875,0.039415758,0.005743263
1919,906794,2.011161,1.296875,0.39381176,0.044462968
1919,906833,2.405847,1.78125,0.04466512,0.0077347746
1919,906835,3.168035,4.03125,0.3023456,0.056725863
1919,906836,-0.097087,1.40625,0.065402605,0.009066699
1919,906848,1.206569,1.125,0.20760645,0.025737923
1919,906864,2.490363,1.9375,0.11782559,0.01478726
1919,906868,3.414391,2.234375,0.05856363,0.008574489
1919,907055,1.179944,0.028808594,0.30449015,0.039233
1919,907069,1.332187,0.86328125,0.50154364,0.06274853
1919,907173,2.786452,2.953125,0.70626533,0.07194677
1919,907176,0.752569,1.421875,0.39248157,0.06711409
1919,907286,1.966278,2.765625,0.21436372,0.02466685
1919,907290,1.818962,3.171875,0.511551,0.056633633
1919,907299,0.301646,2.046875,0.15829128,0.01950868
1919,907311,1.137189,1.421875,0.8278707,0.099793114
1919,907318,0.772436,0.28125,0.037225597,0.0158613
1919,907319,0.262693,-0.111328125,0.16069762,0.027308343
1919,907320,-0.714788,-0.4375,0.8408154,0.17894426
1919,907321,2.457663,1.90625,0.06966626,0.013844581
1919,907792,1.955325,2.21875,0.49065045,0.06773006
1919,907794,3.102881,3.703125,0.1129892,0.012436049
1919,908123,0.677481,0.82421875,0.092862874,0.011766551
1919,908125,2.474511,3.171875,0.07783365,0.008920498
1919,908128,2.565102,3.640625,0.12383635,0.013417738
1919,908130,2.030872,1.90625,0.9240461,0.09667391
1919,908443,2.669163,2.546875,0.11268004,0.013847157
1919,908446,0.742338,1.546875,0.16215362,0.016580919
1919,908448,0.765881,1.1875,0.14704026,0.020742955
1919,908454,1.644023,0.4453125,0.15433417,0.026557527
1919,908457,0.563611,1.296875,0.48936334,0.05565562
1919,908463,3.702049,2.890625,0.16787581,0.02170565
1919,908473,0.447561,0.3046875,0.6173518,0.13453911
1919,908480,2.988362,2.078125,0.36117607,0.041560557
1919,909250,1.856854,2.984375,0.120064124,0.012285666
1919,909255,1.724323,1.1875,0.18170927,0.018321734
1919,909257,0.903394,0.34570312,0.10041052,0.04160146
1919,909264,3.08244,2.765625,0.1737971,0.020081343
1919,909702,0.255783,0.86328125,0.09437514,0.011231843
1919,909718,0.816516,-0.35742188,0.42489347,0.10223427
1919,909727,2.309031,2.671875,0.3278076,0.034606785
1919,909728,1.042218,1.0,0.1968755,0.026840154
1919,909753,3.558826,3.546875,0.16187786,0.017498134
1919,909777,0.586801,1.640625,0.1575296,0.016119353
1919,909974,-0.118419,0.62109375,2.0034084,0.31718057
1919,909975,2.985145,2.25,0.30562845,0.03393935
1919,910399,1.636913,1.484375,0.12001313,0.021051489
1919,910697,0.333165,-0.021484375,0.29103485,0.05348355
1919,910698,1.865465,2.796875,0.08992653,0.013040865
1919,910701,1.396178,0.20898438,0.4612309,0.1575927
1919,910899,1.604252,2.03125,0.4368544,0.0482208
1919,910900,1.780943,3.0,0.039491378,0.00525759
1919,910903,2.297181,1.640625,0.08977855,0.015646888
1919,910907,2.231209,2.796875,0.11909077,0.02173688
1919,910910,-0.059372,1.421875,1.3225948,0.16496232
1919,910915,1.53361,1.125,0.7722765,0.09662015
1919,910919,0.410851,1.78125,0.06212673,0.0065481253
1919,910922,1.07843,0.40234375,0.8086399,0.14003426
1919,910925,-0.027313,-0.86328125,0.26084468,0.06787808
1919,910931,1.983289,1.359375,0.07914786,0.02276363
1919,924100,3.217596,2.609375,0.11095662,0.011495114
1919,924110,2.799323,2.40625,0.37542737,0.03853204
1919,924240,1.274448,1.5,0.19226877,0.02078323
1919,924244,-3.272124,0.66015625,1.0992348,0.131816
1919,924248,1.545766,1.90625,0.112215444,0.0119751105
1919,925338,2.998234,3.0625,0.087442435,0.009740776
1919,925346,1.574116,1.09375,0.29505435,0.056142554
1919,930083,5.184311,4.3125,0.55073035,0.12295264
1919,946355,-0.850715,-1.203125,0.9480018,0.12257272
1919,949179,1.066705,1.921875,0.81069857,0.083490185
1919,1240121,1.800365,-0.04296875,0.64600796,0.104632355
1919,1240128,2.527916,3.515625,0.10811705,0.01280464
1919,1240142,0.781305,0.33984375,0.121088065,0.016858554
1919,1240143,2.527034,2.484375,0.20411713,0.044130795
1919,1240146,-3.590724,0.03515625,6.8197875,1.0737195
1919,1240151,1.927426,2.578125,0.16301832,0.01875853
1919,1240154,1.507434,2.78125,0.05389619,0.008302919
1919,1240178,2.782147,2.453125,0.67818373,0.080712505
1919,1240190,2.151088,2.640625,0.29311,0.03726127
1919,1240192,2.056006,3.046875,0.05536835,0.0060288785
1919,1240224,2.206308,2.8125,0.64081633,0.077450365
1919,1290722,2.073001,2.859375,0.1712254,0.01813767
1919,1290730,0.572535,-0.1171875,0.040940844,0.0621469
1919,1290798,-0.625728,0.625,0.6387984,0.08537266
1919,1290806,1.894604,2.890625,0.2969961,0.029891592
1919,1290807,1.853842,2.515625,0.18339378,0.03727088
1919,1290908,0.963438,0.87109375,0.8906502,0.13040295
1919,1297447,2.347982,2.109375,0.061299507,0.008356998
1919,1298141,2.825044,3.078125,1.2911296,0.25101224
1919,1298144,1.597776,2.625,0.3095118,0.033617467
1919,1298157,2.831681,1.359375,0.28696162,0.035366718
1919,1298168,0.986635,2.8125,0.2181779,0.028615372
1919,1298215,0.137221,-0.09472656,0.08609488,0.038411435
1919,1298348,0.469193,1.390625,0.8070354,0.15248084
1919,1298475,2.033079,2.40625,0.28527394,0.035366718
1919,1298537,1.415262,1.265625,0.6615087,0.08437222
1919,1298539,2.927618,3.25,0.04644936,0.009657964
1919,1330972,1.432043,1.9375,0.08049044,0.011672473
1919,1330984,2.032974,1.34375,0.06708749,0.0075479834
1919,1330994,1.383453,0.12890625,0.40359452,0.046441656
1919,1331038,1.053874,0.921875,0.21281202,0.0336925
1919,1480359,0.136708,-0.36523438,0.32459673,0.047072005
1919,1503363,3.211594,0.23828125,1.0638207,0.13523696
1919,1503365,1.863469,1.078125,0.723726,0.10076116
1919,1503367,3.157952,3.09375,0.14881012,0.01803387
1919,1659817,1.576469,1.453125,0.16150826,0.01694504
1919,1659818,0.862097,1.46875,0.07184611,0.008829109
1919,1659929,0.619565,0.37890625,0.28802955,0.033011004
1922,687455,1.720954,2.140625,1.2137786,0.12773055
1922,687586,2.796246,2.296875,0.18444368,0.021223947
1922,687588,2.177514,2.5625,0.33756828,0.037979662
1922,687787,1.134053,1.9375,1.4040921,0.16292278
1922,687798,4.779838,1.859375,0.28201923,0.030484777
1922,687800,0.912628,3.140625,0.5686364,0.061466567
1922,687812,3.294897,1.859375,0.9686625,0.1012043
1922,687815,1.295818,1.0625,0.36437973,0.03999283
1922,687819,3.102319,3.6875,0.57092077,0.059349045
1922,687821,4.726088,4.4375,1.6090366,0.17276698
1922,687983,1.100067,2.03125,0.21787763,0.023394162
1922,687985,1.595177,0.91796875,0.19328539,0.0234237
1922,688058,3.260673,2.671875,0.21066801,0.022481512
1922,722058,4.909107,2.234375,0.40221766,0.04667103
1922,724825,1.943874,0.828125,0.1672791,0.019248817
1922,724838,3.659404,3.1875,0.48383948,0.055452738
1922,724866,5.53466,2.84375,1.327983,0.14199828
1922,724868,1.58982,2.15625,0.1084651,0.018783182
1922,724872,1.434625,2.734375,0.09174603,0.010600773
1922,735784,2.875543,3.078125,0.21002221,0.021690767
1922,753541,2.411067,2.5,0.15503193,0.016027562
1922,753551,4.394566,4.40625,0.07158265,0.007346896
1922,753570,1.529092,2.375,0.07302782,0.010442911
1922,753575,1.613376,2.15625,0.26299953,0.029297214
1922,753620,1.565298,1.703125,0.3447167,0.037013248
1922,905943,3.737027,2.484375,0.07733081,0.009397023
1922,905944,3.770018,3.609375,0.18349586,0.021384435
1922,905945,1.696281,2.296875,0.22179797,0.02241613
1922,905959,4.27787,2.75,1.3755472,0.16715264
1922,905963,1.830615,2.703125,0.10126758,0.010552855
1922,905968,0.009254,0.921875,0.11899862,0.013993809
1922,905974,1.217823,1.90625,0.13348532,0.014610925
1922,905982,1.913598,3.09375,0.2535847,0.026026703
1922,905989,2.34673,1.15625,1.1987612,0.13738976
1922,906693,2.078942,2.765625,0.24764559,0.025576448
1922,906798,1.707566,2.84375,0.21677925,0.027292002
1922,906800,1.366621,1.5,0.10209659,0.011205703
1922,906804,0.400199,1.078125,0.3067506,0.0338597
1922,906813,2.48501,2.984375,0.124655955,0.014286792
1922,906831,1.899107,2.0,0.15152465,0.015897585
1922,906832,0.87247,1.546875,0.63897854,0.06734801
1922,906834,0.743211,1.796875,0.12213305,0.013171633
1922,906836,0.750522,1.5,0.0788144,0.009069179
1922,906846,1.417398,1.921875,0.3061658,0.031589493
1922,906849,1.950735,2.953125,0.4964533,0.05069679
1922,906851,2.865545,2.4375,0.35465422,0.036429614
1922,906999,2.212598,2.78125,0.56501096,0.059111584
1922,907062,1.957686,2.5,0.6838954,0.08529973
1922,907063,1.793843,2.15625,0.29295984,0.030226931
1922,907065,3.861219,2.375,0.3186467,0.0362399
1922,907067,2.062328,1.953125,0.1119165,0.0260354
1922,907071,1.75024,3.484375,1.4357117,0.14535953
1922,907169,2.012127,1.59375,0.24974465,0.032069013
1922,907273,1.424313,2.078125,0.11977547,0.013041958
1922,907276,-0.323616,3.078125,3.914015,0.40948516
1922,907277,1.505664,1.03125,0.10617273,0.012319675
1922,907281,1.693076,1.703125,0.30846894,0.032066338
1922,907285,3.238842,3.078125,0.47579,0.049644362
1922,907287,1.842697,2.375,0.63080865,0.06389154
1922,907295,2.529178,3.890625,0.1415231,0.015868563
1922,907313,1.582643,1.9375,0.41895446,0.044157583
1922,907317,1.866512,1.6875,0.23219196,0.026507838
1922,907323,1.749865,2.390625,0.15731478,0.016529564
1922,907783,0.985386,1.9375,0.22874139,0.02632129
1922,907790,1.319057,1.625,0.51708895,0.05859188
1922,907792,2.680124,2.640625,0.9374068,0.1034727
1922,908121,3.251811,2.515625,0.27072063,0.027594171
1922,908124,2.036117,2.828125,0.35584518,0.03629256
1922,908129,2.470572,2.4375,0.5992652,0.06119574
1922,908132,2.634917,1.859375,0.2533375,0.026982827
1922,908135,1.900695,2.078125,0.17133005,0.021709038
1922,908444,2.215693,1.765625,0.36703354,0.038685147
1922,908467,2.216925,2.1875,0.2338198,0.033133045
1922,908480,1.95626,2.859375,0.24619314,0.02545202
1922,909255,1.89305,1.171875,0.09135751,0.009272998
1922,909260,1.863451,1.328125,0.13210218,0.014070126
1922,909706,4.542132,4.09375,0.725442,0.073506065
1922,909717,1.736298,2.09375,0.25577116,0.032955647
1922,909722,1.912329,1.921875,0.1761042,0.018869022
1922,909723,5.97593,3.078125,1.2827944,0.1501634
1922,909725,2.22952,2.21875,1.4065773,0.15880838
1922,909727,2.308714,2.9375,1.2818158,0.13429141
1922,909735,1.720684,2.203125,0.33249274,0.054167517
1922,909742,2.955115,2.296875,0.15354738,0.01582768
1922,909744,1.388656,1.796875,0.19977437,0.021866737
1922,909755,2.582536,3.265625,0.23177849,0.025113327
1922,909774,3.089473,2.515625,0.32615063,0.03303421
1922,909904,2.302633,4.1875,0.97677255,0.09882028
1922,910546,3.72043,2.84375,0.62904865,0.06687402
1922,910567,1.434238,2.71875,0.33425963,0.034133907
1922,910692,2.028217,2.6875,0.15595517,0.01693899
1922,910698,1.681135,1.703125,0.10328345,0.015270645
1922,910700,2.209443,2.421875,0.5589782,0.056594092
1922,910703,2.023261,2.140625,0.18014722,0.018396264
1922,910861,1.818995,2.015625,0.22865532,0.024025543
1922,910907,4.221424,4.9375,0.5084961,0.052465472
1922,910921,2.155048,1.421875,0.12515214,0.01781495
1922,910924,1.637452,1.21875,0.35304743,0.041327592
1922,910926,1.580823,2.21875,0.114983395,0.012936732
1922,910941,1.207813,2.03125,0.48051643,0.050566573
1922,924100,2.11133,2.953125,0.19026959,0.019287242
1922,924106,1.59067,1.265625,0.595859,0.063979134
1922,924151,2.657844,2.59375,0.51009643,0.057195593
1922,924244,2.657829,1.28125,0.45783874,0.05359442
1922,924248,1.962211,2.4375,0.54875493,0.056074575
1922,924250,2.998389,2.6875,0.42684752,0.04370902
1922,925340,3.156897,2.703125,0.45769972,0.047579356
1922,946354,1.416748,1.4375,0.057166178,0.008760019
1922,946360,2.707771,2.953125,0.19095959,0.020034999
1922,1240129,2.480072,2.515625,0.29122365,0.030646572
1922,1240144,3.006079,3.109375,1.0368581,0.10568548
1922,1240150,5.296026,2.3125,0.15991521,0.018555641
1922,1240154,1.909825,2.109375,0.15254064,0.021713603
1922,1240160,2.949267,4.03125,0.29042464,0.03076428
1922,1240173,1.824807,1.828125,0.08539386,0.01416132
1922,1240184,3.537802,2.375,0.42995742,0.05314585
1922,1240185,4.368495,2.53125,0.3556407,0.036884975
1922,1240197,4.308229,3.765625,0.3529628,0.037523396
1922,1240219,3.569914,3.328125,0.44884548,0.047898706
1922,1290798,2.982217,3.078125,0.72598785,0.07505431
1922,1290908,1.526702,1.421875,0.5630281,0.05974642
1922,1290922,1.713428,1.75,0.59945023,0.066992216
1922,1295740,1.131046,1.328125,0.38257155,0.040826257
1922,1297447,2.560438,2.25,0.1305011,0.01534646
1922,1298141,2.426463,3.296875,3.068653,0.37392265
1922,1298348,2.590532,3.140625,0.22146562,0.024670482
1922,1298349,2.278688,2.578125,0.33700866,0.03396362
1922,1298357,1.464424,4.125,2.05507,0.21561275
1922,1298538,1.823304,1.71875,0.19540218,0.020893922
1922,1298539,4.063719,3.9375,0.6954687,0.07535442
1922,1299081,2.177243,2.09375,0.4204205,0.04668675
1922,1303896,1.451115,1.15625,0.11637359,0.012285609
1922,1303897,3.776446,3.859375,0.15482835,0.015974836
1922,1330933,1.727722,1.90625,0.12959667,0.013596956
1922,1330964,4.14519,1.421875,0.62803423,0.0671543
1922,1330982,1.690462,2.0,0.16424157,0.016884832
1922,1330991,4.270729,1.921875,0.104354605,0.0116622625
1922,1331033,1.195803,1.3125,0.15431963,0.016937492
1922,1331040,1.767202,1.140625,0.14299715,0.019185442
1922,1331048,1.606291,1.65625,0.25981998,0.027384892
1922,1331050,0.394055,1.390625,0.07809434,0.008786361
1922,1659928,1.605794,1.609375,0.38339347,0.040345952
1922,1659929,3.200265,3.578125,0.74725115,0.07554659
1924,687457,5.117387,4.90625,0.17851733,0.018535778
1924,687506,4.003446,4.21875,0.1022658,0.010504607
1924,687562,2.892493,2.84375,0.09009758,0.009334116
1924,687568,4.786728,4.21875,0.38144875,0.038265064
1924,687596,3.720112,3.328125,0.15578961,0.016446775
1924,687800,4.076839,4.3125,0.28263944,0.029569803
1924,687821,4.529444,5.90625,0.33081585,0.036624514
1924,688025,3.88039,3.984375,0.22548608,0.023971375
1924,688058,3.722861,4.1875,0.11729991,0.012126737
1924,688087,4.121378,3.765625,0.35028893,0.036142014
1924,724812,4.998994,4.90625,0.116326384,0.011764577
1924,724834,5.50576,5.1875,0.15983889,0.020524466
1924,724839,6.135068,5.75,0.26820263,0.02732162
1924,749709,2.404853,1.734375,0.14956717,0.015900452
1924,749717,4.781298,4.28125,0.171971,0.017561326
1924,753620,3.241851,3.8125,0.30172205,0.030379817
1924,753621,3.295005,4.46875,0.13880774,0.01450241
1924,753623,3.744809,3.53125,0.389488,0.040041264
1924,905940,4.237017,5.03125,0.124477595,0.012492202
1924,905941,6.679834,6.28125,0.99267364,0.11289744
1924,905944,5.229204,4.84375,0.27432242,0.028132908
1924,905945,1.313764,1.625,0.2289485,0.023116982
1924,905964,3.221557,3.125,0.10643344,0.010753265
1924,905974,2.668406,2.890625,0.13985977,0.01469551
1924,905985,2.625151,2.078125,0.33459896,0.03434161
1924,906791,4.769648,4.75,0.1548188,0.015737306
1924,906798,3.484927,4.09375,0.16554879,0.017150868
1924,906801,1.80516,2.234375,0.15471637,0.016685633
1924,906808,4.39763,4.625,0.18773158,0.018880256
1924,906825,3.685453,4.90625,0.10470169,0.010859046
1924,906830,4.013969,3.84375,0.09700845,0.010332313
1924,906832,3.69394,3.375,0.5058134,0.05155685
1924,906833,4.469685,3.625,0.11114181,0.011232606
1924,906835,4.736973,5.28125,0.42643368,0.04569105
1924,906852,1.183419,2.671875,1.1017383,0.123534635
1924,906864,2.512202,3.25,0.18175614,0.01863985
1924,906871,3.439106,2.75,0.15502204,0.016134452
1924,906875,5.49203,4.875,0.34527364,0.03470671
1924,907042,3.04958,2.390625,0.09646654,0.010452203
1924,907053,3.969688,4.03125,0.13051806,0.013195289
1924,907063,2.311265,1.453125,0.69114655,0.081658915
1924,907066,5.795375,4.84375,0.48531082,0.04969564
1924,907171,5.186803,3.75,0.09757182,0.011096909
1924,907270,2.806638,2.15625,0.31505802,0.031802077
1924,907273,3.604295,4.03125,0.23270933,0.023384491
1924,907274,1.50202,0.87109375,0.35315764,0.037475757
1924,907287,2.545485,3.46875,0.22605932,0.022727085
1924,907289,4.83011,5.25,0.24482448,0.024575496
1924,907317,2.491635,3.71875,0.118292116,0.012001459
1924,907323,3.418471,3.984375,0.24472259,0.024758633
1924,907791,4.836991,4.28125,0.14277379,0.014552732
1924,907799,2.022614,1.015625,0.22576182,0.022998203
1924,908133,2.049555,2.0625,0.21648228,0.021771727
1924,908138,3.430293,3.171875,0.12751198,0.012836237
1924,908150,5.097783,4.78125,0.3323792,0.033737257
1924,908159,1.975376,1.5625,0.2597976,0.026664365
1924,908446,2.438844,3.296875,0.36402857,0.036464255
1924,908462,3.136547,3.59375,0.2938991,0.03079079
1924,908470,6.024548,6.0,0.34822774,0.03832735
1924,908472,4.2566,4.9375,0.20918469,0.022238376
1924,909255,1.665845,0.6640625,0.26841152,0.02710157
1924,909257,2.426977,3.109375,0.13890223,0.014360037
1924,909699,5.199471,4.96875,0.41267505,0.04214153
1924,909707,3.774327,4.53125,0.18850024,0.019170882
1924,909712,2.703093,2.203125,0.15010741,0.015406296
1924,909718,3.323438,3.421875,0.53530747,0.05424051
1924,909737,3.894976,3.53125,0.11322628,0.011594327
1924,909738,5.805748,5.0,0.28936437,0.029184211
1924,909747,5.282522,4.875,0.1486823,0.016149051
1924,909774,4.594064,3.625,0.28279647,0.028340893
1924,909975,5.022836,4.53125,0.15645462,0.016283553
1924,910399,3.323587,1.96875,0.50233835,0.05456122
1924,910567,3.688154,4.90625,0.23734452,0.023836665
1924,910905,2.229804,2.96875,0.60199696,0.06345017
1924,910910,3.328579,2.59375,0.41034076,0.041670088
1924,910921,3.805696,3.171875,0.207006,0.021422949
1924,910933,5.710908,4.6875,0.11326016,0.011697331
1924,910951,3.935974,3.625,0.32381237,0.032493293
1924,910952,1.66342,1.640625,0.13182217,0.013374166
1924,924100,3.594841,2.265625,0.24382287,0.024604524
1924,924102,5.031865,5.0625,0.58638585,0.05944074
1924,924189,3.173254,3.8125,0.2260786,0.02320361
1924,925347,4.954104,4.65625,0.06399041,0.008653567
1924,946354,2.573817,3.34375,0.05408317,0.0058461023
1924,946382,0.091521,0.5546875,0.095428236,0.030167537
1924,1240142,2.700813,2.453125,0.10685481,0.01116402
1924,1240151,3.493064,3.546875,0.3930962,0.04156864
1924,1240174,2.463874,2.890625,0.43554196,0.049351707
1924,1240178,5.737132,6.0,0.4136112,0.041533764
1924,1240182,5.310344,5.75,0.09000773,0.009066699
1924,1240190,3.577457,2.578125,0.40299436,0.045186553
1924,1240192,4.230375,4.65625,0.12883255,0.013076801
1924,1240198,2.911369,3.171875,0.28117564,0.029891718
1924,1240210,-0.619964,0.12792969,1.1561921,0.12388241
1924,1240215,3.373082,3.265625,0.19935147,0.025178133
1924,1290722,3.654587,3.28125,0.09132959,0.009293348
1924,1290725,3.739225,3.5,0.2659422,0.027522225
1924,1290730,2.682452,1.5,0.3208593,0.08893924
1924,1297447,3.665972,3.09375,0.14640033,0.01538275
1924,1298134,5.01707,4.90625,0.094995834,0.01022213
1924,1298146,6.266046,3.984375,0.15067285,0.015260922
1924,1298151,4.172719,4.96875,0.14514254,0.014908849
1924,1298347,3.695303,3.984375,0.16625178,0.01988544
1924,1298350,2.132622,2.265625,0.18651311,0.018940398
1924,1298353,4.935346,4.4375,0.24934837,0.025162112
1924,1298356,5.410786,5.59375,0.3191795,0.038474504
1924,1298475,4.335758,4.5,0.4178605,0.04333804
1924,1298526,4.311891,3.46875,0.43554226,0.045833766
1924,1298537,2.980989,3.078125,0.13243514,0.014282679
1924,1303896,1.132785,0.73046875,0.47331578,0.050821304
1924,1303897,5.146518,5.90625,0.23901355,0.024308197
1924,1322212,1.609162,1.703125,0.1681304,0.017073635
1924,1330935,1.694885,2.515625,0.12241625,0.012313677
1924,1330948,2.729527,2.375,0.25704777,0.026472189
1924,1330950,1.819567,1.140625,0.34914646,0.04051295
1924,1330982,-0.072499,0.30078125,0.44379097,0.048986472
1924,1330985,2.939884,3.046875,0.120812364,0.012353594
1924,1331038,3.553976,4.1875,0.20622556,0.02085646
1924,1331050,-2.433964,-0.3359375,0.97957647,0.11746702
1924,1480360,3.449966,2.703125,0.14238793,0.014917491
1924,1480371,0.954088,3.5,0.323173,0.034117505
1924,1503363,1.49585,1.296875,0.8912535,0.09424714
1924,1503367,5.661672,4.75,0.28613958,0.030207874
1924,1659817,1.304464,1.75,0.17450772,0.017721253
1924,1660034,2.963698,3.6875,0.06558737,0.006648458
1925,684052,4.954337,4.65625,0.080098495,0.009629971
1925,687457,6.025775,5.625,0.11171673,0.011813679
1925,687506,4.618401,4.9375,0.14691564,0.015844353
1925,687568,5.655117,5.46875,0.22041231,0.02262205
1925,687588,5.797818,5.5,0.24807528,0.02623315
1925,687787,4.786933,5.0625,0.2642753,0.029005779
1925,687812,4.98525,5.5,0.28677776,0.029776659
1925,687816,6.44299,6.4375,0.15774511,0.016069386
1925,687829,4.563173,5.34375,0.18031727,0.019036168
1925,687980,4.839402,5.34375,0.17766191,0.0182966
1925,688011,4.919413,5.53125,0.07730411,0.007968516
1925,688013,3.960524,4.625,0.19583689,0.022110792
1925,713880,4.607889,3.625,0.14354405,0.016880263
1925,724825,4.66404,4.03125,0.09982769,0.0124511365
1925,724863,4.990175,6.1875,0.27931932,0.031115182
1925,749709,4.893041,4.28125,0.090609066,0.010426392
1925,753534,6.002976,6.03125,0.15435615,0.015868563
1925,753535,5.621836,6.28125,0.16198929,0.016361082
1925,753551,5.34723,5.21875,0.086974636,0.009545981
1925,753555,3.829074,4.3125,0.08740702,0.010057933
1925,753572,4.56963,4.46875,0.13182575,0.015890526
1925,753615,4.406581,5.625,0.17180566,0.017818678
1925,753621,5.91256,4.96875,0.20020239,0.026452629
1925,905934,5.806426,5.90625,0.17440142,0.018411629
1925,905937,4.96223,4.78125,0.13080168,0.014876163
1925,905938,1.950967,4.3125,0.13708006,0.0148527
1925,905944,5.690526,4.875,0.11767621,0.013486845
1925,905947,4.443403,5.03125,0.12897678,0.014965724
1925,905959,6.450249,6.0,0.24206014,0.02796878
1925,905969,6.949932,6.84375,0.11112613,0.012950534
1925,905972,5.956153,5.90625,0.1743145,0.018236823
1925,905974,5.376164,5.03125,0.099165805,0.011891581
1925,905977,5.942341,4.9375,0.12930524,0.017348446
1925,905982,6.108993,6.28125,0.16921899,0.017327959
1925,906794,5.211723,4.90625,0.07715075,0.008991075
1925,906795,5.397332,5.625,0.1883365,0.020406365
1925,906798,5.006405,4.625,0.14707461,0.017295444
1925,906800,4.096621,3.671875,0.101272434,0.011084994
1925,906804,5.571671,4.15625,0.14516824,0.015729059
1925,906817,5.949222,6.65625,0.07012212,0.0073361928
1925,906820,4.87375,4.78125,0.17689958,0.019035473
1925,906821,5.322139,5.34375,0.19159134,0.02036803
1925,906826,6.253819,6.875,0.26604915,0.028448043
1925,906830,5.900805,5.75,0.09791608,0.014001911
1925,906831,3.941556,4.34375,0.09909654,0.010617888
1925,906833,4.819203,4.5,0.16280018,0.018023552
1925,906839,5.125877,5.96875,0.16492872,0.016876474
1925,906842,2.98002,3.046875,0.16493352,0.018978912
1925,906856,3.299503,3.796875,0.11414365,0.011851742
1925,906863,4.037249,4.9375,0.09022363,0.012104997
1925,906865,5.611299,4.4375,0.062187627,0.008933976
1925,906868,5.019102,5.28125,0.08793212,0.010414076
1925,906872,6.366603,6.125,0.121447265,0.013293275
1925,906999,6.028932,6.34375,0.12506612,0.012836179
1925,907046,5.880407,5.90625,0.12104683,0.012501528
1925,907056,5.80952,5.03125,0.19369161,0.019766781
1925,907065,5.402488,5.0625,0.20460846,0.02122079
1925,907067,4.899554,5.03125,0.13166791,0.01780575
1925,907169,5.267224,4.78125,0.13879056,0.01493471
1925,907274,5.082031,4.40625,0.14751524,0.015105502
1925,907281,3.294678,3.78125,0.09508878,0.010496075
1925,907282,5.972544,6.3125,0.13997118,0.014966807
1925,907295,5.420555,4.9375,0.0966891,0.01142381
1925,907313,5.915192,5.625,0.21936262,0.022276264
1925,907321,4.8606,4.9375,0.11286081,0.0123207355
1925,907323,4.47696,4.40625,0.08193116,0.009156305
1925,907794,5.693891,5.96875,0.19020915,0.020764664
1925,908122,5.532585,4.4375,0.50064266,0.051923722
1925,908125,5.807034,5.5625,0.12712902,0.013200038
1925,908130,5.48881,4.40625,0.32759997,0.03376904
1925,908131,5.009765,4.96875,0.1892957,0.020414894
1925,908159,4.416134,3.84375,0.21845539,0.022854855
1925,908443,5.928819,6.0,0.13095972,0.014224122
1925,908454,5.216559,5.34375,0.16332547,0.016998662
1925,908467,3.688537,4.21875,0.19457534,0.02288136
1925,908472,4.485342,5.625,0.158879,0.01653588
1925,908473,6.39523,6.09375,0.07971329,0.008458874
1925,908481,6.152302,5.40625,0.1472602,0.015208803
1925,909248,5.517208,5.75,0.072141156,0.00876639
1925,909249,4.047481,4.25,0.14573354,0.015464693
1925,909263,5.850042,6.0625,0.12049754,0.012680415
1925,909699,7.761068,7.65625,0.20775798,0.02159711
1925,909702,4.470163,4.125,0.078454286,0.008542631
1925,909704,5.5434,4.84375,0.12107396,0.01387626
1925,909712,5.360629,5.125,0.20282795,0.02086973
1925,909731,4.633872,4.5,0.1404687,0.0148293385
1925,909737,5.694325,5.875,0.16804098,0.017390477
1925,909742,4.598884,5.46875,0.085984446,0.00904847
1925,909746,5.826083,6.21875,0.10483316,0.0111873085
1925,909747,5.62268,6.96875,0.17411144,0.019877164
1925,909750,4.143483,5.21875,0.16185465,0.01753704
1925,909751,4.547804,4.53125,0.4616582,0.04829879
1925,909753,6.804427,6.46875,0.16863519,0.017321983
1925,909770,5.170483,4.84375,0.22025022,0.02691297
1925,909777,4.576468,4.125,0.14518203,0.015493152
1925,909907,6.098536,6.6875,0.21010692,0.02136833
1925,910079,5.635048,4.96875,0.37871754,0.039193287
1925,910399,5.445633,5.28125,0.17035311,0.017648596
1925,910554,5.362794,5.28125,0.093424074,0.009678741
1925,910689,8.636472,8.375,0.27942726,0.043046862
1925,910698,5.037584,5.46875,0.08621208,0.009733699
1925,910704,3.981588,4.1875,0.4321966,0.04694281
1925,910779,4.803478,5.84375,0.117889844,0.012466466
1925,910781,5.193234,3.9375,0.2906266,0.032698274
1925,910852,4.48405,5.125,0.15215333,0.018919896
1925,910861,4.471704,4.40625,0.39229596,0.042405102
1925,910899,5.510116,5.0625,0.12563816,0.013715608
1925,910900,5.112109,4.90625,0.07232588,0.008466439
1925,910911,5.414327,5.5625,0.14236732,0.015761437
1925,910915,5.648822,6.09375,0.23663133,0.024690328
1925,910919,3.401694,3.765625,0.094712354,0.010771698
1925,910927,5.227609,4.875,0.12068107,0.013486845
1925,910934,3.808761,4.53125,0.07596578,0.008435828
1925,925340,5.404707,5.75,0.12543948,0.013973513
1925,946382,2.723365,3.34375,0.09382244,0.013940828
1925,949093,7.596355,8.0,0.18843883,0.021773119
1925,1240121,4.609543,4.625,0.17052047,0.018995374
1925,1240143,4.798458,5.34375,0.1458741,0.016412232
1925,1240144,6.433222,6.4375,0.15728189,0.016330864
1925,1240168,3.952904,5.25,0.19871196,0.020609241
1925,1240172,5.5003,5.09375,0.1793018,0.020038068
1925,1240173,4.814445,5.28125,0.039832715,0.006236845
1925,1240178,6.64035,7.40625,0.16446078,0.016744057
1925,1240183,5.901077,5.6875,0.24826084,0.027836747
1925,1240185,5.186073,5.28125,0.19180067,0.019418977
1925,1240189,4.345342,4.15625,0.18485783,0.020404952
1925,1240196,4.321504,5.5625,0.13579418,0.015278144
1925,1240198,5.9068,5.40625,0.18740581,0.019784508
1925,1240201,4.730995,4.84375,0.13707803,0.015974943
1925,1240209,3.575517,4.65625,0.21586752,0.02303638
1925,1240210,4.630839,3.84375,0.16697204,0.018722076
1925,1290455,4.443873,4.5625,0.1936337,0.021031426
1925,1290730,4.838316,4.78125,0.06560549,0.012662852
1925,1290797,4.195184,5.21875,0.15556572,0.015941704
1925,1290905,5.97398,6.65625,0.2527907,0.026411165
1925,1290908,5.264146,4.65625,0.26250982,0.02851237
1925,1290922,5.36046,4.5625,0.32705668,0.036671888
1925,1295741,2.97007,4.25,0.12861729,0.013386288
1925,1297447,4.92147,4.625,0.11419654,0.013429102
1925,1297449,4.057796,4.03125,0.104235694,0.011854795
1925,1298141,6.117121,5.90625,0.45170432,0.05567051
1925,1298144,6.587454,5.84375,0.11265046,0.011785518
1925,1298157,5.346543,5.34375,0.1425404,0.016469795
1925,1298215,5.088644,4.5,0.12944993,0.015085973
1925,1298218,5.858326,5.53125,0.18821062,0.020715222
1925,1298219,4.409733,5.0,0.1359637,0.014481412
1925,1298347,5.031938,4.21875,0.12435163,0.014309151
1925,1298349,4.402911,5.0,0.15555157,0.015796255
1925,1298350,5.328195,5.8125,0.11152055,0.011579382
1925,1298356,6.695322,7.65625,0.13548873,0.014752924
1925,1298357,5.1276,7.59375,0.23393989,0.024029996
1925,1298538,5.919795,5.34375,0.14359988,0.014775533
1925,1299052,6.089325,5.78125,0.19877456,0.020339778
1925,1299070,4.021211,4.75,0.09639545,0.012294772
1925,1303900,4.179984,4.78125,0.2346047,0.024987608
1925,1330931,4.824262,3.921875,0.08658565,0.010230088
1925,1330964,4.802218,4.90625,0.14123537,0.015197787
1925,1330995,5.110279,5.15625,0.08875773,0.00938584
1925,1331036,2.906732,3.265625,0.19733928,0.022202557
1925,1480362,5.18129,5.75,0.12850204,0.016732499
1925,1480374,5.720068,5.5,0.08215552,0.008767255
1925,1503361,5.470446,5.25,0.14430232,0.015635237
1925,1659817,5.066506,5.125,0.16500998,0.017133286
1925,1660035,5.958906,6.0,0.116091855,0.012341699
1925,1660036,5.217226,5.5,0.08142073,0.009369089
1926,687459,0.333749,0.5859375,0.3930865,0.048032302
1926,687780,-0.609934,-0.6796875,0.5928169,0.095464624
1926,687794,-0.450257,0.18847656,0.042515393,0.004666316
1926,687812,1.279444,0.2890625,0.3482616,0.039182764
1926,687816,0.080211,0.1953125,0.17508976,0.023677787
1926,687819,1.885257,1.9375,0.49081877,0.04955808
1926,687821,1.68817,2.671875,0.7780209,0.09107482
1926,687980,0.582891,1.3125,0.12865876,0.013226746
1926,687997,3.222793,3.28125,0.66880155,0.06776692
1926,688025,2.619431,1.6875,0.42152894,0.08901293
1926,688086,1.004907,0.234375,0.63804924,0.07671051
1926,688087,1.10869,0.30273438,0.38080558,0.04457695
1926,713880,-0.633434,-0.828125,0.3310461,0.06990595
1926,713899,1.147352,1.515625,0.3903442,0.040676847
1926,722058,0.689186,0.60546875,0.16063124,0.017679725
1926,724831,0.896877,0.83984375,0.18694942,0.02290846
1926,724839,2.366357,3.5,0.8880735,0.089478455
1926,724869,0.001522,0.62890625,0.07909219,0.012056312
1926,724872,0.723543,1.5,0.3160896,0.036677223
1926,749711,2.706979,2.40625,0.79146934,0.07986833
1926,749715,-1.170692,-0.85546875,0.16793598,0.020036321
1926,753534,-0.359574,1.1875,0.31916925,0.032812152
1926,753541,0.340496,0.4765625,0.07483184,0.008646427
1926,753570,1.255619,0.22265625,0.09544909,0.013120671
1926,753586,1.370866,1.015625,0.13827972,0.01584821
1926,753600,0.757528,0.65234375,0.4270995,0.048395082
1926,753605,3.209483,2.6875,0.8058246,0.08479998
1926,753621,1.638483,0.66015625,0.5962055,0.09439154
1926,753624,2.529484,1.9375,0.42496178,0.04361601
1926,905934,0.387336,1.390625,0.8999109,0.09774336
1926,905936,0.153251,0.57421875,0.13698693,0.02077289
1926,905954,1.285145,-0.24511719,0.053617876,0.006480366
1926,905955,2.490817,1.953125,0.79360175,0.082217194
1926,905960,0.080767,0.66015625,0.17799166,0.018822037
1926,905963,-0.06816,0.35351562,0.10354077,0.011364212
1926,905964,-0.417141,0.80859375,0.38146734,0.040708423
1926,905965,0.407412,-1.34375,0.21211655,0.024035143
1926,905977,2.337369,1.953125,0.22126597,0.030042896
1926,905982,0.378248,0.18945312,0.20716271,0.022867003
1926,905990,1.883413,2.3125,0.3818621,0.043113805
1926,905991,0.276696,0.34375,0.1830688,0.027477102
1926,906791,2.739407,2.421875,0.7047219,0.09018531
1926,906801,0.277822,1.421875,0.4444303,0.05202483
1926,906813,1.347617,1.375,0.04677221,0.0063000023
1926,906818,3.057708,1.796875,0.2012488,0.029184474
1926,906826,-0.506282,-0.22265625,0.3070786,0.035631634
1926,906828,0.234912,-0.021972656,0.1651168,0.02251047
1926,906839,1.186348,0.9140625,0.2437646,0.025613124
1926,906868,0.443134,-0.5703125,0.09341908,0.011513477
1926,906870,-1.043173,-0.34570312,0.51708895,0.05859188
1926,907047,0.953977,0.1171875,0.12250999,0.022825792
1926,907053,1.209755,1.453125,0.106961064,0.011806562
1926,907060,1.48597,1.078125,0.067440614,0.008026292
1926,907173,1.215695,1.359375,0.19649924,0.019927254
1926,907176,4.713048,2.109375,1.1447294,0.12635735
1926,907278,2.254608,1.59375,1.0355383,0.11777246
1926,907789,0.86589,0.70703125,0.12645015,0.016584715
1926,908132,0.707241,0.83984375,0.60838866,0.065324485
1926,908134,0.364534,0.65234375,0.1085253,0.012089333
1926,908147,-0.328112,0.119140625,0.08280184,0.010560974
1926,908459,0.449105,0.37109375,0.2991936,0.03390193
1926,908462,-1.155854,-0.5859375,0.1336117,0.024722822
1926,908471,0.507263,0.9453125,0.47944483,0.074660495
1926,908475,-0.95251,-0.38476562,0.4070469,0.044211194
1926,909696,1.214832,1.1875,0.06668327,0.008317157
1926,909702,-0.723013,-1.265625,0.1282111,0.014753261
1926,909712,0.822101,0.6328125,0.07651561,0.008077784
1926,909713,0.409154,1.71875,0.097983755,0.017187318
1926,909719,0.113937,1.046875,0.32811406,0.038859572
1926,909724,-0.314967,0.4375,0.10000886,0.0151654845
1926,909736,-0.081178,0.41015625,0.14245512,0.01547269
1926,909737,0.591073,0.22070312,0.06396084,0.0071027074
1926,909738,0.700412,1.96875,0.715626,0.07350816
1926,909745,-0.873863,-0.875,0.31045994,0.04303876
1926,909761,1.090716,0.50390625,0.1958373,0.022723837
1926,909776,1.625062,1.609375,0.20945327,0.022442272
1926,909781,2.951788,3.125,0.26917017,0.036113646
1926,910079,0.693588,0.36328125,0.1669172,0.018535778
1926,910399,-0.315347,-0.2109375,0.23930357,0.02884611
1926,910554,3.112449,1.125,0.1526897,0.015769554
1926,910567,2.202991,2.609375,0.54623055,0.056062452
1926,910697,-0.687667,-0.025390625,0.07892906,0.01103674
1926,910702,2.207404,3.421875,0.39746153,0.049423374
1926,910703,0.271119,0.16503906,0.579069,0.059023686
1926,910916,1.043384,0.53515625,0.31037652,0.038141917
1926,910918,-0.035132,1.234375,0.22453456,0.023212904
1926,910931,-0.88878,-0.5,0.090118244,0.01041269
1926,910941,1.741374,1.328125,1.0408812,0.11225549
1926,930082,1.804929,1.734375,0.38365743,0.042474583
1926,930301,-0.052089,-0.24121094,0.26876992,0.029846296
1926,946360,1.828657,1.703125,0.28723234,0.030535605
1926,949093,2.309662,2.828125,1.5059127,0.17708991
1926,949176,1.040617,1.046875,0.09680614,0.0099696275
1926,998189,0.17908,-0.07519531,0.1466386,0.01694332
1926,1240127,0.867669,1.015625,0.15189621,0.017031668
1926,1240129,1.37815,1.046875,0.22408722,0.025043113
1926,1240159,5.448347,1.125,0.15532337,0.019087562
1926,1240187,-0.281771,-0.66015625,0.114888,0.016064918
1926,1240189,-0.285726,0.036621094,0.83135664,0.10984668
1926,1240207,0.730385,0.71484375,0.06977924,0.011109709
1926,1240215,0.658193,0.10058594,0.14383028,0.02277128
1926,1240217,2.831955,1.125,0.41038045,0.06159469
1926,1240218,2.29579,2.4375,0.31580392,0.03271731
1926,1240219,0.834229,2.28125,0.9239269,0.095933005
1926,1240220,2.271008,1.46875,0.15710592,0.017150868
1926,1247871,1.250558,0.98046875,2.1439397,0.2521196
1926,1298134,4.317323,1.828125,0.5001274,0.0535871
1926,1298141,-0.45663,0.83984375,0.86133635,0.12927942
1926,1298151,1.001298,1.109375,0.12564772,0.013869229
1926,1298168,0.502509,0.625,0.317724,0.037027255
1926,1298349,2.336142,1.6875,0.19264823,0.019463783
1926,1298475,0.57554,0.6484375,0.22652572,0.025078585
1926,1298534,2.047251,1.796875,0.114207804,0.011807069
1926,1298537,0.500236,0.10644531,0.25532317,0.030312147
1926,1303896,-1.856264,-1.265625,0.09382144,0.014227215
1926,1303900,3.18442,1.3125,1.4310558,0.15301962
1926,1327766,3.822113,0.98046875,0.24700457,0.026964879
1926,1330933,0.218496,-0.055908203,0.39581296,0.04468891
1926,1330947,-1.217714,-1.640625,0.18414882,0.030000307
1926,1331035,0.544863,-0.68359375,0.2524385,0.027558085
1926,1331050,-1.833946,-1.578125,0.1264474,0.01979862
1926,1480360,0.125491,-0.30078125,0.08268599,0.011716881
1926,1480362,1.098807,2.046875,0.41791475,0.045391597
1926,1659818,-1.785162,-0.85546875,0.05188837,0.009344245
1927,687457,5.103466,5.53125,0.22758533,0.023211371
1927,687563,4.90959,5.03125,0.1435271,0.014755284
1927,687592,4.40475,4.90625,0.34485698,0.035515264
1927,687596,5.060487,3.953125,0.23100147,0.025152992
1927,687787,5.282029,4.875,0.38062742,0.041341655
1927,687794,3.784177,4.53125,0.17273572,0.017431015
1927,687816,5.365106,6.03125,0.2618566,0.02622715
1927,687821,5.50552,6.59375,0.3033016,0.031529177
1927,687829,5.004533,5.90625,0.20780501,0.021031389
1927,687980,5.028961,5.1875,0.30799398,0.031071492
1927,688018,6.291739,5.84375,0.31548697,0.03194167
1927,688025,4.413818,4.34375,0.49043453,0.051309373
1927,713899,5.109232,5.65625,0.077779815,0.00807602
1927,722046,3.757218,4.34375,0.2962179,0.030688196
1927,722058,3.751017,4.625,0.18212675,0.01947441
1927,724834,6.532711,6.5,0.12633564,0.013455933
1927,724868,4.818674,4.5,0.12915619,0.013867879
1927,724869,5.851491,6.15625,0.14740312,0.016318949
1927,724870,3.31623,4.90625,0.18572116,0.019457363
1927,724872,3.474874,4.28125,0.10020172,0.0108569125
1927,724878,6.970056,6.84375,0.13097917,0.013200038
1927,753534,4.156246,5.15625,0.36758938,0.03688223
1927,753541,5.329765,4.96875,0.17319395,0.017790254
1927,753556,5.590299,4.96875,0.3148728,0.032812152
1927,753562,4.470453,4.0625,0.34021285,0.038411435
1927,753574,6.880586,6.6875,0.1488084,0.015260922
1927,753586,5.597864,5.34375,0.11252218,0.01172567
1927,753605,3.525077,4.25,0.3186866,0.033435795
1927,753612,5.275016,5.6875,0.18453887,0.018611902
1927,753618,3.645423,4.15625,0.22471549,0.024180757
1927,753620,3.786876,4.78125,0.16932587,0.01723938
1927,753621,5.70597,5.5,0.28744248,0.029602401
1927,905934,6.662611,6.375,0.18246911,0.018467212
1927,905936,4.904658,4.96875,0.1213701,0.01244701
1927,905938,2.066676,4.40625,0.2634786,0.027491597
1927,905949,4.523655,5.59375,0.17304544,0.017541263
1927,905950,5.261982,4.78125,0.35158402,0.035639353
1927,905954,4.646632,4.9375,0.23217662,0.023472903
1927,905956,5.366907,5.0625,0.41278318,0.04166649
1927,905959,6.341425,6.03125,0.3083697,0.032306828
1927,905963,5.544975,4.96875,0.6674302,0.06703045
1927,905964,4.428702,4.1875,0.20575179,0.021440906
1927,905974,4.99825,4.59375,0.16420488,0.017133286
1927,905990,5.663781,5.84375,0.120888405,0.013130232
1927,906696,4.38554,4.875,0.24259135,0.024898399
1927,906791,5.078088,5.375,0.25660545,0.026011573
1927,906793,5.348398,5.15625,0.16612403,0.017078359
1927,906794,3.957623,5.03125,0.12416573,0.01333204
1927,906808,4.285807,5.21875,0.29599914,0.030044599
1927,906820,5.099806,4.6875,0.35150692,0.035695516
1927,906843,4.192206,4.90625,0.29118434,0.03007306
1927,906865,4.686691,4.90625,0.19688322,0.020491298
1927,907045,5.096773,4.3125,0.3897296,0.03961595
1927,907047,4.609078,4.625,0.20486769,0.023049576
1927,907053,3.770148,4.15625,0.18916124,0.019384429
1927,907055,4.491408,4.125,0.25793368,0.029802883
1927,907060,4.636116,4.78125,0.10395314,0.010956607
1927,907067,5.251895,4.9375,0.16522023,0.01728538
1927,907270,3.662634,4.0625,0.3923543,0.039968867
1927,907273,4.709983,3.921875,0.24404742,0.02484692
1927,907274,4.842806,4.75,0.19585627,0.01983733
1927,907276,5.427717,5.71875,0.46192852,0.047660735
1927,907277,3.843845,4.15625,0.10486038,0.011190212
1927,907282,5.6572,5.625,0.1757419,0.017729446
1927,907286,5.439342,5.34375,0.1570243,0.016577119
1927,907289,4.715228,5.46875,0.29716653,0.029848691
1927,907290,5.337375,6.1875,0.2122518,0.021497952
1927,907314,5.701224,5.28125,0.33426946,0.03359524
1927,907317,3.840407,5.0,0.4765411,0.048370022
1927,907319,5.305838,4.6875,0.27889678,0.029492421
1927,907320,4.199182,5.375,0.32423776,0.03320182
1927,907788,3.443337,4.25,0.5952056,0.060821142
1927,908123,4.713284,4.28125,0.5352924,0.054385245
1927,908147,3.829415,3.578125,0.07655893,0.0086136125
1927,908148,3.956837,3.765625,0.3205174,0.032404095
1927,908152,4.816507,4.78125,0.5771523,0.061840087
1927,908158,3.945954,4.0625,0.2184977,0.022425544
1927,908455,4.626511,5.78125,0.10390681,0.010753265
1927,908471,3.756867,4.28125,0.2625725,0.0282544
1927,908472,4.745738,5.375,0.21729307,0.023143757
1927,908473,6.34629,6.90625,0.111819156,0.011411465
1927,908480,5.058293,5.34375,0.2125084,0.021463562
1927,908483,4.877989,4.125,0.1695345,0.01792772
1927,909248,5.200492,5.65625,0.089727536,0.009276241
1927,909696,4.148105,4.4375,0.11277408,0.012448212
1927,909699,7.875133,6.78125,0.505091,0.050902907
1927,909702,2.437058,3.890625,0.18313798,0.018713973
1927,909704,4.996479,4.84375,0.18447535,0.019354688
1927,909720,5.707985,5.1875,0.11952745,0.013193663
1927,909724,5.141927,4.5,0.42786032,0.04427905
1927,909725,5.898968,5.40625,0.29979113,0.030235816
1927,909726,5.655618,4.9375,0.48828137,0.04906641
1927,909742,4.023853,4.375,0.22929399,0.02323342
1927,909743,4.137379,4.875,0.25122163,0.02570647
1927,909747,6.995782,6.96875,0.18547764,0.019215498
1927,909749,5.812211,5.65625,0.18183468,0.018556748
1927,910546,4.787522,5.59375,0.27034223,0.027188446
1927,910554,5.289684,5.40625,0.12426138,0.012774673
1927,910692,5.625548,4.96875,0.21528567,0.02170724
1927,910700,5.265669,6.84375,0.22751713,0.0227816
1927,910710,4.513503,4.03125,0.24388099,0.025587378
1927,910784,5.944377,5.90625,0.3067277,0.030758062
1927,910852,5.684387,5.4375,0.109748274,0.012391033
1927,910915,5.509634,5.96875,0.3453521,0.03482183
1927,910926,4.809364,4.375,0.11947498,0.012243279
1927,910927,4.912712,5.0,0.1420033,0.014680632
1927,910934,4.799694,4.25,0.2619655,0.026734328
1927,910937,3.454082,4.34375,0.20792061,0.022884583
1927,924151,5.040676,4.78125,0.3423112,0.034956116
1927,924239,4.310764,3.828125,0.17299436,0.018497903
1927,925338,4.279122,5.1875,0.22696215,0.023176907
1927,925348,7.854268,7.03125,0.36443323,0.036941852
1927,930083,7.557088,6.71875,0.22499768,0.025314393
1927,949093,7.352633,7.4375,0.3387962,0.035025537
1927,949176,4.334899,5.1875,0.27430084,0.027713371
1927,1240142,4.077297,5.03125,0.18567607,0.018904025
1927,1240143,5.893339,5.59375,0.13692775,0.01423408
1927,1240146,6.086457,5.21875,0.3809988,0.038709145
1927,1240174,4.389539,4.40625,0.27521628,0.030658115
1927,1240179,4.294578,4.40625,0.1788319,0.020120298
1927,1240182,5.769782,5.90625,0.24314485,0.02472836
1927,1240189,3.804869,4.15625,0.27976266,0.029190693
1927,1240190,5.521195,5.875,0.18025282,0.018654274
1927,1240192,4.706787,4.625,0.20819724,0.021592999
1927,1240207,4.740843,4.40625,0.330703,0.039656628
1927,1240210,3.333032,4.25,0.18001866,0.018420566
1927,1240212,5.637694,4.96875,0.11288161,0.012201901
1927,1240220,6.042846,5.28125,0.2585964,0.026236186
1927,1240221,4.004181,4.40625,0.20811051,0.022718912
1927,1240222,5.435736,5.03125,0.20808935,0.021898033
1927,1240223,6.752228,7.0625,0.1611537,0.016478673
1927,1240224,4.929467,5.40625,0.4117749,0.043400865
1927,1247871,4.403242,4.03125,0.36396977,0.038131855
1927,1290455,3.191853,4.34375,0.22848518,0.023289172
1927,1290769,6.567842,6.5,0.3252902,0.032816395
1927,1290807,3.687129,5.5625,0.18562202,0.019446976
1927,1290905,6.989112,6.71875,0.24437986,0.024675088
1927,1297447,4.917665,4.46875,0.20742056,0.022703666
1927,1298144,5.952801,4.5625,0.67663753,0.06828049
1927,1298157,5.610882,5.03125,0.1753183,0.019189844
1927,1298218,6.378472,6.71875,0.13975616,0.014213504
1927,1298353,4.227508,5.0,0.3095201,0.03146267
1927,1298357,4.510425,7.53125,0.3306549,0.033440523
1927,1298358,6.064553,6.1875,0.18342625,0.018450586
1927,1298534,5.770392,6.5,0.18089713,0.01812889
1927,1303900,5.465516,4.78125,0.32671648,0.03427827
1927,1303901,4.970449,4.5,0.50141907,0.050806735
1927,1331036,3.733118,3.34375,0.21644199,0.022376277
1927,1331037,3.936427,3.515625,0.14871289,0.016192859
1927,1503363,2.325523,5.625,0.28736174,0.030493742
1927,1660036,4.471723,5.03125,0.13841005,0.01435508
1928,687452,5.60431,4.8125,0.20678991,0.023035662
1928,687568,6.045673,6.03125,0.19077076,0.01962912
1928,687586,4.856798,4.46875,0.254426,0.026226262
1928,687592,5.057152,4.78125,0.46757287,0.04724018
1928,687777,6.0602,5.15625,0.37913075,0.039459337
1928,687780,5.356786,5.03125,1.0665694,0.10782947
1928,687794,4.005885,3.875,0.20507503,0.020595819
1928,687983,3.745918,4.34375,0.5776006,0.058479533
1928,687997,5.476057,5.71875,0.8919757,0.08949674
1928,688011,5.086156,4.75,0.17932327,0.017950673
1928,713899,4.314755,4.125,0.17359665,0.017637268
1928,717431,5.407751,4.9375,0.19024232,0.01964793
1928,722046,3.73316,3.390625,0.47890452,0.0501031
1928,722066,5.260837,4.625,0.29928994,0.030488461
1928,724825,1.434433,1.890625,1.1755029,0.12389741
1928,724828,5.148319,4.65625,0.24610534,0.024926813
1928,724863,3.799744,5.65625,0.24010071,0.024291037
1928,724870,3.354157,4.65625,0.25500825,0.02626215
1928,724873,4.174872,5.125,0.2993522,0.030332131
1928,724878,7.070818,6.21875,0.31489536,0.031601965
1928,749714,5.741385,5.25,0.3264294,0.033024926
1928,749717,5.906035,5.125,0.6880628,0.06990658
1928,753534,3.139258,3.546875,0.6580452,0.065966
1928,753541,5.504398,5.6875,0.13922203,0.014472576
1928,753554,3.550569,5.0,0.23622982,0.02417242
1928,753556,4.009791,4.53125,0.40306327,0.041304186
1928,753569,4.820887,5.25,0.2133998,0.025095047
1928,753573,3.288813,4.40625,0.36332378,0.038233943
1928,753600,4.100999,5.59375,0.19830401,0.020639172
1928,753608,5.211806,5.1875,0.25055027,0.02607688
1928,753615,3.725624,5.0625,0.7263073,0.07279817
1928,905937,4.505266,3.796875,0.09900212,0.011997782
1928,905938,2.823579,3.078125,0.4469095,0.046299856
1928,905949,4.636199,4.46875,0.54120046,0.05471501
1928,905954,4.969901,3.796875,0.46465737,0.046587117
1928,905962,5.89658,5.65625,0.24609745,0.024916288
1928,905976,4.271794,4.6875,0.3819369,0.03828174
1928,906693,5.087238,4.9375,0.6043732,0.060640026
1928,906793,4.796402,4.53125,0.1383928,0.01430737
1928,906795,4.087751,4.625,0.34896344,0.03672275
1928,906798,3.488462,4.4375,0.19035931,0.021344421
1928,906801,5.217855,5.03125,0.17231141,0.018190987
1928,906814,3.517715,3.90625,0.363156,0.03746961
1928,906817,5.938342,6.34375,0.23880397,0.0244716
1928,906820,4.877393,3.4375,0.25542998,0.02652176
1928,906833,5.096692,3.984375,0.23218675,0.024878094
1928,906836,1.673271,1.890625,0.20315638,0.020961214
1928,906839,5.500194,5.875,0.27939284,0.028346114
1928,906842,3.335542,1.890625,0.25057662,0.028291132
1928,906844,3.574382,2.890625,0.40575543,0.04095711
1928,906872,4.719261,5.34375,0.46225125,0.046733294
1928,906875,4.344073,3.953125,1.1941885,0.12145156
1928,907045,4.408096,4.46875,0.446352,0.0447518
1928,907048,4.032447,4.5625,0.20565552,0.02107469
1928,907051,5.799106,5.59375,0.14434503,0.01598039
1928,907064,5.590682,5.09375,0.1293206,0.013343005
1928,907171,4.153126,3.71875,0.18928914,0.019157445
1928,907173,3.865266,4.9375,0.4172949,0.041878477
1928,907175,3.289572,3.03125,0.2762284,0.027699651
1928,907176,5.053234,4.09375,0.2647561,0.027019117
1928,907282,5.459013,5.59375,0.44028935,0.04411851
1928,907286,5.81499,5.8125,0.23862587,0.024511335
1928,907299,3.82128,3.53125,0.15588006,0.016456323
1928,907312,2.853371,3.53125,0.11652615,0.013156282
1928,907313,4.583249,4.125,0.68051374,0.06879949
1928,907314,3.908832,4.875,0.32212448,0.03228221
1928,907789,2.631875,2.734375,0.18961947,0.019583602
1928,907791,4.31929,3.46875,0.874656,0.087758966
1928,908120,6.720896,5.96875,0.5424792,0.056602772
1928,908122,3.528077,3.796875,0.4369414,0.043985542
1928,908126,3.197807,3.078125,0.35627484,0.03809568
1928,908461,5.189404,4.9375,0.5482075,0.055175126
1928,908462,4.655621,5.28125,0.45106456,0.045805585
1928,908467,3.754755,3.859375,0.23732604,0.02619649
1928,909248,5.203923,5.0625,0.20040846,0.02035147
1928,909257,3.548089,3.859375,0.22190589,0.025333542
1928,909260,2.801482,2.9375,0.2956676,0.029776659
1928,909263,5.165796,5.25,0.3990824,0.040390063
1928,909702,1.752443,1.6875,0.24831042,0.025309931
1928,909722,2.056818,2.5625,0.12526101,0.012687079
1928,909736,4.64837,4.53125,0.6020003,0.060577203
1928,909745,5.107351,5.3125,0.532864,0.054525767
1928,909746,6.3874,5.625,0.31624413,0.034615185
1928,909747,7.163808,5.53125,0.6898073,0.07053582
1928,909759,3.251497,3.859375,0.43933585,0.04688388
1928,909761,5.757327,5.59375,0.1314827,0.014031224
1928,909762,2.23766,1.515625,0.20849672,0.020942312
1928,909905,4.283,4.375,0.41845423,0.04294811
1928,910697,5.469692,4.5625,0.46573678,0.049168024
1928,910698,4.05827,4.5,0.17907265,0.018425459
1928,910780,3.27103,3.484375,0.5132971,0.05816222
1928,910781,3.809061,4.8125,0.22012411,0.022829985
1928,910903,4.170905,3.515625,0.30227226,0.030758062
1928,910906,2.392034,2.25,0.15316635,0.0160243
1928,910910,5.627591,5.78125,0.5010584,0.050254155
1928,910925,5.659376,4.0625,0.46235052,0.047848426
1928,910927,4.457744,4.65625,0.24617578,0.025450224
1928,910933,3.488345,4.28125,0.41942596,0.042803615
1928,910935,2.104507,1.5,0.1865611,0.019179387
1928,910943,4.915071,6.03125,0.27960104,0.028248865
1928,910952,2.874115,3.734375,0.3653892,0.036798317
1928,924187,5.473368,5.46875,1.1726087,0.118590854
1928,930082,4.932865,4.53125,0.2272661,0.029182605
1928,946353,5.4386,4.6875,0.22110301,0.026794836
1928,946354,4.697063,4.09375,0.14459279,0.016507214
1928,946355,4.640223,5.09375,0.77534354,0.07776386
1928,946361,3.773073,4.40625,0.18064909,0.018779052
1928,946382,3.547428,4.8125,0.18157473,0.019050363
1928,949090,4.644833,4.34375,0.25639674,0.025795374
1928,998189,5.257709,6.03125,0.27570233,0.02787332
1928,1240121,3.836137,4.28125,0.4246076,0.048664186
1928,1240128,5.537352,5.3125,0.19291465,0.020155413
1928,1240145,4.413768,3.84375,0.8444568,0.08556534
1928,1240146,7.005153,5.96875,0.34992668,0.0355883
1928,1240168,5.387698,4.84375,0.17144592,0.017987674
1928,1240169,5.286748,5.625,0.43285826,0.044292595
1928,1240172,4.858328,5.625,0.22178093,0.02330323
1928,1240184,4.977099,5.375,0.25471246,0.02780633
1928,1240212,5.181221,5.6875,0.19953376,0.021252222
1928,1240217,5.653284,4.78125,0.48276207,0.048664548
1928,1240219,6.478474,6.125,0.87575185,0.0877901
1928,1240223,5.52425,6.40625,0.67893934,0.06847528
1928,1290455,1.095072,1.734375,0.2489233,0.025972882
1928,1290908,2.864249,4.125,0.72518504,0.078034334
1928,1298136,6.041435,5.65625,0.40329424,0.040697012
1928,1298219,4.320364,5.03125,0.28237802,0.030523561
1928,1298226,5.057147,4.8125,0.31643835,0.034828484
1928,1298358,5.216577,5.53125,0.39546773,0.03958478
1928,1303896,2.660608,2.28125,0.32925516,0.0337156
1928,1303901,4.828266,3.546875,0.94444346,0.09467611
1928,1330935,1.655041,2.234375,0.9348275,0.094068445
1928,1330950,2.817843,2.875,0.19807658,0.019988198
1928,1330982,2.71141,1.8125,0.16787122,0.018063968
1928,1330994,2.053229,1.6875,0.4205764,0.045680687
1928,1480361,4.449421,3.515625,0.54854375,0.055148356
1928,1659818,2.759164,2.78125,0.4593608,0.047442064
1930,684072,0.213353,0.0041503906,0.08283554,0.011791337
1930,687448,2.454095,1.953125,1.2380636,0.14189419
1930,687452,0.003861,-0.1015625,0.42926264,0.05976433
1930,687506,0.645616,0.38671875,0.32236764,0.040207718
1930,687562,-0.462748,-0.6640625,0.14543034,0.018309344
1930,687563,0.494554,0.39453125,0.5848298,0.07294365
1930,687596,1.452665,0.90625,0.26216796,0.03135801
1930,687777,2.380029,1.8125,1.7556531,0.18735515
1930,687794,2.035968,0.6640625,0.15682623,0.016283553
1930,687802,0.819645,1.984375,1.1308025,0.11615454
1930,687815,0.447449,0.27734375,0.16107765,0.019218057
1930,687816,2.441482,1.390625,0.3627194,0.039030816
1930,688011,2.042042,1.609375,0.36909923,0.03739931
1930,688015,-0.330032,-0.11621094,0.20330352,0.02303653
1930,688031,-0.254828,0.05859375,0.5674649,0.062282626
1930,713899,0.503174,0.79296875,0.40726867,0.044235278
1930,724870,-0.28132,0.31835938,0.1745687,0.021977793
1930,724874,2.616072,2.453125,0.6097523,0.066565156
1930,735784,2.156238,0.9296875,0.482336,0.052519992
1930,753574,2.127071,1.703125,0.5594575,0.05822746
1930,753600,2.426884,2.125,0.6653241,0.06823176
1930,753620,-1.58674,-0.5390625,0.7871411,0.12532249
1930,905933,0.374138,0.80859375,0.33502018,0.04644352
1930,905944,1.769109,0.85546875,1.4638845,0.16777548
1930,905946,1.050278,1.671875,0.73111093,0.07582654
1930,905949,-0.214112,-0.1796875,0.18632102,0.023457384
1930,905960,-0.454708,0.1015625,0.4187024,0.05880502
1930,905965,-1.409214,-1.265625,0.18594393,0.021969263
1930,905982,1.291022,1.0625,0.5104299,0.053475976
1930,905983,1.28543,0.5546875,0.59498245,0.08248183
1930,905991,-0.823609,-0.16210938,0.24633007,0.040606786
1930,906746,0.132256,0.37890625,0.32258,0.049694706
1930,906791,0.58375,1.046875,1.488119,0.18917538
1930,906792,-0.252505,-0.703125,1.3106875,0.17190473
1930,906795,1.483298,1.015625,1.1828077,0.13556135
1930,906805,0.816826,2.1875,0.25932765,0.026895946
1930,906814,0.27595,0.2109375,0.66350377,0.097145714
1930,906824,0.200004,0.328125,0.17442435,0.026728403
1930,906828,-0.708082,-0.056640625,0.19243887,0.038816262
1930,906830,0.468451,0.8046875,0.1533905,0.018255422
1930,906836,-1.116696,-1.890625,0.1525263,0.02277735
1930,906837,0.605754,-0.16601562,0.08964381,0.014272391
1930,906842,-0.423065,-1.125,1.3120171,0.15773939
1930,906846,-1.532212,-0.25,0.43282592,0.04791801
1930,906852,2.018743,1.453125,0.4833922,0.04969507
1930,906856,-1.370988,0.13671875,0.21896392,0.025095409
1930,907000,-0.894633,-0.33203125,0.13348201,0.01588606
1930,907045,0.747624,1.96875,0.63293445,0.063835405
1930,907062,0.36649,0.4921875,0.6420582,0.07959889
1930,907063,0.684319,-0.296875,0.26231512,0.035761576
1930,907169,-0.276636,0.16699219,1.1572279,0.15068486
1930,907271,1.547015,0.94921875,0.17547183,0.020540662
1930,907274,1.155423,0.171875,0.07687266,0.008219823
1930,907285,0.122918,1.40625,0.669532,0.078734554
1930,907287,1.154771,0.87109375,0.59048676,0.059992936
1930,907289,1.252157,0.62890625,0.490925,0.051506616
1930,907298,-1.161632,0.14453125,0.42301238,0.052923426
1930,907314,-0.511582,0.328125,1.707135,0.19565438
1930,908123,0.375909,-0.234375,0.15599413,0.020099556
1930,908130,1.306414,1.78125,0.82622206,0.084939644
1930,908131,0.229006,0.40429688,0.28968814,0.034226634
1930,908150,1.306656,1.609375,0.485958,0.054308772
1930,908441,1.716347,0.33398438,1.2053852,0.13561738
1930,908442,2.596428,0.5859375,0.25748274,0.028036453
1930,908457,0.00053,0.88671875,1.1128736,0.1235821
1930,908458,0.725709,1.15625,0.7725311,0.078185804
1930,908459,4.438336,1.640625,0.44848213,0.046413194
1930,908469,1.185848,0.765625,0.4135852,0.04607192
1930,908472,2.208016,2.1875,0.5025457,0.052884795
1930,908474,-0.094268,-0.19238281,0.32804,0.051083315
1930,908483,-0.932936,0.37890625,0.5100839,0.057194185
1930,909255,0.315846,0.0009765625,0.22821513,0.023723697
1930,909257,-0.204344,0.107421875,0.13617015,0.023140239
1930,909696,0.937582,0.30664062,0.1215452,0.015400857
1930,909706,2.184861,2.8125,1.0377003,0.104276404
1930,909709,1.748545,1.96875,0.3398146,0.036263436
1930,909715,-0.433248,0.1640625,0.6919346,0.07398703
1930,909719,0.304709,0.43554688,1.3597484,0.1591716
1930,909722,-0.055708,-0.13964844,0.10959467,0.01314217
1930,909725,2.649506,1.3125,0.45626995,0.04737534
1930,909736,1.758231,1.46875,0.6375084,0.06741443
1930,909742,-0.20513,-0.31640625,0.37981996,0.040870946
1930,909745,0.204739,1.203125,0.37965608,0.041446116
1930,909750,-1.141129,0.22265625,0.35965592,0.047881935
1930,909774,0.223738,0.703125,0.27212492,0.028132908
1930,909904,1.026245,2.046875,0.45020616,0.0482382
1930,909907,3.050474,3.59375,0.4619709,0.046809614
1930,909976,0.382103,-0.10595703,0.651153,0.07326095
1930,910691,-0.532805,0.18945312,0.2506311,0.02722217
1930,910702,5.830181,4.25,1.0468442,0.13831893
1930,910704,1.485808,0.12011719,0.28662065,0.036317382
1930,910900,0.355966,0.5,0.31237027,0.037753705
1930,910905,4.373841,2.046875,1.695792,0.17112485
1930,910906,-1.10531,-0.18457031,0.19741295,0.02433025
1930,910915,2.323207,2.90625,0.61365753,0.06379167
1930,910922,1.717079,0.22265625,0.3795847,0.049426455
1930,910926,-0.789668,-0.15625,0.12318957,0.018396381
1930,910930,-0.495178,-1.125,0.2221773,0.03120388
1930,910935,-1.55389,-1.359375,0.07872479,0.011155566
1930,910941,-1.431302,0.05859375,0.4478904,0.061568134
1930,910947,-0.942592,-0.34375,0.101029985,0.013502223
1930,910952,-0.479673,-0.25,0.19386126,0.020339435
1930,924110,2.302151,0.65625,0.25559926,0.031145375
1930,924240,0.88815,0.85546875,0.30439052,0.033144087
1930,925346,0.563783,1.015625,0.5393838,0.06435349
1930,946360,0.316974,0.73828125,0.5476937,0.061836876
1930,946382,-0.136087,0.67578125,0.14173424,0.016591355
1930,949093,3.186946,4.40625,1.254561,0.17698078
1930,998184,-0.730784,-0.68359375,0.26856595,0.06630543
1930,1240122,1.202664,1.03125,0.5149016,0.054102343
1930,1240127,1.225318,1.703125,0.34963614,0.036972877
1930,1240129,1.067467,2.28125,0.4940454,0.052722227
1930,1240145,0.198119,0.23828125,0.26790786,0.034401298
1930,1240154,-1.813475,-0.59375,0.1828863,0.03360906
1930,1240186,2.234275,2.375,0.7449646,0.075547874
1930,1240191,0.724018,0.33203125,0.22953005,0.02796878
1930,1240218,2.06028,2.4375,1.1973355,0.122791745
1930,1247871,0.82573,0.2421875,0.27456594,0.044730462
1930,1290722,-0.581231,1.0625,0.48904762,0.051628962
1930,1297447,0.476058,-0.22265625,0.18893932,0.028651023
1930,1298141,2.149461,2.296875,0.8369808,0.1105898
1930,1298151,0.642591,1.0625,0.66874915,0.07180556
1930,1298169,0.855963,0.76171875,0.2761163,0.031402893
1930,1298219,2.357143,1.953125,0.5680556,0.061699074
1930,1298347,2.832613,2.25,0.25089726,0.025912277
1930,1298348,1.194803,2.09375,0.38324916,0.042063862
1930,1298351,1.190797,0.052734375,0.28821284,0.032540414
1930,1298359,0.727548,0.55859375,0.3403687,0.037157208
1930,1298365,0.826499,1.0625,0.3887663,0.040975768
1930,1298475,0.765823,0.9453125,0.29016736,0.037783246
1930,1298534,0.778099,2.359375,0.2257942,0.022860672
1930,1298538,2.29098,0.7578125,0.23854683,0.024636744
1930,1299070,0.434283,-0.19726562,0.22392046,0.03877689
1930,1303897,0.127908,0.68359375,0.6009379,0.07940159
1930,1303901,0.227266,0.40820312,0.34186447,0.039840564
1930,1327768,-0.136854,0.1484375,0.51877767,0.07670222
1930,1330982,-0.884151,-1.40625,0.63055545,0.08817128
1930,1331035,-0.464587,-0.5859375,0.2636243,0.030460404
1930,1331037,-1.85406,-0.5859375,0.8326302,0.101178885
1930,1480371,-0.849866,0.32226562,0.6206239,0.10052095
1930,1503366,3.354095,1.703125,0.393644,0.040503513
1930,1659818,0.222157,-0.14453125,0.09872651,0.012167593
1931,687455,5.869662,5.65625,0.090462595,0.009519723
1931,687506,4.900377,4.9375,0.13324603,0.015857974
1931,687799,5.470112,6.125,0.07887519,0.022268992
1931,687802,6.136847,7.21875,0.17584364,0.019196415
1931,687815,5.239855,4.90625,0.23586637,0.027737036
1931,687829,5.286245,5.96875,0.27945888,0.030208014
1931,687983,5.762963,5.25,0.06248338,0.008050869
1931,687995,5.668533,5.0625,0.08962365,0.010399414
1931,688025,4.768643,4.53125,0.13887835,0.017832981
1931,722045,4.90916,5.9375,0.05432343,0.011295177
1931,724828,5.514675,5.875,0.20583595,0.021695005
1931,724868,4.413704,5.15625,0.07038627,0.009595802
1931,724874,6.555333,7.71875,0.19008338,0.023495682
1931,749716,5.076682,4.625,0.12089469,0.016618486
1931,753554,6.263098,6.15625,0.094765596,0.0122528
1931,753555,5.241525,5.53125,0.07890914,0.011283934
1931,753570,5.182741,4.84375,0.078313775,0.012909796
1931,753586,5.535802,6.0625,0.025948513,0.007463024
1931,753612,6.015819,5.09375,1.7113171,0.17413704
1931,905935,6.406729,6.625,0.050766874,0.010555682
1931,905936,5.163716,5.5,0.10896632,0.011806562
1931,905937,5.581832,5.65625,0.1455644,0.01810058
1931,905946,6.289278,5.625,0.11811712,0.013826743
1931,905955,4.031422,5.1875,0.17067888,0.020312961
1931,905957,5.382636,5.125,0.25688568,0.029107979
1931,905970,6.851079,7.625,0.16059458,0.022075731
1931,905977,6.463178,6.71875,0.084932365,0.010211132
1931,905989,5.763567,5.625,0.105040886,0.015530485
1931,905991,4.888684,5.09375,0.078697994,0.012973133
1931,906693,5.584038,6.1875,0.13707475,0.015369782
1931,906793,5.229079,5.84375,0.10543828,0.011251883
1931,906797,5.699068,4.9375,0.17778711,0.022174725
1931,906801,5.026403,5.4375,0.07007196,0.00992943
1931,906813,5.630015,5.5,0.19682303,0.020886118
1931,906824,5.91672,5.625,0.108427174,0.016977087
1931,906825,5.455442,5.0625,0.086304925,0.018083848
1931,906826,6.743635,7.46875,0.2203374,0.026158612
1931,906835,7.83162,7.90625,0.11757184,0.014366421
1931,906851,5.983037,5.75,0.09434176,0.015105739
1931,906875,5.365179,4.65625,0.3500083,0.036568306
1931,906999,6.088337,5.96875,0.12064901,0.013721492
1931,907060,5.274187,4.96875,0.049537517,0.0069268867
1931,907068,4.498339,5.65625,0.067005046,0.009537924
1931,907175,4.744686,4.59375,0.1560906,0.015950134
1931,907270,4.352085,3.234375,2.424878,0.2555809
1931,907271,6.117908,6.09375,0.08646739,0.014004915
1931,907274,5.399458,5.21875,0.33683872,0.03489652
1931,907278,4.592764,4.4375,0.2864353,0.030567044
1931,907281,3.788104,3.5,0.6462512,0.067903675
1931,907317,5.119459,5.28125,0.19398999,0.024825463
1931,907789,2.359232,4.5,0.17067432,0.019202495
1931,908124,5.580735,4.9375,0.12266318,0.013426364
1931,908126,2.990432,4.59375,0.75678647,0.0792859
1931,908131,6.105672,5.65625,0.059641622,0.008001914
1931,908134,5.976186,5.8125,0.44820362,0.046485055
1931,908135,4.71343,4.59375,0.089987375,0.009876646
1931,908152,4.747873,5.25,0.1558686,0.020153167
1931,908156,3.091658,1.890625,10.221368,1.0459102
1931,908159,3.79532,3.25,0.61622363,0.06563362
1931,908443,5.375712,5.90625,0.12925369,0.014542277
1931,908445,5.698987,5.21875,0.14673539,0.018592676
1931,908449,8.072556,7.9375,0.22885069,0.03058491
1931,908451,4.419744,4.53125,0.1621869,0.01824758
1931,908459,6.528716,6.40625,0.1439146,0.016307108
1931,908461,6.148484,6.25,0.13981186,0.019550052
1931,908467,5.294739,4.75,0.2569943,0.031060854
1931,908471,4.366597,5.28125,0.19340618,0.021477321
1931,908475,5.964879,5.78125,0.2146004,0.030829849
1931,908483,4.793418,4.6875,0.09070197,0.011727389
1931,909249,3.801195,3.984375,0.34103814,0.034456026
1931,909250,5.848277,6.90625,0.15429282,0.015811263
1931,909253,4.746879,4.46875,1.1864482,0.120217934
1931,909263,6.909618,7.25,0.13465084,0.014738501
1931,909717,5.884733,5.9375,0.13981676,0.01602437
1931,909718,5.311962,4.84375,0.71423525,0.074076295
1931,909731,4.139124,4.65625,0.43015826,0.044149354
1931,909738,6.046683,6.71875,0.20276096,0.022447597
1931,909742,3.352866,3.484375,1.1373411,0.114837594
1931,909746,6.75964,6.28125,0.052913323,0.008377263
1931,909747,8.297374,7.875,0.19674142,0.023653558
1931,909755,6.546641,6.53125,0.05562276,0.0083063645
1931,909757,6.308325,5.9375,0.3390075,0.034740027
1931,909907,5.918259,6.78125,0.17377993,0.019239118
1931,909975,6.586582,6.46875,0.04156391,0.0075353216
1931,909976,5.213906,4.40625,0.3407208,0.03452384
1931,910698,4.685459,5.375,0.093621716,0.011087913
1931,910779,5.366818,5.65625,0.11574316,0.01512537
1931,910781,4.482682,5.65625,0.079631396,0.011039222
1931,910899,5.763363,5.34375,0.30954808,0.03303353
1931,910900,5.206081,5.21875,0.06836259,0.007295338
1931,910903,3.054548,4.5625,0.21181627,0.02269546
1931,910904,6.201666,5.65625,0.02677516,0.010518446
1931,910906,3.382106,3.859375,0.422702,0.046940107
1931,910910,5.508146,6.5,0.265672,0.0273855
1931,910916,5.619307,5.65625,0.037063804,0.007532429
1931,910919,3.205482,3.34375,1.1727645,0.1214985
1931,910926,3.100111,5.15625,0.06984619,0.007831645
1931,910927,5.708403,5.125,0.1828347,0.020954644
1931,910930,3.817677,3.421875,0.7476431,0.079060815
1931,910931,5.062291,4.78125,0.12969981,0.018057527
1931,924239,3.361149,3.921875,0.11749025,0.012291857
1931,924240,4.100623,4.6875,0.09504085,0.012162654
1931,925340,6.51797,6.34375,0.09312631,0.010760256
1931,925347,6.106063,6.5625,0.06995051,0.012113512
1931,930082,5.400977,5.90625,0.06597919,0.011425788
1931,946355,5.921915,6.34375,0.16955164,0.018948428
1931,946360,5.491035,6.15625,0.060499623,0.006697893
1931,1240121,5.258647,5.09375,0.21672268,0.030044053
1931,1240129,6.405714,6.53125,0.07738695,0.013752665
1931,1240147,3.612883,4.125,0.14890455,0.017278027
1931,1240151,6.789118,6.15625,0.24520753,0.02749439
1931,1240160,6.080092,6.25,0.11931866,0.014097491
1931,1240166,5.309113,4.625,0.31870773,0.038317155
1931,1240172,6.706856,6.28125,0.07683384,0.010838941
1931,1240174,5.917301,5.1875,0.06794876,0.012155335
1931,1240178,6.602838,6.03125,0.13742766,0.015261031
1931,1240179,4.445671,5.09375,0.055815812,0.01054581
1931,1240182,6.466889,6.34375,0.18744598,0.01934025
1931,1240184,5.598277,6.84375,0.10691095,0.01377528
1931,1240189,3.898826,3.953125,1.1083308,0.14870097
1931,1240190,5.776433,6.53125,0.07894521,0.014811643
1931,1240191,5.753431,4.8125,0.11367713,0.012663228
1931,1240192,4.989199,5.59375,0.078563996,0.009627097
1931,1240196,5.802415,6.125,0.08511463,0.011603727
1931,1240197,6.414536,6.53125,0.08213485,0.008857964
1931,1240198,5.304318,6.09375,0.09502645,0.013651656
1931,1240201,6.005827,5.59375,0.061576918,0.0150719825
1931,1240217,5.25451,5.65625,0.111126214,0.013946479
1931,1290722,5.25064,5.53125,0.12413613,0.014227215
1931,1290765,5.589891,5.59375,0.29009485,0.031285744
1931,1290769,6.158049,6.6875,0.21317922,0.024631739
1931,1290806,5.414026,5.84375,0.45979524,0.04667028
1931,1290807,6.032184,6.03125,0.08461228,0.016099913
1931,1290905,7.004923,7.0625,0.20339817,0.024518002
1931,1290922,5.351569,5.65625,0.19034196,0.02444128
1931,1297439,3.883855,5.15625,0.12846261,0.013354101
1931,1297447,4.15997,4.96875,0.099529915,0.011845327
1931,1297449,1.909179,3.46875,0.7181544,0.077812426
1931,1298146,5.527243,6.28125,0.12930304,0.013976968
1931,1298349,5.142177,5.0,0.12059643,0.01306669
1931,1298476,8.531256,9.8125,0.10787113,0.016529934
1931,1298526,7.377166,7.53125,0.03643213,0.010191692
1931,1299052,6.572042,6.4375,0.3170906,0.032320596
1931,1299062,7.173548,7.1875,0.2740994,0.0341874
1931,1299070,5.485499,5.5625,0.16206764,0.01843206
1931,1303896,1.963461,3.359375,1.0699269,0.11149454
1931,1323913,3.53055,2.265625,0.9332067,0.096477084
1931,1327766,3.108543,3.8125,0.27338675,0.028563008
1931,1327775,5.100675,4.96875,0.11332072,0.01913856
1931,1330947,2.909175,2.234375,1.1183726,0.15570603
1931,1330985,3.519057,3.796875,0.46955687,0.04926472
1931,1331035,4.136124,3.890625,0.30457115,0.030991988
1931,1503367,6.263254,5.84375,0.21576945,0.022981476
1931,1659817,4.068825,4.46875,0.14510043,0.01518044
1932,684072,1.022876,1.34375,0.41975117,0.042586327
1932,687455,4.263004,3.625,0.5033565,0.051401738
1932,687588,2.796386,4.0625,1.2204782,0.12516513
1932,687590,2.272107,4.09375,1.1362357,0.11652571
1932,687592,3.402938,4.34375,0.35291263,0.035744805
1932,687780,1.690497,2.921875,0.39753148,0.042776812
1932,687794,1.308827,2.890625,0.3050971,0.030649573
1932,687799,0.779619,1.1875,0.3840634,0.044194203
1932,687829,4.361273,4.40625,0.3152195,0.032026023
1932,687983,2.074292,2.859375,1.1074982,0.11196734
1932,687995,5.270223,3.5625,0.21683644,0.022540843
1932,687997,4.001081,3.921875,0.35153195,0.035473604
1932,688010,2.234123,2.34375,1.0051816,0.10067743
1932,688031,2.690921,1.90625,0.24165127,0.024727175
1932,717431,0.875418,2.3125,0.5308565,0.054109458
1932,722046,-0.178503,0.93359375,0.38038957,0.040843546
1932,724834,3.29611,4.25,0.17055264,0.021610534
1932,724859,3.321148,3.859375,0.32089445,0.03707767
1932,724868,1.775621,1.609375,0.18948397,0.027349018
1932,724873,2.441961,3.40625,0.77496105,0.08168051
1932,724874,4.217469,3.375,1.2748998,0.13019016
1932,724878,5.697764,4.40625,0.2876058,0.029592844
1932,735784,5.252456,4.15625,0.2648474,0.028628591
1932,749710,1.515028,3.15625,0.5422508,0.057439875
1932,749712,1.93565,2.390625,0.68064797,0.068612315
1932,749713,3.280548,3.765625,0.42040852,0.04248881
1932,749716,5.199591,4.5,0.6100012,0.061204717
1932,749717,4.689588,4.5625,1.6988833,0.17164288
1932,753540,2.216966,3.4375,0.46655676,0.04715281
1932,753541,3.490652,3.625,0.1779411,0.018148169
1932,753562,3.05271,3.515625,0.2613431,0.029952478
1932,753566,5.551283,5.3125,0.3916287,0.039258976
1932,753569,3.919486,4.46875,0.20771588,0.022735994
1932,753572,3.62133,3.984375,0.35886207,0.03938723
1932,753573,2.151937,2.234375,0.7123768,0.08301971
1932,753574,2.910389,3.578125,0.37665337,0.039201494
1932,905938,0.25902,1.875,0.28759947,0.031396523
1932,905942,3.116634,4.34375,0.16481617,0.018543396
1932,905948,1.860387,2.0625,0.67642003,0.070671275
1932,905950,3.901726,2.359375,0.41943315,0.044849057
1932,905954,2.699329,2.703125,0.2831619,0.028637355
1932,905956,2.193666,4.03125,0.2362781,0.024029996
1932,905976,3.324567,2.53125,0.4634462,0.047728233
1932,905981,3.127263,3.265625,0.10654835,0.010740543
1932,905984,2.991377,2.6875,0.18195575,0.021299668
1932,905989,2.249042,1.125,2.5301344,0.26333246
1932,905991,2.335595,2.8125,0.2695426,0.03819509
1932,906696,1.719262,2.359375,0.39448258,0.041645687
1932,906746,4.442961,3.890625,0.23168889,0.026553813
1932,906795,2.419826,3.609375,1.8287498,0.18726327
1932,906814,0.757876,1.078125,0.8520316,0.08994933
1932,906830,3.410819,3.953125,0.5539609,0.059002053
1932,906832,1.855308,2.15625,0.76680547,0.0781594
1932,906836,1.56793,1.09375,0.15901479,0.01687405
1932,906839,3.139595,3.71875,1.8679156,0.18807685
1932,906846,2.252871,2.484375,0.44281602,0.044816222
1932,906871,3.140515,2.234375,0.39660192,0.04035669
1932,906875,2.048413,1.734375,0.6528066,0.07126528
1932,907000,2.224042,2.015625,0.2979991,0.030537663
1932,907042,3.35048,3.421875,0.4415364,0.049677067
1932,907045,3.952183,4.0625,0.45512173,0.046028376
1932,907048,3.444312,4.03125,0.7653713,0.07772343
1932,907056,3.909903,3.171875,0.42972276,0.043163206
1932,907061,1.783812,2.90625,0.18917279,0.021768127
1932,907064,2.876605,3.828125,0.5985548,0.061879985
1932,907173,3.242852,4.40625,0.6478046,0.06528553
1932,907271,4.4315,4.46875,0.7797867,0.082322404
1932,907273,1.951714,2.5,0.24324168,0.02487253
1932,907275,0.597125,-0.026855469,1.0156791,0.110593975
1932,907281,0.694654,1.03125,0.7404818,0.075269856
1932,907282,5.186309,4.96875,0.57510066,0.057627067
1932,907285,3.053957,4.28125,0.49958977,0.05101708
1932,907291,2.567307,1.328125,0.42672816,0.04320436
1932,907311,2.253554,1.203125,0.75108594,0.08642751
1932,907312,2.383881,2.640625,0.21315849,0.027855648
1932,907322,1.941698,2.3125,0.28177217,0.028528199
1932,908127,4.335619,2.359375,0.16094086,0.017713802
1932,908150,4.58394,2.96875,0.47698158,0.052806467
1932,908152,3.768168,3.3125,0.7499447,0.07709796
1932,908158,1.912164,1.5,0.23914516,0.02462848
1932,908441,3.621202,2.078125,0.52551883,0.05297462
1932,908451,2.313754,1.953125,0.22712272,0.025466595
1932,908454,1.286424,2.375,0.31114492,0.031266324
1932,908455,3.124804,3.875,0.25868502,0.026550176
1932,908463,4.323167,5.5,0.5642306,0.05937613
1932,908480,3.401553,3.09375,0.8880958,0.08930064
1932,909255,1.406839,2.03125,0.25277224,0.025347514
1932,909703,0.635391,0.92578125,0.20056026,0.021783749
1932,909723,4.522427,3.46875,1.342997,0.13944581
1932,909735,4.860262,3.359375,0.26309958,0.039093267
1932,909736,2.26953,2.5,1.1151997,0.112136595
1932,909742,2.643751,1.625,0.54528135,0.054755736
1932,909743,2.557757,2.140625,0.30825245,0.03145804
1932,909744,2.74999,3.328125,0.13607572,0.013977518
1932,909747,5.382178,3.75,0.5725867,0.07482589
1932,909750,2.794069,3.03125,0.3447059,0.035323974
1932,909751,0.606149,2.0,1.8263611,0.18440808
1932,909776,3.498134,3.84375,1.2906041,0.1331616
1932,909905,4.289377,3.4375,0.9439199,0.096958205
1932,910700,3.118994,3.484375,1.4754193,0.1486923
1932,910701,5.117561,4.6875,0.34052777,0.036809236
1932,910704,2.197637,2.5,1.9794053,0.2108253
1932,910903,1.937066,3.015625,0.28916302,0.030858131
1932,910904,3.99267,4.46875,0.2208722,0.024310086
1932,910910,3.996965,3.3125,0.6989172,0.07021212
1932,910916,3.484899,3.546875,0.20330729,0.023394585
1932,910919,1.997009,1.890625,0.08630226,0.008857644
1932,910934,0.170625,0.2421875,0.66553676,0.06836306
1932,910935,1.313454,1.28125,0.08448463,0.009682765
1932,910941,1.630387,1.953125,0.61159575,0.063043356
1932,910947,3.587029,1.21875,0.12653585,0.013557926
1932,910952,2.553761,1.46875,0.45449775,0.04641238
1932,917486,2.022447,3.125,0.28505722,0.030673893
1932,924102,2.473848,3.5625,0.6250571,0.06410221
1932,924240,3.048256,3.296875,0.2814246,0.028324379
1932,924244,2.585089,2.390625,0.8791453,0.094812825
1932,925340,3.974075,2.296875,0.7435139,0.07862417
1932,925341,3.640487,3.5,0.4436954,0.045401517
1932,925348,4.034611,3.984375,0.7179356,0.07407496
1932,998189,3.6356,3.3125,0.7649055,0.0801365
1932,1240158,3.371466,3.390625,0.4818257,0.04900272
1932,1240159,2.676009,4.28125,0.8494766,0.08622383
1932,1240182,3.519605,5.53125,1.1977172,0.12012624
1932,1240196,4.59321,4.625,0.44245926,0.04507302
1932,1240212,3.085699,4.46875,0.07482176,0.011346077
1932,1240218,5.94562,5.65625,0.3030591,0.03077564
1932,1240223,7.050537,4.90625,0.8805529,0.08997938
1932,1290765,2.147498,3.140625,1.3419998,0.1347262
1932,1290806,1.810767,2.71875,1.9955006,0.20096672
1932,1290922,1.397014,3.171875,0.56056,0.06328953
1932,1295741,0.731276,1.078125,0.5040368,0.050848965
1932,1298215,2.231567,2.90625,0.09839635,0.015665904
1932,1298534,2.991883,3.75,2.1809204,0.21866176
1932,1299064,1.425503,1.796875,0.4570654,0.047629707
1932,1323913,0.308952,0.55078125,0.22325927,0.023295077
1932,1330942,4.940291,3.59375,0.14931987,0.015219964
1932,1330964,4.270158,2.546875,1.1571218,0.117199235
1932,1331038,3.745984,3.21875,0.18131806,0.018996065
1932,1480359,1.171876,1.484375,0.8911306,0.10385152
1932,1480371,2.983876,3.625,1.1201959,0.11845706
1932,1503364,2.513439,3.578125,1.1680504,0.11943829
1933,684072,3.468385,3.484375,0.28866276,0.029873565
1933,687505,2.996322,4.65625,0.43554226,0.045833766
1933,687563,2.978703,4.4375,1.0038922,0.10411782
1933,687592,5.55331,4.375,0.63499737,0.06539552
1933,687807,5.417374,6.90625,0.6431594,0.07021212
1933,687815,5.312401,4.0625,0.26912358,0.02915969
1933,687819,3.956568,5.96875,0.22343731,0.02262205
1933,687820,4.820997,7.21875,0.349439,0.040209968
1933,687821,6.945217,7.03125,0.54726267,0.06579555
1933,687829,5.00934,5.65625,0.20445272,0.02090619
1933,687985,4.606972,4.125,0.5447234,0.0554593
1933,688027,4.174877,4.125,1.398154,0.14760369
1933,688058,4.665659,5.84375,0.9340857,0.103728116
1933,722046,3.744709,3.203125,0.7146739,0.074569725
1933,724831,5.877539,5.59375,1.1543378,0.11739865
1933,724834,6.532707,5.9375,0.51308066,0.06729368
1933,724863,6.309284,6.0625,0.7435001,0.07950082
1933,749711,4.049606,4.0625,1.2489876,0.12554753
1933,749714,3.037437,5.78125,0.55051994,0.055716652
1933,749717,5.999659,6.03125,0.89652115,0.09095756
1933,753534,3.411083,4.6875,0.7531511,0.076196454
1933,753535,5.426845,5.0,0.4681019,0.04737534
1933,753539,4.59108,3.734375,0.40892917,0.042276047
1933,753566,5.606057,6.28125,0.36370918,0.036692232
1933,753574,6.065319,6.0,0.3256541,0.03574246
1933,753576,6.832272,6.71875,0.43807057,0.04433595
1933,753592,4.483699,4.9375,0.25676847,0.027152427
1933,753605,4.392272,3.546875,0.7641887,0.07843262
1933,753612,4.772112,4.375,1.9504329,0.19565785
1933,905944,5.6934,4.4375,1.567268,0.16692878
1933,905956,5.753177,5.46875,0.46382636,0.04852562
1933,905959,6.822158,7.53125,0.8024291,0.09573723
1933,905960,5.571154,4.78125,0.8818243,0.09057983
1933,905970,6.925344,7.15625,0.5943538,0.06439856
1933,905973,5.125976,4.5625,0.8052401,0.08999048
1933,905977,4.799569,5.53125,0.7042018,0.07514915
1933,905983,5.545757,5.5,0.3688106,0.03853274
1933,905990,4.945997,5.5,0.61617917,0.06660569
1933,906696,3.055478,4.71875,0.70807177,0.074078634
1933,906792,2.217084,3.65625,1.3095034,0.1489307
1933,906808,3.538276,4.71875,0.4760955,0.047834724
1933,906817,6.769597,6.75,0.17676464,0.019569553
1933,906820,4.638122,4.375,0.6315189,0.06440846
1933,906821,5.726938,5.65625,0.2406043,0.025359571
1933,906830,6.426247,6.15625,0.18857546,0.020010917
1933,906837,3.994091,4.15625,0.6338889,0.06751513
1933,906855,2.990286,2.96875,1.0554912,0.10785547
1933,906863,2.29259,5.125,0.18051727,0.020381141
1933,906865,4.155524,4.09375,0.61378133,0.066665545
1933,907046,3.779579,4.15625,0.63352865,0.06563362
1933,907055,2.988208,3.375,0.875811,0.093840435
1933,907066,6.494206,5.8125,0.42993876,0.04616379
1933,907068,4.425964,5.46875,0.14274116,0.015542617
1933,907169,2.679411,3.84375,0.9265365,0.09550748
1933,907173,6.250143,6.125,1.2294129,0.12421098
1933,907175,3.409012,3.03125,0.88287723,0.088934384
1933,907176,4.630978,4.1875,0.5040735,0.051320657
1933,907276,6.948545,6.0,0.6550463,0.06862693
1933,907281,2.815833,2.734375,0.89286333,0.090398505
1933,907289,2.305995,4.375,1.0203397,0.10319125
1933,907299,2.174828,3.765625,1.0108973,0.10351548
1933,907311,4.997993,3.171875,2.4777813,0.25319234
1933,907314,5.237121,3.734375,0.48962495,0.049299404
1933,907318,2.579268,4.71875,0.22755685,0.023319045
1933,907783,4.522192,2.546875,1.0777287,0.10978749
1933,907790,5.920122,4.71875,1.5432116,0.15703128
1933,907794,2.42738,4.65625,2.0117059,0.2091233
1933,908121,2.638377,5.0,0.90952873,0.09350398
1933,908130,3.617367,5.25,0.36162788,0.03711573
1933,908131,5.808742,5.3125,0.71135116,0.073130354
1933,908132,1.760631,2.75,3.0289702,0.30951563
1933,908134,4.421274,5.40625,0.2332887,0.023838628
1933,908150,5.756229,4.9375,0.82921326,0.08984572
1933,908447,4.473872,3.609375,0.5501138,0.057054583
1933,908461,5.263496,5.40625,1.1994331,0.12705427
1933,908463,4.689503,7.4375,0.90737945,0.09763956
1933,908472,5.065443,5.5,0.4501463,0.048333533
1933,908473,7.032993,6.46875,0.22708839,0.024605151
1933,908480,2.063755,4.03125,0.5835245,0.06588232
1933,908483,3.551723,3.765625,1.4773092,0.14935498
1933,909250,3.2677,5.53125,0.8160795,0.082399726
1933,909255,2.345015,3.703125,0.9682063,0.097125694
1933,909263,5.531455,5.75,0.4926974,0.050380472
1933,909696,4.461746,3.125,0.34965268,0.03537443
1933,909702,2.329446,2.3125,0.73342437,0.07598282
1933,909707,5.427463,5.4375,0.4895458,0.053730544
1933,909712,5.199474,3.859375,0.7607054,0.07672191
1933,909725,6.25109,5.5,0.55183107,0.055528842
1933,909726,3.261022,5.03125,1.6848391,0.16925628
1933,909728,5.448185,5.53125,0.64239323,0.06685928
1933,909735,4.723975,4.5,1.0417328,0.109976165
1933,909745,6.39953,5.21875,1.6273204,0.17179689
1933,909746,6.562252,6.09375,0.25677413,0.027821617
1933,909757,6.389221,5.34375,1.7978089,0.18175729
1933,909774,4.236856,5.3125,0.42591366,0.042763676
1933,909777,1.646467,2.859375,0.97301257,0.09803656
1933,909785,2.258988,1.71875,1.9977343,0.20362625
1933,909974,6.788578,5.65625,0.56713337,0.05875506
1933,910554,3.730929,4.46875,0.52902305,0.05429636
1933,910567,4.045697,2.96875,1.2201065,0.12343841
1933,910691,4.925812,5.15625,0.5939055,0.059812173
1933,910702,8.548861,9.0,0.24215387,0.025651023
1933,910907,6.267416,5.90625,0.29115212,0.030460404
1933,910911,4.827356,5.15625,0.32036513,0.039146278
1933,910921,3.386366,3.796875,4.142143,0.4345832
1933,910924,4.901661,4.71875,0.6929056,0.07123406
1933,910926,2.591777,4.125,0.45565853,0.04605137
1933,910931,4.697927,3.5,1.1503441,0.12087032
1933,910947,2.416579,2.203125,0.35817143,0.03648668
1933,924110,5.377819,3.984375,1.2035737,0.121600375
1933,924151,3.259362,5.28125,0.2637784,0.027165344
1933,925347,5.98959,6.84375,0.30917916,0.03422912
1933,930082,3.958006,5.1875,0.37509218,0.041918837
1933,946359,3.823217,6.1875,0.30204663,0.032052048
1933,998184,1.953577,2.46875,1.1460246,0.1241724
1933,1240122,6.343561,6.03125,0.17325933,0.017768467
1933,1240127,5.3586,5.65625,0.36714926,0.038259756
1933,1240143,5.100398,4.78125,0.61595196,0.06979415
1933,1240144,5.118463,5.625,0.8192526,0.08308152
1933,1240146,3.346536,5.53125,1.4186815,0.1444386
1933,1240150,5.389737,4.53125,0.7849097,0.08122992
1933,1240184,5.081316,5.90625,0.39847562,0.04361601
1933,1240189,4.127982,2.828125,0.43774936,0.04754592
1933,1240191,4.248136,3.984375,0.4748099,0.048425745
1933,1240196,5.841622,5.625,0.35970655,0.039167266
1933,1240201,4.102852,4.875,0.81288433,0.08829102
1933,1240212,4.422907,5.875,0.24403583,0.025680818
1933,1240217,4.891703,4.65625,0.84341973,0.09309824
1933,1240221,3.174597,4.34375,0.49473605,0.05095063
1933,1290725,3.786426,3.375,0.36511004,0.038306426
1933,1290730,2.406467,5.0,0.24781762,0.040138423
1933,1290806,5.232384,4.25,2.149406,0.21709219
1933,1298136,4.507084,4.84375,1.1503823,0.11580544
1933,1298145,4.229572,4.75,0.84619707,0.08620151
1933,1298146,5.839557,6.09375,0.5500993,0.05586257
1933,1298362,2.811808,4.71875,0.5706677,0.059322737
1933,1298534,4.79967,6.21875,1.8929327,0.18967839
1933,1298537,5.214675,5.625,0.5031713,0.054390132
1933,1298539,6.185959,6.8125,0.47129878,0.05217733
1933,1299075,6.236543,5.65625,0.22957242,0.023141913
1933,1330975,2.238423,4.875,0.12623109,0.0127278725
1933,1330982,1.762766,1.78125,1.0327783,0.10748995
1933,1331036,1.126877,1.328125,0.64893496,0.06683088
1933,1331048,3.384508,2.484375,0.7553537,0.07686189
1933,1479995,5.069096,4.59375,0.30376264,0.033249
1933,1480371,3.013008,4.65625,0.8321007,0.1041048
1933,1503364,3.026603,4.875,0.7393515,0.07628461
1933,1503365,7.616465,7.46875,0.91273266,0.09740259
1933,1503366,4.653159,5.15625,0.4999694,0.050219085
1933,1660034,4.685249,4.53125,0.7429343,0.076313235
1936,684052,2.709134,1.96875,0.060170725,0.012415461
1936,687455,3.237439,2.03125,0.64143103,0.07040084
1936,687562,1.397797,2.125,0.10922193,0.016228996
1936,687568,2.969653,2.21875,1.3204408,0.15457027
1936,687590,2.324788,2.625,0.40553722,0.046297535
1936,687777,4.170283,4.1875,1.7031766,0.18106431
1936,687780,2.925258,2.265625,0.21649052,0.031851634
1936,687787,3.469224,2.328125,0.36899748,0.042635724
1936,687800,2.504369,3.375,0.3536629,0.04621683
1936,687980,1.971568,2.78125,0.53425586,0.05528988
1936,688018,3.903651,3.03125,0.8204899,0.09297055
1936,688023,1.493509,2.5,0.3185941,0.035844885
1936,688031,2.4184,1.828125,0.37224507,0.04217947
1936,688121,2.227403,3.40625,0.4653559,0.0656477
1936,713899,2.586466,2.53125,0.072833434,0.01639322
1936,724838,3.168467,3.421875,0.18613388,0.022320455
1936,724855,4.303555,3.234375,0.5131158,0.05793289
1936,724859,4.028124,3.078125,0.22843613,0.037434544
1936,724878,3.312097,3.875,0.20894618,0.02342851
1936,749709,1.689999,2.390625,0.16177264,0.023459764
1936,749710,2.671761,3.140625,0.67307717,0.0740816
1936,753555,1.540848,2.1875,0.06663064,0.009484628
1936,753556,2.465658,2.796875,0.34601042,0.04138644
1936,753566,2.725748,3.203125,0.4129484,0.04485218
1936,753612,3.396341,2.859375,0.5784188,0.060352743
1936,753618,1.78343,1.609375,0.20535532,0.024262715
1936,753621,2.909569,2.734375,0.2246681,0.050158005
1936,753623,3.792449,3.0,0.10130144,0.015441749
1936,905950,3.752806,3.0625,0.47242963,0.060458187
1936,905957,3.520403,3.390625,0.85076165,0.097125895
1936,905959,3.871922,4.78125,0.20530035,0.022532925
1936,905972,3.569519,3.0,0.13153681,0.017859712
1936,905974,3.019974,3.078125,0.07355868,0.010028299
1936,905981,3.601392,3.453125,0.12679204,0.013082115
1936,905983,2.728644,2.609375,0.4049608,0.06172966
1936,905985,3.119522,3.90625,0.18169978,0.019888345
1936,905989,1.212644,1.671875,1.1406817,0.14360918
1936,906746,1.632206,3.359375,0.14502019,0.020457981
1936,906792,1.460335,2.234375,0.27046958,0.033237785
1936,906804,2.962725,1.78125,0.26641175,0.028605413
1936,906818,3.040848,2.5625,0.0722153,0.027803052
1936,906826,2.670248,3.21875,1.393877,0.15577425
1936,906827,3.604209,2.03125,0.09616102,0.036651786
1936,906828,3.22894,2.84375,0.065240644,0.010506066
1936,906842,0.794069,1.109375,0.10299129,0.012227199
1936,906852,4.073435,4.5625,0.30758747,0.034264155
1936,906868,3.048681,3.484375,0.13079643,0.014665814
1936,906875,0.823453,2.625,0.17725863,0.020657552
1936,907060,2.813176,2.234375,0.05051429,0.011369667
1936,907063,3.406493,3.3125,0.3705502,0.047581315
1936,907064,1.794994,2.46875,0.23089266,0.032146156
1936,907069,4.049365,3.0625,0.21581574,0.026445687
1936,907072,1.85334,2.109375,0.1700688,0.018113928
1936,907073,2.325076,1.609375,0.40245768,0.042785186
1936,907171,2.968266,2.546875,0.043191347,0.012538412
1936,907175,2.640008,2.09375,0.23902664,0.026626717
1936,907269,1.439727,1.9375,0.27339175,0.029418621
1936,907277,0.784708,1.078125,0.07803894,0.009483073
1936,907287,3.15999,3.421875,0.64458483,0.06840091
1936,907311,2.695408,0.83203125,0.2262129,0.03522651
1936,907321,2.817712,3.0,0.32231733,0.041247882
1936,908123,3.209852,2.515625,0.3590557,0.0390964
1936,908126,1.677575,1.875,0.0985519,0.019299481
1936,908127,1.22553,1.859375,0.117912844,0.013866127
1936,908128,3.813207,4.21875,0.18612455,0.02086959
1936,908133,3.108985,2.78125,0.21034348,0.021682229
1936,908148,0.796823,2.4375,0.49102333,0.049817324
1936,908441,3.120433,2.59375,0.43385556,0.047618214
1936,908442,3.45817,3.171875,0.26092508,0.028638069
1936,908455,3.315013,2.984375,0.2967682,0.039211813
1936,908467,0.872694,1.9375,0.172782,0.0269061
1936,908471,2.993916,1.84375,0.29807413,0.03999159
1936,908480,3.346895,3.984375,0.18651687,0.025856651
1936,909260,1.953254,1.84375,0.24092267,0.025476785
1936,909263,4.304244,3.484375,0.33890873,0.036810398
1936,909264,3.540359,3.984375,0.14508794,0.01896016
1936,909698,2.873091,3.0625,0.099684455,0.012016154
1936,909709,3.491435,2.734375,0.16304255,0.020094253
1936,909713,2.836714,2.984375,0.050516885,0.013625771
1936,909717,3.729544,3.625,0.1005783,0.014870684
1936,909727,3.705208,3.703125,0.36878505,0.044337783
1936,909732,2.890399,2.859375,0.2636042,0.030720185
1936,909735,3.01914,2.6875,0.09758683,0.016792554
1936,909738,4.892204,4.5625,0.34384185,0.03716747
1936,909753,4.305348,4.40625,0.4700408,0.05203806
1936,910079,3.021701,2.703125,0.25818592,0.027011473
1936,910549,1.401942,3.234375,0.28283486,0.029333975
1936,910697,3.527261,3.4375,0.074224085,0.012458947
1936,910698,1.471607,2.59375,0.1958578,0.030172657
1936,910706,0.966174,1.03125,0.12475583,0.01660907
1936,910710,1.775114,0.98046875,0.1190222,0.016643008
1936,910780,2.37686,2.3125,0.11270024,0.012724321
1936,910851,1.591701,3.03125,0.2579423,0.028922297
1936,910852,3.030925,3.609375,0.106423914,0.014278535
1936,910905,3.453731,3.5,0.4163398,0.044102296
1936,910907,3.942326,3.125,0.15013097,0.02417643
1936,910911,2.65229,3.328125,0.0820917,0.014037627
1936,910915,4.686328,4.125,0.4669612,0.05466229
1936,910918,1.819365,1.859375,0.15695761,0.018588983
1936,910921,2.501995,2.765625,0.12588724,0.020508718
1936,910927,1.874298,2.203125,0.07083757,0.010422131
1936,910930,1.822545,1.109375,0.12849578,0.01710698
1936,910935,0.972797,1.046875,0.05383635,0.008476091
1936,910941,1.740804,2.015625,0.40773985,0.048647143
1936,924104,2.781085,3.0,0.16659924,0.03125723
1936,924105,1.837742,2.515625,0.15821403,0.021063449
1936,924187,3.275064,3.9375,0.29573932,0.035284445
1936,924244,1.403904,2.6875,0.83856374,0.09573334
1936,925338,3.413501,2.640625,0.06578398,0.008255972
1936,925340,-4.723908,3.796875,0.13509834,0.021881552
1936,925341,3.582799,2.578125,0.09945522,0.021001643
1936,946355,2.444372,3.578125,0.35731962,0.03785037
1936,946360,2.131623,2.515625,0.19770327,0.027889978
1936,949179,2.25084,2.390625,1.0010574,0.11772075
1936,998184,0.9926,1.28125,0.22660606,0.040008005
1936,1240122,3.24858,3.484375,0.34871164,0.037442196
1936,1240146,4.409561,3.265625,3.0169218,0.34442222
1936,1240150,2.936097,2.75,0.14818701,0.0186564
1936,1240157,3.591019,2.8125,0.23048891,0.025758542
1936,1240158,2.013903,2.578125,0.3195253,0.036620725
1936,1240160,3.788385,3.03125,0.15804762,0.020091617
1936,1240189,2.396833,2.171875,0.22790837,0.029166097
1936,1240191,3.396591,3.484375,0.19342065,0.02060112
1936,1240198,2.231776,3.34375,0.39800665,0.046383318
1936,1240217,1.757894,2.734375,0.18757913,0.03148625
1936,1240221,1.883455,2.046875,0.22746244,0.028728554
1936,1290765,3.481298,3.171875,0.75270635,0.078748316
1936,1290922,1.913473,3.234375,0.4768119,0.05703165
1936,1297446,1.904591,1.65625,0.106866114,0.01298607
1936,1298144,3.686406,4.09375,0.19936176,0.02145254
1936,1298145,3.609469,2.921875,0.5868795,0.065587364
1936,1298151,2.761295,2.09375,0.35263932,0.040415917
1936,1298348,2.911571,3.0625,0.23933081,0.029411167
1936,1298349,2.103947,3.015625,0.19110338,0.019320427
1936,1298353,3.185804,3.296875,0.29420877,0.030867644
1936,1298362,3.146353,2.828125,0.11524179,0.016257146
1936,1298476,6.419762,5.90625,0.17873709,0.028783035
1936,1298537,2.262101,2.328125,0.318794,0.03873895
1936,1299075,3.780815,3.640625,0.11012866,0.011665776
1936,1303896,1.379699,1.796875,0.18194593,0.019969642
1936,1327775,2.484226,2.546875,0.37889504,0.04342508
1936,1330931,0.988895,0.40625,0.19537403,0.025173586
1936,1330935,2.138984,2.265625,0.38566798,0.040293973
1936,1330950,2.378828,1.984375,0.11176319,0.012574428
1936,1330994,1.590382,2.203125,0.20662928,0.021479776
1936,1331048,2.588992,2.15625,0.26766887,0.02862124
1936,1480360,3.218174,2.953125,0.088934824,0.010558405
1936,1503364,1.851587,2.703125,0.49010244,0.053942658
1936,1503365,5.274436,5.65625,0.26860073,0.028840452
1936,1660035,2.544757,3.75,0.21364099,0.023322659
1936,1660036,2.762967,3.296875,0.22265865,0.029873352
1936,1674021,3.162293,3.46875,0.07591016,0.016947228
1939,683667,2.411559,2.953125,0.13949575,0.014751219
1939,684052,1.063971,2.515625,1.2475315,0.1263071
1939,687455,5.511187,3.015625,1.097979,0.110485815
1939,687459,3.656746,3.671875,1.3370835,0.13951251
1939,687505,1.7091,2.0,1.0874027,0.11408756
1939,687586,4.322511,3.84375,0.5298358,0.054254983
1939,687590,4.333694,3.984375,1.5282422,0.15397911
1939,687799,3.015986,2.21875,0.9661481,0.09886194
1939,687807,4.21919,5.09375,1.2712177,0.1324706
1939,687820,4.070048,5.84375,0.92837054,0.1003519
1939,687985,2.457174,3.640625,0.17838128,0.018204318
1939,688031,2.729732,2.234375,0.0902264,0.009494867
1939,688058,4.514122,4.53125,1.0043192,0.10119088
1939,724828,3.150297,4.15625,1.1662841,0.11686568
1939,724866,3.229663,4.125,1.8208723,0.18673804
1939,724872,1.215431,1.65625,0.07233878,0.009902622
1939,724873,2.193819,3.375,1.6448207,0.16666295
1939,724878,6.015728,3.8125,0.6373147,0.06405234
1939,749711,1.682076,3.28125,3.3492808,0.3354588
1939,749717,2.179616,3.65625,2.0735712,0.20887591
1939,753566,5.421903,3.484375,1.4231516,0.14285603
1939,753573,0.812939,3.34375,1.1293539,0.11548139
1939,753574,2.67816,4.25,1.4592999,0.14730228
1939,753612,5.235279,3.453125,0.2375574,0.02402518
1939,905937,2.287132,2.875,0.22385351,0.023387855
1939,905945,2.272791,2.015625,0.83233017,0.08361457
1939,905951,1.90112,2.9375,2.2840927,0.22984032
1939,906696,2.220487,3.296875,0.5709329,0.057399277
1939,906792,2.223141,2.453125,1.1807828,0.12074023
1939,906800,3.104053,2.0,0.107520916,0.011218831
1939,906851,2.275086,2.59375,1.66019,0.17682587
1939,906864,1.71831,3.359375,0.5398874,0.054278087
1939,906870,1.935534,1.640625,0.19982672,0.020702064
1939,907048,3.986003,3.28125,0.71930116,0.072672985
1939,907065,1.82796,3.6875,0.9588111,0.09665238
1939,907069,3.04242,2.859375,1.0408217,0.106579736
1939,907071,4.646385,2.90625,1.9269613,0.19550201
1939,907072,1.990204,2.53125,0.5151227,0.05169053
1939,907173,4.48495,4.125,1.1845158,0.11869257
1939,907276,4.563847,3.421875,1.8366543,0.18807268
1939,907295,2.192818,1.765625,0.7141603,0.07906444
1939,907299,2.701821,2.796875,0.7956849,0.07993324
1939,907317,2.03304,2.515625,0.6487077,0.06706491
1939,907319,2.320222,3.09375,0.31469196,0.031956956
1939,907320,2.411342,3.328125,1.4550515,0.14679061
1939,907783,2.969514,2.015625,0.2363736,0.02409323
1939,908120,0.985296,4.46875,3.4136896,0.34364563
1939,908123,1.824781,1.703125,0.26019892,0.02726014
1939,908128,2.587039,4.90625,1.115224,0.11309638
1939,908132,1.267472,1.8125,0.28107193,0.029087996
1939,908443,3.357434,3.703125,1.1586592,0.116506584
1939,908465,2.291425,3.390625,1.0115871,0.102880605
1939,908471,1.528912,3.234375,0.33779532,0.033972234
1939,909262,2.117171,2.390625,0.44303662,0.0450817
1939,909263,1.538848,2.640625,0.7928551,0.079577565
1939,909696,2.798309,3.203125,0.12146401,0.012889301
1939,909709,3.620596,4.1875,0.57308924,0.057799645
1939,909719,3.537975,3.328125,1.4098436,0.14469951
1939,909720,3.863182,2.125,0.6926568,0.07209064
1939,909747,3.359891,3.359375,1.0221827,0.115005344
1939,909750,2.069913,2.8125,0.6958833,0.072339304
1939,909755,3.115643,3.09375,1.2371987,0.12765135
1939,909974,6.198884,4.0625,1.004831,0.10162278
1939,910548,4.249915,3.4375,0.94985944,0.097127296
1939,910704,2.836762,2.1875,2.2766838,0.23033254
1939,910780,1.222786,2.8125,0.22046953,0.024981627
1939,910903,4.303638,2.21875,1.0449971,0.10627847
1939,910911,1.767213,3.84375,1.5916324,0.15984868
1939,910916,3.38953,2.03125,1.4463933,0.15749304
1939,910934,2.834238,2.515625,0.11791769,0.011968918
1939,910935,1.604728,2.046875,0.07998185,0.00831437
1939,910937,2.269146,1.8125,0.6574877,0.06977011
1939,910951,2.222939,1.625,0.33097228,0.03414897
1939,917486,1.552476,3.671875,0.97601455,0.09799632
1939,924106,2.068133,3.734375,1.2841821,0.13190949
1939,924239,2.358322,2.765625,0.118709706,0.012340256
1939,925340,4.820704,3.890625,0.8036997,0.08052357
1939,930083,2.981896,5.65625,1.8002915,0.18692754
1939,949090,1.574844,2.953125,1.102758,0.11070822
1939,998184,2.461772,1.3125,0.12868677,0.014807996
1939,998189,4.484845,4.25,0.95712686,0.09658507
1939,1240127,5.750148,3.78125,1.2849149,0.12962663
1939,1240128,3.15163,2.375,0.56365645,0.05759729
1939,1240129,2.686096,4.21875,1.2920499,0.1302773
1939,1240145,1.784634,3.0625,0.4902009,0.04957608
1939,1240155,3.435847,3.71875,0.6831284,0.06839203
1939,1240183,1.3669,3.328125,1.0850638,0.1275996
1939,1240185,4.431747,4.28125,1.165606,0.1166376
1939,1240212,4.92915,3.640625,0.4585418,0.047972754
1939,1240221,1.484776,1.765625,0.15653308,0.018407727
1939,1290730,3.603801,2.46875,1.3194366,0.15626499
1939,1290797,2.326583,2.96875,0.9549241,0.096072294
1939,1290807,3.448961,3.25,1.9969027,0.21689257
1939,1290908,2.282378,1.28125,1.2243831,0.1301639
1939,1295740,2.749715,1.71875,0.21368676,0.02232565
1939,1295741,0.008353,2.09375,0.26169178,0.02635496
1939,1298146,5.699332,3.71875,0.7134498,0.07140549
1939,1298157,2.510276,3.671875,1.4991261,0.16453795
1939,1298219,3.958813,4.15625,0.5089627,0.052156303
1939,1298358,2.931947,3.25,0.9479246,0.09490235
1939,1298539,2.524838,4.875,0.7881654,0.079393834
1939,1330942,2.97328,3.140625,0.06178955,0.006492425
1939,1330972,1.28283,1.5625,0.34618232,0.037092365
1939,1331050,2.392535,2.140625,0.12084597,0.012847109
1939,1480372,3.43354,4.09375,0.8823379,0.088678025
1939,1659818,1.640756,1.96875,0.32404083,0.03426626
1939,1660034,4.701179,3.765625,0.77692336,0.07777183
1940,687452,3.463396,3.9375,0.21742071,0.022202557
1940,687561,3.680771,3.5,0.4025146,0.04242483
1940,687562,2.433856,3.859375,0.14589086,0.015202941
1940,687586,4.682179,3.796875,0.45481288,0.046926558
1940,687799,3.469084,2.515625,0.36190864,0.036806893
1940,687800,2.681185,3.25,0.33579284,0.03765145
1940,687802,2.832906,3.8125,0.7287959,0.07352343
1940,687815,4.713599,3.171875,0.45514688,0.04626561
1940,687819,2.992021,4.46875,0.15779722,0.0160243
1940,688010,2.418645,3.28125,0.5278552,0.055381235
1940,688058,4.096903,4.65625,0.34957469,0.03702996
1940,724825,4.179962,3.640625,0.15672629,0.016292201
1940,724828,4.411536,4.71875,0.30014816,0.030241637
1940,724831,5.121357,5.15625,0.25559238,0.02702806
1940,724859,5.375886,4.6875,0.46250203,0.052800834
1940,724869,3.163874,4.15625,0.4060989,0.043336987
1940,724872,3.446419,3.46875,0.09657307,0.011833897
1940,724873,3.696682,4.03125,0.36009175,0.03783598
1940,724874,2.358157,4.15625,0.26453945,0.027467614
1940,749709,2.947551,3.46875,0.45101237,0.045629013
1940,749715,1.781575,4.28125,0.28959033,0.029164618
1940,753539,3.432955,3.234375,0.096857615,0.0101332655
1940,753551,4.909483,4.78125,0.14632136,0.014866122
1940,753569,4.69492,4.4375,0.22755322,0.02419113
1940,753574,3.956991,4.46875,0.23540758,0.024180757
1940,753600,3.122858,3.515625,0.23831318,0.027422713
1940,753608,3.39214,3.671875,0.3889015,0.039552122
1940,753622,3.268696,3.703125,0.33191815,0.035963513
1940,905934,3.561714,4.125,0.38131866,0.042614684
1940,905950,4.517138,2.890625,0.5353446,0.0547796
1940,905959,5.738262,3.71875,0.3367375,0.036760803
1940,905965,3.128394,3.078125,0.11135059,0.011837656
1940,905972,3.085528,3.984375,0.29974988,0.032401364
1940,905976,3.623199,4.625,0.21137743,0.021349331
1940,905981,1.973918,2.21875,0.24250527,0.024718221
1940,905983,3.1315,3.828125,0.48349288,0.05251433
1940,905986,5.16668,4.03125,0.17742208,0.01808438
1940,905991,3.292274,3.578125,0.23350382,0.025182592
1940,906790,3.340088,3.0625,0.26162118,0.027297791
1940,906791,3.201756,3.640625,0.43556345,0.044569403
1940,906792,3.812247,3.640625,0.45370004,0.04915865
1940,906794,3.692521,3.5625,0.23923534,0.025530085
1940,906797,3.821401,3.703125,0.39318973,0.04032325
1940,906808,4.983746,5.0625,0.291215,0.029259237
1940,906813,3.133867,4.84375,0.2499844,0.025480557
1940,906814,3.076196,3.828125,0.47431058,0.048213594
1940,906818,5.434208,4.6875,0.18707752,0.02189922
1940,906826,5.019426,4.09375,0.8580471,0.08821142
1940,906831,3.701184,3.640625,0.19074629,0.019491429
1940,906837,3.005272,3.25,0.11926391,0.013960986
1940,906855,3.394798,3.875,0.20530342,0.020993175
1940,906872,3.891943,4.59375,0.40376884,0.04470111
1940,907045,4.245009,4.125,0.59091026,0.059438825
1940,907055,2.871598,3.625,0.2716845,0.028635407
1940,907060,3.494657,3.359375,0.27328426,0.028591063
1940,907061,5.102042,3.625,0.41063023,0.042686332
1940,907065,3.085089,3.28125,0.16385028,0.016743058
1940,907068,3.045393,3.359375,0.2593971,0.02738466
1940,907173,3.253679,4.03125,0.26569015,0.026811182
1940,907273,2.994483,4.25,0.2357651,0.024258759
1940,907274,4.639652,4.59375,0.29446062,0.029568972
1940,907285,3.943327,3.984375,0.19620052,0.02047174
1940,907295,3.311417,3.046875,0.1912211,0.024471119
1940,907318,3.900834,3.546875,0.15383933,0.017431693
1940,907320,4.090042,3.734375,0.32155186,0.032555718
1940,907322,3.199017,3.671875,0.23211242,0.023718432
1940,907799,3.854513,3.296875,0.08361385,0.00899736
1940,908121,4.375529,4.53125,0.26551846,0.027003802
1940,908126,3.413821,4.3125,0.40532413,0.0426538
1940,908152,3.902845,3.515625,1.0048317,0.102970816
1940,908158,3.238522,3.390625,0.14481091,0.01505356
1940,908159,3.45303,3.34375,0.15717517,0.01630129
1940,908445,3.335483,3.84375,0.32358247,0.034160733
1940,908454,3.719859,3.71875,0.37667903,0.037943806
1940,908458,4.855905,2.96875,0.80590135,0.080887
1940,908465,5.352293,3.90625,0.1450277,0.014922446
1940,908467,3.345072,3.0,0.3009241,0.03538759
1940,908468,4.709161,4.9375,0.23578402,0.02407778
1940,908469,3.742045,4.8125,0.2315341,0.023250055
1940,908475,3.040558,3.546875,0.35835978,0.036669474
1940,909262,2.27652,3.9375,0.26852936,0.0274973
1940,909263,3.694004,4.0625,0.18456654,0.018717144
1940,909264,5.911707,4.90625,0.26646242,0.027265998
1940,909696,3.88136,3.78125,0.09154523,0.010491979
1940,909698,3.685527,4.46875,0.2524266,0.02595068
1940,909699,5.940384,4.96875,0.40192,0.040834717
1940,909702,3.056804,3.015625,0.1313187,0.013757807
1940,909704,4.70474,3.828125,0.39759693,0.04022496
1940,909706,4.301805,3.890625,0.4033346,0.04080544
1940,909712,3.047256,3.40625,0.35629013,0.036628358
1940,909717,4.529893,4.28125,0.21265551,0.021941314
1940,909731,4.254582,3.375,0.112691544,0.011409526
1940,909745,3.447621,3.4375,0.63675773,0.06867215
1940,909748,5.605002,4.125,0.19021899,0.019043949
1940,909750,3.225125,4.09375,0.4466378,0.046429437
1940,909774,3.884196,3.671875,0.38990787,0.03922028
1940,909784,5.184706,4.71875,0.688018,0.07120264
1940,910549,4.34303,3.921875,0.5164073,0.052030973
1940,910567,2.627742,4.125,0.38118088,0.038304098
1940,910697,3.595021,3.65625,0.76452607,0.08264119
1940,910698,1.915636,3.734375,0.4460236,0.051118672
1940,910702,7.807659,6.03125,0.25739568,0.02809925
1940,910710,2.16495,2.640625,0.25100392,0.027262662
1940,910852,4.492348,3.828125,0.25107282,0.026793323
1940,910861,3.257199,3.609375,0.33537766,0.035239197
1940,910903,2.410017,3.109375,0.32000056,0.037131026
1940,910907,5.310498,3.984375,0.25238857,0.029679988
1940,910911,3.474572,3.296875,0.19142409,0.020897295
1940,910916,3.041256,3.828125,0.34671828,0.03714979
1940,910919,4.145978,3.59375,0.11394714,0.01172445
1940,910925,3.37475,3.328125,0.77936196,0.083335444
1940,910930,2.352184,3.171875,0.124462955,0.013256475
1940,910934,4.03653,3.3125,0.24043648,0.025816372
1940,911905,5.697065,4.84375,0.42559046,0.043954317
1940,924104,3.255433,3.578125,0.32238182,0.04084864
1940,924239,2.130017,3.515625,0.22450203,0.023823308
1940,925341,4.296268,4.4375,0.61726874,0.063814685
1940,925348,4.010986,4.40625,0.33734033,0.03534198
1940,1240127,3.308066,4.8125,0.31173715,0.03147617
1940,1240142,4.695894,4.125,0.28978643,0.029297214
1940,1240145,3.889649,3.921875,0.262944,0.027241021
1940,1240150,4.078684,3.78125,0.6853643,0.07247504
1940,1240157,3.408934,4.375,0.3014923,0.030250354
1940,1240160,5.765505,4.78125,0.16794449,0.017150147
1940,1240178,2.934931,3.890625,0.30996147,0.031575564
1940,1240185,2.70289,3.765625,0.17415251,0.017508585
1940,1240221,3.884151,2.9375,0.14612164,0.015656482
1940,1290730,4.100329,3.0,0.4676092,0.094320044
1940,1290798,3.437567,4.28125,0.15949938,0.016664239
1940,1290806,3.95087,3.6875,0.6187136,0.06208547
1940,1297446,3.44372,2.671875,0.08836209,0.009270728
1940,1298144,4.737891,3.984375,0.5878923,0.060972743
1940,1298168,4.725745,3.859375,0.6645548,0.07218027
1940,1298348,3.978575,3.265625,0.20055021,0.021320447
1940,1298349,3.325518,3.90625,0.35439256,0.035612192
1940,1303900,4.856122,4.5625,0.3451288,0.03465251
1940,1303901,2.885467,4.09375,0.5013937,0.0503918
1940,1322212,5.400566,4.03125,0.6279233,0.06386116
1940,1330933,3.273254,3.125,0.14103559,0.014715781
1940,1330972,3.961089,3.015625,0.19805506,0.021511648
1940,1330975,4.284964,4.375,0.16797777,0.016928744
1940,1330994,3.234398,3.65625,0.1515968,0.015523452
1940,1331033,2.664552,2.828125,0.22385147,0.02403559
1940,1331036,2.764526,1.96875,0.19006777,0.020365173
1940,1331037,3.122407,2.828125,0.12318839,0.01341358
1940,1331048,3.515758,3.0625,0.25220826,0.025997657
1940,1480371,3.851012,4.375,0.52908635,0.053175017
1940,1503363,3.212909,4.84375,0.34073123,0.034484494
1940,1503366,3.539219,3.40625,0.14950974,0.01547269
1940,1503367,3.810872,4.25,0.77182966,0.08148237
1940,1660034,2.592412,3.578125,0.16440673,0.016738554
1941,683667,-4.293326,-5.0,0.1202003,0.102959014
1941,687455,-1.958917,-4.21875,4.274557,0.5223197
1941,687505,-6.364396,-5.8125,0.012135632,0.040751155
1941,687506,-2.285931,-4.15625,1.9059525,0.70847446
1941,687798,-2.053932,-2.84375,2.40739,0.3351702
1941,687800,-4.768091,-3.859375,0.16617817,0.09762894
1941,687820,-5.379052,-3.6875,0.64149857,0.2726372
1941,687997,-1.635957,-4.6875,0.4599628,0.19748987
1941,713899,-4.830228,-4.03125,2.1254957,0.28859407
1941,724828,-3.407367,-4.34375,0.3017351,0.13600694
1941,724838,-4.191724,-4.3125,0.03757531,0.07059286
1941,724866,-3.890488,-4.71875,0.17438677,0.26265267
1941,724870,-3.811187,-4.09375,0.21775784,0.11278029
1941,724872,-2.768718,-4.71875,0.14751787,0.16869421
1941,724878,-4.307551,-3.890625,0.206303,0.11163026
1941,749713,-6.660181,-4.46875,1.0879606,0.22448678
1941,753535,-3.433955,-3.671875,2.0313067,0.23570117
1941,753570,-3.717953,-4.03125,0.036935918,0.036271367
1941,753576,-0.04585,-4.3125,1.739868,0.38221362
1941,753586,-5.82683,-5.0625,0.0935229,0.1419648
1941,753592,-4.718988,-4.03125,1.4627666,0.40177834
1941,753612,-1.280325,-4.71875,0.14295308,0.096505456
1941,753620,-0.230709,-4.84375,0.6421308,0.17963263
1941,905934,-6.392703,-4.34375,0.6581774,0.3739807
1941,905944,-3.646127,-5.84375,0.12807834,0.27644974
1941,905954,-5.01285,-4.65625,0.67808896,0.15262306
1941,905955,-4.750577,-4.0625,4.925658,0.99353963
1941,905957,-0.842594,-4.59375,0.14308223,0.07525894
1941,905965,-3.980786,-5.0,0.37344256,0.11805565
1941,905972,-4.081141,-5.1875,1.4769925,0.61038446
1941,905973,-5.111279,-3.71875,0.8631493,0.18226849
1941,905974,-6.17633,-5.125,0.046076223,0.036793374
1941,905976,-3.438013,-3.890625,1.8203012,0.35647076
1941,905981,-2.589289,-3.734375,0.4289054,0.05301581
1941,905982,-2.980501,-6.03125,0.3171374,0.16509905
1941,906693,-3.957985,-5.0625,0.9135758,0.51378894
1941,906696,-4.303585,-3.15625,0.70627,0.09963343
1941,906794,-3.410611,-4.4375,0.3913313,0.16008715
1941,906797,-5.753323,-4.28125,1.0623388,0.28914988
1941,906798,-5.486501,-6.21875,0.13447918,0.16740577
1941,906817,-5.267233,-3.828125,1.4466554,0.21713093
1941,906820,-2.675334,-4.28125,0.49913448,0.084298044
1941,906826,-6.731348,-6.125,0.15741104,0.10295042
1941,906830,-2.664978,-4.15625,1.2369037,0.28300777
1941,906832,-4.890018,-6.03125,0.11288413,0.11163026
1941,906843,-5.098875,-4.125,0.092553124,0.0655483
1941,906844,-3.015812,-4.84375,1.1761647,0.26690474
1941,906865,-2.977282,-4.46875,1.924834,1.0442101
1941,906872,-2.002021,-3.984375,1.5389132,0.30810052
1941,907000,-5.669911,-5.0625,0.10452722,0.09139033
1941,907045,-1.057102,-3.21875,3.864381,0.45878208
1941,907046,-4.039164,-3.453125,4.3146553,0.46230197
1941,907056,-3.301929,-3.875,3.122118,0.33384115
1941,907064,-4.331217,-6.375,0.28355274,0.2863159
1941,907065,-4.609348,-4.09375,1.1249707,0.2753554
1941,907068,-4.260378,-2.703125,0.5228167,0.23626438
1941,907069,-6.436319,-3.546875,0.68082476,0.1507716
1941,907176,-4.912165,-3.984375,0.9360506,0.43961594
1941,907269,-4.15168,-5.5625,0.11079396,0.029350724
1941,907270,-5.522138,-6.21875,0.34997234,0.28727996
1941,907282,-3.524093,-5.75,0.6781634,0.49465257
1941,907323,-4.729535,-4.4375,0.622555,0.13567306
1941,907789,-1.543133,-4.21875,0.58399457,0.15895301
1941,907790,-0.864765,-4.0,0.30154893,0.08513692
1941,908120,-2.56683,-4.1875,4.354561,0.5865394
1941,908122,-4.824548,-5.59375,1.5965475,0.34517878
1941,908125,-4.608862,-4.28125,0.77111876,0.2909764
1941,908147,-4.427312,-5.71875,0.030209986,0.044437934
1941,908442,-3.868645,-3.296875,3.3292196,0.39150423
1941,908447,-0.434453,-3.859375,0.27336386,0.12321862
1941,908468,-4.308609,-4.71875,0.69495827,0.2134824
1941,908470,-5.639642,-4.125,1.504926,0.24956992
1941,908471,-6.100533,-4.34375,0.1981512,0.09258458
1941,908480,-4.459031,-5.03125,0.4739535,0.13258593
1941,909251,-2.900093,-6.1875,0.27240962,0.12760873
1941,909257,-6.264852,-4.71875,0.0881311,0.05837605
1941,909263,-4.870313,-3.9375,3.6641548,0.46580142
1941,909719,-6.189527,-4.25,0.5104128,0.14019518
1941,909726,-6.017772,-4.53125,1.0893413,0.23551916
1941,909744,-6.290728,-4.875,0.6595024,0.25011042
1941,909771,-3.597473,-4.90625,0.26374987,0.08337871
1941,909774,-4.757919,-4.625,1.377465,0.17397411
1941,909777,-6.183391,-5.34375,0.13852517,0.064891316
1941,909907,-0.643951,-3.4375,4.5824738,0.5364226
1941,909975,-4.907857,-5.375,0.16835776,0.24764895
1941,910697,-5.545281,-4.65625,0.08710768,0.056970414
1941,910698,-3.846246,-5.09375,0.7473785,0.184518
1941,910852,-3.567656,-4.375,0.42344236,0.1799632
1941,910900,-5.532901,-5.4375,1.0820285,0.95403856
1941,910903,-5.491816,-4.65625,0.28540033,0.07493267
1941,910904,-3.866277,-4.78125,0.030799828,0.06943833
1941,910919,-5.394342,-5.90625,0.50127995,0.40597987
1941,910920,-1.680369,-3.421875,2.7452,0.39076918
1941,910924,-2.738033,-5.28125,0.15335278,0.1738188
1941,910941,-4.944444,-4.84375,0.68633527,0.2751309
1941,910952,-2.843322,-3.234375,2.1851003,0.2289254
1941,924102,-5.206996,-5.46875,0.26078627,0.35309464
1941,924110,-1.987077,-4.71875,1.9374765,0.35363525
1941,924187,-6.59829,-4.40625,1.4402529,0.33227324
1941,924240,-3.421466,-4.3125,0.48246816,0.14137489
1941,924248,-3.161919,-6.59375,0.2407653,0.2304246
1941,925340,-3.360374,-4.40625,0.26314566,0.17742099
1941,946359,-3.552901,-3.875,3.785868,0.476632
1941,946382,-5.755301,-5.15625,0.06926551,0.09947932
1941,949093,-6.667891,-4.1875,0.47879317,0.90573645
1941,949176,0.293099,-4.65625,1.646019,0.19099458
1941,949179,-4.437874,-5.0,0.79132295,0.4014785
1941,1240158,-0.189116,-4.6875,1.2038277,1.2668352
1941,1240168,-5.491212,-2.609375,1.0064859,0.1503025
1941,1240169,-4.067489,-3.515625,0.46691766,0.14903271
1941,1240173,-6.02967,-5.84375,0.22668661,0.30314097
1941,1240179,-3.244504,-2.609375,0.27135956,0.17612725
1941,1240187,-4.627294,-4.03125,2.772644,0.3324848
1941,1240209,-4.052385,-3.65625,2.3988159,0.32184097
1941,1240223,-3.945174,-4.40625,0.9630927,0.27958497
1941,1290908,-4.524559,-4.9375,1.2140634,0.28720802
1941,1295740,-0.098484,-6.03125,0.04403307,0.051363066
1941,1295741,-6.066595,-6.0,0.20558871,0.1051149
1941,1297446,-0.703907,-4.34375,0.43512297,0.13755454
1941,1298134,-2.460966,-3.84375,1.7192484,0.31169084
1941,1298141,-2.750775,-3.671875,0.06762755,0.08894294
1941,1298215,-4.53077,-3.578125,0.07699036,0.054184683
1941,1298219,-1.341499,-4.28125,0.5940116,0.43246004
1941,1298350,-4.927489,-3.421875,1.2013828,0.1270423
1941,1298357,-1.339789,-3.71875,2.9455996,0.33140814
1941,1298475,-2.871943,-5.03125,0.57391804,0.34637153
1941,1303897,-5.378762,-5.8125,0.06927437,0.10352204
1941,1327775,-5.160562,-5.09375,0.087966695,0.08538118
1941,1330931,-3.461861,-3.984375,0.2775225,0.04899746
1941,1330947,-4.588891,-5.78125,0.033248194,0.042459212
1941,1330964,-4.506025,-3.71875,1.230986,0.25793386
1941,1331038,-5.421573,-4.5625,0.7162435,0.41012394
1941,1331048,-5.283335,-5.09375,0.738048,0.10805998
1941,1331050,-5.298779,-5.90625,0.043047506,0.08255719
1941,1480359,-6.329803,-4.59375,0.6761126,0.57007575
1941,1480371,-5.513008,-4.96875,0.74322605,0.93313783
1941,1480372,-3.640775,-5.46875,0.20106183,0.17180549
1941,1503363,-3.382061,-2.34375,0.45443437,0.080758885
1941,1503365,-3.961222,-5.71875,0.39789495,0.37457967
1941,1503366,-3.85021,-3.28125,2.349812,0.3177704
1941,1659819,-3.845865,-5.84375,0.07831194,0.055184163
1996,683667,3.095468,3.171875,1.5401511,0.15890929
1996,687448,3.511788,4.25,0.7743573,0.09876552
1996,687452,3.825249,3.765625,0.58738065,0.06201002
1996,687590,2.640455,3.734375,0.40478766,0.04234898
1996,687787,3.307033,3.984375,0.56799304,0.05918921
1996,687807,6.684679,6.59375,0.23508908,0.024664955
1996,687820,5.447345,5.375,0.3509992,0.039772082
1996,687829,1.89594,4.3125,0.13972336,0.0145980725
1996,687995,3.729953,2.90625,0.19618575,0.021592999
1996,688010,2.332315,3.578125,0.7265361,0.07657653
1996,688087,5.555715,4.78125,0.42952126,0.04335604
1996,722066,5.534128,3.609375,0.26783362,0.027875707
1996,724828,4.399092,4.84375,0.3940509,0.040119056
1996,724873,5.863057,4.375,0.381177,0.039878827
1996,724878,4.920606,5.34375,0.24301018,0.024982626
1996,735784,4.4865,4.84375,0.25305122,0.027229853
1996,749717,4.027346,4.53125,0.4868967,0.050189365
1996,753555,3.438271,3.90625,0.2545332,0.026785498
1996,753573,3.287772,3.953125,0.5987452,0.062473617
1996,753586,4.506022,4.8125,0.25016174,0.026136497
1996,753623,3.902954,4.53125,0.15456799,0.015947973
1996,753624,5.078205,4.8125,0.5006968,0.050776344
1996,905933,2.331907,3.765625,0.14879158,0.016574854
1996,905937,3.430664,3.5,0.40147394,0.041423168
1996,905941,5.694084,6.5625,0.3199576,0.034585714
1996,905959,4.595822,4.6875,0.3780677,0.043161515
1996,905960,3.339278,3.984375,0.61688834,0.06280655
1996,905968,2.738663,4.34375,0.84251684,0.086211264
1996,905974,4.962567,3.15625,0.39045608,0.04136047
1996,905976,4.647317,4.4375,0.48508504,0.049112737
1996,905989,3.174489,3.34375,1.3290724,0.13800001
1996,906693,3.861571,4.5625,0.49295115,0.050035685
1996,906696,3.759842,4.15625,0.42188066,0.044768386
1996,906794,5.116958,4.03125,0.27665266,0.02849121
1996,906795,4.778098,4.46875,0.8511199,0.08647304
1996,906797,4.369045,4.1875,0.6171103,0.06276146
1996,906798,3.678503,2.96875,0.45996115,0.049605243
1996,906814,4.343044,4.25,1.0722908,0.11097083
1996,906824,3.405755,3.796875,0.4221063,0.046873953
1996,906834,3.537177,2.640625,0.7510426,0.077893734
1996,906839,4.569087,4.6875,0.495353,0.049933765
1996,906844,2.52339,2.375,0.38612092,0.040091638
1996,906999,5.913387,4.65625,0.6323621,0.063794866
1996,907042,1.767087,3.15625,0.52228993,0.05732441
1996,907047,2.588812,3.6875,0.22901073,0.026930837
1996,907048,4.431579,4.78125,0.34954208,0.035114445
1996,907069,6.352124,4.28125,0.30764374,0.03171195
1996,907274,3.166317,3.484375,0.50315493,0.050474033
1996,907277,0.134964,1.78125,0.34149584,0.035777338
1996,907286,4.467705,3.765625,0.24745376,0.028474523
1996,907313,5.150256,4.78125,0.264917,0.026801705
1996,907314,3.60265,4.03125,0.51284325,0.051402558
1996,907320,4.485069,3.84375,0.5057904,0.052915912
1996,907322,2.17662,2.90625,0.91703063,0.09271118
1996,907790,5.455659,4.09375,1.4029042,0.14488974
1996,907794,4.68934,5.03125,0.27010903,0.028298387
1996,908123,3.376221,3.625,1.0633193,0.10761571
1996,908126,2.949444,3.234375,0.93200856,0.10148336
1996,908147,1.807249,1.65625,0.12978089,0.01445713
1996,908150,3.79165,4.25,0.5806969,0.059599914
1996,908159,3.378393,2.609375,0.6333386,0.064147785
1996,908444,3.669264,3.609375,0.7958972,0.08027122
1996,908451,3.585747,3.359375,0.24937554,0.026126212
1996,908454,4.962355,3.703125,0.88636357,0.08949633
1996,908459,5.193248,4.71875,1.1239495,0.112771936
1996,908460,6.201403,6.1875,0.36344564,0.04533122
1996,908472,5.548229,4.375,0.32585335,0.033588998
1996,908473,4.89513,4.96875,0.14806187,0.015630953
1996,908474,4.234339,3.828125,0.6177414,0.063453585
1996,909251,1.677851,1.9375,0.5924931,0.060167655
1996,909253,2.761991,3.203125,0.9842723,0.09914816
1996,909699,5.682588,5.875,0.42330968,0.04302936
1996,909707,5.725282,4.90625,0.46239316,0.04745779
1996,909725,4.823746,3.9375,0.44031987,0.044881184
1996,909731,3.427993,2.921875,0.23545486,0.023723416
1996,909738,5.826486,5.46875,0.4937477,0.04997088
1996,909745,4.735481,4.03125,0.9004751,0.09242039
1996,909746,4.873395,5.25,0.16930638,0.017643018
1996,909759,3.730012,3.78125,1.3024436,0.13283591
1996,909774,4.608282,3.765625,0.44512585,0.04464434
1996,909776,3.928452,4.59375,0.3164697,0.033355746
1996,909785,2.686241,2.28125,1.0740812,0.109354205
1996,909907,6.198303,6.03125,0.18451096,0.018703502
1996,910549,4.416363,3.84375,0.53623366,0.054041456
1996,910698,3.083329,4.21875,0.29606995,0.030274453
1996,910900,3.481506,2.890625,0.22330666,0.026576336
1996,910910,6.425037,5.34375,0.63181835,0.063250646
1996,910916,3.526279,3.4375,0.38138226,0.041976474
1996,910926,2.417342,3.609375,0.41276634,0.04220717
1996,910934,1.68444,3.109375,0.4382969,0.044229187
1996,910947,3.028642,2.53125,0.29141116,0.030011123
1996,910951,3.500576,2.25,0.5226973,0.053246822
1996,910952,4.503504,4.71875,0.9567075,0.09646475
1996,924104,2.6454,4.09375,0.46876946,0.050333157
1996,924105,3.684811,3.828125,0.457104,0.048977282
1996,924239,2.758011,2.765625,0.79456955,0.08072757
1996,924244,3.042626,3.578125,1.3440552,0.13988717
1996,925338,4.211637,3.875,0.28859532,0.03003655
1996,925346,3.437259,4.5625,0.253793,0.027193137
1996,925348,6.315947,6.15625,0.32003093,0.03298882
1996,930297,3.680982,3.71875,0.363384,0.0368355
1996,946353,4.024063,4.1875,0.41602772,0.043648582
1996,949090,5.355461,4.40625,0.3519116,0.0355903
1996,1240121,2.971198,3.953125,0.494722,0.050622858
1996,1240127,3.838013,5.1875,0.36292145,0.036716834
1996,1240146,5.000754,4.71875,0.7708409,0.07871669
1996,1240157,4.193594,5.21875,0.60949886,0.06114193
1996,1240158,4.843208,3.421875,1.4342208,0.1498451
1996,1240160,5.532075,5.21875,0.23006542,0.023693398
1996,1240172,3.82169,4.5625,0.237197,0.025125947
1996,1240189,3.454478,2.5625,0.29736897,0.03084137
1996,1240190,4.133949,5.0625,0.2813631,0.029030405
1996,1240192,3.468272,3.734375,0.38962102,0.04174669
1996,1240197,5.083906,4.9375,0.23345995,0.02477389
1996,1240198,4.492936,4.59375,0.31265745,0.032427
1996,1240199,5.541826,7.21875,0.4390657,0.0511683
1996,1240222,4.463813,3.734375,0.659183,0.06887039
1996,1290730,4.841381,3.796875,0.28052506,0.03566142
1996,1290769,5.049678,5.90625,1.2342981,0.12506635
1996,1290797,2.94274,3.984375,0.33138686,0.033777796
1996,1290798,4.584281,4.875,0.16947453,0.017557574
1996,1290908,6.106413,3.40625,1.2363449,0.12732558
1996,1298136,5.15253,5.6875,0.6790539,0.068197824
1996,1298146,5.015888,5.03125,0.48575997,0.04918107
1996,1298218,5.749594,5.5625,0.31145415,0.032019
1996,1298219,3.447191,4.34375,0.22337769,0.023248801
1996,1298475,5.516641,4.46875,0.35928744,0.038267493
1996,1299081,1.669639,3.984375,0.37816066,0.038844164
1996,1303896,2.520492,2.609375,0.7155629,0.072893895
1996,1303900,5.470836,4.09375,0.36759153,0.03716326
1996,1331037,3.266201,2.46875,0.8527161,0.087589875
1996,1503367,5.704362,4.78125,0.46315897,0.050431862
1996,1659818,2.729703,2.828125,0.22899728,0.024025818
1997,687800,5.072977,4.5,0.8255494,0.09708164
1997,687819,2.432789,3.578125,1.356955,0.1376714
1997,687820,3.542547,5.5,1.3617564,0.16832295
1997,687829,5.266866,4.15625,2.1407166,0.22046274
1997,687997,5.148192,3.578125,1.604869,0.16498834
1997,688013,1.466951,0.8359375,3.8785324,0.62458175
1997,688015,-2.398194,2.09375,2.6752517,0.28242743
1997,713899,-1.483748,1.96875,3.3117352,0.3726019
1997,722046,4.147507,2.59375,1.7971104,0.19568147
1997,724812,2.920761,4.5,0.39610532,0.047025904
1997,724863,3.563657,5.25,0.92496437,0.10981242
1997,724869,3.314342,4.625,3.5940738,0.41357034
1997,724873,5.216769,4.125,0.78955907,0.08619422
1997,749711,3.721481,2.734375,1.9478083,0.19761707
1997,753540,4.043295,4.375,0.92970026,0.09557771
1997,753541,3.294451,2.453125,0.5858932,0.06448577
1997,753555,4.187671,3.421875,0.5303296,0.06311598
1997,753556,3.207409,4.40625,0.8626959,0.09550877
1997,753586,3.848572,4.96875,0.12665673,0.015349164
1997,753592,5.543779,3.859375,0.18203747,0.020480959
1997,753608,4.852921,4.875,1.4081857,0.14638543
1997,753612,4.140218,2.15625,21.20819,2.1882129
1997,753614,5.226324,3.984375,1.14029,0.122178555
1997,753618,3.033833,3.875,1.0406882,0.10805655
1997,753622,3.565529,5.21875,0.24970251,0.0310499
1997,905937,3.841349,4.90625,0.1598389,0.020812929
1997,905941,6.296693,7.4375,1.1167039,0.16760796
1997,905948,1.466401,2.609375,3.4192603,0.38604856
1997,905951,4.752585,4.4375,1.7726711,0.18364885
1997,905956,4.398773,4.90625,0.47975892,0.049757782
1997,905965,2.853198,2.390625,2.909606,0.29674998
1997,905969,4.791933,6.96875,0.47412115,0.061736226
1997,905982,4.471132,4.65625,0.73333097,0.07509281
1997,905989,5.304043,5.09375,3.0758266,0.31192377
1997,906797,3.51081,4.46875,0.2975976,0.032487996
1997,906826,0.845761,3.109375,3.3716094,0.54609144
1997,906828,3.207714,4.46875,1.6765312,0.24787816
1997,906830,4.611823,4.28125,0.16025013,0.021500215
1997,906831,3.674613,4.03125,1.7768066,0.17910995
1997,906849,4.140953,2.96875,6.5951085,0.66498435
1997,906863,4.491397,4.03125,0.14401838,0.022186594
1997,906999,4.181495,5.0625,0.34961492,0.03588278
1997,907073,3.983651,2.703125,3.3032355,0.33443812
1997,907269,1.778853,1.53125,2.0954828,0.21709219
1997,907270,3.232922,3.515625,5.4639144,0.55760807
1997,907281,3.303014,2.78125,12.776923,1.3064965
1997,907285,4.97013,5.3125,1.4039603,0.14668353
1997,907287,5.40238,4.59375,0.5084691,0.050957028
1997,907298,5.588209,3.90625,0.50552833,0.052210175
1997,907299,5.322881,3.75,1.2532448,0.12806293
1997,907312,3.594215,4.28125,0.13640337,0.019073438
1997,907322,0.598439,3.109375,1.7718118,0.18049327
1997,907788,4.447171,3.328125,3.0665553,0.31256965
1997,907790,5.562654,4.84375,1.0656191,0.11051978
1997,907794,5.723967,3.296875,2.6721287,0.37043455
1997,908125,4.168343,5.125,0.33387053,0.03492961
1997,908126,0.474091,2.859375,6.506377,0.7486893
1997,908133,2.939989,1.609375,4.587086,0.4935984
1997,908441,2.687012,3.734375,1.8695035,0.19116494
1997,908449,6.420488,5.59375,6.5778813,0.94941324
1997,908451,5.262307,3.953125,0.49423176,0.055605803
1997,908470,5.920036,5.9375,4.9563456,0.56368846
1997,908480,5.164716,2.421875,9.896597,1.0501896
1997,908481,2.549804,3.25,2.029505,0.2112277
1997,909250,3.899098,4.90625,0.47111416,0.0488612
1997,909253,3.798053,2.5625,29.152107,2.9294364
1997,909262,4.917546,3.765625,3.5258963,0.36029404
1997,909698,5.136012,5.125,0.3401548,0.0350964
1997,909717,5.089007,4.28125,0.47055236,0.0531273
1997,909728,3.87108,4.21875,0.5682966,0.06416303
1997,909738,4.182359,5.125,2.8673775,0.2889046
1997,909743,3.493748,3.09375,19.086554,1.9621905
1997,909749,3.846749,4.8125,1.1136949,0.12978895
1997,909762,-3.448189,1.578125,3.1046686,0.31161052
1997,909904,7.882415,5.46875,0.96573263,0.098378524
1997,910704,2.840094,3.625,1.0497938,0.12181204
1997,910779,3.952586,4.59375,0.76558673,0.079148136
1997,910861,3.925307,3.921875,3.2439563,0.32942364
1997,910904,3.147262,4.15625,0.69410396,0.07538974
1997,910927,3.321066,4.09375,0.34340635,0.036137957
1997,910933,3.521004,4.53125,1.087532,0.11520076
1997,924110,2.099231,2.234375,12.08156,1.2503147
1997,924239,3.585223,3.59375,1.3512373,0.13670495
1997,925341,3.510731,4.125,4.47612,0.50189394
1997,930082,4.830799,4.5625,0.24402328,0.045783468
1997,949179,3.888963,3.890625,2.9067874,0.30329683
1997,1240129,3.27214,4.25,1.96147,0.2081438
1997,1240145,3.860492,5.28125,0.4675382,0.04905293
1997,1240151,3.688839,3.765625,1.1204563,0.19403234
1997,1240154,4.640084,4.5625,0.19654296,0.022037776
1997,1240187,5.895154,4.875,0.44845602,0.049956407
1997,1240199,4.177072,6.5,1.583096,0.23178618
1997,1240207,3.917378,4.375,0.6541035,0.08085193
1997,1240215,5.420887,5.21875,0.3194122,0.04129868
1997,1240218,5.135152,4.59375,2.4756098,0.2554278
1997,1290722,3.211342,4.5,0.44135988,0.04498719
1997,1290769,3.800799,4.15625,1.3441918,0.16615184
1997,1290797,5.140615,4.125,0.771125,0.08909945
1997,1290798,3.699183,4.5,4.431257,0.47899523
1997,1290807,0.469644,2.921875,1.3703504,0.18385524
1997,1290922,-0.073584,1.875,4.45591,0.62307495
1997,1295741,3.508002,3.734375,4.168664,0.41835475
1997,1298141,5.501163,6.34375,1.5537794,0.17606032
1997,1298151,2.853796,3.546875,0.9656218,0.1039068
1997,1298218,2.8593,3.265625,0.92674947,0.17387606
1997,1298219,6.231898,4.59375,0.33089966,0.03482183
1997,1298226,2.686918,4.46875,0.77643305,0.0814614
1997,1298347,3.724672,3.09375,4.1883383,0.45605445
1997,1298348,6.020253,4.6875,0.825297,0.09009564
1997,1298362,3.920133,3.234375,0.83311397,0.136525
1997,1298534,6.294594,4.84375,1.4471484,0.14616345
1997,1298538,5.995864,5.0625,0.36802506,0.040868353
1997,1327765,3.287227,3.171875,2.4516432,0.2545586
1997,1330931,3.413443,4.28125,0.51833,0.05472031
1997,1330942,4.595888,3.265625,7.1268377,0.78221256
1997,1330964,1.616144,2.640625,0.9478782,0.1158238
1997,1330995,0.002331,3.125,3.2126296,0.32972872
1997,1331036,2.499442,1.828125,0.783256,0.081833325
1997,1480372,3.618148,4.84375,1.4361663,0.15161668
1997,1480374,3.311121,2.8125,1.4048035,0.18292217
1997,1503365,7.236674,5.96875,2.745376,0.30132124
1997,1659819,4.072282,2.15625,4.0080137,0.409837
1997,1660035,5.943316,5.0625,1.0389931,0.11537784
2010,683667,2.026174,2.296875,0.22471572,0.02297817
2010,687452,5.685998,4.34375,1.4479092,0.14741433
2010,687561,1.749767,2.625,1.1665453,0.12171841
2010,687780,3.67433,4.25,2.532338,0.25728333
2010,687800,6.978395,7.9375,0.3508807,0.035704274
2010,687812,4.010287,4.4375,0.52933395,0.053862993
2010,688058,2.868104,4.71875,0.7334065,0.075821266
2010,688121,6.330787,4.90625,0.8332445,0.08436236
2010,713880,3.522022,3.46875,0.22008656,0.02240742
2010,722046,3.265783,2.0625,1.1290535,0.115880564
2010,724839,6.347254,7.09375,0.43779495,0.04384887
2010,724855,6.250641,4.125,0.40527567,0.040696733
2010,724859,6.314604,4.78125,1.2229426,0.1239672
2010,749712,2.088286,2.765625,0.7459292,0.07513928
2010,753555,3.921069,3.84375,0.15233713,0.015635142
2010,753556,3.551278,3.109375,0.9050667,0.09267848
2010,753566,4.504492,5.59375,0.5842678,0.058479533
2010,753573,3.482763,2.8125,0.8468375,0.09744566
2010,753600,5.859808,6.0,0.15558071,0.016212698
2010,753612,3.933777,4.625,0.7978033,0.08003171
2010,753615,2.46829,3.828125,0.4989597,0.049965743
2010,905948,4.475854,3.546875,0.6921263,0.069997646
2010,905955,5.064148,3.5625,0.48344204,0.049306132
2010,905959,6.83866,6.96875,1.3869303,0.14666335
2010,905991,2.304381,3.609375,0.15749711,0.017149346
2010,906746,6.000285,5.09375,0.50755674,0.059686843
2010,906792,4.411634,3.484375,2.1878006,0.22299945
2010,906797,4.18241,4.6875,0.50343597,0.05097069
2010,906801,5.217187,4.8125,0.23943177,0.024554726
2010,906804,1.585473,2.0625,0.09950976,0.010230088
2010,906817,4.747867,5.53125,0.4585377,0.049030423
2010,906828,4.331031,5.3125,0.7977073,0.080704205
2010,906835,5.22117,6.78125,0.5256259,0.053088743
2010,906837,2.10178,3.03125,0.19251163,0.021977793
2010,906844,1.580693,2.046875,0.37647185,0.0383293
2010,906855,3.406054,2.859375,0.2223106,0.022525823
2010,907047,1.469123,3.859375,0.20096141,0.023032146
2010,907048,3.793017,4.21875,0.39314866,0.041645687
2010,907060,4.482842,3.15625,0.64512044,0.065064445
2010,907061,3.049819,3.703125,0.51257837,0.05293829
2010,907066,5.462171,5.71875,0.1896926,0.019742912
2010,907069,3.218748,3.984375,0.4637071,0.047592644
2010,907287,3.140112,2.203125,0.63753515,0.06398836
2010,907290,6.811188,5.28125,0.8988861,0.09070791
2010,907291,4.158429,3.3125,0.40002796,0.040210586
2010,907298,2.63635,2.203125,0.35208184,0.035646744
2010,907312,3.876113,3.1875,0.3845916,0.039572075
2010,907318,2.736121,3.75,0.304452,0.032427
2010,907319,2.874166,4.21875,0.32818398,0.035314597
2010,907320,2.756782,5.09375,0.5905419,0.060873125
2010,907322,2.703447,2.234375,0.6470485,0.06541617
2010,907323,1.885433,2.203125,0.1879378,0.019320918
2010,907783,1.645413,1.296875,0.16010106,0.01638248
2010,907794,3.888505,3.34375,1.1730132,0.118590854
2010,908123,3.73681,3.40625,0.7255681,0.07354937
2010,908127,5.468315,3.578125,0.3780671,0.040119056
2010,908128,2.248169,4.28125,1.5212458,0.15327418
2010,908148,1.130145,1.359375,0.24209219,0.02442988
2010,908158,1.140171,1.5,0.20732242,0.02163221
2010,908443,2.254099,3.953125,1.232887,0.12441244
2010,908459,3.748912,4.5,1.7986718,0.18033703
2010,908472,5.862558,5.625,0.1383475,0.014137054
2010,908474,4.185374,2.71875,0.28838268,0.029468415
2010,908475,5.248842,3.3125,1.832615,0.18547407
2010,909262,2.285575,2.390625,0.33085978,0.03372407
2010,909263,2.627691,4.34375,0.6248691,0.063056454
2010,909696,2.651575,2.625,0.13610706,0.014132244
2010,909699,4.873619,6.0625,0.28226572,0.029095981
2010,909702,0.541619,1.765625,0.14243177,0.014501242
2010,909717,2.015496,3.40625,0.49960998,0.050128568
2010,909725,2.122167,2.890625,1.0979502,0.111002035
2010,909737,2.511819,3.734375,1.0428013,0.10472921
2010,909745,5.866213,5.3125,1.1973723,0.12101306
2010,909761,5.44543,5.1875,0.17924443,0.018611275
2010,909778,4.306505,4.90625,0.16710463,0.016794596
2010,909904,4.880461,5.6875,1.2663966,0.12686704
2010,910549,2.620918,3.609375,1.12901,0.11444545
2010,910698,3.05443,3.390625,1.2989177,0.13178314
2010,910779,6.06011,5.15625,0.7512894,0.07558517
2010,910780,4.197742,3.875,0.59419,0.060092933
2010,910784,3.663212,4.53125,1.1030196,0.111372136
2010,910905,3.606495,3.84375,0.7446328,0.07539081
2010,910906,3.121198,1.546875,0.11330255,0.011837669
2010,910924,2.139875,3.8125,0.6428716,0.06578239
2010,917486,3.25928,3.984375,0.38597932,0.03931945
2010,924104,2.280609,2.734375,0.815174,0.083733596
2010,924110,1.812913,3.34375,0.29863164,0.030135358
2010,925346,4.323533,5.1875,0.8235993,0.084977105
2010,930297,5.218642,5.375,0.16561618,0.016591355
2010,946353,5.592027,5.28125,0.22029139,0.025787223
2010,998189,3.48253,4.28125,0.48433062,0.050231937
2010,1240145,3.282239,3.375,0.634827,0.06393338
2010,1240155,5.629879,4.28125,0.28385672,0.028425364
2010,1240157,5.258604,3.09375,0.7430879,0.07539081
2010,1240168,3.050275,4.40625,0.5145797,0.05173375
2010,1240179,4.549434,5.21875,0.1182695,0.013844581
2010,1240210,1.903425,1.84375,0.1398509,0.014208729
2010,1240215,5.554578,4.46875,1.4341735,0.15140629
2010,1240217,3.404008,4.03125,1.1112593,0.11199236
2010,1240218,6.723675,7.09375,0.10413017,0.0108941225
2010,1240221,4.595281,3.734375,0.6153928,0.0629706
2010,1247871,2.885335,3.0625,0.24032807,0.024773045
2010,1290769,2.376836,4.8125,1.168483,0.121188216
2010,1298157,4.673918,4.3125,1.5277276,0.1588122
2010,1298169,4.753954,3.40625,1.8708234,0.1901689
2010,1298219,5.757367,5.40625,0.2623103,0.027938515
2010,1298348,5.634307,6.96875,0.20835955,0.020979326
2010,1298349,2.024673,2.453125,0.3937623,0.039630763
2010,1298537,3.603289,5.0,0.36499888,0.037432157
2010,1298538,3.83096,3.140625,1.0268078,0.10309619
2010,1298539,5.308682,5.3125,0.3297419,0.039341267
2010,1299050,5.529646,4.84375,0.21313635,0.021633832
2010,1299081,1.917013,2.546875,0.6799646,0.071446046
2010,1327771,1.746381,1.5625,0.11404549,0.013123224
2010,1503371,5.059287,5.25,0.12876137,0.0134898815
2011,683667,3.317542,3.4375,0.25814897,0.026453992
2011,684072,2.99384,3.1875,0.2703883,0.027898049
2011,687459,6.275218,5.59375,0.6728902,0.07059795
2011,687561,3.08485,3.796875,0.45885727,0.048213594
2011,687787,5.878612,5.28125,0.2655825,0.02884611
2011,687802,4.972896,6.21875,1.2304095,0.12507093
2011,687812,4.589925,5.34375,0.4564816,0.047629707
2011,687815,3.539957,3.921875,0.26885912,0.031472545
2011,687983,3.447632,4.78125,0.3213618,0.032489467
2011,687985,3.792786,3.734375,0.40149868,0.040854964
2011,688013,3.44706,3.625,0.65297794,0.0655168
2011,688087,4.542952,4.78125,0.75013477,0.07629033
2011,724828,5.10043,5.09375,0.76659685,0.07696028
2011,724859,4.720514,5.03125,0.74921846,0.07788366
2011,749714,4.466842,4.625,0.3326197,0.033793874
2011,749715,4.503121,3.828125,0.19408064,0.019987488
2011,749717,5.056035,5.5,0.41919053,0.042301133
2011,753556,4.741304,3.671875,0.4591004,0.04809836
2011,753566,5.464967,6.0,0.26088014,0.026203929
2011,753575,5.024778,5.46875,0.40554297,0.04327766
2011,753586,4.512274,5.0625,0.17887315,0.018492322
2011,753592,1.810589,4.125,0.19397958,0.022918673
2011,753624,4.02443,5.59375,0.2800694,0.028116759
2011,905936,2.762953,3.796875,0.26886693,0.027438635
2011,905940,2.582117,2.890625,0.180424,0.018801559
2011,905950,5.105346,4.625,0.5718933,0.05790169
2011,905957,4.086116,3.671875,0.25264725,0.02639618
2011,905962,6.229975,5.3125,0.14864028,0.015618106
2011,905973,4.826037,4.84375,0.4694612,0.04826289
2011,905976,4.659984,4.40625,0.52183294,0.052722227
2011,905989,4.370616,3.765625,0.5459874,0.05728363
2011,906746,5.837937,6.09375,0.17464246,0.020352667
2011,906794,4.749508,4.375,0.22531985,0.023605982
2011,906797,2.556786,5.15625,0.2547631,0.026895447
2011,906800,2.018475,2.359375,0.13675573,0.014071312
2011,906804,1.904001,4.03125,0.17952827,0.018198416
2011,906826,6.127584,6.09375,0.37684327,0.038677365
2011,906835,5.34918,7.34375,0.3245813,0.03355597
2011,906855,4.151296,3.53125,0.22718576,0.022925649
2011,906875,3.280621,4.25,0.7111886,0.07180887
2011,907047,2.075601,3.75,0.087405145,0.012675222
2011,907061,4.698099,3.984375,0.2917558,0.030523561
2011,907066,5.643194,5.65625,0.10452399,0.010840615
2011,907067,2.048972,3.046875,0.6213652,0.0660572
2011,907271,5.192013,5.25,0.4678594,0.04768825
2011,907298,3.537176,3.140625,0.26099154,0.026687533
2011,907312,5.061867,3.5625,0.17453957,0.018396381
2011,907320,4.530493,5.0,0.1527653,0.015960675
2011,907323,3.822301,2.75,0.20406237,0.020852134
2011,908148,2.162372,2.109375,0.70975196,0.07138009
2011,908159,2.77701,2.390625,0.3537568,0.036079567
2011,908443,3.801026,4.65625,0.878224,0.08918361
2011,908444,3.830657,4.125,0.24249986,0.024388328
2011,908459,4.926427,5.75,0.74516624,0.07507974
2011,908463,5.792565,6.8125,0.43774238,0.045926828
2011,908465,5.995056,4.875,0.1548067,0.016899867
2011,908470,6.385643,6.09375,0.2276919,0.030548647
2011,908474,4.255315,3.3125,0.31639397,0.032161396
2011,908475,4.745746,4.71875,1.2924294,0.13206702
2011,909713,2.635513,4.15625,0.24995689,0.025383113
2011,909723,5.149046,4.71875,1.1608776,0.11688654
2011,909725,2.928652,4.5,0.82542497,0.08278683
2011,909736,4.389771,4.9375,0.6853415,0.068937525
2011,909738,5.63251,5.96875,0.39313787,0.039851584
2011,909743,4.219683,3.453125,0.3274131,0.033526976
2011,909746,5.463255,5.78125,0.12174675,0.015741352
2011,909750,3.179583,4.21875,0.73569465,0.07507974
2011,909776,4.885024,5.375,0.27613586,0.02935594
2011,909778,5.742732,4.8125,0.20287557,0.021064939
2011,909975,6.538022,6.84375,0.111511804,0.011854795
2011,910546,5.080705,5.09375,0.35416916,0.035547383
2011,910549,2.801486,4.25,0.36378008,0.036941852
2011,910692,5.204628,4.59375,0.26096985,0.02619016
2011,910710,3.068627,2.984375,0.14653625,0.015181166
2011,910906,3.254745,2.765625,0.106146574,0.010742811
2011,910911,3.296771,5.1875,0.13125198,0.016129447
2011,910915,5.576876,5.5625,0.5957663,0.061196327
2011,910924,3.899276,4.53125,0.43235567,0.045879953
2011,910937,3.359706,3.765625,0.36081302,0.03971254
2011,910951,1.426428,2.921875,0.22445771,0.023001458
2011,925340,4.626273,4.9375,0.10784165,0.01089554
2011,946360,4.573465,6.03125,0.11758668,0.0120077105
2011,946382,4.539908,4.59375,0.09173008,0.010013946
2011,949093,7.87868,6.875,0.35202983,0.041208472
2011,1240142,4.328945,4.25,0.22304864,0.023159547
2011,1240159,4.03747,4.78125,0.36048833,0.036812328
2011,1240172,4.870128,5.46875,0.1996465,0.020560693
2011,1240174,5.472243,4.15625,0.32594985,0.03766179
2011,1240183,5.127961,4.8125,0.25977692,0.03714786
2011,1240189,3.627045,3.21875,0.39294595,0.040623665
2011,1240197,5.42252,5.46875,0.17037567,0.017151196
2011,1240199,5.973549,7.15625,0.29675233,0.04834493
2011,1240201,4.980918,5.03125,0.12011074,0.013609871
2011,1240212,5.422612,5.21875,0.115162924,0.012639812
2011,1240223,7.064664,7.125,0.3600345,0.036544334
2011,1247871,4.258176,4.21875,0.17887938,0.018097261
2011,1290722,5.586304,5.28125,0.11481096,0.011823863
2011,1290908,4.904562,5.125,0.47735846,0.050313335
2011,1297446,2.720712,2.828125,0.10306408,0.010701331
2011,1298134,5.024673,4.3125,0.109050035,0.013773041
2011,1298169,4.968016,4.59375,0.46780503,0.04748329
2011,1298359,4.487586,4.59375,0.16124798,0.018271172
2011,1298476,7.506138,7.15625,0.27820626,0.03188516
2011,1298537,3.96185,4.875,0.3115446,0.031925745
2011,1299050,5.000088,5.125,0.13397278,0.013960986
2011,1299064,2.353379,3.71875,0.20625304,0.022099376
2011,1327775,4.917476,3.328125,0.4042023,0.041553963
2011,1330947,1.90672,2.546875,0.17248346,0.017702864
2011,1331036,1.549552,2.484375,0.16222075,0.016443986
2011,1503361,4.457979,4.21875,0.4349713,0.043975312
2011,1503365,6.073026,6.96875,0.21657981,0.023305308
2011,1503371,4.719382,4.8125,0.14962427,0.016893195
2037,684072,2.91549,3.296875,0.47705945,0.04842264
2037,687505,4.617837,3.328125,0.587082,0.061102584
2037,687588,6.533577,4.71875,1.8661641,0.18742007
2037,687590,5.529955,4.46875,1.2875901,0.13031356
2037,687777,1.950081,4.65625,2.2677846,0.23222025
2037,687799,3.806168,3.703125,2.3492413,0.23959853
2037,687812,5.02901,4.5,1.4274617,0.1477273
2037,687829,5.558801,3.9375,1.1840012,0.119969994
2037,687980,2.170051,2.921875,0.6615056,0.067349106
2037,687997,5.435395,5.125,1.03824,0.10429994
2037,688058,3.996993,4.875,1.90613,0.19284353
2037,688086,3.66196,2.96875,0.89976805,0.092926644
2037,688087,5.817397,3.859375,0.8218222,0.0823969
2037,717431,5.017905,3.390625,0.76498324,0.07669816
2037,722046,4.991598,2.1875,1.5505748,0.15983342
2037,724834,3.868381,4.53125,1.2316618,0.12708007
2037,724839,6.655992,5.6875,2.1518054,0.21536304
2037,724863,2.735177,3.421875,0.88556707,0.09111933
2037,724866,6.764002,4.84375,2.7536004,0.2846736
2037,724870,4.534021,3.46875,1.0084528,0.10182371
2037,724872,3.344078,2.390625,0.41920143,0.04398156
2037,753554,3.605426,4.3125,0.91275644,0.09147332
2037,753566,6.351134,4.96875,2.0722704,0.20759912
2037,753612,5.773489,4.28125,4.2994423,0.43099934
2037,753618,2.854075,2.546875,0.7380609,0.076151446
2037,753620,4.285214,3.046875,0.5119888,0.051651195
2037,905934,6.311315,5.46875,3.285398,0.3320405
2037,905965,1.060791,1.265625,0.48453662,0.050042182
2037,905968,4.396631,3.03125,0.39800614,0.042557914
2037,905976,4.817985,3.84375,0.6164893,0.061843183
2037,906696,2.096225,3.1875,0.9895339,0.09994393
2037,906793,4.516611,3.484375,0.2629806,0.02666922
2037,906805,5.814127,4.3125,1.1996995,0.12201204
2037,906808,4.307497,3.484375,1.0037253,0.10162278
2037,906818,5.120597,2.984375,1.7199508,0.17449953
2037,906833,3.941698,3.765625,0.80701965,0.08133118
2037,906835,4.917312,5.78125,0.92634934,0.09523322
2037,906836,1.74668,1.421875,0.32753304,0.034521814
2037,906837,2.898453,2.640625,0.35557938,0.03902694
2037,906843,5.418875,4.125,2.3860905,0.2398485
2037,906844,1.517981,1.546875,0.9265119,0.094739914
2037,906870,3.761473,1.875,0.650435,0.068242
2037,907066,5.577327,4.34375,0.92884773,0.0941554
2037,907173,5.439367,3.9375,0.8621177,0.08763413
2037,907270,2.642121,1.765625,0.84279513,0.08687542
2037,907276,3.983778,4.34375,1.3416739,0.13748896
2037,907281,2.653111,2.265625,0.28530908,0.029116603
2037,907285,5.116971,5.15625,0.89327025,0.090068385
2037,907287,4.136959,3.890625,0.47575197,0.047684878
2037,907295,5.651307,4.28125,0.8901666,0.0906295
2037,907298,3.08679,2.921875,0.33386984,0.033571593
2037,907299,4.68078,3.234375,0.5419592,0.055035938
2037,907314,5.689251,3.4375,0.5813659,0.05836455
2037,907319,4.301657,3.859375,0.61180496,0.0639204
2037,907788,2.62457,3.015625,0.74448824,0.08047521
2037,908128,3.645165,4.96875,1.6623834,0.16889669
2037,908138,4.799873,4.5625,1.0325451,0.10356014
2037,908148,3.166499,1.53125,0.8658463,0.08721882
2037,908443,5.234959,4.5,1.6769876,0.16831651
2037,908445,4.473717,2.875,1.2708087,0.12960947
2037,908448,2.177872,2.53125,0.67880034,0.06990658
2037,908451,4.130474,2.734375,0.8226589,0.0837106
2037,908457,4.775468,3.953125,1.115926,0.11181963
2037,908462,4.147038,4.28125,1.1219437,0.11429164
2037,908465,5.752047,4.46875,1.2712945,0.12787771
2037,908472,5.454428,4.40625,0.6719451,0.06880692
2037,908475,4.273349,3.53125,2.3368936,0.23688614
2037,909262,3.057696,2.359375,0.74868065,0.076267585
2037,909698,3.905575,3.171875,0.60880566,0.062169988
2037,909707,5.03477,3.828125,0.8684046,0.08806609
2037,909713,3.173069,2.71875,0.59646803,0.060991473
2037,909718,3.734151,3.609375,2.5986764,0.26183143
2037,909735,4.196794,3.359375,1.7655782,0.18524002
2037,909745,4.947199,4.625,1.4202665,0.143134
2037,909974,4.705602,4.90625,1.3181088,0.13321537
2037,909976,3.657204,2.65625,0.3621311,0.03778509
2037,910548,6.114564,5.53125,1.7116437,0.17181489
2037,910689,7.719989,5.90625,2.1166584,0.30129862
2037,910691,5.428435,3.34375,1.8658102,0.1899616
2037,910692,5.3038,3.546875,1.2321006,0.12355267
2037,910698,3.241323,2.984375,0.88392556,0.089762606
2037,910702,7.413197,6.0625,0.7888171,0.10501729
2037,910780,4.53424,2.984375,1.5743856,0.16260009
2037,910900,4.593975,3.8125,0.56081134,0.056363482
2037,910910,6.703101,4.53125,1.3800933,0.13839309
2037,910911,5.634301,4.6875,0.9088352,0.09135561
2037,910922,3.441895,3.15625,0.9776701,0.09843973
2037,910927,5.42593,3.4375,0.61173224,0.062316746
2037,910933,5.283559,2.453125,1.5195601,0.15352535
2037,910935,1.654431,1.28125,0.28263003,0.029568821
2037,917486,4.629386,3.71875,1.0440667,0.10471573
2037,924240,3.335628,3.421875,0.7532113,0.07712855
2037,925348,4.495566,5.65625,3.3228135,0.33456776
2037,930082,5.425742,3.34375,1.8584119,0.19156529
2037,946382,4.842976,3.828125,0.7690253,0.07744848
2037,949093,6.63053,5.65625,1.396413,0.17992525
2037,1240143,5.153458,3.703125,2.0006313,0.20517309
2037,1240146,3.682881,4.78125,1.4394195,0.14785527
2037,1240169,6.130603,4.375,3.1088967,0.31289932
2037,1240172,6.314839,4.8125,1.4505805,0.14642215
2037,1240183,5.824956,4.21875,0.9752891,0.109356254
2037,1240187,3.145341,3.703125,0.97017115,0.09755356
2037,1240192,5.82286,3.796875,0.9445974,0.09592383
2037,1240215,6.183303,4.40625,1.6391288,0.17197326
2037,1240219,6.624727,4.46875,1.2441677,0.12519628
2037,1290797,2.678776,3.5625,0.55845034,0.05647843
2037,1290922,4.204828,3.390625,1.461351,0.15427543
2037,1298136,6.983525,4.875,1.4353032,0.14398256
2037,1298169,4.437613,3.984375,1.0788903,0.10873022
2037,1298218,6.221945,4.8125,0.7268648,0.07400346
2037,1298358,6.435269,4.1875,1.1807796,0.11823306
2037,1298359,4.987672,3.765625,0.64419645,0.06730461
2037,1299052,4.650496,3.703125,2.132468,0.21711053
2037,1327766,2.132387,2.296875,0.8873382,0.09015279
2037,1330931,3.661821,2.328125,0.19461195,0.020230537
2037,1330942,3.697434,3.21875,0.54203326,0.055587772
2037,1330972,3.936837,3.1875,1.0639962,0.10929229
2037,1330995,4.159756,3.125,0.53859675,0.05429293
2037,1331033,1.188903,1.84375,0.6747826,0.07069463
2037,1331048,1.751153,2.21875,0.55410343,0.056446135
2037,1503361,4.129371,3.71875,1.0554273,0.10620399
2037,1503367,4.952177,2.84375,2.603129,0.26474386
2038,684072,2.516416,3.40625,0.38334194,0.03951493
2038,687505,4.786214,3.8125,0.26548856,0.029974753
2038,687562,3.12439,3.71875,0.23378049,0.027244557
2038,687777,6.001987,5.75,0.19990045,0.022650924
2038,687798,5.240233,5.5,0.11346407,0.011978449
2038,688023,1.343478,3.65625,0.62489724,0.06324418
2038,688027,3.068662,3.625,0.24988018,0.02610708
2038,713899,1.102427,2.8125,0.1291498,0.015259039
2038,722066,4.763187,4.625,0.11166252,0.012478967
2038,724868,3.496451,3.296875,0.19963899,0.022791479
2038,749712,3.581053,3.828125,0.33478877,0.034761727
2038,753556,3.213245,3.953125,0.3276819,0.034593515
2038,753562,4.058469,3.859375,0.09238219,0.017703861
2038,753618,2.629484,3.140625,0.42496762,0.04388999
2038,753620,4.790562,4.03125,0.44512662,0.04506712
2038,905937,4.080267,4.375,0.16117573,0.018012369
2038,905938,2.025609,2.828125,0.4316419,0.046882562
2038,905942,4.615999,5.125,0.06852985,0.009459955
2038,905946,5.356963,5.0625,0.16683374,0.017213527
2038,905951,5.590863,4.625,0.16905731,0.018716278
2038,905960,4.680312,4.28125,0.24911836,0.027342213
2038,905973,5.644734,5.15625,0.12227341,0.014940918
2038,905974,2.060979,3.828125,0.21696402,0.022554107
2038,905986,5.232399,4.65625,0.15389933,0.01756968
2038,906696,4.753134,4.84375,0.48541003,0.049670003
2038,906790,2.507347,3.09375,0.12919989,0.015493152
2038,906800,1.452553,1.015625,0.29505613,0.032384153
2038,906804,2.9767,2.671875,0.26537475,0.026838467
2038,906805,5.617044,5.21875,0.11296102,0.014360037
2038,906808,2.890727,4.34375,0.14501905,0.014748752
2038,906832,1.752707,3.234375,0.24350469,0.024972422
2038,906835,6.012301,7.25,0.129527,0.014573026
2038,906846,1.11493,2.109375,1.092252,0.1131574
2038,906868,5.136955,5.0,0.23588654,0.024550704
2038,906871,4.10677,4.25,0.33873737,0.034766357
2038,906999,4.395607,4.96875,0.18700618,0.019538105
2038,907047,3.861278,3.984375,0.059325594,0.0122410795
2038,907056,2.759263,2.90625,0.33786735,0.034158163
2038,907173,5.476218,5.28125,0.18627712,0.019732075
2038,907274,3.049713,1.734375,0.47633994,0.05273543
2038,907290,6.118041,5.5625,0.1780251,0.022204408
2038,907311,2.552558,2.046875,0.7605338,0.08100401
2038,907319,4.710401,4.03125,0.22543369,0.029147645
2038,907320,4.71571,5.125,0.13821696,0.016490564
2038,907790,4.074937,3.8125,1.1190712,0.11535399
2038,908148,1.884034,1.234375,1.0681492,0.1077885
2038,908159,3.477399,2.125,0.46390724,0.047775712
2038,908444,4.21093,4.46875,0.26415658,0.027527133
2038,908446,2.016804,2.140625,0.5986756,0.060188413
2038,908459,5.17501,5.59375,0.28260744,0.02889785
2038,908460,4.735976,6.78125,0.13445416,0.02558376
2038,908470,7.062557,6.03125,0.21517931,0.033508327
2038,908471,4.530515,3.765625,0.28291273,0.03255479
2038,909248,4.202353,4.46875,0.2048319,0.022481512
2038,909249,1.900115,1.984375,0.33269867,0.033513553
2038,909250,4.3134,5.15625,0.21549073,0.022034874
2038,909264,4.871323,4.8125,0.11250768,0.013389846
2038,909699,7.217714,6.21875,0.32032844,0.034054045
2038,909718,3.695656,4.5,0.799663,0.08171365
2038,909731,4.062203,3.203125,0.43072852,0.043957077
2038,909735,3.813316,4.5625,0.1492925,0.020353133
2038,909737,2.550461,4.875,0.58681965,0.05934754
2038,909745,5.287266,5.78125,0.1650986,0.018575171
2038,909748,4.99399,5.09375,0.19351321,0.019564057
2038,909755,4.73784,5.09375,0.07329121,0.00876639
2038,909905,5.046857,5.1875,0.3562545,0.03672275
2038,909907,5.261396,5.25,0.19840318,0.02210141
2038,909976,2.730331,2.78125,0.47543836,0.049482886
2038,910710,1.64895,1.65625,0.33282456,0.03829815
2038,910852,3.677629,4.9375,0.18743259,0.024405958
2038,910910,4.891118,5.8125,0.32555443,0.033440523
2038,910921,4.570392,5.15625,0.92253596,0.09453751
2038,910924,3.926124,4.53125,0.36931854,0.04088713
2038,910933,4.996235,4.46875,0.37473056,0.040413417
2038,924151,5.230562,4.6875,0.20114979,0.021345256
2038,925338,3.830038,4.90625,0.10057918,0.014125929
2038,930082,4.882375,3.875,0.1178267,0.019777901
2038,930083,7.620204,7.5,0.1200906,0.018210705
2038,946361,3.241232,3.9375,0.11477829,0.013154714
2038,946382,4.805042,4.34375,0.05879595,0.010448803
2038,1240121,4.627762,4.40625,0.2136197,0.026251549
2038,1240127,5.390976,4.5,0.1641273,0.018810594
2038,1240143,4.824802,5.09375,0.094189964,0.014510331
2038,1240158,5.371726,4.96875,0.24654315,0.025303992
2038,1240160,5.692758,5.4375,0.13377069,0.013789097
2038,1240186,4.976673,5.125,0.09564877,0.009967333
2038,1240187,3.735164,5.15625,0.18143281,0.019035473
2038,1240201,4.867169,4.8125,0.084146865,0.013708651
2038,1240212,5.042666,5.03125,0.074751236,0.013284265
2038,1240223,6.544541,6.0,0.14355817,0.016730133
2038,1290722,4.460095,5.21875,0.15860695,0.01695949
2038,1290908,4.573159,4.71875,0.253494,0.033494018
2038,1295740,1.339523,2.296875,0.20890887,0.022168621
2038,1297446,2.243827,2.453125,0.1498446,0.016401567
2038,1298157,2.892541,4.40625,0.17218086,0.021039246
2038,1298219,4.703438,5.0625,0.09222292,0.010747572
2038,1298358,5.058331,5.8125,0.18829858,0.019087443
2038,1298365,5.215171,4.78125,0.3009892,0.03167424
2038,1298537,3.983898,4.6875,0.18141195,0.022105476
2038,1299050,5.212851,4.25,0.087318815,0.012662701
2038,1330964,4.254594,4.59375,0.1474591,0.016590562
2038,1330983,2.304205,1.828125,0.44349593,0.045715608
2038,1331033,1.584313,1.53125,0.47671378,0.05118616
2038,1331038,2.381206,2.78125,0.41289333,0.048554774
2038,1503361,5.092786,4.65625,0.33154568,0.033793982
2038,1659928,3.229498,4.1875,0.36454394,0.036808085
2038,1660035,4.776111,4.78125,0.053474307,0.011118623
2038,1674021,3.459933,5.09375,0.22618401,0.024628438
2039,684072,3.640021,2.875,0.350618,0.037490804
2039,687448,5.007893,4.5625,0.4844471,0.048977282
2039,687505,2.080575,3.25,0.24252473,0.027286354
2039,687590,3.794232,3.28125,0.30454257,0.035188295
2039,687777,3.544044,4.1875,0.44074088,0.047426406
2039,688006,4.115059,3.65625,0.1642951,0.018549595
2039,688023,3.070725,2.953125,0.44642156,0.048370022
2039,713899,2.791381,3.765625,0.1882876,0.020352887
2039,724838,4.803989,3.796875,0.16798072,0.022031702
2039,724863,4.38652,3.984375,0.34059495,0.03495701
2039,724873,3.968541,3.421875,0.21944152,0.02351248
2039,724874,3.633062,4.625,0.28554899,0.029219048
2039,735784,4.199699,3.59375,0.095295094,0.011779164
2039,749716,3.482281,2.328125,0.22007792,0.029412465
2039,753569,3.524389,3.4375,0.2944267,0.03672275
2039,753576,4.35149,4.3125,0.28605667,0.028940411
2039,753586,3.237348,3.796875,0.20072189,0.022915104
2039,753605,3.417227,3.4375,0.20706218,0.022382319
2039,753608,3.164145,3.03125,0.21402077,0.022222167
2039,753612,4.724542,3.921875,0.20208725,0.021524193
2039,753618,2.278891,2.96875,0.23223902,0.024600757
2039,753620,2.979801,3.1875,0.35858384,0.03723241
2039,905935,4.349454,4.21875,0.19503288,0.022099376
2039,905941,6.919928,5.21875,0.47677484,0.050980475
2039,905942,3.915335,2.890625,0.17025231,0.02806559
2039,905943,2.248935,2.90625,0.15121657,0.017072974
2039,905970,4.44611,3.84375,0.6190602,0.06941337
2039,905972,3.741755,4.25,0.27192032,0.029135423
2039,905974,2.563851,3.671875,0.15931684,0.016112382
2039,905981,3.18243,2.421875,0.1558164,0.016628
2039,905990,3.881022,3.765625,0.0979323,0.013815299
2039,906794,2.559319,3.578125,0.14122505,0.01573197
2039,906800,3.374988,2.765625,0.218628,0.022727085
2039,906814,2.973846,3.453125,0.29226455,0.03066366
2039,906825,2.975013,2.546875,0.102910995,0.015368102
2039,906826,5.111131,4.78125,0.2613324,0.027459025
2039,906827,3.088681,3.65625,0.35931614,0.03902694
2039,906831,3.808015,2.859375,0.29110143,0.029853666
2039,906833,2.678269,3.265625,0.14548634,0.016012814
2039,906837,1.000436,2.75,0.10045661,0.0144317625
2039,906856,-0.173751,2.171875,0.43522966,0.04513947
2039,906875,4.630788,2.9375,0.4360635,0.04827644
2039,907056,3.786061,3.765625,0.32429338,0.03359682
2039,907060,2.325,2.84375,0.12863995,0.015675081
2039,907063,3.678254,3.234375,0.47197503,0.049745925
2039,907072,1.95314,2.765625,0.5175812,0.053454977
2039,907171,3.330152,3.390625,0.13296957,0.014554473
2039,907175,1.222076,2.484375,0.17318451,0.017642187
2039,907271,2.969308,4.0625,0.26337767,0.027228598
2039,907273,-0.832685,2.609375,0.329882,0.035497315
2039,907274,4.290839,2.921875,0.39033872,0.03958478
2039,907276,4.101333,4.375,0.22790097,0.023585357
2039,907278,2.100431,3.0,0.1926972,0.023546191
2039,907286,2.726335,3.296875,0.15064035,0.019830164
2039,907290,3.458761,4.15625,0.4298505,0.044268362
2039,907298,2.386846,3.015625,0.55675095,0.057236705
2039,907317,2.607156,2.421875,0.40487927,0.0513018
2039,907783,2.173644,2.140625,0.7115358,0.078095265
2039,907791,2.63943,3.0625,0.31222025,0.03525095
2039,907794,4.700863,3.890625,0.25897738,0.027340349
2039,907799,2.504335,2.5625,0.06748936,0.0074281525
2039,908134,2.849961,2.953125,0.21121423,0.022727938
2039,908148,1.890802,2.453125,0.6112232,0.061613996
2039,908159,2.981843,2.671875,0.30639464,0.032829236
2039,908457,3.645303,4.15625,0.3019652,0.030572653
2039,908458,3.9193,3.71875,0.60824764,0.06112157
2039,908472,4.659442,3.296875,0.1378533,0.014936481
2039,908475,3.569925,3.484375,0.3849889,0.039264925
2039,909250,4.990156,4.15625,0.25587487,0.025774905
2039,909257,2.769855,2.875,0.13035282,0.020991445
2039,909698,2.994856,3.125,0.19172564,0.021646615
2039,909718,3.898489,3.640625,0.39520594,0.041082926
2039,909735,3.717078,3.0,0.10567624,0.019288411
2039,909738,4.872564,3.6875,0.32167247,0.033325292
2039,909743,2.828204,3.203125,0.42091253,0.04370411
2039,909761,2.87002,3.34375,0.20918752,0.02337798
2039,909771,1.676275,2.953125,0.29824296,0.030071817
2039,909774,3.840922,4.3125,0.7312122,0.07341704
2039,909781,5.004543,5.375,0.1859745,0.020852763
2039,909784,5.295992,4.375,0.540033,0.05434164
2039,909785,2.528584,2.875,0.3048833,0.03148787
2039,910546,3.078413,4.28125,0.64688283,0.065335825
2039,910554,3.69101,3.0625,0.13862227,0.016154908
2039,910692,2.815475,3.6875,0.3306263,0.033933878
2039,910701,2.72205,3.265625,0.1730528,0.027095905
2039,910702,6.494548,5.1875,0.52960247,0.058127005
2039,910779,3.470008,4.28125,0.22449616,0.023739733
2039,910780,2.618661,2.953125,0.12873092,0.01520955
2039,910781,3.95708,3.296875,0.20535329,0.021914348
2039,910910,2.58421,3.953125,0.65546143,0.0660572
2039,910925,2.737914,2.625,0.18981864,0.02326005
2039,910935,0.930748,2.15625,0.16389962,0.018039454
2039,910943,3.044537,4.375,0.24689004,0.025245592
2039,910947,1.858485,2.109375,0.33405527,0.034855634
2039,917486,2.746058,3.296875,0.2270373,0.023184584
2039,924104,3.971437,3.15625,0.22478968,0.026083302
2039,924151,2.388149,2.90625,0.14620477,0.016893195
2039,924240,2.495206,3.328125,0.16705906,0.017431093
2039,924247,2.858648,2.59375,0.178649,0.019064588
2039,924248,2.439302,3.171875,0.21923944,0.023036186
2039,925338,2.77988,3.25,0.13614306,0.017481752
2039,925340,5.007654,3.984375,0.33751,0.034068387
2039,925346,3.580671,3.546875,0.17640503,0.025703946
2039,930297,2.326379,3.375,0.17169613,0.01768221
2039,930301,0.771159,3.046875,0.40537968,0.043526806
2039,946353,3.449932,3.171875,0.12277676,0.01763831
2039,946361,2.758106,3.34375,0.15080032,0.017087338
2039,998184,3.070703,2.59375,0.1978892,0.021843376
2039,1240173,2.900246,3.078125,0.18110068,0.023839932
2039,1240187,4.2467,4.3125,0.17928015,0.01823318
2039,1240209,3.771601,3.125,0.3986209,0.040424686
2039,1240217,3.066142,2.859375,0.57450396,0.0639977
2039,1240220,4.397245,3.640625,0.38927594,0.040670928
2039,1240221,2.102534,2.765625,0.2517464,0.02741184
2039,1240224,3.243269,3.78125,0.3192816,0.040325332
2039,1290730,2.666494,3.421875,0.09747884,0.022303492
2039,1290769,4.147919,3.71875,0.6334329,0.0662699
2039,1290798,4.958045,3.640625,0.19785276,0.025151802
2039,1290806,4.384232,2.90625,0.48782143,0.049666002
2039,1290905,3.51861,4.28125,0.48142374,0.05066205
2039,1297449,2.561712,2.34375,0.23946169,0.02614144
2039,1298134,2.944882,2.484375,0.14931564,0.02636214
2039,1298136,3.821009,4.4375,0.28970882,0.029226823
2039,1298144,3.11351,3.328125,0.3866146,0.03971254
2039,1298146,3.182564,3.390625,0.3719685,0.03811773
2039,1298169,3.874145,4.0625,0.19647914,0.020377666
2039,1298219,3.524768,3.421875,0.15142934,0.018829871
2039,1298347,2.82652,3.796875,0.0676863,0.008317913
2039,1298526,3.593137,5.1875,0.19193976,0.021381406
2039,1298539,4.469534,4.40625,0.18199246,0.021659419
2039,1303897,4.741513,3.546875,0.17545566,0.020447439
2039,1327768,2.262015,2.515625,0.1239105,0.015804183
2039,1330950,2.409872,2.828125,0.42351612,0.04361601
2039,1330994,2.35096,2.515625,0.54041433,0.055654835
2039,1331040,2.059122,2.09375,0.2379344,0.030657409
2039,1480362,4.81481,3.953125,0.1355073,0.020034999
2039,1480372,3.221045,4.46875,0.3096733,0.033322733
2039,1659817,3.407794,2.96875,0.33199573,0.033782613
2040,687455,0.684534,1.453125,0.68767023,0.07124269
2040,687459,1.192539,0.74609375,0.816923,0.08991385
2040,687505,1.819886,1.34375,0.18759255,0.020325758
2040,687562,0.288015,0.74609375,0.07928451,0.0089838095
2040,687586,0.92721,0.43359375,0.14051877,0.015154472
2040,687590,0.957609,1.25,0.3230022,0.03335916
2040,687592,0.924064,1.375,0.086257346,0.009169999
2040,687777,2.917937,2.078125,0.6316883,0.06551501
2040,687816,0.106267,0.5625,0.45145193,0.049034223
2040,688013,1.109154,-0.14648438,0.4245761,0.052175805
2040,688025,2.137702,1.40625,0.7256183,0.08593725
2040,688086,-0.143912,0.048828125,0.6433761,0.07166981
2040,713880,-0.21545,0.21875,0.18565023,0.024260856
2040,713899,-1.040988,0.56640625,0.6201124,0.06886208
2040,717431,0.01179,-0.11230469,0.52852947,0.0545857
2040,724866,3.250186,1.515625,0.74448776,0.08011142
2040,724869,1.160738,1.609375,0.20430335,0.022303293
2040,724872,1.209256,1.453125,0.21738946,0.023611644
2040,749712,0.670516,0.5390625,0.1306162,0.013270492
2040,749715,1.919191,1.28125,0.22551133,0.024019077
2040,753540,0.60025,0.64453125,0.10598724,0.011136417
2040,753541,-0.128677,0.15234375,0.15339908,0.016338445
2040,753556,0.676204,0.41015625,0.231462,0.02465288
2040,753562,0.761466,0.69921875,0.37885556,0.04531506
2040,753574,1.384883,1.8125,0.12194544,0.013976141
2040,753586,1.769729,1.5625,0.14825048,0.016679598
2040,753620,0.770182,-0.021240234,0.51021236,0.056835845
2040,753622,1.161739,1.0625,0.062120948,0.0073931837
2040,905935,2.854852,2.546875,0.6669117,0.07131139
2040,905938,0.509017,0.29296875,0.63655984,0.06967604
2040,905940,-0.624047,1.3125,1.476346,0.15106837
2040,905944,2.773949,2.734375,0.23740904,0.027103437
2040,905948,1.479644,0.77734375,0.20111442,0.022872876
2040,905951,2.334491,1.484375,0.23682761,0.02492227
2040,905964,1.305961,0.609375,0.31222263,0.036075685
2040,905973,0.937639,0.44140625,1.4654869,0.16488129
2040,905991,1.855803,1.109375,0.21219881,0.023958119
2040,906793,0.456616,0.91015625,0.11910744,0.013705702
2040,906794,1.903933,2.828125,0.19463134,0.020362375
2040,906797,1.545855,1.265625,0.33830237,0.037807353
2040,906800,-1.665735,-1.234375,0.22072424,0.025956377
2040,906801,2.796941,2.90625,0.20176639,0.020949772
2040,906818,1.381541,1.46875,0.21148717,0.032070212
2040,906820,-0.947667,-0.70703125,0.31146747,0.032993317
2040,906827,1.737417,0.33203125,0.1747366,0.03578117
2040,906832,1.312166,0.46875,0.82947516,0.08702645
2040,906835,3.515213,1.875,1.3871334,0.1787296
2040,906855,-1.52758,-0.3671875,2.203577,0.2387588
2040,906863,1.630321,1.484375,0.07730579,0.008484767
2040,906870,-2.295433,-1.296875,1.7894546,0.18518975
2040,907000,0.548176,0.2578125,0.09922886,0.010340406
2040,907046,0.752938,0.8046875,0.07780169,0.008128596
2040,907053,2.901134,0.96484375,0.14265126,0.014718434
2040,907060,1.471705,1.15625,0.081553295,0.009658612
2040,907064,3.196815,2.078125,0.6355528,0.06795825
2040,907065,2.541438,1.609375,0.24859327,0.02652872
2040,907066,2.642859,3.28125,0.6026204,0.06361889
2040,907275,-4.401578,-1.140625,1.1986083,0.13018622
2040,907311,-2.603876,0.0107421875,0.9241506,0.09806737
2040,907317,1.126987,-0.31640625,0.3631262,0.040450968
2040,907321,2.691956,1.609375,0.43053967,0.046880055
2040,907794,0.400198,0.6796875,0.22927903,0.026383154
2040,908123,0.927917,0.97265625,0.12742299,0.014065185
2040,908124,0.863636,1.09375,0.22725073,0.023149876
2040,908125,2.833644,2.3125,0.21324177,0.023404546
2040,908126,-2.011961,-0.026367188,1.7827389,0.20200397
2040,908131,0.481272,0.29296875,0.29403377,0.031146586
2040,908132,0.728328,-0.37109375,1.0548127,0.123475954
2040,908133,0.368757,0.60546875,0.19419193,0.020163301
2040,908134,0.461088,0.42578125,0.14848159,0.016438346
2040,908138,1.282077,1.421875,0.090450935,0.009283445
2040,908147,-1.264879,-0.2890625,0.09483574,0.010669929
2040,908159,0.611989,0.20605469,0.21978787,0.022820974
2040,908454,-0.090491,-0.042236328,0.26055166,0.028370619
2040,908462,0.470981,1.09375,0.18391812,0.02076511
2040,908471,0.330322,0.63671875,0.94555974,0.10378077
2040,908481,0.814689,1.78125,0.40150326,0.045019362
2040,909262,1.912373,0.640625,0.3608591,0.038746502
2040,909707,1.283397,0.47265625,0.42142603,0.048899855
2040,909712,0.971852,1.03125,0.092274785,0.00959226
2040,909715,-0.622922,0.0,0.50521725,0.05239818
2040,909720,0.7011,1.828125,0.2895569,0.03481245
2040,909722,-0.076635,-0.80859375,0.33207393,0.03452015
2040,909743,0.766834,0.2578125,0.44347343,0.049096793
2040,909747,2.127199,1.484375,0.8380918,0.10129348
2040,909748,0.997895,2.125,0.4018332,0.040477645
2040,909750,0.812087,0.11035156,0.2538382,0.030930785
2040,909751,-1.196559,0.15820312,0.6522956,0.067002945
2040,909753,1.642152,1.609375,0.25083795,0.02617266
2040,909755,1.385829,1.46875,0.48054644,0.050993774
2040,909759,-0.043343,-0.12109375,0.11636316,0.01309197
2040,909761,0.370356,1.46875,0.37084016,0.037920035
2040,909762,-0.036652,-0.75390625,0.3024466,0.030926494
2040,909784,1.657605,1.375,0.37218785,0.03904901
2040,909975,3.135947,2.96875,0.34861535,0.036686122
2040,910399,0.292958,0.4765625,0.15207241,0.019945232
2040,910691,2.791283,2.0,0.122843444,0.012674707
2040,910697,0.870262,1.71875,0.0727879,0.008599885
2040,910704,1.078181,1.171875,0.15353407,0.016521202
2040,910861,-0.351085,0.58203125,0.17375089,0.01810617
2040,910905,1.513962,1.65625,1.1205316,0.11378994
2040,910906,-0.709065,0.50390625,0.6150952,0.0636559
2040,910916,0.903321,1.015625,0.3641822,0.03871613
2040,910919,-0.418039,-0.016601562,0.15584505,0.017253552
2040,910925,0.774696,0.75390625,0.12328979,0.014305839
2040,910926,0.526276,0.17382812,0.11066985,0.01278732
2040,910931,-1.00845,0.21875,0.18260376,0.020041842
2040,910934,-1.047441,-1.25,0.57513195,0.060009792
2040,910943,-0.021613,0.70703125,0.27744433,0.030287912
2040,925341,0.770757,1.640625,0.91111934,0.09848714
2040,930082,0.692789,0.95703125,0.26481178,0.03167424
2040,949093,8.028003,3.34375,1.0410417,0.12793276
2040,949176,0.080749,0.84765625,0.18687607,0.018935386
2040,1240147,-0.673706,0.07324219,0.37897032,0.040008057
2040,1240157,1.758007,1.171875,0.17030796,0.018326174
2040,1240159,1.183183,1.25,0.17927696,0.019472076
2040,1240168,1.013852,0.59375,0.62899345,0.06686815
2040,1240174,2.127466,1.15625,0.13557296,0.014467715
2040,1240184,3.796647,1.34375,0.24874298,0.030226551
2040,1240189,0.384339,0.26757812,0.316957,0.037911348
2040,1240192,0.710749,1.671875,0.16937001,0.017672222
2040,1240196,0.979717,1.109375,0.23715824,0.03077138
2040,1240207,1.394663,1.859375,0.07631132,0.012014589
2040,1240217,0.652339,1.25,0.6685587,0.06975803
2040,1240223,2.834181,2.046875,0.72341526,0.074569725
2040,1240224,1.226265,2.96875,0.1362631,0.01469551
2040,1247871,-0.644541,0.15429688,2.3841147,0.27547193
2040,1295740,-2.174986,-0.4609375,1.3607816,0.15658523
2040,1295741,0.660764,-0.23632812,0.26871473,0.027496465
2040,1298141,1.334167,2.515625,0.5645423,0.06638814
2040,1298145,1.06902,0.33984375,0.14633799,0.015679665
2040,1298347,1.114578,3.1875,0.20975061,0.021684505
2040,1298349,1.307088,1.359375,0.24860886,0.025094673
2040,1298362,1.710119,0.8828125,0.13485886,0.019556811
2040,1298365,1.11409,1.59375,0.17569403,0.018825073
2040,1298537,1.203599,0.6328125,0.2329352,0.025788175
2040,1299052,5.146515,2.484375,0.5305357,0.053714413
2040,1330931,-0.583281,0.26171875,0.35947144,0.03868132
2040,1330947,-5.850523,-2.28125,1.6521803,0.20934592
2040,1330975,2.596169,3.484375,0.17266391,0.017542504
2040,1330983,-2.407137,-0.2734375,0.46541455,0.049666878
2040,1330991,0.145682,-0.22753906,0.1545001,0.016365979
2040,1331036,-0.179986,-1.46875,0.22872388,0.024723833
2040,1331037,-0.142746,-0.07324219,0.2062211,0.021844715
2040,1331038,1.890383,1.546875,0.25564966,0.027080614
2040,1331048,-0.285362,0.2421875,0.36552387,0.038189348
2040,1480359,-0.200743,-0.08300781,0.09284455,0.0110225715
2040,1480360,0.253192,0.98828125,0.13111901,0.0141092045
2040,1480362,3.875505,2.609375,0.25922439,0.027558085
2040,1480372,2.730237,2.640625,0.23700753,0.025196215
2040,1503361,-0.00617,1.265625,0.14459378,0.015704978
2040,1503371,1.831366,1.625,0.2134323,0.022732548
2043,684052,4.04636,4.3125,0.11390585,0.013659149
2043,687505,4.87656,4.90625,0.15509571,0.017996415
2043,687588,4.162828,5.4375,0.22648393,0.02651212
2043,687798,4.419909,4.625,0.20135993,0.02153097
2043,687800,4.978529,5.8125,0.2120422,0.024935398
2043,687815,5.064468,4.4375,0.38853514,0.04624063
2043,687816,5.557796,5.46875,0.3205088,0.03303808
2043,687821,6.420001,6.25,0.2237841,0.029568465
2043,688018,5.754431,5.75,0.5553698,0.06530949
2043,688031,4.932588,4.78125,0.28456998,0.033019863
2043,688086,2.412197,4.53125,0.17303264,0.021143325
2043,688121,5.951014,5.75,0.15297814,0.016936159
2043,713880,4.542352,4.3125,0.12523276,0.014469987
2043,724828,6.055984,5.78125,0.3212807,0.03335916
2043,724831,6.059403,6.0625,0.09978357,0.013387621
2043,724878,6.555412,6.59375,0.13917866,0.014602274
2043,749709,4.799562,4.96875,0.21442793,0.023811739
2043,749711,4.525543,3.859375,0.39237803,0.041713618
2043,749716,5.198813,4.625,0.24666096,0.02599794
2043,753566,6.021548,5.25,0.19328935,0.020250257
2043,753569,5.967201,5.25,0.11632102,0.017198274
2043,753574,6.746467,6.5,0.14207292,0.015222674
2043,753575,6.094154,6.15625,0.14391999,0.015389046
2043,753604,3.200035,4.875,0.3525096,0.045264773
2043,753624,6.098766,5.1875,0.14706391,0.016141133
2043,905935,5.455039,5.59375,0.14615612,0.01889738
2043,905937,4.532592,4.96875,0.16987626,0.01962831
2043,905938,3.964282,3.953125,0.31620193,0.037821032
2043,905951,6.456649,5.75,0.13983664,0.015265621
2043,905955,4.990977,4.90625,0.3967584,0.043546576
2043,905959,6.614645,6.53125,0.17833813,0.023305308
2043,905969,6.327674,6.84375,0.12508938,0.017887667
2043,905972,6.249194,5.625,0.27445924,0.028974773
2043,905974,4.495088,5.46875,0.100913726,0.013333674
2043,905982,5.881593,5.40625,0.21849944,0.022859462
2043,905983,5.789531,5.34375,0.1409274,0.017269
2043,906791,5.494557,5.09375,0.3683358,0.04021031
2043,906794,4.524641,5.15625,0.08018363,0.010367412
2043,906808,5.291367,4.9375,0.29360718,0.030237278
2043,906817,6.349291,6.78125,0.077426724,0.009308754
2043,906821,5.501831,5.9375,0.15863815,0.016864786
2043,906825,4.421234,4.4375,0.17003942,0.030418305
2043,906826,5.631358,7.28125,0.18119584,0.02006013
2043,906830,4.525063,5.875,0.14363079,0.016738595
2043,906831,3.766366,4.28125,0.18372813,0.020110361
2043,906870,2.945764,4.65625,0.45402372,0.052682303
2043,906999,5.678123,5.40625,0.18658176,0.019730411
2043,907046,5.598125,5.125,0.17944591,0.019589666
2043,907047,5.026396,4.59375,0.06698811,0.012144598
2043,907060,4.433795,4.34375,0.13300212,0.01629785
2043,907066,4.057316,4.78125,0.3005425,0.033587456
2043,907067,4.395452,4.875,0.116883546,0.017724384
2043,907169,4.632701,4.90625,0.10342895,0.0114855515
2043,907173,4.621052,5.5,0.17812127,0.018189378
2043,907313,5.892616,5.5,0.16623692,0.019373093
2043,907322,3.865473,4.53125,0.10873462,0.012366462
2043,908124,5.017138,5.5,0.13323776,0.014043193
2043,908128,6.09792,6.0625,0.17407763,0.018691227
2043,908148,3.769123,4.71875,0.41746554,0.044380665
2043,908447,3.907737,5.03125,0.16995542,0.01797223
2043,908463,6.880258,6.84375,0.13378796,0.015962142
2043,908468,5.370376,4.6875,0.18977325,0.022875628
2043,908471,5.254484,4.3125,0.24363945,0.028393513
2043,909248,5.251552,5.21875,0.08990922,0.012411191
2043,909253,5.058699,4.84375,0.48844817,0.052677475
2043,909257,4.998785,5.15625,0.17197941,0.021134406
2043,909263,6.586504,6.59375,0.106277265,0.011877132
2043,909696,4.710507,4.375,0.08518761,0.011860292
2043,909704,4.632972,5.34375,0.16850139,0.018257217
2043,909717,5.421811,5.3125,0.16035397,0.021598943
2043,909718,4.77503,4.71875,0.412466,0.045947246
2043,909737,5.34804,6.28125,0.18050998,0.019056514
2043,909738,4.999079,6.125,0.22040054,0.022718912
2043,909744,4.905418,4.71875,0.17371388,0.018537937
2043,909748,5.954726,5.34375,0.20417975,0.020878276
2043,909751,5.40582,5.40625,0.5025576,0.05296931
2043,909755,5.719697,5.1875,0.12173231,0.015002955
2043,909778,5.523744,4.875,0.25426933,0.026677297
2043,909905,5.331267,5.25,0.19335306,0.024999753
2043,909976,3.328215,4.375,0.11619463,0.012863867
2043,910079,5.311697,5.0625,0.2713971,0.02890635
2043,910549,5.346357,5.125,0.28432626,0.029967843
2043,910689,7.083195,8.1875,0.19392908,0.040014792
2043,910697,5.35295,4.625,0.35428724,0.04518762
2043,910701,4.977781,5.5625,0.17767577,0.021361357
2043,910704,5.217632,3.890625,0.4025558,0.049613174
2043,910910,5.828911,5.6875,0.15670492,0.01628998
2043,910926,5.089166,4.6875,0.09717722,0.010665774
2043,910927,4.634199,4.71875,0.14412671,0.018444313
2043,910934,3.931137,4.46875,0.17102285,0.020254772
2043,910937,3.536962,4.15625,0.14984186,0.027725969
2043,910941,4.873428,4.15625,0.19724882,0.023089869
2043,924100,6.343533,5.84375,0.23433754,0.024091039
2043,924248,5.344321,4.1875,0.17684047,0.021731779
2043,925340,6.289073,5.90625,0.17105898,0.019245774
2043,925347,5.898882,6.25,0.08278975,0.009488516
2043,949179,4.145302,5.0,0.36773393,0.039022535
2043,1240159,5.309273,6.21875,0.26804927,0.030721067
2043,1240166,4.482008,4.5625,0.23868835,0.033822935
2043,1240172,5.477079,4.9375,0.14911328,0.016835503
2043,1240178,6.690284,5.34375,0.5610091,0.057447117
2043,1240179,4.368136,4.375,0.24030961,0.029881915
2043,1240184,4.727865,6.09375,0.13042289,0.016027562
2043,1240190,5.820175,5.5,0.21265952,0.028204445
2043,1240199,7.756094,8.5625,0.10885849,0.015566664
2043,1240215,4.911517,6.21875,0.16531888,0.024442695
2043,1240219,5.302462,5.46875,0.28516182,0.029159049
2043,1290722,4.469057,4.84375,0.16133505,0.01786135
2043,1290765,4.539322,5.21875,0.36108735,0.03921932
2043,1290908,6.15524,6.15625,0.21977383,0.025289392
2043,1290922,5.148795,5.03125,0.40040648,0.044603862
2043,1295740,4.5048,3.53125,0.46059594,0.058943797
2043,1295741,4.563509,4.5625,0.15840861,0.016644498
2043,1298134,4.230757,4.59375,0.14055067,0.017695002
2043,1298141,6.567414,6.375,0.39400914,0.056085765
2043,1298144,5.447361,5.40625,0.35458985,0.03714915
2043,1298157,4.25097,5.21875,0.16689393,0.019718507
2043,1298168,6.002992,5.21875,0.19709875,0.02513899
2043,1298219,4.334234,4.8125,0.13697676,0.01521096
2043,1298226,5.918391,5.6875,0.22189394,0.024965193
2043,1298347,4.936426,4.3125,0.35617188,0.039676283
2043,1298350,5.007159,5.25,0.19102304,0.020555245
2043,1298476,6.895404,8.3125,0.2752697,0.038491268
2043,1299050,5.899588,5.4375,0.2045804,0.023181215
2043,1299052,4.783354,6.375,0.19388734,0.019868739
2043,1299062,6.929984,7.0625,0.2939889,0.035075605
2043,1299070,4.877187,4.59375,0.13818303,0.016326314
2043,1299075,5.526431,5.25,0.28698403,0.029905925
2043,1327768,3.766372,3.4375,0.21235551,0.029438637
2043,1327771,3.434515,4.03125,0.45210853,0.052238766
2043,1330947,3.377572,2.3125,0.9457436,0.14194824
2043,1330982,4.271568,3.984375,0.26764086,0.029910494
2043,1331035,4.207224,3.78125,0.32405686,0.03472169
2043,1479995,4.82193,4.40625,0.27474377,0.032161396
2043,1480360,4.356486,4.6875,0.12971424,0.015677527
2043,1480372,6.256716,6.4375,0.12681165,0.014652422
2043,1503366,4.507738,5.0,0.20470679,0.021477321
2044,687455,3.753149,3.75,0.84910214,0.08563727
2044,687586,5.379078,4.15625,0.67821723,0.06925815
2044,687588,4.834127,3.515625,0.9849924,0.1003405
2044,687780,3.331616,3.765625,1.281176,0.13016637
2044,687787,3.067185,4.21875,0.3311635,0.034236453
2044,687794,3.346243,3.625,0.31742266,0.031887777
2044,687815,3.229805,2.765625,0.70628154,0.07294365
2044,687816,2.858768,4.46875,0.53247035,0.053747762
2044,687819,4.89891,4.5,0.18723007,0.01906224
2044,687820,5.878055,6.09375,0.605709,0.06685928
2044,687995,2.247221,3.125,0.3058969,0.031761833
2044,688013,1.782887,1.71875,0.78734285,0.081481725
2044,722046,2.968302,3.171875,1.2115345,0.123490006
2044,724812,4.614111,4.34375,0.40032256,0.041054748
2044,724831,5.50877,3.28125,0.56245977,0.05937911
2044,735784,4.197811,4.15625,0.30489898,0.031244732
2044,749709,4.292972,3.953125,0.52258736,0.053266596
2044,749710,3.25651,5.40625,0.6869322,0.06907305
2044,749712,3.884917,3.359375,0.62215763,0.06259357
2044,749715,4.363522,2.40625,1.3878862,0.14155017
2044,753534,4.176083,4.0625,0.40265894,0.04095129
2044,753541,2.485707,3.546875,0.45395792,0.0462183
2044,753555,2.193604,3.328125,0.20423456,0.02086973
2044,753556,2.462566,3.625,0.6609793,0.06722303
2044,753566,6.355521,4.78125,0.5898916,0.059637655
2044,753569,2.919515,4.3125,0.4329608,0.044671915
2044,753572,2.766244,3.171875,0.60337716,0.063914895
2044,753574,3.074696,4.84375,0.3453667,0.035536077
2044,753575,4.027476,5.78125,0.7110932,0.07276323
2044,753592,2.780459,3.3125,0.36117283,0.03688223
2044,753608,3.554997,4.65625,0.3746093,0.038417745
2044,753620,3.46505,3.859375,0.3888394,0.03903641
2044,753621,6.186078,4.90625,0.8215384,0.08583301
2044,753623,2.868864,4.28125,0.7221333,0.07250548
2044,905934,5.852133,4.03125,1.0880543,0.11324299
2044,905954,5.143633,4.03125,0.5063586,0.050768137
2044,905962,4.192429,4.53125,0.17743969,0.018211547
2044,905964,1.950661,2.484375,0.20917162,0.022046585
2044,905965,1.654177,1.734375,0.21613379,0.022043431
2044,905974,1.949057,2.5625,0.3228576,0.03281842
2044,905989,2.318111,3.0,0.8871353,0.090713486
2044,906790,3.333309,2.796875,0.32553244,0.03335916
2044,906792,2.209566,2.453125,1.0613767,0.10845688
2044,906798,3.406467,2.71875,0.4837583,0.053888958
2044,906800,1.385646,1.296875,0.11459167,0.012358322
2044,906817,4.442914,5.375,0.2561048,0.026532479
2044,906827,2.87867,2.9375,0.8421564,0.086729884
2044,906834,2.131101,2.53125,0.37101626,0.037419315
2044,906836,2.060689,1.171875,0.19171348,0.020381017
2044,906839,2.890492,3.921875,1.2706889,0.12805961
2044,906863,2.861063,3.640625,0.3717973,0.0383612
2044,906870,5.145165,2.828125,0.5645234,0.057177827
2044,906872,2.476744,3.875,0.47551307,0.04996367
2044,906875,4.056556,3.8125,0.3560016,0.035991523
2044,907000,2.648626,2.328125,0.38869038,0.039309897
2044,907042,4.801051,2.6875,0.43707848,0.04533122
2044,907062,3.630413,3.640625,0.62155473,0.06461261
2044,907176,3.366404,4.90625,0.29629743,0.029955471
2044,907269,2.442318,1.640625,0.46919426,0.0483202
2044,907271,2.810909,3.703125,0.8177432,0.08579556
2044,907282,3.375204,4.84375,0.38415095,0.038850807
2044,907285,5.186959,4.75,0.6486075,0.065335825
2044,907311,2.708321,2.21875,0.44614822,0.04594679
2044,907320,2.286731,3.421875,0.7771788,0.079765856
2044,907322,2.441444,2.4375,0.5278982,0.053388566
2044,908132,3.351671,1.953125,0.525049,0.054580525
2044,908133,2.873604,2.28125,0.36000153,0.036383744
2044,908135,4.307761,3.125,0.15951423,0.016068261
2044,908443,1.91039,3.390625,0.6222221,0.062950335
2044,908452,5.131756,4.34375,0.46999505,0.047516186
2044,908455,2.916204,3.359375,0.5167593,0.05240526
2044,908457,4.818102,4.03125,1.1826513,0.1187146
2044,908471,2.390818,3.5,0.38655582,0.03955466
2044,908472,5.514796,4.875,0.2708342,0.02777518
2044,908475,2.524827,3.390625,0.912403,0.09241286
2044,909248,1.71372,3.578125,0.5775606,0.05977146
2044,909249,1.962883,2.46875,0.21205619,0.021524193
2044,909704,3.106959,3.921875,0.41714782,0.042685013
2044,909715,2.050963,2.078125,0.5291773,0.0540385
2044,909731,2.988153,2.71875,0.28350216,0.028480178
2044,909755,5.461138,4.5,0.36917147,0.03820537
2044,909761,5.034518,3.734375,0.5779958,0.059230514
2044,909776,6.023264,5.1875,0.5525137,0.057120156
2044,909975,4.85534,4.8125,0.51168996,0.052435778
2044,910079,3.217959,4.28125,0.5693456,0.057392545
2044,910546,4.856984,3.828125,0.79970145,0.08053788
2044,910549,3.825927,3.359375,0.7954631,0.08020649
2044,910698,2.365126,3.28125,0.65520626,0.067879416
2044,910700,4.720815,4.53125,0.78878784,0.07921848
2044,910703,2.273112,2.875,0.29916275,0.030266356
2044,910704,4.649028,3.234375,0.7876277,0.08090408
2044,910710,2.073932,2.046875,0.26986817,0.028355906
2044,910784,3.770328,3.828125,0.8243531,0.083186686
2044,910900,2.372472,3.140625,0.38075233,0.0396773
2044,910906,2.325935,2.734375,0.23738162,0.024195975
2044,910921,3.784971,3.359375,0.66915774,0.06820631
2044,910930,1.97036,1.8125,0.24073455,0.024814943
2044,910931,2.401499,3.78125,0.45784804,0.04669581
2044,910935,1.719711,1.609375,0.09917919,0.010243072
2044,911905,3.886445,6.46875,0.5538086,0.057313383
2044,924102,3.125852,3.734375,1.3008296,0.1316052
2044,924106,1.63206,4.0625,0.72533196,0.07285547
2044,924187,4.38058,5.5625,0.828134,0.08336571
2044,925346,3.988524,4.28125,0.83446217,0.0860979
2044,930083,6.415807,5.8125,1.4367553,0.15274113
2044,930297,2.845925,3.609375,0.31569958,0.031939387
2044,946353,2.542322,4.53125,0.34834522,0.036346655
2044,946382,3.457704,3.25,0.22156559,0.022671891
2044,998189,4.036098,3.9375,0.57731503,0.058745354
2044,1240123,4.940654,3.8125,0.63742846,0.064008914
2044,1240129,5.237436,5.15625,0.50104415,0.050655235
2044,1240146,3.320285,4.21875,1.5009587,0.15317711
2044,1240158,4.882728,4.09375,1.1319773,0.11388514
2044,1240174,5.114817,3.515625,0.6957191,0.076151446
2044,1240182,4.761584,6.28125,0.3504287,0.03518914
2044,1240183,5.179788,4.96875,0.6009824,0.06511678
2044,1240192,2.580941,4.1875,0.37178746,0.037966173
2044,1240218,5.537199,5.71875,0.45029402,0.047537725
2044,1240222,3.199642,3.984375,0.6289375,0.06465784
2044,1240223,6.314417,4.78125,0.71475255,0.07223685
2044,1290455,2.414409,2.65625,0.20022598,0.020140449
2044,1290722,3.49907,3.640625,1.2570736,0.12610345
2044,1290769,6.608672,5.53125,1.1714045,0.119073085
2044,1290922,4.639041,3.828125,0.7129388,0.07579236
2044,1298141,2.260513,6.125,0.6686763,0.07015584
2044,1298151,4.73022,4.84375,0.5430907,0.054706857
2044,1298169,2.986492,3.984375,0.43788713,0.044582102
2044,1298350,3.603236,3.53125,0.32613102,0.03304552
2044,1298353,5.405291,4.34375,0.4465142,0.045658037
2044,1298358,5.149052,5.28125,0.46664515,0.046743225
2044,1298475,3.945651,4.75,1.3389983,0.13485041
2044,1298526,5.231315,4.84375,0.52712387,0.05603842
2044,1298537,3.474541,4.21875,0.49026656,0.05115486
2044,1298539,5.369481,5.34375,0.30906346,0.032019
2044,1299081,2.612788,2.84375,0.75298035,0.077476986
2044,1303896,1.521703,1.171875,0.5631242,0.058403943
2044,1303897,5.696806,3.265625,0.807408,0.08199225
2044,1303901,3.059844,3.921875,0.8281161,0.08296988
2044,1322212,2.308757,3.234375,0.96479034,0.09678303
2044,1323913,1.818261,2.390625,0.12794226,0.012910841
2044,1327768,3.877594,2.59375,0.22790472,0.024059996
2044,1330931,3.411861,2.34375,0.26420343,0.027803132
2044,1330984,3.037067,2.484375,0.21108723,0.021491181
2044,1331037,2.470463,1.1875,0.42268437,0.04477437
2044,1480359,3.462731,3.609375,0.69414157,0.0734032
2044,1480360,4.571457,3.390625,0.44814503,0.04592397
2044,1480361,4.405319,4.5625,0.5941105,0.05959825
2044,1480374,4.553093,4.71875,0.33722854,0.034169983
2044,1503364,3.460732,3.296875,0.5891383,0.061552227
2044,1660036,3.802432,4.28125,0.55629563,0.056024488
2045,683667,4.211545,4.15625,0.28269166,0.030167537
2045,684072,4.168447,3.9375,0.14344455,0.016030801
2045,687561,5.238889,3.9375,0.24307413,0.025502726
2045,687568,5.975455,5.625,0.30940878,0.031291816
2045,687596,4.970336,5.0,0.08390932,0.009049335
2045,687799,5.180499,4.96875,0.357603,0.04502139
2045,687983,4.856789,4.53125,0.18944007,0.01942787
2045,688013,5.077067,4.53125,0.27546766,0.02923159
2045,688015,3.120236,3.65625,0.24595402,0.025307136
2045,688023,3.435946,4.875,0.47880194,0.049658533
2045,688027,4.306695,5.46875,0.23712814,0.025461143
2045,688058,6.186459,5.625,0.18228674,0.020580923
2045,688087,5.540589,4.84375,0.4415908,0.0450656
2045,717431,4.817905,4.15625,0.37385082,0.0378965
2045,722058,3.927657,4.4375,0.18345585,0.020027423
2045,724838,5.065724,4.71875,0.2600716,0.027924655
2045,724855,6.336252,5.625,0.19292073,0.019700669
2045,724859,6.115887,5.625,0.32781994,0.034497738
2045,724863,5.722789,5.6875,0.32649103,0.034982506
2045,724866,5.670846,6.53125,0.36670753,0.040722042
2045,724868,4.958653,4.59375,0.091725335,0.010971302
2045,749715,3.908386,3.359375,0.46417183,0.05054215
2045,753534,6.477255,4.90625,0.2458028,0.02497335
2045,753554,4.459434,5.1875,0.15671772,0.017021816
2045,753569,4.979066,5.375,0.20257542,0.023217125
2045,753570,5.183292,4.53125,0.08991186,0.012016334
2045,753574,6.18322,6.0,0.23555128,0.024120359
2045,753575,6.108007,5.96875,0.24995352,0.025558846
2045,753600,4.198108,5.09375,0.15563916,0.016458333
2045,753614,5.778106,5.375,0.20591596,0.022538979
2045,753620,4.013097,4.625,0.15372927,0.01596199
2045,905935,6.270089,5.78125,0.10410947,0.012985188
2045,905941,7.128943,6.46875,0.3827605,0.043215238
2045,905944,5.642412,5.1875,0.15993626,0.018722076
2045,905949,5.121625,5.65625,0.34863555,0.035515264
2045,905960,5.195863,4.34375,0.22328487,0.023611644
2045,905963,5.438778,4.90625,0.41177893,0.041707087
2045,905974,5.392187,4.28125,0.17322922,0.018074894
2045,905982,4.686716,4.34375,0.27286148,0.02749889
2045,905989,5.346518,4.8125,0.23185374,0.025592446
2045,905990,5.787321,5.375,0.20222275,0.022019373
2045,906800,2.491389,2.015625,0.6416837,0.0692034
2045,906821,4.910091,5.625,0.10534392,0.011662589
2045,906828,4.440657,5.15625,0.12056328,0.013564524
2045,906832,5.266798,4.03125,0.4966968,0.05356706
2045,906833,4.07139,4.25,0.1364434,0.01493471
2045,906843,5.210585,4.75,0.49012217,0.05477414
2045,906852,6.37602,5.28125,0.295976,0.031146681
2045,906856,1.133749,3.171875,1.6026878,0.1628317
2045,906999,4.956087,4.53125,0.31810272,0.032622762
2045,907000,4.10117,3.875,0.19067055,0.0195695
2045,907048,3.374033,4.40625,0.22370197,0.024358176
2045,907053,4.366907,2.75,0.4768585,0.05042623
2045,907066,5.66233,5.4375,0.25912207,0.026845066
2045,907068,4.715068,5.5,0.08586659,0.009281721
2045,907071,5.410463,4.90625,0.23470114,0.023811867
2045,907073,3.266787,4.125,0.29817432,0.03004276
2045,907285,6.8774,6.8125,0.17282921,0.0176849
2045,907287,6.313362,6.0,0.31658062,0.03193774
2045,907290,5.591236,6.03125,0.2485281,0.02557199
2045,907298,4.812813,4.46875,0.4949416,0.050171223
2045,907311,4.187503,3.375,1.2157792,0.1252076
2045,907318,4.955827,4.78125,0.09988533,0.01159012
2045,907783,3.185652,3.515625,0.8693527,0.08866507
2045,908121,5.213575,4.21875,0.34923545,0.036809236
2045,908122,5.097825,4.1875,1.6879491,0.17125276
2045,908126,5.132361,4.90625,0.86999536,0.091413185
2045,908133,3.735171,3.59375,1.1503648,0.11567254
2045,908444,5.213952,4.96875,0.16840571,0.017808354
2045,908454,5.254444,4.59375,0.36660787,0.037568394
2045,908455,5.464454,5.625,0.15709452,0.016764397
2045,908459,4.518135,4.53125,0.4119265,0.042038273
2045,908465,5.112362,6.59375,0.151348,0.015679665
2045,908469,5.2344,4.5625,0.12757464,0.013294252
2045,908471,5.022219,5.03125,0.22822146,0.025505139
2045,908472,4.865652,5.59375,0.12535359,0.012986642
2045,908483,4.168482,4.15625,0.229304,0.023498086
2045,909248,5.669839,5.53125,0.14508472,0.015118936
2045,909250,4.448413,4.96875,0.31330284,0.032423556
2045,909253,3.717463,4.09375,0.94078785,0.09540658
2045,909264,5.001586,5.3125,0.21885566,0.022462282
2045,909696,3.344439,4.375,0.09949044,0.011155566
2045,909703,2.700301,3.359375,0.14390922,0.016771045
2045,909704,4.536606,5.34375,0.10468718,0.011016631
2045,909707,5.594089,4.78125,0.2904124,0.030023508
2045,909709,5.394395,5.34375,0.17717408,0.018396307
2045,909712,5.078906,4.53125,0.2488359,0.025394415
2045,909715,3.319262,2.625,1.3190062,0.13487418
2045,909718,4.776354,5.46875,0.32642773,0.033530228
2045,909719,5.204165,4.59375,0.24129222,0.026411165
2045,909722,4.147387,4.1875,0.19005777,0.019648615
2045,909726,4.336393,5.15625,0.35455912,0.03577908
2045,909742,4.482623,4.21875,0.5202825,0.05225231
2045,909750,3.258532,4.15625,0.3845687,0.03956972
2045,909755,5.031436,5.96875,0.09178613,0.009945078
2045,909771,2.005434,3.46875,0.48384807,0.048593175
2045,909774,5.945094,5.71875,0.3825012,0.038370643
2045,909777,3.290503,3.65625,0.5409077,0.05483071
2045,909781,7.700464,6.96875,0.08283788,0.01056557
2045,909905,3.890086,4.8125,0.27593684,0.028651023
2045,909907,6.504184,6.3125,0.20872445,0.02108138
2045,910079,5.995781,5.28125,0.3523057,0.03591003
2045,910554,5.443895,5.65625,0.16046962,0.016469823
2045,910697,5.182369,4.90625,0.31932372,0.035460178
2045,910706,3.278561,3.390625,0.23232917,0.0259642
2045,910779,4.802397,5.1875,0.17439619,0.018473545
2045,910784,4.342625,5.28125,0.47783503,0.04796511
2045,910911,4.627224,5.59375,0.12524033,0.015668921
2045,910919,2.12645,3.0,0.55801797,0.05694733
2045,910921,3.488545,4.9375,0.39388818,0.04238477
2045,910922,4.722194,4.8125,0.22946836,0.02343284
2045,910934,3.070022,3.078125,0.8526367,0.08583231
2045,910947,3.67827,3.125,0.3070403,0.03216755
2045,911905,5.805943,6.75,0.27988285,0.029453136
2045,924239,4.30855,3.484375,0.20775697,0.021164058
2045,925347,6.11275,5.90625,0.118599944,0.012343698
2045,930301,3.42484,4.71875,0.8656734,0.08695197
2045,946353,5.598079,5.4375,0.11293903,0.013878984
2045,946382,4.488739,4.28125,0.16147518,0.018364679
2045,949090,5.384838,4.84375,0.3850825,0.039143577
2045,1240122,5.549579,6.03125,0.12278162,0.012633462
2045,1240128,4.459052,5.0,0.12825304,0.015542617
2045,1240150,4.650457,3.890625,0.3510324,0.036407027
2045,1240172,5.608614,5.5625,0.1469846,0.015165536
2045,1240182,6.650922,6.375,0.17985886,0.018675072
2045,1240186,5.538065,4.78125,0.121109694,0.012725381
2045,1240187,5.013274,5.625,0.10620282,0.011027233
2045,1240191,3.135354,4.03125,0.22368461,0.022872733
2045,1240199,6.993423,7.5,0.14133774,0.018962802
2045,1240201,5.592973,5.09375,0.1988557,0.02182559
2045,1240210,4.760487,3.84375,0.42149922,0.042763676
2045,1240215,5.310943,4.78125,0.26789376,0.030703245
2045,1240224,5.353696,5.625,0.33746013,0.034852356
2045,1295741,3.699579,3.53125,0.5758167,0.057900053
2045,1297446,3.981308,3.765625,0.2801259,0.03058065
2045,1298145,4.735992,4.4375,0.5162717,0.052378926
2045,1298151,6.00343,5.6875,0.10448829,0.010874978
2045,1298218,5.969271,5.90625,0.09140571,0.010182272
2045,1298349,5.125545,4.15625,0.22697932,0.022998884
2045,1298351,3.843426,4.625,0.23156188,0.023766387
2045,1298534,6.465593,5.8125,0.3044012,0.03055225
2045,1298538,5.542575,4.5625,0.60210305,0.06251746
2045,1299081,5.746727,4.90625,0.3732346,0.038276765
2045,1327768,4.026192,2.984375,0.2634413,0.029254561
2045,1330933,3.707675,2.890625,0.57393366,0.060795993
2045,1330975,5.099307,4.40625,0.083348595,0.00856864
2045,1330982,0.973458,2.328125,1.0962948,0.114694625
2045,1330984,4.371399,3.140625,0.3969817,0.04084694
2045,1330994,-0.066713,1.703125,1.6678692,0.17242819
2045,1331036,2.811623,2.09375,0.55007285,0.059600696
2045,1331050,1.76753,1.890625,1.2317939,0.14485453
2045,1503367,4.242009,5.375,0.24896577,0.025475638
2045,1503371,4.951352,5.375,0.17155479,0.019740824
2045,1659819,2.199254,2.46875,0.8875087,0.09140051
2045,1659928,4.876301,5.15625,0.21156783,0.021505836
2045,1674021,5.24412,5.375,0.14161281,0.015586479
2046,687448,4.411333,3.34375,4.406982,0.45811993
2046,687505,3.58679,2.796875,0.56855553,0.058902398
2046,687506,2.002214,3.40625,0.5734643,0.058954913
2046,687561,2.363392,2.890625,0.36417386,0.037119728
2046,687787,3.692571,4.15625,0.8683887,0.0878238
2046,687798,3.220131,4.0625,0.7959048,0.0798659
2046,687812,3.315941,4.03125,1.3086064,0.13198115
2046,687815,3.086315,2.359375,0.17021912,0.019287704
2046,687821,4.5005,4.46875,0.73142654,0.10012665
2046,688015,1.847984,1.1875,0.35482875,0.03693002
2046,724812,3.813288,3.828125,0.26521632,0.026895946
2046,724866,5.080964,5.03125,0.7563436,0.088943295
2046,735784,4.796437,4.15625,0.43028212,0.05173137
2046,749715,3.922888,1.921875,1.0197521,0.103766054
2046,749716,-1.492619,3.171875,0.8042404,0.08360337
2046,753540,2.399552,3.03125,0.19517918,0.020365173
2046,753554,4.316612,4.5,0.2830652,0.028598862
2046,753555,2.729199,3.6875,0.25557336,0.025762921
2046,753556,0.720198,2.5625,1.1829199,0.12087679
2046,753605,2.501993,2.328125,1.1420925,0.11488147
2046,753608,2.319984,2.90625,0.51074994,0.05392008
2046,905934,5.177206,4.75,0.4640248,0.04924056
2046,905943,1.537631,2.28125,0.31992766,0.033338904
2046,905949,4.543701,3.328125,1.1107578,0.11229688
2046,905951,2.591551,4.125,0.84010726,0.08427543
2046,905957,1.420576,3.21875,2.0443716,0.2052905
2046,905960,3.94616,3.125,0.2781017,0.02854301
2046,905963,4.038911,2.5625,1.0650917,0.107479975
2046,905965,-0.817361,-0.328125,0.44996867,0.046668116
2046,905972,4.796622,4.21875,0.2829374,0.028951813
2046,905982,5.472585,3.5625,0.5394274,0.054135337
2046,905984,0.497712,2.640625,0.39122015,0.042097673
2046,906793,3.921372,2.640625,0.38469946,0.03868266
2046,906794,4.151765,3.703125,0.2212258,0.023969937
2046,906820,2.390035,2.046875,1.4797155,0.14895841
2046,906827,2.095946,3.5,1.6870962,0.17301875
2046,906833,2.82785,3.9375,0.30287445,0.03077178
2046,906836,-0.67974,-0.44921875,0.23302582,0.026707038
2046,906839,5.088346,5.15625,1.0044466,0.10076116
2046,906849,2.698561,2.21875,0.2830995,0.028685313
2046,906868,4.369016,3.703125,0.5368081,0.054349467
2046,907047,0.00169,1.8125,0.5089342,0.06580309
2046,907169,4.417618,4.40625,0.40781167,0.041305263
2046,907175,1.114351,1.6875,0.6818473,0.06856174
2046,907277,-0.283149,0.040527344,0.14133708,0.015744448
2046,907278,2.189582,1.296875,0.24475852,0.031985153
2046,907285,3.103634,5.34375,0.6819632,0.06922085
2046,907287,4.852661,4.53125,1.403253,0.14047812
2046,907322,1.189331,2.109375,0.5170715,0.052371655
2046,907323,1.211823,0.5390625,0.3689727,0.038498946
2046,907791,3.497914,3.734375,0.7563002,0.07691737
2046,907792,6.185987,5.59375,0.6215325,0.06256776
2046,908121,0.160727,3.703125,0.65653896,0.066471696
2046,908126,1.303361,0.98046875,0.404432,0.05158334
2046,908132,1.421381,0.43554688,1.0059146,0.107780635
2046,908156,-0.528143,-0.49414062,0.69304025,0.07457536
2046,908447,2.164671,2.125,0.44275597,0.04464306
2046,908451,1.328844,1.21875,1.169725,0.12025341
2046,908455,2.140141,3.65625,0.49769044,0.05008086
2046,908459,3.055494,4.28125,0.99948186,0.10063592
2046,908461,4.79116,4.3125,0.7863116,0.07922537
2046,909251,0.451976,0.171875,0.18755347,0.0195695
2046,909255,3.618111,1.765625,0.31155503,0.031266738
2046,909260,1.427341,0.83984375,0.22398467,0.022668889
2046,909262,2.025255,1.5,0.8366722,0.08461618
2046,909698,2.787022,3.640625,0.26576927,0.027883843
2046,909712,4.667602,3.296875,0.3508904,0.035338145
2046,909715,1.126221,0.89453125,0.92918694,0.094006024
2046,909728,1.863043,3.984375,0.6379683,0.06469723
2046,909745,3.559579,4.21875,0.7488269,0.077189155
2046,909748,4.958155,3.828125,1.1696217,0.117034756
2046,909753,4.416874,5.59375,0.9216743,0.09236704
2046,909757,4.728782,4.03125,1.7539419,0.17625007
2046,909761,1.062316,3.859375,0.62387735,0.06285919
2046,909781,6.380044,6.65625,0.119816154,0.015491734
2046,909784,4.184537,3.953125,1.8116162,0.18207371
2046,910399,2.189861,2.84375,0.74865633,0.07671907
2046,910554,4.732127,3.171875,0.5510652,0.055987746
2046,910698,2.078035,3.484375,1.1112564,0.1119654
2046,910907,1.860099,4.9375,0.3377109,0.036680296
2046,910911,4.814995,4.53125,0.3652063,0.038057286
2046,910916,4.261817,3.703125,0.18962635,0.020404952
2046,910921,3.028947,2.578125,1.3128371,0.13358927
2046,910933,3.078292,1.859375,0.5711147,0.059440732
2046,924110,2.838373,2.390625,0.2571848,0.027196452
2046,925346,1.983248,3.90625,0.5798308,0.06313588
2046,930083,5.469725,7.09375,0.3574532,0.039342742
2046,930301,5.488909,3.265625,1.3104254,0.13176711
2046,946361,4.577576,3.0625,0.21670122,0.022174139
2046,946382,4.063162,3.765625,0.1997586,0.02119763
2046,949179,3.44473,4.4375,1.6601211,0.16698922
2046,1240123,1.404255,3.21875,0.75980276,0.07608652
2046,1240127,2.866103,4.59375,0.20928772,0.021497758
2046,1240147,2.853434,1.3125,0.34069824,0.035296366
2046,1240150,3.853449,2.21875,0.58412915,0.05909646
2046,1240159,5.457341,4.4375,0.5896223,0.05965221
2046,1240160,5.409878,5.0,0.46709988,0.047329318
2046,1240166,-0.439675,1.359375,0.714424,0.07295552
2046,1240179,3.479034,3.890625,0.122679494,0.015445063
2046,1240183,5.067192,4.96875,0.46844253,0.054355383
2046,1240196,4.461397,4.59375,0.49580458,0.051421948
2046,1240215,4.876804,4.5,0.46140325,0.048631668
2046,1240221,3.119347,1.40625,0.80133766,0.08795154
2046,1240222,2.684434,2.609375,1.5493386,0.15811442
2046,1247871,1.596381,0.98046875,0.6125633,0.07203524
2046,1290730,4.009171,3.671875,0.5701694,0.060728405
2046,1290765,2.174813,3.765625,0.5036623,0.05064472
2046,1295740,1.076365,0.68359375,0.42730597,0.04496703
2046,1298144,2.520329,2.484375,2.070085,0.20852475
2046,1298151,3.093325,4.59375,0.2608645,0.02632422
2046,1298218,5.329358,5.1875,0.2317289,0.025297271
2046,1298226,3.135256,3.921875,0.2888232,0.03059464
2046,1298349,4.321698,3.203125,0.37467214,0.03777817
2046,1298357,3.815161,6.15625,0.2723387,0.027375333
2046,1299064,4.596607,3.28125,0.3587013,0.037996724
2046,1322212,3.081134,2.53125,0.9259345,0.092707716
2046,1327768,0.843955,0.38476562,0.3932512,0.040879726
2046,1330933,1.63206,-0.296875,0.25760147,0.030020632
2046,1330935,1.278173,0.80078125,0.7771354,0.07868156
2046,1330950,0.474713,0.84765625,0.16923727,0.017809482
2046,1330972,1.933864,2.015625,1.1457866,0.12251643
2046,1330982,-0.54115,-0.625,0.27249306,0.030658077
2046,1331037,2.630363,1.453125,0.5724711,0.0595819
2046,1331038,0.111992,1.03125,1.3343767,0.13663964
2046,1503364,1.728513,3.203125,0.8011267,0.082908206
2046,1503367,-0.8144,1.203125,4.409746,0.48399568
2046,1503371,2.742561,3.359375,0.40337634,0.045229383
2046,1659818,1.180213,1.625,0.26469418,0.027618432
2047,687506,1.620323,2.796875,0.62820816,0.075725414
2047,687563,2.740289,3.0625,0.6274176,0.07899042
2047,687800,5.228488,5.09375,1.2608641,0.13567667
2047,687807,5.437327,4.40625,1.7570424,0.21654752
2047,687815,3.823188,2.78125,1.2224786,0.13956238
2047,687816,3.86184,3.40625,0.5220594,0.064155445
2047,687821,1.157799,2.109375,0.66377634,0.43522903
2047,687829,3.776448,3.875,0.5219841,0.05796516
2047,688013,1.806881,2.078125,0.46509755,0.06910761
2047,688058,3.962264,3.390625,1.0813156,0.119013965
2047,688086,3.057827,2.71875,0.8050917,0.098654546
2047,688121,4.785386,3.890625,0.6838879,0.07838025
2047,724838,4.159306,4.09375,0.43290085,0.047646817
2047,724855,0.427842,2.1875,1.0019606,0.11626176
2047,724872,2.431428,2.53125,0.15094177,0.024031775
2047,735784,1.144435,3.25,0.32225502,0.038258348
2047,749712,2.789461,3.109375,0.7026568,0.07670731
2047,749717,4.575884,5.3125,1.4916004,0.15309061
2047,753554,1.601051,1.171875,0.50796056,0.06500518
2047,753555,2.83623,1.53125,0.18616845,0.026997566
2047,753572,-0.582428,2.53125,0.34703743,0.042647146
2047,753592,2.804578,2.734375,0.22597511,0.03725133
2047,753608,2.760723,2.859375,0.3706087,0.046658773
2047,753618,-0.826154,2.25,0.27338517,0.04234249
2047,753623,3.151519,3.515625,0.42468572,0.044430718
2047,905934,4.797442,4.65625,0.64541405,0.07010132
2047,905940,2.177485,2.125,0.43672332,0.06274039
2047,905947,2.905174,2.9375,0.32323554,0.054256972
2047,905948,4.336984,3.265625,0.44981116,0.052420568
2047,905951,4.958209,4.65625,0.5606431,0.05768667
2047,905959,5.226551,5.40625,0.94361323,0.10772615
2047,905960,2.75727,2.21875,0.29728967,0.032211497
2047,905964,2.178047,2.296875,0.36275348,0.04706742
2047,905965,0.372125,1.578125,0.9440596,0.1153572
2047,905972,3.197239,3.015625,0.5464247,0.0583119
2047,905983,2.795495,2.75,0.5839962,0.085504755
2047,905989,1.27971,0.57421875,0.8490974,0.1359551
2047,906792,1.574741,1.921875,0.6761212,0.08900399
2047,906795,3.756388,3.203125,0.8772375,0.10492671
2047,906831,1.995792,2.84375,0.84414005,0.089116216
2047,906833,2.531523,3.25,0.45875046,0.058906864
2047,906835,2.454844,4.125,0.83241236,0.09956517
2047,906844,-1.567716,-1.625,0.5371108,0.18533209
2047,906856,-2.863156,0.62890625,1.1314958,0.1424527
2047,906863,2.198221,2.390625,0.22715496,0.033420663
2047,906868,0.482758,3.625,0.77671117,0.11540945
2047,907042,3.273269,2.296875,0.5631549,0.10565871
2047,907061,2.934543,2.34375,0.3665262,0.052412905
2047,907062,2.744428,3.09375,0.35950822,0.046007313
2047,907064,2.66677,2.59375,0.59780276,0.06878921
2047,907067,-0.15578,0.5546875,0.175478,0.0636213
2047,907069,0.758931,2.6875,0.29195794,0.031790346
2047,907276,0.817671,3.828125,0.85015225,0.0907243
2047,907285,2.598843,2.53125,0.72662807,0.07739273
2047,907299,1.635416,0.77734375,0.85529274,0.11757068
2047,907311,-1.425041,-0.24511719,0.47167015,0.19295244
2047,907313,0.788698,2.53125,0.9797859,0.106685676
2047,907317,1.810278,2.6875,0.2612849,0.039417643
2047,907788,1.85204,3.015625,0.5917865,0.067304276
2047,907789,-1.830111,2.578125,0.82070965,0.09233769
2047,907790,0.401448,0.4609375,0.7071289,0.11520076
2047,908122,-1.359707,3.40625,0.46903655,0.047928546
2047,908125,2.187685,2.875,0.15971297,0.019800348
2047,908159,0.789046,2.125,1.3785592,0.1613736
2047,908441,1.912074,3.609375,0.5575376,0.061913293
2047,908445,1.008817,1.515625,0.38928849,0.042610414
2047,908454,3.076727,3.546875,0.45714697,0.047260918
2047,908459,4.251222,5.0625,0.97567815,0.10207567
2047,908460,5.240984,4.65625,0.9722712,0.15839599
2047,908471,-1.360771,1.71875,0.6402398,0.09658708
2047,908473,1.438818,1.15625,0.9400189,0.1207052
2047,908475,1.855753,2.171875,0.8542908,0.097910084
2047,909253,0.035419,1.84375,1.2503037,0.1345403
2047,909262,2.660081,2.921875,0.869393,0.10452419
2047,909703,1.967266,2.640625,0.2950775,0.042589772
2047,909704,0.982548,2.3125,0.3696307,0.04399076
2047,909707,4.130113,4.59375,0.49101612,0.06262672
2047,909713,0.416395,-0.2578125,0.1791983,0.06122821
2047,909744,-1.023258,1.171875,0.24127916,0.03028084
2047,909749,3.757481,3.203125,0.56708264,0.06668688
2047,909751,0.450261,1.0625,1.6281285,0.17683835
2047,909774,2.870347,1.140625,0.26283497,0.0297821
2047,910702,4.597247,4.40625,1.2343812,0.15850344
2047,910779,0.403299,4.65625,0.4144145,0.042405322
2047,910780,-1.045923,2.90625,0.2584381,0.029987672
2047,910781,3.243363,3.59375,0.40195304,0.04143336
2047,910921,1.533089,1.046875,1.2415113,0.22507958
2047,910926,0.627083,0.7421875,0.72232544,0.106797114
2047,910930,0.968463,1.28125,0.44038838,0.06895423
2047,924105,2.379634,0.98828125,0.32775772,0.05022487
2047,924106,2.704589,3.234375,1.2231678,0.140187
2047,924110,3.768381,2.53125,0.7970505,0.08878859
2047,924239,-0.282316,2.5625,0.35876355,0.041453242
2047,946355,3.798,2.5,0.97079766,0.10684992
2047,998184,2.99351,2.5625,0.33972183,0.043772534
2047,1240123,2.135056,1.828125,0.24796504,0.028308544
2047,1240127,-0.630226,3.984375,0.69765407,0.07523961
2047,1240129,1.838364,3.703125,0.6606202,0.06985843
2047,1240142,1.21177,2.140625,0.4006898,0.048690703
2047,1240153,0.629153,-0.15625,0.37746403,0.18615723
2047,1240166,2.508063,2.515625,0.30228975,0.044916432
2047,1240168,3.900544,3.640625,0.67560416,0.072388895
2047,1240217,1.274053,2.609375,0.53758705,0.066847645
2047,1240221,3.154943,2.375,0.23437071,0.037742026
2047,1290908,3.144023,2.203125,0.8817229,0.10493626
2047,1298136,3.312811,2.578125,0.9910829,0.107384376
2047,1298146,4.307696,3.453125,0.5110949,0.055377416
2047,1298157,3.417782,4.09375,0.91897225,0.124775566
2047,1298219,2.370361,4.21875,0.4042487,0.043314
2047,1298347,0.414846,3.53125,0.13509795,0.0150980195
2047,1298476,4.05688,2.640625,0.2959948,0.059704214
2047,1298537,3.158196,3.453125,1.4005444,0.16709793
2047,1299052,1.129584,1.53125,1.244095,0.14046344
2047,1327771,-0.638728,-1.546875,0.51467264,0.3256522
2047,1330985,1.036322,0.5234375,0.42153028,0.068672925
2047,1331040,1.819408,1.4375,0.31473166,0.0726101
2047,1480362,4.521493,4.15625,0.6339914,0.07545305
2047,1503371,2.711847,3.140625,0.3247411,0.039042525
2048,683667,-4.064815,-3.796875,0.17807384,0.026592465
2048,684052,-4.670889,-5.78125,0.046533924,0.029219272
2048,687506,-4.584942,-2.859375,0.60478085,0.062071774
2048,687561,-3.925155,-4.25,0.40423968,0.04835126
2048,687562,-3.210359,-3.8125,0.23958947,0.03165682
2048,687777,1.79825,0.080078125,1.3161702,0.13205847
2048,687787,-5.224651,-3.734375,1.2255951,0.18585096
2048,687812,-0.060483,-1.203125,1.6428173,0.16508338
2048,687980,-4.343222,-3.703125,1.3954004,0.14505635
2048,688013,-4.971093,-4.0625,0.9618008,0.15142764
2048,688015,-4.675656,-5.0625,0.22840448,0.024808036
2048,688027,-4.726194,-4.90625,0.31698784,0.06346304
2048,688058,-3.17664,-1.421875,1.8836716,0.18917836
2048,724831,-3.093262,-2.40625,0.37121072,0.047346126
2048,724863,-3.506876,-3.328125,0.2570531,0.035483968
2048,735784,-2.68787,-2.296875,1.3328159,0.14047812
2048,749715,-1.028587,-4.28125,0.4763507,0.049297296
2048,753620,-3.363953,-2.734375,0.9359651,0.101172835
2048,905933,-2.652645,-3.359375,0.47529277,0.054917585
2048,905937,-3.264277,-2.984375,0.85081905,0.09241128
2048,905944,-4.284544,-3.046875,0.2920218,0.047025904
2048,905946,-2.344718,-2.71875,1.392024,0.14362587
2048,905951,-1.944162,-2.3125,0.58857805,0.059992936
2048,905956,-2.52075,-2.109375,0.6257791,0.06412714
2048,905969,-1.485962,-1.859375,0.89608395,0.095262475
2048,905983,-3.823485,-2.25,0.8839883,0.093976595
2048,905991,-3.957837,-5.09375,0.11504564,0.02610708
2048,906693,-3.952505,-2.0,1.1676944,0.11895224
2048,906792,-5.344259,-4.1875,0.35735705,0.06522611
2048,906797,-1.850024,-1.84375,0.9083315,0.09269782
2048,906814,-3.186834,-3.46875,0.121928096,0.017938932
2048,906817,-0.291734,0.15136719,1.254637,0.12600403
2048,906821,-0.813291,-1.6875,1.2963848,0.1305305
2048,906831,-4.70122,-3.9375,0.6810318,0.0725363
2048,906837,-5.375207,-5.09375,0.17647474,0.02998945
2048,906848,-3.829684,-3.359375,0.5157795,0.053024642
2048,906870,-4.236727,-4.34375,0.15695208,0.016655162
2048,906871,-4.473732,-4.78125,0.0837494,0.01333393
2048,907000,-5.25184,-4.34375,0.1715996,0.023588508
2048,907047,-5.684151,-3.703125,0.27387297,0.03337207
2048,907051,0.169171,-1.234375,0.75013477,0.07629033
2048,907053,-2.338123,-3.171875,0.4377719,0.04411851
2048,907062,0.554539,-2.203125,0.7429788,0.07564405
2048,907066,0.788257,0.07763672,0.39098996,0.039528824
2048,907067,-4.644508,-2.859375,0.6248939,0.07747096
2048,907176,-3.70832,-3.828125,0.28758833,0.038736824
2048,907269,-6.783095,-5.15625,0.08309547,0.009317246
2048,907298,-2.366582,-4.5625,0.487419,0.057057075
2048,907313,-2.548677,-3.15625,0.98452014,0.09960409
2048,907790,-5.042099,-3.578125,0.27060258,0.032285396
2048,908121,-5.645091,-3.71875,0.71395016,0.07234164
2048,908125,-0.853089,-1.375,0.8478603,0.08513993
2048,908128,-2.718913,-2.0,0.32002398,0.033228673
2048,908135,-4.030048,-3.796875,0.3100236,0.032306828
2048,908150,-1.552446,-1.125,1.7591031,0.17746437
2048,908441,-5.45607,-5.15625,0.23950252,0.057627067
2048,908454,-2.305068,-4.1875,0.3458816,0.03840937
2048,908457,-1.860532,-0.25195312,1.8090701,0.18141006
2048,908458,-1.926718,-1.34375,0.8351048,0.083691336
2048,908460,2.315816,1.90625,2.4704103,0.25180545
2048,908462,-2.578576,-3.390625,0.56210244,0.10620333
2048,908471,-4.504474,-4.34375,0.12533672,0.01776063
2048,909248,-3.994084,-2.953125,0.7156449,0.0768409
2048,909249,-5.12228,-5.03125,0.1232771,0.014671545
2048,909253,-5.042561,-4.96875,0.29457647,0.033502378
2048,909255,-4.268937,-4.15625,0.39235353,0.039772082
2048,909698,-5.268938,-4.5625,0.09889633,0.02359427
2048,909707,-2.510702,-2.625,0.4550296,0.053509846
2048,909719,-2.777048,-2.71875,0.85151255,0.0905241
2048,909722,-5.795371,-5.28125,0.04954431,0.012666439
2048,909738,1.383509,0.25390625,2.7725296,0.27736402
2048,909745,-2.785899,-2.84375,0.6951074,0.07588315
2048,909750,-2.840057,-3.609375,0.59904766,0.06267251
2048,909751,-5.429349,-4.0625,0.47714758,0.048725333
2048,909753,-1.669428,-1.359375,0.49637347,0.051119264
2048,909777,-6.387003,-6.09375,0.14087856,0.03119817
2048,909778,-1.404998,-2.25,0.8068731,0.08129706
2048,909974,1.592149,-0.328125,0.82946616,0.08315017
2048,910399,-4.165223,-4.5625,0.15955701,0.021664219
2048,910554,-2.384317,-2.4375,0.9808807,0.09863043
2048,910703,-4.632846,-3.359375,0.81267613,0.08198556
2048,910706,-6.780698,-6.09375,0.024031827,0.014746953
2048,910903,-4.946774,-5.3125,0.03275378,0.008228207
2048,910906,-5.739992,-5.53125,0.06006382,0.012299391
2048,910910,-1.705646,-0.65234375,1.9029396,0.19047683
2048,910922,-2.084607,-3.515625,0.7230867,0.0740438
2048,910925,-3.891242,-4.34375,0.3918016,0.04629133
2048,924102,-2.348406,-0.61328125,2.8076215,0.28170383
2048,924105,-6.06388,-4.125,0.19199541,0.045419887
2048,924151,-4.267391,-3.25,0.360204,0.046902858
2048,924187,0.83753,0.46484375,0.8163639,0.08225331
2048,924189,-3.522564,-2.421875,0.40644452,0.041428316
2048,924248,-3.398732,-3.96875,0.61153406,0.065804794
2048,925340,-2.163151,-3.015625,0.35797915,0.050957028
2048,925341,-2.731434,-2.515625,0.5798461,0.062001657
2048,930301,-0.256865,-1.15625,2.2953963,0.23038517
2048,946382,-3.481898,-1.734375,0.6712366,0.07387901
2048,949176,-3.625101,-2.90625,0.4636201,0.046826098
2048,998189,-2.7206,-2.09375,0.5659365,0.05994886
2048,1240121,-4.069494,-5.6875,0.22854145,0.046098404
2048,1240143,-3.97894,-2.59375,1.3124503,0.14154328
2048,1240151,-2.621782,-1.3125,1.2029058,0.12125821
2048,1240154,-4.769507,-4.78125,0.11758029,0.035777558
2048,1240158,-2.951829,-1.8125,0.88558936,0.09075138
2048,1240173,-5.879288,-4.53125,0.25847268,0.10929229
2048,1240185,-3.749241,-2.5625,0.8262372,0.08480098
2048,1240191,-2.929026,-3.296875,0.26786387,0.0282785
2048,1240192,-3.20563,-3.171875,0.3123503,0.0337634
2048,1240199,3.56926,2.15625,1.1577061,0.1226342
2048,1240201,-3.332819,-3.0625,0.4990851,0.0537046
2048,1240209,-2.152238,-2.484375,0.5000063,0.050355595
2048,1240212,-3.308155,-2.375,0.58108014,0.061774492
2048,1240222,-2.87692,-2.78125,0.42543134,0.046693604
2048,1240223,1.307234,0.27539062,1.2594947,0.12742333
2048,1290722,-1.726874,-2.59375,0.38380897,0.039851584
2048,1290765,-3.175056,-1.828125,2.0413995,0.20541894
2048,1290905,-0.286279,0.44921875,0.78288305,0.07887992
2048,1295741,-6.245784,-6.78125,0.086249895,0.020064518
2048,1297439,-0.617713,-2.421875,0.8679252,0.08822446
2048,1298141,1.260033,0.15039062,0.5423106,0.057251956
2048,1298168,-0.993217,-2.109375,0.9725375,0.09981653
2048,1298526,-0.705732,-1.296875,0.7096517,0.0948419
2048,1299062,-1.338255,-1.296875,0.9752075,0.10674346
2048,1299070,-4.393146,-4.78125,0.2595117,0.042779744
2048,1303896,-5.605717,-5.8125,0.05956056,0.012979998
2048,1323913,-6.913016,-6.59375,0.02605153,0.009830368
2048,1327765,-5.975849,-5.625,0.07100065,0.011845623
2048,1330983,-4.959887,-3.765625,0.15339388,0.017087532
2048,1330985,-5.401544,-5.09375,0.49254507,0.059690118
2048,1331048,-4.884563,-5.25,0.19406906,0.023918131
2048,1480362,-0.316748,-1.90625,0.89357656,0.093890935
2048,1659818,-4.820645,-5.28125,0.054192584,0.05101708
2048,1659929,-4.34053,-3.40625,0.31524578,0.031882133
2055,684072,0.167357,-0.07128906,0.12737283,0.015435945
2055,687448,7.03379,3.21875,0.73396003,0.078978576
2055,687568,1.194982,2.03125,0.44206837,0.04789835
2055,687777,1.49725,2.734375,2.0364177,0.21429998
2055,687798,1.850011,1.65625,0.26487234,0.028211396
2055,687980,0.706716,1.1875,0.42370704,0.04432833
2055,687995,1.48883,-0.119140625,0.30719954,0.03683818
2055,687997,1.15857,3.65625,0.5415344,0.054617137
2055,688023,0.650716,1.3125,0.5759478,0.06042699
2055,724834,2.993081,2.921875,0.103422925,0.011900884
2055,724838,1.66911,2.265625,2.9462812,0.30031028
2055,735784,0.932037,2.625,0.18716489,0.020916816
2055,749710,5.396934,2.625,0.57342935,0.059472732
2055,749712,4.891222,1.90625,0.22424415,0.022678755
2055,749717,4.668567,3.265625,0.27192196,0.02758815
2055,753566,2.061971,3.640625,0.6704239,0.06924033
2055,753573,2.769434,2.203125,1.2234504,0.13194495
2055,753608,2.339615,1.953125,0.35042968,0.03687705
2055,753618,-0.837709,-0.24414062,0.75489163,0.09415483
2055,905936,0.761484,0.88671875,0.33190417,0.037215423
2055,905939,1.875205,1.953125,0.426917,0.044664156
2055,905941,4.462514,5.25,1.4887662,0.16252492
2055,905947,0.968333,0.61328125,0.23546052,0.02945866
2055,905948,2.066639,2.28125,0.26070836,0.029435046
2055,905964,1.201619,1.890625,0.6901451,0.071277104
2055,905972,2.96876,2.609375,0.41500363,0.04374117
2055,905974,0.690757,0.55859375,0.15007895,0.01706858
2055,906798,0.76681,1.109375,0.31051683,0.043419916
2055,906808,3.661277,2.484375,0.55261475,0.057446074
2055,906826,1.812478,3.546875,0.2674051,0.02740252
2055,906833,0.94235,0.32617188,0.11800168,0.013144968
2055,906843,2.402514,2.359375,0.77054536,0.08029671
2055,906844,-0.368572,-0.69921875,0.34444988,0.04208926
2055,906865,2.787159,2.078125,0.44250515,0.05519202
2055,907000,0.568853,0.27929688,0.12708513,0.01341643
2055,907051,3.240954,3.984375,0.85057443,0.08608436
2055,907055,0.569536,0.80078125,0.28264198,0.032267384
2055,907061,1.22569,1.15625,0.20452155,0.02251047
2055,907069,3.157919,2.0625,0.5263851,0.05530896
2055,907271,1.739523,3.0625,0.14789298,0.01501148
2055,907281,1.469194,0.84765625,0.11689538,0.012524978
2055,907311,-0.0267,0.19824219,0.28003713,0.03728208
2055,907318,0.904852,1.453125,0.28585076,0.031552736
2055,907322,2.094979,1.703125,0.67501414,0.06922552
2055,907794,1.655304,2.25,0.3908719,0.040149845
2055,908120,3.95998,3.0625,3.6905901,0.38961715
2055,908123,1.547091,0.7109375,0.22123569,0.02314573
2055,908128,4.089862,3.515625,0.20538703,0.020779045
2055,908148,1.004758,0.1171875,0.36453232,0.036866687
2055,908150,1.106897,3.28125,0.2128533,0.02223857
2055,908152,1.785381,2.703125,1.6404912,0.16702147
2055,908443,0.260773,0.94140625,0.62667376,0.06700884
2055,908445,0.963613,1.171875,0.5128782,0.053732473
2055,908460,3.767428,4.65625,1.7409577,0.23449902
2055,908473,2.050787,3.453125,0.209692,0.023592357
2055,909260,1.837484,1.1875,0.15563907,0.015812794
2055,909262,0.757098,0.65234375,0.4067201,0.046614103
2055,909713,1.079026,2.21875,0.22999847,0.027239438
2055,909718,1.188057,-0.3046875,0.5989763,0.08100093
2055,909732,1.363743,1.578125,0.22961394,0.023479035
2055,909905,1.130336,0.19726562,0.15892568,0.017028397
2055,909976,1.657626,0.84765625,0.124816686,0.013777497
2055,910549,1.847944,1.890625,0.42885602,0.044015698
2055,910554,2.281835,1.875,0.46773997,0.04749898
2055,910692,1.721443,1.046875,0.19667828,0.02049538
2055,910698,0.477844,0.4375,0.1994699,0.022442272
2055,910780,0.282441,1.578125,0.5453266,0.056062225
2055,910852,2.178657,2.09375,0.26136136,0.033335377
2055,910900,1.941554,1.046875,0.2033269,0.020647839
2055,910919,-0.198555,-0.005859375,0.056203704,0.005975003
2055,910934,0.503521,-0.42578125,0.12328526,0.012831337
2055,910943,1.50045,1.90625,0.16801311,0.018838808
2055,910951,-1.59383,-0.46875,0.1719988,0.025430333
2055,924102,2.188816,3.015625,1.4624438,0.15119085
2055,925348,1.991963,3.765625,0.807676,0.094546236
2055,930083,2.001425,5.375,0.8355728,0.101260655
2055,946361,3.980319,2.0625,0.3528183,0.038137782
2055,949093,7.935937,6.09375,1.4104152,0.15081257
2055,1240172,2.77146,3.625,0.36277696,0.037204288
2055,1240209,2.234227,2.234375,0.31149954,0.031327657
2055,1240210,1.918261,1.8125,0.12109441,0.012251145
2055,1290722,0.615015,2.109375,0.2594988,0.026572578
2055,1290769,1.100799,2.296875,0.8414619,0.096439764
2055,1290797,2.259666,1.40625,0.47280183,0.048084974
2055,1298219,3.572074,3.4375,0.48382446,0.050617825
2055,1299064,2.951812,1.734375,0.1789332,0.018517708
2055,1299075,2.417307,1.78125,0.15207273,0.015308693
2055,1303897,0.361927,1.359375,1.4363182,0.16595903
2055,1303900,2.928613,3.171875,0.6538764,0.06690847
2055,1331040,0.123964,-1.328125,0.6841928,0.12001417
2055,1331048,-0.157144,0.18945312,0.23026277,0.024525153
2055,1503366,3.69487,2.921875,1.1657108,0.11739865
2055,1503367,1.400398,1.78125,1.1903491,0.13178314
2057,687448,8.714188,6.65625,0.9944586,0.10060958
2057,687459,5.226909,5.90625,0.32013366,0.033971377
2057,687780,4.940509,4.125,0.42510116,0.04356253
2057,687816,5.177404,6.3125,0.46801272,0.0468853
2057,687829,3.945227,4.5,0.41020957,0.042136185
2057,713880,3.924808,3.875,0.21795228,0.022867003
2057,724878,4.85444,6.1875,0.15379925,0.0155599015
2057,749714,5.044318,5.25,0.72621995,0.07292513
2057,753539,3.446129,4.125,0.13075916,0.014070484
2057,753573,5.151198,4.3125,0.54808444,0.059991773
2057,753621,5.950337,5.6875,1.1559752,0.118643686
2057,905939,4.273037,3.9375,0.2967301,0.03192997
2057,905942,2.321835,3.5625,0.36022806,0.04389464
2057,905972,6.317036,5.71875,0.41753155,0.0425584
2057,905973,4.211322,5.5,0.49206656,0.050185747
2057,905986,6.587445,5.75,0.17514044,0.01768397
2057,905991,5.383223,4.84375,0.3031104,0.031161223
2057,906800,3.262337,3.84375,0.1002196,0.010203543
2057,906836,4.743656,3.71875,0.114958346,0.011731828
2057,906844,3.254118,3.65625,0.26552626,0.026863344
2057,906872,7.37134,6.125,0.25465822,0.027527196
2057,907047,6.682235,5.375,0.22485973,0.022992894
2057,907169,4.858264,4.34375,0.17443733,0.017889276
2057,907312,5.077485,4.71875,0.2984215,0.03126459
2057,907317,5.507191,4.96875,0.36463106,0.037144717
2057,908127,4.564713,4.3125,0.10992205,0.011685789
2057,908457,5.536568,5.0625,1.0569074,0.10602376
2057,908463,6.116012,7.03125,0.29512507,0.03036653
2057,908467,4.014782,4.0625,0.6180324,0.065702885
2057,909262,5.563153,4.40625,0.35495433,0.03589803
2057,909974,7.883982,6.125,0.38750315,0.039233
2057,910079,5.463402,4.65625,0.42465237,0.043336987
2057,910703,4.458977,4.78125,0.152687,0.015520608
2057,910903,5.43877,4.71875,0.37047058,0.038339816
2057,910911,4.513312,5.65625,0.35762134,0.036898557
2057,910916,3.672937,4.34375,0.22439396,0.02542631
2057,910920,6.675383,3.921875,0.6358345,0.06435111
2057,910921,5.126027,5.59375,0.26287746,0.027998922
2057,910933,5.096739,5.8125,1.023742,0.10310098
2057,924104,5.474608,6.09375,0.6003394,0.06200212
2057,925347,6.309938,5.6875,0.5399938,0.055561993
2057,946359,3.771516,5.03125,0.28099877,0.02875344
2057,946361,5.702689,5.40625,0.23121932,0.023401089
2057,998184,3.438628,2.75,0.19611494,0.022221986
2057,1240158,3.563745,3.796875,0.5185074,0.052948914
2057,1240169,5.919485,5.65625,0.6138049,0.062034514
2057,1240201,4.309737,4.96875,0.72946423,0.07499247
2057,1240219,4.70241,5.4375,0.5472536,0.055522226
2057,1290722,5.40789,5.09375,0.44228107,0.04447266
2057,1290797,5.417692,4.71875,0.40635458,0.04128527
2057,1290922,4.917994,5.65625,0.7730825,0.07862417
2057,1298169,4.196491,5.59375,0.16884308,0.017137963
2057,1298348,5.062975,6.3125,0.6540729,0.0656803
2057,1298538,5.790174,5.78125,0.334884,0.03364192
2057,1299052,5.771774,5.15625,0.26070872,0.026395615
2057,1299081,6.978981,5.71875,0.37257242,0.03759683
2057,1330950,3.859497,4.625,0.28872958,0.029210828
2057,1330964,3.73625,4.59375,0.546931,0.057382625
2057,1330985,3.397731,3.015625,0.71089655,0.07314681
2057,1331038,4.718229,4.40625,0.12582941,0.013283864
2057,1331040,4.323723,3.140625,0.30752355,0.03208729
2057,1503364,4.737667,5.75,0.56770754,0.05719977
2057,1503366,4.454433,4.59375,0.3292892,0.03316269
2057,1503371,4.145346,3.828125,0.3053286,0.034012523
2057,1674021,5.823999,6.375,0.3984749,0.04015817
2096,687561,2.889308,3.0625,0.2707344,0.039448664
2096,687590,3.619962,3.421875,0.41958016,0.048480283
2096,687777,3.389237,3.671875,0.85364574,0.09295069
2096,687787,2.445654,3.671875,0.39265847,0.047714755
2096,687800,5.966824,5.03125,0.3863791,0.044282824
2096,687829,4.941494,3.703125,0.5188759,0.058794357
2096,688058,4.219513,3.734375,0.3634183,0.040888038
2096,722066,2.996733,3.640625,0.22771378,0.023643937
2096,724866,3.607722,3.359375,1.3245157,0.1462025
2096,724870,2.423339,2.640625,0.35316938,0.04001798
2096,724872,2.109041,2.875,0.13427667,0.017808743
2096,724874,0.73019,1.671875,1.0622165,0.12705213
2096,724878,4.823351,5.125,0.38112178,0.038971372
2096,749713,4.135625,4.53125,0.3492987,0.037426278
2096,749714,3.565846,3.328125,0.537803,0.056114856
2096,753576,4.65709,3.984375,0.35096872,0.03593906
2096,753592,2.19614,2.96875,0.13113305,0.025679868
2096,753614,3.679052,1.890625,0.39194864,0.045479465
2096,753618,1.440636,2.640625,0.17608336,0.023624504
2096,753620,1.383088,3.328125,0.2644293,0.031470455
2096,753621,5.067591,3.15625,0.25133467,0.033085473
2096,753622,2.455914,2.0,0.090671726,0.021816663
2096,905934,5.666097,5.375,0.3677854,0.03940707
2096,905942,3.376646,2.9375,0.21740101,0.026952198
2096,905945,3.671711,4.3125,0.33919048,0.03424814
2096,905950,2.62374,3.078125,0.42834473,0.060426544
2096,905951,3.943976,3.953125,0.273225,0.02847213
2096,905957,3.761095,2.328125,0.20772494,0.025173586
2096,905973,2.711392,3.640625,0.24060026,0.027262662
2096,905977,1.727747,0.8046875,0.4429258,0.11733665
2096,905981,1.090458,1.09375,0.089355886,0.012181941
2096,906693,3.219486,2.53125,0.25615397,0.02756373
2096,906795,3.12956,3.03125,0.32716292,0.039132085
2096,906798,3.725207,3.59375,0.13150826,0.021940606
2096,906800,1.80702,2.078125,0.177518,0.021024013
2096,906808,4.0683,3.921875,0.5854682,0.06408369
2096,906818,0.407803,-0.095703125,0.3443375,0.1756024
2096,906820,-1.087871,-0.6484375,0.95318186,0.20128039
2096,906824,2.591161,2.65625,0.0885755,0.02389121
2096,906827,1.643857,2.71875,0.30999213,0.04080709
2096,906851,4.103608,4.0625,0.29756334,0.03126593
2096,906868,4.489358,3.859375,0.5592135,0.072304
2096,906871,2.975463,3.546875,0.23098573,0.025814062
2096,907048,3.238335,3.109375,0.3642529,0.052822817
2096,907055,3.217114,2.9375,0.4012624,0.06388588
2096,907060,2.45742,2.984375,0.20068114,0.027358977
2096,907062,4.780305,1.96875,0.25464526,0.04811254
2096,907065,4.990461,4.125,0.70469123,0.07300606
2096,907066,5.695906,4.03125,0.25859103,0.02975609
2096,907069,1.77859,2.390625,0.19984353,0.024153495
2096,907073,-0.056811,1.21875,0.5190914,0.057468433
2096,907270,1.419716,0.98046875,0.5388324,0.060836397
2096,907273,3.441697,2.40625,0.16426183,0.018612677
2096,907276,3.216277,3.671875,1.6165682,0.17285605
2096,907282,4.024342,4.28125,0.4871559,0.051187024
2096,907313,2.702239,2.640625,0.8034523,0.086269036
2096,907318,3.327267,2.71875,0.17795396,0.04139785
2096,907319,2.439665,2.703125,0.16546851,0.026197055
2096,907795,-0.153943,-0.20703125,1.2866392,0.16047771
2096,908120,4.135326,3.328125,2.4420915,0.3168624
2096,908124,0.508305,-0.4375,0.1906996,0.042231258
2096,908449,5.443015,5.875,0.9359662,0.11404969
2096,908452,3.781644,3.421875,0.26835302,0.029076198
2096,908463,4.709425,5.125,0.24749522,0.028365372
2096,908468,4.900255,3.859375,0.3041954,0.034224894
2096,908483,2.325303,2.828125,0.12392824,0.014379921
2096,909249,1.74715,1.734375,0.30030483,0.035314765
2096,909257,2.316352,2.5625,0.1227443,0.026964424
2096,909263,0.96282,1.671875,0.47883734,0.054062705
2096,909699,4.724261,4.5625,0.6343385,0.06769366
2096,909709,2.106359,2.5,0.14154392,0.01921845
2096,909755,3.088151,2.359375,0.35796335,0.04056119
2096,909770,-0.111305,1.609375,0.49288937,0.07435768
2096,909776,1.609517,3.078125,0.70252377,0.08187146
2096,909974,3.806127,3.03125,0.47622284,0.057557266
2096,909976,3.482432,2.34375,0.16117227,0.02035609
2096,910567,4.870061,4.0625,0.26904392,0.02787297
2096,910692,2.328791,2.765625,0.35665768,0.04194166
2096,910781,2.6652,3.6875,0.3722562,0.03957447
2096,910905,2.038438,0.95703125,0.4332163,0.05681898
2096,910915,3.424495,3.28125,0.5717259,0.06527021
2096,910918,2.326477,2.234375,0.17838176,0.02078844
2096,910919,1.090838,1.421875,0.16225868,0.01874814
2096,910924,1.710709,3.046875,0.50444806,0.06568515
2096,910937,2.823151,3.3125,0.24436328,0.03431981
2096,910951,2.169555,2.234375,0.3007805,0.03301244
2096,924151,1.138799,0.39648438,1.149228,0.21561731
2096,924189,2.467503,3.09375,0.8076572,0.0891507
2096,924240,2.395403,3.5625,0.1955391,0.020643143
2096,925338,4.259415,3.609375,0.29414186,0.039310798
2096,930083,6.510057,6.09375,0.6381441,0.075043455
2096,946359,5.29737,4.28125,0.72248375,0.075194985
2096,1240121,2.97844,2.78125,0.3057256,0.040858917
2096,1240144,2.57422,3.421875,0.28878367,0.032169476
2096,1240158,3.528255,3.1875,0.2715197,0.02949097
2096,1240168,4.271003,3.546875,0.26362428,0.031947866
2096,1240183,4.239914,3.171875,0.36207142,0.04896374
2096,1240184,3.191359,1.890625,0.41191941,0.054839913
2096,1240185,1.846883,2.15625,0.69340307,0.07631874
2096,1240197,2.256003,0.98046875,0.60787964,0.08002073
2096,1240217,2.291895,2.921875,0.42686728,0.051455393
2096,1240221,3.18403,3.171875,0.14981218,0.019944888
2096,1290797,1.112909,1.953125,0.14683722,0.018919706
2096,1295740,2.358063,2.640625,0.38758913,0.047630507
2096,1297446,2.407834,2.640625,0.12871997,0.015557357
2096,1297449,1.302279,1.9375,0.44770142,0.048283078
2096,1298215,0.90571,1.28125,0.11091209,0.029915994
2096,1298349,3.397895,2.296875,0.20842057,0.023217311
2096,1298350,2.507513,3.234375,0.31720054,0.033054717
2096,1298351,0.505305,1.96875,0.1467607,0.015940338
2096,1298353,2.297739,4.1875,0.3392949,0.035497114
2096,1298357,3.660086,2.84375,1.9632865,0.26137748
2096,1298539,3.040529,3.296875,0.29372957,0.037716996
2096,1299064,2.104119,2.53125,0.32743382,0.040123176
2096,1299070,2.63489,3.328125,0.2668298,0.04272404
2096,1299081,2.665464,1.90625,0.6710661,0.09224642
2096,1303897,4.290728,4.1875,0.14043298,0.01891568
2096,1330947,0.124716,0.60546875,0.1806567,0.023277285
2096,1330975,5.041377,4.125,0.112127796,0.012149108
2096,1330991,1.193155,0.83203125,0.27923608,0.033070803
2096,1330995,3.820371,3.53125,0.25050575,0.02808846
2096,1331036,2.014721,1.84375,0.17715017,0.018832795
2096,1331040,2.067296,2.265625,0.15361752,0.025173785
2096,1331048,2.966116,2.21875,0.720997,0.08057581
2096,1503365,3.386762,2.84375,0.29042086,0.03456378
2096,1503371,2.755598,3.484375,0.2663692,0.030528517
2096,1659817,2.235915,2.09375,0.331068,0.03506957
2096,1659928,1.549194,1.75,0.21739614,0.030398747
2106,684072,1.979695,2.765625,0.12146751,0.012353509
2106,687452,5.467143,4.25,0.47099936,0.047764685
2106,687457,5.214459,4.59375,1.1165829,0.11580544
2106,687562,1.782917,2.09375,0.19584544,0.020675484
2106,687586,3.410627,2.953125,0.17548029,0.017846726
2106,687820,6.125277,6.40625,0.84060645,0.090068385
2106,688025,4.893322,2.703125,0.4740147,0.055241223
2106,688087,3.210054,2.953125,0.24193506,0.02503774
2106,717431,2.124137,2.984375,0.51337993,0.05245978
2106,724839,6.106784,5.5,0.62409365,0.06321141
2106,724855,2.060239,3.109375,0.8821074,0.09580964
2106,724869,4.265252,4.125,0.15856968,0.02568315
2106,749715,2.301162,-1.171875,2.1314082,0.3577693
2106,753539,3.873956,4.53125,0.3293926,0.03323949
2106,753554,2.92123,2.015625,0.3666848,0.042923976
2106,753566,4.026765,4.75,0.52033234,0.05257061
2106,753618,1.951243,3.359375,0.2588058,0.026165096
2106,905934,5.301832,2.96875,1.0438107,0.14230332
2106,905946,1.706687,2.78125,3.1521497,0.32523164
2106,905972,4.237926,5.125,0.32363236,0.03259299
2106,906693,2.50014,3.828125,0.4021791,0.040751155
2106,906696,3.653933,2.859375,0.22704768,0.025292305
2106,906805,2.523341,2.6875,0.6478997,0.069140844
2106,906818,2.37701,3.296875,0.24254324,0.02923662
2106,906824,1.158456,2.140625,0.3707576,0.059029147
2106,906828,4.555071,4.40625,0.13702871,0.014420053
2106,906830,2.731634,2.859375,0.22582708,0.024855442
2106,906832,2.70476,2.875,0.8211949,0.08375347
2106,906833,3.512749,3.171875,0.23148085,0.023542106
2106,906843,2.723081,2.453125,2.5973303,0.26798663
2106,906844,1.434666,2.4375,0.10788363,0.011039286
2106,906848,3.61081,4.75,0.22841741,0.023773327
2106,906875,3.800425,4.6875,0.5924997,0.060035564
2106,907047,2.109377,3.171875,0.22406043,0.026228424
2106,907055,-0.514855,-1.109375,0.41638532,0.08792676
2106,907060,2.211656,3.140625,0.33114138,0.034383014
2106,907277,-1.16859,0.18359375,0.70580566,0.07768382
2106,907299,0.892491,0.2890625,0.55989975,0.066471696
2106,907312,3.270486,2.671875,0.30653393,0.035418388
2106,907317,2.597157,2.4375,0.19687717,0.020750754
2106,907318,1.59878,1.640625,0.4038155,0.04867669
2106,907320,4.741392,3.546875,0.49129948,0.049591955
2106,907322,3.82377,3.078125,0.4073123,0.0409363
2106,907788,-3.694794,-0.98828125,1.2987027,0.19201553
2106,907795,1.289766,1.328125,0.35539436,0.038797524
2106,908122,-0.059214,-0.41015625,3.9764235,0.4818913
2106,908129,1.420833,1.90625,1.1361462,0.1225295
2106,908150,4.178663,4.59375,0.97920156,0.10609703
2106,908159,1.209139,0.71484375,0.320145,0.036410306
2106,908447,4.297111,4.09375,0.269626,0.027208354
2106,908448,2.501796,2.390625,0.32451564,0.033451106
2106,908459,2.616755,3.34375,0.628872,0.06501425
2106,908462,3.995181,3.078125,0.33391607,0.038745705
2106,908465,3.893788,3.90625,0.50214326,0.05186057
2106,909250,2.788387,2.6875,0.7901973,0.08342146
2106,909251,0.474529,1.25,0.29808512,0.030480513
2106,909263,3.635049,3.984375,0.21032023,0.02206627
2106,909264,2.329256,2.859375,0.6232937,0.064504355
2106,909702,0.160411,-0.33984375,0.14651136,0.015002706
2106,909720,3.879769,4.34375,0.5252924,0.05605676
2106,909732,3.281455,3.109375,0.16661525,0.01684469
2106,909738,3.142841,4.5,0.85610855,0.08736832
2106,909745,1.457959,2.078125,0.24584456,0.026637392
2106,909746,5.420216,5.09375,0.43288115,0.04510952
2106,909750,2.234566,2.234375,0.23764251,0.024932852
2106,909753,4.701275,4.53125,1.3800739,0.13898714
2106,909776,4.313661,3.8125,0.5323696,0.055854876
2106,909777,1.66726,0.6015625,0.571664,0.05775679
2106,910546,5.327146,4.59375,0.57708263,0.058158197
2106,910702,4.285002,6.34375,0.9627438,0.13403854
2106,910900,5.293637,3.328125,0.29787502,0.030826937
2106,910905,0.412355,1.15625,1.2731673,0.14773102
2106,910920,3.024712,3.859375,0.77864134,0.080048114
2106,910947,2.642361,2.09375,0.11351377,0.011439881
2106,924100,1.830707,1.296875,0.5329153,0.0566541
2106,924104,2.386504,4.125,0.365557,0.045456123
2106,924105,1.945633,1.734375,0.2931925,0.03534198
2106,924110,3.520591,3.046875,0.3715554,0.037419315
2106,924240,-1.021277,-0.75,0.7879339,0.119483404
2106,925341,5.052167,5.0625,0.29885817,0.03007306
2106,946359,3.021888,2.1875,2.6710105,0.29949242
2106,946361,2.853193,3.25,0.13109516,0.013300406
2106,998184,-0.674019,0.43945312,2.5083728,0.29636404
2106,1240129,6.240031,4.03125,0.6604979,0.06814867
2106,1240146,4.190958,4.46875,0.8274709,0.084070325
2106,1240157,0.922746,0.66796875,0.56122535,0.08100401
2106,1240183,5.600819,3.484375,1.2588397,0.15134606
2106,1240184,5.715154,4.28125,0.48901656,0.05262116
2106,1240186,4.841695,3.71875,0.3452599,0.035623133
2106,1240187,1.666729,2.390625,0.22329465,0.022773767
2106,1240198,2.705367,2.703125,0.71053815,0.07433667
2106,1240199,7.51209,6.46875,0.41700536,0.097823836
2106,1240219,6.707881,6.28125,0.47386357,0.047976613
2106,1290722,3.588248,2.21875,0.46089107,0.046681415
2106,1290730,1.45678,0.76171875,0.5545011,0.2886686
2106,1290905,5.742745,6.1875,1.5345284,0.17325456
2106,1297447,1.83366,2.234375,0.15202864,0.015642798
2106,1298157,4.034041,3.46875,0.53842854,0.0557217
2106,1298359,0.646546,1.0,0.30676696,0.0396637
2106,1298539,4.83215,5.28125,0.88891536,0.0908339
2106,1299062,5.568201,5.71875,0.4028101,0.04110792
2106,1299064,3.271225,2.140625,0.37866434,0.03961595
2106,1330942,4.397682,5.09375,0.42622715,0.04280627
2106,1330995,3.745802,3.453125,0.36672097,0.036949225
2106,1331036,-0.421562,-1.609375,0.37664172,0.048698217
2106,1331037,-2.26851,-1.421875,1.325036,0.18528128
2106,1331038,4.228359,3.953125,0.48433322,0.0488612
2106,1480362,6.166437,3.171875,0.6481609,0.07587346
2106,1480372,3.786166,4.5,0.8423492,0.08638643
2106,1503367,2.985095,5.1875,0.37918386,0.042239733
2107,684052,4.855298,4.8125,0.109676026,0.013477997
2107,687448,7.09594,5.0,1.3919977,0.17415397
2107,687563,5.795873,5.4375,0.13957348,0.015236893
2107,687799,5.75242,4.78125,0.59386265,0.11978624
2107,687807,6.453324,5.9375,0.45508957,0.05258321
2107,687983,5.760637,5.25,0.05961235,0.00822897
2107,687985,5.255772,4.875,0.44417456,0.046016518
2107,687997,6.132995,6.15625,0.17498882,0.018473642
2107,688011,3.979993,4.5625,0.19130345,0.019634457
2107,688025,4.927497,4.4375,0.28479335,0.039650515
2107,688087,3.917622,4.84375,0.18555228,0.023991145
2107,722046,4.948018,3.921875,0.40381896,0.04665916
2107,724825,3.738561,4.40625,0.2415352,0.030218668
2107,724831,4.490705,5.4375,0.06878041,0.01065286
2107,724839,6.769979,6.53125,0.21806227,0.022297824
2107,724863,4.183929,4.8125,1.395781,0.15997018
2107,724870,5.216548,5.46875,0.12717435,0.01545387
2107,724872,4.402952,5.0,0.04627864,0.006361577
2107,724873,3.977291,5.125,0.26854932,0.028658332
2107,749711,5.036825,4.53125,0.31524593,0.032695465
2107,749713,5.563708,5.0,3.9978037,0.41883603
2107,749715,3.850818,5.09375,0.08749418,0.009551524
2107,749717,6.195995,6.34375,0.43593577,0.045485936
2107,753566,5.478368,5.90625,0.1455147,0.015183136
2107,753573,5.333833,4.5625,0.4286168,0.05345978
2107,753608,4.956047,5.5625,0.5401174,0.0559562
2107,753620,4.990357,4.15625,0.22347057,0.023480764
2107,905935,6.018654,6.3125,0.048984807,0.009592727
2107,905936,5.132326,4.96875,0.13799225,0.015693951
2107,905942,4.756228,5.4375,0.12182181,0.0153861195
2107,905945,5.642135,5.3125,0.15968485,0.01650859
2107,905955,5.461383,4.59375,0.5625327,0.061099205
2107,905963,5.157741,3.90625,0.62495106,0.06859208
2107,905965,4.047119,3.296875,0.25200182,0.027510416
2107,905974,3.643076,4.3125,0.16639656,0.022068715
2107,905977,4.766041,5.78125,0.2622688,0.027934097
2107,905985,5.381728,4.09375,0.2270626,0.025546715
2107,905990,5.617604,5.75,0.0729244,0.010677095
2107,906693,5.521069,5.71875,0.2614125,0.026971946
2107,906790,3.295695,4.65625,0.73859966,0.07930562
2107,906797,5.310655,4.625,0.21697646,0.02786134
2107,906801,5.199083,5.09375,0.09629095,0.012868871
2107,906805,6.129379,5.40625,0.6060814,0.07344926
2107,906820,2.719511,3.140625,1.211898,0.13301297
2107,906824,5.325583,4.53125,0.11874028,0.019012364
2107,906825,3.869951,4.1875,0.33653054,0.08454117
2107,906830,5.895535,3.828125,1.0307533,0.12297842
2107,906836,4.352629,3.46875,0.18790454,0.020866375
2107,906843,5.465755,5.15625,0.14137799,0.018822022
2107,906870,4.869815,3.890625,1.4162176,0.14656365
2107,906871,5.142723,5.1875,0.0681981,0.008405106
2107,906875,5.315709,4.84375,0.2590342,0.027642926
2107,907047,4.620713,4.6875,0.13242835,0.020966122
2107,907053,4.164017,3.859375,0.19646561,0.02150457
2107,907056,5.422255,5.59375,0.39614928,0.039848097
2107,907065,3.727372,5.84375,0.2120255,0.022717878
2107,907171,2.667367,3.109375,1.2993836,0.21419959
2107,907269,3.352311,4.34375,0.718799,0.07409388
2107,907270,3.43616,3.578125,0.6971284,0.0763057
2107,907313,5.382714,6.15625,0.14860824,0.01773034
2107,907323,4.68133,4.3125,0.37588722,0.042007685
2107,907783,3.902605,3.8125,0.17960387,0.019414222
2107,907788,4.748022,4.78125,0.43973398,0.046500433
2107,907789,4.410396,5.0,0.06974147,0.008672182
2107,907792,4.653662,6.28125,0.23495977,0.029216675
2107,907795,4.727623,4.09375,0.5276693,0.055706263
2107,908120,6.495769,6.28125,1.3438274,0.14969759
2107,908129,5.218901,6.15625,0.08872284,0.011100187
2107,908152,5.746666,4.90625,0.4930024,0.057205167
2107,908459,5.865971,5.875,0.13335386,0.015755748
2107,908462,6.327002,6.5,0.33178577,0.03486179
2107,908463,6.665383,7.0625,0.17053261,0.022703454
2107,908471,4.77654,4.59375,0.21444741,0.025521971
2107,908472,5.854951,5.53125,0.16063549,0.020035466
2107,908481,3.871421,5.0625,0.35141736,0.03716124
2107,909253,3.852565,4.53125,0.539495,0.055832073
2107,909257,5.144784,4.46875,0.052005168,0.014284268
2107,909703,4.487194,3.734375,0.24532925,0.027328804
2107,909712,4.923189,4.625,0.13322443,0.015041587
2107,909731,4.423906,4.59375,0.18304518,0.01993119
2107,909736,5.949826,6.3125,0.11597633,0.012919351
2107,909744,4.628017,4.875,0.13440508,0.014598338
2107,909770,5.568519,5.125,0.1959184,0.030845743
2107,909784,6.177922,4.90625,0.26456356,0.039310798
2107,909905,4.708203,5.6875,0.17948647,0.020193946
2107,909907,6.73636,6.125,0.6311214,0.06531444
2107,910548,6.11888,5.28125,0.21126413,0.026513914
2107,910692,5.567061,4.46875,0.13567871,0.014397713
2107,910697,3.546105,4.34375,0.7242596,0.08849924
2107,910698,4.249877,4.9375,0.09706675,0.014281155
2107,910851,3.776341,4.25,0.1919534,0.020525154
2107,910861,3.788194,3.40625,2.4776194,0.26339516
2107,910903,4.651012,4.59375,0.1946215,0.023916876
2107,910905,5.690669,5.03125,0.49169478,0.050637424
2107,910906,4.794521,4.5,0.10119206,0.011644177
2107,910926,3.778297,5.28125,0.07288441,0.007825813
2107,910951,4.46717,3.828125,0.51410246,0.06118474
2107,924105,5.337973,4.25,0.31926146,0.044642687
2107,924240,5.032817,5.0625,0.08947989,0.009794217
2107,924247,3.631947,3.171875,1.4361814,0.16215079
2107,924248,3.742753,4.65625,0.10659645,0.011353524
2107,925341,5.876198,5.90625,0.33839294,0.037463367
2107,930083,7.137644,7.78125,0.17498258,0.022784818
2107,946353,5.530448,4.6875,0.11291069,0.02402991
2107,949090,5.240597,5.5625,0.17619088,0.02107426
2107,998184,3.99536,3.875,0.16383182,0.022155348
2107,1240121,4.77428,4.53125,0.47515857,0.057126716
2107,1240129,7.052476,6.46875,0.14372201,0.01706278
2107,1240155,5.492556,4.9375,0.30491057,0.031157319
2107,1240157,5.58286,5.4375,0.15795216,0.019246845
2107,1240160,6.14714,6.28125,0.14265342,0.015059981
2107,1240174,5.479516,4.9375,0.14895368,0.019395545
2107,1240185,6.043545,6.0,0.18013814,0.018519077
2107,1240190,5.310807,5.78125,0.2107914,0.028975911
2107,1240191,3.487539,4.125,0.23762777,0.026829153
2107,1240209,5.686167,5.375,0.2081684,0.021940844
2107,1240212,5.377415,5.84375,0.051851608,0.008074478
2107,1240220,5.612822,5.03125,0.38733536,0.042754795
2107,1240222,5.561256,5.0625,0.34804893,0.040050015
2107,1247871,4.387658,4.03125,0.3677918,0.042862106
2107,1290798,5.843779,5.5625,0.58166856,0.075207345
2107,1290806,5.874374,5.75,0.2535358,0.02594327
2107,1297446,4.270614,4.125,0.15975402,0.0187865
2107,1298134,4.251505,4.6875,0.069055304,0.011958486
2107,1298151,6.001713,6.0625,0.083598636,0.0108855385
2107,1298157,5.351792,5.34375,0.27180487,0.03058065
2107,1298219,4.946057,5.40625,0.1488377,0.017345406
2107,1298357,6.913791,6.59375,1.4736859,0.16957715
2107,1298362,3.241133,4.5625,0.19889942,0.030478908
2107,1298526,7.16796,6.75,0.10082262,0.017459715
2107,1298537,4.652231,5.84375,0.3087005,0.03370007
2107,1299052,5.08127,5.46875,0.7070309,0.07396974
2107,1299081,4.243044,4.6875,0.4757709,0.052672435
2107,1323913,2.169602,1.796875,0.6967865,0.07867007
2107,1331035,4.179673,3.515625,0.17372929,0.018503804
2107,1331036,3.751166,3.21875,0.18097407,0.019239312
2107,1480359,3.256681,3.65625,0.49420014,0.05579723
2107,1659817,3.951292,4.375,0.15604493,0.016149012
2107,1659819,0.546328,1.671875,1.2968775,0.14749475
2109,687452,2.265386,2.59375,0.26774335,0.029228881
2109,687562,1.541419,1.828125,0.09236676,0.013934522
2109,687586,2.862558,3.234375,0.15169983,0.015828498
2109,687588,2.882185,2.140625,0.30167204,0.034060013
2109,687802,2.863301,3.15625,0.9548272,0.09715954
2109,687980,1.739728,2.375,0.6641903,0.068281986
2109,687985,2.102497,1.90625,0.17755492,0.02188284
2109,688025,1.816597,2.484375,0.9046041,0.098014355
2109,713899,2.078637,2.78125,0.20639756,0.026972128
2109,724812,5.643056,4.125,0.34625372,0.03572567
2109,724825,2.085935,1.71875,0.19791828,0.021344814
2109,724869,5.431366,4.03125,0.37016055,0.037729945
2109,724873,1.982808,2.453125,0.25303423,0.027696412
2109,724874,2.996928,4.09375,1.1319596,0.1156694
2109,749711,3.354732,3.65625,2.3285758,0.23461726
2109,749716,3.273623,3.671875,2.1396418,0.21522354
2109,753539,1.997324,2.40625,0.24819043,0.02747708
2109,753541,2.083479,2.875,0.22382517,0.02297233
2109,753555,2.184192,1.84375,0.15147598,0.020822266
2109,753556,2.69462,2.125,0.9387388,0.10892586
2109,753569,2.887421,3.328125,0.7535005,0.07929373
2109,753570,2.857481,1.96875,0.14796358,0.020171963
2109,753592,1.325828,2.328125,0.13103954,0.015795756
2109,753618,1.014999,2.03125,0.23365878,0.026574168
2109,753620,1.925623,2.75,0.42520225,0.044050988
2109,905937,1.764515,1.921875,0.05199634,0.00955538
2109,905943,1.497624,1.984375,0.14134276,0.017369496
2109,905945,2.953465,3.296875,0.39976057,0.04015368
2109,905947,1.795684,1.921875,0.13995668,0.022538008
2109,905950,1.937777,2.3125,0.4081506,0.044118904
2109,905954,1.712609,2.046875,0.49566415,0.05119142
2109,905962,3.163208,3.203125,0.15099826,0.017675797
2109,905965,1.503232,1.0625,0.08595338,0.010593363
2109,905981,1.608497,1.65625,0.11937353,0.012506352
2109,905984,1.736868,2.0625,0.11121112,0.017412987
2109,905989,2.648056,2.0625,0.94083947,0.10298162
2109,905990,2.552585,3.703125,0.65022856,0.0695275
2109,905991,2.167228,2.1875,0.23156883,0.033904735
2109,906790,0.935057,1.75,0.18375006,0.021509709
2109,906801,3.239413,3.71875,0.9875573,0.10105266
2109,906804,1.459498,1.546875,0.22062013,0.023216695
2109,906805,3.150597,2.203125,1.7849963,0.21350409
2109,906820,1.402301,2.0,0.59907895,0.06368795
2109,906821,1.619333,2.484375,0.11845181,0.0144336345
2109,906839,2.726197,2.71875,1.7580965,0.18344139
2109,906843,2.391657,2.828125,0.9682034,0.10030595
2109,906872,2.141861,2.453125,0.30451155,0.03371237
2109,906999,3.271391,3.078125,0.4436997,0.046179574
2109,907042,0.573104,1.28125,0.24636061,0.03539257
2109,907047,1.355957,1.609375,0.18722472,0.031236239
2109,907055,1.497943,1.8125,0.32448912,0.039539766
2109,907056,3.788444,4.5625,0.29352117,0.0296369
2109,907064,2.404627,3.359375,0.8340786,0.08501646
2109,907067,0.700032,1.875,0.1907526,0.03324496
2109,907270,1.281119,1.296875,0.11329038,0.012246085
2109,907282,3.205539,3.484375,0.43514556,0.04405658
2109,907286,2.912826,3.75,0.2999213,0.0317157
2109,907290,5.472821,3.15625,0.762827,0.07746505
2109,907291,1.583191,2.234375,0.16980454,0.018976692
2109,907320,4.178149,2.96875,0.28791744,0.030298645
2109,907783,1.237877,1.890625,0.113660805,0.014049299
2109,907788,1.229011,2.546875,0.46506432,0.04834493
2109,908120,2.967533,3.359375,4.092581,0.46045452
2109,908131,3.439128,2.640625,0.5490218,0.05681799
2109,908135,1.739468,1.546875,0.17074838,0.022908729
2109,908442,2.062354,1.96875,0.6061355,0.06468396
2109,908445,2.681395,2.65625,0.5608061,0.05892568
2109,908460,5.265865,5.34375,1.2099785,0.13761164
2109,908474,2.453627,2.421875,0.59741426,0.061220437
2109,908483,2.21287,2.84375,0.16496994,0.017308231
2109,909249,1.984335,1.796875,0.20101562,0.022188477
2109,909264,2.659216,3.609375,0.3443064,0.03531006
2109,909699,4.507096,3.890625,1.314203,0.13411817
2109,909713,1.337683,2.328125,0.45291892,0.0617467
2109,909717,2.432025,2.5,0.39138585,0.041318767
2109,909718,2.728077,1.625,0.5411494,0.06472708
2109,909719,2.116337,3.296875,0.6690573,0.070872314
2109,909722,1.130891,1.96875,0.126637,0.0143493675
2109,909725,2.05055,2.8125,2.6127176,0.2719276
2109,909731,2.061852,2.125,0.09038602,0.009483073
2109,909736,3.384042,3.0,0.7113023,0.07250204
2109,909742,2.598524,2.03125,0.16041417,0.01708562
2109,909776,3.061672,2.953125,2.9342527,0.30366436
2109,909785,1.737379,1.5,0.08385259,0.009688727
2109,909975,4.058145,4.875,0.6944163,0.070391566
2109,909976,3.175922,2.625,0.0710043,0.00872566
2109,910079,2.186293,2.734375,1.116017,0.114831194
2109,910554,4.634789,2.609375,1.1335852,0.11599509
2109,910692,2.692342,2.765625,0.28531942,0.030025246
2109,910703,1.707743,2.203125,0.18592739,0.020711651
2109,910851,1.660795,1.90625,1.6102523,0.17578727
2109,910852,3.627489,2.6875,0.30752718,0.03324205
2109,910904,4.729444,3.578125,0.448873,0.047632713
2109,910907,4.421342,5.15625,0.6032703,0.062304813
2109,910921,1.30329,1.71875,0.30997345,0.036982708
2109,910922,1.406308,2.296875,0.63809663,0.06837008
2109,910934,1.957696,0.98046875,0.18033676,0.020088874
2109,924110,2.907642,2.65625,0.22383001,0.024085475
2109,924151,3.166456,2.671875,1.238763,0.12847725
2109,924250,4.178314,3.5625,0.5481266,0.05583728
2109,925338,3.934525,2.984375,0.34295982,0.037250407
2109,946353,2.710604,3.609375,0.25647882,0.026990242
2109,1240125,2.035507,2.109375,0.64597255,0.0669228
2109,1240128,1.885549,2.703125,0.13917299,0.017202789
2109,1240145,2.446666,2.5,0.26768997,0.030015277
2109,1240146,2.749142,3.03125,1.7095681,0.17815006
2109,1240158,1.454333,3.1875,0.9015358,0.0920043
2109,1240159,3.179972,3.71875,0.96034086,0.09864495
2109,1240184,3.609286,3.140625,0.53025824,0.05870471
2109,1240192,2.272872,3.453125,0.2799432,0.029034069
2109,1240196,2.003122,3.140625,0.2184785,0.022991324
2109,1240197,5.32689,3.953125,0.40121236,0.041083988
2109,1240198,2.247452,2.75,0.53005826,0.055101257
2109,1240210,2.521686,2.078125,0.13686994,0.014211454
2109,1290769,1.114003,2.71875,0.8928978,0.09293141
2109,1290798,2.774526,3.484375,1.5920899,0.16258094
2109,1290905,3.842378,4.625,2.511047,0.25423253
2109,1298144,2.116154,2.359375,1.1128943,0.12284334
2109,1298157,3.280443,3.015625,1.4886049,0.15573819
2109,1298226,2.696343,2.640625,0.6759407,0.06967604
2109,1298348,5.075049,3.421875,0.46993718,0.049531136
2109,1298351,2.79471,1.9375,0.41323537,0.04427689
2109,1298537,2.294468,2.40625,0.7865825,0.08394043
2109,1299062,3.85258,4.5,0.25908855,0.026635561
2109,1299075,4.341798,2.875,0.98695666,0.10129644
2109,1322212,2.492835,2.34375,0.9923915,0.1016205
2109,1323913,2.809451,1.140625,0.1422951,0.016009562
2109,1327768,3.08987,2.078125,0.21228059,0.024427144
2109,1330942,2.363094,3.625,0.12134411,0.01370025
2109,1330984,1.622248,2.1875,0.08357411,0.008936394
2109,1331033,1.518394,1.609375,0.13212657,0.015026843
2109,1331036,1.200096,0.90234375,0.11190307,0.012352069
2109,1331050,1.449011,2.046875,0.0716764,0.008182826
2109,1503361,1.75043,3.0,0.43386975,0.04472334
2109,1659817,4.67661,1.984375,0.34091347,0.034935344
2109,1659928,1.61076,2.296875,0.42149192,0.045668885
2110,683667,5.224228,4.90625,0.18943636,0.019237256
2110,684052,2.434773,3.84375,0.19416815,0.020184403
2110,687561,4.286534,4.75,0.20868702,0.021223923
2110,687588,5.685382,5.53125,0.3960118,0.040747143
2110,687798,4.342044,5.125,0.19839495,0.020064518
2110,687807,6.128008,5.84375,0.31504038,0.033900265
2110,687816,6.265572,4.90625,0.2981774,0.03007306
2110,687820,5.823874,6.46875,0.44042698,0.052679643
2110,688011,4.322821,4.375,0.19668847,0.019784614
2110,688018,5.451238,5.03125,2.442549,0.2536143
2110,688027,5.264786,4.71875,0.32469863,0.033225067
2110,688086,3.95511,3.984375,0.57519716,0.05934754
2110,724825,4.481743,4.46875,0.27336967,0.027586134
2110,724834,5.314543,4.90625,0.58201313,0.062109735
2110,724839,4.995691,6.59375,0.24872695,0.02501909
2110,724863,4.040784,4.65625,0.39742646,0.040638603
2110,724869,5.898797,5.9375,0.18225597,0.019845257
2110,749714,5.841791,5.625,0.38779935,0.03904678
2110,749716,3.588707,3.5,0.6015467,0.06260805
2110,753555,2.205605,4.6875,0.12696734,0.013011066
2110,753556,5.805627,5.125,0.42858616,0.044719066
2110,753570,1.942866,2.90625,0.26515236,0.029537033
2110,753605,4.380983,3.484375,0.48484457,0.04944918
2110,905934,5.410813,6.71875,0.23553695,0.023930348
2110,905938,4.331192,3.796875,0.59606045,0.061081707
2110,905940,4.69852,4.125,0.27571255,0.028173715
2110,905947,4.438922,4.5,0.16246246,0.017561326
2110,905951,5.293939,5.15625,0.2971432,0.029873565
2110,905955,4.210215,4.3125,0.41410893,0.042811543
2110,905956,3.381667,4.25,0.2381542,0.024335813
2110,905965,2.922815,2.28125,0.57572,0.058245707
2110,905973,5.946922,5.875,0.25217494,0.025903078
2110,905976,3.350779,4.4375,0.41921458,0.042291805
2110,905977,6.008545,5.84375,0.41334277,0.041501503
2110,905981,3.399641,3.109375,0.30490813,0.031401113
2110,905984,4.579476,3.625,0.27044582,0.03243082
2110,905985,3.721457,3.875,0.22729033,0.023225686
2110,905989,4.936761,4.0625,0.3282507,0.034597456
2110,905991,4.404048,4.25,0.16460364,0.01722087
2110,906746,2.980081,6.15625,0.19406115,0.020630596
2110,906821,5.280995,5.65625,0.22715315,0.023181627
2110,906824,4.150967,4.875,0.2269838,0.024779262
2110,906825,4.399038,3.703125,0.46986586,0.055647686
2110,906826,6.056044,7.125,0.27460787,0.027928216
2110,906831,4.216619,3.40625,0.49059346,0.049453985
2110,906834,3.365939,3.203125,0.4497984,0.045459114
2110,906837,2.833719,4.09375,0.14706068,0.018286636
2110,906839,4.857719,5.53125,0.2771658,0.028846987
2110,906842,3.361157,2.5625,0.2240552,0.022943167
2110,906851,4.717445,5.34375,0.36824128,0.037958354
2110,906863,2.9504,4.875,0.2709512,0.028858857
2110,906868,1.970596,5.21875,0.1832857,0.018587252
2110,907048,4.802344,4.53125,0.19928168,0.020406365
2110,907072,4.50612,4.375,0.36469498,0.03703476
2110,907173,4.267774,4.625,0.6436009,0.0657232
2110,907269,3.070615,3.625,0.28771526,0.028975783
2110,907276,6.246695,5.71875,0.57117856,0.057536215
2110,907298,5.163803,4.46875,0.26245442,0.026431764
2110,907299,6.122421,4.84375,0.22617188,0.022816997
2110,907318,3.373586,4.34375,0.18798266,0.020749874
2110,907323,4.786205,3.125,0.84219503,0.085174724
2110,907799,-0.309961,2.703125,0.16658059,0.016969452
2110,908121,3.678555,4.875,0.25422594,0.02613566
2110,908127,4.724584,5.3125,0.1466811,0.015435809
2110,908134,4.22171,4.34375,0.38902652,0.03938723
2110,908148,3.891672,2.75,1.0552917,0.10623297
2110,908158,1.943091,3.0625,0.26750132,0.027282393
2110,908454,5.067257,3.421875,1.2380652,0.12619424
2110,908455,3.222279,4.75,0.15677905,0.016425198
2110,908459,3.997087,5.84375,0.36549222,0.03677821
2110,908460,6.314276,6.6875,0.4285328,0.047034007
2110,908465,5.698919,4.625,0.22978733,0.024074025
2110,908469,4.188676,4.40625,0.18750939,0.019070111
2110,908471,4.968505,4.4375,0.3259146,0.033129163
2110,908473,6.255225,6.25,0.20830078,0.022318786
2110,909251,3.30911,3.625,0.24152997,0.024324466
2110,909698,4.133207,3.703125,0.30857307,0.03147129
2110,909702,2.747399,3.34375,0.36247116,0.036460463
2110,909707,4.855383,5.3125,0.2932403,0.02958309
2110,909713,4.098814,4.21875,0.36153513,0.036788426
2110,909723,6.01312,4.96875,0.9113852,0.0914539
2110,909725,5.652007,5.59375,0.41571337,0.041667175
2110,909728,4.779427,5.40625,0.22456807,0.022764008
2110,909743,2.990158,4.53125,0.3420641,0.034464907
2110,909745,2.889145,5.4375,0.40477487,0.040870212
2110,909746,5.877652,5.78125,0.23683187,0.027480608
2110,909757,4.796441,4.6875,0.30477083,0.031185938
2110,909759,3.867115,3.859375,1.2599946,0.13472843
2110,909761,3.953941,5.3125,0.1797115,0.01872731
2110,909762,2.851197,2.703125,0.39312413,0.03938755
2110,909778,3.633289,4.40625,0.31986982,0.03253145
2110,910079,5.042782,4.5,0.59753686,0.06132828
2110,910549,4.782741,4.71875,0.41366008,0.041609485
2110,910706,-1.793932,3.3125,0.19570693,0.019838413
2110,910779,5.808667,5.59375,0.257647,0.026006987
2110,910784,6.028447,5.1875,0.5492804,0.055294372
2110,910852,5.235846,5.25,0.18970437,0.021002108
2110,910861,-0.538562,3.046875,0.6575825,0.06691307
2110,910900,4.368165,4.8125,0.09724061,0.009812693
2110,910903,3.45237,3.4375,0.23972896,0.024734689
2110,910924,3.418465,4.9375,0.37993342,0.038773287
2110,910927,3.612376,4.53125,0.16230345,0.016445544
2110,910933,4.695232,4.65625,0.35248938,0.03566142
2110,910941,5.001224,4.28125,0.72001433,0.07251259
2110,924187,6.258216,6.15625,1.0687934,0.10798316
2110,924239,4.399817,3.609375,0.21653126,0.021776654
2110,924240,3.83199,4.6875,0.14461385,0.014758256
2110,925347,4.278561,6.0,0.2048642,0.021223947
2110,925348,7.558122,6.9375,1.0762447,0.109976165
2110,946360,5.960009,5.5625,0.111165866,0.011409526
2110,998184,3.292541,3.859375,0.1739641,0.018063009
2110,998189,4.152754,5.15625,0.3392867,0.034313492
2110,1240150,2.825955,3.765625,0.38015735,0.03918666
2110,1240153,4.322769,5.0625,0.20621137,0.021100756
2110,1240160,5.257328,5.53125,0.3035653,0.030558987
2110,1240174,4.53978,4.5625,0.27957353,0.029514693
2110,1240182,5.30685,5.25,0.44580624,0.045190472
2110,1240185,4.197921,4.90625,0.22805668,0.023000944
2110,1240189,3.845822,3.640625,0.82507753,0.084201515
2110,1240197,5.927615,5.75,0.26368913,0.026442239
2110,1290722,5.215928,5.21875,0.14816862,0.015440303
2110,1290730,4.714657,5.65625,0.13989672,0.015910547
2110,1290797,4.052789,5.15625,0.28569338,0.028759874
2110,1290807,5.104903,5.96875,0.3515042,0.03717042
2110,1295740,4.790398,3.984375,0.32163593,0.03256423
2110,1297439,4.081493,4.84375,0.19131707,0.019175813
2110,1298136,6.834653,5.75,0.7059176,0.07088642
2110,1298169,5.928987,5.09375,0.18292737,0.018576266
2110,1298347,4.399866,4.3125,0.19912149,0.020724256
2110,1298362,3.034444,3.84375,0.5758903,0.060510628
2110,1298526,6.908508,6.9375,0.18554968,0.020365173
2110,1298538,4.013397,5.4375,0.3195129,0.032216463
2110,1303901,3.337926,3.359375,0.65357125,0.06597173
2110,1327765,1.574649,2.71875,0.49655035,0.050042182
2110,1330942,5.237352,4.46875,0.20179984,0.021453295
2110,1330947,2.845499,2.796875,0.24611938,0.025281059
2110,1480360,3.438403,2.9375,0.5757661,0.06548226
2110,1503371,5.23143,4.65625,0.3079454,0.03256422
2110,1659819,2.391929,2.59375,0.652153,0.065611325
2111,683667,4.959469,3.703125,0.07621226,0.0079959985
2111,687448,3.288246,5.25,4.666452,0.48057684
2111,687457,4.385723,4.46875,0.23685917,0.023901807
2111,687505,5.158042,3.484375,0.21791086,0.022282341
2111,687592,3.94206,3.328125,0.34612444,0.035165943
2111,687777,6.655034,5.59375,0.5920497,0.060383003
2111,687807,5.474805,5.59375,0.21408892,0.031653434
2111,687816,6.519674,5.5,0.39788303,0.040239584
2111,687997,6.141248,5.96875,0.29321212,0.029735038
2111,688025,4.931554,3.453125,1.4038566,0.1407093
2111,688031,2.349863,2.390625,0.15219787,0.015427988
2111,688058,6.006064,5.0625,0.13891198,0.015628926
2111,724812,5.172338,4.78125,0.20438929,0.020797867
2111,724859,4.450616,4.4375,0.75468683,0.07739628
2111,724869,6.39258,5.96875,0.13651346,0.016543671
2111,724870,4.524036,4.0625,0.3044237,0.03062155
2111,724872,3.87396,3.6875,0.08572249,0.008805301
2111,724874,5.857008,7.0625,0.51027596,0.051923722
2111,749714,4.627629,5.5625,0.42568535,0.042763676
2111,753574,5.608461,6.15625,0.5905672,0.061250173
2111,753592,5.065188,3.640625,0.46482557,0.047870286
2111,753608,3.06356,3.765625,0.30234358,0.031675488
2111,753612,5.736153,5.125,1.3981973,0.14012253
2111,753618,1.489082,2.359375,0.5347982,0.054390132
2111,905935,6.217888,5.71875,0.26470432,0.030337704
2111,905939,2.288763,3.25,1.0088788,0.101674475
2111,905940,3.609971,3.34375,0.22858354,0.022992894
2111,905945,5.301539,5.46875,0.1988028,0.019929066
2111,905946,5.538688,6.21875,0.32663265,0.032754093
2111,905947,1.975708,4.03125,0.26156563,0.027190587
2111,905962,5.014862,5.0625,0.23223762,0.023561928
2111,905965,1.885002,0.703125,0.19851397,0.020425849
2111,905968,2.187031,3.03125,0.42574129,0.044945683
2111,905977,5.98551,6.03125,0.56335545,0.05656346
2111,905986,4.716235,4.96875,0.27882317,0.028342329
2111,906693,3.74158,5.3125,0.64802015,0.0649713
2111,906834,1.59044,1.671875,0.31020638,0.031458452
2111,906839,5.737695,6.15625,0.37919453,0.038391788
2111,906849,3.482249,3.296875,0.20403147,0.020456444
2111,906856,0.301982,1.40625,0.40598437,0.04151368
2111,906865,3.686961,3.71875,0.34020758,0.03426228
2111,906872,4.562279,5.3125,0.24602023,0.025292074
2111,906875,1.05262,3.125,1.0290031,0.10900088
2111,907055,3.908706,4.4375,0.32865673,0.034012523
2111,907056,3.275837,4.8125,0.32911003,0.032986876
2111,907060,3.633496,4.1875,0.14489323,0.014949754
2111,907061,3.199195,3.5625,0.638705,0.065064445
2111,907066,4.458238,5.96875,0.176898,0.01891531
2111,907068,4.739884,4.25,0.2001528,0.021130214
2111,907270,1.602318,1.015625,0.30308813,0.03121368
2111,907271,4.228099,4.53125,0.73162127,0.07413218
2111,907275,1.675833,1.3125,0.29212835,0.029679988
2111,907276,5.339197,7.3125,0.48344675,0.04846331
2111,907277,0.59113,0.83203125,0.09782365,0.010460067
2111,907286,5.888182,4.6875,0.22181477,0.023206312
2111,907295,5.323133,5.03125,0.15193468,0.015853003
2111,907312,3.133448,2.5625,0.44549528,0.04495558
2111,907322,3.470593,2.46875,0.48570105,0.049371433
2111,907323,2.858355,1.328125,0.23383985,0.024174908
2111,907788,2.553544,3.640625,0.5006085,0.05038445
2111,907799,1.6798,1.5625,0.07899932,0.0081756
2111,908125,5.065674,4.4375,0.19547611,0.019749492
2111,908133,2.353482,2.125,0.32409298,0.032540414
2111,908443,4.082106,5.46875,0.9008903,0.090990834
2111,908447,4.49285,4.0625,0.41709825,0.04187857
2111,908458,4.545525,4.90625,0.40827265,0.040888038
2111,908459,5.756394,5.53125,0.45871606,0.046302974
2111,908460,6.829881,6.96875,0.30742234,0.0350964
2111,908467,5.245583,3.640625,0.40736791,0.04157306
2111,908471,4.444607,3.703125,0.25670317,0.02601068
2111,908475,2.619857,4.78125,0.71161056,0.073352896
2111,908480,5.545821,4.40625,0.39724123,0.040188976
2111,909250,5.930337,5.21875,0.4315598,0.043601677
2111,909706,4.174894,4.40625,0.32625154,0.03292252
2111,909707,4.553894,4.375,0.479347,0.048701234
2111,909726,2.215068,3.21875,1.1760008,0.11779844
2111,909731,2.367313,2.234375,0.1576641,0.01591938
2111,909735,2.231889,4.65625,0.2281539,0.023745902
2111,909737,6.359219,5.3125,0.3767251,0.037894245
2111,909746,5.410158,5.1875,0.33934066,0.037349205
2111,909749,6.09881,5.0,0.3377286,0.03419354
2111,909777,2.668135,2.140625,0.20619424,0.02081948
2111,909778,4.617311,5.1875,0.33624125,0.033747986
2111,909905,5.480515,5.28125,0.6304705,0.063302115
2111,909907,7.074833,6.78125,0.19419652,0.0196469
2111,910079,5.77748,4.1875,1.7418376,0.17609863
2111,910698,3.938718,3.90625,0.7012023,0.071277104
2111,910781,4.020329,4.875,0.37954786,0.038398933
2111,910920,4.450835,3.359375,0.24942884,0.026059924
2111,910933,4.155023,3.421875,0.2641681,0.026895447
2111,910941,4.393322,3.046875,0.31422082,0.031909112
2111,910943,5.59912,5.78125,0.34258422,0.038162664
2111,917486,2.503301,4.9375,0.17217855,0.017322412
2111,924105,5.526933,3.984375,0.4031079,0.041514263
2111,924187,6.55148,6.15625,1.1968592,0.12373409
2111,924240,5.200503,4.875,0.23541808,0.02368037
2111,925338,2.80667,5.0625,0.6545523,0.06576481
2111,925347,6.615353,6.46875,0.13277593,0.014226531
2111,946355,4.798329,4.8125,0.43640894,0.04445668
2111,949090,3.668462,4.5,0.32046872,0.032267384
2111,1240143,5.837719,4.78125,0.35817057,0.036624514
2111,1240144,5.122895,4.375,0.9377369,0.09455196
2111,1240145,4.216684,4.46875,0.35762668,0.03676576
2111,1240147,3.160392,1.953125,0.2520042,0.025768537
2111,1240155,5.139677,4.40625,0.5363305,0.053742167
2111,1240160,6.080352,6.0,0.4131999,0.04150358
2111,1240166,2.637222,2.75,0.3780478,0.038149357
2111,1240183,6.387281,5.5,0.48643622,0.05283402
2111,1240189,3.502104,3.5625,0.2323372,0.023681805
2111,1240191,1.449134,2.6875,0.43289313,0.04373639
2111,1240196,5.008694,5.59375,0.27069312,0.02831998
2111,1240198,5.287828,5.28125,0.5903263,0.0596816
2111,1240207,5.153767,2.90625,0.7444176,0.085317545
2111,1240209,5.370467,5.375,0.4360931,0.043687608
2111,1240215,6.299996,5.4375,0.2638173,0.0279458
2111,1240218,6.074828,5.96875,0.2396697,0.025679868
2111,1240219,6.167165,6.1875,0.55279344,0.055470638
2111,1240220,3.584725,3.78125,1.6706641,0.17049603
2111,1240222,3.454586,3.6875,0.28261125,0.028841285
2111,1290769,2.526469,4.34375,0.8107584,0.09963343
2111,1290807,5.842505,6.78125,0.3174323,0.03325628
2111,1295741,1.789108,2.109375,0.2342285,0.02356509
2111,1297439,2.929364,5.21875,0.47410747,0.047442064
2111,1298136,6.597943,5.625,1.3894274,0.13968739
2111,1298144,4.537201,3.140625,0.7103107,0.07163929
2111,1298146,5.383054,4.875,0.35141638,0.035252362
2111,1298151,4.38632,5.59375,0.43107143,0.043596067
2111,1298226,4.448318,4.75,0.31324878,0.033428453
2111,1298347,4.266642,4.6875,0.19695444,0.020168059
2111,1298349,4.608682,4.28125,0.23425527,0.023520298
2111,1298350,5.461667,3.953125,0.38621038,0.039007638
2111,1298358,1.930658,4.1875,0.608536,0.060915858
2111,1298475,4.794303,6.28125,0.43568817,0.048852414
2111,1299070,2.925764,4.1875,0.47190532,0.047836084
2111,1303896,1.105835,1.75,0.3121243,0.031985153
2111,1327768,1.941038,1.171875,0.23379469,0.024493862
2111,1327775,4.176767,4.84375,0.16191825,0.016435077
2111,1330975,4.556965,4.90625,0.10615076,0.010666875
2111,1330982,0.450219,0.9453125,0.149311,0.015642798
2111,1331033,2.082455,1.6875,0.30970067,0.031605836
2111,1331037,2.079627,2.03125,0.23746073,0.024333952
2111,1503363,4.526235,4.21875,1.0400283,0.10674346
2111,1659818,3.047144,2.859375,0.16340207,0.016543744
2111,1659819,0.682287,0.39453125,0.3779832,0.039159093
2111,1659928,2.615193,3.078125,0.5650654,0.05681898
2148,687455,1.920495,2.046875,1.6000422,0.16212572
2148,687506,0.418051,1.921875,0.22539128,0.02317132
2148,687586,1.588081,1.9375,0.74643177,0.07627421
2148,687780,2.679299,1.328125,1.7246885,0.17600939
2148,687799,1.562298,0.55859375,0.8888481,0.08969496
2148,687802,2.20081,1.265625,3.236972,0.3253786
2148,687816,3.743973,2.921875,0.61935556,0.062247384
2148,687821,4.355807,1.78125,1.4913104,0.1716052
2148,687983,0.571015,1.609375,0.8453573,0.08656426
2148,687985,0.481165,1.03125,0.20959263,0.021237161
2148,688010,-0.238375,-0.23535156,0.59326696,0.06383914
2148,688013,-0.128212,-0.51953125,0.35444084,0.040162053
2148,688087,1.302181,1.03125,0.5842774,0.05945382
2148,713880,0.803478,0.875,0.66425073,0.072514616
2148,724828,1.413847,1.5,0.5607451,0.056348145
2148,724838,1.593227,2.9375,2.3547916,0.24062464
2148,724866,1.88761,2.546875,1.1009586,0.11242764
2148,724869,3.971433,2.078125,2.883021,0.29016572
2148,749710,2.719221,1.9375,0.36899328,0.038451917
2148,753539,0.376341,0.109375,0.2730918,0.033276882
2148,753566,3.533025,2.640625,2.8875155,0.2889546
2148,753586,2.13385,2.296875,0.6052496,0.061555196
2148,753614,1.095985,2.09375,0.56689,0.057489086
2148,753615,0.286494,2.078125,0.5857996,0.058685135
2148,905955,1.993712,1.9375,0.97902834,0.099912636
2148,905957,1.281776,1.03125,0.17069383,0.017409021
2148,905962,2.964099,1.546875,0.21447907,0.022378942
2148,905973,3.007583,2.125,0.66580844,0.06771416
2148,905986,3.385255,3.09375,0.32519034,0.03284455
2148,905989,0.515028,1.03125,0.7415681,0.078553274
2148,906797,-0.1248,1.859375,0.9649444,0.10360892
2148,906800,-0.210169,-0.38476562,0.080455996,0.010711318
2148,906821,3.098845,2.0,1.0195287,0.10269964
2148,906827,0.932574,1.359375,0.43531197,0.04819324
2148,906843,1.181033,2.078125,0.78931093,0.07991427
2148,906848,-0.319944,-0.15429688,0.44404525,0.046956334
2148,907000,1.538131,1.65625,0.54376376,0.05477466
2148,907045,1.578236,1.53125,0.99280787,0.099780634
2148,907055,0.823254,0.66796875,0.44468033,0.048806295
2148,907060,2.219262,0.79296875,0.46276316,0.050140645
2148,907281,0.104377,-0.5,0.14815952,0.017119054
2148,907291,0.051721,1.21875,0.13487153,0.013610084
2148,907312,1.394607,0.98046875,0.45556313,0.051620323
2148,907794,2.02418,1.546875,0.8653409,0.08775539
2148,908125,2.290049,1.953125,0.23745257,0.024060095
2148,908129,0.654669,1.9375,1.653088,0.16622284
2148,908134,0.758711,2.171875,0.17736946,0.018058313
2148,908150,2.866702,2.359375,0.5235225,0.054358292
2148,908158,-0.574716,-0.13671875,0.1258661,0.013893334
2148,908159,0.296156,0.40234375,0.13356414,0.013973513
2148,908443,0.116809,1.328125,1.3882264,0.14195225
2148,908445,2.06207,2.28125,0.21309428,0.023145126
2148,908459,2.776233,2.296875,1.1043633,0.11161306
2148,908460,1.810331,2.515625,1.4519347,0.15190175
2148,908475,2.320856,1.296875,0.94154567,0.09591461
2148,909249,0.401665,0.15429688,0.08930219,0.009443414
2148,909250,2.286401,2.5625,0.4793702,0.04807032
2148,909257,0.642692,1.40625,0.9210914,0.11132498
2148,909707,2.124097,1.609375,1.0337691,0.11200945
2148,909718,1.489527,1.078125,0.26400626,0.02741225
2148,909720,0.977482,2.5625,1.0599202,0.11356717
2148,909731,0.875416,0.25976562,0.07663673,0.008652602
2148,909736,0.950377,1.890625,0.20881297,0.02190813
2148,909743,0.295274,0.38085938,0.07908334,0.008377187
2148,909744,0.492494,1.140625,0.54650426,0.056231882
2148,909777,-0.154241,0.072753906,0.23502706,0.024322834
2148,909785,-1.179008,-0.23925781,0.13425808,0.01469551
2148,910702,6.458297,3.1875,0.91667765,0.10179498
2148,910784,0.9385,1.546875,2.5413787,0.271744
2148,910903,1.763174,0.4453125,0.20580249,0.022195097
2148,910916,4.568518,1.640625,0.69977975,0.07482589
2148,910920,0.421911,1.09375,0.29064777,0.029515268
2148,910924,0.973738,0.98046875,0.5252658,0.05527572
2148,910934,0.171256,0.030273438,0.08346871,0.008841724
2148,910947,-1.06403,-0.053955078,0.07060007,0.008192027
2148,924106,0.213948,-0.09765625,0.7024399,0.082993224
2148,924239,0.995464,0.29296875,0.06351167,0.0068815243
2148,924240,1.290144,1.421875,0.21133846,0.021422949
2148,924244,1.868447,0.8046875,1.8416336,0.20269765
2148,925340,-0.180336,2.25,1.1761428,0.11818821
2148,998184,0.226513,-0.4765625,0.060239922,0.008694681
2148,998189,2.210032,2.03125,0.47233358,0.048881568
2148,1240121,2.042937,2.0,1.4423316,0.152021
2148,1240128,2.023226,2.140625,0.6255124,0.06572458
2148,1240145,0.928035,1.609375,0.25407887,0.02651082
2148,1240166,0.482316,0.5,0.12896974,0.01986829
2148,1240168,4.290669,1.71875,0.48098353,0.04899746
2148,1240169,1.145669,3.15625,1.2056949,0.1208306
2148,1240184,1.012476,2.5625,0.55500764,0.05687479
2148,1240190,0.774392,2.03125,0.98954713,0.1033863
2148,1240215,2.394201,1.78125,1.3168187,0.13642251
2148,1240218,2.951738,3.34375,0.5131244,0.051700205
2148,1240222,1.851788,2.53125,1.9525864,0.20347442
2148,1247871,-0.657981,0.16992188,0.22985265,0.02722217
2148,1290807,0.211363,1.796875,1.277468,0.13716549
2148,1297446,0.082811,-0.24023438,0.054648586,0.0070906766
2148,1297447,1.0966,0.80859375,0.32052392,0.034813542
2148,1298136,2.166723,1.84375,1.2567378,0.12621501
2148,1298146,1.224265,1.75,0.91014045,0.09147227
2148,1298168,0.333249,1.765625,0.2500767,0.025907965
2148,1298347,-0.106207,2.484375,0.3119888,0.031653173
2148,1298349,1.303657,1.328125,0.33945286,0.034235947
2148,1298358,1.935312,2.328125,2.003282,0.20079003
2148,1298526,1.889456,1.296875,0.5075138,0.056717765
2148,1299050,4.830473,1.703125,0.47958523,0.04851973
2148,1299052,3.094073,1.234375,1.0544635,0.107479975
2148,1299062,1.729648,2.953125,0.39947325,0.0409363
2148,1674021,1.423769,1.53125,0.20899147,0.022063315
2154,684072,1.557821,2.15625,0.1357876,0.014409268
2154,687455,3.24099,2.234375,0.6951537,0.07172438
2154,687506,2.64098,2.359375,0.14624727,0.01977735
2154,687562,2.352144,2.140625,0.12652287,0.01377666
2154,687568,4.199543,3.953125,0.3148191,0.032169823
2154,687586,1.830107,2.546875,0.24382041,0.026124604
2154,687588,3.168304,2.578125,0.50358486,0.05558663
2154,687799,2.447825,2.640625,0.40461755,0.042273793
2154,687816,4.026777,3.1875,0.5295199,0.0550453
2154,688006,2.553353,2.421875,0.24479091,0.028404132
2154,688010,1.869616,2.5,0.37677538,0.040207718
2154,688013,1.925773,2.21875,0.45354867,0.046987675
2154,688027,2.610411,2.90625,0.4138455,0.042921633
2154,688058,3.201495,3.15625,0.30947497,0.034585714
2154,688087,2.927891,2.828125,0.3228788,0.032854907
2154,688121,3.313921,3.1875,0.31506434,0.03244705
2154,722046,2.356762,1.671875,0.59759605,0.06596376
2154,724834,1.93735,3.484375,0.11763087,0.014034453
2154,724878,4.566604,4.03125,0.3421493,0.035035957
2154,749709,2.552419,2.8125,0.21044044,0.023759592
2154,749712,3.023037,2.46875,0.44555947,0.045184787
2154,749717,3.491509,3.46875,0.48947218,0.050655235
2154,753554,2.752425,2.765625,0.24963634,0.025460348
2154,753555,2.386621,1.890625,0.13284859,0.018910512
2154,753556,1.65912,2.765625,0.24542005,0.027253345
2154,753562,2.565868,2.015625,0.23385811,0.034922946
2154,753575,4.250113,3.828125,0.11058244,0.013226808
2154,753576,3.157692,3.5625,0.3671774,0.03734274
2154,753592,2.465442,2.296875,0.13647771,0.015203132
2154,753600,2.901885,3.109375,0.3949136,0.043991975
2154,905942,2.198143,2.34375,0.15494025,0.021123096
2154,905949,3.12326,2.640625,0.23046641,0.023986584
2154,905959,3.525638,3.84375,0.42465934,0.044490088
2154,905965,1.872209,1.25,0.228676,0.02359427
2154,905983,3.625147,3.140625,0.1780309,0.022413677
2154,905984,2.249968,1.875,0.39930785,0.045948386
2154,905986,3.539982,3.421875,0.14929265,0.01613774
2154,906746,3.276127,3.09375,0.14027618,0.015354234
2154,906790,2.571369,2.1875,0.10791238,0.011692365
2154,906800,0.571117,1.421875,0.15742457,0.016469795
2154,906801,2.91527,2.25,0.28837913,0.03702996
2154,906808,1.151503,3.453125,0.2578934,0.027139105
2154,906817,3.84604,4.46875,0.52273333,0.053833943
2154,906820,3.077379,2.21875,0.260682,0.026734024
2154,906821,4.032223,3.171875,0.22092247,0.02362275
2154,906827,1.803411,2.5,0.15633024,0.018383874
2154,906828,3.376796,2.796875,0.13388775,0.015344847
2154,906832,1.736287,2.171875,0.46003628,0.048731003
2154,906843,3.123901,2.984375,0.1488737,0.015533618
2154,906844,0.70578,1.6875,0.16424665,0.016885353
2154,906856,0.797312,1.46875,0.20597342,0.021212272
2154,906865,2.954528,2.515625,0.16550721,0.017628076
2154,907042,1.91426,1.546875,0.26449978,0.0325984
2154,907047,1.932566,2.375,0.094470695,0.013040865
2154,907069,3.690097,3.734375,0.33326003,0.03456378
2154,907277,1.491006,1.734375,0.08587626,0.008896788
2154,907291,2.476408,1.828125,0.21850915,0.023917394
2154,907319,2.317281,2.296875,0.27918082,0.03560816
2154,907783,1.330504,0.9140625,0.36288372,0.04082789
2154,907795,2.116651,2.453125,0.6115456,0.061848186
2154,908126,0.667203,1.96875,0.27879512,0.032213315
2154,908130,2.02956,2.9375,0.2121961,0.022644581
2154,908147,1.479336,1.734375,0.066351175,0.007139791
2154,908148,1.670696,1.546875,0.36189172,0.036345024
2154,908150,2.674328,2.828125,0.4432466,0.047492508
2154,908447,2.591607,3.171875,0.25526324,0.025875516
2154,908459,2.848527,3.265625,0.53718185,0.055272665
2154,908462,3.024224,3.5,0.32213867,0.032797538
2154,908470,4.24228,4.96875,0.36314005,0.03794029
2154,908473,4.714935,3.59375,0.35305518,0.03727218
2154,909249,1.020058,1.78125,0.18117048,0.018675072
2154,909257,2.097673,2.21875,0.23141041,0.0316783
2154,909703,1.485219,2.046875,0.1529128,0.016878799
2154,909713,3.084755,2.953125,0.1691999,0.017892335
2154,909720,2.04382,2.65625,0.24786948,0.029647764
2154,909743,3.140684,2.578125,0.2729592,0.0280858
2154,909746,3.305855,3.28125,0.16249324,0.018854784
2154,909749,3.116375,2.765625,0.16105236,0.017060053
2154,909750,1.988992,2.671875,0.4005581,0.0411448
2154,909753,3.322358,3.671875,0.29275915,0.029568972
2154,909755,3.065559,2.9375,0.15443842,0.017047198
2154,909761,3.428421,3.09375,0.2509932,0.026838144
2154,909781,3.89561,4.59375,0.17537653,0.026189666
2154,910546,2.842052,3.4375,0.19962814,0.020727754
2154,910549,2.265553,3.40625,0.19901744,0.020094834
2154,910689,5.690107,4.65625,0.44621393,0.12145156
2154,910710,0.927104,1.953125,0.17795405,0.01852118
2154,910904,3.553917,3.171875,0.1343765,0.01611391
2154,910910,2.742193,3.34375,0.34033236,0.034612536
2154,910941,2.063527,2.515625,0.4720587,0.049255036
2154,910943,3.777745,3.03125,0.31777644,0.03307368
2154,910947,1.702764,1.046875,0.21106364,0.022568567
2154,911905,3.855196,4.875,0.57048243,0.060879227
2154,924100,3.830293,3.34375,0.273994,0.027593916
2154,924105,3.164778,1.90625,0.32552674,0.03716326
2154,924110,2.743145,2.5625,0.3176726,0.03353683
2154,924239,1.361365,1.421875,0.20867878,0.02266554
2154,924240,2.958247,3.296875,0.18813868,0.019165559
2154,925341,2.980654,2.765625,0.17481248,0.022447184
2154,946353,1.687891,2.734375,0.23234852,0.029537033
2154,946359,3.880962,3.09375,0.30680653,0.034401298
2154,946382,1.290973,2.265625,0.10787407,0.011468068
2154,998189,2.609618,3.140625,0.5427994,0.055623744
2154,1240121,1.602605,2.09375,0.26991302,0.03376904
2154,1240122,1.507387,2.890625,0.30691847,0.032511447
2154,1240143,1.944463,2.984375,0.27954823,0.02995273
2154,1240145,1.632042,2.390625,0.18602967,0.019639231
2154,1240151,3.868534,3.03125,0.7209174,0.07310921
2154,1240174,2.926433,2.5,0.25148803,0.032630675
2154,1240179,2.80783,2.4375,0.111824945,0.014123513
2154,1240210,1.921016,2.296875,0.24005292,0.024468256
2154,1240221,1.670368,2.203125,0.22202198,0.024507198
2154,1240222,2.325084,2.984375,0.1877355,0.019995596
2154,1247871,1.649608,2.015625,0.1721681,0.017964177
2154,1290722,2.129796,2.8125,0.20426518,0.02137027
2154,1290807,3.573237,3.328125,0.7737546,0.08043428
2154,1297439,2.095181,2.984375,0.31905738,0.03288847
2154,1298136,3.073249,3.984375,0.38996178,0.039340686
2154,1298219,3.440788,3.015625,0.17054208,0.020503698
2154,1298347,2.779637,2.375,0.1396555,0.02163015
2154,1298357,4.32993,3.171875,2.462435,0.2702668
2154,1298475,2.888161,3.515625,0.19937679,0.022072935
2154,1303896,1.243219,2.046875,0.21681361,0.022270808
2154,1330947,0.918038,1.15625,0.2872729,0.029729731
2154,1331037,1.478505,1.546875,0.23214464,0.024634313
2154,1331048,1.691982,1.84375,0.28529721,0.029807396
2154,1480362,3.727987,2.859375,0.23919804,0.034363586
2154,1480372,3.134792,3.515625,0.2724576,0.029592844
2154,1503361,3.176981,2.71875,0.18193588,0.018890733
2154,1503363,3.712943,3.140625,0.27144042,0.028656075
2154,1503367,2.28557,3.71875,0.23188667,0.023745105
2156,687586,1.924657,3.234375,0.27273634,0.027522225
2156,687590,2.252959,2.84375,0.6295047,0.06717782
2156,687800,6.294498,5.40625,1.1088564,0.11218322
2156,687802,5.687088,5.46875,0.4074139,0.041203484
2156,687820,6.555923,5.125,0.36013946,0.039021313
2156,687997,5.21109,4.71875,1.4579877,0.14596778
2156,688013,2.751399,2.4375,0.55442226,0.05661646
2156,724834,2.813293,4.09375,0.22266434,0.022931196
2156,724838,1.331197,3.375,1.0820841,0.11036149
2156,724870,1.527464,3.15625,0.41859144,0.04234898
2156,749712,2.816335,3.09375,0.5472203,0.055086985
2156,753566,3.772042,4.09375,0.7824548,0.07883678
2156,753575,4.882626,4.46875,0.39774233,0.041670088
2156,753576,4.096194,4.625,0.3339062,0.033458553
2156,753621,6.411641,4.375,0.9558945,0.09711804
2156,905936,1.070672,2.15625,0.36422366,0.037579767
2156,905940,1.600662,1.953125,0.47308677,0.05287033
2156,905949,1.847181,2.34375,0.32364604,0.034677673
2156,905950,2.652951,2.625,0.52725464,0.054349467
2156,905959,4.936027,4.625,0.6158636,0.0632607
2156,905964,1.366081,2.15625,0.5894439,0.060403667
2156,905986,3.357821,4.0625,0.23904268,0.024426602
2156,905991,2.819847,2.171875,0.393478,0.043973565
2156,906746,2.980798,3.6875,0.29643595,0.033021912
2156,906790,2.608381,1.828125,0.7789615,0.083292626
2156,906794,2.886208,3.21875,0.6074188,0.06159916
2156,906804,2.158305,2.109375,0.35022482,0.035889532
2156,906805,3.772947,4.71875,0.43833336,0.046776902
2156,906824,2.678232,3.765625,0.38420984,0.04056119
2156,906868,2.143074,3.171875,0.29252702,0.031343367
2156,906871,1.647445,3.03125,0.27934405,0.028261295
2156,906872,3.445704,3.421875,0.5639412,0.062069643
2156,906875,3.139363,2.21875,0.6296618,0.06706491
2156,907000,3.126117,2.078125,0.17313303,0.017626995
2156,907047,2.926153,1.828125,0.16004957,0.024525642
2156,907066,3.69817,4.21875,0.38139868,0.038466446
2156,907071,5.129729,4.28125,0.3676995,0.03711573
2156,907274,2.511141,3.671875,0.1402283,0.014064339
2156,907290,3.422641,3.953125,0.69172865,0.07031411
2156,907299,3.103352,1.90625,0.4689363,0.048129346
2156,907311,1.364252,0.74609375,0.50435567,0.060795993
2156,907318,3.286096,2.578125,0.30479276,0.034664284
2156,907323,3.043693,1.890625,1.8561289,0.18887255
2156,908121,4.061805,2.59375,0.514725,0.051886555
2156,908122,2.082408,2.703125,0.50663525,0.050813492
2156,908126,0.944874,1.171875,0.68328065,0.087149136
2156,908150,2.403279,3.828125,0.43804717,0.044505212
2156,908159,0.370594,1.453125,0.55055165,0.05641816
2156,908443,1.621185,3.5,0.43743837,0.044443358
2156,908459,4.463658,4.59375,0.7295658,0.07347452
2156,908462,3.529431,3.296875,0.687187,0.06920655
2156,908471,1.767661,1.484375,0.4694033,0.051519785
2156,908475,3.572279,3.078125,1.1047059,0.1128103
2156,909251,2.208728,1.03125,0.3262646,0.03363139
2156,909253,1.640385,2.5625,1.0350281,0.1042376
2156,909257,3.031818,2.25,0.39658424,0.049166363
2156,909262,2.652614,1.96875,0.7527202,0.07987583
2156,909696,2.850969,2.171875,0.18763839,0.02048402
2156,909698,1.622541,1.5625,0.23102172,0.026083302
2156,909703,1.857603,1.84375,0.24360642,0.025558572
2156,909718,3.327139,2.265625,1.641899,0.1745499
2156,909728,1.868621,3.78125,0.43221372,0.043957077
2156,909736,4.173168,4.1875,0.3664706,0.036941852
2156,909746,6.476888,4.71875,0.2387426,0.024379905
2156,909747,5.168978,5.6875,0.95250535,0.096146256
2156,909751,1.258452,2.484375,1.2706349,0.13097718
2156,909753,3.476513,4.28125,0.43216357,0.043999374
2156,909755,3.847486,3.75,0.7213055,0.074422665
2156,909757,1.964113,2.75,0.8059938,0.08601191
2156,909777,1.47868,0.8203125,0.83409876,0.08590007
2156,909781,3.323383,6.59375,0.43653035,0.04491625
2156,909784,3.882392,3.625,0.7034256,0.07106903
2156,909785,0.736222,1.296875,0.21498697,0.02201458
2156,909976,2.522018,1.859375,0.2596549,0.027821222
2156,910691,3.62149,3.984375,0.26882493,0.026952717
2156,910702,8.516161,6.71875,0.9020498,0.09178912
2156,910781,3.00653,2.359375,0.8124066,0.0819363
2156,910905,2.706737,4.53125,0.98955977,0.099157296
2156,910910,3.758458,4.15625,0.50278443,0.050539613
2156,910922,2.775514,2.640625,0.504885,0.051524956
2156,910926,1.612124,1.265625,0.32660657,0.034537576
2156,911905,4.783342,5.25,0.3531547,0.03776205
2156,924239,2.586099,1.765625,0.2951214,0.029969564
2156,925348,5.559419,5.21875,0.8490311,0.08621908
2156,930083,6.159224,5.625,1.1250473,0.12054534
2156,946353,3.286957,3.25,0.2806722,0.029405056
2156,1240129,4.019337,4.40625,0.38310462,0.039419077
2156,1240145,1.797324,2.109375,0.7096497,0.082343675
2156,1240153,2.787856,2.5,0.3656276,0.03961595
2156,1240154,0.470376,1.375,0.3929792,0.045797426
2156,1240155,3.895866,3.140625,0.9408507,0.0948419
2156,1240157,4.536873,3.84375,0.37436196,0.037701964
2156,1240186,4.982682,4.125,0.49538764,0.049913123
2156,1240189,3.056838,2.25,0.69805914,0.07274309
2156,1240190,4.827297,3.953125,0.3005641,0.031581227
2156,1240196,4.381429,3.5,0.50532544,0.05259348
2156,1240198,4.263934,3.765625,0.55724925,0.056616034
2156,1240199,7.717682,7.1875,0.5819866,0.060647447
2156,1290730,2.774574,2.703125,0.44296247,0.065818615
2156,1290769,3.19708,3.265625,1.0050287,0.10435396
2156,1290806,2.984726,4.40625,0.640569,0.064164944
2156,1297446,1.760674,1.953125,0.42760038,0.043260414
2156,1298169,3.00248,2.90625,0.3901413,0.039766554
2156,1298358,3.114803,3.421875,0.80177027,0.08034015
2156,1299064,1.925975,2.53125,0.2714975,0.028404132
2156,1303896,2.281523,1.625,0.21694016,0.02272807
2156,1330935,2.30356,2.046875,2.7687967,0.27744296
2156,1330947,0.24164,0.28710938,0.402426,0.045942344
2156,1330995,3.736731,3.171875,0.5057981,0.05097417
2156,1331037,1.323244,1.421875,0.9975069,0.101674475
2156,1660034,2.518934,3.078125,0.5556896,0.056219224
2157,687455,3.313145,4.5,0.12559417,0.012984216
2157,687561,5.087233,4.84375,0.2755314,0.028118767
2157,687586,3.946623,4.84375,0.15106334,0.015436422
2157,687798,5.397033,5.28125,0.1608927,0.016451985
2157,687820,7.398464,6.9375,0.101662286,0.013974751
2157,687821,7.981943,7.09375,0.18357274,0.019179387
2157,688027,4.316049,5.625,0.18544306,0.019869652
2157,688031,3.851565,4.03125,0.13252673,0.014038372
2157,688086,4.656639,4.4375,0.20628841,0.021612125
2157,724838,4.237719,4.90625,0.2672556,0.03343657
2157,724859,5.513981,5.34375,0.22829495,0.02346983
2157,724866,5.619587,6.5,0.4518234,0.047205787
2157,724878,6.455884,6.46875,0.24303092,0.0247718
2157,753541,5.113003,5.15625,0.10078481,0.010558876
2157,753554,4.949299,5.0625,0.13781457,0.014233273
2157,753562,4.190644,4.375,0.13287127,0.016423851
2157,753573,5.549343,4.375,0.21846224,0.025573103
2157,753592,4.862522,4.90625,0.11915872,0.012600645
2157,753620,5.358974,4.125,0.17768513,0.018333148
2157,905945,5.307656,5.15625,0.18064137,0.018184612
2157,905946,6.430509,5.5,0.18064822,0.018512052
2157,905960,4.182422,4.96875,0.12176617,0.012721934
2157,905969,4.607067,6.15625,0.124143325,0.013873773
2157,906693,4.463016,5.21875,0.2056954,0.020735005
2157,906793,4.65199,4.9375,0.16887608,0.017073259
2157,906798,5.394741,4.78125,0.0913924,0.010433672
2157,906805,6.255848,6.15625,0.17177875,0.017452572
2157,906821,5.31634,5.03125,0.26670754,0.027545135
2157,906834,4.799451,3.765625,0.23472273,0.024344068
2157,906839,5.860383,5.84375,0.22051032,0.022239847
2157,906846,1.730374,4.40625,0.4415773,0.044821117
2157,906851,5.917492,5.28125,0.22603717,0.025707358
2157,906855,4.288054,4.375,0.1391867,0.0146031175
2157,907045,5.227356,3.734375,0.25934023,0.02628879
2157,907066,5.709568,4.59375,0.21731193,0.022645563
2157,907067,5.071221,5.0,0.17954129,0.0186421
2157,907072,4.150585,4.6875,0.17520683,0.018171426
2157,907278,4.964012,4.375,0.10391686,0.011405489
2157,907313,5.951581,5.78125,0.2532627,0.02557199
2157,907318,5.112353,5.03125,0.09053084,0.009992962
2157,907783,3.984619,3.484375,0.124513544,0.013144947
2157,908125,5.775475,5.1875,0.15052032,0.015436487
2157,908127,4.775548,4.96875,0.13913676,0.015229518
2157,908128,5.388601,6.03125,0.19836849,0.020196265
2157,908130,5.03898,4.65625,0.1899938,0.019642001
2157,908159,4.454521,3.578125,0.28609866,0.029254843
2157,908448,3.809227,3.921875,0.40752086,0.042414136
2157,908454,5.150068,4.71875,0.53470963,0.05404071
2157,908460,6.584309,7.34375,0.2271267,0.02419113
2157,908471,5.019106,4.96875,0.13150859,0.016160984
2157,908474,4.047924,4.65625,0.25433534,0.025792493
2157,909251,3.704258,4.0625,0.14534824,0.014790078
2157,909264,5.192848,4.96875,0.23477489,0.02381935
2157,909707,4.352724,4.9375,0.17905281,0.018321734
2157,909713,4.862551,4.59375,0.15334564,0.015621216
2157,909719,4.990059,4.59375,0.20203365,0.021943783
2157,909750,3.163599,5.0625,0.20982064,0.021455081
2157,909761,5.382293,5.21875,0.14996476,0.016068261
2157,909774,7.050099,5.46875,0.22634794,0.022697736
2157,909777,3.455299,3.734375,0.21994852,0.022539375
2157,909904,4.681632,6.28125,0.21312247,0.02176363
2157,909974,7.316899,5.65625,0.24392828,0.024808036
2157,910548,5.136871,5.65625,0.0779849,0.008429752
2157,910704,5.267279,4.84375,0.21549892,0.022827499
2157,910710,3.699242,3.953125,0.19196832,0.020750754
2157,910779,5.706534,4.71875,0.19685839,0.020273557
2157,910781,5.228345,4.34375,0.21567222,0.023876999
2157,910916,4.988699,5.46875,0.10704076,0.012317188
2157,910920,4.75004,4.78125,0.21257503,0.022022791
2157,910924,3.96728,4.59375,0.3571544,0.037643895
2157,910947,3.967936,3.4375,0.086820394,0.009342404
2157,924102,5.109404,5.21875,0.36078292,0.036971476
2157,946353,4.353236,5.0625,0.15739252,0.019571377
2157,946359,4.95449,7.125,0.23758899,0.02389874
2157,1240121,3.792755,5.09375,0.22760986,0.02535493
2157,1240127,5.420956,5.3125,0.1588817,0.016830117
2157,1240129,5.317281,5.9375,0.1524347,0.015759055
2157,1240143,4.982892,5.59375,0.14149277,0.01509945
2157,1240146,6.017634,6.4375,0.20823899,0.020935502
2157,1240179,5.169607,5.21875,0.08163909,0.0098670665
2157,1240183,5.944708,6.15625,0.14661998,0.017163277
2157,1240185,5.661749,5.53125,0.25177848,0.025414618
2157,1240196,5.858675,5.15625,0.22182794,0.02314573
2157,1240198,4.639813,5.40625,0.18094784,0.018502712
2157,1240215,5.388174,5.53125,0.31464252,0.032873347
2157,1240223,6.416285,6.25,0.24066356,0.024339318
2157,1290455,4.373105,3.71875,0.25025105,0.025412986
2157,1290798,4.9829,5.5,0.17021157,0.01806221
2157,1297447,4.276539,4.125,0.14758232,0.016153945
2157,1298146,6.249129,5.59375,0.18773112,0.019102797
2157,1298365,5.870666,5.15625,0.19402835,0.019629886
2157,1330935,4.728669,3.328125,0.25267476,0.02604574
2157,1330985,4.470398,3.984375,0.12553674,0.01297828
2157,1330995,4.239511,4.5625,0.12778635,0.013210851
2157,1331040,3.821531,3.3125,0.17251536,0.018737668
2157,1480362,5.101814,5.0625,0.1336419,0.016568197
2157,1503366,5.82893,5.90625,0.13209127,0.013433969
2157,1659928,5.005671,4.96875,0.17358628,0.01760362
2157,1660035,5.747821,5.78125,0.110694945,0.012218714
2158,684052,4.137248,3.640625,0.10909424,0.012317188
2158,687448,5.822903,6.3125,0.39682907,0.041203484
2158,687586,5.202897,4.34375,0.25875524,0.026218608
2158,687780,5.51949,5.09375,0.69943804,0.07034282
2158,687787,5.283739,4.53125,0.41473025,0.045519095
2158,687819,4.359841,4.84375,0.19599317,0.019828668
2158,687829,4.275113,5.4375,0.15796222,0.01591938
2158,687995,5.290408,4.625,0.22179367,0.022711584
2158,687997,6.078675,6.03125,0.94390154,0.09454936
2158,688006,4.452372,5.09375,0.449021,0.045598067
2158,688010,2.169941,4.1875,0.8103133,0.08142674
2158,688058,4.533541,5.59375,0.577616,0.059974916
2158,688086,2.363233,4.0625,0.9594687,0.09717992
2158,688121,5.403163,5.34375,0.64228505,0.065193415
2158,713899,4.357574,4.375,0.19719657,0.020034999
2158,724831,4.285239,4.0625,0.32555956,0.034060113
2158,724834,3.529967,5.0625,0.20633018,0.022709534
2158,724855,5.198649,5.5,0.6467613,0.06495466
2158,724872,4.214276,3.53125,0.32500392,0.03310793
2158,724878,6.515422,6.0,0.37373015,0.03754434
2158,735784,3.536007,4.6875,0.32716432,0.03622025
2158,749712,4.801504,4.3125,0.4562975,0.04570671
2158,753541,5.258241,5.5625,0.14789402,0.0150573645
2158,753572,3.465088,3.75,0.33111826,0.035709977
2158,753576,6.205274,5.125,0.6136418,0.061748646
2158,753592,3.740343,4.03125,0.10665672,0.011190155
2158,753623,4.319627,4.34375,0.19788522,0.020158432
2158,905939,3.496911,4.21875,0.26041687,0.026895447
2158,905947,4.225147,3.828125,0.2677828,0.029473262
2158,905957,3.21823,4.0625,0.23637533,0.023839932
2158,906746,3.741844,5.28125,0.1421754,0.015941704
2158,906795,3.516618,4.59375,0.69747126,0.07136935
2158,906800,1.901646,1.34375,0.31321818,0.033779517
2158,906808,4.946721,4.46875,0.8882698,0.088986464
2158,906831,3.567579,2.765625,0.3649368,0.03677821
2158,906843,5.058934,3.1875,0.9347607,0.102595516
2158,906855,3.216461,2.890625,0.8158521,0.083063416
2158,906868,2.945776,5.34375,0.22631793,0.023307463
2158,906872,4.690179,5.5,0.32002592,0.033435795
2158,907042,1.280022,3.078125,0.19813238,0.021025062
2158,907051,5.189103,5.03125,0.2638419,0.029391048
2158,907062,4.186833,5.3125,0.23048925,0.02491466
2158,907298,2.957186,3.046875,0.40317595,0.040696733
2158,907311,1.719199,1.9375,1.4440819,0.15196623
2158,907313,2.99352,3.296875,0.5663727,0.060685087
2158,907317,3.586488,3.984375,0.34736845,0.036671832
2158,908121,5.164363,3.765625,0.46685264,0.049285825
2158,908125,4.483106,4.875,0.2287873,0.02342773
2158,908130,4.778048,5.15625,0.24920556,0.025331706
2158,908138,4.457147,4.28125,0.18596716,0.018788777
2158,908147,2.572914,2.328125,0.1281335,0.013304334
2158,908152,5.021817,4.96875,0.5389067,0.055224832
2158,908159,2.032251,1.75,0.5212868,0.05400535
2158,908444,4.452252,4.3125,0.43605533,0.043832038
2158,908457,6.501582,4.46875,0.38025048,0.0383124
2158,908458,4.224659,4.65625,0.9916013,0.09929878
2158,908462,5.742664,4.6875,0.41431263,0.041764542
2158,908472,5.39123,4.9375,0.7588405,0.07689019
2158,909248,4.755441,4.75,0.20798922,0.021419872
2158,909702,2.429523,1.125,0.38104883,0.038498413
2158,909725,4.676101,4.65625,0.3860706,0.038795453
2158,909728,4.303489,5.59375,0.21533692,0.021923851
2158,909731,3.203171,3.859375,0.2974183,0.029835543
2158,909755,4.323658,5.6875,0.20669693,0.02113567
2158,909776,4.85299,4.25,0.14353248,0.014657243
2158,909784,5.286576,5.125,0.7619363,0.07653217
2158,909785,1.044094,1.53125,0.41838843,0.04287464
2158,909907,4.637813,5.59375,0.4184283,0.042261682
2158,910706,0.511686,1.65625,0.48106837,0.05133738
2158,910779,4.657835,4.6875,0.40581164,0.041250687
2158,910934,1.816793,2.234375,0.8370362,0.08437694
2158,910937,2.583067,3.359375,0.6357309,0.06651031
2158,910941,3.33579,3.46875,1.3295363,0.13471647
2158,911905,4.128278,6.34375,0.9034908,0.09313193
2158,924102,5.544321,4.53125,1.0435151,0.106631696
2158,924110,4.791376,4.21875,0.8990086,0.09018412
2158,924244,5.00435,4.1875,0.62789166,0.064000115
2158,925341,4.841913,3.59375,0.4584217,0.048317414
2158,925347,6.671677,5.34375,0.4474171,0.046302974
2158,946382,3.454877,3.9375,0.3040317,0.030989522
2158,998184,2.422011,2.21875,0.7006892,0.07539843
2158,998189,5.395855,5.59375,0.65803665,0.06627082
2158,1240122,3.255189,4.8125,0.26283613,0.027747719
2158,1240143,3.561392,5.03125,0.34761137,0.03531701
2158,1240153,5.132693,4.625,0.21696296,0.023685312
2158,1240160,6.176706,4.90625,0.6844874,0.0693563
2158,1240168,5.041435,4.96875,0.3190044,0.032229893
2158,1240186,4.590819,5.03125,0.23879969,0.02401201
2158,1240198,5.707652,5.0625,0.3484396,0.035986297
2158,1240215,4.491982,4.40625,0.73046106,0.077115074
2158,1240217,4.18708,4.09375,0.39296097,0.04012837
2158,1290730,4.808415,4.75,0.09287799,0.013343005
2158,1298168,4.871202,5.46875,0.36688262,0.037783585
2158,1298219,5.27735,4.9375,0.16235045,0.0170334
2158,1298348,6.703058,5.25,0.49961284,0.051759925
2158,1330931,2.180999,3.46875,0.43153337,0.04429049
2158,1330950,1.280056,2.84375,0.35778034,0.036065836
2158,1331038,1.520907,3.453125,0.69606674,0.071961
2158,1331040,2.01924,1.96875,1.3289497,0.1407738
2158,1331048,2.237546,2.3125,0.60860705,0.06256776
2158,1480362,5.648848,5.03125,0.28733864,0.037549548
2158,1480372,4.762278,4.46875,0.614956,0.065498605
2158,1659928,2.977487,3.875,0.25946993,0.026114717
2158,1660035,4.842338,4.84375,0.1772067,0.02023053
2159,687562,3.625213,2.890625,0.20460355,0.021152392
2159,687586,4.483157,4.03125,0.30650285,0.03079079
2159,687588,5.415875,5.0625,0.34101093,0.034411915
2159,687590,5.14697,4.1875,0.4951611,0.05013289
2159,687780,2.989689,3.8125,0.80956084,0.08225067
2159,687799,3.504716,2.625,0.32489905,0.033900265
2159,687802,5.560478,4.90625,0.934164,0.09387224
2159,687812,3.766548,4.28125,0.37457246,0.037758555
2159,687820,5.274816,5.96875,0.44800907,0.05429293
2159,687821,7.925892,7.09375,0.76613903,0.078973696
2159,687983,4.292731,3.90625,0.4042066,0.040508196
2159,688023,1.350553,3.34375,0.8907103,0.08924126
2159,688025,3.926904,3.5625,0.510022,0.05117326
2159,688058,4.140924,4.15625,0.4384515,0.04503716
2159,722046,1.909009,2.640625,0.57002896,0.05870471
2159,722066,4.572542,3.796875,0.35688883,0.036315635
2159,749714,4.184765,4.5,0.39544272,0.03983392
2159,749717,4.721141,4.96875,0.72853243,0.073256075
2159,753574,4.713727,4.1875,0.34969372,0.03534198
2159,753586,3.207274,3.796875,0.46682087,0.047164198
2159,753614,3.795171,3.03125,0.27276638,0.028321827
2159,905934,5.393361,5.34375,0.4640083,0.04705571
2159,905947,2.323116,3.453125,0.34273458,0.03523478
2159,905948,5.207387,3.671875,0.3689279,0.037778076
2159,905957,2.861261,2.875,0.44720662,0.04493217
2159,905959,4.963106,5.46875,0.8173371,0.08449821
2159,905964,2.02156,2.4375,0.3483008,0.035291895
2159,905968,3.654067,2.21875,0.2588133,0.027514381
2159,905976,4.107353,3.5,0.44975,0.045100063
2159,905984,1.197426,2.296875,0.41523117,0.044311542
2159,905986,3.304336,4.21875,0.417585,0.042139113
2159,906696,4.299297,3.5,0.41079223,0.041389655
2159,906793,3.279322,2.78125,0.1344869,0.013733527
2159,906800,0.625879,0.40429688,0.12034857,0.01363682
2159,906805,4.175001,4.34375,0.23676409,0.023781607
2159,906817,3.063306,4.875,0.20273595,0.020476535
2159,906820,4.745565,2.59375,0.29767168,0.029873444
2159,906824,1.770181,3.59375,0.1828768,0.021407485
2159,906831,1.93326,1.59375,0.43341354,0.04374893
2159,906846,1.208581,1.71875,0.7920758,0.08068822
2159,906848,1.830879,2.953125,0.41963565,0.04213872
2159,906864,3.293665,4.875,0.21548498,0.021951308
2159,907051,5.424431,5.28125,0.29053995,0.029688856
2159,907064,4.6232,5.4375,0.27893734,0.028013859
2159,907066,5.058267,5.75,0.18864177,0.018998098
2159,907270,0.697056,0.7421875,0.30883262,0.03144282
2159,907287,3.929279,2.796875,0.6107809,0.06129616
2159,907299,1.614403,2.09375,0.81639564,0.08529571
2159,907312,1.429157,2.65625,0.40375954,0.041315045
2159,907313,4.370532,3.84375,0.33493462,0.03367866
2159,907320,2.23892,3.609375,0.25841048,0.026742773
2159,907783,2.247795,1.9375,0.16828439,0.017058644
2159,907790,1.705266,2.03125,0.7075274,0.07392132
2159,907794,3.051782,2.84375,0.36572182,0.037072476
2159,908128,3.992652,3.578125,0.77830195,0.07845627
2159,908159,1.224589,1.609375,0.28057218,0.028581696
2159,908441,4.722243,3.5,0.5917278,0.05937755
2159,908445,3.892688,3.90625,0.72488415,0.07333667
2159,908446,1.021072,1.875,0.25674286,0.025760397
2159,908451,2.747989,2.625,0.31221053,0.03182318
2159,908465,2.94055,3.890625,0.23943074,0.024338096
2159,908471,4.145191,3.703125,0.4760981,0.048149806
2159,908473,4.585781,5.0625,0.23948453,0.024023911
2159,908475,2.746187,2.15625,0.7517421,0.07734957
2159,908483,1.447162,2.6875,0.46092832,0.04629133
2159,909251,0.985895,1.046875,0.18186623,0.01878286
2159,909263,3.363516,4.5625,0.53061444,0.05326951
2159,909264,4.569304,3.4375,0.29883102,0.029989796
2159,909699,5.597499,5.71875,0.7222335,0.07237029
2159,909717,2.273932,2.890625,0.40025496,0.040187426
2159,909723,6.244901,4.28125,0.5877834,0.059103347
2159,909731,3.982523,2.296875,0.2544064,0.025672523
2159,909737,5.62169,3.640625,0.31326783,0.031470392
2159,909738,5.931448,4.875,0.40649605,0.040976595
2159,909748,3.959653,3.40625,0.724843,0.07267365
2159,909751,2.417895,2.6875,0.45066714,0.045138124
2159,909974,5.520007,4.71875,0.76712775,0.07711125
2159,910700,5.17624,4.8125,0.5884746,0.05890401
2159,910703,1.847263,2.59375,0.24455962,0.02462958
2159,910903,4.389053,2.828125,0.113117844,0.011436139
2159,910904,5.358153,4.5625,0.179811,0.018440368
2159,910906,1.617523,1.734375,0.16738789,0.016934665
2159,910907,4.739523,5.625,0.27838588,0.030022968
2159,910920,4.86845,3.4375,0.57044244,0.057691246
2159,910937,1.307397,2.96875,0.48110196,0.048832964
2159,924106,1.489011,4.5625,1.2353426,0.124810085
2159,924110,3.752346,3.234375,0.43584,0.043957192
2159,924244,2.090701,3.5,0.39165398,0.039791703
2159,930082,4.923824,3.90625,0.34220412,0.034945183
2159,930083,7.224591,6.25,0.61513704,0.06453863
2159,930297,3.518812,4.5,0.19119963,0.019142127
2159,946353,3.237629,4.65625,0.16039981,0.017151196
2159,946360,5.424138,5.15625,0.19507533,0.01973581
2159,1240143,5.067479,5.0,0.4542316,0.048201345
2159,1240155,2.855172,4.15625,0.5733931,0.057410073
2159,1240158,4.308591,4.5,0.84247506,0.08472812
2159,1240160,5.607432,4.34375,0.42541838,0.042743042
2159,1240169,4.93457,5.125,0.47576472,0.047823604
2159,1240174,4.374774,3.890625,0.6666061,0.06974049
2159,1240185,5.206879,4.5,0.60544765,0.061002295
2159,1240209,2.908259,4.125,0.37076595,0.03712235
2159,1240217,1.777554,3.6875,0.5146409,0.051659685
2159,1240219,3.576425,4.5,0.7010428,0.07050421
2159,1240223,4.350475,4.84375,0.5149827,0.051700205
2159,1247871,2.110646,2.6875,0.45313975,0.047105335
2159,1290798,6.029202,4.6875,0.24282204,0.024963286
2159,1290807,3.095557,5.21875,0.8048853,0.08100882
2159,1290908,3.662015,3.171875,1.084235,0.10892052
2159,1290922,4.015808,4.46875,0.30327034,0.032125004
2159,1295740,1.624045,1.875,0.4672336,0.04784454
2159,1297439,1.743332,4.53125,0.4446248,0.044505212
2159,1297446,1.389433,2.359375,0.21339132,0.021791084
2159,1297447,4.312802,3.1875,0.3596535,0.036273308
2159,1298146,6.036185,4.125,0.5523895,0.055669636
2159,1298169,3.854883,4.0625,0.5358162,0.053906996
2159,1298226,4.369978,4.09375,0.30471385,0.031059055
2159,1298349,2.073693,3.765625,0.38654396,0.03871959
2159,1298526,4.939755,5.75,0.2589353,0.028342329
2159,1330972,4.887456,3.265625,0.5834041,0.059023112
2159,1331036,1.693368,0.48828125,0.28252676,0.028851053
2159,1331038,3.424796,2.359375,0.8021251,0.08157786
2159,1503366,3.197544,4.65625,0.3241911,0.032705512
2159,1503367,5.871306,3.75,0.5998392,0.06129463
2159,1659928,1.256447,2.4375,0.38003078,0.03869164
2169,687794,2.822582,2.546875,0.13919497,0.014072519
2169,749717,4.312658,4.21875,0.38250253,0.03962729
2169,753535,5.011363,4.5,0.2559672,0.027315628
2169,753540,3.060112,3.984375,0.31626672,0.034032226
2169,753604,1.673498,1.328125,1.1444008,0.15354036
2169,905957,1.599608,1.453125,0.48656067,0.054031465
2169,905962,5.678133,5.71875,0.1255305,0.0145658385
2169,905970,3.924221,5.65625,1.0211593,0.11271746
2169,906852,4.526847,3.984375,0.51350766,0.060386658
2169,907045,4.322591,3.609375,0.5400047,0.055041917
2169,907053,3.835234,3.515625,0.1400396,0.01570222
2169,907063,1.728013,2.671875,0.8739153,0.11002391
2169,908121,2.572935,2.53125,0.37920997,0.039968535
2169,908133,2.723888,1.890625,0.21058942,0.022002047
2169,908480,2.755538,3.78125,0.1481385,0.015270131
2169,909727,4.171111,3.140625,0.22872177,0.024408124
2169,909771,1.574166,2.203125,0.19725539,0.020003937
2169,909778,0.907466,1.90625,0.3047269,0.03755621
2169,910697,3.540378,3.171875,0.25886506,0.030167893
2169,924240,0.071766,0.89453125,0.11422914,0.018394958
2169,924247,3.526669,2.84375,0.2117017,0.021763964
2169,924248,3.167995,2.734375,0.11620375,0.012353594
2169,924250,4.956146,4.65625,0.23869036,0.028407192
2169,949093,5.606029,6.5,0.29457298,0.036304783
2169,949176,3.775001,4.34375,0.17868216,0.018552894
2169,1240144,4.593994,4.03125,0.3430158,0.035124682
2169,1240150,3.073382,2.25,0.28021753,0.029488355
2169,1240182,5.962563,5.5625,0.13469599,0.014402743
2169,1298215,2.938018,3.484375,0.1173438,0.014820545
2169,1298351,3.382863,3.3125,0.24428833,0.024979552
2169,1303901,4.735749,4.15625,0.22276314,0.02318484
2169,1659819,0.771325,1.25,0.27632046,0.030880496
2170,687448,7.209871,5.78125,2.5927594,0.26427633
2170,687459,5.877965,5.0,0.75668263,0.076997116
2170,687777,6.407145,4.25,1.3632971,0.13895896
2170,687787,5.847465,4.28125,1.4244704,0.1442214
2170,687798,3.978173,4.28125,0.95212674,0.09539465
2170,687802,4.364775,6.15625,1.5511614,0.1557636
2170,687820,7.122405,7.3125,1.2126567,0.12536727
2170,687995,5.398572,3.34375,0.48731628,0.048905615
2170,688015,1.23435,1.90625,0.3325752,0.03369848
2170,688023,3.182539,3.03125,3.0500126,0.30658555
2170,688027,2.353748,2.265625,0.48234943,0.049866404
2170,688058,3.625604,4.875,1.2714624,0.1283419
2170,722058,2.771055,3.203125,0.60331595,0.060816914
2170,724863,2.469821,4.03125,0.550483,0.05674385
2170,724878,7.035058,5.96875,0.40755603,0.04086207
2170,753539,3.468804,3.828125,0.3988746,0.040070318
2170,753540,3.451709,3.25,0.75759447,0.07937055
2170,753570,3.237414,2.3125,0.5944118,0.062021464
2170,753600,4.54084,5.21875,0.92666805,0.094399035
2170,753604,1.795479,1.25,0.8593088,0.087487824
2170,905949,1.946707,3.3125,0.18652396,0.01885745
2170,905960,2.624816,2.828125,1.7028832,0.17117287
2170,905965,0.277055,1.28125,0.3999306,0.04038108
2170,905984,2.574096,2.203125,0.6174993,0.0677742
2170,905985,3.247643,2.5625,0.69452196,0.06964532
2170,905989,2.696875,2.921875,1.6140637,0.16579449
2170,906693,3.625608,4.03125,1.2626523,0.12652212
2170,906746,3.772607,4.71875,0.50495666,0.0518263
2170,906804,3.868127,2.671875,0.7698309,0.077358745
2170,906825,2.616302,2.953125,1.1434394,0.12051793
2170,906830,5.052817,3.453125,0.49913839,0.051710777
2170,906855,0.723591,3.125,0.8410712,0.08503174
2170,906870,1.426937,2.765625,0.4079913,0.041054748
2170,907042,0.764079,1.6875,0.748655,0.075547874
2170,907045,5.068011,3.59375,1.7285191,0.17336355
2170,907051,4.654121,5.34375,1.1442515,0.11534559
2170,907056,1.010165,3.140625,1.5450401,0.1554134
2170,907171,4.008706,3.15625,0.43972954,0.045327365
2170,907291,2.842776,3.1875,0.94148344,0.09427202
2170,907295,2.197349,5.03125,0.2296333,0.024656402
2170,907312,2.835841,3.21875,0.46461093,0.047647785
2170,907313,3.023535,3.65625,1.646066,0.16573924
2170,907323,4.14829,2.796875,0.37588826,0.038002055
2170,907783,2.470472,3.453125,0.5251002,0.052839004
2170,907788,0.687434,1.046875,1.1813602,0.12582599
2170,907794,1.887927,4.65625,1.5120373,0.15271729
2170,908128,6.228582,5.8125,0.95674914,0.096038535
2170,908129,4.173091,3.484375,1.302911,0.13118763
2170,908130,4.41492,4.0625,2.1647356,0.21697262
2170,908133,1.91238,2.265625,0.27575946,0.02779777
2170,908135,1.894608,2.890625,0.22415914,0.022518672
2170,908150,2.705864,3.828125,1.4982334,0.15377142
2170,908445,2.433497,3.53125,1.0735636,0.10850027
2170,908449,7.411088,7.09375,1.0909601,0.120422214
2170,908451,4.958771,3.078125,0.57634443,0.058112774
2170,908460,8.080716,7.53125,0.71121424,0.07299558
2170,909250,3.58103,3.984375,1.1283933,0.1135463
2170,909253,-0.55135,3.078125,0.87589866,0.08781868
2170,909719,2.273123,4.28125,0.78109443,0.07868156
2170,909723,6.201472,4.03125,1.09386,0.110480964
2170,909728,3.236676,4.1875,1.4040005,0.14090134
2170,909748,5.967561,5.03125,0.91170436,0.09123066
2170,909753,6.459335,5.53125,0.77473223,0.07794368
2170,909785,3.616605,0.89453125,0.2632496,0.026900187
2170,909904,7.163961,6.09375,0.91850686,0.09261299
2170,909905,2.602244,2.578125,0.72649103,0.07333228
2170,909907,4.457172,5.4375,0.45972556,0.046707716
2170,910549,5.377076,3.28125,1.1578828,0.11617665
2170,910567,4.054869,3.265625,0.38671017,0.03890585
2170,910689,8.112764,7.5625,0.8238933,0.10728073
2170,910691,3.677076,2.5625,0.57722616,0.05835718
2170,910710,1.655185,2.09375,0.50862867,0.05427849
2170,910781,2.490209,2.53125,1.6056701,0.16142753
2170,910851,1.476067,3.046875,0.56372863,0.056748822
2170,910900,5.277448,3.734375,0.43473962,0.04369284
2170,910910,3.129916,4.03125,1.3302376,0.13344291
2170,910911,5.83038,4.6875,0.9668143,0.09748382
2170,910952,0.85019,1.9375,0.6215704,0.06255883
2170,924100,2.531408,3.9375,0.49011582,0.04914787
2170,924102,6.358485,5.09375,1.9158124,0.19248736
2170,924105,2.701355,2.65625,1.109247,0.11792379
2170,924110,3.631306,2.984375,0.840975,0.0845625
2170,924151,5.027824,4.59375,0.6261218,0.06310035
2170,924189,3.780338,3.109375,0.41443035,0.041746587
2170,924244,1.327172,2.671875,0.91560936,0.0945627
2170,924250,5.454981,4.03125,0.72469366,0.07524626
2170,925340,3.344568,4.40625,0.47776338,0.04822562
2170,998189,4.143572,4.03125,0.8968766,0.0901392
2170,1240127,3.770375,3.9375,0.81008863,0.081621036
2170,1240143,4.820356,3.828125,1.2354159,0.12615813
2170,1240144,4.051548,3.0,1.1171104,0.112667575
2170,1240151,5.938192,4.5,1.0540389,0.106043965
2170,1240153,3.537444,3.328125,0.79669917,0.08410786
2170,1240160,2.634623,5.65625,0.77330667,0.07777183
2170,1240183,6.245278,4.6875,1.2476603,0.1305305
2170,1240207,3.953233,3.78125,1.0361211,0.10680348
2170,1240212,5.566221,4.84375,0.8631522,0.08655524
2170,1240223,5.014421,6.75,2.0661743,0.20911196
2170,1240224,3.381727,4.3125,1.2472122,0.13546531
2170,1295741,0.86337,2.375,0.6054409,0.060640026
2170,1298141,4.53098,5.5625,1.1522206,0.11648874
2170,1298146,3.034933,4.53125,0.58345443,0.05844385
2170,1298219,5.332992,5.09375,1.0767597,0.1090172
2170,1298347,3.03962,4.90625,0.43850803,0.04459722
2170,1298348,6.686771,6.875,1.3982582,0.13993047
2170,1298349,4.755488,3.546875,0.44523755,0.044904996
2170,1298350,1.92284,3.265625,0.7123939,0.0715276
2170,1298351,2.393226,2.765625,0.38870645,0.039370187
2170,1298356,4.839652,5.03125,0.77677053,0.0905241
2170,1298357,6.871191,6.9375,0.43971485,0.045458745
2170,1298538,5.547369,2.359375,2.2626822,0.22860503
2170,1299064,3.099364,2.46875,0.6869391,0.07039456
2170,1299070,3.896701,4.09375,0.73320866,0.074010365
2170,1299075,4.661507,4.84375,0.20068932,0.020087052
2170,1299081,1.741897,3.234375,0.9132225,0.09199114
2170,1323913,2.24703,0.98046875,0.18788981,0.018930968
2170,1327765,1.440695,2.015625,0.256219,0.025912507
2170,1327775,1.993723,2.5625,1.3093482,0.13330717
2170,1330935,2.603402,2.296875,0.9836388,0.098715074
2170,1330972,1.828151,2.703125,1.0797122,0.112108484
2170,1330975,3.47934,4.03125,0.20518985,0.020613048
2170,1330983,3.252525,3.484375,0.30073258,0.030180631
2170,1330995,3.873335,3.390625,0.5978269,0.060248803
2170,1331035,2.475891,2.5625,0.3540913,0.035561617
2170,1331050,0.24523,1.4375,1.0135305,0.104378924
2170,1479995,4.158631,3.0,0.9130533,0.091895536
2170,1503363,5.768146,4.78125,0.74565053,0.076194376
2170,1660034,2.053316,4.125,1.6363882,0.16401607
2170,1660036,3.916537,2.5,0.75942385,0.07685926
2171,687448,6.140058,3.34375,1.0062555,0.12668523
2171,687586,3.342136,2.640625,0.53460485,0.054913905
2171,687820,7.578632,5.15625,1.323632,0.14125186
2171,687829,3.244257,5.03125,0.50807196,0.051401738
2171,687980,-0.621485,0.23046875,3.7469437,0.39908478
2171,688011,3.157665,3.28125,1.0074477,0.10094974
2171,688031,0.426923,1.484375,0.7463623,0.07586761
2171,688087,-0.822322,1.78125,0.9279539,0.09516554
2171,724868,0.921807,1.328125,0.060483146,0.014932499
2171,724870,2.164837,3.21875,0.48754627,0.049666002
2171,724873,0.875909,1.828125,0.48300317,0.05164646
2171,749709,3.824471,3.5,1.5968397,0.16475828
2171,749710,3.184356,2.75,2.2425056,0.2375455
2171,749714,5.304505,4.25,0.79826826,0.082700655
2171,749716,3.568757,4.96875,1.2278795,0.12302262
2171,753535,2.521253,2.3125,0.5774037,0.058150284
2171,753556,1.042707,1.46875,2.872833,0.29462102
2171,753566,3.778936,4.59375,0.635495,0.06450421
2171,753569,5.413995,4.46875,0.808024,0.088934384
2171,753572,0.669627,2.546875,0.8649253,0.10079758
2171,753612,3.319905,1.921875,1.8388865,0.19585872
2171,753615,4.449561,3.734375,1.0470048,0.10533628
2171,753620,-0.564399,-0.09082031,0.94280565,0.097276546
2171,753622,2.16714,1.6875,0.19132857,0.024011977
2171,753623,2.02988,1.734375,0.33954942,0.057345975
2171,905933,4.022361,4.75,0.93322533,0.100420736
2171,905963,1.82836,3.171875,0.30980155,0.032130804
2171,905964,2.404984,1.71875,0.60729384,0.06580062
2171,905972,3.889517,4.40625,0.4400754,0.044756625
2171,905981,1.369197,1.640625,0.14674641,0.0149405245
2171,905982,2.805476,3.078125,0.22254072,0.022389213
2171,905986,2.781109,4.09375,0.17179129,0.019537937
2171,905989,-2.318055,-0.390625,20.754732,2.2909458
2171,905991,2.988993,2.1875,0.30382133,0.04092334
2171,906693,2.925888,3.59375,0.34661347,0.035833705
2171,906801,4.816021,3.40625,1.8667802,0.19208004
2171,906805,4.367033,2.703125,1.8986502,0.30059522
2171,906821,5.30683,2.28125,0.19609569,0.021914888
2171,906836,-0.332904,-0.95703125,0.31151703,0.03775185
2171,906837,-0.07276,0.55078125,0.11558829,0.023314964
2171,906843,4.520447,2.890625,5.021909,0.55118424
2171,906851,2.94649,3.765625,0.8160966,0.08909125
2171,906868,2.215849,1.8125,0.47642952,0.053243905
2171,906871,1.42855,0.92578125,2.190144,0.22018817
2171,906999,3.484586,3.3125,0.6205424,0.06271545
2171,907060,3.910864,2.796875,0.41890895,0.043599393
2171,907065,3.68301,3.703125,3.4500017,0.35069212
2171,907067,2.329894,1.75,0.1709862,0.033241924
2171,907069,2.893291,4.28125,0.2806695,0.03126559
2171,907071,4.304423,2.828125,1.1122562,0.11317891
2171,907273,0.723552,1.796875,1.6989105,0.1718791
2171,907275,0.562039,-2.0625,2.584234,0.35523528
2171,907276,1.385201,3.84375,3.8446426,0.42827952
2171,907290,0.866579,3.3125,3.2897336,0.33662483
2171,907291,0.065333,-1.0625,2.310357,0.23400484
2171,907314,0.607085,0.4140625,2.9779105,0.30199397
2171,907317,1.801795,0.33203125,0.88179547,0.09601582
2171,908123,0.558042,2.828125,0.4019915,0.041163772
2171,908125,4.226408,4.5,1.573136,0.16064541
2171,908128,5.062636,4.40625,0.51130843,0.051710777
2171,908134,0.202086,1.265625,0.30271363,0.043898586
2171,908147,0.597392,-0.15234375,0.2394717,0.029688401
2171,908159,1.115995,0.91015625,0.12354418,0.013265302
2171,908441,1.426926,2.15625,3.3340962,0.33519647
2171,908442,-1.513592,0.44921875,3.67999,0.37077993
2171,908455,3.341482,3.8125,0.10258584,0.011582364
2171,908457,1.638102,1.984375,0.6471923,0.07232768
2171,908462,3.008546,3.375,1.10695,0.11535264
2171,908467,0.954734,0.65234375,0.77658004,0.18685411
2171,908473,4.060645,3.203125,0.8777971,0.09946409
2171,909248,5.570168,3.46875,0.33939695,0.039729673
2171,909253,0.246095,-1.09375,15.847258,1.59917
2171,909264,1.727086,3.671875,0.61505204,0.064826176
2171,909704,1.67799,0.26367188,3.7638955,0.38542145
2171,909706,5.796077,4.3125,0.80132276,0.08095986
2171,909712,1.302517,2.015625,0.16068262,0.016478673
2171,909713,5.788949,2.78125,0.54091257,0.07807218
2171,909722,-1.033968,-1.4375,1.3007307,0.14584705
2171,909735,3.698891,2.578125,1.1407886,0.13645016
2171,909742,0.795233,0.6015625,1.3809906,0.13856226
2171,909748,1.802501,3.375,4.345698,0.43557164
2171,909762,-1.674093,-0.6796875,0.37159315,0.0382687
2171,910779,3.872439,4.21875,0.5638946,0.05835718
2171,910781,1.693434,2.46875,3.2617736,0.33208722
2171,910903,1.363698,0.83984375,0.33956838,0.03653963
2171,910904,1.434043,2.5625,0.27307957,0.042068973
2171,910910,6.285333,3.984375,2.9451385,0.29609224
2171,910918,0.944134,0.40429688,0.3859321,0.0396102
2171,910921,2.679287,1.078125,0.5424228,0.0685081
2171,910922,2.497315,2.8125,1.0080234,0.10345863
2171,910931,0.421464,1.125,1.6731223,0.20012279
2171,910937,0.745597,0.93359375,0.4725794,0.111796945
2171,924100,2.276989,3.171875,0.46583936,0.047164194
2171,924105,0.370492,0.12011719,0.29973722,0.044537157
2171,924189,-0.441568,0.61328125,0.78992486,0.079808295
2171,925346,1.594832,4.15625,0.2613774,0.031343367
2171,946360,3.604518,2.484375,0.31843394,0.044722725
2171,946361,0.281949,1.8125,1.4564432,0.15280634
2171,1240121,1.346115,1.796875,0.4250461,0.046053976
2171,1240122,4.688614,4.5,0.9133136,0.09326571
2171,1240150,1.430452,1.609375,1.4353713,0.14854586
2171,1240174,5.14375,2.46875,0.65272737,0.07271151
2171,1240182,2.722855,3.515625,0.8880432,0.089843504
2171,1240184,2.438857,3.6875,0.2508443,0.029853666
2171,1240187,2.407634,2.421875,0.29226103,0.030755742
2171,1240219,3.323457,4.75,0.67019063,0.06749485
2171,1240220,3.046281,2.75,1.1169835,0.114735074
2171,1240221,0.31796,1.515625,0.19694968,0.022756502
2171,1247871,1.186211,0.94140625,0.6496997,0.10008877
2171,1290455,2.331122,0.49609375,0.17191856,0.022887968
2171,1290905,5.158342,4.875,1.463869,0.15133817
2171,1298145,0.855603,1.703125,0.5033469,0.052387565
2171,1298146,0.072491,1.84375,1.7766364,0.18131082
2171,1298151,4.267275,3.375,0.5479101,0.055205062
2171,1298168,5.014627,3.359375,1.6346366,0.18097007
2171,1298215,1.312639,1.125,0.07470332,0.022516575
2171,1298357,6.238634,5.125,0.97224516,0.10031404
2171,1298475,3.563079,3.5,0.2628947,0.031444933
2171,1298476,6.194111,4.90625,0.70743245,0.12912314
2171,1299050,3.018611,1.484375,0.5734186,0.09129526
2171,1330931,2.404383,0.375,2.3268232,0.2769216
2171,1330984,-0.145935,-0.79296875,0.13035998,0.013657364
2171,1331033,1.56923,0.97265625,0.23514947,0.024388328
2171,1331038,4.202542,2.703125,0.6340343,0.06662
2171,1480371,3.323317,2.09375,1.3872936,0.31741753
2171,1480372,2.789935,4.09375,0.3948703,0.04213872
2171,1503365,6.417735,5.0,0.4208512,0.054225907
2172,687457,4.2037,3.734375,1.1159555,0.11238779
2172,687459,5.293558,5.0,1.4225771,0.15749304
2172,687505,4.707555,3.40625,1.1697646,0.14100565
2172,687568,3.248812,4.21875,1.6733484,0.19817989
2172,687588,5.715007,2.890625,1.2406933,0.13958986
2172,687596,2.222395,3.171875,0.1705215,0.01774761
2172,687799,1.464095,1.140625,0.169824,0.02734771
2172,687800,3.441007,4.40625,1.4607232,0.17099167
2172,687807,2.929167,4.90625,0.48261985,0.08150891
2172,687816,2.890861,5.1875,1.6569287,0.16795948
2172,687820,4.11529,3.5625,2.8167677,0.30915692
2172,687829,5.601259,3.8125,1.1901879,0.122920744
2172,687983,2.249205,2.890625,1.2487038,0.13631792
2172,688025,-1.661265,-0.21386719,3.3667197,0.56169754
2172,688027,2.04976,2.625,0.13842683,0.014863294
2172,724828,2.048187,1.796875,0.2895248,0.031690568
2172,749713,1.483103,1.46875,1.7912233,0.1923289
2172,753556,0.654953,1.1875,0.9973935,0.10603268
2172,753570,0.168629,0.111328125,0.2452176,0.04091167
2172,753605,3.519946,2.640625,2.3943753,0.2582252
2172,753614,2.595412,2.359375,0.6157106,0.06858797
2172,753624,2.656611,4.375,0.19735593,0.02028915
2172,905935,4.551733,4.1875,0.38047758,0.0676158
2172,905937,0.055001,0.53125,0.12165924,0.02609603
2172,905954,2.214229,1.46875,0.21113034,0.022718912
2172,905956,3.971902,3.828125,0.18643653,0.0192179
2172,905963,0.525555,0.6015625,0.5800035,0.063317545
2172,905964,0.33675,0.20117188,0.3875754,0.06711744
2172,905972,2.548554,3.4375,1.4802134,0.15465032
2172,905974,0.084021,0.04345703,0.6158084,0.06758861
2172,905982,3.569565,3.953125,0.26371777,0.026661692
2172,905985,2.56891,3.5,0.7322344,0.07527726
2172,906746,2.807006,3.609375,0.90607345,0.098913796
2172,906798,1.731205,2.265625,0.7778069,0.11734055
2172,906800,-1.606618,-1.609375,0.10407186,0.028326523
2172,906804,-0.446113,-0.66796875,0.30225888,0.035797466
2172,906818,3.532591,2.203125,0.12783813,0.04325333
2172,906827,3.572603,2.609375,0.48396334,0.05880987
2172,906830,5.031637,3.71875,0.41483796,0.04606682
2172,906831,2.110608,-0.14453125,0.20642483,0.023069233
2172,906835,5.167362,5.28125,0.90655255,0.0979935
2172,906851,3.385548,2.75,0.8041326,0.10060569
2172,906863,1.009494,1.1875,0.16357943,0.020660117
2172,906871,-0.220007,1.703125,0.33632717,0.034770284
2172,906872,3.183785,3.734375,0.956317,0.11194608
2172,907042,-0.424474,0.18945312,0.4942983,0.062035058
2172,907047,1.303694,1.3125,0.22525802,0.037355743
2172,907051,1.841518,2.59375,2.4713721,0.29062447
2172,907071,5.863031,3.890625,1.1153657,0.112925895
2172,907072,0.24031,1.0625,1.9309283,0.20732947
2172,907173,3.243762,0.69921875,1.4539275,0.15276879
2172,907271,1.874566,2.671875,0.33058026,0.035905804
2172,907289,1.453826,2.6875,0.51631004,0.051839884
2172,907290,5.974274,4.25,1.8700795,0.19096868
2172,907298,0.454128,0.80859375,0.6235628,0.0657232
2172,907299,0.545027,0.36914062,0.99357224,0.12548837
2172,907313,0.561439,0.3671875,0.54939413,0.07967142
2172,907321,3.078014,2.46875,0.24496947,0.033959877
2172,908125,3.577036,2.890625,0.28780606,0.036349963
2172,908133,-1.094866,-0.98828125,0.76638025,0.10716381
2172,908442,0.824466,-0.11328125,1.1271765,0.120287046
2172,908444,0.390078,2.28125,1.458521,0.15477274
2172,908447,0.907911,1.953125,1.922297,0.20362625
2172,908452,1.655897,2.171875,1.1731663,0.13962173
2172,908458,1.363386,2.484375,2.357802,0.24126413
2172,908471,3.344435,1.453125,0.9450658,0.11716413
2172,908475,1.823757,1.296875,0.57169044,0.07582172
2172,909253,0.240287,-1.34375,0.9058448,0.115536116
2172,909255,0.430445,-1.46875,0.38361046,0.042469382
2172,909260,-1.255951,0.05419922,0.55797255,0.061074097
2172,909262,1.57224,1.640625,0.98193204,0.10521098
2172,909717,2.555547,1.625,0.3513076,0.04280766
2172,909722,-1.895738,-1.609375,0.104358315,0.018187895
2172,909735,4.01092,2.953125,1.1227249,0.12768824
2172,909736,3.333869,2.15625,0.21609883,0.022813644
2172,909737,3.268957,2.84375,0.30369267,0.03105391
2172,909753,1.366852,2.3125,0.4105136,0.043808103
2172,909755,4.292365,4.25,0.9228926,0.114759445
2172,909771,-1.001118,0.57421875,0.70252794,0.07349864
2172,909774,1.798913,2.859375,1.1294724,0.11621566
2172,909776,3.411693,1.609375,0.4079602,0.05072886
2172,909777,1.445958,0.484375,0.97501296,0.09916093
2172,909905,1.456163,1.734375,1.0259193,0.11229423
2172,909907,4.139253,5.75,1.2169048,0.12250206
2172,910702,6.837543,6.1875,0.6745708,0.07403813
2172,910704,4.07431,2.21875,0.86087173,0.107047305
2172,910710,-2.017674,-1.28125,0.22714317,0.06071627
2172,910852,2.23771,2.15625,0.6867796,0.07537813
2172,910900,4.995072,3.265625,0.1984717,0.024532538
2172,910924,4.860212,2.046875,0.9587319,0.12483832
2172,924110,2.423067,3.109375,0.7467038,0.07834229
2172,924151,0.092935,1.953125,0.251714,0.0275519
2172,924189,2.167424,1.84375,0.89624476,0.09213832
2172,924239,-0.092262,0.51171875,0.11547836,0.012323313
2172,924247,2.320829,1.21875,0.2631738,0.026874768
2172,925340,3.906666,2.265625,0.8676446,0.09090012
2172,925347,0.458937,2.765625,1.3745759,0.15361723
2172,925348,3.406045,2.359375,0.92272145,0.099977374
2172,930083,3.619488,3.890625,1.6891662,0.19284105
2172,946354,-0.883625,-0.43945312,0.18507636,0.039699066
2172,949090,1.774652,1.5625,0.31964365,0.03498729
2172,949093,3.016709,5.03125,2.3328936,0.26247287
2172,998184,0.145151,0.25585938,0.23499353,0.037204288
2172,1240123,0.246912,0.953125,0.43428782,0.04421565
2172,1240143,2.200539,3.015625,0.44210443,0.05315272
2172,1240146,3.79961,4.125,1.6322869,0.17729001
2172,1240147,0.028272,0.5234375,0.6608874,0.0725363
2172,1240150,1.067507,2.109375,0.39208156,0.040534306
2172,1240151,0.954493,2.796875,0.92108727,0.096364364
2172,1240179,1.71726,1.59375,0.37905848,0.086729884
2172,1240186,2.759029,4.15625,0.28526413,0.029405056
2172,1240199,4.652268,4.5,0.7359973,0.0899335
2172,1240224,2.997002,3.546875,1.0228965,0.107479
2172,1247871,-0.564847,0.26171875,0.8689524,0.12847617
2172,1297439,6.041628,4.40625,0.9210998,0.09425233
2172,1297446,0.934396,1.15625,0.22931075,0.026495652
2172,1297447,1.603514,1.578125,0.284319,0.04289259
2172,1298136,4.074876,2.734375,0.75479656,0.07676445
2172,1298349,3.405759,2.75,0.5250578,0.05295537
2172,1298358,4.015253,1.875,0.2528206,0.025907965
2172,1298362,1.612646,2.15625,1.2872015,0.16205567
2172,1298476,4.286501,3.328125,0.29118216,0.038473733
2172,1299050,1.701575,1.140625,0.24316342,0.031014316
2172,1299062,2.591295,2.59375,0.48249957,0.05159261
2172,1299064,2.456821,2.90625,0.10122248,0.010604729
2172,1299081,1.805941,2.46875,0.73045945,0.07724369
2172,1303896,-0.672581,-0.84375,0.21587957,0.027815688
2172,1323913,-2.26566,-2.609375,0.14557108,0.026570166
2172,1327768,2.036938,0.99609375,0.15085438,0.022875769
2172,1330985,-1.714327,-0.73046875,2.2982128,0.31204513
2172,1331038,0.140319,2.34375,1.4597884,0.19288102
2172,1480360,0.179349,1.734375,0.32506493,0.034829706
2172,1480361,-1.24252,1.421875,0.6076283,0.062950335
2172,1503364,3.839469,2.453125,0.8833375,0.096183725
2172,1659817,-1.582714,-1.625,0.15006462,0.016221184
2173,687562,3.115144,3.21875,0.34609586,0.036793374
2173,687563,3.569841,3.3125,0.6599154,0.07015546
2173,687777,5.681625,4.34375,0.5663144,0.059014283
2173,687798,5.158225,4.53125,0.1921417,0.019621115
2173,687800,4.778257,4.84375,0.29123053,0.030020075
2173,687821,6.76415,6.28125,0.4108956,0.04384887
2173,687985,3.51919,3.421875,0.2822756,0.02941527
2173,688027,4.820698,3.703125,0.44660056,0.04506712
2173,688121,3.980983,5.4375,0.42411527,0.04304868
2173,722045,5.135943,4.40625,0.13647771,0.015203132
2173,722046,3.259209,2.703125,0.6386697,0.06872476
2173,724828,3.56746,4.40625,0.117794596,0.01230699
2173,724838,3.622766,4.28125,0.41751993,0.04697499
2173,724866,6.315961,5.46875,0.30340496,0.031577915
2173,749712,5.024588,4.25,0.3574096,0.03582867
2173,753541,5.506881,5.21875,0.14015712,0.014312557
2173,753555,5.15807,4.09375,0.101954915,0.011190155
2173,753562,2.905665,3.640625,0.15300466,0.017910665
2173,753572,3.687546,4.1875,0.3115417,0.03419354
2173,753576,5.077103,5.09375,0.48045722,0.048346743
2173,753586,4.075073,3.859375,0.12054581,0.01365917
2173,753605,4.994627,3.984375,0.39850953,0.040934376
2173,905933,3.73261,4.53125,0.12096899,0.013046093
2173,905939,3.33532,4.25,0.4416314,0.0470379
2173,905946,3.350785,5.5625,0.5765007,0.057959035
2173,905956,6.165625,5.0,0.09399058,0.009586075
2173,905959,5.647377,5.03125,0.27887556,0.02944101
2173,905962,4.592878,4.9375,0.19662613,0.021465188
2173,905965,3.132841,1.65625,0.19296719,0.020245632
2173,905972,3.438641,5.09375,0.31571,0.032016583
2173,906696,2.371138,3.1875,0.14342932,0.016252123
2173,906794,4.178091,4.40625,0.20055433,0.021105096
2173,906808,5.625303,4.875,0.5100677,0.051326342
2173,906818,4.010648,4.78125,0.30568346,0.033741906
2173,906820,2.78528,3.171875,0.2289912,0.02402518
2173,906846,4.248522,3.625,0.58217955,0.05914893
2173,906849,4.94004,4.9375,0.12030491,0.012136774
2173,906852,4.756288,5.78125,0.41368175,0.041989654
2173,906868,4.213125,5.09375,0.27284083,0.0284321
2173,906870,2.646358,1.296875,0.8662596,0.09262722
2173,906871,2.707648,3.640625,0.27241066,0.027460195
2173,906872,4.463348,4.34375,0.367891,0.04111406
2173,906999,3.201299,4.71875,0.27969038,0.028475797
2173,907000,3.281166,3.640625,0.2567286,0.025921945
2173,907061,3.569841,3.90625,0.23019192,0.024383908
2173,907066,5.141377,4.71875,0.19384132,0.01992783
2173,907073,3.266431,3.78125,0.18545422,0.01870926
2173,907169,3.763385,3.828125,0.19009915,0.019944724
2173,907176,5.310199,4.125,0.15446682,0.016391438
2173,907275,0.818616,1.46875,0.4624111,0.049984176
2173,907278,2.983855,3.28125,0.40553367,0.042743042
2173,907314,3.953164,5.0,0.56498045,0.05671277
2173,907319,3.100891,3.828125,0.20811683,0.024148682
2173,907788,3.457322,2.875,0.5291893,0.05440323
2173,907790,4.518827,4.25,0.9101848,0.094399035
2173,907795,4.401931,4.6875,0.41249925,0.041533764
2173,908121,3.125587,3.8125,0.36080736,0.03755227
2173,908127,3.456591,4.25,0.18357511,0.018998098
2173,908135,4.928477,4.03125,0.16314493,0.016530806
2173,908147,2.570584,2.9375,0.07568274,0.007896805
2173,908150,3.596675,3.796875,0.5661355,0.05914893
2173,908152,5.306453,4.78125,0.77405447,0.07904485
2173,908443,3.535357,4.875,0.49991706,0.050447367
2173,908449,7.521314,7.75,0.24754217,0.025645388
2173,908455,3.440882,4.4375,0.20305075,0.021133205
2173,908460,7.427763,5.78125,0.27997997,0.03128947
2173,908471,4.592771,3.484375,0.65081125,0.071047455
2173,908473,4.912099,3.859375,0.29834878,0.031014316
2173,908474,4.414039,4.125,0.23100649,0.023470057
2173,909253,3.033893,2.34375,1.0024259,0.100796856
2173,909257,2.955337,3.65625,0.18324405,0.02100156
2173,909263,4.498172,4.21875,0.25929216,0.02629517
2173,909703,2.978722,3.625,0.47691935,0.049207456
2173,909713,3.466168,4.46875,0.13534567,0.014265365
2173,909725,3.92987,4.09375,0.31174067,0.031516775
2173,909726,3.24208,4.25,0.21870744,0.021951308
2173,909727,4.208997,4.84375,0.09667345,0.009726051
2173,909746,4.961424,4.25,0.27382562,0.02817495
2173,909748,4.677411,4.65625,0.2072102,0.02080751
2173,909753,4.619288,4.4375,0.23420373,0.023730904
2173,909755,5.014758,4.90625,0.25773293,0.02696408
2173,909771,1.774105,3.765625,0.6129438,0.06141908
2173,909776,4.340567,4.15625,0.088984475,0.009125729
2173,909784,4.718825,5.09375,0.49365368,0.049815316
2173,909976,4.591607,3.703125,0.32809818,0.034945544
2173,910546,3.982943,5.34375,0.5380264,0.054358292
2173,910698,4.91163,4.34375,0.13326491,0.01451078
2173,910701,5.59137,5.21875,0.16638817,0.017361093
2173,910779,3.732173,3.765625,0.28247592,0.028969083
2173,910852,3.796062,3.84375,0.26982456,0.02891087
2173,910906,3.083636,2.015625,0.2667171,0.028111847
2173,910921,3.231121,3.75,0.3775172,0.038951367
2173,910922,4.088477,4.15625,0.2344978,0.023836665
2173,910924,4.765545,4.34375,0.17606106,0.018556748
2173,910943,3.305446,4.53125,0.30365482,0.030933106
2173,910952,3.761113,4.21875,0.2688687,0.02696646
2173,917486,4.376335,4.25,0.23688602,0.024067413
2173,924100,3.563924,4.625,0.20801976,0.020920647
2173,924102,3.951168,3.75,0.5195021,0.053879716
2173,924106,3.820981,3.6875,0.6460173,0.06749485
2173,924244,4.57901,4.25,0.6044037,0.062033053
2173,925340,4.91834,4.90625,0.09989682,0.010384595
2173,925341,3.168154,3.734375,0.24957705,0.026532479
2173,925348,4.608967,5.25,0.5923705,0.059974916
2173,946353,4.13153,4.25,0.2585308,0.0279458
2173,998184,3.71713,3.40625,0.12645547,0.0132673895
2173,1240147,2.879767,2.5,0.23078352,0.024324466
2173,1240153,3.337174,4.03125,0.14067721,0.018063968
2173,1240174,3.669453,4.40625,0.19315836,0.020979796
2173,1240179,3.291256,3.125,0.1711411,0.021031389
2173,1240186,4.754406,4.90625,0.221944,0.022306142
2173,1240207,4.56466,5.0625,0.11669541,0.014933851
2173,1240212,4.153645,4.59375,0.11855942,0.012604025
2173,1240218,6.461752,6.09375,0.13989289,0.01443383
2173,1247871,4.229733,3.578125,0.2958926,0.030235816
2173,1290769,3.863165,4.28125,0.34656847,0.035628922
2173,1290807,4.24101,4.21875,1.2799885,0.12940599
2173,1290908,3.539705,3.53125,1.5409406,0.15815467
2173,1290922,5.028775,4.34375,0.17708425,0.019726558
2173,1298134,3.238437,3.765625,0.14143452,0.015705986
2173,1298145,2.913304,3.953125,0.29736072,0.030130342
2173,1298169,3.57958,4.15625,0.1171254,0.012549624
2173,1298347,3.96435,4.28125,0.14444225,0.014801819
2173,1298348,4.205602,4.21875,0.1795086,0.019194456
2173,1298351,4.688045,4.28125,0.15742816,0.015886307
2173,1298356,6.327461,5.96875,0.14056022,0.0156088965
2173,1298538,4.693408,4.28125,0.5755229,0.05880987
2173,1299064,4.655495,3.921875,0.17035004,0.017498134
2173,1299075,3.389816,2.859375,0.10911376,0.011578741
2173,1330950,3.01649,3.25,0.15373942,0.015590925
2173,1480371,4.497226,5.59375,0.16474196,0.017259445
2173,1503361,3.328812,4.15625,0.1786864,0.019145695
2173,1503364,4.95475,4.65625,0.27279094,0.028324379
2174,688015,1.341223,1.3125,0.039665524,0.0062450105
2174,722045,3.177085,2.671875,0.020517105,0.00887699
2174,724812,2.874426,3.25,0.028310964,0.0073671956
2174,753535,2.820759,2.5,0.07564827,0.010230088
2174,753608,4.167781,3.296875,0.06820755,0.009337087
2174,905956,3.015583,2.421875,0.04573168,0.0066957218
2174,906842,0.365787,0.77734375,0.049969,0.0064384136
2174,906852,2.80265,3.390625,0.058232017,0.008923346
2174,907063,2.781833,2.421875,0.095080145,0.012425117
2174,907282,3.275609,2.984375,0.051542804,0.0066877
2174,908135,1.429049,1.296875,0.042631205,0.007069761
2174,909776,3.800909,2.859375,0.098511,0.011724064
2174,909778,2.747575,1.484375,0.06203531,0.010674916
2174,910567,2.603488,1.703125,0.07304755,0.008190603
2174,910697,2.761579,2.640625,0.027409695,0.006323548
2174,910851,1.489533,2.046875,0.12419608,0.015443481
2174,910931,2.102963,1.984375,0.045805834,0.010928163
2174,924248,2.485746,2.109375,0.1446738,0.015878804
2174,1240150,1.851049,2.171875,0.027538242,0.0074278098
2174,1297449,1.035016,1.25,0.055497482,0.006467624
2174,1298144,2.718273,3.515625,0.1131802,0.01194848
2174,1298215,2.096569,2.109375,0.012786353,0.0054480843
2174,1303901,2.033845,1.796875,0.25397524,0.02628377
2174,1322212,2.256465,2.09375,0.13541046,0.014782425
2174,1330982,1.687365,1.46875,0.07743032,0.00865331
2174,1330984,1.574499,1.515625,0.05277161,0.0059373113
2174,1660036,2.463205,2.6875,0.038581736,0.0071389666
2175,688018,6.210768,5.5625,1.7557764,0.18979007
2175,722045,5.773272,5.09375,0.41483626,0.060158256
2175,753608,5.415866,6.15625,0.45507264,0.04748269
2175,905939,7.302845,6.6875,1.5521387,0.16284649
2175,905962,7.884993,7.53125,0.60795933,0.06527839
2175,906849,5.006378,4.96875,0.12758936,0.0132478345
2175,906852,6.37602,6.15625,0.11669001,0.014983839
2175,907046,4.107533,5.21875,0.33451805,0.033923928
2175,907063,5.215201,4.5,1.942232,0.23172627
2175,907171,4.230598,5.46875,0.7497894,0.0859332
2175,908133,1.939757,3.453125,1.0687196,0.10847752
2175,909715,1.836733,1.71875,1.2533581,0.129848
2175,909724,4.49244,4.90625,0.14179617,0.015520608
2175,909727,3.096362,5.8125,0.209341,0.021620411
2175,909742,3.074971,4.09375,1.0395937,0.10419904
2175,909771,5.139924,4.0625,0.40705118,0.040976595
2175,909778,5.743307,6.09375,0.16019154,0.016441282
2175,910851,4.762124,4.09375,0.70420533,0.07216393
2175,1240144,5.245671,6.0625,0.34268188,0.034799334
2175,1240207,5.499573,5.34375,0.11656078,0.015826307
2175,1303901,4.825928,4.8125,0.6636119,0.06689501
2175,1330984,2.588392,2.921875,0.6230259,0.06394435
2175,1330994,1.048722,1.859375,5.48899,0.55824214
2177,687448,3.722983,3.484375,0.1400503,0.015005957
2177,687459,2.303453,2.53125,0.2057197,0.023145434
2177,687561,0.559988,1.78125,0.21700619,0.023884578
2177,687586,1.807098,2.1875,0.11664439,0.012953097
2177,687588,2.689114,2.53125,0.14689288,0.01621431
2177,687596,2.349584,1.625,0.21068825,0.022883797
2177,687807,3.533109,3.984375,0.08623607,0.009771497
2177,687816,3.344938,2.625,0.18031575,0.019169325
2177,687980,2.093196,2.734375,0.07663289,0.007885046
2177,687983,2.55741,2.078125,0.090439744,0.009580156
2177,687985,2.234036,2.46875,0.09496469,0.009978242
2177,687997,3.146102,3.109375,0.1779265,0.018323846
2177,722046,1.293235,1.03125,0.50090843,0.055624757
2177,722058,1.936089,1.65625,0.08794975,0.010658376
2177,724831,2.250555,2.328125,0.17471424,0.02002396
2177,724866,1.870494,2.640625,0.19040303,0.020732362
2177,735784,2.5519,2.6875,0.085557476,0.009626036
2177,749716,2.203859,1.75,0.13714813,0.016054505
2177,753540,2.484108,2.78125,0.069893286,0.0077858637
2177,753570,1.883477,2.140625,0.10584781,0.0120381415
2177,753621,3.078344,1.875,0.26164132,0.030107088
2177,753622,1.027952,1.703125,0.0794858,0.011526782
2177,753624,0.564829,2.6875,0.17193344,0.0174437
2177,905934,2.178657,2.453125,0.1978362,0.024106812
2177,905939,3.015973,2.40625,0.1829322,0.020884173
2177,905942,2.257401,1.25,0.09559067,0.017330095
2177,905945,2.113485,1.78125,0.12910548,0.013087159
2177,905947,1.1789,2.09375,0.06889144,0.009897058
2177,905951,2.222236,2.734375,0.12713191,0.013018258
2177,905974,2.088641,1.765625,0.06809364,0.007773805
2177,905976,2.33808,1.828125,0.12971129,0.014925888
2177,905982,3.061403,3.609375,0.113707535,0.011583308
2177,906790,0.884158,2.0,0.05577889,0.0065593966
2177,906795,2.335286,2.421875,0.23467864,0.026226768
2177,906801,2.202111,1.65625,0.26365507,0.03408951
2177,906804,1.506756,1.6875,0.061252274,0.0066695595
2177,906817,2.794865,3.734375,0.19363339,0.01976084
2177,906824,2.580289,1.984375,0.17815961,0.020114953
2177,906842,0.365787,0.53125,0.1218584,0.014538837
2177,906848,1.530108,1.765625,0.17145775,0.01793795
2177,906999,1.625975,2.296875,0.15006196,0.015868563
2177,907046,2.209381,3.078125,0.052897565,0.0054924507
2177,907048,1.338136,2.140625,0.14624923,0.015670152
2177,907051,2.009593,1.90625,0.17552678,0.020367121
2177,907053,1.164767,1.515625,0.03030137,0.0040341006
2177,907061,2.190765,1.265625,0.112344414,0.014425833
2177,907169,1.986845,1.546875,0.07664047,0.008931609
2177,907173,2.244484,2.59375,0.08091509,0.008318465
2177,907274,1.848445,2.8125,0.04207049,0.0042934134
2177,907277,1.262769,1.03125,0.038901445,0.004629767
2177,907313,2.467599,2.265625,0.104120895,0.011493058
2177,907317,2.122679,2.21875,0.22982138,0.02452547
2177,907320,1.060828,1.453125,0.16750495,0.020354733
2177,907322,1.842189,1.578125,0.08986009,0.0098903645
2177,907789,1.40914,1.359375,0.05368352,0.005802902
2177,907792,4.195966,3.296875,0.10793658,0.012578828
2177,908120,3.97853,3.484375,0.25116503,0.030865462
2177,908133,-0.212874,1.953125,0.08323363,0.008673579
2177,908134,2.146891,2.671875,0.08791896,0.009210966
2177,908446,1.331626,1.53125,0.06562491,0.0067987456
2177,908448,1.229274,1.359375,0.057790183,0.0077234088
2177,908454,1.960707,2.03125,0.073747374,0.0079716975
2177,908460,3.054451,4.25,0.28712022,0.032654375
2177,908462,2.233055,2.265625,0.3263681,0.034828484
2177,908470,2.811439,3.890625,0.15430906,0.016317679
2177,909696,1.650049,1.609375,0.037371326,0.0049014795
2177,909715,-0.380828,0.71484375,0.1572783,0.016751619
2177,909724,2.646143,2.328125,0.06449043,0.007515653
2177,909725,2.852977,2.203125,0.18082981,0.02041643
2177,909727,0.738548,2.6875,0.13040186,0.014163531
2177,909728,2.484694,2.515625,0.12453716,0.013526541
2177,909732,1.526087,2.46875,0.06814259,0.007873518
2177,909738,1.557392,3.671875,0.16593938,0.016885353
2177,909743,1.629976,2.046875,0.09388493,0.009783526
2177,909746,1.466747,2.75,0.07614635,0.008538063
2177,909748,2.730454,1.890625,0.072091684,0.007912488
2177,909750,2.396706,2.046875,0.119202584,0.013196877
2177,909761,2.484003,2.046875,0.3411716,0.035645064
2177,909770,1.809179,1.96875,0.10630952,0.013650909
2177,909776,2.844904,2.578125,0.1765038,0.018266292
2177,909781,2.597766,4.0625,0.07430326,0.010576799
2177,909975,2.689271,2.296875,0.2903234,0.030216407
2177,910399,1.91428,2.15625,0.08013209,0.0110615445
2177,910546,1.924343,2.171875,0.09037185,0.013495583
2177,910691,2.985895,2.171875,0.10731058,0.0110228015
2177,910700,3.496145,3.265625,0.18177763,0.018390479
2177,910780,1.84355,1.609375,0.077274725,0.009314842
2177,910900,2.493841,2.046875,0.0653017,0.0077338857
2177,910907,1.537705,1.484375,0.15102372,0.024044823
2177,910916,2.660151,1.5,0.29075208,0.03593906
2177,910921,2.171144,1.984375,0.07961596,0.009812306
2177,910922,1.972567,1.859375,0.12580167,0.014361953
2177,910924,1.205394,1.5,0.12640445,0.015119285
2177,924110,1.835509,2.578125,0.122458816,0.012745323
2177,924187,2.722582,3.203125,0.093359664,0.012029221
2177,924247,0.714272,2.046875,0.049809076,0.0055143456
2177,924248,2.196111,2.34375,0.2923254,0.02985167
2177,925347,3.666014,2.671875,0.122770235,0.0128807435
2177,930082,1.206963,1.75,0.19541031,0.0290355
2177,946354,2.494811,2.359375,0.08512153,0.009482236
2177,946360,2.519498,1.984375,0.084043026,0.009084604
2177,949090,1.808352,2.78125,0.07137414,0.0074377307
2177,998184,1.619425,1.21875,0.05852779,0.0075674015
2177,1240121,1.776877,1.796875,0.17214215,0.019729175
2177,1240123,0.765666,1.25,0.14578447,0.015252005
2177,1240147,1.233176,1.921875,0.090002134,0.010091672
2177,1240150,2.290927,2.53125,0.057537522,0.007154651
2177,1240154,1.294659,0.96484375,0.1252035,0.018603656
2177,1240157,2.932019,2.171875,0.10500783,0.011184322
2177,1240173,2.314098,2.046875,0.034223862,0.005926635
2177,1240179,1.897336,1.28125,0.20194286,0.02343229
2177,1240182,1.551542,2.96875,0.16834567,0.017743548
2177,1240190,1.404281,2.09375,0.3120972,0.035913046
2177,1240196,2.101577,2.34375,0.13530445,0.015276428
2177,1240199,2.580476,4.3125,0.2876819,0.047423515
2177,1240201,2.624007,1.53125,0.22280297,0.029776659
2177,1240224,4.214096,4.09375,0.10911524,0.012456974
2177,1290730,2.071972,1.75,0.0797449,0.023149876
2177,1290922,2.17801,1.84375,0.38893607,0.04457588
2177,1298134,0.937176,1.625,0.24746686,0.029989796
2177,1298144,2.505684,2.828125,0.13281009,0.014145524
2177,1298151,1.714836,1.90625,0.15028618,0.015976889
2177,1298157,1.868423,1.796875,0.20302759,0.027792914
2177,1298215,1.898464,1.6875,0.112346925,0.016292201
2177,1298356,1.081232,4.21875,0.068902075,0.0213686
2177,1298359,2.816288,2.09375,0.07350163,0.008391201
2177,1303901,1.633509,2.0,0.2756316,0.02822457
2177,1322212,1.081316,2.53125,0.06615645,0.007241298
2177,1323913,-0.222668,0.875,0.069750495,0.007875118
2177,1330931,2.129382,1.5,0.039451234,0.004743089
2177,1330942,2.109533,1.984375,0.04573359,0.0060886326
2177,1330948,0.833294,1.953125,0.105145745,0.010838434
2177,1330991,1.963864,1.625,0.0481948,0.0057793343
2177,1480360,2.4752,1.828125,0.06912285,0.008702407
2177,1480371,2.247938,2.46875,0.09760325,0.010805622
2177,1503363,2.858189,2.234375,0.10056187,0.011394768
2177,1503366,1.53444,1.875,0.08854797,0.009413514
2177,1503371,1.139373,1.328125,0.06892298,0.008761754
2177,1659929,1.419239,2.28125,0.1314058,0.013919634
2359,687588,6.151034,6.34375,0.16518848,0.031431846
2359,687799,5.783782,6.125,0.11961945,0.040472586
2359,688010,4.366046,4.59375,0.33672673,0.042666268
2359,688031,4.35773,4.1875,0.74034053,0.08125675
2359,688087,5.631314,5.6875,0.2549139,0.034068145
2359,713880,5.1152,4.65625,0.07606282,0.01334217
2359,717431,5.626772,5.09375,0.4584405,0.048736706
2359,724828,6.153874,6.34375,0.32155132,0.03876041
2359,724859,5.161846,5.84375,0.1454786,0.028079571
2359,724870,5.645084,5.59375,0.14573863,0.021654915
2359,749709,4.994608,5.09375,0.05737266,0.014797916
2359,749715,3.726164,3.796875,0.87557524,0.10159672
2359,753575,6.969112,6.78125,0.23810402,0.03100398
2359,753576,6.847099,6.5,0.17964472,0.022912811
2359,753614,5.809504,5.65625,0.17698194,0.028019868
2359,753621,6.274197,5.90625,0.13737257,0.026139073
2359,905933,5.700996,5.21875,0.097716525,0.017480483
2359,905941,7.845564,7.875,0.26676193,0.055042922
2359,905942,4.905434,5.34375,0.05665981,0.019359441
2359,905946,6.160449,5.875,0.46329153,0.051947497
2359,905949,5.914376,5.40625,0.46445343,0.05643908
2359,905950,6.247463,5.71875,0.32212314,0.03677469
2359,905964,4.15888,3.703125,0.72531384,0.07897705
2359,905973,6.337881,5.9375,0.09724578,0.020065427
2359,906790,5.308186,4.53125,0.2915227,0.0596957
2359,906794,5.046888,5.59375,0.080706865,0.017311703
2359,906804,5.039086,3.8125,0.5939396,0.065754846
2359,906805,6.738186,5.8125,0.3013332,0.06363157
2359,906828,5.571966,5.46875,0.077746,0.01629046
2359,906835,7.532509,7.40625,0.0995081,0.01768388
2359,906836,3.300941,2.765625,0.35272852,0.04011605
2359,906855,2.554272,3.6875,0.53627205,0.058543492
2359,906863,5.243573,5.71875,0.076053,0.01697912
2359,907000,5.048565,4.8125,0.14881754,0.029143035
2359,907060,4.565189,5.09375,0.084420614,0.01728698
2359,907064,5.995565,6.21875,0.13104382,0.018324006
2359,907072,3.708319,4.28125,0.9703309,0.10844039
2359,907173,6.25071,6.0625,0.17917792,0.029893728
2359,907291,5.071197,4.5625,0.30272755,0.032182895
2359,907312,5.236017,5.375,0.07210002,0.015966864
2359,907318,5.112353,4.9375,0.08103024,0.016222784
2359,907783,4.522192,3.484375,0.4130522,0.04572887
2359,907792,7.037742,7.03125,0.15854019,0.025828317
2359,907795,5.647139,5.40625,0.54751074,0.061187662
2359,908121,4.775056,4.71875,0.21288602,0.038337287
2359,908125,5.747354,5.28125,0.19190061,0.023862373
2359,908444,3.723259,5.0625,0.5928098,0.0697123
2359,908447,3.569473,4.65625,1.4209602,0.14661145
2359,908448,2.505729,4.0625,2.7934182,0.33944833
2359,908483,4.038133,4.375,0.15018673,0.019285059
2359,909250,6.406881,6.40625,0.1990574,0.025919648
2359,909263,6.652681,6.84375,0.08172864,0.014717989
2359,909264,6.005075,5.90625,0.13829602,0.026693223
2359,909696,4.490385,4.21875,0.23897018,0.027973756
2359,909698,5.318743,5.40625,0.12928838,0.02170181
2359,909699,8.677827,8.0,0.6515117,0.07496951
2359,909723,6.217284,5.65625,0.38703382,0.05459882
2359,909731,4.66529,4.09375,0.48399022,0.06571489
2359,909736,6.062759,6.53125,0.22883406,0.027511949
2359,909738,7.194789,7.03125,0.24325229,0.028348392
2359,909743,5.507026,4.8125,1.1396306,0.118065804
2359,909746,6.273678,6.125,0.113734074,0.022111371
2359,909750,5.785783,5.4375,0.28034604,0.03704196
2359,909751,5.897027,4.78125,1.4177257,0.15129308
2359,909759,5.70771,5.28125,0.54405934,0.08811998
2359,909774,3.869823,5.75,1.3752825,0.14831953
2359,909777,3.590239,4.25,0.4838695,0.05055391
2359,909781,7.875999,8.0,0.073119506,0.01820938
2359,909975,6.606377,6.4375,0.088635854,0.01461136
2359,910546,5.936562,5.65625,0.19392163,0.024414282
2359,910706,3.713607,3.40625,0.21854442,0.0274276
2359,910780,5.239769,4.96875,0.30157965,0.037500694
2359,910922,5.255475,5.6875,0.29807848,0.04097461
2359,910930,4.201905,3.328125,0.56416726,0.065747514
2359,924105,5.98091,5.875,0.23245105,0.04025415
2359,924239,4.412936,3.984375,0.1955574,0.021043168
2359,924240,5.265328,4.375,0.21563853,0.028386464
2359,946360,5.912031,5.71875,0.06901395,0.012428283
2359,946361,5.436913,5.40625,0.08931477,0.015084233
2359,949090,6.666433,5.96875,0.2622896,0.038402665
2359,1240127,5.980304,6.15625,0.2650277,0.03426699
2359,1240129,6.637738,6.625,0.18119086,0.027476037
2359,1240143,4.721376,5.625,0.13116288,0.030769046
2359,1240145,5.659536,5.15625,0.17598674,0.029722124
2359,1240158,6.126811,5.84375,0.18285583,0.025135819
2359,1240172,6.330071,5.96875,0.08125936,0.012258851
2359,1240179,5.211868,5.15625,0.07760399,0.019840144
2359,1240184,6.216636,6.59375,0.12033801,0.02257773
2359,1240189,4.185789,4.59375,0.6044186,0.07927322
2359,1240196,6.300869,6.40625,0.036577493,0.013000737
2359,1240221,4.918305,4.53125,0.2637801,0.042235732
2359,1290806,6.864208,5.6875,0.58611655,0.06594372
2359,1290807,6.453944,6.4375,0.1910623,0.03942327
2359,1290908,6.179551,5.9375,0.2014166,0.044967018
2359,1298151,6.036547,5.84375,0.056805357,0.011205916
2359,1298168,6.144732,5.71875,0.19971387,0.035491746
2359,1303896,3.963062,3.953125,1.3363395,0.13815388
2359,1327766,3.538832,4.03125,0.5293241,0.058601294
2359,1330942,4.465685,4.9375,0.18715303,0.031414732
2359,1330950,3.887155,3.484375,0.36651897,0.05017362
2359,1330972,3.645915,4.15625,0.4268789,0.09930585
2359,1331036,1.806996,2.890625,0.25509378,0.027776329
2359,1331040,3.248078,3.03125,0.6075292,0.08248867
2359,1480362,6.151404,5.4375,0.092090465,0.027496465
2359,1503365,7.643525,7.40625,0.10529503,0.018469788
2359,1503367,3.419129,4.96875,0.6758952,0.09534846
2359,1674021,6.135335,6.25,0.09345338,0.030410914
2438,687457,10.842889,10.5625,0.55405855,0.12573141
2438,687802,12.618982,12.1875,0.33586484,0.070375234
2438,687807,12.333723,11.6875,0.15934333,0.04941714
2438,687816,11.863462,12.125,0.32715002,0.051507078
2438,687820,12.36844,12.125,0.031028587,0.02709629
2438,687829,9.55915,11.625,0.14584781,0.025749883
2438,687997,7.619354,11.0625,0.43675116,0.07971741
2438,688010,10.526252,10.625,0.20656365,0.036233306
2438,688027,10.56963,11.1875,0.1703694,0.07960375
2438,688058,10.942552,11.5625,0.034567397,0.025040522
2438,724828,11.119059,11.0625,0.20910762,0.04784454
2438,724866,11.978982,11.75,0.10128836,0.05286589
2438,724870,9.784463,10.6875,0.13981225,0.046389487
2438,749710,10.19135,12.0625,0.06822314,0.028921025
2438,749715,10.199969,9.1875,0.8846873,0.14006412
2438,753539,9.952035,9.8125,1.557674,0.2768189
2438,753573,10.283397,10.4375,0.5437211,0.11662872
2438,753576,11.871164,12.0625,0.108653724,0.025066935
2438,753608,10.648726,11.6875,0.11134926,0.029497832
2438,753618,7.757406,9.3125,0.9542206,0.16215663
2438,753620,7.417311,10.0625,0.7533226,0.11029638
2438,905960,10.86938,10.0625,0.24002156,0.11272606
2438,905969,12.143891,12.0625,0.020609794,0.019770995
2438,905990,10.040072,11.875,0.071068384,0.019880999
2438,906790,8.791714,9.4375,0.72681504,0.18100302
2438,906805,11.703765,11.875,0.040146325,0.023525354
2438,906808,10.993153,11.125,0.19219713,0.034155924
2438,906818,8.593235,10.5625,0.10346789,0.04846894
2438,906835,13.053734,12.8125,0.26396087,0.07734695
2438,906855,9.149389,8.9375,0.9977192,0.15370254
2438,906872,7.818372,11.75,0.12879726,0.026780117
2438,907065,8.504646,10.25,0.15438889,0.052751366
2438,907271,11.308613,11.5625,0.107260644,0.035244316
2438,907274,10.116178,10.3125,0.35139826,0.08455047
2438,907287,9.222704,10.6875,0.3903998,0.056885086
2438,907295,10.03776,11.125,0.06560619,0.015920987
2438,907789,8.672043,8.8125,0.32865605,0.050362527
2438,908123,10.427258,10.5,0.08319442,0.025556277
2438,908125,11.075012,10.9375,0.048666175,0.011134989
2438,908150,10.588848,11.3125,0.150744,0.072454564
2438,908444,10.618266,10.5,0.55668104,0.08072815
2438,908448,10.140234,9.75,1.7204455,0.3297013
2438,908449,13.558148,12.4375,0.19885796,0.076560766
2438,908455,10.722977,10.9375,0.09467434,0.032032542
2438,908459,11.468696,11.5625,0.3351638,0.08064427
2438,908461,10.784647,11.25,0.07699947,0.035155453
2438,908463,12.526447,12.375,0.0813572,0.053209472
2438,908470,12.744258,11.6875,0.21075618,0.09378881
2438,908471,10.621618,10.5,0.21219781,0.045516644
2438,908472,11.083404,10.8125,0.05129004,0.019946689
2438,908475,11.195597,11.0625,0.4004248,0.14092115
2438,908483,10.076216,10.3125,0.21889395,0.04967317
2438,909253,10.361426,9.5625,0.531525,0.06357591
2438,909255,7.369114,8.375,2.3938138,0.30634332
2438,909263,11.793002,10.75,0.24291149,0.078285255
2438,909698,10.61706,10.5625,0.07680274,0.024279496
2438,909709,11.083015,11.3125,0.164404,0.069871776
2438,909725,11.075475,11.3125,0.19646378,0.03380711
2438,909736,11.563321,10.875,1.542961,0.2999715
2438,909743,10.805343,9.125,0.802432,0.13227855
2438,909751,11.179071,11.125,0.74000907,0.093463294
2438,909757,10.285607,10.8125,1.7610527,0.2757385
2438,909770,9.554349,11.0625,0.30100256,0.07002294
2438,909774,8.49328,10.875,0.35161725,0.0742499
2438,909781,13.077442,12.5625,0.043795716,0.023394622
2438,909784,11.718096,11.25,0.34000725,0.10345806
2438,910554,9.832071,11.0,0.13468453,0.023323672
2438,910689,13.139117,12.9375,0.037527233,0.03967172
2438,910698,10.763799,11.0,0.3830803,0.097080775
2438,910706,7.083209,8.5,0.26882732,0.06933762
2438,910779,10.35778,10.6875,0.11961123,0.026921885
2438,910904,10.694399,10.625,0.07611369,0.03602353
2438,910915,11.615889,11.8125,0.065520376,0.027917305
2438,910916,9.212053,9.9375,0.13665421,0.06722164
2438,910919,9.839672,8.6875,0.8399486,0.15227833
2438,910920,8.47232,10.4375,0.1431579,0.05456465
2438,910926,8.993933,9.0,0.9528378,0.19811842
2438,910943,8.854503,11.3125,0.23941796,0.068858735
2438,924104,10.58995,10.5625,0.35830954,0.18605298
2438,924105,11.15239,10.75,0.065610684,0.07925047
2438,924110,11.02551,10.4375,0.25977674,0.041127983
2438,924187,11.664907,11.8125,0.26418987,0.15721323
2438,924239,9.569866,9.6875,0.18415523,0.029655546
2438,924240,10.562629,9.6875,0.11344803,0.0222166
2438,925340,11.607496,11.0625,0.06302637,0.016847199
2438,925347,11.832969,11.5,0.03934918,0.014409268
2438,930297,11.179875,11.75,0.11374549,0.019952083
2438,946360,10.756197,11.4375,0.14647599,0.032177795
2438,1240154,8.333842,10.1875,0.28558168,0.10150429
2438,1240158,10.914123,11.1875,0.52743167,0.12168101
2438,1240185,11.579181,11.125,0.22788894,0.037792042
2438,1240187,10.690435,10.3125,0.1762473,0.069588155
2438,1240199,12.495351,12.25,0.23897162,0.14890878
2438,1240219,11.549251,11.625,0.3226418,0.051080804
2438,1240222,11.294218,10.25,0.55765086,0.121528536
2438,1290765,11.082091,10.4375,0.90336907,0.15744199
2438,1290798,9.725715,11.125,0.22506414,0.08931291
2438,1290905,10.442173,12.1875,0.2535306,0.062055856
2438,1298136,11.347165,12.125,0.23721871,0.060116317
2438,1298169,10.836812,10.25,1.2143899,0.28972405
2438,1298226,9.144917,11.8125,0.06828647,0.038403854
2438,1298358,11.620874,11.75,0.10380186,0.025190122
2438,1298359,10.493625,10.875,0.08282399,0.045396548
2438,1298475,11.761082,10.9375,0.12788741,0.06744022
2438,1298476,13.820189,12.875,0.02711743,0.027318455
2438,1298538,10.641828,10.375,1.6819507,0.25505334
2438,1299050,11.448748,11.4375,0.02574275,0.018894497
2438,1330933,9.851516,9.0,1.2221771,0.21577916
2438,1330935,10.352163,10.0625,0.14050138,0.025997657
2438,1330950,9.23349,8.8125,0.7340568,0.13131522
2438,1330983,9.419203,10.125,0.4957571,0.0638774
2438,1331040,9.1894,8.4375,0.914268,0.28085157
2438,1331050,6.78738,7.65625,1.756583,0.36244848
2438,1480372,11.463991,11.0625,0.2753093,0.1218898
2438,1503364,11.126847,10.75,0.058193788,0.020278815
2438,1503366,10.797507,10.75,0.29347196,0.04235804
2438,1660035,10.874866,11.8125,0.06555392,0.026013969
2439,687448,10.533788,9.75,1.4209976,0.16870184
2439,687459,9.909106,9.3125,0.09765415,0.016194511
2439,687561,9.637241,9.25,0.20369005,0.027656484
2439,687562,8.190504,9.4375,0.08729048,0.014475848
2439,687586,8.058899,8.6875,0.19957446,0.022697736
2439,687798,8.876287,9.0625,0.13255961,0.020755645
2439,687799,9.760454,8.8125,0.18120164,0.05619606
2439,687800,10.596133,11.0625,0.09272466,0.01501839
2439,687815,9.215508,9.9375,0.098108865,0.018279428
2439,687829,10.021879,10.0,0.19018379,0.022865156
2439,687997,6.988544,9.8125,0.12736492,0.019726558
2439,688058,10.357037,9.75,0.107105345,0.02067295
2439,688121,9.02648,9.4375,0.23953117,0.032522894
2439,724825,9.312301,8.6875,0.05302991,0.01146524
2439,724872,8.162075,8.5625,0.038375176,0.0070522157
2439,749711,8.657174,9.75,0.49847436,0.05363888
2439,749717,7.918566,9.0,1.1737725,0.14872739
2439,753539,9.081121,8.9375,0.23587136,0.03116555
2439,753541,7.932631,8.9375,0.23267412,0.029481877
2439,753573,9.145073,8.9375,0.2783524,0.04789835
2439,753575,9.944842,10.375,0.13801333,0.020714654
2439,753576,9.925091,9.8125,0.13420583,0.016588813
2439,753592,8.386548,9.5625,0.1840335,0.024788467
2439,753608,9.939598,9.5625,0.15445033,0.022723837
2439,753623,8.577786,9.125,0.42834386,0.06495466
2439,753624,8.672126,8.6875,0.24065097,0.034734167
2439,905934,10.479059,9.8125,0.08519771,0.016931105
2439,905937,9.703915,9.25,0.057704322,0.012475863
2439,905945,8.775582,9.125,0.07352749,0.0088171335
2439,905948,9.638452,8.8125,0.2868965,0.039437506
2439,905949,9.41733,9.0,0.14287834,0.019558942
2439,905951,9.444172,9.6875,0.20442654,0.025736827
2439,905960,9.386559,8.625,0.3814989,0.056405302
2439,905968,10.111241,10.5,0.08773093,0.012907602
2439,905977,9.377059,9.5625,0.1054002,0.016413216
2439,906696,9.910329,9.5625,0.27189714,0.032862045
2439,906790,7.401098,9.0625,0.2526762,0.03956301
2439,906824,9.090112,9.625,0.086563915,0.018279428
2439,906826,10.763684,11.1875,0.073494345,0.010813014
2439,906834,8.869717,8.5625,0.19122756,0.025458626
2439,906848,8.848557,9.25,0.24617165,0.032169823
2439,906851,8.769508,8.875,0.3065981,0.05309439
2439,906856,8.025928,8.1875,0.2681113,0.033440523
2439,906999,10.108347,9.25,0.10651886,0.015520844
2439,907047,8.719178,8.1875,0.17125288,0.036446426
2439,907069,10.292035,10.1875,0.122061424,0.01988544
2439,907169,8.258116,7.90625,0.26779693,0.039791238
2439,907173,9.315608,9.875,0.0723285,0.009742317
2439,907276,10.894231,10.3125,0.25819254,0.037092365
2439,907311,8.804558,8.8125,0.4296294,0.05125877
2439,907794,9.842545,10.1875,0.07564509,0.011353699
2439,908158,8.328214,8.0625,0.26970336,0.03618518
2439,908443,9.844085,9.6875,0.24108063,0.029712094
2439,908447,8.836828,9.8125,0.16512334,0.024060095
2439,908449,11.398857,10.5,0.2904152,0.05857877
2439,908462,8.762137,10.125,0.17547204,0.026203929
2439,908465,8.882078,10.0,0.13262942,0.026553277
2439,908471,9.477842,9.4375,0.11293906,0.017781327
2439,908472,9.669219,9.0625,0.1557524,0.024938641
2439,908475,9.141889,9.1875,0.77629155,0.10374802
2439,909699,10.193452,10.3125,0.3167678,0.045936678
2439,909723,10.307328,9.5,0.37255302,0.049984176
2439,909736,8.589003,10.1875,0.44710803,0.05013289
2439,909750,8.239008,8.625,0.40597704,0.05095063
2439,909761,9.173236,9.4375,0.14297177,0.018683616
2439,909905,9.473305,8.5625,0.34330562,0.050264478
2439,909974,7.634961,9.75,0.41272986,0.063582644
2439,910706,6.854168,7.4375,0.1364432,0.022099376
2439,910784,10.171765,10.0625,0.30925044,0.0366255
2439,910903,7.426337,8.0625,0.31359673,0.039234344
2439,910907,9.160399,9.3125,0.08587166,0.015260509
2439,910927,8.364352,8.75,0.20029823,0.03102263
2439,911905,10.532946,10.1875,0.12516618,0.035338424
2439,924110,9.696168,9.5,0.05238233,0.00782246
2439,925347,10.818825,9.6875,0.07623043,0.0124189565
2439,925348,9.989146,10.125,0.21357465,0.053652935
2439,930083,10.011205,11.25,0.15243503,0.02543199
2439,946360,9.690829,10.0,0.16759372,0.020655164
2439,949090,9.485022,9.1875,0.39436728,0.050299633
2439,1240127,9.290721,10.1875,0.16767006,0.023759408
2439,1240128,8.624764,8.875,0.08431975,0.01424063
2439,1240146,10.382911,9.9375,0.15122236,0.022582628
2439,1240154,7.8145,8.6875,0.17553675,0.028267665
2439,1240157,9.669991,9.25,0.27727786,0.040209968
2439,1240158,10.216749,9.5625,0.6251055,0.08198643
2439,1240184,10.670431,9.9375,0.15963346,0.022036022
2439,1240186,9.757443,9.5,0.120407164,0.0149723375
2439,1240190,8.626612,9.9375,0.07467338,0.014108747
2439,1240197,10.677184,9.75,0.2915571,0.032691427
2439,1240201,9.829199,9.0625,0.11759431,0.018514257
2439,1240210,9.0408,8.625,0.13456532,0.016178336
2439,1240218,10.042229,10.375,0.20395558,0.026750026
2439,1247871,8.558577,8.5625,0.14993833,0.029149942
2439,1290722,9.070414,8.9375,0.08037947,0.012449349
2439,1290806,9.528142,10.0,0.115647644,0.013104153
2439,1290905,8.746923,10.5,0.3501917,0.045599137
2439,1290922,9.762706,8.875,0.11573626,0.024631256
2439,1298134,7.675927,9.125,0.039575472,0.008357028
2439,1298136,10.958037,10.6875,0.3020332,0.03733349
2439,1298141,9.445091,9.9375,0.12669408,0.031010497
2439,1298218,10.363428,10.0,0.14234422,0.022046585
2439,1298349,8.749588,8.6875,0.16438134,0.021180235
2439,1298350,9.296339,9.625,0.11193682,0.015933799
2439,1298359,9.985608,9.3125,0.0724475,0.014187441
2439,1298538,10.087069,9.75,0.26278695,0.029776659
2439,1299052,9.529287,10.4375,0.08473367,0.010843613
2439,1299064,9.390385,9.0,0.038825426,0.01313637
2439,1327771,8.513591,8.375,0.15518679,0.022504704
2439,1327775,8.911192,8.625,0.11519553,0.02047174
2439,1330947,7.766717,7.375,0.4010331,0.061453428
2439,1330950,8.960985,8.875,0.14255112,0.017322412
2439,1331037,8.24457,7.25,0.31673917,0.06688481
2439,1331048,8.678851,8.5,0.37382373,0.04284386
2439,1480372,10.324247,9.9375,0.31559455,0.05202483
2439,1503366,9.516795,9.1875,0.11809666,0.01477517
2439,1659818,8.597636,8.0625,0.07280923,0.015023254
2498,687590,8.565265,7.875,0.094570026,0.012788919
2498,687807,9.139595,9.25,0.09118528,0.01881492
2498,713899,7.152454,7.40625,0.1117654,0.01583753
2498,722046,6.647966,7.5,0.07866433,0.014968146
2498,724859,6.992724,8.75,0.081659004,0.015428609
2498,749709,7.791898,7.78125,0.04392911,0.009349094
2498,749710,7.836442,8.1875,0.08087627,0.014862651
2498,753555,6.921999,7.1875,0.047089126,0.007809041
2498,753569,7.926306,7.78125,0.046513747,0.013377769
2498,753574,8.652239,9.1875,0.08648119,0.014516374
2498,753575,9.403414,9.125,0.09416163,0.012584296
2498,753586,8.556477,7.65625,0.06382181,0.016316608
2498,753622,6.507918,7.8125,0.021439327,0.008254189
2498,753624,8.372721,8.0625,0.046245974,0.007715596
2498,905934,7.937562,8.4375,0.11006769,0.022711063
2498,905935,8.474167,8.125,0.042460926,0.014366421
2498,905936,7.290531,7.40625,0.09036658,0.012863354
2498,905939,8.045328,8.25,0.06201213,0.009656704
2498,905942,7.713834,7.28125,0.10593371,0.014383393
2498,905945,7.087104,7.375,0.0824749,0.009968084
2498,905948,7.29002,8.625,0.12990712,0.018325983
2498,905964,6.159367,7.0,0.0707073,0.009600446
2498,905970,9.597533,9.1875,0.1549077,0.028862063
2498,905974,7.341157,8.1875,0.037479255,0.0074481484
2498,905983,6.523881,8.625,0.05718053,0.0108802365
2498,905991,6.675605,7.46875,0.04152857,0.010524232
2498,906746,8.448752,8.3125,0.025405165,0.011247824
2498,906797,7.565619,7.25,0.1011829,0.018852174
2498,906800,6.801809,6.84375,0.0995697,0.012344111
2498,906804,7.697722,7.125,0.0550598,0.0083063645
2498,906814,7.821153,7.53125,0.15282978,0.01797223
2498,906820,6.857572,7.90625,0.09581258,0.012804939
2498,906821,8.546029,8.4375,0.09148133,0.015842058
2498,906831,7.061831,6.3125,0.1494998,0.021995481
2498,906832,7.219656,7.125,0.111435786,0.01538275
2498,906837,6.971026,7.28125,0.040448286,0.009104028
2498,906843,8.349914,7.8125,0.042172454,0.016318433
2498,906844,6.708046,6.40625,0.11736956,0.01670713
2498,906846,7.345072,7.5,0.10527869,0.020467535
2498,906863,7.26778,7.78125,0.037171252,0.009587442
2498,906865,6.812377,7.46875,0.08985107,0.0135550015
2498,906868,7.121215,8.0,0.069053076,0.01124967
2498,906872,7.545322,8.3125,0.11557141,0.018718822
2498,906875,8.046492,8.375,0.08710399,0.014620914
2498,906999,8.371821,7.8125,0.05790242,0.014803264
2498,907056,7.531794,7.40625,0.11965847,0.014790653
2498,907064,7.44392,7.8125,0.10462811,0.012714114
2498,907271,8.51767,8.3125,0.05769911,0.012474736
2498,907277,6.750102,6.28125,0.09924633,0.01580123
2498,907295,7.142846,8.0,0.03190118,0.005258816
2498,907318,7.542587,6.8125,0.06248912,0.009678451
2498,907323,6.779608,6.8125,0.12847795,0.0225363
2498,907789,7.325814,6.4375,0.058006916,0.010446096
2498,907790,8.584118,8.3125,0.11311934,0.015002706
2498,908120,9.282546,10.125,0.11436049,0.015110387
2498,908130,8.134155,7.40625,0.078838125,0.012769221
2498,908134,8.053069,8.3125,0.16186413,0.02171676
2498,908159,6.176031,6.5625,0.09910804,0.015187098
2498,908444,6.742065,7.625,0.12278509,0.01747801
2498,908446,7.097825,6.96875,0.06747819,0.008030764
2498,908449,9.869654,10.1875,0.09246888,0.014169727
2498,908455,8.092878,8.1875,0.06581091,0.0130784195
2498,908462,9.026515,8.875,0.12596284,0.021405648
2498,908470,9.932566,9.625,0.09063286,0.013962345
2498,908475,7.871086,7.84375,0.2522286,0.046671085
2498,909248,7.944988,8.0625,0.051584307,0.010892894
2498,909257,7.522654,7.375,0.054902636,0.012458947
2498,909263,8.790565,8.1875,0.10136601,0.016230443
2498,909698,7.76157,7.65625,0.023562763,0.00898095
2498,909703,6.58165,6.78125,0.099198945,0.012488916
2498,909717,8.518112,7.5625,0.15052585,0.023568727
2498,909725,8.359471,8.3125,0.103265546,0.015193165
2498,909751,8.10518,7.375,0.25738505,0.02973949
2498,909761,7.745224,8.0625,0.09470245,0.012910841
2498,909974,9.741061,8.8125,0.1662993,0.026182458
2498,910549,8.71381,8.0625,0.08069547,0.016524175
2498,910689,9.463328,10.4375,0.04952329,0.017428687
2498,910698,7.850539,7.84375,0.050720748,0.011323599
2498,910703,7.234193,6.53125,0.15006508,0.017949343
2498,910916,6.991014,8.375,0.0376207,0.010147323
2498,910919,6.941179,6.9375,0.09335737,0.016482534
2498,910921,8.378719,7.90625,0.07429454,0.01544766
2498,910927,7.185137,7.46875,0.10025389,0.017361226
2498,910943,9.00018,7.9375,0.1535179,0.034553535
2498,910952,8.553686,8.125,0.100534946,0.01719141
2498,917486,7.930183,7.28125,0.11383615,0.01487616
2498,924110,7.602688,7.28125,0.047388088,0.008591215
2498,924151,8.435227,7.375,0.16211435,0.019865213
2498,925340,8.297769,8.0,0.04436658,0.010151225
2498,925341,7.709739,7.6875,0.037763678,0.008785054
2498,925347,9.143301,9.125,0.041320223,0.0076456824
2498,946355,7.834299,7.65625,0.06592966,0.012817575
2498,946361,7.241836,7.84375,0.032099403,0.008134679
2498,946382,7.358204,7.375,0.019119116,0.0072144684
2498,949179,7.040179,8.1875,0.15482749,0.025077036
2498,998189,8.246201,8.125,0.08007884,0.011958486
2498,1240121,7.690044,7.0,0.109775364,0.014397713
2498,1240123,6.446104,6.78125,0.08776148,0.011510457
2498,1240128,8.267526,7.65625,0.09592988,0.017750373
2498,1240157,7.744323,7.78125,0.13053355,0.021142205
2498,1240179,7.477766,7.84375,0.03956284,0.010204295
2498,1240197,8.72841,8.375,0.1004027,0.010693832
2498,1240210,7.379537,6.75,0.08696941,0.011365203
2498,1240212,6.994378,7.78125,0.030222878,0.008454688
2498,1240217,7.792284,6.90625,0.06900331,0.010409893
2498,1240221,6.144266,7.78125,0.09716074,0.019895803
2498,1290769,9.22549,8.8125,0.08316417,0.016526984
2498,1290797,8.063215,7.75,0.09279223,0.011573629
2498,1295741,5.80997,7.15625,0.111371666,0.013355261
2498,1297439,7.707126,7.34375,0.0773289,0.010217424
2498,1298146,8.426277,8.4375,0.0805391,0.010449981
2498,1298151,5.369216,8.25,0.09450994,0.011682113
2498,1298157,7.064278,7.96875,0.08319389,0.020189084
2498,1298169,7.558625,7.46875,0.085254475,0.016818037
2498,1298219,7.529721,7.96875,0.0658992,0.010206613
2498,1298347,7.038095,6.5625,0.034124907,0.008072846
2498,1298348,9.108858,8.25,0.16716218,0.025348706
2498,1298357,9.618729,9.3125,0.085036024,0.018984614
2498,1298365,8.633866,8.25,0.08368724,0.02236993
2498,1298539,8.802554,8.9375,0.029126665,0.011101631
2498,1299050,8.669965,7.96875,0.04131194,0.009003087
2498,1299064,7.002432,7.9375,0.046469465,0.009662145
2498,1327766,5.821758,6.4375,0.1521727,0.021095553
2498,1330972,7.020215,7.40625,0.059423912,0.01617414
2498,1331037,5.886188,6.65625,0.06328222,0.012958429
2498,1503361,8.048644,7.9375,0.10773046,0.014397713
2498,1503365,9.660147,9.75,0.057797763,0.0097016925
2498,1660034,8.328083,7.53125,0.054098938,0.009941774
2499,687448,10.733013,9.9375,0.82981795,0.12518698
2499,687505,8.58403,9.5625,0.117740855,0.022725767
2499,687563,10.17881,9.75,0.42690837,0.07739628
2499,687777,9.869163,11.1875,0.12027223,0.01805186
2499,687798,9.313351,9.5625,0.2681285,0.042450234
2499,687812,10.094384,9.75,0.2753443,0.045937955
2499,687821,10.380508,11.375,0.25737685,0.06354298
2499,687829,10.366923,10.6875,0.28724894,0.035611566
2499,687980,8.85754,10.0,0.26551417,0.0316783
2499,687997,9.93116,10.0,0.2463396,0.03606737
2499,688058,9.763083,10.9375,0.063288584,0.014361953
2499,688121,9.260123,10.4375,0.2891691,0.04008723
2499,724831,11.008674,11.0625,0.03512852,0.015793622
2499,724859,10.546868,10.75,0.10571368,0.022498228
2499,724873,10.710303,9.5,0.28162938,0.03282082
2499,753573,10.75262,9.9375,0.24627517,0.055886738
2499,753576,11.588236,11.125,0.12537026,0.015783824
2499,753586,9.717345,10.5,0.17021963,0.034593515
2499,753608,10.31856,11.25,0.064373255,0.012606255
2499,753620,9.589892,9.9375,0.09708887,0.016004816
2499,753624,11.108927,10.3125,0.20186721,0.027190587
2499,905937,9.773736,10.3125,0.0524618,0.013412321
2499,905947,9.426252,10.25,0.04974132,0.013059723
2499,905949,9.563393,9.8125,0.06240961,0.012045998
2499,905950,11.443991,10.375,0.37570488,0.049457457
2499,905974,9.712909,9.4375,0.0697193,0.023821589
2499,905976,8.407782,9.4375,0.29221472,0.047329318
2499,906746,10.673583,10.5,0.04625711,0.016938882
2499,906794,8.960504,9.625,0.0813783,0.024070466
2499,906800,9.601365,8.75,0.25075355,0.04946582
2499,906801,10.395131,10.0,0.3632938,0.05398086
2499,906817,11.473796,11.0625,0.16083382,0.028582256
2499,906831,9.936158,9.125,0.2660672,0.04697499
2499,906832,9.522427,10.6875,0.1904866,0.026295032
2499,906836,9.650851,8.8125,0.09714944,0.01916454
2499,906865,10.465619,10.0625,0.08046143,0.017534912
2499,906875,9.97178,9.4375,0.18223093,0.041016217
2499,906999,10.785846,11.0,0.10565242,0.018066496
2499,907042,8.684942,8.6875,0.48815757,0.08347462
2499,907062,9.812289,9.9375,0.13457723,0.024563525
2499,907066,9.061386,10.25,0.15222885,0.027413921
2499,907069,11.088009,10.875,0.17996168,0.035763286
2499,907173,10.317791,10.4375,0.12240925,0.020547109
2499,907287,10.371076,10.75,0.17050615,0.02060772
2499,907295,9.091903,10.25,0.06969118,0.010460067
2499,907314,11.148681,11.0625,0.19607565,0.023057789
2499,907795,8.989408,10.125,0.20000754,0.025770606
2499,908122,9.461281,10.1875,0.6577729,0.08083317
2499,908126,10.14694,9.375,0.24229126,0.03655225
2499,908130,10.144787,10.1875,0.37674817,0.043531276
2499,908134,9.685247,9.8125,0.17798217,0.03973519
2499,908148,9.397064,10.625,0.21731706,0.030521281
2499,908158,10.020172,9.125,0.21234342,0.034593586
2499,908447,9.486675,10.0,0.22549307,0.045483526
2499,908454,9.140128,9.8125,0.8825775,0.15381837
2499,908475,10.895247,10.6875,0.60610807,0.09143794
2499,908483,9.553525,10.3125,0.07294217,0.015646169
2499,909249,9.873345,9.8125,0.1921635,0.024041733
2499,909263,10.125023,10.0625,0.277856,0.044744704
2499,909706,10.288844,9.9375,0.14288236,0.017876128
2499,909723,10.496166,9.9375,0.3531077,0.05273096
2499,909728,9.252059,10.375,0.21420057,0.02799183
2499,909738,10.101801,10.75,0.18005791,0.024855442
2499,909749,11.084183,10.5,0.51201403,0.067907006
2499,909757,8.703099,10.75,0.5073324,0.07033099
2499,909777,8.316409,9.25,0.17256933,0.024677256
2499,910554,9.622196,10.4375,0.11814579,0.015729059
2499,910692,9.49959,9.5,0.09755429,0.012938356
2499,910710,9.804355,9.3125,0.4908677,0.09020688
2499,910904,10.953333,10.125,0.0875348,0.021611199
2499,910921,10.28249,10.0625,0.17255257,0.03260199
2499,910927,9.917521,10.0,0.16446361,0.026793323
2499,910933,10.569799,10.25,0.24302238,0.04466028
2499,910935,7.80585,8.75,0.17673664,0.030033955
2499,910937,10.283877,9.5625,0.24345446,0.051012076
2499,917486,9.833016,9.8125,0.08442826,0.012544971
2499,924100,9.417272,11.4375,0.42341158,0.048722
2499,924151,10.047651,10.1875,0.33671573,0.06361889
2499,924244,9.730803,11.0625,0.0757961,0.017060053
2499,946382,10.720166,9.6875,0.044863943,0.010097897
2499,949090,10.701106,10.1875,0.28015706,0.041018695
2499,1240123,9.296432,10.0,0.14131488,0.016012533
2499,1240143,9.380596,10.9375,0.071490094,0.01379867
2499,1240151,9.838466,10.8125,0.53984946,0.067128964
2499,1240166,10.302647,9.625,0.19711061,0.047427084
2499,1240179,9.97244,9.9375,0.053182818,0.018171426
2499,1240184,11.0797,10.6875,0.1508742,0.022307023
2499,1240186,9.51269,10.25,0.14784954,0.017869398
2499,1240190,10.258007,11.0,0.045707043,0.01351945
2499,1240217,9.984897,10.375,0.117636584,0.016745139
2499,1290806,10.540411,10.3125,0.22142242,0.0245136
2499,1290807,9.386277,10.75,0.067607865,0.017133286
2499,1290922,10.939549,10.0625,0.11297141,0.027415344
2499,1298218,9.081158,11.125,0.09129456,0.019429516
2499,1298357,9.74425,11.8125,0.17716493,0.038002055
2499,1298365,9.599571,11.25,0.12879568,0.02784605
2499,1299050,11.154677,11.1875,0.06893864,0.018935386
2499,1330947,9.387243,8.5,0.27358338,0.06639186
2499,1330950,9.945247,9.6875,0.13225819,0.020595618
2499,1330983,9.294361,9.625,0.15182869,0.019238044
2499,1480362,9.482878,10.1875,0.34856984,0.06679893
2499,1660034,8.576377,11.0625,0.08009158,0.013526541
2499,1660035,10.519636,11.0625,0.066372365,0.01348877
