drug_id,cosmic_id,y_true,y_pred,epistemic,aleatoric
1830,910554,1.879714,2.296875,1.2026137,0.5338074
1131,909755,7.174363,5.3125,1.1560416,0.5184206
2043,905939,6.070767,5.53125,0.5819322,0.32226247
1812,1660034,2.014477,3.6875,2.3617582,0.54261595
1268,905936,4.957935,5.0,0.72081167,0.35094234
1557,909747,6.779077,4.84375,0.7253509,0.30282527
2110,907289,5.415824,5.125,0.89994717,0.38937372
1038,907792,4.817202,2.84375,0.69460315,0.3399277
1061,910905,5.458135,4.8125,0.8914005,0.3740488
1190,910554,-0.531914,-0.23925781,5.5218916,0.9501965
1629,1659823,5.088315,4.84375,0.6546829,0.28911173
1131,909761,6.236397,4.4375,1.3311168,0.53360415
1847,910905,3.31545,5.03125,1.653643,0.5965705
1720,907790,4.272566,3.953125,1.4056872,0.4641398
1802,908457,4.939268,4.125,0.8686115,0.42290178
1372,905937,0.352145,0.22949219,2.359495,0.672346
1799,908442,-0.298896,4.75,1.5145156,0.52258927
1919,1659928,-0.211949,1.7890625,1.5194368,0.49205574
1013,1674021,2.894902,4.0625,0.9028909,0.3987218
1194,907794,2.956651,4.53125,1.00519,0.42829725
2055,909748,5.956562,1.921875,2.076351,0.65955555
1511,910554,1.17464,-0.66796875,2.7982206,0.7122491
2096,909748,0.930157,2.84375,1.5747901,0.49072868
1849,909757,2.192355,-0.609375,1.8105989,0.62168896
1016,905939,2.188918,0.31445312,2.2956042,0.6481226
1852,909698,5.508574,4.78125,0.5765663,0.27358323
1838,909761,3.837806,3.9375,1.0351764,0.47628117
1008,909748,-0.197477,-0.009033203,3.434672,0.7485161
1016,908458,2.236466,-0.671875,2.211153,0.62140954
1248,909718,-3.666076,-3.84375,4.0513544,1.1652056
1086,1659928,-2.2759,-1.8203125,3.021657,0.73015255
1621,917486,5.563286,4.3125,1.0150021,0.4216002
1830,909263,3.332525,2.546875,1.3181609,0.5791357
1909,1674021,2.403792,2.421875,1.7478579,0.53948337
1006,1240123,3.188992,2.53125,3.4682972,0.7156389
1802,905937,4.07985,4.375,0.8064885,0.41769338
1626,909263,1.675726,2.375,2.322918,0.6293962
1029,909698,5.318743,5.5625,0.41778538,0.24169613
1373,909761,5.44565,4.59375,0.7695964,0.3577448
1997,1674021,4.284745,4.625,1.0166835,0.41802627
2148,907795,0.590772,0.70703125,1.4607657,0.6686518
1622,905989,4.742714,4.71875,0.7411691,0.3760329
1576,907792,4.845823,2.078125,1.3704695,0.5043617
1010,909263,3.94759,3.546875,1.264035,0.4628767
1239,907794,4.084046,2.59375,1.6636099,0.6153084
1581,905937,1.235059,2.4375,1.1860465,0.43649018
2157,910689,7.831222,5.1875,0.5277309,0.27615145
1022,909718,-1.114878,0.66015625,2.8309326,0.6371813
1924,907289,4.83011,3.6875,1.8658471,0.5078506
1627,1659823,3.421964,3.796875,1.1845648,0.42312226
2111,1290769,2.526469,4.5,0.9487573,0.39609477
2039,905937,3.372281,3.859375,0.7575617,0.39641747
1564,908458,0.728559,2.09375,1.7144111,0.5023641
1023,907790,4.497109,4.1875,0.8533882,0.40285942
1621,905989,4.318668,4.5625,0.94828206,0.39994988
1622,998189,6.157671,4.84375,0.7101654,0.38328126
1069,907795,3.172181,3.796875,0.99789065,0.40002394
2174,905939,4.28134,2.75,1.4274106,0.48295653
2046,909751,3.146938,4.21875,1.5693835,0.49851665
2046,1674021,2.445427,4.4375,1.149569,0.41886786
1862,905962,-2.089528,-2.3125,0.44786754,0.3806177
2148,1290769,0.840337,0.75390625,1.2826072,0.6117412
1016,998189,1.344078,0.35742188,2.421319,0.6650641
2048,905936,-4.821582,-2.640625,2.784743,0.7648858
1511,905937,-0.888845,-0.421875,2.194293,0.6613892
1557,910905,5.194737,5.1875,0.89406985,0.33737117
1069,909263,5.181659,4.0625,0.9641508,0.40047815
1908,907790,0.871887,3.21875,1.3452932,0.4596578
1549,917486,5.780972,3.78125,1.154581,0.43567333
1629,905937,4.157812,5.09375,0.54292357,0.2684487
1038,909757,2.646274,3.796875,0.8162808,0.37556803
1852,998189,5.911693,5.375,0.6778417,0.31671616
1808,908458,3.705067,-1.2734375,2.483171,0.69785583
1580,905962,5.533363,4.40625,0.57279813,0.29513672
2156,909718,3.327139,3.96875,2.6421533,0.6095574
1022,910700,2.994302,0.6796875,2.6777189,0.6203345
1038,909263,3.789438,3.9375,0.8737282,0.3958575
1930,905989,0.420079,0.40625,1.5241323,0.55534726
2156,1660035,4.786457,3.515625,2.3557162,0.5841182
1259,1290769,3.201413,3.5625,1.9890128,0.5538676
1928,909698,3.136321,4.375,0.6428069,0.31783602
1930,1660034,0.190807,0.82421875,1.4987481,0.56838685
1927,1659928,4.873284,5.1875,0.71324927,0.35085478
2043,909747,7.54974,5.09375,0.573563,0.3209131
1625,907792,6.175271,3.875,0.83224887,0.36564964
1630,907287,2.030967,3.71875,1.0013357,0.36485615
1629,908442,5.603655,4.75,0.8601121,0.3213216
1819,909718,-4.634488,-3.40625,3.3223324,1.0109258
1909,910905,3.589192,1.984375,2.066993,0.5835783
2096,909761,1.841032,2.796875,1.5023781,0.4795353
2043,907289,3.24711,5.625,0.7432056,0.36937577
1862,910700,-1.57498,-1.390625,0.71206135,0.51066965
1924,907790,2.074433,4.03125,1.3713566,0.44195938
1021,908442,1.033067,3.15625,1.2408587,0.42397475
1080,1290769,0.090462,-3.390625,3.0819983,0.9202263
1011,1659928,1.764681,2.0,1.7878798,0.5313194
1200,909698,2.464854,3.921875,0.80702,0.35638472
1199,905939,2.991978,4.625,0.9300147,0.3962661
1179,907291,-0.342701,0.26367188,2.0755591,0.602533
2359,905989,5.733286,5.75,0.53754026,0.28566578
2046,907287,4.852661,3.828125,1.5982473,0.4886322
1804,1674021,7.646314,5.5625,1.3823023,0.6392671
1191,1240173,-5.457649,-5.125,0.7153234,0.5066089
1511,907790,-1.030776,-0.33789062,2.4697669,0.690904
2109,909718,2.728077,3.046875,1.6354903,0.48375323
1559,908442,-0.421375,-2.484375,2.6681755,0.7429896
2109,907291,1.583191,2.78125,1.6427523,0.47912073
1922,917486,1.754444,2.34375,1.6900147,0.54203284
1046,907291,1.391661,2.5625,2.1417377,0.6046812
1372,909718,-5.732942,0.059570312,3.213553,0.7602223
1806,905937,3.237039,5.90625,1.3474427,0.6295819
1911,909761,-2.297464,-4.375,2.548217,0.8454945
1372,907287,-3.112631,-0.31054688,3.1728783,0.7634311
1190,905937,-2.274382,0.16308594,4.5371213,0.85724133
1580,910905,6.368185,5.375,0.7307331,0.3396793
1054,1660034,3.217094,3.765625,1.1876249,0.3998648
2439,1290769,9.543824,8.5,3.4044104,1.1078383
2044,910689,4.665751,3.90625,0.8420244,0.34445822
1058,907289,2.197352,1.375,1.9838252,0.58678544
1873,907291,0.371266,0.68359375,2.1336694,0.6340805
1057,909748,-1.126842,-1.78125,1.8796118,0.63595635
1853,908457,4.7053,4.3125,0.9275762,0.43118125
1005,910689,8.29956,2.8125,1.7728537,0.46339673
1928,909747,7.163808,4.5,0.7107451,0.3460412
1632,1674021,3.934779,4.09375,0.9427008,0.35572177
1940,1660035,3.894174,3.78125,0.9998862,0.40285942
1018,907291,3.631402,5.6875,0.46483094,0.23950616
1059,907289,-0.889246,0.15332031,2.357018,0.61884177
1053,907287,0.977023,2.78125,1.5577327,0.5020245
1085,905939,2.655651,2.625,1.4844161,0.57438785
1373,909747,1.971686,4.4375,0.7257354,0.34614047
1048,1659929,6.004557,5.34375,0.85770315,0.44651306
1013,908442,2.776149,3.703125,1.1923445,0.44100463
1917,910689,7.224879,1.7734375,1.6194885,0.47454947
1033,910554,4.874491,5.4375,0.5970952,0.33580232
1008,909263,0.271678,0.39257812,3.4451036,0.76913244
1051,1659929,4.867622,1.71875,2.1532829,0.6193034
2173,905989,3.367647,4.125,0.86963916,0.38403767
1168,998189,2.381066,2.96875,1.1090095,0.44682577
1629,909757,5.442422,4.71875,0.7244842,0.2978837
1852,905989,2.805435,5.21875,0.723891,0.3164196
1239,907289,1.600884,2.21875,2.0079272,0.66622716
1911,907291,-5.939024,-4.34375,2.8402216,0.9153436
1615,909748,5.964443,5.1875,0.5753963,0.30421245
2157,908457,6.284063,5.59375,0.49836543,0.27036005
1017,1660036,4.354059,4.625,0.8915215,0.3760104
1911,908457,-4.560884,-4.09375,2.346789,0.81778663
2171,907792,2.709241,0.9921875,1.8180821,0.5180686
1093,909747,5.667896,4.03125,0.8808491,0.36402124
1799,907795,4.811698,4.71875,1.342251,0.48907527
1073,907287,3.564906,4.5,1.464533,0.5231259
1024,908458,-1.335105,-1.390625,2.1449065,0.6465034
1932,910554,2.522076,3.125,1.404178,0.43966228
1847,908458,2.419058,4.53125,1.3222102,0.51680684
1803,905937,4.350768,5.6875,1.1945266,0.5998318
1043,910700,6.748843,5.59375,0.7927895,0.38203317
1919,909761,1.518272,1.5859375,1.5431767,0.49255753
1933,1674021,3.564581,4.9375,0.9243581,0.42095035
1052,917486,3.974565,3.875,1.0989554,0.4564718
1849,907792,1.306949,-1.875,1.2964972,0.5524191
2439,1659928,9.201492,8.5625,3.382754,1.1223927
2096,1674021,3.493539,3.28125,1.3160602,0.4563529
1583,907790,1.867154,4.09375,0.5914662,0.33954713
1936,909747,5.621413,2.46875,1.396927,0.4567871
1621,1660034,3.385508,4.75,0.8751906,0.39449173
1006,905939,1.845687,2.4375,3.0150166,0.6623378
1088,1240123,2.78825,2.6875,2.2191188,0.5878727
1853,907794,3.431816,4.59375,1.0771883,0.47326407
2045,910554,5.443895,5.1875,0.69321495,0.31731266
1913,905939,5.279013,5.28125,0.5821678,0.29842287
1909,1660035,2.837136,1.8125,1.886743,0.56868947
1615,1659929,5.522782,5.3125,0.61434054,0.31817684
1012,908442,0.902932,1.8203125,1.3172618,0.4775864
2177,905989,1.937378,2.1875,1.3273293,0.43614143
1190,908442,-2.084116,-0.34960938,6.0539217,1.0287805
1835,907795,1.965191,3.59375,2.6766083,0.75918907
1259,905989,2.48555,3.5,2.1178539,0.5610463
1042,909746,6.266056,5.46875,0.6724269,0.3062215
1786,905936,2.934234,3.15625,1.047912,0.39344543
1084,909746,-0.280278,-1.59375,2.9583213,0.8390937
1779,1660034,1.275867,1.234375,1.8460064,0.59206355
1803,905989,5.044124,5.28125,1.6610779,0.65917075
1507,1660035,5.619663,5.25,0.51182634,0.2623654
1054,909746,5.763962,3.578125,1.3275701,0.42170435
1073,909747,6.338619,4.25,1.1989688,0.47820324
1375,907792,7.769461,6.0625,0.68160224,0.34939358
1047,917486,4.97572,4.25,1.4330599,0.5018497
1927,907792,6.167504,4.375,0.5826971,0.30807236
1779,1674021,1.983445,1.328125,1.7796371,0.5876132
1053,910554,3.008349,3.109375,1.3541151,0.4765525
1050,998189,3.423974,2.765625,1.3085276,0.48397645
1073,1240173,3.926274,4.53125,1.0845337,0.45048144
1831,1240173,2.804703,4.0625,0.6618538,0.31244168
1909,998189,1.358134,2.25,1.8907858,0.5645528
2171,907790,0.669821,2.703125,1.6959202,0.4855027
1549,907792,3.960693,3.03125,0.94855696,0.39200225
1019,1290769,4.877551,2.46875,1.4433328,0.50295883
1003,1659928,-2.834124,-2.59375,2.4213629,0.74736327
1629,910700,4.730725,4.84375,0.7232491,0.3065984
1625,905939,4.937919,4.875,0.9114334,0.38245496
1582,907790,4.447995,5.0,0.71984076,0.35592547
1559,905989,-1.140689,-2.59375,2.2488816,0.6651851
1621,907289,4.528567,4.6875,1.0625327,0.4302756
1613,998189,5.210768,3.8125,1.1693733,0.4303541
2037,1240123,5.226606,3.875,1.3040867,0.43693596
1812,1240123,2.295426,3.5,2.4524205,0.5729005
1853,907287,3.637547,3.984375,1.3058448,0.5027532
1940,909747,3.811413,3.59375,0.94028455,0.38270727
1621,907790,3.956126,4.9375,0.81732357,0.3858344
1620,909761,4.764059,5.6875,0.58387625,0.29623023
1803,907795,5.765172,5.15625,1.718409,0.6750656
1033,905937,5.284707,5.6875,0.48805788,0.30412024
2158,910905,5.977269,4.34375,1.09513,0.40102547
1050,909718,0.416422,2.84375,1.4501059,0.505319
1561,1290769,3.461757,1.5,1.7184128,0.52040935
1022,1659823,-0.484696,0.49023438,2.4582608,0.5965586
1068,907291,0.251189,0.21875,2.0173943,0.6377548
1810,907291,0.349402,0.2890625,4.030062,0.82524407
1179,909757,-0.135597,0.33203125,1.9393523,0.58179134
1843,907291,-0.118001,-0.29492188,3.1221757,0.7843341
1564,1659928,0.175782,2.796875,1.7496942,0.51753306
1632,905939,3.075901,3.84375,0.9895115,0.3534499
2159,909263,3.363516,4.28125,1.0808649,0.39187834
2107,910554,5.312581,5.5,0.5373999,0.2900385
1614,1659823,5.103714,4.15625,0.96306056,0.38217437
1621,1674021,4.003355,4.8125,0.8288342,0.38528132
1005,909761,3.898533,2.765625,1.9322548,0.49182922
1564,1659929,2.455428,2.78125,1.9469893,0.54717046
1463,909718,4.561339,3.921875,1.0515358,0.3987856
2038,917486,4.390467,4.0,1.1075395,0.4137558
1802,1659823,4.32824,4.0625,0.9047025,0.4337247
2359,917486,5.387562,5.4375,0.55418706,0.29603347
1239,909746,3.372285,2.109375,1.858621,0.6444896
1831,1290769,5.64178,4.28125,0.77880114,0.34746397
1626,1659928,1.567349,2.296875,2.1690462,0.59849703
1375,1240123,6.301921,6.9375,0.8718507,0.40736532
1632,1660036,3.920957,3.84375,1.0489686,0.38031396
1017,909698,4.706656,4.125,0.70899063,0.32122034
1053,917486,3.11774,2.703125,1.4691579,0.48984638
1819,907287,-3.902134,-3.71875,3.1156757,0.99447435
1626,1660035,2.306065,1.9921875,2.0515532,0.5873122
1815,907795,6.556679,6.0,0.7644133,0.31913337
1812,909718,3.2e-05,3.6875,2.6721096,0.5965586
1034,910700,-0.466138,-2.8125,1.833027,0.6678991
1042,1659929,5.45913,5.3125,0.7085123,0.3226547
1046,905962,2.4009,1.421875,1.9229832,0.5661265
2011,908457,5.362436,4.65625,0.73427975,0.32592675
1626,908458,3.21577,1.6484375,2.1424658,0.58050257
1030,910905,4.613037,5.75,0.48191723,0.2738285
1019,907792,3.430705,1.4609375,1.2691419,0.4741274
1936,908442,3.45817,2.71875,1.6850365,0.49840826
2047,907792,1.522457,1.8984375,1.3675628,0.45375523
1199,910700,3.651457,4.65625,1.0360191,0.4325255
2156,905937,2.097305,4.25,1.8213474,0.5002698
2045,905989,5.346518,5.125,0.7276276,0.31003183
1827,905962,-0.707517,-1.0234375,2.0051684,0.63085455
1080,905936,-4.165379,-3.15625,2.736997,0.8863515
1047,909263,7.307407,4.625,1.4354982,0.5153058
1845,1660034,3.601348,2.390625,2.4526758,0.6188445
1088,1659823,5.018711,2.578125,2.007087,0.55380815
1179,908458,0.481835,-0.265625,1.8633417,0.55898875
1933,910689,6.844983,4.40625,0.92854786,0.41005212
1133,909747,5.73123,3.9375,0.7113457,0.34278664
1170,1659929,4.589738,3.421875,1.3998932,0.48066866
1939,905939,3.307152,3.109375,1.0732046,0.45495087
1804,1660036,0.793332,5.3125,1.4479718,0.6526725
1177,1674021,4.605555,4.9375,0.8377546,0.3444567
1626,909761,2.979522,2.015625,2.2183502,0.6010635
1613,908458,5.415963,3.109375,1.1989619,0.42404193
1736,909747,2.955398,3.375,1.3284084,0.47923833
2048,1659929,-4.34053,-2.921875,3.4533203,0.84890646
2043,907291,4.783463,5.34375,0.70294654,0.3584829
1910,1674021,3.488883,2.5625,1.4818791,0.4707208
1079,905962,3.437531,0.06689453,2.395087,0.6460198
1845,905936,0.149506,2.4375,2.0166435,0.5909256
1024,909263,0.783758,-0.46679688,2.5214539,0.7218339
1620,907794,5.989617,6.3125,0.605338,0.3151338
1803,909718,2.051531,5.40625,1.7814773,0.7069493
1239,907287,3.64726,1.921875,1.9922537,0.6610267
1803,908458,6.840065,4.78125,1.3886178,0.5977419
1847,909761,4.699777,4.8125,1.4701214,0.5631601
2498,909718,8.078234,8.1875,1.2756805,0.51138145
1084,1240123,-0.861679,-1.765625,3.1035297,0.80403566
1058,1659929,1.99221,1.28125,1.9669411,0.58179134
1079,1240123,0.940785,1.59375,2.364926,0.6407783
1913,909748,5.352132,5.0625,0.68447906,0.32984
1830,909748,2.035734,2.140625,1.2957114,0.5634789
1047,905989,6.247731,4.5,1.3701628,0.4822002
1259,998189,1.86108,3.734375,1.9569898,0.5449503
1908,909761,2.884545,2.609375,1.6309987,0.49160472
1808,909746,2.621814,-0.6484375,2.6308472,0.7427725
1635,907792,6.685372,5.03125,0.50912803,0.30064884
1814,910689,8.039799,6.40625,0.7946808,0.31856328
1053,909746,4.773443,3.03125,1.3779377,0.4708117
1034,1674021,-2.476399,-2.796875,1.6159642,0.63803506
1507,905962,6.208841,4.34375,0.44844714,0.2432797
1008,907795,-0.861642,0.037109375,3.5007353,0.7629132
2498,905939,8.045328,8.125,0.9920055,0.4226795
1032,907795,-0.259303,1.5078125,2.100512,0.60132796
1830,917486,2.800207,2.109375,1.3284416,0.560287
1916,1660036,2.254488,3.125,1.3772452,0.4775692
1046,1660036,3.31675,2.84375,1.9445213,0.5916827
1018,905936,5.099651,6.0625,0.3583914,0.2162967
1803,917486,4.205413,5.03125,1.6573596,0.6711525
1847,910554,2.952688,5.28125,1.5184897,0.5875725
1814,907289,6.377381,6.75,1.163096,0.39936173
1010,907794,4.475801,3.78125,1.1032202,0.43339276
1924,905936,3.908014,3.953125,1.3313235,0.4353351
1916,909748,4.568276,2.859375,1.5256144,0.4940563
1629,909746,5.681214,4.875,0.73760474,0.30174187
1007,907289,-3.826023,-3.390625,3.2321699,1.0217794
1026,1240123,-2.079742,-0.34570312,3.1322782,0.876238
2157,905939,4.376099,5.5625,0.5599163,0.2811621
1549,909761,3.038806,3.8125,1.0701885,0.41619614
1806,907790,3.730639,5.9375,1.5842288,0.6854369
1049,905937,2.357051,4.09375,0.78813165,0.37397194
1022,907287,0.696707,0.23339844,2.9423091,0.66224974
1803,909748,4.381903,5.15625,1.6312863,0.660594
1019,1240123,1.146112,2.65625,1.529157,0.5148562
1561,909747,2.61584,1.171875,1.7555358,0.51441467
1046,909698,1.122182,2.0625,1.5204446,0.5044812
1068,909748,1.587887,0.114746094,1.9905881,0.63231283
1168,907287,1.570223,2.703125,1.3038965,0.47510007
1778,910554,3.077787,3.0625,1.5601043,0.4724667
1091,1290769,2.156799,2.28125,1.4065881,0.49015436
1032,998189,1.940703,1.8125,1.8892124,0.56943375
2055,907291,0.599753,1.9765625,2.1455202,0.671784
1873,910905,1.932605,0.7109375,2.0816288,0.6244733
1736,907291,2.280864,3.640625,1.5717254,0.52149606
1061,905989,3.204461,4.875,0.83398134,0.35899413
1179,910554,0.884171,0.46875,1.9133483,0.57944417
1008,1660035,-0.010685,-0.10449219,2.9427543,0.7360454
1615,1659928,5.228019,5.28125,0.54179233,0.2984936
1812,905962,3.879975,1.7109375,2.0337868,0.5131529
2011,907794,5.858959,5.0,0.8679064,0.3641902
1005,998189,3.009499,3.15625,1.8486519,0.48754284
2158,909748,5.38205,4.28125,1.074267,0.39733207
1816,1660034,4.997743,4.59375,1.0528964,0.39334217
1581,909748,4.03619,1.9375,1.6588811,0.5000088
2158,909698,3.184493,3.9375,0.82774186,0.34207404
1932,1660034,2.384821,3.328125,1.3542693,0.42403534
1449,1674021,6.117322,6.03125,0.5778268,0.32832497
1582,909755,4.867295,5.125,0.7069258,0.3623746
2159,1240123,3.536135,4.25,1.0305933,0.3755167
1068,917486,1.0631,0.17089844,2.0611804,0.6484767
1093,907790,4.639186,4.78125,0.8083461,0.35514793
1819,907790,-4.164737,-3.140625,2.7494988,0.92122316
1030,907794,6.169606,6.125,0.44112557,0.27452487
1779,907287,1.037805,0.8359375,2.1538048,0.6340805
1806,1290769,7.127579,5.40625,1.7807045,0.70664257
1922,905936,1.986426,2.96875,1.3164365,0.48206562
2046,917486,4.026253,3.703125,1.4673284,0.47288904
2498,905989,7.48155,8.1875,1.1321349,0.45154688
1779,909746,1.56653,1.015625,1.9580537,0.61015946
1510,909718,0.946234,4.59375,0.93203443,0.387138
1512,907792,7.294774,4.90625,0.42781085,0.25037155
1023,909746,4.372936,3.8125,1.0255927,0.42168945
1613,909746,5.377634,3.703125,1.2584891,0.4385463
2011,909263,4.935132,4.625,0.9767166,0.38759354
1996,909718,4.823062,4.875,1.0963548,0.4462298
1026,909751,-3.166059,-0.17871094,3.5925798,0.9517199
1913,1660034,4.281723,5.4375,0.61580443,0.3140429
1199,917486,3.447254,4.28125,1.122711,0.44328272
1940,909757,5.407134,3.9375,1.0128369,0.3958834
1557,1659928,5.132908,5.25,0.79919505,0.32037297
1630,905989,0.921902,3.875,0.88121676,0.33756813
1168,909761,2.745641,2.6875,1.1648865,0.45074737
1803,907289,0.997875,5.375,1.8304818,0.70473963
1011,907287,1.927774,1.8359375,1.9980317,0.56671864
2171,909748,1.802501,2.046875,2.0953617,0.5428483
1862,905936,-2.033158,-1.375,0.62218475,0.48773864
1908,909755,2.272495,3.375,1.3751898,0.46757334
1067,908458,6.10911,5.375,0.43880057,0.29473162
1626,1290769,1.852371,2.3125,2.1255033,0.597339
1054,905937,2.537316,3.96875,0.89336336,0.3474289
1026,1674021,-0.202902,-0.14355469,2.8067539,0.8341068
1632,909748,1.967942,3.578125,1.176656,0.40007058
2158,905962,5.782067,3.296875,1.008329,0.3823998
1179,905989,-0.799109,0.30664062,1.8727007,0.56982905
1026,910689,1.256697,-0.828125,2.7441742,0.80410975
1583,1659928,2.843519,3.609375,0.6590947,0.35026366
1375,907790,7.711827,7.125,0.7795686,0.39348248
1830,1674021,3.454248,2.546875,1.122175,0.5189672
1583,909761,3.329118,3.328125,0.65231174,0.34665897
1922,1659929,3.200265,2.609375,1.7257346,0.5481818
1849,910700,0.393972,-0.26757812,1.8852714,0.63475734
1919,1659929,0.619565,1.8203125,1.6888674,0.51879877
1808,907291,0.118712,-0.859375,2.8607244,0.75445557
1634,909751,5.816555,4.6875,0.94222593,0.4225361
1825,1660035,0.507752,-1.15625,2.3978271,0.8033951
1083,905989,-0.721186,2.9375,1.4290309,0.46277866
1776,909757,4.785321,4.21875,0.94477034,0.3692785
1620,908458,6.10911,5.4375,0.524564,0.2730836
2177,909757,2.067386,2.203125,1.3551366,0.44097862
1180,1674021,-2.869949,-3.296875,2.2495325,0.71114016
1021,905937,2.805066,3.671875,0.8170256,0.3608032
1085,998189,3.498643,2.71875,1.5116888,0.59385693
1578,907795,5.066468,5.25,0.6092472,0.33221895
1581,910554,2.61448,2.125,1.5011294,0.48378238
1023,910689,5.716467,3.5,0.8795107,0.3944118
1089,909698,2.52599,4.75,1.5341051,0.6437399
1200,907792,3.4392,3.34375,0.8752423,0.37292838
2359,909761,5.42698,5.46875,0.5016201,0.2792203
2111,909746,5.410158,4.53125,1.0420471,0.41561577
1806,909746,6.185792,5.375,2.0562282,0.77980614
2046,1240123,1.404255,4.1875,1.3772683,0.45475626
1079,907790,-0.166235,1.9140625,2.0358672,0.5965586
1919,907287,0.491055,1.6171875,1.6958538,0.51847345
1463,1660035,4.896301,3.640625,0.9514885,0.38530794
1080,907291,-4.706228,-3.75,3.0741684,0.97183067
1047,909698,2.672117,4.0625,1.0824133,0.42095035
2148,910689,1.169464,0.71484375,1.2547027,0.5892708
1843,907792,2.245038,-1.609375,2.200564,0.6857293
2158,917486,3.149618,4.15625,1.0800196,0.4055005
1401,910905,1.40718,2.296875,1.5079981,0.48835143
1021,907291,2.401303,3.125,1.1672885,0.4148893
1030,909748,5.300446,5.65625,0.46154454,0.269076
1084,1660034,-2.572913,-1.671875,3.1184604,0.7665901
1911,910700,-3.981296,-3.921875,3.0051801,0.89307475
1594,1659823,5.046111,2.671875,1.4997693,0.46512341
1047,909757,6.355111,4.5,1.3512354,0.48026955
2055,909263,3.565137,2.265625,2.1339247,0.681115
1598,907795,4.446855,4.125,0.97091126,0.407413
1560,1660035,4.533982,3.75,1.3986735,0.4573582
1248,909746,-3.88066,-3.78125,3.593824,1.1638271
1825,907790,-1.060461,-0.51171875,2.3638186,0.7581397
1378,907794,7.790767,3.90625,2.2653797,0.5544896
1053,908442,-0.044721,2.859375,1.5839202,0.50313425
1799,1240123,1.722492,5.0,1.209877,0.47052103
1576,905936,1.398999,3.609375,1.2815259,0.49588042
1022,1660036,2.07772,0.578125,2.6830926,0.6267869
1023,910700,3.868908,3.90625,0.9670396,0.42487013
1021,910689,7.405367,3.0625,0.9755008,0.38128996
1089,998189,1.70706,5.59375,1.7007072,0.71364933
1177,905962,3.972153,3.515625,0.9657419,0.36259413
1621,998189,6.02964,4.6875,0.8816777,0.39336255
1060,909747,-1.303304,0.6015625,2.2597604,0.62638474
2172,909718,4.694175,2.578125,2.1286597,0.5715696
1779,909755,1.538993,1.5390625,1.7710425,0.59339005
1083,909751,0.592513,3.203125,1.5823224,0.507493
1549,905939,4.741553,4.125,0.9827317,0.3919581
2498,908457,7.079379,8.125,0.8524796,0.40243047
2039,1240173,2.900246,3.296875,0.83712316,0.4013264
1250,909263,3.033074,2.203125,2.0020285,0.5524124
1912,1674021,1.890632,3.28125,1.3980637,0.44839633
1825,1659928,-1.572798,-0.8984375,2.5931306,0.7853115
1131,1660035,6.318064,4.59375,1.4961916,0.55894893
1080,910689,1.946783,-3.859375,2.647527,0.8741793
2055,909757,3.222509,2.078125,2.011061,0.6481226
1073,909751,3.771439,4.8125,1.5290412,0.55161893
1808,1290769,1.093398,-0.54296875,2.64177,0.7256153
1553,1240173,3.084715,2.890625,1.3120468,0.4353351
1853,905962,3.34772,3.046875,1.0754844,0.45359904
1918,907792,2.946898,2.5,1.2345061,0.44981632
1059,907794,-0.965938,0.50390625,2.053893,0.57193434
2106,1660034,0.93923,3.28125,1.4691129,0.46666557
2154,909757,3.372994,3.578125,0.6752507,0.35517094
1004,1674021,-4.595016,-2.96875,2.9121935,0.7890608
1580,905937,4.454595,5.6875,0.5039683,0.2964591
1023,1674021,2.116324,4.0625,0.8706028,0.4046973
1997,909761,2.82096,4.03125,1.1743151,0.44311982
1149,905937,-0.497405,2.265625,1.0145799,0.45265722
1038,1240173,2.328983,3.65625,0.66381115,0.33852497
1449,910689,6.963769,5.5625,0.5532524,0.30796075
1375,1240173,6.528183,6.625,0.6347247,0.33385488
1373,1659928,5.207172,4.8125,0.76486665,0.36107102
1581,909761,4.163325,1.90625,1.5656208,0.48787135
1060,910905,-1.525934,0.859375,2.5172808,0.65505725
1194,909263,1.919885,4.21875,1.1557777,0.4563385
1022,908442,-0.190428,0.390625,2.9642804,0.67544836
1529,1660035,3.048499,0.18457031,2.5250108,0.61014307
2057,910689,6.768412,5.1875,0.6307813,0.335217
1510,905989,4.620308,4.4375,0.86370593,0.36242756
1594,907790,3.766785,3.015625,1.4510291,0.45651442
1510,909746,4.689217,4.53125,0.9174485,0.37722418
1779,910700,2.143582,1.25,1.9837635,0.61817104
1029,1674021,6.139099,6.0625,0.4799343,0.2870653
1594,1660035,5.223429,2.296875,1.68811,0.49465728
1583,905937,2.329234,4.03125,0.5085257,0.3140537
1928,909757,6.09866,4.84375,0.77575195,0.36246392
1013,907289,2.216352,3.90625,1.1390796,0.44076148
1782,909761,4.895576,5.46875,0.5016201,0.2792203
1494,908457,-0.692939,-3.53125,2.60093,0.8463756
1581,909755,3.975096,2.59375,1.3860142,0.4735713
2156,910905,2.706737,3.609375,2.6258466,0.5910209
1558,1660035,3.839179,3.21875,1.2207046,0.440383
1033,910905,4.857542,5.28125,0.70481604,0.35392356
2038,909263,5.649154,4.46875,1.1043375,0.42303908
1062,1240123,2.570202,3.859375,1.3908086,0.494335
2498,1660034,8.328083,8.1875,1.0502102,0.44747972
1131,909698,2.975754,4.28125,1.1934487,0.48329043
1006,1660034,2.259474,2.71875,3.416572,0.69961846
1034,1659823,-2.040916,-3.0,1.5978197,0.62139183
1835,909263,5.772772,4.125,2.6127975,0.78382
1802,909746,4.247568,4.09375,1.0974433,0.48463732
1029,917486,5.67798,5.65625,0.5540475,0.30056724
1625,910905,6.509413,4.71875,1.0794636,0.41769338
1564,907790,0.301665,3.28125,1.4842741,0.48066866
1827,1290769,1.338124,0.28125,2.2424593,0.66328543
2040,1660036,3.247533,1.734375,1.9108382,0.5705401
1168,907794,4.49629,3.234375,1.0915616,0.44653976
1049,909751,3.867833,3.9375,1.2762504,0.46734986
2055,905989,1.351999,2.046875,1.9447907,0.63593537
2177,905939,3.015973,2.296875,1.2006648,0.41226143
1635,910554,4.799496,5.9375,0.6105764,0.3628744
2171,1659823,1.933161,2.296875,1.7451164,0.50191104
1939,905936,3.190865,3.40625,1.0033174,0.45690814
2172,1660036,3.769975,2.578125,1.9784887,0.5585907
1549,907287,1.924381,3.875,1.2412553,0.4477969
2171,1290769,0.878708,2.21875,1.8617101,0.52080333
2037,1290769,4.011217,3.703125,1.2708782,0.4385213
1008,909755,1.977993,0.90625,3.0239854,0.70642155
1815,909718,5.471775,6.25,0.80235314,0.33497277
1997,1660036,2.683622,4.375,1.1525218,0.45048144
1180,910689,0.44383,-3.8125,2.0779727,0.6827921
1806,1240123,2.661406,5.5,1.8483653,0.7372121
1614,905962,5.64283,2.984375,1.061971,0.39673224
2158,907794,5.042026,4.875,0.9441783,0.38821456
1598,909718,3.798611,4.375,0.9541111,0.40653324
1038,1660034,3.395706,4.0625,0.7467192,0.367319
1625,907287,5.530983,4.65625,1.1331809,0.43191203
1941,909263,-4.870313,-4.1875,1.8620166,0.7933789
2498,909757,8.53288,8.125,1.0321865,0.43092543
1133,905962,4.627208,3.21875,0.73632854,0.34404364
1034,917486,-1.168589,-3.109375,1.8684007,0.67404664
1932,905937,2.105687,3.546875,1.0496831,0.37868506
2498,909751,8.10518,8.1875,1.3949928,0.5397859
2106,1290769,2.75179,3.03125,1.5073239,0.47880334
1624,908458,3.887491,2.8125,1.6881617,0.47443107
2359,1240123,5.084562,5.8125,0.5284382,0.28815427
1624,905962,3.562006,2.203125,1.7042509,0.48116466
1021,1290769,1.370003,3.28125,1.0431427,0.40363914
1133,907792,6.212533,3.4375,0.62000996,0.32277197
1849,908457,0.433526,-0.51171875,1.5248383,0.57828134
1054,910554,3.570804,3.59375,1.2270374,0.4131347
1936,917486,2.976126,2.59375,1.54301,0.48545295
1036,910554,5.231716,4.65625,0.9731516,0.4104389
1933,907794,2.42738,5.0625,1.0028149,0.44058806
1912,909718,3.322243,3.125,1.6889572,0.48575917
1250,1240173,2.264624,1.9296875,1.6102246,0.4876453
1050,905989,2.331376,2.59375,1.338312,0.48041847
1816,907289,4.764874,4.5625,1.2416918,0.43698752
1062,1660034,2.338072,3.921875,1.2612865,0.4735583
1809,1659928,0.667109,0.42773438,2.8564992,0.67291605
1559,907287,-2.26798,-2.59375,2.573617,0.7166585
1853,1240173,3.951368,3.9375,0.9295345,0.42330766
1053,909698,2.845475,2.40625,1.0815436,0.41223046
1811,910689,-0.527215,-4.40625,2.4892972,0.83404225
1052,909718,3.259324,4.3125,1.1144712,0.4582333
1581,909747,4.128619,1.78125,1.5137049,0.47623318
2043,910689,7.083195,5.28125,0.54656655,0.31216308
1558,909755,4.531367,3.9375,1.0367762,0.41561198
1180,909757,-0.67657,-3.546875,2.2456903,0.6964559
1853,1660035,5.008657,3.96875,1.2033416,0.48238298
1511,910700,0.820973,-0.46289062,2.860023,0.72162396
1594,910700,1.838099,2.796875,1.6425571,0.49043638
1003,1240173,-3.738061,-2.9375,2.0249927,0.69530344
1034,907790,-3.870364,-2.703125,1.5792917,0.6363049
1093,908458,4.997667,3.859375,0.88076156,0.35666686
1046,1240123,1.405158,2.828125,1.9987743,0.58843946
1803,908457,2.923571,5.4375,1.301958,0.6052116
1194,907287,0.240238,3.9375,1.2095851,0.45414665
2096,905937,2.24557,3.40625,1.1279953,0.42564133
2111,908442,2.895713,4.375,1.1826334,0.43741283
1909,909748,3.181488,1.8828125,2.0711381,0.58745444
1917,1674021,0.949903,2.3125,1.599074,0.47521034
1997,910554,4.419198,4.4375,1.1370432,0.4512165
1093,907795,4.405086,4.25,1.0429513,0.39553002
1615,905936,4.756818,5.53125,0.46189016,0.28055006
1048,905939,5.213245,5.40625,0.7230206,0.4003944
1578,909755,5.094266,5.71875,0.49329498,0.31936228
1268,905989,5.047758,4.65625,0.8890098,0.37495103
1038,909698,2.755124,3.328125,0.63646966,0.31470257
1378,1660034,2.889794,3.6875,2.3617582,0.54261595
1924,905989,1.447255,3.5,1.6715907,0.4741274
1378,909755,3.370944,4.0625,2.069575,0.5409551
1594,909746,4.03839,2.578125,1.7441523,0.49470866
1626,907792,5.120319,0.98828125,1.8881134,0.5558608
2096,907790,-1.583661,3.375,1.2835274,0.45395055
1615,1290769,5.005117,5.28125,0.51817805,0.29292235
1463,907790,3.63824,4.125,0.8464888,0.3625223
2040,909751,-1.196559,1.796875,2.2028844,0.6190857
1025,908442,3.255327,5.28125,0.8163336,0.3775261
1632,907790,1.724431,4.21875,0.92732465,0.3534499
1563,917486,5.997055,5.59375,0.65639126,0.2913542
1003,909751,-3.645354,-2.328125,2.8867838,0.8188029
1048,1659928,3.202622,5.375,0.7570778,0.4171024
1175,905989,3.663903,4.25,1.134604,0.39733207
1006,1660035,4.240237,2.21875,3.2306988,0.72126573
1997,909698,5.136012,3.765625,0.93536437,0.38852116
1931,998189,5.528986,6.1875,1.0399026,0.51950425
2172,907289,1.453826,2.5,2.1860468,0.589636
1940,907289,5.415824,4.09375,1.1450579,0.427772
1593,1659929,1.400722,2.390625,1.5212799,0.5197887
1847,908457,6.49911,5.21875,1.2276398,0.52041876
1580,910554,3.840676,5.5,0.6459379,0.32771727
1835,907794,3.212622,4.46875,2.3858385,0.7090197
1133,1290769,5.193479,4.375,0.72364634,0.354141
1806,907291,3.103848,5.15625,2.0229318,0.78276396
1916,1290769,4.909091,3.078125,1.3556405,0.47473785
1013,907794,3.76658,4.1875,0.9399468,0.41085956
1073,905939,3.039161,4.75,1.1846775,0.4701193
1811,908457,-1.669479,-4.09375,2.346789,0.81778663
1808,910905,1.263164,-0.74609375,2.8451028,0.7436661
1926,909761,1.090716,0.05029297,2.081209,0.62140954
1811,909746,-0.709536,-4.09375,2.7651048,0.9494291
1401,907289,1.493269,2.46875,1.5488932,0.50402945
1048,909761,4.75333,5.09375,0.7519718,0.41004577
1009,1659929,5.600959,5.71875,0.92366445,0.4337988
1849,905936,-2.024573,-0.234375,1.5846319,0.5949605
2043,909718,4.77503,5.625,0.71691525,0.37130195
1050,1660034,2.687557,2.828125,1.2925872,0.47333223
1449,909748,5.947942,5.6875,0.69044197,0.35029644
2096,1660034,1.76909,3.171875,1.386144,0.46899423
1036,909748,5.621476,4.46875,1.0798736,0.41785198
1511,1660036,-0.380979,-0.46875,2.9240358,0.718796
2037,910689,7.719989,3.484375,1.1707375,0.40998584
1086,910554,-1.631574,-1.7265625,3.0258865,0.7249728
1618,907792,4.945611,3.171875,0.95073193,0.38500157
1051,909746,2.270697,1.6875,1.9955333,0.59864527
1507,909263,5.387199,5.40625,0.5396183,0.27519014
2057,908458,4.924343,4.90625,0.66383886,0.3385391
1494,1660034,-2.381254,-3.15625,3.1852727,0.89517033
1083,908457,2.794225,3.171875,1.1426288,0.41633904
1853,1660036,2.566694,4.25,1.0973471,0.4747814
1179,909263,1.254913,0.5390625,2.0701318,0.61519855
1912,908458,2.226881,2.375,1.5394067,0.45108354
1268,908457,3.184142,4.8125,0.7048927,0.33967707
1563,907792,7.164253,4.96875,0.491969,0.2432542
1940,909746,4.420374,4.03125,1.044026,0.40602157
1059,908457,-0.914726,0.07763672,1.8313444,0.53662837
1011,907795,2.150364,1.8359375,1.9598396,0.55846286
2038,998189,5.388323,4.46875,0.9764095,0.39340052
1563,909755,6.383807,6.1875,0.5263762,0.27686536
1030,910554,4.724672,5.84375,0.41420782,0.26375982
1817,908458,-4.337051,-5.90625,1.2340128,0.6524235
1378,909757,3.945378,3.265625,2.3920667,0.563508
1810,1240123,2.941752,0.70703125,3.736061,0.78893214
2498,907794,8.61428,8.25,1.1149329,0.48239008
2038,909747,4.215869,3.90625,0.96118045,0.38530794
1025,1660034,5.527728,5.53125,0.61961514,0.3413691
1250,908457,2.41519,2.21875,1.5995827,0.48442245
1564,998189,1.090196,2.984375,1.6927073,0.5126246
1042,909718,5.463762,5.46875,0.70830923,0.32256225
1811,909747,0.931071,-4.65625,2.3500512,0.8270514
1131,905989,6.530915,4.75,1.4372061,0.54231995
1441,907795,1.282775,1.34375,2.065931,0.54975325
2439,905989,9.289812,8.5625,3.6434977,1.1299578
1909,908458,3.698369,1.4140625,1.8898768,0.55638003
1053,907794,3.883515,3.484375,1.2660348,0.46130446
1088,908458,3.168873,1.71875,2.0299916,0.5575781
1927,907287,5.607835,5.0625,0.81786925,0.37054965
2037,905937,3.307205,4.15625,0.96167,0.3835577
2156,907287,4.081454,3.46875,2.7688336,0.61317027
1060,905962,-2.612885,-0.10107422,2.1864967,0.60885966
1915,1240173,2.628286,2.5625,1.1789954,0.45391586
1449,909263,5.454342,5.84375,0.74136406,0.37807474
1549,1290769,7.278064,4.03125,1.0165693,0.41586164
1003,905936,-2.985802,-2.359375,2.2485335,0.7281671
1932,908457,1.913031,3.21875,1.1591884,0.3902904
1051,917486,3.12892,1.4921875,2.115789,0.6142117
1088,907794,4.078155,3.109375,2.0381994,0.5649701
2040,998189,1.921821,1.75,1.8368231,0.5589121
1149,909698,-0.572317,1.234375,0.92499036,0.4148069
1463,905936,2.781558,4.09375,0.82316446,0.3561527
1510,1659928,2.348905,4.4375,0.8356296,0.36713496
1059,907792,-1.044148,-1.3359375,1.7449592,0.54116416
1086,909746,0.04299,-1.7265625,3.0950737,0.7674477
1933,909761,4.615699,4.4375,1.0514961,0.44122797
1806,917486,6.385003,5.09375,1.8646189,0.72881585
2158,909757,6.009336,4.40625,1.0253911,0.39082795
1997,910905,2.23091,4.21875,1.2709982,0.45625466
1033,1660034,5.870578,5.53125,0.59036016,0.33031124
1052,907790,3.613968,4.5625,0.8782911,0.41675296
2148,907291,0.051721,0.890625,1.5297712,0.6860176
1037,905962,2.91659,1.3828125,1.4585056,0.439613
1581,1659928,2.208492,2.09375,1.5648953,0.4876453
1239,998189,3.560498,2.296875,1.7046509,0.6180381
1635,909698,3.995882,5.46875,0.5247229,0.29208013
1085,1240173,2.130245,2.40625,1.3359265,0.5520873
1079,909757,3.568533,1.3984375,2.346266,0.6357224
1853,909748,4.346404,4.0,1.2011518,0.4839504
1614,905937,1.490106,4.53125,0.7864691,0.35268778
1021,909748,3.493671,3.09375,1.1579083,0.40952232
1073,909761,6.17556,4.4375,1.2886087,0.49362797
2170,907795,4.442433,3.09375,1.3701006,0.45905402
1635,917486,5.424088,5.625,0.642609,0.361399
1025,909748,5.748163,5.21875,0.6919139,0.3546794
1375,909746,7.047632,6.9375,1.121408,0.4564267
1057,1674021,-1.33373,-1.3671875,1.7767472,0.6283897
1043,907289,4.115071,5.625,0.9670178,0.4205366
2154,908458,1.864029,2.90625,0.592944,0.32499775
1806,905936,2.597184,5.8125,1.4854573,0.66614527
1029,998189,6.188121,5.96875,0.5001262,0.28821927
1133,1660035,4.145132,4.21875,0.7087537,0.35044348
2106,910689,5.339717,2.875,1.4205297,0.45123306
1814,907794,6.62311,7.0,0.992876,0.3822595
1014,909263,0.247693,2.078125,2.5031655,0.654289
1618,910689,6.73212,3.9375,0.9565782,0.389339
1033,908457,6.555141,5.46875,0.53257334,0.30929187
1810,905936,0.610014,0.9296875,2.9882832,0.72208816
1022,907291,-1.079388,0.19238281,2.8773057,0.65294135
1852,908458,5.357618,4.65625,0.6511925,0.30115405
1510,909698,4.431695,4.0,0.6846683,0.31663546
2157,1659928,5.005671,5.4375,0.60851806,0.30243558
1835,907289,3.553007,4.0,2.833261,0.7962431
1372,909747,-2.338853,-0.55078125,2.87104,0.7244037
1050,905962,3.837815,1.453125,1.2957493,0.47213146
1190,907790,-2.81442,0.19921875,5.040734,0.90775365
1559,909746,-0.757871,-2.4375,2.2402487,0.68491125
1593,909718,2.859531,2.625,1.440697,0.5070232
1814,1240123,5.28083,6.75,0.9868049,0.36498302
1812,907790,2.404295,3.84375,2.0169196,0.5295479
2107,905937,5.492845,5.71875,0.42480218,0.25802296
1806,910905,5.791361,5.25,1.9618853,0.7591423
1561,907795,0.328001,1.34375,1.9541047,0.5441469
1561,909748,2.442991,1.359375,1.9148309,0.53813285
1815,1660034,5.725333,6.3125,0.66070545,0.29781264
1237,1659929,5.081937,5.375,0.81181216,0.31891507
1034,908458,-4.314164,-3.53125,1.4232868,0.57929504
2096,909263,0.96282,3.109375,1.5790944,0.50160134
1026,910700,1.609432,-0.11816406,3.1429296,0.8593465
1019,910700,4.00363,2.71875,1.4949303,0.5107856
1177,910554,4.035471,4.75,0.9385406,0.37056628
1909,1660034,2.223008,2.359375,1.861015,0.55566376
1080,909698,-4.254078,-4.1875,1.841198,0.8214548
1816,907795,6.005409,4.1875,1.2151103,0.43188658
1799,1659823,4.239112,5.0625,1.0532361,0.4352622
1013,907790,3.740719,4.15625,0.8872698,0.3958575
1614,909751,5.948846,4.25,1.2968411,0.45414665
1843,907289,0.960951,-0.01586914,3.1627128,0.79451764
1014,1240173,-2.028896,1.65625,1.9534144,0.56707454
1804,908457,1.930049,5.4375,1.301958,0.6052116
2154,909263,2.957813,3.8125,0.7257273,0.38369256
1625,1660034,5.336181,5.0,0.9233832,0.3954535
1843,1240123,1.612437,-0.021850586,2.939221,0.761468
1559,910700,-1.835969,-2.234375,2.628597,0.71545774
1583,1660034,2.908151,3.875,0.645966,0.34328663
1023,909755,3.385905,4.3125,0.8554086,0.41220838
2177,905962,3.13857,0.953125,1.2022898,0.40282875
1558,908457,2.372792,3.5625,0.99418867,0.39253795
1069,1240173,4.109885,3.78125,0.76523566,0.35027945
1036,909747,3.714972,4.25,0.9585189,0.39411095
1931,1240123,4.815098,6.1875,1.1222236,0.53249997
1079,905989,4.605338,1.390625,2.3350651,0.6241722
1020,909746,5.926145,6.125,0.84422,0.4417641
1594,907792,6.584606,1.3125,1.5016114,0.45908773
1817,1660034,-2.663723,-5.5,1.8926082,0.8023108
2159,909748,3.959653,3.9375,1.0944734,0.38517702
1827,907790,1.518111,0.78125,2.1219137,0.6580691
2011,907291,4.227148,4.375,0.9931675,0.37854594
1862,910905,-1.057338,-1.640625,0.65970075,0.4947319
2439,905962,9.325135,8.375,2.3294122,0.8197879
1019,907790,2.410226,2.921875,1.3189124,0.48297226
1004,1660035,-1.743355,-3.71875,2.6033316,0.8269516
1511,905989,-2.504244,-0.9453125,2.6634707,0.70558715
1557,905937,4.183281,5.625,0.5873573,0.2758522
2111,910700,5.838187,4.5625,0.9514885,0.40541577
1812,907287,3.510005,3.109375,2.7226841,0.60784954
1736,905936,1.9801,4.09375,1.1441787,0.4563505
1061,910554,4.248917,5.0,0.78850144,0.37031952
2174,905962,4.762408,1.15625,1.4397796,0.47771665
2173,907289,3.082945,4.25,0.97125924,0.41383982
1083,907792,2.811753,1.796875,1.3060557,0.4484485
1249,1660034,3.975493,3.859375,1.421683,0.45597163
1809,908458,1.759928,-0.38671875,2.628556,0.637885
1177,998189,3.92996,4.78125,0.9148923,0.36122915
2439,907291,8.902847,8.5625,3.739884,1.1543301
1088,907795,1.80155,2.328125,2.3827991,0.6091836
1026,1240173,-1.729089,-0.90234375,2.5399117,0.7765274
1811,1240173,-3.88775,-4.28125,2.2646272,0.7969882
1941,905939,-3.741811,-4.125,1.6404343,0.7133919
1024,1659929,0.975719,-0.6640625,2.5613897,0.7198379
2157,998189,4.827353,5.5625,0.5884465,0.3000911
1179,907790,-0.661619,0.796875,1.6904603,0.55009717
1073,1659928,2.904674,4.6875,1.2879809,0.50342774
1378,909263,6.623541,3.734375,2.5741103,0.60132796
1372,909263,-3.077977,0.011657715,3.2652667,0.7757237
1786,1659929,4.276806,2.859375,1.3503853,0.44156823
1779,905936,0.482578,1.3515625,1.6979493,0.57449186
1067,909747,7.991494,5.4375,0.4568976,0.30844465
2048,909748,-1.476307,-3.28125,3.0624952,0.8040668
1051,909748,1.470976,1.5234375,2.075829,0.5998102
2039,1674021,2.523934,3.734375,0.87193274,0.4180145
1091,1659928,1.503317,2.328125,1.4646186,0.49072236
1243,908442,2.709984,2.859375,1.5502874,0.61832505
1086,1660036,-0.800377,-1.5625,3.1376686,0.73915213
1024,907795,0.026582,-0.8828125,2.4408967,0.7052964
1930,909748,2.109516,0.34375,1.591222,0.5712065
1239,907792,6.331196,0.92578125,1.5361722,0.59441465
1079,909698,1.729745,0.71875,1.9230933,0.5688218
2107,907291,5.225151,5.28125,0.59554416,0.29905263
1814,909698,5.493062,6.21875,0.7557033,0.30447683
1091,907287,0.405536,2.125,1.64916,0.51636857
2159,910905,3.836646,4.0625,1.1061144,0.38355276
2159,917486,2.343569,3.828125,1.0937877,0.38684452
1079,917486,3.853177,1.2265625,2.4936085,0.65763646
1630,905936,3.302098,4.1875,0.74365985,0.321754
2037,905989,3.895155,3.703125,1.2919768,0.42659408
2044,907287,3.953163,4.0,1.0720997,0.38677207
1009,1660036,5.65201,5.8125,0.78932047,0.40253118
1825,907792,2.33411,-2.375,1.8978251,0.71255094
1021,909718,1.747751,3.40625,1.1491227,0.41870522
1782,909698,5.72005,5.28125,0.4230596,0.24854563
1924,909757,2.220646,3.484375,1.6709263,0.473939
2173,908458,4.745575,3.65625,0.80369705,0.36412868
1372,917486,-2.297657,-0.29101562,3.1759987,0.7674477
1072,1674021,6.160889,5.375,0.6696609,0.36142072
1507,909746,5.762878,5.5,0.5271027,0.2619719
1191,1240123,-5.662747,-5.0,0.9018478,0.57721317
1563,1290769,7.001544,5.84375,0.56457335,0.27346307
2040,907792,1.632142,0.42578125,1.5920626,0.5308252
1618,1659929,3.9659,4.125,1.1979101,0.4430631
1580,909748,5.542466,5.3125,0.69998354,0.33385807
1050,909757,0.325797,2.5625,1.3531896,0.48575917
2047,917486,2.267368,2.59375,1.7407012,0.514873
1835,1659823,3.848137,3.859375,2.2952142,0.6601241
1512,905939,6.66273,5.84375,0.47935253,0.2682016
2439,998189,9.800466,8.5625,3.280089,1.1098001
1463,907792,5.443475,2.9375,0.85008633,0.3585346
1051,905937,0.565769,2.109375,1.5405684,0.5368425
1004,905989,-5.654984,-3.46875,2.8366635,0.79719925
1180,905939,-3.313223,-3.59375,2.0409281,0.67717683
1089,909718,1.480293,5.625,1.99422,0.77165407
1931,909263,6.909618,6.15625,1.2167228,0.574379
1067,909718,5.162315,5.90625,0.57833195,0.3571644
2109,909698,2.004644,2.328125,1.1697419,0.4096372
1849,1660036,1.471636,-0.29101562,1.9155023,0.63866645
1617,905962,2.706422,1.0234375,2.173037,0.54116416
1051,910554,3.765969,1.75,1.87404,0.58397955
1862,907289,-1.878872,-1.453125,0.7298465,0.5330164
1025,910700,6.020353,5.4375,0.65270704,0.35775435
1581,1659823,4.158884,2.078125,1.3927581,0.46664542
1018,909761,5.177252,5.625,0.41397962,0.22458129
1627,909746,2.225682,3.796875,1.3181072,0.435222
1059,907790,-2.430865,0.42382812,1.9192482,0.5545662
1085,909748,2.503341,2.390625,1.6911899,0.61315775
1194,998189,2.304748,4.25,0.998454,0.42111048
1463,907287,3.927892,3.609375,1.11506,0.41241992
1005,909757,3.464852,2.90625,1.9692988,0.49688172
1779,998189,1.545733,1.15625,1.89639,0.6023907
1806,910689,8.231745,5.1875,1.4791656,0.63998
1634,907291,3.982476,4.40625,0.8705504,0.39644644
1023,917486,3.625205,3.46875,1.0632122,0.43715727
1085,1660036,2.533919,2.6875,1.5448236,0.6038188
1908,905962,1.289009,1.8125,1.6008135,0.47797257
1594,998189,3.63238,2.75,1.6057302,0.48170722
2037,909718,3.734151,3.90625,1.3849598,0.44634342
1008,909761,0.309675,-0.06982422,3.2777555,0.73177135
1192,905962,2.816749,2.390625,1.2223032,0.44536993
1873,1659929,1.486113,0.8046875,2.1259131,0.63475734
1062,905989,0.817069,3.6875,1.4513069,0.49588042
1057,917486,1.726369,-1.71875,2.0090988,0.66337854
1054,909748,2.349851,3.3125,1.3748606,0.43255076
1054,907289,2.452701,3.625,1.4524605,0.44617757
1259,908442,2.363392,3.40625,2.533366,0.62008375
1067,905962,6.458906,4.875,0.4341885,0.289059
1059,909747,0.338951,-0.453125,2.0637164,0.56943375
1582,910689,6.80104,4.375,0.72732836,0.34868953
2047,909755,2.889839,3.375,1.3751898,0.46757334
1808,910554,0.501976,-0.49023438,2.684909,0.72747797
1845,910689,5.969697,1.84375,2.1824415,0.5860107
1618,917486,5.60917,3.875,1.1714641,0.4398339
1816,910700,5.274111,4.5625,1.0643889,0.39963177
1180,998189,-2.158199,-3.421875,2.2746513,0.70208025
1529,905937,0.381196,0.7890625,2.102622,0.5520494
1051,1659928,-1.101599,1.703125,1.9622974,0.59146255
2011,905962,6.229975,3.28125,0.85770845,0.34036717
1048,907790,3.203347,5.6875,0.70185715,0.41445866
2048,1674021,-4.6622,-2.671875,2.9497008,0.7814131
2057,907794,4.513318,5.875,0.720742,0.3752122
1852,1290769,6.319872,5.28125,0.6994705,0.323481
2043,908457,6.351512,5.5625,0.5219985,0.30943695
2156,909263,3.681082,3.890625,2.5131707,0.60213107
1061,910700,5.024772,5.0,0.801961,0.3708793
1007,907794,-1.999095,-3.03125,3.0754375,0.9583534
1059,1240123,0.532409,0.15820312,2.1780806,0.59015244
1853,905937,4.848574,4.5625,0.83709615,0.42034802
1049,910554,4.373855,3.796875,1.0106499,0.41134682
2011,1240123,4.322317,4.6875,0.94014317,0.36932904
1378,1240123,3.001734,3.5,2.4524205,0.5729005
1249,908458,2.7828,3.09375,1.4631131,0.45375523
1021,1659928,1.134426,3.25,1.0737377,0.40314192
2011,910905,4.358438,4.46875,0.99263877,0.37456548
1549,905937,3.51987,4.46875,0.78441966,0.36651382
1046,910554,2.667068,2.78125,1.9006346,0.5838509
1038,907287,5.405029,3.65625,0.9229254,0.39931557
2057,1660034,3.912272,5.6875,0.7193596,0.3668531
1011,908457,2.159783,2.15625,1.4977746,0.48270118
2171,910700,3.712188,2.46875,1.9236571,0.52121615
1847,1674021,5.60554,5.375,1.3443924,0.55841863
1996,1290769,5.049678,4.8125,0.9233796,0.4183529
1529,909755,2.403593,1.0078125,2.416844,0.58400565
1933,909263,5.531455,4.71875,1.1553473,0.47746083
1023,909718,3.88583,3.90625,1.0587983,0.4353425
1622,1659823,5.0501,4.84375,0.64690757,0.36947134
1025,1240123,3.383933,5.4375,0.6692095,0.35381153
1564,1660034,1.009997,3.09375,1.6579399,0.5044812
1779,1240123,0.743156,1.1171875,1.9896568,0.61411554
1720,998189,5.462135,3.671875,1.5703073,0.48933175
1854,1660036,4.799965,5.09375,0.6986957,0.34547028
1936,907291,2.167337,2.71875,1.5711915,0.48265022
1042,908442,5.600859,5.3125,0.7704774,0.3266193
1849,908442,0.051142,-0.609375,2.0508423,0.6673701
1814,908458,6.2668,6.125,0.7961906,0.30963844
1919,909748,0.788025,1.625,1.6214033,0.5028458
1401,910700,3.647186,2.59375,1.4029979,0.47937426
2171,907289,0.052733,2.328125,2.194336,0.56100136
1080,909748,-2.584583,-3.703125,2.9303796,0.9131511
1613,907794,3.46015,4.09375,1.1243492,0.4263994
2048,907794,-2.213834,-2.375,3.2178154,0.8119
1581,907795,1.94791,1.921875,1.6869029,0.508455
1072,910905,5.127733,5.0625,0.8132794,0.38392526
1062,909751,3.803253,3.875,1.6146361,0.5436364
1630,909757,4.715207,3.84375,0.89082265,0.34296873
1026,907291,-2.655613,-0.5703125,3.3053982,0.9332198
1011,909746,0.707328,2.171875,1.7626537,0.5338074
1012,908458,2.39468,0.8828125,1.0203509,0.41110474
1192,905939,3.171791,3.65625,1.1128956,0.41575676
2498,1674021,7.302361,8.1875,0.9899691,0.45314908
1507,1240123,5.261103,5.4375,0.49476343,0.26023757
2011,1290769,3.319195,4.5625,0.91093695,0.3633231
2043,909748,5.954726,5.375,0.66858274,0.34449014
1449,910700,6.693422,5.875,0.6370494,0.3455952
1620,1660034,5.038759,6.15625,0.5882731,0.30467612
2040,1290769,0.109665,1.578125,1.816432,0.557985
1062,905937,3.959067,4.15625,1.0301878,0.43228662
1050,907790,5.347043,3.015625,1.1848999,0.46783692
1629,905962,3.853238,3.59375,0.6573468,0.28440955
2045,909263,6.652639,5.125,0.7649216,0.3343544
1047,1660036,5.37478,4.625,1.2620674,0.4762326
1005,1660034,2.420486,3.171875,1.829412,0.47185338
1372,910689,-0.763416,-0.35546875,2.7572918,0.70804155
1827,1659928,-0.703984,0.36132812,2.3440723,0.6836658
1873,998189,1.556477,0.9453125,1.896838,0.602533
2107,908442,5.598723,5.34375,0.66033214,0.31012484
1043,909698,5.317747,5.09375,0.63892096,0.3395427
1924,1660036,1.194477,3.6875,1.6087976,0.46270457
1854,1290769,5.363804,5.125,0.66906345,0.33597034
1563,907291,5.287097,5.71875,0.68710375,0.2988076
1449,909718,4.947122,5.96875,0.7511755,0.37333682
1563,907289,5.468824,5.96875,0.7298994,0.3109998
1613,1660036,4.991978,3.703125,1.2235186,0.44139817
1237,907790,5.223183,5.71875,0.61686486,0.2852787
1582,909746,4.715788,4.71875,0.89027447,0.3812742
1083,1290769,2.393003,3.0,1.3154298,0.46065632
1378,998189,2.491605,3.53125,2.2441993,0.5493053
1052,908442,1.858276,4.0625,1.2441715,0.4766054
1259,909757,3.518315,3.5,2.1331437,0.5650968
1939,1660034,4.701179,3.328125,1.1400771,0.47115025
2498,909698,7.76157,7.875,0.87394303,0.37048027
1043,905962,6.121728,4.4375,0.6920596,0.34395602
1917,1660034,2.145435,2.265625,1.6933938,0.48703516
1782,907291,4.504161,5.59375,0.5833853,0.3052743
1627,905962,4.157856,2.5625,1.312018,0.43745285
1401,905989,5.733286,2.28125,1.387296,0.46938396
1051,1660034,0.68462,1.921875,1.875329,0.5788278
1613,909698,3.315463,3.15625,0.9632989,0.38034165
1133,908442,5.503538,4.28125,0.84772086,0.37435842
1026,905962,-2.122434,-2.421875,2.3015127,0.78637743
1083,907790,0.968015,3.453125,1.1789656,0.42957902
2499,905989,9.945787,8.5,4.862963,1.3921537
1050,909746,4.014047,2.734375,1.3453053,0.4926371
1847,917486,4.912947,4.8125,1.6080643,0.59180164
1237,905936,5.075406,5.625,0.5814496,0.27590042
1776,907287,4.2053,4.09375,1.0795468,0.39531904
1706,905939,-0.921834,1.765625,2.8424454,0.6476867
1062,910689,2.954366,3.515625,1.239636,0.46079344
1814,909761,6.398897,6.40625,0.90482414,0.34314647
1852,917486,5.665243,4.9375,0.75589097,0.33380583
1030,907792,6.866523,5.03125,0.37936273,0.238511
2439,908458,10.267994,8.5,2.6625655,0.9232629
2439,905937,9.703915,8.5,2.6169405,1.0024726
2170,907289,1.372461,3.328125,1.4002483,0.46687055
1200,907291,2.378563,4.3125,1.1573069,0.41751155
1855,909747,8.135855,4.71875,1.0595582,0.44916588
2044,908442,5.018195,4.09375,1.112473,0.38958195
1042,1660035,6.118309,5.21875,0.6261093,0.2970916
1853,907795,4.415649,4.0,1.2647177,0.494335
1581,1240173,3.835219,1.921875,1.2950344,0.44466427
1576,910905,3.966263,3.140625,1.6537027,0.54603136
2109,907792,1.937435,1.84375,1.2894499,0.43414855
1553,1660035,4.173053,2.921875,1.5090797,0.47706234
1779,909718,0.924354,1.21875,2.0942311,0.61944175
1630,1660035,4.253507,3.75,0.86343086,0.33919308
1558,1674021,4.765099,3.703125,1.0637747,0.41370186
2159,905937,3.093972,4.53125,0.7501574,0.32126683
1249,909263,3.305096,3.703125,1.6202427,0.49067926
1634,909263,4.534526,4.625,0.85870296,0.4074583
1004,909755,-1.08113,-2.640625,3.064206,0.7973803
1849,909751,0.506328,-0.31835938,2.1277468,0.6758815
1529,909263,2.058557,0.5546875,2.84043,0.63931894
1021,909263,5.070693,3.34375,1.1270026,0.42314053
1922,905939,1.555397,2.671875,1.4398177,0.48954722
1050,1659928,1.310005,2.609375,1.3486784,0.48655096
1910,907794,1.524967,2.75,1.5451711,0.48380867
1375,910905,7.853528,6.8125,0.9697087,0.42170683
2039,909757,2.292482,3.390625,1.0052317,0.43939626
1036,910700,5.284746,4.71875,1.0035963,0.41474792
1250,909746,4.204213,2.0625,1.8999709,0.5389048
1811,905937,-3.296782,-3.75,2.3709455,0.82214165
1629,910905,5.382158,4.6875,0.77986956,0.3079178
1507,907790,5.651427,5.6875,0.4334714,0.24757054
1089,1659928,2.081604,5.4375,1.734713,0.71325594
1939,917486,1.552476,2.828125,1.2781874,0.4995998
1033,998189,6.003784,5.46875,0.6002682,0.33241656
1720,909748,5.802805,3.296875,1.7653646,0.5148815
1799,905962,6.899076,3.46875,1.146883,0.44827744
1996,909263,3.524984,4.78125,1.0821513,0.45178515
2046,909747,6.739388,3.53125,1.2918999,0.43497342
1030,909747,6.559318,5.40625,0.40683192,0.25415453
1629,909755,4.502021,5.1875,0.6469388,0.29765436
2154,909748,3.25055,3.421875,0.7104747,0.3660752
1911,908458,-3.682723,-4.65625,2.2100737,0.78164613
1618,1240173,3.896032,3.953125,0.88987535,0.37723425
1029,908458,3.485483,5.40625,0.46149227,0.2635742
2177,1240123,0.765666,2.421875,1.3917692,0.45071173
1091,908458,-0.999022,1.796875,1.4134912,0.46899423
2045,910689,8.065785,4.90625,0.62169915,0.29048395
1825,1240173,-1.266464,-1.265625,2.1324384,0.7179767
1511,1240173,-2.895667,-1.125,2.3042612,0.656607
1042,909698,4.549682,4.90625,0.48143995,0.25063357
1908,998189,2.479085,2.96875,1.5220596,0.48348415
2040,907289,0.152772,1.7265625,2.0907834,0.60132796
1564,905939,-1.53061,2.859375,1.5893582,0.48361304
1249,909718,5.206389,3.765625,1.6419388,0.48794883
1827,909761,0.577885,0.06347656,2.312962,0.6777541
1855,1674021,4.065735,5.4375,0.9996148,0.44827184
1594,905937,1.974616,3.03125,1.2561972,0.42921564
1375,910700,8.315322,6.875,0.83387786,0.40599096
1008,908442,1.56181,0.17675781,3.7055037,0.78861374
1776,905962,6.325366,3.1875,0.90508384,0.35376638
2110,1674021,4.735057,5.28125,0.6643786,0.33881435
1925,907792,7.053985,4.5625,0.5299656,0.28019318
1030,909718,3.32288,5.90625,0.5133313,0.29018253
2171,905937,0.970112,2.734375,1.4877274,0.45701107
1557,907291,2.957805,5.15625,0.8931323,0.34041747
1925,905962,6.1753,4.375,0.5798624,0.28671315
1557,907289,5.011433,5.375,0.96247363,0.35421064
1200,910554,3.548626,4.4375,1.0716902,0.404395
1936,910700,3.223845,3.015625,1.4327627,0.46850514
1512,907291,4.793469,5.59375,0.5631772,0.2962221
1810,907792,3.98135,-1.3828125,3.0114067,0.73393214
1507,909698,4.601658,5.0,0.3924482,0.21957791
1057,905937,-3.204226,-1.34375,1.5325997,0.59602785
1802,907287,4.382737,3.84375,1.144061,0.48498815
1378,1240173,2.800286,2.984375,1.8499223,0.4922724
1933,905936,5.265813,4.96875,0.88087314,0.41370186
1825,909718,-0.681462,-0.6875,2.8326626,0.818497
1632,909263,3.461492,3.90625,1.1811943,0.40557602
1175,910905,4.663926,4.1875,1.2159998,0.41142684
1021,1660034,3.033552,3.515625,1.0197906,0.39860135
1557,909748,5.657531,5.0625,0.86864907,0.33275384
1549,908457,2.107642,4.1875,0.8677337,0.37543616
1022,908458,-0.835514,-0.32226562,2.5031867,0.599739
1909,917486,1.832501,1.7890625,2.0720983,0.5931937
1149,1240123,0.313676,2.015625,1.3734441,0.5079868
1008,909757,2.99905,0.14746094,3.2849283,0.7333727
2010,909698,4.288527,3.328125,0.9976325,0.37083668
1179,905937,-0.296244,0.76953125,1.4877968,0.52359897
1779,907794,1.070374,1.4375,1.8279202,0.59482837
2159,998189,3.941847,4.25,0.97055614,0.36440167
2177,907792,4.195966,1.0390625,1.0014815,0.37790227
1008,905937,-3.730822,0.66796875,2.5357964,0.65695226
1032,909748,0.613601,1.5,2.0660808,0.5887366
1013,1660034,4.260949,3.984375,0.93688744,0.40952232
1239,908442,-0.457531,2.046875,2.1003363,0.6768941
1853,909747,5.986624,3.78125,1.0649347,0.45840988
1512,910700,6.869047,5.78125,0.50934845,0.29015994
2037,905939,2.648679,3.796875,1.1732038,0.4048184
1838,909755,3.884549,4.8125,0.93433696,0.45256594
1613,905962,4.08566,2.53125,1.2274687,0.43412405
1080,909718,-5.095638,-3.28125,3.3576293,0.983867
1008,917486,-1.229464,0.05126953,3.555884,0.76274073
1038,910689,6.972302,3.625,0.71226406,0.34857067
1576,907289,2.532851,3.3125,1.744378,0.57040155
1089,905989,3.645405,5.34375,1.8902434,0.7314208
1449,907795,3.668501,5.75,0.73547685,0.35993066
1194,905937,4.029546,4.5,0.7863255,0.38087347
1068,998189,0.221857,0.43359375,1.8286101,0.6126782
1030,910689,8.247948,5.5625,0.38277638,0.2431245
1561,1660035,3.531926,1.28125,1.7026604,0.5107856
1008,909718,-2.331498,0.43945312,3.4883657,0.7541961
1038,908457,4.368727,3.96875,0.65199584,0.33594367
1613,909718,4.994357,3.8125,1.3129675,0.4486128
1089,1240123,1.116251,5.5,1.8483653,0.7372121
2106,910700,4.322527,3.25,1.5598956,0.48146802
1003,907794,-0.272077,-2.171875,2.493614,0.7623727
1091,909761,2.165585,2.125,1.4905561,0.48977548
1812,909698,3.169568,2.515625,1.6892236,0.48810068
1563,1240173,5.476886,5.5625,0.47682586,0.24442394
1030,907790,3.492446,6.09375,0.4066795,0.26062033
1259,905939,4.89046,3.640625,1.9051796,0.5305231
1931,909751,5.52689,6.1875,1.3523645,0.59113127
1011,907291,0.797523,1.9375,1.9336122,0.5561241
1043,905937,4.808191,5.8125,0.6056705,0.34238118
1799,1660034,4.312191,5.15625,1.1164304,0.44981566
1908,907792,3.476539,1.8984375,1.3675628,0.45375523
1084,905939,-0.768822,-1.890625,2.7566988,0.76064587
1634,1660034,5.246944,4.75,0.73689044,0.37002972
1911,907794,-4.739176,-3.671875,2.974681,0.90086144
1059,1659928,1.301564,0.052490234,2.13116,0.58270633
1047,909748,5.508611,4.375,1.4161714,0.49349388
1511,909698,-1.61748,-1.6875,1.9159392,0.6265011
1629,1660035,5.562114,4.59375,0.6836147,0.29426754
2438,909761,10.935215,8.5,5.7532234,1.6546783
1553,998189,3.233487,3.21875,1.4991546,0.4716554
1024,1240123,0.433822,-0.6171875,2.3649147,0.6929775
1032,908458,2.964515,1.15625,1.9146283,0.5636668
1033,1659929,5.535981,5.34375,0.71412164,0.36231035
1932,1660035,3.944467,2.875,1.3814783,0.42843783
1557,908458,6.10911,4.6875,0.7259762,0.29849714
1909,1659929,2.80088,2.0625,2.1434786,0.6023907
1084,908457,-0.175446,-1.921875,2.5419066,0.73107505
1634,907790,3.224935,4.9375,0.69035953,0.3649936
1809,998189,1.279473,0.5625,2.769635,0.6635774
1594,909263,5.493915,2.671875,1.8037387,0.5163686
1808,1674021,-0.075052,-0.32226562,2.4840593,0.71112865
1034,1240173,-5.00334,-3.171875,1.3789793,0.58756363
1013,910554,1.785049,3.875,0.975713,0.42215478
1512,905989,5.255531,5.75,0.53535885,0.28597584
2158,909755,4.323658,4.96875,0.8594171,0.3756593
2439,1674021,10.167144,8.5625,3.1844754,1.126267
1068,907794,0.34007,0.6875,1.8056062,0.6139177
1026,907795,-1.885372,-0.6796875,3.2623737,0.90017486
1996,909747,6.284138,4.28125,0.91804904,0.40541577
1911,907792,-3.275242,-5.21875,1.6989882,0.7580076
1013,1240123,3.56458,3.90625,1.0226561,0.41835162
1908,910689,2.807542,2.671875,1.4418532,0.4624408
1061,905939,2.427004,4.9375,0.7514915,0.34047604
1049,908442,5.377855,3.796875,1.2398169,0.44727802
1168,909757,4.554136,2.8125,1.164659,0.44839633
1093,1659929,3.831085,4.375,1.0472199,0.39914802
1564,1240173,-1.504716,2.546875,1.4858409,0.47885525
1873,910554,1.071656,0.84375,1.874625,0.60124224
1804,1240123,3.220605,5.375,1.567866,0.6579067
1925,908458,6.087905,4.875,0.5873349,0.28743234
2172,907291,2.020657,2.296875,2.1716447,0.58311164
2170,908458,4.547582,2.75,1.2173193,0.4241998
2044,909746,6.142662,4.25,0.96325547,0.36899474
1086,907287,-1.773715,-1.9765625,3.2615778,0.77158356
1017,909751,4.33687,4.75,1.0964996,0.42215478
1029,909746,6.273678,6.0,0.5892256,0.3004884
1776,909755,4.949246,4.78125,0.7915694,0.35863405
1561,908457,0.997477,1.65625,1.493158,0.47659236
1549,909263,2.795709,4.125,1.1643858,0.44380578
1631,909757,5.03919,3.8125,1.0879623,0.3809984
2039,1240123,2.843586,3.5625,1.0136988,0.44536993
1080,907287,-1.350624,-3.59375,3.1641302,0.9673697
1558,910689,4.919347,3.203125,1.0881284,0.408545
1873,1674021,0.568424,1.109375,1.7800708,0.5764597
1073,1660036,3.298758,4.71875,1.2698845,0.50393224
1086,907291,-3.269256,-2.0,3.3113737,0.7800725
1375,909698,6.0663,6.5,0.72149354,0.34947073
1919,907291,1.195008,1.734375,1.6513251,0.5072663
1057,998189,-2.112277,-1.484375,1.8277875,0.63379794
1996,909757,5.649228,4.71875,0.99939007,0.4215053
1049,907291,3.430858,3.75,1.1278329,0.4320395
1062,909757,1.916433,3.6875,1.4116013,0.494335
1560,910905,4.040374,3.859375,1.4903364,0.47113705
1776,908458,4.592436,3.734375,0.8784017,0.34857893
1576,908457,4.174998,3.390625,1.2671032,0.48295653
1050,907289,1.529183,2.765625,1.5050685,0.5193295
1926,1240173,-0.608347,0.057617188,1.7675117,0.5751707
1018,907287,5.34244,5.71875,0.4844474,0.24452186
1048,908457,4.862282,5.4375,0.6334087,0.38032237
1084,909761,-0.470126,-2.296875,2.9037728,0.7727067
2169,1659929,4.537327,2.640625,1.8086647,0.550344
1615,909746,5.940479,5.40625,0.6232923,0.31950355
1618,909698,2.849365,3.65625,0.8938103,0.36564296
1779,908457,2.044133,1.1484375,1.6767,0.5617805
1250,1240123,3.391522,2.1875,1.9232814,0.53311586
2172,1290769,0.398661,2.390625,1.8719594,0.54852957
1529,917486,3.926443,0.18261719,2.8469028,0.630459
1922,910689,2.912046,2.390625,1.40964,0.48880234
1809,1290769,2.960848,0.38671875,2.8104,0.66766185
1838,910689,5.217215,3.984375,0.9004709,0.42948082
1936,909718,3.32984,2.96875,1.5531639,0.47939026
1617,905939,1.303325,2.90625,2.1840045,0.52549666
1049,1660036,4.607549,3.890625,1.0444088,0.41655773
1200,909747,5.179599,4.0,0.97555935,0.3774881
1634,909748,5.905426,4.375,0.83157545,0.38457498
1816,907794,5.802711,4.875,1.033552,0.4060241
1059,907287,-1.00268,-0.13085938,2.3326006,0.6151741
1631,909747,7.206683,3.40625,1.0223776,0.36700642
1996,998189,4.520325,4.90625,0.9194922,0.41659167
1925,910554,5.362794,5.4375,0.6190153,0.31083867
1168,1660034,2.155876,3.046875,1.0845169,0.43474975
1594,1240123,3.974611,2.71875,1.6960579,0.49236414
1940,910554,4.355831,4.0625,0.9581431,0.39596388
2498,998189,8.246201,8.1875,0.99725294,0.44039267
1177,907795,3.769882,4.5,1.093411,0.38863102
2171,909761,1.492102,1.9765625,2.0165691,0.5342147
1593,910689,5.940347,2.15625,1.2138263,0.46265003
2107,1674021,6.049971,5.625,0.49549454,0.27723318
1511,905939,-0.439029,-0.82421875,2.4883332,0.68036544
1048,1660034,5.397497,5.625,0.7324867,0.4140695
1918,909757,4.358852,3.5625,1.4289755,0.4930733
1047,909747,9.340026,4.15625,1.2454355,0.46527115
1564,907289,2.165789,2.9375,1.9746826,0.5549532
1003,909698,-3.546082,-3.390625,1.6246362,0.66799605
1845,909263,1.579927,2.359375,2.6035886,0.6745153
1910,1660034,3.265606,2.53125,1.630379,0.48451346
2157,909748,5.365314,5.3125,0.65539056,0.3142017
1928,905962,5.89658,3.75,0.7238578,0.34524494
1634,910554,4.486867,4.625,0.75207007,0.37765214
1512,1659929,5.027139,5.6875,0.5700569,0.30294615
1838,998189,4.64641,4.375,1.0264082,0.46982872
1594,907287,2.643511,2.375,1.9061103,0.52117276
1085,907794,1.306186,3.0,1.461163,0.5917021
2045,907289,5.415824,5.21875,0.81415665,0.333058
1928,905936,3.850274,5.25,0.6278902,0.33713597
1060,1660036,1.978993,1.1875,2.3759844,0.6437746
1012,907289,1.385402,1.875,1.3285908,0.4913971
1072,909761,4.469132,4.90625,0.74609405,0.3708113
1926,905962,0.994733,-0.9609375,1.911305,0.59844875
2055,907287,1.381345,1.9296875,2.2061844,0.68094766
1802,1660035,4.399959,3.90625,1.0580771,0.48184562
1835,910554,2.621457,3.90625,2.3938427,0.6853017
1630,1659929,5.602423,3.875,0.9820745,0.36323342
1632,908458,2.997171,3.140625,1.0345057,0.3713601
1004,908458,-1.818685,-4.21875,2.4609528,0.73479384
1810,908457,3.362316,0.5234375,2.992999,0.71104157
1940,910905,5.418206,3.90625,1.077712,0.40666732
1855,1660036,6.329815,5.1875,1.1150697,0.46790472
2170,910689,8.112764,3.0625,1.1315548,0.41643608
1911,910554,-3.458354,-3.953125,2.844926,0.8574985
1004,917486,-0.099653,-3.5625,3.3370018,0.8493885
1068,1659928,0.416613,0.3046875,1.9054415,0.6230684
1806,909747,7.333293,5.0,1.5821036,0.67756104
1058,909718,0.567677,1.4765625,1.9729269,0.5781155
1029,910554,5.517059,5.96875,0.49692893,0.29231822
2107,1240173,4.273795,5.21875,0.45350736,0.25768587
1932,907792,4.967899,1.78125,1.2100272,0.39759767
1720,909746,6.272698,3.53125,1.7328758,0.50071394
2171,905936,1.555341,2.640625,1.6540768,0.4801771
1022,905962,0.975226,-1.2578125,2.3878963,0.61048675
2044,1659928,2.874318,4.125,0.9447349,0.36740726
2096,905939,-0.192717,3.046875,1.3514181,0.4505896
1582,909718,4.757075,4.75,0.91190726,0.39253795
1909,905937,2.343865,2.5625,1.4919314,0.5072663
1853,1660034,5.779092,4.375,1.058987,0.4605322
1005,908457,5.540072,3.15625,1.7147889,0.47532368
1068,909747,1.499082,-0.030883789,1.8341744,0.6115501
1560,908458,4.226704,3.359375,1.2915732,0.4348634
1133,907794,5.363439,4.78125,0.69889355,0.35458437
1168,1674021,2.234997,3.109375,1.0456928,0.43656418
1553,907289,4.053115,3.1875,1.761726,0.5090502
1819,909761,-2.439036,-3.96875,2.7085478,0.91642225
1401,917486,2.428176,2.171875,1.5321648,0.49617758
2038,905936,4.625499,4.6875,0.84569836,0.36590227
1624,1659823,3.819332,3.4375,1.5738887,0.47664124
1177,907291,4.430178,4.5,1.071309,0.38457152
1375,908458,7.747242,6.40625,0.7178794,0.35678858
1819,905989,-4.148004,-3.703125,2.7119777,0.9450441
1632,905989,3.037224,3.734375,1.1185942,0.3803292
1855,998189,6.438312,5.3125,1.0919658,0.46527115
1083,905962,2.304073,1.765625,1.4411968,0.4689837
2110,907287,4.225468,4.78125,0.88682365,0.38369566
1936,905937,2.447703,3.25,1.0962524,0.4115952
1250,905939,2.131351,2.125,1.7383348,0.5022913
1594,1674021,3.943493,2.90625,1.4838706,0.46239677
1079,905936,2.879729,1.84375,1.98123,0.59155774
1804,910554,1.127551,5.375,1.4582626,0.65395
1941,909755,-3.57194,-3.6875,1.878562,0.7417172
1627,907792,4.882063,2.65625,1.1469823,0.41173622
1583,910905,4.381764,3.5625,0.7195993,0.3688711
1720,908458,3.730267,2.828125,1.573085,0.48093933
2043,908458,5.517218,4.96875,0.5636667,0.30736414
1927,905937,4.681977,5.53125,0.55119336,0.31319168
1069,907794,5.207783,4.375,0.8524191,0.38030878
1073,909698,2.041622,4.21875,1.0587659,0.4331236
1191,905962,-4.99103,-5.5625,0.5174248,0.42331013
1617,909263,2.196736,3.109375,2.5320532,0.5841568
1194,909748,1.971662,3.953125,1.1215252,0.436161
1809,907790,0.057349,0.9140625,2.5555527,0.64763194
1058,1290769,2.356742,1.203125,1.7251176,0.5427466
1825,998189,-0.079953,-0.78125,2.5143015,0.77236164
1051,909747,4.266105,1.3359375,1.9290752,0.581449
1799,910689,5.065059,4.59375,1.0079204,0.42079467
1003,905939,-2.12465,-2.71875,2.1706042,0.7202031
1915,1659928,0.466794,2.765625,1.3929834,0.49510807
1598,1290769,6.041439,4.3125,0.82998806,0.38581768
1812,909747,5.380689,2.84375,2.1305847,0.52601355
1816,1659823,4.192402,4.4375,0.99154687,0.38561243
1013,909751,4.094829,3.90625,1.1856047,0.46108148
2109,905937,1.764515,3.359375,1.1557676,0.42112637
1615,905937,4.682784,5.5625,0.41763568,0.265604
1558,917486,2.936402,3.15625,1.2986566,0.45254347
1922,905989,2.34673,2.5625,1.5686644,0.5129442
1259,1660035,5.46733,3.34375,2.0793047,0.57373494
1593,907291,2.474753,2.265625,1.3982104,0.49696586
2159,907795,2.506486,3.9375,1.1398308,0.3933029
1069,905989,3.934949,3.953125,0.9163491,0.378692
1617,907790,3.672418,3.34375,2.0940487,0.5237661
1062,910905,1.215113,3.640625,1.5203136,0.5093831
1598,910689,7.606772,4.0625,0.78537655,0.36320955
2148,905989,0.515028,0.7421875,1.3801016,0.6481644
1831,907287,4.781001,4.09375,0.89827967,0.3674713
1088,905989,3.490126,2.484375,2.1776347,0.57947814
1845,909746,3.296854,2.234375,2.3795073,0.6565687
2438,909755,10.672072,8.375,5.510956,1.7505622
1810,909751,-0.218889,0.83984375,4.2101855,0.8556306
1618,910554,3.297671,4.25,1.0382392,0.42257607
1852,907291,5.596298,5.0625,0.76964164,0.33299538
1089,910905,4.198321,5.25,1.9618853,0.7591423
1625,917486,5.504565,4.5625,1.0624306,0.41948205
1855,1290769,5.963953,5.1875,1.1262436,0.46780643
1627,1240123,2.48471,3.859375,1.3092104,0.43865266
1912,1290769,3.822939,2.90625,1.5656897,0.4764111
1873,1290769,1.826567,0.73828125,1.874625,0.60124224
1013,905962,4.616748,2.875,1.0326401,0.40978584
1020,909751,5.085889,6.15625,0.8782365,0.47643763
1449,907291,4.851097,5.6875,0.74058986,0.36430392
1131,907289,6.350239,4.875,1.597655,0.5821367
1091,909747,2.814782,1.9921875,1.4200182,0.47810996
1067,905989,5.431412,5.84375,0.5258104,0.32680905
1073,1290769,6.881386,4.78125,1.2778213,0.5096533
1908,907794,0.060888,3.234375,1.4510769,0.47912687
2169,907289,3.75502,2.765625,1.8443604,0.56120557
1048,905962,4.44474,4.25,0.6887593,0.37946323
1825,908457,1.793712,-0.921875,2.2042494,0.7278148
2043,905936,4.552018,5.75,0.54750234,0.32706076
1852,1659823,4.976738,5.34375,0.6478896,0.31060567
1019,909698,3.27092,1.9609375,1.1760429,0.45277917
1849,909263,-0.37092,-0.49804688,1.9203795,0.65294135
1940,905962,6.058706,2.859375,0.9476854,0.376073
1013,907291,3.165952,3.703125,1.1182851,0.43054226
2055,908458,1.896566,1.453125,1.78913,0.6053423
1268,1240173,4.552956,4.5,0.71408343,0.34058303
1786,907289,4.285105,2.984375,1.3765594,0.44794986
1819,909747,3.218598,-4.28125,2.4543679,0.8898555
1817,909263,-6.32605,-5.75,1.6758553,0.85024697
1019,1674021,2.665482,2.828125,1.3498855,0.48698643
1180,909746,0.129562,-3.40625,2.2166185,0.72834915
1862,1660034,-1.756028,-1.4609375,0.6751209,0.49089563
2038,905962,6.30439,2.96875,0.99163526,0.39751634
1627,908458,3.806525,3.1875,1.2659324,0.4241523
1561,909761,0.83753,1.3203125,1.8286693,0.5259416
1915,909718,2.083693,2.953125,1.5179672,0.5135959
2045,907792,3.972288,4.3125,0.60391855,0.28509218
1630,907792,6.018799,3.0,0.7555155,0.31381756
1043,907792,6.314822,4.625,0.6533978,0.34367666
1030,917486,5.255614,5.53125,0.461204,0.27130306
1022,909751,-0.546966,0.68359375,3.148,0.68604183
1779,909747,3.134367,0.69140625,1.9267626,0.6004087
2438,909263,11.793002,8.375,6.6731863,1.8753932
1598,908458,5.339558,3.765625,0.8393066,0.37064266
1060,909746,-0.659239,0.94140625,2.3363128,0.65357095
1008,1240173,-2.958231,-0.033935547,2.728623,0.67075896
1069,909747,4.958911,3.59375,0.8608113,0.37054327
2148,909263,2.064003,1.1796875,1.5819468,0.69859684
1779,910905,1.715941,0.9375,2.0856218,0.6168953
1043,1660035,5.9211,5.375,0.8545968,0.40550992
2011,907287,3.471413,4.375,1.0593327,0.38985682
1634,909747,5.867739,4.15625,0.7430041,0.36174718
1049,1660034,4.392105,3.953125,0.99628836,0.4014098
1706,908458,1.522267,0.92578125,3.010794,0.67766416
1852,908442,4.046387,5.15625,0.8695571,0.34857893
1913,907291,4.455601,5.0625,0.7252584,0.34237313
1581,905936,2.608775,2.390625,1.3276912,0.45812482
1058,908457,1.07635,1.359375,1.5084844,0.5078959
1997,910700,3.352647,4.4375,1.1442342,0.44724208
2096,905962,1.75014,2.015625,1.4770626,0.46694082
1052,909747,6.894989,3.75,0.9632133,0.4253606
1924,907287,2.545485,3.34375,1.8979297,0.509616
1553,909755,5.325859,3.625,1.3503267,0.45464528
2177,908458,3.094554,1.6171875,1.2451913,0.40915206
1776,910689,6.328852,4.0625,0.8151559,0.34031782
1813,1240123,5.476915,5.875,1.265854,0.413927
1940,908457,2.160448,4.09375,0.8210718,0.360739
1032,908442,-2.727494,1.6796875,2.2187169,0.61783177
1149,907792,1.850981,0.7734375,1.0059612,0.4308189
1629,907792,6.585413,3.8125,0.55631876,0.2626217
1560,1660036,5.43361,4.03125,1.3329791,0.45545033
1029,907291,4.9637,5.71875,0.58100307,0.30402774
1873,1660035,2.062271,0.53515625,1.9290397,0.60111827
1016,1659928,1.418772,0.22949219,2.5060976,0.67291605
1786,910700,6.397035,3.046875,1.2306316,0.42048037
1812,908457,4.68672,3.453125,1.8574339,0.4987424
1008,907289,1.816416,0.34179688,3.5797374,0.773951
1563,907790,5.84777,6.15625,0.5433748,0.27426508
1237,1660036,5.439028,5.4375,0.6883272,0.29031065
1626,917486,5.507015,2.015625,2.3388882,0.6196011
1050,910700,6.377744,2.8125,1.3467715,0.49072236
1131,905936,3.118155,5.15625,1.1218984,0.50053763
1563,1240123,5.709349,5.90625,0.6212418,0.2873029
1926,908442,0.88459,0.33984375,2.3214915,0.6554314
1046,909761,1.223097,2.4375,1.9823701,0.58361006
1057,907291,-1.017468,-1.8046875,1.919873,0.6527691
1259,908457,3.735915,3.75,1.698251,0.5046836
1635,909761,5.664631,5.59375,0.59356946,0.34075457
1622,909746,6.028729,4.78125,0.79887116,0.39500207
2043,998189,6.124305,5.59375,0.61239475,0.3373911
1375,1290769,8.196277,6.9375,0.83123386,0.398503
1736,909263,1.020161,3.84375,1.5647666,0.5320307
1025,907289,3.278369,5.46875,0.7714481,0.3794834
1918,909748,3.734159,3.453125,1.4995967,0.50490344
1622,909757,4.508095,4.6875,0.73859704,0.3825313
1042,905962,5.496839,4.28125,0.5663237,0.2800189
1810,1659928,0.52183,0.51171875,3.567544,0.7774728
1052,1290769,2.644527,4.1875,0.97914696,0.44134998
1847,1240123,2.850751,5.21875,1.5494058,0.5875983
1049,909755,5.645243,4.21875,0.9282507,0.40992084
1179,1674021,-0.698297,0.70703125,1.7738562,0.55808043
1529,910905,3.300141,0.27929688,2.8227305,0.615156
2096,907792,2.607395,2.0625,1.2874004,0.44422233
1375,908457,8.262632,6.90625,0.66931707,0.35204995
1133,907795,3.284318,4.25,0.80461794,0.36454594
1925,909747,5.62268,5.0,0.5999462,0.29817533
1838,908457,5.165213,4.375,0.8707061,0.42392159
1817,905989,-6.178527,-5.6875,1.5156227,0.7650013
1012,998189,1.829321,1.8203125,1.1880078,0.46670103
1237,1240123,4.401039,5.46875,0.71861917,0.29849198
1578,905936,3.735937,5.625,0.47216746,0.30451992
1615,910554,5.514811,5.34375,0.5186987,0.29321665
1631,1659823,4.959512,3.953125,0.94411236,0.35094234
1908,1240123,1.734941,2.9375,1.616971,0.49435666
1617,909698,1.336948,2.09375,1.7523243,0.49702653
1250,905989,5.728549,1.9921875,1.881079,0.5238119
1918,905939,2.903892,3.6875,1.2883173,0.45790657
1813,1659928,3.527207,5.75,1.215578,0.40529782
1024,910700,2.136898,-0.44140625,2.436711,0.69757396
1927,1240123,4.076562,5.3125,0.7299388,0.35356137
1925,1660034,4.29239,5.53125,0.61265063,0.30606192
1816,1660036,4.35566,4.4375,1.0654527,0.398033
1854,909718,3.184407,5.21875,0.80434626,0.36442283
1560,909718,2.584439,4.125,1.5110042,0.47311062
1838,909718,3.952073,4.46875,1.1934748,0.51112455
1845,1290769,2.9219,2.046875,2.4446492,0.62499607
1019,909747,3.76593,2.171875,1.4463097,0.49905458
1810,909757,3.09289,0.45117188,3.6998134,0.78740275
1997,907291,4.351791,4.125,1.2876704,0.46454167
1052,908457,3.211215,4.3125,0.82274044,0.39443117
1931,909746,6.75964,6.1875,1.2733728,0.5710371
1072,908458,5.096688,4.625,0.69627774,0.34783953
1068,909751,1.278063,0.5,2.209655,0.6787782
1012,909746,1.693167,1.9453125,1.0970821,0.45108354
2439,1240173,8.570497,8.5625,2.3409603,0.8572358
1200,909755,2.888362,4.96875,0.94393146,0.39009073
1802,1290769,5.247438,4.0,0.96554655,0.44883168
2043,1674021,5.401861,5.6875,0.5751399,0.33315593
1830,905936,2.575517,2.5625,1.0678747,0.5119513
1621,909761,5.733863,4.34375,0.93366355,0.39985624
1441,909761,2.429477,1.2578125,1.9109354,0.5248769
2173,909751,3.667677,4.28125,1.0074342,0.4292535
1069,1660036,2.822373,4.0,0.8821557,0.3836318
1237,909755,5.863999,5.8125,0.6222929,0.2922597
1915,908458,4.034699,2.234375,1.3550184,0.47687036
1553,1240123,2.343612,3.203125,1.5842729,0.48206562
1191,909748,-4.485593,-5.125,0.8083086,0.53472674
2159,909755,4.24062,4.65625,0.8682398,0.3533842
1919,908457,0.563611,1.9296875,1.264101,0.4537787
1854,905989,4.847341,5.0625,0.73900485,0.33827257
2055,907792,2.523133,0.68359375,1.4940497,0.5781155
1050,909698,2.150704,2.09375,1.0272996,0.42454362
1593,909761,4.533069,2.09375,1.3361957,0.4820477
2154,905962,3.932203,2.171875,0.57943803,0.32088125
1042,1660036,4.557689,5.3125,0.6255487,0.3061336
2047,909757,2.22198,2.75,1.6177332,0.492247
2157,1674021,5.154173,5.71875,0.54913545,0.28883636
1061,909263,2.471341,4.90625,0.88478184,0.3867465
1022,909761,-0.574804,0.064941406,2.651058,0.6193034
1817,907289,-4.302012,-5.5625,1.7746856,0.8249577
2038,910905,3.687013,4.21875,1.122019,0.41707328
1583,917486,3.073791,3.390625,0.72052103,0.36367857
2170,909718,2.911693,3.375,1.3409828,0.45818502
1927,907790,4.781708,5.53125,0.6392236,0.33795798
1598,908442,5.266451,4.1875,1.0560371,0.4211956
1036,907790,3.019516,4.96875,0.89178026,0.3938153
1549,910700,2.32416,4.1875,1.0385283,0.41631433
1372,1240123,-1.041333,-0.014099121,2.99041,0.7414955
1010,1290769,5.098878,3.328125,1.1150228,0.43363222
1855,908457,4.34024,5.28125,0.9228535,0.42242756
2047,909718,-0.618007,2.984375,1.696949,0.5066768
1008,910905,1.478296,0.10644531,3.522583,0.7555976
1043,909718,5.628188,5.625,0.92517257,0.41276792
1931,1660035,6.362082,5.9375,1.1666492,0.5507407
1932,909698,4.539928,2.421875,1.1114043,0.37056422
1912,907792,3.74765,1.828125,1.3230939,0.43474975
1913,907794,6.199715,5.625,0.6217536,0.32367966
1072,907790,4.993626,5.5,0.65771616,0.36049992
1617,909718,4.664351,3.125,2.6449547,0.58573675
1023,909761,3.619341,3.484375,0.9899852,0.41753867
1613,1290769,3.680464,3.671875,1.1870809,0.43905777
1549,909748,1.883752,3.890625,1.1515566,0.43019977
1786,909263,4.099747,3.0625,1.2726767,0.43698752
1248,910554,-4.926433,-3.8125,3.8001385,1.0878917
1032,909746,1.749792,1.75,1.9372025,0.5838986
1909,1240123,1.401718,2.21875,1.9762424,0.5763856
2010,905936,2.09097,4.21875,1.0215659,0.38355362
1067,905937,4.652731,6.0625,0.40742132,0.3047792
1810,909761,2.870505,0.107910156,3.6702926,0.78112006
1033,1240123,3.442825,5.4375,0.6462783,0.34168783
1915,905989,2.409274,2.703125,1.4447552,0.49607253
2039,998189,2.831798,3.59375,0.9497254,0.43250254
2159,909747,5.913156,3.703125,0.9545647,0.3601985
1706,910689,4.062479,1.3984375,2.8043242,0.6496646
1812,1660035,4.177081,3.25,2.2835085,0.5812361
1248,907790,-5.391203,-3.671875,3.3047752,1.0497661
1776,1674021,5.374306,4.5625,0.80299497,0.35099664
1511,1240123,0.272848,-0.66015625,2.8437438,0.72066575
2359,905939,7.455019,5.8125,0.47524455,0.26590315
2172,909751,1.022121,2.609375,2.3163707,0.61639637
1010,910905,4.211797,3.296875,1.2687435,0.4531906
1007,909718,-5.380789,-3.40625,3.3223324,1.0109258
1932,907287,1.53147,2.84375,1.6315376,0.46924475
2111,1240123,2.838281,4.59375,0.99087095,0.407413
1852,907289,5.598114,5.34375,0.8247724,0.34609035
1849,905937,-1.919978,-0.20507812,1.4312974,0.5737635
1912,1660034,2.285717,3.171875,1.525361,0.4641398
2499,909761,9.605629,8.5,4.196611,1.276953
2172,907790,-0.723701,2.8125,1.6742939,0.5217356
1180,1660036,-2.447431,-3.328125,2.5136166,0.73655075
2037,998189,5.871786,3.90625,1.2406669,0.43020976
1849,1674021,-1.332992,-0.24316406,1.6745012,0.6101371
2045,909746,5.307114,5.25,0.7589222,0.32172087
1593,909751,3.034596,2.546875,1.6807977,0.54695284
1088,907287,4.498723,2.3125,2.4612339,0.6237296
1463,1660036,5.270736,3.84375,0.97456795,0.38870198
1925,907289,5.168029,5.5,0.76323885,0.3405208
1088,905939,3.493851,2.578125,1.9734606,0.5470251
1016,1660035,3.472422,0.26757812,2.3703094,0.7110753
1626,907289,3.355474,2.375,2.4258523,0.6340805
1908,905937,2.4772,3.265625,1.173627,0.43191954
1782,907289,5.346977,5.84375,0.6158541,0.3124542
1916,909755,4.700368,3.625,1.2221957,0.4588814
1578,908457,5.12593,5.46875,0.45898405,0.2915286
2111,1659929,3.706996,4.4375,1.0888382,0.4277429
1838,1660035,4.471358,4.1875,1.0815583,0.50275946
1560,1240173,4.764788,3.65625,1.1289686,0.40931877
1089,905962,2.35551,3.796875,1.5222757,0.689693
1047,908458,5.241769,4.0,1.2548796,0.45723975
1855,1659929,6.300494,5.125,1.3122202,0.5052077
1129,907289,3.256092,3.71875,1.4817996,0.5189181
1024,1659928,-1.817832,-0.7421875,2.3266525,0.68496686
1630,1290769,4.688775,3.875,0.842913,0.34134
2096,910554,3.195889,3.046875,1.4309064,0.48177594
1047,1659929,4.840609,4.53125,1.4762512,0.509386
1835,1290769,4.86161,3.796875,2.4143672,0.6785196
2156,917486,4.177764,3.4375,2.6263661,0.59845036
1814,1240173,5.906222,6.4375,0.742607,0.30689105
1016,1240123,2.00531,0.375,2.578578,0.68617094
1720,907287,6.041308,3.28125,1.8954554,0.53268766
1039,1659929,4.394929,5.3125,1.3597934,0.47855088
1830,905962,3.230233,1.296875,1.131876,0.52886003
1852,907792,6.971767,4.25,0.6182058,0.2948541
2177,909746,1.466747,2.453125,1.3415517,0.44948864
2439,907790,9.975751,8.5625,3.2220528,1.1339341
1401,909746,3.040412,2.390625,1.4022212,0.48146802
1373,917486,3.712658,4.5625,0.831922,0.3730709
1025,1674021,4.909706,5.5625,0.5917217,0.34408364
1936,1674021,3.162293,3.125,1.289279,0.44268805
1922,905937,1.819462,3.0625,1.1707187,0.45759395
2010,905939,2.158656,3.9375,1.1248243,0.39004058
2110,1659928,3.768482,4.96875,0.7421583,0.3503511
2170,909761,3.513448,3.03125,1.2740635,0.44179028
1030,1660034,5.699649,5.9375,0.4108751,0.2599757
1463,998189,3.526362,3.90625,0.93995506,0.37871283
1089,909747,6.907341,5.0,1.5821036,0.67756104
1936,905936,2.669966,3.1875,1.2207301,0.43388402
1922,1240173,1.824807,2.40625,1.2991887,0.47338468
1930,907287,1.154771,0.36523438,1.6702523,0.5878104
1811,909263,-0.81557,-4.1875,2.9770584,0.9548221
1917,998189,1.441321,2.140625,1.7270087,0.49901864
1625,910554,5.457321,4.875,0.9373378,0.40142983
1512,917486,5.565553,5.46875,0.5395326,0.29118958
1817,907291,-5.564654,-5.8125,1.573692,0.7902298
1463,905939,3.716559,3.828125,0.89391106,0.36016148
1997,1290769,3.800799,4.375,1.1315573,0.44903946
1559,909757,1.432995,-2.53125,2.414771,0.69129306
1621,909751,5.140317,4.6875,1.103814,0.44473246
1061,905936,4.090812,5.1875,0.68662894,0.34301928
1814,908457,6.936145,6.71875,0.7702258,0.32156003
1618,905989,0.902467,4.125,1.1015061,0.41356772
1047,1659928,1.50862,4.5625,1.3079332,0.48134702
1259,905962,2.031442,2.234375,2.192368,0.5756124
2169,905962,5.678133,1.203125,1.5193056,0.5016551
1023,909751,3.566987,3.890625,1.1682143,0.46593693
1091,910689,3.335795,2.171875,1.3395838,0.4622284
1928,909751,2.855007,5.03125,0.9159313,0.40655693
2438,910554,9.832071,8.4375,6.009382,1.728352
1578,907287,5.127325,5.25,0.6298606,0.33819392
1049,905936,3.635858,4.03125,0.88516176,0.39491704
1559,908457,-2.342064,-2.5,2.0264676,0.6375556
1910,909746,2.063314,2.34375,1.5774816,0.4915674
1931,1240173,4.995001,5.875,0.8612948,0.45771915
2037,917486,4.629386,3.453125,1.4115139,0.45710593
1622,1240173,4.090876,4.5625,0.61530095,0.34961802
2110,909761,3.953941,4.65625,0.7355402,0.3454463
1023,907795,3.971251,3.5625,1.0915515,0.43979186
1050,907792,3.017099,1.5625,1.1182654,0.44601506
1502,908442,4.298314,4.25,1.0769454,0.45653665
1022,998189,0.379303,0.5703125,2.5953836,0.61140406
1811,1660035,-1.400247,-4.4375,2.584212,0.94160795
1815,910700,6.600038,6.1875,0.67822975,0.3120512
1050,907291,1.202191,2.578125,1.4405742,0.5044812
1847,909751,3.327102,5.1875,1.863305,0.6557513
2039,909698,2.994856,2.9375,0.80362755,0.38725585
1052,910700,6.530577,4.3125,1.0016254,0.44232354
1926,905939,0.428114,0.33789062,1.9555014,0.59220994
1017,1674021,4.666384,4.90625,0.77816373,0.3525604
1912,908457,1.333377,3.125,1.3016969,0.42771903
1815,909761,5.027995,5.90625,0.679165,0.30456787
1553,910700,2.925314,3.25,1.5598956,0.48146802
1194,1674021,4.409022,4.40625,0.9345033,0.41057527
1808,907790,0.785438,-0.22949219,2.430023,0.70543355
1782,909751,4.147491,5.84375,0.6463964,0.3279499
1624,909698,1.684916,2.75,1.3405707,0.4320377
1615,907794,6.124469,5.625,0.52929497,0.3022987
1012,1660036,2.191381,1.9140625,1.2373714,0.4669137
1627,909761,2.655281,3.5,1.3073064,0.43588188
1191,907790,-4.229094,-4.84375,0.8416189,0.56243813
1925,1660036,5.217226,5.375,0.6352698,0.31249586
2096,909746,2.113047,3.0,1.479638,0.48149294
1563,907795,5.129507,5.6875,0.687988,0.29766688
1778,1660034,3.460026,3.21875,1.507051,0.45856842
1248,1659929,1.561123,-3.9375,4.0602574,1.1786894
1007,905989,-5.153837,-3.703125,2.7119777,0.9450441
1250,909747,3.909575,1.734375,1.8503467,0.52482945
2359,907790,6.115863,6.0625,0.46755555,0.27716357
1237,998189,5.505822,5.46875,0.66999865,0.28988355
1940,905989,3.478474,3.9375,1.0089916,0.3923967
1083,910554,2.924185,3.09375,1.3154298,0.46065632
1032,909761,2.307447,1.4765625,1.9790076,0.57989734
1564,910700,2.56348,3.0,1.7101245,0.51302475
1940,909698,3.685527,3.4375,0.78561085,0.34339792
1635,909718,5.341174,5.9375,0.6954668,0.3753484
1025,909263,4.582054,5.4375,0.7420973,0.38236883
1030,907795,5.762823,5.6875,0.4875012,0.27700138
1849,909698,-0.79284,-1.3046875,1.2677342,0.5457065
1996,909751,4.589978,4.875,1.181669,0.47852018
1007,907790,-5.485606,-3.140625,2.7494988,0.92122316
1057,908458,-0.122557,-2.109375,1.6710042,0.5909911
1830,1240173,1.726883,2.046875,1.0526608,0.4994922
1511,909748,0.67652,-1.0625,2.8090293,0.7150003
1849,1240173,-0.346422,-0.78125,1.5319468,0.58097714
1618,905962,4.121123,3.046875,1.0403795,0.40460345
1080,907792,0.394469,-4.875,1.7501947,0.8052587
2107,908457,5.900963,5.5,0.4538208,0.26119816
1811,998189,-3.369191,-3.921875,2.7420385,0.8626845
2111,905962,5.014862,3.3125,0.9269137,0.38501102
1778,909746,4.830391,3.046875,1.5370702,0.4699285
1620,909751,5.80031,6.0625,0.7614349,0.34853968
1053,1290769,4.654046,3.015625,1.3489118,0.47472128
2037,905962,7.599971,2.5625,1.312018,0.43745285
1811,1659928,-4.583216,-4.09375,2.7534077,0.8704292
1373,909698,1.440832,4.375,0.61529285,0.31216946
2172,905936,2.956133,2.765625,1.6262314,0.5165745
1816,1290769,6.578469,4.34375,1.0686213,0.4012209
1259,910554,3.025416,3.65625,2.0053704,0.55587023
2038,907794,5.074166,4.78125,0.9640857,0.38843518
2011,909747,7.055161,4.09375,0.8252618,0.342788
1021,907795,2.512948,3.109375,1.1924145,0.41964537
1080,1660036,-3.147889,-3.265625,3.3030477,0.93687135
2107,910905,5.690669,5.34375,0.5942742,0.29535633
1018,1660036,5.432209,5.78125,0.41657797,0.2318827
1786,909751,2.74325,3.015625,1.4509544,0.4586873
1779,1240173,0.832814,0.83203125,1.6659553,0.5636668
1007,1660036,-3.837245,-3.375,3.279967,0.9521716
1581,909746,3.738574,2.09375,1.5445604,0.4906316
1576,905939,3.263574,3.265625,1.4010292,0.50044256
1014,909757,0.367284,1.8125,2.3407192,0.6200862
1179,1240123,-0.768434,0.51953125,1.9819194,0.59176356
1005,905937,3.284439,3.4375,1.5777198,0.46666557
1046,1659928,2.698151,2.6875,1.945784,0.58372086
1564,909698,0.787293,2.09375,1.4239033,0.4656082
2010,908458,2.628837,3.234375,1.175604,0.4036565
1259,908458,2.442146,2.921875,2.053855,0.55148375
1996,907790,5.455659,5.1875,0.8370715,0.39924237
2499,909748,10.113231,8.5,4.804226,1.3881797
1926,909751,-0.769121,0.50390625,2.433574,0.68707585
2177,907291,2.071468,2.265625,1.4656686,0.45454773
1786,905962,4.839718,1.6875,1.0597571,0.390013
1529,907794,0.271184,0.953125,2.5553055,0.60196275
2498,910689,9.463328,7.96875,0.7961028,0.37581667
2157,907792,4.404039,4.53125,0.51479816,0.27641293
1047,1240123,3.280602,4.6875,1.345064,0.48524708
1559,905939,-0.826763,-2.53125,2.1554701,0.6527691
2154,905936,2.271506,3.96875,0.5689328,0.33210814
1091,1660034,1.238511,2.5625,1.3765959,0.47734407
1072,1660036,4.659478,5.125,0.72694993,0.3726391
1580,908458,5.936079,4.90625,0.5883815,0.29851595
1004,907790,-4.551854,-2.859375,2.8331902,0.7817518
1928,907291,4.666373,4.75,0.8607024,0.38009116
1200,909748,3.746202,4.21875,1.1624331,0.41728264
1782,907794,4.950212,6.09375,0.51680726,0.29365328
1996,907792,5.051883,3.59375,0.8881072,0.38621995
1624,1674021,3.504924,3.6875,1.5086606,0.47012168
1624,909755,6.039411,3.9375,1.4779015,0.47400245
1061,1660036,5.06802,4.875,0.8033519,0.37152252
1084,907795,-1.200407,-2.046875,3.2330298,0.82655257
1168,909748,2.062968,2.703125,1.2294022,0.4592814
1614,910700,4.31437,4.25,1.0615991,0.40666732
1014,1290769,-1.742112,1.8046875,2.192597,0.60776764
1622,908458,5.652526,4.21875,0.68783206,0.3599293
1249,910905,3.548872,3.53125,1.6379503,0.4822128
2011,910554,4.208285,4.65625,0.9122415,0.3675469
1908,908457,0.762292,3.0,1.295597,0.44051126
1928,909761,5.757327,4.625,0.7574542,0.3575718
1036,909755,4.834631,5.0625,0.87528235,0.39860135
2177,910905,2.472408,2.234375,1.4702122,0.45595688
1631,1240123,3.444135,4.0,1.0930465,0.38277894
2159,910700,5.17624,4.25,0.98781043,0.3690273
1494,905939,-2.787403,-3.5625,2.738081,0.8697549
1915,910689,2.458084,2.5625,1.2575545,0.46512341
1062,905939,-0.267444,3.78125,1.2956071,0.46740493
1510,908458,1.790795,3.90625,0.8030781,0.34924254
2043,909757,6.33521,5.5,0.64113444,0.33722636
2011,909761,5.785525,4.28125,0.9012116,0.35763064
1996,909761,3.91098,4.46875,0.973228,0.41680038
2055,909718,1.188057,2.390625,2.184888,0.6648219
1016,1660036,3.366756,0.58203125,2.545716,0.656607
2172,1660035,4.800478,2.15625,1.8894664,0.5536596
1180,907287,-3.64746,-3.59375,2.4097066,0.7263176
1926,907289,1.219226,0.43164062,2.2830033,0.65357095
1512,908458,5.687442,5.25,0.46242446,0.26140523
1010,909751,0.267915,3.515625,1.3821285,0.48641127
1494,1290769,-3.779739,-3.28125,3.0439963,0.88780385
1593,909263,0.512024,2.546875,1.3777353,0.5095739
1620,909757,5.992742,5.9375,0.61748743,0.3021885
1449,909698,5.169438,5.46875,0.52853376,0.29269147
1510,1674021,4.453565,4.75,0.73756427,0.34818238
1463,917486,5.580565,3.546875,1.0553544,0.40224844
1931,1659929,5.125821,6.0625,1.2336305,0.5589174
2107,909757,6.028741,5.40625,0.5545865,0.2872293
1088,909263,3.659698,2.703125,2.3070292,0.61391056
1512,1240173,5.075459,5.5,0.41708964,0.2517223
1200,1659928,2.525858,4.40625,1.0728478,0.40280774
1631,909755,5.58392,4.46875,0.8951212,0.3534229
1079,905937,0.744042,1.90625,1.799651,0.5661959
2011,908458,4.567339,3.9375,0.83676106,0.335432
1814,905989,5.916746,6.625,1.011384,0.36306003
2177,1660036,2.567717,2.546875,1.394126,0.4428459
1510,905936,3.59833,4.78125,0.69758904,0.34138897
1047,910905,6.513222,4.46875,1.4499925,0.4978708
1581,907291,2.179775,2.046875,1.6822612,0.5022913
1025,907291,4.796296,5.25,0.73030543,0.36483878
1843,910554,1.022333,-0.059570312,2.7854629,0.73133117
1237,1660034,6.070524,5.5625,0.67605877,0.28659356
1825,905937,-1.954687,-0.5703125,2.083381,0.7188784
1576,909751,3.020607,3.390625,1.811905,0.5924825
1463,909761,5.521579,3.578125,0.99959993,0.38874426
1012,1660034,2.654505,2.015625,1.2113193,0.4502677
1939,909263,1.538848,3.1875,1.265912,0.51263463
1802,909718,3.983442,4.1875,1.1495029,0.49229288
1013,909761,3.704799,3.609375,1.0396695,0.41888833
1180,908457,-1.502487,-3.59375,1.9322375,0.663455
1614,998189,4.574367,4.28125,1.0267825,0.39931557
1941,907792,-6.459031,-5.0,1.1185104,0.6258155
1021,907792,4.925282,2.234375,0.9156332,0.36335358
1933,907291,3.447101,4.5,1.1760848,0.4690761
1835,905989,2.38582,3.78125,2.513063,0.7363885
1088,910905,6.363424,2.4375,2.3191772,0.5981767
1053,1660035,4.40505,2.75,1.3148564,0.46503085
1032,1660034,1.685717,1.8828125,1.8725344,0.5644068
1051,905936,0.527049,2.046875,1.6816921,0.55798286
1916,909746,4.122473,3.09375,1.4405401,0.48501948
1199,909748,3.362536,4.40625,1.1011513,0.43258005
1008,998189,1.453067,0.42773438,3.215009,0.7236285
2010,909748,3.815949,3.671875,1.3313887,0.4374753
2039,909751,3.033781,3.578125,1.1541605,0.4794022
1268,910554,4.437959,4.78125,0.8283653,0.3791765
2154,1659928,1.683983,3.609375,0.6590947,0.35026366
1175,1240173,3.317943,4.09375,0.94356084,0.36510643
1873,905937,0.352821,1.21875,1.5382117,0.5413415
1046,910689,8.538997,2.46875,1.778508,0.55156857
1051,1240173,3.017332,1.5,1.6803484,0.5441655
1814,905962,7.404013,5.5,0.7354434,0.296314
1007,910905,-0.363408,-3.71875,3.0462577,0.97231716
2156,910700,4.549504,4.03125,2.356477,0.56699556
1048,910554,4.537651,5.5,0.74144137,0.41913152
1933,909751,3.665451,4.8125,1.256759,0.4962092
1016,908457,2.3578,0.28515625,2.1020796,0.6188526
1776,1660035,4.915687,4.125,0.9448997,0.36932904
1030,905989,4.893782,5.8125,0.46979815,0.268318
1494,907790,-3.190831,-3.125,2.864994,0.88009
1170,905962,2.62774,2.234375,1.1956911,0.43567333
1813,908458,6.67041,5.15625,1.0747277,0.3600889
1618,908442,3.724277,4.03125,1.3133049,0.45093766
1038,908442,2.05482,3.765625,0.9711192,0.4013264
2148,917486,1.053042,0.765625,1.5291457,0.6616046
2111,907291,2.423957,4.3125,1.0626036,0.42167634
2170,909698,3.397573,2.734375,0.9749908,0.38690865
2171,908442,-1.513592,2.125,2.2749033,0.57399
1067,1659928,4.454865,5.8125,0.48920754,0.32404006
1811,907790,-2.791734,-3.765625,2.6816256,0.86842
1512,1240123,4.564864,5.8125,0.52447003,0.29044107
1909,910689,4.484752,1.796875,1.792747,0.54292095
1855,908442,6.177631,5.03125,1.4920572,0.5277022
2439,917486,8.43985,8.5625,3.5491908,1.1219985
1048,998189,3.920149,5.5,0.7251848,0.41205472
1043,1660036,4.084018,5.5,0.7751227,0.37544712
1036,1659928,5.462798,4.59375,1.0190368,0.41057527
2107,908458,5.418836,4.9375,0.51072794,0.2700222
1933,1660036,5.568313,4.65625,1.0240377,0.4430631
1549,910905,6.882427,3.96875,1.1685445,0.43004903
1622,909747,5.988953,4.3125,0.6955463,0.3696352
1913,905936,4.570698,5.5,0.5352378,0.29946983
1813,910689,8.210428,5.5,1.0568696,0.3664768
1012,917486,2.114694,1.4609375,1.2945734,0.46936047
1598,909746,5.262072,4.3125,0.9414164,0.39908347
1507,917486,5.614317,5.09375,0.51753384,0.26942375
1023,907794,2.421726,4.21875,0.93193454,0.420069
1625,908457,5.193377,4.9375,0.8025437,0.36735687
2109,907289,2.475041,2.96875,1.7151012,0.495578
1014,1659929,4.153254,1.8984375,2.5496986,0.6489911
1052,1660035,4.179317,3.9375,1.0449605,0.4452429
1372,1659928,-0.954549,-0.118652344,2.9372592,0.7378806
1494,910689,1.217972,-3.796875,2.772064,0.87213093
1091,909757,3.308632,2.28125,1.4836324,0.48987633
1051,905989,0.885577,1.6171875,1.9752878,0.581525
1831,1659928,2.543415,4.21875,0.7773654,0.34505132
1131,908457,5.422518,4.9375,1.1037676,0.48246723
1997,1240173,2.2502,4.125,0.9712254,0.4034167
1819,905962,-0.645864,-5.125,1.820333,0.80386955
1239,917486,3.917196,1.8828125,1.9303715,0.6563387
1564,909747,-0.056048,2.28125,1.7112726,0.5085533
1047,905937,4.99785,5.0,0.9703935,0.42416814
1813,907795,3.534679,5.59375,1.4040197,0.42925102
1911,905937,-4.670867,-3.75,2.3709455,0.82214165
1627,909748,3.128685,3.578125,1.3891194,0.44985366
1614,907795,3.225217,3.96875,1.1953455,0.42697307
1908,909263,1.108989,3.03125,1.6607524,0.50774187
1512,910689,8.680801,5.46875,0.43880633,0.2574663
2499,910554,9.622196,8.4375,4.5061045,1.3454374
1018,1660034,5.779059,6.03125,0.40432373,0.22738895
1634,905937,3.116286,4.9375,0.5903834,0.33718842
1630,908458,3.429618,3.359375,0.84459585,0.3284632
1912,910700,2.65808,3.15625,1.5652498,0.4717871
1008,905989,-2.808472,0.05493164,3.128425,0.7217426
1006,910554,-0.840443,2.46875,3.5263643,0.7166585
2156,909746,6.476888,3.78125,2.4894598,0.59645015
1033,917486,5.213971,5.125,0.6865879,0.35194927
2173,907790,4.518827,4.53125,0.74288356,0.367319
1014,905936,0.146013,2.203125,1.9626726,0.5778111
1030,905939,5.832444,5.875,0.42085364,0.2523729
1375,1659928,6.311418,6.875,0.84532595,0.40317932
1010,1659929,1.837465,3.375,1.2984276,0.46379364
2498,909263,8.790565,8.0625,1.2065233,0.49860984
1936,908457,3.407552,2.984375,1.2096112,0.4235992
1598,1659929,4.744382,4.25,0.9765578,0.41187552
1194,910689,6.137692,3.90625,0.93173,0.39902815
1831,909755,3.698525,4.71875,0.68387425,0.33467716
1072,1660034,4.139445,5.3125,0.6989154,0.3638495
1191,998189,-3.709051,-4.9375,0.85651404,0.5502957
1936,905989,1.212644,2.765625,1.4558923,0.46024832
1814,907795,6.783444,6.53125,1.087032,0.3769358
1810,907790,1.99921,1.015625,3.0604875,0.7363885
1910,905939,2.532863,2.296875,1.4700805,0.460297
1133,909698,3.87708,3.96875,0.55830383,0.30132052
1802,909751,3.775874,4.125,1.1969855,0.5100186
1855,909761,6.281642,4.875,1.1381778,0.46560964
1813,909698,4.549933,5.28125,1.0157627,0.35571453
1133,909755,4.425081,4.78125,0.6760607,0.35195148
1630,910554,3.889853,3.953125,0.8487505,0.3437039
1933,907287,4.957226,4.46875,1.2187265,0.47635862
1029,907287,6.040071,5.78125,0.579997,0.30194154
1010,905989,3.069888,3.359375,1.1881802,0.43509948
1507,908457,6.117368,5.4375,0.39873692,0.23067626
1922,1240123,0.987787,2.734375,1.5883874,0.524465
1013,907287,3.876172,3.640625,1.1499786,0.4405229
1088,909761,3.31431,2.171875,2.164078,0.5810799
1190,909263,1.849566,-0.25195312,5.875865,1.0047691
2043,909263,6.586504,5.5,0.70284986,0.37544557
1613,1659928,4.234688,3.65625,1.224094,0.43941724
1091,907794,0.533948,2.78125,1.3637389,0.4799394
1061,1659928,4.716479,4.875,0.8101914,0.36519334
1816,1660035,5.395354,4.34375,1.016079,0.40938354
1441,909747,4.555012,1.0546875,1.8564949,0.5122559
1924,907792,5.508789,2.328125,1.4610358,0.44456682
1632,909747,5.738977,3.328125,1.0310104,0.37380308
1052,909761,3.61203,3.90625,1.0205966,0.43708673
1250,910689,7.60985,1.921875,1.7311337,0.50489783
1806,909698,4.594862,4.75,1.5341051,0.6437399
2170,909746,6.254087,3.25,1.2376479,0.44208333
1799,998189,5.588181,5.0625,1.1109761,0.4544819
1036,917486,5.916475,4.34375,1.114787,0.427042
1069,909718,5.064657,4.125,0.9843253,0.39860532
2110,998189,4.152754,5.15625,0.72704333,0.3503511
1634,1659823,5.775423,4.625,0.690217,0.3574745
1582,908458,5.415963,4.09375,0.7603073,0.35342675
1862,909718,-2.136041,-1.4609375,0.72407424,0.5189594
1016,909718,0.260225,0.6171875,2.7635484,0.71595633
1083,905936,1.132023,3.40625,1.1319382,0.4228707
2154,910689,5.690107,3.40625,0.58193445,0.3206094
1036,1660036,3.659318,4.625,0.9941873,0.41085956
1059,905962,0.658212,-1.375,1.9464219,0.5650446
1852,905936,5.233262,5.53125,0.5892233,0.29894307
2045,998189,5.929888,5.21875,0.680819,0.3084567
1020,917486,4.620173,5.75,0.75858593,0.42662367
1441,909748,3.609938,1.3203125,2.033465,0.54355323
1933,909718,5.516176,4.78125,1.1677916,0.46813208
1615,1674021,5.255027,5.5,0.48992887,0.28783104
1916,909698,2.627229,2.4375,1.1631584,0.43020976
1080,1674021,-3.027952,-3.171875,2.8372967,0.90127087
1816,910905,4.076861,4.34375,1.1694694,0.41566443
1059,1660034,-0.549561,0.32617188,2.0632536,0.569306
1018,909718,5.538648,5.96875,0.47359523,0.24654968
1614,907289,4.786454,4.25,1.2227134,0.43458894
1441,910554,4.45468,1.609375,1.8595339,0.5298804
1557,1660034,5.2573,5.4375,0.77417773,0.31192026
1838,907795,2.589311,4.03125,1.2031016,0.5126246
1043,1290769,5.965368,5.5,0.7553458,0.3696542
1131,1290769,3.428067,4.75,1.2929175,0.5343133
1026,909761,0.328376,-0.89453125,2.8818824,0.8524171
2175,908442,5.268196,4.875,0.8166128,0.32901758
2040,910554,2.158315,1.671875,1.8431575,0.5635087
1578,907792,6.081244,4.5625,0.48698443,0.28979307
1268,907287,5.111056,4.5,0.9892547,0.4026387
2170,909748,5.967561,3.09375,1.3445225,0.45269102
1084,1240173,-5.526375,-2.265625,2.5027206,0.71647096
1813,909718,2.595139,5.875,1.4114801,0.44835845
1239,910905,5.472965,2.03125,1.9295803,0.6465084
1018,909751,5.601965,5.9375,0.52315235,0.26135126
1021,1660035,4.264433,3.046875,1.0285542,0.39400876
1011,909748,1.850488,1.796875,1.9145647,0.5506459
1149,905962,-0.245126,0.703125,1.2153238,0.4655547
1635,909751,5.853751,5.9375,0.75377005,0.4005771
1847,905939,3.946253,5.15625,1.3540261,0.54004717
1025,908457,3.736803,5.46875,0.54488355,0.3197063
1053,910905,1.330078,2.875,1.4731058,0.4816971
1175,910689,5.370465,4.03125,1.0007696,0.3757455
1006,905936,-1.801389,2.8125,2.886202,0.6658606
1594,1659928,3.189932,2.5625,1.6725429,0.48780945
2044,917486,4.62991,3.875,1.0219635,0.38178623
1026,907289,0.469998,-0.26171875,3.3869832,0.9388405
1060,907291,-1.437859,0.91015625,2.5522864,0.6641665
1582,905962,4.411521,3.484375,0.7778803,0.36159554
1051,908457,2.66375,1.8359375,1.688667,0.54685944
1854,909746,6.192727,5.1875,0.79281276,0.35011068
2055,1240173,0.674796,1.7890625,1.633078,0.5891514
1629,905989,4.763583,4.75,0.70989996,0.29188713
2046,909718,3.710953,4.1875,1.4697288,0.46911412
1617,1659929,2.367378,2.828125,2.7549388,0.5956268
1845,909718,2.960107,2.375,2.6295285,0.65770096
1052,905937,2.164205,4.59375,0.760553,0.38986424
1553,909751,2.451797,3.21875,1.8500713,0.52963257
2046,1290769,2.849613,4.09375,1.2989634,0.45042446
1915,908457,1.828727,2.921875,1.1630087,0.44551432
1933,910554,3.730929,4.71875,1.0304525,0.44583854
1925,907794,5.693891,5.6875,0.63350564,0.31975812
1511,909751,-1.624732,-0.47851562,3.3132918,0.7871329
1847,1660034,2.569025,5.375,1.4955069,0.5786794
1926,1674021,0.884712,0.5859375,1.9502832,0.60196275
2359,909698,5.318743,5.28125,0.4230596,0.24854563
2499,909751,10.255106,8.375,5.892047,1.6257709
1083,910689,4.857794,2.765625,1.2505368,0.43363222
1621,910689,8.114126,4.375,0.8355602,0.37662834
1913,905937,4.62361,5.5625,0.4751306,0.2831017
1168,908442,0.131133,2.875,1.3340349,0.47888312
1582,917486,4.784551,4.34375,0.8971698,0.39417276
1913,905989,3.941274,5.21875,0.6591026,0.31925038
1019,909761,4.025327,2.28125,1.5192547,0.50902826
1168,905937,2.14111,3.203125,0.8829073,0.40622267
1580,909263,4.84835,5.53125,0.73943985,0.3581634
2109,1660036,4.500837,3.015625,1.5431099,0.47628707
1830,910700,4.479422,2.53125,1.2403219,0.5449371
1838,917486,4.087564,3.9375,1.1362698,0.49162173
2107,1660036,4.606537,5.375,0.5427615,0.2899302
1268,908442,4.198854,4.5625,1.062185,0.41100752
1089,908458,3.791584,4.6875,1.5287101,0.6648053
2107,907289,5.415824,5.53125,0.63124335,0.30892047
1068,1290769,-1.00194,0.2421875,1.8324989,0.6139811
1191,909263,-3.204838,-5.125,0.8433606,0.5954138
2156,909757,1.964113,3.640625,2.4769924,0.571454
1401,905937,0.977521,2.75,1.0546883,0.42279238
1062,1674021,2.865634,4.03125,1.204552,0.46609578
1168,905939,4.362511,2.921875,1.0642247,0.42446122
2171,905939,0.15467,2.296875,1.8368429,0.4976938
1494,905962,-4.268584,-4.78125,2.1251643,0.8019163
1037,1660036,3.135774,2.96875,1.4416107,0.4428446
1512,905937,5.778937,6.0625,0.3948877,0.25467905
1088,998189,2.234423,2.703125,2.0901678,0.57149816
1786,909747,7.0401,2.46875,1.1277516,0.40282875
2044,907792,4.987467,3.140625,0.783749,0.33737117
1011,905937,2.113555,2.484375,1.3541374,0.47187686
1529,1240123,2.326501,0.5234375,2.7276793,0.6139412
1563,910700,6.422904,5.9375,0.60160977,0.28546646
1778,1290769,5.206893,2.953125,1.5534209,0.47267792
1847,905937,4.365765,5.53125,1.1484234,0.5229891
2110,905939,3.55673,5.03125,0.67212874,0.3289291
1511,908457,-0.03677,-0.79296875,2.3064654,0.6602876
1059,909718,0.11949,0.265625,2.2945402,0.5970947
1917,905937,1.43167,2.421875,1.3575051,0.44389632
2170,1240123,4.514234,3.359375,1.2873769,0.4486128
1091,905936,1.596012,2.703125,1.2365596,0.4573582
2173,908457,2.719503,4.3125,0.70496607,0.34857067
2498,907790,8.584118,8.25,1.019586,0.46194085
1020,908458,6.089124,5.5,0.6183067,0.37990472
1617,1290769,6.362581,2.6875,2.476942,0.54852957
1631,905939,1.968792,3.9375,0.96086204,0.35010877
1057,905936,-1.788307,-1.359375,1.6839916,0.61666054
2439,909747,9.532971,8.5,3.0215151,1.0374703
1926,909748,0.606823,0.11669922,2.1863453,0.63766366
1919,907794,3.102881,2.21875,1.4195629,0.4874225
1168,910700,3.077326,3.046875,1.1553056,0.4561521
1085,907287,2.63754,2.359375,1.777238,0.6316836
1626,1660036,4.237278,2.453125,2.202092,0.60761523
1200,1240173,1.72174,4.125,0.88086164,0.36588243
1023,1240123,1.959766,3.875,1.0002921,0.42404193
1061,907287,4.293361,4.75,0.951035,0.38905266
1922,907287,1.842697,2.421875,1.7612318,0.5514594
1025,1660035,6.020233,5.21875,0.70127577,0.36133537
1512,909757,5.858479,5.6875,0.5213936,0.2857803
1025,907792,6.000398,4.5625,0.5530315,0.30783778
1912,908442,-0.391438,2.90625,1.8131301,0.49801275
1804,1660034,3.551861,5.46875,1.4704046,0.6526725
2177,907287,2.037727,2.078125,1.5377442,0.47237563
1915,909755,2.788376,3.34375,1.2095213,0.4680186
2048,1240173,-5.879288,-3.375,2.4807985,0.73034745
1819,1240123,-2.863485,-3.453125,3.0908856,0.9677873
1049,1240123,4.581241,3.875,1.0617994,0.42135718
1776,909748,4.75506,4.09375,0.9919558,0.3780841
1580,1659823,5.749607,5.46875,0.5958249,0.31178373
1553,909718,4.713691,3.234375,1.6915175,0.49565575
1621,907795,3.487137,4.4375,1.0158832,0.41769722
1177,909718,3.545556,4.8125,1.044315,0.38051644
2010,909751,3.217784,4.03125,1.4869566,0.4700686
1051,909698,1.485966,1.0546875,1.5556272,0.518677
1030,909698,3.371357,5.4375,0.38392058,0.23498832
1615,905939,6.779959,5.375,0.5119394,0.28350183
1013,1659928,3.578302,3.796875,1.0227542,0.42052236
1043,909761,5.140219,5.28125,0.78476304,0.37429374
1911,908442,-5.024575,-4.125,3.1217458,0.97745
1073,998189,4.394066,4.875,1.2530174,0.4947319
1626,909718,5.588451,2.46875,2.3182456,0.6168953
1029,907289,4.994668,6.0,0.6058099,0.3121462
2159,909757,3.410451,4.0625,1.0313998,0.37394425
1622,907795,5.411494,4.59375,0.8018368,0.39646843
1578,910554,4.531593,5.4375,0.52457833,0.31740558
1831,998189,4.59553,4.375,0.75703937,0.3412351
2011,909718,3.797406,4.71875,0.9915168,0.38173622
1799,908458,1.235409,4.25,1.0934212,0.4361061
1091,908442,2.331506,2.28125,1.6804171,0.513754
2359,907291,5.071197,5.59375,0.5833853,0.3052743
1931,907289,5.338462,6.21875,1.3102733,0.5815946
1927,908458,4.974331,4.6875,0.65829873,0.325496
1199,1660036,5.655856,4.59375,1.0374974,0.43094406
1862,907291,-1.313343,-1.5703125,0.6814908,0.50600463
1248,1660036,-3.430018,-3.90625,3.8551185,1.1243736
1625,909698,4.201922,4.34375,0.7927637,0.3518862
1578,905937,4.644708,5.6875,0.42849332,0.2907366
1017,907287,4.729199,4.40625,1.0429466,0.4015368
1023,1240173,3.368743,3.53125,0.8227049,0.38047263
1810,910700,4.137436,0.83203125,3.5988474,0.7842947
1827,1660036,-2.647985,0.6015625,2.367617,0.68094766
1089,909746,3.784972,5.375,2.0562282,0.77980614
1849,907291,-1.121518,-0.74609375,1.9287577,0.6368509
1190,1674021,-2.904957,0.049560547,5.1177907,0.9155202
1025,909718,4.062463,5.46875,0.7471689,0.3790769
1175,1660034,4.811854,4.5,1.0379364,0.3877534
2173,1660035,3.908137,4.0,0.87027717,0.38827622
1086,907289,-2.14443,-1.671875,3.3518105,0.78300345
1630,1240123,3.824703,4.0,0.89003944,0.3461362
1578,909757,6.384175,5.34375,0.5584934,0.3173396
1816,909263,4.266777,4.59375,1.1313312,0.42264393
2157,1240173,3.78032,5.21875,0.5019656,0.27091438
1004,1290769,-0.173333,-3.15625,3.157196,0.807165
1190,1660036,2.091924,-0.103515625,5.527849,0.9452586
1008,907291,2.866017,0.07861328,3.5349438,0.76426643
1706,1660035,2.062374,1.4296875,3.0345852,0.70594275
2106,905936,3.223036,3.421875,1.3124843,0.44407186
1557,910700,6.249416,5.375,0.79196066,0.32070673
1030,909755,4.344318,6.125,0.3911994,0.26209444
1017,909746,5.960674,4.75,0.95678157,0.381608
1016,910689,5.27136,-0.022583008,2.2369542,0.62006307
1059,908458,-0.170479,-0.5859375,2.0219476,0.56303865
2154,909751,1.994618,3.765625,0.81521124,0.40101096
1062,909718,0.207346,3.875,1.5371403,0.52008295
1200,998189,3.737119,4.5625,1.0338932,0.39805123
1020,908442,5.76521,5.9375,0.921278,0.46024293
1925,1240123,3.434337,5.46875,0.66269594,0.31607372
1089,917486,2.832843,5.09375,1.8646189,0.72881585
1622,905937,2.93853,5.0625,0.5800093,0.35364985
1375,907795,7.234704,6.78125,0.97093046,0.42223814
1827,905936,1.404244,0.68359375,2.0385594,0.64444566
1854,907792,6.057068,4.25,0.58700365,0.2962865
1441,1290769,2.878262,1.4921875,1.8442458,0.523099
1916,908457,1.377651,3.1875,1.1722462,0.43574354
1030,1660036,5.339258,5.71875,0.4137015,0.26209798
1180,1240173,-2.937376,-3.75,1.8836359,0.6531637
2156,909698,1.622541,2.96875,1.9133469,0.49789903
1012,909748,1.262086,1.40625,1.235279,0.46379364
1553,908442,-0.741676,3.015625,1.813562,0.5096728
2171,1660036,3.81675,2.375,1.9199677,0.5249617
1845,1674021,1.761957,2.421875,2.1369188,0.6005471
1594,909761,4.051787,2.296875,1.699909,0.488909
1004,909746,0.528848,-3.1875,2.9218974,0.8482243
1626,909755,5.806307,2.953125,1.9222103,0.57937974
1814,1660036,5.850639,6.65625,0.91725004,0.3549256
1133,917486,4.275404,4.09375,0.79675406,0.36658385
1563,909746,6.871188,5.9375,0.70726675,0.30135638
1239,908457,3.887216,2.25,1.5010971,0.57502604
1131,1659928,3.93645,4.75,1.3288627,0.5381267
1632,909698,2.976794,3.1875,0.87523144,0.33527535
1249,907792,6.956415,2.65625,1.3445942,0.4439677
1441,1674021,2.826785,1.859375,1.7065535,0.495411
1441,909757,2.687983,1.4609375,1.9255446,0.5264866
1026,910905,0.211574,-0.61328125,3.2010381,0.8954732
1922,1660036,4.090342,2.71875,1.5381902,0.52043825
1177,917486,5.660151,4.375,1.0482258,0.38194144
1930,998189,1.101927,0.6796875,1.5014484,0.57227725
1529,909747,7.653593,-0.21679688,2.5560555,0.58969426
1131,1660034,5.369163,4.96875,1.2630224,0.52195877
1621,905939,4.523424,4.625,0.8542356,0.3791719
1825,909761,-0.209431,-1.2421875,2.53178,0.7814441
1553,909748,5.567098,2.890625,1.6766415,0.4936035
1706,905937,-1.271289,2.25,2.3173172,0.59769696
2047,909698,0.569735,2.3125,1.2025486,0.42321184
1060,1290769,-3.118505,0.8828125,2.1890945,0.6325382
1625,907795,5.328376,4.65625,1.0916762,0.422419
1849,1290769,0.495592,-0.48242188,1.777496,0.62555254
1089,1674021,3.109139,5.8125,1.5719285,0.6801151
1720,1659928,0.794847,3.484375,1.6328324,0.49920592
1005,908458,4.510704,2.484375,1.828806,0.46549773
1806,1240173,5.174086,5.125,1.4195298,0.62687254
2170,905936,2.259871,3.546875,1.0749751,0.41805765
1062,1290769,-0.823332,3.6875,1.2848923,0.4848454
2158,1240173,4.177467,4.25,0.8386363,0.35012054
1614,907792,7.060207,3.15625,0.9185534,0.37386245
1072,910700,6.663235,5.25,0.7414229,0.37810478
1940,905937,3.307124,4.375,0.7499298,0.35584497
1003,917486,-1.282278,-2.734375,2.6044557,0.7813175
1017,909757,5.081232,4.53125,0.9184094,0.37570605
1635,1240123,4.653168,5.90625,0.6351321,0.3553615
1927,908457,5.71755,5.3125,0.5847735,0.31560636
2158,907792,5.509864,3.421875,0.89528954,0.36255002
1175,1660036,4.736744,4.28125,1.1073257,0.4014719
1401,909761,2.504582,2.1875,1.4138771,0.4760422
1016,917486,3.168489,0.018920898,2.7616153,0.6967943
1017,907289,5.11702,4.71875,1.04252,0.40339822
1079,907792,-0.988903,0.13378906,2.1060927,0.605731
1852,909746,6.272631,5.34375,0.76290417,0.3250627
1620,909747,6.672868,5.53125,0.5321903,0.2842833
1827,1240123,-2.0655,0.47070312,2.4026797,0.6878316
1062,1659929,1.575773,3.71875,1.5536553,0.5231046
1006,908457,3.296081,2.46875,2.758743,0.6338236
1003,1659823,0.764638,-2.5,2.3585265,0.7314497
1617,907287,2.167689,2.515625,2.7892036,0.60784954
2175,907289,1.765145,5.03125,0.7791275,0.3286068
1811,905936,-3.644615,-3.796875,2.5926192,0.8477715
1930,910700,0.290355,0.8203125,1.5636452,0.5870809
2499,1240173,9.256252,8.5625,3.369511,1.0911855
2156,1240123,1.850998,3.875,2.4861639,0.57595783
1180,905962,-3.558535,-4.8125,1.5283384,0.5943706
1620,1674021,6.350279,6.125,0.5366183,0.2926148
2148,910554,1.507793,0.84765625,1.3214433,0.62381446
1378,910700,5.867159,3.71875,2.367715,0.55311275
2171,1240123,1.071497,2.375,1.9873705,0.53123206
1511,1660034,-0.811739,-0.42773438,2.8268912,0.7039973
1617,1660034,3.561889,3.0625,2.449063,0.53800935
1083,909746,3.014598,3.0,1.4670787,0.47510007
1062,907792,2.66629,2.75,1.2564048,0.4623835
1023,907287,4.043598,3.546875,1.1234912,0.44583854
1940,909718,4.170197,4.125,1.0798854,0.41575828
2044,998189,4.036098,4.28125,0.91668355,0.3674705
1996,910554,3.759099,4.875,0.9301012,0.42356572
1003,1240123,-2.549696,-2.53125,2.5228302,0.7640216
2148,998189,2.210032,0.94140625,1.3188015,0.63878953
2172,905962,3.23422,1.203125,1.9043146,0.5451612
2173,1674021,4.371786,4.4375,0.75964963,0.3698514
1006,907287,3.032264,2.109375,3.7781835,0.7508279
1624,907289,3.960381,3.46875,1.9425482,0.52159655
1803,905936,3.994375,5.625,1.3124821,0.62599015
1810,908458,1.021487,-0.41015625,3.5046127,0.75174296
1776,905936,3.968539,4.59375,0.7583262,0.34357265
1918,908457,2.465411,3.78125,1.1438977,0.44262582
1804,1660035,3.209729,5.125,1.7403419,0.6768187
1830,907287,2.065973,2.140625,1.3481939,0.5744464
1511,1659929,-0.297089,-0.6875,3.0660727,0.74725515
1003,1660034,-1.612538,-2.3125,2.578954,0.75217086
1373,909718,3.708916,4.9375,0.8523899,0.38029575
1814,909746,6.708984,6.6875,1.1222624,0.3930101
1815,905939,5.189217,6.1875,0.63076943,0.2872508
1581,907289,2.859498,2.1875,1.720479,0.5137024
1626,907790,1.516285,2.75,1.8792503,0.56643105
1615,905962,7.096334,4.34375,0.49446118,0.276655
1919,910700,1.752247,2.046875,1.5406939,0.50136125
1862,907792,-1.570562,-2.234375,0.42609692,0.3800015
1632,909718,3.126974,3.96875,1.1942054,0.40012008
1237,1674021,5.735882,5.625,0.62060696,0.2826228
1778,909698,2.406199,2.390625,1.1803371,0.40929
1799,1240173,5.431211,4.65625,0.94340825,0.40817773
1067,910905,5.762501,5.75,0.5412155,0.33338895
1093,910700,4.523874,4.53125,0.915523,0.37643245
1580,1659928,5.132434,5.40625,0.6560115,0.32772374
1558,905937,2.065397,3.828125,0.90317315,0.38482934
1634,909755,5.09721,5.03125,0.68925965,0.3719983
1854,1659929,5.541923,5.0625,0.80263734,0.36364856
1372,1660035,-1.550075,-0.38476562,2.882267,0.7304284
1615,1240173,5.427153,5.09375,0.43861216,0.2623491
1053,909751,2.185361,3.125,1.6332104,0.52129483
1080,907790,-2.176762,-3.0625,2.8149042,0.9071843
2157,909755,5.40529,5.90625,0.54023176,0.2945852
1933,909698,4.53041,4.125,0.88570285,0.3992301
1079,910689,3.608335,1.1875,2.1764805,0.60885876
1021,907790,2.236352,3.640625,0.9281363,0.3835632
1613,1240123,3.379729,3.78125,1.2352864,0.43905777
1913,907289,5.415824,5.375,0.76613224,0.3543097
1378,905989,2.943668,3.234375,2.3706095,0.5679748
2055,905937,0.326422,2.546875,1.500034,0.5804311
1024,1660036,1.599174,-0.45898438,2.457105,0.69371945
1061,909755,4.824045,5.3125,0.71418446,0.35862792
1811,908458,-2.488259,-4.65625,2.2100737,0.78164613
1559,909747,-0.243811,-3.03125,2.1506898,0.6575305
1378,908457,2.508058,3.453125,1.8574339,0.4987424
2157,908458,5.188906,4.90625,0.5508555,0.282372
1250,909698,1.515367,1.53125,1.4986054,0.4760339
1033,908458,5.189195,4.90625,0.59260386,0.31655478
1007,917486,-3.723978,-3.828125,3.2398736,1.0
1034,1659928,-4.003827,-3.0,1.6776483,0.6394359
1598,905939,4.479661,4.3125,0.8037211,0.36227685
1630,907291,3.163806,3.796875,0.9576545,0.35420135
2110,909698,4.133207,4.40625,0.58903724,0.3003924
1830,907790,2.957478,2.625,1.105009,0.5189672
1809,909718,-0.76415,0.73828125,3.1092992,0.70558715
1802,1659928,3.225748,3.984375,1.0205407,0.46000823
1919,1674021,2.503527,2.109375,1.3709948,0.47775117
1809,907289,1.772003,0.578125,3.2187622,0.7244733
1736,907790,2.305579,4.125,1.2018645,0.46740493
1441,908457,1.076064,1.625,1.6084892,0.47576672
1838,909748,4.42544,3.96875,1.1479759,0.5017911
2498,1659928,7.436631,8.125,1.029109,0.44525722
2045,910700,6.912562,5.1875,0.7024678,0.31826505
1558,1660034,2.252717,3.625,1.120347,0.42064166
2040,910689,1.714189,1.3828125,1.7465335,0.53907454
1927,910700,5.265669,5.28125,0.7162376,0.35781088
1067,1674021,5.842464,5.9375,0.4609727,0.32259384
1068,1659823,2.907841,0.27734375,1.7399868,0.5974435
1786,909698,4.33924,2.265625,0.90460235,0.36446905
1627,909747,5.498418,3.34375,1.2468021,0.4260055
1048,907291,3.498555,5.15625,0.86126256,0.44376925
1631,907795,2.476641,3.6875,1.2098807,0.40339822
2157,909757,5.453686,5.40625,0.6291208,0.30630073
1936,907790,3.645143,3.234375,1.2546237,0.43719926
1043,909263,5.971703,5.5625,0.9112802,0.41927695
1908,905936,-0.451484,3.1875,1.3239199,0.45458242
1613,910554,4.803631,3.75,1.1978631,0.4408389
1815,905962,6.218632,5.125,0.6119988,0.28157857
1940,905936,4.169098,4.3125,0.83259207,0.37146294
1815,1659928,5.427145,6.125,0.68462616,0.3070169
1175,905962,5.380313,3.125,1.1706356,0.40995017
1786,909718,2.498786,3.046875,1.3355824,0.43672776
1168,909698,3.640328,2.375,0.88046485,0.3868334
1736,1660035,2.433727,3.5625,1.4989154,0.5172064
2170,905962,4.571953,2.203125,1.2192429,0.42487013
2156,907291,2.198248,3.546875,2.5216277,0.5841736
1268,908458,5.094701,4.15625,0.81748873,0.35916474
1025,907287,4.59745,5.21875,0.75448984,0.3692353
1200,908457,3.84663,4.59375,0.86469656,0.3610004
1928,1659928,3.790138,4.90625,0.75449526,0.36171365
1559,910689,1.477486,-2.765625,2.239045,0.6653959
1908,907287,1.458473,2.609375,1.8167926,0.5249617
1926,907287,1.005138,0.14746094,2.2591383,0.6527774
1559,909761,-1.005863,-2.765625,2.3173509,0.67904013
1268,909748,5.929273,4.53125,0.9181609,0.38527796
1911,1240173,-7.213738,-4.28125,2.2646272,0.7969882
1046,909757,0.924325,2.625,1.9925,0.5838509
2046,905989,3.923809,4.0,1.4129539,0.4488266
1060,910700,0.512607,1.1875,2.3790317,0.64753044
1050,909263,2.489861,2.828125,1.4199339,0.5122572
1815,1674021,6.382699,6.3125,0.60510707,0.29309648
1149,909746,1.24794,1.96875,1.2950609,0.49860138
1629,909718,5.996593,4.90625,0.79152876,0.31569764
1175,1240123,3.974744,4.375,1.1307951,0.40191844
1635,907289,5.185371,5.9375,0.7197621,0.37470207
1006,907790,-0.402456,2.90625,2.9677951,0.6846845
1910,905989,1.452942,2.1875,1.5950583,0.48077178
2047,905936,-0.774422,3.1875,1.3239199,0.45458242
1011,908458,-0.214318,1.3125,1.7401332,0.5171301
1853,1674021,5.970623,4.46875,0.985982,0.45132405
1909,907291,1.976563,1.9140625,2.1007972,0.5931223
1854,1240123,4.305706,5.1875,0.71699727,0.34197283
1032,907289,0.228199,1.796875,2.1565988,0.60887694
2499,907287,10.371076,8.5,5.088715,1.4105449
2171,909757,-1.195351,2.171875,1.9893175,0.52936614
1011,905936,1.976791,2.40625,1.5137179,0.49258295
1913,909263,6.349551,5.25,0.71583307,0.35031733
2048,908458,-1.926718,-3.875,2.541125,0.7342573
1512,998189,5.790755,5.8125,0.49302065,0.28375977
2111,909757,4.644122,4.4375,0.9914041,0.4014719
2048,910689,2.617104,-3.4375,2.7300887,0.7533034
1622,909761,5.593731,4.46875,0.7356949,0.3810282
1511,910905,4.026865,-0.90625,2.9306712,0.7235445
1854,907287,5.413559,4.9375,0.81441253,0.35964927
1827,909748,0.301188,0.10595703,2.4221582,0.6902021
1449,1240173,4.985117,5.625,0.5080576,0.29581276
1812,905989,4.112058,3.234375,2.3706095,0.5679748
2055,909698,0.541373,1.2890625,1.4335259,0.5603164
2010,908457,5.386037,4.0,1.0066543,0.37232456
1507,907289,5.239917,5.46875,0.5589645,0.2749605
1915,1674021,3.053289,3.09375,1.2307438,0.46441278
1629,1659929,6.302931,4.75,0.81187356,0.31893918
1449,1240123,3.976296,5.9375,0.6686703,0.34631512
1922,907792,2.680124,1.4921875,1.3363042,0.4844904
1023,908457,4.36459,3.90625,0.80400884,0.3815057
1854,905936,4.928363,5.34375,0.59764606,0.3208968
1997,1660034,4.928808,4.5625,1.1140983,0.4398822
1016,907289,-0.574475,0.46875,2.7972088,0.7311474
1062,909746,2.395758,3.765625,1.5442688,0.51740927
2110,910554,5.361971,5.09375,0.7659654,0.35789123
1812,1660036,2.832684,3.671875,2.3438668,0.5429926
1048,909746,5.751322,5.375,0.90607125,0.45032057
1034,909751,-4.383869,-2.84375,1.9884762,0.6963535
1925,909263,5.850042,5.4375,0.7352818,0.34532493
1131,1659823,5.944019,4.84375,1.1913118,0.51280993
1011,1659929,1.486684,2.03125,1.9861078,0.56074184
1067,1660036,4.988326,5.75,0.4805269,0.32666072
2111,907794,3.798355,4.875,0.9276915,0.4034344
1917,909761,0.522549,1.7109375,1.8050842,0.5096331
1996,909748,5.69063,4.59375,1.0492826,0.4336283
1072,908442,1.732437,5.0625,0.92789096,0.40558988
1778,909755,4.948208,3.59375,1.3660215,0.4466812
1012,1290769,1.251988,1.6953125,1.1991367,0.45248613
1802,910905,4.231117,3.9375,1.1024086,0.46972072
1022,909748,1.191812,0.18164062,2.7857034,0.63475734
1634,907794,4.619729,4.96875,0.747097,0.3809984
1919,905937,1.531952,2.1875,1.1593944,0.44862223
1847,909755,5.99512,5.59375,1.3572873,0.5812799
1831,1660036,3.525708,4.25,0.7932554,0.35391274
1239,908458,3.988814,1.546875,1.7328626,0.60984474
1815,910554,4.926686,6.1875,0.6643989,0.30256554
1849,909746,1.456656,-0.58203125,1.7580209,0.6310829
1072,998189,6.447158,5.25,0.71262807,0.36908153
1813,910905,6.125905,5.65625,1.3564752,0.4226984
1016,907790,-2.034643,0.7578125,2.229981,0.6503903
1913,909747,5.745424,4.78125,0.5833726,0.30369884
2096,909747,3.086204,2.671875,1.4355178,0.46713567
1598,910905,4.124814,4.1875,0.9508852,0.39900967
1014,910689,1.581349,1.6875,2.1228008,0.58573675
1190,910700,1.560098,-0.059570312,5.5449924,0.95417166
1873,907289,0.637142,0.8984375,2.1764998,0.64377564
1029,905937,5.42873,6.125,0.41710234,0.26934862
1042,917486,4.734927,5.0625,0.68181205,0.31209308
1813,907289,5.113996,5.84375,1.4659711,0.4481914
1049,998189,4.849082,3.890625,1.0046293,0.41306993
1259,1240123,3.17275,3.6875,2.099233,0.56366825
1401,909698,1.326041,1.796875,1.0614215,0.41278666
1049,907792,4.448282,2.890625,0.84332603,0.37241766
1778,1660035,4.471376,2.8125,1.4724978,0.46549773
1190,909761,0.983628,-0.7890625,5.5558567,0.9621221
1909,1659928,1.864476,2.078125,1.9374495,0.5703854
1449,905989,5.695841,5.875,0.6864957,0.344724
2040,909761,0.370356,1.3515625,1.9169685,0.5696817
1931,907794,5.825299,6.4375,1.1093237,0.5485054
1831,907790,3.649601,4.625,0.6717486,0.32537568
1908,1660034,2.518578,3.015625,1.5034593,0.4798804
1268,909747,5.064287,4.28125,0.8163711,0.3642259
1049,905962,4.198377,2.78125,0.97069955,0.39508656
1941,909747,-3.492681,-4.53125,1.5336503,0.6912921
1736,907792,3.813099,2.75,1.2564048,0.4623835
1086,1660034,-1.868647,-1.5234375,3.08188,0.7169451
2159,905989,2.361175,4.125,1.0432434,0.37079996
1620,1240123,5.248393,6.0625,0.6253277,0.30760527
1855,905962,3.779877,3.84375,1.0995017,0.44978794
1936,1659928,1.59718,2.828125,1.445977,0.46826646
1617,1660035,3.310382,2.734375,2.2325997,0.57078373
1038,1659928,3.580716,3.828125,0.7957854,0.37566686
1804,1240173,5.082248,5.125,1.2186744,0.57235014
1915,1660035,2.874252,2.5625,1.4098154,0.50608635
1200,909751,2.899755,4.53125,1.320929,0.4491243
1026,908458,-1.116697,-1.4375,2.569945,0.7932239
1023,1660035,3.560411,3.546875,0.9749768,0.4133103
1629,907790,5.11696,5.09375,0.6279962,0.28745937
1810,907794,1.299837,1.1484375,3.2917817,0.7625915
1061,907794,4.381134,5.28125,0.7735991,0.36519334
1268,909263,4.217289,4.71875,0.95232415,0.40370744
2038,908458,5.272566,3.6875,0.95705444,0.38365394
1843,1660034,2.459907,0.14550781,2.860575,0.73133117
1175,907794,5.056986,4.6875,1.019061,0.3884152
1084,905937,-3.925944,-1.5078125,2.4517124,0.7320348
2038,1674021,3.459933,4.625,0.9000244,0.37384206
1007,907795,-4.631581,-3.671875,3.1136372,0.98905087
1835,910905,3.939277,3.765625,2.613801,0.7482707
1931,909698,5.557825,5.65625,0.87163526,0.45846602
1039,907289,5.407392,5.4375,1.4466963,0.49673903
1049,1674021,3.469702,4.0,0.93659306,0.40316415
1910,909748,3.456165,2.03125,1.757686,0.5055262
1706,910905,2.312898,1.6015625,3.3006682,0.70799667
1635,908442,5.684999,5.8125,0.768861,0.37433615
1250,917486,5.665826,1.8828125,2.0271482,0.5542672
1007,909746,-2.695757,-3.375,2.762581,1.0166882
1086,905937,-0.541491,-1.5,2.476285,0.67400104
1133,910689,5.128445,4.125,0.6683567,0.3321756
1048,909755,5.161368,5.78125,0.69148815,0.42270193
1007,905939,-5.602511,-3.625,2.5808587,0.9127832
2038,910700,6.024213,4.46875,1.0002394,0.39692816
2039,908458,3.9193,2.9375,0.96679,0.41616267
2154,910905,2.018345,3.5625,0.7195993,0.3688711
1925,907790,4.886684,5.65625,0.58488053,0.30605677
1049,909747,5.55727,3.4375,0.9899424,0.404969
1909,905962,4.120572,0.63671875,1.9698955,0.5799376
1179,907792,0.698152,-0.95703125,1.4841287,0.52230805
1149,998189,1.364985,2.03125,1.3097358,0.49920592
1259,907291,2.854132,3.390625,2.2911088,0.588331
1776,1659823,2.966129,4.3125,0.81559294,0.34929064
2498,910905,6.785637,8.125,1.1401291,0.457043
1036,910689,9.03713,4.40625,0.9050672,0.38172346
1940,917486,4.236426,3.71875,1.0811257,0.41207123
1931,905936,5.163716,6.3125,0.93295306,0.5035214
1618,1674021,4.327918,4.4375,0.93467486,0.39622557
1020,909263,6.204619,6.03125,0.78754187,0.4451918
2110,909746,5.877652,5.09375,0.8201844,0.37350988
1617,1240123,5.103342,2.9375,2.5155325,0.5661916
1720,1659823,1.196863,3.578125,1.5132103,0.4829927
1925,1659929,5.298222,5.375,0.7367593,0.33551833
1033,909748,4.128515,5.21875,0.67675114,0.34512398
2173,1240123,4.129915,4.25,0.8656615,0.3901965
1919,1240173,1.954236,1.625,1.2775617,0.45184064
2011,909755,6.118627,5.0625,0.8002854,0.35522488
1918,905989,5.468847,3.578125,1.4306134,0.48404017
2439,909757,10.139675,8.625,3.3266156,1.0720981
1072,909755,4.590575,5.5625,0.6556414,0.3668366
1808,1660036,1.970749,-0.43164062,2.7898371,0.74238783
1627,1674021,2.819132,4.03125,1.1306292,0.40992084
1631,998189,5.279617,4.03125,1.0132238,0.3691878
1004,1240123,-4.040787,-3.15625,3.1821334,0.8243997
1053,1660034,2.471248,3.25,1.3062397,0.4619833
1003,909748,-2.092786,-2.8125,2.435175,0.74805504
1927,909747,6.995782,4.8125,0.6580794,0.33387727
1007,910689,0.569343,-3.953125,2.631957,0.89488226
1598,998189,4.465085,4.4375,0.8337438,0.3816384
1581,905989,1.723188,1.9921875,1.5389888,0.4818729
1917,909755,3.033761,2.5625,1.5795462,0.47835454
1250,998189,3.02817,2.234375,1.8235161,0.5220304
1401,1240123,1.301479,2.484375,1.4122591,0.4801771
1622,905962,4.476375,3.6875,0.71572685,0.36688605
1512,1659928,5.068891,5.71875,0.5111202,0.28597584
1047,907792,6.703957,3.546875,1.1760024,0.44375655
1024,909747,0.163735,-1.203125,2.2177355,0.668455
1072,905939,4.297068,5.21875,0.6950703,0.35446626
1853,909263,5.433434,4.25,1.2560198,0.50605696
1803,1659928,2.449775,5.3125,1.5440707,0.6579067
1046,1240173,1.58489,2.5,1.6268421,0.526838
1926,907291,0.590688,0.22851562,2.2142851,0.63389856
1250,1660036,3.201369,2.21875,1.900992,0.5342437
1912,1240173,1.200668,2.765625,1.313628,0.4274712
2046,910689,7.300705,3.75,1.2024425,0.4190157
1926,905936,0.153251,0.609375,1.852134,0.5911718
1200,908442,3.462625,4.375,1.2846519,0.43893796
2438,1674021,9.652541,8.4375,5.7468915,1.7569975
1030,909746,5.944273,5.9375,0.5290755,0.28702006
1067,909761,5.346297,5.59375,0.4857495,0.31728798
1997,908457,1.154171,4.5,0.9433815,0.397883
2438,909748,10.971931,8.4375,6.4620857,1.7830597
1855,905989,2.261406,5.125,1.2021388,0.47464338
1802,907289,3.708191,4.125,1.156339,0.4926997
1854,1659928,5.124453,5.0625,0.70808095,0.3412134
1816,909761,5.25805,4.125,1.0601572,0.39804298
1023,909757,3.039879,3.6875,1.0014002,0.42020676
1563,1659823,5.856798,5.875,0.52193826,0.26209143
1085,907291,1.94803,2.46875,1.7651109,0.6304912
1190,907795,-3.242431,-0.52734375,5.820773,0.99534845
1080,905937,-0.292799,-3.125,2.482117,0.8564637
1827,909747,0.286878,-0.10888672,2.2012713,0.66036516
1559,907790,-2.612952,-2.109375,2.2246215,0.6673701
1936,909761,3.240144,2.609375,1.4629116,0.4669382
1782,1674021,6.194154,5.9375,0.46493286,0.27525577
1817,910700,-5.59021,-5.59375,1.812274,0.8085503
1058,1674021,0.78603,1.59375,1.633517,0.5341507
1843,1660035,4.905403,-0.40039062,2.6682787,0.7533406
1849,998189,1.538378,-0.40429688,1.767834,0.6190857
1915,1659929,0.907137,2.765625,1.5480524,0.518677
1032,1659823,0.642267,1.640625,1.7804644,0.55481994
1057,907790,-3.073697,-1.3125,1.6993331,0.6191851
1576,907795,3.43242,3.046875,1.6956546,0.5598833
1804,909755,1.988344,5.75,1.3581002,0.6544478
1237,908458,4.947519,4.75,0.60891086,0.26077577
1827,910700,0.329461,0.66796875,2.3938272,0.68848604
1529,1659929,3.252897,0.45703125,2.9026978,0.63766366
2177,909761,2.484003,2.015625,1.345652,0.4378922
1052,905936,2.360125,4.53125,0.8453568,0.40946653
1191,910689,-1.534907,-5.25,0.7464959,0.5210922
2359,1659928,5.409627,5.71875,0.5075373,0.28397122
1930,909757,2.528158,0.48828125,1.5459411,0.56893903
1073,908442,1.346598,4.53125,1.5483825,0.5290491
1024,909746,1.926325,-0.59375,2.258294,0.69371945
1816,905939,3.778638,4.53125,0.9714255,0.37778723
1036,1659823,5.837091,4.6875,0.9153217,0.39805502
1581,907794,3.798031,2.46875,1.456936,0.47640967
2055,905939,1.875205,2.140625,1.7705691,0.6079443
1825,1660034,-0.035444,-0.6640625,2.6524112,0.76999277
1557,908457,4.001529,5.375,0.6356397,0.28214318
1191,905936,-4.330325,-4.84375,0.8118806,0.54119134
1175,909761,4.689495,4.03125,1.1463513,0.4034344
2096,1290769,-0.572185,2.9375,1.4184995,0.47994155
1915,909746,2.469231,2.765625,1.4868479,0.51052547
2439,905936,7.642558,8.5625,2.913891,1.0723735
1835,907287,2.277527,3.546875,2.7284214,0.7774728
1915,1240123,-0.349224,2.890625,1.4286242,0.49783325
1024,905939,-0.239505,-0.703125,2.1373558,0.6565687
1091,1659929,2.21008,2.34375,1.6279019,0.5171051
1802,907291,3.855156,3.921875,1.1083555,0.47225463
1915,909747,3.854749,2.421875,1.3482236,0.48397645
2439,910689,12.125419,8.5625,2.6034746,0.93457836
1786,909748,6.254718,2.65625,1.2851365,0.42849
1559,1659929,-1.18678,-2.421875,2.6995678,0.7314497
1736,910905,0.936842,3.640625,1.5203136,0.5093831
1811,910554,-2.389354,-3.953125,2.844926,0.8574985
1936,910905,3.453731,2.734375,1.5546511,0.4775692
2154,1660035,3.715101,3.65625,0.6639747,0.3546794
1191,1660035,-3.303994,-5.1875,0.759463,0.580352
1919,908458,2.938616,1.265625,1.4808941,0.47267792
2096,910700,2.795917,3.15625,1.4707117,0.48325488
1779,909757,0.374503,0.953125,1.9643086,0.6062917
1093,907287,4.816435,4.25,1.0819778,0.40420645
1069,910700,4.24215,4.09375,0.8784113,0.38200343
1007,905936,-5.441626,-3.25,2.657729,0.8948382
2039,905939,3.627907,3.5,0.91295695,0.41575828
1845,909751,2.493069,2.34375,3.032135,0.7024404
1067,908442,5.286798,5.75,0.634138,0.35663494
1005,910554,2.565379,3.03125,1.8334948,0.47924736
2154,907287,3.301816,3.484375,0.7662282,0.3808181
1806,1660035,5.44527,5.15625,1.9291285,0.7616825
2499,907795,8.989408,8.5,4.9495487,1.3782688
1853,907792,5.834802,3.109375,0.9910973,0.43100828
1058,1659928,0.119059,1.265625,1.771896,0.5521499
2037,910554,5.389952,3.796875,1.269974,0.4403722
1083,909263,2.277194,3.125,1.4956452,0.48670185
1799,907794,6.187326,5.34375,1.1020247,0.46008208
1922,1290769,2.699908,2.5625,1.4938922,0.5129442
1175,905936,3.420835,4.625,0.9175004,0.3677979
2110,908442,3.741463,4.90625,0.9323867,0.3932458
1129,905939,3.885233,3.671875,1.2008791,0.45542267
1873,909263,3.299001,0.9296875,2.079783,0.62984776
1053,910700,2.96276,3.15625,1.3519504,0.47111475
1918,909698,4.177362,3.03125,1.1282573,0.4257402
1401,910554,1.801259,2.40625,1.356028,0.4748735
1778,1659823,1.660816,3.03125,1.4539986,0.4530882
1061,1659929,4.917263,4.84375,0.91853964,0.38740563
1067,1659929,4.419487,5.78125,0.5602443,0.34687912
1908,917486,2.540387,2.59375,1.7407012,0.514873
1093,1659928,2.736584,4.40625,0.9273117,0.3755175
1046,909755,3.240915,3.3125,1.6770796,0.56190765
1168,905936,3.689304,3.140625,0.9901527,0.42621934
1069,1659928,2.939714,3.9375,0.8880323,0.38031396
1561,905962,3.979551,0.40625,1.7440091,0.5086531
1058,909747,1.984239,0.8046875,1.723799,0.54233176
1033,909263,6.63003,5.375,0.7367022,0.37763816
1553,917486,5.686389,2.828125,1.7028161,0.50130934
1018,998189,5.948417,5.9375,0.40466624,0.22641401
1032,1240123,-2.498602,1.7890625,1.9983548,0.58283484
1932,909747,5.382178,2.546875,1.3488313,0.4243616
1941,1660036,-4.666365,-3.953125,2.0012271,0.762768
1049,907795,3.513854,3.625,1.1521336,0.43474975
1005,1674021,3.3532,3.296875,1.7801063,0.48451346
1093,909757,5.647853,4.34375,0.9503026,0.37711158
1084,909755,-0.068496,-1.2578125,2.8799036,0.77328736
1043,910554,4.678225,5.5625,0.75884885,0.3732857
1843,909748,0.514886,-0.3984375,2.9523866,0.7581397
1778,908457,3.443502,3.15625,1.2860377,0.42257363
1593,909747,3.842151,1.90625,1.2417849,0.4662363
1634,907795,4.477274,4.375,0.86771166,0.3971869
1012,1240173,1.08869,1.4296875,0.9633272,0.41467208
1924,909751,2.148486,3.75,1.9736614,0.52519995
1003,909746,0.010487,-2.625,2.3012307,0.7748078
1916,905989,0.556575,3.0,1.4277562,0.4760422
1507,909718,4.253743,5.5,0.54319525,0.27417448
1912,1659928,2.353033,2.9375,1.5904343,0.4748735
1845,908457,4.517738,2.125,1.9733664,0.57554674
1052,909263,5.206551,4.1875,1.1082388,0.4674136
1819,909748,0.72526,-3.828125,2.872612,0.93932754
1084,1660036,0.395813,-1.5625,3.1700459,0.779271
1706,909751,1.234622,1.9375,3.5753937,0.7491678
1268,905939,5.36739,4.75,0.8035036,0.35665333
1034,907792,-3.69858,-4.03125,1.073487,0.5390518
2111,909698,3.111129,3.953125,0.7752488,0.34765613
1088,1660035,6.094055,2.3125,2.1153705,0.59176356
1073,1659823,5.712946,4.875,1.2171142,0.4953803
1919,917486,1.210344,1.6328125,1.6608381,0.5126244
1021,998189,5.338069,3.40625,1.0428399,0.3994812
1084,907289,0.512396,-1.671875,3.3254843,0.8501893
1083,917486,2.133678,2.71875,1.5002503,0.48584244
1023,910905,4.73814,3.640625,1.0661077,0.43172336
2107,909698,4.304238,5.03125,0.4437351,0.24955364
1583,909757,2.288389,3.578125,0.6752507,0.35517094
1149,907790,3.103564,2.28125,1.1593789,0.47912687
1449,910554,5.510022,5.9375,0.63135505,0.34074676
1776,907291,3.352711,4.1875,1.0270747,0.38369566
1062,910700,5.668113,3.890625,1.3497248,0.49425542
1463,1240123,3.396584,3.875,0.98926485,0.3886262
1582,910700,6.239255,4.75,0.8057222,0.37646726
2173,909757,5.92344,4.09375,0.8604237,0.38585234
1594,907289,3.857893,2.6875,1.8961047,0.52080333
1061,905962,7.540786,3.78125,0.78623676,0.3543958
1813,909746,6.50113,5.8125,1.3913656,0.43774348
2177,1659928,1.306612,2.265625,1.3490611,0.44113523
2109,908458,2.034325,2.34375,1.4789975,0.45217398
1011,909757,-0.173793,1.953125,1.8205215,0.5359618
1079,910700,1.612047,1.6875,2.3198054,0.6371813
1168,909746,1.925257,2.953125,1.1727922,0.45152763
1017,907792,5.693076,3.5625,0.7606214,0.3428497
1019,909263,3.721256,2.71875,1.6032075,0.5345412
1268,907790,5.495632,5.03125,0.7533532,0.35746938
1941,907289,0.117642,-4.0,1.9649497,0.77975714
2044,905962,4.192429,2.96875,0.9129164,0.35682786
2039,910689,6.011118,3.25,0.8971924,0.41279522
1582,1659928,4.360543,4.625,0.817437,0.37803638
2040,905989,-2.331196,1.546875,1.8841566,0.56257343
1816,1240173,5.020046,4.125,0.88086164,0.36588243
1919,1240123,-1.42341,1.921875,1.5543675,0.49852717
1131,917486,6.386028,4.375,1.4410834,0.55482036
1908,1660036,3.096869,2.953125,1.592056,0.49374428
1036,1659929,5.552349,4.59375,1.1342028,0.43230158
2046,907790,3.192076,4.5625,1.1487883,0.4185834
1931,1290769,6.158049,6.0625,1.0879512,0.51889974
1720,1660036,4.437357,3.59375,1.612465,0.4976938
1786,907792,7.020432,1.7734375,0.9544935,0.3806954
1621,910700,4.97417,4.6875,0.9288342,0.40808454
1940,910689,5.119602,3.75,0.8903543,0.36982536
1073,909718,2.686446,4.78125,1.3995042,0.5202191
1910,1240123,1.856308,2.390625,1.700825,0.5007231
1910,908442,1.077319,2.234375,1.8662701,0.5244856
1621,910905,6.633276,4.5,1.0096182,0.41301805
1038,905962,3.632775,2.703125,0.7778952,0.36346534
1916,907289,5.398337,3.140625,1.5844733,0.5081829
1816,907792,4.631448,3.34375,0.8752423,0.37292838
1080,998189,-1.854995,-3.328125,2.9662468,0.9111936
2170,1660034,2.053316,3.46875,1.1804987,0.43228662
1025,909757,6.40755,5.3125,0.6640105,0.34746397
1068,908458,0.547528,-0.18652344,1.7965381,0.5931937
1249,1659929,1.917168,3.59375,1.6740261,0.49283355
1079,907289,2.273326,1.5859375,2.5910866,0.6712764
1932,1290769,4.038275,3.03125,1.3997018,0.4361685
1549,907291,2.648138,3.921875,1.1857587,0.43638426
1249,909751,3.051531,3.765625,1.7818778,0.514873
2177,1674021,2.643862,2.578125,1.2017018,0.42501095
2158,905936,3.764401,4.78125,0.8275896,0.36174718
1046,908442,2.679898,2.578125,2.3358636,0.63004565
1564,1660035,1.193186,2.546875,1.716689,0.52235746
1052,909751,1.396343,4.3125,1.2256923,0.49134266
2498,905937,7.403303,8.125,0.8335077,0.41212812
2010,907291,4.158429,3.78125,1.3573829,0.44385642
1853,909718,3.737086,4.3125,1.2739477,0.50046194
1058,907794,1.74039,1.75,1.7209668,0.5493053
2045,909755,5.031436,5.5,0.62225133,0.30451992
1919,1290769,2.79962,1.7578125,1.4658606,0.48637033
1557,909757,5.999618,5.1875,0.82960683,0.32590556
1019,1660034,1.738257,2.734375,1.424827,0.49406853
1013,1660035,3.976463,3.640625,1.0237901,0.4145867
1093,1660034,3.734306,4.59375,0.8847758,0.36564398
1598,1659928,4.038057,4.25,0.87168384,0.3889038
1032,909755,2.257309,2.203125,1.7523203,0.5539575
1625,909263,5.427428,4.875,1.1019258,0.4372807
1131,1674021,3.477572,5.09375,1.1996374,0.5137638
1375,905936,5.797011,7.0625,0.707509,0.37406048
1706,1290769,0.814443,1.703125,2.9729657,0.6774274
1047,908442,6.067375,4.4375,1.6258307,0.52397096
2040,908457,1.536889,1.71875,1.6142879,0.520251
2110,905989,4.936761,4.96875,0.7668562,0.35282794
1817,908457,-4.411343,-5.625,1.3871948,0.7110847
1025,905936,4.037093,5.625,0.5616604,0.33551833
1259,909263,5.831462,3.625,2.2284846,0.59837383
1008,909751,2.636944,0.5,3.8914986,0.8029611
1908,908442,1.354978,2.75,1.8470217,0.5238864
1191,905937,-4.975309,-4.8125,0.76603645,0.53204453
2158,907795,5.605061,4.28125,1.1182157,0.4074436
1085,909263,4.467936,2.703125,1.743178,0.64152634
1835,908457,3.197871,4.09375,1.9776624,0.63428915
1194,907291,3.31519,3.984375,1.1603343,0.44448984
1021,1660036,3.302311,3.375,1.0694577,0.40967768
1059,1290769,1.289383,0.03112793,2.0478468,0.57817274
1924,1660035,4.771739,3.40625,1.605306,0.47706234
1030,910700,4.597627,5.8125,0.43279475,0.26934034
1736,909755,2.393628,4.28125,1.1680589,0.46823922
1909,910554,3.192542,2.1875,1.9205489,0.5734395
1816,909746,5.697768,4.59375,1.0939116,0.4190453
1033,1659928,4.26033,5.34375,0.6349389,0.34092066
1933,907790,5.920122,5.03125,0.9231779,0.42257607
1021,909761,3.629001,3.03125,1.0915934,0.39973038
2157,909746,6.264763,5.59375,0.6719327,0.31719965
1625,909748,5.715751,4.65625,1.0488676,0.41412693
1558,910554,2.072716,3.484375,1.1546569,0.43135798
1632,909751,2.492182,3.9375,1.3119409,0.43108505
1736,1659928,2.557259,3.71875,1.3737665,0.49314576
2110,910905,5.125921,4.875,0.8279918,0.36752298
1873,1660034,0.727137,1.0234375,1.8293469,0.5838986
1835,905936,3.105815,4.375,2.020629,0.65120614
1194,1290769,4.722098,4.125,1.0108079,0.42632094
2439,909748,8.992228,8.5625,3.5924528,1.1411471
1996,1659928,2.39273,4.75,0.9568103,0.41823074
1168,917486,3.046186,2.65625,1.2507812,0.4649363
1578,910700,6.00068,5.4375,0.55759066,0.32758206
1050,910554,5.502109,2.671875,1.3254931,0.48780945
1560,998189,3.188041,4.09375,1.2918783,0.44796774
1449,907792,6.95103,5.0,0.53085935,0.29855174
1038,905937,1.331803,4.25,0.5950997,0.3312545
1617,907289,4.541664,2.96875,2.7781944,0.60545033
1020,905962,7.544894,4.8125,0.6116539,0.37870973
1786,1240173,3.39263,2.578125,1.0051761,0.38120407
1042,1240173,5.216036,5.09375,0.5088206,0.26763138
1131,907792,3.895574,3.6875,1.2070636,0.49630418
1016,905936,2.123248,0.60546875,2.1714635,0.63332325
1817,1240123,-4.372865,-5.5625,1.7290854,0.7874211
1810,909746,4.489582,0.671875,3.6052196,0.7919934
1175,909698,3.452899,3.78125,0.91724724,0.35671732
1847,1660035,5.646295,4.84375,1.5396388,0.58683354
1932,908442,1.816119,3.0,1.6743845,0.47055918
1033,905989,4.572331,5.375,0.6799439,0.34675223
2170,1240173,2.353424,3.09375,1.0587503,0.40557602
1026,908457,-1.026179,-0.48242188,2.530504,0.7923263
1192,1659929,5.192836,3.5625,1.3488111,0.47002083
1043,1660034,5.361949,5.6875,0.7635767,0.37176335
1811,1660034,-2.062854,-3.84375,2.9654837,0.8689588
1199,998189,3.765178,4.6875,0.9977051,0.42079467
1593,909748,3.275953,2.171875,1.4061645,0.49243107
1373,1674021,2.723132,5.09375,0.67559856,0.34276563
1912,910905,0.571254,2.875,1.71332,0.4837251
2045,907287,6.313362,5.0,0.82007486,0.33378047
2046,1660036,4.100893,4.09375,1.2746586,0.44858944
2170,909757,2.0181,3.203125,1.2718467,0.44102156
1511,907289,0.428119,-0.63671875,3.0432067,0.7578676
1939,910700,1.700085,3.25,1.1828741,0.4888366
1085,1660035,3.918245,2.390625,1.6087041,0.61315775
1179,909746,1.883305,0.46679688,1.8575977,0.5844267
1084,909748,0.160505,-2.25,3.0153556,0.7916901
1806,905939,3.593621,5.5625,1.6592351,0.6787656
2111,1240173,3.178663,4.28125,0.80731136,0.36018386
1930,907291,0.029737,0.40039062,1.6741341,0.5862726
1803,1240123,2.947511,5.375,1.567866,0.6579067
1927,907289,4.715228,5.3125,0.8328645,0.37734348
1039,908442,5.747385,5.21875,1.5614903,0.5056744
1598,909757,3.884298,4.25,0.8867197,0.38759354
1916,910689,7.622303,2.8125,1.2622163,0.44862947
1042,905939,4.53498,5.375,0.57403123,0.282372
1782,910905,6.457609,5.65625,0.5658064,0.2960756
1057,910905,0.326335,-1.703125,1.9390221,0.6465084
1012,909757,1.053295,1.6328125,1.1893915,0.45562083
1073,910700,5.537326,4.8125,1.2609755,0.5054866
1928,907287,6.040413,4.71875,0.8857367,0.38716385
1529,905989,-0.689455,0.29492188,2.640498,0.6016705
2010,998189,3.48253,4.0,1.181148,0.4115952
1268,917486,4.719577,4.375,0.9296865,0.39411095
1512,909263,6.667184,5.78125,0.5665412,0.30419555
1559,905937,-3.096885,-2.15625,1.9523222,0.6353104
1802,905989,4.018487,4.0,1.0537732,0.4653523
2043,908442,4.701252,5.46875,0.78130406,0.372644
1557,909761,5.792582,5.0,0.78757757,0.31731912
1706,909747,1.068533,1.125,3.0590782,0.6829508
1808,1660034,1.766789,-0.30078125,2.7119927,0.7216731
1810,910554,2.669842,0.6953125,3.5311587,0.7757237
1494,917486,-1.765202,-3.59375,3.2176008,0.9384368
1930,909747,2.619302,0.14550781,1.4517684,0.5423532
1827,907287,0.057121,0.15136719,2.596706,0.71978295
1862,917486,-0.314112,-1.6640625,0.6953462,0.49930787
1093,908457,5.037281,4.53125,0.7644238,0.3393069
1559,1660036,1.794006,-2.265625,2.668209,0.7196883
1190,998189,-2.064599,-0.16992188,5.413157,0.9374104
1079,998189,4.751926,1.6328125,2.2503295,0.6266348
1012,1674021,1.107525,1.953125,1.0850836,0.45300937
1918,1659929,3.471267,3.625,1.5750929,0.51755303
1583,908458,3.686871,2.90625,0.592944,0.32499775
1372,905939,-4.911456,-0.13378906,2.7664723,0.70416796
1933,905937,3.733321,5.03125,0.79184884,0.39355162
1511,908442,-1.154794,-0.7421875,3.116771,0.7661748
1060,909718,-2.352397,1.1171875,2.538096,0.6663843
1576,998189,3.16374,3.40625,1.4637796,0.52807504
1059,910554,0.631008,0.119628906,2.0665762,0.5807784
1936,1660036,2.762967,2.9375,1.4251316,0.47056007
1593,1240173,1.066572,2.171875,1.1282536,0.44999883
1918,905937,3.457436,4.0625,1.0268424,0.43088278
1022,1660034,1.399239,0.75390625,2.61196,0.6101698
1073,909263,5.425751,4.65625,1.3474432,0.5161658
1051,909718,-0.155131,1.890625,2.1253371,0.61411554
1004,909698,-5.493944,-4.21875,1.8111678,0.69730365
1084,910905,-0.562985,-2.03125,3.1366384,0.80545354
1043,909751,5.135925,5.625,0.9834189,0.4276691
1854,909755,5.491453,5.46875,0.62364125,0.33658358
1017,1659928,3.887726,4.59375,0.8855371,0.37158835
1003,907287,-0.491924,-2.734375,2.5639842,0.7764847
2107,907795,4.727623,5.3125,0.60781765,0.30053562
1802,907792,5.135716,3.21875,0.8678699,0.41180807
1175,908457,5.906754,4.4375,0.9190062,0.36102554
1843,909263,-0.631027,0.01977539,3.114847,0.796338
1912,907289,4.257926,3.0625,1.7774198,0.49951565
1912,905939,0.989848,3.015625,1.4293553,0.44117624
1006,1674021,1.352304,2.796875,3.0668442,0.6846845
1910,907792,2.46644,0.9765625,1.323074,0.44985366
2172,1659928,1.294169,2.40625,1.9435514,0.55639374
1917,907794,0.505546,2.453125,1.6857059,0.49164847
1046,909746,3.673766,2.703125,2.0149493,0.5904291
1614,909746,4.836262,4.25,1.089193,0.41099957
1190,1659928,-1.580801,-0.37304688,5.535386,0.9585772
1005,909263,4.69806,3.125,2.1380033,0.525571
1918,909755,3.712256,4.21875,1.1932583,0.47113705
1928,905937,4.505266,5.3125,0.5629933,0.31825608
1507,909757,5.207545,5.3125,0.49202278,0.25746608
1060,905989,-1.4881,0.80859375,2.3215368,0.6347596
1051,907795,0.252526,1.515625,2.1160724,0.6114385
1553,909747,4.166914,2.734375,1.5094095,0.4658853
1033,909746,6.213806,5.4375,0.75227755,0.3700532
1736,910689,2.635249,3.515625,1.239636,0.46079344
2438,998189,11.232473,8.4375,5.801924,1.7080874
1131,909747,7.584598,4.3125,1.2753383,0.51907825
1819,907289,-3.035722,-3.390625,3.2321699,1.0217794
1827,909746,1.628716,0.43554688,2.5328448,0.7217426
1594,907291,3.059245,2.421875,1.8493567,0.5126246
1373,905939,0.162085,4.90625,0.7084333,0.3378882
1627,907287,2.067226,3.546875,1.47913,0.46535543
2174,1659929,2.355607,2.75,1.8928736,0.5598833
1088,1659928,2.179678,2.515625,2.143547,0.57817274
1620,907287,5.49838,5.875,0.70609546,0.3232086
2111,1660036,3.696272,4.53125,0.95906407,0.40449733
1052,1674021,3.967008,4.46875,0.88843477,0.4172532
1561,917486,2.265577,1.34375,1.9547948,0.54433906
1925,909746,5.826083,5.5,0.7304775,0.33609024
1997,905937,3.841349,4.8125,0.86662203,0.39062944
1933,909757,6.389221,4.625,1.0882267,0.4497224
2038,909755,4.73784,4.875,0.87452644,0.38031396
1854,909761,4.769444,4.84375,0.7000957,0.33563387
1089,907289,3.77612,5.46875,2.1418343,0.7961557
1617,909746,5.341782,3.03125,2.408698,0.5870416
1635,1660036,5.522436,5.78125,0.6025442,0.36225376
1004,905936,-5.047672,-2.9375,2.731348,0.7676021
1873,909747,2.450158,0.35546875,1.9580834,0.6043703
2096,907794,0.325395,3.375,1.3675364,0.47187352
1373,1240123,5.658436,4.9375,0.7818329,0.3653052
1560,1659823,4.881345,3.9375,1.2304099,0.43088278
1927,909698,4.214575,4.84375,0.5544031,0.29311332
1194,910700,-0.851218,4.28125,1.0516427,0.43681955
1845,907291,2.031223,2.0,2.6340344,0.658828
2359,1660035,6.11966,5.59375,0.56859696,0.3037309
1594,905989,4.05758,2.484375,1.6983143,0.48170722
1996,905936,3.372468,5.125,0.7912815,0.3892397
1913,1659929,4.444881,5.1875,0.73788816,0.346549
1372,908442,-2.30825,-0.17285156,3.3484676,0.7757237
1018,910689,6.793649,5.59375,0.36140972,0.20854561
1168,1659929,2.685578,2.875,1.286155,0.47333223
1010,909757,4.360855,3.328125,1.1910106,0.44051126
1560,907287,2.170832,3.734375,1.5801675,0.4900573
1924,909718,3.323438,3.8125,1.7499652,0.4873015
1088,910700,5.898028,2.765625,2.1122928,0.56974256
1831,1674021,4.483854,4.5,0.6901856,0.32749608
1911,907790,-5.972589,-3.765625,2.6816256,0.86842
1855,909698,3.936081,4.59375,0.9681633,0.41888833
1782,909757,4.560783,5.65625,0.5219641,0.28462392
2172,905937,0.055001,2.8125,1.4499732,0.49059048
1802,910554,4.22932,4.0625,0.97507304,0.45093766
1811,1659823,-2.211324,-3.96875,2.6375763,0.8258516
2048,907790,-5.042099,-2.546875,2.8899052,0.7830218
1941,909746,-2.336984,-4.09375,1.7584265,0.77256703
1086,908442,-1.822311,-1.75,3.4799492,0.80618346
2055,905936,0.761484,2.515625,1.6869506,0.6055705
1912,910554,2.181745,3.015625,1.5731288,0.4764111
1632,917486,2.50999,3.5,1.1835712,0.3984999
2010,907790,1.565429,4.3125,1.055394,0.38840732
1014,998189,1.184969,2.03125,2.2084618,0.60659856
1463,907289,4.040842,3.875,1.0993705,0.410704
1618,908458,1.722973,3.625,1.0220417,0.3994812
1919,905989,2.574602,1.71875,1.4971172,0.48248938
1806,907289,6.038525,5.46875,2.1418343,0.7961557
1037,905939,2.436869,2.875,1.2946603,0.40151292
1939,905962,3.115653,1.875,1.1001277,0.4592901
1916,909751,1.410232,3.203125,1.661101,0.5251205
1006,907792,4.29992,0.83984375,2.7457995,0.6256648
1036,909718,4.408867,4.71875,1.12056,0.4292535
1814,910700,6.603066,6.75,0.94763106,0.36668143
2172,908442,0.824466,2.328125,2.3228533,0.59912485
1816,909747,6.338838,4.0,0.97555935,0.3774881
2177,1660034,2.615795,2.5625,1.3204023,0.42967564
1563,998189,5.678279,5.9375,0.57185334,0.2769893
1578,909761,6.315706,5.125,0.55438775,0.31744465
1248,905939,-5.410458,-4.15625,3.173991,1.0531253
1029,1660034,5.174614,6.0625,0.49925426,0.29068705
1853,909746,5.07282,4.1875,1.2808906,0.49314576
1816,1674021,6.249769,4.71875,0.94790757,0.38385785
1634,1659928,3.685766,4.53125,0.77931136,0.37942412
2046,907794,1.497443,4.59375,1.2485849,0.4415923
2107,910689,6.674197,5.1875,0.4821729,0.26564702
1373,1240173,0.951531,4.625,0.63977677,0.3229234
1814,907287,6.371913,6.5,1.1247548,0.38619688
1936,1240123,3.05777,2.953125,1.4705,0.4716286
1843,910700,1.254804,0.14550781,2.917704,0.75589365
1808,907795,0.180617,-0.7734375,2.8415105,0.74938834
1259,910700,5.516993,3.71875,2.0035264,0.5579091
1580,909755,4.880519,5.8125,0.6011264,0.33118296
1564,909757,1.099024,2.734375,1.7976328,0.5242928
1814,907792,6.555267,5.75,0.7358562,0.29950246
1053,909761,3.452609,2.71875,1.3864421,0.47139916
1845,905939,3.071441,2.09375,2.179136,0.59582406
1593,907287,1.482951,2.1875,1.498816,0.5146349
1463,910689,5.409531,3.59375,0.8782969,0.3592967
1630,909755,5.571097,4.375,0.77196497,0.3340006
1004,905962,-3.916093,-5.125,1.862816,0.69243985
1047,907794,6.978086,4.96875,1.2209682,0.47483435
1093,909263,4.650836,4.5,1.0214037,0.4032833
1862,905939,-1.51982,-1.5703125,0.59266967,0.47050852
1853,910700,3.71979,4.34375,1.108122,0.47700018
1131,907795,3.393198,4.53125,1.5160105,0.5691961
1179,998189,0.72468,0.53125,1.887662,0.577115
1922,909751,1.060856,2.78125,1.8391819,0.5703854
1249,909761,3.267868,3.390625,1.5272361,0.4713875
1932,905989,2.249042,3.015625,1.431638,0.42948082
1581,910905,3.141373,2.03125,1.6687888,0.4982687
1052,909755,4.671754,4.6875,0.8875733,0.42991498
1038,905936,2.000394,4.15625,0.66238314,0.35020244
1835,917486,4.547363,3.53125,2.5304306,0.7244037
1375,909751,7.065301,6.9375,1.0937247,0.4732141
1401,1660034,2.356426,2.578125,1.3290026,0.4608408
1776,905939,5.26334,4.34375,0.8379177,0.34277824
2154,907790,2.245484,4.09375,0.5914662,0.33954713
1778,907792,5.615797,1.8671875,1.3188703,0.431263
1996,1660035,4.913264,4.5,1.0504156,0.427532
2048,909751,-5.429349,-2.65625,3.7593362,0.88560075
2048,1240123,-2.805649,-2.875,3.2195215,0.8194855
1129,1660036,2.88684,3.625,1.2642454,0.4867373
1449,909751,5.373376,5.9375,0.814154,0.39232844
1854,907291,4.863949,4.96875,0.79608625,0.35517576
1578,905962,5.443901,4.40625,0.5288958,0.30052206
1627,905939,4.186731,3.796875,1.1732038,0.4048184
1802,1660034,3.834554,4.1875,0.95898986,0.44122797
1268,1659929,4.665988,4.625,0.95394975,0.39826256
1033,907794,5.799153,5.75,0.61402744,0.34532493
1059,905936,-0.697526,0.35351562,1.8761353,0.54975325
1054,907287,1.869864,3.296875,1.4778348,0.44967845
1046,907792,3.868603,1.5,1.6904384,0.5369699
1046,910905,3.433226,2.59375,2.1414618,0.6018239
1131,905937,2.567263,5.25,1.0010319,0.4725577
1910,1290769,1.691097,2.21875,1.659114,0.49537995
1618,905939,4.619445,4.21875,0.9850538,0.39090198
1024,907790,-2.636622,-0.33789062,2.099515,0.6637154
2010,1674021,2.784081,4.1875,1.0803368,0.39168683
1016,907794,3.479729,0.84765625,2.4744182,0.6734929
2096,907795,-0.153943,2.8125,1.6136341,0.50283307
2499,1660034,8.576377,8.4375,4.560057,1.3487957
1576,1660035,2.911427,2.96875,1.5572882,0.5400004
1576,907790,3.509016,3.65625,1.3220481,0.5038988
1806,998189,2.85224,5.59375,1.7007072,0.71364933
2096,907287,0.706068,2.796875,1.6581936,0.5069596
1259,909748,3.651769,3.359375,2.212707,0.5757998
1854,908457,4.966385,5.15625,0.5797669,0.30652317
1626,910700,3.597682,2.53125,2.1608818,0.60172683
1706,1674021,2.12986,2.109375,2.7316287,0.6381252
2010,910554,3.161467,3.875,1.2082866,0.41487843
1559,907795,-3.737177,-2.5625,2.5421808,0.7144396
1061,909748,4.819556,4.75,0.8692905,0.37228745
1557,1660036,3.950851,5.25,0.7846833,0.31775972
1011,1660036,0.113046,2.15625,1.7964411,0.53386354
1909,909755,2.964061,2.71875,1.7190968,0.54870844
1043,1659928,5.374662,5.5,0.7959541,0.37963137
1830,1290769,4.119714,2.203125,1.1865773,0.52668935
1069,909746,4.057498,4.0625,0.953564,0.39008722
1190,907289,0.105427,-0.18554688,5.948406,1.0046171
1799,1660035,6.074764,4.59375,1.2351637,0.4779408
2499,1674021,10.694579,8.5,4.3202195,1.3856097
1441,1659823,2.793484,1.5546875,1.7382847,0.5069835
1809,909761,4.052881,0.060791016,2.8261764,0.66858166
1919,910689,2.989028,1.6484375,1.3980075,0.46612343
1809,1240123,2.129485,0.5546875,2.9389443,0.68085134
1635,1659929,5.610411,5.8125,0.6852762,0.37175795
1862,909751,-1.653961,-1.421875,0.8022805,0.5561649
2159,1659928,1.256447,4.09375,1.0072889,0.3707036
1059,907795,-0.137949,-0.104003906,2.2980046,0.61150914
1030,909751,5.86039,5.875,0.5208034,0.29516426
1803,907792,1.24397,4.4375,1.3466369,0.5767186
2170,910700,3.139686,3.40625,1.2357428,0.4435989
2037,907291,5.243061,3.625,1.399366,0.44881406
2171,909755,2.001587,2.875,1.6848439,0.4913971
1835,907790,3.576943,4.5,2.1484492,0.6791849
1194,1659929,4.314443,4.125,1.1869012,0.45466685
1502,907289,5.320381,4.4375,1.0143249,0.45254347
1736,905937,3.788286,4.15625,1.0301878,0.43228662
1199,910905,3.742579,4.5,1.123088,0.43676877
1048,907287,4.8321,5.21875,0.8755765,0.44194186
1620,1290769,4.995108,6.0,0.5813021,0.2979791
1093,909761,4.887582,4.15625,0.93421644,0.3764007
1010,907792,4.063704,2.421875,1.0193955,0.40658125
1582,907794,5.340483,5.03125,0.7838229,0.3738454
1050,907287,3.462451,2.453125,1.5037915,0.51381326
1021,907794,4.02339,3.6875,1.0066038,0.4035168
1809,908457,4.180316,0.46679688,2.4193392,0.62125915
1911,909757,-1.445029,-4.125,2.71046,0.8609811
1034,1660036,-1.69173,-2.796875,1.8488866,0.66041553
1831,909761,2.315918,4.0,0.7950774,0.34400046
2156,905936,1.070672,4.1875,2.038255,0.53040314
1917,909757,1.903984,1.921875,1.8137213,0.5097176
1626,998189,3.578491,2.484375,2.1251886,0.5972505
1576,907291,2.107317,3.0625,1.6826136,0.55828863
1093,1660036,4.818778,4.4375,0.92427206,0.37810436
1843,909718,-2.764641,0.071777344,3.1172357,0.77630347
1941,910554,1.772031,-3.9375,1.9653494,0.7490932
1778,909761,2.402118,2.765625,1.5899204,0.4658853
1494,907287,-2.703108,-3.5625,3.1388361,0.91975534
1179,1659929,-0.833873,0.4375,2.1400957,0.6126599
1043,998189,6.110745,5.625,0.7573002,0.37252393
1054,907790,1.357022,3.953125,1.0603036,0.37873662
1930,910554,0.797554,0.65234375,1.513194,0.5767541
1598,907289,3.388077,4.375,0.9983802,0.41259232
1855,909757,5.489608,5.09375,1.1931316,0.4758751
1014,910905,1.080692,1.796875,2.5098429,0.6388464
1911,998189,-5.533009,-3.921875,2.7420385,0.8626845
2148,907790,-0.105913,1.1484375,1.270359,0.618501
1069,917486,3.695748,3.703125,0.9612998,0.39525434
1021,910700,4.0375,3.4375,1.0698739,0.40983716
1919,907790,-0.53022,2.1875,1.3220611,0.4722354
2109,908442,2.062354,2.78125,1.7677338,0.49679357
1199,909755,3.635961,5.03125,0.9295634,0.41900024
1996,905989,3.174489,4.71875,1.0124178,0.41416335
2154,998189,2.609618,3.765625,0.6454987,0.3501789
1043,917486,5.327726,5.25,0.8658197,0.3902678
1010,905937,3.547459,3.78125,0.8840375,0.38840306
1032,1290769,2.98961,1.609375,1.8790387,0.57175756
1049,909263,4.67552,3.96875,1.1272802,0.4428446
2045,1674021,5.24412,5.34375,0.62597084,0.2985576
1086,907790,-2.83235,-1.4296875,2.7988179,0.706181
1997,909757,6.032804,4.28125,1.1976603,0.44742325
1838,1240123,2.620392,4.34375,1.1104333,0.49037376
2047,909747,2.366962,2.5,1.5357469,0.47628117
1020,909761,5.192202,5.75,0.6830933,0.40545225
1175,909263,4.840045,4.3125,1.2188622,0.42683885
1736,907795,0.509133,3.546875,1.5380228,0.5178412
1091,907289,3.154599,2.4375,1.633416,0.51636857
1559,1659823,0.050691,-2.375,2.2992315,0.6768941
1239,909718,0.457577,2.3125,1.9452387,0.6517548
1779,905939,2.615721,1.0625,1.8119416,0.5755656
1050,1290769,2.192528,2.5625,1.30541,0.48041847
1776,909751,4.005925,4.40625,1.1282775,0.4173086
2177,905937,1.845193,2.625,0.9739252,0.39041692
1022,909757,-0.019823,0.35351562,2.6824415,0.6266348
1007,908442,-5.044317,-3.515625,3.3144846,1.0733657
2170,910905,4.426624,3.171875,1.3511096,0.45269102
2106,907795,1.289766,2.890625,1.7199724,0.5016426
1560,907795,3.149919,3.71875,1.528131,0.48077178
1812,905937,2.016414,3.78125,1.6876477,0.4876453
1802,917486,4.091977,3.78125,1.1019642,0.47193366
1815,905989,4.956651,6.125,0.7178477,0.3090034
1817,905962,-5.528896,-6.15625,0.9635599,0.5935533
1927,909748,5.474508,5.0625,0.75903356,0.3564799
1061,909746,5.580531,4.96875,0.8909582,0.37196434
1845,1659928,3.103742,2.09375,2.451835,0.6323926
1061,1674021,3.27871,5.125,0.7221321,0.3515852
2096,907289,1.671111,3.0625,1.6498314,0.5092271
1582,905989,4.38809,4.625,0.8452479,0.37136078
1058,909757,0.492756,1.1875,1.7920153,0.55311275
2040,909698,0.634931,0.953125,1.468378,0.5066693
2498,907287,8.171603,8.125,1.1794966,0.46335748
1237,907792,7.325734,4.34375,0.5259433,0.24574281
1631,905989,1.030593,3.828125,1.0861739,0.3766383
1924,905939,1.759766,3.625,1.480199,0.44195938
1005,909748,4.598338,2.78125,2.0277846,0.502805
1011,1290769,0.642198,1.9609375,1.7734563,0.52703303
1083,1660035,3.928091,2.734375,1.4246727,0.4727042
1631,909698,3.992794,3.265625,0.85897845,0.33574536
1913,907792,7.079105,4.25,0.5280862,0.28648335
1560,917486,4.58237,3.65625,1.4949523,0.4748735
1810,909263,1.720179,0.62890625,3.9549868,0.8417094
1831,907289,4.007771,4.34375,0.8828535,0.3667098
1815,907287,6.739898,6.0,0.8008117,0.329267
1618,1659823,3.386664,4.25,0.9510803,0.40113008
1627,1290769,4.035472,3.703125,1.2646362,0.4385213
1816,917486,4.726793,4.09375,1.1743883,0.41741276
1625,1240173,5.214381,4.625,0.78859216,0.35912287
1847,909746,4.407199,5.1875,1.6532799,0.60844195
1853,910554,3.920779,4.25,1.0680709,0.46925834
1582,905936,3.797267,4.96875,0.68537563,0.34952226
1814,907790,6.291847,6.9375,0.89054084,0.36246097
1131,907790,7.105327,5.25,1.2044488,0.5158244
2158,910689,8.272282,4.1875,0.8930084,0.36346534
1940,1659928,3.774015,3.96875,0.9881891,0.39613488
1011,909755,1.146962,2.65625,1.58945,0.51224625
1013,905937,2.769744,4.1875,0.77138054,0.37171653
1908,910554,2.320352,2.84375,1.5553539,0.49406016
1849,909718,0.293603,-0.36523438,1.9746675,0.6425818
1819,909746,1.089862,-3.375,2.762581,1.0166882
1631,909761,4.723428,3.578125,1.0787588,0.37964666
2045,907794,5.294943,5.5,0.66869754,0.31244358
1941,1660034,-2.231023,-3.84375,2.019933,0.75460875
1449,909755,6.144814,6.1875,0.5840927,0.34315184
1706,909698,0.43157,0.875,2.5032508,0.6316053
1017,909748,5.123389,4.4375,0.9541203,0.38442007
2110,907795,4.440431,4.8125,0.8592286,0.3755769
1854,905962,6.450271,4.0625,0.64306873,0.31148398
2048,909698,-5.268938,-3.90625,1.9643738,0.71220326
1908,1659929,2.325228,2.796875,1.7640857,0.5193471
1776,1659928,4.179918,4.25,0.91694146,0.36944056
1373,910700,6.268017,4.9375,0.7625223,0.36556187
2109,909755,3.748453,3.5,1.3359381,0.45422754
1022,908457,1.784386,0.45117188,2.2443037,0.5589121
1630,1660036,4.07788,3.921875,0.87848264,0.34685344
1029,1660035,6.103448,5.75,0.5586643,0.29536623
1048,907289,3.843105,5.4375,0.91036934,0.4571422
1827,917486,1.10813,0.19628906,2.5247757,0.70629245
1812,910689,5.526682,3.125,2.0426264,0.499967
1046,908457,3.688641,2.875,1.6084117,0.5285011
1910,907790,2.885017,2.6875,1.4218633,0.4649411
1058,910700,-0.149716,1.5078125,1.7763767,0.55620146
1830,1659823,2.150722,2.234375,1.139057,0.5160693
2156,1659928,2.163205,3.734375,2.4056065,0.5666976
1026,1659929,0.915901,-0.36914062,3.4013455,0.917435
2177,910554,2.367103,2.328125,1.3355415,0.44097862
1915,907795,1.44667,2.5625,1.5567663,0.52159655
1237,1659928,5.489853,5.34375,0.69696164,0.29245847
1239,905989,0.91511,2.03125,1.8228756,0.6259044
2359,907794,6.198184,6.09375,0.51680726,0.29365328
1050,909748,3.87283,2.453125,1.4282237,0.4976938
1008,1674021,-4.08573,0.59765625,2.953996,0.69881964
1549,1660036,4.77998,4.09375,1.0366746,0.4198043
1855,1240173,6.054015,4.90625,0.9369256,0.4201592
2157,1290769,6.948869,5.4375,0.5934062,0.29951814
1855,907790,3.756263,5.5625,0.9927546,0.45209792
2110,908458,5.507275,4.25,0.6692591,0.32085046
1924,909698,2.94031,2.890625,1.3050048,0.4205756
1494,1240123,-2.556771,-3.359375,3.095783,0.90713966
1177,909698,3.686133,4.21875,0.7663559,0.3150999
2038,909746,5.516007,4.46875,1.1070764,0.4135828
1375,905937,6.988988,7.0625,0.63733107,0.35294122
1559,1240173,-3.473779,-2.765625,1.9935724,0.6363167
1594,907795,4.79963,2.390625,1.8584086,0.5127839
1862,1659928,-1.087323,-1.578125,0.64811957,0.48862347
2438,1240173,10.126241,8.5625,4.515263,1.3936541
1809,907794,1.52659,1.015625,2.7852163,0.6730191
2158,909747,5.962667,4.0,0.94686013,0.3757455
2499,909757,8.703099,8.5625,4.5393023,1.3177556
1917,1659929,1.565355,2.0,1.9777533,0.5334536
1852,909718,4.752006,5.375,0.7733826,0.33461395
1635,905939,6.515724,5.875,0.5837416,0.33168578
1463,909751,2.23684,3.890625,1.1544075,0.42697307
1083,909755,3.133864,3.640625,1.1469747,0.4349799
1378,908458,6.30799,2.5625,2.0861495,0.51282406
1909,905989,1.446233,2.015625,1.9334835,0.56128865
1812,909746,2.961998,3.5,2.477914,0.60132796
1042,905936,4.350286,5.5625,0.5373978,0.28854746
1925,909755,4.307067,5.71875,0.58057344,0.30853498
1050,1674021,3.462771,2.90625,1.2202634,0.46980417
1873,905939,1.140487,0.828125,1.8698525,0.57989734
1918,1674021,3.099632,3.953125,1.2178233,0.46184865
1168,907790,0.938734,3.1875,1.021305,0.4329497
1736,905939,-0.044298,3.78125,1.3020598,0.46740493
1441,905989,5.732924,1.453125,1.8908582,0.5146582
1510,909755,4.230687,4.9375,0.72043157,0.3562176
1372,1660036,1.334664,0.10595703,3.011111,0.74987465
1613,1674021,1.446274,3.953125,1.0669153,0.41283786
1583,910700,3.838058,3.8125,0.6579122,0.3532558
1180,905989,-3.6178,-3.625,2.1574497,0.69195175
1023,905937,3.255044,4.1875,0.7381437,0.37643245
2157,907291,5.060039,5.3125,0.6781756,0.3217973
1441,1659928,1.322385,1.5390625,1.8978918,0.5236783
1940,909751,2.848355,4.125,1.1991482,0.44352102
1629,908457,5.181083,4.84375,0.5762935,0.26926854
1239,910554,2.431348,2.234375,1.6816149,0.6219678
1614,909698,4.05285,3.671875,0.8328643,0.35127097
1932,1240173,1.46522,2.78125,1.1743441,0.3934655
1873,910700,0.44617,1.015625,1.944552,0.60885876
1809,1240173,1.748172,0.052978516,2.40267,0.622463
2096,910689,2.134016,2.8125,1.3525747,0.45318192
1025,998189,5.831047,5.5,0.6209246,0.34562957
1838,905939,3.805862,4.375,0.99639386,0.45375523
2111,905937,2.690086,4.875,0.7348992,0.35964796
1175,905937,4.980642,4.6875,0.8259842,0.35014963
1043,1240123,5.105807,5.625,0.8236212,0.3868135
1924,1240173,2.069276,3.265625,1.3633099,0.426866
1560,909746,4.173532,3.984375,1.4851085,0.4672363
1034,909757,-3.090112,-3.046875,1.6395451,0.63122857
1778,908458,2.715578,2.421875,1.5205137,0.44554743
1817,1659823,-4.33151,-5.5,1.7408491,0.7570603
1625,909747,7.734155,4.4375,0.906429,0.38621658
1373,909755,6.476991,5.25,0.6707962,0.35282794
2158,1240123,4.101405,4.5625,1.0205241,0.39093268
1631,1290769,4.806919,3.875,1.0234941,0.36740726
1706,909263,1.231976,1.875,3.3235228,0.73011035
1180,909747,1.414685,-4.125,1.9864599,0.6721078
1625,907794,6.095511,5.1875,0.936141,0.4050335
1932,909757,3.203309,2.984375,1.4528345,0.43998078
2037,908458,5.593533,3.1875,1.2604467,0.42231432
1059,1674021,0.613907,0.34570312,1.965802,0.5601619
1909,909263,3.21181,2.171875,2.038219,0.59446144
1008,908457,0.44047,0.30859375,2.7197657,0.66858166
1249,905962,3.248961,2.515625,1.5143981,0.46742505
1804,910905,-0.639881,5.21875,1.7128415,0.6728785
1043,910905,4.818271,5.4375,0.88366234,0.39424804
1576,1659823,3.079498,3.3125,1.3896642,0.51656145
2043,1240123,4.527264,5.59375,0.64956367,0.34342477
1776,907794,4.764628,4.6875,0.8608414,0.36679235
1060,909761,1.008501,0.734375,2.3759844,0.6437746
1177,908442,4.604437,4.5625,1.1790614,0.39892894
1003,909755,-0.932695,-2.125,2.4348042,0.7479411
1372,1660034,-1.326553,0.10253906,2.858665,0.7276344
1073,907795,1.741203,4.53125,1.4270027,0.5199562
1052,910554,3.771248,4.28125,0.99211955,0.44491065
1034,907795,-2.235158,-3.09375,1.746768,0.6558355
1799,909757,5.952852,4.84375,1.2015098,0.4649186
1629,905936,4.527022,5.03125,0.6071246,0.28367412
1080,910554,-1.450269,-3.359375,3.191304,0.92643285
1043,908458,5.586189,5.0,0.70992714,0.34564295
1808,909755,2.054101,-0.046875,2.5191996,0.7178543
1268,907289,5.018725,4.78125,0.9917126,0.40363914
1250,907287,4.392488,1.890625,2.1055183,0.5602876
1561,909698,1.655021,0.84375,1.3630172,0.45005068
1069,909757,3.398421,3.90625,0.92264616,0.38519368
2438,917486,10.420904,8.4375,6.540758,1.7883881
1026,909746,2.274189,-0.22363281,3.2283156,0.9548868
1557,909751,5.662706,5.375,1.0111492,0.36660218
1058,907792,-0.158947,-0.00064849854,1.4715734,0.502805
1835,998189,4.486714,4.09375,2.287719,0.69611156
1131,998189,5.06372,4.90625,1.280594,0.52922046
1578,909718,5.789083,5.46875,0.6353536,0.34467524
1378,910554,2.15057,3.421875,2.3671675,0.5506798
1022,1659929,-0.929243,0.44335938,2.9538383,0.65945554
1005,909746,5.300933,2.953125,2.1053867,0.51755303
1026,1660034,0.875677,-0.18945312,3.2529364,0.8353175
1808,905939,-0.213606,-0.6796875,2.4331355,0.6965504
1058,1240123,0.789931,1.3828125,1.8197657,0.56167793
1736,909698,4.045996,3.203125,1.1793925,0.44281065
1909,908457,2.883093,2.1875,1.644021,0.5197211
1558,909698,2.702819,2.875,0.9677667,0.38210568
2159,1674021,2.477231,4.40625,0.89239615,0.34880722
1072,1659929,4.074917,5.09375,0.83948606,0.3983398
1908,1659928,1.637419,2.796875,1.5976886,0.49313295
1010,1660036,3.602992,3.46875,1.1514841,0.44109958
2148,907792,1.515017,-0.10644531,1.0348464,0.55851394
2439,905939,9.394704,8.5625,3.2028677,1.0575457
1011,909751,0.311541,2.234375,2.0968583,0.5838986
1177,905989,5.358683,4.65625,0.97851175,0.3619157
1177,910700,6.291492,4.75,0.9380662,0.36665803
1561,910689,5.285248,1.359375,1.6571534,0.49479458
2037,908457,4.775468,3.890625,1.0589589,0.39167014
1553,905939,1.331241,3.125,1.4329083,0.45081338
1553,907291,1.141681,3.015625,1.6960579,0.49236414
1073,917486,4.098071,4.375,1.3782088,0.5200577
1060,908457,-2.791425,1.0,1.9861292,0.59582406
1910,998189,5.134222,2.40625,1.6240401,0.49182922
1046,905939,1.410233,2.75,1.8007758,0.55055124
2040,909755,1.385829,2.171875,1.7059524,0.5471445
2045,907790,4.145396,5.4375,0.6227767,0.29856625
1941,905989,-3.244188,-4.15625,1.721719,0.7261566
1924,910905,2.229804,3.46875,1.7958863,0.48880854
1091,907792,3.931034,1.296875,1.2517945,0.44492525
1038,908458,2.490458,3.296875,0.7576664,0.35583785
1631,910905,3.3602,3.765625,1.1763886,0.39608163
1917,1240123,0.597919,2.109375,1.8272389,0.51116025
1239,905939,1.352452,2.15625,1.6626234,0.5998102
1622,908457,5.905778,4.8125,0.6187965,0.35341612
1016,909757,0.608804,0.13378906,2.510086,0.67398703
1510,907794,3.727111,4.875,0.7859167,0.36345935
1008,909746,3.035916,0.19335938,3.1204922,0.7476393
1401,905939,2.70799,2.40625,1.2692363,0.4466812
2173,910905,6.178403,4.0625,0.92540586,0.39631978
1873,909698,1.108203,0.09814453,1.6187655,0.5397285
1819,908458,0.884032,-4.375,2.349303,0.8517632
1581,998189,3.829799,2.25,1.5030718,0.48207524
1149,910905,3.024841,1.7890625,1.4382087,0.5111824
1635,1659928,5.308486,5.84375,0.61894816,0.35441223
1931,917486,5.980051,5.8125,1.1806078,0.5348945
1180,1659823,-2.936522,-3.421875,2.1990473,0.6885438
2043,910905,6.262702,5.4375,0.68747175,0.3487895
1908,907291,2.18362,2.765625,1.7280575,0.5040006
1812,905936,0.95087,3.734375,1.9261076,0.5148562
2048,910554,-2.384317,-2.828125,3.2335806,0.8017915
1803,905962,8.071818,4.25,1.3493816,0.5778941
1835,908458,3.155353,3.078125,2.065114,0.6559861
1268,905937,4.336376,5.0625,0.64882326,0.33259088
1634,1290769,6.162224,4.53125,0.74007297,0.37162778
1133,1674021,3.718919,4.59375,0.6674174,0.34036404
1928,1659929,4.677752,4.875,0.8643017,0.38561025
1629,910689,7.667125,4.5,0.6236359,0.27681497
1079,908457,-0.139693,1.5625,2.002002,0.5838986
1177,909755,5.928332,5.125,0.81999594,0.35297397
1912,998189,2.060334,3.125,1.5232059,0.4656898
1133,1660036,5.116088,4.375,0.75604975,0.36059895
1809,910905,4.707379,0.3125,3.080191,0.6932839
1243,907289,2.160789,2.984375,1.4662296,0.5998102
2157,909747,7.699743,5.0625,0.5620317,0.28810096
1808,907792,3.550745,-1.984375,1.9913508,0.6575183
1025,1659928,4.236271,5.34375,0.65073854,0.349404
2037,907790,4.021653,4.15625,1.10449,0.40647566
1936,907794,3.77089,3.25,1.3369819,0.45458242
2110,910689,6.816632,4.6875,0.635814,0.31927416
1845,998189,3.372387,2.234375,2.3696067,0.62493366
1908,909757,1.565929,2.75,1.6177332,0.492247
2044,909748,3.396559,3.984375,1.0066873,0.37420252
1510,909748,3.03375,4.28125,0.9053797,0.37798515
1576,1660034,3.434045,3.46875,1.4516306,0.52369213
2110,1290769,3.585812,5.03125,0.7648671,0.3519128
1372,907291,-0.804513,-0.24902344,3.2538788,0.76331615
1853,909757,3.940979,4.125,1.1568888,0.47326407
1996,909755,4.742622,5.28125,0.8189051,0.40910053
1908,909698,1.003736,2.3125,1.2025486,0.42321184
1924,909747,5.282522,3.09375,1.5649501,0.45856842
2499,1240123,9.296432,8.5,4.587258,1.3568413
2170,907794,1.887927,3.65625,1.1705083,0.43727976
1802,909698,3.909564,3.625,0.84944,0.41356772
1631,909746,5.678798,3.921875,1.1264129,0.39641747
2046,998189,3.953394,4.25,1.2694254,0.44018197
1635,905936,4.444444,6.0,0.5497284,0.3429862
1375,909757,6.49353,6.84375,0.8754382,0.40072364
1620,910700,6.358743,6.0,0.58744246,0.30898523
1786,907790,2.295657,3.21875,1.0860435,0.39968696
1020,907792,6.343619,5.09375,0.5958658,0.3717722
2045,909698,4.345186,4.75,0.56812286,0.2723646
1873,909761,1.2671,0.53125,1.9643086,0.6062917
1915,905937,2.776912,3.203125,1.0547676,0.43368515
1249,910689,7.813111,3.421875,1.3660561,0.4423848
1053,907792,3.429077,1.84375,1.1681112,0.43638426
1018,905937,6.074471,6.125,0.32158047,0.20477645
1614,909761,5.644202,3.890625,1.0882535,0.40655094
1802,909757,3.041774,3.953125,1.031531,0.4578685
2011,909698,3.828584,4.0625,0.70802504,0.31107172
1020,910554,5.461106,6.125,0.6947853,0.42039233
1190,1240173,-2.870109,-0.7109375,4.780062,0.87843317
1919,907289,1.211676,1.890625,1.6925317,0.51992434
1057,1290769,0.270394,-1.546875,1.8050236,0.6259044
1048,909748,5.792764,5.25,0.80319345,0.42464894
1016,1290769,1.565562,0.06689453,2.5288548,0.6580691
1507,1659823,5.933819,5.40625,0.42754284,0.24639001
1736,908457,0.565909,3.890625,1.14943,0.4470132
1598,909263,5.866767,4.3125,0.9545399,0.41511023
2043,1659929,5.148958,5.5,0.7161174,0.36519966
1594,905962,3.749199,1.234375,1.6989466,0.4886322
1507,907291,4.953515,5.25,0.5376476,0.26859266
1010,907291,2.794363,3.328125,1.285841,0.45929772
1810,905937,-1.053472,0.96875,2.6675587,0.6910881
1830,909698,2.656002,1.703125,0.98685783,0.4955509
2010,910700,4.009472,4.03125,1.2146788,0.41707328
1054,1659823,4.027555,3.5625,1.1396971,0.39325672
1564,910689,1.750931,2.515625,1.5827913,0.4885349
1052,1659928,2.235046,4.15625,1.0125798,0.4403506
1786,905939,2.373154,2.890625,1.1212608,0.39656106
1627,917486,3.269149,3.453125,1.4115139,0.45710593
1924,908457,1.835339,3.703125,1.3214923,0.42383784
1050,908458,1.266474,2.0625,1.2880274,0.46467048
1034,909761,-1.284677,-3.25,1.5837257,0.6221562
1085,910905,4.141663,2.453125,1.7163676,0.6161304
1831,909718,3.414818,4.375,0.8363837,0.36002824
1614,910905,4.899215,4.0625,1.1664478,0.4187238
1911,1659928,-6.374064,-4.09375,2.7534077,0.8704292
1621,907794,5.667719,4.96875,0.88165337,0.4015027
1249,998189,3.376225,3.796875,1.4392715,0.46161276
1068,1660036,3.095762,0.52734375,1.9658053,0.63353765
1060,910554,1.044392,0.96875,2.2253728,0.63120127
1069,1290769,4.417044,3.96875,0.85823977,0.37706876
1373,1659823,5.174902,4.9375,0.6855463,0.34602526
1005,910700,4.274587,3.171875,1.8758478,0.49031782
1835,1659928,2.230638,3.90625,2.326762,0.69801134
1030,905962,7.709581,4.78125,0.39035362,0.24386026
2039,905989,2.674559,3.390625,1.0020069,0.4335312
1720,1674021,6.489336,3.84375,1.438309,0.46804395
1046,1659929,1.480964,2.6875,2.1870203,0.61462736
1799,909698,5.561803,4.3125,0.9666175,0.40561128
1634,1660035,4.058573,4.375,0.81545657,0.3949837
1627,908442,2.66944,3.65625,1.5177026,0.4640073
1010,905939,4.976319,3.46875,1.0883032,0.4148069
1936,1290769,3.34663,2.8125,1.383424,0.46578896
1831,909757,4.440821,4.21875,0.79719585,0.34491703
1032,1660035,2.141861,1.5625,1.8400847,0.57614905
1089,905936,1.495253,5.8125,1.4854573,0.66614527
2439,907287,9.254513,8.5625,3.8328526,1.1607527
1620,910905,6.771613,5.9375,0.67220753,0.3157021
1051,1660035,3.488502,1.4921875,1.9267901,0.5947115
1375,907289,6.467255,6.96875,1.0735867,0.45279866
1631,907794,3.238206,4.375,0.98124355,0.36657402
1779,909263,1.990781,1.1875,2.0947697,0.6343864
1909,1290769,3.24719,2.078125,1.9096768,0.57019323
1997,908458,4.785736,3.71875,1.10625,0.42377174
1091,909755,3.39664,2.90625,1.2809758,0.4737861
1613,1659929,0.980401,3.640625,1.364122,0.4592901
1084,907792,-1.682075,-3.53125,2.1034777,0.69793063
1845,905962,2.234747,0.50390625,2.2314732,0.5938048
1088,1659929,1.631826,2.53125,2.397834,0.61033607
1200,909746,3.340028,4.59375,1.0939116,0.4190453
1927,910554,5.289684,5.3125,0.6977924,0.35220647
1581,917486,3.949237,1.921875,1.6940182,0.50580174
1463,907795,4.485033,3.625,1.0751084,0.4036565
2499,998189,9.746839,8.5,4.4163923,1.3502237
2040,908458,-1.954932,1.015625,1.8515683,0.54766583
1007,909698,-5.625593,-4.25,1.7774591,0.83478326
1032,909751,0.267445,1.828125,2.3004546,0.6318662
1932,1240123,2.134725,3.203125,1.4523064,0.4419106
2037,907287,4.136959,3.546875,1.47913,0.46535543
2110,907790,1.82408,5.40625,0.6637637,0.3437739
1939,998189,4.484845,3.21875,1.13624,0.47678813
2177,998189,3.13692,2.40625,1.3097358,0.44097862
1911,917486,-1.287556,-4.28125,2.9948914,0.9112914
1093,907792,6.502568,3.421875,0.80446416,0.34806177
1058,907291,0.520772,1.140625,1.9489157,0.5764597
1373,907289,5.087527,4.9375,0.87658066,0.38512686
1922,909757,2.244238,2.546875,1.576331,0.5204842
1089,1660036,4.771177,5.5,1.6509173,0.6998537
1067,909746,6.091467,5.90625,0.59641546,0.35174224
1916,905962,5.087682,1.765625,1.4783059,0.4881176
1827,909755,-1.454159,0.9375,2.1374133,0.6628759
1549,1659823,3.63361,4.125,0.94509405,0.39860532
1084,907287,-2.503986,-2.09375,3.2188036,0.82655257
1809,905937,-0.701242,0.84375,2.2650652,0.61651075
1553,1660036,2.699955,3.171875,1.5534369,0.4794745
1025,1659929,5.608537,5.34375,0.73963,0.37140536
1778,907795,1.406006,2.796875,1.7330774,0.4915674
2172,905939,0.144812,2.421875,1.7933552,0.52549666
1549,909755,3.94358,4.5625,0.90797746,0.3989211
1179,1660034,0.54499,0.6796875,1.9053211,0.5688928
1581,907792,3.70197,1.1171875,1.2718612,0.44539884
1194,909751,3.386424,4.28125,1.2859569,0.48524708
1817,909761,-3.728551,-5.8125,1.4330302,0.71589905
2156,1660034,2.518934,4.0625,2.407361,0.56473446
1720,909761,3.659228,3.21875,1.6610817,0.49831223
2096,909718,-0.120049,3.125,1.583679,0.498248
1564,905937,2.691425,3.3125,1.29013,0.45179644
1170,905939,5.526902,3.46875,1.1436067,0.42509773
1259,1660034,2.352444,3.8125,1.953195,0.54389364
1917,909748,1.188592,1.7734375,1.9126596,0.5229635
1815,917486,5.322006,5.90625,0.7374578,0.3126217
1179,1660035,0.850819,0.171875,1.7769319,0.5754432
1816,1659928,3.268211,4.40625,1.0728478,0.40280774
1237,909263,6.754059,5.53125,0.78562397,0.31975856
1996,1674021,3.736042,5.03125,0.8375862,0.39743835
1051,909757,-1.7772,1.6328125,1.9843103,0.58969426
1845,907794,1.334788,2.625,2.27983,0.6262012
1852,908457,6.15097,5.3125,0.5687522,0.28559908
1014,1674021,1.354148,2.15625,2.047007,0.5860107
1910,1659928,1.795979,2.234375,1.6549896,0.49414855
1083,908458,1.201659,2.421875,1.3707238,0.45040026
1720,909263,6.661377,3.59375,1.7726384,0.5194261
1511,917486,2.553422,-0.9375,2.9943836,0.73608917
1023,907792,4.980815,2.625,0.85699147,0.38234875
1576,1660036,3.159619,3.3125,1.5173949,0.5420079
1019,909755,3.415131,3.0625,1.3259103,0.49040574
1043,907795,5.530851,5.375,0.8963788,0.39992154
1925,1660035,5.958906,5.25,0.68898976,0.33201364
1529,1240173,-0.430516,0.064941406,2.2409642,0.55808043
2158,905937,3.326291,4.875,0.7467563,0.34358007
1630,909746,5.531488,3.96875,0.8959998,0.3432311
1918,998189,3.388936,3.796875,1.3249073,0.48275575
1625,907289,5.660966,4.90625,1.1543576,0.4377798
1005,905936,2.666092,3.34375,1.711573,0.47880334
1563,907287,6.07819,5.6875,0.71186996,0.30486962
1778,909263,4.699016,3.171875,1.6387432,0.48244622
1047,907287,6.176557,4.34375,1.542837,0.51692957
1806,907795,2.352518,5.15625,2.0243268,0.76386595
2438,909757,10.285607,8.5,6.0019617,1.6790166
2107,907790,3.653817,5.71875,0.4919865,0.27811646
1912,1660035,3.906148,2.765625,1.4896725,0.47092718
1631,907289,3.240549,4.0,1.2382805,0.41085956
1175,909751,5.153565,4.375,1.3167796,0.43904045
1510,908442,2.307983,4.375,1.0354272,0.39864182
1928,907790,6.092826,5.28125,0.668112,0.34602594
1507,907792,7.155737,4.5625,0.40916258,0.2301103
1613,908442,1.768866,3.5625,1.4548519,0.46660984
1629,998189,5.892074,4.875,0.69209546,0.29791817
1512,909751,5.709971,5.8125,0.62008756,0.32447994
1830,998189,3.883644,2.421875,1.1852684,0.53700614
1917,917486,2.565918,1.7578125,1.9150736,0.52601355
1598,905989,4.448583,4.25,0.88985026,0.38304332
1928,909263,5.165796,4.9375,0.858835,0.38910985
1706,907790,0.984317,2.25,2.674991,0.6354929
1068,909698,-0.985629,-0.3828125,1.3834335,0.5407369
1549,1240173,5.344119,3.84375,0.8759474,0.37705874
1080,908457,-0.087432,-3.53125,2.4430678,0.84715056
1941,907794,-3.033701,-3.71875,1.9454131,0.76424277
1129,1659929,4.459986,3.578125,1.4448276,0.51353496
1917,910905,4.066227,1.8984375,1.9149717,0.52122146
1924,910554,3.650361,3.640625,1.6242126,0.46713802
2173,917486,4.376335,3.875,0.92857885,0.4017616
1250,908442,3.758521,1.984375,2.1632373,0.565437
1057,908457,-1.829053,-1.609375,1.5853499,0.59523004
1054,998189,1.889729,3.671875,1.2007113,0.40824953
1529,909718,0.121442,0.66015625,2.8914814,0.6301389
1580,910700,6.619482,5.5,0.65240026,0.33442444
1050,907794,3.920556,3.046875,1.2795291,0.48525
1069,910554,3.315739,4.0625,0.87751645,0.3835707
1375,907794,6.883091,7.1875,0.8656913,0.41502228
1239,905936,2.011276,2.515625,1.5018724,0.58703065
1005,910905,5.895592,2.859375,2.0618498,0.50250864
1626,910689,5.252535,2.046875,2.0104806,0.5676231
1927,905962,6.931848,4.125,0.66752124,0.32836068
1618,1240123,3.964667,4.25,1.0824133,0.42095035
1557,907794,6.148585,5.65625,0.7841762,0.32407
1598,905962,4.024059,3.203125,0.87396795,0.38007107
1933,1290769,5.272738,4.65625,1.0215626,0.44199222
1613,907792,6.543818,2.65625,1.0596637,0.40592587
1927,910689,8.63601,5.0,0.62365675,0.32300186
1810,1660034,2.507387,0.890625,3.5253534,0.76827824
2170,907792,5.794777,2.28125,1.0591902,0.40574452
1020,909718,5.625901,6.1875,0.82173723,0.45272568
1494,998189,-3.630851,-3.3125,3.0030336,0.88825184
1050,909755,4.327892,3.15625,1.2144926,0.47710535
1086,905989,-2.154204,-1.953125,3.0214853,0.7363885
1786,1290769,6.126724,2.75,1.1774085,0.41232198
1862,907287,-1.492523,-1.6875,0.6852084,0.5086064
1813,917486,5.762565,5.46875,1.3344735,0.41984442
1005,1240123,3.870937,3.09375,1.9408139,0.4983792
1736,909718,1.121732,3.875,1.5371403,0.52008295
1049,909757,4.598864,3.71875,1.0542994,0.41627157
1855,910905,6.345184,5.0625,1.2781262,0.4896125
2156,905939,2.261193,3.796875,2.1990037,0.53364336
1249,909746,5.396238,3.671875,1.564461,0.4737861
1036,909751,5.072261,4.71875,1.197823,0.4519904
1578,908458,6.191612,4.875,0.51739043,0.29855174
1558,909718,2.587551,3.5625,1.3169096,0.45440453
2154,909755,3.065559,4.15625,0.5998288,0.34924585
1024,1674021,-0.583517,-0.4375,2.1573977,0.66907376
1778,1660036,1.597905,3.109375,1.5683643,0.46608406
1036,909761,4.489914,4.40625,1.0161223,0.4052758
1620,909718,5.633923,6.09375,0.69809127,0.33295557
1831,909748,3.380863,4.09375,0.8409457,0.3546794
1931,907291,4.613751,5.96875,1.1934141,0.5462741
1912,909747,4.081136,2.5625,1.5198141,0.45809218
1549,905936,4.798694,4.375,0.8807652,0.38696533
1706,907794,-0.226272,2.296875,2.847513,0.65966994
1815,905937,5.768705,6.375,0.514172,0.27324715
1268,909755,5.481572,5.15625,0.7423531,0.3632958
1088,1660036,4.195045,2.625,2.135102,0.57329947
1583,1240173,2.903551,3.390625,0.5456473,0.31004038
1845,907287,0.349361,1.875,2.7631462,0.67342675
1463,909698,5.181852,3.34375,0.771765,0.33562508
1441,1660034,2.286124,1.8203125,1.8015782,0.5086432
1917,1660035,4.450707,1.734375,1.7702343,0.5163018
1003,907790,-3.043928,-2.296875,2.2646182,0.73337597
2172,909748,2.468549,2.203125,2.0714574,0.5715696
1629,908458,4.888345,4.1875,0.65846044,0.28056067
1175,910554,3.579262,4.375,1.0842528,0.40102547
1021,905962,4.448863,2.140625,1.0592626,0.3840462
1013,909748,3.418822,3.671875,1.0840973,0.42803678
1910,909718,-0.291142,2.453125,1.7495301,0.5055262
2438,905989,10.98095,8.4375,6.4882097,1.7579849
1061,909718,3.339398,5.03125,0.9043353,0.38336414
1852,1660035,5.442053,5.0625,0.7134347,0.31667423
1936,908458,1.005653,2.3125,1.3938445,0.45138383
1003,907792,0.213907,-3.9375,1.5402979,0.6529602
1563,909751,6.397821,5.9375,0.7500105,0.3245017
1736,909757,3.794136,3.6875,1.4116013,0.494335
1621,909755,5.495188,5.0,0.81837773,0.39233965
1916,1674021,2.063312,3.375,1.2442735,0.45337528
1816,910689,7.039353,4.15625,0.9378846,0.3684418
2110,1660036,3.877913,5.0,0.7363999,0.3548599
1627,907795,3.152375,3.546875,1.4346063,0.45790362
1021,905989,1.970573,3.21875,1.0733304,0.39304262
1378,907287,5.711984,3.109375,2.7226841,0.60784954
1908,909747,1.5528,2.5,1.5298592,0.4744552
1048,909757,5.820012,5.34375,0.7810165,0.41935474
1038,907794,4.518414,4.28125,0.7478042,0.369752
1827,910905,0.418754,0.26171875,2.531179,0.7016194
1079,909751,2.9011,1.6953125,2.6706965,0.691901
2173,910700,4.346642,4.3125,0.8392516,0.3861368
1030,1240123,3.4424,5.875,0.44896048,0.26819494
1019,908442,1.972915,2.5,1.7346565,0.5431384
2499,908458,9.050849,8.4375,3.7810612,1.1726204
1825,907291,-2.019219,-1.078125,2.7267814,0.8180143
1838,1240173,3.93213,3.953125,0.8901844,0.4289663
1248,905936,-6.030702,-3.765625,3.2151191,1.0311745
1911,910689,-1.452158,-4.40625,2.4892972,0.83404225
1617,1674021,1.896157,3.171875,2.1432307,0.52234256
1613,909761,4.458205,3.421875,1.2378912,0.43781024
1817,1674021,-5.440136,-5.5,1.6755375,0.77886903
2109,909263,1.596047,3.015625,1.6131673,0.48853648
1720,910700,4.777145,3.6875,1.6085436,0.49648347
1069,909761,2.663493,3.734375,0.9063687,0.38032973
1463,910700,3.278261,3.921875,0.97048074,0.38707185
1013,1659929,5.610411,3.78125,1.1235077,0.4391408
1062,907794,1.263838,4.125,1.2946267,0.4860761
1626,1674021,2.464354,2.65625,1.9421158,0.5717592
1047,909755,6.164361,5.0625,1.1211668,0.46333534
1016,909698,0.99258,-0.53515625,1.8388965,0.61014307
2159,909746,3.985233,4.28125,1.0753659,0.3803292
2438,909746,11.487625,8.3125,6.979358,1.8324503
1049,910700,4.178475,3.9375,1.0519742,0.42170435
2055,910554,2.281835,2.296875,2.0147617,0.64308006
1037,1659929,4.612354,2.828125,1.6268753,0.46358356
1463,1660034,4.612223,3.96875,0.9124181,0.3713653
1085,909718,2.258134,2.71875,1.714668,0.6247726
1782,1290769,5.586614,5.71875,0.4870574,0.2774614
1581,905962,2.98844,1.1171875,1.4757665,0.46877912
1043,1240173,5.011727,5.3125,0.6298248,0.33298883
1019,905939,1.734969,2.578125,1.3988795,0.48507112
1557,905962,6.252676,4.0625,0.71623725,0.30208206
1720,909755,5.520358,4.125,1.4003067,0.4737861
1017,1659823,5.271323,4.71875,0.8103726,0.3542215
1620,1240173,5.428246,5.75,0.47340286,0.26216108
2148,909746,1.418239,0.99609375,1.4498093,0.67048675
1463,909746,5.08016,3.84375,0.98477715,0.3868632
1024,909748,1.829665,-0.98046875,2.3789256,0.6906001
1778,905937,2.104715,3.453125,1.1715068,0.41433173
1838,1674021,3.847017,4.5625,0.93395966,0.44316795
1810,907795,0.385878,0.375,3.9384294,0.81889635
1625,905962,6.172036,3.75,0.90473324,0.37771526
1802,905939,5.245259,4.09375,0.96249485,0.44284064
1618,1660035,3.436559,3.9375,1.1099808,0.42095035
1191,908458,-4.841193,-5.3125,0.6476622,0.4671122
1029,1659928,5.387356,5.875,0.5196478,0.2922464
2096,909757,1.4886,2.9375,1.4892116,0.47994155
1194,907289,3.862626,4.21875,1.2198088,0.46028656
1016,909755,3.118327,0.8984375,2.3009498,0.65263784
1463,905989,5.733286,3.75,0.9821793,0.3819694
1560,908442,0.412572,3.875,1.6856894,0.49860138
1088,917486,5.499565,2.21875,2.322412,0.6016705
1939,909747,3.359891,2.671875,1.1133418,0.46717963
1930,1674021,0.533298,0.82421875,1.4153479,0.5645051
1581,1660036,2.764185,2.28125,1.5704241,0.48936814
1911,909698,-6.235093,-4.71875,1.890627,0.80556947
1133,1240123,2.497707,4.46875,0.7564864,0.35711497
1936,907287,3.15999,2.640625,1.637487,0.49590153
1058,910689,5.515735,1.046875,1.6210823,0.51992434
1259,1240173,1.182935,3.359375,1.7611092,0.508872
1782,907795,4.503192,5.59375,0.57806015,0.29938665
1441,910700,1.162116,1.796875,1.8769666,0.52027786
1813,1660035,6.680399,5.5625,1.3084508,0.43414196
1046,909747,4.540148,2.28125,1.8733839,0.5673412
1190,1240123,-1.364587,-0.19628906,5.6095295,0.95922583
1043,909748,5.969805,5.375,0.8407223,0.3868135
1778,905936,3.999627,3.359375,1.3194638,0.4377961
1004,909718,-5.672442,-3.125,3.4451678,0.85056686
1626,1660034,1.271452,2.59375,2.1087706,0.5872157
2438,909747,12.618031,8.4375,5.760672,1.6959428
1594,908458,3.687886,1.9453125,1.6263306,0.4721224
2148,909751,0.975212,1.0859375,1.6478816,0.7314497
1091,905937,1.876019,2.78125,1.1063927,0.4346391
2010,905937,2.329624,4.28125,0.90653473,0.35974303
1915,910905,4.262518,2.6875,1.524176,0.50819045
1626,1240173,4.814405,2.0625,1.8763998,0.5524124
1086,908458,-1.643021,-2.546875,2.777463,0.70386875
2110,909757,4.796441,4.9375,0.77397925,0.35610524
1613,907289,3.443179,3.765625,1.3877325,0.46269757
1200,907287,3.621615,4.21875,1.2525678,0.43864238
1928,909748,5.526322,4.75,0.810558,0.37102535
1069,907790,3.036925,4.34375,0.7933949,0.36503834
1557,998189,5.458597,5.375,0.7682591,0.31428206
1073,907790,2.588446,5.09375,1.1345571,0.48095933
1192,907289,-0.571395,3.703125,1.3773676,0.47526586
1845,907792,4.963919,0.6875,1.8405031,0.5680787
1088,1290769,4.844685,2.5,2.1366923,0.57632375
1029,907790,5.971442,6.15625,0.48499468,0.29046395
1194,905936,2.634821,4.4375,0.87745625,0.4016474
1494,909718,-6.146257,-3.375,3.3147628,0.9401942
1175,917486,4.440476,3.953125,1.2135056,0.42079142
1813,905989,6.404547,5.71875,1.3090136,0.4158098
1915,909751,-1.049646,2.9375,1.6340246,0.5421668
2438,907790,12.005652,8.4375,5.721942,1.7410836
1852,909755,5.820473,5.6875,0.61832124,0.3153264
1031,905962,-1.893472,-3.140625,1.4446169,0.6680855
1810,1660035,2.510515,0.21191406,3.497782,0.7937448
1932,907790,2.85898,3.546875,1.2201617,0.4068261
1617,909761,4.855809,2.453125,2.360701,0.5514743
1852,907794,5.697704,5.625,0.67991084,0.32262066
1559,1674021,-1.957118,-2.1875,2.306837,0.6791332
1778,909751,2.873693,3.15625,1.8907387,0.5193295
1614,909747,6.932449,3.75,1.0278106,0.3937239
1200,910689,5.986684,4.15625,0.9378846,0.3684418
1997,909746,3.386899,4.375,1.2390085,0.45371228
2177,909748,2.730454,2.046875,1.4492568,0.45595688
1005,909747,7.263085,2.65625,1.8768339,0.48194987
1069,908458,4.476772,3.4375,0.8569454,0.36327466
1086,909748,-0.383288,-2.078125,3.1268716,0.7491678
2043,905937,4.532592,5.8125,0.4964829,0.3121462
1259,917486,5.121282,3.21875,2.2358522,0.5896588
2173,909263,4.498172,4.25,0.92634714,0.40908024
1068,910554,0.588361,0.32617188,1.8465372,0.6126782
1927,909757,6.228602,5.1875,0.7236403,0.34871122
1939,1659928,3.878882,3.0625,1.1794287,0.48248473
1563,908457,5.966409,5.9375,0.48671997,0.25078458
1033,910700,5.69558,5.46875,0.6288448,0.34467524
1939,1674021,3.315745,3.34375,1.0611947,0.46623728
1912,909698,2.108387,2.359375,1.1957744,0.41260648
1086,909755,-1.614638,-1.265625,2.8985136,0.7218339
2157,905989,5.332414,5.46875,0.6358614,0.30327493
1941,1240123,1.33697,-4.0,1.8988955,0.7497455
1038,1660036,2.378882,3.90625,0.78645104,0.38093427
1024,907794,0.14208,-0.25390625,2.2682006,0.6836658
1131,1240173,4.742726,4.46875,1.0931144,0.47537348
1615,908457,5.572452,5.375,0.45079237,0.27067265
1091,905989,-2.780034,2.28125,1.4606993,0.47533005
1932,909751,0.606149,3.21875,1.6994644,0.49105972
1020,907794,6.012614,6.4375,0.70927286,0.4253289
2159,907790,1.705266,4.53125,0.8799401,0.3474289
1936,1240173,2.315593,2.65625,1.2030821,0.4233996
1926,910700,-0.750894,0.52734375,2.1455276,0.62869173
1615,910905,6.044496,5.25,0.5963847,0.3072898
2109,909757,1.775976,2.828125,1.5571332,0.47156692
1249,909698,1.927309,3.140625,1.2292044,0.41793737
2158,909263,4.106396,4.46875,1.1040126,0.41659167
1378,907291,3.301847,3.328125,2.596117,0.59155774
1831,1240123,2.932715,4.375,0.79524595,0.3476095
1557,907790,5.00959,5.625,0.70374525,0.30293292
1926,1660036,1.138518,0.4609375,2.1399612,0.6300049
1053,905939,1.687354,3.0625,1.245949,0.4406601
1776,905937,4.879512,4.65625,0.6699149,0.32282177
1199,905936,4.623309,4.84375,0.8762268,0.40314898
1249,1660036,2.924954,3.6875,1.4911337,0.46913195
1617,1240173,2.001124,2.484375,1.9585079,0.5007098
1813,907790,5.013865,6.125,1.1015285,0.40336853
1175,1660035,4.485547,4.0625,1.1328807,0.4086995
1855,907289,5.499823,5.28125,1.368336,0.51633227
1813,910554,4.486574,5.875,1.212694,0.40830538
1931,1660036,5.561106,6.125,1.0441968,0.5136514
1007,907291,-6.167117,-3.84375,3.028586,1.0
1581,1240123,2.271922,2.203125,1.57999,0.49234906
1067,905939,5.678599,5.875,0.47368565,0.3109838
1003,910554,-2.257335,-2.484375,2.5238576,0.7571386
1067,910689,8.236363,5.5625,0.43234038,0.29895645
1057,907287,-0.861216,-1.75,1.9659462,0.65869284
1053,909747,5.56484,2.546875,1.2878885,0.45549297
1618,909757,4.483368,4.09375,1.0934484,0.41886786
2046,909757,4.728782,3.984375,1.3960311,0.45428622
1007,907287,-4.174171,-3.71875,3.1156757,0.99447435
1855,909263,6.402438,5.1875,1.262346,0.50860584
1831,907792,4.198488,3.265625,0.69747984,0.31926486
1706,1659928,0.445643,1.7109375,3.0680938,0.6849635
1032,909757,1.990648,1.6171875,1.9626356,0.5778003
1814,910554,5.940171,6.75,0.9486091,0.3615625
1563,909718,6.071579,6.0,0.71302557,0.3100805
1918,909746,5.911264,3.703125,1.4910895,0.4971588
1997,917486,2.96268,4.0,1.2714072,0.46790472
1025,909751,4.464423,5.46875,0.7779221,0.3886266
2154,907792,3.653788,2.515625,0.53665364,0.30650148
1622,905936,3.837368,5.0,0.6298195,0.3676501
2039,909748,3.893003,3.28125,1.0615416,0.4477185
1177,1660036,4.958269,4.65625,0.9351214,0.36735627
1401,1240173,2.50909,2.171875,1.1657379,0.4311638
1020,1660036,5.696097,5.96875,0.6787892,0.41547012
1053,908457,2.585628,3.15625,1.1303704,0.42653757
1080,909757,-3.614621,-3.53125,2.9700084,0.92550004
1020,1290769,6.735236,6.09375,0.69297683,0.41715637
2106,910554,2.47058,3.125,1.5274153,0.48054665
1014,909698,1.07998,1.234375,1.8634809,0.56167793
2096,1240123,1.272244,3.09375,1.4951862,0.48420238
1004,1660034,-3.988554,-2.921875,3.3119507,0.8002991
1852,910689,6.021607,4.9375,0.60899395,0.2934649
1018,905962,7.489874,4.8125,0.37684232,0.20976438
1845,910905,2.747977,1.984375,2.6710138,0.6509725
1068,907795,0.52263,0.11767578,2.014381,0.63987064
1615,1660036,4.746587,5.3125,0.53098464,0.2986222
1558,909751,1.163169,3.5625,1.4253964,0.47992077
1632,907792,3.717662,2.609375,0.9566695,0.36099276
1930,907794,0.404577,0.96875,1.4921166,0.5802839
1449,909747,7.612001,5.4375,0.58289,0.32279286
1008,905939,-1.300666,0.20117188,2.924942,0.6919464
1931,909755,6.546641,6.46875,0.9913677,0.52684397
1634,1659929,5.577011,4.5,0.88015497,0.4028827
2044,908457,4.818102,4.25,0.777938,0.3348698
1855,909748,6.650914,5.0,1.2353569,0.48285887
1916,905936,2.624801,3.421875,1.1819879,0.44601506
2040,905962,0.28199,0.35742188,1.8559091,0.5593957
1939,909718,3.645197,3.25,1.2790385,0.49993253
1580,908457,5.575706,5.5,0.5348151,0.29616997
1013,910700,2.484278,3.9375,1.0161743,0.42640623
2048,905989,-5.058048,-3.15625,2.9323702,0.801775
1033,905962,6.606707,4.40625,0.59940565,0.3169062
1038,909755,4.912436,4.34375,0.6835332,0.36325103
1372,908457,-3.846306,-0.053710938,2.5740533,0.68496686
1910,909757,1.574324,2.1875,1.6747984,0.49537995
1625,908458,5.71914,4.3125,0.90905356,0.3775925
1849,907794,-1.446314,-0.095214844,1.7592162,0.6252781
1913,907287,4.946324,5.0625,0.7471626,0.34553692
1249,905937,2.087157,4.0625,1.1465123,0.4198411
2040,905936,0.576413,1.953125,1.6239872,0.528466
2055,905962,0.644468,0.62109375,1.7350516,0.6076056
1632,1240123,3.726212,3.90625,1.1146861,0.38843518
1378,1660035,7.824048,3.25,2.2835085,0.5812361
1922,909748,2.460887,2.4375,1.6709021,0.5333255
1019,1660036,3.144623,2.640625,1.4897872,0.50902826
1916,909747,4.63689,2.609375,1.3748537,0.469758
1557,907792,6.706653,4.3125,0.6593259,0.2941598
1133,1659928,3.910564,4.3125,0.74227977,0.35221502
1005,1240173,2.344333,2.859375,1.679576,0.4613294
2177,909718,1.569169,2.578125,1.5049547,0.4645103
1620,1660035,5.922277,5.8125,0.65169823,0.31404343
1849,1660035,1.887408,-0.85546875,1.6396421,0.61561435
1634,909761,3.751834,4.3125,0.78301626,0.37346065
2438,910689,13.139117,8.5,5.0375767,1.5255951
1093,909751,5.907458,4.5625,1.1259714,0.42064166
1194,1659928,1.694612,4.125,1.0567566,0.43230158
1249,907287,2.94621,3.4375,1.7228553,0.50014347
1062,909755,2.072177,4.28125,1.1680589,0.46823922
1067,905936,5.2838,6.0,0.4399462,0.31670567
2154,905939,3.585103,3.75,0.6012043,0.32952526
1019,908457,3.421427,2.65625,1.266716,0.46617827
1911,909747,-1.591201,-4.65625,2.3777075,0.83266014
1029,905939,7.551065,5.9375,0.48766848,0.2742615
1054,907795,1.205295,3.3125,1.4276617,0.44065347
1032,905939,1.930899,1.7421875,1.786285,0.5435343
1580,998189,5.95897,5.5,0.63617295,0.32610622
1804,910700,3.39443,5.40625,1.523124,0.66918653
1085,910689,5.45234,2.375,1.4639559,0.5722104
1199,907794,2.95006,4.96875,0.9997681,0.43035835
1083,1240173,1.573142,2.765625,1.1767992,0.42454362
1873,909751,0.422733,0.98046875,2.2027116,0.66392654
1720,910905,3.26046,3.390625,1.8004026,0.51303077
1007,909263,-2.155911,-3.5625,3.1478364,1.0393751
1825,1674021,-1.361619,-0.60546875,2.4070644,0.75729674
1578,998189,5.581708,5.46875,0.52731204,0.3158079
1594,905936,2.472578,2.953125,1.406364,0.4532415
2154,907794,2.462043,4.15625,0.65767795,0.35862792
1621,1660036,5.399105,4.59375,0.91710794,0.40500018
1036,907291,4.639662,4.5,1.113467,0.4201592
1042,907794,6.149563,5.65625,0.6169997,0.3082346
2111,917486,2.503301,4.1875,1.0596669,0.42051095
2439,909718,9.807066,8.5625,4.0863357,1.2733645
1632,907289,3.637364,3.90625,1.2694733,0.41511047
2047,909748,0.759339,2.640625,1.707316,0.5026341
1830,909746,2.991171,2.359375,1.2925187,0.57078373
1086,1659929,-3.499263,-1.7265625,3.3550332,0.7740222
1634,1240173,4.736447,4.34375,0.6459313,0.3397494
2046,908457,5.164995,4.25,1.0860006,0.3976823
1815,1659823,4.933335,6.1875,0.60430545,0.28381193
1613,905989,1.421165,3.625,1.2276086,0.42990178
2148,909757,1.919544,0.79296875,1.364389,0.64408785
2011,905939,2.637921,4.59375,0.8196362,0.3387243
1916,907792,5.488796,1.8984375,1.2826279,0.45815003
1629,909751,6.306221,4.875,0.90228236,0.34218252
1915,917486,2.720753,2.53125,1.5061057,0.5146039
1915,909698,3.349627,2.15625,1.1487179,0.44899464
1026,1659928,-1.801878,-0.5078125,3.0111952,0.86203545
1069,905962,3.082919,2.875,0.88698924,0.37219772
1088,907792,5.478447,0.9375,1.8364214,0.55614746
1441,917486,3.570378,1.3359375,2.0140328,0.54079103
1372,905962,-2.938904,-1.390625,2.6690798,0.70391333
1932,909761,2.317778,2.75,1.4314253,0.43762973
2172,910905,3.655849,2.3125,2.1274946,0.5738429
1043,907794,5.613885,5.84375,0.7844296,0.38986424
1248,909698,-4.296488,-4.6875,2.4410214,1.0036664
1816,905937,3.349353,4.875,0.79378223,0.35779697
1052,1660034,2.851081,4.40625,0.9725834,0.43614978
1825,907795,-1.02252,-1.0625,2.74798,0.80900574
1131,909751,2.996655,4.84375,1.6014438,0.6012726
2055,910905,2.660136,2.0625,2.1249878,0.6621787
1529,905936,-1.859658,0.75390625,2.3013887,0.57064724
2047,905962,1.531278,1.8125,1.6008135,0.47797257
1594,1290769,3.986088,2.59375,1.5965866,0.48123243
1018,917486,5.224646,5.59375,0.45322415,0.2371635
1441,907289,2.529098,1.671875,2.1108286,0.55668646
1615,909757,6.037017,5.28125,0.5521311,0.29645824
1627,905989,2.611806,3.703125,1.2971115,0.42828947
1054,1290769,4.406674,3.484375,1.2179723,0.4080832
1048,910905,8.60042,5.28125,0.8401762,0.43290442
2110,909748,3.74824,4.78125,0.8097638,0.36313418
1026,909757,-0.782926,-0.58984375,3.055084,0.8625481
1259,909761,2.738866,3.28125,2.1280138,0.56882656
2499,907291,9.129149,8.5,4.904888,1.3912148
1029,1240123,5.359763,5.9375,0.52791125,0.29234672
1378,1674021,3.691268,3.71875,2.060859,0.5292054
1563,1660035,5.956346,5.71875,0.65211266,0.29393947
2048,907291,-5.04977,-3.34375,3.2070308,0.8382686
1580,909751,3.689869,5.5625,0.8372215,0.37737712
2039,907794,4.700863,3.84375,0.9136506,0.4335312
1924,1659929,3.125336,3.578125,1.8363701,0.49756572
1620,908457,5.701351,6.0,0.49164623,0.27226388
1939,907794,2.39102,3.515625,1.1211241,0.48013923
1621,908458,6.037712,4.0625,0.8732851,0.37783805
1827,908458,0.92845,-0.3203125,2.1429496,0.64286906
1916,908458,1.986487,2.4375,1.3924686,0.46427664
1378,909761,5.595911,3.046875,2.3017397,0.5514743
1928,908458,5.847344,4.34375,0.6997896,0.3354871
2173,910689,6.054747,3.9375,0.7646245,0.3591057
1583,1660035,2.799462,3.65625,0.6639747,0.3546794
2172,998189,2.773431,2.578125,1.8632109,0.54852957
1199,907291,4.153573,4.4375,1.1205369,0.43577665
1086,905939,-3.824474,-1.859375,2.851105,0.7100274
1922,910554,2.530922,2.65625,1.5127432,0.51687187
1618,1659928,4.143253,4.125,1.0674045,0.4193228
1008,1659928,-3.380421,0.24316406,3.2369437,0.7285655
1617,910700,4.722755,3.078125,2.392461,0.5451522
2156,909755,3.847486,4.46875,2.1290216,0.55156857
1808,905989,0.627761,-0.76953125,2.6018322,0.7179141
2499,905937,9.773736,8.5,3.5842538,1.2367601
1046,908458,2.941188,2.078125,1.9086055,0.56189376
1401,1660036,2.904473,2.515625,1.4168229,0.47937426
2173,1659929,2.856939,4.125,0.9498477,0.4067874
2045,909748,5.913912,5.0,0.75822276,0.31978995
1010,1660034,4.127668,3.5625,1.0977266,0.42690572
1170,907289,4.195869,3.546875,1.4174583,0.48194492
1024,910905,0.033216,-0.8125,2.4557686,0.6965504
1919,998189,1.856695,1.953125,1.476297,0.48983312
1838,910700,4.315364,4.4375,1.016663,0.4653679
1191,907287,-4.018441,-5.125,0.8866272,0.57987446
1786,1659823,4.082389,2.796875,1.1090078,0.3981044
1012,909263,0.878024,1.859375,1.1902386,0.47472128
1180,909698,-3.671847,-4.15625,1.4742658,0.6092576
1012,910905,2.305887,1.6015625,1.243832,0.46004793
1782,905989,5.349982,5.75,0.53754026,0.28566578
1918,907287,3.000118,3.4375,1.6139044,0.5226482
2157,1660035,5.747821,5.34375,0.6375015,0.3135937
1936,909748,3.633909,2.671875,1.5399003,0.4775692
1622,909755,5.260648,5.09375,0.66395754,0.3870808
1634,998189,5.771935,4.6875,0.74229515,0.37082845
2157,905962,6.717449,4.25,0.5575214,0.2872653
1843,910689,4.039025,-0.40625,2.64469,0.7198379
1003,909757,-2.162355,-2.671875,2.4017756,0.7448626
1560,910689,6.916974,3.6875,1.2202588,0.42105484
1561,905939,0.074411,1.546875,1.6347259,0.49040574
1930,907289,1.252157,0.60546875,1.6929759,0.60173434
1017,907794,6.454397,5.0625,0.8442254,0.36901885
1011,910700,1.303401,2.265625,1.775903,0.53025097
1494,910905,-0.919123,-3.59375,3.1169255,0.9090742
1806,909748,4.174913,5.15625,1.9030852,0.7513998
1624,1659928,1.941803,3.375,1.7365639,0.4948397
2154,1240123,1.781019,3.75,0.68905246,0.36056793
1029,909748,5.856877,5.75,0.54081047,0.2918792
1259,905937,2.927918,4.09375,1.524942,0.4867373
2048,909757,-4.22015,-3.046875,3.0759614,0.8040091
1830,907289,2.321161,2.421875,1.3685308,0.58311164
1046,905937,1.075079,3.1875,1.439327,0.51412237
1625,1659929,4.533625,4.78125,1.1073406,0.42848024
1053,905989,2.671406,2.96875,1.3714823,0.46403348
1020,909755,5.520648,6.46875,0.63861483,0.41713846
1441,1660036,2.524522,1.7265625,1.8719871,0.5236783
2055,907794,1.655304,2.65625,1.9330599,0.63827145
1627,998189,3.847241,3.90625,1.2406669,0.43020976
1016,910554,2.578328,0.18945312,2.526115,0.6602876
1835,910700,4.095672,4.21875,2.2678783,0.68681115
2177,908457,2.703819,2.34375,1.0778382,0.3966672
1908,905989,0.610074,2.75,1.5796863,0.48295754
2157,910905,4.939977,5.375,0.6688629,0.31575045
2359,910905,5.584101,5.65625,0.56434244,0.29530957
1835,1660036,4.932579,4.125,2.2673502,0.6769877
1853,910905,5.020866,4.0625,1.2474066,0.4900354
2148,1660034,1.661555,1.0546875,1.3489939,0.6143284
1026,905989,-1.562949,-0.64453125,2.9846034,0.8786678
1706,910700,2.349256,1.9921875,3.0323684,0.6769877
1373,909263,4.809921,4.875,0.83855796,0.38581768
1029,908457,6.609351,5.9375,0.4384114,0.2666301
1038,907795,3.19025,3.6875,0.8929778,0.39233097
1006,909746,4.478049,2.53125,3.3472018,0.7353121
1011,998189,2.673617,2.1875,1.7391496,0.52668935
2037,909761,5.804597,3.5,1.3073064,0.43588188
1561,907792,1.234335,0.39453125,1.4970326,0.47553435
1779,909748,1.217315,0.84765625,2.06609,0.6168953
2038,909751,5.167558,4.46875,1.2371581,0.45078263
1618,998189,5.659524,4.3125,1.0175784,0.41207123
1916,907287,2.106073,2.859375,1.6056521,0.5100374
1025,907795,3.047829,5.25,0.72832555,0.36384967
1131,909746,6.958236,4.90625,1.5540837,0.56626064
1037,907289,2.543786,2.96875,1.6461581,0.4669137
1720,910554,3.336398,3.59375,1.6106656,0.49951565
1019,905937,1.409296,2.9375,1.140696,0.45266604
1843,1240173,-0.869931,-0.45507812,2.3739822,0.689165
1631,908442,3.658346,3.75,1.29787,0.4223433
1809,909263,2.166648,0.65625,3.0519285,0.7159413
1529,909698,-1.952465,-0.43554688,2.0212936,0.53787506
1720,910689,8.269294,3.21875,1.4920201,0.4649363
1634,907287,3.319348,4.375,0.89326495,0.4026387
1838,907792,3.926505,3.078125,0.8822352,0.4522393
2055,907795,0.646246,1.953125,2.166318,0.6718401
1180,910554,-2.195209,-3.375,2.3705254,0.71114016
1830,1660036,2.777556,2.484375,1.2362279,0.5431384
2109,917486,2.364007,2.640625,1.6817172,0.49742645
2499,907790,9.199778,8.5,4.31437,1.3770785
1011,905989,2.359663,1.984375,1.7746499,0.5249145
1249,909757,3.577023,3.578125,1.5250249,0.46846843
1631,1240173,4.417769,3.65625,0.8689559,0.3396452
1706,909718,3.268314,1.953125,3.2864199,0.7049403
2096,1660036,2.56862,3.078125,1.4769382,0.48295033
1511,909757,1.972611,-0.8515625,2.7808385,0.714088
1849,907790,-1.570267,-0.17871094,1.6142352,0.60003823
1558,908442,-1.178017,3.3125,1.4300374,0.4653523
2157,917486,4.738297,5.15625,0.6620182,0.31575045
1816,909757,6.009262,4.34375,1.111798,0.40916514
2048,908442,-4.318317,-2.96875,3.534266,0.8917449
1847,907795,2.479972,5.0,1.6817656,0.6007205
1013,905936,2.449823,4.125,0.8637352,0.39334282
1843,905939,-1.45144,-0.16601562,2.6276703,0.7217426
1615,909698,4.832283,4.875,0.45078805,0.26348042
1080,907289,-2.76576,-3.3125,3.2821553,0.9892852
1024,910554,0.743504,-0.7109375,2.2898343,0.6804894
1631,1660035,3.805668,3.65625,1.0750107,0.39170104
1799,909748,5.804175,4.6875,1.2578913,0.47704405
1847,910700,5.173049,5.1875,1.4610733,0.58274245
1058,1660036,1.870063,1.4453125,1.7563517,0.5525733
1036,908458,4.611707,4.125,0.96324813,0.3861368
1069,908442,4.236742,3.90625,1.0614448,0.40865862
2174,1660036,2.463205,2.9375,1.7563443,0.5369672
1093,910554,4.84199,4.46875,0.9045874,0.37383133
1816,998189,5.24897,4.5625,1.0338932,0.39805123
1494,909698,-4.241241,-4.21875,2.03168,0.8021732
2498,907795,7.897742,8.125,1.1279151,0.44986382
1025,1660036,5.753005,5.375,0.63234466,0.34838226
1581,907287,1.40149,1.9140625,1.7296087,0.51400244
1177,910689,8.095154,4.40625,0.84916496,0.3386856
1853,910689,4.44926,3.953125,1.0126543,0.440383
1029,910905,5.783897,5.8125,0.56890243,0.29769573
1615,910700,6.349722,5.40625,0.542673,0.30207184
1089,910700,2.920794,5.625,1.6790793,0.70099545
1494,908458,-2.325779,-4.0625,2.6050386,0.83550537
2044,907794,3.710145,4.5625,0.8910612,0.3682415
1023,1659929,3.996525,3.734375,1.0964849,0.44628277
2173,910554,4.699883,4.21875,0.8185372,0.38245496
2011,1674021,5.053978,4.8125,0.8019517,0.34520665
2359,909746,6.273678,5.84375,0.60034937,0.30774283
1062,909263,2.05849,3.84375,1.5647666,0.5320307
2110,905962,4.245218,3.4375,0.6903266,0.32588285
1038,1660035,2.97858,3.65625,0.81431794,0.36894065
2177,907794,2.740615,2.765625,1.2892455,0.4426766
1013,1290769,4.338089,3.8125,0.9619935,0.41835162
1593,910700,2.974716,2.609375,1.3850462,0.4996711
2047,905939,0.1801,2.875,1.4337788,0.45985112
1940,909263,3.694004,4.0625,1.0779371,0.42560455
2038,1660034,3.474647,4.53125,0.9665426,0.38355613
1634,905962,4.678336,3.40625,0.75193214,0.35679507
1593,905936,1.244602,2.734375,1.1672559,0.4655547
1802,1240123,3.443538,4.09375,1.029344,0.4616037
1029,909757,6.023498,5.875,0.5179097,0.28680807
1621,908457,6.092747,4.71875,0.77122515,0.36594972
1199,1290769,4.242794,4.5625,1.0106592,0.42843673
1635,909747,6.407276,5.40625,0.5518851,0.33010158
1012,905937,1.876399,2.0625,0.8960936,0.42520034
1815,909755,5.441566,6.4375,0.6074726,0.30820185
1917,908442,1.335902,1.9296875,2.0635364,0.549116
1909,910700,3.120296,2.28125,1.9082745,0.5670981
1932,908458,1.923694,2.359375,1.3385017,0.41709757
1449,1290769,6.931811,5.875,0.62284577,0.33442742
1512,1290769,5.19055,5.75,0.4950894,0.28458476
1911,910905,-2.652503,-4.21875,2.8107214,0.88006514
1036,1240173,2.193347,4.4375,0.839283,0.37063223
1928,909718,4.360513,5.03125,0.86103815,0.38415423
1576,907794,3.869185,3.671875,1.4329742,0.5247405
1017,1240173,3.732284,4.375,0.7325348,0.3335945
1631,1660034,4.090915,4.125,0.98793787,0.35997438
1560,909751,1.954087,4.125,1.6184496,0.5116372
1926,909698,2.631038,-0.37304688,1.5806881,0.5427466
1085,905936,2.268594,2.921875,1.3277079,0.5628394
1615,907795,4.953273,5.1875,0.60581684,0.31214976
1927,909718,4.068867,5.3125,0.7965156,0.37408337
1034,905962,-2.807406,-4.09375,1.165436,0.5417497
1630,905962,4.607786,2.84375,0.87139,0.3354871
1243,1660036,4.517157,3.015625,1.2659063,0.5561776
1922,1674021,2.63,2.9375,1.3891572,0.4913091
1808,908457,3.976286,-0.6171875,2.275498,0.67942053
1083,909761,2.855621,2.75,1.416086,0.46757334
2038,1659928,3.229498,4.3125,1.0183971,0.40007058
1067,1660034,5.33159,5.9375,0.4778757,0.3262986
1613,905939,0.502405,3.71875,1.106917,0.40736884
1016,910905,3.284047,0.13378906,2.6523511,0.6932839
1068,1240123,0.32775,0.40039062,1.9180945,0.6241722
1827,907792,0.808386,-0.94921875,1.8424348,0.6203345
1852,1240123,5.272875,5.34375,0.7265026,0.32579616
1835,909746,5.458216,3.96875,2.6596403,0.80545354
2037,910905,5.375911,3.65625,1.4033484,0.44792658
1378,905936,2.578185,3.734375,1.9261076,0.5148562
1635,905989,5.679327,5.875,0.64482075,0.3444478
1250,909755,4.403614,2.59375,1.6692468,0.5055198
2172,909757,2.714461,2.328125,1.9894665,0.559108
1059,907291,-0.213791,-0.09423828,2.3100498,0.6065101
2157,907790,3.58459,5.8125,0.5472016,0.28930587
2111,909761,3.729594,4.21875,0.9713957,0.39940545
1010,1674021,3.310332,3.671875,1.0433319,0.41823992
1580,909698,4.149242,5.0,0.51293445,0.27399728
1200,909263,3.878112,4.59375,1.1313312,0.42264393
2157,905936,4.515111,5.75,0.5158442,0.2812868
1401,907291,0.883383,2.328125,1.5162148,0.4910124
1441,905939,2.114677,1.5625,1.7487589,0.48920593
1248,917486,-3.221828,-4.1875,3.9064295,1.1609068
1629,905939,4.083907,4.8125,0.6369951,0.27701637
1025,905962,7.48839,4.375,0.5878923,0.31728962
1017,909761,5.165634,4.34375,0.89251137,0.37261277
1022,907790,-1.440508,0.87890625,2.3382802,0.5748037
2158,905989,4.493285,4.40625,1.0342783,0.38638678
2158,998189,5.395855,4.59375,0.9513613,0.38137174
1778,905989,0.939248,2.9375,1.5514013,0.46321902
1854,907289,4.248371,5.1875,0.8334645,0.36618373
1060,1659928,0.128033,0.93359375,2.334423,0.6411963
1016,909748,3.675888,-0.114746094,2.6028168,0.68951917
1862,1290769,-2.075072,-1.6640625,0.6540024,0.48212337
1624,905936,3.656535,3.734375,1.4432006,0.46287298
1855,909718,4.767504,5.28125,1.2829858,0.5014754
1086,908457,0.665052,-1.859375,2.617702,0.68422705
1782,905939,6.516947,5.8125,0.47524455,0.26590315
1924,907291,1.878521,3.453125,1.7970773,0.4936035
1073,908458,6.015067,4.15625,1.2231193,0.4709037
1941,917486,-0.940658,-4.1875,1.9947906,0.7836403
1996,910905,5.051812,4.65625,1.0708119,0.4336283
1627,905936,2.610105,4.09375,1.073797,0.40316415
2040,909718,-0.517976,1.8125,2.0115478,0.5812361
1813,1659823,5.924611,5.875,1.1182483,0.38396284
1008,907794,-2.216081,0.75390625,3.0910952,0.7131304
1085,909746,4.043451,2.578125,1.6663438,0.6163196
1372,907794,-3.515372,0.29882812,2.8168864,0.72654897
1578,909263,5.496567,5.40625,0.6417196,0.35354728
1012,909747,2.910549,1.046875,1.0431244,0.42889792
1626,909751,1.303717,2.484375,2.5379813,0.6575183
1017,908457,5.657217,4.75,0.7156601,0.3309681
1622,907792,6.770567,3.875,0.63292885,0.34691378
1811,907794,-4.297402,-3.671875,2.974681,0.90086144
1631,909751,2.966663,4.0,1.3034778,0.42416814
1047,910700,6.192015,4.6875,1.2680328,0.48089015
1922,907291,1.899506,2.515625,1.7009646,0.54292095
2107,1660034,5.061812,5.59375,0.5207759,0.28106645
1180,909751,-2.009304,-3.265625,2.771948,0.7754376
1561,910905,0.340413,1.4453125,1.9270924,0.53417224
1032,909698,1.63284,1.1171875,1.5015172,0.51052547
1559,908458,-1.806566,-3.09375,2.1065922,0.6440485
2439,910905,10.015625,8.5625,3.7022462,1.1427131
1091,917486,2.063221,2.109375,1.592497,0.5107563
2048,998189,-2.7206,-2.84375,3.050235,0.7937448
1091,909718,-0.525733,2.546875,1.5729316,0.5044812
1085,909747,4.895247,2.21875,1.5707241,0.5927021
1635,907287,3.759815,5.75,0.6982727,0.36539268
1720,917486,5.689296,3.1875,1.7800071,0.51673454
1054,909755,4.903865,4.125,1.055609,0.3884864
1815,909263,5.930773,6.15625,0.7888883,0.34132266
1614,910689,7.300344,3.890625,0.9560248,0.37556803
1020,1659929,5.610411,6.0,0.8022425,0.44198534
1941,909751,-2.760307,-3.875,2.1984904,0.8090909
1624,917486,5.526042,3.140625,1.8881748,0.5139278
1825,908458,-0.725117,-1.6015625,2.3622673,0.74320304
2106,1674021,2.154803,3.375,1.3764725,0.4544935
1049,909748,3.853463,3.609375,1.1168448,0.42998776
1626,909748,4.279415,2.09375,2.313691,0.612926
2040,908442,1.061255,1.5859375,2.1277153,0.6062997
2044,1674021,3.06333,4.40625,0.8523495,0.35584566
1808,905936,-0.012315,-0.29492188,2.3702755,0.69780946
1838,909757,4.187871,4.125,1.1040833,0.4900725
1598,905936,3.654696,4.59375,0.73661834,0.36235029
1558,908458,5.366651,2.90625,1.1552263,0.41264263
1042,908457,5.896035,5.375,0.5173665,0.27494484
1706,998189,1.393687,1.9140625,2.9557219,0.67349815
1023,905989,0.071748,3.703125,0.98523855,0.41132525
1086,998189,-1.03988,-1.703125,2.96923,0.7299057
1853,905939,4.817591,4.21875,1.0652114,0.44926628
1175,907291,3.445064,4.125,1.2380043,0.41887197
1922,907790,1.319057,3.03125,1.355609,0.4890513
1782,910689,7.39398,5.4375,0.43596855,0.25777724
1018,1240123,4.729694,5.9375,0.4302837,0.23222715
1200,909757,4.296694,4.34375,1.111798,0.40916514
1014,907794,-0.020827,2.28125,2.1642966,0.60545033
1778,907794,1.800434,3.4375,1.4614155,0.45978218
1625,909755,5.789171,5.25,0.84782887,0.39411095
1558,905939,2.203907,3.46875,1.1080103,0.40981248
1268,1660035,5.1673,4.46875,0.90423447,0.38725278
1048,909718,6.697668,5.46875,0.879145,0.45767546
1936,905962,4.917558,1.75,1.4156102,0.45843244
1564,909263,0.448657,2.890625,1.8442599,0.54295033
1199,1660035,4.895509,4.40625,1.0038865,0.41486785
1372,908458,-2.058839,-0.6953125,2.8059103,0.711078
1052,907792,5.902636,3.09375,0.8869568,0.40808585
1803,910554,1.784369,5.375,1.4582626,0.65395
1177,908458,5.649971,4.125,0.9216111,0.34951276
1034,910554,-2.35079,-2.96875,1.7016957,0.6389128
2438,905962,9.260784,8.375,4.882196,1.4239283
1049,907289,4.70919,3.90625,1.190881,0.44712412
1838,1660034,2.409091,4.4375,1.0336003,0.45179644
1052,907795,2.571684,4.03125,1.1267754,0.4586113
2499,908457,9.459145,8.5,3.8402503,1.24363
1200,909761,2.819474,4.125,1.0601572,0.39804298
1039,905962,5.850967,4.0625,1.0108759,0.39115372
1069,909748,4.098179,3.8125,0.95794237,0.39187834
1736,1660034,2.358074,3.921875,1.2612865,0.4735583
1096,1660036,3.870649,2.8125,1.6273772,0.4928398
1941,908457,-5.757026,-4.09375,1.5426553,0.68825936
1803,910689,7.28702,5.0625,1.3405473,0.604251
1010,909755,3.771962,3.890625,1.0236695,0.42520034
1598,907794,5.175119,4.6875,0.8177289,0.3840462
1011,1660035,3.346554,1.875,1.6842784,0.5248469
2045,910905,5.988142,5.0625,0.77582186,0.32225218
1736,910700,2.935946,3.890625,1.3497248,0.49425542
1022,910689,5.075425,0.095214844,2.4244974,0.5883651
1507,907794,6.193738,5.6875,0.4720637,0.2600775
1038,909751,2.738358,3.96875,0.9547303,0.4216144
1026,905936,-0.361401,-0.11425781,2.6873605,0.81384844
2111,909263,6.291313,4.53125,1.0462756,0.43459025
1931,909747,8.297374,5.6875,0.9624798,0.49083757
1030,909263,5.936852,5.8125,0.514921,0.29674548
1618,909755,4.783418,4.6875,0.91402596,0.40363914
1375,909263,8.222154,6.8125,0.9965665,0.45151147
1032,905962,2.078062,0.6015625,1.9076376,0.57227725
1614,1659928,3.908295,4.125,1.0768149,0.4063288
2148,1659928,0.416552,0.84765625,1.376597,0.6498509
1042,907287,5.299016,5.1875,0.7253105,0.32194558
1621,908442,5.480304,4.5,1.1155864,0.4338514
1058,998189,0.950512,1.3984375,1.7176791,0.5509055
1931,909748,6.025318,5.9375,1.1427612,0.53120947
1635,910905,6.299626,5.8125,0.6714964,0.3586973
1621,909746,5.859765,4.6875,0.9970901,0.41627312
1557,1660035,5.579523,5.15625,0.83644855,0.34044477
1006,909748,1.444064,2.046875,3.5755594,0.7212153
1615,907291,4.695938,5.21875,0.60968494,0.3141428
2010,910905,3.606495,3.78125,1.3567076,0.4393574
1576,910689,5.658206,2.984375,1.3942226,0.5054893
2107,1290769,5.251017,5.4375,0.5272292,0.2845493
1615,907287,4.945162,5.1875,0.62811965,0.31867713
1557,1290769,6.768953,5.21875,0.7859114,0.31664783
1806,909755,6.729668,5.96875,1.5765088,0.7069768
1085,1674021,2.525089,2.875,1.4040848,0.57438785
1615,907289,5.244758,5.4375,0.6422144,0.32415378
1268,907795,4.564638,4.53125,0.9541395,0.39631978
1131,1659929,4.170592,4.6875,1.51976,0.5734711
1010,910700,3.963937,3.546875,1.161864,0.4428446
1079,909746,2.090482,1.5,2.3630757,0.63451314
1059,909757,-1.32018,-0.023071289,2.1490064,0.5875859
1494,910700,-1.568684,-3.28125,3.2334166,0.92565227
2047,908457,0.520472,3.0,1.295597,0.44051126
1401,909718,3.409637,2.546875,1.5109323,0.4916765
1068,907790,-0.092062,0.64453125,1.6895862,0.5975631
1050,908457,2.470721,2.765625,1.1320584,0.44697332
1014,905962,-1.124333,0.796875,2.2777767,0.60885876
1847,909263,4.515754,5.0625,1.642209,0.63544506
1529,905939,0.831622,0.41210938,2.46107,0.57976335
1614,909757,5.864205,4.0625,1.0922875,0.40602157
1080,1240123,-1.546459,-3.375,3.1422353,0.94711155
2172,909755,4.292365,3.015625,1.7000502,0.5348601
1862,909746,-0.525079,-1.421875,0.6537409,0.509636
1630,909263,4.149753,4.0,0.9466741,0.36082497
1179,909751,0.306726,0.6328125,2.3107097,0.64050746
1706,909755,2.753506,2.453125,2.6729834,0.6431506
1853,908442,4.403395,4.0625,1.4252217,0.5141648
1510,905939,2.056222,4.53125,0.77081215,0.3421425
1031,1660036,1.008566,-1.3828125,2.3041928,0.7834403
1084,905989,-3.309932,-2.03125,2.9275582,0.7932239
2106,907792,2.855244,2.078125,1.3387383,0.44419134
1831,910554,3.189536,4.34375,0.7864364,0.35267314
2177,910700,3.496145,2.59375,1.3794552,0.44456938
2173,998189,3.724079,4.3125,0.8094942,0.3782297
1072,908457,5.680037,5.28125,0.6130832,0.33951327
1831,910905,3.880645,4.15625,0.8472453,0.3537147
2175,905962,7.884993,3.9375,0.6728917,0.30175462
1786,1660035,2.914486,2.75,1.1392275,0.4171735
1032,908457,1.350768,1.8046875,1.6567708,0.52881503
1812,907291,2.190248,3.328125,2.596117,0.59155774
1083,1674021,2.32238,3.359375,1.1853974,0.42977762
2057,907291,3.682048,5.28125,0.825037,0.38947567
1068,909755,1.268665,0.8203125,1.7508854,0.6101318
1855,907794,4.531044,5.59375,1.0933489,0.47305146
1510,910689,6.474739,4.21875,0.74764246,0.34222633
1080,907794,-2.665902,-2.9375,3.145988,0.9437732
2107,909718,5.690884,5.53125,0.60495293,0.30377725
1249,1674021,3.138995,3.9375,1.3307095,0.44585595
1089,909757,3.148365,5.3125,1.8104615,0.7220943
1268,910689,6.352567,4.4375,0.7641181,0.35337824
1024,1660034,-0.11821,-0.48632812,2.3556848,0.6712603
1560,909755,5.354376,4.5,1.163736,0.43474975
1047,909746,5.534748,4.59375,1.4354861,0.49776465
1622,910905,5.090674,4.625,0.79428023,0.39273208
1023,909747,6.073973,3.3125,0.93587613,0.40908024
1042,910700,5.701913,5.40625,0.63246125,0.30951646
2046,905939,2.471257,4.125,1.2545781,0.42034802
1020,907795,5.495238,5.90625,0.7961933,0.43415952
1835,1240123,3.034622,4.03125,2.4576156,0.72014105
1194,909761,2.892883,3.875,1.0500708,0.42522913
1626,908442,1.210577,2.15625,2.5415676,0.64408785
1053,909755,4.123839,3.578125,1.1973282,0.45180365
1038,910905,3.53488,3.75,0.8743612,0.38415176
1006,909747,5.964405,1.71875,3.154025,0.6712468
1635,908458,6.076674,5.375,0.54452914,0.31949833
2499,910700,10.122919,8.4375,4.44266,1.3910413
2038,909748,4.99399,4.125,1.114347,0.42049125
1003,1660036,0.073547,-2.4375,2.6435905,0.77102256
1248,909748,-2.741549,-4.28125,3.5558705,1.0871364
1086,909757,-3.202634,-1.8828125,3.0681016,0.7413754
1237,907287,5.808735,5.1875,0.82479316,0.3175472
1048,909751,5.183703,5.5,0.9184804,0.4708188
2055,909755,2.417214,2.8125,1.8036577,0.6347596
1564,907792,2.138984,1.40625,1.5793717,0.49928358
1593,909698,3.369296,1.7421875,0.9342581,0.41469172
1831,909746,4.200611,4.34375,0.81333137,0.346549
1563,909748,6.307159,5.6875,0.6474961,0.2903661
1006,998189,0.922659,2.546875,3.3032067,0.6975277
1932,907291,2.567307,2.921875,1.5463413,0.4552431
1079,905939,1.917509,1.484375,2.1783504,0.60381866
1449,905939,5.906472,5.90625,0.5942737,0.31908607
1627,910700,4.667584,3.890625,1.281217,0.43776432
1873,909757,0.987016,0.71875,1.9892213,0.6139811
1624,905989,1.92165,3.296875,1.7322778,0.4868292
1026,907792,1.088212,-2.171875,2.2343895,0.794169
1576,1240173,3.097776,3.03125,1.2979023,0.48730597
1564,905936,-1.230716,3.21875,1.4533483,0.4752365
2039,907291,2.746756,3.34375,1.0976144,0.45824084
1175,909748,4.159415,4.125,1.2014706,0.4105167
1915,1290769,4.218501,2.71875,1.3259627,0.48555398
1177,1660035,5.176304,4.5,0.972996,0.36900005
1634,910689,7.988708,4.28125,0.6968781,0.35174492
1561,1659823,2.422493,1.5546875,1.6221002,0.5078959
1927,909761,4.043787,4.96875,0.7136251,0.34744337
1378,909747,7.724715,2.84375,2.1305847,0.52601355
2359,998189,6.139293,5.8125,0.49386477,0.28278896
1578,910689,7.783956,5.125,0.49848384,0.2981604
2010,917486,3.25928,3.5625,1.3440853,0.43950814
1632,907795,1.616959,3.59375,1.2414805,0.40992084
1512,909748,5.876766,5.625,0.5493224,0.2949502
2159,908457,4.71768,4.25,0.8270098,0.33152303
1025,1290769,6.474234,5.375,0.6215483,0.34420106
1372,905936,-3.270858,0.19042969,2.593757,0.6996065
1559,910905,3.588731,-2.59375,2.520095,0.6985471
1825,907794,-0.737028,-0.41796875,2.54698,0.77868825
1582,909757,4.439336,4.5625,0.849004,0.37878513
1032,910689,3.146964,1.5078125,1.7905039,0.54741085
1564,909755,1.217446,3.453125,1.5199245,0.4922137
1022,910905,-0.83687,0.3203125,2.8375309,0.63866645
1003,1290769,-1.963383,-2.5,2.4682205,0.7510349
1131,907287,5.623792,4.5,1.5738807,0.57922137
1034,910905,-1.878374,-3.09375,1.7232195,0.64376223
1033,909747,7.354023,5.03125,0.6025906,0.32690153
1786,910689,5.732473,2.625,1.1044602,0.3964719
1199,1240123,2.683007,4.6875,1.0682234,0.43258005
1069,910905,2.799376,3.875,0.97254306,0.39184272
1512,907287,6.000739,5.625,0.58875024,0.3049232
1996,1240173,2.102036,4.53125,0.7862059,0.37114468
1050,907795,1.746415,2.453125,1.4847666,0.50981086
2111,907792,6.903926,3.453125,0.8314649,0.3653052
1631,905962,3.525232,2.484375,1.0798713,0.3838186
2040,1240123,1.551043,1.7265625,1.9397764,0.5764597
1017,917486,4.713315,4.3125,0.98436713,0.3906295
1622,1659929,5.596185,4.6875,0.8232897,0.40917784
1916,910905,2.130631,2.953125,1.5215818,0.49037376
1997,907287,5.40238,4.125,1.355283,0.47696355
1012,905962,0.995005,0.02722168,0.9352353,0.39849052
1825,909698,-1.571617,-1.734375,1.877468,0.7049077
1806,909263,7.365415,5.46875,1.9922694,0.7866126
1054,917486,3.314768,3.21875,1.3818998,0.43268675
1782,905936,5.359947,6.0,0.43679148,0.26769137
1033,907790,4.561172,5.6875,0.5740054,0.3316461
2038,909757,4.127082,4.25,1.0520062,0.40502477
1919,908442,-0.998904,1.765625,1.7315836,0.517018
1553,907795,1.288819,2.890625,1.7199724,0.5016426
1180,908442,-3.676179,-3.4375,2.532478,0.75972474
1778,910689,6.848706,2.78125,1.4123948,0.43802595
2107,909748,5.893379,5.28125,0.5791467,0.29383066
1852,907790,5.57786,5.5625,0.6194626,0.30472016
1909,909718,1.238644,2.28125,2.062232,0.5849283
2173,905939,3.33532,4.21875,0.78357106,0.3623746
1463,909757,5.852468,3.71875,0.9864041,0.38361242
1463,908458,-1.699144,3.296875,0.95856565,0.3746706
1060,905937,1.125932,1.2421875,1.8080807,0.58270633
1168,1660036,4.153104,3.0,1.1504312,0.45422754
1811,907291,-3.597157,-4.34375,2.8402216,0.9153436
1817,1659928,-6.617621,-5.625,1.6382518,0.76546013
1032,1659929,2.220133,1.703125,2.1475747,0.60632914
1819,910905,1.21463,-3.71875,3.0462577,0.97231716
2109,905936,2.51602,3.28125,1.2976948,0.44339445
2154,907795,2.116651,3.5,0.7459387,0.37264866
1909,905936,1.641371,2.484375,1.6510993,0.5295516
2044,1290769,6.608672,4.15625,0.91689324,0.36569872
1011,1674021,3.197581,2.375,1.6003572,0.5034952
1200,1674021,3.761989,4.71875,0.94790757,0.38385785
2359,905936,5.318907,6.0,0.43679148,0.26769137
2156,1290769,3.19708,3.734375,2.510346,0.5767541
1012,909698,2.082971,0.984375,0.76049227,0.37217283
2177,909698,2.235684,1.5625,0.921135,0.3673905
1023,907289,3.739283,3.84375,1.1172932,0.44788882
1093,1660035,4.288869,4.25,0.9526996,0.38384768
1593,1660036,2.841805,2.546875,1.4210503,0.5050838
1069,1660034,3.669686,4.1875,0.83927536,0.37062883
2044,909751,2.296632,4.28125,1.1442355,0.40669557
1073,907289,3.934888,4.78125,1.4606212,0.52693564
2039,907790,3.296184,3.828125,0.8612605,0.4193228
1849,1659823,0.25303,-0.45703125,1.6877077,0.60885966
1133,908457,4.969418,4.46875,0.6138051,0.32285157
1926,1659928,0.693301,0.31054688,2.0975378,0.626285
1736,909748,2.233462,3.578125,1.485123,0.50743467
1093,907289,4.267329,4.53125,1.0765731,0.40420645
1373,908442,3.035176,4.75,0.93378466,0.38786498
1561,907289,2.491481,1.6171875,1.9813395,0.55173075
1583,909746,3.529832,3.9375,0.7051633,0.3689984
1736,907289,5.141486,3.84375,1.6145654,0.5305231
1030,907291,4.974142,5.625,0.50473315,0.28385854
1510,907289,2.739788,4.5625,0.97312474,0.39406964
1042,1290769,6.527811,5.3125,0.606309,0.29671797
2044,908458,4.534882,3.578125,0.89604783,0.3484729
1916,909718,2.968875,3.234375,1.4834719,0.4922137
2040,1674021,1.633963,1.90625,1.7161696,0.5399314
1779,907790,1.488939,1.40625,1.7103151,0.5758508
1029,1240173,5.479571,5.6875,0.41461384,0.25409964
1372,1290769,-4.97347,-0.16503906,2.777263,0.73573214
1190,909718,-3.43303,-0.072753906,5.921068,1.0
1799,909718,4.011195,5.0,1.301118,0.49343738
1038,905989,2.996415,3.8125,0.8171818,0.36646074
1026,905937,-0.696581,-0.060791016,2.4681683,0.7840168
1813,907287,6.713873,5.5625,1.4509604,0.43941328
1084,908458,-0.04186,-2.84375,2.5956614,0.71949345
2111,907790,1.54273,4.84375,0.84693575,0.3856924
1199,1240173,3.684402,4.40625,0.8409505,0.38100702
1831,908457,5.471851,4.375,0.63842696,0.30923566
2170,905937,1.814478,3.625,0.97100925,0.3972238
1804,910689,5.628744,5.0625,1.3405473,0.604251
1199,909747,5.757313,4.1875,0.9493225,0.402435
1578,1240173,4.484085,5.1875,0.45182398,0.2851575
2177,907790,2.346819,2.6875,1.1575651,0.4217814
1930,1660035,4.918197,0.26367188,1.4875593,0.55851394
1043,905939,6.24599,5.5625,0.74314845,0.36181748
1910,910905,2.266203,2.15625,1.7822907,0.5055262
1812,909755,3.14806,4.0625,2.069575,0.5409551
2171,910689,3.607885,2.015625,1.8011833,0.49927142
1190,905939,-0.602348,-0.35742188,5.167748,0.9183759
1512,1660034,4.608412,5.90625,0.4872713,0.28009078
1631,909263,3.864291,3.96875,1.1458111,0.40524387
2173,1290769,3.863165,4.125,0.8111983,0.37902597
1813,905937,4.92517,6.15625,0.9266295,0.3677173
1812,908458,3.265226,2.5625,2.0861495,0.51282406
1024,907291,-1.326068,-0.796875,2.4874218,0.7022789
1778,917486,4.492476,2.71875,1.718183,0.48960206
1917,1240173,1.297701,1.75,1.4955267,0.4638076
1831,905936,3.411169,4.5625,0.65656674,0.32131332
1786,907794,4.553753,3.25,1.1895951,0.41865313
1862,909761,-0.573442,-1.71875,0.6069094,0.4689046
2109,908457,2.38234,3.0625,1.275239,0.43147013
1549,909747,4.589452,3.671875,1.0182403,0.40612054
1013,909747,5.502259,3.5,0.9927791,0.40819755
1811,910905,-0.925743,-4.21875,2.8107214,0.88006514
1557,905989,5.693402,5.25,0.84179705,0.32737476
1200,1660036,3.432935,4.4375,1.0654527,0.398033
2037,909751,5.94674,3.90625,1.5353425,0.48304063
1180,907795,-2.884994,-3.5625,2.4130845,0.7273358
1806,909751,3.368478,5.5,2.173424,0.8242516
1025,917486,6.000177,5.125,0.7106851,0.36242932
1553,1660034,2.835317,3.28125,1.4636842,0.4649411
1830,909747,5.530736,1.984375,1.1706606,0.53311586
1594,909698,2.962766,1.8515625,1.379193,0.42977762
1620,908442,5.76521,5.90625,0.7845456,0.33771408
1809,1660034,3.519511,0.73828125,2.837656,0.65738636
1620,907289,4.957389,6.09375,0.7302462,0.33255222
1375,909747,7.450541,6.46875,0.73278564,0.3717796
1050,909747,4.476648,2.25,1.3027247,0.47704455
2039,1290769,4.147919,3.4375,0.93042773,0.4302907
1625,1659928,3.751649,4.8125,0.97963816,0.40691113
1930,909761,0.869305,0.30859375,1.5290937,0.55993855
1019,909757,3.587636,2.46875,1.5188094,0.5113722
1031,907289,1.194683,-1.53125,2.3262153,0.8350496
2158,1660035,4.842338,4.21875,1.0395443,0.39821878
2110,1240173,3.807499,4.6875,0.60249025,0.31203938
1373,1660034,4.736908,5.03125,0.72056603,0.35263357
1827,909751,1.407122,0.609375,2.756153,0.7467816
1019,905962,4.925757,1.3984375,1.4364595,0.49565575
1372,910905,-2.635212,-0.20996094,3.1356559,0.7512724
1918,1660034,2.897189,3.859375,1.337913,0.47553435
1058,1660034,1.08013,1.53125,1.7166595,0.5323876
1032,910554,0.366177,1.7109375,1.9001368,0.5754432
1131,909757,6.931823,4.65625,1.3705126,0.54112285
1615,1660035,6.072271,5.1875,0.5854089,0.31432626
1831,909263,5.085757,4.25,0.8290352,0.36423773
1910,1240173,0.42783,2.03125,1.3851557,0.45293793
1053,907790,0.124024,3.421875,1.1715683,0.44208333
1049,910689,6.98984,3.578125,0.93984765,0.38840306
1059,909263,1.776808,0.17382812,2.2850637,0.6053423
1916,909757,2.326833,2.984375,1.433032,0.48013923
1072,1290769,5.762309,5.125,0.7136239,0.3715066
1190,909698,-3.360928,-1.3203125,4.356198,0.87213933
1918,917486,5.447107,3.375,1.5246184,0.5034093
1799,909746,5.320012,4.9375,1.3075998,0.49094692
1927,909263,6.580725,5.21875,0.80018985,0.38362014
1014,907790,0.061322,2.25,2.0151587,0.58499885
1626,909698,0.744684,1.5703125,1.6864489,0.52301836
1003,907289,-1.348443,-2.53125,2.6012943,0.78778386
1838,909747,4.90737,3.796875,0.94263047,0.44958887
1021,1659929,5.396793,3.25,1.1915143,0.42560455
2154,909761,3.428421,3.328125,0.65231174,0.34665897
1813,907291,3.252464,5.5625,1.3699403,0.42894205
1085,908442,2.499645,2.453125,1.8547612,0.6399923
1052,1240173,4.761782,3.984375,0.83945245,0.39628077
1915,907790,1.433445,3.171875,1.2131094,0.4623768
2106,917486,3.620943,2.828125,1.7028161,0.50130934
1614,1660036,5.18536,4.15625,1.0612953,0.40655094
1036,1674021,3.110122,4.84375,0.8967966,0.39400876
1560,907792,4.20345,2.78125,1.212308,0.42454362
1010,909698,3.697592,2.890625,0.9338008,0.38200244
1043,907291,5.252443,5.375,0.90156794,0.40430325
1925,909751,4.547804,5.46875,0.79786247,0.35054192
1006,909757,2.21274,2.28125,3.426817,0.7070799
1017,1660034,4.193576,4.84375,0.85098517,0.36074802
1010,907790,1.616146,3.765625,1.0282905,0.41640913
1096,905962,2.021774,1.3984375,1.7352839,0.50848037
1925,905989,5.165526,5.375,0.66948944,0.31442556
1843,909755,4.59714,0.45507812,2.58824,0.7207304
2047,905937,3.152204,3.265625,1.173627,0.43191954
1529,1660036,-0.846303,0.59375,2.6455185,0.6028145
1624,910700,3.845699,3.59375,1.7004039,0.49593526
1617,909748,-0.425104,2.484375,2.598355,0.5800926
1854,905939,4.471427,5.125,0.65276986,0.31781477
1853,1659823,3.85243,4.25,0.9935566,0.45246318
1786,998189,5.327839,2.96875,1.1773618,0.41230568
2045,909751,5.144629,5.21875,0.8629323,0.35122398
1026,998189,-0.550611,-0.34960938,2.9723673,0.8509199
1494,909751,-5.704583,-3.15625,3.5305207,0.96532255
1199,908457,3.467901,4.6875,0.84649366,0.38549107
1583,910689,4.107451,3.40625,0.58193445,0.3206094
1093,905939,4.939053,4.46875,0.8498941,0.35122868
1632,908442,1.737859,3.703125,1.3413407,0.42403534
1625,905936,5.299425,5.125,0.81570125,0.3791765
1593,910554,2.318848,2.46875,1.3899636,0.49896008
1918,909761,3.017584,3.40625,1.4147724,0.49058205
1819,909698,-4.800991,-4.25,1.7714558,0.8319638
1080,908458,-0.798645,-4.21875,2.405267,0.83404285
1529,907790,1.104276,0.85546875,2.356784,0.57686234
1918,1240123,3.159953,3.765625,1.4208037,0.49510807
1830,909761,1.15548,2.109375,1.2200937,0.5471445
1804,909761,2.223292,5.0625,1.5201966,0.63790363
1598,1660034,3.634371,4.5,0.81300336,0.37986937
1180,907289,-1.83263,-3.375,2.503761,0.7440638
1080,1659928,-4.158845,-3.484375,2.9964592,0.9248692
1054,907792,5.319474,2.265625,1.1253372,0.39021844
1021,909747,6.228971,2.875,1.0345734,0.39038923
2499,909263,10.125023,8.4375,5.030051,1.4808478
1629,907289,3.520156,4.875,0.82207644,0.3213216
1085,908457,3.14519,2.734375,1.3387011,0.5532339
1168,910689,3.076024,2.71875,1.044868,0.42312226
1093,908442,5.011575,4.34375,1.1458374,0.41132525
1375,909748,6.754949,6.75,0.90842783,0.41369575
1996,907291,4.148525,4.53125,1.113106,0.4462103
1580,907287,3.646977,5.3125,0.76767904,0.34959906
1018,909263,6.084971,5.84375,0.47117734,0.25039846
1853,917486,4.921884,3.90625,1.233451,0.49195635
1051,1659823,1.669513,1.703125,1.7660862,0.56643105
1614,909263,5.844478,4.25,1.1523138,0.43048266
1635,909755,5.130181,6.09375,0.58248746,0.3657516
1909,908442,2.380413,2.015625,2.1969137,0.60896426
1052,1660036,3.47629,4.1875,1.0105717,0.4462743
1927,905936,4.904658,5.46875,0.60955375,0.330679
1928,1660034,4.736854,5.09375,0.70409524,0.35174492
1010,905936,2.893651,3.71875,0.9906028,0.41146547
1237,907291,4.937681,5.28125,0.7719019,0.30631626
1804,905937,3.890947,5.6875,1.1945266,0.5998318
1179,1659823,0.030534,0.41210938,1.7851542,0.5589497
1812,998189,2.646713,3.53125,2.2441993,0.5493053
1553,1674021,1.793771,3.375,1.3764725,0.4544935
1582,909761,4.835041,4.375,0.8174108,0.37224683
1057,909747,1.205163,-2.046875,1.7012635,0.6107085
1825,909757,1.686051,-1.0078125,2.5823133,0.7820356
1812,907794,4.056629,3.90625,2.2653797,0.5544896
1838,909751,1.791953,4.375,1.2687517,0.535112
1036,998189,6.189868,4.75,0.965818,0.4052758
1512,907289,5.405781,5.84375,0.59911287,0.3086955
1190,905936,-2.15085,0.084472656,4.9589577,0.89903337
2156,905989,2.251582,3.625,2.4554043,0.5712065
1022,1659928,0.484928,0.41992188,2.6665874,0.6203345
1831,910689,3.799211,4.0,0.7001871,0.3221537
1913,998189,5.435908,5.34375,0.6125161,0.31723192
1922,909718,2.527856,2.78125,1.6824988,0.53702694
1931,905989,5.763567,6.09375,1.1534958,0.5361994
1091,909263,3.046988,2.53125,1.5527548,0.50774187
2171,1660034,1.008732,2.5,1.8230749,0.50765985
1005,1660035,5.764587,2.78125,2.0155647,0.5152969
1006,905937,0.83866,2.90625,2.550592,0.6297079
1817,907287,-5.144224,-5.71875,1.6936247,0.7913327
1180,909718,2.04059,-3.34375,2.5876508,0.7477009
1038,910554,2.999045,3.9375,0.76701885,0.37730464
1853,1659928,3.886348,4.15625,1.1242357,0.47416052
1042,909755,6.141468,5.6875,0.5719954,0.30554622
1634,910905,5.165143,4.4375,0.8560804,0.38985682
1625,909751,3.811564,4.9375,1.1809254,0.45010984
1558,907792,4.365115,2.4375,1.0483854,0.39959222
1549,1674021,5.713238,4.34375,0.92878395,0.39372832
1512,910905,5.963436,5.65625,0.56075907,0.2949502
1083,1660034,1.691177,3.25,1.2682445,0.4485454
1804,1659823,4.644808,5.40625,1.3778477,0.633943
2158,908458,4.224659,3.890625,0.95507044,0.37142676
1190,908457,1.810777,-0.32617188,4.877301,0.8842295
1512,909698,4.68899,5.375,0.41971317,0.2428114
1042,998189,6.156403,5.4375,0.6064276,0.2998483
1004,908457,-0.699311,-3.390625,2.4863796,0.74238575
1038,1240123,1.439132,3.96875,0.81528336,0.37898225
1017,909755,4.768,5.125,0.7759362,0.36255002
1918,905962,5.080266,2.40625,1.3898641,0.48194492
1802,909748,4.210153,3.859375,1.081274,0.46782714
1624,1290769,3.150506,3.375,1.6799415,0.49457505
1190,909748,3.515624,-0.65234375,5.7199383,0.9720247
1910,1660035,3.989244,2.0625,1.4835016,0.48041847
2107,909755,6.144812,5.78125,0.493623,0.28374183
1847,907790,2.034265,5.5,1.3478127,0.5684569
1018,1659929,5.609528,5.8125,0.47394648,0.2454645
1813,909747,7.241335,5.3125,1.114791,0.3827757
1004,909747,0.761887,-4.1875,2.5223875,0.7602811
1786,908457,3.633466,2.953125,1.0149976,0.38108748
1042,905989,3.587609,5.3125,0.6376356,0.29793015
1939,907790,5.831207,3.453125,1.0307369,0.4622284
1779,907795,0.879465,0.84375,2.0912583,0.62736213
1179,1660036,1.492106,0.58984375,2.0143485,0.590253
1038,998189,2.793328,3.984375,0.7630143,0.37148955
1578,909751,5.479155,5.4375,0.6635881,0.35814318
1048,908442,5.638807,5.25,0.9820271,0.4635861
2011,907790,3.87255,4.9375,0.78572035,0.34520727
1581,908457,2.348431,2.203125,1.3049107,0.4480554
1054,1674021,3.583586,3.84375,1.0952563,0.38355276
1069,905937,5.229339,4.375,0.68679386,0.34310168
1190,909751,-1.903365,-0.06347656,6.2559996,1.0374658
1022,917486,1.717717,0.19628906,2.827692,0.6496646
1003,905962,-3.182662,-3.9375,1.7289398,0.66230583
1047,908457,7.242708,4.71875,1.075561,0.4333492
1133,998189,3.465775,4.46875,0.72167736,0.34955978
1621,907792,7.139426,3.765625,0.7915445,0.36606202
1847,998189,2.589556,5.28125,1.4490719,0.56925833
1632,998189,4.204236,3.9375,1.0297616,0.37708822
1243,1659929,3.580807,2.875,1.4305674,0.58820146
1808,907289,1.366055,-0.52734375,2.9265654,0.768378
1080,910905,-1.916982,-3.625,3.1073582,0.94551295
2010,909747,6.562665,3.453125,1.1680771,0.40704036
1068,905939,-1.828959,0.29101562,1.7374568,0.5936517
2055,910689,3.173883,1.8515625,1.7616131,0.59603214
1375,909718,3.984188,6.96875,1.0439482,0.4516776
1024,907287,2.77271,-0.9140625,2.4873059,0.71205807
1502,905962,5.257587,3.375,0.8602402,0.40609407
2010,909757,3.403857,3.78125,1.2687541,0.42509773
1034,907287,-1.988724,-3.109375,1.7352161,0.65149826
1873,1240123,0.677345,0.91796875,1.9878865,0.6165032
1200,905939,3.64613,4.53125,0.9714255,0.37778723
1054,909751,1.873141,3.6875,1.5200436,0.4669382
1057,905989,-2.390784,-1.7421875,1.7667557,0.62485594
1048,907792,6.77738,4.4375,0.66453,0.376621
1855,910554,3.867276,5.21875,1.1264858,0.47269505
2106,909755,5.483802,3.625,1.3503267,0.45464528
2171,1240173,0.730618,2.015625,1.681295,0.4880785
1179,1290769,0.637727,0.37304688,1.8789333,0.5744464
1067,1240123,4.592357,5.875,0.5118767,0.33013
1177,907792,6.500389,3.71875,0.84893537,0.3403123
2173,1240173,4.629163,3.953125,0.7043009,0.34467363
1810,907289,1.926313,0.71875,4.0129776,0.8280268
1617,905936,1.946433,3.21875,2.0056326,0.5082704
1194,907795,1.328769,3.9375,1.1756997,0.4481181
1036,909698,2.944183,4.1875,0.8295206,0.36074182
1626,1659823,2.577739,2.40625,2.005064,0.5766743
1576,1240123,2.852318,3.359375,1.5662342,0.54043496
1776,908457,5.34554,4.40625,0.7432842,0.3299236
1831,905937,4.115136,4.625,0.5902051,0.30410573
1580,907794,5.682622,5.75,0.6461689,0.33639008
1067,907795,5.686668,5.75,0.54596597,0.33717594
1017,909718,1.828192,4.78125,0.9815792,0.3914984
1091,910554,2.510149,2.390625,1.4239593,0.49376765
1854,1659823,5.478914,5.1875,0.6209678,0.32327062
1845,1240173,-0.076603,1.7421875,1.9778768,0.568855
1919,905939,2.306402,1.8359375,1.3773711,0.46375093
1583,1290769,2.676304,3.59375,0.6558636,0.34675553
1811,909698,-4.19054,-4.71875,1.890627,0.80556947
1020,909698,4.797965,5.625,0.60331976,0.35948193
