drug_id,cosmic_id,y_true,y_pred,epistemic,aleatoric
1933,713899,2.922116,3.96875,1.2192676,0.12279235
2172,688031,1.719826,-0.40039062,2.7372065,0.27868006
1838,1240186,4.352226,4.25,0.5881584,0.058951434
2010,910937,2.652889,4.125,1.2124331,0.121662885
1873,1240182,3.137811,0.84765625,0.5094809,0.053786114
1557,908481,2.990485,4.9375,1.0257939,0.10299439
2157,713899,5.038805,4.21875,0.48686296,0.04898195
1919,1330964,1.723656,1.8046875,0.5556738,0.05783366
1009,908468,4.359787,4.625,0.62827116,0.06317451
1635,753605,4.268459,5.15625,0.25092423,0.02525977
1926,1298349,2.336142,0.2890625,0.8484622,0.086882204
1180,1240182,-0.786198,-2.96875,0.63134044,0.066995464
1626,910899,0.945842,1.3125,2.3968472,0.24173707
1910,910692,-0.320899,0.81640625,6.6049423,0.6910106
1038,908480,3.075214,2.765625,0.8411749,0.08454099
1916,687983,3.0257,1.8203125,1.9603919,0.19761616
2498,688006,6.691073,7.6875,0.42916077,0.045233328
1131,1330972,1.072834,4.8125,2.0219657,0.20354506
2037,713880,4.253992,3.34375,1.5905355,0.15973853
1835,1240186,6.411524,4.25,1.1607362,0.11630976
1918,1298349,3.490201,2.5625,1.867647,0.18767607
1849,688011,1.934176,-0.14453125,1.1610992,0.122379266
2177,910937,1.642371,2.0625,0.5198371,0.053975634
1021,1330972,1.138251,2.78125,1.6006949,0.16067784
1133,688006,2.985896,3.390625,0.98483473,0.098813795
1909,688010,-3.266635,0.45703125,4.095295,0.42214343
1054,688025,4.32693,3.34375,0.91486025,0.09174042
1913,687995,3.418955,4.96875,0.41659293,0.041775137
1036,753605,5.266386,4.6875,0.7964266,0.08011142
2044,1240189,1.484891,2.90625,0.83197236,0.083657265
1838,907295,2.849874,3.5,0.6695657,0.06735066
1259,753605,2.522787,3.515625,2.0383615,0.20523874
1049,1240182,6.26945,3.71875,1.1619533,0.1166102
1706,688011,3.133973,1.734375,2.466183,0.25291732
1062,1297439,3.565117,4.875,1.0794953,0.10978702
1811,713899,-2.501533,-4.75,2.640739,0.2797298
1561,1240182,3.809137,2.125,2.1199174,0.21517654
1816,687980,5.073757,2.96875,0.98381925,0.098998316
1053,687995,3.000984,2.9375,1.342471,0.1346204
2111,688023,4.656301,4.71875,0.8380966,0.084042706
1052,688006,4.063946,2.859375,0.99472046,0.099900424
1925,1240189,4.345342,4.5625,0.3013082,0.03033177
1561,688011,3.504039,2.203125,1.4718924,0.15119085
2096,688018,2.845818,3.140625,0.68131346,0.06922085
1813,1240189,3.549674,4.125,3.1305523,0.3210512
1549,687995,5.590619,4.65625,1.5691588,0.15975897
1003,1240189,-3.787589,-3.765625,0.6827033,0.070886336
1034,687985,-1.728751,-3.609375,0.89064944,0.09402623
1093,724872,3.010931,3.65625,0.4529132,0.04566721
1046,688018,4.007199,0.91796875,0.6214058,0.06251793
1624,724872,3.430605,2.546875,1.4874007,0.14951268
1194,753605,1.737772,3.71875,1.3650221,0.13725698
1939,724872,1.215431,2.578125,0.77806175,0.078412816
1830,687985,2.077532,2.1875,0.35945082,0.036407027
1917,908483,2.245897,1.3671875,0.96098125,0.096552625
1093,688031,3.079638,3.5625,0.48183554,0.04852562
1047,908469,4.668119,4.21875,1.5531515,0.15686986
2057,1240186,3.658025,5.09375,1.2991675,0.1303806
1038,687997,5.412056,2.34375,0.7110093,0.071458906
1441,713899,3.287851,2.359375,1.1453891,0.11537784
1622,688010,1.739815,3.921875,0.5841126,0.05875506
1441,687983,2.494108,1.65625,1.9238603,0.19403335
1507,688031,2.727105,4.0625,0.5533358,0.055853922
1924,1330972,3.327645,3.34375,1.4282335,0.14345795
1025,724872,5.119596,4.3125,0.43665043,0.044102132
1578,908469,4.601035,4.8125,0.400744,0.040289167
1003,907295,-3.194719,-2.421875,0.8098135,0.08389674
1048,713899,5.530009,4.0625,0.3667619,0.036905978
2172,1240186,2.759029,2.671875,1.9545044,0.19606628
1007,753551,-3.392798,-5.0625,1.1002414,0.14176409
2048,1330972,-5.848576,-3.125,1.5518665,0.15953942
1804,687995,6.107187,5.21875,4.6339965,0.47639737
2011,908483,3.510819,3.484375,0.82575643,0.08310942
2038,1240192,5.051285,5.09375,0.40692246,0.04077002
1806,713880,4.846418,4.875,1.3781118,0.13836873
2038,908483,2.983925,3.0,0.8717645,0.08772263
1133,910937,2.661778,4.21875,0.6554095,0.0657232
1626,688010,5.044808,1.5546875,1.8388721,0.18527682
1593,713880,2.51339,1.9765625,1.7655174,0.17788592
2173,688015,3.012603,3.125,0.8612328,0.08658484
1073,688011,5.330777,5.25,0.7882426,0.07952062
1630,1303901,5.047635,3.734375,0.8745134,0.08772688
1627,908469,2.985796,2.96875,1.5158672,0.15247893
1922,1240192,3.053906,2.75,1.0591974,0.10658336
1631,687985,3.309505,2.03125,1.0618718,0.106673956
1441,1299062,2.734389,1.5,0.7919892,0.07962337
1048,687997,5.383138,4.21875,0.3067614,0.030893918
1010,688031,1.826711,2.96875,0.27373913,0.02774838
1809,908483,0.498556,-0.640625,1.6228178,0.1652221
1845,688018,3.989153,-0.75390625,3.1256115,0.3198309
1050,907295,5.646695,2.328125,1.8806993,0.19001226
1494,1330964,-5.113193,-3.703125,1.2947307,0.13492082
1911,906808,-1.827757,-4.84375,2.3157988,0.24619204
1036,688031,2.810835,3.578125,0.793657,0.080024384
1549,688031,3.92185,3.875,0.5033864,0.05209521
1919,1240189,0.296914,1.5625,0.42732683,0.044271093
1086,910692,1.829572,0.03540039,3.131366,0.31755605
1051,687997,1.761769,0.7421875,4.6591854,0.48217675
1511,910937,-1.52274,-0.62890625,1.0131685,0.10496434
1936,1240186,2.459827,3.1875,0.86531174,0.086927846
1511,687997,1.485899,-1.5390625,1.0289416,0.10536323
1083,713899,0.733104,1.609375,0.85375845,0.08571062
1813,1240192,5.624495,5.78125,1.4058206,0.14118747
1179,713899,0.353259,-0.3515625,0.7698739,0.078669645
1372,688006,2.152009,2.046875,1.3970538,0.17119257
1578,687983,5.094684,5.125,0.3834671,0.03852808
1058,1330964,1.285126,0.5234375,0.78187805,0.08100263
1011,908483,-0.879853,0.36523438,3.7337692,0.38384962
1922,908480,1.95626,2.203125,0.4600948,0.046455875
1578,713880,4.738608,5.28125,0.40878496,0.041019958
1030,910899,5.870024,4.84375,0.55940706,0.056259837
1808,908483,0.522328,-0.77734375,1.4968423,0.15257102
1441,687985,0.062673,1.6953125,1.3406832,0.13493496
1632,908480,4.008989,3.0625,0.6855942,0.068915546
1922,713880,1.763837,1.6953125,1.090614,0.11015312
1026,687983,2.006825,0.22265625,2.0212798,0.21118008
1259,687980,0.631793,2.171875,3.413053,0.34569156
1927,688015,3.9706,4.46875,0.46326917,0.046711404
1039,1322212,4.692282,5.0,0.48458228,0.048648242
1631,687995,5.374987,3.359375,1.2357438,0.12389718
1129,908480,2.564718,3.390625,0.5407887,0.054439537
1463,907295,3.77895,3.8125,1.5162469,0.15248968
1802,1330972,2.167552,3.75,0.29855955,0.029980576
1830,688023,2.094771,2.5625,0.3980128,0.04029705
1052,1322212,2.836619,3.03125,1.4417205,0.14468679
1088,724872,2.485579,1.3984375,0.6581546,0.06607354
2046,688027,4.04116,1.5546875,1.2671844,0.1274191
2047,1240186,4.513634,2.546875,1.3560468,0.1362874
1060,687980,2.601304,2.96875,0.6849227,0.0749697
1598,908481,3.464654,4.34375,0.98315185,0.098644935
1494,1297439,-4.75219,-2.59375,1.9241489,0.19661936
1558,713899,2.562934,2.796875,0.44491997,0.044897527
1003,687980,-4.507048,-3.046875,0.8913745,0.09179863
1911,688023,-5.659544,-3.546875,2.0099697,0.20823301
2154,713880,1.816989,2.625,0.39444944,0.039716363
1088,688027,2.03012,1.2109375,0.72615266,0.07307022
2046,908469,2.242733,2.671875,1.6592673,0.16651914
1149,688031,0.335259,0.06298828,0.8086373,0.08263069
1507,688006,4.709364,4.90625,0.6261129,0.06297981
1529,688023,2.931719,1.90625,2.968625,0.30334923
1058,1298349,1.952233,0.7109375,0.9348152,0.0959449
1086,906808,3.490179,-3.125,1.183996,0.120292954
1620,688018,5.890498,4.5625,0.25684476,0.02599457
1917,910937,2.238344,2.546875,1.2931907,0.12985885
1033,1240186,4.774481,5.59375,0.37713268,0.037824903
1051,1303901,-1.097565,1.4453125,2.7540019,0.27941033
2044,908469,4.088876,3.265625,1.0462497,0.10498703
1036,1303901,3.918038,4.53125,0.9034053,0.09076781
1248,688011,3.110487,-4.0625,5.619796,0.63678485
1085,1240192,2.440816,3.0,0.5913717,0.05959825
1079,910899,3.23797,1.8125,2.2133245,0.24431089
1831,688010,3.991228,3.265625,0.3437968,0.034569778
1021,910692,3.268741,2.9375,1.3928609,0.13998735
1073,910937,3.855361,5.28125,0.9240008,0.092997365
2111,908483,3.126438,3.078125,1.0659277,0.107240066
1025,908481,6.250993,5.34375,0.9997402,0.100342296
1378,713880,2.834803,2.46875,2.4227297,0.24399294
1057,908481,-1.99614,-1.5234375,1.2619334,0.13020341
1042,910899,2.534702,4.875,0.5987888,0.060265947
2046,688023,4.441732,3.265625,1.5470524,0.15506189
1626,687980,1.143932,1.328125,2.131053,0.21487392
1029,1297439,6.014686,5.34375,0.32551712,0.032944713
1133,1240192,4.612341,4.5,0.7043458,0.07058712
1996,687983,2.828849,3.984375,0.8677495,0.08711521
1634,688023,3.898647,4.5625,0.5939902,0.05959825
1014,910899,4.538393,2.796875,0.6978022,0.071044534
1033,688013,5.077067,4.59375,0.31218183,0.031413775
2109,1330964,2.541355,2.15625,0.9093514,0.0914539
1811,724872,-2.022104,-4.8125,2.2957609,0.24703786
1512,1240186,5.469611,5.75,0.28316644,0.028427677
2096,910899,3.584749,2.890625,0.7220682,0.07278766
1997,1240189,3.124916,3.640625,0.9171936,0.09263747
1373,688027,5.862953,3.90625,1.3030388,0.13220127
1049,910937,3.714037,4.0,0.9494745,0.0952659
1190,713899,-0.937092,-1.9296875,4.206278,0.46040726
1563,687985,4.640943,4.71875,0.44918323,0.04555228
1634,1240189,3.130037,3.71875,0.5187435,0.052220315
1996,907295,3.52624,3.859375,0.9735986,0.09783496
2110,1330964,5.428426,4.46875,0.68687093,0.06899229
1564,1322212,2.897887,3.78125,0.6606454,0.0672995
1576,688010,1.838046,2.5,0.30350497,0.03059464
1706,687983,1.168982,0.89453125,3.6913915,0.37522936
2043,687995,3.81896,5.21875,0.43543807,0.043709297
1034,688013,-2.697381,-2.375,1.045493,0.10767061
1940,688031,3.435096,3.140625,0.4628107,0.046630807
1026,1240189,-2.220436,0.73046875,1.031101,0.11913831
1019,1299062,4.581207,2.578125,0.6963492,0.06993481
1177,908468,2.860858,3.03125,1.664309,0.16710423
1830,713899,2.528247,2.171875,0.2991834,0.030247241
1080,753605,-4.781997,-2.890625,1.6001098,0.16695692
1736,687985,4.747545,3.75,1.4088408,0.14351764
1622,687995,3.817539,4.78125,0.6450261,0.06470584
1013,908468,4.594573,2.515625,1.6278467,0.1635309
1816,1240189,3.024948,3.015625,0.8902398,0.08969673
1016,687997,3.015014,0.52734375,2.268924,0.23287134
2177,908480,2.723423,1.9453125,0.2834936,0.029369958
2046,688025,4.424888,2.5,1.6413828,0.16470629
1847,724872,2.433531,3.25,2.429611,0.24554993
1563,688023,5.241642,5.65625,0.35528937,0.035814736
1023,910937,3.303917,3.46875,0.5636266,0.056637697
2096,1330964,3.198301,3.15625,0.74784607,0.07542496
1560,1330964,3.852176,3.0625,1.2936031,0.13022304
1069,1330964,2.570165,3.5,0.5102717,0.051346872
1036,688027,4.38789,3.9375,0.58715373,0.05926753
1910,1299062,5.441393,2.75,0.8479138,0.085473455
1079,688015,2.335155,2.09375,2.6808853,0.3072557
1020,908483,4.415446,4.46875,0.36292595,0.03670423
1736,724872,5.315545,2.5625,2.205412,0.23445684
2109,1299062,3.85258,2.140625,0.53339314,0.05363424
1618,688025,2.913985,3.625,0.7351605,0.073822916
2156,1298349,4.379806,2.921875,0.95720416,0.09597046
1631,910692,2.188203,3.75,1.0620309,0.106632754
1019,724872,2.225894,2.265625,1.2398537,0.12489351
1005,688006,2.053194,2.859375,1.1430067,0.114735074
1529,907295,2.440758,1.25,2.9666224,0.30551904
1559,908481,-4.342759,-2.515625,1.2605709,0.13006283
1631,908480,2.429544,2.96875,0.93031424,0.093407795
1061,908468,5.133738,3.71875,1.6524183,0.16624528
1852,908469,4.654555,4.875,0.5029099,0.050708376
2169,1303901,4.735749,3.453125,1.0329963,0.103657104
1083,688025,1.537661,2.25,1.169938,0.11739865
2171,1299062,6.47171,2.015625,1.6404146,0.16477032
1626,1303901,2.383039,1.9375,2.1008387,0.21114159
1177,910692,2.963512,4.25,0.9751956,0.09789018
2438,688027,10.56963,9.375,1.073183,0.13265318
2170,1322212,3.904227,2.796875,2.242171,0.2256219
1026,1303901,0.811928,0.44335938,1.2318972,0.1302691
1631,713899,3.043217,2.28125,0.88436687,0.08879448
1915,1240186,2.643627,3.109375,0.6943579,0.07019912
1025,687980,5.060004,4.84375,0.4722566,0.04758254
2096,908469,3.730402,3.390625,0.6568573,0.06650393
1179,688015,-0.253581,-0.47851562,0.7563359,0.077286266
1073,1330972,5.57023,5.09375,0.95922774,0.09639085
1401,910692,2.068784,2.90625,0.83444583,0.08387803
1373,688015,3.594656,3.796875,1.8042501,0.18196993
1926,713880,-0.633434,-0.30273438,0.93873113,0.097470164
2040,1303901,0.546485,0.81640625,0.86436296,0.0880024
1067,713899,4.714907,4.65625,0.26042932,0.026233684
1051,688010,-2.26903,0.87109375,3.7068565,0.3787855
1091,1322212,0.147175,2.046875,1.2512386,0.12613036
1248,908481,2.756605,-4.03125,9.811783,1.1337
1088,687983,4.089285,3.515625,1.1382296,0.11408536
1024,724872,-0.20421,-0.859375,0.83490676,0.08537288
2157,910692,4.331897,4.6875,0.43926835,0.044110186
1239,1298349,3.253018,2.234375,1.0230178,0.10258625
1079,907295,4.101645,2.09375,4.3002615,0.48217544
1634,713899,4.539861,3.75,0.56100965,0.056452453
1091,688015,0.406582,2.125,1.072518,0.10826037
1799,687997,6.042629,4.21875,0.8337161,0.08543563
2110,688031,2.864144,3.640625,0.7207161,0.0725995
1079,1297439,4.405361,2.8125,2.9554265,0.3336798
1919,753605,1.040101,1.9609375,0.78289115,0.08226087
1010,713880,3.457458,3.015625,0.8445823,0.08554364
1021,908480,1.294826,1.9140625,1.457276,0.14661254
1630,907295,5.235214,3.75,1.0200529,0.102417976
1862,688010,-1.004261,-1.5078125,0.26590332,0.03785037
2170,713880,4.945126,2.640625,2.4386644,0.24554446
1373,908469,4.816584,4.65625,1.0630484,0.10724398
1073,687997,6.775367,4.125,0.94567776,0.09548529
1511,1240189,-2.396558,-2.296875,0.91763246,0.09527945
1191,1322212,-4.008936,-5.25,0.5717616,0.0698651
1578,910692,5.591432,4.84375,0.39248285,0.03940707
1621,688011,4.083991,4.53125,0.55358535,0.05565522
1594,688006,4.464187,2.21875,1.7487487,0.17619637
1050,688013,1.464804,2.609375,0.91747326,0.09263747
1802,687995,3.176212,4.375,0.19205046,0.019282743
1549,753551,4.932158,4.34375,0.5565465,0.058659717
2439,687997,6.988544,8.8125,0.45496458,0.05302114
1507,713880,4.920169,5.09375,0.5765268,0.057925362
1050,908483,-0.363355,1.609375,1.2993091,0.13074496
1004,687997,-1.841678,-5.34375,0.7055735,0.08336346
1180,687995,-2.900672,-3.109375,0.4711678,0.05028084
1089,907295,3.63126,4.65625,1.5340973,0.15443285
1067,688031,4.899016,4.34375,0.3333621,0.03369142
2011,688023,3.712776,4.59375,0.8726789,0.087542854
2011,687997,5.807575,3.578125,0.67315,0.06776395
1940,1322212,5.400566,3.640625,0.6647504,0.06672768
1634,753551,4.564866,4.1875,0.56664485,0.056958828
1025,1240189,4.901609,4.6875,0.40289557,0.04057558
1598,724872,2.729861,3.53125,0.41259184,0.04158087
1018,1297439,4.756619,5.1875,0.25128177,0.025267119
1058,1297439,1.906906,1.7734375,1.0753055,0.11140172
1085,907295,1.455642,2.3125,0.6017832,0.061171174
1199,713899,3.936217,3.1875,0.75417674,0.07589019
2043,1330972,3.589551,5.03125,0.46881396,0.047089696
1933,1240189,4.127982,4.1875,0.82649505,0.083335444
1618,688023,3.708753,3.953125,0.82005435,0.08226383
1023,1299062,5.4131,3.1875,0.3356584,0.0337634
1085,1330972,2.017669,2.578125,0.60004395,0.06055131
1825,688013,-1.066481,-0.65625,0.48882678,0.05248677
1919,908481,1.752789,1.71875,0.904582,0.092315175
1009,908480,5.475456,4.5625,0.3777576,0.038061228
1192,908480,-0.050922,2.46875,0.78833896,0.07946804
1825,687980,-0.004284,-1.34375,0.43262815,0.046657473
1062,687985,5.490024,3.75,1.4088408,0.14351764
1057,713880,-2.889063,-2.234375,1.0087355,0.10632021
2148,1298349,1.303657,1.203125,1.3984836,0.1444332
1053,1297439,2.762276,3.15625,1.428899,0.14346799
1259,1330972,-3.071229,3.90625,1.3540385,0.13578036
1067,687980,2.891952,4.71875,0.27193144,0.027441
1059,687997,2.047061,-0.44921875,0.96257526,0.09983267
1933,1240186,4.057317,5.28125,1.3015252,0.13053778
1931,687997,6.675683,4.59375,0.59545785,0.060264695
1996,688006,2.409408,3.578125,0.98144835,0.09850637
2157,1240192,4.63624,5.25,0.41010788,0.0410996
1776,1299062,4.064273,3.953125,0.2037836,0.020480959
1180,1299062,-1.133802,-3.53125,0.37073556,0.042164
1553,713899,3.419386,2.703125,1.6465226,0.16624975
1051,908469,-2.283109,1.65625,2.9323926,0.30199385
1918,1240182,5.075834,3.328125,1.3518603,0.13588825
1047,910937,5.576777,4.65625,1.8522391,0.187021
1936,910937,2.961547,2.78125,1.0169269,0.10237091
1819,724872,-4.474975,-5.40625,0.9681875,0.11466548
2048,688015,-4.675656,-4.78125,1.0778071,0.11291812
1061,908480,5.02981,3.953125,0.7379938,0.07437477
1007,1240182,-2.907387,-3.96875,2.5929165,0.28028044
1059,907295,2.372107,-0.5625,0.979454,0.10291435
1049,688023,1.736516,3.953125,1.1408604,0.114423744
1441,688023,1.166402,1.75,1.6885916,0.17005792
2171,910937,0.745597,2.59375,2.55086,0.25727022
1022,687980,0.789939,-0.265625,0.97906965,0.09957351
1830,713880,1.180321,2.59375,0.4167691,0.042196047
1557,907295,5.810597,4.6875,0.7673826,0.07739534
1046,687997,4.278563,1.1640625,0.5164576,0.05194974
1037,908469,1.56382,2.703125,1.0316402,0.10356854
1939,688010,1.616356,2.265625,0.9018059,0.09086207
1011,910899,-2.794927,0.39648438,4.9580574,0.50808036
2157,688010,4.449789,4.46875,0.4048457,0.040708423
1809,907295,-0.192248,0.71875,1.654556,0.16930388
1908,906808,3.692469,2.703125,0.7178647,0.07260068
1557,687980,4.970889,4.59375,0.50568926,0.05105956
2011,687980,1.985777,3.765625,0.8046219,0.08090709
1025,1299062,7.390174,4.9375,0.43658876,0.04388566
1581,688023,1.735427,2.1875,1.5628443,0.15732674
1927,688025,4.413818,4.75,0.5589777,0.056320187
1039,908480,4.664721,4.5,0.32687068,0.032966956
1932,910692,1.270172,3.546875,1.077827,0.108360335
1634,713880,2.601301,4.625,0.63027316,0.06324542
1854,688010,2.86787,4.59375,0.47966883,0.04827695
1449,908483,3.570196,4.5,0.39381468,0.039842308
1927,713880,4.610497,5.1875,0.54410905,0.05472131
1080,908469,-4.340056,-3.5625,1.0740336,0.113024645
2048,908468,-2.803131,-4.3125,1.5649624,0.16308104
1072,1297439,5.423206,4.875,0.5485922,0.055110708
1062,753605,2.792672,4.90625,0.6644922,0.06765319
2169,908480,2.755538,3.40625,0.7139969,0.07192265
2047,1330964,3.45766,2.71875,0.9560467,0.09628339
1012,910899,0.000671,0.9296875,0.6387165,0.06555476
1192,908469,-0.470123,2.296875,1.1259181,0.11349752
2498,910937,6.911369,7.5,0.47304225,0.050289012
1512,688006,5.298264,5.25,0.29022172,0.029198412
1931,688011,5.478922,4.90625,0.42581815,0.04294643
1706,1299062,1.569744,0.96875,1.3577749,0.13683611
1502,908468,4.347346,4.53125,0.49199054,0.049454615
1635,687995,5.365059,5.40625,0.28599998,0.028719379
1061,1330972,2.257191,4.46875,0.9379483,0.094174296
1049,1297439,4.651128,4.0625,1.044458,0.1048187
1912,908483,2.968139,1.765625,1.9989083,0.20160243
1047,753605,4.68219,4.15625,1.9218769,0.19417255
1006,688027,2.115744,-0.047851562,4.2477126,0.4560894
1373,906808,5.789122,3.890625,1.426401,0.14406794
1855,908469,5.202222,4.59375,0.91690344,0.09211067
1908,713880,2.223562,1.78125,1.3816103,0.13883522
1997,687995,2.824552,4.4375,1.3715187,0.1377806
1042,1322212,5.12415,5.15625,0.6547771,0.06582863
1912,688031,2.391086,1.703125,2.0154018,0.2032659
1815,687983,6.130015,5.34375,0.65800023,0.06636345
1576,1330972,1.043333,2.9375,0.42636734,0.042930115
1494,1299062,-0.986088,-4.65625,0.89798886,0.098836295
1576,1322212,2.013866,2.78125,0.42772272,0.04308556
1237,1240189,4.529421,4.53125,0.27386308,0.027620805
1613,687980,2.743055,2.21875,1.9384344,0.19488229
1083,1299062,3.811092,2.28125,0.63572603,0.0638298
1441,688018,6.178841,2.140625,1.1689993,0.118034124
1052,687980,2.538773,2.515625,0.7624537,0.07660598
1268,688018,5.229448,3.734375,0.52645326,0.05308225
1042,908481,4.962134,5.28125,1.0540533,0.105845295
2043,1330964,4.947458,4.9375,0.41132164,0.041366816
1441,1240189,1.838312,2.46875,0.9492721,0.09584821
1051,908481,4.706481,1.9296875,2.6397636,0.26563025
1133,688013,0.767684,3.59375,0.69381493,0.06961421
1026,688013,1.356032,0.94140625,1.1060619,0.119842425
1083,688023,0.63292,2.671875,1.375643,0.13808712
1918,724872,4.367641,3.21875,1.0707936,0.1083324
1050,687995,1.219798,2.671875,1.2502121,0.12569124
1809,688018,-0.071448,-0.71875,1.8742546,0.19082133
1237,908480,5.315098,4.5625,0.29329264,0.02966192
1062,908480,5.594622,4.71875,0.73002595,0.07505021
1930,1298349,1.300974,0.2578125,0.66721755,0.06813489
2156,688031,0.786893,1.7109375,0.6934447,0.0696431
1030,688025,4.549347,4.9375,0.5185115,0.052156337
1855,687983,4.359724,4.71875,0.92645264,0.092997365
2438,688006,9.070268,10.4375,1.0095223,0.121058024
2111,713899,3.424863,3.0,1.0736365,0.10793905
2044,688027,1.954993,2.53125,0.74469125,0.07484405
1815,1240189,4.334432,4.84375,0.41971698,0.04234249
1926,688027,-0.899255,1.0703125,0.90467584,0.0946474
1042,753605,3.146541,5.125,0.48431703,0.04877553
1812,1240189,2.791912,2.8125,1.5326676,0.15571769
1598,713880,2.644526,4.40625,0.6884808,0.06910169
1582,907295,4.844297,4.15625,0.51442933,0.05172738
2010,1240186,5.357906,4.625,1.2300951,0.123330854
1559,907295,3.532278,-2.78125,0.7048208,0.07674563
1561,908480,2.44115,1.8515625,1.8043425,0.18504286
2109,688018,2.587735,2.0,0.66770625,0.067128465
1249,1299062,4.99976,2.828125,0.6008189,0.0602964
1004,910937,-5.539384,-3.96875,1.462894,0.16056125
1810,688025,-1.124607,0.27148438,2.5581837,0.26195702
1553,1240186,3.643299,2.859375,1.9544587,0.19631428
1021,908468,2.315489,1.8515625,2.0188236,0.2026991
2171,688023,0.060815,2.34375,2.7359495,0.27541962
1050,753605,2.283448,2.828125,1.5682436,0.15804708
1632,688031,3.274069,2.5,0.8073481,0.08116748
1378,1240192,3.060571,3.6875,2.006485,0.2013215
1778,907295,4.644002,1.921875,2.081338,0.21049447
1036,907295,4.870926,4.0625,1.1978215,0.12055644
1259,688006,-1.091754,2.5,3.302634,0.33268243
1630,908483,4.522442,3.234375,0.76953727,0.07739273
1511,908468,-0.062701,-1.71875,1.2732527,0.12949257
1089,1330964,3.046348,5.03125,1.033635,0.10393503
1913,910899,3.625006,4.40625,0.47366324,0.04757678
1033,908481,5.95674,5.28125,0.5630227,0.056491107
1911,688011,-4.112656,-3.0625,2.6230958,0.27205214
1030,908468,5.946959,4.75,0.74722874,0.07514915
1936,688031,2.4184,2.078125,0.6960193,0.07009605
1835,688010,1.747497,2.921875,0.92035633,0.09237466
1029,753551,5.335295,4.96875,0.449624,0.045944873
2173,1303901,4.152022,3.75,0.9338874,0.09370197
1091,724872,2.530811,2.40625,1.0943692,0.1104987
1549,688013,3.734983,4.15625,0.43642816,0.04536811
1039,1303901,4.704325,4.96875,0.4579579,0.04599301
2177,688011,2.058321,2.046875,0.4567774,0.047322173
1924,910692,3.040507,4.0625,1.2282195,0.12387363
1580,687980,4.390288,4.5625,0.35251456,0.03548656
1249,1322212,1.851426,2.953125,1.1409531,0.114433035
1615,1322212,5.168175,5.125,0.41578105,0.041746315
1378,1240189,0.775586,2.8125,1.5326676,0.15571769
1008,1299062,4.091789,0.484375,10.037536,1.1550199
2039,1330972,4.047814,3.25,0.5647325,0.056748822
1862,908483,-1.838506,-1.6484375,0.23688476,0.03519808
1030,906808,5.795441,4.5,0.4246991,0.042811543
2154,713899,3.005538,2.125,0.43553844,0.043844316
1559,1240186,0.757637,-2.109375,1.0313691,0.10684992
1862,908468,-1.276072,-1.453125,0.33783203,0.047871925
1559,1240182,-0.482084,-2.421875,1.0982023,0.11458743
1237,688015,3.585776,4.5,0.31832907,0.0320971
1549,908469,4.711896,4.15625,0.7041585,0.073669225
1629,1299062,6.17815,4.28125,0.52012986,0.05224409
1511,1240182,2.195617,-0.8984375,0.9574676,0.09811715
1054,910937,3.71101,4.09375,0.68166023,0.068333305
1441,688025,2.186803,2.109375,1.3220328,0.13337122
1911,1298349,-4.591602,-4.1875,2.6301682,0.27961257
1175,908480,2.496589,3.546875,0.47086817,0.047363963
1022,687985,0.136428,-0.953125,0.8820507,0.08970647
2174,688011,2.480766,1.9140625,0.41055837,0.0423204
1557,1299062,3.689303,4.6875,0.61594254,0.06201808
1022,906808,0.167508,-0.48632812,0.9133496,0.092989825
1830,688018,2.480758,2.140625,0.38272014,0.038667273
1168,687995,3.612648,2.90625,0.9078253,0.09153596
1009,908469,5.399435,4.84375,0.3863174,0.03885213
1918,688023,2.117978,2.953125,1.5502237,0.15561154
1179,687985,0.221201,-0.6953125,0.67805266,0.069286875
2172,910937,1.620046,2.09375,2.5522287,0.2582095
1008,908469,2.903488,-0.17773438,7.259543,0.80615586
1933,908469,3.785131,4.15625,1.2618119,0.12702271
1014,688015,3.888317,3.453125,0.68779224,0.0710341
1239,1303901,1.081988,2.203125,1.1649688,0.11695369
1831,687995,2.692595,4.03125,0.36653405,0.036788426
1553,687983,4.275597,1.5703125,2.5827568,0.26192087
1919,724872,1.849159,1.8046875,0.43389452,0.044951506
1620,688031,4.383681,4.40625,0.32748055,0.03319604
1080,906808,-2.268138,-4.46875,0.7205985,0.076331995
1009,1322212,5.336795,5.03125,0.49692217,0.049893256
1038,688031,2.852001,2.015625,0.68708783,0.06911319
1581,1240186,1.862546,2.890625,1.3147653,0.13194595
1089,688013,-0.701417,4.46875,1.0638934,0.107098885
2043,908468,5.370376,4.75,0.44616652,0.044841282
1194,688011,5.430239,3.78125,0.9717396,0.09788571
1068,1297439,1.140953,0.8359375,1.1631422,0.121058024
1030,910937,4.661523,5.375,0.43602484,0.04380871
1576,908483,2.151996,2.40625,0.2706604,0.027305152
1009,688011,5.155306,4.84375,0.30366263,0.030550668
1038,687983,3.381592,2.8125,1.3582683,0.13655476
1620,1240182,6.98449,5.34375,0.30656528,0.03091903
2046,907295,3.764237,2.96875,1.7306905,0.17366795
1003,688018,-3.735166,-3.296875,0.77957636,0.08028505
1091,910692,1.03751,3.046875,1.1276795,0.11408756
1816,713880,3.250466,3.65625,1.352191,0.13573301
1578,908483,5.03551,4.3125,0.37089038,0.03737821
1030,688023,3.906327,5.375,0.5006989,0.050266225
1259,1240182,5.009904,3.203125,2.374062,0.23867851
1011,908468,-1.987847,-0.25195312,10.277824,1.1059566
1042,908469,4.167955,4.90625,0.5314106,0.053582095
1825,713880,-2.026029,-0.953125,0.5418658,0.058438387
1084,688011,0.050215,-1.796875,1.6427565,0.16847153
1933,910937,4.859566,4.90625,1.0482409,0.10535185
1059,1240186,0.984532,0.07128906,1.044535,0.10738328
1047,687980,5.337561,3.484375,2.698863,0.27394083
1529,1240189,0.201814,0.17382812,2.113695,0.21999006
1813,713880,5.455062,5.1875,1.9604746,0.19762449
2175,688018,6.210768,4.375,0.729357,0.07358004
1024,1303901,-0.530821,-0.1328125,1.1183206,0.11398884
1032,688015,1.078285,1.53125,0.24939057,0.025467252
1033,1240182,5.981971,5.09375,0.38750994,0.038958672
1852,1240186,5.695139,5.65625,0.6580366,0.06605375
1559,1330964,0.022335,-2.8125,0.8496022,0.08927041
1936,908469,3.102846,2.34375,1.0235087,0.103227265
1084,753551,-0.803048,-2.484375,1.6128955,0.16999836
1617,688025,1.753231,0.78125,3.9044437,0.39897597
2040,908469,0.046652,0.46289062,0.97864175,0.100696124
1034,908483,-3.19854,-3.3125,0.8873407,0.09246768
1013,1330964,3.806121,2.90625,1.1666623,0.117153205
1549,906808,5.190155,3.8125,0.30372825,0.031016108
2439,688027,9.090859,8.5625,0.55986917,0.061799396
1068,688011,1.966255,0.80859375,1.155297,0.12024151
1026,713899,-0.828188,1.0,1.5286007,0.16413036
1916,1303901,2.592807,2.34375,1.49904,0.15057005
1835,687995,4.660379,3.890625,1.1314754,0.11342521
1014,687997,6.395645,3.25,0.55267864,0.05947159
1060,1330972,2.488907,1.890625,1.1201813,0.12518708
1048,1322212,4.501609,4.90625,0.62637734,0.06290749
2109,688015,3.473691,1.9375,0.51481694,0.051766355
1093,1330972,5.412602,4.4375,0.71936566,0.0722276
1581,688006,3.761139,1.8046875,1.3676327,0.13745184
1930,1240186,2.234275,0.6875,0.770746,0.078707
1814,907295,5.947282,5.6875,0.42770708,0.04345467
1997,713880,4.420392,4.1875,1.561091,0.15691999
1926,753605,3.209483,1.1015625,1.1008142,0.11347205
1086,688010,-4.575603,-2.578125,1.4245461,0.14428535
1017,1240186,4.58059,5.15625,0.38751742,0.038825806
1029,908468,5.955447,4.96875,0.49556825,0.050084867
1564,1330972,2.63017,3.125,0.6196561,0.063088335
1557,1322212,4.750673,4.90625,0.6873816,0.069130294
1924,713880,3.107014,2.703125,2.1509674,0.21617968
1080,688015,-5.425854,-4.4375,0.84295857,0.088847406
1561,688023,1.308983,1.4609375,2.2532582,0.22892909
1825,687997,-0.569163,-1.453125,0.4132766,0.044570472
1079,687995,3.263936,1.9140625,3.921263,0.41610962
1086,688013,-2.825461,-1.53125,1.6479061,0.16684327
1378,688027,2.158505,2.421875,1.6309398,0.16554415
1855,910692,4.227503,4.6875,1.0432416,0.10475962
1057,713899,-0.615723,-1.625,1.1041088,0.113811664
1916,1330964,3.022011,1.734375,2.0974736,0.21128365
2037,688031,3.306475,2.5,1.0342661,0.10418416
1062,907295,3.681465,3.46875,1.2275174,0.12677608
1564,688027,4.815406,3.453125,0.48823708,0.051300623
1582,687985,4.706134,3.640625,0.42005903,0.04230411
1049,1240189,1.791728,3.140625,0.8378473,0.084277876
1845,688025,2.629175,-0.016113281,3.8405375,0.3916955
1018,713880,4.250202,5.40625,0.26270846,0.026420714
1047,1297439,5.526524,4.71875,1.9406213,0.19557518
1084,910899,-2.713688,-2.953125,1.8126105,0.18589076
2110,1330972,4.669383,4.53125,0.74477357,0.07476939
1624,688006,4.404785,2.203125,1.8739843,0.18804693
1626,713899,2.535786,1.1484375,2.3811045,0.24008662
1259,753551,-2.11828,2.59375,2.6327944,0.26723474
1557,688011,4.335889,4.78125,0.42034042,0.04242932
2171,908481,3.484104,2.25,2.9036288,0.29153758
2174,688015,1.341223,1.7578125,0.23485288,0.023849301
1803,687997,6.875119,5.0625,0.8108024,0.0851936
1912,1299062,5.824802,2.359375,1.2770663,0.12839104
1624,1240192,4.051724,3.765625,1.3325078,0.13350545
1049,908480,5.01083,3.390625,0.860045,0.08645124
1237,687995,4.976719,5.46875,0.31324232,0.031477086
1925,910937,4.73652,5.25,0.35835472,0.03601589
1058,1240186,2.12458,1.4296875,0.8079664,0.082215555
1908,688027,5.317393,2.890625,0.6091051,0.06174375
1168,1330972,2.018505,3.125,0.73889345,0.07444772
2158,1330964,5.237107,4.4375,0.78188735,0.07846789
1911,1240186,-1.097258,-3.1875,2.4409642,0.25316253
1177,688010,3.50761,3.40625,0.97060144,0.097465284
1615,753551,5.615724,4.90625,0.33226162,0.033427935
2044,907295,2.937952,3.40625,1.1268777,0.11312964
1529,753605,-4.343407,2.0625,3.548915,0.36264622
1048,753551,4.985032,4.6875,0.39086783,0.03933167
1853,688015,3.571342,3.953125,0.52841824,0.05321696
1046,1330972,0.668271,2.078125,1.0292032,0.10328778
1580,687997,5.429578,4.40625,0.30851912,0.031092457
2106,687985,0.003526,2.203125,1.8874235,0.19057357
1806,688025,2.486009,4.40625,1.3635498,0.13745184
1831,907295,4.083831,3.421875,0.43821707,0.044132806
2096,687995,4.562826,3.25,0.9643441,0.096919924
1908,908483,2.246511,2.859375,0.7910497,0.079803824
1553,688015,0.998537,2.3125,1.6242471,0.16415541
2010,713880,3.522022,3.765625,1.5740964,0.15798949
1617,687985,2.092622,1.03125,2.8393815,0.28758714
1085,688025,1.290205,2.234375,0.47714454,0.04827281
2046,724872,2.654438,2.265625,1.1954968,0.120064534
1816,688018,5.8195,2.8125,0.96702695,0.09743348
1060,1299062,0.281531,1.328125,0.95424414,0.098552845
1012,907295,2.641181,1.296875,0.75992537,0.079503566
1072,1240182,6.651021,4.875,0.6389357,0.06422546
1873,688011,3.045711,1.0625,0.5776502,0.061525177
1835,713899,3.030419,2.546875,0.9580644,0.09620634
1913,713880,2.958882,4.9375,0.38246286,0.038374566
1004,688031,-5.353554,-6.25,0.33146653,0.051338263
1629,1330972,4.274292,4.5625,0.71266097,0.07154554
1634,910692,3.479848,4.25,0.5673266,0.056984734
2148,908483,-0.149601,0.3046875,0.7369832,0.075211234
1835,753551,3.501106,3.125,1.1150429,0.1119024
1004,1330964,-1.560893,-4.46875,0.9257691,0.10249158
1069,687980,2.679927,3.328125,0.45208272,0.045500506
1058,687995,0.824825,0.921875,0.7743557,0.07929373
1029,910937,4.643471,5.5625,0.36490682,0.037092723
2039,687985,1.726191,2.75,0.46962762,0.04732892
1022,688015,0.152372,-0.6328125,0.95345324,0.09673366
1803,724872,6.035237,5.0625,0.3537655,0.03681936
1939,906808,2.109235,2.140625,0.81601554,0.082278796
1598,1330972,3.883775,4.25,0.8065339,0.08096965
1827,713880,-0.161215,0.3984375,3.0869682,0.3497875
1919,688018,0.12399,1.5546875,0.5838949,0.06042699
1005,908483,1.750988,2.21875,0.9251707,0.09296853
1068,713899,0.232038,0.03955078,0.7210774,0.07419436
1563,1330972,5.248584,5.53125,0.39110714,0.03954067
1133,688010,3.056175,3.296875,0.74254787,0.0745199
2044,753605,3.884482,3.5,1.012421,0.10158167
1558,1240182,5.525584,3.609375,0.93495184,0.0949903
1706,907295,2.306843,0.9609375,3.4406216,0.35029605
1449,1240186,5.734115,5.90625,0.34259558,0.03438976
1922,687983,1.100067,1.9140625,1.0170082,0.102928676
1177,687985,4.248299,2.734375,1.2421722,0.124995485
1378,688023,3.161083,3.0,2.3875637,0.24056064
2040,1330972,0.009545,0.671875,0.9396191,0.09601508
1816,688011,5.270803,3.390625,0.91153747,0.09172486
1083,688010,1.561423,2.109375,0.821329,0.08241712
1250,908483,-0.322223,1.0390625,1.1476852,0.1155104
1618,687985,3.487249,3.125,0.73896956,0.07437464
1079,688006,3.866296,2.328125,3.0397546,0.3365302
1916,688013,1.920198,2.46875,1.0671378,0.10747137
1614,713880,4.822975,4.0625,1.4510297,0.14569001
1912,1240192,2.948814,2.984375,1.8951654,0.19025968
1835,687985,2.62549,2.390625,0.96466553,0.09690877
1069,713880,3.532738,3.796875,0.5874346,0.05901275
1073,907295,6.608351,4.90625,1.2436283,0.125142
1191,688018,-5.439668,-5.5625,0.3524154,0.04588869
1625,688013,4.983149,4.375,0.41853017,0.04206373
1199,688010,2.650676,3.203125,0.7390992,0.074318595
1931,908480,5.394222,4.625,0.62801737,0.06355996
1776,688011,4.104142,3.9375,0.27654862,0.0278228
1051,688006,2.729302,0.70703125,3.5817535,0.3637269
1003,687985,-2.648304,-4.125,0.62476254,0.065746136
1847,907295,1.639234,4.6875,2.9660184,0.30092072
1620,687985,5.07203,4.59375,0.3548281,0.03589803
1926,688010,2.151613,0.8359375,0.8725137,0.090202495
2011,1240192,5.441044,4.84375,0.9496405,0.09521212
1931,1240182,6.466889,5.3125,0.49804425,0.05016922
1622,908481,5.174293,4.4375,1.0744939,0.10783303
1561,688031,2.758755,1.609375,1.5019087,0.15357676
2148,910692,0.984347,0.96875,1.3516285,0.14050613
1268,908483,3.738848,3.78125,0.46695873,0.0470379
1614,1322212,4.197636,4.03125,1.2533007,0.12575044
2109,910692,2.692342,2.859375,0.73316115,0.07380508
2047,1240192,3.866841,2.96875,1.0871177,0.10909991
1625,687983,5.658296,4.90625,0.48799616,0.049030423
1062,908483,4.778147,4.34375,0.7295247,0.0748158
1618,1240192,3.192261,4.25,0.92626226,0.092868194
2044,906808,2.357174,2.703125,0.7341029,0.07375749
1786,908480,5.025777,1.9765625,1.2250624,0.12389571
1088,688011,3.261307,3.90625,1.0484008,0.105291575
1873,713899,1.117938,0.625,0.29449192,0.030727556
2359,907295,5.324195,5.15625,0.40121317,0.04049861
1626,908483,2.29077,0.91015625,2.381807,0.24009666
1811,688018,-0.980072,-4.90625,2.179841,0.23735577
1089,1240189,3.178992,3.75,1.4509844,0.14630266
1915,688006,1.6447,2.96875,0.32015538,0.032560494
2010,688025,3.360103,3.421875,1.3230618,0.13282497
2039,1240186,3.210339,3.671875,0.5815139,0.058365595
1013,724872,1.831269,2.625,0.8471143,0.08522586
1020,910937,5.029397,5.5,0.33204475,0.033471577
1494,910692,-5.416793,-2.546875,2.0032198,0.20362698
1129,910899,3.157044,3.421875,0.8386224,0.084201515
1933,908483,3.551723,3.96875,1.0647343,0.107414074
1067,687983,5.731173,5.125,0.32419193,0.032688253
1073,1322212,5.655691,4.8125,1.4370698,0.14450158
1825,713899,0.774777,-1.4765625,0.45187697,0.047480155
2110,1303901,3.337926,4.46875,0.7310228,0.07338011
1047,908480,5.268179,3.640625,2.73062,0.2780095
1778,688013,3.87222,2.28125,1.3326927,0.1346893
1925,688027,5.640707,4.34375,0.33636788,0.03393395
1812,688013,3.086069,3.265625,1.3096694,0.13265003
1019,908481,4.689372,2.578125,1.5985014,0.16029465
1810,688011,2.036669,2.328125,3.1291585,0.3273733
1913,1330964,5.275391,4.625,0.36268592,0.036424786
1013,907295,3.401091,3.015625,1.1550041,0.11613905
2047,724872,2.431428,1.59375,1.9116114,0.194315
1372,908480,3.114407,2.359375,1.4363025,0.19997002
1932,688031,2.690921,2.15625,0.9822011,0.098798215
1720,1240189,2.080685,1.46875,22.28271,3.0890303
1020,688011,4.830777,4.96875,0.291335,0.029399043
1180,907295,-1.81148,-3.125,0.4753552,0.053123843
1576,688018,3.461944,2.359375,0.33381876,0.033658925
1042,1240186,5.800348,5.6875,0.66117287,0.066339046
1030,1240189,4.907545,4.625,0.39364627,0.03964409
1936,1330972,2.308707,2.625,1.1111709,0.11183536
2177,687997,3.146102,1.71875,0.29609957,0.030298645
1060,713880,2.392564,0.20703125,2.3990316,0.2672436
2039,688006,4.115059,3.21875,0.5080422,0.051076494
1069,908480,2.405984,3.40625,0.40352476,0.040657416
2044,1240186,3.402429,4.15625,0.98043495,0.098299615
1043,753551,4.407878,4.84375,0.3101358,0.03120789
1918,1240189,3.651963,3.046875,0.86329037,0.087371305
1049,908468,4.201955,3.25,1.2848134,0.12898514
1811,713880,-2.700837,-3.84375,2.5048037,0.2648748
1706,1240189,-1.113824,0.44726562,3.005707,0.31105912
1594,908481,1.619696,2.296875,2.2187045,0.22291982
1057,1330972,-1.849371,-1.734375,1.2837524,0.1341244
1939,910692,2.377824,3.171875,1.1439881,0.11540945
2159,906808,1.648779,2.515625,0.8646446,0.08684863
1559,688006,0.691843,-2.875,0.97670364,0.10218297
2175,908480,5.667072,4.71875,0.7136722,0.07194131
1922,908483,2.024916,1.890625,0.4877402,0.049166363
1032,688011,2.308708,2.265625,0.5944079,0.0628567
1149,687983,-0.521585,0.828125,1.7373933,0.17846274
1564,908480,3.885865,3.78125,0.73126614,0.075450376
1029,688023,3.532452,5.59375,0.33944052,0.034294613
2110,688015,3.448829,3.8125,0.821112,0.08262565
1017,687997,5.635696,3.5625,0.557687,0.0561181
1008,910899,3.395927,-0.421875,7.0375366,0.7589744
2159,1240189,1.363617,2.765625,0.9703901,0.097470164
1239,908469,1.14573,2.40625,1.4106258,0.14179532
1050,688025,2.277632,2.328125,1.5012548,0.15158205
1129,753551,3.724581,3.546875,0.5802993,0.058340933
1578,908481,4.209838,5.21875,0.6115897,0.061329044
1873,688031,0.958282,0.38867188,0.2790801,0.028977394
1932,688010,2.234123,2.59375,0.88482946,0.088928424
1054,1298349,4.426034,3.671875,1.2262623,0.12287572
1268,687980,3.510927,3.96875,0.52259094,0.05258651
1631,687980,2.666155,2.65625,0.8720981,0.08752117
1925,1303901,5.524511,5.0625,0.4543548,0.045643765
1378,1330972,0.230693,3.09375,1.7476866,0.17600939
1025,688023,5.190047,5.375,0.51433796,0.051648486
1853,688010,2.09953,3.875,0.63591635,0.06405741
1631,688006,4.003097,2.859375,1.1765712,0.118005395
1038,1330964,1.891511,2.90625,1.2151287,0.12200447
1052,907295,5.855921,3.3125,1.2990798,0.13064907
1925,908481,6.152302,5.28125,0.69037503,0.06927641
1049,688013,2.278717,3.5625,0.7627743,0.07657653
1180,687980,-3.159344,-3.515625,0.4579129,0.04859199
1996,687997,6.07945,3.0625,0.7143263,0.07181546
1940,687997,3.711152,3.21875,0.42124164,0.042405102
1378,688013,2.647722,3.265625,1.3096694,0.13265003
1133,688011,2.994852,4.0,0.6115915,0.061391592
1932,713880,2.455488,2.359375,1.8052881,0.18130626
1802,908483,3.270098,3.0625,0.217732,0.02190542
1720,713899,5.251199,1.59375,18.59497,2.0649295
1013,687997,4.11281,2.3125,0.910093,0.0914534
2011,907295,5.855921,4.25,0.9682737,0.09733033
1583,688006,3.051509,2.53125,0.5005241,0.050396815
1624,688025,-0.963523,2.640625,1.4464976,0.14531286
1827,688010,-1.431945,0.6328125,2.534484,0.2699464
1625,688015,3.275297,3.953125,0.6251581,0.06290749
2174,753605,1.66988,2.171875,0.41220936,0.042273793
1924,908480,4.298387,3.265625,1.2855743,0.12997071
1024,1240192,1.542071,0.89453125,1.2351812,0.12605375
1908,753551,5.236944,3.296875,0.6357511,0.064231694
1873,687995,0.214844,0.94140625,0.36214522,0.03764616
1720,688018,4.069698,0.984375,21.207493,2.7614684
1814,713880,5.743246,5.875,0.42988953,0.043492008
1564,687985,4.959871,2.546875,1.3765281,0.13978638
1802,1240186,3.911867,4.375,0.21743819,0.02181675
1862,688023,-2.094109,-1.34375,0.30753756,0.04896374
1019,910899,3.075688,1.7421875,1.678939,0.16891345
1917,713899,2.665085,1.2421875,1.0087775,0.101370014
1052,687983,5.777513,3.28125,1.141999,0.1146917
1910,908483,-1.284422,0.39453125,3.7805917,0.38741875
1072,906808,4.084388,4.15625,0.39577088,0.039858054
1068,753551,3.374477,0.51953125,0.81288296,0.08460359
1012,1240189,0.248923,0.6640625,0.35841438,0.036815852
2106,1299062,5.568201,2.5,1.4902306,0.14979714
1237,688010,5.104606,4.71875,0.29895207,0.030121123
1926,687985,-0.317875,0.076660156,0.9963116,0.10310779
1782,688011,4.112748,4.875,0.37992567,0.03836118
2172,688027,2.04976,0.13671875,2.7110662,0.2758677
2040,1240186,2.864304,1.2109375,0.90415835,0.09190756
2170,908480,2.340921,2.640625,1.6582757,0.16759452
1072,687997,5.028538,4.25,0.3818098,0.038469512
1239,688010,1.949008,1.7421875,0.76009494,0.07634722
1847,687983,6.44028,4.4375,2.8752067,0.29006073
1997,688006,3.175214,4.03125,1.5087339,0.15163298
1191,908483,-4.861127,-5.59375,0.3388358,0.0433618
1936,908481,3.542973,2.8125,0.9993147,0.10041911
1854,687983,4.61322,4.84375,0.6493019,0.065324485
1855,1240189,2.171858,3.75,0.8285706,0.08339266
1050,687983,2.375695,2.140625,1.9094287,0.19291487
1615,713899,5.265632,4.53125,0.43371144,0.043669578
2045,1240189,3.623002,4.46875,0.45236304,0.045511007
1042,906808,4.764631,4.5625,0.43252793,0.043659534
1931,688006,5.692825,5.21875,0.75407493,0.07601408
2172,1330964,1.48869,1.5078125,3.35122,0.33942878
1061,688025,4.167222,4.3125,0.8265798,0.08307413
1022,1240182,1.755182,0.41796875,1.2682424,0.12850581
1776,907295,4.651948,4.125,0.3123464,0.031396884
1873,687997,1.506758,0.39648438,0.34239775,0.03555178
1614,713899,3.542916,3.359375,0.98678505,0.09931637
2148,687980,0.042718,0.5390625,0.7076758,0.073087655
1908,687980,3.576963,3.0,0.67860246,0.06847876
1618,724872,3.166374,3.359375,0.542882,0.05463913
1036,687985,4.102596,3.640625,1.4055666,0.14152381
1558,688018,6.232738,2.828125,0.5938667,0.060224827
1373,908481,4.882449,4.75,2.3526864,0.23641671
1011,688013,-1.171365,0.73046875,4.2304773,0.4373566
1815,910692,5.810763,5.28125,0.52130955,0.05241034
1931,687983,5.762963,5.34375,0.45194086,0.04555763
1009,1303901,3.18403,5.0,0.45604786,0.045795143
1042,1330964,5.427991,5.09375,0.5677577,0.057246976
1909,1330964,0.266039,1.4609375,1.5512062,0.15851016
1941,688015,-5.534685,-4.90625,1.9930776,0.21544108
1813,908483,5.33412,3.875,2.9263024,0.29776928
2096,907295,1.874164,2.75,0.8670264,0.08744504
1072,688031,4.438592,3.984375,0.47960064,0.048333995
1625,688018,5.127568,3.859375,0.53711116,0.054129887
1023,1240186,2.570165,3.890625,0.5064715,0.050806735
1621,688013,2.949828,4.21875,0.6689658,0.06722303
1558,687995,5.114397,3.375,1.0286427,0.104106165
2044,910937,1.990774,3.703125,0.97560954,0.09784974
1032,688027,0.596682,1.6796875,0.32076055,0.0328221
2111,1240186,5.739174,5.15625,0.7733028,0.07749776
1917,1330972,0.503354,2.25,1.2327032,0.123658724
2154,687980,2.796182,2.25,0.45214042,0.045555722
1033,908483,4.221145,4.375,0.31773427,0.032037128
1845,908483,-1.472304,-0.41601562,3.0038817,0.3053441
1924,688031,4.590528,2.859375,1.0959514,0.110727005
1706,724872,1.81124,0.9453125,2.446874,0.24885239
1248,1297439,-4.77355,-3.921875,6.1747794,0.69715804
2011,1299062,5.164824,4.09375,0.70953757,0.071289346
2175,1240182,6.993926,5.21875,0.8088913,0.08132263
1917,910899,2.422112,1.828125,1.4561142,0.14620052
1011,687995,-2.871803,2.109375,2.9737592,0.3004471
2499,1240186,9.51269,10.1875,0.5300829,0.057040147
1853,1303901,3.931306,4.09375,1.1662517,0.117270015
2177,906808,2.755065,1.78125,0.24929734,0.025457732
1720,910692,5.355447,2.875,15.46986,1.6646512
1809,910692,0.061386,2.03125,2.245141,0.22941995
2107,1322212,2.756023,5.1875,0.47884184,0.048125267
2499,713880,8.704009,9.9375,0.5682939,0.066829324
1190,688006,-0.827497,-0.77734375,3.3796563,0.38295233
1811,687997,-0.801752,-4.875,2.2104537,0.23838992
1615,688025,4.503819,4.96875,0.34131822,0.03430912
1088,688013,-1.746599,2.875,1.0427928,0.10458795
1510,688011,3.706866,4.1875,0.6902628,0.06942006
1720,687995,4.557972,5.28125,3.9838254,0.41065314
1088,688006,0.52904,2.515625,1.2179366,0.12215418
1017,688011,5.501304,4.3125,0.42141625,0.042328868
1635,687980,5.102432,4.78125,0.25789475,0.025990548
2158,687983,3.468663,4.40625,0.9093629,0.09131586
2048,906808,0.368592,-4.75,0.97751206,0.10286731
1583,908483,2.576951,2.125,0.39536527,0.039800204
2044,687983,2.633015,3.484375,1.0893465,0.10932359
1803,713899,6.308461,5.4375,0.39900875,0.040646747
1564,724872,3.794124,1.3203125,2.6528552,0.28743833
1089,688011,4.377853,4.84375,0.9013694,0.09081809
1046,1298349,2.638142,1.6640625,0.85317004,0.08564126
1816,688031,4.825153,2.796875,0.93182653,0.09388683
1096,1322212,0.783098,2.28125,2.223022,0.2239821
1024,1330972,-1.420801,0.12890625,1.3000394,0.13267273
1940,908483,4.797067,3.265625,0.43105632,0.043421358
1047,713899,4.249161,3.25,3.2132823,0.32434994
2048,910937,-5.205583,-3.28125,1.4471016,0.15119085
1017,687985,3.082454,3.125,0.7784191,0.07834509
1038,1297439,4.125854,3.390625,1.0606421,0.10652099
2044,910692,3.478401,3.75,0.9009089,0.090444155
1811,688023,-3.952616,-3.546875,2.0099697,0.20823301
2173,688018,1.752349,3.125,0.8368709,0.08422806
2438,688031,10.230739,9.25,1.3307446,0.16400824
1449,688018,6.033811,4.46875,0.40756443,0.04121871
2171,687980,-0.621485,1.5703125,2.3045876,0.2322556
1026,687997,2.495556,0.609375,1.1292149,0.12539677
1913,688013,4.154147,4.15625,0.34548157,0.03473331
2172,1240182,5.406706,1.78125,3.0373948,0.30650797
1918,687983,4.101799,2.421875,1.758839,0.17729872
2039,910937,2.210268,3.3125,0.5667366,0.05699697
2148,724872,1.212335,0.79296875,0.61066467,0.062675655
1030,1330964,3.919724,5.125,0.49461845,0.049771734
1507,1330972,4.290848,4.9375,0.5978204,0.060123082
1089,908469,4.461978,4.625,1.062547,0.10694154
1912,908469,2.165991,1.40625,2.3909388,0.24257536
1843,687985,-0.770155,-3.203125,0.9781303,0.110832945
2359,1298349,4.443618,5.5625,0.70019776,0.07044498
1852,907295,5.787761,4.96875,0.5620788,0.05667437
1634,688031,2.346472,3.46875,0.5911755,0.059537236
1553,687995,2.685991,2.328125,2.08974,0.21032485
1507,688011,5.614455,4.6875,0.42466712,0.04279781
2096,753605,2.532603,3.8125,0.7118983,0.07194839
1563,688011,5.302667,5.09375,0.29760528,0.030108785
1629,1303901,5.869481,4.4375,0.7060612,0.07090083
1060,1322212,1.855227,2.984375,0.9268974,0.1011871
1626,687995,5.300637,2.015625,1.953216,0.19640158
1047,713880,4.479524,4.9375,1.7439797,0.17545703
1259,1240186,5.164541,4.3125,1.188842,0.11915828
1997,688025,2.712033,3.765625,1.6636227,0.16770051
1023,910899,4.260992,3.15625,0.55755615,0.056027684
1091,910937,2.498935,2.8125,1.0792322,0.108713716
1908,1330972,3.16985,2.78125,0.83287483,0.08369391
2359,910937,5.036988,5.4375,0.40438622,0.040774237
1583,688023,2.979539,2.75,0.38788557,0.03904725
1048,908469,4.189113,4.8125,0.46288598,0.046561044
1561,1322212,-0.253113,1.4375,2.0393078,0.2077429
1809,687985,0.00777,-2.203125,1.1982471,0.12519093
1919,1299062,4.042859,2.0625,0.56428343,0.0577824
1631,713880,3.153009,2.875,1.5509962,0.15558831
1810,687983,3.340464,1.28125,2.5987875,0.26489076
1023,753551,3.476905,3.203125,0.47786444,0.048042547
1049,1298349,2.51475,3.71875,1.3386567,0.13423792
1511,688023,-1.4294,-0.6015625,1.025389,0.10532661
1022,1303901,-0.995314,0.15820312,1.0853827,0.10993313
1049,1240192,5.243634,4.25,1.1230949,0.112585105
1052,713880,3.075425,3.265625,1.2423725,0.12468082
1912,688006,1.966557,1.84375,2.105275,0.21222101
2159,688027,2.338925,2.25,0.82981825,0.08338676
1838,713880,2.825122,3.6875,0.61642635,0.061836865
1559,688018,-0.503267,-3.1875,0.70511305,0.07408848
1199,908481,5.199021,3.8125,1.3665736,0.13713026
1632,687997,4.477017,2.828125,0.6883949,0.06915507
2173,1240186,4.754406,4.59375,0.9141678,0.09167099
1013,688025,2.465732,2.765625,1.1617093,0.11672038
1706,1330972,1.290853,0.96875,2.6152472,0.26488566
1191,713880,-4.971522,-5.03125,0.41139203,0.06441409
2039,687983,2.406205,2.96875,0.55586255,0.056006312
1578,687995,4.170472,5.28125,0.41798967,0.041922692
1249,713880,4.708539,3.140625,1.0836208,0.10864515
1007,908480,-4.635196,-5.375,0.86306953,0.10516707
1259,688010,3.405869,2.40625,3.0871067,0.31189892
1799,753605,3.394776,4.9375,1.3342695,0.13543144
1239,688031,1.576549,0.5859375,0.45208022,0.045519095
1913,1330972,5.135857,4.71875,0.47604725,0.04776439
1930,687980,0.228938,0.122558594,0.62943774,0.065007344
1032,753605,1.444973,2.296875,0.6920978,0.071945794
1581,687980,2.508873,1.546875,1.2058437,0.12131663
1915,688013,2.849588,2.890625,0.23602062,0.02404326
1025,906808,5.754087,4.59375,0.4297979,0.043336492
1030,688031,3.091695,4.34375,0.50534916,0.050995525
1810,688013,-2.45277,0.953125,2.4036572,0.24631643
1007,910899,-2.909354,-4.28125,1.8411051,0.19609502
1057,687980,-0.654129,-1.8046875,1.0099537,0.1056616
1786,688027,2.532353,1.7265625,1.0634178,0.107311055
1529,1303901,1.547327,1.3359375,2.3398936,0.2382289
1626,687985,2.597026,0.4453125,2.4641206,0.24858896
1080,688027,-4.920125,-4.90625,0.48676804,0.053425673
2040,713880,-0.21545,0.33789062,0.89103776,0.09117621
1627,910899,3.223268,2.8125,1.4215939,0.14297037
1053,906808,4.00701,2.140625,1.2366282,0.12434659
2177,713880,0.840303,1.921875,0.2995426,0.031102054
2159,1330964,5.277369,3.84375,0.93821776,0.094066866
1268,688025,2.699643,4.28125,0.57283604,0.057563137
1917,688006,2.034983,1.5703125,1.1725153,0.1177113
1021,753551,3.889131,2.4375,1.4645492,0.1473725
1083,687983,2.44818,2.515625,1.4363613,0.14423567
1019,688011,3.722382,2.71875,1.2186532,0.122815475
1008,906808,0.910492,-0.953125,7.396556,0.8619876
1598,687983,3.537937,4.25,0.6243304,0.06274737
1581,753551,2.237502,1.828125,1.4386955,0.14499126
1014,1299062,1.596215,2.125,0.7638618,0.077398986
1179,1240189,-0.294793,-0.33398438,0.8845069,0.090781495
1005,688013,-1.309713,3.40625,1.00213,0.10054912
1046,688031,0.97705,0.59765625,0.40113184,0.040397953
1580,713899,5.297736,4.40625,0.37148684,0.03738143
1918,688015,1.376525,2.640625,1.1823748,0.11934938
1268,687983,4.902027,4.375,0.6876924,0.06916156
1916,910899,4.645675,1.8359375,1.8738688,0.18894209
1873,906808,3.773033,0.625,0.30174184,0.031227112
1553,908483,2.628122,2.3125,1.6928107,0.1709756
2498,688023,7.711832,7.53125,0.47524163,0.049587145
2043,688031,4.932588,4.28125,0.4195228,0.04233466
1047,688023,5.39623,5.0625,1.5689732,0.15768725
1561,910692,2.423477,2.671875,1.7833877,0.18275388
2045,908481,5.259968,5.0625,0.9196924,0.092277706
1091,1330972,2.38703,2.25,1.1534743,0.116141126
1073,687995,3.43072,5.28125,1.1031027,0.110742815
1593,1330972,0.738373,2.046875,1.733681,0.17463794
1004,688013,-5.60002,-4.78125,0.98646826,0.11060975
1908,1240182,4.596205,3.28125,1.0268143,0.103231736
1237,687997,6.391545,4.53125,0.2906031,0.029369958
1916,910937,2.259239,2.796875,1.3230267,0.13292842
1632,910899,3.862046,3.09375,0.9330922,0.0936751
1632,688018,4.682301,2.71875,0.8069668,0.08109046
1061,1303901,3.46316,4.34375,0.9321129,0.093600355
1084,713899,-1.354069,-2.78125,1.9377497,0.1972859
1168,908469,5.356752,2.734375,0.68624973,0.0695069
1622,688013,4.054292,3.90625,0.58642703,0.058966957
1016,688006,1.6732,0.33984375,1.8779318,0.18973264
1930,906808,0.357092,-0.09423828,0.50215375,0.051811084
1933,1240182,5.267014,4.71875,1.2780056,0.12844399
1919,688013,2.231294,2.171875,0.3631191,0.03757902
1825,753551,1.328854,-1.0390625,0.51142037,0.05679208
1909,687985,2.223787,0.8203125,2.1719344,0.2229168
1036,713899,5.239773,3.984375,0.936279,0.09425233
2498,724872,6.34783,6.59375,0.45388475,0.047298256
1782,687997,5.879169,4.65625,0.41790122,0.04232718
2110,688013,5.07386,4.28125,0.5449764,0.05477202
1510,688023,4.507526,4.40625,1.0310369,0.103460476
1862,688013,-1.570429,-1.2109375,0.2957356,0.04190672
1062,687980,4.767859,4.53125,0.5564816,0.056721386
1512,910937,3.954532,5.34375,0.25868183,0.0260354
1925,1240182,6.455313,5.09375,0.4321152,0.043465853
1922,688031,1.909594,1.8515625,0.4826003,0.048648242
1916,1330972,3.326427,2.28125,1.6369987,0.1644987
1933,1303901,1.386911,4.5,1.3442214,0.1350579
1017,688013,0.239505,3.96875,0.49600342,0.049813945
2159,1299062,4.298815,3.171875,0.80609846,0.08088022
1180,688010,-2.970884,-3.46875,0.48813057,0.051213432
1817,688011,-5.466153,-5.3125,0.6806155,0.09131586
1549,910937,4.331596,5.0,0.9259609,0.095275596
1010,1303901,2.803142,3.65625,0.403057,0.040640213
1511,687983,-0.909271,-0.56640625,1.0695817,0.10929532
1615,688010,4.484914,4.78125,0.34816226,0.03503436
1627,1240186,2.601371,4.0625,1.3885273,0.13926373
1494,1298349,-1.212826,-3.8125,1.4232216,0.14869592
1529,713899,0.520422,0.22265625,1.8356925,0.18758042
1507,1322212,5.115288,4.78125,0.6905449,0.069413185
1910,1330972,-0.634681,1.6640625,3.6234481,0.36575225
1997,753551,2.124704,3.90625,1.5059693,0.15205805
1088,753551,0.096479,2.34375,1.0745671,0.10791948
1933,908468,3.7664,4.09375,1.6485729,0.1657408
1237,753551,5.106498,4.84375,0.32146046,0.032412834
1779,1240186,1.192335,1.1484375,0.19332416,0.020514831
2148,1240186,0.843809,1.5390625,1.5005382,0.15426263
2175,753551,3.927585,4.90625,0.7945842,0.080138795
1512,713880,4.231071,5.375,0.285802,0.028759262
1047,688013,4.876165,4.0625,1.7005026,0.17223564
1594,1240189,0.714217,2.359375,1.3005936,0.13183853
1025,688025,4.930719,5.03125,0.522112,0.052548703
1804,688023,6.148329,4.28125,9.830734,1.06265
1239,907295,4.197917,2.1875,1.404901,0.14139825
2037,688027,3.543289,2.5,0.91862327,0.09249442
1507,1240186,5.359419,5.46875,0.5637805,0.056555685
1013,688018,6.291739,2.21875,1.0373645,0.10427531
1918,713880,2.217209,2.484375,1.7811722,0.17898639
1013,1322212,3.626286,2.765625,1.3205137,0.13246745
1180,713880,-3.750303,-3.15625,0.56575537,0.061299905
1622,688023,3.838507,4.59375,0.5986516,0.0600789
1915,1322212,2.835421,2.71875,0.380055,0.038652416
1021,713899,0.929004,1.875,1.3273612,0.13338384
1843,687997,0.007342,-0.890625,2.0382295,0.21139322
2438,1330972,10.367745,10.1875,1.1003579,0.13445571
1088,1240186,5.432757,3.859375,1.2008919,0.120279476
1053,908481,1.031894,2.78125,1.7318699,0.173612
1032,1240189,0.703464,1.6015625,0.3169067,0.03242775
1050,908481,2.273472,2.5625,1.7582529,0.17647296
1849,688023,-1.63211,-0.6640625,0.83414745,0.088678025
1200,688006,2.384524,3.375,1.2264376,0.12320598
1010,687980,3.492994,3.171875,0.27610868,0.02797696
1924,688011,4.058394,3.5625,0.9757135,0.098518014
1372,724872,1.445027,-1.140625,2.6675909,0.863875
1940,908480,3.46236,3.46875,0.43310407,0.043627635
1175,910899,3.103895,3.71875,0.6525609,0.06552009
2110,713899,4.886281,3.890625,0.7995835,0.08047521
1046,688006,2.242011,1.53125,0.76999766,0.077331364
1051,906808,4.35283,0.25390625,4.351029,0.44892928
1008,688011,2.203112,0.30664062,6.650835,0.7385602
1048,688006,4.533094,4.9375,0.5311352,0.053389415
1912,688015,0.851357,1.7421875,1.9460938,0.19632863
1016,908481,-1.007282,1.34375,2.3492997,0.23694159
1030,688011,5.473232,4.9375,0.3839579,0.038643986
1510,724872,3.728354,3.546875,0.7860474,0.079277806
1170,753605,2.060844,4.0,0.9976138,0.100117564
1626,688023,0.515291,2.03125,2.5502663,0.25662446
1038,687980,2.565274,2.578125,0.82248604,0.08262565
2040,753605,2.269429,1.15625,1.1411315,0.11685143
2111,1330972,5.257676,4.5625,0.89767647,0.09005049
2154,1330972,2.348942,2.640625,0.5049236,0.05081875
1067,1240182,6.530048,5.15625,0.33182162,0.033417728
1553,688006,3.928917,2.4375,1.9316847,0.19477165
1815,908483,5.534228,4.8125,0.41054875,0.04152052
2439,687995,8.262648,9.1875,0.548617,0.060383003
1048,688018,4.280568,4.03125,0.37251708,0.037516166
1043,753605,4.413761,5.125,0.3505094,0.03523301
1036,910937,3.687553,4.90625,0.6999957,0.07034115
1558,688023,1.729157,3.328125,1.0465001,0.1063235
1631,687983,4.777694,3.09375,1.4166324,0.14216903
1843,688031,-2.561778,-3.703125,0.73172563,0.0896644
1013,687995,3.764526,3.609375,0.9827169,0.09856258
1618,908480,3.715457,3.53125,0.5665702,0.05701199
1512,687995,4.146397,5.46875,0.2779019,0.027917583
1023,724872,3.530895,2.8125,0.33579445,0.033825397
2107,713880,5.019894,5.21875,0.5525438,0.055589918
2173,687983,3.67664,4.0,0.9074413,0.09111126
1016,688011,1.986681,1.6484375,1.8652481,0.19175658
1052,908481,4.155299,3.171875,1.2833248,0.12873684
1373,910937,4.687004,5.03125,1.2311586,0.12410622
1510,1298349,2.560752,4.0625,1.3780037,0.13837555
1091,908483,3.421321,2.203125,0.88229066,0.08896131
1050,910937,0.393659,3.125,1.451997,0.14629696
1131,687995,4.867771,5.28125,2.2417638,0.22514182
1248,687983,-6.667556,-3.75,5.787499,0.6388349
1580,907295,5.295179,4.90625,0.382006,0.03839903
1046,907295,2.980631,1.7109375,1.1131455,0.11205693
1706,1240186,3.372547,2.015625,2.0917816,0.21019891
1621,1240182,5.710263,4.5625,0.7914915,0.07950082
1825,908483,-2.496561,-1.578125,0.4007216,0.04284827
1553,687980,2.450123,2.09375,1.5924166,0.16116422
2499,713899,10.061502,9.5625,0.61522967,0.06875567
1019,688006,3.71667,1.8828125,1.5874002,0.15940262
1786,1240182,6.251745,2.40625,2.0320134,0.2054352
1776,1240189,4.004452,3.5,0.2795222,0.028132908
2498,1299062,9.287065,7.28125,0.45830968,0.049106464
1008,908483,-2.578394,-1.1953125,5.58002,0.6502903
1007,688011,-3.334525,-2.984375,3.0209446,0.3243677
2048,713880,-5.354159,-3.296875,1.503157,0.1552437
1033,908480,4.120381,4.53125,0.32815766,0.033088118
1014,688027,3.507519,3.296875,0.553454,0.059555024
1030,688006,5.180562,5.15625,0.5946934,0.059788052
1401,687980,1.049643,1.6796875,0.5495131,0.055295594
1011,688018,1.090555,-0.2421875,7.4157405,0.7780408
1852,908483,4.462728,4.53125,0.36187875,0.03657347
2148,1299062,1.729648,1.7109375,0.926152,0.09538022
1620,688006,4.91885,5.375,0.3064432,0.030883249
1199,688025,3.836021,3.453125,0.96530485,0.09708118
2172,688010,1.166511,0.9375,2.639336,0.2674331
1191,1303901,-4.526989,-4.96875,0.47815248,0.061190557
2037,908483,4.879536,2.65625,1.0083941,0.10151193
1830,907295,1.484516,2.40625,0.51440316,0.05223762
1133,688025,3.669,3.59375,0.81997067,0.08227209
1997,724872,3.1807,3.515625,0.8696843,0.08812154
1133,753551,2.121832,3.53125,0.76471776,0.07676241
1778,688011,2.52263,2.40625,1.6443124,0.16668059
1911,1330972,-4.929956,-3.875,2.1335158,0.22417532
1029,688015,4.338355,4.71875,0.36978385,0.037516832
1010,906808,3.801551,2.96875,0.23416144,0.02370782
2106,910692,1.860457,3.625,1.4648778,0.14814925
1928,1299062,6.992893,4.21875,0.57907045,0.0581725
1013,753605,4.761673,3.03125,1.1479466,0.11528902
1088,910692,1.289986,3.796875,1.2887125,0.1292079
1190,908469,3.106999,2.0625,4.166304,0.50490236
1925,908469,5.232771,4.8125,0.3893005,0.039189685
1621,688018,3.730575,3.484375,0.8678504,0.08744087
1091,688031,3.293538,1.984375,0.8618371,0.08692167
1061,1240186,5.079976,5.15625,0.8875069,0.08898254
1463,1330972,1.202636,4.03125,1.2851992,0.12910908
1855,1240186,5.033931,5.25,1.0805529,0.10832047
1786,688013,1.181081,2.046875,1.2252743,0.12431159
1052,688025,3.46644,2.921875,1.0673354,0.10727091
2439,713880,8.330035,9.0625,0.5305763,0.06268755
2148,687983,0.571015,0.8515625,1.1282978,0.117153205
1036,908469,3.936389,4.53125,0.6863279,0.069024324
1069,908468,2.703762,3.71875,0.50818366,0.051044155
2039,906808,1.951099,2.765625,0.36518443,0.03676972
1799,908481,5.081492,4.53125,3.4236357,0.34444264
1598,1303901,4.405013,4.15625,0.76389754,0.07668008
1825,687983,-0.901752,-0.6796875,0.6889308,0.073106736
1016,910937,0.252741,1.3515625,1.7545898,0.17863804
1083,687995,2.364532,2.828125,1.0603122,0.10636531
2170,687983,3.727566,2.703125,2.1678739,0.21837524
2038,688006,2.780815,3.875,0.8667742,0.08703922
1058,910937,0.262137,1.796875,0.8082396,0.08382588
1811,688006,-1.855007,-4.34375,2.326233,0.24558139
1927,1240182,5.769782,5.03125,0.5522696,0.05560697
1020,1303901,5.126998,5.28125,0.4389789,0.04419995
1494,687980,-5.988672,-4.6875,1.1531526,0.12355674
1912,688010,3.533178,1.6015625,1.7835813,0.18014352
1624,1240182,6.413692,3.140625,1.5870458,0.15917435
1849,688015,-0.164207,-1.3828125,0.85975814,0.08879448
1083,687985,1.277564,1.453125,0.86920774,0.08729511
1059,1240189,-0.383307,0.071777344,0.8694889,0.09109335
1018,910692,5.625563,4.96875,0.24980146,0.025105914
1621,908480,5.139532,4.03125,0.78800017,0.07929373
1494,688006,-5.212955,-4.03125,1.2285411,0.1274171
1560,907295,4.917435,3.140625,1.3533715,0.13649599
1043,688031,2.427639,4.25,0.35884783,0.03625539
1131,908481,3.197434,4.4375,3.3381016,0.33554408
1026,910937,0.515913,0.90625,1.2546906,0.14021932
2172,688011,5.148743,2.21875,2.3206177,0.2365373
1925,687995,4.545317,5.25,0.44042277,0.044214975
1583,713899,2.774118,2.125,0.43553844,0.043844316
1268,1303901,4.033581,4.3125,0.71531594,0.07183017
2148,688013,-0.128212,1.0078125,0.6883906,0.07116742
1084,1299062,-1.569908,-3.1875,1.1086681,0.11723804
1243,1322212,2.192917,1.9140625,0.9882859,0.09941027
1018,1240186,4.571016,5.78125,0.25991055,0.0260868
1022,687995,1.026292,0.23632812,0.964587,0.09820639
1011,1298349,1.699675,1.25,5.4230804,0.554158
2048,1240186,1.067839,-2.84375,1.8124187,0.18632546
1802,753551,3.671881,3.484375,0.28692025,0.028845794
1808,688025,-1.881755,-0.071777344,1.4309304,0.14552872
1025,753551,5.287906,4.9375,0.4527429,0.0455957
1053,713880,3.207205,2.28125,1.9168992,0.19246544
1175,908468,4.263074,3.59375,0.6583125,0.06610604
1006,713899,2.452897,0.40625,3.5849605,0.3673713
1617,1303901,1.876387,1.2734375,3.7059038,0.37565994
1926,1240182,3.150806,0.93359375,1.0781804,0.11074927
1026,688023,2.009446,-0.16796875,1.5656971,0.1658521
1060,687997,3.789172,2.84375,0.645911,0.074947804
1598,908483,3.315933,3.625,0.44311363,0.044616267
1050,1330972,0.461124,2.78125,1.5446961,0.15532371
1814,713899,6.04402,5.28125,0.5306001,0.053643316
2107,713899,3.933969,4.65625,0.39571282,0.039835196
1928,687985,3.327279,3.28125,0.8684827,0.087392405
1928,908468,5.036546,3.546875,1.0453756,0.105016775
1625,1240189,4.459653,4.15625,0.4251404,0.04277221
1051,1240182,3.632737,1.75,3.1642559,0.32215875
1559,687997,-1.759522,-3.265625,0.68127066,0.0709936
1930,688006,-0.246627,0.14453125,0.6869616,0.070450775
1847,687980,0.459634,3.65625,2.3657808,0.24060504
1862,910692,-0.596954,-1.0078125,0.39281827,0.054225173
1529,1322212,-2.141127,1.609375,3.3336372,0.33778378
1941,908468,-4.308609,-4.84375,4.0419083,0.4563481
1838,688023,3.650132,3.828125,0.554729,0.055647686
2499,688025,9.55224,9.8125,0.73793966,0.08718751
1083,910937,1.472525,2.984375,1.1233048,0.11268442
2037,1240192,5.82286,3.9375,1.5593073,0.15645373
1843,713880,-1.219814,0.46679688,1.3081163,0.13496847
1168,713880,2.404297,2.359375,1.0979834,0.1109323
1613,688023,3.125544,3.421875,2.000918,0.20072226
1815,688031,4.723846,4.5625,0.56629014,0.05731271
1019,1240192,3.659107,3.265625,1.1477165,0.1150908
1168,688006,2.179439,2.90625,0.65408015,0.06600419
1594,687980,4.40484,1.9921875,1.403982,0.14189419
2037,1240189,3.771745,2.828125,0.97762835,0.09850162
1909,908468,-0.375549,0.171875,7.940972,0.82648396
1372,687997,3.061791,2.234375,0.70493996,0.097310886
1089,753551,1.892076,4.3125,1.3295257,0.13420282
1996,1298349,5.098463,3.921875,1.1248516,0.112797946
1068,1330964,-0.950784,0.13085938,0.71554303,0.0744726
2045,1299062,6.234168,4.6875,0.47917405,0.048158653
2048,908480,-3.47312,-4.9375,0.8891413,0.09507391
1441,908483,1.418623,2.125,0.9958889,0.10025307
1930,908468,1.697958,0.076171875,0.7913474,0.081286155
1168,688010,2.282697,2.640625,0.44307363,0.04482585
2157,688013,5.023402,4.46875,0.36610684,0.036806893
1510,688025,3.824965,4.125,0.84812,0.08522586
1037,688011,3.803431,3.21875,0.81106,0.081477806
1549,724872,4.233395,3.84375,0.46534657,0.04758373
1088,1240192,4.250448,4.34375,1.4619371,0.14641131
1926,688023,-0.155418,0.36132812,1.0276511,0.10564753
1011,713899,-2.219185,0.2421875,7.5709333,0.7843493
1557,688015,4.140786,4.46875,0.51639354,0.05209556
1578,907295,5.212385,4.9375,0.42109105,0.042308263
2038,687980,2.18539,3.4375,0.75971746,0.07634248
1529,910937,-2.024556,1.84375,3.0163767,0.30958626
1059,687985,-2.390393,-0.8359375,0.8991237,0.09381539
1918,688031,4.838483,2.65625,0.9969657,0.100694545
2148,1297439,1.412558,1.0703125,1.4761388,0.15487276
1091,687997,3.111868,2.0625,0.8970935,0.09066523
2170,688031,2.044353,2.34375,1.4327224,0.14449903
1997,1322212,0.140182,3.734375,1.7509384,0.17580222
1625,910899,5.685786,4.46875,0.59342015,0.05960568
1779,687980,0.123581,0.032958984,0.34117243,0.03714915
1054,910899,3.224108,3.125,1.0880952,0.10915237
2438,910937,10.165674,10.4375,0.8423284,0.10207935
1873,753605,1.024985,0.921875,0.51655585,0.05501806
1853,1330972,4.38397,4.125,1.3267281,0.13338384
1168,1240182,6.910979,3.078125,0.91566503,0.092483096
1085,688011,1.919609,2.3125,0.47140932,0.04794335
1635,1322212,5.394218,5.1875,0.3179175,0.03193749
1237,713899,5.580838,4.53125,0.3040658,0.030636359
1023,1322212,3.750506,3.28125,0.58343506,0.058579545
1061,687985,4.796877,3.625,1.0710064,0.10801772
1854,910692,4.477628,4.8125,0.5093282,0.051181357
1026,687985,-0.292533,-0.671875,1.5136586,0.1703011
1549,1322212,3.813625,4.53125,0.80742526,0.08245261
1025,688031,4.919719,4.40625,0.52847326,0.05337633
2172,908468,3.063235,0.16210938,4.935977,0.50507814
2171,724872,5.137443,1.8203125,2.1995585,0.22142279
1049,724872,3.977848,3.046875,0.88508904,0.08906344
1810,1240192,2.09901,2.078125,1.5028878,0.15165862
1594,753605,3.821385,2.21875,2.0906851,0.2112277
1559,687980,-1.083609,-3.0625,0.75465685,0.07874158
1629,908480,3.947626,4.09375,0.4638807,0.046727844
1177,688025,1.253209,3.859375,0.93602747,0.09392666
1855,1299062,6.204002,4.0625,0.9305561,0.09357014
1051,687985,-0.513126,-1.0859375,4.5145173,0.484737
1030,753605,5.237368,5.1875,0.45700416,0.045961127
1622,908483,3.512821,3.71875,0.53419787,0.053811062
1014,688011,4.265889,3.765625,0.68398917,0.072092116
1043,688006,4.312491,5.1875,0.38427493,0.038603656
1835,687997,3.144636,2.78125,0.8486086,0.08522632
1073,1298349,6.242547,5.1875,1.4136864,0.1419059
1635,688023,4.978046,5.34375,0.2669559,0.02681797
2107,688011,3.979993,5.03125,0.30096686,0.03031035
1941,753551,-4.212733,-4.875,1.7016567,0.21096218
1630,1240186,4.752212,4.40625,0.9871776,0.0989186
1593,688006,0.933693,1.578125,1.4128864,0.14226083
1919,687983,1.807672,1.3359375,0.85545045,0.08962258
1091,713880,2.437614,1.4765625,1.5709424,0.15810971
2177,687995,1.77061,2.390625,0.33597058,0.034482386
1910,713880,2.65533,2.375,1.61106,0.16214742
1908,687997,3.655796,2.953125,0.616515,0.06252162
1200,908469,3.100503,3.078125,1.2355616,0.12421833
1249,713899,3.200136,2.421875,0.67802835,0.0680687
1634,687997,4.247903,3.6875,0.49888656,0.050231937
1583,688010,2.666248,2.25,0.40921348,0.041194264
1017,713880,3.674754,4.6875,0.4781995,0.047952928
1023,1330964,2.829118,3.28125,0.44455522,0.04474289
2038,906808,2.890727,3.046875,0.82909405,0.08336783
1191,688010,-5.100958,-5.46875,0.36907262,0.047391582
1025,908468,5.965602,4.84375,0.72251767,0.07267702
1175,1240189,1.528064,3.34375,0.48861778,0.049177624
1086,688011,-0.229422,0.38476562,2.8264687,0.2894293
1778,713880,3.681224,1.4765625,2.462558,0.24872085
2111,910937,3.072605,4.8125,0.79315704,0.07959889
1939,687980,2.817243,2.265625,0.987742,0.09959397
2109,688025,1.816597,2.265625,0.74674714,0.07510072
1191,688006,-4.324958,-5.125,0.45817557,0.057322722
1008,1240182,3.267601,0.32617188,8.874973,0.95500135
1940,1298349,3.325518,3.5625,1.0287497,0.10329117
1941,688006,-4.807364,-4.75,1.9755961,0.22227345
1560,688023,3.821475,3.375,1.3791008,0.1385423
1030,908481,6.334678,5.25,0.9672497,0.097081274
2045,688018,3.009731,4.15625,0.53712404,0.054144476
1016,1322212,0.124042,0.53515625,2.171706,0.21979256
1058,1330972,0.808296,0.98046875,0.8540826,0.08803892
2177,910692,2.527257,2.484375,0.28675264,0.029586483
1062,713880,3.940567,3.53125,1.8523092,0.18838386
1237,688031,5.162386,4.25,0.352985,0.03569886
1020,906808,5.643245,4.53125,0.39605758,0.040014792
2047,908483,2.443372,2.859375,0.7910497,0.079803824
1089,1240192,4.918758,5.53125,1.1696298,0.11725001
1630,753605,4.953126,4.09375,0.8038166,0.08072782
1378,688006,3.458495,3.0625,2.1897707,0.2206844
1814,688006,6.031571,5.96875,0.5074461,0.051483516
1494,688027,-2.935089,-5.34375,0.69683945,0.07691843
1849,688010,-1.790103,-1.0390625,0.8153363,0.08485893
1031,688011,-0.027902,-1.5078125,1.8606008,0.1927584
1180,1322212,-0.336821,-3.0625,0.82401097,0.085276484
1932,1303901,1.907636,2.9375,1.2361423,0.12402885
1012,1298349,1.252823,1.4765625,0.61795473,0.06314577
1558,1299062,4.808961,3.046875,0.9617931,0.09753675
1617,908469,2.073011,0.53515625,4.029562,0.4146168
1004,906808,0.386716,-5.28125,0.69365704,0.07831674
1635,724872,3.825882,4.28125,0.23935059,0.024215145
2170,688015,1.23435,2.53125,1.5263323,0.15382326
1578,688018,4.324796,4.25,0.3917932,0.039466288
1239,1322212,2.247655,2.453125,1.4489363,0.14535017
1131,910692,6.396842,4.65625,2.042366,0.20547685
1786,688006,0.914772,2.15625,1.6389209,0.1656384
1249,910692,3.91883,3.578125,0.854278,0.08571433
1494,753605,-3.388383,-2.90625,2.0789526,0.21354726
1494,687995,-6.211187,-3.84375,1.0842309,0.11245008
1026,1240192,-0.025724,0.4921875,2.03876,0.21144824
1855,753605,5.013319,4.6875,1.0321634,0.10367494
1177,908483,2.716709,2.953125,1.1772186,0.11845941
1910,687985,3.098482,0.57421875,3.6541543,0.37816662
1553,1303901,2.92737,2.40625,1.903547,0.1917932
2170,1298349,4.755488,2.875,2.3756495,0.2388381
1629,688031,3.891971,3.671875,0.5300121,0.053389415
1559,687995,-1.845995,-2.65625,0.69990546,0.07302877
1803,688031,4.959459,4.0,5.544589,0.63298947
1930,1330972,-1.009375,0.42578125,0.73548305,0.07525894
1060,1240182,5.985371,2.734375,1.5589472,0.17366117
2040,1330964,0.109938,0.27929688,0.90826917,0.09362449
1091,687995,2.911451,2.078125,1.113303,0.1119654
2111,1299062,4.94101,3.875,0.7705286,0.077364594
1005,910692,2.120074,3.875,1.1705407,0.11737957
2111,688015,2.176428,2.90625,1.1386685,0.1144771
1062,1240186,5.124114,3.390625,2.5023367,0.2598222
1621,910692,4.076404,4.4375,0.77708304,0.07806454
1072,1240192,4.651544,5.09375,0.6769644,0.06787328
1819,910692,1.19988,-2.9375,3.9611387,0.41330883
1003,910937,-4.877869,-1.96875,1.0688103,0.11038506
1017,1240192,4.456333,4.96875,0.41544056,0.041628577
1803,687983,5.857195,3.8125,10.523672,1.1375529
1908,687995,2.913669,2.953125,1.0870186,0.10910227
1926,688025,2.619431,0.6640625,0.85927224,0.08883356
1175,1297439,2.890878,4.09375,0.45519996,0.045709997
1449,724872,4.636189,4.25,0.39417756,0.039924327
1017,687980,3.282913,3.71875,0.6604878,0.06639186
1017,713899,3.560316,3.234375,0.7822099,0.07868138
1079,688031,3.396452,1.9921875,2.4754653,0.30689478
1936,687983,3.184168,2.46875,0.93898183,0.09483811
2173,688031,3.760951,2.953125,0.81750864,0.08227932
1006,1298349,3.483204,2.0,1.6641845,0.16836587
1003,1297439,-2.906732,-1.1328125,1.379937,0.14065504
1624,1322212,4.835787,2.65625,1.7780607,0.1783663
2158,1297439,5.169768,4.59375,0.82355756,0.08268894
1180,687997,-1.043952,-3.65625,0.421675,0.044516403
1629,688018,7.017476,3.75,0.5265595,0.05307952
2045,687997,4.613588,4.34375,0.46821252,0.047164194
1441,688010,5.242612,2.125,1.026965,0.1034972
1939,688013,1.161842,2.578125,0.93635386,0.09454386
1549,688025,4.363881,4.5,0.77368814,0.08129388
1625,1240192,5.973159,5.15625,0.4505668,0.04515426
1083,907295,4.09947,2.546875,1.2800546,0.12852333
1062,688011,4.366411,4.75,0.6698322,0.06880428
1023,688025,3.296862,3.15625,0.5089051,0.05115486
1915,688015,1.740421,2.53125,0.23992725,0.024401119
2011,724872,3.414293,3.40625,0.73816514,0.07435719
1939,1299062,2.833394,2.6875,1.1366117,0.1144192
1003,1240186,0.492616,-1.7734375,1.0185574,0.10401299
1854,687980,2.144964,4.53125,0.5213749,0.052496243
2171,1240182,2.722855,2.3125,2.5459208,0.25618717
1006,910692,-2.545101,3.015625,2.5178964,0.26174343
1631,1240189,1.736405,2.53125,0.84829915,0.085218795
1810,687995,-1.721059,1.171875,1.7468836,0.17715384
1853,687995,2.731042,4.5625,0.8696988,0.08729025
1549,688023,5.286077,4.75,1.3209747,0.13592005
1940,907295,3.311417,3.59375,0.718691,0.07230553
1375,688025,6.081153,6.03125,0.81607294,0.083896264
1594,1240186,2.502723,2.75,2.0203443,0.20290448
1635,687985,5.224916,4.5625,0.3085878,0.031123012
1622,910692,4.543757,4.28125,0.58072054,0.05834671
2044,687997,3.058794,2.75,0.73959583,0.0742882
1786,688010,1.823302,1.890625,1.1390994,0.11505018
1239,908480,1.661585,1.7890625,0.82421833,0.082776785
1812,688011,3.83055,3.8125,1.478515,0.1506153
1067,908480,5.122323,4.59375,0.2549299,0.025756273
1093,1240182,5.027026,4.53125,0.66867375,0.06720403
1594,906808,2.404976,2.03125,1.3886817,0.14039478
1560,908483,3.158337,2.953125,0.91780555,0.09243213
1799,688023,4.348187,5.15625,2.0226333,0.20389035
1373,1240189,4.636547,4.5,1.0709237,0.10819838
1624,907295,4.592548,2.8125,1.6862314,0.169264
1053,688013,3.285655,2.859375,0.97704184,0.098166294
1080,688025,-4.348477,-4.03125,0.7015924,0.075495616
2154,687983,2.444878,2.609375,0.43502963,0.043852903
1079,1240186,4.287397,2.0,4.893742,0.5315313
1021,713880,2.043699,2.859375,1.5596799,0.15654252
1621,688010,3.870598,4.0,0.75009316,0.075398944
1401,688023,2.277713,2.125,1.0091488,0.10150884
1941,1240186,-1.46441,-3.71875,2.4347403,0.2748922
1025,687995,4.5896,5.40625,0.5570843,0.055933814
1061,753605,4.592492,4.3125,0.7929796,0.0796972
1563,687995,4.95131,5.8125,0.30951378,0.031178083
1927,1330972,5.301825,5.0,0.59361196,0.05968942
2057,687997,4.068864,4.28125,0.520741,0.052519992
1259,687995,0.081678,4.09375,1.6142513,0.16182128
1033,688015,3.957578,4.375,0.39599153,0.039880276
1008,688013,-3.748146,-0.083984375,6.636603,0.7606196
1034,910937,-3.594987,-2.265625,1.099766,0.114901796
1618,688006,3.045559,3.828125,0.8719751,0.08752891
1776,713899,3.84993,3.546875,0.29254085,0.029420974
2038,1299062,6.648624,4.21875,0.41798386,0.041952357
1854,908480,4.537146,4.53125,0.46001536,0.046383318
1808,1240192,1.522631,1.421875,1.9037285,0.1926006
1463,908483,1.282223,3.4375,1.0970479,0.110533826
1927,908483,4.877989,4.40625,0.37852952,0.038243882
1997,910899,-1.077878,3.421875,1.5776626,0.15878609
2158,713880,3.758893,4.46875,1.0939442,0.109761335
1067,1303901,4.374689,5.125,0.36394626,0.036589675
1068,1330972,-0.214386,0.25,0.7831562,0.08072782
1817,687980,-5.418283,-5.96875,0.38928902,0.06129036
2158,910937,2.583067,4.65625,0.7173304,0.07200567
2044,713899,1.720937,2.734375,0.8536492,0.08573254
1779,688018,1.659437,-0.171875,0.28015846,0.029956723
2096,688031,2.500613,2.875,0.52223665,0.052763015
1912,910899,3.44325,1.34375,2.392073,0.24209529
1042,1303901,3.575608,5.125,0.6403309,0.064376265
1825,688006,-0.381958,-1.015625,0.5407633,0.05845363
1621,687980,3.893297,3.921875,0.80838996,0.08128598
1911,688010,-5.487275,-4.71875,2.1948802,0.2337754
1170,1322212,2.871112,3.546875,1.3260167,0.13301946
1817,687983,-5.582753,-5.40625,0.5828041,0.082216114
1168,753605,4.779964,3.015625,0.87176573,0.08813493
2169,688011,4.565357,3.6875,0.7128537,0.07182407
2111,688027,4.802361,2.78125,0.92935705,0.093575194
1912,1298349,3.033401,1.7734375,2.454431,0.24702968
1372,688010,1.759634,2.40625,0.73729765,0.091681175
1025,688018,6.291739,4.46875,0.44965255,0.045401517
1939,713880,2.948385,2.375,1.9185835,0.1931379
2438,1240186,11.000813,10.5,0.663253,0.0725978
1563,688018,5.829055,4.59375,0.33529544,0.03401777
1925,688013,3.960524,4.65625,0.31853807,0.03206625
1563,688013,5.172365,4.96875,0.35004506,0.035440527
1372,688025,2.846155,2.328125,0.7769485,0.099096015
1835,1240192,4.080425,4.40625,1.3071103,0.13094571
1046,687985,2.051129,0.84765625,0.581322,0.05845363
1928,688010,3.047363,3.828125,0.67186373,0.067514226
1060,908480,4.706207,3.0625,1.1823888,0.13257772
2043,908469,4.788107,4.75,0.41637704,0.041898575
1149,906808,0.535225,0.44921875,0.82353985,0.0841535
1736,688013,5.282216,4.625,0.5050281,0.05157244
1175,910692,3.460665,3.859375,0.4908096,0.049285825
1802,687983,4.019365,3.828125,0.23894818,0.02402694
1006,1240186,4.177647,2.578125,1.3875638,0.14059617
1830,910692,2.262847,2.546875,0.37409276,0.03797128
1930,713880,1.076646,0.06640625,0.7726376,0.079060815
1011,910937,-1.20705,0.875,6.1095133,0.62976927
1827,908483,0.428999,0.6640625,1.9120203,0.20667921
1032,687983,2.180343,1.640625,0.72677076,0.075550154
2498,1330964,7.099413,7.125,0.512429,0.05608903
2156,1240192,2.735503,3.546875,0.92375857,0.09261717
1932,687983,2.074292,2.53125,1.6645898,0.16735108
2044,1330964,3.225396,3.390625,1.0965885,0.110038325
1553,687997,4.917789,1.90625,1.7580636,0.1783663
2148,687985,0.481165,0.33398438,0.5544284,0.05681543
1932,908481,3.335785,2.9375,1.5434942,0.15477863
1631,688010,4.445373,2.6875,0.7941306,0.079705596
1549,687997,4.446259,3.796875,0.33642292,0.034615822
1502,1240182,4.852821,4.9375,0.40296987,0.040487576
1931,910937,4.494957,5.5,0.49510935,0.049909204
1918,688013,4.925421,3.03125,0.79664814,0.0803686
1511,906808,2.219804,-1.8828125,0.85426396,0.087235674
1847,1240189,3.512443,3.4375,2.6339896,0.26863995
1776,687985,3.863124,3.390625,0.35783327,0.036014635
1502,910899,3.716389,4.59375,0.44193378,0.044389736
1854,1240189,3.615186,4.4375,0.422535,0.0425353
1023,906808,4.183852,2.828125,0.34805626,0.035023693
1016,753551,1.431975,1.2890625,1.9764401,0.20521736
1062,713899,4.574844,4.4375,0.7443143,0.075698376
2039,688027,3.573705,2.703125,0.42488843,0.04277221
1047,1330964,5.548047,4.6875,1.4389322,0.1452893
1034,713880,-1.628902,-3.0625,1.0089983,0.105561644
1862,1240182,0.473075,-1.4296875,0.30953905,0.053947434
1131,908483,2.570004,3.21875,1.8076952,0.18263644
1012,688018,0.523694,0.5546875,0.44430664,0.045401517
1067,1299062,7.105165,4.875,0.30364534,0.030567044
1852,713899,5.105748,4.65625,0.41575027,0.041870173
2040,1299062,1.691705,0.4921875,0.45996752,0.047413502
1812,713880,2.651273,2.46875,2.4227297,0.24399294
1013,688011,1.926727,3.046875,0.8779901,0.088269554
1827,1240192,-0.62721,0.80859375,5.961683,0.6755244
1022,908483,-0.280306,-0.78515625,0.81914186,0.0831448
1786,1330972,2.090034,2.46875,1.9307553,0.19472876
2172,688006,2.309878,0.45898438,3.1711748,0.3201942
1239,1330964,3.008454,2.46875,1.1835024,0.11885993
1072,1299062,5.43988,4.5625,0.49690452,0.049940627
2107,687980,4.824792,4.75,0.3810434,0.038410857
1843,1330972,-3.839564,0.4921875,1.5636605,0.16011822
1940,753605,3.374642,3.734375,0.61250335,0.061599758
1618,1303901,4.85739,3.6875,0.87418056,0.08771126
1014,1330964,3.280505,2.921875,0.7803133,0.080024384
1933,1240192,5.826644,5.15625,1.4746605,0.1478761
1029,688006,4.109551,5.5625,0.40445608,0.041053228
1042,688023,4.850512,5.375,0.545663,0.05482438
1049,713899,3.38476,2.953125,0.9485826,0.09532114
2111,910692,5.273113,4.375,1.047468,0.105197884
1449,688011,3.824727,4.9375,0.34452477,0.034756843
1048,1240192,4.438164,5.21875,0.65529233,0.0657232
1813,687995,3.007413,5.8125,1.4087611,0.14181566
1190,1240189,-3.559689,-3.0,2.0601504,0.45257315
1494,908480,-4.769457,-4.8125,0.9901256,0.1056616
1925,687985,4.376908,4.46875,0.40530938,0.040856972
1931,687995,5.668533,5.78125,0.38627842,0.038834862
1372,688023,0.645934,-0.42773438,2.294602,0.35161972
1048,908483,4.088441,4.125,0.34866396,0.035091776
1916,688006,2.453521,2.265625,1.5518816,0.15601985
1808,1299062,1.167522,-0.5234375,0.9144215,0.09417214
1086,1330964,-2.597733,-1.359375,1.892941,0.19150922
2109,688031,2.339203,1.8359375,0.48685184,0.04897174
1629,687983,4.595563,4.53125,0.5836588,0.058669057
1625,1299062,6.146683,4.46875,0.41800517,0.04199214
1038,908468,3.673245,2.71875,1.1617085,0.11667114
1847,910692,1.782388,4.78125,2.720883,0.27489832
1237,688006,5.033186,5.25,0.3645091,0.036665455
1026,753605,-0.892092,1.0703125,1.5894753,0.17307277
1024,687995,-1.17128,0.17773438,0.96784526,0.099106975
1720,1330972,0.428377,3.890625,4.8656583,0.5046376
1061,688011,4.785775,4.25,0.6569576,0.06609471
1372,688011,1.919943,2.703125,0.9307626,0.12391487
1922,688025,2.870344,2.203125,0.6468709,0.06533462
1175,688010,3.577163,3.5,0.4898291,0.049207456
1084,687997,-0.911391,-3.046875,1.7984117,0.1852103
1922,1240182,5.318083,2.4375,0.9295885,0.093780085
1941,688023,-4.326498,-4.03125,2.1275215,0.2377635
1910,908480,2.412052,-0.12060547,6.259503,0.6654463
1038,1240182,5.620904,3.171875,1.2286872,0.12335051
1049,908481,4.439842,3.703125,1.4462825,0.14505635
1804,713880,4.057944,3.0,8.16853,0.9953548
1802,688011,3.390592,3.46875,0.24491088,0.024664955
1259,713899,2.698241,1.9296875,3.7057173,0.37355265
1007,1322212,-2.546203,-3.734375,2.8384316,0.30120364
1940,910899,3.252607,3.515625,0.63921916,0.06424374
1133,908468,3.613253,3.015625,1.2417535,0.124618694
2172,687983,2.249205,1.484375,3.3557804,0.3398907
1007,908468,-3.743549,-5.03125,1.6837702,0.19149631
1925,910899,5.510116,4.84375,0.4243456,0.042654987
1924,687985,0.617149,2.90625,1.6083101,0.16220815
1917,688010,1.953186,1.703125,0.91750354,0.09214548
1862,908481,-0.634356,-1.390625,0.25924715,0.042992346
1049,688006,5.543662,3.390625,1.1925353,0.11967931
1179,688018,1.373353,-0.45703125,0.8476509,0.08673661
1168,687985,2.316929,2.5625,0.5659335,0.057177827
1259,1299062,5.39252,2.40625,1.8013054,0.18100953
2037,910692,5.3038,3.734375,1.1569277,0.116332464
2498,688027,7.618336,6.625,0.44533798,0.046864606
2096,1240182,3.523863,3.53125,0.9042272,0.09117317
2046,1240182,3.462103,3.03125,1.527764,0.15320124
1910,688018,2.160211,-0.22851562,7.67065,0.80478525
1627,687997,3.38865,2.59375,0.91537166,0.09211067
1020,908469,4.101594,5.0,0.37133968,0.03747243
1930,907295,0.95136,0.25195312,0.75653464,0.07777543
1625,908483,4.471176,3.953125,0.50758326,0.051118672
1808,688013,-3.761615,0.65234375,1.4619973,0.14893267
1873,687985,0.254694,0.4296875,0.31208,0.032695543
1033,713880,4.841653,5.3125,0.3691244,0.03707645
2171,910899,3.874679,1.7421875,2.4915407,0.25109664
1919,688006,3.043494,1.875,0.51717484,0.053761985
1072,910899,3.573596,4.53125,0.59616256,0.05992593
1720,724872,1.47404,2.34375,10.887914,1.1917602
1782,687995,3.908391,5.6875,0.34885475,0.035090804
1005,687980,0.921527,2.71875,0.9181145,0.09221938
1053,908480,2.352395,2.625,1.3274938,0.1335067
1003,906808,-1.104621,-3.171875,0.766393,0.07836705
1008,688006,2.345938,-0.53515625,7.988022,0.89271015
1618,1330972,3.323679,3.765625,0.9885906,0.09919064
1594,910937,0.56178,2.578125,1.9908322,0.20058767
1852,688031,4.68453,4.34375,0.47194955,0.04774723
1259,724872,3.49307,1.953125,2.8152258,0.2833424
1449,1240192,5.72236,5.71875,0.29425475,0.02952417
2046,1330964,1.671651,3.03125,1.6646483,0.16698934
1553,688013,4.218008,2.59375,1.25498,0.12711081
1046,910937,2.080707,2.171875,1.1834449,0.11894031
2044,688015,2.831211,2.6875,0.8308466,0.08343146
1072,688013,4.824819,4.5,0.39277163,0.039531056
1831,908483,3.523546,3.15625,0.30168897,0.030363914
2048,1303901,-4.613057,-3.578125,1.3775145,0.14271061
1873,688018,2.242826,0.578125,0.3748717,0.039114453
1259,908483,4.551894,2.046875,3.8484333,0.38846233
1917,908469,1.315358,2.171875,1.6097525,0.1617132
1873,688010,1.077103,0.51171875,0.34068236,0.03569211
1200,1303901,3.222339,3.359375,1.2877216,0.12930965
2438,687995,10.374549,10.5,0.8690725,0.09592984
2156,910692,3.192556,3.234375,0.930009,0.093389094
1067,906808,5.516129,4.53125,0.24459805,0.024689822
2359,724872,5.006916,4.21875,0.39475593,0.03995219
1827,687983,-1.228716,0.41992188,3.636557,0.39597282
1023,1240182,5.379972,3.421875,0.53557503,0.05380302
1578,910899,5.266094,4.75,0.45075923,0.045276206
1085,688015,1.566047,2.0,0.29562232,0.029849052
1190,753605,1.244719,2.046875,5.523084,0.628144
1080,688006,-1.531706,-3.5625,1.1220951,0.11826825
1561,1240192,2.716776,2.21875,1.8675259,0.1887425
1845,1299062,4.453197,1.2578125,1.6052709,0.1616667
1816,688013,3.644705,3.203125,0.8730975,0.087807834
1058,908481,0.645512,1.1171875,0.87307596,0.08879372
1032,910937,0.999564,2.515625,0.61309564,0.06405526
1054,1299062,4.893535,3.265625,0.75356555,0.07554148
1582,687980,3.593667,3.8125,0.40385962,0.040623665
1835,910692,4.113064,3.984375,1.0785966,0.10819951
1237,1330964,5.317466,5.125,0.3237352,0.032618165
1557,688031,4.750858,4.1875,0.52045983,0.052655026
2173,908481,5.884452,3.96875,1.2986195,0.13027114
1051,910937,-2.615778,2.09375,2.716699,0.27905574
1191,1240189,-2.990678,-5.59375,0.26501483,0.037896875
2177,1297439,1.715793,2.109375,0.45900044,0.047604837
1909,1303901,1.97639,1.40625,3.34796,0.34125283
1073,724872,4.018432,3.46875,1.1544188,0.11618812
2498,910692,7.274435,6.90625,0.59997123,0.061903667
2111,688025,4.931554,4.0,1.0071381,0.1011342
1594,1298349,2.880236,2.125,2.300033,0.23144434
1909,908481,-0.394062,2.078125,2.5793653,0.26043907
1932,1330972,1.661859,2.953125,1.4658889,0.147146
1191,688011,-4.078351,-4.8125,0.6795558,0.080481924
1175,906808,3.277734,3.28125,0.4575034,0.04600331
1940,1330964,3.883185,3.53125,0.56516093,0.05681898
2438,687997,7.619354,9.75,0.8344568,0.10984715
1847,713899,2.47088,3.015625,2.835338,0.2866508
2043,688011,5.20774,4.71875,0.33151984,0.0333801
1091,1330964,1.95699,1.9453125,1.2410686,0.12504473
1827,687985,-0.4731,0.7890625,1.986622,0.21474324
1847,688006,1.622091,3.984375,2.9276588,0.29641265
2439,687980,9.066377,8.9375,0.52336264,0.061545562
1817,687997,-5.029386,-5.9375,0.3810839,0.059023112
1563,906808,5.829841,4.6875,0.34794748,0.035285827
1809,753551,-2.101904,0.21484375,1.3832016,0.1413426
1913,687985,4.477487,4.0,0.37998295,0.038259756
2047,688027,4.085362,2.890625,0.6091051,0.06174375
1192,753551,3.108447,2.625,0.830204,0.08382588
2038,688025,3.308369,4.125,0.6390202,0.06414489
1814,687995,4.867379,6.15625,0.34876132,0.035194017
1093,688013,5.37248,4.03125,0.40402785,0.040612653
2039,908480,3.576804,2.984375,0.38334462,0.03861524
1007,906808,-2.723178,-5.15625,1.0346365,0.119546816
1067,688015,4.009727,4.59375,0.27320623,0.027540393
1006,687980,-0.627305,1.1875,2.949465,0.30590123
2046,687983,4.285813,3.015625,1.6401011,0.1645602
1843,1299062,-0.592498,-1.4375,0.77759695,0.08266615
2499,687995,9.170717,10.0625,0.6673793,0.07197458
1058,906808,3.765469,1.28125,0.83123887,0.08568419
1919,1240186,1.769005,1.8125,0.98071516,0.10109223
1083,753551,3.747997,2.25,1.0630454,0.1067346
1819,713880,-5.79751,-4.28125,1.8329258,0.20694487
2177,687983,2.55741,1.984375,0.40372276,0.041919272
1170,910899,3.333483,3.34375,1.0397108,0.10437877
1096,1240182,2.379968,2.15625,2.090336,0.21093889
1053,688031,1.753995,1.9765625,1.27366,0.12809259
1853,687997,4.70663,3.71875,0.5694503,0.057448104
1449,753551,4.816115,4.9375,0.48762217,0.049265813
2171,910692,3.835131,2.890625,2.342622,0.23646517
2055,687983,1.749086,1.828125,1.7301306,0.17440479
1067,1240186,6.15142,5.625,0.38443825,0.038589932
1093,1330964,3.263598,4.375,0.5461384,0.0548642
1046,687983,2.994126,1.921875,1.2032735,0.12097222
1168,687997,2.574041,2.4375,0.47328103,0.047881935
1072,687980,4.615811,4.375,0.46212405,0.04653039
1564,910937,4.288816,4.15625,0.5577479,0.056919765
1058,688006,3.789462,1.28125,0.8616089,0.08873322
1033,688018,6.29035,4.28125,0.34832123,0.035112318
1559,688025,-1.00538,-2.8125,0.7504315,0.07922336
1018,1330972,3.913856,5.21875,0.27893436,0.028042926
1032,908483,0.602449,1.6015625,0.29447055,0.029964192
1873,908481,1.633102,0.95703125,0.4247128,0.043820903
1916,908468,4.119806,2.484375,2.0364091,0.2047669
1048,1303901,4.623265,4.84375,0.52607465,0.05283402
1006,713880,0.156692,2.0,1.2645499,0.12818484
1093,908483,4.705924,3.71875,0.43053523,0.04336887
1084,908483,-1.054666,-3.171875,1.5257778,0.15742628
1043,688010,5.174171,4.71875,0.31080538,0.03127527
1812,687997,4.465537,2.703125,1.817966,0.1843624
1615,688018,5.498477,4.375,0.36712894,0.037027255
1799,687980,2.111421,4.5,0.96145207,0.098181516
1013,688010,2.890314,2.5,0.91473347,0.09186728
2047,687983,-0.275199,2.609375,1.2909905,0.12981288
1003,753551,-3.955395,-2.71875,0.7689973,0.079939745
1511,1240186,1.892048,-0.5390625,0.9206307,0.094645314
1052,687995,3.059709,4.0,0.9659279,0.09689714
1940,910692,3.957039,3.78125,0.5453699,0.05490071
2111,1303901,1.881736,4.09375,1.0408491,0.10443401
1268,1240189,3.744207,3.890625,0.45007396,0.045326915
1034,687995,-2.870212,-2.859375,0.80673736,0.08367008
2043,688023,3.348134,5.1875,0.39526063,0.039676283
1089,687983,4.962209,4.75,1.1918443,0.11973081
1073,1330964,5.174987,5.28125,0.9087829,0.091413185
1021,1303901,1.76572,2.53125,1.5188758,0.15242988
1084,688023,-3.177032,-2.59375,1.4981637,0.15352535
1083,1240189,0.816692,1.78125,0.8226192,0.08259473
1023,1298349,3.441992,3.546875,0.57702655,0.057959035
1997,688015,-2.398194,3.546875,1.2245052,0.12349902
1614,688015,3.863975,3.25,1.0001028,0.10063687
1941,713899,-4.830228,-4.8125,2.3269894,0.24832548
1502,753551,5.345591,4.65625,0.32598874,0.03277912
1810,688023,-0.792201,1.5859375,2.3928,0.24404107
1062,908481,3.360955,4.46875,1.3925745,0.14018619
1510,687980,1.49827,3.640625,0.8088783,0.081349276
1613,688015,1.595319,1.7578125,1.9499412,0.19607231
2111,688018,3.941837,3.046875,1.0357922,0.104270026
1617,687995,2.078788,1.6484375,4.2088275,0.4268229
1061,687980,4.408353,3.796875,0.8203944,0.082569756
2174,908481,2.796186,2.515625,0.45895666,0.046676885
1011,1322212,-2.310557,0.625,5.3415794,0.54582983
1079,1240189,1.635235,2.53125,2.012126,0.26015958
1168,907295,2.22405,2.671875,0.8564455,0.0868533
1017,753605,3.232531,4.5,0.47575206,0.04777379
2043,1303901,5.199496,4.96875,0.50103337,0.0503191
1372,687980,3.006348,2.265625,0.82125205,0.10306817
1915,1298349,2.647792,2.109375,0.79446906,0.08079923
1924,688018,2.9773,3.0625,1.1912647,0.12047762
1613,753551,3.963123,2.59375,1.7890033,0.1800212
1924,908481,2.333237,3.171875,2.0305526,0.20373634
1854,713880,4.913203,5.0,0.7720203,0.07755594
1131,907295,6.349172,4.46875,2.5825036,0.26039368
1036,1240182,6.490503,4.46875,1.1141728,0.112033345
1928,688027,2.756215,3.1875,0.6942425,0.06988725
1910,1322212,-2.1465,0.71484375,5.174906,0.5262992
1808,688031,-2.084653,-2.234375,0.6416039,0.06731547
1816,908483,3.207335,2.890625,0.8906444,0.08969673
1630,687995,5.342464,4.03125,0.9668818,0.096940756
1915,713880,2.73798,2.328125,0.7546593,0.07706426
1073,908468,4.689059,3.390625,1.577747,0.15873279
1630,687997,5.08823,3.28125,0.5839468,0.05878413
1037,753605,1.501874,3.234375,1.0675561,0.10713677
1080,1240192,-4.111508,-2.03125,1.9760159,0.20314406
2154,688025,2.567757,2.40625,0.50601983,0.050984375
1025,910899,5.874144,4.9375,0.5595047,0.056259837
1068,688023,-0.381172,0.18554688,0.81485236,0.08424133
1250,753551,3.553908,1.625,1.4921055,0.1503739
1079,688023,3.725964,2.34375,3.4717002,0.37198195
1911,910899,-4.17436,-4.09375,2.1647959,0.22558826
1557,910692,4.985979,4.90625,0.5429476,0.054645732
1250,687985,0.585243,0.609375,1.0546787,0.10617126
2175,753605,4.74935,5.15625,0.6640884,0.06681212
2096,1298349,3.397895,2.5,1.1014283,0.11061716
1043,1240189,4.107569,4.53125,0.2745335,0.027642258
1581,688025,-1.071418,1.7265625,1.4905155,0.15017793
1052,688015,1.146539,2.140625,0.6605139,0.06631861
1918,687997,5.47601,2.4375,1.0118682,0.10237091
1057,1303901,-0.055645,-1.65625,1.1108408,0.11547547
1927,713899,5.109232,4.53125,0.42154604,0.042483274
1854,724872,4.958634,4.15625,0.4716277,0.047592644
1560,688011,3.43917,3.5625,0.91855067,0.09280371
2047,688025,3.452008,3.265625,0.7231224,0.07289393
1014,688018,1.835509,3.40625,0.6777515,0.07218691
2096,1299062,3.340186,2.53125,0.6974138,0.07017833
1620,687997,4.569334,4.6875,0.25074956,0.025397204
1032,724872,1.196447,1.75,0.32704648,0.033376027
1634,687995,3.30245,4.75,0.62493426,0.06267841
1131,1240192,6.739442,5.46875,2.5361748,0.2544166
2048,687983,-3.39586,-3.015625,1.45548,0.14926553
2158,1298349,4.478733,4.3125,1.3894258,0.13940859
1046,1240189,1.058723,0.8828125,0.58057964,0.05844517
1924,1240189,3.099982,3.546875,0.927843,0.09380431
2038,688010,2.960959,3.625,0.65640765,0.06591475
1025,688006,5.330997,5.21875,0.6320541,0.06355489
1268,687985,4.072421,3.765625,0.5871312,0.05912994
1009,753605,4.735947,5.0625,0.35146046,0.035328608
1191,688013,-5.724795,-5.28125,0.3521616,0.046188157
2106,1240186,4.841695,2.859375,1.9544587,0.19631428
1085,713899,2.20223,1.9453125,0.28901052,0.029172834
1194,908469,1.926542,3.390625,1.2602475,0.12681432
1022,687997,2.434393,-0.31445312,1.0315357,0.105338305
1059,910692,1.743256,1.296875,1.3364422,0.13962933
1862,724872,-1.053489,-1.53125,0.285278,0.040244132
1030,1240182,6.963945,5.1875,0.5518281,0.0555076
1809,688023,1.149734,1.3828125,1.5671465,0.15930021
1033,910937,4.626544,5.28125,0.31664205,0.03180936
1912,687980,2.370621,1.578125,1.8460257,0.18650907
1021,1240186,4.454526,3.890625,1.086111,0.108832054
2096,687980,2.728326,3.234375,0.58762926,0.05947238
1634,688013,3.214453,3.90625,0.509081,0.051164404
1561,688018,3.893356,1.59375,1.6901168,0.17319587
1786,688018,2.012003,1.7109375,1.3376201,0.1353273
1809,1299062,1.354889,-0.5078125,0.843827,0.087149136
1933,753605,4.392272,4.4375,1.2613767,0.1268801
1199,753605,3.694339,3.59375,1.0292723,0.10347885
1917,688011,4.627486,2.796875,1.3372886,0.13462073
1168,1240189,3.105362,2.5625,0.5133283,0.051933523
1593,688011,1.255851,1.8984375,1.6311764,0.16514947
1050,688018,1.424673,1.6640625,1.2407955,0.125142
1564,713880,3.18024,1.8203125,1.227487,0.124140926
2156,724872,4.11203,1.9609375,0.77385825,0.07777543
1037,688018,3.017583,2.296875,0.73530096,0.07384676
1624,1330972,5.290177,3.09375,1.4439963,0.14480117
1020,688023,3.692879,5.5,0.34091374,0.03428586
2096,724872,2.109041,2.015625,1.384397,0.14094803
1042,688031,4.930889,4.375,0.52578086,0.053193357
1129,1322212,4.871023,3.59375,0.8543011,0.08569929
1016,688025,2.10511,0.77734375,2.064923,0.21060102
1852,688023,5.224882,5.34375,0.5177684,0.05204579
1175,688025,3.473738,3.75,0.58908993,0.059162688
1918,688018,6.171496,2.640625,1.1493117,0.116318755
1032,1330972,1.462188,2.140625,0.46578053,0.047968633
1026,753551,-0.006936,0.76953125,1.1226434,0.12720788
1192,1240182,5.714896,2.875,1.1844851,0.119145684
2172,908480,1.731012,0.76171875,2.8329647,0.28797042
2038,910692,4.38623,4.21875,0.6521007,0.06548226
1200,713880,2.34745,3.65625,1.352191,0.13573301
1615,688023,4.005172,5.375,0.33372408,0.033503264
1375,1297439,6.772122,6.09375,0.6739159,0.06846926
1927,687995,3.684217,5.1875,0.5359279,0.05383847
1908,688023,2.673944,2.328125,1.3128504,0.13192569
2148,713880,0.803478,1.2265625,0.96755683,0.099830315
1529,908469,3.080844,1.859375,3.0805187,0.3164268
2359,687995,5.543569,5.6875,0.34885475,0.035090804
1085,1330964,2.098241,2.375,0.43813992,0.04439492
1179,753605,-0.380818,0.78515625,1.1430705,0.11637813
1084,908481,-2.424502,-2.40625,1.9579384,0.19934136
1838,713899,3.851265,3.25,0.55547166,0.055835705
2043,1240192,3.882494,5.28125,0.47206393,0.047346126
1909,908469,1.850259,0.609375,3.6023383,0.37361345
1831,713899,3.942055,3.265625,0.30784705,0.030960323
1873,1330964,1.830419,0.4375,0.38630444,0.040716287
1038,1240186,3.531279,3.640625,1.0977589,0.11006266
1618,1240182,5.408366,4.0625,0.8639783,0.08673661
1038,1322212,5.414531,2.84375,1.4131685,0.1418214
1815,1240192,5.485177,5.65625,0.73651475,0.0738985
1057,688031,-0.629627,-2.4375,0.61090076,0.06494472
1012,1322212,0.609961,1.078125,0.6939141,0.07110933
1073,1240189,4.351178,3.875,1.0094576,0.10183755
1908,910899,2.878333,2.390625,0.89233077,0.08979215
1553,753605,4.828758,2.53125,1.952839,0.19779357
1997,1298349,3.264482,3.75,2.118462,0.21284816
1372,907295,0.622967,-0.20898438,2.4335403,0.513883
1549,1240182,4.340314,4.875,1.0499741,0.108132094
1561,908483,1.813037,1.9140625,1.3256714,0.13520491
1825,1330972,-2.014809,-0.671875,0.684812,0.07322542
1933,688006,1.877446,4.625,1.2857865,0.12920608
1560,688013,4.539367,3.421875,0.69831496,0.07044841
1804,687997,7.054351,5.0625,0.81292844,0.08541697
1847,688025,-0.243016,4.34375,2.3900697,0.24361645
1852,753605,4.039626,5.125,0.45999202,0.046346813
1510,1322212,0.61394,3.984375,1.1384265,0.114262015
1909,1240192,2.330694,2.59375,1.1576178,0.11678447
2109,907295,3.547925,2.203125,0.97820526,0.098514974
1563,908469,5.121455,5.125,0.40988272,0.041515026
1190,1322212,-2.425327,1.5390625,5.845967,0.65772724
2055,687985,0.779155,0.87109375,1.0714977,0.107934594
1930,1330964,2.000576,0.3515625,0.7750575,0.07981968
1614,687980,2.942769,3.546875,0.84263295,0.084744
2156,687983,4.062533,2.84375,1.0363839,0.104070984
1529,910899,-0.830936,1.34375,2.8378577,0.28892756
1060,688031,2.860201,2.796875,0.6851112,0.073111884
1582,910692,4.422994,4.1875,0.38868922,0.039047107
1059,688027,0.054399,0.02734375,0.8584068,0.08934164
1615,908481,4.982806,5.4375,0.51990026,0.052164406
1023,687995,2.721621,3.828125,0.43681747,0.043847762
2499,1298349,9.126165,10.125,0.8670632,0.09824782
1051,687995,-0.722817,1.7421875,2.1431112,0.21666712
1004,713899,-2.562954,-5.21875,0.9424018,0.10531914
1084,1240189,-3.698451,-2.796875,1.5998191,0.1652268
1043,687985,4.115569,4.40625,0.3811544,0.03843177
1018,687997,6.019279,4.5625,0.23594949,0.023838628
1003,688006,-3.842493,-2.671875,0.9119429,0.09325016
1997,687983,4.200012,3.796875,1.6337819,0.16461283
1827,687997,-0.17061,0.4296875,2.5251737,0.26947477
1175,688015,3.155018,3.265625,0.5353174,0.053801257
1007,753605,-4.96492,-3.5,2.9590428,0.3164039
2159,1240192,3.694238,4.34375,0.9154595,0.091710314
1043,1322212,5.258109,5.125,0.4326691,0.043431353
1621,1330972,2.425732,4.65625,0.75946647,0.07622641
2010,687983,1.107769,3.703125,1.3538417,0.1358987
1005,910937,-0.488126,3.890625,1.063507,0.1067074
1511,1322212,-1.543599,-0.828125,1.2791381,0.12960981
1060,687983,3.532084,1.8828125,1.8388666,0.1974445
1050,1322212,2.904216,2.21875,1.6486651,0.16596605
1559,687985,-1.727663,-3.5,0.67560214,0.072240636
1033,688027,3.196577,4.25,0.3344561,0.03371465
1809,713899,-0.223906,-0.5234375,1.643183,0.16649699
1131,688015,2.639994,3.0625,1.8740447,0.18906008
1617,687997,2.131137,0.5234375,3.3244941,0.34177414
2107,910937,3.506017,5.4375,0.3648178,0.036665455
1706,688006,3.080699,0.3515625,2.9840035,0.3021173
1088,1330964,1.513337,3.515625,1.0954735,0.10979991
1627,688018,4.444102,2.640625,1.0517482,0.10592148
2044,687995,2.247221,3.859375,0.98833185,0.09910802
1052,910692,5.657908,3.59375,1.0012152,0.10047899
1576,713899,2.836392,2.453125,0.25641036,0.025860593
1917,688023,1.675934,2.15625,1.4379628,0.14441554
1922,724872,1.434625,2.09375,0.5227545,0.05279873
1089,688018,2.485786,3.25,1.6861352,0.17030135
1625,688023,3.945238,5.0625,0.4887945,0.049043395
1803,688018,7.230961,4.875,0.940714,0.10000709
1004,687980,-3.844284,-5.25,0.8410454,0.09801464
1940,688006,3.484127,3.75,0.5770831,0.057972856
2110,1240186,4.476673,5.15625,0.72040915,0.07222911
1564,753605,1.890063,4.09375,0.63623273,0.06510306
1908,688010,3.044385,3.15625,0.5797548,0.05848766
1199,688027,2.719843,2.984375,0.7260713,0.073106736
2177,1299062,3.638193,1.84375,0.20758694,0.02137844
1617,687983,2.087527,1.0546875,4.3320904,0.44328487
1939,1240192,1.9526,3.1875,1.7620796,0.17704137
1373,687997,5.927708,4.3125,1.1469384,0.11607857
1018,1299062,5.831742,4.96875,0.21708374,0.0218402
2040,1240192,0.710749,1.578125,1.0790749,0.10980251
1010,1330964,3.304706,3.453125,0.40576878,0.04114956
1563,1240182,5.240767,5.5625,0.36540788,0.036968388
1088,1240182,3.315627,3.078125,1.2494931,0.12523738
1815,907295,5.578549,5.125,0.742327,0.074848786
1997,687985,4.874982,3.5,1.2590908,0.12729324
1827,910692,-1.073588,1.1171875,4.010812,0.4512547
1853,1299062,4.69739,4.03125,0.79629827,0.08003073
2045,908469,5.2344,4.8125,0.498223,0.050097782
1916,687997,5.621489,2.0,1.3794199,0.13919929
1086,713880,-1.959502,-1.046875,1.8005426,0.18164493
1933,688027,4.174877,3.625,0.9544716,0.096402586
2057,713880,3.924808,4.84375,0.9915805,0.099612616
1918,688006,2.752095,3.03125,1.3507444,0.1358213
1016,687985,0.886231,0.25585938,2.2395732,0.22711816
1507,688023,4.965203,5.15625,0.52546734,0.05276607
1626,688031,2.532965,0.35742188,2.2409132,0.2263345
1838,908483,3.493046,3.203125,0.49003434,0.04929186
1036,1299062,6.422345,4.09375,0.91366976,0.09181283
1913,688023,4.519909,4.84375,0.37873706,0.037993044
1006,1240189,-1.969295,0.57421875,4.361394,0.45826554
1036,688023,5.690637,4.53125,1.2746235,0.12788986
1862,1299062,-1.347118,-1.390625,0.17355438,0.039063312
2158,908483,3.390923,3.109375,1.0994508,0.11067833
2174,1322212,2.256465,2.140625,0.5084375,0.05165681
1931,753605,4.724885,5.15625,0.47684836,0.048106104
1593,687997,1.496537,1.125,0.9599821,0.096770436
2044,688011,3.833522,3.546875,0.8115172,0.08146992
1029,1330972,5.084218,5.4375,0.37971652,0.03849109
1799,908483,3.32892,4.40625,1.1142348,0.11357238
1928,713880,4.12853,4.78125,0.6745792,0.06767048
1997,910692,4.071495,3.890625,1.4797696,0.1491307
2044,1240192,2.580941,4.0625,1.0841439,0.10869759
2174,1303901,2.033845,2.21875,0.5098086,0.05165681
1845,688031,-3.674269,-1.703125,2.2190838,0.23389028
1268,713880,4.904517,4.53125,0.7373981,0.07403813
1594,688011,3.808815,2.3125,1.5666312,0.1588742
2177,688015,0.792609,1.8359375,0.25381494,0.025990548
1862,753605,-0.494094,-1.3203125,0.30722654,0.053544402
2048,687997,-2.529172,-4.78125,1.0257188,0.10945994
1614,1299062,6.322723,3.96875,0.93912387,0.094370656
2154,688031,2.609453,2.046875,0.4476316,0.04510143
1778,687997,4.884262,1.5546875,2.0003333,0.20223236
1004,687995,-4.703754,-4.78125,0.72165304,0.08304068
1046,1240182,2.357163,1.9296875,1.0579414,0.10624975
1093,753551,5.177927,4.25,0.45699942,0.045986265
1131,687983,5.299612,4.59375,1.9158845,0.19261523
1179,1240186,0.968517,0.87109375,0.8305029,0.084508784
1250,688006,3.38335,1.453125,1.3933426,0.14003575
1933,687997,4.125381,3.75,0.9565279,0.096524626
2157,713880,4.522,5.15625,0.42283002,0.04242932
1052,688018,3.429712,2.15625,0.75544935,0.07591358
1037,688015,0.802762,2.203125,0.6749258,0.06778324
1378,906808,4.197751,2.53125,1.72262,0.17415574
1463,687985,3.10043,3.28125,1.4794205,0.14899233
1810,688006,-1.836786,-0.122558594,2.2324831,0.22704838
2046,687995,4.030697,3.5625,1.44809,0.14514282
1812,687983,2.664722,2.703125,2.4316602,0.24567734
1917,688015,0.476346,1.0859375,0.953038,0.09578362
1932,906808,2.024874,2.359375,0.89525455,0.08999048
1931,1298349,5.142177,5.5625,0.79784596,0.08030033
1129,688018,3.751595,3.109375,0.61277586,0.061726417
1494,1330972,-8.044732,-3.375,1.3595625,0.13976964
1583,688013,2.576938,2.328125,0.40493757,0.040799767
1706,687985,-0.519073,-0.45898438,3.3851736,0.34639078
1830,688006,2.969591,2.546875,0.43153715,0.043599393
2043,713880,4.542352,5.1875,0.45022988,0.045229383
1033,688006,5.101026,5.09375,0.404871,0.040678587
1058,908483,0.842264,1.375,0.53858393,0.055680063
1053,1240192,4.075365,3.4375,1.3524954,0.13556135
1043,1240182,6.637623,5.1875,0.4136161,0.04157646
2107,906808,5.668961,4.53125,0.34638897,0.034935497
1129,753605,2.31767,3.65625,0.71706426,0.07205634
1626,687983,2.402877,1.8203125,2.935755,0.29642382
1024,688031,-1.18705,-1.8359375,0.7802888,0.07996064
1918,908483,4.856191,2.875,1.0117613,0.10209832
1016,908468,2.503007,1.296875,5.0961113,0.51776046
1940,688011,5.128643,3.578125,0.5078066,0.051164404
2499,1299062,11.327203,9.5,0.59959096,0.072662696
1583,687985,2.749189,2.078125,0.45042482,0.04540481
1581,1240192,3.286612,2.9375,1.4364684,0.14422797
1843,753551,-3.165062,-0.7578125,1.2023203,0.12578703
1939,1330964,3.533008,2.25,1.755303,0.17723335
1268,688011,4.863325,4.1875,0.4900373,0.049320497
1635,908469,5.312674,4.9375,0.2765826,0.027837047
1804,1330972,5.02917,4.1875,13.527697,1.4657335
2046,908480,3.56763,2.328125,1.5226127,0.15287727
1561,1299062,4.745192,1.6796875,1.4141899,0.14248769
1061,724872,4.332968,3.640625,0.80335945,0.08111538
1932,1240186,4.503825,3.6875,1.28434,0.12874919
1012,688027,0.796648,0.54296875,0.38171074,0.0390316
2045,687995,4.803179,5.28125,0.5661924,0.05681517
1069,908469,2.952021,3.453125,0.60208017,0.060585234
1939,687983,1.281085,2.25,1.9017196,0.1923289
1825,907295,1.42791,-1.140625,0.47793072,0.054355383
2499,1330972,10.000171,9.875,0.7974272,0.09293141
1494,688031,-4.426571,-6.0,0.477557,0.05974755
1849,688031,-2.780398,-1.796875,0.60791,0.06439506
1849,908468,-0.012446,-0.7578125,1.2639292,0.13016637
1803,688010,5.939679,4.90625,2.08669,0.2195903
2173,1240182,5.706661,3.953125,0.98155737,0.098552845
1058,1303901,2.463546,1.296875,0.7370952,0.07553433
1030,908480,5.722957,4.65625,0.44404635,0.044809368
1830,908483,2.562739,2.203125,0.3077349,0.031122526
2359,906808,4.427674,4.5,0.45794898,0.04629834
1919,907295,1.93432,1.8046875,0.7647066,0.08000378
2156,910937,2.298458,3.21875,0.8255547,0.08284116
1199,908468,5.846539,3.53125,1.0427933,0.10475737
1511,688018,-1.866346,-2.046875,0.97024614,0.09950279
1808,724872,2.08242,-1.15625,0.8708574,0.08887348
1200,688027,2.981798,2.765625,0.8809478,0.08872019
1047,908483,3.414199,3.609375,2.3492272,0.23734893
1629,687995,3.979841,4.84375,0.58955425,0.05912994
1093,910692,3.842155,4.40625,0.50329214,0.05057481
1010,908481,4.196343,3.390625,0.7836923,0.078776315
1598,1240192,3.650195,4.375,0.7997889,0.08023089
1049,1240186,4.982028,4.40625,1.0823166,0.10849727
1021,724872,2.249562,2.21875,1.0970201,0.110271856
1849,687985,-1.177995,-1.7734375,0.6618457,0.071064316
1034,1240192,-1.808773,-2.109375,1.2763183,0.13194875
2047,713880,3.274685,1.78125,1.3816103,0.13883522
1635,908483,4.515052,4.5,0.23161723,0.02344136
1581,1240189,0.945116,1.4453125,1.12131,0.1129523
1096,688018,-2.06215,0.86328125,3.293201,0.3341154
1916,688018,4.33644,2.171875,1.4726039,0.14856136
1928,687995,5.015763,5.0,0.62824345,0.06299904
1510,688031,2.734673,3.28125,0.8771244,0.08839631
1179,1303901,-0.35219,0.34960938,0.9344577,0.09536408
1043,688023,5.280418,5.34375,0.367719,0.03691165
1053,1299062,6.055323,2.78125,0.89586097,0.089868374
1618,688018,5.075628,3.28125,0.6004344,0.060408067
1016,687980,1.224022,0.40429688,2.2618406,0.23144479
1069,1299062,5.052024,3.421875,0.45561397,0.045829564
1021,1297439,3.272573,3.25,1.2473537,0.12525602
2010,1299062,3.706116,3.515625,1.0121657,0.101666294
1200,688011,3.20088,3.390625,0.91153747,0.09172486
1916,910692,3.054026,3.296875,1.2294582,0.12379181
2046,1330972,1.933864,3.109375,1.5276141,0.15311357
1043,688018,6.291739,4.375,0.31776613,0.03206625
1010,724872,2.541271,2.9375,0.30616704,0.031048814
1032,910899,1.069239,1.7265625,0.4558421,0.04678542
1049,687983,2.564664,3.765625,1.1414075,0.11460253
1927,1322212,5.012243,4.9375,0.68194014,0.06854824
1086,688015,-3.762986,-3.359375,1.1681395,0.118269004
1020,1240189,2.938728,4.625,0.35261038,0.035592627
1997,1299062,6.028078,4.0625,0.9234635,0.09284126
1809,687980,-0.330308,-0.3671875,1.9336066,0.19745594
2171,688013,1.234498,2.296875,1.7018692,0.17169042
1563,753551,5.07539,5.09375,0.384498,0.039027438
1243,688015,1.119844,1.609375,0.54427075,0.05479006
2045,907295,5.452243,4.875,0.54041886,0.05433151
1050,753551,3.494123,2.421875,1.2067664,0.12237981
1810,1299062,0.523075,-0.19335938,1.1563437,0.11919603
2172,688025,-1.661265,1.0078125,2.8320777,0.28708196
1022,910937,-0.02459,0.5625,1.2048957,0.122477464
1007,1240189,-6.191183,-5.625,0.8615402,0.11341237
1941,908469,-5.580692,-4.59375,1.9081873,0.22141509
1563,1303901,4.026355,5.46875,0.4284513,0.043248042
1854,687995,3.686512,5.15625,0.6855561,0.068808146
2040,687983,1.373562,0.5703125,1.3164102,0.13500336
1931,1240192,4.989199,5.84375,0.33283034,0.03339467
1909,688015,0.1533,0.25585938,5.5834513,0.57174325
1061,713880,4.074169,4.59375,0.93017983,0.09338273
1061,1322212,4.553359,4.25,1.0297401,0.10334167
1940,687980,3.405284,3.34375,0.45824525,0.046111625
1598,910692,3.544753,4.125,0.5041255,0.05063654
1058,688015,-0.795675,1.3046875,0.96772236,0.09984739
1237,1240192,5.265505,5.65625,0.26366606,0.026439924
1779,687985,0.846425,0.010253906,0.30160543,0.032063603
1005,1298349,4.563914,3.765625,1.1618694,0.116490446
1012,688011,1.614834,1.1328125,0.71852016,0.07478246
1084,687980,-2.196762,-3.09375,1.960047,0.20284429
1779,713899,0.493027,-0.043945312,0.20723665,0.022031281
1564,688031,3.642446,3.28125,0.5211294,0.053325016
1852,688013,3.601765,4.78125,0.37747335,0.03805098
1873,688027,0.080265,0.49609375,0.3162785,0.032958634
1626,1322212,3.401797,1.53125,2.6889045,0.27092242
1720,688013,3.768353,1.96875,12.041242,1.4713519
2172,907295,5.855921,1.4609375,3.1640673,0.320473
1634,908468,5.950687,4.03125,0.74044615,0.07437361
1598,908469,3.87569,3.96875,0.6716958,0.06752957
1862,753551,-0.485605,-1.40625,0.24953154,0.04348914
1129,1303901,2.822156,3.625,0.821661,0.08246877
2107,908468,5.552282,4.84375,0.62441987,0.06282117
1915,908469,2.62904,2.6875,0.3755753,0.0383782
1011,1303901,0.217933,1.109375,4.9135637,0.50025904
1013,713880,1.619246,3.109375,1.1497054,0.115368396
1910,908468,-2.083501,-0.28320312,10.257397,1.1087699
1779,1240192,1.599326,1.328125,0.1687116,0.018236823
1916,906808,4.426695,2.03125,1.4186978,0.14294189
1502,688011,4.742905,4.5625,0.3021682,0.030406136
1804,687983,6.654179,3.8125,10.523672,1.1375529
1017,1240182,6.938167,4.5,0.53978014,0.05418316
1997,907295,4.522098,3.6875,1.7072192,0.17232737
1811,688031,-1.974484,-5.84375,1.9480412,0.24448162
1375,908468,5.2181,5.40625,1.0656275,0.10816365
1022,753605,0.492993,0.6171875,1.4148763,0.14348453
1778,1240189,3.499576,2.21875,1.6295161,0.16485846
1030,687980,4.766599,4.71875,0.48898098,0.049267616
1047,910692,5.649347,4.34375,2.8220828,0.2844784
1912,1240189,2.34666,2.09375,1.7298986,0.1750784
1854,1240182,5.550725,4.90625,0.7016035,0.07054829
1043,1240192,5.779027,5.40625,0.39574602,0.03967172
1058,688027,0.544955,1.6171875,0.678971,0.0710341
1026,1330972,2.248493,0.10058594,1.3926827,0.14678805
2173,908483,3.930932,3.09375,0.8009645,0.08059827
1239,753605,-0.470352,2.671875,1.5502219,0.15585299
1239,910937,1.607404,2.625,1.2900276,0.12971607
2177,688018,0.907633,1.8359375,0.3087051,0.03154506
1050,688006,2.590911,2.046875,1.5320959,0.15400542
1010,688015,2.683821,3.0625,0.2689276,0.027207458
1558,908468,4.953851,3.03125,0.86910003,0.087865435
2096,910692,2.328791,3.640625,1.0455996,0.10608248
1510,1330972,2.37842,4.21875,1.0737554,0.107809946
1177,688023,4.246203,4.625,0.7743179,0.0776103
1375,1299062,8.206196,5.9375,0.5041944,0.051521152
1563,713899,5.381814,4.84375,0.37696198,0.03806193
1617,688013,1.174481,1.140625,3.0913675,0.31589168
2359,1330964,3.976839,5.25,0.38337973,0.03872174
1849,687980,-0.90147,-1.0859375,0.8637633,0.09049349
2107,688025,4.927497,5.03125,0.38952032,0.039211813
2499,688031,8.731217,9.25,0.91075635,0.10523312
1799,1303901,2.450083,4.9375,1.3113035,0.13257192
2171,713880,1.027119,2.0625,2.674554,0.26888877
2171,1298349,1.568764,2.0,3.1276186,0.31428805
1401,908483,0.647708,1.453125,0.5024998,0.05057481
1854,907295,4.86418,4.625,0.75099635,0.07557015
1038,1299062,5.110153,2.6875,0.64790195,0.06508721
1050,908480,0.695682,2.109375,1.1593435,0.11695856
1168,688025,2.645512,2.96875,0.59477854,0.06026647
1808,753551,-2.598625,-0.0014648438,1.1969819,0.12223334
1463,688023,1.928253,4.09375,1.5351897,0.15405023
1512,1322212,4.425168,5.15625,0.32071128,0.032227628
1373,1240192,5.709144,5.28125,1.4163768,0.14214338
1621,713899,4.270153,3.5625,0.9490364,0.095498234
1614,688031,1.565124,3.0625,0.94935143,0.0956305
1180,688006,-1.870463,-3.25,0.5835526,0.061708782
1023,688013,1.642054,2.984375,0.3972829,0.039954934
2055,1240186,2.168898,2.234375,1.1413475,0.1146917
1494,713880,-4.829715,-3.296875,1.5876983,0.16336425
1915,688027,3.172888,2.546875,0.25126737,0.025568003
1736,687997,6.300335,4.40625,0.49606323,0.051087312
1243,910899,2.101808,1.7421875,0.872665,0.08788602
1621,1303901,1.975674,4.40625,0.80985016,0.08131266
1849,908469,0.938244,-0.78125,0.9504323,0.09957351
2038,688013,2.339069,4.0,0.49910522,0.050077923
2109,688027,1.881822,1.890625,0.5208181,0.052378926
2040,688023,-0.935989,0.7265625,1.0762161,0.1104576
1170,1240182,6.936503,3.8125,1.1005378,0.110422894
1043,688025,4.930779,4.90625,0.34818745,0.03501127
1564,687995,3.753769,3.609375,0.9158369,0.09227578
1034,724872,-3.359636,-2.9375,1.0576848,0.109576225
1812,688006,3.508241,3.0625,2.1897707,0.2206844
1909,1330972,0.970455,1.765625,2.2029102,0.2234001
1634,688011,5.071212,4.09375,0.51907164,0.052203283
1375,724872,5.965707,5.0625,0.7136414,0.07336581
2107,1240189,4.329104,4.71875,0.3104349,0.031285528
1782,688010,2.94954,4.78125,0.4668162,0.047179025
2148,688006,2.23626,0.65234375,0.74970627,0.076946214
1180,908468,-3.426836,-3.296875,0.7676722,0.0795309
1632,1330964,3.74673,3.5625,0.5547752,0.055669494
1059,1298349,0.932355,-0.3046875,1.1369658,0.11698669
1008,1303901,2.762097,0.008300781,8.980828,0.96429795
1249,907295,5.519099,3.1875,1.0219996,0.10255363
2158,688031,4.773305,2.859375,1.1321504,0.114044294
1043,688015,4.323515,4.53125,0.33166957,0.033388153
1582,1299062,4.292292,4.0,0.34181562,0.034348357
1925,1322212,5.125292,5.03125,0.48415983,0.0486311
1810,713880,-1.79409,1.53125,1.3085176,0.1323359
1060,907295,2.520319,0.75,2.0053864,0.23693626
1177,688011,5.4811,4.375,0.6607773,0.06634506
1003,908468,-4.793972,-3.125,1.0920902,0.11095542
1373,1240186,4.94751,5.21875,1.9138232,0.19240801
1073,713899,4.140097,3.390625,1.3908658,0.140074
1052,688027,1.913233,1.9765625,0.631233,0.06347233
1034,688006,-1.582342,-2.96875,1.1387271,0.11784631
2111,687985,5.1513,2.78125,1.1134044,0.11203802
1720,753551,5.00677,2.125,20.928457,3.2414453
1080,910899,-2.189701,-3.453125,1.2671225,0.13086644
1042,1299062,7.395262,4.9375,0.44793844,0.045057494
1845,1240192,2.989877,3.1875,2.0174623,0.20221132
1268,1322212,4.516293,4.28125,0.7390634,0.07419614
1250,1240182,3.245499,2.03125,1.6680378,0.16767022
2040,908468,2.66156,1.078125,1.965676,0.19925657
1069,910899,2.873561,3.484375,0.64356226,0.06470113
2359,1297439,5.556849,5.28125,0.3583231,0.036094762
1026,908469,-0.062282,0.50390625,1.1609488,0.1234202
2046,1240189,2.213824,2.125,1.3647487,0.13708125
1057,1299062,0.39347,-2.625,0.58676225,0.0631392
1131,908468,5.905481,3.203125,2.102539,0.21157123
1583,1240192,3.487845,3.09375,0.3851606,0.03871613
1441,687997,5.493013,1.9140625,1.0802462,0.1089496
1023,687985,3.559945,2.828125,0.4431938,0.04463401
1005,1240192,3.926386,4.625,1.2845947,0.12867613
2158,1330972,4.287299,4.40625,0.95311064,0.09565136
1845,687995,-0.564325,1.609375,2.7269123,0.27462712
1058,724872,2.597609,1.9375,0.79182076,0.08169827
1809,687997,2.031914,0.04736328,2.2449753,0.22971904
1561,687983,2.565554,0.8359375,2.676016,0.27510747
2110,1240189,3.845822,4.25,0.53211015,0.053544402
1073,687980,4.724747,4.09375,1.0391083,0.10474669
1011,688027,-1.398114,-0.10888672,7.710691,0.80251676
2044,908480,3.711252,3.09375,0.84687585,0.08508813
2438,688010,10.526252,9.875,0.888422,0.11149808
2159,687995,4.067687,4.0625,0.9628349,0.096505456
1175,1330972,1.940016,4.09375,0.60147995,0.060362745
1177,908480,2.314612,3.5625,1.0214304,0.10264147
1576,688025,1.709625,2.640625,0.3902879,0.039342742
1919,908469,2.021133,1.7890625,0.64398783,0.06671719
1558,908483,2.9413,2.671875,0.49261552,0.049754664
1558,1240186,6.257681,3.109375,1.8508536,0.18804511
1073,1297439,4.989402,5.3125,1.0560874,0.106192686
1060,688018,1.407642,2.984375,0.82953906,0.0966737
1043,908469,4.920622,4.84375,0.37837705,0.03806748
1925,687980,4.839402,4.6875,0.34529537,0.034790475
1941,1303901,-5.811741,-4.375,2.4105566,0.26939437
1091,688027,2.65076,2.1875,0.84404975,0.08539268
1038,687985,1.489561,2.203125,1.0330635,0.10389568
1782,687983,4.95884,5.28125,0.4175591,0.04214857
1239,910692,4.436541,2.71875,1.3279345,0.13348323
1630,1240192,3.89994,4.25,1.1028727,0.11052613
1016,1298349,2.439335,0.8828125,2.2827215,0.23111556
2047,1322212,3.533054,3.171875,0.8812894,0.08860126
1009,688015,4.023435,4.40625,0.47734132,0.048052486
2109,908481,5.789983,2.3125,0.94500715,0.09483811
1910,753551,-0.416934,0.65625,9.261482,0.974621
1598,688027,4.335396,3.53125,0.4797462,0.04830473
1168,687980,3.353247,2.59375,0.46825495,0.04739083
1803,688006,6.46513,4.96875,7.034936,0.72962236
1190,687980,-1.667695,-1.234375,3.0674288,0.4627547
1925,1298349,4.402911,5.25,0.6883993,0.06910156
1854,687985,5.099829,4.25,0.6141371,0.06187781
1932,908480,3.401553,2.796875,1.0009131,0.10071841
1830,688031,2.630251,2.15625,0.33188623,0.033520848
1916,688027,1.607458,2.265625,1.1664181,0.117738694
1268,1240186,5.097924,4.78125,0.88081867,0.0883594
1799,908480,4.384907,4.625,1.1535695,0.11880091
1133,1298349,2.733396,3.953125,1.0405141,0.10432322
1736,907295,5.909648,3.46875,1.2275174,0.12677608
1079,753551,3.590436,2.6875,1.9332111,0.2382595
1177,753551,1.383221,3.765625,0.9239319,0.09280371
1133,1297439,3.522588,4.28125,0.687462,0.068962805
1849,753551,-0.240317,-0.734375,0.9253479,0.098373525
2048,688018,-3.486638,-4.90625,0.95524263,0.1025672
2096,687983,3.277054,2.84375,1.1002682,0.11091188
1845,688023,-3.48811,1.921875,2.6990407,0.27126294
1025,1330972,5.162499,5.15625,0.56605023,0.056899056
1919,908468,3.26801,1.625,0.6925785,0.07277143
1941,753605,-3.987551,-4.25,2.6686146,0.30238345
1512,1299062,7.019476,4.96875,0.23664567,0.023817537
1583,687983,1.776182,2.609375,0.43502963,0.043852903
2039,910899,3.015789,2.953125,0.58809,0.059166122
1372,1330972,1.852784,0.36523438,1.4178143,0.24552658
2499,910937,10.283877,10.125,0.6295664,0.07274309
2111,908480,5.545821,3.78125,0.9824728,0.09879052
2174,910899,1.76196,2.0625,0.49154794,0.049893256
1779,753551,0.742059,0.32617188,0.3759665,0.042156
1930,687983,-0.443652,0.47851562,1.0110447,0.103686854
1799,1240192,5.664012,4.78125,3.0527713,0.3067668
1378,908483,2.746678,2.734375,1.9362816,0.19550678
1627,1303901,2.50695,3.171875,1.410746,0.14166345
1930,688013,-0.520388,0.6640625,0.60101706,0.061952904
1020,724872,5.124133,4.21875,0.37133428,0.03759597
1927,688018,6.291739,4.34375,0.4361065,0.04403377
1250,688011,2.547765,2.75,1.6510025,0.16647048
1052,1303901,2.712832,3.046875,1.030593,0.10343894
1018,688023,4.045994,5.375,0.25215518,0.02533478
1622,688006,4.704222,4.40625,0.78226405,0.07859639
1827,907295,-2.777382,0.45507812,4.9496064,0.5588309
1919,688031,2.06187,1.5703125,0.3900342,0.040204767
1020,1240192,5.373412,5.75,0.27381405,0.027476158
1190,1330972,-3.738204,1.09375,3.2142272,0.35805348
1940,910937,3.88823,3.921875,0.6549584,0.0657779
1048,687980,5.465742,4.34375,0.39870638,0.04012837
1017,687995,2.774288,5.0,0.43165314,0.043271244
1512,688013,4.373412,4.71875,0.24083655,0.02425463
2047,688011,2.548824,3.453125,0.73240185,0.07418142
1618,907295,3.245295,3.671875,0.9150006,0.09203862
1926,687980,0.582891,0.58984375,0.9802876,0.10166969
1617,687980,2.042989,0.58984375,3.2816877,0.33655077
1511,907295,-0.338846,-1.1015625,0.89313,0.09357014
1010,908469,3.485631,3.3125,0.4179691,0.04242483
1849,1240192,-0.306882,0.14648438,0.8698622,0.09042497
1913,753551,4.95058,4.40625,0.37978315,0.038175594
1054,907295,3.40539,3.734375,0.92599374,0.09284126
1580,1330972,5.270741,5.03125,0.3870141,0.03885798
1052,908468,3.477221,2.4375,0.9079711,0.09116444
1816,688025,3.186027,3.234375,1.1897379,0.119611405
1720,687997,2.39563,1.078125,17.062002,2.2628863
1049,1330972,3.252577,3.796875,1.1212997,0.11246188
1034,753551,-1.728306,-2.734375,0.9382373,0.099050105
1085,910937,1.762307,2.625,0.6291197,0.06362553
1915,753551,3.043318,2.953125,0.2830956,0.029103605
1622,688015,3.034761,3.78125,0.60595196,0.060974844
1629,908469,4.438616,4.28125,0.6012137,0.06046435
1250,688023,0.175455,2.09375,1.6801143,0.16894041
1069,687995,1.759859,4.03125,0.5829887,0.05852747
1060,908468,4.079659,0.96484375,6.1103306,0.82303345
1069,1330972,3.050143,3.734375,0.6793918,0.06823176
1375,910937,5.935839,6.375,0.69012594,0.070617735
1006,687985,0.891482,-1.0859375,3.4119782,0.38388023
2111,1330964,3.647605,4.65625,0.75773597,0.07602774
1030,688010,4.117177,4.71875,0.4548878,0.045801785
1922,1298349,2.278688,1.9765625,0.9443815,0.09502982
1808,713880,-1.303692,0.80859375,1.6850467,0.17080976
1046,713880,1.906784,2.015625,1.0914371,0.10957167
1819,1240186,3.421243,-3.828125,2.8154228,0.30363375
1799,1240182,6.146713,5.21875,1.5236421,0.1543844
1706,688031,1.7364,-0.53125,3.0449524,0.31417128
1010,753551,2.757573,3.46875,0.301428,0.030742569
1915,908480,3.198426,2.796875,0.26620033,0.02723918
1032,1240192,1.831039,2.125,1.832102,0.18747142
1089,687997,4.729805,3.8125,1.3210675,0.13331085
2438,688025,10.230078,10.0625,1.0309758,0.1285898
1627,1322212,3.000339,3.046875,1.6307112,0.16373086
1930,688031,-0.254828,-0.578125,0.43179724,0.044509705
1378,687980,3.888891,2.78125,1.732483,0.17515287
1779,688013,0.369534,0.1953125,0.26790756,0.029098643
1813,1240186,6.112505,5.75,1.4446918,0.14534649
1091,908481,5.768111,2.234375,1.1329452,0.11369902
1621,688023,3.826157,4.84375,0.7072535,0.0709482
2043,908483,4.102372,4.4375,0.31461385,0.031748146
1919,687980,2.206778,1.75,0.41651028,0.0431505
1088,1330972,-2.575907,3.5,1.2108883,0.12130624
1237,687985,4.611482,4.40625,0.39547983,0.039956417
1598,688025,2.007381,3.9375,0.6720566,0.067533605
1507,724872,5.004262,4.0,0.49734014,0.050187323
2499,910692,9.49959,9.75,0.45769823,0.048319392
1936,908468,3.693,2.46875,0.9784269,0.09853729
1007,1299062,-3.929512,-5.46875,0.8156484,0.11663697
1032,713899,0.855184,1.5625,0.2679658,0.027313376
2057,687985,3.484823,4.25,0.6607316,0.06657247
2173,1299062,5.229194,3.78125,0.70101386,0.07041286
1093,688025,3.082011,4.21875,0.55111355,0.055406712
1057,1240192,-1.638937,-0.7421875,1.4927071,0.15535863
1375,687983,6.215705,6.28125,0.61874235,0.06303086
1091,687985,2.666656,1.9296875,1.1855748,0.1194534
1067,713880,4.356165,5.28125,0.3685196,0.03709018
1912,908481,2.157781,2.0625,2.3579655,0.23702139
1558,724872,2.677453,2.859375,0.4817254,0.048718918
2158,688027,4.618824,2.90625,1.0206566,0.10276797
1847,753551,2.141444,4.28125,2.1763148,0.22209913
1559,908468,-0.5755,-2.4375,1.4098896,0.14482199
1026,687980,-0.039247,0.46289062,1.2076219,0.13218287
1812,687995,1.592364,2.875,2.0164149,0.20286597
1922,753551,4.394566,2.3125,0.6005011,0.06077511
1558,688006,5.036742,3.375,0.6446689,0.0652699
2045,1330972,3.485661,5.0,0.57171184,0.057433266
1594,1297439,2.750967,2.453125,2.0360377,0.20564187
1199,688011,5.252017,3.546875,0.7530852,0.07581077
1909,910937,2.183364,1.2578125,3.866361,0.3974807
2171,687985,-0.01731,0.96875,2.2439437,0.2259874
1806,1299062,7.088324,4.3125,1.1760454,0.11829674
1931,687985,4.149681,4.34375,0.9031704,0.091373935
1578,1330972,4.682003,5.09375,0.43538055,0.043698434
1170,753551,3.635997,3.609375,0.8275341,0.0831448
1268,908481,4.557917,4.40625,1.0413119,0.10448045
1873,1303901,1.100354,0.6328125,0.43500686,0.045777425
2174,753551,1.716271,1.9921875,0.4275487,0.04388152
1909,687983,1.988627,1.1171875,2.311957,0.23748116
1237,1330972,4.234434,5.1875,0.3569402,0.035891384
1051,688015,-4.351967,-0.114746094,4.2646537,0.43805963
1919,688011,1.661529,1.984375,0.72337395,0.07690171
1016,688023,0.320283,0.8515625,1.8239825,0.18428199
1083,724872,2.786005,1.6484375,0.7618424,0.07652274
1806,713899,4.524164,2.984375,1.8799049,0.1895027
1549,688006,5.305218,4.71875,0.75880843,0.077591494
1023,713899,0.389519,2.90625,0.38318142,0.038536735
2047,907295,2.41898,2.328125,1.029381,0.103543974
1019,1240186,3.003581,3.28125,1.0682632,0.10705766
1042,1240192,5.769534,5.46875,0.56595814,0.05676334
1557,688018,4.964119,4.34375,0.44320512,0.04483915
2172,1297439,6.041628,2.421875,2.7110672,0.2740871
1778,687980,1.833674,1.7265625,1.7595886,0.17772023
1632,1298349,3.789881,3.6875,0.84095734,0.084329575
1005,688011,4.456239,4.1875,0.9494491,0.09538016
1576,1303901,2.231991,2.84375,0.43951172,0.044235278
1812,688010,1.473205,2.890625,1.5740068,0.15907784
1046,908481,2.053974,1.8203125,1.0461287,0.104986385
1838,1299062,6.198792,3.390625,0.41487998,0.041678187
2359,908483,4.038133,4.4375,0.42734796,0.0432195
1996,1322212,3.364069,3.609375,1.0840948,0.10873038
1779,687997,1.262866,-0.18554688,0.25571984,0.027578514
1175,724872,2.956023,3.234375,0.41568446,0.04184568
2055,688023,0.650716,1.78125,1.4941025,0.15047094
1511,908469,0.885275,-0.609375,1.1901942,0.12178765
1620,908480,5.722385,4.71875,0.26125336,0.026450759
1736,1240189,5.138234,4.65625,0.59532136,0.06105269
1549,1299062,6.007395,3.78125,1.4469503,0.14901488
1913,1240189,3.248233,4.03125,0.32318988,0.03252148
1618,688011,4.676701,3.875,0.61962205,0.062304813
1803,910692,6.250291,5.5,1.1538199,0.11767781
1068,688027,-0.206027,-0.10888672,0.7396895,0.07663189
1996,688025,4.829757,3.5625,0.9050128,0.09086742
1080,713899,-4.215189,-4.25,1.075476,0.11283623
1129,688015,2.582468,3.28125,0.59496087,0.059825055
2171,687995,0.898582,2.1875,2.427223,0.24410696
1250,1330972,0.221048,2.234375,1.4754739,0.14816326
1054,1330972,4.942537,3.75,0.8933812,0.08951987
1054,724872,2.566836,2.6875,1.1269993,0.11321657
1553,1240192,4.885197,3.15625,2.0463624,0.20546414
1594,688025,4.173007,2.15625,1.7609144,0.17821746
1049,1299062,5.735783,3.46875,0.85294217,0.08566154
1069,1240182,4.780167,3.765625,0.63137126,0.06344522
1378,687997,7.67888,2.703125,1.817966,0.1843624
1239,908481,3.228631,2.265625,1.2296696,0.12330889
1006,687995,0.472677,2.515625,1.3881223,0.14059617
1635,908468,5.986281,4.90625,0.3086864,0.031028986
1626,1240192,4.279158,3.046875,1.836272,0.18424308
1559,1298349,1.05676,-2.71875,1.1987537,0.12446878
1618,688010,3.819241,3.359375,0.6116414,0.061453428
1620,907295,5.490707,5.21875,0.30199197,0.030465988
1852,1240189,5.029265,4.625,0.38430703,0.038770217
2111,908469,2.436158,4.3125,0.87328756,0.08767118
1020,908481,6.231803,5.5625,0.5563163,0.05592978
1510,1330964,4.922067,4.15625,0.9355752,0.093936026
1050,688011,4.494265,3.09375,1.0862691,0.11016002
1086,688006,-3.053765,-2.453125,1.4260553,0.14398912
1817,907295,-3.98301,-5.6875,0.32969296,0.06551896
1855,1330972,3.238592,4.75,1.0124394,0.10159429
2039,713899,2.791381,2.859375,0.41444293,0.041695967
1809,688006,-2.162351,0.111816406,1.535401,0.15545262
1049,688015,4.043733,2.859375,0.9399551,0.09444008
2047,906808,3.157132,2.703125,0.7178647,0.07260068
1249,1330972,2.731068,3.265625,0.98848754,0.099106975
1036,713880,5.259706,4.1875,1.5031892,0.15100801
1583,910692,3.207886,2.640625,0.40703934,0.041021295
1561,687985,1.38935,1.4140625,2.4263124,0.24689223
2046,908481,2.531743,3.0625,1.9517637,0.19571911
1025,687997,5.822058,4.6875,0.39490125,0.039861485
1813,687997,6.85087,3.8125,3.684479,0.37944785
1036,753551,4.943558,4.53125,0.6306942,0.06354603
1627,908480,2.736015,2.984375,1.0308169,0.10374802
1915,907295,3.551255,2.6875,0.4710276,0.048423927
1557,753605,3.532241,4.90625,0.5881919,0.059263684
1803,1240189,5.1245,4.71875,2.6750088,0.29359806
1873,688015,0.199423,0.55859375,0.29832092,0.03116809
1372,688031,2.940904,2.125,0.8488671,0.10232406
1089,687985,1.786216,2.78125,1.8223479,0.18389581
1928,1330964,4.889694,4.65625,0.57058537,0.057262257
1919,687985,2.897598,1.625,0.45257795,0.046837065
1507,908468,5.455743,4.4375,0.78815126,0.0793246
1494,713899,-5.057716,-4.59375,1.2913154,0.13378038
1997,688010,-1.504521,3.546875,1.149107,0.11577906
2046,688015,1.847984,1.7734375,1.5203767,0.15269244
1736,688006,5.593693,4.84375,0.739034,0.07488328
1175,907295,3.944577,3.9375,0.5631027,0.056602772
1021,688018,1.367501,1.6015625,1.4251086,0.14329883
1013,1240192,3.316378,3.75,0.9415555,0.09440151
2359,687983,4.808689,5.28125,0.4175591,0.04214857
1061,688031,4.239576,3.46875,0.8702722,0.08774949
2154,1240186,2.974594,3.203125,0.40081745,0.04026549
1578,688031,3.926694,4.15625,0.41761738,0.042097673
1809,688025,-2.487789,0.22460938,1.6208827,0.16468027
1933,910899,3.42852,4.0,1.2554739,0.12624158
1908,1240189,2.762147,3.234375,0.61497533,0.062075842
2055,1297439,0.862682,2.59375,1.574335,0.15878156
2047,688023,2.552315,2.328125,1.3128504,0.13192569
1021,688023,0.684638,2.921875,1.4703839,0.14758003
1401,688025,0.575463,1.859375,0.82681394,0.08323282
2039,1240189,1.713302,2.78125,0.41815507,0.04214153
1037,1303901,2.447528,2.765625,0.947653,0.09504581
1912,1240186,3.082398,2.6875,1.7515732,0.1757827
1079,908483,2.652407,2.34375,1.9583004,0.24135163
2170,1299062,3.865487,3.078125,1.400627,0.14083716
1030,1297439,5.524868,5.125,0.48212314,0.048455045
1019,907295,4.093084,2.375,1.5463068,0.15548569
1941,1322212,-5.071452,-4.625,2.479068,0.27705097
1911,688018,-4.662362,-4.90625,2.179841,0.23735577
1917,1240182,2.607813,2.140625,1.4015876,0.14069144
1248,910899,-5.091106,-4.65625,4.7235055,0.52293766
1625,1322212,5.389536,4.71875,0.6538309,0.065616526
1620,1330972,5.303135,5.3125,0.30667815,0.03089957
2173,1330972,4.299515,3.953125,1.0047706,0.10082477
2011,688013,3.44706,4.09375,0.7011125,0.07044285
1808,687983,1.331687,0.82421875,2.2897384,0.23287134
1933,687983,5.675233,4.46875,1.194557,0.12013717
1507,1299062,6.075798,4.65625,0.47680917,0.047952928
1014,688013,4.425009,3.53125,0.4977545,0.05145902
1062,688013,4.903709,4.625,0.5062432,0.05169652
1635,1330972,5.257158,5.21875,0.285587,0.028702486
1047,687985,5.174826,3.203125,3.3031445,0.33576414
1016,910899,0.331515,0.091308594,2.2164793,0.22497778
2109,1240192,2.272872,2.96875,1.0529292,0.10564607
2359,713880,5.1152,5.46875,0.40178937,0.04047323
1049,688027,4.170289,2.71875,0.80306715,0.08076484
1936,687997,3.328785,2.078125,0.6149903,0.061909184
1036,1330972,5.630593,4.375,0.94190794,0.09462259
1510,688006,4.034585,4.03125,1.0483454,0.10533038
1085,753551,2.957534,2.328125,0.43828285,0.044427842
1816,687985,3.68542,2.953125,0.9738043,0.09811633
1594,910899,2.037892,1.6875,1.889542,0.19103144
1043,688027,5.630393,4.34375,0.3149194,0.03178809
1019,688023,3.012375,2.59375,1.563065,0.15686458
1559,910692,-2.633185,-1.0,1.2865398,0.13226256
1806,1240189,4.280422,3.75,1.4509844,0.14630266
1018,687995,5.629053,5.5,0.25594482,0.025711812
1629,687985,5.123308,3.84375,0.52637434,0.05299963
2044,1298349,3.482271,3.5,1.1830462,0.11861366
1507,908480,3.961151,4.4375,0.48575225,0.049032018
1940,687983,3.920519,3.546875,0.7099234,0.07141019
1811,908483,-3.428222,-5.03125,2.0521855,0.2203492
1917,1322212,1.497082,1.875,1.6266366,0.16320923
2359,687985,4.634009,4.40625,0.62158126,0.062908575
1632,1240189,1.715768,2.96875,0.6611523,0.06648081
1825,1240192,-1.24633,0.16992188,0.96234196,0.100821234
1627,687985,2.831699,2.671875,1.1916403,0.120064534
1191,906808,-2.22054,-5.5625,0.33969727,0.041392915
1029,1322212,4.412074,5.46875,0.40915188,0.041351154
1940,908468,4.709161,3.75,0.5978425,0.06004171
2156,688027,2.890747,1.8984375,0.72285014,0.072577454
2159,687997,4.612912,2.8125,0.8800076,0.08836808
1507,688015,3.577774,4.21875,0.62606347,0.06310996
1563,1322212,5.150799,5.53125,0.41212973,0.041544497
1088,1240189,0.711909,1.578125,0.87017375,0.087442
1927,908480,5.058293,4.53125,0.42398947,0.042836826
1133,910692,3.153368,3.921875,0.80594605,0.08089149
1581,687995,3.689431,2.421875,1.3148596,0.13221298
1058,688025,3.68303,1.296875,0.7338142,0.076193266
1268,907295,4.685237,4.1875,0.76857084,0.07732381
1815,688010,4.431619,5.0625,0.4466546,0.045047913
1494,688011,-0.71011,-2.0,2.3400323,0.23979643
1862,688011,-0.619452,-1.125,0.41525123,0.0591095
1043,1330964,4.76386,5.09375,0.3585185,0.036062866
1190,1330964,-1.967558,1.265625,3.0721455,0.52206874
1043,687983,5.777513,5.15625,0.37459102,0.03768658
1811,907295,-1.902993,-4.21875,2.0990562,0.2268968
1563,687980,5.268046,4.96875,0.3962823,0.04022357
1004,724872,-5.393392,-5.625,0.6732594,0.08181259
1624,688031,2.857143,1.4140625,1.5524387,0.15621652
1580,687985,5.093549,4.3125,0.3969922,0.039963983
1635,1299062,5.296217,5.0,0.24186078,0.024328435
1598,907295,1.78776,3.96875,0.8101489,0.081522465
1062,1240192,4.539256,3.9375,1.6359458,0.16533773
2359,713899,4.807559,4.5,0.57262784,0.05781836
1617,688023,0.449467,1.40625,4.2806544,0.43339753
2173,688006,5.282851,3.734375,0.9744674,0.09784098
1020,688031,4.046017,4.34375,0.44024706,0.04459048
1091,688006,2.740474,2.34375,1.1518037,0.11594854
1630,1299062,3.776969,3.328125,0.7201052,0.07227578
1007,1303901,-5.511971,-4.25,1.9156281,0.2102515
1635,910899,4.161241,5.03125,0.29574683,0.029728306
1086,724872,-3.799834,-3.5625,0.91748637,0.09304354
1025,688011,5.478238,4.90625,0.39281768,0.03956064
2039,688010,4.004889,2.875,0.39842656,0.040084604
1620,724872,4.662077,4.34375,0.2544585,0.025816372
1200,1240182,4.656951,3.578125,1.3266478,0.13331215
1401,907295,3.807911,1.7890625,0.91809684,0.09254821
1916,687985,0.313437,2.078125,1.5692385,0.15810971
1069,688027,2.822104,3.15625,0.43483943,0.043802444
1720,1240186,5.798728,5.3125,5.726303,0.58594894
1812,724872,3.415414,2.75,1.5757391,0.15884146
1576,1240192,2.979288,3.359375,0.3157525,0.03177308
1560,688031,2.70192,2.78125,0.8879806,0.0895584
1073,688027,6.870827,3.34375,1.0741487,0.1085594
1564,906808,4.762196,3.328125,0.5694589,0.05887199
2171,1240186,3.665868,2.796875,2.3089583,0.23169486
1930,713899,0.503174,-0.12890625,0.57316226,0.05882659
2148,688027,0.593004,0.11669922,0.7511583,0.0773584
1919,688010,1.001803,1.7421875,0.39719957,0.041022148
1088,1303901,3.861373,2.765625,1.185956,0.118886635
1029,688025,4.712768,5.125,0.42087364,0.04278174
2055,687997,1.15857,1.640625,1.0280541,0.1035823
1510,908483,2.696238,3.390625,0.8693573,0.087572485
1175,908481,4.6036,4.21875,0.7013099,0.07032601
1855,688018,5.473337,3.5,0.97754973,0.0984937
2359,687997,4.040689,4.65625,0.41790122,0.04232718
1510,1297439,2.950498,4.34375,0.9456188,0.09498204
1925,753551,5.34723,4.84375,0.3488077,0.03510624
1179,1240182,1.993751,0.578125,1.0263164,0.10443401
1031,753551,0.957408,-2.5625,1.9203473,0.20415169
1852,1240192,6.041388,5.4375,0.5601729,0.056193795
1042,724872,5.132669,4.3125,0.43213692,0.043688755
1625,753551,5.348042,4.53125,0.4637431,0.046622846
1086,1298349,0.810232,-1.7109375,1.7574879,0.1780074
1925,688010,3.951565,4.71875,0.33908746,0.03413489
1563,908480,5.213297,4.84375,0.36124793,0.036720794
1812,688031,1.4879,2.015625,1.7102395,0.17308876
1622,687980,3.273991,3.90625,0.6438718,0.064816594
1237,688018,4.867167,4.375,0.2854505,0.028858857
2173,688025,3.436249,3.75,0.8607067,0.08641888
1133,753605,3.222198,3.984375,0.72292167,0.072534636
1855,713899,4.660109,3.421875,1.0861477,0.109295264
1855,688025,2.762319,4.375,0.9790034,0.09840888
1005,1297439,2.340206,4.34375,1.0250586,0.10280929
1069,753605,2.396167,3.625,0.576092,0.057959035
1614,753605,4.968372,4.25,0.99469465,0.09992545
2158,687985,3.861159,3.0,1.2977853,0.13069986
1083,910899,3.103265,2.21875,1.2470025,0.1251185
1086,908468,-1.254305,-2.640625,2.0409415,0.20601341
1931,1330964,5.42146,5.40625,0.41449162,0.04182696
1916,1299062,5.101882,2.53125,0.91385907,0.091733225
1529,1240182,4.200989,1.546875,2.709085,0.27566606
1268,724872,3.571724,3.6875,0.49759397,0.050159667
2170,724872,3.345187,3.28125,1.3759404,0.13866684
1068,910692,0.717234,1.1953125,1.0187212,0.10531777
1816,907295,3.582685,3.328125,1.4033045,0.14126635
1576,688023,2.888518,2.890625,0.3066142,0.03094089
1038,1298349,3.454067,2.875,1.2640209,0.12680036
1086,688031,-5.211025,-4.71875,0.59384716,0.06249279
1062,910937,4.280345,5.125,0.62991494,0.06403075
1855,687980,3.523635,3.875,1.0057746,0.101151235
1051,908483,-2.130288,0.30859375,3.9933958,0.40806553
1578,688006,4.704411,5.03125,0.46274787,0.046474073
1033,908468,4.045064,4.625,0.5179876,0.052085172
1006,688025,3.042666,1.8125,2.4915047,0.25757754
1375,1240192,6.469923,6.78125,0.43746257,0.04402034
1782,713880,4.643486,5.46875,0.40178937,0.04047323
1927,1240186,4.751388,5.5,0.5886428,0.059067976
2038,1330972,4.597508,4.5625,0.58788466,0.058951937
1062,1303901,4.100644,4.90625,0.6704962,0.06778673
1024,1299062,0.976394,-0.35546875,0.6546592,0.067680195
2106,688013,3.323118,2.59375,1.25498,0.12711081
1916,688031,3.231949,2.125,1.3556914,0.13659362
1190,688027,0.510601,-3.109375,1.82796,0.2862146
2055,908483,1.530892,1.375,1.1360859,0.11449436
1038,908483,3.770293,2.265625,0.8386158,0.08429719
1024,713899,-1.856844,-0.984375,1.1018213,0.111889906
1022,1240192,1.515096,0.9921875,1.2129767,0.12290595
1819,907295,1.952843,-4.75,1.6891801,0.20255996
1131,908480,3.089096,3.953125,1.8696052,0.18901584
1928,910692,3.564807,4.375,0.74611354,0.07493267
1624,687980,3.161839,2.25,1.4710293,0.14777729
1084,908468,-0.091089,-2.171875,3.9254992,0.4028942
1091,688013,2.800959,2.625,0.7528431,0.07599227
1026,1240182,3.828484,0.5078125,1.8318722,0.19801562
1013,688027,1.94664,2.109375,0.9660963,0.09709602
1020,753551,4.615416,4.9375,0.42657995,0.043157175
1618,908469,5.104042,3.484375,0.79632115,0.080008745
2109,753605,4.430012,2.609375,1.0321189,0.10374802
1624,713899,3.741364,1.9453125,1.729177,0.17373553
2011,906808,5.543806,3.453125,0.70612586,0.07106903
1249,1303901,2.270077,3.046875,0.90236425,0.090487346
2156,688006,3.57461,2.65625,0.8580319,0.08605717
1932,1240189,1.341929,2.625,0.89058566,0.089634255
1919,688027,2.062334,1.546875,0.43966815,0.045408238
1401,688031,0.957327,1.078125,0.3828571,0.038575035
1915,1240189,2.601327,2.59375,0.23965807,0.024413804
1559,1240189,-3.215498,-3.109375,0.58950794,0.06244576
1052,1240182,4.66676,3.421875,1.1062058,0.110991605
1810,687997,1.747352,0.08544922,3.8436637,0.40326753
1614,1240186,5.235965,4.78125,1.315912,0.13195711
1199,908483,3.067282,3.0625,0.69976157,0.07044285
1250,908468,2.22371,0.98828125,1.4078897,0.14156744
1057,687985,-2.404313,-2.359375,0.85288924,0.09119756
1061,688010,4.51434,3.890625,0.72469753,0.07287046
1625,910692,5.471813,4.59375,0.51029474,0.051249232
1578,908480,4.267056,4.5625,0.3527486,0.03551012
1855,713880,3.258034,4.75,1.143324,0.11472804
2096,1322212,2.645298,3.390625,0.74499154,0.07506214
1375,688015,5.356459,5.46875,1.0316383,0.10509229
1079,724872,3.933855,2.546875,3.3245773,0.39665288
1931,1299062,7.173548,5.125,0.34668723,0.034914844
1928,688006,5.063994,4.15625,0.8634555,0.08672919
2158,1299062,5.501891,4.1875,0.6801794,0.068310864
1855,1240192,4.477405,5.375,1.2270187,0.12298474
1007,910692,-2.491732,-2.9375,3.9611387,0.41330883
1598,688031,2.921501,3.4375,0.54088056,0.05447204
2010,688023,1.516539,3.890625,1.355719,0.1359732
1927,688010,3.885023,4.625,0.46001536,0.046383318
1062,1330972,3.616007,4.40625,0.73600245,0.075019695
1873,688025,0.988741,0.54296875,0.39100534,0.04149201
1003,908481,-3.077442,-2.203125,1.2642095,0.12945457
1067,908468,3.561374,4.84375,0.32593185,0.03277912
1058,753605,3.076909,1.640625,0.9479379,0.09800003
1559,688031,-0.973099,-3.78125,0.40191773,0.0432488
1054,1240192,3.913097,4.4375,0.80001473,0.080120556
1053,688010,3.535524,2.421875,1.0771397,0.10822342
1626,908480,2.005042,1.484375,2.3013327,0.23236607
1004,688010,-4.358418,-5.09375,0.86294657,0.098143496
2110,1299062,5.991146,4.25,0.6444354,0.06474833
2148,688025,0.253841,0.671875,0.7712922,0.079905935
1932,910899,2.315659,2.375,1.3523291,0.13593537
1911,713880,-5.510786,-3.84375,2.5048037,0.2648748
1928,688031,2.74176,3.0625,0.75316864,0.075835116
1046,687995,2.333169,1.84375,0.7906983,0.07949358
1037,908481,3.981055,2.765625,1.1450416,0.11478515
1915,688023,2.251156,3.03125,0.37485322,0.03820826
1804,1240186,6.115045,2.765625,14.635483,1.7736319
1036,688010,4.953087,4.375,0.55772746,0.056133267
1815,688006,5.929732,5.46875,0.66935366,0.06739594
1080,1330972,-3.007501,-3.125,1.3761008,0.14288305
1032,753551,3.031082,2.1875,0.37685126,0.039538287
2044,1299062,4.363884,3.265625,0.75688356,0.07598515
1862,1297439,-0.508807,-1.203125,0.34557107,0.05471098
1578,688015,4.415955,4.40625,0.439971,0.044264276
1560,687985,2.713754,2.875,1.2997067,0.13104935
2038,1240186,4.976673,5.28125,0.3864479,0.03871865
1034,1297439,-2.179374,-2.125,1.1254116,0.11590107
1025,908483,4.868403,4.59375,0.41876408,0.0422827
2046,688011,4.255103,3.296875,1.1188391,0.11228338
1630,753551,4.990078,3.78125,0.63962257,0.06432715
1019,753605,3.676202,2.484375,1.3452398,0.13520126
1177,1330972,0.526899,4.34375,0.8301596,0.08323282
1449,1299062,7.334277,5.09375,0.29070893,0.029264772
1021,688006,2.098007,2.140625,1.5738,0.15801671
1620,1240192,5.889734,5.6875,0.2531936,0.025418641
1083,687997,4.629042,1.9765625,0.7810788,0.07841416
1927,1298349,4.831813,5.15625,0.76968986,0.07729026
1013,687983,3.59646,3.0,1.2513977,0.12575044
1560,908469,3.016787,3.140625,1.086542,0.109475285
1736,687980,4.285378,4.53125,0.5564816,0.056721386
1053,687980,1.775387,2.359375,1.2320011,0.1238013
1080,908483,-5.830038,-4.5625,0.7416153,0.079629414
1559,910937,-2.082487,-2.0625,1.0457739,0.11005076
1021,687980,1.677021,1.859375,1.365242,0.13721155
1067,688006,5.062456,5.21875,0.33278528,0.033487026
2109,910937,2.078997,2.71875,0.98185927,0.09866505
1559,1322212,-3.61063,-2.671875,1.377801,0.1418935
1014,910937,3.858906,3.9375,0.573374,0.058801893
1069,910937,3.205231,3.796875,0.6250537,0.06279191
1940,1299062,4.598068,3.421875,0.55191386,0.055487175
1005,687997,4.898828,2.78125,0.8544031,0.085831985
1911,687997,-2.779925,-4.875,2.2104537,0.23838992
1925,908468,5.48261,4.75,0.4459328,0.044824917
1249,687995,3.458994,3.59375,0.8524723,0.08545643
1018,688027,3.821085,4.34375,0.25534257,0.025797965
1853,688023,4.356114,4.25,0.8386408,0.08422524
1919,908480,2.988362,1.859375,0.45135185,0.047094464
2046,1240186,2.872777,4.0,1.1880825,0.11899649
1068,688013,0.988237,0.58984375,0.64211786,0.066523455
1624,910899,2.518553,2.359375,1.6773715,0.1685305
2498,687995,6.578377,7.6875,0.46538344,0.048213758
1782,1299062,6.169429,5.09375,0.30078658,0.030298973
1494,1322212,-3.977983,-3.390625,1.9360112,0.19870278
1008,908480,2.141051,-0.8125,7.311548,0.9589545
1799,910692,5.351672,4.75,1.5496585,0.15760362
1928,753605,4.332701,4.5,0.62126184,0.062393736
1932,687985,2.868155,2.0625,1.2683104,0.12762566
2439,1330964,9.509499,8.875,0.6521394,0.08060916
1593,1322212,-0.107434,1.5,1.6723442,0.16838515
1553,688010,4.201303,2.109375,1.5135071,0.15323597
1032,713880,1.779089,1.140625,1.1927798,0.12429676
1941,688031,-4.760846,-5.0625,1.3839358,0.15570603
2154,688027,2.610411,2.03125,0.449347,0.045243893
1091,908468,3.292965,2.40625,1.7241099,0.17375524
1838,687997,4.239024,3.078125,0.49545875,0.049803235
1629,1322212,5.876713,4.4375,0.72829944,0.073106736
1634,687980,3.866431,3.8125,0.5879191,0.05914893
1250,688015,-0.376944,0.76171875,1.1256298,0.11333752
1613,688013,2.314455,2.953125,1.5853739,0.15926416
1005,1330964,1.022023,4.0,1.0482069,0.105150975
1190,1298349,2.916419,-0.23242188,3.2081614,0.3738761
1913,910692,4.188918,4.46875,0.36339337,0.036486354
1593,1240189,1.234208,1.125,1.0711176,0.108088054
1032,1330964,1.864366,2.0625,0.49503297,0.051460266
1038,688018,3.362607,2.328125,0.82788444,0.08320526
1029,688031,3.409824,4.46875,0.4050452,0.041285686
1373,688011,5.922008,4.84375,0.98175627,0.09915838
1133,687997,5.635599,3.140625,0.7401248,0.07435177
1627,908483,2.576075,2.65625,1.0083941,0.10151193
1634,687985,3.294535,3.609375,0.60969996,0.061389532
1924,688006,3.923355,3.390625,1.4311411,0.14385751
1249,753551,2.821662,2.9375,0.90433115,0.09078772
1560,1240189,3.304205,3.1875,0.8409765,0.08488849
1007,688015,-6.856859,-5.15625,1.1569006,0.1301624
1786,906808,3.636008,1.8359375,0.98873377,0.09983267
1441,724872,2.69993,2.59375,1.1792839,0.118877016
1057,687983,-1.506732,-1.625,1.317603,0.13696906
1020,688010,5.35092,4.84375,0.4001803,0.040418614
1931,908481,5.888248,5.5625,0.77216685,0.07763051
1559,1240192,-2.051413,-1.375,1.5571195,0.16066006
1133,1240182,5.468004,3.890625,0.8875368,0.089033335
2046,753605,2.501993,2.9375,1.5147494,0.15199913
1006,688013,-0.838918,2.34375,1.774282,0.18306638
1617,1240186,-1.416124,2.453125,3.9031634,0.39283937
2048,687980,-4.343222,-4.65625,1.094341,0.11612734
2055,910692,1.721443,2.8125,1.4384965,0.14524531
1192,753605,2.096649,2.828125,1.1521608,0.11598448
1629,688013,3.924275,4.0625,0.47557804,0.047820766
1849,1330972,-1.596169,-0.55078125,0.95823413,0.10025068
1924,1240192,4.230375,3.890625,1.5966918,0.16008627
1799,688031,3.559006,4.125,1.1937666,0.12198515
1511,688025,-0.180183,-1.6015625,0.8407742,0.08658754
2110,687980,3.735157,4.09375,0.641133,0.06449066
2359,1240186,4.806103,5.90625,0.37324634,0.03749574
1093,908480,2.510292,4.03125,0.4261834,0.042950623
1199,907295,3.697314,3.546875,1.2057613,0.12143213
1249,908469,2.41394,3.1875,0.968472,0.09717203
1062,906808,3.382135,4.25,0.52842516,0.05407156
1062,1322212,2.790864,4.96875,0.713465,0.07218139
1050,688010,-0.232246,1.8984375,1.0630294,0.10705761
1378,1330964,3.816954,2.71875,2.3662374,0.23939271
2045,1240186,5.538065,5.5625,0.5545521,0.055609412
1019,908468,2.563665,1.6328125,2.889768,0.29052553
1177,1299062,5.172168,3.796875,0.83656496,0.083974436
1375,713899,4.953263,5.53125,0.8744598,0.08880136
1873,1240192,1.129388,1.4375,0.4740945,0.04896374
1022,910692,-0.198486,1.234375,1.3875235,0.14126635
2148,713899,0.9525,0.29296875,0.645579,0.06605943
2170,906808,4.665383,2.390625,1.4290017,0.14404969
1029,688010,4.696056,4.9375,0.3647772,0.037061047
1873,1299062,2.527594,0.60546875,0.21106473,0.02228219
1849,1240186,2.378765,-0.15625,0.7801673,0.08140336
1053,1330964,2.676655,2.3125,1.8051552,0.18134303
1031,1240182,1.21503,-1.96875,1.9346515,0.20000876
2157,688027,4.316049,4.0,0.40658763,0.040975768
1594,713880,2.794863,1.859375,2.3898754,0.24091
1835,1330972,2.663509,3.640625,1.3494899,0.13530152
1578,688011,5.162692,4.78125,0.32626125,0.032818157
1622,908480,3.311183,3.953125,0.568165,0.057245858
1200,1322212,2.04827,3.328125,1.3627114,0.13674271
1706,908483,0.584614,-0.0053710938,3.076771,0.31291428
1085,910692,2.43442,2.5625,0.4249541,0.043114197
1199,1303901,5.029394,3.5625,1.1115159,0.11163026
1813,687980,4.013025,3.859375,3.5135407,0.36120906
1038,688013,2.965695,3.0,0.7542431,0.07579236
1083,1298349,2.387363,2.5,1.201821,0.12047703
1032,1322212,1.21081,1.8125,0.5168173,0.053273585
1620,1299062,7.184112,5.09375,0.23864342,0.02405631
1576,1299062,3.717583,2.71875,0.23118274,0.023335675
1916,908480,2.398454,2.1875,1.6191299,0.16338877
2157,687980,4.981257,4.4375,0.43445194,0.04370902
1917,687980,2.838896,1.640625,1.0023057,0.10066222
1054,908468,5.054457,2.640625,1.7413915,0.17462339
1808,687985,0.934904,-1.703125,1.0611968,0.10938828
1025,908480,5.722957,4.6875,0.43575856,0.043985635
1007,1298349,-3.520312,-4.40625,2.1889706,0.23959853
1024,908483,-1.744398,-1.375,0.81592053,0.08343146
1912,687995,2.034461,2.015625,1.9395535,0.1952091
1593,688018,0.317707,1.03125,1.2179191,0.12286787
1615,1303901,5.548738,5.125,0.4036143,0.040540766
2046,688013,2.020172,2.65625,1.3710121,0.13750704
2173,688013,3.786128,3.640625,0.65899634,0.06617471
1630,713899,4.544252,3.28125,0.8356772,0.08404446
1199,1322212,4.204557,3.5,1.1549313,0.11591857
2154,688010,1.869616,2.25,0.40921348,0.041194264
1036,687983,5.581733,4.40625,1.1609809,0.116682604
1039,908468,4.566198,4.71875,0.43489206,0.043701425
1057,688013,-3.51923,-1.1484375,1.0359433,0.10781936
1175,1298349,4.136054,4.28125,0.59363174,0.05955022
2157,1240189,3.083657,4.28125,0.36539662,0.036754727
1782,1240186,5.618445,5.90625,0.37324634,0.03749574
1005,688023,2.778897,3.96875,1.0954735,0.10979991
1913,906808,5.386224,4.0,0.3367397,0.03389855
1024,910937,-1.584069,0.22460938,1.2119567,0.124196105
1086,1322212,-0.610512,-1.03125,2.4495091,0.24692133
1799,908469,3.510934,4.59375,1.1520368,0.11742549
1003,1303901,0.372255,-2.40625,0.9442333,0.096423164
2106,687995,1.712725,2.328125,2.08974,0.21032485
1620,713880,4.936247,5.46875,0.301703,0.030398292
2177,688006,2.367725,1.8984375,0.40312257,0.041718952
1559,713880,-3.342956,-2.953125,0.85065895,0.08951807
2045,687983,4.856789,5.03125,0.52015,0.052285187
1085,687980,2.388928,2.109375,0.37485027,0.03788444
1086,687985,-2.931878,-4.21875,0.8926745,0.09169435
1057,753605,1.276491,-1.203125,1.4698383,0.15421173
1249,1240182,4.999597,3.234375,1.0124482,0.10152636
1736,688031,5.177961,4.125,0.56620085,0.057896525
1375,687995,6.204498,6.65625,0.5182618,0.052513342
1021,1240189,0.750342,2.0,1.2066993,0.12131663
1804,1240192,3.741576,3.375,13.075514,1.3875241
1026,1330964,-1.272214,-0.12890625,1.3309351,0.14231394
1069,688013,3.088411,3.3125,0.41048625,0.041290227
2111,1240189,3.502104,3.3125,0.9239872,0.092942566
1088,688025,-1.6002,2.625,1.1514008,0.11550287
2107,688018,4.175036,4.53125,0.3370831,0.034035355
1372,1299062,-0.106174,0.27734375,1.5428909,0.17133455
2159,688010,2.567475,2.96875,0.90132254,0.090444155
1630,687980,5.102432,3.4375,0.6819598,0.068561465
2109,687995,1.938534,2.34375,0.8767112,0.08812652
1042,1240189,4.008741,4.65625,0.41307056,0.04163933
1249,687983,3.349767,3.359375,1.0154237,0.10186231
1908,688013,3.276313,3.234375,0.56402135,0.056885086
1052,908480,2.103621,2.71875,0.8787972,0.08830855
1560,688018,4.311985,2.96875,0.9893094,0.09983267
1911,688031,-5.475741,-5.84375,1.9480412,0.24448162
1131,688023,2.918713,4.875,1.9426824,0.19502999
1007,1240186,-1.854334,-3.828125,2.8154228,0.30363375
1025,688010,4.948545,4.875,0.44163635,0.04446752
1553,713880,2.781556,1.3828125,2.8912327,0.2923017
2157,688025,3.120185,4.71875,0.44231737,0.044447575
1004,1298349,-1.330597,-4.3125,1.529332,0.16570398
1133,1330972,4.572941,3.921875,0.852465,0.08549883
1088,1299062,3.511235,1.8515625,0.79567677,0.07988958
1617,1240192,3.62169,2.703125,3.7139091,0.37371778
1926,907295,2.584108,0.46875,0.89220136,0.09243213
1018,1330964,4.742833,5.15625,0.24906355,0.025077734
2040,910899,1.517987,0.265625,1.191058,0.12179092
1873,1298349,2.546489,0.6484375,0.4148197,0.043173786
1463,688031,3.009428,3.125,0.9831395,0.09915578
1853,687983,3.310795,4.0625,1.0142567,0.10221647
1624,688018,2.157442,1.8515625,1.8157679,0.18264551
2157,910937,2.855518,5.125,0.38425604,0.03857164
2173,753551,3.683089,3.765625,0.75512785,0.07586993
1048,688013,3.981455,4.625,0.35288918,0.035490233
1051,688023,-2.252153,1.96875,3.0173562,0.3064124
2039,687995,2.954308,3.515625,0.5171994,0.05194974
2154,910937,0.787938,2.78125,0.4689146,0.04719457
1862,910937,-1.396554,-1.28125,0.2650078,0.050425336
1038,1303901,4.111092,2.953125,1.0966823,0.11003605
1026,910899,0.257677,0.25195312,1.3085132,0.1372859
1268,688023,4.290627,4.59375,0.6264521,0.06286887
2043,688025,5.120326,4.78125,0.4326733,0.043514162
1029,1298349,4.683903,5.75,0.50939393,0.051465478
1441,753551,2.699452,2.421875,1.2055851,0.12180359
1578,1240192,4.853527,5.3125,0.4189483,0.041997638
1006,687983,2.964198,2.21875,2.1978874,0.22444375
1594,688010,4.187463,2.046875,1.2834966,0.12963445
1849,907295,-0.071402,-0.8515625,0.7393803,0.08011226
2439,1298349,8.749588,9.4375,0.7268778,0.0820675
1557,688010,5.189584,4.65625,0.45872244,0.04625295
1627,753605,2.68795,3.328125,1.4661585,0.14737743
1629,910692,4.612957,4.4375,0.48764667,0.048981335
1912,724872,2.452093,2.71875,1.5462716,0.15595119
1908,910692,3.119611,3.546875,1.0709165,0.10816365
1558,713880,4.766396,2.28125,1.8925419,0.1932625
1011,724872,-0.11251,1.359375,3.057238,0.31707883
1441,687995,2.179653,1.8046875,1.2939081,0.13017656
2170,1240192,4.988491,3.90625,2.0837464,0.20903121
1618,753605,3.441844,4.0,0.79078025,0.07945204
1441,688011,3.051286,2.71875,1.1235585,0.11367065
1614,908481,5.78389,4.03125,1.7679763,0.17744888
2159,724872,3.120965,2.625,0.8785852,0.088261284
1199,1240192,3.320252,4.0,1.1000422,0.11037318
1086,687995,-3.281798,-1.1796875,1.5846148,0.1605625
2157,687997,5.264862,4.28125,0.3654689,0.03680634
1089,687980,3.734431,3.734375,1.4625639,0.14743288
1549,908480,4.412472,4.28125,0.5414346,0.05664501
1626,1330972,5.303135,2.03125,2.159119,0.21718271
1010,687997,3.529051,2.96875,0.2385262,0.024149733
1625,908468,5.507256,4.21875,0.8398514,0.08440797
2048,908469,-4.895819,-3.53125,1.4024341,0.14561729
1845,688006,-1.527371,0.13671875,3.3983154,0.34406453
2498,1240186,7.890018,8.0,0.44705725,0.0458125
1016,688013,-0.208544,1.265625,1.7973806,0.18342781
1043,1297439,4.725607,5.09375,0.3581434,0.035978522
2157,1330972,4.806057,4.96875,0.46659735,0.046837065
1463,687997,5.397795,3.328125,0.93461436,0.09431331
2171,907295,3.891166,2.078125,2.7041223,0.27258745
1931,1303901,3.994923,5.3125,0.65026367,0.06547381
1003,688013,-5.422095,-2.3125,0.9831197,0.10052831
1011,688023,0.940893,1.65625,3.1135395,0.31523222
1043,1330972,4.25547,5.15625,0.40672296,0.040842064
1170,908468,4.639462,3.25,1.0902026,0.1094346
1507,1240192,5.71887,5.21875,0.5306474,0.05322181
1933,688025,4.93176,4.4375,1.285709,0.12942839
1024,1297439,0.979982,0.7265625,1.4655077,0.1504126
1912,687985,-0.589733,1.703125,1.9747635,0.19933338
1917,908481,1.051211,2.0625,1.2453387,0.124902494
1191,688025,-4.420811,-5.21875,0.317965,0.043892328
1817,908483,-6.251021,-5.9375,0.43967906,0.065007344
1816,687983,4.101347,3.390625,1.3455113,0.13529511
1012,910937,0.624088,1.3203125,0.8241009,0.08556789
1180,753551,-2.742837,-3.1875,0.48000184,0.052539647
2171,1240189,-0.035955,1.5859375,2.296811,0.23205316
1932,688027,2.325849,2.28125,0.871224,0.087651454
1630,687985,3.685546,3.09375,1.0313972,0.103766054
1013,687985,2.006325,2.171875,1.16758,0.11746702
2043,907295,4.368567,4.84375,0.4689728,0.04718207
1819,688025,-5.035141,-4.9375,1.1579851,0.13555329
1049,687985,2.897786,2.796875,1.0789818,0.1085534
1814,1330972,5.903049,5.8125,0.42920047,0.04345467
1561,907295,4.135556,1.5078125,1.9444757,0.19797066
1855,908480,5.843391,4.0625,0.93091285,0.09373184
2096,910937,2.823151,3.96875,0.6366856,0.06426729
1631,687997,4.230894,2.515625,0.76578975,0.07690877
1799,907295,5.844772,4.46875,2.0458407,0.20840842
1557,908469,5.029716,4.625,0.5862753,0.05917885
2156,1299062,4.711468,2.40625,0.558111,0.05605908
1918,908469,3.283278,2.59375,1.2629158,0.1274427
1175,688023,2.700769,4.21875,0.4630347,0.046449363
1003,908469,0.727596,-1.734375,1.210037,0.12356649
1020,908468,5.304973,4.6875,0.7115327,0.07167444
1179,1330964,-0.073693,0.32617188,0.94125533,0.096384175
1564,688023,2.421501,2.40625,1.3310999,0.13575853
1564,910899,3.701938,3.03125,0.60609126,0.061519664
1191,687983,-4.719559,-4.8125,0.5464143,0.06836235
1017,906808,3.705612,3.34375,0.6601645,0.06641734
1909,1298349,1.281496,1.6171875,2.4814372,0.25211185
1621,688015,3.461953,3.5,0.999699,0.100576974
1012,687983,1.58863,1.1640625,0.64720225,0.0670502
1441,1240192,1.676946,2.796875,1.482949,0.14882438
1510,1303901,3.257566,4.0625,0.9998957,0.10040693
1843,688010,-0.778101,-0.859375,1.6846582,0.17304586
1177,724872,4.701723,3.0625,1.0099639,0.10164924
2011,1240189,3.627045,3.703125,0.69889504,0.07032738
2172,687985,1.05439,-0.1875,2.8689215,0.29106966
1036,687980,4.752856,4.21875,0.6770089,0.068152405
1559,688011,0.491766,-1.5625,1.2862158,0.13355012
1029,908480,5.111395,4.78125,0.33318865,0.034024544
1259,910937,-1.922272,3.703125,1.8799717,0.18921243
1006,908483,2.031386,0.78515625,3.5594392,0.36422268
1617,688011,2.214466,1.6328125,3.2112987,0.32908008
1913,688015,4.270052,4.09375,0.38190746,0.038422663
1043,908468,4.561075,4.8125,0.42542785,0.04273781
1634,908483,3.108579,3.59375,0.51494056,0.051859625
1941,907295,-1.386209,-4.59375,1.6740444,0.21009468
1052,1240189,0.97003,2.46875,0.7004818,0.07040084
1020,1240182,6.232961,5.34375,0.3701965,0.037326887
1091,687983,1.93008,1.8515625,1.5909637,0.16041677
1494,753551,-4.94943,-4.5625,0.89377743,0.09639085
1843,724872,0.770516,-1.9453125,0.79980755,0.08244425
1023,908480,4.110132,3.046875,0.38468617,0.038709637
2107,1299062,5.812261,4.875,0.38646337,0.038873803
1529,688025,-1.974876,1.0078125,2.0424635,0.20914748
1007,713880,-5.602901,-4.28125,1.8329258,0.20694487
1811,687995,-2.674197,-4.3125,2.0550995,0.21847714
1911,908469,-4.54665,-4.21875,2.1570818,0.22931887
1720,688006,3.045431,2.4375,17.087303,2.0386736
1016,1303901,2.381718,0.9609375,1.8895233,0.19130595
1916,908483,3.144718,2.375,1.2893164,0.12981881
1932,687995,5.270223,3.15625,1.2885001,0.12928218
2096,906808,4.0683,2.953125,0.5970861,0.06055131
1853,1240189,4.536055,3.625,0.6106875,0.06162537
1200,688013,3.055938,3.203125,0.8730975,0.087807834
2177,908483,1.641808,1.859375,0.22011103,0.022628484
2043,724872,4.73849,4.15625,0.31983307,0.032284074
1239,713880,0.303416,2.59375,1.1930339,0.11967931
1617,688015,1.851422,0.8203125,3.3230984,0.33779243
1510,906808,4.322924,3.421875,0.762894,0.07683099
1926,908481,0.480522,0.640625,0.85855716,0.087228656
1083,908481,3.666409,2.609375,1.3689669,0.13723265
1632,908469,3.787201,3.265625,0.7222284,0.07251503
2039,908481,3.936375,3.375,0.6754948,0.06778324
2045,753551,1.715357,4.71875,0.49305212,0.049614124
1549,688011,4.297304,4.28125,0.63325715,0.06653835
1023,1240189,2.88825,2.859375,0.40599808,0.040888038
2039,910692,2.815475,3.265625,0.45589682,0.045945134
1026,688015,-0.4808,0.6328125,1.3354979,0.14309447
1804,688031,5.547272,4.0,5.544589,0.63298947
1375,688018,3.996642,5.25,1.0579265,0.10905118
1617,713880,1.92849,1.4453125,4.8971553,0.49684638
1259,688027,2.611018,1.203125,4.430714,0.45109925
1029,724872,5.120969,4.375,0.30844316,0.03145804
1037,1322212,5.282503,2.625,1.2194712,0.122331366
1007,687980,-5.466868,-5.09375,1.2221097,0.14242351
1012,687997,0.914195,0.6484375,0.34006,0.034902107
1776,688031,3.170579,3.3125,0.34999093,0.035186663
1582,688023,4.066267,4.46875,0.4129279,0.041431285
1048,1240186,7.50474,5.375,0.57841843,0.05800269
1034,908469,-2.375103,-2.84375,1.053514,0.10938828
1024,688010,-1.449084,-0.546875,1.0586956,0.10756254
1632,753551,3.737792,3.375,0.6738844,0.06766973
1133,1303901,3.608947,3.671875,0.8289244,0.08312294
1564,1299062,1.730005,2.453125,0.6977039,0.07044732
1814,687980,5.752665,5.34375,0.57665205,0.05888652
1811,688025,-2.106917,-4.65625,2.1153383,0.22762331
1936,688011,1.722575,2.390625,0.8091557,0.081833325
1814,910692,5.391594,5.5,0.6556184,0.06626043
1626,1240189,0.175751,1.46875,2.025887,0.20461664
1997,908468,4.806839,3.859375,1.9124767,0.19244589
1080,907295,-1.051835,-3.671875,0.9688609,0.10576815
1025,713899,3.930866,4.6875,0.4939002,0.049719416
1853,908481,3.507705,4.21875,1.5058415,0.15119337
1373,687995,5.339396,5.3125,1.4207368,0.14276697
1131,688013,6.044228,4.375,1.6656529,0.16813163
1036,1322212,5.239082,4.625,0.9179118,0.092162535
1936,688010,1.971551,2.21875,0.66564727,0.06700867
1847,1240192,2.861974,5.4375,3.3833108,0.33965775
1852,688006,5.376049,5.1875,0.58411175,0.058788754
1806,1330972,2.760437,4.9375,1.1943699,0.120019816
1036,1240192,4.794233,4.6875,1.3243154,0.1327775
1019,688018,4.682301,1.3828125,1.6946561,0.17074625
1918,910937,2.616546,3.421875,1.1997415,0.1207027
1779,688023,0.518065,0.46875,0.2634256,0.028409552
1849,687997,-0.477609,-1.2578125,0.81297725,0.08505387
1083,688013,2.568444,2.609375,0.8598608,0.08629307
1553,1240189,3.482136,2.671875,1.4199378,0.14419465
1808,687980,-0.600736,-0.34179688,1.3972733,0.14250755
1179,688025,-0.009716,0.107910156,0.9160329,0.09373386
1073,906808,5.4407,3.609375,1.1286414,0.11380084
1089,908468,2.804809,2.984375,2.2740939,0.22879036
1786,1298349,0.841903,2.609375,1.9852306,0.19969153
1917,688013,0.962798,2.203125,0.9759594,0.09805754
1853,1322212,5.076077,4.1875,1.1285052,0.113401204
1084,1322212,-2.743769,-2.8125,2.072455,0.21287984
1007,713899,-5.116662,-5.03125,1.408876,0.15745048
1180,910899,-3.760015,-3.234375,0.6541981,0.06792658
1915,687980,3.091202,2.65625,0.25630876,0.026095271
1825,688010,-0.273858,-1.2109375,0.44235232,0.047205787
1012,908469,0.751895,1.1015625,0.7704918,0.0792103
2499,687980,8.85754,9.75,0.5977894,0.0716846
1011,753605,-1.76327,0.4921875,5.802352,0.60464936
2055,910937,1.3743,2.421875,1.4147618,0.14276569
1561,753551,3.30737,2.21875,1.4577764,0.1498665
1782,1330972,4.034158,5.3125,0.44030455,0.04437375
1782,688006,4.797943,5.28125,0.594968,0.060006253
1804,687985,5.622869,4.6875,4.9571686,0.53114533
1621,713880,3.523403,4.8125,0.78433263,0.07869633
1010,687985,3.777454,3.09375,0.3464686,0.03510624
1529,1330972,3.074294,1.71875,2.700819,0.27453783
1806,688023,4.605345,5.03125,1.2058296,0.1209874
1629,688023,5.329109,4.71875,0.53604114,0.053783905
2107,1330964,4.032216,5.15625,0.43162793,0.043488972
1924,687995,2.650608,3.546875,1.4500957,0.14543879
1560,1322212,2.049717,3.203125,1.1927803,0.11982481
2096,908468,4.900255,2.65625,1.8542252,0.18746093
1908,910937,4.281388,3.734375,0.6986889,0.07025522
1006,688010,2.314844,1.484375,2.5411284,0.26102135
1922,688011,3.761261,2.515625,0.7017479,0.07113475
1067,1298349,5.080606,5.40625,0.57801145,0.058050066
1560,906808,4.516391,2.875,0.8400631,0.084621616
1013,688031,2.018189,2.171875,0.97345203,0.09786691
2171,688031,0.426923,0.76171875,1.9771824,0.19952038
1069,1297439,2.756184,3.5625,0.5747143,0.057820432
1013,1298349,1.772103,3.1875,1.2963225,0.13001595
2173,713899,3.900407,3.21875,0.8637106,0.08684863
1624,687995,5.405398,3.21875,1.4786823,0.1482311
1080,688018,-4.497247,-4.53125,0.6829468,0.073822916
1024,1240186,0.218539,0.546875,1.0913877,0.11152357
1782,688025,4.372297,5.03125,0.49793214,0.05027632
1819,1330972,-1.731711,-4.0625,2.3500829,0.25288326
1048,687995,5.301446,5.09375,0.5000221,0.050180733
1940,688013,2.284189,3.40625,0.42436108,0.042685878
1922,908468,5.436495,2.125,0.8289956,0.08375572
2011,1330964,5.417839,4.40625,0.76719993,0.07701157
1449,1330972,1.267405,5.3125,0.3925781,0.03951963
1630,1240189,3.941223,3.5625,0.58163065,0.05852747
1512,713899,5.315067,4.625,0.26317954,0.02651072
1630,688023,4.58342,3.984375,1.0900223,0.10928697
1058,908480,1.973108,1.3828125,1.0840595,0.11255987
1036,688013,2.746475,4.5,0.5557973,0.055939004
1827,1299062,3.072183,1.0390625,3.0491357,0.3260373
1057,907295,0.986196,-1.84375,0.8762669,0.0959137
1043,688013,5.073957,4.65625,0.29300347,0.029483922
1941,1330964,-4.506025,-4.5,1.7067587,0.20363215
1814,688031,5.535074,4.96875,0.58293635,0.059736807
1819,688023,-5.880176,-3.59375,2.3867474,0.2528248
1463,1299062,3.574539,3.609375,1.1204288,0.11254071
1915,1240192,2.624547,2.890625,0.85751283,0.0868533
1069,724872,2.412106,3.21875,0.37122884,0.037450843
1617,908481,1.126268,1.5,4.994388,0.50546867
2055,713880,0.78799,1.3359375,1.3363119,0.13452241
2171,1330972,-0.355141,2.359375,2.347383,0.23603624
1093,910899,2.828208,4.0625,0.68009734,0.068341605
2109,688013,1.820008,2.46875,0.5194072,0.052246433
1510,908481,4.637749,4.125,1.5825968,0.15888025
2439,1240186,9.757443,9.5,0.53542817,0.05801394
1026,687995,-0.794976,-0.114746094,1.4887812,0.15534078
1594,1240182,5.703522,2.484375,1.9722412,0.19866867
1088,1298349,3.448717,3.203125,1.254062,0.1256778
1576,687985,3.120152,2.390625,0.3359763,0.03393395
1627,1240189,1.792794,2.828125,0.97762835,0.09850162
1177,908469,4.796933,4.125,0.80494857,0.08076484
1510,688018,4.159572,3.375,0.87444323,0.08817005
1594,1330964,3.406664,1.59375,2.3098018,0.23394859
1926,908469,2.599995,0.5234375,0.90347725,0.09350041
1560,1240186,4.741524,3.71875,1.4081008,0.14134523
1029,1240189,4.899587,4.71875,0.31871092,0.032396916
1243,908481,2.155801,2.296875,0.96173227,0.0965874
1494,687997,-2.192954,-4.59375,1.094983,0.11619546
2107,908480,5.384485,4.71875,0.35298327,0.035662875
1168,1330964,0.656621,2.796875,0.7165612,0.07252124
1510,753605,3.851754,4.21875,0.88566333,0.08899852
1072,753551,5.281161,4.6875,0.42352545,0.042617895
1617,908480,3.17245,0.7890625,3.061442,0.31473112
1021,1298349,2.576784,2.796875,1.9309632,0.19374397
1632,1330972,3.688603,3.59375,0.740797,0.07429898
1736,1240192,5.264522,3.9375,1.6359458,0.16533773
1624,713880,3.928588,2.734375,1.9441742,0.19502999
1089,1240186,5.766926,5.4375,1.0897098,0.10931432
1510,908469,4.240521,4.03125,0.8190745,0.08227138
2171,688011,3.157665,2.78125,2.1726825,0.2203347
1618,910692,5.596588,4.09375,0.65435356,0.06575467
1024,688013,-2.072678,0.103027344,1.1787207,0.120217435
1816,1299062,7.466042,3.484375,0.94639796,0.0951797
1918,1299062,6.07854,2.921875,0.9496915,0.095462464
1089,1297439,3.049507,5.125,1.163548,0.1169406
1024,687983,1.88566,-0.03857422,1.3438151,0.13750704
2498,1330972,7.020215,7.46875,0.464065,0.049522858
2170,1240189,1.80643,3.0,1.3402226,0.13532257
2106,910937,0.25217,2.953125,1.6748271,0.1692124
1372,910899,2.302303,1.3046875,1.1072342,0.13346812
2177,724872,1.968273,2.046875,0.19057718,0.019609202
1916,1322212,1.192194,2.015625,1.7398822,0.17507832
1062,688027,4.460524,4.3125,0.4876245,0.05046402
1012,1303901,0.365073,1.28125,0.659465,0.06757913
1835,688031,2.486363,2.078125,0.7946246,0.079875216
1038,908481,4.658888,2.9375,1.3311307,0.13348323
1494,1240186,-0.873864,-2.96875,1.6408188,0.16789821
1050,687980,0.107779,1.796875,1.1816556,0.11903107
2172,1240189,-1.680523,0.765625,2.8130865,0.28580713
2106,907295,3.43258,2.15625,2.050557,0.20769092
1084,688031,-2.557394,-3.53125,1.9090818,0.19778103
2039,688025,3.759544,3.0625,0.47869483,0.048160177
2110,688025,4.107091,4.46875,0.6535777,0.06566689
1512,688027,5.875945,4.40625,0.2661886,0.026885316
1004,1240192,-5.340034,-2.5625,2.0472891,0.21047127
1786,1240189,1.065142,1.9140625,1.037952,0.10493626
1614,910899,5.697962,3.703125,1.0125345,0.10173234
1830,687980,2.799122,2.234375,0.3643906,0.036892954
1029,910692,5.649144,5.09375,0.40650997,0.041112065
1629,908483,3.596632,3.84375,0.44700062,0.04502747
1019,908480,3.260243,1.9453125,1.494542,0.15039058
1635,688006,5.040684,5.25,0.2825217,0.028408384
1852,910692,4.331751,4.96875,0.4309483,0.043348476
1507,688018,5.276619,4.09375,0.52868295,0.053365458
2107,688031,3.845173,4.375,0.3999252,0.040380538
1200,753551,3.038994,3.328125,1.0427487,0.1048886
1802,713899,3.453836,3.109375,0.21135603,0.021256177
1012,713899,0.688282,0.625,0.29275808,0.029956723
2438,688013,7.278135,9.875,0.9254255,0.1127653
1248,1240182,1.149434,-4.21875,5.5190125,0.6188304
1873,910937,0.741273,1.0234375,0.494438,0.052662298
1024,908481,1.85802,0.25,1.167789,0.11864634
1919,753551,3.019473,2.140625,0.45297915,0.04759596
2010,1330972,2.591966,3.8125,1.5357504,0.15410648
1786,1299062,4.779224,2.625,1.0167212,0.102489986
1200,1240189,1.949345,3.015625,0.8902398,0.08969673
1053,688006,3.389652,2.53125,1.4595966,0.14644921
1933,908480,2.063755,4.03125,1.012083,0.10207492
1047,910899,4.409378,4.09375,1.6883751,0.17019565
1598,1330964,3.565674,4.09375,0.6027003,0.060564127
1502,1303901,4.259584,4.84375,0.4281635,0.04297407
1170,688018,2.409638,3.0625,0.7978558,0.080187276
1553,688011,3.629926,2.640625,1.4912361,0.15158392
2010,687985,2.407384,2.375,1.0516812,0.10573174
1939,1298349,3.730338,2.578125,1.819956,0.18297096
1036,908483,3.587607,3.9375,0.8913666,0.08981026
1581,1330972,3.588999,2.265625,1.5917095,0.15994766
1018,687983,4.716262,5.28125,0.25268948,0.025454031
1997,1240186,4.718726,4.5,1.5197049,0.15248021
1782,688023,5.234572,5.46875,0.3897778,0.039207198
1564,688010,3.305468,3.71875,0.49034542,0.050326675
1249,688015,2.281798,2.34375,0.67563033,0.067827955
1630,908469,4.65894,3.75,0.71673536,0.0719822
1085,687985,1.660799,1.953125,0.4060673,0.04103941
1622,1322212,5.414531,4.28125,0.85564554,0.08590007
1375,910692,5.892536,5.71875,1.0847906,0.1102688
1033,1322212,5.389602,5.0,0.45786193,0.04598337
1776,688023,4.005559,4.40625,0.26222736,0.02631348
1248,910692,-3.003416,-4.40625,6.213798,0.6766001
1059,1240192,0.04773,0.546875,1.3139461,0.13464753
1843,1240189,-1.934111,-2.234375,1.5036887,0.1611156
2040,908483,-0.414195,0.45117188,0.9346484,0.0956387
1845,713880,-0.146343,2.4375,2.1658046,0.21718271
1083,910692,2.080545,2.90625,1.1231519,0.112728916
1831,687983,3.691047,3.53125,0.37933007,0.03816336
1043,713880,4.796805,5.3125,0.3972779,0.03989888
1067,1297439,5.640373,5.0625,0.293684,0.029552402
2055,907295,1.443922,1.609375,1.5111055,0.15240447
1620,688025,4.872609,5.0625,0.29888445,0.03014437
1016,1330972,1.411969,0.8046875,1.7686893,0.17893864
1017,910899,3.061906,3.96875,0.69179136,0.0694504
1068,1298349,2.166411,0.18945312,0.68203956,0.069946006
1582,1330972,3.507281,4.34375,0.5235273,0.052539647
1912,688027,1.255452,1.7265625,1.8600796,0.18798995
1925,910692,4.70518,4.9375,0.33816943,0.033976886
1916,724872,3.396512,2.9375,1.2321763,0.1242088
1401,688010,1.084863,1.7578125,0.5152758,0.05183086
1799,1330972,3.78865,5.0625,1.3466107,0.13614143
1259,688015,1.970936,1.5390625,4.0458045,0.40826806
2154,1297439,2.095181,2.65625,0.39607602,0.03994675
1177,907295,3.951236,4.21875,0.95269895,0.095610045
2106,906808,5.592303,2.109375,1.6665154,0.16854173
2159,688013,2.940145,3.484375,0.7818254,0.07841396
1931,1322212,5.548958,5.375,0.573781,0.05768561
1058,1240192,1.794119,1.65625,0.9721197,0.09920758
2055,1240189,0.599393,1.453125,1.0593051,0.10689603
1558,1297439,3.779394,3.5,1.075663,0.10984449
2148,1330964,2.522387,1.046875,0.9567931,0.09983267
1014,688031,3.829425,3.234375,0.5442822,0.055954855
1778,687995,2.291686,2.234375,1.8440307,0.18545505
1909,907295,-0.74274,1.5546875,2.1270764,0.21905798
1011,688031,2.051157,0.33398438,6.0097923,0.62548983
1594,687983,0.728397,1.640625,2.372012,0.24054894
1819,753551,2.651268,-5.0625,1.1002414,0.14176409
1817,688031,-5.280103,-6.1875,0.20793642,0.046422597
1191,907295,-3.635902,-5.0625,0.37449124,0.058316827
1175,1322212,4.532451,3.859375,0.68689924,0.06890636
1799,724872,5.136229,4.25,1.0408332,0.10621999
1507,1303901,4.853253,4.84375,0.63054395,0.063381925
1179,1322212,0.723764,0.22070312,1.1288939,0.114694625
1200,1330972,1.856601,3.5625,1.3682228,0.13734229
2096,1240189,2.870965,3.34375,0.5311252,0.053774096
1441,1330972,-0.270549,1.8828125,1.5971346,0.1608473
1463,688013,3.765783,3.953125,0.8117229,0.08171365
1038,724872,3.434848,2.5625,0.67847973,0.06823503
1249,688023,2.240455,3.359375,0.9985777,0.10013545
1720,908483,2.105674,1.8125,11.815829,1.3081263
1025,688013,4.000665,4.8125,0.40764672,0.041036543
1017,1297439,2.26931,4.65625,0.4379252,0.043944065
1022,688031,-0.598416,-1.1875,0.6951318,0.07123411
2106,688031,1.706098,2.234375,1.6457536,0.16650122
2107,1240186,4.987484,5.71875,0.538686,0.054049272
1811,1240189,-2.569676,-5.21875,2.073937,0.23102923
1058,1240189,1.743358,1.578125,0.65546787,0.06839211
2055,688031,1.330951,0.73828125,0.7165093,0.072304
1927,687997,4.107696,4.5,0.41202334,0.041627858
1060,1240189,1.36932,3.0625,0.8325146,0.09579752
1016,1240189,0.633754,1.234375,1.8061266,0.18583916
1922,688015,1.892588,1.90625,0.49203312,0.049611665
1089,1298349,5.454656,4.9375,1.8532135,0.1860711
1020,1330972,5.301463,5.34375,0.37108123,0.03737992
1930,1240192,-0.096332,0.97265625,0.8737732,0.0887746
2177,910899,2.01406,1.90625,0.5715258,0.059085667
1631,908481,3.323832,3.046875,1.4845127,0.14877276
1928,713899,4.314755,3.34375,0.8518816,0.08568957
2110,908483,3.825741,3.9375,0.655931,0.06607354
1031,908481,-0.59552,-1.984375,2.4511354,0.2529026
1814,1240192,6.138281,6.3125,0.32048872,0.03221023
1918,908480,2.545595,2.828125,1.2521431,0.12659083
2040,1298349,1.307088,0.51953125,0.8965707,0.09155595
1560,688006,4.742833,3.4375,1.1449155,0.115086265
1080,687980,-4.387403,-4.25,0.8018092,0.08556534
1911,688013,-5.650857,-4.34375,2.6039598,0.2763224
1199,1298349,3.945215,3.65625,1.3628181,0.13683316
1073,753605,2.7562,5.125,1.0856347,0.10933419
1039,1240182,5.416218,5.09375,0.40973207,0.04119976
1630,908468,5.526792,3.6875,1.2179651,0.122321025
1706,687980,1.34056,0.36523438,2.9888096,0.3056189
1924,1330964,4.147573,2.828125,1.6714532,0.16812912
1862,687997,-1.429061,-1.671875,0.25754437,0.03555178
1008,1297439,3.366909,0.49609375,7.929441,0.88910455
1085,753605,1.693972,2.53125,0.5722039,0.058027975
1373,687985,5.369952,3.5625,2.2694366,0.22968361
2107,688013,4.451094,4.84375,0.31996754,0.032231115
2359,688027,5.574817,4.375,0.4347321,0.04399807
1706,688025,-2.931329,0.73046875,3.0344026,0.30929238
1020,687997,3.997536,4.65625,0.35086167,0.035509773
1583,1240186,2.761609,3.203125,0.40081745,0.04026549
1012,1240192,1.979962,2.09375,0.6617888,0.06776692
1635,713899,5.33794,4.6875,0.25428605,0.025598194
1017,908469,3.948354,4.1875,0.5421281,0.05443214
1933,907295,4.643664,4.40625,1.4090624,0.14184599
1630,910899,4.135594,3.390625,0.87716544,0.08811865
1583,687995,2.467589,3.0,0.36084515,0.036303643
1853,688013,3.463345,3.625,0.7253122,0.07311466
1779,910692,-0.016286,0.66796875,0.21901935,0.024038669
1557,687995,3.91667,5.15625,0.7087883,0.07125869
1047,688011,5.754837,4.40625,1.457216,0.14727432
2039,1297439,4.026437,3.15625,0.51485336,0.051862445
1069,688015,2.883856,3.34375,0.4134504,0.041604076
1093,688027,2.712047,3.671875,0.4278524,0.04308898
1814,687985,5.448999,5.28125,0.58155006,0.05927658
1512,908481,5.997728,5.5,0.42907554,0.043075804
1011,1240192,2.267142,2.578125,2.7847993,0.28079116
1180,908480,-2.679249,-3.59375,0.41662046,0.043982796
1576,713880,2.783523,2.90625,0.2982792,0.030099792
1375,1298349,6.341548,6.6875,0.68677664,0.06988375
1032,688023,0.628455,2.015625,0.5452763,0.056490663
1561,1330964,1.731267,1.0859375,1.9732614,0.20221132
1053,688023,1.12937,2.609375,1.7215713,0.17277178
1813,688010,5.8495,4.0625,2.9713464,0.30472398
2439,687985,9.529148,8.75,0.47698554,0.053853627
1091,1240189,2.519152,2.328125,0.83000326,0.083912775
1248,908480,-1.792138,-5.375,3.9078898,0.505274
1006,1299062,4.035565,0.69921875,1.2080154,0.12328142
1091,906808,4.980409,2.109375,0.925402,0.093438044
1191,713899,-4.408251,-5.59375,0.41989848,0.050097782
1494,724872,-2.042742,-4.96875,0.89935356,0.09360331
1085,906808,4.25452,1.9375,0.27365527,0.027657116
1630,688013,3.177508,3.78125,0.5686942,0.05713012
1802,687980,2.444655,3.1875,0.27618957,0.027766975
1808,687995,-2.14959,0.39648438,1.3997147,0.14250755
1054,688015,3.421965,2.265625,1.3256137,0.13306518
1849,713899,-0.947751,-1.2421875,0.8650968,0.08943573
1855,1303901,4.296216,4.375,1.1310523,0.113562815
1594,1299062,1.371215,2.609375,1.3507444,0.1358213
1873,908468,3.100607,0.89453125,0.47821918,0.0500314
1622,688011,4.985848,4.09375,0.56239235,0.056602772
1021,687985,1.553593,1.6953125,1.3984778,0.14059725
1632,724872,3.345335,2.84375,0.70267767,0.070708014
1911,724872,-4.23985,-4.8125,2.2957609,0.24703786
2096,1297439,5.362445,3.6875,0.9629759,0.09723189
2172,1322212,3.817257,1.078125,3.0748165,0.3106572
1268,910899,3.950989,4.09375,0.66744995,0.06707069
1133,1330964,3.496854,4.0,0.7114037,0.07136453
1058,1240182,4.066717,1.59375,0.91344243,0.0938276
1855,1240182,6.619664,4.5625,1.149356,0.11538628
1810,910692,0.909984,1.8671875,3.4198856,0.35072353
1910,688006,1.714852,0.4453125,5.907312,0.6062978
1635,713880,4.955966,5.40625,0.28309622,0.028466156
1046,688023,0.989259,2.109375,1.1120063,0.11174327
1922,687995,3.119105,2.296875,0.8013807,0.08082426
1845,687983,0.012847,1.1796875,3.0777013,0.31104952
1917,907295,4.665122,1.9453125,1.3869958,0.13933541
1618,687995,3.361157,4.21875,0.76179475,0.0764195
1061,1297439,3.787679,4.5,0.8102529,0.081408516
1079,1298349,3.640649,1.2421875,4.9099545,0.5260865
1560,1330972,2.434439,3.5,1.1971976,0.120268576
1192,1322212,3.764161,2.359375,1.1858824,0.11924396
1039,908481,5.465862,5.21875,0.6180737,0.06200212
1512,910692,5.039094,4.96875,0.25645638,0.02578308
1804,724872,5.021788,5.0625,0.3537655,0.03681936
1502,753605,3.882389,4.8125,0.3521032,0.03538759
1023,688023,3.280603,3.421875,0.44099718,0.044308294
1086,1240192,-1.377066,0.546875,2.544673,0.25709534
1049,688010,3.937074,3.203125,0.8107364,0.08141205
1925,1330972,4.390147,5.09375,0.42908028,0.043110967
1852,688018,6.538675,4.46875,0.37857363,0.038273543
1941,1240182,-2.550118,-4.3125,2.6598701,0.30031028
1175,687995,3.4818,4.59375,0.41873214,0.041989654
2039,1298349,3.660965,3.171875,0.7196516,0.07230553
1250,687997,4.466881,1.3203125,1.0911634,0.10979998
1815,1240186,6.521677,5.90625,0.82962817,0.08327812
1019,687980,2.992752,1.6796875,1.4134831,0.14212988
1036,908468,4.785401,3.828125,1.591457,0.16011214
2047,1240189,-1.386623,3.234375,0.61497533,0.062075842
1237,688011,4.863466,4.84375,0.2512612,0.025315998
1634,687983,3.589868,4.4375,0.63306797,0.06362553
1853,1240186,4.498454,4.375,1.4037566,0.1409616
1014,908469,4.913951,3.390625,0.60865766,0.06312641
1812,687985,2.288276,2.28125,2.108167,0.21262185
2038,688031,0.786811,2.59375,0.9852662,0.09924828
1634,688018,6.402414,3.53125,0.59710383,0.0601907
1560,910692,3.122961,3.9375,1.1483004,0.115844496
1177,713880,5.084916,4.5,0.8870751,0.08893924
1020,688015,4.338325,4.5,0.50957304,0.05142177
1786,753551,5.345388,2.15625,1.5967175,0.16207053
2154,910692,2.417482,2.640625,0.40703934,0.041021295
1372,1240182,4.439722,2.078125,2.0106204,0.26666299
1268,1299062,5.935106,4.15625,0.582754,0.058559775
1047,1322212,4.725949,4.5625,1.8297013,0.18392055
2148,1330972,-0.450058,1.2265625,1.031547,0.10633198
1913,688027,5.055029,3.890625,0.36549166,0.03681687
1580,713880,4.751407,5.25,0.372815,0.03742769
1200,908468,3.390499,3.4375,1.3374257,0.13433681
1614,908483,1.871779,3.28125,0.9631176,0.09697448
2171,688027,1.648166,1.109375,2.3448417,0.23714373
1086,1240182,2.6428,-1.3828125,1.5948268,0.16112976
1051,1322212,3.080212,1.4609375,3.4753237,0.3524373
1022,688018,1.53592,-0.49414062,1.0942224,0.11134387
1831,688013,3.262515,3.203125,0.33082166,0.033276882
1180,908483,-3.845012,-3.78125,0.4218192,0.044927716
1912,907295,4.11381,1.7734375,2.1314986,0.2156441
1179,1240192,0.441198,1.2109375,0.94976,0.09627524
1079,688010,3.044005,2.3125,1.6709672,0.19742467
1177,688015,2.814074,2.78125,1.2897683,0.1296468
1034,753605,-1.641452,-2.359375,1.2380352,0.12840177
2359,687980,4.500953,4.71875,0.5140547,0.05204579
1817,753551,-6.23855,-5.84375,0.23479697,0.052419312
1048,1240182,5.489926,4.96875,0.58039457,0.058340933
1917,1298349,3.41458,2.0,1.0802681,0.10830901
1051,1330972,-1.436188,2.0625,1.8971964,0.19180529
1843,908483,-1.541039,-1.5546875,1.5467801,0.15959325
2499,687997,9.93116,9.625,0.5853884,0.071330965
1237,688013,5.0886,4.65625,0.27515087,0.027704414
1038,910937,2.430435,3.40625,1.1070088,0.1111216
1021,688013,1.305263,2.390625,1.1881208,0.11939186
1069,908481,3.359519,3.90625,0.8280071,0.08308725
1809,1330972,-2.984514,1.296875,1.4225229,0.14413841
1096,910899,1.455652,1.8828125,2.008914,0.20255867
1831,688018,4.400661,3.078125,0.39030957,0.039291263
1036,906808,5.168891,3.84375,0.68436235,0.068969816
1036,908481,4.593579,4.28125,1.8004282,0.18064669
2438,907295,10.03776,10.0,1.2223241,0.15292598
1030,907295,5.758346,5.0,0.54191226,0.05453075
1010,1322212,3.78539,3.46875,0.44256273,0.04465966
1618,713880,3.317201,3.75,0.9487179,0.09518999
1096,688011,2.736753,3.265625,1.5257058,0.15524995
1558,910692,4.015113,3.6875,0.825186,0.08432172
1175,1240192,3.777559,4.46875,0.4394855,0.044063352
2172,713880,1.188806,1.7578125,2.7940161,0.28099555
1631,1240186,5.088083,3.859375,1.154438,0.115664445
1012,688025,0.828418,0.97265625,0.54773736,0.056409
1029,1330964,3.41701,5.28125,0.3532148,0.03598175
1003,713899,-3.065966,-3.1875,0.9477291,0.09654451
1908,687983,3.521943,2.609375,1.2909905,0.12981288
1248,1322212,-3.3099,-4.46875,6.1847997,0.68680805
1086,908480,-2.835091,-2.703125,1.4004867,0.14215264
2048,1240192,-3.20563,-1.953125,1.9586208,0.19941083
1809,724872,1.488378,-1.234375,0.8256393,0.08396931
1913,687980,5.102432,4.21875,0.37505087,0.03774007
1022,1240189,-1.051472,-0.55859375,0.998213,0.10237091
1511,908480,-0.686152,-1.6953125,0.9694807,0.09950279
1038,688015,1.566137,2.265625,0.78799057,0.07916029
1026,688006,2.263494,0.38671875,1.4898902,0.157822
1813,688013,5.687492,4.46875,2.1034698,0.21494329
1014,688010,4.117481,3.515625,0.50784105,0.052791707
1038,688025,3.0172,2.890625,1.0088606,0.10134854
1511,910692,-1.683103,0.14648438,1.2641307,0.12892838
2055,1298349,3.849265,1.7421875,1.1655656,0.11702811
1030,753551,5.110285,4.84375,0.4452595,0.04483233
1626,908469,4.024915,1.46875,2.671891,0.27031574
1190,1240182,3.815703,0.22851562,3.947915,0.47588918
1249,908468,3.466601,2.65625,0.95575285,0.09591652
1598,753551,4.506461,4.09375,0.5545123,0.05572182
1378,688025,3.664788,3.078125,1.8659189,0.1891444
1031,1303901,-4.786966,-2.390625,1.8861544,0.19540574
1622,724872,2.878862,3.578125,0.5176008,0.052203283
1016,906808,2.239628,0.45507812,2.3641996,0.24097954
1909,688013,-2.384359,1.078125,2.5977569,0.26662114
1511,687980,-1.27947,-1.859375,0.9481085,0.097470164
1149,908483,0.632878,0.25195312,0.9160467,0.09331705
1039,688011,4.429679,4.65625,0.32093585,0.03231442
1029,688018,6.291739,4.53125,0.31521338,0.032110568
1809,687983,2.184625,1.1484375,1.7508454,0.17825682
1835,688025,3.236282,3.234375,1.2333543,0.12372405
1494,688015,-3.964748,-4.8125,1.0299128,0.10746204
1054,687983,4.690614,3.78125,0.93390983,0.09363494
1629,908481,5.911341,4.65625,0.90738004,0.09104234
1529,908480,1.273161,0.953125,2.1102965,0.21694875
1058,713899,1.470613,1.5234375,0.90473783,0.093091875
2055,1299062,2.538021,1.0703125,0.71681404,0.07225802
1849,688025,-0.916674,-0.94140625,0.81198835,0.08586511
1802,1299062,5.79717,3.453125,0.1763126,0.017741725
1629,1240189,2.759639,3.90625,0.45791548,0.046096943
1560,908468,4.103309,3.34375,1.4736886,0.1483517
2111,724872,3.87396,3.078125,0.9475564,0.095313355
1007,687985,-6.345046,-5.84375,0.7682654,0.10389427
1622,1240189,3.06843,3.828125,0.5567598,0.05605908
1093,910937,2.533253,4.75,0.5302383,0.053231742
1091,688018,4.883187,2.21875,1.049644,0.106192686
1582,724872,2.961185,3.5625,0.34761998,0.03503303
1131,1303901,1.067312,4.3125,2.2176816,0.22334254
1036,724872,3.837282,3.640625,1.3684721,0.13821708
1079,1240182,4.743931,2.828125,3.6883318,0.40481618
1373,1322212,4.763952,4.96875,1.1751151,0.1180673
1011,1240182,-1.344819,1.3046875,5.305267,0.53984356
1622,1240182,5.409037,4.4375,0.7302389,0.0734032
1560,724872,3.895736,3.25,1.0364254,0.104529984
1916,907295,4.952514,2.296875,1.5459367,0.15553245
1624,688011,3.671096,3.484375,1.2149595,0.12225716
1560,688010,4.119836,2.9375,0.77007484,0.07762694
1578,688013,5.391791,4.59375,0.3497966,0.035167124
1060,1303901,3.803775,3.25,0.70323914,0.073018596
1843,688013,-4.524626,0.12695312,1.700624,0.1753005
1557,688006,4.691865,5.03125,0.6581999,0.06625896
1086,687980,-4.684558,-2.828125,1.3405383,0.1361975
1622,1240186,5.55127,4.84375,0.80405796,0.08065914
1372,687995,2.089611,1.7421875,1.8620977,0.20495002
1067,687995,5.148433,5.28125,0.36692202,0.036865745
1131,910899,3.982449,4.09375,1.863913,0.18784454
1011,687985,2.504218,0.62109375,3.4586725,0.35912028
1079,908469,2.580158,2.015625,1.8522358,0.21145765
1908,1303901,4.912576,3.296875,0.7728038,0.07761318
1168,908483,3.085079,2.484375,0.54346555,0.05489057
1059,688023,-1.368354,-0.6015625,1.1121795,0.115897596
1510,1299062,5.778775,4.0625,0.8240663,0.08282152
1005,687985,1.700361,1.7421875,0.85241485,0.08567065
1025,1298349,4.966269,5.3125,0.8922778,0.08957766
1449,688013,3.897807,4.875,0.37252438,0.03758154
1068,688006,1.710422,0.19335938,0.7246508,0.07437464
2045,688031,4.145921,4.09375,0.56820154,0.05729172
1049,1330964,4.186201,3.8125,1.0448947,0.1048187
1239,753551,3.530299,1.7734375,0.9916734,0.09976954
1014,713899,4.584209,3.40625,0.76461726,0.07896848
1190,908483,-1.745001,-1.984375,4.9171844,0.5837716
1093,713899,4.086653,3.8125,0.49334574,0.0496636
1922,688018,0.666973,1.953125,0.6137239,0.061866075
1553,724872,2.937013,3.140625,1.4564483,0.147149
1621,687985,4.51252,3.46875,0.9709606,0.097743616
1441,910692,2.60081,3.140625,1.2502517,0.12635735
1814,724872,5.810954,4.8125,0.43203855,0.044011474
1622,687997,4.702981,3.765625,0.5223052,0.052613083
1080,1298349,-2.488154,-3.515625,1.4648215,0.15439144
1996,687980,5.102408,3.1875,0.82996935,0.08336571
1930,753551,0.898196,0.47265625,0.6813412,0.07029923
2110,908468,4.464663,4.09375,1.1289543,0.11350047
1179,908468,0.281551,-0.0043945312,1.1214986,0.114119396
1804,688011,6.379513,4.46875,3.5537338,0.3785061
1259,688023,3.097904,4.09375,1.6590174,0.16645817
1926,688015,-0.15827,0.73046875,1.106997,0.113804676
1512,724872,4.972559,4.25,0.24314927,0.02459071
2177,1240186,1.816141,2.65625,0.35334972,0.035761576
1031,908480,-2.38775,-2.734375,1.6302744,0.16967642
1022,688027,0.715632,-0.5859375,0.8638766,0.08827531
2154,687985,3.174869,2.078125,0.45042482,0.04540481
1084,688015,-2.354374,-3.0,2.2916653,0.23433284
1010,688025,2.605204,3.609375,0.33402866,0.033889253
1096,908481,2.614639,2.59375,2.1873431,0.21980168
1915,908483,2.99749,2.515625,0.21894024,0.022303293
2173,910937,3.045826,4.21875,0.771795,0.07745505
2171,687997,3.782938,1.546875,2.4874957,0.25148416
1072,753605,3.419683,4.875,0.53133744,0.05340974
1915,910937,2.358516,3.359375,0.40571412,0.041404285
1038,688010,3.933043,2.5625,0.75183356,0.07551741
2359,688023,4.947356,5.46875,0.3897778,0.039207198
1615,753605,4.775806,5.1875,0.30990216,0.03116157
1854,753551,5.50097,4.78125,0.45745638,0.046023436
2172,687997,3.968975,0.69921875,3.1841793,0.32383794
1853,688018,6.410683,3.59375,0.69788533,0.07055575
1817,1240192,-4.727343,-5.15625,0.82960063,0.116004
1926,1299062,2.187287,0.023925781,0.46872687,0.048458073
1802,713880,3.410492,3.96875,0.20072284,0.0201643
1936,910692,3.357168,2.765625,0.649413,0.06551501
1032,688013,0.431017,2.296875,0.31900126,0.03297909
1372,906808,2.619033,2.125,0.8680681,0.11184898
1776,1240192,4.974439,4.71875,0.2337498,0.023432342
1854,688015,3.681001,4.40625,0.5292276,0.053286918
1084,687985,-2.836247,-3.578125,2.0930276,0.21897304
1008,687997,0.538379,-0.890625,6.7061067,0.8241079
1086,713899,-3.673048,-3.21875,1.322684,0.13381621
1068,906808,2.603391,-0.009277344,0.6872984,0.0710545
1237,688025,4.107079,4.9375,0.33597508,0.03382158
1928,688015,3.232354,3.25,0.88434434,0.08892341
1085,688018,2.752599,1.984375,0.36726126,0.037071493
1375,908483,6.250153,5.5625,0.8021651,0.082687266
1529,687983,-0.188836,1.515625,3.3461192,0.34239453
1080,688031,-4.751807,-5.28125,0.34923732,0.040186767
1084,687983,-3.626818,-2.65625,1.6780359,0.1718302
2044,687985,2.021179,2.65625,0.93767715,0.09427024
1011,713880,2.342281,2.203125,1.7052296,0.17207722
1250,908469,0.857431,2.078125,1.9672406,0.19795659
1089,910692,1.822852,4.59375,1.5517516,0.15614738
1630,910692,3.696753,4.21875,0.8546303,0.08590696
1372,753551,2.436835,2.421875,0.7701886,0.104154356
1373,688025,3.601822,4.71875,1.3254613,0.13383213
1813,687983,5.777744,4.875,2.2202153,0.22487481
1825,687985,-1.765661,-1.890625,0.35114655,0.03911648
1025,687983,5.70751,5.15625,0.52439636,0.05280047
1175,688013,0.319897,3.53125,0.47107345,0.047330145
1557,687983,5.56506,4.875,0.7272593,0.073409826
1625,687995,5.047171,5.15625,0.47854567,0.04799622
1564,688011,4.321512,3.984375,0.6167722,0.063968
1046,1330964,1.427668,1.9609375,0.98991245,0.09945944
1631,688018,2.621451,2.40625,0.89986396,0.090373926
1036,910899,3.484514,3.984375,0.8988258,0.090428405
1023,908483,3.254602,2.84375,0.38190746,0.038422663
1042,688015,3.156235,4.625,0.52085334,0.05251761
1003,910692,-3.536045,-1.2578125,1.4520637,0.14738782
1020,753605,5.235027,5.28125,0.31027636,0.031293314
1046,688011,2.04997,2.34375,1.1741165,0.11817062
1062,910692,3.362065,4.65625,1.3999871,0.14346464
1916,1240182,4.910606,2.609375,1.5134141,0.15199317
1080,1240182,-0.793747,-3.109375,1.4108714,0.1476057
2048,753551,-0.083001,-4.34375,0.93421435,0.101723544
1199,688018,5.589643,3.03125,0.78624105,0.07919999
1635,688010,4.792132,4.8125,0.24455884,0.024618985
1053,688015,0.094943,2.09375,1.3567599,0.13638075
2010,713899,1.845599,2.484375,1.0844547,0.10899146
1038,713899,1.444807,2.34375,0.79262584,0.07963747
1268,753605,2.217004,4.375,0.59603626,0.05991323
1007,687983,-4.343473,-3.6875,2.1727757,0.23056678
1593,687995,3.096103,2.125,1.5709286,0.158438
1862,1240192,-0.95995,-1.2109375,0.25009018,0.045037143
1830,688025,2.361804,2.328125,0.4369514,0.044222683
1941,910937,-2.779219,-4.4375,1.9728916,0.2261127
1802,688018,4.591826,3.0625,0.2743444,0.027586134
2499,906808,11.061938,9.5,0.6330701,0.07410694
1613,1330972,3.970712,3.328125,1.7072759,0.17123294
1808,688018,-0.905797,-0.7265625,1.44012,0.14696833
1804,688010,5.518751,4.90625,2.08669,0.2195903
1916,908469,3.36985,1.96875,1.6996504,0.1714204
1916,1298349,3.049587,2.25,1.7618693,0.17694569
1003,1330964,-3.020549,-2.03125,0.9326867,0.09557771
1249,688006,3.050947,2.921875,0.8867389,0.08897131
1086,908481,2.65884,-1.3828125,2.194317,0.222165
1997,908480,5.164716,3.59375,1.1403084,0.11524587
1237,910937,4.023867,5.40625,0.308966,0.031084226
1083,908468,3.208557,1.75,1.2549055,0.12596749
1804,687980,5.801732,4.875,2.090425,0.21756816
2096,713899,2.679275,3.0625,0.7860392,0.07946804
1048,687983,5.015682,4.9375,0.5225073,0.052539647
1033,1299062,4.52068,4.78125,0.31077066,0.031238493
1007,908481,-3.207487,-4.46875,2.2537563,0.25106046
1192,908481,3.203559,2.609375,1.2128537,0.12171841
1932,1299062,4.419938,2.828125,0.9007178,0.09042497
1580,688011,5.462187,4.75,0.29666144,0.029846296
2096,908483,2.325303,3.03125,0.64681894,0.06546281
1615,688011,5.374795,4.96875,0.26970086,0.02713906
1931,688018,6.291739,4.3125,0.59060115,0.05968942
1915,753605,1.891947,3.078125,0.41142106,0.04206961
1578,688025,4.329967,4.8125,0.4003913,0.0402285
1854,908483,3.011929,4.3125,0.4574017,0.04610811
1007,688025,-5.036322,-4.9375,1.1579851,0.13555329
2096,688027,3.906735,3.140625,0.52032596,0.053005252
1079,688011,3.722384,2.734375,1.8644487,0.22300743
1494,908468,-5.719149,-4.53125,1.4396265,0.14914541
1720,687985,-0.439375,1.6796875,16.22151,2.1936717
1054,688011,4.814921,3.921875,0.7097267,0.07123411
1917,687985,2.319436,0.9453125,0.9123495,0.09169429
1931,908469,4.217603,5.03125,0.530724,0.05357148
1624,688015,1.777798,1.7890625,1.7685617,0.17769262
1062,1330964,4.949857,4.59375,0.82260555,0.083751
1843,907295,-1.52962,-0.24804688,1.6918856,0.17750837
1050,1299062,3.081275,2.28125,0.8907744,0.08967152
1049,688018,0.962219,2.890625,0.9160417,0.09211067
1494,688013,-7.077823,-4.03125,1.3713053,0.14327179
1631,1240182,3.60563,3.328125,1.2274606,0.12308739
1089,910937,1.446716,4.96875,1.1398381,0.11467599
1026,688031,0.222721,-0.24609375,0.98292446,0.10758813
1582,1240189,3.34746,3.640625,0.35820892,0.03606737
1578,1322212,5.556481,4.96875,0.5029673,0.050476305
1175,713899,2.857731,3.28125,0.52105904,0.05237656
1997,688018,2.642938,3.25,1.2985897,0.13147654
1051,724872,4.966584,0.4609375,2.9992542,0.30535963
1177,1322212,3.186932,4.0,1.2205834,0.12239776
2157,687983,4.490808,5.0,0.41582394,0.04177906
1576,908468,2.259911,2.640625,0.31806242,0.032070212
2046,713880,2.871309,3.21875,1.7290341,0.17335507
1933,688010,2.811043,3.984375,1.0790322,0.108693555
1401,1299062,3.785289,1.59375,0.44091532,0.04439492
2158,713899,4.357574,3.171875,1.1885754,0.11962585
1003,688015,-4.038664,-3.40625,0.7860132,0.080214895
1593,688010,0.877977,1.359375,0.974283,0.09811996
1786,687980,2.407246,1.90625,1.2968473,0.13115562
2046,713899,2.375713,1.96875,1.4256803,0.14320149
1549,1298349,4.783046,3.015625,2.58797,0.26363474
1024,908480,-0.034609,-0.60546875,1.2344122,0.1256778
1020,713880,5.108804,5.46875,0.36509496,0.036760714
1025,1322212,5.36338,5.21875,0.6429875,0.06460285
1372,1240192,1.948377,0.48242188,1.5332105,0.18682532
1372,1298349,1.893781,-0.49804688,2.2932026,0.28262684
1563,688025,5.105902,5.1875,0.42673564,0.043221977
1911,688027,-4.652028,-5.3125,2.0249338,0.2262987
1817,688025,-6.131413,-5.75,0.29944775,0.05120537
2106,1330964,2.863671,1.4765625,2.535774,0.2576324
1613,688006,3.838677,2.46875,2.1869037,0.2196032
1576,910692,2.937497,2.875,0.28104258,0.02839451
1032,907295,2.597171,1.8203125,0.64481026,0.067110844
1580,1240186,4.503988,5.5,0.38596973,0.038704302
1194,908468,4.680333,3.515625,1.4100126,0.14168932
1849,908481,0.938044,-0.40039062,0.8154658,0.08422003
2171,906808,3.769387,1.296875,2.3473418,0.23694159
1022,1298349,2.493569,0.05908203,1.063334,0.108033806
1494,910937,-5.836863,-3.359375,1.470999,0.15309928
1057,910937,-2.117514,-1.15625,1.2614905,0.1346204
1003,1240192,-1.112995,-0.96875,1.3378301,0.13606021
1129,908481,3.24069,3.921875,1.0002525,0.10030339
2096,1240192,4.003676,3.046875,1.0575889,0.10632569
1034,908468,-2.031489,-2.546875,1.7570719,0.1804841
1838,687985,3.470894,3.125,0.6018838,0.060565483
1088,906808,3.258226,1.7734375,0.7335733,0.07365411
1033,688031,4.650218,4.1875,0.3778576,0.03808971
1558,688011,3.914891,3.375,0.6755413,0.06963486
1817,688023,-6.223184,-5.25,0.6427781,0.086579256
2055,724872,2.50541,1.3359375,0.8803451,0.088742666
1511,713899,-1.542367,-1.796875,1.0617346,0.107980706
2040,688018,-1.149003,0.69921875,1.2347355,0.12653038
1931,907295,6.021597,5.28125,0.45213664,0.0456131
1799,713899,4.598981,4.5,0.9768654,0.099065244
2159,1240186,5.290448,4.4375,0.86286324,0.08645124
1200,713899,3.399599,3.03125,0.9700804,0.09759712
1069,1298349,3.234842,3.71875,0.9127086,0.09166392
1494,688018,-4.847791,-4.84375,1.0449456,0.11196268
1549,907295,5.653696,3.875,1.9088379,0.20056768
2154,724872,1.06492,2.09375,0.3586645,0.036203735
1049,1303901,3.786713,3.5,1.0786495,0.10820481
1014,687980,5.064396,3.4375,0.5490547,0.056944735
1779,687983,1.067922,0.31835938,0.26685086,0.02898387
1026,908480,1.598909,0.6640625,1.5509465,0.17573933
1598,688023,4.822996,4.375,0.56407136,0.05659633
1017,1330964,3.048461,4.53125,0.4341632,0.04357133
2037,687983,4.492381,3.234375,1.5568464,0.15663004
2039,688031,3.487621,2.6875,0.42154282,0.042453542
1631,753605,4.882965,3.46875,1.1504434,0.115406826
1052,688011,3.546661,3.546875,0.9581765,0.09627083
2010,687995,5.402438,4.375,1.2391387,0.12428066
1706,687997,5.487382,0.20898438,3.2732687,0.3391109
2154,1299062,3.803824,2.40625,0.28045428,0.028301055
1012,753551,1.099201,1.078125,0.5536383,0.057552483
1926,910692,1.078913,2.046875,1.2381327,0.12813373
1911,753605,-4.563855,-3.640625,2.424508,0.25475076
2171,908483,-0.407605,1.4140625,2.6241624,0.2642792
1054,713899,3.743202,2.453125,1.2275691,0.12325354
1814,1240186,6.491938,6.4375,0.3863149,0.03889731
1033,687995,5.37292,5.34375,0.3688919,0.0370209
1997,908483,-0.467984,3.40625,1.0145342,0.102640636
2038,1297439,4.803396,4.78125,0.46510828,0.046676885
2499,1297439,8.931817,10.0,0.5700931,0.062400784
1558,1298349,3.026833,2.265625,1.6026214,0.16167796
1180,688031,-4.88984,-3.96875,0.2598929,0.028687464
1812,907295,3.192467,2.640625,2.3322341,0.2354862
1011,753551,-1.310702,0.61328125,8.949039,0.95315695
1941,688011,-0.44735,-4.1875,2.6688156,0.29291826
2109,713880,2.092786,1.953125,1.1854273,0.119178034
2439,1297439,9.849241,9.0625,0.48114207,0.05394902
1084,688018,-2.315801,-2.921875,1.741513,0.18022832
1838,687980,2.435923,3.171875,0.5706194,0.057367753
1925,687997,5.789874,4.53125,0.3088462,0.031166125
1933,688031,4.861208,3.6875,1.1015855,0.11126124
2169,908468,4.717499,3.65625,1.2208831,0.12266575
1561,688010,3.277797,1.625,1.3747821,0.14057751
1507,1240182,6.86369,4.90625,0.5848595,0.058864012
1507,753605,3.592097,4.875,0.49884486,0.05021718
1059,1330964,-0.434157,-0.734375,1.1448435,0.119611405
1706,910692,4.25237,2.046875,2.5505025,0.26028603
1170,688015,2.384309,2.9375,0.80554533,0.08091245
1853,688006,3.259917,4.34375,0.9159439,0.092014275
2037,1298349,3.390248,3.25,1.6943858,0.17010297
1910,687980,-1.661962,0.020263672,6.104515,0.64341277
1804,908483,5.601074,5.5,0.7986311,0.0833299
1032,1240186,2.555251,1.9453125,1.1782997,0.12113494
1936,713899,2.586466,2.21875,0.66154224,0.06660942
1029,687980,4.957035,4.875,0.40894833,0.04170854
1854,908469,5.050445,4.6875,0.5460091,0.054943003
1910,1240186,2.640869,2.640625,2.534172,0.2545432
1940,688027,4.53648,3.203125,0.4556977,0.045903545
1011,1299062,5.028491,2.640625,0.88219184,0.08913028
1016,1297439,3.185886,1.7421875,1.9945233,0.20264183
1847,688018,3.199735,3.359375,2.6979494,0.27499816
1932,1330964,4.270158,2.59375,1.5685487,0.15762028
1012,688031,0.874956,0.6015625,0.35222277,0.03594534
1237,908469,4.672264,4.875,0.35104173,0.03533829
2175,908469,5.055869,5.03125,0.636186,0.06401719
1018,688015,4.062876,4.53125,0.27211225,0.027430117
1012,1240182,1.381856,1.328125,0.7822721,0.080636695
2173,688010,3.143389,3.375,0.7244734,0.07276924
1023,688027,3.047337,2.78125,0.42260814,0.042509552
1096,688015,-2.415128,0.33398438,3.3543298,0.33912054
2157,908483,3.353074,4.125,0.39477733,0.039776064
2159,910692,2.903986,3.890625,0.96951365,0.097276546
1615,1240192,5.571742,5.5625,0.31854278,0.03193749
1529,1298349,2.780091,1.171875,2.0803783,0.21032485
2010,910692,2.751218,3.9375,1.185696,0.11899294
1072,687985,5.681731,4.09375,0.56022775,0.056446135
1578,687980,5.135996,4.625,0.39385146,0.039624315
1073,688023,5.291405,5.28125,1.1092716,0.11134875
1924,910937,1.183702,3.875,1.0187922,0.10240842
2048,687995,-4.251538,-4.0,0.9795527,0.1027722
1133,688015,3.661765,2.78125,0.9393594,0.09434048
1375,688023,6.288572,6.59375,0.48483187,0.049126025
1810,713899,-0.037494,-0.90625,2.734602,0.28089473
1810,687980,0.473502,-0.39257812,3.105204,0.32279596
2045,908480,4.300807,4.53125,0.5040475,0.05077394
1809,688013,-1.942289,1.03125,1.7142416,0.17425239
1093,688015,2.486437,3.765625,0.5056797,0.050915923
1375,688011,6.141275,5.8125,0.6996775,0.07135994
1564,1240189,2.728107,3.71875,0.5422106,0.05605499
1614,687997,5.195422,3.359375,0.7331033,0.07381477
1026,688025,-0.131513,0.39648438,1.0585092,0.1144192
1808,1240186,4.187348,0.9609375,1.7202646,0.17430735
1030,688018,6.291739,4.4375,0.42765978,0.04315578
1855,908481,4.330767,4.40625,1.6922181,0.16984516
1512,907295,5.220402,5.09375,0.29434365,0.0296369
1843,687995,-1.050706,0.10888672,1.3621744,0.13948613
1042,713880,5.06881,5.25,0.66351336,0.06675426
2106,688023,0.493196,2.0,2.4797418,0.25009748
1026,724872,-0.004482,0.41210938,1.4480652,0.1580817
2010,908483,2.006638,2.5625,1.0735978,0.10791746
1053,753551,2.159046,2.765625,1.1949571,0.12015644
1249,1240186,3.455868,3.9375,0.8600795,0.08619422
1997,1240192,3.817213,4.21875,1.5501053,0.15558153
1133,908481,2.241382,3.859375,1.1413488,0.114433035
1025,908469,5.401156,4.96875,0.48344848,0.048688058
1813,713899,6.01888,3.34375,4.2500176,0.4317981
1029,1299062,7.335163,5.21875,0.2533337,0.025658939
1627,910692,3.214592,3.734375,1.1569277,0.116332464
1373,910692,5.347328,4.6875,1.8803314,0.18964319
1190,908481,0.942975,-0.08154297,4.3365817,0.48010153
2047,910692,-0.119759,3.546875,1.0709165,0.10816365
1819,1240189,-4.638849,-5.625,0.8615402,0.11341237
1037,908468,2.418978,2.546875,1.0599331,0.106408924
1026,688010,-0.150436,0.8359375,1.1610665,0.1258022
1190,688031,-2.9888,-4.78125,0.5869714,0.19287041
1855,688023,4.117152,4.96875,0.9705917,0.097329065
1084,753605,-0.733667,-2.34375,1.6622963,0.17151195
1013,1330972,3.20507,3.15625,1.2421744,0.12463407
1200,724872,2.006975,3.109375,0.7754262,0.07820659
1032,1303901,1.00459,2.109375,0.44512826,0.045722988
1915,688031,2.090353,2.515625,0.25234237,0.025677387
1021,688010,0.795464,1.953125,1.224897,0.123017214
1916,1240186,3.107126,3.03125,1.3029203,0.13057421
1085,908468,2.602097,2.21875,0.3828044,0.038688328
1835,1299062,6.766825,3.0,0.8851772,0.088824034
1089,713899,3.322693,2.984375,1.8799049,0.1895027
1200,687997,3.825259,2.8125,0.88338447,0.088927604
1593,688025,0.353534,1.4140625,1.52373,0.15415606
1936,1298349,2.103947,2.703125,1.0432223,0.10493626
1131,1240182,5.593123,4.53125,2.0934954,0.21066117
2172,910899,0.280981,0.93359375,2.814992,0.2847933
1239,713899,2.420229,1.2578125,0.69163597,0.069501095
1088,688031,1.844424,0.61328125,0.60457164,0.060974844
2046,1322212,3.081134,2.65625,1.9114038,0.19160944
2037,688013,4.085214,3.203125,0.94316304,0.09482177
1375,908480,6.198724,5.59375,0.9317934,0.09633097
1059,906808,2.678275,-0.26757812,0.92962426,0.09591652
2055,687980,0.706716,1.75,1.1647867,0.117386825
1042,908480,5.571877,4.6875,0.45493656,0.04600965
1936,908480,3.346895,2.328125,0.64147556,0.06466357
1997,688011,5.374305,3.5,1.4189161,0.14326829
1191,688015,-5.526453,-5.65625,0.34146544,0.042460397
1239,906808,5.382268,1.3203125,0.58895314,0.0592313
2040,1240189,0.384339,0.6640625,0.8059338,0.08292556
1043,910692,5.641628,5.0,0.317696,0.031906415
1068,908483,0.148773,-0.19921875,0.65247625,0.067386724
1854,908481,5.357932,4.96875,1.0764076,0.10801325
1022,910899,0.536105,-0.08251953,1.2588922,0.12755838
1373,688013,3.772659,4.65625,0.96217793,0.09727554
1918,687980,3.030429,2.5625,1.0557753,0.10663437
1507,910692,4.652581,4.75,0.5029903,0.050560307
1190,688018,-3.155417,-1.7734375,3.035322,0.4244325
1933,687980,2.137508,3.96875,1.1605648,0.11699006
1910,687997,-0.215908,-0.296875,6.8121414,0.72696
1806,688010,5.37649,3.984375,1.2642498,0.12738036
1553,688018,4.986106,2.28125,1.7070528,0.17304048
1779,713880,0.509722,0.515625,0.21684787,0.023672746
1024,1298349,1.473239,0.03466797,1.1652426,0.11915116
1199,1240186,4.326128,4.28125,1.1424255,0.11460253
1576,687995,2.850935,3.375,0.2914809,0.029342486
1855,688011,4.448609,4.78125,0.7651133,0.07690877
1843,687983,3.100227,0.43945312,1.9030553,0.19564335
1939,907295,2.192818,2.421875,1.8435515,0.18665153
1854,713899,4.145603,4.46875,0.5004725,0.050370764
1249,1240192,3.125615,3.859375,0.9620505,0.096400775
1024,688027,-1.098006,-1.421875,0.9214947,0.09392666
1909,908480,3.420372,0.22460938,4.592129,0.47914696
1812,1240186,2.617674,3.265625,1.8875502,0.18951868
1925,1299062,5.844259,4.8125,0.36967534,0.037171938
1838,687983,3.820422,3.578125,0.6070151,0.060988605
2011,1240186,3.624622,5.0,0.9015441,0.0904051
1250,753605,-0.698888,2.328125,1.8916373,0.19017752
1915,687985,3.283368,2.609375,0.31529972,0.03215734
1816,910692,3.71515,3.703125,1.0143381,0.10201247
1930,908480,0.220334,0.17578125,0.6742844,0.06970909
1012,688013,-0.651148,1.171875,0.41154918,0.042273793
1558,687985,1.993521,2.828125,0.73944443,0.07480974
1048,687985,4.82989,4.0,0.44516122,0.04479503
1803,688011,6.35413,4.46875,3.5537338,0.3785061
1268,713899,5.32409,3.921875,0.5065472,0.05098216
1013,1240189,1.914293,2.515625,0.89433706,0.0899439
1853,910692,2.20158,4.125,0.6980225,0.0701882
1073,687983,7.308453,5.0,1.0796278,0.10852357
1559,910899,-2.515829,-2.875,1.1081485,0.11402157
1915,1299062,5.24261,2.65625,0.34142354,0.03470565
1237,908468,4.317968,4.75,0.43439338,0.043703128
2169,688018,3.069699,3.1875,0.7154814,0.07210598
1180,688025,-3.806404,-3.203125,0.46102855,0.049720358
1843,688011,-0.762077,1.96875,2.8911862,0.30736136
1941,687985,-5.334051,-5.1875,1.4658304,0.17158954
1025,1297439,6.035926,5.125,0.47635192,0.047890484
1559,906808,0.80265,-3.25,0.7223924,0.0745348
1940,713880,2.564032,3.6875,0.76710165,0.07702051
1372,910937,2.833641,2.65625,0.8482859,0.11085439
1913,907295,3.97569,4.5,0.47298384,0.04752919
2048,1330964,-1.573247,-3.71875,1.2501189,0.13078772
2039,908483,2.38429,2.796875,0.38964882,0.039233
1908,1299062,2.897883,2.515625,0.82913846,0.083270915
1617,688031,0.571491,0.7578125,2.7369008,0.27806675
1133,908480,5.052423,3.375,0.80003005,0.08035847
1043,724872,4.7116,4.125,0.30085567,0.030406136
1627,753551,3.268779,3.171875,1.1642952,0.117182136
2046,688018,2.772124,1.8828125,1.4650474,0.14715567
1849,910692,-0.400361,0.25,1.035186,0.10736344
1627,688023,2.278455,3.5,1.4392557,0.14450786
2173,907295,5.720324,3.875,0.9957537,0.1000767
1825,687995,-0.904998,-0.8203125,0.44932178,0.04814344
1175,687980,2.384294,3.4375,0.5618126,0.056482352
1050,687997,4.887611,1.6875,1.109863,0.11182501
2171,1240192,2.764333,3.046875,2.2014563,0.22083928
2106,687980,1.184799,2.09375,1.5924166,0.16116422
1634,908481,5.290224,4.46875,0.9749457,0.09782157
1933,1299062,6.853513,4.53125,1.0307539,0.10370132
1629,687980,4.409884,4.03125,0.5292173,0.05326382
2055,713899,1.646846,1.4765625,1.0882739,0.109576225
2048,910899,-2.332924,-3.46875,1.4737886,0.1510275
1259,908469,3.957261,3.546875,1.8599186,0.18727167
1852,1240182,5.518627,5.125,0.5382035,0.05423997
2010,907295,5.853593,3.734375,1.5871028,0.15943784
2172,1240192,3.675421,2.90625,1.88071,0.18874247
1019,1240189,1.675196,1.84375,1.3202895,0.13293743
1031,753605,1.069623,-2.03125,1.8575503,0.19309832
1463,687983,3.095077,3.796875,1.644869,0.1653964
1020,687985,5.071466,4.4375,0.5354367,0.054190118
1847,713880,-0.18166,4.71875,3.1629322,0.31853867
1814,688010,5.054334,5.34375,0.5177868,0.052746583
1013,908480,2.113375,2.640625,0.9151439,0.09198975
1375,1240189,5.922592,5.53125,0.7576144,0.07795379
1912,908480,2.897487,1.71875,2.1610932,0.21888661
1019,688025,2.678449,2.203125,1.3861102,0.13928741
1373,908468,5.187592,3.328125,2.6955516,0.27280957
1927,908481,5.133629,5.15625,0.8302483,0.08335038
2439,688006,9.460001,9.375,0.5740584,0.06553649
1845,713899,-0.271626,-0.5390625,3.3193555,0.33758566
2038,688023,1.343478,4.78125,0.49411273,0.049540345
1054,906808,5.164663,2.515625,1.0573092,0.10613275
2045,910692,5.07577,4.8125,0.5329828,0.053550366
1915,1240182,3.972237,3.03125,0.4706613,0.04800263
1378,713899,3.031297,2.765625,1.8355066,0.18517222
1058,908468,3.594476,1.7109375,2.7628078,0.2823178
1062,1299062,2.360683,3.859375,0.8568121,0.0868533
1913,688010,4.821773,4.25,0.36870682,0.03706828
1032,906808,2.025918,1.6171875,0.25243038,0.025777671
1131,688031,3.005458,2.734375,1.5728743,0.159128
1091,908480,3.216594,2.421875,1.0980093,0.11093492
1624,910692,5.321297,3.515625,1.484985,0.14926986
1915,713899,3.152984,2.484375,0.24915084,0.025313508
1936,910899,2.863259,2.25,1.0684786,0.107655294
1622,1303901,3.598383,4.28125,0.83956546,0.084329575
1059,724872,0.456563,0.3359375,0.8926933,0.092483096
1052,1299062,3.385838,3.0,0.68930066,0.069256075
1049,688025,4.764684,3.46875,1.0005265,0.10043291
1059,687980,1.209554,-0.24804688,0.97684294,0.101427376
1047,1298349,4.115939,4.6875,2.2477047,0.22622342
1627,908481,3.653998,3.34375,1.7147958,0.17211124
2171,753551,3.158589,2.03125,2.0563,0.20782104
1560,687997,5.169349,2.765625,0.83967614,0.084664494
1909,908483,1.383428,0.8515625,2.3521724,0.23886302
2111,906808,5.283524,3.078125,0.9116183,0.09168189
1997,1330964,1.616144,3.703125,1.5724621,0.15836254
1250,910899,2.231614,1.65625,1.7642878,0.17734523
1248,688031,-6.729819,-5.6875,3.369119,0.4556136
1378,687995,2.380103,2.875,2.0164149,0.20286597
1072,1330964,4.619336,4.8125,0.5557151,0.05588853
1190,908480,-1.646683,-1.5390625,2.6322744,0.6942067
1827,688023,2.698621,0.69921875,3.1838806,0.34497523
2038,687983,4.451144,4.59375,0.52592456,0.05278023
1862,713880,-1.089566,-1.46875,0.22440517,0.043004368
1819,1240192,-4.087955,-2.71875,4.61257,0.47786263
2046,687997,4.134312,2.140625,1.4187313,0.14248411
1911,1240192,-4.817505,-2.90625,2.210411,0.22828779
1559,688027,-2.918963,-3.46875,0.5442936,0.057557266
1014,907295,3.333901,1.6796875,1.2555417,0.13067482
1635,688018,6.202599,4.46875,0.24645975,0.024885098
1919,910937,1.290055,2.25,0.742533,0.077792615
1003,688010,-3.298397,-2.796875,0.9123436,0.093166664
2173,687995,4.412575,4.40625,0.858999,0.08617056
1635,687983,5.448732,5.25,0.26531404,0.026713962
1917,724872,2.431918,1.2578125,0.7704372,0.07744391
1022,687983,1.622829,0.33007812,1.4405844,0.14643519
1175,687985,4.761822,3.171875,0.5685984,0.05721608
1853,753551,4.338768,4.15625,0.77559435,0.07809311
1017,688006,3.223339,4.09375,0.77136123,0.07747885
1855,688031,2.814222,3.046875,0.94133985,0.094891205
1085,688027,2.455737,1.953125,0.32160482,0.032462917
1052,906808,4.594074,2.28125,0.5929174,0.059563544
1996,713899,3.675914,3.0,0.8764104,0.08809629
2047,687995,3.28906,2.953125,1.0870186,0.10910227
1010,1240182,4.679296,3.75,0.51332414,0.051914632
1827,688006,-0.345003,0.7109375,3.2435367,0.3498044
1529,1240186,2.547486,1.78125,2.4748328,0.2506638
1580,1240189,4.685789,4.4375,0.2971681,0.029891718
1622,908468,4.937954,4.125,0.76660144,0.07701157
1036,1298349,4.022808,4.15625,1.5290586,0.1534691
1563,1298349,4.953578,5.84375,0.50673205,0.05105614
1010,1240186,4.016968,3.875,0.82531404,0.08297372
1042,910937,4.686703,5.375,0.4797057,0.048252914
2044,688018,1.988025,2.71875,0.8559154,0.08598392
1007,688006,-2.797899,-4.34375,1.727328,0.18958446
1018,688010,4.306449,4.78125,0.2443387,0.024601998
1010,908480,3.771044,3.34375,0.2730458,0.027741214
1096,908468,0.325581,-0.010498047,4.003385,0.4078221
2043,1240189,3.64149,4.53125,0.31828013,0.032027423
1918,753605,4.592774,3.03125,1.296666,0.13058715
1557,724872,5.039375,4.15625,0.49783573,0.05033086
1632,713880,2.800322,3.640625,0.6589032,0.06607354
1625,688031,3.977886,3.765625,0.5545039,0.05584405
1927,687980,5.028961,4.59375,0.4733012,0.047789328
1926,1240186,2.075749,0.7734375,0.8935565,0.09137007
1817,713899,-5.343664,-5.90625,0.5314874,0.07216393
2177,907295,1.11706,1.9453125,0.5035205,0.052281447
1026,1298349,0.318317,-0.29492188,1.7908818,0.18639219
1510,1240182,4.534226,4.28125,1.0563939,0.10617126
1199,1330964,3.608066,3.515625,0.9964052,0.10014217
1614,688025,2.996107,4.125,0.88055074,0.088484764
1093,688006,3.791993,4.4375,0.6401406,0.06430751
1786,687983,1.323169,2.15625,2.0308304,0.20633058
1632,910937,3.434558,3.9375,0.5552743,0.055691797
1615,724872,4.263071,4.1875,0.36272407,0.03660302
2037,1299062,4.076814,3.296875,1.0681086,0.10738328
1910,906808,-0.894247,-0.020019531,6.4474363,0.67453223
1080,724872,-2.719154,-4.65625,0.70729834,0.07610961
1553,908480,2.699854,2.28125,1.9145421,0.19442166
2038,687995,4.712843,5.15625,0.4434631,0.04444854
1913,908483,4.220252,4.0,0.32422826,0.032675616
1835,1240189,2.493492,2.703125,0.8971923,0.09014357
1620,688010,5.242612,4.90625,0.2670494,0.026956066
1180,688011,-2.086748,-2.5,0.8400481,0.08788602
1080,1322212,-2.297622,-3.140625,1.672405,0.17239168
1053,1303901,2.261285,2.78125,1.3299022,0.13338387
1021,908483,-0.235714,1.8046875,1.2188389,0.122460365
1720,1240192,3.40111,5.28125,3.6765704,0.3709051
1085,688031,1.564644,1.96875,0.34300274,0.03461291
1168,910937,2.928292,3.359375,0.83026516,0.08380729
1093,713880,3.314181,4.59375,0.6288253,0.063136935
1378,724872,2.961941,2.75,1.5757391,0.15884146
2148,910937,-0.272122,0.9296875,1.2065628,0.12589386
1593,910899,-1.808272,1.3125,1.5517168,0.15654252
1018,908481,6.202531,5.59375,0.37936655,0.038080834
1926,908483,1.943833,0.72265625,0.7316945,0.075973175
1051,908468,0.896281,-0.13476562,5.0164957,0.52028155
1621,1299062,6.635593,4.40625,0.63241225,0.06354033
1802,907295,4.173054,3.609375,0.28303173,0.028480502
1933,688015,1.888772,3.84375,1.2516552,0.12605411
1052,908483,1.328909,2.21875,0.6984737,0.0701882
2045,1240182,6.650922,5.0,0.5948033,0.05977979
2047,1330972,1.570495,2.78125,0.83287483,0.08369391
1010,713899,3.224122,3.078125,0.27186602,0.027485475
1237,1240186,5.078517,5.8125,0.3256619,0.03268246
1831,1330972,3.229703,3.625,0.4745416,0.047665007
1179,1298349,0.563922,0.29296875,0.83175623,0.084547885
1854,1299062,5.48917,4.65625,0.55657965,0.055947073
1559,908469,-1.860652,-2.734375,0.9430781,0.09866505
1613,688010,3.697854,2.3125,1.8718141,0.1881238
1057,688006,-0.142332,-1.90625,1.1767529,0.1224746
1911,908483,-4.103184,-5.03125,2.0521855,0.2203492
1854,688025,3.696655,4.78125,0.5650418,0.05682652
1917,753605,1.840595,2.46875,1.5178176,0.1523586
1036,908480,3.901163,4.3125,0.74767077,0.075368516
1549,908468,3.568182,4.21875,1.1310484,0.115500346
1190,688011,0.787614,3.109375,4.140035,0.5163712
1023,687983,4.104106,3.34375,0.49001834,0.049299404
1915,910692,2.626506,3.03125,0.3958812,0.04077002
1941,1299062,-5.840379,-4.71875,1.2347151,0.1719039
2040,687985,-0.446819,0.10986328,1.0108198,0.10374564
2055,688025,0.471272,1.65625,1.3746628,0.1388
1091,753551,4.474834,2.515625,0.9354283,0.09457118
1006,688031,-0.316096,-1.484375,2.9883244,0.3583483
1006,724872,1.502166,0.26367188,2.7548018,0.2834519
1909,688023,1.035729,1.9140625,1.2595819,0.12747891
1180,753605,-4.12912,-2.8125,0.80175906,0.084372155
1038,688027,2.980017,2.125,0.68080145,0.068445005
1926,1240189,-0.285726,1.0,0.8562447,0.08911662
1042,687997,5.825122,4.625,0.41650805,0.04210869
1799,753551,5.477919,4.78125,1.0125953,0.10447729
1634,688015,2.685764,3.6875,0.5761548,0.0579546
1560,1298349,2.957627,2.9375,1.6465378,0.16538537
1558,908469,3.582914,3.046875,0.70379287,0.07182407
1553,687985,-0.247708,2.203125,1.8874235,0.19057357
1083,1330972,1.723718,2.78125,1.1716933,0.117475405
1838,688010,2.976093,3.171875,0.54466695,0.054716382
1190,907295,-0.345933,0.41992188,3.9095345,0.5374144
1549,1240186,5.237837,3.46875,3.8911796,0.41012833
1042,688025,4.93176,4.96875,0.54934937,0.055350076
1004,688027,-6.546215,-5.78125,0.45878848,0.05832295
1038,753605,3.153573,3.25,1.2161164,0.12211926
1017,1240189,1.590438,3.703125,0.5459618,0.05490764
2037,687995,5.39787,3.796875,1.3117338,0.13165659
1827,713899,1.085348,0.765625,2.415219,0.25377473
1632,907295,3.947248,3.625,0.64191926,0.06446837
1190,910899,-2.356537,1.4453125,4.6542616,0.49868974
1936,1240192,3.090981,3.140625,0.82286805,0.0827278
1922,687997,3.929558,1.8828125,0.45928085,0.046297535
1019,687997,2.962883,1.453125,1.5831072,0.15950707
1855,908483,2.642052,3.5,1.0883754,0.10966002
1004,907295,0.86281,-4.71875,0.9748473,0.113115676
1816,1240192,4.719962,3.96875,1.3053212,0.13096993
1038,1330972,3.741335,3.09375,1.2492855,0.12534755
2109,908483,2.21287,1.9296875,0.5424229,0.054561555
1813,907295,6.428151,4.75,2.5128148,0.2554272
1179,1330972,-0.993899,0.45117188,0.9086906,0.092415795
1038,753551,4.320891,2.84375,0.8978346,0.090311915
1593,687983,4.452391,1.578125,2.0632627,0.20906197
1047,1240192,4.977569,5.53125,1.2987498,0.13032441
2158,906808,4.946721,3.125,0.99209595,0.09983117
1594,1303901,4.89481,2.34375,1.7384138,0.17493054
1054,910692,3.957366,3.875,1.0446616,0.10481655
1069,688010,2.272808,3.34375,0.42729363,0.04298086
1190,910937,-2.4655,1.0703125,4.1240597,0.5242663
1022,1299062,1.92579,-0.38085938,0.5942602,0.06120018
1003,687995,-4.366197,-2.0,0.7308786,0.074497424
1046,1240192,2.152712,2.75,1.3496951,0.13534482
1133,908483,3.173418,2.84375,0.8949391,0.08995878
1629,908468,4.078951,4.25,0.602213,0.06049737
1922,908481,1.711514,2.28125,0.9216102,0.092625014
1786,753605,3.795299,2.1875,2.0807605,0.21101274
1248,908483,-5.933474,-5.375,2.5045042,0.28592286
1845,688011,1.85705,1.5,3.1051211,0.31547758
1080,1240186,-1.077257,-2.875,1.406801,0.1467869
2157,1240186,4.491593,5.53125,0.4248346,0.042581398
1067,1330972,4.838977,5.15625,0.34068003,0.034262355
1378,688031,2.64109,2.015625,1.7102395,0.17308876
1024,688023,-1.81183,0.023925781,1.1763896,0.12093857
1511,688015,-0.859988,-2.21875,0.9168491,0.09339879
2157,1298349,4.648805,5.09375,0.68592024,0.068808146
1033,1330972,3.712139,5.09375,0.38159448,0.038328998
1931,1240186,6.142971,6.03125,0.36680242,0.036824074
1200,910692,3.023907,3.703125,1.0143381,0.10201247
1054,688013,2.392002,3.453125,0.73944306,0.07412577
1054,1240189,1.341359,2.875,0.9836377,0.09872611
1047,1240182,6.993704,4.375,2.5642815,0.2587654
1928,908480,4.753133,3.9375,0.72088015,0.07249926
1179,1297439,1.728229,1.1015625,1.2146987,0.124572426
1067,910692,5.182269,4.96875,0.2653285,0.02667505
1177,687997,5.662803,3.296875,0.98405886,0.09893327
1852,687980,3.716855,4.71875,0.43678415,0.04408916
1624,1240186,4.363153,3.71875,1.3227437,0.13248396
1194,1240182,2.36168,3.84375,1.4154325,0.14230181
1036,688018,6.689421,4.03125,0.7085542,0.07152174
1635,1240186,4.654844,5.75,0.29498678,0.029600758
1582,1240186,3.703952,4.84375,0.47662994,0.047772873
1810,724872,1.884774,-1.0703125,1.6019466,0.16392057
1915,687995,2.766489,3.0,0.5616504,0.057121065
1593,1299062,3.071583,2.203125,1.0061584,0.10137618
1067,688013,3.911382,4.65625,0.26914823,0.027111962
1017,910692,3.590447,4.28125,0.5035345,0.05053893
1091,910899,3.872535,1.8515625,1.2900076,0.13017656
1927,1240189,3.804869,4.5,0.3610701,0.036388524
1919,910899,1.604252,1.59375,0.66829365,0.069089755
2038,724872,3.256127,3.109375,0.76191485,0.07673238
1614,907295,5.644616,4.0625,1.2406002,0.124745995
1853,688031,4.090342,3.515625,0.7372433,0.0745348
1020,908480,4.872509,4.6875,0.3790624,0.03837841
