drug_id,cosmic_id,y_true,y_pred
1830,910554,1.879714,2.4454231
1131,909755,7.174363,5.621807
2043,905939,6.070767,5.1528606
1812,1660034,2.014477,2.0827668
1268,905936,4.957935,4.048666
1557,909747,6.779077,5.6086407
2110,907289,5.415824,4.258814
1038,907792,4.817202,3.953117
1061,910905,5.458135,4.4452534
1190,910554,-0.531914,-1.1216438
1629,1659823,5.088315,4.554073
1131,909761,6.236397,4.4115396
1847,910905,3.31545,3.7856636
1720,907790,4.272566,3.4034457
1802,908457,4.939268,4.264104
1372,905937,0.352145,0.266257
1799,908442,-0.298896,3.689632
1919,1659928,-0.211949,1.1573691
1013,1674021,2.894902,3.4167037
1194,907794,2.956651,4.1562185
2055,909748,5.956562,2.1797094
1511,910554,1.17464,-1.6732543
2096,909748,0.930157,2.218507
1849,909757,2.192355,-0.16167909
1016,905939,2.188918,1.7535241
1852,909698,5.508574,4.8422894
1838,909761,3.837806,3.8531926
1008,909748,-0.197477,0.16062719
1016,908458,2.236466,1.6837735
1248,909718,-3.666076,-3.0916014
1086,1659928,-2.2759,-2.3618937
1621,917486,5.563286,4.4303217
1830,909263,3.332525,3.4080288
1909,1674021,2.403792,2.8012123
1006,1240123,3.188992,0.78680634
1802,905937,4.07985,3.5091014
1626,909263,1.675726,3.7177498
1029,909698,5.318743,5.2802744
1373,909761,5.44565,4.421015
1997,1674021,4.284745,4.3641505
2148,907795,0.590772,1.2904497
1622,905989,4.742714,4.3541102
1576,907792,4.845823,3.5888171
1010,909263,3.94759,4.1148396
1239,907794,4.084046,1.6855733
1581,905937,1.235059,2.130872
2157,910689,7.831222,5.240963
1022,909718,-1.114878,0.35589057
1924,907289,4.83011,3.343208
1627,1659823,3.421964,3.435946
2111,1290769,2.526469,4.5862107
2039,905937,3.372281,3.0887382
1564,908458,0.728559,2.4797242
1023,907790,4.497109,3.2807157
1621,905989,4.318668,4.266452
1622,998189,6.157671,4.1485543
1069,907795,3.172181,3.7185357
2174,905939,4.28134,2.6216183
2046,909751,3.146938,3.077159
2046,1674021,2.445427,3.4329696
1862,905962,-2.089528,-1.3120971
2148,1290769,0.840337,1.9661086
1016,998189,1.344078,0.13213843
2048,905936,-4.821582,-3.530736
1511,905937,-0.888845,-1.7079191
1557,910905,5.194737,4.7064996
1069,909263,5.181659,4.2689986
1908,907790,0.871887,1.5874584
1549,917486,5.780972,4.2581563
1629,905937,4.157812,4.5209575
1038,909757,2.646274,3.3275428
1852,998189,5.911693,4.8165298
1808,908458,3.705067,0.12669098
1580,905962,5.533363,4.765212
2156,909718,3.327139,2.984146
1022,910700,2.994302,1.0393937
1038,909263,3.789438,4.056454
1930,905989,0.420079,0.080355585
2156,1660035,4.786457,2.9930825
1259,1290769,3.201413,4.2788253
1928,909698,3.136321,3.7703495
1930,1660034,0.190807,0.21635306
1927,1659928,4.873284,4.5842156
2043,909747,7.54974,5.774044
1625,907792,6.175271,5.2945175
1630,907287,2.030967,4.2588997
1629,908442,5.603655,4.5574484
1819,909718,-4.634488,-2.8151388
1909,910905,3.589192,2.3178222
2096,909761,1.841032,1.3931441
2043,907289,3.24711,4.9801044
1862,910700,-1.57498,-1.0762746
1924,907790,2.074433,3.2523832
1021,908442,1.033067,2.5011995
1080,1290769,0.090462,-1.7899401
1011,1659928,1.764681,1.8919044
1200,909698,2.464854,3.5164123
1199,905939,2.991978,4.1960716
1179,907291,-0.342701,-0.426673
2359,905989,5.733286,5.2003927
2046,907287,4.852661,3.994576
1804,1674021,7.646314,4.186806
1191,1240173,-5.457649,-4.3106775
1511,907790,-1.030776,-1.4949892
2109,909718,2.728077,2.7003782
1559,908442,-0.421375,-2.4022849
2109,907291,1.583191,2.3161442
1922,917486,1.754444,2.4574695
1046,907291,1.391661,1.0559247
1372,909718,-5.732942,-0.6824642
1806,905937,3.237039,3.7308133
1911,909761,-2.297464,-3.0386019
1372,907287,-3.112631,-0.4958369
1190,905937,-2.274382,-1.3856118
1580,910905,6.368185,4.843515
1054,1660034,3.217094,3.2043023
2439,1290769,9.543824,9.390605
2044,910689,4.665751,4.1077647
1058,907289,2.197352,1.2899021
1873,907291,0.371266,0.46620315
1057,909748,-1.126842,-0.83770496
1853,908457,4.7053,5.001773
1005,910689,8.29956,4.652427
1928,909747,7.163808,5.1581063
1632,1674021,3.934779,3.8707078
1940,1660035,3.894174,3.8941357
1018,907291,3.631402,4.9396715
1059,907289,-0.889246,-0.26165825
1053,907287,0.977023,3.8468955
1085,905939,2.655651,2.917688
1373,909747,1.971686,5.293063
1048,1659929,6.004557,4.511423
1013,908442,2.776149,2.8059685
1917,910689,7.224879,3.3313117
1033,910554,4.874491,4.602194
1008,909263,0.271678,1.0332434
1051,1659929,4.867622,1.441853
2173,905989,3.367647,3.9135342
1168,998189,2.381066,2.4923615
1629,909757,5.442422,4.821978
1852,905989,2.805435,5.021354
1239,907289,1.600884,1.6136074
1911,907291,-5.939024,-4.09969
1615,909748,5.964443,5.175948
2157,908457,6.284063,5.342209
1017,1660036,4.354059,4.512055
1911,908457,-4.560884,-2.3043845
2171,907792,2.709241,3.5393858
1093,909747,5.667896,5.032689
1799,907795,4.811698,4.377094
1073,907287,3.564906,5.5075603
1024,908458,-1.335105,0.34038752
1932,910554,2.522076,2.4672914
1847,908458,2.419058,3.9601462
1803,905937,4.350768,4.114189
1043,910700,6.748843,5.487301
1919,909761,1.518272,1.9279325
1933,1674021,3.564581,5.0570583
1052,917486,3.974565,3.7218714
1849,907792,1.306949,0.40640044
2439,1659928,9.201492,8.7668915
2096,1674021,3.493539,2.1256068
1583,907790,1.867154,2.4512727
1936,909747,5.621413,3.5262809
1621,1660034,3.385508,4.288007
1006,905939,1.845687,2.2899466
1088,1240123,2.78825,1.5874155
1853,907794,3.431816,4.3062387
2045,910554,5.443895,4.419455
1913,905939,5.279013,4.8968577
1909,1660035,2.837136,2.6306546
1615,1659929,5.522782,4.9010406
1012,908442,0.902932,1.3907117
2177,905989,1.937378,2.01943
1190,908442,-2.084116,-0.92950004
1835,907795,1.965191,3.492827
1259,905989,2.48555,2.22472
1042,909746,6.266056,5.461501
1786,905936,2.934234,2.5182955
1084,909746,-0.280278,-1.2889502
1779,1660034,1.275867,0.56282675
1803,905989,5.044124,4.07478
1507,1660035,5.619663,5.0023828
1054,909746,5.763962,4.2521553
1073,909747,6.338619,5.9010396
1375,907792,7.769461,6.9778748
1047,917486,4.97572,4.8710904
1927,907792,6.167504,5.3862
1779,1674021,1.983445,1.0860332
1053,910554,3.008349,2.3031602
1050,998189,3.423974,1.672976
1073,1240173,3.926274,4.8409667
1831,1240173,2.804703,4.0823812
1909,998189,1.358134,1.6647408
2171,907790,0.669821,1.8777666
1549,907792,3.960693,3.1178708
1019,1290769,4.877551,3.196329
1003,1659928,-2.834124,-3.274919
1629,910700,4.730725,4.7700305
1625,905939,4.937919,4.868856
1582,907790,4.447995,4.308515
1559,905989,-1.140689,-2.3232946
1621,907289,4.528567,4.294288
1613,998189,5.210768,2.2666268
2037,1240123,5.226606,3.08203
1812,1240123,2.295426,1.4624342
1853,907287,3.637547,4.7821875
1940,909747,3.811413,4.628342
1621,907790,3.956126,4.158775
1620,909761,4.764059,5.639363
1803,907795,5.765172,4.5061946
1033,905937,5.284707,4.7281213
2158,910905,5.977269,4.10544
1050,909718,0.416422,2.643786
1561,1290769,3.461757,2.8785315
1022,1659823,-0.484696,-0.34736103
1068,907291,0.251189,0.066895425
1810,907291,0.349402,-0.85149306
1179,909757,-0.135597,0.97194004
1843,907291,-0.118001,-1.3970046
1564,1659928,0.175782,2.4823165
1632,905939,3.075901,3.8856788
2159,909263,3.363516,4.5225964
2107,910554,5.312581,4.75672
1614,1659823,5.103714,3.8832703
1621,1674021,4.003355,4.5925336
1005,909761,3.898533,3.0967932
1564,1659929,2.455428,1.970567
1463,909718,4.561339,3.8127759
2038,917486,4.390467,4.321989
1802,1659823,4.32824,3.580729
2359,917486,5.387562,5.3171806
1239,909746,3.372285,3.1881166
1831,1290769,5.64178,4.228351
1626,1659928,1.567349,1.3535564
1375,1240123,6.301921,5.9173794
1632,1660036,3.920957,3.8682709
1017,909698,4.706656,3.9169436
1053,917486,3.11774,3.1393485
1819,907287,-3.902134,-1.3783171
1626,1660035,2.306065,2.3350182
1815,907795,6.556679,5.589303
1812,909718,3.2e-05,2.2369723
1034,910700,-0.466138,-1.9780736
1042,1659929,5.45913,4.8908653
1046,905962,2.4009,1.3833861
2011,908457,5.362436,4.846096
1626,908458,3.21577,2.7349088
1030,910905,4.613037,5.047249
1019,907792,3.430705,3.4876342
1936,908442,3.45817,2.4387004
2047,907792,1.522457,2.3801305
1199,910700,3.651457,4.1544137
2156,905937,2.097305,2.522641
2045,905989,5.346518,4.6204844
1827,905962,-0.707517,0.85268193
1080,905936,-4.165379,-3.4156008
1047,909263,7.307407,5.583216
1845,1660034,3.601348,1.5113025
1088,1659823,5.018711,2.0766149
1179,908458,0.481835,0.91685027
1933,910689,6.844983,5.3395147
1133,909747,5.73123,4.725415
1170,1659929,4.589738,3.4940357
1939,905939,3.307152,2.98776
1804,1660036,0.793332,3.5414124
1177,1674021,4.605555,4.5247936
1626,909761,2.979522,2.454474
1613,908458,5.415963,3.3551152
1736,909747,2.955398,2.1150024
2048,1659929,-4.34053,-3.2558498
2043,907291,4.783463,4.760832
1910,1674021,3.488883,2.7479296
1079,905962,3.437531,1.4836267
1845,905936,0.149506,0.8952656
1024,909263,0.783758,1.5448639
1620,907794,5.989617,5.412328
1803,909718,2.051531,4.284107
1239,907287,3.64726,3.3200507
1803,908458,6.840065,4.740657
1847,909761,4.699777,3.9127703
2498,909718,8.078234,8.048684
1084,1240123,-0.861679,-2.4009156
1058,1659929,1.99221,1.3046343
1079,1240123,0.940785,0.9301202
1913,909748,5.352132,4.783017
1830,909748,2.035734,2.7874916
1047,905989,6.247731,4.5260983
1259,998189,1.86108,1.9872897
1908,909761,2.884545,1.2343733
1808,909746,2.621814,0.9160915
1635,907792,6.685372,5.802598
1814,910689,8.039799,6.485527
1053,909746,4.773443,3.9347696
1034,1674021,-2.476399,-2.4395046
1507,905962,6.208841,4.6715426
1008,907795,-0.861642,-0.04819131
2498,905939,8.045328,8.056962
1032,907795,-0.259303,1.837939
1830,917486,2.800207,2.8857992
1916,1660036,2.254488,3.1494813
1046,1660036,3.31675,2.5314317
1018,905936,5.099651,5.0661626
1803,917486,4.205413,5.23608
1847,910554,2.952688,3.051144
1814,907289,6.377381,6.003587
1010,907794,4.475801,2.5188236
1924,905936,3.908014,3.1099212
1916,909748,4.568276,3.4721527
1629,909746,5.681214,5.030542
1007,907289,-3.826023,-3.4142694
1026,1240123,-2.079742,-0.372858
2157,905939,4.376099,4.950773
1549,909761,3.038806,3.7458062
1806,907790,3.730639,3.9359193
1049,905937,2.357051,3.4378362
1022,907287,0.696707,1.1762848
1803,909748,4.381903,4.504207
1019,1240123,1.146112,2.0325463
1561,909747,2.61584,3.4172616
1046,909698,1.122182,1.0345421
1068,909748,1.587887,0.5741483
1168,907287,1.570223,3.4902277
1778,910554,3.077787,2.7771685
1091,1290769,2.156799,1.9532845
1032,998189,1.940703,1.4600346
2055,907291,0.599753,0.9452049
1873,910905,1.932605,1.075584
1736,907291,2.280864,3.4130554
1061,905989,3.204461,4.3749766
1179,910554,0.884171,-0.23878568
1008,1660035,-0.010685,-0.1487307
1615,1659928,5.228019,4.74729
1812,905962,3.879975,1.6976752
2011,907794,5.858959,3.8411484
1005,998189,3.009499,2.1270983
2158,909748,5.38205,4.3400717
1816,1660034,4.997743,3.6715982
1581,909748,4.03619,2.6801455
2158,909698,3.184493,3.6667972
1932,1660034,2.384821,2.7407157
1449,1674021,6.117322,5.5032225
1582,909755,4.867295,4.894506
2159,1240123,3.536135,2.7554245
1068,917486,1.0631,0.79789954
1093,907790,4.639186,3.997851
1819,907790,-4.164737,-3.5747242
1030,907794,6.169606,4.9297924
1779,907287,1.037805,1.4633534
1806,1290769,7.127579,5.1008005
1922,905936,1.986426,1.9862888
2046,917486,4.026253,3.3684185
2498,905989,7.48155,7.911476
1779,909746,1.56653,1.3765477
1510,909718,0.946234,4.095818
1512,907792,7.294774,5.8083367
1023,909746,4.372936,3.8626826
1613,909746,5.377634,4.145617
2011,909263,4.935132,4.986105
1996,909718,4.823062,4.062341
1026,909751,-3.166059,-0.34126312
1913,1660034,4.281723,4.6433883
1199,917486,3.447254,4.118175
1940,909757,5.407134,3.9506874
1557,1659928,5.132908,4.437159
1630,905989,0.921902,3.4230351
1168,909761,2.745641,3.1693487
1803,907289,0.997875,4.0341945
1011,907287,1.927774,2.8408136
2171,909748,1.802501,2.6120162
1862,905936,-2.033158,-1.5051036
1908,909755,2.272495,3.2149954
1067,908458,6.10911,5.0161276
1626,1290769,1.852371,3.0772426
1054,905937,2.537316,2.7539618
1026,1674021,-0.202902,-0.11369914
1632,909748,1.967942,3.753523
2158,905962,5.782067,3.7780848
1179,905989,-0.799109,0.023886979
1026,910689,1.256697,0.8222895
1583,1659928,2.843519,2.2757814
1375,907790,7.711827,6.131834
1830,1674021,3.454248,2.9707012
1583,909761,3.329118,2.704786
1922,1659929,3.200265,1.9888885
1849,910700,0.393972,0.28244972
1919,1659929,0.619565,1.4758543
1808,907291,0.118712,-1.0995641
1634,909751,5.816555,4.35322
1825,1660035,0.507752,-0.56544656
1083,905989,-0.721186,1.9833367
1776,909757,4.785321,4.425716
1620,908458,6.10911,5.4752073
2177,909757,2.067386,2.216237
1180,1674021,-2.869949,-2.3571057
1021,905937,2.805066,2.5924616
1085,998189,3.498643,2.2840474
1578,907795,5.066468,4.8711395
1581,910554,2.61448,2.020035
1023,910689,5.716467,3.8902826
1089,909698,2.52599,3.5784855
1200,907792,3.4392,4.3820987
2359,909761,5.42698,5.3183346
2111,909746,5.410158,4.8135815
1806,909746,6.185792,5.1997437
2046,1240123,1.404255,2.3670597
1079,907790,-0.166235,1.2571242
1919,907287,0.491055,2.0717733
1463,1660035,4.896301,3.916652
1080,907291,-4.706228,-3.788558
1047,909698,2.672117,4.2655673
2148,910689,1.169464,2.0064373
1843,907792,2.245038,1.7970331
2158,917486,3.149618,4.2456193
1401,910905,1.40718,2.3759758
1021,907291,2.401303,2.3267782
1030,909748,5.300446,5.213382
1084,1660034,-2.572913,-2.1898143
1911,910700,-3.981296,-2.2417054
1594,1659823,5.046111,2.5429976
1047,909757,6.355111,4.8703012
2055,909263,3.565137,3.179676
1598,907795,4.446855,4.3631697
1560,1660035,4.533982,3.5532582
1248,909746,-3.88066,-2.3286607
1825,907790,-1.060461,-1.0836163
1378,907794,7.790767,1.8720833
1053,908442,-0.044721,2.391511
1799,1240123,1.722492,3.9548566
1576,905936,1.398999,2.9236684
1022,1660036,2.07772,0.58953595
1023,910700,3.868908,3.5728936
1021,910689,7.405367,3.8442678
1089,998189,1.70706,3.500276
1177,905962,3.972153,3.8923993
1621,998189,6.02964,3.9923172
1060,909747,-1.303304,-0.34329265
2172,909718,4.694175,2.266765
1779,909755,1.538993,1.5726486
1083,909751,0.592513,2.441243
1549,905939,4.741553,3.6024303
2498,908457,7.079379,8.476541
2039,1240173,2.900246,3.5121255
1250,909263,3.033074,3.3523402
1912,1674021,1.890632,2.8190675
1825,1659928,-1.572798,-1.4925294
1131,1660035,6.318064,4.448998
1080,910689,1.946783,-0.9879367
2055,909757,3.222509,2.0417657
1073,909751,3.771439,4.414549
1808,1290769,1.093398,1.3636334
1553,1240173,3.084715,3.5031216
1853,905962,3.34772,4.359346
1918,907792,2.946898,3.8944688
1059,907794,-0.965938,-0.46093577
2106,1660034,0.93923,2.168059
2154,909757,3.372994,2.7572458
1004,1674021,-4.595016,-3.4249768
1580,905937,4.454595,4.7443247
1023,1674021,2.116324,3.6483095
1997,909761,2.82096,4.2466774
1149,905937,-0.497405,0.89575106
1038,1240173,2.328983,3.5529447
1449,910689,6.963769,5.6989074
1375,1240173,6.528183,6.5785937
1373,1659928,5.207172,3.9837196
1581,909761,4.163325,2.531192
1060,910905,-1.525934,0.81123364
1194,909263,1.919885,5.0030746
1022,908442,-0.190428,-0.43330878
1529,1660035,3.048499,0.7824369
2057,910689,6.768412,5.1457124
1510,905989,4.620308,3.9204865
1594,907790,3.766785,2.3802686
1510,909746,4.689217,4.5153756
1779,910700,2.143582,1.1987036
1029,1674021,6.139099,5.791584
1594,1660035,5.223429,2.786848
1583,905937,2.329234,2.4354072
1928,909757,6.09866,4.332499
1013,907289,2.216352,2.996382
1782,909761,4.895576,5.3183346
1494,908457,-0.692939,-2.708027
1581,909755,3.975096,3.5519018
2156,910905,2.706737,2.849401
1558,1660035,3.839179,3.192021
1033,910905,4.857542,4.8381114
2038,909263,5.649154,5.0554686
1062,1240123,2.570202,2.7094653
2498,1660034,8.328083,7.846857
1131,909698,2.975754,3.6784778
1006,1660034,2.259474,1.7436724
1034,1659823,-2.040916,-2.757772
1835,909263,5.772772,4.454625
1802,909746,4.247568,4.160337
1029,917486,5.67798,5.6084657
1625,910905,6.509413,4.545158
1564,907790,0.301665,1.6009512
1827,1290769,1.338124,0.83790743
2040,1660036,3.247533,1.7437141
1168,907794,4.49629,2.3288567
1049,909751,3.867833,3.5970805
2055,905989,1.351999,1.4248704
2177,905939,3.015973,2.2106137
1635,910554,4.799496,5.043313
2171,1659823,1.933161,2.1614664
1939,905936,3.190865,2.6491508
2172,1660036,3.769975,2.7709749
1549,907287,1.924381,3.7843902
2171,1290769,0.878708,3.114763
2037,1290769,4.011217,3.9124115
1008,909755,1.977993,1.0997508
1815,909718,5.471775,5.712963
1997,1660036,2.683622,4.23932
1180,910689,0.44383,-1.1620932
1806,1240123,2.661406,3.4341164
1614,905962,5.64283,3.6692138
2158,907794,5.042026,3.854428
1598,909718,3.798611,4.470221
1038,1660034,3.395706,2.9824648
1625,907287,5.530983,5.266655
1941,909263,-4.870313,-3.2531533
2498,909757,8.53288,8.064612
1133,905962,4.627208,3.45731
1034,917486,-1.168589,-2.0836782
1932,905937,2.105687,2.5636096
2498,909751,8.10518,7.8530083
2106,1290769,2.75179,3.5789654
1624,908458,3.887491,3.4755664
2359,1240123,5.084562,4.890151
1624,905962,3.562006,2.7781463
1021,1290769,1.370003,3.615406
1133,907792,6.212533,4.5630026
1849,908457,0.433526,0.1974172
1054,910554,3.570804,2.6751463
1936,917486,2.976126,2.7726095
1036,910554,5.231716,3.6967483
1933,907794,2.42738,4.675963
1912,909718,3.322243,2.4899137
1250,1240173,2.264624,2.2475693
1050,905989,2.331376,1.9734781
1816,907289,4.764874,3.7124243
1062,1660034,2.338072,2.9919083
1809,1659928,0.667109,-0.6522568
1559,907287,-2.26798,-0.5180494
1853,1240173,3.951368,4.6697497
1053,909698,2.845475,2.4539468
1811,910689,-0.527215,-1.7979717
1052,909718,3.259324,3.3474698
1581,909747,4.128619,3.6092544
2043,910689,7.083195,5.417672
1558,909755,4.531367,4.1829925
1180,909757,-0.67657,-2.2249956
1853,1660035,5.008657,4.496187
1511,910700,0.820973,0.3745076
1594,910700,1.838099,2.9993832
1003,1240173,-3.738061,-2.7544475
1034,907790,-3.870364,-2.6987028
1093,908458,4.997667,4.1412153
1046,1240123,1.405158,1.0927314
1803,908457,2.923571,4.751253
1194,907287,0.240238,4.867265
2096,905937,2.24557,2.471724
2111,908442,2.895713,3.4810848
1909,909748,3.181488,2.3499582
1917,1674021,0.949903,2.3723211
1997,910554,4.419198,3.7847786
1093,907795,4.405086,4.1585274
1615,905936,4.756818,4.890681
1048,905939,5.213245,4.933272
1578,909755,5.094266,5.4022818
1268,905989,5.047758,4.11502
1038,909698,2.755124,2.7897413
1378,1660034,2.889794,2.0827668
1924,905989,1.447255,3.234395
1378,909755,3.370944,4.2910376
1594,909746,4.03839,3.285059
1626,907792,5.120319,3.6803653
2096,907790,-1.583661,1.7549074
1615,1290769,5.005117,5.381422
1463,907790,3.63824,3.4611912
2040,909751,-1.196559,1.0585916
1025,908442,3.255327,5.0936046
1632,907790,1.724431,3.4159174
1563,917486,5.997055,5.8061767
1003,909751,-3.645354,-2.4211535
1048,1659928,3.202622,4.322371
1175,905989,3.663903,4.0424867
1006,1660035,4.240237,1.5743299
1997,909698,5.136012,3.9201026
1931,998189,5.528986,5.116253
2172,907289,1.453826,1.7363572
1940,907289,5.415824,3.779317
1593,1659929,1.400722,2.0356147
1847,908457,6.49911,4.720119
1580,910554,3.840676,4.6196656
1835,907794,3.212622,3.3132577
1133,1290769,5.193479,4.1819043
1806,907291,3.103848,3.417891
1916,1290769,4.909091,3.625539
1013,907794,3.76658,2.945272
1073,905939,3.039161,4.9755373
1811,908457,-1.669479,-2.3043845
1808,910905,1.263164,0.4025085
1926,909761,1.090716,0.7292503
1811,909746,-0.709536,-2.379119
1401,907289,1.493269,1.8189383
1048,909761,4.75333,4.740639
1009,1659929,5.600959,4.8529177
1849,905936,-2.024573,-0.6625151
2043,909718,4.77503,5.1181293
1050,1660034,2.687557,2.4281008
1449,909748,5.947942,5.286111
2096,1660034,1.76909,2.2098522
1036,909748,5.621476,4.2485824
1511,1660036,-0.380979,-0.39815098
2037,910689,7.719989,4.116147
1086,910554,-1.631574,-1.9369583
1618,907792,4.945611,4.478984
1051,909746,2.270697,2.6495583
1507,909263,5.387199,5.495987
2057,908458,4.924343,4.708553
1494,1660034,-2.381254,-3.684815
1083,908457,2.794225,3.4477558
1853,1660036,2.566694,4.4486303
1179,909263,1.254913,2.0928051
1912,908458,2.226881,2.93277
1268,908457,3.184142,4.739515
1563,907792,7.164253,6.2950373
1940,909746,4.420374,4.220651
1059,908457,-0.914726,0.52570134
1011,907795,2.150364,2.058157
2038,998189,5.388323,3.626173
1563,909755,6.383807,6.3259163
1030,910554,4.724672,4.804743
1817,908458,-4.337051,-4.6160216
1378,909757,3.945378,2.190051
1810,1240123,2.941752,-0.6021853
2498,907794,8.61428,7.808907
2038,909747,4.215869,5.2512674
1025,1660034,5.527728,5.167706
1250,908457,2.41519,2.9097462
1564,998189,1.090196,1.771421
1042,909718,5.463762,5.1488934
1811,909747,0.931071,-1.6606445
1131,905989,6.530915,4.0289197
1441,907795,1.282775,2.0194194
2439,905989,9.289812,9.042731
1909,908458,3.698369,2.073641
1053,907794,3.883515,2.301884
1088,908458,3.168873,2.4123638
1927,907287,5.607835,5.3654227
2037,905937,3.307205,3.2863154
2156,907287,4.081454,3.632618
1060,905962,-2.612885,-0.26787013
1915,1240173,2.628286,2.9432302
1449,909263,5.454342,5.844652
1549,1290769,7.278064,4.7560577
1003,905936,-2.985802,-2.7947
1932,908457,1.913031,3.527615
1051,917486,3.12892,2.2748148
1088,907794,4.078155,2.0362222
2040,998189,1.921821,0.24006492
1149,909698,-0.572317,0.37320966
1463,905936,2.781558,3.447925
1510,1659928,2.348905,3.7032695
1059,907792,-1.044148,0.63993335
1086,909746,0.04299,0.36140168
1933,909761,4.615699,4.866388
1806,917486,6.385003,4.687592
2158,909757,6.009336,4.314738
1997,910905,2.23091,4.0884027
1033,1660034,5.870578,4.811562
1052,907790,3.613968,2.8125436
2148,907291,0.051721,1.04317
1037,905962,2.91659,2.4529128
1581,1659928,2.208492,1.9066455
1239,998189,3.560498,1.2922032
1635,909698,3.995882,5.1072865
1085,1240173,2.130245,2.9655294
1079,909757,3.568533,1.4550569
1853,909748,4.346404,4.442844
1614,905937,1.490106,3.7007792
1021,909748,3.493671,3.1024804
1073,909761,6.17556,4.5353765
2170,907795,4.442433,3.1021338
1635,917486,5.424088,5.4247723
1025,909748,5.748163,5.2902393
1375,909746,7.047632,6.800232
1057,1674021,-1.33373,-1.2469325
1043,907289,4.115071,5.3243423
2154,908458,1.864029,2.4574416
1806,905936,2.597184,4.0740957
1029,998189,6.188121,5.243446
1133,1660035,4.145132,3.8857477
2106,910689,5.339717,3.5897
1814,907794,6.62311,5.919057
1014,909263,0.247693,0.62348914
1618,910689,6.73212,4.3713455
1033,908457,6.555141,5.4466085
1810,905936,0.610014,-0.25298947
1022,907291,-1.079388,-0.7372908
1852,908458,5.357618,4.970157
1510,909698,4.431695,3.7550464
2157,1659928,5.005671,4.4729123
1835,907289,3.553007,3.4765763
1372,909747,-2.338853,-2.0193505
1050,905962,3.837815,1.9903729
1190,907790,-2.81442,-0.87159353
1559,909746,-0.757871,-0.70312554
1593,909718,2.859531,2.4171324
1814,1240123,5.28083,5.6818447
1812,907790,2.404295,1.7981502
2107,905937,5.492845,4.8787503
1806,910905,5.791361,4.309838
1561,907795,0.328001,1.9122899
1561,909748,2.442991,2.8435392
1815,1660034,5.725333,5.5260983
1237,1659929,5.081937,5.328265
1034,908458,-4.314164,-2.236902
2096,909263,0.96282,1.4273283
1026,910700,1.609432,0.4554296
1019,910700,4.00363,3.1509433
1177,910554,4.035471,3.6697693
1909,1660034,2.223008,2.3448105
1080,909698,-4.254078,-3.5563931
1816,907795,6.005409,3.717916
1799,1659823,4.239112,3.5674553
1013,907790,3.740719,2.8987126
1614,909751,5.948846,3.8552327
1843,907289,0.960951,-0.6828672
1014,1240173,-2.028896,2.101982
1804,908457,1.930049,4.751253
2154,909263,2.957813,3.2888694
1625,1660034,5.336181,4.4927654
1843,1240123,1.612437,-1.0954466
1559,910700,-1.835969,-0.89516944
1583,1660034,2.908151,2.5010874
1023,909755,3.385905,4.0074487
2177,905962,3.13857,2.0195696
1558,908457,2.372792,3.9071732
1069,1240173,4.109885,3.9445162
1036,909747,3.714972,5.0199594
1931,1240123,4.815098,5.0493937
1079,905989,4.605338,0.912737
1020,909746,5.926145,5.676964
1594,907792,6.584606,3.3723373
1817,1660034,-2.663723,-4.764889
2159,909748,3.959653,3.7815738
1827,907790,1.518111,0.7395706
2011,907291,4.227148,3.711801
1862,910905,-1.057338,-1.2108426
2439,905962,9.325135,8.947118
1019,907790,2.410226,2.3607993
1004,1660035,-1.743355,-3.7446442
1511,905989,-2.504244,-1.4708614
1557,905937,4.183281,4.580832
2111,910700,5.838187,4.6482553
1812,907287,3.510005,3.2910948
1736,905936,1.9801,2.3812659
1061,910554,4.248917,4.1687307
2174,905962,4.762408,2.315768
2173,907289,3.082945,3.9567761
1083,907792,2.811753,3.7497134
1249,1660034,3.975493,3.147686
1809,908458,1.759928,0.78046
1177,998189,3.92996,3.6014304
2439,907291,8.902847,8.835782
1088,907795,1.80155,2.280507
1026,1240173,-1.729089,0.086628914
1811,1240173,-3.88775,-2.9792194
1941,905939,-3.741811,-3.5770168
1024,1659929,0.975719,-0.25929266
2157,998189,4.827353,4.481784
1179,907790,-0.661619,0.040610015
1073,1659928,2.904674,3.654864
1378,909263,6.623541,4.14245
1372,909263,-3.077977,-2.507507
1786,1659929,4.276806,2.437632
1779,905936,0.482578,0.58143127
1067,909747,7.991494,5.87891
2048,909748,-1.476307,-2.404866
1051,909748,1.470976,1.8762732
2039,1674021,2.523934,3.465673
1091,1659928,1.503317,1.9207361
1243,908442,2.709984,2.1607075
1086,1660036,-0.800377,-0.49307245
1024,907795,0.026582,0.27951205
1930,909748,2.109516,0.6340881
1239,907792,6.331196,3.5306232
1079,909698,1.729745,1.2323862
2107,907291,5.225151,4.8077993
1814,909698,5.493062,5.789867
1091,907287,0.405536,2.0436077
2159,910905,3.836646,3.5171213
2159,917486,2.343569,3.6525383
1079,917486,3.853177,1.7813327
1630,905936,3.302098,3.343547
2037,905989,3.895155,3.3885083
2044,907287,3.953163,4.142807
1009,1660036,5.65201,5.1571684
1825,907792,2.33411,0.78674287
1021,909718,1.747751,3.1640399
1782,909698,5.72005,4.9839487
1924,909757,2.220646,3.5954363
2173,908458,4.745575,3.9797044
1372,917486,-2.297657,-2.732286
1072,1674021,6.160889,4.9992504
1507,909746,5.762878,5.3585367
1191,1240123,-5.662747,-4.801178
1563,1290769,7.001544,6.0805025
2040,907792,1.632142,2.0784996
1618,1659929,3.9659,3.5895038
1580,909748,5.542466,4.9483004
1050,909757,0.325797,2.6015997
2047,917486,2.267368,0.7669141
1835,1659823,3.848137,3.508583
1512,905939,6.66273,5.45641
2439,998189,9.800466,8.840692
1463,907792,5.443475,4.49579
1051,905937,0.565769,0.7956569
1004,905989,-5.654984,-4.0706396
1180,905939,-3.313223,-1.9064155
1089,909718,1.480293,4.391571
1931,909263,6.909618,6.091573
1067,909718,5.162315,5.202775
2109,909698,2.004644,2.3360822
1849,1660036,1.471636,-0.041589558
1617,905962,2.706422,1.6657674
1051,910554,3.765969,0.8844747
1862,907289,-1.878872,-1.2564275
1025,910700,6.020353,5.416499
1581,1659823,4.158884,2.3632252
1018,909761,5.177252,5.2371616
1627,909746,2.225682,4.073926
1059,907790,-2.430865,-0.3770613
1085,909748,2.503341,2.752873
1194,998189,2.304748,3.9110029
1463,907287,3.927892,4.461698
1005,909757,3.464852,2.9474463
1779,998189,1.545733,0.36304063
1806,910689,8.231745,5.4867435
1634,907291,3.982476,4.1310277
1023,917486,3.625205,3.5314028
1085,1660036,2.533919,2.8951468
1908,905962,1.289009,1.0958067
1594,998189,3.63238,2.2214499
2037,909718,3.734151,3.6134038
1008,909761,0.309675,0.06450224
1192,905962,2.816749,2.443353
1873,1659929,1.486113,0.95871377
1062,905989,0.817069,2.760084
1057,917486,1.726369,-0.8273744
1054,909748,2.349851,3.6525283
1054,907289,2.452701,2.9936452
1259,908442,2.363392,2.1572566
1067,905962,6.458906,4.969021
1059,909747,0.338951,0.98372006
1582,910689,6.80104,4.8013453
2047,909755,2.889839,3.2149954
1808,910554,0.501976,-0.6618654
1845,910689,5.969697,2.884706
1618,917486,5.60917,3.8466578
1816,910700,5.274111,3.9599423
1180,998189,-2.158199,-3.027112
1529,905937,0.381196,-0.22461802
1051,1659928,-1.101599,0.4834087
2011,905962,6.229975,3.7767208
1048,907790,3.203347,4.4530044
2048,1674021,-4.6622,-2.8909395
2057,907794,4.513318,4.706947
1852,1290769,6.319872,5.4043107
2043,908457,6.351512,5.557851
2156,909263,3.681082,3.7888637
1061,910700,5.024772,4.77037
1007,907794,-1.999095,-3.3821287
1059,1240123,0.532409,-0.45677274
1853,905937,4.848574,4.28384
1049,910554,4.373855,3.3513856
2011,1240123,4.322317,3.5593317
1378,1240123,3.001734,1.4624342
1249,908458,2.7828,3.322392
1021,1659928,1.134426,2.3624244
2011,910905,4.358438,4.0994024
1549,905937,3.51987,2.9925098
1046,910554,2.667068,1.3436859
1038,907287,5.405029,3.9475298
2057,1660034,3.912272,4.6769156
1011,908457,2.159783,3.0282638
2171,910700,3.712188,3.2776546
1847,1674021,5.60554,4.040267
1996,1290769,5.049678,4.3385444
1529,909755,2.403593,2.8409724
1933,909263,5.531455,5.468732
1023,909718,3.88583,3.5407472
1622,1659823,5.0501,4.313825
1025,1240123,3.383933,4.8919277
1564,1660034,1.009997,2.0329363
1779,1240123,0.743156,0.42977282
1720,998189,5.462135,2.9673805
1854,1660036,4.799965,4.837119
1936,907291,2.167337,2.3549976
1042,908442,5.600859,4.902445
1849,908442,0.051142,-0.65203875
1814,908458,6.2668,5.9283667
1919,909748,0.788025,1.953198
1401,910700,3.647186,3.2044525
2171,907289,0.052733,1.8199772
1080,909748,-2.584583,-2.3922276
1613,907794,3.46015,2.781218
2048,907794,-2.213834,-3.3734617
1581,907795,1.94791,2.3700242
1072,910905,5.127733,4.738097
1062,909751,3.803253,2.918652
1630,909757,4.715207,3.7356005
1026,907291,-2.655613,-0.54535955
1011,909746,0.707328,2.6997705
1012,908458,2.39468,1.5865464
1192,905939,3.171791,3.1096413
2498,1674021,7.302361,8.133659
1507,1240123,5.261103,4.5222955
2011,1290769,3.319195,4.611032
2043,909748,5.954726,5.0359297
1449,910700,6.693422,5.42673
1620,1660034,5.038759,5.4613857
2040,1290769,0.109665,1.8973951
1062,905937,3.959067,3.3071575
1050,907790,5.347043,2.1109912
1629,905962,3.853238,4.574324
2045,909263,6.652639,5.39161
1047,1660036,5.37478,5.0511503
1005,1660034,2.420486,2.8205392
1372,910689,-0.763416,-0.3377735
1827,1659928,-0.703984,0.62485397
1873,998189,1.556477,0.42912778
2107,908442,5.598723,4.8948436
1043,909698,5.317747,5.133314
1924,1660036,1.194477,3.6062226
1854,1290769,5.363804,5.123019
1563,907291,5.287097,5.534112
1449,909718,4.947122,5.380868
1563,907289,5.468824,5.728896
1613,1660036,4.991978,3.6080256
1237,907790,5.223183,5.3378916
1582,909746,4.715788,4.786916
1083,1290769,2.393003,3.3225894
1378,998189,2.491605,1.5408503
1052,908442,1.858276,2.547925
1259,909757,3.518315,2.6944733
1939,1660034,4.701179,2.644179
2498,909698,7.76157,7.7229366
1043,905962,6.121728,5.2252345
1917,1660034,2.145435,2.0752244
1782,907291,4.504161,4.9988966
1627,905962,4.157856,3.2495565
1401,905989,5.733286,1.7145056
1051,1660034,0.68462,1.682524
1613,909698,3.315463,2.3147676
1133,908442,5.503538,3.4448657
1026,905962,-2.122434,-0.08468467
1083,907790,0.968015,2.110987
2499,905989,9.945787,10.000815
1050,909746,4.014047,3.4414654
1847,917486,4.912947,4.4669228
1237,905936,5.075406,5.393579
1776,907287,4.2053,4.8224
1706,905939,-0.921834,2.5180013
1062,910689,2.954366,3.089447
1814,909761,6.398897,6.086089
1852,917486,5.665243,5.1470604
1030,907792,6.866523,5.7021837
2439,908458,10.267994,9.006705
2439,905937,9.703915,8.912533
2170,907289,1.372461,3.1951737
1200,907291,2.378563,3.4991608
1855,909747,8.135855,5.8256655
2044,908442,5.018195,3.1604526
1042,1660035,6.118309,5.143173
1853,907795,4.415649,4.4447446
1581,1240173,3.835219,2.8383708
1576,910905,3.966263,2.9290297
2109,907792,1.937435,3.3360624
1553,1660035,4.173053,2.8899462
1779,909718,0.924354,0.9388586
1630,1660035,4.253507,3.7470326
1558,1674021,4.765099,3.4074442
2159,905937,3.093972,3.097453
1249,909263,3.305096,4.2029285
1634,909263,4.534526,4.988058
1004,909755,-1.08113,-1.0279503
1849,909751,0.506328,-0.50510055
1529,909263,2.058557,2.654733
1021,909263,5.070693,3.9736006
1922,905939,1.555397,2.4772782
1050,1659928,1.310005,1.6263976
1910,907794,1.524967,2.2191033
1375,910905,7.853528,6.2932434
2039,909757,2.292482,3.4033675
1036,910700,5.284746,4.385487
1250,909746,4.204213,2.9940875
1811,905937,-3.296782,-3.897152
1629,910905,5.382158,4.630712
1507,907790,5.651427,4.7172823
1089,1659928,2.081604,3.4803839
1939,917486,1.552476,2.9055138
1033,998189,6.003784,4.602231
1720,909748,5.802805,3.8147128
1799,905962,6.899076,4.4768605
1996,909263,3.524984,4.6337533
2046,909747,6.739388,4.363857
1030,909747,6.559318,5.951167
1629,909755,4.502021,5.150545
2154,909748,3.25055,2.635156
1911,908458,-3.682723,-3.0856605
1618,1240173,3.896032,4.060977
1029,908458,3.485483,5.4736543
2177,1240123,0.765666,1.8552108
1091,908458,-0.999022,2.296133
2045,910689,8.065785,5.315648
1825,1240173,-1.266464,-0.21030778
1511,1240173,-2.895667,-0.72873443
1042,909698,4.549682,4.8106737
1908,998189,2.479085,1.7175331
2040,907289,0.152772,0.9605795
1564,905939,-1.53061,1.757134
1249,909718,5.206389,3.4085367
1827,909761,0.577885,0.8474526
1855,1674021,4.065735,5.0821986
1594,905937,1.974616,2.367409
1375,910700,8.315322,6.572915
1008,908442,1.56181,-0.58798
1776,905962,6.325366,4.1421566
2110,1674021,4.735057,4.545398
1925,907792,7.053985,5.6697807
1030,909718,3.32288,5.1752567
2171,905937,0.970112,1.5915382
1557,907291,2.957805,4.495721
1925,905962,6.1753,5.0775366
1557,907289,5.011433,4.7176285
1200,910554,3.548626,3.4415355
1936,910700,3.223845,2.8347647
1512,907291,4.793469,5.057453
1810,907792,3.98135,2.3626006
1507,909698,4.601658,4.626163
1057,905937,-3.204226,-1.649993
1802,907287,4.382737,4.2203884
1378,1240173,2.800286,2.099441
1933,905936,5.265813,4.6840024
1825,909718,-0.681462,-0.1985547
1632,909263,3.461492,4.4104486
1175,910905,4.663926,4.098942
1021,1660034,3.033552,2.9842486
1557,909748,5.657531,4.881013
1549,908457,2.107642,3.8561172
1022,908458,-0.835514,0.3709666
1909,917486,1.832501,2.6297302
1149,1240123,0.313676,0.27315527
1008,909757,2.99905,0.1203441
2010,909698,4.288527,3.118539
1179,905937,-0.296244,-0.18534869
1779,907794,1.070374,0.55911
2159,998189,3.941847,2.8423035
2177,907792,4.195966,2.5119784
1008,905937,-3.730822,-0.6481697
1032,909748,0.613601,2.2934163
1013,1660034,4.260949,3.0733857
1239,908442,-0.457531,1.4531672
1853,909747,5.986624,5.1394653
1512,910700,6.869047,5.4495926
2037,905939,2.648679,3.7604475
1838,909755,3.884549,4.2733865
1613,905962,4.08566,2.5799644
1080,909718,-5.095638,-2.7124374
1008,917486,-1.229464,0.2102282
1038,910689,6.972302,3.8929024
1576,907289,2.532851,2.9394736
1089,905989,3.645405,3.8797207
1449,907795,3.668501,5.2514534
1194,905937,4.029546,4.088451
1068,998189,0.221857,0.08362508
1030,910689,8.247948,5.597986
1561,1660035,3.531926,2.1044042
1008,909718,-2.331498,0.027462304
1038,908457,4.368727,3.7843084
1613,909718,4.994357,3.2480102
1089,1240123,1.116251,3.4341164
2106,910700,4.322527,3.3717356
1003,907794,-0.272077,-2.6288748
1091,909761,2.165585,1.2528883
1812,909698,3.169568,1.3877995
1563,1240173,5.476886,6.0256853
1030,907790,3.492446,4.897345
1259,905939,4.89046,3.2507854
1931,909751,5.52689,5.4079823
1011,907291,0.797523,1.8605891
1043,905937,4.808191,5.1907244
1799,1660034,4.312191,3.21999
1908,907792,3.476539,2.3801305
1084,905939,-0.768822,-1.6561546
1634,1660034,5.246944,4.2959275
1911,907794,-4.739176,-3.664832
1059,1659928,1.301564,-0.70540017
1047,909748,5.508611,4.9401364
1511,909698,-1.61748,-1.6706192
1629,1660035,5.562114,4.7755537
2438,909761,10.935215,10.4011965
1553,998189,3.233487,2.1466143
1024,1240123,0.433822,-0.7734358
1032,908458,2.964515,2.2411525
1033,1659929,5.535981,4.731744
1932,1660035,3.944467,3.0472407
1557,908458,6.10911,4.7739797
1909,1659929,2.80088,2.1840181
1084,908457,-0.175446,-1.5657737
1634,907790,3.224935,4.2174764
1809,998189,1.279473,-0.26073784
1594,909263,5.493915,3.5239646
1808,1674021,-0.075052,0.1032455
1034,1240173,-5.00334,-2.1668572
1013,910554,1.785049,2.704067
1512,905989,5.255531,5.2619724
2158,909755,4.323658,5.1509986
2439,1674021,10.167144,9.253776
1068,907794,0.34007,0.14371675
1026,907795,-1.885372,-0.046985567
1996,909747,6.284138,4.835461
1911,907792,-3.275242,-2.0479841
1013,1240123,3.56458,2.580952
1908,910689,2.807542,2.2139196
1061,905939,2.427004,4.732667
1049,908442,5.377855,3.45635
1168,909757,4.554136,2.9371343
1093,1659929,3.831085,4.0159836
1564,1240173,-1.504716,2.2913516
1873,910554,1.071656,0.5702829
1804,1240123,3.220605,4.279953
1925,908458,6.087905,5.147032
2172,907291,2.020657,1.1437478
2170,908458,4.547582,3.4117696
2044,909746,6.142662,4.0564504
1086,907287,-1.773715,0.46945876
1017,909751,4.33687,4.2882705
1029,909746,6.273678,6.0151396
1776,909755,4.949246,4.9379225
1561,908457,0.997477,2.3277612
1549,909263,2.795709,4.5649476
1631,909757,5.03919,3.2810075
2039,1240123,2.843586,2.9387789
1080,907287,-1.350624,-1.3870645
1558,910689,4.919347,3.9225855
1873,1674021,0.568424,1.2544775
1073,1660036,3.298758,4.8577404
1086,907291,-3.269256,-2.305678
1375,909698,6.0663,6.030858
1919,907291,1.195008,1.1989939
1057,998189,-2.112277,-1.5454128
1996,909757,5.649228,4.1024957
1049,907291,3.430858,3.3500693
1062,909757,1.916433,2.7015913
1560,910905,4.040374,3.1693254
1776,908458,4.592436,4.2192583
1576,908457,4.174998,3.5700417
1050,907289,1.529183,2.0321963
1926,1240173,-0.608347,0.95133257
1018,907287,5.34244,5.6710863
1048,908457,4.862282,5.2795215
1084,909761,-0.470126,-1.7821059
2169,1659929,4.537327,3.278067
1615,909746,5.940479,5.578624
1618,909698,2.849365,3.4451642
1779,908457,2.044133,1.4240118
1250,1240123,3.391522,1.0052017
2172,1290769,0.398661,2.941947
1529,917486,3.926443,1.6092756
1922,910689,2.912046,2.873735
1809,1290769,2.960848,1.6938479
1838,910689,5.217215,4.1759777
1936,909718,3.32984,2.7316551
1617,905939,1.303325,2.6305268
1049,1660036,4.607549,3.9591708
1200,909747,5.179599,4.617698
1634,909748,5.905426,4.4063063
1816,907794,5.802711,3.6301756
1059,907287,-1.00268,0.96296144
1631,909747,7.206683,4.358423
1996,998189,4.520325,3.6338825
1925,910554,5.362794,4.9139233
1168,1660034,2.155876,1.7847719
1594,1240123,3.974611,2.1801474
1940,910554,4.355831,3.534886
2498,998189,8.246201,7.704529
1177,907795,3.769882,4.167799
2171,909761,1.492102,2.480253
1593,910689,5.940347,2.982789
2107,1674021,6.049971,5.270974
1511,905939,-0.439029,-0.20958358
1048,1660034,5.397497,4.565044
1918,909757,4.358852,3.4781227
1047,909747,9.340026,5.78522
1564,907289,2.165789,2.003417
1003,909698,-3.546082,-3.3622522
1845,909263,1.579927,2.9767027
1910,1660034,3.265606,2.2421193
2157,909748,5.365314,4.839222
1928,905962,5.89658,3.81811
1634,910554,4.486867,4.0756445
1512,1659929,5.027139,5.1473737
1838,998189,4.64641,3.4994645
1594,907287,2.643511,3.3602734
1085,907794,1.306186,2.528804
2045,907289,5.415824,4.6647477
1928,905936,3.850274,3.893692
1060,1660036,1.978993,1.438616
1012,907289,1.385402,1.7267326
1072,909761,4.469132,4.8393297
1926,905962,0.994733,0.5065827
2055,907287,1.381345,2.9661674
1802,1660035,4.399959,3.7981963
1835,910554,2.621457,3.1512976
1630,1659929,5.602423,3.415728
1632,908458,2.997171,3.6015706
1004,908458,-1.818685,-3.1100593
1810,908457,3.362316,1.0422579
1940,910905,5.418206,3.7435365
1855,1660036,6.329815,5.1031985
2170,910689,8.112764,4.0513678
1911,910554,-3.458354,-3.8910236
1004,917486,-0.099653,-2.5109043
1068,1659928,0.416613,0.015846074
1806,909747,7.333293,5.770901
1058,909718,0.567677,1.367243
1029,910554,5.517059,5.251643
2107,1240173,4.273795,5.324369
1932,907792,4.967899,3.6901011
1720,909746,6.272698,4.39445
2171,905936,1.555341,1.9723451
1022,905962,0.975226,-0.27523953
2044,1659928,2.874318,3.0109963
2096,905939,-0.192717,2.0274906
1582,909718,4.757075,4.567525
1909,905937,2.343865,2.2124617
1853,1660034,5.779092,4.2686653
1005,908457,5.540072,3.9217782
1068,909747,1.499082,1.4023445
1560,908458,4.226704,3.8583028
1133,907794,5.363439,3.5591998
1168,1674021,2.234997,2.9010944
1553,907289,4.053115,2.7036452
1819,909761,-2.439036,-2.5845146
1401,917486,2.428176,2.6698291
2038,905936,4.625499,3.9757566
1624,1659823,3.819332,3.180902
1177,907291,4.430178,3.6009445
1375,908458,7.747242,6.2393174
1819,905989,-4.148004,-3.5327744
1632,905989,3.037224,3.5042744
1855,998189,6.438312,4.267897
1083,905962,2.304073,1.9449294
2110,907287,4.225468,4.969185
1936,905937,2.447703,2.4588938
1250,905939,2.131351,2.6285045
1594,1674021,3.943493,2.8534253
1079,905936,2.879729,0.97961503
1804,910554,1.127551,4.02687
1941,909755,-3.57194,-3.5026536
1627,907792,4.882063,4.2341876
1583,910905,4.381764,2.5418887
1720,908458,3.730267,3.6931233
2043,908458,5.517218,4.913145
1927,905937,4.681977,4.726986
1069,907794,5.207783,3.5897288
1073,909698,2.041622,3.721253
1191,905962,-4.99103,-4.5608716
1617,909263,2.196736,3.275012
1194,909748,1.971662,4.356273
1809,907790,0.057349,0.12650174
1058,1290769,2.356742,2.1607237
1825,998189,-0.079953,-1.2793329
1051,909747,4.266105,3.374437
1799,910689,5.065059,4.7622666
1003,905939,-2.12465,-1.7251909
1915,1659928,0.466794,1.7539128
1598,1290769,6.041439,4.7017374
1812,909747,5.380689,4.279518
1816,1659823,4.192402,3.6569247
1013,909751,4.094829,3.082057
2109,905937,1.764515,2.3903034
1615,905937,4.682784,4.871949
1558,917486,2.936402,3.9689314
1922,905989,2.34673,2.010525
1259,1660035,5.46733,2.5892565
1593,907291,2.474753,1.6035311
2159,907795,2.506486,3.3924403
1069,905989,3.934949,3.6562898
1617,907790,3.672418,1.7554274
1062,910905,1.215113,2.7082794
1598,910689,7.606772,4.706559
2148,905989,0.515028,1.2323713
1831,907287,4.781001,4.27733
1088,905989,3.490126,1.8772719
1845,909746,3.296854,2.4836872
2438,909755,10.672072,10.8827095
1810,909751,-0.218889,0.32289827
1618,910554,3.297671,3.413122
1852,907291,5.596298,4.816567
1089,910905,4.198321,4.309838
1625,917486,5.504565,4.680403
1855,1290769,5.963953,5.238178
1627,1240123,2.48471,3.08203
1912,1290769,3.822939,3.230926
1873,1290769,1.826567,1.7627065
1013,905962,4.616748,2.8396418
1020,909751,5.085889,5.1598816
1449,907291,4.851097,5.036834
1131,907289,6.350239,4.100567
1091,909747,2.814782,2.5298328
1067,905989,5.431412,5.055313
1073,1290769,6.881386,5.1800795
1908,907794,0.060888,1.7689891
2169,907289,3.75502,3.3630118
1048,905962,4.44474,4.4139304
1825,908457,1.793712,0.5122326
2043,905936,4.552018,4.9015045
1852,1659823,4.976738,4.9473486
1019,909698,3.27092,2.1687644
1849,909263,-0.37092,0.7571105
1940,905962,6.058706,3.7260108
1013,907291,3.165952,2.6412172
2055,908458,1.896566,2.0539792
1268,1240173,4.552956,4.432536
1786,907289,4.285105,2.546652
1819,909747,3.218598,-0.5463229
1817,909263,-6.32605,-3.9859629
1019,1674021,2.665482,2.895018
1180,909746,0.129562,-1.4803886
1862,1660034,-1.756028,-1.2445083
2038,905962,6.30439,3.8502634
1627,908458,3.806525,3.4823897
1561,909761,0.83753,2.3475144
1915,909718,2.083693,2.4956548
2045,907792,3.972288,5.4224625
1630,907792,6.018799,4.2582207
1043,907792,6.314822,5.847924
1030,917486,5.255614,5.1854734
1022,909751,-0.546966,-0.23871702
1779,909747,3.134367,1.7615097
2438,909263,11.793002,10.849414
1598,908458,5.339558,4.212184
1060,909746,-0.659239,0.83485276
1008,1240173,-2.958231,0.05589837
1069,909747,4.958911,4.482482
2148,909263,2.064003,2.3033087
1779,910905,1.715941,0.60145175
1043,1660035,5.9211,5.444298
2011,907287,3.471413,4.9374547
1634,909747,5.867739,5.180871
1049,1660034,4.392105,3.5369754
1706,908458,1.522267,2.2292256
1852,908442,4.046387,4.934024
1913,907291,4.455601,4.5067296
1581,905936,2.608775,2.152316
1058,908457,1.07635,1.5538664
1997,910700,3.352647,4.2091885
2096,905962,1.75014,1.2571884
1052,909747,6.894989,4.825102
1924,907287,2.545485,4.2906804
1553,909755,5.325859,4.132106
2177,908458,3.094554,1.9349065
1776,910689,6.328852,4.7796574
1813,1240123,5.476915,3.7431667
1940,908457,2.160448,4.3631725
1032,908442,-2.727494,1.2146367
1149,907792,1.850981,2.410387
1629,907792,6.585413,5.1217504
1560,1660036,5.43361,3.3149657
1029,907291,4.9637,5.299365
1873,1660035,2.062271,1.3334848
1016,1659928,1.418772,-0.04598552
1786,910700,6.397035,2.8774593
1812,908457,4.68672,2.9957013
1008,907289,1.816416,-0.4374767
1563,907790,5.84777,5.604082
1237,1660036,5.439028,5.5980587
1626,917486,5.507015,2.7069523
1050,910700,6.377744,3.4190187
1131,905936,3.118155,4.000799
1563,1240123,5.709349,5.4150496
1926,908442,0.88459,0.37600976
1046,909761,1.223097,2.1962438
1057,907291,-1.017468,-1.7654519
1259,908457,3.735915,3.5204055
1635,909761,5.664631,5.4107094
1622,909746,6.028729,4.8269014
2043,998189,6.124305,4.760705
1375,1290769,8.196277,6.671685
1736,909263,1.020161,1.8511833
1025,907289,3.278369,5.2090483
1918,909748,3.734159,3.8035765
1622,909757,4.508095,4.5461593
1042,905962,5.496839,4.9022613
1810,1659928,0.52183,-0.82046145
1052,1290769,2.644527,4.1106462
1847,1240123,2.850751,2.8461554
1049,909755,5.645243,4.6623507
1179,1674021,-0.698297,0.8108253
1529,910905,3.300141,1.2775499
2096,907792,2.607395,2.573355
1375,908457,8.262632,6.915258
1133,907795,3.284318,3.6883895
1925,909747,5.62268,5.987975
1838,908457,5.165213,4.29689
1817,905989,-6.178527,-4.7690616
1012,998189,1.829321,1.0299863
1237,1240123,4.401039,5.1635933
1578,905936,3.735937,4.7780066
1615,910554,5.514811,4.7629604
1631,1659823,4.959512,3.061235
1908,1240123,1.734941,1.7279272
1617,909698,1.336948,1.457928
1250,905989,5.728549,1.4930947
1918,905939,2.903892,3.8488007
1813,1659928,3.527207,3.821677
1024,910700,2.136898,1.2764409
1927,1240123,4.076562,4.57329
1925,1660034,4.29239,5.076478
1816,1660036,4.35566,3.927166
1854,909718,3.184407,4.835038
1560,909718,2.584439,3.5188663
1838,909718,3.952073,3.8701997
1845,1290769,2.9219,2.297596
1019,909747,3.76593,3.7902818
1810,909757,3.09289,0.5053632
1997,907291,4.351791,3.8268094
1052,908457,3.211215,4.2080574
1931,909746,6.75964,5.9606476
1072,908458,5.096688,4.7044673
1068,909751,1.278063,0.19077617
1012,909746,1.693167,2.3443513
2439,1240173,8.570497,9.305976
1200,909755,2.888362,4.430867
1802,1290769,5.247438,4.0737047
2043,1674021,5.401861,5.215224
1830,905936,2.575517,2.697168
1621,909761,5.733863,4.413579
1441,909761,2.429477,2.3443499
2173,909751,3.667677,3.9483855
1069,1660036,2.822373,3.7683785
1237,909755,5.863999,5.980406
1915,908458,4.034699,2.857315
1553,1240123,2.343612,2.0502937
1191,909748,-4.485593,-4.3365564
2159,909755,4.24062,4.699157
1919,908457,0.563611,1.9182341
1854,905989,4.847341,4.694815
2055,907792,2.523133,2.9895225
1050,909698,2.150704,1.6347761
1593,909761,4.533069,2.3643625
2154,905962,3.932203,2.4774077
1042,1660036,4.557689,5.1820498
2047,909757,2.22198,1.7752461
2157,1674021,5.154173,4.9754877
1061,909263,2.471341,5.150005
1022,909761,-0.574804,0.37352437
1817,907289,-4.302012,-4.774535
2038,910905,3.687013,4.184797
1583,917486,3.073791,2.7312033
2170,909718,2.911693,3.311018
1927,907790,4.781708,4.7428513
1598,908442,5.266451,4.2073903
1036,907790,3.019516,3.7944598
1549,910700,2.32416,3.0303066
1372,1240123,-1.041333,-0.40194124
1010,1290769,5.098878,4.083563
1855,908457,4.34024,5.5249534
2047,909718,-0.618007,1.6891696
1008,910905,1.478296,-0.13519162
1043,909718,5.628188,5.457776
1931,1660035,6.362082,5.5795803
1932,909698,4.539928,2.449357
1912,907792,3.74765,3.2507558
1913,907794,6.199715,4.6170845
1072,907790,4.993626,4.6121416
1617,909718,4.664351,2.316134
1023,909761,3.619341,3.523809
1613,1290769,3.680464,3.924224
1549,909748,1.883752,3.610382
1786,909263,4.099747,3.384644
1248,910554,-4.926433,-3.6108484
1032,909746,1.749792,2.5564609
1909,1240123,1.401718,1.7165587
2010,905936,2.09097,3.3278432
1067,905937,4.652731,4.9279437
1810,909761,2.870505,0.65447843
1033,1240123,3.442825,4.5376406
1915,905989,2.409274,2.1869278
2039,998189,2.831798,3.0026956
2159,909747,5.913156,4.7033405
1706,910689,4.062479,3.0840006
1812,1660035,4.177081,2.025542
1248,907790,-5.391203,-3.5000677
1776,1674021,5.374306,4.520326
1511,1240123,0.272848,-1.6144416
2359,905939,7.455019,5.443671
2172,909751,1.022121,1.9786348
1010,910905,4.211797,2.511041
1007,909718,-5.380789,-2.8151388
1932,907287,1.53147,3.6507711
2111,1240123,2.838281,3.17629
1852,907289,5.598114,5.035148
1849,905937,-1.919978,-0.72899073
1912,1660034,2.285717,1.8725209
2499,909761,9.605629,10.088857
2172,907790,-0.723701,1.6788266
1180,1660036,-2.447431,-2.0826616
2037,998189,5.871786,3.1396685
1849,1674021,-1.332992,-0.26228577
2045,909746,5.307114,5.288124
1593,909751,3.034596,2.1927881
1088,907287,4.498723,3.1851003
1463,1660036,5.270736,4.0007973
1925,907289,5.168029,5.154448
1088,905939,3.493851,2.7666788
1016,1660035,3.472422,1.1356926
1626,907289,3.355474,1.927516
1908,905937,2.4772,2.3092494
1782,907289,5.346977,5.2284584
1916,909755,4.700368,4.1609178
1578,908457,5.12593,5.4180927
2111,1659929,3.706996,3.757975
1838,1660035,4.471358,3.843082
1560,1240173,4.764788,4.061348
1089,905962,2.35551,3.803094
1047,908458,5.241769,4.783453
1855,1659929,6.300494,4.6248956
1129,907289,3.256092,3.655202
1024,1659928,-1.817832,-1.0539153
1630,1290769,4.688775,4.0106544
2096,910554,3.195889,2.3528543
1047,1659929,4.840609,4.5450907
1835,1290769,4.86161,4.058021
2156,917486,4.177764,2.9931316
1814,1240173,5.906222,6.297818
1016,1240123,2.00531,0.15965354
1720,907287,6.041308,4.491018
1039,1659929,4.394929,4.9213843
1830,905962,3.230233,2.6623719
1852,907792,6.971767,5.532975
2177,909746,1.466747,2.4566975
2439,907790,9.975751,8.923577
1401,909746,3.040412,3.2437592
1373,917486,3.712658,4.4414353
1025,1674021,4.909706,5.458334
1936,1674021,3.162293,2.841457
1922,905937,1.819462,1.9359045
2010,905939,2.158656,4.05237
2110,1659928,3.768482,3.9918337
2170,909761,3.513448,3.3180466
1030,1660034,5.699649,5.0063887
1463,998189,3.526362,3.245877
1089,909747,6.907341,5.770901
1936,905936,2.669966,2.5508504
1922,1240173,1.824807,2.534612
1930,907287,1.154771,1.3633357
1811,909263,-0.81557,-1.6014194
1917,998189,1.441321,1.3003163
1625,910554,5.457321,4.2935653
1512,917486,5.565553,5.396767
1817,907291,-5.564654,-5.165642
1463,905939,3.716559,4.0299177
1997,1290769,3.800799,4.506016
1559,909757,1.432995,-1.6735039
1621,909751,5.140317,4.3026047
1061,905936,4.090812,4.2977843
1814,908457,6.936145,6.582247
1618,905989,0.902467,3.627664
1047,1659928,1.50862,4.2178793
1259,905962,2.031442,2.0775466
2169,905962,5.678133,3.2356014
1023,909751,3.566987,3.3940687
1091,910689,3.335795,2.302301
1928,909751,2.855007,4.0520835
2438,910554,9.832071,10.125325
1578,907287,5.127325,5.324715
1049,905936,3.635858,3.4616284
1559,908457,-2.342064,-0.94489366
1910,909746,2.063314,2.8376372
1931,1240173,4.995001,5.7229705
2037,917486,4.629386,3.60212
1622,1240173,4.090876,4.667956
2110,909761,3.953941,4.389663
1023,907795,3.971251,3.420127
1050,907792,3.017099,3.7173028
1502,908442,4.298314,4.84158
1022,998189,0.379303,-0.5991506
1811,1660035,-1.400247,-3.5319638
1815,910700,6.600038,5.760975
1050,907291,1.202191,1.5521445
1847,909751,3.327102,3.7908163
2039,909698,2.994856,3.0567155
1052,910700,6.530577,4.2450027
1926,905939,0.428114,1.1636612
1017,1674021,4.666384,4.581983
1912,908457,1.333377,2.9603586
1815,909761,5.027995,5.685924
1553,910700,2.925314,3.3717356
1194,1674021,4.409022,4.547479
1808,907790,0.785438,-0.33773857
1782,909751,4.147491,5.2376885
1624,909698,1.684916,2.5962372
1615,907794,6.124469,4.8836026
1012,1660036,2.191381,1.9890652
1627,909761,2.655281,3.5705447
1191,907790,-4.229094,-4.7308383
1925,1660036,5.217226,5.288622
2096,909746,2.113047,2.173247
1563,907795,5.129507,5.7064033
1778,1660034,3.460026,2.7269912
1248,1659929,1.561123,-3.3887043
1007,905989,-5.153837,-3.5327744
1250,909747,3.909575,3.4576688
2359,907790,6.115863,5.0936327
1237,998189,5.505822,5.232862
1940,905989,3.478474,3.762851
1083,910554,2.924185,1.7939057
1032,909761,2.307447,2.1454597
1564,910700,2.56348,1.9529817
1940,909698,3.685527,3.629276
1635,909718,5.341174,5.427162
1025,909263,4.582054,5.838572
1030,907795,5.762823,5.0542555
1849,909698,-0.79284,-0.7170138
1996,909751,4.589978,3.9233012
1007,907790,-5.485606,-3.5747242
1057,908458,-0.122557,-0.90572184
1830,1240173,1.726883,3.0142305
1511,909748,0.67652,-0.48020786
1849,1240173,-0.346422,-0.20842594
1618,905962,4.121123,3.489621
1080,907792,0.394469,-1.2778602
2107,908457,5.900963,5.6317387
1811,998189,-3.369191,-3.9367704
2111,905962,5.014862,3.5260315
1778,909746,4.830391,4.164257
1620,909751,5.80031,5.4986696
1053,1290769,4.654046,3.5601816
2037,905962,7.599971,3.2495565
1811,1659928,-4.583216,-4.1071205
1373,909698,1.440832,4.040793
2172,905936,2.956133,1.4857428
1816,1290769,6.578469,4.1388474
1259,910554,3.025416,2.105563
2038,907794,5.074166,3.9469247
2011,909747,7.055161,5.179638
1021,907795,2.512948,2.9826584
1080,1660036,-3.147889,-2.4478
2107,910905,5.690669,5.0167036
1018,1660036,5.432209,5.3252954
1786,909751,2.74325,2.5561085
1779,1240173,0.832814,1.0132462
1007,1660036,-3.837245,-2.5142016
1581,909746,3.738574,3.2079768
1576,905939,3.263574,3.1731515
1014,909757,0.367284,1.6000412
1179,1240123,-0.768434,-0.24168974
1005,905937,3.284439,2.2279766
1046,1659928,2.698151,1.1501987
1564,909698,0.787293,1.008325
2010,908458,2.628837,3.7261915
1259,908458,2.442146,2.8754168
1996,907790,5.455659,3.7778664
2499,909748,10.113231,10.040809
1926,909751,-0.769121,0.38208538
2177,907291,2.071468,1.8844784
1786,905962,4.839718,2.43416
1529,907794,0.271184,0.49321073
2498,910689,9.463328,8.276343
2157,907792,4.404039,5.345562
1047,1240123,3.280602,4.1129875
1559,905939,-0.826763,-1.303062
2154,905936,2.271506,2.5432599
1091,1660034,1.238511,1.7884207
1072,1660036,4.659478,4.9598203
1580,908458,5.936079,4.821202
1004,907790,-4.551854,-4.111794
1928,907291,4.666373,3.760332
1200,909748,3.746202,3.831243
1782,907794,4.950212,5.131544
1996,907792,5.051883,4.6295495
1624,1674021,3.504924,3.5030146
1624,909755,6.039411,4.6418266
1061,1660036,5.06802,4.7098503
1084,907795,-1.200407,-1.9218161
1168,909748,2.062968,3.2613027
1614,910700,4.31437,4.274752
1014,1290769,-1.742112,-0.074389815
1622,908458,5.652526,4.298832
1249,910905,3.548872,3.265552
2011,910554,4.208285,3.744175
1908,908457,0.762292,2.316507
1928,909761,5.757327,4.223995
1036,909755,4.834631,4.9702797
2177,910905,2.472408,1.9635668
1631,1240123,3.444135,2.3302205
2159,910700,5.17624,4.1156664
1494,905939,-2.787403,-3.037593
1915,910689,2.458084,3.0021098
1062,905939,-0.267444,2.697243
1510,908458,1.790795,3.9748144
2043,909757,6.33521,5.135705
2011,909761,5.785525,4.204325
1996,909761,3.91098,4.0258956
2055,909718,1.188057,2.1116943
1016,1660036,3.366756,1.6083503
2172,1660035,4.800478,2.1449983
1180,907287,-3.64746,-1.3214557
1926,907289,1.219226,0.5405689
1512,908458,5.687442,5.208434
1010,909751,0.267915,2.4689999
1494,1290769,-3.779739,-2.2345016
1593,909263,0.512024,3.1511524
1620,909757,5.992742,5.6753187
1449,909698,5.169438,5.0329123
1510,1674021,4.453565,4.2197695
1463,917486,5.580565,3.8318152
1931,1659929,5.125821,5.30251
2107,909757,6.028741,5.1845407
1088,909263,3.659698,4.4384246
1512,1240173,5.075459,5.5544767
1200,1659928,2.525858,3.4448743
1631,909755,5.58392,4.367516
1079,905937,0.744042,0.8635973
2011,908458,4.567339,4.1871386
1814,905989,5.916746,5.978597
2177,1660036,2.567717,2.1557527
1510,905936,3.59833,3.8790278
1047,910905,6.513222,4.7231865
1581,907291,2.179775,1.922014
1025,907291,4.796296,5.0066185
1843,910554,1.022333,-0.90117866
1237,1660034,6.070524,5.3993764
1825,905937,-1.954687,-1.2746983
1576,909751,3.020607,2.951333
1463,909761,5.521579,3.781642
1012,1660034,2.654505,1.7032769
1939,909263,1.538848,3.5336823
1802,909718,3.983442,3.7884016
1013,909761,3.704799,3.235536
1180,908457,-1.502487,-1.6261086
1614,998189,4.574367,3.5452342
1941,907792,-6.459031,-3.7140112
1021,907792,4.925282,3.9313464
1933,907291,3.447101,4.5068626
1835,905989,2.38582,3.3933618
1088,910905,6.363424,2.3362415
1053,1660035,4.40505,2.9063597
1032,1660034,1.685717,0.83479524
1051,905936,0.527049,1.0801443
1916,909746,4.122473,3.9601932
1199,909748,3.362536,4.1107087
1008,998189,1.453067,-0.7171808
2010,909748,3.815949,3.9136863
2039,909751,3.033781,3.2029972
1268,910554,4.437959,3.871697
2154,1659928,1.683983,2.2757814
1175,1240173,3.317943,4.4018164
1873,905937,0.352821,0.6127139
1046,910689,8.538997,3.1417212
1051,1240173,3.017332,1.3339418
1814,905962,7.404013,5.8327637
1007,910905,-0.363408,-2.908163
2156,910700,4.549504,3.3712325
1048,910554,4.537651,4.3526707
1933,909751,3.665451,4.7797017
1016,908457,2.3578,1.7465641
1776,1660035,4.915687,4.406893
1030,905989,4.893782,5.0073414
1494,907790,-3.190831,-4.0149565
1170,905962,2.62774,3.3227072
1813,908458,6.67041,4.4359665
1618,908442,3.724277,3.532979
1038,908442,2.05482,2.8711078
2148,917486,1.053042,1.6874475
2111,907291,2.423957,3.2660136
2170,909698,3.397573,2.856577
2171,908442,-1.513592,1.6489255
1067,1659928,4.454865,4.7920866
1811,907790,-2.791734,-3.7789993
1512,1240123,4.564864,4.9780207
1909,910689,4.484752,3.0583305
1855,908442,6.177631,4.465687
2439,917486,8.43985,9.138358
1048,998189,3.920149,4.311998
1043,1660036,4.084018,5.4543114
1036,1659928,5.462798,3.6503725
2107,908458,5.418836,4.9861727
1933,1660036,5.568313,5.011894
1549,910905,6.882427,2.7613466
1622,909747,5.988953,5.204667
1913,905936,4.570698,4.6464067
1813,910689,8.210428,5.233286
1012,917486,2.114694,1.9863443
1598,909746,5.262072,4.686036
1507,917486,5.614317,4.949034
1023,907794,2.421726,3.3077013
1625,908457,5.193377,5.2059283
2109,907289,2.475041,2.5245407
1014,1659929,4.153254,1.8390374
1052,1660035,4.179317,3.1814778
1372,1659928,-0.954549,0.6752315
1494,910689,1.217972,-1.7790203
1091,909757,3.308632,1.6441276
1051,905989,0.885577,1.07464
1831,1659928,2.543415,3.52646
1131,908457,5.422518,5.1318817
1997,1240173,2.2502,4.377696
1819,905962,-0.645864,-3.3709073
1239,917486,3.917196,2.6584086
1564,909747,-0.056048,1.1821932
1047,905937,4.99785,4.389774
1813,907795,3.534679,4.3207574
1911,905937,-4.670867,-3.897152
1627,909748,3.128685,3.638576
1614,907795,3.225217,3.84303
1908,909263,1.108989,1.2900164
1512,910689,8.680801,5.7297325
2499,910554,9.622196,9.763016
1018,1660034,5.779059,5.093808
1634,905937,3.116286,4.21281
1630,908458,3.429618,3.663003
1912,910700,2.65808,3.121296
1008,905989,-2.808472,-0.50815004
1006,910554,-0.840443,1.0815324
2156,909746,6.476888,3.5281928
1033,917486,5.213971,4.9581485
2173,907790,4.518827,3.8088875
1014,905936,0.146013,1.2587526
1030,905939,5.832444,5.307054
1375,1659928,6.311418,5.9717913
1010,1659929,1.837465,2.6334422
2498,909263,8.790565,8.423124
1936,908457,3.407552,3.2167268
1598,1659929,4.744382,4.1861544
1194,910689,6.137692,4.8688564
1831,909755,3.698525,4.32864
1072,1660034,4.139445,4.703501
1191,998189,-3.709051,-4.8078213
1936,905989,1.212644,2.5399935
1814,907795,6.783444,5.984443
1810,907790,1.99921,-0.06328541
1910,905939,2.532863,2.6256735
1133,909698,3.87708,3.3362026
1802,909751,3.775874,3.6485443
1855,909761,6.281642,4.864103
1813,909698,4.549933,3.8835154
1133,909755,4.425081,4.6833158
1630,910554,3.889853,3.229861
1933,907287,4.957226,5.3599844
1029,907287,6.040071,6.0856733
1010,905989,3.069888,2.6984384
1507,908457,6.117368,5.4540606
1922,1240123,0.987787,1.7712903
1013,907287,3.876172,3.8961701
1088,909761,3.31431,2.3568707
1190,909263,1.849566,2.4244463
2043,909263,6.586504,5.5588417
1613,1659928,4.234688,2.2466018
1091,907794,0.533948,1.593048
1061,1659928,4.716479,4.1531157
1816,1660035,5.395354,3.8783922
1441,909747,4.555012,3.4469113
1924,907792,5.508789,4.129226
1632,909747,5.738977,4.585033
1052,909761,3.61203,3.3830683
1250,910689,7.60985,3.2334785
1806,909698,4.594862,3.5784855
2170,909746,6.254087,4.0302477
1799,998189,5.588181,3.8283603
1036,917486,5.916475,4.143867
1069,909718,5.064657,3.8174715
2110,998189,4.152754,3.967084
1634,1659823,5.775423,4.2829943
1582,908458,5.415963,4.3257637
1862,909718,-2.136041,-1.172471
1016,909718,0.260225,1.1485364
1083,905936,1.132023,2.1375685
2154,910689,5.690107,3.0842242
1036,1660036,3.659318,4.3156953
1059,905962,0.658212,-0.20394534
1852,905936,5.233262,4.94845
2045,998189,5.929888,4.369041
1020,917486,4.620173,5.257783
1441,909748,3.609938,2.7804615
1933,909718,5.516176,4.9187546
1615,1674021,5.255027,5.253734
1916,909698,2.627229,2.6393697
1080,1674021,-3.027952,-2.8131263
1816,910905,4.076861,3.7065861
1059,1660034,-0.549561,-0.3631658
1018,909718,5.538648,5.2602777
1614,907289,4.786454,3.8956678
1441,910554,4.45468,1.6826704
1557,1660034,5.2573,4.6181326
1838,907795,2.589311,3.752262
1043,1290769,5.965368,5.6969366
1131,1290769,3.428067,4.908038
1026,909761,0.328376,0.09841967
2175,908442,5.268196,4.504402
2040,910554,2.158315,0.45530692
1578,907792,6.081244,5.366856
1268,907287,5.111056,4.682986
2170,909748,5.967561,3.5593152
1084,1240173,-5.526375,-1.7414751
1813,909718,2.595139,4.514689
1239,910905,5.472965,2.188515
1018,909751,5.601965,5.142415
1021,1660035,4.264433,3.029284
1011,909748,1.850488,2.1301064
1149,905962,-0.245126,0.60194355
1635,909751,5.853751,5.2534313
1847,905939,3.946253,4.358281
1025,908457,3.736803,5.809158
1053,910905,1.330078,2.693883
1175,910689,5.370465,4.6626067
1006,905936,-1.801389,1.2223002
1594,1659928,3.189932,2.2441618
2044,917486,4.62991,3.5326414
1026,907289,0.469998,-0.17609197
1060,907291,-1.437859,1.5828292
1582,905962,4.411521,4.3438272
1051,908457,2.66375,2.630609
1854,909746,6.192727,5.1776023
2055,1240173,0.674796,2.1044288
1629,905989,4.763583,4.644748
2046,909718,3.710953,3.2647748
1617,1659929,2.367378,1.9593756
1845,909718,2.960107,1.6531444
1052,905937,2.164205,2.5771828
1553,909751,2.451797,2.5554516
2046,1290769,2.849613,3.7222223
1915,908457,1.828727,2.9599433
1933,910554,3.730929,4.464564
1925,907794,5.693891,5.043153
1511,909751,-1.624732,-1.2184026
1847,1660034,2.569025,3.6614773
1926,1674021,0.884712,0.68190485
2359,909698,5.318743,4.9839487
2499,909751,10.255106,9.931483
1083,910689,4.857794,3.7357984
1621,910689,8.114126,4.940776
1913,905937,4.62361,4.5827084
1168,908442,0.131133,2.3191442
1582,917486,4.784551,4.5237594
1913,905989,3.941274,4.7096395
1019,909761,4.025327,2.7052805
1168,905937,2.14111,2.5182724
1580,909263,4.84835,5.485526
2109,1660036,4.500837,2.832863
1830,910700,4.479422,2.8608916
1838,917486,4.087564,3.8469467
2107,1660036,4.606537,5.2384796
1268,908442,4.198854,4.0257645
1089,908458,3.791584,4.4432354
2107,907289,5.415824,5.0142775
1068,1290769,-1.00194,0.91635907
1191,909263,-3.204838,-3.7620816
2156,909757,1.964113,3.0320084
1401,905937,0.977521,1.6107972
1062,1674021,2.865634,2.8527586
1168,905939,4.362511,3.3003402
2171,905939,0.15467,2.919678
1494,905962,-4.268584,-4.0174875
1037,1660036,3.135774,2.9462662
1512,905937,5.778937,5.1343355
1088,998189,2.234423,1.6945405
1786,909747,7.0401,3.5366902
2044,907792,4.987467,4.204629
1011,905937,2.113555,2.1407619
1529,1240123,2.326501,-0.20718616
1563,910700,6.422904,5.928327
1778,1290769,5.206893,3.8908916
1847,905937,4.365765,3.098609
2110,905939,3.55673,4.572396
1511,908457,-0.03677,0.13889128
1059,909718,0.11949,-0.022623241
1917,905937,1.43167,1.4833148
2170,1240123,4.514234,2.6263175
1091,905936,1.596012,1.5430255
2173,908457,2.719503,4.603112
2498,907790,8.584118,7.795351
1020,908458,6.089124,5.1249905
1617,1290769,6.362581,2.7745736
1631,905939,1.968792,3.5481577
1057,905936,-1.788307,-1.6527262
2439,909747,9.532971,9.758386
1926,909748,0.606823,1.2603025
1919,907794,3.102881,1.3555317
1168,910700,3.077326,2.8472574
1085,907287,2.63754,3.2825367
1626,1660036,4.237278,2.9045386
1200,1240173,1.72174,4.0153213
1023,1240123,1.959766,3.1000159
1061,907287,4.293361,5.126298
1922,907287,1.842697,2.9105806
1025,1660035,6.020233,5.341554
1512,909757,5.858479,5.43629
1025,907792,6.000398,5.795743
1912,908442,-0.391438,2.0950067
1804,1660034,3.551861,3.3238206
2177,907287,2.037727,2.5204587
1915,909755,2.788376,3.2267118
2048,1240173,-5.879288,-2.5975184
1819,1240123,-2.863485,-3.6745658
1049,1240123,4.581241,3.2133877
1776,909748,4.75506,4.361833
1580,1659823,5.749607,4.821923
1553,909718,4.713691,2.7479959
1621,907795,3.487137,4.30092
1177,909718,3.545556,4.3363853
2010,909751,3.217784,3.524408
1051,909698,1.485966,-0.0122330785
1030,909698,3.371357,4.840837
1615,905939,6.779959,5.267702
1013,1659928,3.578302,2.631064
1043,909761,5.140219,5.4373474
1911,908442,-5.024575,-3.793398
1073,998189,4.394066,3.6792636
1626,909718,5.588451,2.4042625
1029,907289,4.994668,5.5175905
2159,909757,3.410451,3.6827664
1622,907795,5.411494,4.403421
1578,910554,4.531593,4.582283
1831,998189,4.59553,3.6045523
2011,909718,3.797406,4.2434072
1799,908458,1.235409,4.6032853
1091,908442,2.331506,1.5740523
2359,907291,5.071197,4.9988966
1931,907289,5.338462,5.4071207
1927,908458,4.974331,4.836234
1199,1660036,5.655856,4.1265025
1862,907291,-1.313343,-1.3722908
1248,1660036,-3.430018,-2.8535497
1625,909698,4.201922,4.3344803
1578,905937,4.644708,4.7059355
1017,907287,4.729199,4.894834
1023,1240173,3.368743,3.6863317
1810,910700,4.137436,2.349788
1827,1660036,-2.647985,0.6541038
1089,909746,3.784972,5.1997437
1849,907291,-1.121518,-0.887253
1190,1674021,-2.904957,-0.38462895
1025,909718,4.062463,5.351076
1175,1660034,4.811854,4.068593
2173,1660035,3.908137,4.169553
1086,907289,-2.14443,-1.6061873
1630,1240123,3.824703,3.1233757
1578,909757,6.384175,5.0106893
1816,909263,4.266777,4.417047
2157,1240173,3.78032,5.041498
1004,1290769,-0.173333,-1.9723394
1190,1660036,2.091924,0.120455086
1008,907291,2.866017,-0.8362722
1706,1660035,2.062374,1.9419794
2106,905936,3.223036,2.464419
1557,910700,6.249416,4.9009414
1030,909755,4.344318,5.8279815
1017,909746,5.960674,4.7836323
1016,910689,5.27136,2.233873
1059,908458,-0.170479,0.30612206
2154,909751,1.994618,2.5659757
1062,909718,0.207346,2.6341674
1200,998189,3.737119,3.454084
1020,908442,5.76521,5.023882
1925,1240123,3.434337,4.870883
1089,917486,2.832843,4.687592
1622,905937,2.93853,4.2475033
1375,907795,7.234704,6.266957
1827,905936,1.404244,0.7121465
1854,907792,6.057068,5.224594
1441,1290769,2.878262,2.8691118
1916,908457,1.377651,3.4435008
1030,1660036,5.339258,5.284009
1180,1240173,-2.937376,-2.054834
2156,909698,1.622541,2.3602636
1012,909748,1.262086,1.8323511
1553,908442,-0.741676,2.3921597
2171,1660036,3.81675,2.8266845
1845,1674021,1.761957,1.6437702
1594,909761,4.051787,2.705026
1004,909746,0.528848,-2.0838654
1626,909755,5.806307,4.02635
1814,1660036,5.850639,6.1808653
1133,917486,4.275404,3.8479877
1563,909746,6.871188,6.144102
1239,908457,3.887216,3.0473657
1131,1659928,3.93645,3.660219
1632,909698,2.976794,3.2744534
1249,907792,6.956415,4.1571903
1441,1674021,2.826785,2.4741364
1441,909757,2.687983,2.4657452
1026,910905,0.211574,-0.048407137
1922,1660036,4.090342,2.36773
1177,917486,5.660151,4.44363
1930,998189,1.101927,-0.14828902
1529,909747,7.653593,2.651006
1131,1660034,5.369163,4.2156477
1621,905939,4.523424,4.5946407
1825,909761,-0.209431,-0.09153968
1553,909748,5.567098,3.379859
1706,905937,-1.271289,1.0469848
2047,909698,0.569735,1.079763
1060,1290769,-3.118505,-1.4445858
1625,907795,5.328376,4.5090494
1849,1290769,0.495592,0.09948355
1089,1674021,3.109139,4.632665
1720,1659928,0.794847,2.9433045
1005,908458,4.510704,3.1914403
1806,1240173,5.174086,4.668311
2170,905936,2.259871,2.9002423
1062,1290769,-0.823332,1.3685871
2158,1240173,4.177467,4.5055833
1614,907792,7.060207,4.6876483
1072,910700,6.663235,4.990103
1940,905937,3.307124,3.6544724
1003,917486,-1.282278,-1.3181322
1017,909757,5.081232,4.3987255
1635,1240123,4.653168,5.0020304
1927,908457,5.71755,5.4527445
2158,907792,5.509864,4.995381
1175,1660036,4.736744,4.3272605
1401,909761,2.504582,2.4207113
1016,917486,3.168489,1.5272245
1017,907289,5.11702,4.1734204
1079,907792,-0.988903,1.5520539
1852,909746,6.272631,5.438715
1620,909747,6.672868,6.3360705
1827,1240123,-2.0655,0.7575996
1062,1659929,1.575773,2.9199035
1006,908457,3.296081,2.4760401
1003,1659823,0.764638,-2.8536267
1617,907287,2.167689,3.1046448
2175,907289,1.765145,4.643901
1811,905936,-3.644615,-3.6381483
1930,910700,0.290355,1.1886954
2499,1240173,9.256252,10.233423
2156,1240123,1.850998,2.230168
1180,905962,-3.558535,-2.648892
1620,1674021,6.350279,5.7484703
2148,910554,1.507793,0.77088994
1378,910700,5.867159,3.81315
2171,1240123,1.071497,1.3423201
1511,1660034,-0.811739,-1.0964148
1617,1660034,3.561889,2.0091388
1083,909746,3.014598,3.5116901
1062,907792,2.66629,3.2328444
1023,907287,4.043598,3.9313946
1940,909718,4.170197,3.9167771
2044,998189,4.036098,2.9842315
1996,910554,3.759099,3.639411
1003,1240123,-2.549696,-3.0223458
2148,998189,2.210032,0.509974
2172,905962,3.23422,1.5277495
2173,1674021,4.371786,4.2333384
1006,907287,3.032264,2.7858627
1624,907289,3.960381,3.0204203
1803,905936,3.994375,4.505279
1810,908458,1.021487,0.6586596
1776,905936,3.968539,4.1975565
1918,908457,2.465411,3.65758
1804,1660035,3.209729,4.011509
1830,907287,2.065973,3.2546282
1511,1659929,-0.297089,-1.2472832
1003,1660034,-1.612538,-2.3672278
1373,909718,3.708916,4.464019
1814,909746,6.708984,6.4440084
1815,905939,5.189217,5.760851
1581,907289,2.859498,2.3682373
1626,907790,1.516285,1.8613591
1615,905962,7.096334,4.8378367
1919,910700,1.752247,1.6353178
1862,907792,-1.570562,-1.1404197
1632,909718,3.126974,3.7380257
1237,1674021,5.735882,5.702468
1778,909698,2.406199,2.9216578
1799,1240173,5.431211,4.7325015
1067,910905,5.762501,5.041295
1093,910700,4.523874,4.3651004
1580,1659928,5.132434,4.6162353
1558,905937,2.065397,2.9483733
1634,909755,5.09721,4.972109
1854,1659929,5.541923,4.581199
1372,1660035,-1.550075,0.32333
1615,1240173,5.427153,5.3210793
1053,909751,2.185361,2.561227
1080,907790,-2.176762,-3.3966484
2157,909755,5.40529,5.4069695
1933,909698,4.53041,4.5294814
1079,910689,3.608335,1.9712131
1021,907790,2.236352,2.7329237
1613,1240123,3.379729,2.1856961
1913,907289,5.415824,4.721747
1378,905989,2.943668,1.7073231
2055,905937,0.326422,1.2212498
1024,1660036,1.599174,0.6276915
1061,909755,4.824045,5.3067555
1811,908458,-2.488259,-3.0856605
1559,909747,-0.243811,-0.25530976
1378,908457,2.508058,2.9957013
2157,908458,5.188906,4.695855
1250,909698,1.515367,0.8517919
1033,908458,5.189195,4.7922225
1007,917486,-3.723978,-2.0627608
1034,1659928,-4.003827,-3.035115
1598,905939,4.479661,4.488512
1630,907291,3.163806,3.2311575
2110,909698,4.133207,4.0245185
1830,907790,2.957478,2.604084
1809,909718,-0.76415,0.74873793
1802,1659928,3.225748,3.3755229
1919,1674021,2.503527,1.7059199
1809,907289,1.772003,0.020509541
1736,907790,2.305579,2.5362236
1441,908457,1.076064,2.824574
1838,909748,4.42544,3.7711866
2498,1659928,7.436631,7.6312127
2045,910700,6.912562,5.003398
1558,1660034,2.252717,2.2066677
2040,910689,1.714189,2.1552923
1927,910700,5.265669,5.0223923
1067,1674021,5.842464,5.2980733
1068,1659823,2.907841,0.19236976
1786,909698,4.33924,2.3751314
1627,909747,5.498418,4.439437
1048,907291,3.498555,4.368666
1631,907795,2.476641,2.9821234
2157,909757,5.453686,4.895896
1936,907790,3.645143,2.4540765
1043,909263,5.971703,5.902503
1908,905936,-0.451484,1.435379
1613,910554,4.803631,2.4217713
1815,905962,6.218632,5.465044
1940,905936,4.169098,3.730291
1815,1659928,5.427145,5.3204837
1175,905962,5.380313,3.912652
1786,909718,2.498786,2.7347195
1168,909698,3.640328,2.85645
1736,1660035,2.433727,3.3932009
2170,905962,4.571953,2.9336586
2156,907291,2.198248,2.283037
1268,908458,5.094701,4.1343093
1025,907287,4.59745,5.748249
1200,908457,3.84663,4.3349705
1928,1659928,3.790138,3.7129593
1559,910689,1.477486,-0.377958
1908,907287,1.458473,2.0875237
1926,907287,1.005138,1.463575
1559,909761,-1.005863,-1.5459917
1268,909748,5.929273,4.266519
1911,1240173,-7.213738,-2.9792194
1046,909757,0.924325,2.1399145
2046,905989,3.923809,2.7871742
1060,910700,0.512607,0.97142
1050,909263,2.489861,3.7825131
1815,1674021,6.382699,5.813738
1149,909746,1.24794,2.4207141
1629,909718,5.996593,4.804328
1175,1240123,3.974744,3.720734
1635,907289,5.185371,5.3001
1006,907790,-0.402456,1.30393
1910,905989,1.452942,2.12173
2047,905936,-0.774422,1.435379
1011,908458,-0.214318,1.835
1853,1674021,5.970623,4.642168
1909,907291,1.976563,1.9409146
1854,1240123,4.305706,4.4172316
1032,907289,0.228199,1.4028217
2499,907287,10.371076,10.361421
2171,909757,-1.195351,2.3966007
1011,905936,1.976791,2.460011
1913,909263,6.349551,5.3013415
2048,908458,-1.926718,-2.5613992
1512,998189,5.790755,5.0532613
2111,909757,4.644122,4.1071925
2048,910689,2.617104,-0.54218334
1622,909761,5.593731,4.5008407
1511,910905,4.026865,-0.8416286
1854,907287,5.413559,5.2144394
1827,909748,0.301188,0.570755
1449,1240173,4.985117,5.5261707
1812,905989,4.112058,1.7073231
2055,909698,0.541373,0.7643629
2010,908457,5.386037,4.4040265
1507,907289,5.239917,4.8426228
1915,1674021,3.053289,2.59931
1629,1659929,6.302931,4.5321884
1449,1240123,3.976296,4.928899
1922,907792,2.680124,2.7961898
1023,908457,4.36459,3.9878554
1854,905936,4.928363,4.619377
1997,1660034,4.928808,4.035699
1016,907289,-0.574475,0.9024652
1062,909746,2.395758,2.8714194
2110,910554,5.361971,4.006451
1812,1660036,2.832684,2.5918703
1048,909746,5.751322,5.2586193
1034,909751,-4.383869,-2.6721308
1925,909263,5.850042,5.756491
1131,1659823,5.944019,4.3078957
1011,1659929,1.486684,2.051342
1067,1660036,4.988326,5.1982703
2111,907794,3.798355,3.636077
1917,909761,0.522549,2.3178523
1996,909748,5.69063,4.0650625
1072,908442,1.732437,4.614067
1778,909755,4.948208,4.332061
1012,1290769,1.251988,2.2569473
1802,910905,4.231117,3.6314137
1022,909748,1.191812,0.5395109
1634,907794,4.619729,4.25858
1919,905937,1.531952,1.5328496
1847,909755,5.99512,5.6630907
1831,1660036,3.525708,3.9274945
1239,908458,3.988814,2.399439
1815,910554,4.926686,5.3218803
1849,909746,1.456656,0.29424554
1072,998189,6.447158,4.483569
1813,910905,6.125905,4.3922944
1016,907790,-2.034643,0.5297497
1913,909747,5.745424,5.5226154
2096,909747,3.086204,1.7093501
1598,910905,4.124814,4.2859416
1014,910689,1.581349,1.9307685
1190,910700,1.560098,1.9992259
1873,907289,0.637142,1.0122242
1029,905937,5.42873,5.3721313
1042,917486,4.734927,5.1304693
1813,907289,5.113996,4.190094
1049,998189,4.849082,3.2787905
1259,1240123,3.17275,1.8864872
1401,909698,1.326041,1.443685
1049,907792,4.448282,4.4448256
1778,1660035,4.471376,3.3605454
1190,909761,0.983628,-0.087869704
1909,1659928,1.864476,1.9900951
1449,905989,5.695841,5.2157817
2040,909761,0.370356,1.4095132
1931,907794,5.825299,5.3046083
1831,907790,3.649601,3.7052999
1908,1660034,2.518578,2.0421793
1268,909747,5.064287,5.019431
1049,905962,4.198377,3.438015
1941,909747,-3.492681,-3.3590927
1736,907792,3.813099,3.2328444
1086,1660034,-1.868647,-1.2323804
2159,905989,2.361175,3.2393785
1620,1240123,5.248393,5.2262263
1855,905962,3.779877,4.448464
1936,1659928,1.59718,2.312251
1617,1660035,3.310382,2.2247639
1038,1659928,3.580716,2.6994226
1804,1240173,5.082248,4.9713297
1915,1660035,2.874252,2.3922253
1200,909751,2.899755,3.7289145
1026,908458,-1.116697,0.3298325
1023,1660035,3.560411,3.5297585
1629,907790,5.11696,4.550489
1810,907794,1.299837,0.0137909055
1061,907794,4.381134,4.2973285
1268,909263,4.217289,4.7835956
2038,908458,5.272566,4.2317586
1843,1660034,2.459907,-0.074717164
1175,907794,5.056986,3.989901
1084,905937,-3.925944,-2.4887671
2038,1674021,3.459933,4.4837995
1007,907795,-4.631581,-2.75077
1835,910905,3.939277,3.5601866
1931,909698,5.557825,5.1672297
1039,907289,5.407392,5.0499334
1049,1674021,3.469702,3.950623
1910,909748,3.456165,2.2398715
1706,910905,2.312898,1.9971938
1635,908442,5.684999,5.1985564
1250,917486,5.665826,2.4673016
1007,909746,-2.695757,-1.660872
1086,905937,-0.541491,-2.1579618
1133,910689,5.128445,4.4328527
1048,909755,5.161368,5.519517
1007,905939,-5.602511,-2.2621825
2038,910700,6.024213,4.6701164
2039,908458,3.9193,3.1828346
2154,910905,2.018345,2.5418887
1925,907790,4.886684,5.032546
1049,909747,5.55727,4.714405
1909,905962,4.120572,1.9565525
1179,907792,0.698152,1.7452471
1149,998189,1.364985,0.3307944
1259,907291,2.854132,1.8681977
1776,1659823,2.966129,4.211712
2498,910905,6.785637,7.896817
1036,910689,9.03713,4.70399
1940,917486,4.236426,3.9371448
1931,905936,5.163716,5.299713
1618,1674021,4.327918,3.9861212
1020,909263,6.204619,5.809803
2110,909746,5.877652,4.8841996
1617,1240123,5.103342,1.2645568
1720,1659823,1.196863,3.5899115
1925,1659929,5.298222,5.040126
1033,909748,4.128515,4.934967
2173,1240123,4.129915,3.60773
1919,1240173,1.954236,1.9098244
2011,909755,6.118627,5.1439867
1918,905989,5.468847,3.0770855
2439,909757,10.139675,9.191508
1072,909755,4.590575,5.454414
1808,1660036,1.970749,0.5269973
1627,1674021,2.819132,3.7376826
1631,998189,5.279617,2.4035823
1004,1240123,-4.040787,-4.194355
1053,1660034,2.471248,2.2928371
1003,909748,-2.092786,-2.0947871
1927,909747,6.995782,5.699791
1007,910689,0.569343,-0.782906
1598,998189,4.465085,4.1099844
1581,905989,1.723188,2.2754564
1917,909755,3.033761,3.6157792
1250,998189,3.02817,1.1407089
1401,1240123,1.301479,1.342574
1622,905962,4.476375,4.282605
1512,1659928,5.068891,5.0062456
1047,907792,6.703957,5.6326294
1024,909747,0.163735,1.4526489
1072,905939,4.297068,4.974506
1853,909263,5.433434,4.930128
1803,1659928,2.449775,3.6249783
1046,1240173,1.58489,2.2920585
1926,907291,0.590688,-0.011929214
1250,1660036,3.201369,2.5804393
1912,1240173,1.200668,3.1220403
2046,910689,7.300705,4.0747185
1926,905936,0.153251,0.09397465
1200,908442,3.462625,3.5817246
2438,1674021,9.652541,10.569395
1030,909746,5.944273,5.6092677
1067,909761,5.346297,5.1838884
1997,908457,1.154171,4.70835
2438,909748,10.971931,10.407287
1855,905989,2.261406,4.6148767
1802,907289,3.708191,3.632969
1854,1659928,5.124453,4.420974
1816,909761,5.25805,3.8197997
1023,909757,3.039879,3.5673487
1563,1659823,5.856798,5.68118
1085,907291,1.94803,2.326204
1190,907795,-3.242431,-0.0781675
1080,905937,-0.292799,-3.6085873
1827,909747,0.286878,1.1533086
1559,907790,-2.612952,-2.4111366
1936,909761,3.240144,2.7127762
1782,1674021,6.194154,5.50951
1817,910700,-5.59021,-4.3917027
1058,1674021,0.78603,1.4223063
1843,1660035,4.905403,-0.43800944
1849,998189,1.538378,-0.76951355
1915,1659929,0.907137,2.149479
1032,1659823,0.642267,1.2583859
1057,907790,-3.073697,-1.4837713
1576,907795,3.43242,2.9905376
1804,909755,1.988344,4.262431
1237,908458,4.947519,5.361201
1827,910700,0.329461,0.4142326
1529,1659929,3.252897,0.80119556
2177,909761,2.484003,2.1825774
1052,905936,2.360125,2.8972073
1191,910689,-1.534907,-3.922175
2359,1659928,5.409627,4.9477873
1930,909757,2.528158,0.5943947
1073,908442,1.346598,3.8886356
1024,909746,1.926325,1.0204419
1816,905939,3.778638,3.952608
1036,1659823,5.837091,3.9993806
1581,907794,3.798031,2.1700995
2055,905939,1.875205,2.4776964
1825,1660034,-0.035444,-0.67813915
1557,908457,4.001529,5.3283396
1191,905936,-4.330325,-4.8047323
1175,909761,4.689495,4.183638
2096,1290769,-0.572185,1.0587963
1915,909746,2.469231,3.3097124
2439,905936,7.642558,8.93912
1835,907287,2.277527,4.351568
1915,1240123,-0.349224,2.342156
1024,905939,-0.239505,0.7208132
1091,1659929,2.21008,1.8206432
1802,907291,3.855156,3.4299698
1915,909747,3.854749,3.6832309
2439,910689,12.125419,9.397681
1786,909748,6.254718,2.6891878
1559,1659929,-1.18678,-2.194143
1736,910905,0.936842,2.7082794
1811,910554,-2.389354,-3.8910236
1936,910905,3.453731,2.5498514
2154,1660035,3.715101,2.7272072
1191,1660035,-3.303994,-4.7086897
1919,908458,2.938616,1.8825135
2096,910700,2.795917,2.139456
1779,909757,0.374503,0.9229358
1093,907287,4.816435,4.7131085
1069,910700,4.24215,3.7583904
1007,905936,-5.441626,-3.5363226
2039,905939,3.627907,3.429584
1845,909751,2.493069,1.356638
1067,908442,5.286798,4.9679646
1005,910554,2.565379,2.2399855
2154,907287,3.301816,3.1313362
1806,1660035,5.44527,4.300572
2499,907795,8.989408,10.0000515
1853,907792,5.834802,4.788376
1058,1659928,0.119059,0.3932887
2037,910554,5.389952,3.1678786
1083,909263,2.277194,3.8425078
1799,907794,6.187326,3.754727
1922,1290769,2.699908,2.794852
1175,905936,3.420835,4.017138
2110,908442,3.741463,4.123966
1129,905939,3.885233,3.8664627
1873,909263,3.299001,2.0773044
1053,910700,2.96276,3.4332726
1918,909698,4.177362,3.160112
1401,910554,1.801259,1.5460067
1778,1659823,1.660816,3.112201
1061,1659929,4.917263,4.3250546
1067,1659929,4.419487,4.9408894
1908,917486,2.540387,0.7669141
1093,1659928,2.736584,3.8787918
1046,909755,3.240915,3.4085836
1168,905936,3.689304,2.8349857
1069,1659928,2.939714,3.3909836
1561,905962,3.979551,2.1228807
1058,909747,1.984239,2.5770683
1033,909263,6.63003,5.481079
1553,917486,5.686389,3.133754
1018,998189,5.948417,4.88788
1032,1240123,-2.498602,1.5841923
1932,909747,5.382178,3.9623427
1941,1660036,-4.666365,-3.7340984
1049,907795,3.513854,3.5925136
1005,1674021,3.3532,3.175837
1093,909757,5.647853,4.3190694
1084,909755,-0.068496,-1.0404811
1043,910554,4.678225,5.0730705
1843,909748,0.514886,0.2916177
1778,908457,3.443502,3.6807842
1593,909747,3.842151,3.2665749
1634,907795,4.477274,4.345112
1012,1240173,1.08869,2.0035
1924,909751,2.148486,3.2196586
1003,909746,0.010487,-1.3953238
1916,905989,0.556575,2.7180686
1507,909718,4.253743,4.9727592
1912,1659928,2.353033,1.5721195
1845,908457,4.517738,2.4251404
1052,909263,5.206551,4.616147
1819,909748,0.72526,-2.4750705
1084,1660036,0.395813,-1.7906852
1706,909751,1.234622,1.5860441
1268,905939,5.36739,4.363265
1034,907792,-3.69858,-1.9214969
2111,909698,3.111129,3.3410153
1088,1660035,6.094055,2.1219716
1073,1659823,5.712946,4.409547
1919,917486,1.210344,2.1314945
1021,998189,5.338069,2.3461766
1084,907289,0.512396,-2.2061088
1083,917486,2.133678,2.9482484
1023,910905,4.73814,3.3662136
2107,909698,4.304238,4.805171
1583,909757,2.288389,2.7572458
1149,907790,3.103564,1.1078869
1449,910554,5.510022,4.9821625
1776,907291,3.352711,4.0609913
1062,910700,5.668113,2.857132
1463,1240123,3.396584,3.1732795
1582,910700,6.239255,4.51057
2173,909757,5.92344,4.1764464
1594,907289,3.857893,2.5421484
1061,905962,7.540786,4.2323146
1813,909746,6.50113,5.0917044
2177,1659928,1.306612,1.8416455
2109,908458,2.034325,2.6561344
1011,909757,-0.173793,2.2567778
1079,910700,1.612047,1.6489434
1168,909746,1.925257,3.6106348
1017,907792,5.693076,5.076791
1019,909263,3.721256,3.6187284
1268,907790,5.495632,4.0099907
1941,907289,0.117642,-3.7520165
2044,905962,4.192429,3.1254478
2039,910689,6.011118,3.7048988
1582,1659928,4.360543,4.1244903
2040,905989,-2.331196,0.7979335
1816,1240173,5.020046,4.0153213
1919,1240123,-1.42341,1.6003213
1131,917486,6.386028,4.5193696
1908,1660036,3.096869,2.4443939
1036,1659929,5.552349,3.8895335
2046,907790,3.192076,2.8312616
1931,1290769,6.158049,5.8134413
1720,1660036,4.437357,4.0376716
1786,907792,7.020432,3.2834802
1621,910700,4.97417,4.659076
1940,910689,5.119602,4.1919265
1073,909718,2.686446,4.5297403
1910,1240123,1.856308,1.6589208
1910,908442,1.077319,1.7995726
1621,910905,6.633276,4.319306
1038,905962,3.632775,2.8565683
1916,907289,5.398337,2.8607252
1816,907792,4.631448,4.3820987
1080,998189,-1.854995,-3.57896
2170,1660034,2.053316,3.0748034
1025,909757,6.40755,5.3674984
1068,908458,0.547528,0.48299423
1249,1659929,1.917168,3.1055112
1079,907289,2.273326,1.1290104
1932,1290769,4.038275,3.3824189
1549,907291,2.648138,2.58155
1249,909751,3.051531,3.166381
2177,1674021,2.643862,2.2846384
2158,905936,3.764401,3.865033
1046,908442,2.679898,1.439506
1564,1660035,1.193186,2.370503
1052,909751,1.396343,3.2018461
2498,905937,7.403303,7.7811303
2010,907291,4.158429,3.1090345
1853,909718,3.737086,4.5225644
1058,907794,1.74039,0.87582237
2045,909755,5.031436,5.550874
1919,1290769,2.79962,2.33739
1557,909757,5.999618,4.9216666
1019,1660034,1.738257,2.4973788
1013,1660035,3.976463,3.2897487
1093,1660034,3.734306,4.0793734
1598,1659928,4.038057,4.0358796
1032,909755,2.257309,2.5101204
1625,909263,5.427428,5.304778
1131,1674021,3.477572,4.612232
1375,905936,5.797011,6.164821
1706,1290769,0.814443,2.5249465
1047,908442,6.067375,4.3750634
2040,908457,1.536889,1.9734643
2110,905989,4.936761,4.213663
1817,908457,-4.411343,-4.3764877
1025,905936,4.037093,5.1351147
1259,909263,5.831462,4.8770556
1008,909751,2.636944,-0.38898653
1908,908442,1.354978,1.7749145
1191,905937,-4.975309,-4.886913
2158,907795,5.605061,4.042245
1085,909263,4.467936,3.487483
1835,908457,3.197871,4.289109
1194,907291,3.31519,3.9704924
1021,1660036,3.302311,3.3496327
1059,1290769,1.289383,0.52781695
1924,1660035,4.771739,3.5777068
1030,910700,4.597627,5.3009243
1736,909755,2.393628,4.036295
1909,910554,3.192542,1.8665001
1816,909746,5.697768,4.2245307
1033,1659928,4.26033,4.602002
1933,907790,5.920122,4.6328306
1021,909761,3.629001,3.134117
2157,909746,6.264763,5.2334623
1625,909748,5.715751,4.7812214
1558,910554,2.072716,2.719552
1632,909751,2.492182,3.5646868
1736,1659928,2.557259,3.5497808
2110,910905,5.125921,4.2832026
1873,1660034,0.727137,0.7757628
1835,905936,3.105815,3.321089
1194,1290769,4.722098,4.7141438
2439,909748,8.992228,9.118969
1996,1659928,2.39273,3.6323314
1168,917486,3.046186,3.3069658
1578,910700,6.00068,5.0128717
1050,910554,5.502109,1.7958407
1560,998189,3.188041,3.0210986
1449,907792,6.95103,5.792729
1038,905937,1.331803,2.8409452
1617,907289,4.541664,1.8732307
1020,905962,7.544894,4.964651
1786,1240173,3.39263,2.8904924
1042,1240173,5.216036,5.319565
1131,907792,3.895574,5.3869643
1016,905936,2.123248,0.20308304
1817,1240123,-4.372865,-4.911948
1810,909746,4.489582,1.406995
1175,909698,3.452899,3.8524253
1847,1660035,5.646295,3.5941925
1932,908442,1.816119,2.5604763
1033,905989,4.572331,4.8264465
2170,1240173,2.353424,3.7036533
1026,908457,-1.026179,0.3838488
1192,1659929,5.192836,2.5623024
1043,1660034,5.361949,5.259973
1811,1660034,-2.062854,-3.467021
1199,998189,3.765178,3.6835465
1593,909748,3.275953,2.335396
1373,1674021,2.723132,4.597413
1912,910905,0.571254,2.384122
2045,907287,6.313362,5.3715477
2046,1660036,4.100893,3.5078273
2170,909757,2.0181,3.4274163
1511,907289,0.428119,-1.3729916
1939,910700,1.700085,3.0182362
1085,1660035,3.918245,2.8147888
1179,909746,1.883305,1.6894188
1084,909748,0.160505,-1.6369193
1806,905939,3.593621,4.811953
2111,1240173,3.178663,4.406336
1930,907291,0.029737,-0.22949666
1803,1240123,2.947511,4.279953
1927,907289,4.715228,4.8667994
1039,908442,5.747385,4.9461436
1598,909757,3.884298,4.487578
1916,910689,7.622303,3.7354913
1042,905939,4.53498,5.20449
1782,910905,6.457609,5.243207
1057,910905,0.326335,-1.2394614
1012,909757,1.053295,1.9628747
1073,910700,5.537326,5.314265
1928,907287,6.040413,4.9001803
1529,905989,-0.689455,0.27971715
2010,998189,3.48253,3.0502005
1268,917486,4.719577,4.287225
1512,909263,6.667184,5.86592
1559,905937,-3.096885,-2.6114478
1802,905989,4.018487,3.6088123
2043,908442,4.701252,4.878199
1557,909761,5.792582,4.8584003
1706,909747,1.068533,3.2732642
1808,1660034,1.766789,0.15980637
1810,910554,2.669842,-0.36865062
1494,917486,-1.765202,-2.7605147
1930,909747,2.619302,1.5682596
1827,907287,0.057121,0.83103967
1862,917486,-0.314112,-1.0548394
1093,908457,5.037281,4.758175
1559,1660036,1.794006,-1.5243614
1190,998189,-2.064599,-1.1881273
1079,998189,4.751926,0.81529886
1012,1674021,1.107525,2.0048313
1918,1659929,3.471267,3.1561313
1583,908458,3.686871,2.4574416
1372,905939,-4.911456,-0.64738506
1933,905937,3.733321,4.6107755
1511,908442,-1.154794,-1.5177078
1060,909718,-2.352397,0.6157422
1576,998189,3.16374,2.7135842
1059,910554,0.631008,-0.47309178
1936,1660036,2.762967,2.7769604
1593,1240173,1.066572,2.4946465
1918,905937,3.457436,2.9733922
1022,1660034,1.399239,-0.12686962
1073,909263,5.425751,5.6809087
1051,909718,-0.155131,1.7954836
1004,909698,-5.493944,-4.297573
1084,910905,-0.562985,-2.0168216
1043,909751,5.135925,5.3048997
1854,909755,5.491453,5.285022
1017,1659928,3.887726,3.862998
1003,907287,-0.491924,-1.330112
2107,907795,4.727623,5.0182695
1802,907792,5.135716,4.278394
1175,908457,5.906754,4.708111
1843,909263,-0.631027,1.9986119
1912,907289,4.257926,2.413207
1912,905939,0.989848,3.1213636
1006,1674021,1.352304,1.8266249
1910,907792,2.46644,3.1326454
2172,1659928,1.294169,1.1469179
1917,907794,0.505546,1.7721725
1046,909746,3.673766,2.9151382
1614,909746,4.836262,4.5632772
1190,1659928,-1.580801,-1.5438204
1005,909263,4.69806,4.746819
1918,909755,3.712256,4.423681
1928,905937,4.505266,3.8445091
1507,909757,5.207545,5.008436
1060,905989,-1.4881,0.85538673
1051,907795,0.252526,1.7026275
1553,909747,4.166914,4.1169333
1033,909746,6.213806,5.319953
1736,910689,2.635249,3.089447
2438,998189,11.232473,10.107525
1131,909747,7.584598,5.6217165
1819,907289,-3.035722,-3.4142694
1827,909746,1.628716,0.779489
1594,907291,3.059245,2.2873313
1373,905939,0.162085,4.6301117
1627,907287,2.067226,4.159149
2174,1659929,2.355607,2.277736
1088,1659928,2.179678,1.6286485
1620,907287,5.49838,6.021666
2111,1660036,3.696272,4.395587
1052,1674021,3.967008,3.5159879
1561,917486,2.265577,2.527404
1925,909746,5.826083,5.6156855
1997,905937,3.841349,3.9486763
1933,909757,6.389221,4.9375386
2038,909755,4.73784,5.212868
1854,909761,4.769444,4.840619
1089,907289,3.77612,3.9314542
1617,909746,5.341782,3.0371327
1635,1660036,5.522436,5.4128838
1004,905936,-5.047672,-4.059407
1873,909747,2.450158,2.1828234
2096,907794,0.325395,1.9326639
1373,1240123,5.658436,3.9186697
1560,1659823,4.881345,3.1923
1927,909698,4.214575,4.6830645
1194,910700,-0.851218,4.5812798
1845,907291,2.031223,0.07044703
2359,1660035,6.11966,5.3830385
1594,905989,4.05758,2.455691
1996,905936,3.372468,3.8289266
1913,1659929,4.444881,4.5931983
1372,908442,-2.30825,-0.29729182
1018,910689,6.793649,5.630971
1168,1659929,2.685578,2.433698
1010,909757,4.360855,3.0993109
1560,907287,2.170832,4.271343
1924,909718,3.323438,3.399107
1088,910700,5.898028,4.0323377
1831,1674021,4.483854,4.0533805
1911,907790,-5.972589,-3.7789993
1855,909698,3.936081,4.3357654
1782,909757,4.560783,5.3815064
2172,905937,0.055001,1.3734363
1802,910554,4.22932,3.375546
1811,1659823,-2.211324,-3.693509
2048,907790,-5.042099,-3.5674934
1941,909746,-2.336984,-3.4529295
1086,908442,-1.822311,-1.7027445
2055,905936,0.761484,1.468496
1912,910554,2.181745,2.0030448
1632,917486,2.50999,3.7290282
2010,907790,1.565429,3.3733864
1014,998189,1.184969,1.6487123
1463,907289,4.040842,3.6544974
1618,908458,1.722973,3.7407756
1919,905989,2.574602,1.4707916
1806,907289,6.038525,3.9314542
1037,905939,2.436869,2.9689686
1939,905962,3.115653,2.5805235
1916,909751,1.410232,2.7138972
1006,907792,4.29992,3.5369987
1036,909718,4.408867,4.138105
1814,910700,6.603066,6.2163334
2172,908442,0.824466,1.5002325
1816,909747,6.338838,4.617698
2177,1660034,2.615795,1.9267037
1563,998189,5.678279,5.481276
1578,909761,6.315706,4.969371
1248,905939,-5.410458,-2.7183833
1029,1660034,5.174614,5.5018945
1853,909746,5.07282,4.741392
1816,1674021,6.249769,3.9833155
1634,1659928,3.685766,4.076168
2046,907794,1.497443,2.8550725
2107,910689,6.674197,5.5544367
1373,1240173,0.951531,4.6725035
1814,907287,6.371913,6.515978
1936,1240123,3.05777,2.2822964
1843,910700,1.254804,1.843612
1808,907795,0.180617,0.38073105
1259,910700,5.516993,4.488521
1580,909755,4.880519,5.4830503
1564,909757,1.099024,1.740882
1814,907792,6.555267,6.58518
1053,909761,3.452609,2.9573202
1845,905939,3.071441,2.1274352
1593,907287,1.482951,2.9629006
1463,910689,5.409531,4.408873
1630,909755,5.571097,4.4937987
1004,905962,-3.916093,-3.9029717
1047,907794,6.978086,4.4865155
1093,909263,4.650836,4.801591
1862,905939,-1.51982,-1.1560602
1853,910700,3.71979,4.4273176
1131,907795,3.393198,4.2262144
1179,998189,0.72468,-0.282162
1922,909751,1.060856,2.0729098
1249,909761,3.267868,3.3471532
1932,905989,2.249042,2.7107737
1581,910905,3.141373,2.4470258
1052,909755,4.671754,4.779716
1038,905936,2.000394,2.8697693
1835,917486,4.547363,3.7016273
1375,909751,7.065301,6.272748
1401,1660034,2.356426,2.1789138
1776,905939,5.26334,4.486665
2154,907790,2.245484,2.4512727
1778,907792,5.615797,3.9146833
1996,1660035,4.913264,4.1002297
2048,909751,-5.429349,-3.211213
2048,1240123,-2.805649,-3.6611228
1129,1660036,2.88684,3.8490605
1449,909751,5.373376,5.258626
1854,907291,4.863949,4.4902697
1578,905962,5.443901,4.751371
1627,905939,4.186731,3.7604475
1802,1660034,3.834554,3.5895543
1268,1659929,4.665988,4.0026083
1033,907794,5.799153,4.7680182
1059,905936,-0.697526,-0.59227926
1054,907287,1.869864,4.3496194
1046,907792,3.868603,3.0978103
1046,910905,3.433226,2.1504483
1131,905937,2.567263,3.873672
1910,1290769,1.691097,3.0796018
1618,905939,4.619445,4.0151353
1024,907790,-2.636622,-0.5287623
2010,1674021,2.784081,3.9454043
1016,907794,3.479729,0.35282308
2096,907795,-0.153943,1.4345951
2499,1660034,8.576377,9.934543
1576,1660035,2.911427,3.1055758
1576,907790,3.509016,2.8354008
1806,998189,2.85224,3.500276
2096,907287,0.706068,2.283644
1259,909748,3.651769,2.8427246
1854,908457,4.966385,5.2959213
1626,910700,3.597682,3.3869567
1706,1674021,2.12986,2.0565374
2010,910554,3.161467,3.1969733
1559,907795,-3.737177,-1.7002449
1061,909748,4.819556,4.6073923
1557,1660036,3.950851,4.888117
1011,1660036,0.113046,2.4041667
1909,909755,2.964061,3.181683
1043,1659928,5.374662,5.0621033
1830,1290769,4.119714,3.169221
1069,909746,4.057498,4.0395327
1190,907289,0.105427,-0.97597426
1799,1660035,6.074764,4.108431
2499,1674021,10.694579,10.215459
1441,1659823,2.793484,2.0957754
1809,909761,4.052881,0.79944074
1919,910689,2.989028,1.9441183
1809,1240123,2.129485,-0.4320473
1635,1659929,5.610411,5.1713066
1862,909751,-1.653961,-1.381891
2159,1659928,1.256447,2.8687232
1059,907795,-0.137949,-0.05696374
1030,909751,5.86039,5.0239687
1803,907792,1.24397,3.8462577
2170,910700,3.139686,3.7747047
2037,907291,5.243061,3.2146115
2171,909755,2.001587,3.7951038
1835,907790,3.576943,3.3224716
1194,1659929,4.314443,4.1294065
1502,907289,5.320381,4.9578295
1736,905937,3.788286,3.3071575
1199,910905,3.742579,3.9056184
1048,907287,4.8321,5.330587
1620,1290769,4.995108,5.9089627
1093,909761,4.887582,4.2580376
1010,907792,4.063704,3.181381
1582,907794,5.340483,4.3198824
1050,907287,3.462451,3.571933
1021,907794,4.02339,2.805439
1809,908457,4.180316,1.3356352
1911,909757,-1.445029,-3.1525326
1034,1660036,-1.69173,-2.2112198
1831,909761,2.315918,3.9565027
2156,905936,1.070672,2.6019282
1917,909757,1.903984,2.2660367
1626,998189,3.578491,1.3868217
1576,907291,2.107317,2.7165837
1093,1660036,4.818778,4.339472
1843,909718,-2.764641,0.12834913
1941,910554,1.772031,-3.9030724
1778,909761,2.402118,3.3520467
1494,907287,-2.703108,-2.512122
1179,1659929,-0.833873,0.34288162
1043,998189,6.110745,5.1067233
1054,907790,1.357022,2.9472685
1930,910554,0.797554,-0.103192925
1598,907289,3.388077,4.311989
1855,909757,5.489608,4.968779
1014,910905,1.080692,1.6610842
1911,998189,-5.533009,-3.9367704
2148,907790,-0.105913,1.1474957
1069,917486,3.695748,3.8028202
1021,910700,4.0375,3.59417
1919,907790,-0.53022,1.7211293
2109,908442,2.062354,2.3682818
1199,909755,3.635961,4.691787
1996,905989,3.174489,3.883304
2154,998189,2.609618,2.3016722
1043,917486,5.327726,5.4403853
1010,905937,3.547459,2.7210035
1032,1290769,2.98961,2.5777526
1049,909263,4.67552,4.512689
2045,1674021,5.24412,4.944661
1086,907790,-2.83235,-1.7746754
1997,909757,6.032804,4.261335
1838,1240123,2.620392,3.4333549
2047,909747,2.366962,1.5445251
1020,909761,5.192202,5.258363
1175,909263,4.840045,4.810047
1736,907795,0.509133,2.2196426
1091,907289,3.154599,1.8328971
1559,1659823,0.050691,-2.399018
1239,909718,0.457577,2.1928155
1779,905939,2.615721,1.0633266
1050,1290769,2.192528,3.3096817
1776,909751,4.005925,4.2719936
2177,905937,1.845193,1.9783092
1022,909757,-0.019823,0.45097452
1007,908442,-5.044317,-3.6106062
2170,910905,4.426624,3.22618
2106,907795,1.289766,2.5184314
1560,907795,3.149919,3.4760008
1812,905937,2.016414,1.6058114
1802,917486,4.091977,3.7814713
1815,905989,4.956651,5.558526
1817,905962,-5.528896,-4.6378675
1927,909748,5.474508,4.9660873
1061,909746,5.580531,5.041401
1845,1659928,3.103742,0.15913087
1061,1674021,3.27871,4.7127705
2096,907289,1.671111,2.1605206
1582,905989,4.38809,4.398917
1058,909757,0.492756,1.6808263
2040,909698,0.634931,0.25206274
2498,907287,8.171603,8.295232
1237,907792,7.325734,5.96778
1631,905989,1.030593,2.8270967
1924,905939,1.759766,3.9343812
1005,909748,4.598338,3.1995094
1011,1290769,0.642198,2.936481
1083,1660035,3.928091,2.4883106
1631,909698,3.992794,2.5247083
1913,907792,7.079105,5.2359667
1560,917486,4.58237,4.0136795
1810,909263,1.720179,2.5251882
1831,907289,4.007771,3.8089237
1815,907287,6.739898,6.074232
1618,1659823,3.386664,3.673562
1627,1290769,4.035472,3.9124115
1816,917486,4.726793,3.844051
1625,1240173,5.214381,4.9174194
1847,909746,4.407199,4.7587533
1853,910554,3.920779,4.159968
1582,905936,3.797267,4.36434
1814,907790,6.291847,5.8763876
1131,907790,7.105327,4.0032554
2158,910689,8.272282,4.893911
1940,1659928,3.774015,3.490327
1011,909755,1.146962,2.842409
1013,905937,2.769744,2.8385377
1908,910554,2.320352,2.1887145
1849,909718,0.293603,-0.22845274
1819,909746,1.089862,-1.660872
1631,909761,4.723428,3.1832995
2045,907794,5.294943,4.5309863
1941,1660034,-2.231023,-3.759715
1449,909755,6.144814,5.8270707
1706,909698,0.43157,0.8432164
1017,909748,5.123389,4.354427
2110,907795,4.440431,4.264309
1854,905962,6.450271,4.622854
2048,909698,-5.268938,-3.7674627
1908,1659929,2.325228,1.9750445
1776,1659928,4.179918,4.0066643
1373,910700,6.268017,4.701392
2109,909755,3.748453,3.5213943
1022,908457,1.784386,0.8613628
1630,1660036,4.07788,3.8015814
1029,1660035,6.103448,5.670104
1048,907289,3.843105,4.6164646
1827,917486,1.10813,0.79566675
1812,910689,5.526682,4.005361
1046,908457,3.688641,2.8811007
1910,907790,2.885017,2.2071037
1058,910700,-0.149716,1.7790213
1830,1659823,2.150722,2.6234562
2156,1659928,2.163205,2.2995164
1026,1659929,0.915901,-0.170479
2177,910554,2.367103,1.8180103
1915,907795,1.44667,2.6722739
1237,1659928,5.489853,5.1979866
1239,905989,0.91511,1.5291667
2359,907794,6.198184,5.131544
1050,909748,3.87283,2.7758791
1008,1674021,-4.08573,-0.05403167
1549,1660036,4.77998,2.6153538
1855,1240173,6.054015,5.1499853
2157,1290769,6.948869,5.1173325
1855,907790,3.756263,4.542797
2110,908458,5.507275,4.2965174
1924,909698,2.94031,3.16124
1494,1240123,-2.556771,-4.167593
1177,909698,3.686133,3.7482252
2038,909746,5.516007,4.8388968
1375,905937,6.988988,6.108094
1559,1240173,-3.473779,-1.5457704
1594,907795,4.79963,2.5451381
1862,1659928,-1.087323,-1.4410715
2438,1240173,10.126241,10.618797
1809,907794,1.52659,0.2002086
2158,909747,5.962667,5.1790633
2499,909757,8.703099,10.145441
1917,1659929,1.565355,1.9174881
1852,909718,4.752006,5.166869
1635,905939,6.515724,5.476158
1463,909751,2.23684,3.6063528
1083,909755,3.133864,3.9963613
1378,908458,6.30799,2.4850383
1909,905989,1.446233,2.1274252
1812,909746,2.961998,3.1807775
1042,905936,4.350286,4.9499164
1925,909755,4.307067,5.7350926
1050,1674021,3.462771,2.797348
1873,905939,1.140487,1.5286007
1918,1674021,3.099632,3.6477947
1168,907790,0.938734,2.7026765
1736,905939,-0.044298,2.697243
1441,905989,5.732924,1.9001231
1510,909755,4.230687,4.7489867
1372,1660036,1.334664,0.28066307
1613,1674021,1.446274,3.4525704
1583,910700,3.838058,2.7628713
1180,905989,-3.6178,-2.82511
1023,905937,3.255044,3.2704928
2157,907291,5.060039,4.5268445
1441,1659928,1.322385,1.3716264
1940,909751,2.848355,3.731813
1629,908457,5.181083,5.2268386
1239,910554,2.431348,1.3998282
1614,909698,4.05285,3.6302595
1932,1240173,1.46522,3.2457187
1873,910700,0.44617,1.5511351
1809,1240173,1.748172,-0.48981935
2096,910689,2.134016,2.4051952
1025,998189,5.831047,4.9657993
1838,905939,3.805862,3.9019895
2111,905937,2.690086,3.512592
1175,905937,4.980642,3.9319873
1043,1240123,5.105807,5.0284243
1924,1240173,2.069276,3.9685605
1560,909746,4.173532,4.398809
1034,909757,-3.090112,-2.226427
1778,908458,2.715578,3.538834
1817,1659823,-4.33151,-5.0417433
1625,909747,7.734155,5.5324297
1373,909755,6.476991,5.2461553
2158,1240123,4.101405,3.5351448
1631,1290769,4.806919,3.7162347
1706,909263,1.231976,3.171084
1180,909747,1.414685,-1.0165827
1625,907794,6.095511,4.4017854
1932,909757,3.203309,3.055853
2037,908458,5.593533,3.4823897
1059,1674021,0.613907,-0.044404447
1909,909263,3.21181,3.2368343
1008,908457,0.44047,0.51809955
1249,905962,3.248961,2.903724
1804,910905,-0.639881,3.8065462
1043,910905,4.818271,5.2966347
1576,1659823,3.079498,2.871503
2043,1240123,4.527264,4.686081
1776,907794,4.764628,4.1770477
1060,909761,1.008501,-0.19179946
1177,908442,4.604437,3.7827988
1003,909755,-0.932695,-0.16042227
1372,1660034,-1.326553,-0.06257403
1073,907795,1.741203,4.3566227
1052,910554,3.771248,2.4990065
1034,907795,-2.235158,-2.3219764
1799,909757,5.952852,4.3640757
1629,905936,4.527022,4.5958295
1080,910554,-1.450269,-3.5469956
1043,908458,5.586189,5.258017
1808,909755,2.054101,2.2160792
1268,907289,5.018725,4.129177
1250,907287,4.392488,3.122253
1561,909698,1.655021,1.9374359
1069,909757,3.398421,3.8389473
2438,917486,10.420904,10.373407
1026,909746,2.274189,0.7113848
1557,909751,5.662706,4.642596
1058,907792,-0.158947,1.6835332
1835,998189,4.486714,3.0380342
1131,998189,5.06372,3.640164
1578,909718,5.789083,4.9932823
1378,910554,2.15057,1.6281698
1022,1659929,-0.929243,-0.16303986
1005,909746,5.300933,4.0137544
1026,1660034,0.875677,-0.25516516
1808,905939,-0.213606,0.7834724
1058,1240123,0.789931,0.889278
1736,909698,4.045996,1.9872708
1909,908457,2.883093,3.229
1558,909698,2.702819,3.4451382
2159,1674021,2.477231,3.7802377
1072,1659929,4.074917,4.626612
1908,1659928,1.637419,2.4778872
1010,1660036,3.602992,2.4929256
2148,907792,1.515017,2.0190806
2439,905939,9.394704,9.217368
1011,909751,0.311541,2.3650744
1177,905989,5.358683,3.9687626
1177,910700,6.291492,4.7471824
1561,910689,5.285248,2.8183491
2037,908457,4.775468,4.112672
1553,905939,1.331241,3.3962379
1553,907291,1.141681,1.886492
1073,917486,4.098071,4.7991824
1060,908457,-2.791425,1.0308534
1910,998189,5.134222,1.6057963
1046,905939,1.410233,2.5527632
2040,909755,1.385829,2.4165528
2045,907790,4.145396,4.504687
1941,905989,-3.244188,-3.7205005
1924,910905,2.229804,3.3102226
1091,907792,3.931034,2.249531
1038,908458,2.490458,3.2556338
1631,910905,3.3602,3.121265
1917,1240123,0.597919,1.2109737
1239,905939,1.352452,2.7824748
1622,908457,5.905778,4.959004
1016,909757,0.608804,1.385459
1510,907794,3.727111,3.8596811
1008,909746,3.035916,0.62244403
1401,905939,2.70799,2.8606882
2173,910905,6.178403,3.972529
1873,909698,1.108203,0.5136892
1819,908458,0.884032,-2.6367955
1581,998189,3.829799,1.9076169
1149,910905,3.024841,1.6910903
1635,1659928,5.308486,5.010585
1931,917486,5.980051,5.5166655
1180,1659823,-2.936522,-2.830754
2043,910905,6.262702,4.950248
1908,907291,2.18362,2.3920038
1812,905936,0.95087,1.8272345
2048,910554,-2.384317,-3.7290468
1803,905962,8.071818,5.2016783
1835,908458,3.155353,3.618514
1268,905937,4.336376,3.9866023
1634,1290769,6.162224,4.724405
1133,1674021,3.718919,3.993856
1928,1659929,4.677752,3.9942122
1629,910689,7.667125,5.0564384
1079,908457,-0.139693,1.4620075
1177,909755,5.928332,5.158181
1912,998189,2.060334,1.837533
1133,1660036,5.116088,3.9980578
1809,910905,4.707379,0.8717984
1243,907289,2.160789,2.3250835
2157,909747,7.699743,5.5917983
1808,907792,3.550745,1.9750502
1025,1659928,4.236271,4.953925
2037,907790,4.021653,3.284459
1936,907794,3.77089,2.4955945
2110,910689,6.816632,4.912687
1845,998189,3.372387,0.40658048
1908,909757,1.565929,1.7752461
2044,909748,3.396559,3.6058388
1510,909748,3.03375,4.121481
1576,1660034,3.434045,2.8795164
2110,1290769,3.585812,4.6810145
1372,907291,-0.804513,0.48887247
1853,909757,3.940979,4.553309
1996,909755,4.742622,4.6949596
1908,909698,1.003736,1.079763
1924,909747,5.282522,4.629016
2499,1240123,9.296432,9.714379
2170,907794,1.887927,2.895787
1802,909698,3.909564,3.4473767
1631,909746,5.678798,3.9671245
2046,998189,3.953394,2.4163191
1635,905936,4.444444,5.2079926
1375,909757,6.49353,6.433064
1620,910700,6.358743,5.697343
1786,907790,2.295657,2.4250166
1020,907792,6.343619,5.8294487
2045,909698,4.345186,4.425489
1873,909761,1.2671,1.3456537
1915,905937,2.776912,2.2435327
1249,910689,7.813111,4.0805783
1053,907792,3.429077,3.6331582
1018,905937,6.074471,5.0126753
1614,909761,5.644202,4.0211315
1802,909757,3.041774,3.8221931
2011,909698,3.828584,3.71637
1020,910554,5.461106,4.8874154
1190,1240173,-2.870109,-1.7692599
1919,907289,1.211676,1.480612
1057,1290769,0.270394,-0.7687716
1048,909748,5.792764,4.8340697
1016,1290769,1.565562,1.833524
1507,1659823,5.933819,4.7983537
1736,908457,0.565909,3.2226403
1598,909263,5.866767,4.890893
2043,1659929,5.148958,4.8515563
1594,905962,3.749199,2.4130895
1507,907291,4.953515,4.638937
1010,907291,2.794363,2.2917614
1810,905937,-1.053472,-0.640876
1830,909698,2.656002,2.5791693
2010,910700,4.009472,4.232711
1054,1659823,4.027555,3.2887206
1564,910689,1.750931,2.0973299
1052,1659928,2.235046,2.323038
1786,905939,2.373154,2.8304515
1627,917486,3.269149,3.60212
1924,908457,1.835339,3.8660781
1050,908458,1.266474,2.682816
1034,909761,-1.284677,-2.2040563
1085,910905,4.141663,2.6422834
1831,909718,3.414818,3.9651427
1614,910905,4.899215,3.9014091
1911,1659928,-6.374064,-4.1071205
1621,907794,5.667719,4.1964827
1249,998189,3.376225,2.6859124
1068,1660036,3.095762,0.7472787
1060,910554,1.044392,1.3930547
1069,1290769,4.417044,4.077914
1373,1659823,5.174902,4.288461
1005,910700,4.274587,4.4372215
1835,1659928,2.230638,3.0866838
1030,905962,7.709581,4.898216
2039,905989,2.674559,3.1958113
1720,1674021,6.489336,4.0404944
1046,1659929,1.480964,1.8105608
1799,909698,5.561803,4.3097177
1634,1660035,4.058573,4.4787717
1627,908442,2.66944,3.2865312
1010,905939,4.976319,3.485526
1936,1290769,3.34663,3.0798945
1831,909757,4.440821,3.9846702
1032,1660035,2.141861,1.5788491
1089,905936,1.495253,4.0740957
2439,907287,9.254513,9.439016
1620,910905,6.771613,5.503536
1051,1660035,3.488502,1.5421357
1375,907289,6.467255,6.271886
1631,907794,3.238206,2.7144506
1779,909263,1.990781,1.7322322
1909,1290769,3.24719,3.010356
1997,908458,4.785736,3.9659505
1091,909755,3.39664,2.8561738
1613,1659929,0.980401,2.8783827
1084,907792,-1.682075,-1.4467382
1845,905962,2.234747,0.3570524
1088,1659929,1.631826,2.077121
1200,909746,3.340028,4.2245307
1927,910554,5.289684,4.611608
1581,917486,3.949237,2.6526256
1463,907795,4.485033,3.6069927
2499,998189,9.746839,9.798731
2040,908458,-1.954932,1.2641149
1007,909698,-5.625593,-3.75245
1032,909751,0.267445,1.2102156
1932,1240123,2.134725,2.3288755
2037,907287,4.136959,4.159149
2110,907790,1.82408,4.106641
1939,998189,4.484845,2.4361956
2177,998189,3.13692,1.8738034
1911,917486,-1.287556,-2.6392195
1093,907792,6.502568,4.7668133
1058,907291,0.520772,0.38746986
1373,907289,5.087527,4.286614
1922,909757,2.244238,2.3625119
1089,1660036,4.771177,4.705825
1067,909746,6.091467,5.5022154
1916,905962,5.087682,2.7334452
1827,909755,-1.454159,0.65328056
1549,1659823,3.63361,2.5133905
1084,907287,-2.503986,-1.2015436
1809,905937,-0.701242,-0.463273
1553,1660036,2.699955,2.9451334
1025,1659929,5.608537,5.0886636
1778,907795,1.406006,2.9746246
2172,905939,0.144812,2.8509398
1549,909755,3.94358,3.7462547
1179,1660034,0.54499,0.48321432
1581,907792,3.70197,3.3066976
1194,909751,3.386424,4.2702446
1817,909761,-3.728551,-4.435205
2156,1660034,2.518934,2.7475128
1720,909761,3.659228,3.8092787
2096,909718,-0.120049,1.851809
1564,905937,2.691425,2.254251
1170,905939,5.526902,3.978122
1259,1660034,2.352444,2.6526642
1917,909748,1.188592,2.515181
1815,917486,5.322006,5.693969
1179,1660035,0.850819,0.77887607
1816,1659928,3.268211,3.4448743
1237,909263,6.754059,6.006428
1996,1674021,3.736042,4.194355
1051,909757,-1.7772,1.6888919
1845,907794,1.334788,1.0209928
1852,908457,6.15097,5.606261
1014,1674021,1.354148,1.7732255
1910,1659928,1.795979,1.9782646
1083,908458,1.201659,2.7964509
1720,909263,6.661377,4.722331
1511,917486,2.553422,-0.15884131
1023,907792,4.980815,3.9738054
1576,1660036,3.159619,3.1278756
1019,909755,3.415131,3.722914
1043,907795,5.530851,5.338434
1925,1660035,5.958906,5.2849407
1529,1240173,-0.430516,0.5225475
2158,905937,3.326291,3.8067474
1630,909746,5.531488,4.1943717
1918,998189,3.388936,2.793134
1625,907289,5.660966,4.551519
1005,905936,2.666092,2.6490493
1563,907287,6.07819,6.220068
1778,909263,4.699016,4.1341343
1047,907287,6.176557,5.496744
1806,907795,2.352518,4.2388253
2438,909757,10.285607,10.475547
2107,907790,3.653817,4.8846216
1912,1660035,3.906148,2.5930276
1631,907289,3.240549,2.9443586
1175,909751,5.153565,4.095162
1510,908442,2.307983,3.8254933
1928,907790,6.092826,3.9054132
1507,907792,7.155737,5.507247
1613,908442,1.768866,2.4762287
1629,998189,5.892074,4.4420333
1512,909751,5.709971,5.259145
1830,998189,3.883644,2.5031443
1917,917486,2.565918,2.5465264
1598,905989,4.448583,4.301784
1928,909263,5.165796,4.9504237
1706,907790,0.984317,1.3587402
1068,909698,-0.985629,0.08230615
1549,1240173,5.344119,4.203811
1080,908457,-0.087432,-1.6954656
1941,907794,-3.033701,-3.8976388
1129,1659929,4.459986,3.5383666
1917,910905,4.066227,2.2740033
1924,910554,3.650361,3.0035415
2173,917486,4.376335,4.095056
1250,908442,3.758521,1.3942373
1057,908457,-1.829053,-0.8076045
1054,998189,1.889729,2.532577
1529,909718,0.121442,1.1680036
1580,910700,6.619482,5.0592623
1050,907794,3.920556,2.177843
1069,910554,3.315739,3.413125
1375,907794,6.883091,6.1693745
1239,905936,2.011276,1.6662633
1005,910905,5.895592,2.9827845
1626,910689,5.252535,3.7123861
1927,905962,6.931848,4.773523
1618,1240123,3.964667,3.317647
1557,907794,6.148585,4.575877
1598,905962,4.024059,4.2536664
1933,1290769,5.272738,5.192157
1613,907792,6.543818,4.383606
1927,910689,8.63601,5.312749
1810,1660034,2.507387,0.4426412
2170,907792,5.794777,4.0851054
1020,909718,5.625901,5.29567
1494,998189,-3.630851,-4.1996326
1050,909755,4.327892,3.9195023
1086,905989,-2.154204,-1.7194269
1786,1290769,6.126724,3.0793226
1862,907287,-1.492523,-0.98753947
1813,917486,5.762565,4.6259856
1005,1240123,3.870937,2.0242202
1736,909718,1.121732,2.6341674
1049,909757,4.598864,3.8776972
1855,910905,6.345184,4.7636075
2156,905939,2.261193,3.1831899
1249,909746,5.396238,3.9703183
1036,909751,5.072261,3.9356074
1578,908458,6.191612,4.7659545
1558,909718,2.587551,3.2377892
2154,909755,3.065559,3.2400808
1024,1674021,-0.583517,0.21202415
1778,1660036,1.597905,3.397045
1036,909761,4.489914,4.107778
1620,909718,5.633923,5.6549244
1831,909748,3.380863,3.857213
1931,907291,4.613751,5.155056
1912,909747,4.081136,3.739635
1549,905936,4.798694,3.4332278
1706,907794,-0.226272,1.2694315
1815,905937,5.768705,5.447134
1268,909755,5.481572,4.774198
1088,1660036,4.195045,2.6277726
1583,1240173,2.903551,2.8644006
1845,907287,0.349361,2.6776762
1463,909698,5.181852,3.3441937
1441,1660034,2.286124,1.8905287
1917,1660035,4.450707,2.0987217
1003,907790,-3.043928,-2.8040392
2172,909748,2.468549,2.6620982
1629,908458,4.888345,4.5756993
1175,910554,3.579262,3.779332
1021,905962,4.448863,2.6565242
1013,909748,3.418822,3.3092766
1910,909718,-0.291142,2.4263303
2438,905989,10.98095,10.331351
1061,909718,3.339398,4.58726
1852,1660035,5.442053,5.144858
1936,908458,1.005653,2.5605476
1003,907792,0.213907,-0.27267808
1563,909751,6.397821,5.7382126
1736,909757,3.794136,2.7015913
1621,909755,5.495188,5.1581354
1916,1674021,2.063312,3.2741258
1816,910689,7.039353,4.25047
2110,1660036,3.877913,4.5482264
1627,907795,3.152375,3.4435089
1021,905989,1.970573,2.6762443
1378,907287,5.711984,3.2910948
1908,909747,1.5528,1.5445251
1048,909757,5.820012,4.84074
1038,907794,4.518414,2.8474836
1827,910905,0.418754,0.621225
1079,909751,2.9011,0.8973591
2173,910700,4.346642,4.288862
1030,1240123,3.4424,4.7048073
1019,908442,1.972915,2.2792535
2499,908458,9.050849,9.92271
1825,907291,-2.019219,-1.4707298
1838,1240173,3.93213,3.9977677
1248,905936,-6.030702,-3.3955326
1911,910689,-1.452158,-1.7979717
1617,1674021,1.896157,2.3733678
1613,909761,4.458205,3.2716029
1817,1674021,-5.440136,-4.7348356
2109,909263,1.596047,3.4659395
1720,910700,4.777145,4.3609676
1069,909761,2.663493,3.822865
1463,910700,3.278261,4.0994816
1013,1659929,5.610411,2.968924
1062,907794,1.263838,2.701286
1626,1674021,2.464354,2.5452518
1047,909755,6.164361,5.7401752
1016,909698,0.99258,0.4039278
2159,909746,3.985233,4.3195877
2438,909746,11.487625,10.725517
1049,910700,4.178475,4.0656314
2055,910554,2.281835,1.2450055
1037,1659929,4.612354,2.5090773
1463,1660034,4.612223,3.5806131
1085,909718,2.258134,2.8208325
1782,1290769,5.586614,5.5961094
1581,905962,2.98844,2.1125016
1043,1240173,5.011727,5.608183
1019,905939,1.734969,2.9945624
1557,905962,6.252676,4.6602635
1720,909755,5.520358,4.8293896
1017,1659823,5.271323,4.213976
1620,1240173,5.428246,5.81073
2148,909746,1.418239,1.994657
1463,909746,5.08016,4.3800597
1024,909748,1.829665,0.4920938
1778,905937,2.104715,2.764496
1838,1674021,3.847017,3.966671
1810,907795,0.385878,0.6303065
1625,905962,6.172036,4.359113
1802,905939,5.245259,3.8835278
1618,1660035,3.436559,3.918346
1191,908458,-4.841193,-4.4350195
1029,1659928,5.387356,5.244236
2096,909757,1.4886,1.9475594
1194,907289,3.862626,4.229449
1016,909755,3.118327,2.6433952
1463,905989,5.733286,3.567379
1560,908442,0.412572,2.970836
1088,917486,5.499565,3.0155861
1939,909747,3.359891,3.7090597
1930,1674021,0.533298,0.54404074
1581,1660036,2.764185,2.7938519
1911,909698,-6.235093,-3.832519
1133,1240123,2.497707,3.210909
1936,907287,3.15999,3.1840706
1058,910689,5.515735,2.033178
1259,1240173,1.182935,2.4147134
1782,907795,4.503192,5.214295
1441,910700,1.162116,2.8947718
1813,1660035,6.680399,4.46527
1046,909747,4.540148,3.3786263
1190,1240123,-1.364587,-1.3676097
1043,909748,5.969805,5.380566
1778,905936,3.999627,2.8554304
1004,909718,-5.672442,-3.300703
1626,1660034,1.271452,2.1746936
2438,909747,12.618031,11.057685
1594,908458,3.687886,2.7007384
2148,909751,0.975212,1.4052265
1091,905937,1.876019,1.8763461
2010,905937,2.329624,3.2918606
1915,910905,4.262518,2.0276036
1626,1240173,4.814405,2.8445218
1086,908458,-1.643021,-0.6276681
2110,909757,4.796441,4.4869123
1613,907289,3.443179,2.7150629
1200,907287,3.621615,4.2907214
1928,909748,5.526322,4.34951
1069,907790,3.036925,3.5716982
1557,998189,5.458597,4.4945908
1073,907790,2.588446,4.078344
1192,907289,-0.571395,2.5441318
1845,907792,4.963919,2.7460341
1088,1290769,4.844685,3.8290784
1029,907790,5.971442,5.3817186
1194,905936,2.634821,4.192948
1494,909718,-6.146257,-3.4532852
1175,917486,4.440476,4.2152047
1813,905989,6.404547,4.140434
1915,909751,-1.049646,2.0300174
2438,907790,12.005652,10.199925
1852,909755,5.820473,5.558232
1031,905962,-1.893472,-1.7019281
1810,1660035,2.510515,0.09768659
1932,907790,2.85898,2.6125596
1617,909761,4.855809,2.2624059
1852,907794,5.697704,4.9259005
1559,1674021,-1.957118,-1.8571472
1778,909751,2.873693,2.99434
1614,909747,6.932449,4.917104
1200,910689,5.986684,4.25047
1997,909746,3.386899,4.4676867
2177,909748,2.730454,2.0712674
1005,909747,7.263085,4.9417562
1069,908458,4.476772,3.5637894
1086,909748,-0.383288,-0.41171414
2043,905937,4.532592,4.8385983
1259,917486,5.121282,3.4995933
2173,909263,4.498172,4.7014766
1068,910554,0.588361,0.0858686
1927,909757,6.228602,5.0187597
1939,1659928,3.878882,2.4275374
1563,908457,5.966409,6.299823
1033,910700,5.69558,5.068263
1939,1674021,3.315745,2.9761248
1912,909698,2.108387,2.2044387
1086,909755,-1.614638,1.1558247
2157,905989,5.332414,4.699287
1941,1240123,1.33697,-3.8769855
1038,1660036,2.378882,3.4328551
1024,907794,0.14208,-0.43513483
1131,1240173,4.742726,4.7917686
1615,908457,5.572452,5.619842
1091,905989,-2.780034,1.6209111
1932,909751,0.606149,2.7566504
1020,907794,6.012614,5.054578
2159,907790,1.705266,3.1962948
1936,1240173,2.315593,2.8999674
1926,910700,-0.750894,1.0890981
1615,910905,6.044496,5.0034113
2109,909757,1.775976,2.778711
1249,909698,1.927309,2.7604513
2158,909263,4.106396,4.997182
1378,907291,3.301847,1.4483701
1831,1240123,2.932715,3.542759
1557,907790,5.00959,4.588583
1926,1660036,1.138518,0.9445059
1053,905939,1.687354,3.4259982
1776,905937,4.879512,4.1347427
1199,905936,4.623309,3.8170702
1249,1660036,2.924954,3.605109
1617,1240173,2.001124,2.549993
1813,907790,5.013865,4.129385
1175,1660035,4.485547,4.2509017
1855,907289,5.499823,4.6762652
1813,910554,4.486574,3.9087367
1931,1660036,5.561106,5.6705036
1007,907291,-6.167117,-3.9668226
1581,1240123,2.271922,1.8670285
1067,905939,5.678599,5.2483006
1003,910554,-2.257335,-3.013451
1067,910689,8.236363,5.51227
1057,907287,-0.861216,-0.36498076
1053,909747,5.56484,4.1142473
1618,909757,4.483368,3.9189277
2046,909757,4.728782,3.276657
1007,907287,-4.174171,-1.3783171
1855,909263,6.402438,5.629006
1831,907792,4.198488,4.293688
1706,1659928,0.445643,0.75979555
1032,909757,1.990648,1.845751
1814,910554,5.940171,5.7511005
1563,909718,6.071579,5.8406487
1918,909746,5.911264,4.241325
1997,917486,2.96268,4.2141967
1025,909751,4.464423,5.213458
2154,907792,3.653788,3.188982
1622,905936,3.837368,4.318631
2039,909748,3.893003,3.3164246
1177,1660036,4.958269,4.493273
1401,1240173,2.50909,2.6739595
1020,1660036,5.696097,5.385128
1053,908457,2.585628,3.3173869
1080,909757,-3.614621,-2.6502697
1020,1290769,6.735236,5.53121
2106,910554,2.47058,2.3187099
1014,909698,1.07998,0.77864337
2096,1240123,1.272244,1.8896365
1004,1660034,-3.988554,-3.6638432
1852,910689,6.021607,5.4537487
1018,905962,7.489874,5.0004225
1845,910905,2.747977,1.6889827
1068,907795,0.52263,0.43846846
1615,1660036,4.746587,5.245142
1558,909751,1.163169,2.7872078
1632,907792,3.717662,4.4199533
1930,907794,0.404577,0.046298027
1449,909747,7.612001,6.044498
1008,905939,-1.300666,0.25832027
1931,909755,6.546641,6.2028522
1634,1659929,5.577011,4.219848
2044,908457,4.818102,4.073652
1855,909748,6.650914,4.99486
1916,905936,2.624801,2.5691128
2040,905962,0.28199,0.3716008
1939,909718,3.645197,2.8592465
1580,908457,5.575706,5.465215
1013,910700,2.484278,3.6480613
2048,905989,-5.058048,-3.5285168
1033,905962,6.606707,4.70894
1038,909755,4.912436,4.1957607
1372,908457,-3.846306,-0.23443192
1910,909757,1.574324,2.369288
1625,908458,5.71914,4.629842
1849,907794,-1.446314,-0.5373246
1913,907287,4.946324,5.1952276
1249,905937,2.087157,2.929213
2040,905936,0.576413,0.7006204
2055,905962,0.644468,1.1377323
1632,1240123,3.726212,3.1568174
1378,1660035,7.824048,2.025542
1922,909748,2.460887,2.3798308
1019,1660036,3.144623,2.963131
1916,909747,4.63689,4.1685004
1557,907792,6.706653,5.2583494
1133,1659928,3.910564,3.2800426
1005,1240173,2.344333,2.9447455
2177,909718,1.569169,2.1721087
1620,1660035,5.922277,5.6502132
1849,1660035,1.887408,-0.34297854
1634,909761,3.751834,4.441177
2438,910689,13.139117,10.770978
1093,909751,5.907458,4.124165
1194,1659928,1.694612,3.9257214
1249,907287,2.94621,4.0813923
1062,909755,2.072177,4.036295
1067,905936,5.2838,4.983951
2154,905939,3.585103,2.7925706
1019,908457,3.421427,3.303042
1911,909747,-1.591201,-1.6606445
1029,905939,7.551065,5.7528396
1054,907795,1.205295,3.2444782
1032,905939,1.930899,2.2227094
1580,998189,5.95897,4.64456
1804,910700,3.39443,3.7659135
1085,910689,5.45234,3.2857113
1199,907794,2.95006,3.7728152
1083,1240173,1.573142,2.9297225
1873,909751,0.422733,0.8500596
1720,910905,3.26046,3.7122066
1007,909263,-2.155911,-0.52740985
1825,1674021,-1.361619,-0.3400485
1578,998189,5.581708,4.6215096
1594,905936,2.472578,2.4089224
2154,907794,2.462043,2.4783318
1621,1660036,5.399105,4.5832973
1036,907291,4.639662,3.693432
1042,907794,6.149563,4.9244833
2111,917486,2.503301,4.198708
2439,909718,9.807066,9.167159
1632,907289,3.637364,3.5452747
2047,909748,0.759339,2.0358467
1830,909746,2.991171,3.1983113
1086,1659929,-3.499263,-1.4035211
1634,1240173,4.736447,4.632955
2046,908457,5.164995,3.9075847
1815,1659823,4.933335,5.5204077
1613,905989,1.421165,2.6270392
2148,909757,1.919544,1.5990942
2011,905939,2.637921,4.464473
1916,907792,5.488796,3.7253103
1629,909751,6.306221,4.628198
1915,917486,2.720753,3.0240154
1915,909698,3.349627,2.607388
1026,1659928,-1.801878,-0.5680899
1069,905962,3.082919,3.615924
1088,907792,5.478447,4.3313518
1441,917486,3.570378,2.5002668
1372,905962,-2.938904,-1.7579718
1932,909761,2.317778,2.9411592
2172,910905,3.655849,2.2726557
1043,907794,5.613885,5.2181263
1248,909698,-4.296488,-3.555316
1816,905937,3.349353,3.5829263
1052,1660034,2.851081,3.1222668
1825,907795,-1.02252,-0.27868623
1131,909751,2.996655,4.209961
2055,910905,2.660136,2.0663435
1529,905936,-1.859658,0.18059856
2047,905962,1.531278,1.0958067
1594,1290769,3.986088,3.1445928
1018,917486,5.224646,5.2471313
1441,907289,2.529098,2.0639503
1615,909757,6.037017,5.1886187
1627,905989,2.611806,3.3885083
1054,1290769,4.406674,3.9868636
1048,910905,8.60042,4.617826
2110,909748,3.74824,4.460726
1026,909757,-0.782926,0.15928239
1259,909761,2.738866,2.796084
2499,907291,9.129149,9.793719
1029,1240123,5.359763,5.1811843
1378,1674021,3.691268,2.3009346
1563,1660035,5.956346,5.8629727
2048,907291,-5.04977,-3.9833908
1580,909751,3.689869,4.862511
2039,907794,4.700863,3.1261535
1924,1659929,3.125336,3.2856443
1620,908457,5.701351,6.1160555
1939,907794,2.39102,2.6063602
1621,908458,6.037712,4.3087635
1827,908458,0.92845,0.41792592
1916,908458,1.986487,3.3033397
1378,909761,5.595911,2.3320975
1928,908458,5.847344,4.194587
2173,910689,6.054747,4.5868754
1583,1660035,2.799462,2.7272072
2172,998189,2.773431,1.1901288
1199,907291,4.153573,3.7001457
1086,905939,-3.824474,-0.16815704
1922,910554,2.530922,1.7966446
1618,1659928,4.143253,3.4043064
1008,1659928,-3.380421,-0.84637326
1617,910700,4.722755,2.8444448
2156,909755,3.847486,3.9126437
1808,905989,0.627761,-0.5064122
2499,905937,9.773736,9.8701315
1046,908458,2.941188,2.1773486
1401,1660036,2.904473,2.814451
2173,1659929,2.856939,3.8605537
2045,909748,5.913912,4.8642783
1010,1660034,4.127668,2.0013652
1170,907289,4.195869,3.5501602
1024,910905,0.033216,0.25638336
1919,998189,1.856695,1.6120815
1838,910700,4.315364,3.8596644
1191,907287,-4.018441,-3.9295163
1786,1659823,4.082389,2.5038176
1012,909263,0.878024,2.6221418
1180,909698,-3.671847,-2.9210775
1012,910905,2.305887,1.7598884
1782,905989,5.349982,5.2003927
1918,907287,3.000118,4.1009307
2157,1660035,5.747821,4.8781934
1936,909748,3.633909,2.7007394
1622,909755,5.260648,4.9721084
1634,998189,5.771935,4.086612
2157,905962,6.717449,4.602707
1843,910689,4.039025,2.000429
1003,909757,-2.162355,-2.2467623
1560,910689,6.916974,4.1372547
1561,905939,0.074411,2.7836604
1930,907289,1.252157,0.14575094
1017,907794,6.454397,4.1556745
1011,910700,1.303401,2.5925539
1494,910905,-0.919123,-3.4698443
1806,909748,4.174913,4.555727
1624,1659928,1.941803,2.5309842
2154,1240123,1.781019,2.2696433
1029,909748,5.856877,5.624928
1259,905937,2.927918,2.0754857
2048,909757,-4.22015,-2.6997454
1830,907289,2.321161,2.7018561
1046,905937,1.075079,1.3900557
1625,1659929,4.533625,4.441199
1053,905989,2.671406,2.5553117
1020,909755,5.520648,5.894057
1441,1660036,2.524522,2.6128976
2055,907794,1.655304,1.5836537
1627,998189,3.847241,3.1396685
1016,910554,2.578328,0.2992475
1835,910700,4.095672,4.0551167
2177,908457,2.703819,2.5785382
1908,905989,0.610074,1.7962525
2157,910905,4.939977,4.7118797
2359,910905,5.584101,5.243207
1835,1660036,4.932579,3.8920717
1853,910905,5.020866,4.347388
2148,1660034,1.661555,1.2672945
1026,905989,-1.562949,-0.20660394
1706,910700,2.349256,2.817534
1373,909263,4.809921,5.0883245
1029,908457,6.609351,6.1208615
1038,907795,3.19025,3.043547
1006,909746,4.478049,2.6795115
1011,998189,2.673617,1.5088685
2037,909761,5.804597,3.5705447
1561,907792,1.234335,2.5453598
1779,909748,1.217315,0.7888386
2038,909751,5.167558,4.116497
1618,998189,5.659524,3.3770015
1916,907287,2.106073,3.8671618
1025,907795,3.047829,5.2256513
1131,909746,6.958236,5.183558
1037,907289,2.543786,2.5746481
1720,910554,3.336398,3.0732002
1019,905937,1.409296,2.2942057
1843,1240173,-0.869931,-1.0730298
1631,908442,3.658346,2.6775908
1809,909263,2.166648,2.5208242
1529,909698,-1.952465,-0.6086194
1720,910689,8.269294,4.6096168
1634,907287,3.319348,4.8635783
1838,907792,3.926505,4.2394776
2055,907795,0.646246,1.9688089
1180,910554,-2.195209,-2.9804022
1830,1660036,2.777556,2.8525488
2109,917486,2.364007,2.764821
2499,907790,9.199778,9.88195
1011,905989,2.359663,2.030518
1249,909757,3.577023,3.4564667
1631,1240173,4.417769,3.5937266
1706,909718,3.268314,2.0076878
2096,1660036,2.56862,2.628524
1511,909757,1.972611,-0.6786981
1849,907790,-1.570267,-0.6240563
1558,908442,-1.178017,2.6438603
2157,917486,4.738297,4.856547
1816,909757,6.009262,3.8911867
2048,908442,-4.318317,-3.579525
1847,907795,2.479972,3.752012
1013,905936,2.449823,2.9601755
1843,905939,-1.45144,0.7204757
1615,909698,4.832283,4.795727
1080,907289,-2.76576,-3.267643
1024,910554,0.743504,-0.78194934
1631,1660035,3.805668,3.238606
1799,909748,5.804175,4.6897683
1847,910700,5.173049,5.197155
1058,1660036,1.870063,1.4149835
1036,908458,4.611707,4.100064
1069,908442,4.236742,3.5648577
2174,1660036,2.463205,2.5819154
1093,910554,4.84199,3.8820686
1816,998189,5.24897,3.454084
1494,909698,-4.241241,-4.369998
2498,907795,7.897742,7.91912
1025,1660036,5.753005,5.392079
1581,907287,1.40149,3.2790003
1177,910689,8.095154,4.997012
1853,910689,4.44926,4.724633
1029,910905,5.783897,5.537512
1615,910700,6.349722,5.2663484
1089,910700,2.920794,5.2014613
1494,908458,-2.325779,-3.4126902
2044,907794,3.710145,3.181789
1023,1659929,3.996525,3.2633953
2173,910554,4.699883,3.7024732
2011,1674021,5.053978,4.4226923
2359,909746,6.273678,5.699392
1062,909263,2.05849,1.8511833
2110,905962,4.245218,4.070391
1038,1660035,2.97858,3.3389263
2177,907794,2.740615,1.9811382
1013,1290769,4.338089,3.6544433
1593,910700,2.974716,2.7253492
2047,905939,0.1801,1.8328042
1940,909263,3.694004,4.403706
2038,1660034,3.474647,4.1169667
1634,905962,4.678336,4.2113104
1593,905936,1.244602,2.103215
1802,1240123,3.443538,3.3274465
1029,909757,6.023498,5.6768312
1621,908457,6.092747,4.978264
1199,1290769,4.242794,4.3674383
1635,909747,6.407276,6.099332
1012,905937,1.876399,1.6217747
1815,909755,5.441566,6.163457
1917,908442,1.335902,1.484111
1909,910700,3.120296,2.8538482
1932,908458,1.923694,2.9154344
1449,1290769,6.931811,5.6028323
1512,1290769,5.19055,5.6507382
1911,910905,-2.652503,-3.3146782
1036,1240173,2.193347,4.387812
1928,909718,4.360513,4.2619452
1576,907794,3.869185,2.8698134
1017,1240173,3.732284,4.60859
1631,1660034,4.090915,2.9496138
1560,909751,1.954087,3.1907744
1926,909698,2.631038,0.32944196
1085,905936,2.268594,2.5763931
1615,907795,4.953273,4.9929943
1927,909718,4.068867,4.9942603
1034,905962,-2.807406,-2.5064607
1630,905962,4.607786,3.3637357
1243,1660036,4.517157,2.6289756
1922,1674021,2.63,2.383936
1808,908457,3.976286,0.5942689
1083,909761,2.855621,2.69052
2038,1659928,3.229498,3.6711934
1067,1660034,5.33159,4.9913588
1613,905939,0.502405,3.7328532
1016,910905,3.284047,1.0743898
1068,1240123,0.32775,0.06539279
1827,907792,0.808386,0.7832448
1852,1240123,5.272875,4.739006
1835,909746,5.458216,4.2406077
2037,910905,5.375911,3.468708
1378,905936,2.578185,1.8272345
1635,905989,5.679327,5.2856197
1250,909755,4.403614,3.5070586
2172,909757,2.714461,2.302983
1059,907291,-0.213791,-0.68873924
2157,907790,3.58459,4.5931344
2111,909761,3.729594,4.0624776
1010,1674021,3.310332,3.0634484
1580,909698,4.149242,4.6740527
1200,909263,3.878112,4.417047
2157,905936,4.515111,4.653087
1401,907291,0.883383,1.3084587
1441,905939,2.114677,2.8121636
1248,917486,-3.221828,-2.660822
1629,905939,4.083907,4.8278637
1025,905962,7.48839,5.08984
1017,909761,5.165634,4.4086843
1022,907790,-1.440508,-0.3891899
2158,905989,4.493285,3.9522252
2158,998189,5.395855,3.5933933
1778,905989,0.939248,3.0148156
1854,907289,4.248371,4.708578
1060,1659928,0.128033,1.7192359
1016,909748,3.675888,1.7965255
1862,1290769,-2.075072,-1.0501249
1624,905936,3.656535,2.765425
1855,909718,4.767504,4.908628
1086,908457,0.665052,0.1128698
1782,905939,6.516947,5.443671
1924,907291,1.878521,2.7072144
1073,908458,6.015067,4.608727
1941,917486,-0.940658,-3.458847
1996,910905,5.051812,3.9251928
1627,905936,2.610105,3.3283398
2040,909718,-0.517976,1.5148734
1813,1659823,5.924611,4.3565497
1008,907794,-2.216081,-0.45666283
1085,909746,4.043451,3.1973522
1372,907794,-3.515372,-0.42576927
1578,909263,5.496567,5.435908
1012,909747,2.910549,2.7053192
1626,909751,1.303717,2.1291115
1017,908457,5.657217,4.983715
1622,907792,6.770567,4.9243793
1811,907794,-4.297402,-3.664832
1631,909751,2.966663,2.9573896
1047,910700,6.192015,5.200857
1922,907291,1.899506,1.8370433
2107,1660034,5.061812,4.9839916
1180,909751,-2.009304,-2.6956024
1561,910905,0.340413,1.8065345
1032,909698,1.63284,2.0181792
1559,908458,-1.806566,-1.5600314
2439,910905,10.015625,9.017959
1091,917486,2.063221,1.559572
2048,998189,-2.7206,-3.7669182
1091,909718,-0.525733,1.5559785
1085,909747,4.895247,3.6444316
1635,907287,3.759815,5.768612
1720,917486,5.689296,4.01145
1054,909755,4.903865,4.6789827
1815,909263,5.930773,6.172357
1614,910689,7.300344,4.595349
1020,1659929,5.610411,5.050015
1941,909751,-2.760307,-4.0077257
1624,917486,5.526042,3.4681835
1825,908458,-0.725117,-0.13813919
2106,1674021,2.154803,3.090321
1049,909748,3.853463,3.9228477
1626,909748,4.279415,2.8316734
2040,908442,1.061255,0.4929668
2044,1674021,3.06333,3.6936054
1808,905936,-0.012315,-0.52858955
1838,909757,4.187871,3.8923721
1598,905936,3.654696,4.281527
1558,908458,5.366651,3.8122826
1042,908457,5.896035,5.604326
1706,998189,1.393687,0.8065116
1023,905989,0.071748,3.3636305
1086,998189,-1.03988,-1.9837866
1853,905939,4.817591,4.5746226
1175,907291,3.445064,3.8254592
1922,907790,1.319057,1.9449117
1782,910689,7.39398,5.7466183
1018,1240123,4.729694,4.819906
1200,909757,4.296694,3.8911867
1014,907794,-0.020827,1.6400797
1778,907794,1.800434,2.7508724
1625,909755,5.789171,5.455636
1558,905939,2.203907,3.8598876
1268,1660035,5.1673,4.2664976
1048,909718,6.697668,4.7663193
1936,905962,4.917558,2.485371
1564,909263,0.448657,0.9228002
1199,1660035,4.895509,4.0912123
1372,908458,-2.058839,0.45696718
1052,907792,5.902636,4.57465
1803,910554,1.784369,4.02687
1177,908458,5.649971,4.15146
1034,910554,-2.35079,-2.7809055
2438,905962,9.260784,10.15896
1049,907289,4.70919,3.6501217
1838,1660034,2.409091,3.6283429
1052,907795,2.571684,3.2026591
2499,908457,9.459145,10.555031
1200,909761,2.819474,3.8197997
1039,905962,5.850967,4.956758
1069,909748,4.098179,3.699366
1736,1660034,2.358074,2.9919083
1096,1660036,3.870649,2.5878997
1941,908457,-5.757026,-3.6149688
1803,910689,7.28702,4.290566
1010,909755,3.771962,3.7407882
1598,907794,5.175119,4.23084
1011,1660035,3.346554,2.4862082
2045,910905,5.988142,4.674264
1736,910700,2.935946,2.857132
1022,910689,5.075425,1.3107488
1507,907794,6.193738,4.7597537
1038,909751,2.738358,3.0356855
1026,905936,-0.361401,-0.52653116
2111,909263,6.291313,5.0398264
1931,909747,8.297374,6.3081985
1030,909263,5.936852,5.7174935
1618,909755,4.783418,4.617514
1375,909263,8.222154,6.930587
1032,905962,2.078062,2.2182956
1614,1659928,3.908295,3.5812354
2148,1659928,0.416552,1.0016793
1042,907287,5.299016,5.52514
1621,908442,5.480304,4.1522093
1058,998189,0.950512,0.8762057
1931,909748,6.025318,5.5461054
1635,910905,6.299626,5.2699656
1621,909746,5.859765,4.8840103
1557,1660035,5.579523,4.868319
1006,909748,1.444064,1.8833475
1615,907291,4.695938,4.800764
2010,910905,3.606495,3.6553464
1576,910689,5.658206,3.4752235
2107,1290769,5.251017,5.399832
1615,907287,4.945162,5.6442347
1557,1290769,6.768953,5.1467896
1806,909755,6.729668,5.7112565
1085,1674021,2.525089,2.9421158
1615,907289,5.244758,5.0066524
1268,907795,4.564638,4.157167
1131,1659929,4.170592,4.1254244
1010,910700,3.963937,2.9612002
1079,909746,2.090482,2.377746
1059,909757,-1.32018,0.20047516
1494,910700,-1.568684,-2.0361648
2047,908457,0.520472,2.316507
1401,909718,3.409637,2.3899903
1068,907790,-0.092062,0.15115231
1050,908457,2.470721,3.4371982
1014,905962,-1.124333,0.83242726
1847,909263,4.515754,5.56808
1529,905939,0.831622,1.6902304
1614,909757,5.864205,4.125701
1080,1240123,-1.546459,-3.4842153
2172,909755,4.292365,3.8602133
1862,909746,-0.525079,-1.036016
1630,909263,4.149753,4.3506646
1179,909751,0.306726,0.28252357
1706,909755,2.753506,3.40238
1853,908442,4.403395,4.3303633
1510,905939,2.056222,4.2207723
1031,1660036,1.008566,-0.8099392
1084,905989,-3.309932,-2.2657247
2106,907792,2.855244,3.554638
1831,910554,3.189536,3.5539215
2177,910700,3.496145,2.1504319
2173,998189,3.724079,3.6720955
1072,908457,5.680037,5.3503675
1831,910905,3.880645,3.7827551
2175,905962,7.884993,4.449244
1786,1660035,2.914486,2.746407
1032,908457,1.350768,1.9286067
1812,907291,2.190248,1.4483701
1083,1674021,2.32238,2.8130982
2057,907291,3.682048,4.5674667
1068,909755,1.268665,1.3320491
1855,907794,4.531044,4.536618
1510,910689,6.474739,4.5232997
1080,907794,-2.665902,-3.2481384
2107,909718,5.690884,5.1424665
1249,1674021,3.138995,3.562904
1089,909757,3.148365,4.3707533
1268,910689,6.352567,4.6223783
1024,1660034,-0.11821,-0.10307586
1560,909755,5.354376,4.5530124
1047,909746,5.534748,5.390238
1622,910905,5.090674,4.3616056
1023,909747,6.073973,4.2818203
1042,910700,5.701913,5.2075434
2046,905939,2.471257,3.559843
1020,907795,5.495238,5.151183
1835,1240123,3.034622,2.993197
1194,909761,2.892883,4.362259
1626,908442,1.210577,1.6750917
1053,909755,4.123839,4.184227
1038,910905,3.53488,3.105155
1006,909747,5.964405,3.7394545
1635,908458,6.076674,5.2467346
2499,910700,10.122919,10.070931
2038,909748,4.99399,4.388796
1003,1660036,0.073547,-1.954731
1248,909748,-2.741549,-2.8212147
1086,909757,-3.202634,-0.76951927
1237,907287,5.808735,5.8973637
1048,909751,5.183703,4.5848722
2055,909755,2.417214,3.320488
1564,907792,2.138984,2.2427852
1593,909698,3.369296,1.7035813
1831,909746,4.200611,4.2243724
1563,909748,6.307159,5.7872734
1006,998189,0.922659,0.95136636
1932,907291,2.567307,2.4348977
1079,905939,1.917509,1.9635258
1449,905939,5.906472,5.422965
1627,910700,4.667584,3.8194687
1873,909757,0.987016,1.4154558
1624,905989,1.92165,2.9063072
1026,907792,1.088212,0.54494286
1576,1240173,3.097776,3.251335
1564,905936,-1.230716,1.4614022
2039,907291,2.746756,2.9932146
1175,909748,4.159415,4.1848845
1915,1290769,4.218501,3.2707963
1177,1660035,5.176304,4.256213
1634,910689,7.988708,4.8317623
1561,1659823,2.422493,1.7683432
1927,909761,4.043787,4.9908295
1378,909747,7.724715,4.279518
2359,998189,6.139293,4.95289
1578,910689,7.783956,5.2921724
2010,917486,3.25928,3.7940826
1632,907795,1.616959,3.5692935
1512,909748,5.876766,5.3331857
2159,908457,4.71768,4.269222
1025,1290769,6.474234,5.591856
1372,905936,-3.270858,-1.3032846
1559,910905,3.588731,-1.8635211
1825,907794,-0.737028,-0.94036525
1582,909757,4.439336,4.5857286
1032,910689,3.146964,2.13776
1564,909755,1.217446,3.0754
1022,910905,-0.83687,0.17628759
1003,1290769,-1.963383,-0.62848777
1131,907287,5.623792,5.2987056
1034,910905,-1.878374,-2.4041896
1033,909747,7.354023,5.6906633
1786,910689,5.732473,3.1733747
1199,1240123,2.683007,3.6124117
1069,910905,2.799376,3.6399403
1512,907287,6.000739,5.766202
1996,1240173,2.102036,4.225534
1050,907795,1.746415,2.5222173
2111,907792,6.903926,5.0302286
1631,905962,3.525232,2.6873395
2040,1240123,1.551043,0.3161236
1017,917486,4.713315,4.4371095
1622,1659929,5.596185,4.253596
1916,910905,2.130631,2.8384376
1997,907287,5.40238,4.53606
1012,905962,0.995005,1.3272148
1825,909698,-1.571617,-1.227849
1806,909263,7.365415,5.573697
1054,917486,3.314768,3.612248
1782,905936,5.359947,5.139906
1033,907790,4.561172,4.7249455
2038,909757,4.127082,4.3439813
1919,908442,-0.998904,1.3526708
1553,907795,1.288819,2.5184314
1180,908442,-3.676179,-2.9044561
1778,910689,6.848706,3.9422326
2107,909748,5.893379,5.144419
1852,907790,5.57786,4.9155326
1909,909718,1.238644,2.520137
2173,905939,3.33532,4.2529955
1463,909757,5.852468,3.8910928
1463,908458,-1.699144,3.79485
1060,905937,1.125932,1.459445
1168,1660036,4.153104,2.3400013
1811,907291,-3.597157,-4.09969
1817,1659928,-6.617621,-5.2115316
1032,1659929,2.220133,1.424156
1819,910905,1.21463,-2.908163
2109,905936,2.51602,2.441973
2154,907795,2.116651,2.598184
1909,905936,1.641371,2.5325582
2044,1290769,6.608672,3.869156
1011,1674021,3.197581,2.599405
1200,1674021,3.761989,3.9833155
2359,905936,5.318907,5.139906
2156,1290769,3.19708,3.3755143
1012,909698,2.082971,1.2606051
2177,909698,2.235684,1.9864249
1023,907289,3.739283,3.381601
1093,1660035,4.288869,4.2977757
1593,1660036,2.841805,2.5357676
1069,1660034,3.669686,3.5680137
2044,909751,2.296632,3.3284807
1073,907289,3.934888,4.1159167
2039,907790,3.296184,3.1054769
1849,1659823,0.25303,-0.5989366
1133,908457,4.969418,4.4096193
1926,1659928,0.693301,-0.017934144
1736,909748,2.233462,2.9063134
1093,907289,4.267329,4.1274056
1373,908442,3.035176,4.1385236
1561,907289,2.491481,1.9353414
1583,909746,3.529832,3.0581832
1736,907289,5.141486,2.9412084
1030,907291,4.974142,4.8448215
1510,907289,2.739788,3.9544587
1042,1290769,6.527811,5.3880663
2044,908458,4.534882,3.4562194
1916,909718,2.968875,2.9265904
2040,1674021,1.633963,1.4647298
1779,907790,1.488939,0.47401386
1029,1240173,5.479571,5.8228683
1372,1290769,-4.97347,-3.1297932
1190,909718,-3.43303,-0.18531805
1799,909718,4.011195,4.20746
1038,905989,2.996415,2.9961395
1026,905937,-0.696581,-0.5080103
1813,907287,6.713873,5.177509
1084,908458,-0.04186,-1.7289054
2111,907790,1.54273,3.6367557
1199,1240173,3.684402,4.2661066
1831,908457,5.471851,4.3917427
2170,905937,1.814478,2.9020689
1804,910689,5.628744,4.290566
1199,909747,5.757313,4.8609014
1578,1240173,4.484085,5.121756
2177,907790,2.346819,1.966491
1930,1660035,4.918197,0.50290203
1043,905939,6.24599,5.4988565
1910,910905,2.266203,2.2144277
1812,909755,3.14806,4.2910376
2171,910689,3.607885,3.5377817
1190,905939,-0.602348,0.43235722
1512,1660034,4.608412,5.2084117
1631,909263,3.864291,4.165332
2173,1290769,3.863165,4.3828654
1813,905937,4.92517,4.0157657
1812,908458,3.265226,2.4850383
1024,907291,-1.326068,-1.0127892
1778,917486,4.492476,3.4691803
1917,1240173,1.297701,2.5252786
1831,905936,3.411169,3.7686791
1786,907794,4.553753,2.4655914
1862,909761,-0.573442,-1.158665
2109,908457,2.38234,3.2171352
1549,909747,4.589452,5.156124
1013,909747,5.502259,4.220608
1811,910905,-0.925743,-3.3146782
1557,905989,5.693402,4.688215
1200,1660036,3.432935,3.927166
2037,909751,5.94674,3.4278617
1180,907795,-2.884994,-2.2433522
1806,909751,3.368478,4.297704
1025,917486,6.000177,5.3331356
1553,1660034,2.835317,2.168059
1830,909747,5.530736,3.5758996
1594,909698,2.962766,2.3316128
1620,908442,5.76521,5.42539
1809,1660034,3.519511,0.6295351
1620,907289,4.957389,5.5253377
1375,909747,7.450541,7.1525545
1050,909747,4.476648,3.9749517
2039,1290769,4.147919,3.6735947
1625,1659928,3.751649,4.2711625
1930,909761,0.869305,0.49658364
1019,909757,3.587636,2.8384047
1031,907289,1.194683,-1.7119422
2158,1660035,4.842338,4.3090434
2110,1240173,3.807499,4.61495
1373,1660034,4.736908,4.2674747
1827,909751,1.407122,0.6035616
1019,905962,4.925757,2.2751806
1372,910905,-2.635212,-0.36946183
1918,1660034,2.897189,2.450235
1058,1660034,1.08013,0.7215204
1032,910554,0.366177,1.3789215
1131,909757,6.931823,4.4640884
1615,1660035,6.072271,5.1934443
1831,909263,5.085757,4.4271016
1910,1240173,0.42783,2.8932235
1053,907790,0.124024,2.5700192
1049,910689,6.98984,4.373599
1059,909263,1.776808,0.89414763
1916,909757,2.326833,3.1392236
1072,1290769,5.762309,5.120104
1190,909698,-3.360928,-1.890178
1918,917486,5.447107,3.7395155
1799,909746,5.320012,5.059754
1927,909263,6.580725,5.4650087
1014,907790,0.061322,1.4565861
1626,909698,0.744684,1.4564159
1003,907289,-1.348443,-2.8784013
1838,909747,4.90737,4.561962
1021,1659929,5.396793,2.7735238
2154,909761,3.428421,2.704786
1813,907291,3.252464,3.8054872
1085,908442,2.499645,2.427065
1052,1240173,4.761782,3.599431
1915,907790,1.433445,2.4299507
2106,917486,3.620943,3.133754
1614,1660036,5.18536,4.2034354
1036,1674021,3.110122,4.3028154
1560,907792,4.20345,4.040696
1010,909698,3.697592,3.2582123
1043,907291,5.252443,5.115401
1925,909751,4.547804,5.1078076
1006,909757,2.21274,1.7405908
1017,1660034,4.193576,4.251505
1010,907790,1.616146,2.939939
1096,905962,2.021774,1.3455462
1925,905989,5.165526,5.14513
1843,909755,4.59714,2.1121624
2047,905937,3.152204,2.3092494
1529,1660036,-0.846303,1.6539984
1624,910700,3.845699,4.0157876
1617,909748,-0.425104,2.4658163
1854,905939,4.471427,4.9174747
1853,1659823,3.85243,4.2524796
1786,998189,5.327839,2.276853
2045,909751,5.144629,4.638492
1026,998189,-0.550611,-0.32843238
1494,909751,-5.704583,-3.7121916
1199,908457,3.467901,4.546358
1583,910689,4.107451,3.0842242
1093,905939,4.939053,4.3772526
1632,908442,1.737859,3.3689547
1625,905936,5.299425,4.4127765
1593,910554,2.318848,1.6963208
1918,909761,3.017584,3.5130982
1819,909698,-4.800991,-3.75245
1080,908458,-0.798645,-2.54105
1529,907790,1.104276,0.4338505
1918,1240123,3.159953,2.7956944
1830,909761,1.15548,2.872368
1804,909761,2.223292,4.7736998
1598,1660034,3.634371,4.2247524
1180,907289,-1.83263,-2.740889
1080,1659928,-4.158845,-3.832065
1054,907792,5.319474,4.4469175
1021,909747,6.228971,4.1531343
2499,909263,10.125023,10.465705
1629,907289,3.520156,4.659581
1085,908457,3.14519,3.3102226
1168,910689,3.076024,3.3251762
1093,908442,5.011575,4.014875
1375,909748,6.754949,6.3863416
1996,907291,4.148525,3.6860225
1580,907287,3.646977,5.3917704
1018,909263,6.084971,5.76227
1853,917486,4.921884,4.5231004
1051,1659823,1.669513,1.4282036
1614,909263,5.844478,4.70425
1635,909755,5.130181,5.8385644
1909,908442,2.380413,1.8891935
1052,1660036,3.47629,3.6977215
1927,905936,4.904658,4.776853
1928,1660034,4.736854,4.0226626
1010,905936,2.893651,3.1781836
1237,907291,4.937681,5.2502713
1804,905937,3.890947,4.114189
1179,1659823,0.030534,0.16868609
1812,998189,2.646713,1.5408503
1553,1674021,1.793771,3.090321
1582,909761,4.835041,4.5539765
1057,909747,1.205163,-0.13301152
1825,909757,1.686051,-0.14364523
1812,907794,4.056629,1.8720833
1838,909751,1.791953,3.7025506
1036,998189,6.189868,3.6090233
1512,907289,5.405781,5.2776356
1190,905936,-2.15085,-1.053647
2156,905989,2.251582,2.6150074
1022,1659928,0.484928,-0.74594563
1831,910689,3.799211,4.2316275
1913,998189,5.435908,4.5048156
1922,909718,2.527856,2.2758157
1931,905989,5.763567,5.382466
1091,909263,3.046988,2.1377535
2171,1660034,1.008732,2.2028086
1005,1660035,5.764587,2.7879796
1006,905937,0.83866,1.0073341
1817,907287,-5.144224,-4.0999475
1180,909718,2.04059,-2.2902002
1038,910554,2.999045,2.7773025
1853,1659928,3.886348,4.0978947
1042,909755,6.141468,5.620883
1634,910905,5.165143,4.3269715
1625,909751,3.811564,4.505262
1558,907792,4.365115,3.628695
1549,1674021,5.713238,3.1635504
1512,910905,5.963436,5.2561345
1083,1660034,1.691177,2.4477177
1804,1659823,4.644808,3.4059496
2158,908458,4.224659,4.1839204
1190,908457,1.810777,0.28454214
1512,909698,4.68899,5.084598
1042,998189,6.156403,4.778059
1004,908457,-0.699311,-2.1446986
1038,1240123,1.439132,2.6042001
1017,909755,4.768,5.066438
1918,905962,5.080266,3.276212
1802,909748,4.210153,3.7606199
1624,1290769,3.150506,3.8804848
1190,909748,3.515624,-0.03419012
1910,1660035,3.989244,2.6085665
2107,909755,6.144812,5.7455473
1847,907790,2.034265,3.3569615
1018,1659929,5.609528,5.017064
1813,909747,7.241335,5.518198
1004,909747,0.761887,-0.69945663
1786,908457,3.633466,3.2157257
1042,905989,3.587609,4.988216
1939,907790,5.831207,2.566673
1779,907795,0.879465,0.69609416
1179,1660036,1.492106,1.3287745
1038,998189,2.793328,2.6611004
1578,909751,5.479155,4.8382883
1048,908442,5.638807,4.471383
2011,907790,3.87255,3.875221
1581,908457,2.348431,3.1350646
1054,1674021,3.583586,3.6492267
1069,905937,5.229339,3.5537868
1190,909751,-1.903365,-0.48813123
1022,917486,1.717717,0.6108066
1003,905962,-3.182662,-2.899896
1047,908457,7.242708,5.4749746
1133,998189,3.465775,3.2624657
1621,907792,7.139426,5.0811853
1847,998189,2.589556,2.9374545
1632,998189,4.204236,3.2017527
1243,1659929,3.580807,2.2283301
1808,907289,1.366055,-0.516843
1080,910905,-1.916982,-2.8107643
2010,909747,6.562665,4.8171525
1068,905939,-1.828959,0.7436238
2055,910689,3.173883,3.0523562
1375,909718,3.984188,6.419669
1024,907287,2.77271,1.1843836
1502,905962,5.257587,4.8677163
2010,909757,3.403857,3.8342
1034,907287,-1.988724,-1.7123904
1873,1240123,0.677345,0.45080516
1200,905939,3.64613,3.952608
1054,909751,1.873141,3.2417333
1057,905989,-2.390784,-1.4011335
1048,907792,6.77738,5.371208
1855,910554,3.867276,4.37438
2106,909755,5.483802,4.132106
2171,1240173,0.730618,2.6104696
1179,1290769,0.637727,1.365518
1067,1240123,4.592357,4.7717514
1177,907792,6.500389,5.125626
2173,1240173,4.629163,4.2974577
1810,907289,1.926313,-0.16886991
1617,905936,1.946433,1.6090453
1194,907795,1.328769,4.259445
1036,909698,2.944183,3.6971238
1626,1659823,2.577739,2.2162352
1576,1240123,2.852318,2.6583784
1776,908457,5.34554,4.8759003
1831,905937,4.115136,3.685395
1580,907794,5.682622,4.7738485
1067,907795,5.686668,5.085596
1017,909718,1.828192,4.421655
1091,910554,2.510149,1.9070365
1854,1659823,5.478914,4.6231723
1845,1240173,-0.076603,1.4125102
1919,905939,2.306402,1.9634097
1583,1290769,2.676304,3.022378
1811,909698,-4.19054,-3.832519
1020,909698,4.797965,4.9189186
